dataset,protocol,subject,direction,recording_id,method,true_label,p0,p1,pred_label,correct,n_windows,ensemble_size
openbci,cross_task,1,arithmetic_to_stroop,stroop:s01:r1,always_fuse,0.0,0.4659149702507813,0.5340850297492187,1.0,0.0,148.0,5.0
openbci,cross_task,1,arithmetic_to_stroop,stroop:s01:r1,always_nn,0.0,0.10656608926397206,0.8934339107360278,1.0,0.0,148.0,5.0
openbci,cross_task,1,arithmetic_to_stroop,stroop:s01:r1,extra_trees,0.0,0.3212738250500092,0.6787261749499909,1.0,0.0,148.0,5.0
openbci,cross_task,1,arithmetic_to_stroop,stroop:s01:r1,rf,0.0,0.376552032797234,0.623447967202766,1.0,0.0,148.0,5.0
openbci,cross_task,1,arithmetic_to_stroop,stroop:s01:r2,always_fuse,1.0,0.5745304481201234,0.42546955187987656,0.0,0.0,139.0,5.0
openbci,cross_task,1,arithmetic_to_stroop,stroop:s01:r2,always_nn,1.0,0.9576358926989837,0.04236410730101633,0.0,0.0,139.0,5.0
openbci,cross_task,1,arithmetic_to_stroop,stroop:s01:r2,extra_trees,1.0,0.4127498961107865,0.5872501038892135,1.0,1.0,139.0,5.0
openbci,cross_task,1,arithmetic_to_stroop,stroop:s01:r2,rf,1.0,0.45344576242655354,0.5465542375734465,1.0,1.0,139.0,5.0
openbci,cross_task,1,arithmetic_to_stroop,stroop:s01:r3,always_fuse,1.0,0.3521745397834067,0.6478254602165934,1.0,1.0,209.0,5.0
openbci,cross_task,1,arithmetic_to_stroop,stroop:s01:r3,always_nn,1.0,0.001785946555133165,0.9982140534448668,1.0,1.0,209.0,5.0
openbci,cross_task,1,arithmetic_to_stroop,stroop:s01:r3,extra_trees,1.0,0.1749966782151002,0.8250033217848998,1.0,1.0,209.0,5.0
openbci,cross_task,1,arithmetic_to_stroop,stroop:s01:r3,rf,1.0,0.27460775442073454,0.7253922455792654,1.0,1.0,209.0,5.0
openbci,cross_task,1,stroop_to_arithmetic,arithmetic:s01:r1,always_fuse,0.0,0.43394109840376077,0.5660589015962392,1.0,0.0,152.0,5.0
openbci,cross_task,1,stroop_to_arithmetic,arithmetic:s01:r1,always_nn,0.0,0.5624152387456582,0.43758476125434176,0.0,1.0,152.0,5.0
openbci,cross_task,1,stroop_to_arithmetic,arithmetic:s01:r1,extra_trees,0.0,0.5456501241017696,0.4543498758982304,0.0,1.0,152.0,5.0
openbci,cross_task,1,stroop_to_arithmetic,arithmetic:s01:r1,rf,0.0,0.5939977675436562,0.40600223245634376,0.0,1.0,152.0,5.0
openbci,cross_task,1,stroop_to_arithmetic,arithmetic:s01:r2,always_fuse,1.0,0.44160390003568006,0.5583960999643199,1.0,1.0,169.0,5.0
openbci,cross_task,1,stroop_to_arithmetic,arithmetic:s01:r2,always_nn,1.0,0.5299310566610859,0.47006894333891414,0.0,0.0,169.0,5.0
openbci,cross_task,1,stroop_to_arithmetic,arithmetic:s01:r2,extra_trees,1.0,0.4828455189003279,0.5171544810996722,1.0,1.0,169.0,5.0
openbci,cross_task,1,stroop_to_arithmetic,arithmetic:s01:r2,rf,1.0,0.5028580122464813,0.49714198775351864,0.0,0.0,169.0,5.0
openbci,cross_task,1,stroop_to_arithmetic,arithmetic:s01:r3,always_fuse,1.0,0.45913782641730505,0.540862173582695,1.0,1.0,218.0,5.0
openbci,cross_task,1,stroop_to_arithmetic,arithmetic:s01:r3,always_nn,1.0,0.4110274393674556,0.5889725606325444,1.0,1.0,218.0,5.0
openbci,cross_task,1,stroop_to_arithmetic,arithmetic:s01:r3,extra_trees,1.0,0.35883926445147574,0.6411607355485243,1.0,1.0,218.0,5.0
openbci,cross_task,1,stroop_to_arithmetic,arithmetic:s01:r3,rf,1.0,0.38075885560876277,0.6192411443912371,1.0,1.0,218.0,5.0
openbci,cross_task,2,arithmetic_to_stroop,stroop:s02:r1,always_fuse,0.0,0.45362190912531186,0.5463780908746882,1.0,0.0,95.0,5.0
openbci,cross_task,2,arithmetic_to_stroop,stroop:s02:r1,always_nn,0.0,0.10283246761958936,0.8971675323804107,1.0,0.0,95.0,5.0
openbci,cross_task,2,arithmetic_to_stroop,stroop:s02:r1,extra_trees,0.0,0.5345666046907834,0.46543339530921657,0.0,1.0,95.0,5.0
openbci,cross_task,2,arithmetic_to_stroop,stroop:s02:r1,rf,0.0,0.5150211434079582,0.4849788565920417,0.0,1.0,95.0,5.0
openbci,cross_task,2,arithmetic_to_stroop,stroop:s02:r2,always_fuse,1.0,0.4393742486479372,0.5606257513520628,1.0,1.0,106.0,5.0
openbci,cross_task,2,arithmetic_to_stroop,stroop:s02:r2,always_nn,1.0,0.07943283587867363,0.9205671641213263,1.0,1.0,106.0,5.0
openbci,cross_task,2,arithmetic_to_stroop,stroop:s02:r2,extra_trees,1.0,0.5174073947456505,0.4825926052543496,0.0,0.0,106.0,5.0
openbci,cross_task,2,arithmetic_to_stroop,stroop:s02:r2,rf,1.0,0.5340619753170891,0.46593802468291096,0.0,0.0,106.0,5.0
openbci,cross_task,2,arithmetic_to_stroop,stroop:s02:r3,always_fuse,1.0,0.43845697041402515,0.5615430295859748,1.0,1.0,208.0,5.0
openbci,cross_task,2,arithmetic_to_stroop,stroop:s02:r3,always_nn,1.0,0.04048104279082998,0.95951895720917,1.0,1.0,208.0,5.0
openbci,cross_task,2,arithmetic_to_stroop,stroop:s02:r3,extra_trees,1.0,0.44652606672526995,0.55347393327473,1.0,1.0,208.0,5.0
openbci,cross_task,2,arithmetic_to_stroop,stroop:s02:r3,rf,1.0,0.46225109009130444,0.5377489099086956,1.0,1.0,208.0,5.0
openbci,cross_task,2,stroop_to_arithmetic,arithmetic:s02:r1,always_fuse,0.0,0.6653599289378282,0.3346400710621717,0.0,1.0,132.0,5.0
openbci,cross_task,2,stroop_to_arithmetic,arithmetic:s02:r1,always_nn,0.0,0.27796091211448953,0.7220390878855105,1.0,0.0,132.0,5.0
openbci,cross_task,2,stroop_to_arithmetic,arithmetic:s02:r1,extra_trees,0.0,0.6390962355968722,0.36090376440312777,0.0,1.0,132.0,5.0
openbci,cross_task,2,stroop_to_arithmetic,arithmetic:s02:r1,rf,0.0,0.8579840217704743,0.14201597822952564,0.0,1.0,132.0,5.0
openbci,cross_task,2,stroop_to_arithmetic,arithmetic:s02:r2,always_fuse,1.0,0.6388670239434006,0.36113297605659944,0.0,0.0,136.0,5.0
openbci,cross_task,2,stroop_to_arithmetic,arithmetic:s02:r2,always_nn,1.0,0.19544578733531015,0.8045542126646898,1.0,1.0,136.0,5.0
openbci,cross_task,2,stroop_to_arithmetic,arithmetic:s02:r2,extra_trees,1.0,0.5215784329221116,0.47842156707788835,0.0,0.0,136.0,5.0
openbci,cross_task,2,stroop_to_arithmetic,arithmetic:s02:r2,rf,1.0,0.761935107186348,0.23806489281365198,0.0,0.0,136.0,5.0
openbci,cross_task,2,stroop_to_arithmetic,arithmetic:s02:r3,always_fuse,1.0,0.7154621434392486,0.2845378565607514,0.0,0.0,270.0,5.0
openbci,cross_task,2,stroop_to_arithmetic,arithmetic:s02:r3,always_nn,1.0,0.9209442835336963,0.07905571646630358,0.0,0.0,270.0,5.0
openbci,cross_task,2,stroop_to_arithmetic,arithmetic:s02:r3,extra_trees,1.0,0.6097860771659455,0.3902139228340545,0.0,0.0,270.0,5.0
openbci,cross_task,2,stroop_to_arithmetic,arithmetic:s02:r3,rf,1.0,0.801416847245862,0.19858315275413796,0.0,0.0,270.0,5.0
openbci,cross_task,3,arithmetic_to_stroop,stroop:s03:r1,always_fuse,0.0,0.6676393923249803,0.33236060767501985,0.0,1.0,127.0,5.0
openbci,cross_task,3,arithmetic_to_stroop,stroop:s03:r1,always_nn,0.0,0.9310245133912696,0.0689754866087304,0.0,1.0,127.0,5.0
openbci,cross_task,3,arithmetic_to_stroop,stroop:s03:r1,extra_trees,0.0,0.5600130040017633,0.43998699599823676,0.0,1.0,127.0,5.0
openbci,cross_task,3,arithmetic_to_stroop,stroop:s03:r1,rf,0.0,0.6135856131639876,0.3864143868360124,0.0,1.0,127.0,5.0
openbci,cross_task,3,arithmetic_to_stroop,stroop:s03:r2,always_fuse,1.0,0.5915815180003088,0.4084184819996912,0.0,0.0,102.0,5.0
openbci,cross_task,3,arithmetic_to_stroop,stroop:s03:r2,always_nn,1.0,0.4834057215852752,0.5165942784147247,1.0,1.0,102.0,5.0
openbci,cross_task,3,arithmetic_to_stroop,stroop:s03:r2,extra_trees,1.0,0.29422926634761837,0.7057707336523816,1.0,1.0,102.0,5.0
openbci,cross_task,3,arithmetic_to_stroop,stroop:s03:r2,rf,1.0,0.24680889579169576,0.7531911042083043,1.0,1.0,102.0,5.0
openbci,cross_task,3,arithmetic_to_stroop,stroop:s03:r3,always_fuse,1.0,0.5119844448937942,0.4880155551062058,0.0,0.0,160.0,5.0
openbci,cross_task,3,arithmetic_to_stroop,stroop:s03:r3,always_nn,1.0,0.2811179215068214,0.7188820784931786,1.0,1.0,160.0,5.0
openbci,cross_task,3,arithmetic_to_stroop,stroop:s03:r3,extra_trees,1.0,0.2496763025727004,0.7503236974272997,1.0,1.0,160.0,5.0
openbci,cross_task,3,arithmetic_to_stroop,stroop:s03:r3,rf,1.0,0.15517274164886527,0.8448272583511347,1.0,1.0,160.0,5.0
openbci,cross_task,3,stroop_to_arithmetic,arithmetic:s03:r1,always_fuse,0.0,0.008176700950860072,0.9918232990491399,1.0,0.0,91.0,5.0
openbci,cross_task,3,stroop_to_arithmetic,arithmetic:s03:r1,always_nn,0.0,2.608966405584537e-11,0.9999999999739103,1.0,0.0,91.0,5.0
openbci,cross_task,3,stroop_to_arithmetic,arithmetic:s03:r1,extra_trees,0.0,0.0650599461099729,0.9349400538900271,1.0,0.0,91.0,5.0
openbci,cross_task,3,stroop_to_arithmetic,arithmetic:s03:r1,rf,0.0,0.05106407288088262,0.9489359271191175,1.0,0.0,91.0,5.0
openbci,cross_task,3,stroop_to_arithmetic,arithmetic:s03:r2,always_fuse,1.0,0.056997263790718955,0.943002736209281,1.0,1.0,137.0,5.0
openbci,cross_task,3,stroop_to_arithmetic,arithmetic:s03:r2,always_nn,1.0,1.3838539533994122e-09,0.9999999986161461,1.0,1.0,137.0,5.0
openbci,cross_task,3,stroop_to_arithmetic,arithmetic:s03:r2,extra_trees,1.0,0.1306772940043942,0.8693227059956058,1.0,1.0,137.0,5.0
openbci,cross_task,3,stroop_to_arithmetic,arithmetic:s03:r2,rf,1.0,0.08786790116634376,0.9121320988336562,1.0,1.0,137.0,5.0
openbci,cross_task,3,stroop_to_arithmetic,arithmetic:s03:r3,always_fuse,1.0,0.00040055913479265434,0.9995994408652072,1.0,1.0,160.0,5.0
openbci,cross_task,3,stroop_to_arithmetic,arithmetic:s03:r3,always_nn,1.0,1.3361966359832509e-11,0.999999999986638,1.0,1.0,160.0,5.0
openbci,cross_task,3,stroop_to_arithmetic,arithmetic:s03:r3,extra_trees,1.0,0.022605392979436173,0.9773946070205638,1.0,1.0,160.0,5.0
openbci,cross_task,3,stroop_to_arithmetic,arithmetic:s03:r3,rf,1.0,0.002445543718513149,0.9975544562814869,1.0,1.0,160.0,5.0
openbci,cross_task,4,arithmetic_to_stroop,stroop:s04:r1,always_fuse,0.0,0.0007821559807149736,0.999217844019285,1.0,0.0,89.0,5.0
openbci,cross_task,4,arithmetic_to_stroop,stroop:s04:r1,always_nn,0.0,1.1176357175592174e-05,0.9999888236428244,1.0,0.0,89.0,5.0
openbci,cross_task,4,arithmetic_to_stroop,stroop:s04:r1,extra_trees,0.0,0.0013716675685636634,0.9986283324314363,1.0,0.0,89.0,5.0
openbci,cross_task,4,arithmetic_to_stroop,stroop:s04:r1,rf,0.0,0.00016143416570074331,0.9998385658342992,1.0,0.0,89.0,5.0
openbci,cross_task,4,arithmetic_to_stroop,stroop:s04:r2,always_fuse,1.0,0.0011526009982605837,0.9988473990017394,1.0,1.0,62.0,5.0
openbci,cross_task,4,arithmetic_to_stroop,stroop:s04:r2,always_nn,1.0,1.9018950567056458e-05,0.9999809810494329,1.0,1.0,62.0,5.0
openbci,cross_task,4,arithmetic_to_stroop,stroop:s04:r2,extra_trees,1.0,0.0010050060948605481,0.9989949939051395,1.0,1.0,62.0,5.0
openbci,cross_task,4,arithmetic_to_stroop,stroop:s04:r2,rf,1.0,0.0035090556650772572,0.9964909443349228,1.0,1.0,62.0,5.0
openbci,cross_task,4,arithmetic_to_stroop,stroop:s04:r3,always_fuse,1.0,0.0002890162419196951,0.9997109837580803,1.0,1.0,192.0,5.0
openbci,cross_task,4,arithmetic_to_stroop,stroop:s04:r3,always_nn,1.0,6.951203180284245e-06,0.9999930487968197,1.0,1.0,192.0,5.0
openbci,cross_task,4,arithmetic_to_stroop,stroop:s04:r3,extra_trees,1.0,8.30974063590604e-05,0.999916902593641,1.0,1.0,192.0,5.0
openbci,cross_task,4,arithmetic_to_stroop,stroop:s04:r3,rf,1.0,2.2380414535374955e-05,0.9999776195854646,1.0,1.0,192.0,5.0
openbci,cross_task,4,stroop_to_arithmetic,arithmetic:s04:r1,always_fuse,0.0,0.715197783436386,0.2848022165636141,0.0,1.0,119.0,5.0
openbci,cross_task,4,stroop_to_arithmetic,arithmetic:s04:r1,always_nn,0.0,0.9996184830328868,0.00038151696711315105,0.0,1.0,119.0,5.0
openbci,cross_task,4,stroop_to_arithmetic,arithmetic:s04:r1,extra_trees,0.0,0.5503898270701547,0.4496101729298452,0.0,1.0,119.0,5.0
openbci,cross_task,4,stroop_to_arithmetic,arithmetic:s04:r1,rf,0.0,0.5892320871887867,0.41076791281121333,0.0,1.0,119.0,5.0
openbci,cross_task,4,stroop_to_arithmetic,arithmetic:s04:r2,always_fuse,1.0,0.4324506306021088,0.5675493693978912,1.0,1.0,210.0,5.0
openbci,cross_task,4,stroop_to_arithmetic,arithmetic:s04:r2,always_nn,1.0,0.001488799261643532,0.9985112007383564,1.0,1.0,210.0,5.0
openbci,cross_task,4,stroop_to_arithmetic,arithmetic:s04:r2,extra_trees,1.0,0.2934995547917154,0.7065004452082847,1.0,1.0,210.0,5.0
openbci,cross_task,4,stroop_to_arithmetic,arithmetic:s04:r2,rf,1.0,0.3193068499862854,0.6806931500137147,1.0,1.0,210.0,5.0
openbci,cross_task,4,stroop_to_arithmetic,arithmetic:s04:r3,always_fuse,1.0,0.38926321885990023,0.6107367811400998,1.0,1.0,221.0,5.0
openbci,cross_task,4,stroop_to_arithmetic,arithmetic:s04:r3,always_nn,1.0,8.812054804110457e-05,0.9999118794519589,1.0,1.0,221.0,5.0
openbci,cross_task,4,stroop_to_arithmetic,arithmetic:s04:r3,extra_trees,1.0,0.31359674858798403,0.6864032514120159,1.0,1.0,221.0,5.0
openbci,cross_task,4,stroop_to_arithmetic,arithmetic:s04:r3,rf,1.0,0.2799406894429074,0.7200593105570926,1.0,1.0,221.0,5.0
openbci,cross_task,5,arithmetic_to_stroop,stroop:s05:r1,always_fuse,0.0,0.5516165231813664,0.4483834768186336,0.0,1.0,137.0,5.0
openbci,cross_task,5,arithmetic_to_stroop,stroop:s05:r1,always_nn,0.0,0.009616901942863075,0.990383098057137,1.0,0.0,137.0,5.0
openbci,cross_task,5,arithmetic_to_stroop,stroop:s05:r1,extra_trees,0.0,0.11889627503548691,0.8811037249645131,1.0,0.0,137.0,5.0
openbci,cross_task,5,arithmetic_to_stroop,stroop:s05:r1,rf,0.0,0.0627280157926915,0.9372719842073085,1.0,0.0,137.0,5.0
openbci,cross_task,5,arithmetic_to_stroop,stroop:s05:r2,always_fuse,1.0,0.4642987305821649,0.535701269417835,1.0,1.0,108.0,5.0
openbci,cross_task,5,arithmetic_to_stroop,stroop:s05:r2,always_nn,1.0,0.2133215692419959,0.7866784307580041,1.0,1.0,108.0,5.0
openbci,cross_task,5,arithmetic_to_stroop,stroop:s05:r2,extra_trees,1.0,0.24671319166619712,0.7532868083338029,1.0,1.0,108.0,5.0
openbci,cross_task,5,arithmetic_to_stroop,stroop:s05:r2,rf,1.0,0.1969753300351854,0.8030246699648146,1.0,1.0,108.0,5.0
openbci,cross_task,5,arithmetic_to_stroop,stroop:s05:r3,always_fuse,1.0,0.4566338834974952,0.5433661165025048,1.0,1.0,171.0,5.0
openbci,cross_task,5,arithmetic_to_stroop,stroop:s05:r3,always_nn,1.0,0.31810239383484645,0.6818976061651536,1.0,1.0,171.0,5.0
openbci,cross_task,5,arithmetic_to_stroop,stroop:s05:r3,extra_trees,1.0,0.4255722390575691,0.5744277609424309,1.0,1.0,171.0,5.0
openbci,cross_task,5,arithmetic_to_stroop,stroop:s05:r3,rf,1.0,0.5518037935111049,0.4481962064888951,0.0,0.0,171.0,5.0
openbci,cross_task,5,stroop_to_arithmetic,arithmetic:s05:r1,always_fuse,0.0,0.3841501150519846,0.6158498849480155,1.0,0.0,153.0,5.0
openbci,cross_task,5,stroop_to_arithmetic,arithmetic:s05:r1,always_nn,0.0,0.0002032167777884584,0.9997967832222115,1.0,0.0,153.0,5.0
openbci,cross_task,5,stroop_to_arithmetic,arithmetic:s05:r1,extra_trees,0.0,0.21001842944245713,0.7899815705575428,1.0,0.0,153.0,5.0
openbci,cross_task,5,stroop_to_arithmetic,arithmetic:s05:r1,rf,0.0,0.12253422540960868,0.8774657745903913,1.0,0.0,153.0,5.0
openbci,cross_task,5,stroop_to_arithmetic,arithmetic:s05:r2,always_fuse,1.0,0.6717780103246258,0.32822198967537414,0.0,0.0,198.0,5.0
openbci,cross_task,5,stroop_to_arithmetic,arithmetic:s05:r2,always_nn,1.0,0.7939065422366778,0.20609345776332216,0.0,0.0,198.0,5.0
openbci,cross_task,5,stroop_to_arithmetic,arithmetic:s05:r2,extra_trees,1.0,0.4897255552375916,0.5102744447624084,1.0,1.0,198.0,5.0
openbci,cross_task,5,stroop_to_arithmetic,arithmetic:s05:r2,rf,1.0,0.5903337657349119,0.409666234265088,0.0,0.0,198.0,5.0
openbci,cross_task,5,stroop_to_arithmetic,arithmetic:s05:r3,always_fuse,1.0,0.8026912184564365,0.19730878154356346,0.0,0.0,232.0,5.0
openbci,cross_task,5,stroop_to_arithmetic,arithmetic:s05:r3,always_nn,1.0,0.9994522958368627,0.0005477041631373347,0.0,0.0,232.0,5.0
openbci,cross_task,5,stroop_to_arithmetic,arithmetic:s05:r3,extra_trees,1.0,0.7579777052349017,0.24202229476509826,0.0,0.0,232.0,5.0
openbci,cross_task,5,stroop_to_arithmetic,arithmetic:s05:r3,rf,1.0,0.8799824027537579,0.12001759724624202,0.0,0.0,232.0,5.0
openbci,cross_task,6,arithmetic_to_stroop,stroop:s06:r1,always_fuse,0.0,0.37260263742424404,0.6273973625757561,1.0,0.0,119.0,5.0
openbci,cross_task,6,arithmetic_to_stroop,stroop:s06:r1,always_nn,0.0,0.6683402471563855,0.3316597528436145,0.0,1.0,119.0,5.0
openbci,cross_task,6,arithmetic_to_stroop,stroop:s06:r1,extra_trees,0.0,0.6093476216004561,0.39065237839954386,0.0,1.0,119.0,5.0
openbci,cross_task,6,arithmetic_to_stroop,stroop:s06:r1,rf,0.0,0.5229204353602643,0.4770795646397356,0.0,1.0,119.0,5.0
openbci,cross_task,6,arithmetic_to_stroop,stroop:s06:r2,always_fuse,1.0,0.4359170804310415,0.5640829195689585,1.0,1.0,111.0,5.0
openbci,cross_task,6,arithmetic_to_stroop,stroop:s06:r2,always_nn,1.0,0.5428407514715134,0.45715924852848655,0.0,0.0,111.0,5.0
openbci,cross_task,6,arithmetic_to_stroop,stroop:s06:r2,extra_trees,1.0,0.6238093839148139,0.37619061608518617,0.0,0.0,111.0,5.0
openbci,cross_task,6,arithmetic_to_stroop,stroop:s06:r2,rf,1.0,0.5290454943167024,0.4709545056832975,0.0,0.0,111.0,5.0
openbci,cross_task,6,arithmetic_to_stroop,stroop:s06:r3,always_fuse,1.0,0.41214170774364967,0.5878582922563503,1.0,1.0,161.0,5.0
openbci,cross_task,6,arithmetic_to_stroop,stroop:s06:r3,always_nn,1.0,0.2619559601217397,0.7380440398782603,1.0,1.0,161.0,5.0
openbci,cross_task,6,arithmetic_to_stroop,stroop:s06:r3,extra_trees,1.0,0.344092342166892,0.655907657833108,1.0,1.0,161.0,5.0
openbci,cross_task,6,arithmetic_to_stroop,stroop:s06:r3,rf,1.0,0.34694160445153066,0.6530583955484693,1.0,1.0,161.0,5.0
openbci,cross_task,6,stroop_to_arithmetic,arithmetic:s06:r1,always_fuse,0.0,0.6385341083926005,0.36146589160739945,0.0,1.0,119.0,5.0
openbci,cross_task,6,stroop_to_arithmetic,arithmetic:s06:r1,always_nn,0.0,0.2911034047024142,0.7088965952975859,1.0,0.0,119.0,5.0
openbci,cross_task,6,stroop_to_arithmetic,arithmetic:s06:r1,extra_trees,0.0,0.4511585180723499,0.54884148192765,1.0,0.0,119.0,5.0
openbci,cross_task,6,stroop_to_arithmetic,arithmetic:s06:r1,rf,0.0,0.3754347819361239,0.6245652180638761,1.0,0.0,119.0,5.0
openbci,cross_task,6,stroop_to_arithmetic,arithmetic:s06:r2,always_fuse,1.0,0.7558358409720646,0.2441641590279355,0.0,0.0,130.0,5.0
openbci,cross_task,6,stroop_to_arithmetic,arithmetic:s06:r2,always_nn,1.0,0.10843381486025667,0.8915661851397433,1.0,1.0,130.0,5.0
openbci,cross_task,6,stroop_to_arithmetic,arithmetic:s06:r2,extra_trees,1.0,0.4895729037715207,0.5104270962284794,1.0,1.0,130.0,5.0
openbci,cross_task,6,stroop_to_arithmetic,arithmetic:s06:r2,rf,1.0,0.5866514932699217,0.4133485067300783,0.0,0.0,130.0,5.0
openbci,cross_task,6,stroop_to_arithmetic,arithmetic:s06:r3,always_fuse,1.0,0.7984136473887924,0.20158635261120755,0.0,0.0,191.0,5.0
openbci,cross_task,6,stroop_to_arithmetic,arithmetic:s06:r3,always_nn,1.0,0.0820095985032755,0.9179904014967245,1.0,1.0,191.0,5.0
openbci,cross_task,6,stroop_to_arithmetic,arithmetic:s06:r3,extra_trees,1.0,0.39608117711110086,0.6039188228888992,1.0,1.0,191.0,5.0
openbci,cross_task,6,stroop_to_arithmetic,arithmetic:s06:r3,rf,1.0,0.4090918271840676,0.5909081728159323,1.0,1.0,191.0,5.0
openbci,cross_task,7,arithmetic_to_stroop,stroop:s07:r1,always_fuse,0.0,0.5185852334598878,0.48141476654011206,0.0,1.0,97.0,5.0
openbci,cross_task,7,arithmetic_to_stroop,stroop:s07:r1,always_nn,0.0,0.05321979580953808,0.9467802041904619,1.0,0.0,97.0,5.0
openbci,cross_task,7,arithmetic_to_stroop,stroop:s07:r1,extra_trees,0.0,0.5362476717328436,0.46375232826715646,0.0,1.0,97.0,5.0
openbci,cross_task,7,arithmetic_to_stroop,stroop:s07:r1,rf,0.0,0.6683577340800301,0.33164226591996987,0.0,1.0,97.0,5.0
openbci,cross_task,7,arithmetic_to_stroop,stroop:s07:r2,always_fuse,1.0,0.49507271221307986,0.5049272877869202,1.0,1.0,96.0,5.0
openbci,cross_task,7,arithmetic_to_stroop,stroop:s07:r2,always_nn,1.0,0.022492234562698166,0.9775077654373019,1.0,1.0,96.0,5.0
openbci,cross_task,7,arithmetic_to_stroop,stroop:s07:r2,extra_trees,1.0,0.34518226982099814,0.6548177301790018,1.0,1.0,96.0,5.0
openbci,cross_task,7,arithmetic_to_stroop,stroop:s07:r2,rf,1.0,0.4301165793349201,0.5698834206650799,1.0,1.0,96.0,5.0
openbci,cross_task,7,arithmetic_to_stroop,stroop:s07:r3,always_fuse,1.0,0.4932429867613906,0.5067570132386094,1.0,1.0,179.0,5.0
openbci,cross_task,7,arithmetic_to_stroop,stroop:s07:r3,always_nn,1.0,0.0189584495672896,0.9810415504327104,1.0,1.0,179.0,5.0
openbci,cross_task,7,arithmetic_to_stroop,stroop:s07:r3,extra_trees,1.0,0.46472025498613767,0.5352797450138622,1.0,1.0,179.0,5.0
openbci,cross_task,7,arithmetic_to_stroop,stroop:s07:r3,rf,1.0,0.5788527027953891,0.42114729720461075,0.0,0.0,179.0,5.0
openbci,cross_task,7,stroop_to_arithmetic,arithmetic:s07:r1,always_fuse,0.0,0.34572224981820254,0.6542777501817973,1.0,0.0,36.0,5.0
openbci,cross_task,7,stroop_to_arithmetic,arithmetic:s07:r1,always_nn,0.0,0.01801492357441926,0.9819850764255807,1.0,0.0,36.0,5.0
openbci,cross_task,7,stroop_to_arithmetic,arithmetic:s07:r1,extra_trees,0.0,0.41313923123348006,0.5868607687665199,1.0,0.0,36.0,5.0
openbci,cross_task,7,stroop_to_arithmetic,arithmetic:s07:r1,rf,0.0,0.4592969322249213,0.5407030677750787,1.0,0.0,36.0,5.0
openbci,cross_task,7,stroop_to_arithmetic,arithmetic:s07:r2,always_fuse,1.0,0.4225002431201161,0.577499756879884,1.0,1.0,46.0,5.0
openbci,cross_task,7,stroop_to_arithmetic,arithmetic:s07:r2,always_nn,1.0,0.10111272112818641,0.8988872788718136,1.0,1.0,46.0,5.0
openbci,cross_task,7,stroop_to_arithmetic,arithmetic:s07:r2,extra_trees,1.0,0.37148876222579486,0.6285112377742051,1.0,1.0,46.0,5.0
openbci,cross_task,7,stroop_to_arithmetic,arithmetic:s07:r2,rf,1.0,0.4274456617057016,0.5725543382942984,1.0,1.0,46.0,5.0
openbci,cross_task,7,stroop_to_arithmetic,arithmetic:s07:r3,always_fuse,1.0,0.36641506023000614,0.6335849397699939,1.0,1.0,102.0,5.0
openbci,cross_task,7,stroop_to_arithmetic,arithmetic:s07:r3,always_nn,1.0,0.013483673507470447,0.9865163264925295,1.0,1.0,102.0,5.0
openbci,cross_task,7,stroop_to_arithmetic,arithmetic:s07:r3,extra_trees,1.0,0.37482809646477183,0.6251719035352281,1.0,1.0,102.0,5.0
openbci,cross_task,7,stroop_to_arithmetic,arithmetic:s07:r3,rf,1.0,0.41797005071046656,0.5820299492895334,1.0,1.0,102.0,5.0
openbci,cross_task,8,arithmetic_to_stroop,stroop:s08:r1,always_fuse,0.0,0.4887510442655748,0.5112489557344251,1.0,0.0,162.0,5.0
openbci,cross_task,8,arithmetic_to_stroop,stroop:s08:r1,always_nn,0.0,0.008591708743194032,0.991408291256806,1.0,0.0,162.0,5.0
openbci,cross_task,8,arithmetic_to_stroop,stroop:s08:r1,extra_trees,0.0,0.34608504270567847,0.6539149572943216,1.0,0.0,162.0,5.0
openbci,cross_task,8,arithmetic_to_stroop,stroop:s08:r1,rf,0.0,0.3298428057388677,0.6701571942611324,1.0,0.0,162.0,5.0
openbci,cross_task,8,arithmetic_to_stroop,stroop:s08:r2,always_fuse,1.0,0.47938703918526865,0.5206129608147313,1.0,1.0,160.0,5.0
openbci,cross_task,8,arithmetic_to_stroop,stroop:s08:r2,always_nn,1.0,0.023451715250876807,0.9765482847491231,1.0,1.0,160.0,5.0
openbci,cross_task,8,arithmetic_to_stroop,stroop:s08:r2,extra_trees,1.0,0.315298365666774,0.684701634333226,1.0,1.0,160.0,5.0
openbci,cross_task,8,arithmetic_to_stroop,stroop:s08:r2,rf,1.0,0.3630449812073431,0.636955018792657,1.0,1.0,160.0,5.0
openbci,cross_task,8,arithmetic_to_stroop,stroop:s08:r3,always_fuse,1.0,0.47885462633646514,0.5211453736635349,1.0,1.0,234.0,5.0
openbci,cross_task,8,arithmetic_to_stroop,stroop:s08:r3,always_nn,1.0,0.0161733066739414,0.9838266933260587,1.0,1.0,234.0,5.0
openbci,cross_task,8,arithmetic_to_stroop,stroop:s08:r3,extra_trees,1.0,0.30914095233249667,0.6908590476675033,1.0,1.0,234.0,5.0
openbci,cross_task,8,arithmetic_to_stroop,stroop:s08:r3,rf,1.0,0.3325102375684363,0.6674897624315637,1.0,1.0,234.0,5.0
openbci,cross_task,8,stroop_to_arithmetic,arithmetic:s08:r1,always_fuse,0.0,0.6256747814930639,0.37432521850693623,0.0,1.0,278.0,5.0
openbci,cross_task,8,stroop_to_arithmetic,arithmetic:s08:r1,always_nn,0.0,0.2515146817805638,0.7484853182194362,1.0,0.0,278.0,5.0
openbci,cross_task,8,stroop_to_arithmetic,arithmetic:s08:r1,extra_trees,0.0,0.5312267466913452,0.4687732533086548,0.0,1.0,278.0,5.0
openbci,cross_task,8,stroop_to_arithmetic,arithmetic:s08:r1,rf,0.0,0.535345587138848,0.464654412861152,0.0,1.0,278.0,5.0
openbci,cross_task,8,stroop_to_arithmetic,arithmetic:s08:r2,always_fuse,1.0,0.6464182951815933,0.3535817048184066,0.0,0.0,259.0,5.0
openbci,cross_task,8,stroop_to_arithmetic,arithmetic:s08:r2,always_nn,1.0,0.4942640717175332,0.5057359282824668,1.0,1.0,259.0,5.0
openbci,cross_task,8,stroop_to_arithmetic,arithmetic:s08:r2,extra_trees,1.0,0.5469124718839924,0.4530875281160075,0.0,0.0,259.0,5.0
openbci,cross_task,8,stroop_to_arithmetic,arithmetic:s08:r2,rf,1.0,0.5435194836873873,0.4564805163126126,0.0,0.0,259.0,5.0
openbci,cross_task,8,stroop_to_arithmetic,arithmetic:s08:r3,always_fuse,1.0,0.5112761016858046,0.4887238983141955,0.0,0.0,311.0,5.0
openbci,cross_task,8,stroop_to_arithmetic,arithmetic:s08:r3,always_nn,1.0,0.005468087106933393,0.9945319128930666,1.0,1.0,311.0,5.0
openbci,cross_task,8,stroop_to_arithmetic,arithmetic:s08:r3,extra_trees,1.0,0.3103798515406893,0.6896201484593107,1.0,1.0,311.0,5.0
openbci,cross_task,8,stroop_to_arithmetic,arithmetic:s08:r3,rf,1.0,0.2575850250918707,0.7424149749081294,1.0,1.0,311.0,5.0
openbci,cross_task,9,arithmetic_to_stroop,stroop:s09:r1,always_fuse,0.0,0.4954880123499206,0.5045119876500793,1.0,0.0,160.0,5.0
openbci,cross_task,9,arithmetic_to_stroop,stroop:s09:r1,always_nn,0.0,0.0273584109678776,0.9726415890321225,1.0,0.0,160.0,5.0
openbci,cross_task,9,arithmetic_to_stroop,stroop:s09:r1,extra_trees,0.0,0.13483583495662604,0.8651641650433739,1.0,0.0,160.0,5.0
openbci,cross_task,9,arithmetic_to_stroop,stroop:s09:r1,rf,0.0,0.1082229651348085,0.8917770348651914,1.0,0.0,160.0,5.0
openbci,cross_task,9,arithmetic_to_stroop,stroop:s09:r2,always_fuse,1.0,0.4862727495143378,0.5137272504856621,1.0,1.0,110.0,5.0
openbci,cross_task,9,arithmetic_to_stroop,stroop:s09:r2,always_nn,1.0,0.33264895764661745,0.6673510423533825,1.0,1.0,110.0,5.0
openbci,cross_task,9,arithmetic_to_stroop,stroop:s09:r2,extra_trees,1.0,0.19608682907691677,0.8039131709230832,1.0,1.0,110.0,5.0
openbci,cross_task,9,arithmetic_to_stroop,stroop:s09:r2,rf,1.0,0.15314143272970376,0.8468585672702962,1.0,1.0,110.0,5.0
openbci,cross_task,9,arithmetic_to_stroop,stroop:s09:r3,always_fuse,1.0,0.4852295893741142,0.5147704106258857,1.0,1.0,193.0,5.0
openbci,cross_task,9,arithmetic_to_stroop,stroop:s09:r3,always_nn,1.0,0.018508737695920843,0.9814912623040791,1.0,1.0,193.0,5.0
openbci,cross_task,9,arithmetic_to_stroop,stroop:s09:r3,extra_trees,1.0,0.14761808724831116,0.8523819127516887,1.0,1.0,193.0,5.0
openbci,cross_task,9,arithmetic_to_stroop,stroop:s09:r3,rf,1.0,0.11833079056873966,0.8816692094312604,1.0,1.0,193.0,5.0
openbci,cross_task,9,stroop_to_arithmetic,arithmetic:s09:r1,always_fuse,0.0,0.45009947126435673,0.5499005287356432,1.0,0.0,121.0,5.0
openbci,cross_task,9,stroop_to_arithmetic,arithmetic:s09:r1,always_nn,0.0,0.41556543566762194,0.584434564332378,1.0,0.0,121.0,5.0
openbci,cross_task,9,stroop_to_arithmetic,arithmetic:s09:r1,extra_trees,0.0,0.2992008686602654,0.7007991313397346,1.0,0.0,121.0,5.0
openbci,cross_task,9,stroop_to_arithmetic,arithmetic:s09:r1,rf,0.0,0.29090020780393167,0.7090997921960683,1.0,0.0,121.0,5.0
openbci,cross_task,9,stroop_to_arithmetic,arithmetic:s09:r2,always_fuse,1.0,0.4037934919076336,0.5962065080923664,1.0,1.0,122.0,5.0
openbci,cross_task,9,stroop_to_arithmetic,arithmetic:s09:r2,always_nn,1.0,0.3616179975947415,0.6383820024052584,1.0,1.0,122.0,5.0
openbci,cross_task,9,stroop_to_arithmetic,arithmetic:s09:r2,extra_trees,1.0,0.15860567316713123,0.8413943268328687,1.0,1.0,122.0,5.0
openbci,cross_task,9,stroop_to_arithmetic,arithmetic:s09:r2,rf,1.0,0.1339410241142468,0.8660589758857532,1.0,1.0,122.0,5.0
openbci,cross_task,9,stroop_to_arithmetic,arithmetic:s09:r3,always_fuse,1.0,0.4578127807048797,0.5421872192951204,1.0,1.0,426.0,5.0
openbci,cross_task,9,stroop_to_arithmetic,arithmetic:s09:r3,always_nn,1.0,0.7388112701661642,0.2611887298338358,0.0,0.0,426.0,5.0
openbci,cross_task,9,stroop_to_arithmetic,arithmetic:s09:r3,extra_trees,1.0,0.4746372486235989,0.5253627513764012,1.0,1.0,426.0,5.0
openbci,cross_task,9,stroop_to_arithmetic,arithmetic:s09:r3,rf,1.0,0.5386676787495391,0.4613323212504608,0.0,0.0,426.0,5.0
openbci,cross_task,10,arithmetic_to_stroop,stroop:s10:r1,always_fuse,0.0,0.4734031147887093,0.5265968852112907,1.0,0.0,118.0,5.0
openbci,cross_task,10,arithmetic_to_stroop,stroop:s10:r1,always_nn,0.0,0.3282692332377095,0.6717307667622905,1.0,0.0,118.0,5.0
openbci,cross_task,10,arithmetic_to_stroop,stroop:s10:r1,extra_trees,0.0,0.32565072819229374,0.6743492718077062,1.0,0.0,118.0,5.0
openbci,cross_task,10,arithmetic_to_stroop,stroop:s10:r1,rf,0.0,0.38434547875455644,0.6156545212454435,1.0,0.0,118.0,5.0
openbci,cross_task,10,arithmetic_to_stroop,stroop:s10:r2,always_fuse,1.0,0.5499161215562377,0.4500838784437623,0.0,0.0,83.0,5.0
openbci,cross_task,10,arithmetic_to_stroop,stroop:s10:r2,always_nn,1.0,0.17970786508658942,0.8202921349134106,1.0,1.0,83.0,5.0
openbci,cross_task,10,arithmetic_to_stroop,stroop:s10:r2,extra_trees,1.0,0.26425440634424535,0.7357455936557546,1.0,1.0,83.0,5.0
openbci,cross_task,10,arithmetic_to_stroop,stroop:s10:r2,rf,1.0,0.23425939858382722,0.7657406014161727,1.0,1.0,83.0,5.0
openbci,cross_task,10,arithmetic_to_stroop,stroop:s10:r3,always_fuse,1.0,0.49988192595995284,0.5001180740400472,1.0,1.0,207.0,5.0
openbci,cross_task,10,arithmetic_to_stroop,stroop:s10:r3,always_nn,1.0,0.39711517784469097,0.6028848221553089,1.0,1.0,207.0,5.0
openbci,cross_task,10,arithmetic_to_stroop,stroop:s10:r3,extra_trees,1.0,0.5321065529686321,0.4678934470313679,0.0,0.0,207.0,5.0
openbci,cross_task,10,arithmetic_to_stroop,stroop:s10:r3,rf,1.0,0.4663708868702872,0.5336291131297127,1.0,1.0,207.0,5.0
openbci,cross_task,10,stroop_to_arithmetic,arithmetic:s10:r1,always_fuse,0.0,0.6176797401183179,0.382320259881682,0.0,1.0,96.0,5.0
openbci,cross_task,10,stroop_to_arithmetic,arithmetic:s10:r1,always_nn,0.0,0.5434515782403251,0.4565484217596748,0.0,1.0,96.0,5.0
openbci,cross_task,10,stroop_to_arithmetic,arithmetic:s10:r1,extra_trees,0.0,0.6483191685394992,0.35168083146050066,0.0,1.0,96.0,5.0
openbci,cross_task,10,stroop_to_arithmetic,arithmetic:s10:r1,rf,0.0,0.8025333673794851,0.19746663262051492,0.0,1.0,96.0,5.0
openbci,cross_task,10,stroop_to_arithmetic,arithmetic:s10:r2,always_fuse,1.0,0.5904813053875724,0.4095186946124277,0.0,0.0,112.0,5.0
openbci,cross_task,10,stroop_to_arithmetic,arithmetic:s10:r2,always_nn,1.0,0.6440392805562634,0.3559607194437367,0.0,0.0,112.0,5.0
openbci,cross_task,10,stroop_to_arithmetic,arithmetic:s10:r2,extra_trees,1.0,0.6656096187859163,0.3343903812140838,0.0,0.0,112.0,5.0
openbci,cross_task,10,stroop_to_arithmetic,arithmetic:s10:r2,rf,1.0,0.7557557566856659,0.2442442433143341,0.0,0.0,112.0,5.0
openbci,cross_task,10,stroop_to_arithmetic,arithmetic:s10:r3,always_fuse,1.0,0.5371510307949692,0.4628489692050308,0.0,0.0,145.0,5.0
openbci,cross_task,10,stroop_to_arithmetic,arithmetic:s10:r3,always_nn,1.0,0.4647444737997865,0.5352555262002134,1.0,1.0,145.0,5.0
openbci,cross_task,10,stroop_to_arithmetic,arithmetic:s10:r3,extra_trees,1.0,0.5902749102401968,0.4097250897598032,0.0,0.0,145.0,5.0
openbci,cross_task,10,stroop_to_arithmetic,arithmetic:s10:r3,rf,1.0,0.5571447216472379,0.44285527835276206,0.0,0.0,145.0,5.0
openbci,cross_task,11,arithmetic_to_stroop,stroop:s11:r1,always_fuse,0.0,0.5107200990446729,0.48927990095532714,0.0,1.0,113.0,5.0
openbci,cross_task,11,arithmetic_to_stroop,stroop:s11:r1,always_nn,0.0,0.5018868382302264,0.4981131617697736,0.0,1.0,113.0,5.0
openbci,cross_task,11,arithmetic_to_stroop,stroop:s11:r1,extra_trees,0.0,0.3465510015486252,0.6534489984513747,1.0,0.0,113.0,5.0
openbci,cross_task,11,arithmetic_to_stroop,stroop:s11:r1,rf,0.0,0.5915408468172003,0.40845915318279963,0.0,1.0,113.0,5.0
openbci,cross_task,11,arithmetic_to_stroop,stroop:s11:r2,always_fuse,1.0,0.5076950429586741,0.4923049570413259,0.0,0.0,130.0,5.0
openbci,cross_task,11,arithmetic_to_stroop,stroop:s11:r2,always_nn,1.0,0.8145676839540027,0.1854323160459973,0.0,0.0,130.0,5.0
openbci,cross_task,11,arithmetic_to_stroop,stroop:s11:r2,extra_trees,1.0,0.5039696859186642,0.4960303140813358,0.0,0.0,130.0,5.0
openbci,cross_task,11,arithmetic_to_stroop,stroop:s11:r2,rf,1.0,0.8137441405538757,0.18625585944612436,0.0,0.0,130.0,5.0
openbci,cross_task,11,arithmetic_to_stroop,stroop:s11:r3,always_fuse,1.0,0.4854670016860845,0.5145329983139155,1.0,1.0,185.0,5.0
openbci,cross_task,11,arithmetic_to_stroop,stroop:s11:r3,always_nn,1.0,0.8656674799634184,0.1343325200365817,0.0,0.0,185.0,5.0
openbci,cross_task,11,arithmetic_to_stroop,stroop:s11:r3,extra_trees,1.0,0.5427117897449634,0.4572882102550366,0.0,0.0,185.0,5.0
openbci,cross_task,11,arithmetic_to_stroop,stroop:s11:r3,rf,1.0,0.7578768015358429,0.24212319846415703,0.0,0.0,185.0,5.0
openbci,cross_task,11,stroop_to_arithmetic,arithmetic:s11:r1,always_fuse,0.0,0.6691386515220166,0.3308613484779833,0.0,1.0,155.0,5.0
openbci,cross_task,11,stroop_to_arithmetic,arithmetic:s11:r1,always_nn,0.0,0.9922803543309626,0.007719645669037312,0.0,1.0,155.0,5.0
openbci,cross_task,11,stroop_to_arithmetic,arithmetic:s11:r1,extra_trees,0.0,0.5955904680890087,0.4044095319109912,0.0,1.0,155.0,5.0
openbci,cross_task,11,stroop_to_arithmetic,arithmetic:s11:r1,rf,0.0,0.64672557836516,0.35327442163484,0.0,1.0,155.0,5.0
openbci,cross_task,11,stroop_to_arithmetic,arithmetic:s11:r2,always_fuse,1.0,0.7272612129388566,0.2727387870611434,0.0,0.0,162.0,5.0
openbci,cross_task,11,stroop_to_arithmetic,arithmetic:s11:r2,always_nn,1.0,0.999431225178568,0.0005687748214319603,0.0,0.0,162.0,5.0
openbci,cross_task,11,stroop_to_arithmetic,arithmetic:s11:r2,extra_trees,1.0,0.5774429428216561,0.4225570571783439,0.0,0.0,162.0,5.0
openbci,cross_task,11,stroop_to_arithmetic,arithmetic:s11:r2,rf,1.0,0.6643756248638343,0.3356243751361656,0.0,0.0,162.0,5.0
openbci,cross_task,11,stroop_to_arithmetic,arithmetic:s11:r3,always_fuse,1.0,0.8545348587818682,0.1454651412181319,0.0,0.0,211.0,5.0
openbci,cross_task,11,stroop_to_arithmetic,arithmetic:s11:r3,always_nn,1.0,0.9999995620312231,4.379687769248713e-07,0.0,0.0,211.0,5.0
openbci,cross_task,11,stroop_to_arithmetic,arithmetic:s11:r3,extra_trees,1.0,0.7424379259214174,0.25756207407858256,0.0,0.0,211.0,5.0
openbci,cross_task,11,stroop_to_arithmetic,arithmetic:s11:r3,rf,1.0,0.7559487578141136,0.2440512421858864,0.0,0.0,211.0,5.0
openbci,cross_task,12,arithmetic_to_stroop,stroop:s12:r1,always_fuse,0.0,0.5056154060767978,0.4943845939232022,0.0,1.0,123.0,5.0
openbci,cross_task,12,arithmetic_to_stroop,stroop:s12:r1,always_nn,0.0,0.04449861053173444,0.9555013894682656,1.0,0.0,123.0,5.0
openbci,cross_task,12,arithmetic_to_stroop,stroop:s12:r1,extra_trees,0.0,0.23286328188169675,0.7671367181183032,1.0,0.0,123.0,5.0
openbci,cross_task,12,arithmetic_to_stroop,stroop:s12:r1,rf,0.0,0.202041958885919,0.797958041114081,1.0,0.0,123.0,5.0
openbci,cross_task,12,arithmetic_to_stroop,stroop:s12:r2,always_fuse,1.0,0.5179114460181974,0.4820885539818026,0.0,0.0,126.0,5.0
openbci,cross_task,12,arithmetic_to_stroop,stroop:s12:r2,always_nn,1.0,0.03718613257714122,0.9628138674228588,1.0,1.0,126.0,5.0
openbci,cross_task,12,arithmetic_to_stroop,stroop:s12:r2,extra_trees,1.0,0.20613543640680473,0.7938645635931952,1.0,1.0,126.0,5.0
openbci,cross_task,12,arithmetic_to_stroop,stroop:s12:r2,rf,1.0,0.19369750743174274,0.8063024925682573,1.0,1.0,126.0,5.0
openbci,cross_task,12,arithmetic_to_stroop,stroop:s12:r3,always_fuse,1.0,0.6024168329851587,0.3975831670148413,0.0,0.0,189.0,5.0
openbci,cross_task,12,arithmetic_to_stroop,stroop:s12:r3,always_nn,1.0,0.041704264755961604,0.9582957352440383,1.0,1.0,189.0,5.0
openbci,cross_task,12,arithmetic_to_stroop,stroop:s12:r3,extra_trees,1.0,0.18309343473044165,0.8169065652695583,1.0,1.0,189.0,5.0
openbci,cross_task,12,arithmetic_to_stroop,stroop:s12:r3,rf,1.0,0.13340120811233291,0.8665987918876671,1.0,1.0,189.0,5.0
openbci,cross_task,12,stroop_to_arithmetic,arithmetic:s12:r1,always_fuse,0.0,0.49885032528598927,0.5011496747140106,1.0,0.0,116.0,5.0
openbci,cross_task,12,stroop_to_arithmetic,arithmetic:s12:r1,always_nn,0.0,0.309964292935781,0.690035707064219,1.0,0.0,116.0,5.0
openbci,cross_task,12,stroop_to_arithmetic,arithmetic:s12:r1,extra_trees,0.0,0.39960285290041847,0.6003971470995815,1.0,0.0,116.0,5.0
openbci,cross_task,12,stroop_to_arithmetic,arithmetic:s12:r1,rf,0.0,0.4197165173289245,0.5802834826710754,1.0,0.0,116.0,5.0
openbci,cross_task,12,stroop_to_arithmetic,arithmetic:s12:r2,always_fuse,1.0,0.49775685469465797,0.5022431453053421,1.0,1.0,135.0,5.0
openbci,cross_task,12,stroop_to_arithmetic,arithmetic:s12:r2,always_nn,1.0,0.405647745526684,0.5943522544733161,1.0,1.0,135.0,5.0
openbci,cross_task,12,stroop_to_arithmetic,arithmetic:s12:r2,extra_trees,1.0,0.4251256234835987,0.5748743765164013,1.0,1.0,135.0,5.0
openbci,cross_task,12,stroop_to_arithmetic,arithmetic:s12:r2,rf,1.0,0.4473890050639811,0.5526109949360188,1.0,1.0,135.0,5.0
openbci,cross_task,12,stroop_to_arithmetic,arithmetic:s12:r3,always_fuse,1.0,0.5058966472408992,0.4941033527591007,0.0,0.0,219.0,5.0
openbci,cross_task,12,stroop_to_arithmetic,arithmetic:s12:r3,always_nn,1.0,0.33866544270183196,0.661334557298168,1.0,1.0,219.0,5.0
openbci,cross_task,12,stroop_to_arithmetic,arithmetic:s12:r3,extra_trees,1.0,0.27653332414091847,0.7234666758590816,1.0,1.0,219.0,5.0
openbci,cross_task,12,stroop_to_arithmetic,arithmetic:s12:r3,rf,1.0,0.3460798682476145,0.6539201317523855,1.0,1.0,219.0,5.0
openbci,cross_task,13,arithmetic_to_stroop,stroop:s13:r1,always_fuse,0.0,0.3862577410452001,0.6137422589547998,1.0,0.0,91.0,5.0
openbci,cross_task,13,arithmetic_to_stroop,stroop:s13:r1,always_nn,0.0,0.28942954199498044,0.7105704580050195,1.0,0.0,91.0,5.0
openbci,cross_task,13,arithmetic_to_stroop,stroop:s13:r1,extra_trees,0.0,0.4489735307817106,0.5510264692182895,1.0,0.0,91.0,5.0
openbci,cross_task,13,arithmetic_to_stroop,stroop:s13:r1,rf,0.0,0.5501372478939693,0.4498627521060306,0.0,1.0,91.0,5.0
openbci,cross_task,13,arithmetic_to_stroop,stroop:s13:r2,always_fuse,1.0,0.49718406227234474,0.5028159377276553,1.0,1.0,122.0,5.0
openbci,cross_task,13,arithmetic_to_stroop,stroop:s13:r2,always_nn,1.0,0.023087184009742252,0.9769128159902577,1.0,1.0,122.0,5.0
openbci,cross_task,13,arithmetic_to_stroop,stroop:s13:r2,extra_trees,1.0,0.09954707592415984,0.9004529240758402,1.0,1.0,122.0,5.0
openbci,cross_task,13,arithmetic_to_stroop,stroop:s13:r2,rf,1.0,0.06178649609275336,0.9382135039072467,1.0,1.0,122.0,5.0
openbci,cross_task,13,arithmetic_to_stroop,stroop:s13:r3,always_fuse,1.0,0.6997555119534412,0.3002444880465589,0.0,0.0,180.0,5.0
openbci,cross_task,13,arithmetic_to_stroop,stroop:s13:r3,always_nn,1.0,0.014973677233690646,0.9850263227663093,1.0,1.0,180.0,5.0
openbci,cross_task,13,arithmetic_to_stroop,stroop:s13:r3,extra_trees,1.0,0.27807529703362244,0.7219247029663776,1.0,1.0,180.0,5.0
openbci,cross_task,13,arithmetic_to_stroop,stroop:s13:r3,rf,1.0,0.37344902327206064,0.6265509767279394,1.0,1.0,180.0,5.0
openbci,cross_task,13,stroop_to_arithmetic,arithmetic:s13:r1,always_fuse,0.0,0.4506324922670408,0.5493675077329593,1.0,0.0,142.0,5.0
openbci,cross_task,13,stroop_to_arithmetic,arithmetic:s13:r1,always_nn,0.0,0.7287460561689119,0.27125394383108814,0.0,1.0,142.0,5.0
openbci,cross_task,13,stroop_to_arithmetic,arithmetic:s13:r1,extra_trees,0.0,0.504129926221047,0.495870073778953,0.0,1.0,142.0,5.0
openbci,cross_task,13,stroop_to_arithmetic,arithmetic:s13:r1,rf,0.0,0.5766109800721656,0.42338901992783445,0.0,1.0,142.0,5.0
openbci,cross_task,13,stroop_to_arithmetic,arithmetic:s13:r2,always_fuse,1.0,0.48168247291114513,0.5183175270888548,1.0,1.0,145.0,5.0
openbci,cross_task,13,stroop_to_arithmetic,arithmetic:s13:r2,always_nn,1.0,0.6819601237759237,0.31803987622407626,0.0,0.0,145.0,5.0
openbci,cross_task,13,stroop_to_arithmetic,arithmetic:s13:r2,extra_trees,1.0,0.5843858301651593,0.4156141698348407,0.0,0.0,145.0,5.0
openbci,cross_task,13,stroop_to_arithmetic,arithmetic:s13:r2,rf,1.0,0.6841492155650054,0.31585078443499454,0.0,0.0,145.0,5.0
openbci,cross_task,13,stroop_to_arithmetic,arithmetic:s13:r3,always_fuse,1.0,0.4992375327093593,0.5007624672906408,1.0,1.0,203.0,5.0
openbci,cross_task,13,stroop_to_arithmetic,arithmetic:s13:r3,always_nn,1.0,0.2877090412010139,0.712290958798986,1.0,1.0,203.0,5.0
openbci,cross_task,13,stroop_to_arithmetic,arithmetic:s13:r3,extra_trees,1.0,0.3954709571954306,0.6045290428045695,1.0,1.0,203.0,5.0
openbci,cross_task,13,stroop_to_arithmetic,arithmetic:s13:r3,rf,1.0,0.46374710081387427,0.5362528991861257,1.0,1.0,203.0,5.0
openbci,loso,1,arithmetic,arithmetic:s01:r0,always_fuse,0.0,0.4063393637156334,0.5936606362843666,1.0,0.0,157.0,5.0
openbci,loso,1,arithmetic,arithmetic:s01:r0,always_nn,0.0,0.21318910935690308,0.7868108906430968,1.0,0.0,157.0,5.0
openbci,loso,1,arithmetic,arithmetic:s01:r0,extra_trees,0.0,0.47911648650884253,0.5208835134911574,1.0,0.0,157.0,5.0
openbci,loso,1,arithmetic,arithmetic:s01:r0,rf,0.0,0.4734316903329083,0.5265683096670917,1.0,0.0,157.0,5.0
openbci,loso,1,arithmetic,arithmetic:s01:r1,always_fuse,0.0,0.360511887928841,0.6394881120711591,1.0,0.0,152.0,5.0
openbci,loso,1,arithmetic,arithmetic:s01:r1,always_nn,0.0,0.11038241474056813,0.8896175852594319,1.0,0.0,152.0,5.0
openbci,loso,1,arithmetic,arithmetic:s01:r1,extra_trees,0.0,0.5190290073497366,0.4809709926502634,0.0,1.0,152.0,5.0
openbci,loso,1,arithmetic,arithmetic:s01:r1,rf,0.0,0.4614367227874362,0.5385632772125637,1.0,0.0,152.0,5.0
openbci,loso,1,arithmetic,arithmetic:s01:r2,always_fuse,1.0,0.36105368219432543,0.6389463178056746,1.0,1.0,169.0,5.0
openbci,loso,1,arithmetic,arithmetic:s01:r2,always_nn,1.0,0.08590697708477658,0.9140930229152234,1.0,1.0,169.0,5.0
openbci,loso,1,arithmetic,arithmetic:s01:r2,extra_trees,1.0,0.5412708480191716,0.45872915198082836,0.0,0.0,169.0,5.0
openbci,loso,1,arithmetic,arithmetic:s01:r2,rf,1.0,0.5231705490526304,0.4768294509473696,0.0,0.0,169.0,5.0
openbci,loso,1,arithmetic,arithmetic:s01:r3,always_fuse,1.0,0.41344905464037207,0.5865509453596279,1.0,1.0,218.0,5.0
openbci,loso,1,arithmetic,arithmetic:s01:r3,always_nn,1.0,0.2888452639020885,0.7111547360979116,1.0,1.0,218.0,5.0
openbci,loso,1,arithmetic,arithmetic:s01:r3,extra_trees,1.0,0.5837039283819552,0.41629607161804477,0.0,0.0,218.0,5.0
openbci,loso,1,arithmetic,arithmetic:s01:r3,rf,1.0,0.570211957665371,0.429788042334629,0.0,0.0,218.0,5.0
openbci,loso,1,stroop,stroop:s01:r0,always_fuse,0.0,0.5803104011618323,0.4196895988381677,0.0,1.0,157.0,5.0
openbci,loso,1,stroop,stroop:s01:r0,always_nn,0.0,0.9850742740219258,0.014925725978074225,0.0,1.0,157.0,5.0
openbci,loso,1,stroop,stroop:s01:r0,extra_trees,0.0,0.5932982620090376,0.4067017379909625,0.0,1.0,157.0,5.0
openbci,loso,1,stroop,stroop:s01:r0,rf,0.0,0.6222460686394145,0.3777539313605855,0.0,1.0,157.0,5.0
openbci,loso,1,stroop,stroop:s01:r1,always_fuse,0.0,0.6478517780992049,0.3521482219007951,0.0,1.0,148.0,5.0
openbci,loso,1,stroop,stroop:s01:r1,always_nn,0.0,0.9978108912213316,0.00218910877866848,0.0,1.0,148.0,5.0
openbci,loso,1,stroop,stroop:s01:r1,extra_trees,0.0,0.4900093128565915,0.5099906871434084,1.0,0.0,148.0,5.0
openbci,loso,1,stroop,stroop:s01:r1,rf,0.0,0.42769849196714416,0.5723015080328557,1.0,0.0,148.0,5.0
openbci,loso,1,stroop,stroop:s01:r2,always_fuse,1.0,0.6758489317400888,0.32415106825991125,0.0,0.0,139.0,5.0
openbci,loso,1,stroop,stroop:s01:r2,always_nn,1.0,0.9991957014612068,0.0008042985387932091,0.0,0.0,139.0,5.0
openbci,loso,1,stroop,stroop:s01:r2,extra_trees,1.0,0.5056814358518564,0.4943185641481436,0.0,0.0,139.0,5.0
openbci,loso,1,stroop,stroop:s01:r2,rf,1.0,0.4782620960189054,0.5217379039810947,1.0,1.0,139.0,5.0
openbci,loso,1,stroop,stroop:s01:r3,always_fuse,1.0,0.6384013130600896,0.3615986869399104,0.0,0.0,209.0,5.0
openbci,loso,1,stroop,stroop:s01:r3,always_nn,1.0,0.9975536040869188,0.0024463959130811225,0.0,0.0,209.0,5.0
openbci,loso,1,stroop,stroop:s01:r3,extra_trees,1.0,0.5008539683074139,0.49914603169258615,0.0,0.0,209.0,5.0
openbci,loso,1,stroop,stroop:s01:r3,rf,1.0,0.4831388203858962,0.5168611796141038,1.0,1.0,209.0,5.0
openbci,loso,2,arithmetic,arithmetic:s02:r0,always_fuse,0.0,0.5746922126479849,0.42530778735201524,0.0,1.0,450.0,5.0
openbci,loso,2,arithmetic,arithmetic:s02:r0,always_nn,0.0,0.9239189996463855,0.07608100035361465,0.0,1.0,450.0,5.0
openbci,loso,2,arithmetic,arithmetic:s02:r0,extra_trees,0.0,0.6681057008857478,0.33189429911425217,0.0,1.0,450.0,5.0
openbci,loso,2,arithmetic,arithmetic:s02:r0,rf,0.0,0.6840191910810606,0.31598080891893954,0.0,1.0,450.0,5.0
openbci,loso,2,arithmetic,arithmetic:s02:r1,always_fuse,0.0,0.553804608805128,0.4461953911948719,0.0,1.0,132.0,5.0
openbci,loso,2,arithmetic,arithmetic:s02:r1,always_nn,0.0,0.718704461023616,0.2812955389763841,0.0,1.0,132.0,5.0
openbci,loso,2,arithmetic,arithmetic:s02:r1,extra_trees,0.0,0.584151976724022,0.415848023275978,0.0,1.0,132.0,5.0
openbci,loso,2,arithmetic,arithmetic:s02:r1,rf,0.0,0.6506492686123913,0.34935073138760886,0.0,1.0,132.0,5.0
openbci,loso,2,arithmetic,arithmetic:s02:r2,always_fuse,1.0,0.4893344105098497,0.5106655894901503,1.0,1.0,136.0,5.0
openbci,loso,2,arithmetic,arithmetic:s02:r2,always_nn,1.0,0.4417467090575825,0.5582532909424176,1.0,1.0,136.0,5.0
openbci,loso,2,arithmetic,arithmetic:s02:r2,extra_trees,1.0,0.58168174367544,0.41831825632455993,0.0,0.0,136.0,5.0
openbci,loso,2,arithmetic,arithmetic:s02:r2,rf,1.0,0.6266494254532079,0.3733505745467921,0.0,0.0,136.0,5.0
openbci,loso,2,arithmetic,arithmetic:s02:r3,always_fuse,1.0,0.44929792365058374,0.5507020763494163,1.0,1.0,270.0,5.0
openbci,loso,2,arithmetic,arithmetic:s02:r3,always_nn,1.0,0.3074793607442109,0.6925206392557892,1.0,1.0,270.0,5.0
openbci,loso,2,arithmetic,arithmetic:s02:r3,extra_trees,1.0,0.5586046610898047,0.44139533891019533,0.0,0.0,270.0,5.0
openbci,loso,2,arithmetic,arithmetic:s02:r3,rf,1.0,0.5802479813244572,0.41975201867554274,0.0,0.0,270.0,5.0
openbci,loso,2,stroop,stroop:s02:r0,always_fuse,0.0,0.7479946405594118,0.25200535944058833,0.0,1.0,450.0,5.0
openbci,loso,2,stroop,stroop:s02:r0,always_nn,0.0,0.9997370937736084,0.0002629062263915819,0.0,1.0,450.0,5.0
openbci,loso,2,stroop,stroop:s02:r0,extra_trees,0.0,0.853340316325505,0.14665968367449503,0.0,1.0,450.0,5.0
openbci,loso,2,stroop,stroop:s02:r0,rf,0.0,0.853456813564863,0.14654318643513695,0.0,1.0,450.0,5.0
openbci,loso,2,stroop,stroop:s02:r1,always_fuse,0.0,0.736553413020052,0.26344658697994794,0.0,1.0,95.0,5.0
openbci,loso,2,stroop,stroop:s02:r1,always_nn,0.0,0.9999381676846955,6.183231530458466e-05,0.0,1.0,95.0,5.0
openbci,loso,2,stroop,stroop:s02:r1,extra_trees,0.0,0.8031344570960502,0.19686554290394978,0.0,1.0,95.0,5.0
openbci,loso,2,stroop,stroop:s02:r1,rf,0.0,0.8313778807785476,0.16862211922145237,0.0,1.0,95.0,5.0
openbci,loso,2,stroop,stroop:s02:r2,always_fuse,1.0,0.6342464492123018,0.3657535507876982,0.0,0.0,106.0,5.0
openbci,loso,2,stroop,stroop:s02:r2,always_nn,1.0,0.9967173445932995,0.0032826554067004595,0.0,0.0,106.0,5.0
openbci,loso,2,stroop,stroop:s02:r2,extra_trees,1.0,0.7183765920219259,0.2816234079780741,0.0,0.0,106.0,5.0
openbci,loso,2,stroop,stroop:s02:r2,rf,1.0,0.7401495254908174,0.2598504745091827,0.0,0.0,106.0,5.0
openbci,loso,2,stroop,stroop:s02:r3,always_fuse,1.0,0.6980871635893833,0.30191283641061667,0.0,0.0,208.0,5.0
openbci,loso,2,stroop,stroop:s02:r3,always_nn,1.0,0.9997732456381403,0.00022675436185960645,0.0,0.0,208.0,5.0
openbci,loso,2,stroop,stroop:s02:r3,extra_trees,1.0,0.7687372978291275,0.23126270217087253,0.0,0.0,208.0,5.0
openbci,loso,2,stroop,stroop:s02:r3,rf,1.0,0.8014996684115258,0.19850033158847424,0.0,0.0,208.0,5.0
openbci,loso,3,arithmetic,arithmetic:s03:r0,always_fuse,0.0,0.6654477169957366,0.33455228300426343,0.0,1.0,181.0,5.0
openbci,loso,3,arithmetic,arithmetic:s03:r0,always_nn,0.0,0.9884189936939989,0.011581006306001111,0.0,1.0,181.0,5.0
openbci,loso,3,arithmetic,arithmetic:s03:r0,extra_trees,0.0,0.6449783688735375,0.3550216311264624,0.0,1.0,181.0,5.0
openbci,loso,3,arithmetic,arithmetic:s03:r0,rf,0.0,0.7539050367794322,0.24609496322056776,0.0,1.0,181.0,5.0
openbci,loso,3,arithmetic,arithmetic:s03:r1,always_fuse,0.0,0.4735348654102321,0.526465134589768,1.0,0.0,91.0,5.0
openbci,loso,3,arithmetic,arithmetic:s03:r1,always_nn,0.0,0.4674293938351524,0.5325706061648476,1.0,0.0,91.0,5.0
openbci,loso,3,arithmetic,arithmetic:s03:r1,extra_trees,0.0,0.40811748951895016,0.5918825104810498,1.0,0.0,91.0,5.0
openbci,loso,3,arithmetic,arithmetic:s03:r1,rf,0.0,0.406667640049556,0.593332359950444,1.0,0.0,91.0,5.0
openbci,loso,3,arithmetic,arithmetic:s03:r2,always_fuse,1.0,0.4497117102945245,0.5502882897054755,1.0,1.0,137.0,5.0
openbci,loso,3,arithmetic,arithmetic:s03:r2,always_nn,1.0,0.3994468609463013,0.6005531390536988,1.0,1.0,137.0,5.0
openbci,loso,3,arithmetic,arithmetic:s03:r2,extra_trees,1.0,0.44747280938850414,0.5525271906114958,1.0,1.0,137.0,5.0
openbci,loso,3,arithmetic,arithmetic:s03:r2,rf,1.0,0.4240451448084231,0.5759548551915769,1.0,1.0,137.0,5.0
openbci,loso,3,arithmetic,arithmetic:s03:r3,always_fuse,1.0,0.47405606471385636,0.5259439352861436,1.0,1.0,160.0,5.0
openbci,loso,3,arithmetic,arithmetic:s03:r3,always_nn,1.0,0.506236913270168,0.49376308672983205,0.0,0.0,160.0,5.0
openbci,loso,3,arithmetic,arithmetic:s03:r3,extra_trees,1.0,0.4271346785053894,0.5728653214946107,1.0,1.0,160.0,5.0
openbci,loso,3,arithmetic,arithmetic:s03:r3,rf,1.0,0.4237424851397435,0.5762575148602566,1.0,1.0,160.0,5.0
openbci,loso,3,stroop,stroop:s03:r0,always_fuse,0.0,0.621344980263044,0.37865501973695603,0.0,1.0,181.0,5.0
openbci,loso,3,stroop,stroop:s03:r0,always_nn,0.0,0.9978266795575856,0.0021733204424143854,0.0,1.0,181.0,5.0
openbci,loso,3,stroop,stroop:s03:r0,extra_trees,0.0,0.8632955322185006,0.1367044677814994,0.0,1.0,181.0,5.0
openbci,loso,3,stroop,stroop:s03:r0,rf,0.0,0.9530675559077054,0.046932444092294544,0.0,1.0,181.0,5.0
openbci,loso,3,stroop,stroop:s03:r1,always_fuse,0.0,0.4425399686499191,0.5574600313500809,1.0,0.0,127.0,5.0
openbci,loso,3,stroop,stroop:s03:r1,always_nn,0.0,0.39077719910114783,0.6092228008988521,1.0,0.0,127.0,5.0
openbci,loso,3,stroop,stroop:s03:r1,extra_trees,0.0,0.5058909138462062,0.49410908615379384,0.0,1.0,127.0,5.0
openbci,loso,3,stroop,stroop:s03:r1,rf,0.0,0.4693325042201652,0.5306674957798347,1.0,0.0,127.0,5.0
openbci,loso,3,stroop,stroop:s03:r2,always_fuse,1.0,0.3510080848427541,0.648991915157246,1.0,1.0,102.0,5.0
openbci,loso,3,stroop,stroop:s03:r2,always_nn,1.0,0.10770042704884882,0.8922995729511511,1.0,1.0,102.0,5.0
openbci,loso,3,stroop,stroop:s03:r2,extra_trees,1.0,0.38682473377733373,0.6131752662226663,1.0,1.0,102.0,5.0
openbci,loso,3,stroop,stroop:s03:r2,rf,1.0,0.38679326831621064,0.6132067316837895,1.0,1.0,102.0,5.0
openbci,loso,3,stroop,stroop:s03:r3,always_fuse,1.0,0.32178334286985816,0.6782166571301418,1.0,1.0,160.0,5.0
openbci,loso,3,stroop,stroop:s03:r3,always_nn,1.0,0.051741870100885844,0.9482581298991142,1.0,1.0,160.0,5.0
openbci,loso,3,stroop,stroop:s03:r3,extra_trees,1.0,0.3439097744395664,0.6560902255604335,1.0,1.0,160.0,5.0
openbci,loso,3,stroop,stroop:s03:r3,rf,1.0,0.3412493163097873,0.6587506836902127,1.0,1.0,160.0,5.0
openbci,loso,4,arithmetic,arithmetic:s04:r0,always_fuse,0.0,0.3710833927138965,0.6289166072861034,1.0,0.0,116.0,5.0
openbci,loso,4,arithmetic,arithmetic:s04:r0,always_nn,0.0,0.23670245129137504,0.7632975487086249,1.0,0.0,116.0,5.0
openbci,loso,4,arithmetic,arithmetic:s04:r0,extra_trees,0.0,0.21014634582715694,0.789853654172843,1.0,0.0,116.0,5.0
openbci,loso,4,arithmetic,arithmetic:s04:r0,rf,0.0,0.35472368080874417,0.6452763191912558,1.0,0.0,116.0,5.0
openbci,loso,4,arithmetic,arithmetic:s04:r1,always_fuse,0.0,0.5828209012020655,0.4171790987979344,0.0,1.0,119.0,5.0
openbci,loso,4,arithmetic,arithmetic:s04:r1,always_nn,0.0,0.980447126441663,0.019552873558336965,0.0,1.0,119.0,5.0
openbci,loso,4,arithmetic,arithmetic:s04:r1,extra_trees,0.0,0.5169615704565905,0.4830384295434095,0.0,1.0,119.0,5.0
openbci,loso,4,arithmetic,arithmetic:s04:r1,rf,0.0,0.5212461267451631,0.4787538732548368,0.0,1.0,119.0,5.0
openbci,loso,4,arithmetic,arithmetic:s04:r2,always_fuse,1.0,0.5141332919543611,0.4858667080456389,0.0,0.0,210.0,5.0
openbci,loso,4,arithmetic,arithmetic:s04:r2,always_nn,1.0,0.773778624213135,0.22622137578686485,0.0,0.0,210.0,5.0
openbci,loso,4,arithmetic,arithmetic:s04:r2,extra_trees,1.0,0.5506936145416044,0.44930638545839563,0.0,0.0,210.0,5.0
openbci,loso,4,arithmetic,arithmetic:s04:r2,rf,1.0,0.5848062851076506,0.41519371489234935,0.0,0.0,210.0,5.0
openbci,loso,4,arithmetic,arithmetic:s04:r3,always_fuse,1.0,0.493113091722243,0.506886908277757,1.0,1.0,221.0,5.0
openbci,loso,4,arithmetic,arithmetic:s04:r3,always_nn,1.0,0.6815351431507372,0.31846485684926296,0.0,0.0,221.0,5.0
openbci,loso,4,arithmetic,arithmetic:s04:r3,extra_trees,1.0,0.5182502941195869,0.4817497058804131,0.0,0.0,221.0,5.0
openbci,loso,4,arithmetic,arithmetic:s04:r3,rf,1.0,0.5525159723210646,0.44748402767893536,0.0,0.0,221.0,5.0
openbci,loso,4,stroop,stroop:s04:r0,always_fuse,0.0,0.6145348384439014,0.3854651615560985,0.0,1.0,116.0,5.0
openbci,loso,4,stroop,stroop:s04:r0,always_nn,0.0,0.9890187101810732,0.01098128981892674,0.0,1.0,116.0,5.0
openbci,loso,4,stroop,stroop:s04:r0,extra_trees,0.0,0.7127966238297323,0.28720337617026775,0.0,1.0,116.0,5.0
openbci,loso,4,stroop,stroop:s04:r0,rf,0.0,0.7420485825196371,0.257951417480363,0.0,1.0,116.0,5.0
openbci,loso,4,stroop,stroop:s04:r1,always_fuse,0.0,0.4853989896120398,0.5146010103879602,1.0,0.0,89.0,5.0
openbci,loso,4,stroop,stroop:s04:r1,always_nn,0.0,0.6990347666733026,0.30096523332669745,0.0,1.0,89.0,5.0
openbci,loso,4,stroop,stroop:s04:r1,extra_trees,0.0,0.6352006983799449,0.3647993016200552,0.0,1.0,89.0,5.0
openbci,loso,4,stroop,stroop:s04:r1,rf,0.0,0.694144714929499,0.305855285070501,0.0,1.0,89.0,5.0
openbci,loso,4,stroop,stroop:s04:r2,always_fuse,1.0,0.5743250412898707,0.4256749587101292,0.0,0.0,62.0,5.0
openbci,loso,4,stroop,stroop:s04:r2,always_nn,1.0,0.9639265567798485,0.03607344322015141,0.0,0.0,62.0,5.0
openbci,loso,4,stroop,stroop:s04:r2,extra_trees,1.0,0.6527250246379898,0.34727497536201024,0.0,0.0,62.0,5.0
openbci,loso,4,stroop,stroop:s04:r2,rf,1.0,0.7094721019685994,0.29052789803140056,0.0,0.0,62.0,5.0
openbci,loso,4,stroop,stroop:s04:r3,always_fuse,1.0,0.5853181414292582,0.4146818585707418,0.0,0.0,192.0,5.0
openbci,loso,4,stroop,stroop:s04:r3,always_nn,1.0,0.9701098015831319,0.029890198416868168,0.0,0.0,192.0,5.0
openbci,loso,4,stroop,stroop:s04:r3,extra_trees,1.0,0.6322485522640665,0.3677514477359335,0.0,0.0,192.0,5.0
openbci,loso,4,stroop,stroop:s04:r3,rf,1.0,0.6647554447982006,0.33524455520179947,0.0,0.0,192.0,5.0
openbci,loso,5,arithmetic,arithmetic:s05:r0,always_fuse,0.0,0.7503145694914567,0.24968543050854328,0.0,1.0,244.0,5.0
openbci,loso,5,arithmetic,arithmetic:s05:r0,always_nn,0.0,0.9994720224542516,0.0005279775457483428,0.0,1.0,244.0,5.0
openbci,loso,5,arithmetic,arithmetic:s05:r0,extra_trees,0.0,0.7465352890664214,0.25346471093357853,0.0,1.0,244.0,5.0
openbci,loso,5,arithmetic,arithmetic:s05:r0,rf,0.0,0.7772872152628525,0.22271278473714753,0.0,1.0,244.0,5.0
openbci,loso,5,arithmetic,arithmetic:s05:r1,always_fuse,0.0,0.527698489122171,0.47230151087782907,0.0,1.0,153.0,5.0
openbci,loso,5,arithmetic,arithmetic:s05:r1,always_nn,0.0,0.8493502248983078,0.1506497751016922,0.0,1.0,153.0,5.0
openbci,loso,5,arithmetic,arithmetic:s05:r1,extra_trees,0.0,0.6260685259085662,0.37393147409143374,0.0,1.0,153.0,5.0
openbci,loso,5,arithmetic,arithmetic:s05:r1,rf,0.0,0.6390017432269097,0.36099825677309033,0.0,1.0,153.0,5.0
openbci,loso,5,arithmetic,arithmetic:s05:r2,always_fuse,1.0,0.5521851611094717,0.44781483889052837,0.0,0.0,198.0,5.0
openbci,loso,5,arithmetic,arithmetic:s05:r2,always_nn,1.0,0.9301549560185098,0.06984504398149011,0.0,0.0,198.0,5.0
openbci,loso,5,arithmetic,arithmetic:s05:r2,extra_trees,1.0,0.6307882375147297,0.3692117624852704,0.0,0.0,198.0,5.0
openbci,loso,5,arithmetic,arithmetic:s05:r2,rf,1.0,0.6220689514157507,0.3779310485842494,0.0,0.0,198.0,5.0
openbci,loso,5,arithmetic,arithmetic:s05:r3,always_fuse,1.0,0.47733682660289795,0.522663173397102,1.0,1.0,232.0,5.0
openbci,loso,5,arithmetic,arithmetic:s05:r3,always_nn,1.0,0.4419781395946397,0.5580218604053603,1.0,1.0,232.0,5.0
openbci,loso,5,arithmetic,arithmetic:s05:r3,extra_trees,1.0,0.5377892479629346,0.4622107520370654,0.0,0.0,232.0,5.0
openbci,loso,5,arithmetic,arithmetic:s05:r3,rf,1.0,0.5844594838999948,0.41554051610000525,0.0,0.0,232.0,5.0
openbci,loso,5,stroop,stroop:s05:r0,always_fuse,0.0,0.727240830248675,0.27275916975132497,0.0,1.0,244.0,5.0
openbci,loso,5,stroop,stroop:s05:r0,always_nn,0.0,0.9999413124939789,5.868750602106016e-05,0.0,1.0,244.0,5.0
openbci,loso,5,stroop,stroop:s05:r0,extra_trees,0.0,0.8197047419293337,0.18029525807066626,0.0,1.0,244.0,5.0
openbci,loso,5,stroop,stroop:s05:r0,rf,0.0,0.8586250142347068,0.14137498576529306,0.0,1.0,244.0,5.0
openbci,loso,5,stroop,stroop:s05:r1,always_fuse,0.0,0.40683803263468066,0.5931619673653193,1.0,0.0,137.0,5.0
openbci,loso,5,stroop,stroop:s05:r1,always_nn,0.0,0.24554910472630886,0.7544508952736912,1.0,0.0,137.0,5.0
openbci,loso,5,stroop,stroop:s05:r1,extra_trees,0.0,0.48822408590423705,0.5117759140957631,1.0,0.0,137.0,5.0
openbci,loso,5,stroop,stroop:s05:r1,rf,0.0,0.5114932987031001,0.4885067012968998,0.0,1.0,137.0,5.0
openbci,loso,5,stroop,stroop:s05:r2,always_fuse,1.0,0.37853039710680336,0.6214696028931967,1.0,1.0,108.0,5.0
openbci,loso,5,stroop,stroop:s05:r2,always_nn,1.0,0.10153352996311478,0.8984664700368853,1.0,1.0,108.0,5.0
openbci,loso,5,stroop,stroop:s05:r2,extra_trees,1.0,0.48607884196077084,0.5139211580392292,1.0,1.0,108.0,5.0
openbci,loso,5,stroop,stroop:s05:r2,rf,1.0,0.5272921380529701,0.47270786194702974,0.0,0.0,108.0,5.0
openbci,loso,5,stroop,stroop:s05:r3,always_fuse,1.0,0.36116818742292806,0.638831812577072,1.0,1.0,171.0,5.0
openbci,loso,5,stroop,stroop:s05:r3,always_nn,1.0,0.07359182576606194,0.9264081742339381,1.0,1.0,171.0,5.0
openbci,loso,5,stroop,stroop:s05:r3,extra_trees,1.0,0.44015770409217936,0.5598422959078205,1.0,1.0,171.0,5.0
openbci,loso,5,stroop,stroop:s05:r3,rf,1.0,0.4660577464558136,0.5339422535441865,1.0,1.0,171.0,5.0
openbci,loso,6,arithmetic,arithmetic:s06:r0,always_fuse,0.0,0.6115855322477112,0.3884144677522888,0.0,1.0,150.0,5.0
openbci,loso,6,arithmetic,arithmetic:s06:r0,always_nn,0.0,0.9989926469320962,0.0010073530679036724,0.0,1.0,150.0,5.0
openbci,loso,6,arithmetic,arithmetic:s06:r0,extra_trees,0.0,0.3654850122903758,0.6345149877096241,1.0,0.0,150.0,5.0
openbci,loso,6,arithmetic,arithmetic:s06:r0,rf,0.0,0.32489150882232654,0.6751084911776735,1.0,0.0,150.0,5.0
openbci,loso,6,arithmetic,arithmetic:s06:r1,always_fuse,0.0,0.43218787259468167,0.5678121274053183,1.0,0.0,119.0,5.0
openbci,loso,6,arithmetic,arithmetic:s06:r1,always_nn,0.0,0.969553211974814,0.03044678802518596,0.0,1.0,119.0,5.0
openbci,loso,6,arithmetic,arithmetic:s06:r1,extra_trees,0.0,0.23445439739362647,0.7655456026063735,1.0,0.0,119.0,5.0
openbci,loso,6,arithmetic,arithmetic:s06:r1,rf,0.0,0.14429785048944516,0.8557021495105548,1.0,0.0,119.0,5.0
openbci,loso,6,arithmetic,arithmetic:s06:r2,always_fuse,1.0,0.49303189484354454,0.5069681051564555,1.0,1.0,130.0,5.0
openbci,loso,6,arithmetic,arithmetic:s06:r2,always_nn,1.0,0.9830774567747508,0.016922543225249217,0.0,0.0,130.0,5.0
openbci,loso,6,arithmetic,arithmetic:s06:r2,extra_trees,1.0,0.30788543241114474,0.6921145675888553,1.0,1.0,130.0,5.0
openbci,loso,6,arithmetic,arithmetic:s06:r2,rf,1.0,0.22261855700390565,0.7773814429960944,1.0,1.0,130.0,5.0
openbci,loso,6,arithmetic,arithmetic:s06:r3,always_fuse,1.0,0.47276755601559334,0.5272324439844066,1.0,1.0,191.0,5.0
openbci,loso,6,arithmetic,arithmetic:s06:r3,always_nn,1.0,0.9763572272114928,0.023642772788507224,0.0,0.0,191.0,5.0
openbci,loso,6,arithmetic,arithmetic:s06:r3,extra_trees,1.0,0.28486581734898575,0.7151341826510142,1.0,1.0,191.0,5.0
openbci,loso,6,arithmetic,arithmetic:s06:r3,rf,1.0,0.20477922173473848,0.7952207782652616,1.0,1.0,191.0,5.0
openbci,loso,6,stroop,stroop:s06:r0,always_fuse,0.0,0.3428426536691336,0.6571573463308664,1.0,0.0,150.0,5.0
openbci,loso,6,stroop,stroop:s06:r0,always_nn,0.0,0.05563669232440292,0.9443633076755971,1.0,0.0,150.0,5.0
openbci,loso,6,stroop,stroop:s06:r0,extra_trees,0.0,0.23952526275937008,0.76047473724063,1.0,0.0,150.0,5.0
openbci,loso,6,stroop,stroop:s06:r0,rf,0.0,0.17318598226090498,0.826814017739095,1.0,0.0,150.0,5.0
openbci,loso,6,stroop,stroop:s06:r1,always_fuse,0.0,0.5218817500498669,0.47811824995013297,0.0,1.0,119.0,5.0
openbci,loso,6,stroop,stroop:s06:r1,always_nn,0.0,0.8687665943754267,0.13123340562457325,0.0,1.0,119.0,5.0
openbci,loso,6,stroop,stroop:s06:r1,extra_trees,0.0,0.5018707951022074,0.49812920489779267,0.0,1.0,119.0,5.0
openbci,loso,6,stroop,stroop:s06:r1,rf,0.0,0.3590108807066285,0.6409891192933715,1.0,0.0,119.0,5.0
openbci,loso,6,stroop,stroop:s06:r2,always_fuse,1.0,0.5549382939752955,0.4450617060247046,0.0,0.0,111.0,5.0
openbci,loso,6,stroop,stroop:s06:r2,always_nn,1.0,0.9644331169834782,0.03556688301652172,0.0,0.0,111.0,5.0
openbci,loso,6,stroop,stroop:s06:r2,extra_trees,1.0,0.522900724233972,0.47709927576602795,0.0,0.0,111.0,5.0
openbci,loso,6,stroop,stroop:s06:r2,rf,1.0,0.4435295840235495,0.5564704159764505,1.0,1.0,111.0,5.0
openbci,loso,6,stroop,stroop:s06:r3,always_fuse,1.0,0.3835059770708934,0.6164940229291067,1.0,1.0,161.0,5.0
openbci,loso,6,stroop,stroop:s06:r3,always_nn,1.0,0.16670243617525446,0.8332975638247455,1.0,1.0,161.0,5.0
openbci,loso,6,stroop,stroop:s06:r3,extra_trees,1.0,0.2667639396963757,0.7332360603036243,1.0,1.0,161.0,5.0
openbci,loso,6,stroop,stroop:s06:r3,rf,1.0,0.16604120744991882,0.8339587925500812,1.0,1.0,161.0,5.0
openbci,loso,7,arithmetic,arithmetic:s07:r0,always_fuse,0.0,0.7443101849944636,0.2556898150055364,0.0,1.0,169.0,5.0
openbci,loso,7,arithmetic,arithmetic:s07:r0,always_nn,0.0,0.9997625275648326,0.00023747243516740205,0.0,1.0,169.0,5.0
openbci,loso,7,arithmetic,arithmetic:s07:r0,extra_trees,0.0,0.8307748863939408,0.1692251136060592,0.0,1.0,169.0,5.0
openbci,loso,7,arithmetic,arithmetic:s07:r0,rf,0.0,0.8608765668348052,0.1391234331651948,0.0,1.0,169.0,5.0
openbci,loso,7,arithmetic,arithmetic:s07:r1,always_fuse,0.0,0.576601173632208,0.423398826367792,0.0,1.0,36.0,5.0
openbci,loso,7,arithmetic,arithmetic:s07:r1,always_nn,0.0,0.9838340649334284,0.016165935066571668,0.0,1.0,36.0,5.0
openbci,loso,7,arithmetic,arithmetic:s07:r1,extra_trees,0.0,0.7167128534292135,0.28328714657078646,0.0,1.0,36.0,5.0
openbci,loso,7,arithmetic,arithmetic:s07:r1,rf,0.0,0.584770475148482,0.415229524851518,0.0,1.0,36.0,5.0
openbci,loso,7,arithmetic,arithmetic:s07:r2,always_fuse,1.0,0.5584867439336666,0.44151325606633346,0.0,0.0,46.0,5.0
openbci,loso,7,arithmetic,arithmetic:s07:r2,always_nn,1.0,0.952383770149901,0.04761622985009895,0.0,0.0,46.0,5.0
openbci,loso,7,arithmetic,arithmetic:s07:r2,extra_trees,1.0,0.6638662174017628,0.33613378259823723,0.0,0.0,46.0,5.0
openbci,loso,7,arithmetic,arithmetic:s07:r2,rf,1.0,0.5936426198845225,0.40635738011547745,0.0,0.0,46.0,5.0
openbci,loso,7,arithmetic,arithmetic:s07:r3,always_fuse,1.0,0.5506252972121016,0.44937470278789843,0.0,0.0,102.0,5.0
openbci,loso,7,arithmetic,arithmetic:s07:r3,always_nn,1.0,0.9720188591910882,0.027981140808911842,0.0,0.0,102.0,5.0
openbci,loso,7,arithmetic,arithmetic:s07:r3,extra_trees,1.0,0.7267928438991611,0.2732071561008389,0.0,0.0,102.0,5.0
openbci,loso,7,arithmetic,arithmetic:s07:r3,rf,1.0,0.552865115274579,0.447134884725421,0.0,0.0,102.0,5.0
openbci,loso,7,stroop,stroop:s07:r0,always_fuse,0.0,0.7662224438736437,0.23377755612635637,0.0,1.0,169.0,5.0
openbci,loso,7,stroop,stroop:s07:r0,always_nn,0.0,0.9999750714468563,2.4928553143736736e-05,0.0,1.0,169.0,5.0
openbci,loso,7,stroop,stroop:s07:r0,extra_trees,0.0,0.865408344496441,0.13459165550355895,0.0,1.0,169.0,5.0
openbci,loso,7,stroop,stroop:s07:r0,rf,0.0,0.8841084838565393,0.11589151614346077,0.0,1.0,169.0,5.0
openbci,loso,7,stroop,stroop:s07:r1,always_fuse,0.0,0.6706083747080269,0.3293916252919731,0.0,1.0,97.0,5.0
openbci,loso,7,stroop,stroop:s07:r1,always_nn,0.0,0.9997414484254781,0.00025855157452192356,0.0,1.0,97.0,5.0
openbci,loso,7,stroop,stroop:s07:r1,extra_trees,0.0,0.6608709692618362,0.33912903073816375,0.0,1.0,97.0,5.0
openbci,loso,7,stroop,stroop:s07:r1,rf,0.0,0.6838332444722222,0.31616675552777784,0.0,1.0,97.0,5.0
openbci,loso,7,stroop,stroop:s07:r2,always_fuse,1.0,0.5925152704174053,0.40748472958259485,0.0,0.0,96.0,5.0
openbci,loso,7,stroop,stroop:s07:r2,always_nn,1.0,0.995145337475821,0.004854662524179003,0.0,0.0,96.0,5.0
openbci,loso,7,stroop,stroop:s07:r2,extra_trees,1.0,0.6184942703587635,0.3815057296412365,0.0,0.0,96.0,5.0
openbci,loso,7,stroop,stroop:s07:r2,rf,1.0,0.6158406760440877,0.38415932395591235,0.0,0.0,96.0,5.0
openbci,loso,7,stroop,stroop:s07:r3,always_fuse,1.0,0.6434733608765856,0.35652663912341437,0.0,0.0,179.0,5.0
openbci,loso,7,stroop,stroop:s07:r3,always_nn,1.0,0.9992997452444985,0.0007002547555015083,0.0,0.0,179.0,5.0
openbci,loso,7,stroop,stroop:s07:r3,extra_trees,1.0,0.6393985891868113,0.3606014108131888,0.0,0.0,179.0,5.0
openbci,loso,7,stroop,stroop:s07:r3,rf,1.0,0.6499767858635849,0.350023214136415,0.0,0.0,179.0,5.0
openbci,loso,8,arithmetic,arithmetic:s08:r0,always_fuse,0.0,0.5438156367722257,0.4561843632277743,0.0,1.0,190.0,5.0
openbci,loso,8,arithmetic,arithmetic:s08:r0,always_nn,0.0,0.9322720035565449,0.06772799644345502,0.0,1.0,190.0,5.0
openbci,loso,8,arithmetic,arithmetic:s08:r0,extra_trees,0.0,0.4322013087003146,0.5677986912996854,1.0,0.0,190.0,5.0
openbci,loso,8,arithmetic,arithmetic:s08:r0,rf,0.0,0.412109547585664,0.587890452414336,1.0,0.0,190.0,5.0
openbci,loso,8,arithmetic,arithmetic:s08:r1,always_fuse,0.0,0.385678825889751,0.6143211741102489,1.0,0.0,278.0,5.0
openbci,loso,8,arithmetic,arithmetic:s08:r1,always_nn,0.0,0.2685818751554921,0.731418124844508,1.0,0.0,278.0,5.0
openbci,loso,8,arithmetic,arithmetic:s08:r1,extra_trees,0.0,0.3106352002201293,0.6893647997798708,1.0,0.0,278.0,5.0
openbci,loso,8,arithmetic,arithmetic:s08:r1,rf,0.0,0.2381233132606557,0.7618766867393443,1.0,0.0,278.0,5.0
openbci,loso,8,arithmetic,arithmetic:s08:r2,always_fuse,1.0,0.37558225867779454,0.6244177413222055,1.0,1.0,259.0,5.0
openbci,loso,8,arithmetic,arithmetic:s08:r2,always_nn,1.0,0.23932591111206958,0.7606740888879304,1.0,1.0,259.0,5.0
openbci,loso,8,arithmetic,arithmetic:s08:r2,extra_trees,1.0,0.3048564590346396,0.6951435409653605,1.0,1.0,259.0,5.0
openbci,loso,8,arithmetic,arithmetic:s08:r2,rf,1.0,0.2230600758581561,0.7769399241418439,1.0,1.0,259.0,5.0
openbci,loso,8,arithmetic,arithmetic:s08:r3,always_fuse,1.0,0.3413858662698341,0.658614133730166,1.0,1.0,311.0,5.0
openbci,loso,8,arithmetic,arithmetic:s08:r3,always_nn,1.0,0.11918636187173112,0.880813638128269,1.0,1.0,311.0,5.0
openbci,loso,8,arithmetic,arithmetic:s08:r3,extra_trees,1.0,0.2574427981185327,0.7425572018814673,1.0,1.0,311.0,5.0
openbci,loso,8,arithmetic,arithmetic:s08:r3,rf,1.0,0.17198083727730004,0.8280191627226999,1.0,1.0,311.0,5.0
openbci,loso,8,stroop,stroop:s08:r0,always_fuse,0.0,0.5666081129476412,0.4333918870523588,0.0,1.0,190.0,5.0
openbci,loso,8,stroop,stroop:s08:r0,always_nn,0.0,0.9791542112517546,0.020845788748245372,0.0,1.0,190.0,5.0
openbci,loso,8,stroop,stroop:s08:r0,extra_trees,0.0,0.6756202052071004,0.32437979479289963,0.0,1.0,190.0,5.0
openbci,loso,8,stroop,stroop:s08:r0,rf,0.0,0.7624845926171582,0.2375154073828418,0.0,1.0,190.0,5.0
openbci,loso,8,stroop,stroop:s08:r1,always_fuse,0.0,0.46605669753872403,0.533943302461276,1.0,0.0,162.0,5.0
openbci,loso,8,stroop,stroop:s08:r1,always_nn,0.0,0.7043054676669666,0.29569453233303344,0.0,1.0,162.0,5.0
openbci,loso,8,stroop,stroop:s08:r1,extra_trees,0.0,0.5951735929486597,0.4048264070513403,0.0,1.0,162.0,5.0
openbci,loso,8,stroop,stroop:s08:r1,rf,0.0,0.6660162116885922,0.33398378831140785,0.0,1.0,162.0,5.0
openbci,loso,8,stroop,stroop:s08:r2,always_fuse,1.0,0.42807061209407904,0.571929387905921,1.0,1.0,160.0,5.0
openbci,loso,8,stroop,stroop:s08:r2,always_nn,1.0,0.434377120072421,0.5656228799275791,1.0,1.0,160.0,5.0
openbci,loso,8,stroop,stroop:s08:r2,extra_trees,1.0,0.6148928664915918,0.38510713350840825,0.0,0.0,160.0,5.0
openbci,loso,8,stroop,stroop:s08:r2,rf,1.0,0.790308370977457,0.20969162902254299,0.0,0.0,160.0,5.0
openbci,loso,8,stroop,stroop:s08:r3,always_fuse,1.0,0.4045028300182856,0.5954971699817144,1.0,1.0,234.0,5.0
openbci,loso,8,stroop,stroop:s08:r3,always_nn,1.0,0.32415284883232454,0.6758471511676756,1.0,1.0,234.0,5.0
openbci,loso,8,stroop,stroop:s08:r3,extra_trees,1.0,0.5826383966814106,0.41736160331858946,0.0,0.0,234.0,5.0
openbci,loso,8,stroop,stroop:s08:r3,rf,1.0,0.7704435406035532,0.22955645939644675,0.0,0.0,234.0,5.0
openbci,loso,9,arithmetic,arithmetic:s09:r0,always_fuse,0.0,0.8476293837413666,0.1523706162586333,0.0,1.0,410.0,5.0
openbci,loso,9,arithmetic,arithmetic:s09:r0,always_nn,0.0,0.9999927678813629,7.232118637060581e-06,0.0,1.0,410.0,5.0
openbci,loso,9,arithmetic,arithmetic:s09:r0,extra_trees,0.0,0.9422398960357792,0.05776010396422077,0.0,1.0,410.0,5.0
openbci,loso,9,arithmetic,arithmetic:s09:r0,rf,0.0,0.9718571962353854,0.02814280376461459,0.0,1.0,410.0,5.0
openbci,loso,9,arithmetic,arithmetic:s09:r1,always_fuse,0.0,0.6524492083306662,0.3475507916693338,0.0,1.0,121.0,5.0
openbci,loso,9,arithmetic,arithmetic:s09:r1,always_nn,0.0,0.9901366927558692,0.009863307244130754,0.0,1.0,121.0,5.0
openbci,loso,9,arithmetic,arithmetic:s09:r1,extra_trees,0.0,0.7290584817616614,0.2709415182383385,0.0,1.0,121.0,5.0
openbci,loso,9,arithmetic,arithmetic:s09:r1,rf,0.0,0.7602697401634999,0.23973025983650004,0.0,1.0,121.0,5.0
openbci,loso,9,arithmetic,arithmetic:s09:r2,always_fuse,1.0,0.6917987513176862,0.3082012486823139,0.0,0.0,122.0,5.0
openbci,loso,9,arithmetic,arithmetic:s09:r2,always_nn,1.0,0.9953919559548181,0.004608044045181856,0.0,0.0,122.0,5.0
openbci,loso,9,arithmetic,arithmetic:s09:r2,extra_trees,1.0,0.7264044583365686,0.27359554166343136,0.0,0.0,122.0,5.0
openbci,loso,9,arithmetic,arithmetic:s09:r2,rf,1.0,0.7726817688401812,0.22731823115981878,0.0,0.0,122.0,5.0
openbci,loso,9,arithmetic,arithmetic:s09:r3,always_fuse,1.0,0.7005770091928181,0.29942299080718193,0.0,0.0,426.0,5.0
openbci,loso,9,arithmetic,arithmetic:s09:r3,always_nn,1.0,0.9968249371281662,0.0031750628718337512,0.0,0.0,426.0,5.0
openbci,loso,9,arithmetic,arithmetic:s09:r3,extra_trees,1.0,0.8016121691240482,0.19838783087595177,0.0,0.0,426.0,5.0
openbci,loso,9,arithmetic,arithmetic:s09:r3,rf,1.0,0.848818330574916,0.15118166942508401,0.0,0.0,426.0,5.0
openbci,loso,9,stroop,stroop:s09:r0,always_fuse,0.0,0.8114502558294523,0.1885497441705478,0.0,1.0,410.0,5.0
openbci,loso,9,stroop,stroop:s09:r0,always_nn,0.0,0.999930266651001,6.973334899894981e-05,0.0,1.0,410.0,5.0
openbci,loso,9,stroop,stroop:s09:r0,extra_trees,0.0,0.9425327657406719,0.057467234259328086,0.0,1.0,410.0,5.0
openbci,loso,9,stroop,stroop:s09:r0,rf,0.0,0.9651314234683569,0.03486857653164306,0.0,1.0,410.0,5.0
openbci,loso,9,stroop,stroop:s09:r1,always_fuse,0.0,0.4335620293600403,0.5664379706399597,1.0,0.0,160.0,5.0
openbci,loso,9,stroop,stroop:s09:r1,always_nn,0.0,0.5155013361477384,0.4844986638522616,0.0,1.0,160.0,5.0
openbci,loso,9,stroop,stroop:s09:r1,extra_trees,0.0,0.6930236514805482,0.3069763485194517,0.0,1.0,160.0,5.0
openbci,loso,9,stroop,stroop:s09:r1,rf,0.0,0.759504654680733,0.24049534531926695,0.0,1.0,160.0,5.0
openbci,loso,9,stroop,stroop:s09:r2,always_fuse,1.0,0.3650108062281562,0.6349891937718439,1.0,1.0,110.0,5.0
openbci,loso,9,stroop,stroop:s09:r2,always_nn,1.0,0.17931166550133587,0.8206883344986642,1.0,1.0,110.0,5.0
openbci,loso,9,stroop,stroop:s09:r2,extra_trees,1.0,0.6328316509503246,0.3671683490496754,0.0,0.0,110.0,5.0
openbci,loso,9,stroop,stroop:s09:r2,rf,1.0,0.7086143427529198,0.2913856572470802,0.0,0.0,110.0,5.0
openbci,loso,9,stroop,stroop:s09:r3,always_fuse,1.0,0.4279001494290054,0.5720998505709947,1.0,1.0,193.0,5.0
openbci,loso,9,stroop,stroop:s09:r3,always_nn,1.0,0.553515239752059,0.4464847602479411,0.0,0.0,193.0,5.0
openbci,loso,9,stroop,stroop:s09:r3,extra_trees,1.0,0.658752465163121,0.34124753483687886,0.0,0.0,193.0,5.0
openbci,loso,9,stroop,stroop:s09:r3,rf,1.0,0.7342061414554107,0.2657938585445893,0.0,0.0,193.0,5.0
openbci,loso,10,arithmetic,arithmetic:s10:r0,always_fuse,0.0,0.6503676626622878,0.3496323373377122,0.0,1.0,185.0,5.0
openbci,loso,10,arithmetic,arithmetic:s10:r0,always_nn,0.0,0.9980121654209925,0.001987834579007604,0.0,1.0,185.0,5.0
openbci,loso,10,arithmetic,arithmetic:s10:r0,extra_trees,0.0,0.8002397481431476,0.19976025185685253,0.0,1.0,185.0,5.0
openbci,loso,10,arithmetic,arithmetic:s10:r0,rf,0.0,0.7636433658316596,0.23635663416834046,0.0,1.0,185.0,5.0
openbci,loso,10,arithmetic,arithmetic:s10:r1,always_fuse,0.0,0.35886122863322945,0.6411387713667706,1.0,0.0,96.0,5.0
openbci,loso,10,arithmetic,arithmetic:s10:r1,always_nn,0.0,0.1333728227936073,0.8666271772063927,1.0,0.0,96.0,5.0
openbci,loso,10,arithmetic,arithmetic:s10:r1,extra_trees,0.0,0.5533641660459322,0.44663583395406786,0.0,1.0,96.0,5.0
openbci,loso,10,arithmetic,arithmetic:s10:r1,rf,0.0,0.455349075923828,0.5446509240761721,1.0,0.0,96.0,5.0
openbci,loso,10,arithmetic,arithmetic:s10:r2,always_fuse,1.0,0.36267753141198467,0.6373224685880154,1.0,1.0,112.0,5.0
openbci,loso,10,arithmetic,arithmetic:s10:r2,always_nn,1.0,0.13573077175154563,0.8642692282484544,1.0,1.0,112.0,5.0
openbci,loso,10,arithmetic,arithmetic:s10:r2,extra_trees,1.0,0.5646210197696505,0.4353789802303495,0.0,0.0,112.0,5.0
openbci,loso,10,arithmetic,arithmetic:s10:r2,rf,1.0,0.4524278537943657,0.5475721462056343,1.0,1.0,112.0,5.0
openbci,loso,10,arithmetic,arithmetic:s10:r3,always_fuse,1.0,0.3676379070812411,0.632362092918759,1.0,1.0,145.0,5.0
openbci,loso,10,arithmetic,arithmetic:s10:r3,always_nn,1.0,0.1549539113759894,0.8450460886240105,1.0,1.0,145.0,5.0
openbci,loso,10,arithmetic,arithmetic:s10:r3,extra_trees,1.0,0.5779005918443213,0.42209940815567876,0.0,0.0,145.0,5.0
openbci,loso,10,arithmetic,arithmetic:s10:r3,rf,1.0,0.4693675919268017,0.5306324080731982,1.0,1.0,145.0,5.0
openbci,loso,10,stroop,stroop:s10:r0,always_fuse,0.0,0.7750417382724003,0.22495826172759978,0.0,1.0,185.0,5.0
openbci,loso,10,stroop,stroop:s10:r0,always_nn,0.0,0.9999863848251324,1.3615174867687871e-05,0.0,1.0,185.0,5.0
openbci,loso,10,stroop,stroop:s10:r0,extra_trees,0.0,0.7978084617737672,0.20219153822623281,0.0,1.0,185.0,5.0
openbci,loso,10,stroop,stroop:s10:r0,rf,0.0,0.7648983440629986,0.23510165593700133,0.0,1.0,185.0,5.0
openbci,loso,10,stroop,stroop:s10:r1,always_fuse,0.0,0.6312340676615257,0.3687659323384744,0.0,1.0,118.0,5.0
openbci,loso,10,stroop,stroop:s10:r1,always_nn,0.0,0.999573528838317,0.00042647116168304346,0.0,1.0,118.0,5.0
openbci,loso,10,stroop,stroop:s10:r1,extra_trees,0.0,0.65016447449467,0.3498355255053301,0.0,1.0,118.0,5.0
openbci,loso,10,stroop,stroop:s10:r1,rf,0.0,0.6572821939123402,0.34271780608765984,0.0,1.0,118.0,5.0
openbci,loso,10,stroop,stroop:s10:r2,always_fuse,1.0,0.6232768760821026,0.3767231239178975,0.0,0.0,83.0,5.0
openbci,loso,10,stroop,stroop:s10:r2,always_nn,1.0,0.9990358158172967,0.0009641841827033264,0.0,0.0,83.0,5.0
openbci,loso,10,stroop,stroop:s10:r2,extra_trees,1.0,0.6517718716279811,0.34822812837201894,0.0,0.0,83.0,5.0
openbci,loso,10,stroop,stroop:s10:r2,rf,1.0,0.6615318457477015,0.33846815425229837,0.0,0.0,83.0,5.0
openbci,loso,10,stroop,stroop:s10:r3,always_fuse,1.0,0.5176580931417292,0.4823419068582709,0.0,0.0,207.0,5.0
openbci,loso,10,stroop,stroop:s10:r3,always_nn,1.0,0.954916448665302,0.04508355133469799,0.0,0.0,207.0,5.0
openbci,loso,10,stroop,stroop:s10:r3,extra_trees,1.0,0.5576869599622232,0.4423130400377768,0.0,0.0,207.0,5.0
openbci,loso,10,stroop,stroop:s10:r3,rf,1.0,0.5583515505917819,0.4416484494082181,0.0,0.0,207.0,5.0
openbci,loso,11,arithmetic,arithmetic:s11:r0,always_fuse,0.0,0.7060233814729727,0.29397661852702733,0.0,1.0,244.0,5.0
openbci,loso,11,arithmetic,arithmetic:s11:r0,always_nn,0.0,0.9978188201772112,0.0021811798227888003,0.0,1.0,244.0,5.0
openbci,loso,11,arithmetic,arithmetic:s11:r0,extra_trees,0.0,0.6778478620057662,0.3221521379942339,0.0,1.0,244.0,5.0
openbci,loso,11,arithmetic,arithmetic:s11:r0,rf,0.0,0.7476633206493314,0.2523366793506686,0.0,1.0,244.0,5.0
openbci,loso,11,arithmetic,arithmetic:s11:r1,always_fuse,0.0,0.5722279302053348,0.42777206979466526,0.0,1.0,155.0,5.0
openbci,loso,11,arithmetic,arithmetic:s11:r1,always_nn,0.0,0.8179945907571419,0.18200540924285816,0.0,1.0,155.0,5.0
openbci,loso,11,arithmetic,arithmetic:s11:r1,extra_trees,0.0,0.36055168933076165,0.6394483106692382,1.0,0.0,155.0,5.0
openbci,loso,11,arithmetic,arithmetic:s11:r1,rf,0.0,0.4218556068036875,0.5781443931963125,1.0,0.0,155.0,5.0
openbci,loso,11,arithmetic,arithmetic:s11:r2,always_fuse,1.0,0.5469858054770294,0.45301419452297065,0.0,0.0,162.0,5.0
openbci,loso,11,arithmetic,arithmetic:s11:r2,always_nn,1.0,0.7003945474569827,0.2996054525430173,0.0,0.0,162.0,5.0
openbci,loso,11,arithmetic,arithmetic:s11:r2,extra_trees,1.0,0.3216205009838875,0.6783794990161125,1.0,1.0,162.0,5.0
openbci,loso,11,arithmetic,arithmetic:s11:r2,rf,1.0,0.35675013511041925,0.6432498648895808,1.0,1.0,162.0,5.0
openbci,loso,11,arithmetic,arithmetic:s11:r3,always_fuse,1.0,0.5614016290740518,0.43859837092594817,0.0,0.0,211.0,5.0
openbci,loso,11,arithmetic,arithmetic:s11:r3,always_nn,1.0,0.7409794474063937,0.2590205525936063,0.0,0.0,211.0,5.0
openbci,loso,11,arithmetic,arithmetic:s11:r3,extra_trees,1.0,0.36789416730934643,0.6321058326906536,1.0,1.0,211.0,5.0
openbci,loso,11,arithmetic,arithmetic:s11:r3,rf,1.0,0.4384222071401534,0.5615777928598467,1.0,1.0,211.0,5.0
openbci,loso,11,stroop,stroop:s11:r0,always_fuse,0.0,0.5441399608876021,0.4558600391123978,0.0,1.0,244.0,5.0
openbci,loso,11,stroop,stroop:s11:r0,always_nn,0.0,0.9259120476479775,0.07408795235202255,0.0,1.0,244.0,5.0
openbci,loso,11,stroop,stroop:s11:r0,extra_trees,0.0,0.6343264699456016,0.36567353005439845,0.0,1.0,244.0,5.0
openbci,loso,11,stroop,stroop:s11:r0,rf,0.0,0.6661489779920453,0.33385102200795475,0.0,1.0,244.0,5.0
openbci,loso,11,stroop,stroop:s11:r1,always_fuse,0.0,0.4128449867950075,0.5871550132049925,1.0,0.0,113.0,5.0
openbci,loso,11,stroop,stroop:s11:r1,always_nn,0.0,0.3785289856365204,0.6214710143634796,1.0,0.0,113.0,5.0
openbci,loso,11,stroop,stroop:s11:r1,extra_trees,0.0,0.49698988127003674,0.5030101187299633,1.0,0.0,113.0,5.0
openbci,loso,11,stroop,stroop:s11:r1,rf,0.0,0.48976181809641284,0.5102381819035873,1.0,0.0,113.0,5.0
openbci,loso,11,stroop,stroop:s11:r2,always_fuse,1.0,0.4171669846210113,0.5828330153789887,1.0,1.0,130.0,5.0
openbci,loso,11,stroop,stroop:s11:r2,always_nn,1.0,0.3438182488992806,0.6561817511007194,1.0,1.0,130.0,5.0
openbci,loso,11,stroop,stroop:s11:r2,extra_trees,1.0,0.5107148461360249,0.4892851538639751,0.0,0.0,130.0,5.0
openbci,loso,11,stroop,stroop:s11:r2,rf,1.0,0.49752160856720845,0.5024783914327916,1.0,1.0,130.0,5.0
openbci,loso,11,stroop,stroop:s11:r3,always_fuse,1.0,0.4286639620849167,0.5713360379150834,1.0,1.0,185.0,5.0
openbci,loso,11,stroop,stroop:s11:r3,always_nn,1.0,0.3521960879519888,0.6478039120480112,1.0,1.0,185.0,5.0
openbci,loso,11,stroop,stroop:s11:r3,extra_trees,1.0,0.5372481471675169,0.4627518528324832,0.0,0.0,185.0,5.0
openbci,loso,11,stroop,stroop:s11:r3,rf,1.0,0.5261283367974984,0.4738716632025016,0.0,0.0,185.0,5.0
openbci,loso,12,arithmetic,arithmetic:s12:r0,always_fuse,0.0,0.3122078227796039,0.6877921772203961,1.0,0.0,185.0,5.0
openbci,loso,12,arithmetic,arithmetic:s12:r0,always_nn,0.0,0.011812549757315358,0.9881874502426847,1.0,0.0,185.0,5.0
openbci,loso,12,arithmetic,arithmetic:s12:r0,extra_trees,0.0,0.6239509514501869,0.3760490485498132,0.0,1.0,185.0,5.0
openbci,loso,12,arithmetic,arithmetic:s12:r0,rf,0.0,0.6951217922919936,0.30487820770800655,0.0,1.0,185.0,5.0
openbci,loso,12,arithmetic,arithmetic:s12:r1,always_fuse,0.0,0.36129580785812543,0.6387041921418747,1.0,0.0,116.0,5.0
openbci,loso,12,arithmetic,arithmetic:s12:r1,always_nn,0.0,0.04902568429541289,0.9509743157045871,1.0,0.0,116.0,5.0
openbci,loso,12,arithmetic,arithmetic:s12:r1,extra_trees,0.0,0.3981485408257585,0.6018514591742414,1.0,0.0,116.0,5.0
openbci,loso,12,arithmetic,arithmetic:s12:r1,rf,0.0,0.40446604379187806,0.595533956208122,1.0,0.0,116.0,5.0
openbci,loso,12,arithmetic,arithmetic:s12:r2,always_fuse,1.0,0.3384220861151892,0.6615779138848109,1.0,1.0,135.0,5.0
openbci,loso,12,arithmetic,arithmetic:s12:r2,always_nn,1.0,0.023943843806910187,0.9760561561930898,1.0,1.0,135.0,5.0
openbci,loso,12,arithmetic,arithmetic:s12:r2,extra_trees,1.0,0.40051263420587147,0.5994873657941284,1.0,1.0,135.0,5.0
openbci,loso,12,arithmetic,arithmetic:s12:r2,rf,1.0,0.41144021062471225,0.5885597893752877,1.0,1.0,135.0,5.0
openbci,loso,12,arithmetic,arithmetic:s12:r3,always_fuse,1.0,0.37342734180645626,0.6265726581935438,1.0,1.0,219.0,5.0
openbci,loso,12,arithmetic,arithmetic:s12:r3,always_nn,1.0,0.04229084248399759,0.9577091575160024,1.0,1.0,219.0,5.0
openbci,loso,12,arithmetic,arithmetic:s12:r3,extra_trees,1.0,0.31721753063820507,0.682782469361795,1.0,1.0,219.0,5.0
openbci,loso,12,arithmetic,arithmetic:s12:r3,rf,1.0,0.3486040315733771,0.651395968426623,1.0,1.0,219.0,5.0
openbci,loso,12,stroop,stroop:s12:r0,always_fuse,0.0,0.393483570762922,0.6065164292370779,1.0,0.0,185.0,5.0
openbci,loso,12,stroop,stroop:s12:r0,always_nn,0.0,0.09588288226234018,0.9041171177376597,1.0,0.0,185.0,5.0
openbci,loso,12,stroop,stroop:s12:r0,extra_trees,0.0,0.6371517121982968,0.36284828780170314,0.0,1.0,185.0,5.0
openbci,loso,12,stroop,stroop:s12:r0,rf,0.0,0.6413514173406392,0.35864858265936095,0.0,1.0,185.0,5.0
openbci,loso,12,stroop,stroop:s12:r1,always_fuse,0.0,0.33817618563968044,0.6618238143603196,1.0,0.0,123.0,5.0
openbci,loso,12,stroop,stroop:s12:r1,always_nn,0.0,0.050519290807143666,0.9494807091928564,1.0,0.0,123.0,5.0
openbci,loso,12,stroop,stroop:s12:r1,extra_trees,0.0,0.46309592282126344,0.5369040771787364,1.0,0.0,123.0,5.0
openbci,loso,12,stroop,stroop:s12:r1,rf,0.0,0.45273219200645337,0.5472678079935466,1.0,0.0,123.0,5.0
openbci,loso,12,stroop,stroop:s12:r2,always_fuse,1.0,0.318059078318188,0.681940921681812,1.0,1.0,126.0,5.0
openbci,loso,12,stroop,stroop:s12:r2,always_nn,1.0,0.043635693331968976,0.9563643066680311,1.0,1.0,126.0,5.0
openbci,loso,12,stroop,stroop:s12:r2,extra_trees,1.0,0.4233291600912127,0.5766708399087872,1.0,1.0,126.0,5.0
openbci,loso,12,stroop,stroop:s12:r2,rf,1.0,0.43776529753010357,0.5622347024698965,1.0,1.0,126.0,5.0
openbci,loso,12,stroop,stroop:s12:r3,always_fuse,1.0,0.3443027257328621,0.6556972742671379,1.0,1.0,189.0,5.0
openbci,loso,12,stroop,stroop:s12:r3,always_nn,1.0,0.07891179815334001,0.92108820184666,1.0,1.0,189.0,5.0
openbci,loso,12,stroop,stroop:s12:r3,extra_trees,1.0,0.45276109678294807,0.5472389032170519,1.0,1.0,189.0,5.0
openbci,loso,12,stroop,stroop:s12:r3,rf,1.0,0.4606092604467539,0.5393907395532461,1.0,1.0,189.0,5.0
openbci,loso,13,arithmetic,arithmetic:s13:r0,always_fuse,0.0,0.757663605488862,0.24233639451113798,0.0,1.0,180.0,5.0
openbci,loso,13,arithmetic,arithmetic:s13:r0,always_nn,0.0,0.9999808961873414,1.910381265860474e-05,0.0,1.0,180.0,5.0
openbci,loso,13,arithmetic,arithmetic:s13:r0,extra_trees,0.0,0.8321860749807775,0.16781392501922257,0.0,1.0,180.0,5.0
openbci,loso,13,arithmetic,arithmetic:s13:r0,rf,0.0,0.7917580329364864,0.20824196706351358,0.0,1.0,180.0,5.0
openbci,loso,13,arithmetic,arithmetic:s13:r1,always_fuse,0.0,0.4531331824961763,0.5468668175038237,1.0,0.0,142.0,5.0
openbci,loso,13,arithmetic,arithmetic:s13:r1,always_nn,0.0,0.41187841176804,0.5881215882319599,1.0,0.0,142.0,5.0
openbci,loso,13,arithmetic,arithmetic:s13:r1,extra_trees,0.0,0.5581897286200062,0.4418102713799938,0.0,1.0,142.0,5.0
openbci,loso,13,arithmetic,arithmetic:s13:r1,rf,0.0,0.5487805713851103,0.4512194286148898,0.0,1.0,142.0,5.0
openbci,loso,13,arithmetic,arithmetic:s13:r2,always_fuse,1.0,0.5276000593726139,0.4723999406273861,0.0,0.0,145.0,5.0
openbci,loso,13,arithmetic,arithmetic:s13:r2,always_nn,1.0,0.8649491407911675,0.13505085920883253,0.0,0.0,145.0,5.0
openbci,loso,13,arithmetic,arithmetic:s13:r2,extra_trees,1.0,0.631248151533599,0.368751848466401,0.0,0.0,145.0,5.0
openbci,loso,13,arithmetic,arithmetic:s13:r2,rf,1.0,0.6382366430986418,0.36176335690135825,0.0,0.0,145.0,5.0
openbci,loso,13,arithmetic,arithmetic:s13:r3,always_fuse,1.0,0.439237940669022,0.560762059330978,1.0,1.0,203.0,5.0
openbci,loso,13,arithmetic,arithmetic:s13:r3,always_nn,1.0,0.4184486060784185,0.5815513939215815,1.0,1.0,203.0,5.0
openbci,loso,13,arithmetic,arithmetic:s13:r3,extra_trees,1.0,0.582476719663439,0.417523280336561,0.0,0.0,203.0,5.0
openbci,loso,13,arithmetic,arithmetic:s13:r3,rf,1.0,0.5632033548925389,0.43679664510746113,0.0,0.0,203.0,5.0
openbci,loso,13,stroop,stroop:s13:r0,always_fuse,0.0,0.7143883370225468,0.2856116629774532,0.0,1.0,180.0,5.0
openbci,loso,13,stroop,stroop:s13:r0,always_nn,0.0,0.9983626776008653,0.0016373223991346549,0.0,1.0,180.0,5.0
openbci,loso,13,stroop,stroop:s13:r0,extra_trees,0.0,0.8280037877055364,0.17199621229446363,0.0,1.0,180.0,5.0
openbci,loso,13,stroop,stroop:s13:r0,rf,0.0,0.6912232366209586,0.30877676337904136,0.0,1.0,180.0,5.0
openbci,loso,13,stroop,stroop:s13:r1,always_fuse,0.0,0.4718972154870469,0.5281027845129531,1.0,0.0,91.0,5.0
openbci,loso,13,stroop,stroop:s13:r1,always_nn,0.0,0.6694544956445667,0.33054550435543334,0.0,1.0,91.0,5.0
openbci,loso,13,stroop,stroop:s13:r1,extra_trees,0.0,0.6285273753504261,0.3714726246495738,0.0,1.0,91.0,5.0
openbci,loso,13,stroop,stroop:s13:r1,rf,0.0,0.6129874711986723,0.38701252880132775,0.0,1.0,91.0,5.0
openbci,loso,13,stroop,stroop:s13:r2,always_fuse,1.0,0.517848246493713,0.4821517535062869,0.0,0.0,122.0,5.0
openbci,loso,13,stroop,stroop:s13:r2,always_nn,1.0,0.8243949160840321,0.17560508391596777,0.0,0.0,122.0,5.0
openbci,loso,13,stroop,stroop:s13:r2,extra_trees,1.0,0.7006647386541424,0.2993352613458576,0.0,0.0,122.0,5.0
openbci,loso,13,stroop,stroop:s13:r2,rf,1.0,0.6923843305987561,0.3076156694012439,0.0,0.0,122.0,5.0
openbci,loso,13,stroop,stroop:s13:r3,always_fuse,1.0,0.4881848161663233,0.5118151838336766,1.0,1.0,180.0,5.0
openbci,loso,13,stroop,stroop:s13:r3,always_nn,1.0,0.7677356205827299,0.23226437941727016,0.0,0.0,180.0,5.0
openbci,loso,13,stroop,stroop:s13:r3,extra_trees,1.0,0.6357641463866764,0.36423585361332356,0.0,0.0,180.0,5.0
openbci,loso,13,stroop,stroop:s13:r3,rf,1.0,0.6284708900718856,0.3715291099281145,0.0,0.0,180.0,5.0
openbci,loso,14,arithmetic,arithmetic:s14:r0,always_fuse,0.0,0.7830762922985969,0.21692370770140312,0.0,1.0,155.0,5.0
openbci,loso,14,arithmetic,arithmetic:s14:r0,always_nn,0.0,0.9999971434243493,2.856575650666101e-06,0.0,1.0,155.0,5.0
openbci,loso,14,arithmetic,arithmetic:s14:r0,extra_trees,0.0,0.8944362439208509,0.10556375607914915,0.0,1.0,155.0,5.0
openbci,loso,14,arithmetic,arithmetic:s14:r0,rf,0.0,0.9154658602945164,0.08453413970548368,0.0,1.0,155.0,5.0
openbci,loso,14,arithmetic,arithmetic:s14:r1,always_fuse,0.0,0.4432761329479151,0.5567238670520849,1.0,0.0,114.0,5.0
openbci,loso,14,arithmetic,arithmetic:s14:r1,always_nn,0.0,0.24662191274115317,0.7533780872588468,1.0,0.0,114.0,5.0
openbci,loso,14,arithmetic,arithmetic:s14:r1,extra_trees,0.0,0.565350365048414,0.4346496349515861,0.0,1.0,114.0,5.0
openbci,loso,14,arithmetic,arithmetic:s14:r1,rf,0.0,0.5797236348401095,0.4202763651598905,0.0,1.0,114.0,5.0
openbci,loso,14,arithmetic,arithmetic:s14:r2,always_fuse,1.0,0.4124228588071654,0.5875771411928346,1.0,1.0,155.0,5.0
openbci,loso,14,arithmetic,arithmetic:s14:r2,always_nn,1.0,0.16901298513476182,0.8309870148652383,1.0,1.0,155.0,5.0
openbci,loso,14,arithmetic,arithmetic:s14:r2,extra_trees,1.0,0.5480430632136464,0.4519569367863536,0.0,0.0,155.0,5.0
openbci,loso,14,arithmetic,arithmetic:s14:r2,rf,1.0,0.5271169999212858,0.4728830000787142,0.0,0.0,155.0,5.0
openbci,loso,14,arithmetic,arithmetic:s14:r3,always_fuse,1.0,0.4228767856044606,0.5771232143955394,1.0,1.0,170.0,5.0
openbci,loso,14,arithmetic,arithmetic:s14:r3,always_nn,1.0,0.14689548429976598,0.853104515700234,1.0,1.0,170.0,5.0
openbci,loso,14,arithmetic,arithmetic:s14:r3,extra_trees,1.0,0.5516106584829326,0.44838934151706744,0.0,0.0,170.0,5.0
openbci,loso,14,arithmetic,arithmetic:s14:r3,rf,1.0,0.5524306010908585,0.44756939890914155,0.0,0.0,170.0,5.0
openbci,loso,15,arithmetic,arithmetic:s15:r0,always_fuse,0.0,0.7510673190358796,0.24893268096412044,0.0,1.0,165.0,5.0
openbci,loso,15,arithmetic,arithmetic:s15:r0,always_nn,0.0,0.9995225049807578,0.0004774950192423088,0.0,1.0,165.0,5.0
openbci,loso,15,arithmetic,arithmetic:s15:r0,extra_trees,0.0,0.8547199756699755,0.1452800243300245,0.0,1.0,165.0,5.0
openbci,loso,15,arithmetic,arithmetic:s15:r0,rf,0.0,0.916780458944978,0.08321954105502205,0.0,1.0,165.0,5.0
openbci,loso,15,arithmetic,arithmetic:s15:r1,always_fuse,0.0,0.5356944259096381,0.46430557409036183,0.0,1.0,184.0,5.0
openbci,loso,15,arithmetic,arithmetic:s15:r1,always_nn,0.0,0.8026658876308933,0.1973341123691067,0.0,1.0,184.0,5.0
openbci,loso,15,arithmetic,arithmetic:s15:r1,extra_trees,0.0,0.571174026924503,0.4288259730754969,0.0,1.0,184.0,5.0
openbci,loso,15,arithmetic,arithmetic:s15:r1,rf,0.0,0.6192103912533803,0.38078960874661977,0.0,1.0,184.0,5.0
openbci,loso,15,arithmetic,arithmetic:s15:r2,always_fuse,1.0,0.5525571852707405,0.4474428147292596,0.0,0.0,130.0,5.0
openbci,loso,15,arithmetic,arithmetic:s15:r2,always_nn,1.0,0.8733708055747468,0.12662919442525322,0.0,0.0,130.0,5.0
openbci,loso,15,arithmetic,arithmetic:s15:r2,extra_trees,1.0,0.5656443303394014,0.43435566966059863,0.0,0.0,130.0,5.0
openbci,loso,15,arithmetic,arithmetic:s15:r2,rf,1.0,0.6162695471565953,0.3837304528434046,0.0,0.0,130.0,5.0
openbci,loso,15,arithmetic,arithmetic:s15:r3,always_fuse,1.0,0.5398532314117847,0.46014676858821535,0.0,0.0,248.0,5.0
openbci,loso,15,arithmetic,arithmetic:s15:r3,always_nn,1.0,0.816973718450797,0.18302628154920297,0.0,0.0,248.0,5.0
openbci,loso,15,arithmetic,arithmetic:s15:r3,extra_trees,1.0,0.5665659378661299,0.43343406213387015,0.0,0.0,248.0,5.0
openbci,loso,15,arithmetic,arithmetic:s15:r3,rf,1.0,0.6174287024704609,0.3825712975295391,0.0,0.0,248.0,5.0
openbci,cross_task,1,arithmetic_to_stroop,stroop:s01:r1,equal_blend_050,0.0,0.4113763090244898,0.5886236909755103,1.0,0.0,148.0,5.0
openbci,cross_task,1,arithmetic_to_stroop,stroop:s01:r1,fixed_blend_010,0.0,0.32111132370373957,0.6788886762962604,1.0,0.0,148.0,5.0
openbci,cross_task,1,arithmetic_to_stroop,stroop:s01:r1,fixed_blend_025,0.0,0.3685370415403827,0.6314629584596173,1.0,0.0,148.0,5.0
openbci,cross_task,1,arithmetic_to_stroop,stroop:s01:r2,equal_blend_050,1.0,0.6202303149229141,0.3797696850770858,0.0,0.0,139.0,5.0
openbci,cross_task,1,arithmetic_to_stroop,stroop:s01:r2,fixed_blend_010,1.0,0.6997361277140823,0.30026387228591755,0.0,0.0,139.0,5.0
openbci,cross_task,1,arithmetic_to_stroop,stroop:s01:r2,fixed_blend_025,1.0,0.6577689666193334,0.34223103338066657,0.0,0.0,139.0,5.0
openbci,cross_task,1,arithmetic_to_stroop,stroop:s01:r3,equal_blend_050,1.0,0.24055877314191096,0.7594412268580891,1.0,1.0,209.0,5.0
openbci,cross_task,1,arithmetic_to_stroop,stroop:s01:r3,fixed_blend_010,1.0,0.10216009502087797,0.8978399049791221,1.0,1.0,209.0,5.0
openbci,cross_task,1,arithmetic_to_stroop,stroop:s01:r3,fixed_blend_025,1.0,0.1659997811929251,0.8340002188070749,1.0,1.0,209.0,5.0
openbci,cross_task,1,stroop_to_arithmetic,arithmetic:s01:r1,equal_blend_050,0.0,0.48718944695873423,0.5128105530412658,1.0,0.0,152.0,5.0
openbci,cross_task,1,stroop_to_arithmetic,arithmetic:s01:r1,fixed_blend_010,0.0,0.5396336630889028,0.46036633691109713,0.0,1.0,152.0,5.0
openbci,cross_task,1,stroop_to_arithmetic,arithmetic:s01:r1,fixed_blend_025,0.0,0.516604832627181,0.48339516737281896,0.0,1.0,152.0,5.0
openbci,cross_task,1,stroop_to_arithmetic,arithmetic:s01:r2,equal_blend_050,1.0,0.47593268710584213,0.5240673128941579,1.0,1.0,169.0,5.0
openbci,cross_task,1,stroop_to_arithmetic,arithmetic:s01:r2,fixed_blend_010,1.0,0.5108413990663058,0.48915860093369423,0.0,0.0,169.0,5.0
openbci,cross_task,1,stroop_to_arithmetic,arithmetic:s01:r2,fixed_blend_025,1.0,0.4951403652329349,0.504859634767065,1.0,1.0,169.0,5.0
openbci,cross_task,1,stroop_to_arithmetic,arithmetic:s01:r3,equal_blend_050,1.0,0.4389189246742422,0.5610810753257578,1.0,1.0,218.0,5.0
openbci,cross_task,1,stroop_to_arithmetic,arithmetic:s01:r3,fixed_blend_010,1.0,0.4178774569203421,0.5821225430796578,1.0,1.0,218.0,5.0
openbci,cross_task,1,stroop_to_arithmetic,arithmetic:s01:r3,fixed_blend_025,1.0,0.4266092015883118,0.5733907984116883,1.0,1.0,218.0,5.0
openbci,cross_task,2,arithmetic_to_stroop,stroop:s02:r1,equal_blend_050,0.0,0.3456272203600952,0.6543727796399047,1.0,0.0,95.0,5.0
openbci,cross_task,2,arithmetic_to_stroop,stroop:s02:r1,fixed_blend_010,0.0,0.20616925538688746,0.7938307446131125,1.0,0.0,95.0,5.0
openbci,cross_task,2,arithmetic_to_stroop,stroop:s02:r1,fixed_blend_025,0.0,0.272639578537981,0.727360421462019,1.0,0.0,95.0,5.0
openbci,cross_task,2,arithmetic_to_stroop,stroop:s02:r2,equal_blend_050,1.0,0.30408050276321136,0.6959194972367886,1.0,1.0,106.0,5.0
openbci,cross_task,2,arithmetic_to_stroop,stroop:s02:r2,fixed_blend_010,1.0,0.15721490299061422,0.8427850970093858,1.0,1.0,106.0,5.0
openbci,cross_task,2,arithmetic_to_stroop,stroop:s02:r2,fixed_blend_025,1.0,0.2219622071087626,0.7780377928912373,1.0,1.0,106.0,5.0
openbci,cross_task,2,arithmetic_to_stroop,stroop:s02:r3,equal_blend_050,1.0,0.2957643530588394,0.7042356469411606,1.0,1.0,208.0,5.0
openbci,cross_task,2,arithmetic_to_stroop,stroop:s02:r3,fixed_blend_010,1.0,0.1318527187173155,0.8681472812826846,1.0,1.0,208.0,5.0
openbci,cross_task,2,arithmetic_to_stroop,stroop:s02:r3,fixed_blend_025,1.0,0.20559294716035173,0.7944070528396483,1.0,1.0,208.0,5.0
openbci,cross_task,2,stroop_to_arithmetic,arithmetic:s02:r1,equal_blend_050,0.0,0.577408727222493,0.4225912727775069,0.0,1.0,132.0,5.0
openbci,cross_task,2,stroop_to_arithmetic,arithmetic:s02:r1,fixed_blend_010,0.0,0.4795243736590583,0.5204756263409418,1.0,0.0,132.0,5.0
openbci,cross_task,2,stroop_to_arithmetic,arithmetic:s02:r1,fixed_blend_025,0.0,0.5275898112334126,0.4724101887665874,0.0,1.0,132.0,5.0
openbci,cross_task,2,stroop_to_arithmetic,arithmetic:s02:r2,equal_blend_050,1.0,0.5555137810326188,0.4444862189673811,0.0,0.0,136.0,5.0
openbci,cross_task,2,stroop_to_arithmetic,arithmetic:s02:r2,fixed_blend_010,1.0,0.453867600042754,0.546132399957246,1.0,1.0,136.0,5.0
openbci,cross_task,2,stroop_to_arithmetic,arithmetic:s02:r2,fixed_blend_025,1.0,0.5050175431213316,0.4949824568786685,0.0,0.0,136.0,5.0
openbci,cross_task,2,stroop_to_arithmetic,arithmetic:s02:r3,equal_blend_050,1.0,0.7212565633393953,0.2787434366606048,0.0,0.0,270.0,5.0
openbci,cross_task,2,stroop_to_arithmetic,arithmetic:s02:r3,fixed_blend_010,1.0,0.7739108201801015,0.2260891798198985,0.0,0.0,270.0,5.0
openbci,cross_task,2,stroop_to_arithmetic,arithmetic:s02:r3,fixed_blend_025,1.0,0.7429624621443298,0.2570375378556702,0.0,0.0,270.0,5.0
openbci,cross_task,3,arithmetic_to_stroop,stroop:s03:r1,equal_blend_050,0.0,0.7900409822314752,0.20995901776852474,0.0,1.0,127.0,5.0
openbci,cross_task,3,arithmetic_to_stroop,stroop:s03:r1,fixed_blend_010,0.0,0.8978565403492034,0.10214345965079669,0.0,1.0,127.0,5.0
openbci,cross_task,3,arithmetic_to_stroop,stroop:s03:r1,fixed_blend_025,0.0,0.8550926544500488,0.1449073455499513,0.0,1.0,127.0,5.0
openbci,cross_task,3,arithmetic_to_stroop,stroop:s03:r2,equal_blend_050,1.0,0.5488326326822887,0.4511673673177113,0.0,0.0,102.0,5.0
openbci,cross_task,3,arithmetic_to_stroop,stroop:s03:r2,fixed_blend_010,1.0,0.505115301316141,0.4948846986838589,0.0,0.0,102.0,5.0
openbci,cross_task,3,arithmetic_to_stroop,stroop:s03:r2,fixed_blend_025,1.0,0.5246722725473333,0.47532772745266666,0.0,0.0,102.0,5.0
openbci,cross_task,3,arithmetic_to_stroop,stroop:s03:r3,equal_blend_050,1.0,0.44046999943055226,0.5595300005694478,1.0,1.0,160.0,5.0
openbci,cross_task,3,arithmetic_to_stroop,stroop:s03:r3,fixed_blend_010,1.0,0.34574383349575943,0.6542561665042407,1.0,1.0,160.0,5.0
openbci,cross_task,3,arithmetic_to_stroop,stroop:s03:r3,fixed_blend_025,1.0,0.39141015471477997,0.60858984528522,1.0,1.0,160.0,5.0
openbci,cross_task,3,stroop_to_arithmetic,arithmetic:s03:r1,equal_blend_050,0.0,0.0032877368908905418,0.9967122631091094,1.0,0.0,91.0,5.0
openbci,cross_task,3,stroop_to_arithmetic,arithmetic:s03:r1,fixed_blend_010,0.0,0.0006291380389598834,0.9993708619610402,1.0,0.0,91.0,5.0
openbci,cross_task,3,stroop_to_arithmetic,arithmetic:s03:r1,fixed_blend_025,0.0,0.0015928233120227316,0.9984071766879773,1.0,0.0,91.0,5.0
openbci,cross_task,3,stroop_to_arithmetic,arithmetic:s03:r2,equal_blend_050,1.0,0.01437449134399253,0.9856255086560074,1.0,1.0,137.0,5.0
openbci,cross_task,3,stroop_to_arithmetic,arithmetic:s03:r2,fixed_blend_010,1.0,0.0028204910140906744,0.9971795089859092,1.0,1.0,137.0,5.0
openbci,cross_task,3,stroop_to_arithmetic,arithmetic:s03:r2,fixed_blend_025,1.0,0.006933900195533911,0.993066099804466,1.0,1.0,137.0,5.0
openbci,cross_task,3,stroop_to_arithmetic,arithmetic:s03:r3,equal_blend_050,1.0,0.00013957392216860248,0.9998604260778314,1.0,1.0,160.0,5.0
openbci,cross_task,3,stroop_to_arithmetic,arithmetic:s03:r3,fixed_blend_010,1.0,2.612991507535352e-05,0.9999738700849247,1.0,1.0,160.0,5.0
openbci,cross_task,3,stroop_to_arithmetic,arithmetic:s03:r3,fixed_blend_025,1.0,6.626255306588627e-05,0.9999337374469341,1.0,1.0,160.0,5.0
openbci,cross_task,4,arithmetic_to_stroop,stroop:s04:r1,equal_blend_050,0.0,0.00039518705001882206,0.9996048129499812,1.0,0.0,89.0,5.0
openbci,cross_task,4,arithmetic_to_stroop,stroop:s04:r1,fixed_blend_010,0.0,0.00010068932513193698,0.999899310674868,1.0,0.0,89.0,5.0
openbci,cross_task,4,arithmetic_to_stroop,stroop:s04:r1,fixed_blend_025,0.0,0.00021386917417579675,0.9997861308258242,1.0,0.0,89.0,5.0
openbci,cross_task,4,arithmetic_to_stroop,stroop:s04:r2,equal_blend_050,1.0,0.0005838877687121087,0.9994161122312879,1.0,1.0,62.0,5.0
openbci,cross_task,4,arithmetic_to_stroop,stroop:s04:r2,fixed_blend_010,1.0,0.0001541547584498971,0.9998458452415501,1.0,1.0,62.0,5.0
openbci,cross_task,4,arithmetic_to_stroop,stroop:s04:r2,fixed_blend_025,1.0,0.00031940656012852527,0.9996805934398715,1.0,1.0,62.0,5.0
openbci,cross_task,4,arithmetic_to_stroop,stroop:s04:r3,equal_blend_050,1.0,0.0001560984233301895,0.9998439015766698,1.0,1.0,192.0,5.0
openbci,cross_task,4,arithmetic_to_stroop,stroop:s04:r3,fixed_blend_010,1.0,4.387759789137821e-05,0.9999561224021086,1.0,1.0,192.0,5.0
openbci,cross_task,4,arithmetic_to_stroop,stroop:s04:r3,fixed_blend_025,1.0,8.777384432062081e-05,0.9999122261556793,1.0,1.0,192.0,5.0
openbci,cross_task,4,stroop_to_arithmetic,arithmetic:s04:r1,equal_blend_050,0.0,0.8252177204870571,0.17478227951294295,0.0,1.0,119.0,5.0
openbci,cross_task,4,stroop_to_arithmetic,arithmetic:s04:r1,fixed_blend_010,0.0,0.9456219611796002,0.05437803882039988,0.0,1.0,119.0,5.0
openbci,cross_task,4,stroop_to_arithmetic,arithmetic:s04:r1,fixed_blend_025,0.0,0.8937122028196485,0.10628779718035154,0.0,1.0,119.0,5.0
openbci,cross_task,4,stroop_to_arithmetic,arithmetic:s04:r2,equal_blend_050,1.0,0.3685898245081505,0.6314101754918496,1.0,1.0,210.0,5.0
openbci,cross_task,4,stroop_to_arithmetic,arithmetic:s04:r2,fixed_blend_010,1.0,0.2549062868196873,0.7450937131803127,1.0,1.0,210.0,5.0
openbci,cross_task,4,stroop_to_arithmetic,arithmetic:s04:r2,fixed_blend_025,1.0,0.31524134251011343,0.6847586574898865,1.0,1.0,210.0,5.0
openbci,cross_task,4,stroop_to_arithmetic,arithmetic:s04:r3,equal_blend_050,1.0,0.30689445856416453,0.6931055414358355,1.0,1.0,221.0,5.0
openbci,cross_task,4,stroop_to_arithmetic,arithmetic:s04:r3,fixed_blend_010,1.0,0.17522890417723988,0.8247710958227602,1.0,1.0,221.0,5.0
openbci,cross_task,4,stroop_to_arithmetic,arithmetic:s04:r3,fixed_blend_025,1.0,0.24220728631711466,0.7577927136828853,1.0,1.0,221.0,5.0
openbci,cross_task,5,arithmetic_to_stroop,stroop:s05:r1,equal_blend_050,0.0,0.30484130133943876,0.6951586986605612,1.0,0.0,137.0,5.0
openbci,cross_task,5,arithmetic_to_stroop,stroop:s05:r1,fixed_blend_010,0.0,0.09119131301731889,0.9088086869826811,1.0,0.0,137.0,5.0
openbci,cross_task,5,arithmetic_to_stroop,stroop:s05:r1,fixed_blend_025,0.0,0.17680976694130407,0.823190233058696,1.0,0.0,137.0,5.0
openbci,cross_task,5,arithmetic_to_stroop,stroop:s05:r2,equal_blend_050,1.0,0.411049391557943,0.5889506084420569,1.0,1.0,108.0,5.0
openbci,cross_task,5,arithmetic_to_stroop,stroop:s05:r2,fixed_blend_010,1.0,0.32187146753426177,0.6781285324657382,1.0,1.0,108.0,5.0
openbci,cross_task,5,arithmetic_to_stroop,stroop:s05:r2,fixed_blend_025,1.0,0.3686028318006537,0.6313971681993463,1.0,1.0,108.0,5.0
openbci,cross_task,5,arithmetic_to_stroop,stroop:s05:r3,equal_blend_050,1.0,0.42422271539522627,0.5757772846047736,1.0,1.0,171.0,5.0
openbci,cross_task,5,arithmetic_to_stroop,stroop:s05:r3,fixed_blend_010,1.0,0.3700064687747902,0.6299935312252097,1.0,1.0,171.0,5.0
openbci,cross_task,5,arithmetic_to_stroop,stroop:s05:r3,fixed_blend_025,1.0,0.3977896625206957,0.6022103374793042,1.0,1.0,171.0,5.0
openbci,cross_task,5,stroop_to_arithmetic,arithmetic:s05:r1,equal_blend_050,0.0,0.25743012144974026,0.7425698785502597,1.0,0.0,153.0,5.0
openbci,cross_task,5,stroop_to_arithmetic,arithmetic:s05:r1,fixed_blend_010,0.0,0.1023336635930584,0.8976663364069416,1.0,0.0,153.0,5.0
openbci,cross_task,5,stroop_to_arithmetic,arithmetic:s05:r1,fixed_blend_025,0.0,0.1737826469086224,0.8262173530913776,1.0,0.0,153.0,5.0
openbci,cross_task,5,stroop_to_arithmetic,arithmetic:s05:r2,equal_blend_050,1.0,0.6902893539079397,0.3097106460920603,0.0,0.0,198.0,5.0
openbci,cross_task,5,stroop_to_arithmetic,arithmetic:s05:r2,fixed_blend_010,1.0,0.7363501005027175,0.2636498994972824,0.0,0.0,198.0,5.0
openbci,cross_task,5,stroop_to_arithmetic,arithmetic:s05:r2,fixed_blend_025,1.0,0.7107527407319613,0.2892472592680388,0.0,0.0,198.0,5.0
openbci,cross_task,5,stroop_to_arithmetic,arithmetic:s05:r3,equal_blend_050,1.0,0.8396056361525129,0.16039436384748712,0.0,0.0,232.0,5.0
openbci,cross_task,5,stroop_to_arithmetic,arithmetic:s05:r3,fixed_blend_010,1.0,0.9131765951324513,0.08682340486754858,0.0,0.0,232.0,5.0
openbci,cross_task,5,stroop_to_arithmetic,arithmetic:s05:r3,fixed_blend_025,1.0,0.8754420657480136,0.12455793425198633,0.0,0.0,232.0,5.0
openbci,cross_task,6,arithmetic_to_stroop,stroop:s06:r1,equal_blend_050,0.0,0.502197309887944,0.49780269011205597,0.0,1.0,119.0,5.0
openbci,cross_task,6,arithmetic_to_stroop,stroop:s06:r1,fixed_blend_010,0.0,0.6172910967869373,0.3827089032130627,0.0,1.0,119.0,5.0
openbci,cross_task,6,arithmetic_to_stroop,stroop:s06:r1,fixed_blend_025,0.0,0.5682100635550216,0.4317899364449785,0.0,1.0,119.0,5.0
openbci,cross_task,6,arithmetic_to_stroop,stroop:s06:r2,equal_blend_050,1.0,0.49164790568380984,0.5083520943161901,1.0,1.0,111.0,5.0
openbci,cross_task,6,arithmetic_to_stroop,stroop:s06:r2,fixed_blend_010,1.0,0.5335882742520409,0.46641172574795914,0.0,0.0,111.0,5.0
openbci,cross_task,6,arithmetic_to_stroop,stroop:s06:r2,fixed_blend_025,1.0,0.5181983502050901,0.48180164979491,0.0,0.0,111.0,5.0
openbci,cross_task,6,arithmetic_to_stroop,stroop:s06:r3,equal_blend_050,1.0,0.3792200305144836,0.6207799694855164,1.0,1.0,161.0,5.0
openbci,cross_task,6,arithmetic_to_stroop,stroop:s06:r3,fixed_blend_010,1.0,0.30702059532516596,0.692979404674834,1.0,1.0,161.0,5.0
openbci,cross_task,6,arithmetic_to_stroop,stroop:s06:r3,fixed_blend_025,1.0,0.3427170370466104,0.6572829629533896,1.0,1.0,161.0,5.0
openbci,cross_task,6,stroop_to_arithmetic,arithmetic:s06:r1,equal_blend_050,0.0,0.5038394985662616,0.49616050143373835,0.0,1.0,119.0,5.0
openbci,cross_task,6,stroop_to_arithmetic,arithmetic:s06:r1,fixed_blend_010,0.0,0.40999640538431736,0.5900035946156826,1.0,0.0,119.0,5.0
openbci,cross_task,6,stroop_to_arithmetic,arithmetic:s06:r1,fixed_blend_025,0.0,0.45291845400831815,0.5470815459916818,1.0,0.0,119.0,5.0
openbci,cross_task,6,stroop_to_arithmetic,arithmetic:s06:r2,equal_blend_050,1.0,0.47261252726323083,0.5273874727367692,1.0,1.0,130.0,5.0
openbci,cross_task,6,stroop_to_arithmetic,arithmetic:s06:r2,fixed_blend_010,1.0,0.24984363039296714,0.7501563696070329,1.0,1.0,130.0,5.0
openbci,cross_task,6,stroop_to_arithmetic,arithmetic:s06:r2,fixed_blend_025,1.0,0.3500789491190679,0.6499210508809321,1.0,1.0,130.0,5.0
openbci,cross_task,6,stroop_to_arithmetic,arithmetic:s06:r3,equal_blend_050,1.0,0.47755647218321334,0.5224435278167866,1.0,1.0,191.0,5.0
openbci,cross_task,6,stroop_to_arithmetic,arithmetic:s06:r3,fixed_blend_010,1.0,0.23067287175439083,0.7693271282456091,1.0,1.0,191.0,5.0
openbci,cross_task,6,stroop_to_arithmetic,arithmetic:s06:r3,fixed_blend_025,1.0,0.3391737039331112,0.6608262960668888,1.0,1.0,191.0,5.0
openbci,cross_task,7,arithmetic_to_stroop,stroop:s07:r1,equal_blend_050,0.0,0.323205503276934,0.676794496723066,1.0,0.0,97.0,5.0
openbci,cross_task,7,arithmetic_to_stroop,stroop:s07:r1,fixed_blend_010,0.0,0.1335208417636938,0.8664791582363063,1.0,0.0,97.0,5.0
openbci,cross_task,7,arithmetic_to_stroop,stroop:s07:r1,fixed_blend_025,0.0,0.21293579914611,0.7870642008538901,1.0,0.0,97.0,5.0
openbci,cross_task,7,arithmetic_to_stroop,stroop:s07:r2,equal_blend_050,1.0,0.27849922990811793,0.721500770091882,1.0,1.0,96.0,5.0
openbci,cross_task,7,arithmetic_to_stroop,stroop:s07:r2,fixed_blend_010,1.0,0.08987983346232208,0.9101201665376779,1.0,1.0,96.0,5.0
openbci,cross_task,7,arithmetic_to_stroop,stroop:s07:r2,fixed_blend_025,1.0,0.1645998170113338,0.8354001829886663,1.0,1.0,96.0,5.0
openbci,cross_task,7,arithmetic_to_stroop,stroop:s07:r3,equal_blend_050,1.0,0.27168849963689584,0.7283115003631042,1.0,1.0,179.0,5.0
openbci,cross_task,7,arithmetic_to_stroop,stroop:s07:r3,fixed_blend_010,1.0,0.08240101100480796,0.917598988995192,1.0,1.0,179.0,5.0
openbci,cross_task,7,arithmetic_to_stroop,stroop:s07:r3,fixed_blend_025,1.0,0.15659163378911964,0.8434083662108804,1.0,1.0,179.0,5.0
openbci,cross_task,7,stroop_to_arithmetic,arithmetic:s07:r1,equal_blend_050,0.0,0.19471395545202505,0.805286044547975,1.0,0.0,36.0,5.0
openbci,cross_task,7,stroop_to_arithmetic,arithmetic:s07:r1,fixed_blend_010,0.0,0.06270553888415498,0.937294461115845,1.0,0.0,36.0,5.0
openbci,cross_task,7,stroop_to_arithmetic,arithmetic:s07:r1,fixed_blend_025,0.0,0.11497255296347625,0.8850274470365237,1.0,0.0,36.0,5.0
openbci,cross_task,7,stroop_to_arithmetic,arithmetic:s07:r2,equal_blend_050,1.0,0.3020753313706979,0.6979246686293021,1.0,1.0,46.0,5.0
openbci,cross_task,7,stroop_to_arithmetic,arithmetic:s07:r2,fixed_blend_010,1.0,0.16984426288399576,0.8301557371160042,1.0,1.0,46.0,5.0
openbci,cross_task,7,stroop_to_arithmetic,arithmetic:s07:r2,fixed_blend_025,1.0,0.2281206026919622,0.7718793973080378,1.0,1.0,46.0,5.0
openbci,cross_task,7,stroop_to_arithmetic,arithmetic:s07:r3,equal_blend_050,1.0,0.19396851550610436,0.8060314844938957,1.0,1.0,102.0,5.0
openbci,cross_task,7,stroop_to_arithmetic,arithmetic:s07:r3,fixed_blend_010,1.0,0.05455482337151186,0.9454451766284881,1.0,1.0,102.0,5.0
openbci,cross_task,7,stroop_to_arithmetic,arithmetic:s07:r3,fixed_blend_025,1.0,0.10743362057704788,0.8925663794229521,1.0,1.0,102.0,5.0
openbci,cross_task,8,arithmetic_to_stroop,stroop:s08:r1,equal_blend_050,0.0,0.34526661781490625,0.6547333821850937,1.0,0.0,162.0,5.0
openbci,cross_task,8,arithmetic_to_stroop,stroop:s08:r1,fixed_blend_010,0.0,0.1654735294834069,0.8345264705165931,1.0,0.0,162.0,5.0
openbci,cross_task,8,arithmetic_to_stroop,stroop:s08:r1,fixed_blend_025,0.0,0.2502938815872128,0.7497061184127872,1.0,0.0,162.0,5.0
openbci,cross_task,8,arithmetic_to_stroop,stroop:s08:r2,equal_blend_050,1.0,0.40737187563671534,0.5926281243632846,1.0,1.0,160.0,5.0
openbci,cross_task,8,arithmetic_to_stroop,stroop:s08:r2,fixed_blend_010,1.0,0.28690587034996534,0.7130941296500346,1.0,1.0,160.0,5.0
openbci,cross_task,8,arithmetic_to_stroop,stroop:s08:r2,fixed_blend_025,1.0,0.3508239640679242,0.6491760359320757,1.0,1.0,160.0,5.0
openbci,cross_task,8,arithmetic_to_stroop,stroop:s08:r3,equal_blend_050,1.0,0.38212730891963886,0.6178726910803611,1.0,1.0,234.0,5.0
openbci,cross_task,8,arithmetic_to_stroop,stroop:s08:r3,fixed_blend_010,1.0,0.23674173835672394,0.763258261643276,1.0,1.0,234.0,5.0
openbci,cross_task,8,arithmetic_to_stroop,stroop:s08:r3,fixed_blend_025,1.0,0.31086120279264545,0.6891387972073545,1.0,1.0,234.0,5.0
openbci,cross_task,8,stroop_to_arithmetic,arithmetic:s08:r1,equal_blend_050,0.0,0.571554135188777,0.4284458648112231,0.0,1.0,278.0,5.0
openbci,cross_task,8,stroop_to_arithmetic,arithmetic:s08:r1,fixed_blend_010,0.0,0.5096589093081136,0.49034109069188625,0.0,1.0,278.0,5.0
openbci,cross_task,8,stroop_to_arithmetic,arithmetic:s08:r1,fixed_blend_025,0.0,0.5405755693192328,0.45942443068076705,0.0,1.0,278.0,5.0
openbci,cross_task,8,stroop_to_arithmetic,arithmetic:s08:r2,equal_blend_050,1.0,0.6096205115575183,0.3903794884424818,0.0,0.0,259.0,5.0
openbci,cross_task,8,stroop_to_arithmetic,arithmetic:s08:r2,fixed_blend_010,1.0,0.5805892217843315,0.4194107782156685,0.0,0.0,259.0,5.0
openbci,cross_task,8,stroop_to_arithmetic,arithmetic:s08:r2,fixed_blend_025,1.0,0.5933451917119856,0.4066548082880145,0.0,0.0,259.0,5.0
openbci,cross_task,8,stroop_to_arithmetic,arithmetic:s08:r3,equal_blend_050,1.0,0.396948794966578,0.603051205033422,1.0,1.0,311.0,5.0
openbci,cross_task,8,stroop_to_arithmetic,arithmetic:s08:r3,fixed_blend_010,1.0,0.23365362654153096,0.766346373458469,1.0,1.0,311.0,5.0
openbci,cross_task,8,stroop_to_arithmetic,arithmetic:s08:r3,fixed_blend_025,1.0,0.3155774411408061,0.6844225588591939,1.0,1.0,311.0,5.0
openbci,cross_task,9,arithmetic_to_stroop,stroop:s09:r1,equal_blend_050,0.0,0.3121393029801707,0.6878606970198293,1.0,0.0,160.0,5.0
openbci,cross_task,9,arithmetic_to_stroop,stroop:s09:r1,fixed_blend_010,0.0,0.12377856995827076,0.8762214300417293,1.0,0.0,160.0,5.0
openbci,cross_task,9,arithmetic_to_stroop,stroop:s09:r1,fixed_blend_025,0.0,0.20510083935582996,0.79489916064417,1.0,0.0,160.0,5.0
openbci,cross_task,9,arithmetic_to_stroop,stroop:s09:r2,equal_blend_050,1.0,0.45043676962719315,0.5495632303728069,1.0,1.0,110.0,5.0
openbci,cross_task,9,arithmetic_to_stroop,stroop:s09:r2,fixed_blend_010,1.0,0.393909224369329,0.6060907756306709,1.0,1.0,110.0,5.0
openbci,cross_task,9,arithmetic_to_stroop,stroop:s09:r2,fixed_blend_025,1.0,0.42304195945197104,0.5769580405480289,1.0,1.0,110.0,5.0
openbci,cross_task,9,arithmetic_to_stroop,stroop:s09:r3,equal_blend_050,1.0,0.2827211704997233,0.7172788295002767,1.0,1.0,193.0,5.0
openbci,cross_task,9,arithmetic_to_stroop,stroop:s09:r3,fixed_blend_010,1.0,0.09491436408544845,0.9050856359145516,1.0,1.0,193.0,5.0
openbci,cross_task,9,arithmetic_to_stroop,stroop:s09:r3,fixed_blend_025,1.0,0.17186616578189481,0.8281338342181053,1.0,1.0,193.0,5.0
openbci,cross_task,9,stroop_to_arithmetic,arithmetic:s09:r1,equal_blend_050,0.0,0.42264385875549093,0.5773561412445092,1.0,0.0,121.0,5.0
openbci,cross_task,9,stroop_to_arithmetic,arithmetic:s09:r1,fixed_blend_010,0.0,0.3948218313354889,0.6051781686645111,1.0,0.0,121.0,5.0
openbci,cross_task,9,stroop_to_arithmetic,arithmetic:s09:r1,fixed_blend_025,0.0,0.40575647474389137,0.5942435252561087,1.0,0.0,121.0,5.0
openbci,cross_task,9,stroop_to_arithmetic,arithmetic:s09:r2,equal_blend_050,1.0,0.3890707120687593,0.6109292879312407,1.0,1.0,122.0,5.0
openbci,cross_task,9,stroop_to_arithmetic,arithmetic:s09:r2,fixed_blend_010,1.0,0.3670646451785851,0.6329353548214149,1.0,1.0,122.0,5.0
openbci,cross_task,9,stroop_to_arithmetic,arithmetic:s09:r2,fixed_blend_025,1.0,0.37670098690404336,0.6232990130959566,1.0,1.0,122.0,5.0
openbci,cross_task,9,stroop_to_arithmetic,arithmetic:s09:r3,equal_blend_050,1.0,0.49030327761226294,0.509696722387737,1.0,1.0,426.0,5.0
openbci,cross_task,9,stroop_to_arithmetic,arithmetic:s09:r3,fixed_blend_010,1.0,0.5567602093870381,0.4432397906129619,0.0,0.0,426.0,5.0
openbci,cross_task,9,stroop_to_arithmetic,arithmetic:s09:r3,fixed_blend_025,1.0,0.5181829932537078,0.48181700674629224,0.0,0.0,426.0,5.0
openbci,cross_task,10,arithmetic_to_stroop,stroop:s10:r1,equal_blend_050,0.0,0.4192595270093822,0.5807404729906177,1.0,0.0,118.0,5.0
openbci,cross_task,10,arithmetic_to_stroop,stroop:s10:r1,fixed_blend_010,0.0,0.3560733605228031,0.643926639477197,1.0,0.0,118.0,5.0
openbci,cross_task,10,arithmetic_to_stroop,stroop:s10:r1,fixed_blend_025,0.0,0.3843882835736439,0.6156117164263561,1.0,0.0,118.0,5.0
openbci,cross_task,10,arithmetic_to_stroop,stroop:s10:r2,equal_blend_050,1.0,0.3812756185920233,0.6187243814079766,1.0,1.0,83.0,5.0
openbci,cross_task,10,arithmetic_to_stroop,stroop:s10:r2,fixed_blend_010,1.0,0.23150322871916978,0.7684967712808302,1.0,1.0,83.0,5.0
openbci,cross_task,10,arithmetic_to_stroop,stroop:s10:r2,fixed_blend_025,1.0,0.29282958232136463,0.7071704176786353,1.0,1.0,83.0,5.0
openbci,cross_task,10,arithmetic_to_stroop,stroop:s10:r3,equal_blend_050,1.0,0.45157955755577095,0.548420442444229,1.0,1.0,207.0,5.0
openbci,cross_task,10,arithmetic_to_stroop,stroop:s10:r3,fixed_blend_010,1.0,0.40925034921399517,0.5907496507860048,1.0,1.0,207.0,5.0
openbci,cross_task,10,arithmetic_to_stroop,stroop:s10:r3,fixed_blend_025,1.0,0.42597197020302907,0.5740280297969709,1.0,1.0,207.0,5.0
openbci,cross_task,10,stroop_to_arithmetic,arithmetic:s10:r1,equal_blend_050,0.0,0.5798054301932988,0.42019456980670133,0.0,1.0,96.0,5.0
openbci,cross_task,10,stroop_to_arithmetic,arithmetic:s10:r1,fixed_blend_010,0.0,0.5517875367534912,0.4482124632465087,0.0,1.0,96.0,5.0
openbci,cross_task,10,stroop_to_arithmetic,arithmetic:s10:r1,fixed_blend_025,0.0,0.562726091110403,0.437273908889597,0.0,1.0,96.0,5.0
openbci,cross_task,10,stroop_to_arithmetic,arithmetic:s10:r2,equal_blend_050,1.0,0.6092276909553297,0.39077230904467025,0.0,0.0,112.0,5.0
openbci,cross_task,10,stroop_to_arithmetic,arithmetic:s10:r2,fixed_blend_010,1.0,0.634643778024416,0.36535622197558404,0.0,0.0,112.0,5.0
openbci,cross_task,10,stroop_to_arithmetic,arithmetic:s10:r2,fixed_blend_025,1.0,0.623451738183992,0.3765482618160081,0.0,0.0,112.0,5.0
openbci,cross_task,10,stroop_to_arithmetic,arithmetic:s10:r3,equal_blend_050,1.0,0.5051073500371415,0.4948926499628584,0.0,0.0,145.0,5.0
openbci,cross_task,10,stroop_to_arithmetic,arithmetic:s10:r3,fixed_blend_010,1.0,0.4754169479797041,0.5245830520202959,1.0,1.0,145.0,5.0
openbci,cross_task,10,stroop_to_arithmetic,arithmetic:s10:r3,fixed_blend_025,1.0,0.4878534607552216,0.5121465392447784,1.0,1.0,145.0,5.0
openbci,cross_task,11,arithmetic_to_stroop,stroop:s11:r1,equal_blend_050,0.0,0.505875083889523,0.494124916110477,0.0,1.0,113.0,5.0
openbci,cross_task,11,arithmetic_to_stroop,stroop:s11:r1,fixed_blend_010,0.0,0.5027231594062784,0.4972768405937217,0.0,1.0,113.0,5.0
openbci,cross_task,11,arithmetic_to_stroop,stroop:s11:r1,fixed_blend_025,0.0,0.5038689864227792,0.49613101357722084,0.0,1.0,113.0,5.0
openbci,cross_task,11,arithmetic_to_stroop,stroop:s11:r2,equal_blend_050,1.0,0.6329455356035475,0.36705446439645256,0.0,0.0,130.0,5.0
openbci,cross_task,11,arithmetic_to_stroop,stroop:s11:r2,fixed_blend_010,1.0,0.7613865813362455,0.23861341866375455,0.0,0.0,130.0,5.0
openbci,cross_task,11,arithmetic_to_stroop,stroop:s11:r2,fixed_blend_025,1.0,0.7061930922512527,0.2938069077487473,0.0,0.0,130.0,5.0
openbci,cross_task,11,arithmetic_to_stroop,stroop:s11:r3,equal_blend_050,1.0,0.6493127379104138,0.3506872620895861,0.0,0.0,185.0,5.0
openbci,cross_task,11,arithmetic_to_stroop,stroop:s11:r3,fixed_blend_010,1.0,0.8070983704671929,0.19290162953280704,0.0,0.0,185.0,5.0
openbci,cross_task,11,arithmetic_to_stroop,stroop:s11:r3,fixed_blend_025,1.0,0.7412943103947426,0.25870568960525747,0.0,0.0,185.0,5.0
openbci,cross_task,11,stroop_to_arithmetic,arithmetic:s11:r1,equal_blend_050,0.0,0.7195128678007575,0.28048713219924254,0.0,1.0,155.0,5.0
openbci,cross_task,11,stroop_to_arithmetic,arithmetic:s11:r1,fixed_blend_010,0.0,0.8110662952734767,0.1889337047265233,0.0,1.0,155.0,5.0
openbci,cross_task,11,stroop_to_arithmetic,arithmetic:s11:r1,fixed_blend_025,0.0,0.7630581386120467,0.23694186138795323,0.0,1.0,155.0,5.0
openbci,cross_task,11,stroop_to_arithmetic,arithmetic:s11:r2,equal_blend_050,1.0,0.7910706240342958,0.20892937596570418,0.0,0.0,162.0,5.0
openbci,cross_task,11,stroop_to_arithmetic,arithmetic:s11:r2,fixed_blend_010,1.0,0.8931034672048695,0.1068965327951305,0.0,0.0,162.0,5.0
openbci,cross_task,11,stroop_to_arithmetic,arithmetic:s11:r2,fixed_blend_025,1.0,0.8421368607881079,0.15786313921189202,0.0,0.0,162.0,5.0
openbci,cross_task,11,stroop_to_arithmetic,arithmetic:s11:r3,equal_blend_050,1.0,0.9255869716419628,0.07441302835803718,0.0,0.0,211.0,5.0
openbci,cross_task,11,stroop_to_arithmetic,arithmetic:s11:r3,fixed_blend_010,1.0,0.9839337597398468,0.016066240260153263,0.0,0.0,211.0,5.0
openbci,cross_task,11,stroop_to_arithmetic,arithmetic:s11:r3,fixed_blend_025,1.0,0.9616907558489213,0.03830924415107863,0.0,0.0,211.0,5.0
openbci,cross_task,12,arithmetic_to_stroop,stroop:s12:r1,equal_blend_050,0.0,0.32343505644620985,0.6765649435537902,1.0,0.0,123.0,5.0
openbci,cross_task,12,arithmetic_to_stroop,stroop:s12:r1,fixed_blend_010,0.0,0.14313456048145445,0.8568654395185455,1.0,0.0,123.0,5.0
openbci,cross_task,12,arithmetic_to_stroop,stroop:s12:r1,fixed_blend_025,0.0,0.2221829249582359,0.777817075041764,1.0,0.0,123.0,5.0
openbci,cross_task,12,arithmetic_to_stroop,stroop:s12:r2,equal_blend_050,1.0,0.3033020548528326,0.6966979451471674,1.0,1.0,126.0,5.0
openbci,cross_task,12,arithmetic_to_stroop,stroop:s12:r2,fixed_blend_010,1.0,0.1125982978190303,0.8874017021809697,1.0,1.0,126.0,5.0
openbci,cross_task,12,arithmetic_to_stroop,stroop:s12:r2,fixed_blend_025,1.0,0.1914961847292994,0.8085038152707006,1.0,1.0,126.0,5.0
openbci,cross_task,12,arithmetic_to_stroop,stroop:s12:r3,equal_blend_050,1.0,0.34936778885446057,0.6506322111455394,1.0,1.0,189.0,5.0
openbci,cross_task,12,arithmetic_to_stroop,stroop:s12:r3,fixed_blend_010,1.0,0.1331132496613858,0.8668867503386143,1.0,1.0,189.0,5.0
openbci,cross_task,12,arithmetic_to_stroop,stroop:s12:r3,fixed_blend_025,1.0,0.22251623463152811,0.7774837653684719,1.0,1.0,189.0,5.0
openbci,cross_task,12,stroop_to_arithmetic,arithmetic:s12:r1,equal_blend_050,0.0,0.4228185142394143,0.5771814857605856,1.0,0.0,116.0,5.0
openbci,cross_task,12,stroop_to_arithmetic,arithmetic:s12:r1,fixed_blend_010,0.0,0.34156677513594674,0.6584332248640533,1.0,0.0,116.0,5.0
openbci,cross_task,12,stroop_to_arithmetic,arithmetic:s12:r1,fixed_blend_025,0.0,0.3768372654363745,0.6231627345636255,1.0,0.0,116.0,5.0
openbci,cross_task,12,stroop_to_arithmetic,arithmetic:s12:r2,equal_blend_050,1.0,0.45773382603423196,0.542266173965768,1.0,1.0,135.0,5.0
openbci,cross_task,12,stroop_to_arithmetic,arithmetic:s12:r2,fixed_blend_010,1.0,0.41869916709768723,0.5813008329023127,1.0,1.0,135.0,5.0
openbci,cross_task,12,stroop_to_arithmetic,arithmetic:s12:r2,fixed_blend_025,1.0,0.4349128928760614,0.5650871071239386,1.0,1.0,135.0,5.0
openbci,cross_task,12,stroop_to_arithmetic,arithmetic:s12:r3,equal_blend_050,1.0,0.44048950270595305,0.559510497294047,1.0,1.0,219.0,5.0
openbci,cross_task,12,stroop_to_arithmetic,arithmetic:s12:r3,fixed_blend_010,1.0,0.3680361133341645,0.6319638866658355,1.0,1.0,219.0,5.0
openbci,cross_task,12,stroop_to_arithmetic,arithmetic:s12:r3,fixed_blend_025,1.0,0.40004467902067065,0.5999553209793292,1.0,1.0,219.0,5.0
openbci,cross_task,13,arithmetic_to_stroop,stroop:s13:r1,equal_blend_050,0.0,0.38369141739840984,0.6163085826015902,1.0,0.0,91.0,5.0
openbci,cross_task,13,arithmetic_to_stroop,stroop:s13:r1,fixed_blend_010,0.0,0.33512384204753654,0.6648761579524634,1.0,0.0,91.0,5.0
openbci,cross_task,13,arithmetic_to_stroop,stroop:s13:r1,fixed_blend_025,0.0,0.363393092129125,0.6366069078708749,1.0,0.0,91.0,5.0
openbci,cross_task,13,arithmetic_to_stroop,stroop:s13:r2,equal_blend_050,1.0,0.31601594452918236,0.6839840554708176,1.0,1.0,122.0,5.0
openbci,cross_task,13,arithmetic_to_stroop,stroop:s13:r2,fixed_blend_010,1.0,0.12573835166663927,0.8742616483333607,1.0,1.0,122.0,5.0
openbci,cross_task,13,arithmetic_to_stroop,stroop:s13:r2,fixed_blend_025,1.0,0.20830947787054943,0.7916905221294506,1.0,1.0,122.0,5.0
openbci,cross_task,13,arithmetic_to_stroop,stroop:s13:r3,equal_blend_050,1.0,0.4427333482745806,0.5572666517254193,1.0,1.0,180.0,5.0
openbci,cross_task,13,arithmetic_to_stroop,stroop:s13:r3,fixed_blend_010,1.0,0.21681855983072335,0.7831814401692766,1.0,1.0,180.0,5.0
openbci,cross_task,13,arithmetic_to_stroop,stroop:s13:r3,fixed_blend_025,1.0,0.3267773801633143,0.6732226198366856,1.0,1.0,180.0,5.0
openbci,cross_task,13,stroop_to_arithmetic,arithmetic:s13:r1,equal_blend_050,0.0,0.5619454724999212,0.4380545275000787,0.0,1.0,142.0,5.0
openbci,cross_task,13,stroop_to_arithmetic,arithmetic:s13:r1,fixed_blend_010,0.0,0.6768296399701959,0.32317036002980404,0.0,1.0,142.0,5.0
openbci,cross_task,13,stroop_to_arithmetic,arithmetic:s13:r1,fixed_blend_025,0.0,0.6262678150913829,0.3737321849086171,0.0,1.0,142.0,5.0
openbci,cross_task,13,stroop_to_arithmetic,arithmetic:s13:r2,equal_blend_050,1.0,0.528567233370897,0.47143276662910305,0.0,0.0,145.0,5.0
openbci,cross_task,13,stroop_to_arithmetic,arithmetic:s13:r2,fixed_blend_010,1.0,0.6004061615287036,0.3995938384712964,0.0,0.0,145.0,5.0
openbci,cross_task,13,stroop_to_arithmetic,arithmetic:s13:r2,fixed_blend_025,1.0,0.5625799372258857,0.4374200627741144,0.0,0.0,145.0,5.0
openbci,cross_task,13,stroop_to_arithmetic,arithmetic:s13:r3,equal_blend_050,1.0,0.41761354671257966,0.5823864532874203,1.0,1.0,203.0,5.0
openbci,cross_task,13,stroop_to_arithmetic,arithmetic:s13:r3,fixed_blend_010,1.0,0.326298462432134,0.6737015375678659,1.0,1.0,203.0,5.0
openbci,cross_task,13,stroop_to_arithmetic,arithmetic:s13:r3,fixed_blend_025,1.0,0.3669110424995658,0.6330889575004343,1.0,1.0,203.0,5.0
openbci,loso,1,arithmetic,arithmetic:s01:r0,equal_blend_050,0.0,0.3408437948953797,0.6591562051046204,1.0,0.0,157.0,5.0
openbci,loso,1,arithmetic,arithmetic:s01:r0,fixed_blend_010,0.0,0.25724930590127487,0.7427506940987252,1.0,0.0,157.0,5.0
openbci,loso,1,arithmetic,arithmetic:s01:r0,fixed_blend_025,0.0,0.2958148700279617,0.7041851299720384,1.0,0.0,157.0,5.0
openbci,loso,1,arithmetic,arithmetic:s01:r1,equal_blend_050,0.0,0.26703379421004314,0.7329662057899569,1.0,0.0,152.0,5.0
openbci,loso,1,arithmetic,arithmetic:s01:r1,fixed_blend_010,0.0,0.1622203478981267,0.8377796521018733,1.0,0.0,152.0,5.0
openbci,loso,1,arithmetic,arithmetic:s01:r1,fixed_blend_025,0.0,0.20851026223164879,0.7914897377683512,1.0,0.0,152.0,5.0
openbci,loso,1,arithmetic,arithmetic:s01:r2,equal_blend_050,1.0,0.26465513797650053,0.7353448620234995,1.0,1.0,169.0,5.0
openbci,loso,1,arithmetic,arithmetic:s01:r2,fixed_blend_010,1.0,0.15035825906154612,0.8496417409384538,1.0,1.0,169.0,5.0
openbci,loso,1,arithmetic,arithmetic:s01:r2,fixed_blend_025,1.0,0.20219398833352212,0.7978060116664779,1.0,1.0,169.0,5.0
openbci,loso,1,arithmetic,arithmetic:s01:r3,equal_blend_050,1.0,0.39324935329450583,0.6067506467054942,1.0,1.0,218.0,5.0
openbci,loso,1,arithmetic,arithmetic:s01:r3,fixed_blend_010,1.0,0.34768813491347916,0.6523118650865207,1.0,1.0,218.0,5.0
openbci,loso,1,arithmetic,arithmetic:s01:r3,fixed_blend_025,1.0,0.37269521674534845,0.6273047832546517,1.0,1.0,218.0,5.0
openbci,loso,1,stroop,stroop:s01:r0,equal_blend_050,0.0,0.65803072637788,0.3419692736221201,0.0,1.0,157.0,5.0
openbci,loso,1,stroop,stroop:s01:r0,fixed_blend_010,0.0,0.7914681934309596,0.20853180656904036,0.0,1.0,157.0,5.0
openbci,loso,1,stroop,stroop:s01:r0,fixed_blend_025,0.0,0.7217320229641432,0.2782679770358569,0.0,1.0,157.0,5.0
openbci,loso,1,stroop,stroop:s01:r1,equal_blend_050,0.0,0.7967501109982024,0.20324988900179763,0.0,1.0,148.0,5.0
openbci,loso,1,stroop,stroop:s01:r1,fixed_blend_010,0.0,0.939944968512581,0.06005503148741898,0.0,1.0,148.0,5.0
openbci,loso,1,stroop,stroop:s01:r1,fixed_blend_025,0.0,0.8809075394074773,0.11909246059252271,0.0,1.0,148.0,5.0
openbci,loso,1,stroop,stroop:s01:r2,equal_blend_050,1.0,0.8145764793214506,0.18542352067854934,0.0,0.0,139.0,5.0
openbci,loso,1,stroop,stroop:s01:r2,fixed_blend_010,1.0,0.9478638525083289,0.052136147491671135,0.0,0.0,139.0,5.0
openbci,loso,1,stroop,stroop:s01:r2,fixed_blend_025,1.0,0.8931545241318982,0.10684547586810171,0.0,0.0,139.0,5.0
openbci,loso,1,stroop,stroop:s01:r3,equal_blend_050,1.0,0.7950849417548476,0.20491505824515244,0.0,0.0,209.0,5.0
openbci,loso,1,stroop,stroop:s01:r3,fixed_blend_010,1.0,0.9419623738758397,0.05803762612416035,0.0,0.0,209.0,5.0
openbci,loso,1,stroop,stroop:s01:r3,fixed_blend_025,1.0,0.8822213852980751,0.11777861470192492,0.0,0.0,209.0,5.0
openbci,loso,2,arithmetic,arithmetic:s02:r0,equal_blend_050,0.0,0.6483845923674213,0.35161540763257865,0.0,1.0,450.0,5.0
openbci,loso,2,arithmetic,arithmetic:s02:r0,fixed_blend_010,0.0,0.7769576976012066,0.22304230239879355,0.0,1.0,450.0,5.0
openbci,loso,2,arithmetic,arithmetic:s02:r0,fixed_blend_025,0.0,0.7098800107314045,0.29011998926859545,0.0,1.0,450.0,5.0
openbci,loso,2,arithmetic,arithmetic:s02:r1,equal_blend_050,0.0,0.5781882243001442,0.42181177569985584,0.0,1.0,132.0,5.0
openbci,loso,2,arithmetic,arithmetic:s02:r1,fixed_blend_010,0.0,0.6373994043517297,0.3626005956482703,0.0,1.0,132.0,5.0
openbci,loso,2,arithmetic,arithmetic:s02:r1,fixed_blend_025,0.0,0.604229223864064,0.3957707761359359,0.0,1.0,132.0,5.0
openbci,loso,2,arithmetic,arithmetic:s02:r2,equal_blend_050,1.0,0.4665224972120478,0.5334775027879521,1.0,1.0,136.0,5.0
openbci,loso,2,arithmetic,arithmetic:s02:r2,fixed_blend_010,1.0,0.44653584817671116,0.5534641518232889,1.0,1.0,136.0,5.0
openbci,loso,2,arithmetic,arithmetic:s02:r2,fixed_blend_025,1.0,0.454184049522821,0.545815950477179,1.0,1.0,136.0,5.0
openbci,loso,2,arithmetic,arithmetic:s02:r3,equal_blend_050,1.0,0.3896875715142281,0.6103124284857718,1.0,1.0,270.0,5.0
openbci,loso,2,arithmetic,arithmetic:s02:r3,fixed_blend_010,1.0,0.32822393888480045,0.6717760611151995,1.0,1.0,270.0,5.0
openbci,loso,2,arithmetic,arithmetic:s02:r3,fixed_blend_025,1.0,0.35396808745669833,0.6460319125433017,1.0,1.0,270.0,5.0
openbci,loso,2,stroop,stroop:s02:r0,equal_blend_050,0.0,0.8483497542193843,0.15165024578061567,0.0,1.0,450.0,5.0
openbci,loso,2,stroop,stroop:s02:r0,fixed_blend_010,0.0,0.9528802047605467,0.04711979523945336,0.0,1.0,450.0,5.0
openbci,loso,2,stroop,stroop:s02:r0,fixed_blend_025,0.0,0.9083698922470761,0.09163010775292393,0.0,1.0,450.0,5.0
openbci,loso,2,stroop,stroop:s02:r1,equal_blend_050,0.0,0.8489969826915775,0.15100301730842242,0.0,1.0,95.0,5.0
openbci,loso,2,stroop,stroop:s02:r1,fixed_blend_010,0.0,0.9578686733227502,0.04213132667724992,0.0,1.0,95.0,5.0
openbci,loso,2,stroop,stroop:s02:r1,fixed_blend_025,0.0,0.9128465500024288,0.08715344999757126,0.0,1.0,95.0,5.0
openbci,loso,2,stroop,stroop:s02:r2,equal_blend_050,1.0,0.7522908817968054,0.2477091182031946,0.0,0.0,106.0,5.0
openbci,loso,2,stroop,stroop:s02:r2,fixed_blend_010,1.0,0.8966542983827168,0.10334570161728317,0.0,0.0,106.0,5.0
openbci,loso,2,stroop,stroop:s02:r2,fixed_blend_025,1.0,0.8304116712893675,0.16958832871063237,0.0,0.0,106.0,5.0
openbci,loso,2,stroop,stroop:s02:r3,equal_blend_050,1.0,0.8156038707738437,0.18439612922615634,0.0,0.0,208.0,5.0
openbci,loso,2,stroop,stroop:s02:r3,fixed_blend_010,1.0,0.940672316044311,0.05932768395568895,0.0,0.0,208.0,5.0
openbci,loso,2,stroop,stroop:s02:r3,fixed_blend_025,1.0,0.8868551732229976,0.11314482677700241,0.0,0.0,208.0,5.0
openbci,loso,3,arithmetic,arithmetic:s03:r0,equal_blend_050,0.0,0.7882377452489453,0.21176225475105467,0.0,1.0,181.0,5.0
openbci,loso,3,arithmetic,arithmetic:s03:r0,fixed_blend_010,0.0,0.9201019674986913,0.07989803250130857,0.0,1.0,181.0,5.0
openbci,loso,3,arithmetic,arithmetic:s03:r0,fixed_blend_025,0.0,0.8630178763425962,0.13698212365740375,0.0,1.0,181.0,5.0
openbci,loso,3,arithmetic,arithmetic:s03:r1,equal_blend_050,0.0,0.4653181327141153,0.5346818672858847,1.0,0.0,91.0,5.0
openbci,loso,3,arithmetic,arithmetic:s03:r1,fixed_blend_010,0.0,0.4633524207376734,0.5366475792623265,1.0,0.0,91.0,5.0
openbci,loso,3,arithmetic,arithmetic:s03:r1,fixed_blend_025,0.0,0.4626359962750313,0.5373640037249687,1.0,0.0,91.0,5.0
openbci,loso,3,arithmetic,arithmetic:s03:r2,equal_blend_050,1.0,0.44412286755283,0.5558771324471701,1.0,1.0,137.0,5.0
openbci,loso,3,arithmetic,arithmetic:s03:r2,fixed_blend_010,1.0,0.4256524913224503,0.5743475086775497,1.0,1.0,137.0,5.0
openbci,loso,3,arithmetic,arithmetic:s03:r2,fixed_blend_025,1.0,0.4364005864329474,0.5635994135670526,1.0,1.0,137.0,5.0
openbci,loso,3,arithmetic,arithmetic:s03:r3,equal_blend_050,1.0,0.4905943716924292,0.5094056283075707,1.0,1.0,160.0,5.0
openbci,loso,3,arithmetic,arithmetic:s03:r3,fixed_blend_010,1.0,0.5068366827494704,0.4931633172505297,0.0,0.0,160.0,5.0
openbci,loso,3,arithmetic,arithmetic:s03:r3,fixed_blend_025,1.0,0.5002147960163739,0.49978520398362625,0.0,0.0,160.0,5.0
openbci,loso,3,stroop,stroop:s03:r0,equal_blend_050,0.0,0.7820362001329457,0.2179637998670543,0.0,1.0,181.0,5.0
openbci,loso,3,stroop,stroop:s03:r0,fixed_blend_010,0.0,0.9338249483973767,0.06617505160262324,0.0,1.0,181.0,5.0
openbci,loso,3,stroop,stroop:s03:r0,fixed_blend_025,0.0,0.870753845094025,0.12924615490597494,0.0,1.0,181.0,5.0
openbci,loso,3,stroop,stroop:s03:r1,equal_blend_050,0.0,0.4175835847033686,0.5824164152966314,1.0,0.0,127.0,5.0
openbci,loso,3,stroop,stroop:s03:r1,fixed_blend_010,0.0,0.3932377484103617,0.6067622515896383,1.0,0.0,127.0,5.0
openbci,loso,3,stroop,stroop:s03:r1,fixed_blend_025,0.0,0.40256920924677453,0.5974307907532255,1.0,0.0,127.0,5.0
openbci,loso,3,stroop,stroop:s03:r2,equal_blend_050,1.0,0.24890579747107852,0.7510942025289215,1.0,1.0,102.0,5.0
openbci,loso,3,stroop,stroop:s03:r2,fixed_blend_010,1.0,0.14604351218500042,0.8539564878149996,1.0,1.0,102.0,5.0
openbci,loso,3,stroop,stroop:s03:r2,fixed_blend_025,1.0,0.18908382733645948,0.8109161726635404,1.0,1.0,102.0,5.0
openbci,loso,3,stroop,stroop:s03:r3,equal_blend_050,1.0,0.19699763662948513,0.8030023633705149,1.0,1.0,160.0,5.0
openbci,loso,3,stroop,stroop:s03:r3,fixed_blend_010,1.0,0.08751320498131246,0.9124867950186875,1.0,1.0,160.0,5.0
openbci,loso,3,stroop,stroop:s03:r3,fixed_blend_025,1.0,0.13094826165892617,0.8690517383410739,1.0,1.0,160.0,5.0
openbci,loso,4,arithmetic,arithmetic:s04:r0,equal_blend_050,0.0,0.3081542397814974,0.6918457602185026,1.0,0.0,116.0,5.0
openbci,loso,4,arithmetic,arithmetic:s04:r0,fixed_blend_010,0.0,0.24421520199491506,0.7557847980050849,1.0,0.0,116.0,5.0
openbci,loso,4,arithmetic,arithmetic:s04:r0,fixed_blend_025,0.0,0.2696693824016743,0.7303306175983257,1.0,0.0,116.0,5.0
openbci,loso,4,arithmetic,arithmetic:s04:r1,equal_blend_050,0.0,0.7580112336626181,0.24198876633738178,0.0,1.0,119.0,5.0
openbci,loso,4,arithmetic,arithmetic:s04:r1,fixed_blend_010,0.0,0.9150119609523367,0.08498803904766328,0.0,1.0,119.0,5.0
openbci,loso,4,arithmetic,arithmetic:s04:r1,fixed_blend_025,0.0,0.851682388373262,0.1483176116267379,0.0,1.0,119.0,5.0
openbci,loso,4,arithmetic,arithmetic:s04:r2,equal_blend_050,1.0,0.6135903574987779,0.3864096425012221,0.0,0.0,210.0,5.0
openbci,loso,4,arithmetic,arithmetic:s04:r2,fixed_blend_010,1.0,0.7233851201525214,0.2766148798474785,0.0,0.0,210.0,5.0
openbci,loso,4,arithmetic,arithmetic:s04:r2,fixed_blend_025,1.0,0.6749353605039204,0.3250646394960796,0.0,0.0,210.0,5.0
openbci,loso,4,arithmetic,arithmetic:s04:r3,equal_blend_050,1.0,0.5718287560441934,0.42817124395580664,0.0,0.0,221.0,5.0
openbci,loso,4,arithmetic,arithmetic:s04:r3,fixed_blend_010,1.0,0.6519140183157262,0.3480859816842739,0.0,0.0,221.0,5.0
openbci,loso,4,arithmetic,arithmetic:s04:r3,fixed_blend_025,1.0,0.6180065795704267,0.3819934204295734,0.0,0.0,221.0,5.0
openbci,loso,4,stroop,stroop:s04:r0,equal_blend_050,0.0,0.791151437192437,0.2088485628075631,0.0,1.0,116.0,5.0
openbci,loso,4,stroop,stroop:s04:r0,fixed_blend_010,0.0,0.942983742824471,0.05701625717552902,0.0,1.0,116.0,5.0
openbci,loso,4,stroop,stroop:s04:r0,fixed_blend_025,0.0,0.8838013158115948,0.11619868418840515,0.0,1.0,116.0,5.0
openbci,loso,4,stroop,stroop:s04:r1,equal_blend_050,0.0,0.5629320781725065,0.4370679218274935,0.0,1.0,89.0,5.0
openbci,loso,4,stroop,stroop:s04:r1,fixed_blend_010,0.0,0.6535031052783108,0.34649689472168915,0.0,1.0,89.0,5.0
openbci,loso,4,stroop,stroop:s04:r1,fixed_blend_025,0.0,0.612551495510844,0.3874485044891561,0.0,1.0,89.0,5.0
openbci,loso,4,stroop,stroop:s04:r2,equal_blend_050,1.0,0.6929148302107369,0.3070851697892632,0.0,0.0,62.0,5.0
openbci,loso,4,stroop,stroop:s04:r2,fixed_blend_010,1.0,0.8421258652343685,0.15787413476563153,0.0,0.0,62.0,5.0
openbci,loso,4,stroop,stroop:s04:r2,fixed_blend_025,1.0,0.7724093476711751,0.22759065232882497,0.0,0.0,62.0,5.0
openbci,loso,4,stroop,stroop:s04:r3,equal_blend_050,1.0,0.7285781650135308,0.2714218349864692,0.0,0.0,192.0,5.0
openbci,loso,4,stroop,stroop:s04:r3,fixed_blend_010,1.0,0.8838314938372616,0.11616850616273852,0.0,0.0,192.0,5.0
openbci,loso,4,stroop,stroop:s04:r3,fixed_blend_025,1.0,0.8157752765368876,0.18422472346311236,0.0,0.0,192.0,5.0
openbci,loso,5,arithmetic,arithmetic:s05:r0,equal_blend_050,0.0,0.8713159555408836,0.12868404445911635,0.0,1.0,244.0,5.0
openbci,loso,5,arithmetic,arithmetic:s05:r0,fixed_blend_010,0.0,0.9699339318355585,0.03006606816444147,0.0,1.0,244.0,5.0
openbci,loso,5,arithmetic,arithmetic:s05:r0,fixed_blend_025,0.0,0.9321832357542139,0.06781676424578606,0.0,1.0,244.0,5.0
openbci,loso,5,arithmetic,arithmetic:s05:r1,equal_blend_050,0.0,0.6142617207262547,0.38573827927374527,0.0,1.0,153.0,5.0
openbci,loso,5,arithmetic,arithmetic:s05:r1,fixed_blend_010,0.0,0.7350605471738968,0.26493945282610315,0.0,1.0,153.0,5.0
openbci,loso,5,arithmetic,arithmetic:s05:r1,fixed_blend_025,0.0,0.6758834381667401,0.3241165618332598,0.0,1.0,153.0,5.0
openbci,loso,5,arithmetic,arithmetic:s05:r2,equal_blend_050,1.0,0.66151861354491,0.33848138645508996,0.0,0.0,198.0,5.0
openbci,loso,5,arithmetic,arithmetic:s05:r2,fixed_blend_010,1.0,0.8074071843688553,0.1925928156311447,0.0,0.0,198.0,5.0
openbci,loso,5,arithmetic,arithmetic:s05:r2,fixed_blend_025,1.0,0.7374912450596544,0.26250875494034565,0.0,0.0,198.0,5.0
openbci,loso,5,arithmetic,arithmetic:s05:r3,equal_blend_050,1.0,0.4424482478176291,0.557551752182371,1.0,1.0,232.0,5.0
openbci,loso,5,arithmetic,arithmetic:s05:r3,fixed_blend_010,1.0,0.41539235250106743,0.5846076474989326,1.0,1.0,232.0,5.0
openbci,loso,5,arithmetic,arithmetic:s05:r3,fixed_blend_025,1.0,0.4239637660918111,0.5760362339081888,1.0,1.0,232.0,5.0
openbci,loso,5,stroop,stroop:s05:r0,equal_blend_050,0.0,0.8525562153208299,0.14744378467917013,0.0,1.0,244.0,5.0
openbci,loso,5,stroop,stroop:s05:r0,fixed_blend_010,0.0,0.9635859601286112,0.03641403987138887,0.0,1.0,244.0,5.0
openbci,loso,5,stroop,stroop:s05:r0,fixed_blend_025,0.0,0.9196377595261824,0.08036224047381761,0.0,1.0,244.0,5.0
openbci,loso,5,stroop,stroop:s05:r1,equal_blend_050,0.0,0.3399041838961309,0.6600958161038691,1.0,0.0,137.0,5.0
openbci,loso,5,stroop,stroop:s05:r1,fixed_blend_010,0.0,0.2704752094794807,0.7295247905205193,1.0,0.0,137.0,5.0
openbci,loso,5,stroop,stroop:s05:r1,fixed_blend_025,0.0,0.2996936485141881,0.7003063514858119,1.0,0.0,137.0,5.0
openbci,loso,5,stroop,stroop:s05:r2,equal_blend_050,1.0,0.25307142578531966,0.7469285742146804,1.0,1.0,108.0,5.0
openbci,loso,5,stroop,stroop:s05:r2,fixed_blend_010,1.0,0.1373758305057142,0.8626241694942858,1.0,1.0,108.0,5.0
openbci,loso,5,stroop,stroop:s05:r2,fixed_blend_025,1.0,0.18381930855384346,0.8161806914461566,1.0,1.0,108.0,5.0
openbci,loso,5,stroop,stroop:s05:r3,equal_blend_050,1.0,0.22622242750888896,0.773777572491111,1.0,1.0,171.0,5.0
openbci,loso,5,stroop,stroop:s05:r3,fixed_blend_010,1.0,0.10957077414121906,0.8904292258587809,1.0,1.0,171.0,5.0
openbci,loso,5,stroop,stroop:s05:r3,fixed_blend_025,1.0,0.1553941733638195,0.8446058266361804,1.0,1.0,171.0,5.0
openbci,loso,6,arithmetic,arithmetic:s06:r0,equal_blend_050,0.0,0.802659739050074,0.19734026094992596,0.0,1.0,150.0,5.0
openbci,loso,6,arithmetic,arithmetic:s06:r0,fixed_blend_010,0.0,0.9556532263678598,0.044346773632140214,0.0,1.0,150.0,5.0
openbci,loso,6,arithmetic,arithmetic:s06:r0,fixed_blend_025,0.0,0.8978125194045674,0.10218748059543255,0.0,1.0,150.0,5.0
openbci,loso,6,arithmetic,arithmetic:s06:r1,equal_blend_050,0.0,0.6842849966450141,0.3157150033549858,0.0,1.0,119.0,5.0
openbci,loso,6,arithmetic,arithmetic:s06:r1,fixed_blend_010,0.0,0.8959293753285695,0.10407062467143048,0.0,1.0,119.0,5.0
openbci,loso,6,arithmetic,arithmetic:s06:r1,fixed_blend_025,0.0,0.8130176298592916,0.18698237014070831,0.0,1.0,119.0,5.0
openbci,loso,6,arithmetic,arithmetic:s06:r2,equal_blend_050,1.0,0.725468764287745,0.274531235712255,0.0,0.0,130.0,5.0
openbci,loso,6,arithmetic,arithmetic:s06:r2,fixed_blend_010,1.0,0.9181940532867879,0.08180594671321204,0.0,0.0,130.0,5.0
openbci,loso,6,arithmetic,arithmetic:s06:r2,fixed_blend_025,1.0,0.8434858281054584,0.1565141718945417,0.0,0.0,130.0,5.0
openbci,loso,6,arithmetic,arithmetic:s06:r3,equal_blend_050,1.0,0.6995089470768246,0.3004910529231753,0.0,0.0,191.0,5.0
openbci,loso,6,arithmetic,arithmetic:s06:r3,fixed_blend_010,1.0,0.8972232497006173,0.10277675029938275,0.0,0.0,191.0,5.0
openbci,loso,6,arithmetic,arithmetic:s06:r3,fixed_blend_025,1.0,0.8184483940069575,0.18155160599304246,0.0,0.0,191.0,5.0
openbci,loso,6,stroop,stroop:s06:r0,equal_blend_050,0.0,0.2090629468637991,0.7909370531362009,1.0,0.0,150.0,5.0
openbci,loso,6,stroop,stroop:s06:r0,fixed_blend_010,0.0,0.09255007844713965,0.9074499215528604,1.0,0.0,150.0,5.0
openbci,loso,6,stroop,stroop:s06:r0,fixed_blend_025,0.0,0.1386379898557139,0.861362010144286,1.0,0.0,150.0,5.0
openbci,loso,6,stroop,stroop:s06:r1,equal_blend_050,0.0,0.608333626482626,0.391666373517374,0.0,1.0,119.0,5.0
openbci,loso,6,stroop,stroop:s06:r1,fixed_blend_010,0.0,0.7385235203253636,0.26147647967463644,0.0,1.0,119.0,5.0
openbci,loso,6,stroop,stroop:s06:r1,fixed_blend_025,0.0,0.6728082889286309,0.32719171107136913,0.0,1.0,119.0,5.0
openbci,loso,6,stroop,stroop:s06:r2,equal_blend_050,1.0,0.7365336202457783,0.2634663797542218,0.0,0.0,111.0,5.0
openbci,loso,6,stroop,stroop:s06:r2,fixed_blend_010,1.0,0.907588493602998,0.09241150639700203,0.0,0.0,111.0,5.0
openbci,loso,6,stroop,stroop:s06:r2,fixed_blend_025,1.0,0.837710419415449,0.1622895805845509,0.0,0.0,111.0,5.0
openbci,loso,6,stroop,stroop:s06:r3,equal_blend_050,1.0,0.29160875213392184,0.7083912478660782,1.0,1.0,161.0,5.0
openbci,loso,6,stroop,stroop:s06:r3,fixed_blend_010,1.0,0.19951064380102423,0.8004893561989758,1.0,1.0,161.0,5.0
openbci,loso,6,stroop,stroop:s06:r3,fixed_blend_025,1.0,0.23792640830361478,0.7620735916963852,1.0,1.0,161.0,5.0
openbci,loso,7,arithmetic,arithmetic:s07:r0,equal_blend_050,0.0,0.8646028065803681,0.13539719341963186,0.0,1.0,169.0,5.0
openbci,loso,7,arithmetic,arithmetic:s07:r0,fixed_blend_010,0.0,0.9667035786291136,0.033296421370886384,0.0,1.0,169.0,5.0
openbci,loso,7,arithmetic,arithmetic:s07:r0,fixed_blend_025,0.0,0.9268649482259693,0.07313505177403062,0.0,1.0,169.0,5.0
openbci,loso,7,arithmetic,arithmetic:s07:r1,equal_blend_050,0.0,0.777720498935923,0.222279501064077,0.0,1.0,36.0,5.0
openbci,loso,7,arithmetic,arithmetic:s07:r1,fixed_blend_010,0.0,0.9397833967655042,0.06021660323449593,0.0,1.0,36.0,5.0
openbci,loso,7,arithmetic,arithmetic:s07:r1,fixed_blend_025,0.0,0.8785865836697293,0.12141341633027079,0.0,1.0,36.0,5.0
openbci,loso,7,arithmetic,arithmetic:s07:r2,equal_blend_050,1.0,0.7326960350048597,0.2673039649951403,0.0,0.0,46.0,5.0
openbci,loso,7,arithmetic,arithmetic:s07:r2,fixed_blend_010,1.0,0.8936234877061675,0.10637651229383245,0.0,0.0,46.0,5.0
openbci,loso,7,arithmetic,arithmetic:s07:r2,fixed_blend_025,1.0,0.8280022975441602,0.17199770245583978,0.0,0.0,46.0,5.0
openbci,loso,7,arithmetic,arithmetic:s07:r3,equal_blend_050,1.0,0.7506522389890622,0.2493477610109379,0.0,0.0,102.0,5.0
openbci,loso,7,arithmetic,arithmetic:s07:r3,fixed_blend_010,1.0,0.919990029364824,0.08000997063517594,0.0,0.0,102.0,5.0
openbci,loso,7,arithmetic,arithmetic:s07:r3,fixed_blend_025,1.0,0.854212049157746,0.14578795084225407,0.0,0.0,102.0,5.0
openbci,loso,7,stroop,stroop:s07:r0,equal_blend_050,0.0,0.8789115045377012,0.12108849546229883,0.0,1.0,169.0,5.0
openbci,loso,7,stroop,stroop:s07:r0,fixed_blend_010,0.0,0.9721904017650067,0.027809598234993314,0.0,1.0,169.0,5.0
openbci,loso,7,stroop,stroop:s07:r0,fixed_blend_025,0.0,0.9362430270139633,0.06375697298603664,0.0,1.0,169.0,5.0
openbci,loso,7,stroop,stroop:s07:r1,equal_blend_050,0.0,0.8329224441152165,0.16707755588478346,0.0,1.0,97.0,5.0
openbci,loso,7,stroop,stroop:s07:r1,fixed_blend_010,0.0,0.9637384066752106,0.03626159332478939,0.0,1.0,97.0,5.0
openbci,loso,7,stroop,stroop:s07:r1,fixed_blend_025,0.0,0.9142317070596236,0.08576829294037634,0.0,1.0,97.0,5.0
openbci,loso,7,stroop,stroop:s07:r2,equal_blend_050,1.0,0.7652260921852411,0.23477390781475896,0.0,0.0,96.0,5.0
openbci,loso,7,stroop,stroop:s07:r2,fixed_blend_010,1.0,0.9251053647909544,0.07489463520904567,0.0,0.0,96.0,5.0
openbci,loso,7,stroop,stroop:s07:r2,fixed_blend_025,1.0,0.8598246678306577,0.14017533216934225,0.0,0.0,96.0,5.0
openbci,loso,7,stroop,stroop:s07:r3,equal_blend_050,1.0,0.8109100874220996,0.1890899125779003,0.0,0.0,179.0,5.0
openbci,loso,7,stroop,stroop:s07:r3,fixed_blend_010,1.0,0.952041335774622,0.04795866422537798,0.0,0.0,179.0,5.0
openbci,loso,7,stroop,stroop:s07:r3,fixed_blend_025,1.0,0.897076573430538,0.10292342656946193,0.0,0.0,179.0,5.0
openbci,loso,8,arithmetic,arithmetic:s08:r0,equal_blend_050,0.0,0.6654463403337015,0.3345536596662985,0.0,1.0,190.0,5.0
openbci,loso,8,arithmetic,arithmetic:s08:r0,fixed_blend_010,0.0,0.8240439822149324,0.17595601778506761,0.0,1.0,190.0,5.0
openbci,loso,8,arithmetic,arithmetic:s08:r0,fixed_blend_025,0.0,0.7490275687771761,0.2509724312228238,0.0,1.0,190.0,5.0
openbci,loso,8,arithmetic,arithmetic:s08:r1,equal_blend_050,0.0,0.32812934270628746,0.6718706572937125,1.0,0.0,278.0,5.0
openbci,loso,8,arithmetic,arithmetic:s08:r1,fixed_blend_010,0.0,0.272951003150244,0.7270489968497561,1.0,0.0,278.0,5.0
openbci,loso,8,arithmetic,arithmetic:s08:r1,fixed_blend_025,0.0,0.2944866335010667,0.7055133664989334,1.0,0.0,278.0,5.0
openbci,loso,8,arithmetic,arithmetic:s08:r2,equal_blend_050,1.0,0.3189402353232133,0.6810597646767866,1.0,1.0,259.0,5.0
openbci,loso,8,arithmetic,arithmetic:s08:r2,fixed_blend_010,1.0,0.2560283663212169,0.743971633678783,1.0,1.0,259.0,5.0
openbci,loso,8,arithmetic,arithmetic:s08:r2,fixed_blend_025,1.0,0.2826219213287507,0.7173780786712494,1.0,1.0,259.0,5.0
openbci,loso,8,arithmetic,arithmetic:s08:r3,equal_blend_050,1.0,0.2439641194104589,0.7560358805895412,1.0,1.0,311.0,5.0
openbci,loso,8,arithmetic,arithmetic:s08:r3,fixed_blend_010,1.0,0.1502296370841947,0.8497703629158053,1.0,1.0,311.0,5.0
openbci,loso,8,arithmetic,arithmetic:s08:r3,fixed_blend_025,1.0,0.18860282801013875,0.8113971719898613,1.0,1.0,311.0,5.0
openbci,loso,8,stroop,stroop:s08:r0,equal_blend_050,0.0,0.7225776876729225,0.27742231232707754,0.0,1.0,190.0,5.0
openbci,loso,8,stroop,stroop:s08:r0,fixed_blend_010,0.0,0.8919896959475522,0.10801030405244784,0.0,1.0,190.0,5.0
openbci,loso,8,stroop,stroop:s08:r0,fixed_blend_025,0.0,0.8179276840787556,0.18207231592124437,0.0,1.0,190.0,5.0
openbci,loso,8,stroop,stroop:s08:r1,equal_blend_050,0.0,0.5410878601713836,0.45891213982861645,0.0,1.0,162.0,5.0
openbci,loso,8,stroop,stroop:s08:r1,fixed_blend_010,0.0,0.6387416758373389,0.36125832416266107,0.0,1.0,162.0,5.0
openbci,loso,8,stroop,stroop:s08:r1,fixed_blend_025,0.0,0.5920605264674412,0.4079394735325588,0.0,1.0,162.0,5.0
openbci,loso,8,stroop,stroop:s08:r2,equal_blend_050,1.0,0.42314447486867507,0.5768555251313249,1.0,1.0,160.0,5.0
openbci,loso,8,stroop,stroop:s08:r2,fixed_blend_010,1.0,0.4199011112378726,0.5800988887621273,1.0,1.0,160.0,5.0
openbci,loso,8,stroop,stroop:s08:r2,fixed_blend_025,1.0,0.41970352043775994,0.5802964795622401,1.0,1.0,160.0,5.0
openbci,loso,8,stroop,stroop:s08:r3,equal_blend_050,1.0,0.37217868495509904,0.6278213150449009,1.0,1.0,234.0,5.0
openbci,loso,8,stroop,stroop:s08:r3,fixed_blend_010,1.0,0.3356829907973731,0.6643170092026269,1.0,1.0,234.0,5.0
openbci,loso,8,stroop,stroop:s08:r3,fixed_blend_025,1.0,0.3510568247773211,0.648943175222679,1.0,1.0,234.0,5.0
openbci,loso,9,arithmetic,arithmetic:s09:r0,equal_blend_050,0.0,0.9222500146242871,0.07774998537571282,0.0,1.0,410.0,5.0
openbci,loso,9,arithmetic,arithmetic:s09:r0,fixed_blend_010,0.0,0.9831948992469514,0.01680510075304857,0.0,1.0,410.0,5.0
openbci,loso,9,arithmetic,arithmetic:s09:r0,fixed_blend_025,0.0,0.9599661609475693,0.040033839052430666,0.0,1.0,410.0,5.0
openbci,loso,9,arithmetic,arithmetic:s09:r1,equal_blend_050,0.0,0.8004361507476696,0.19956384925233034,0.0,1.0,121.0,5.0
openbci,loso,9,arithmetic,arithmetic:s09:r1,fixed_blend_010,0.0,0.9326264367025108,0.06737356329748921,0.0,1.0,121.0,5.0
openbci,loso,9,arithmetic,arithmetic:s09:r1,fixed_blend_025,0.0,0.8793677408894369,0.12063225911056318,0.0,1.0,121.0,5.0
openbci,loso,9,arithmetic,arithmetic:s09:r2,equal_blend_050,1.0,0.8331280535560327,0.16687194644396727,0.0,0.0,122.0,5.0
openbci,loso,9,arithmetic,arithmetic:s09:r2,fixed_blend_010,1.0,0.9525810260395378,0.04741897396046217,0.0,0.0,122.0,5.0
openbci,loso,9,arithmetic,arithmetic:s09:r2,fixed_blend_025,1.0,0.9058062969975512,0.09419370300244873,0.0,0.0,122.0,5.0
openbci,loso,9,arithmetic,arithmetic:s09:r3,equal_blend_050,1.0,0.8358036361727227,0.16419636382727731,0.0,0.0,426.0,5.0
openbci,loso,9,arithmetic,arithmetic:s09:r3,fixed_blend_010,1.0,0.9518720705357915,0.04812792946420849,0.0,0.0,426.0,5.0
openbci,loso,9,arithmetic,arithmetic:s09:r3,fixed_blend_025,1.0,0.9060090416930568,0.0939909583069432,0.0,0.0,426.0,5.0
openbci,loso,9,stroop,stroop:s09:r0,equal_blend_050,0.0,0.8996771136734203,0.1003228863265797,0.0,1.0,410.0,5.0
openbci,loso,9,stroop,stroop:s09:r0,fixed_blend_010,0.0,0.9755371739959579,0.02446282600404214,0.0,1.0,410.0,5.0
openbci,loso,9,stroop,stroop:s09:r0,fixed_blend_025,0.0,0.9457541241467584,0.054245875853241664,0.0,1.0,410.0,5.0
openbci,loso,9,stroop,stroop:s09:r1,equal_blend_050,0.0,0.434173139756257,0.565826860243743,1.0,0.0,160.0,5.0
openbci,loso,9,stroop,stroop:s09:r1,fixed_blend_010,0.0,0.44073544970009493,0.5592645502999051,1.0,0.0,160.0,5.0
openbci,loso,9,stroop,stroop:s09:r1,fixed_blend_025,0.0,0.434869531328865,0.565130468671135,1.0,0.0,160.0,5.0
openbci,loso,9,stroop,stroop:s09:r2,equal_blend_050,1.0,0.2973483637976273,0.7026516362023727,1.0,1.0,110.0,5.0
openbci,loso,9,stroop,stroop:s09:r2,fixed_blend_010,1.0,0.21531669545028442,0.7846833045497156,1.0,1.0,110.0,5.0
openbci,loso,9,stroop,stroop:s09:r2,fixed_blend_025,1.0,0.25190006854596797,0.748099931454032,1.0,1.0,110.0,5.0
openbci,loso,9,stroop,stroop:s09:r3,equal_blend_050,1.0,0.47556992296252265,0.5244300770374772,1.0,1.0,193.0,5.0
openbci,loso,9,stroop,stroop:s09:r3,fixed_blend_010,1.0,0.5245743142562157,0.47542568574378435,0.0,0.0,193.0,5.0
openbci,loso,9,stroop,stroop:s09:r3,fixed_blend_025,1.0,0.5027812800111919,0.4972187199888082,0.0,0.0,193.0,5.0
openbci,loso,10,arithmetic,arithmetic:s10:r0,equal_blend_050,0.0,0.7558004006830362,0.24419959931696372,0.0,1.0,185.0,5.0
openbci,loso,10,arithmetic,arithmetic:s10:r0,fixed_blend_010,0.0,0.8999648519557174,0.10003514804428261,0.0,1.0,185.0,5.0
openbci,loso,10,arithmetic,arithmetic:s10:r0,fixed_blend_025,0.0,0.8314380716750023,0.1685619283249976,0.0,1.0,185.0,5.0
openbci,loso,10,arithmetic,arithmetic:s10:r1,equal_blend_050,0.0,0.266903734658576,0.733096265341424,1.0,0.0,96.0,5.0
openbci,loso,10,arithmetic,arithmetic:s10:r1,fixed_blend_010,0.0,0.17072405323211412,0.8292759467678859,1.0,0.0,96.0,5.0
openbci,loso,10,arithmetic,arithmetic:s10:r1,fixed_blend_025,0.0,0.21158028033418896,0.7884197196658109,1.0,0.0,96.0,5.0
openbci,loso,10,arithmetic,arithmetic:s10:r2,equal_blend_050,1.0,0.2807457205479244,0.7192542794520757,1.0,1.0,112.0,5.0
openbci,loso,10,arithmetic,arithmetic:s10:r2,fixed_blend_010,1.0,0.18102478558847446,0.8189752144115255,1.0,1.0,112.0,5.0
openbci,loso,10,arithmetic,arithmetic:s10:r2,fixed_blend_025,1.0,0.22595932397570367,0.7740406760242963,1.0,1.0,112.0,5.0
openbci,loso,10,arithmetic,arithmetic:s10:r3,equal_blend_050,1.0,0.29321819006749383,0.706781809932506,1.0,1.0,145.0,5.0
openbci,loso,10,arithmetic,arithmetic:s10:r3,fixed_blend_010,1.0,0.19906712956326125,0.8009328704367388,1.0,1.0,145.0,5.0
openbci,loso,10,arithmetic,arithmetic:s10:r3,fixed_blend_025,1.0,0.24194241104416536,0.7580575889558346,1.0,1.0,145.0,5.0
openbci,loso,10,stroop,stroop:s10:r0,equal_blend_050,0.0,0.886922819115818,0.11307718088418192,0.0,1.0,185.0,5.0
openbci,loso,10,stroop,stroop:s10:r0,fixed_blend_010,0.0,0.9762434206708981,0.023756579329101874,0.0,1.0,185.0,5.0
openbci,loso,10,stroop,stroop:s10:r0,fixed_blend_025,0.0,0.9424970694437789,0.05750293055622109,0.0,1.0,185.0,5.0
openbci,loso,10,stroop,stroop:s10:r1,equal_blend_050,0.0,0.8128221573382937,0.18717784266170626,0.0,1.0,118.0,5.0
openbci,loso,10,stroop,stroop:s10:r1,fixed_blend_010,0.0,0.9594260016924705,0.04057399830752947,0.0,1.0,118.0,5.0
openbci,loso,10,stroop,stroop:s10:r1,fixed_blend_025,0.0,0.9038693237217129,0.09613067627828702,0.0,1.0,118.0,5.0
openbci,loso,10,stroop,stroop:s10:r2,equal_blend_050,1.0,0.8016568593308793,0.19834314066912073,0.0,0.0,83.0,5.0
openbci,loso,10,stroop,stroop:s10:r2,fixed_blend_010,1.0,0.9513525391039347,0.04864746089606531,0.0,0.0,83.0,5.0
openbci,loso,10,stroop,stroop:s10:r2,fixed_blend_025,1.0,0.8932886589934201,0.10671134100657986,0.0,0.0,83.0,5.0
openbci,loso,10,stroop,stroop:s10:r3,equal_blend_050,1.0,0.6753809142873243,0.3246190857126757,0.0,0.0,207.0,5.0
openbci,loso,10,stroop,stroop:s10:r3,fixed_blend_010,1.0,0.8425821505229647,0.15741784947703533,0.0,0.0,207.0,5.0
openbci,loso,10,stroop,stroop:s10:r3,fixed_blend_025,1.0,0.7694274183151647,0.23057258168483533,0.0,0.0,207.0,5.0
openbci,loso,11,arithmetic,arithmetic:s11:r0,equal_blend_050,0.0,0.8101604781252797,0.18983952187472028,0.0,1.0,244.0,5.0
openbci,loso,11,arithmetic,arithmetic:s11:r0,fixed_blend_010,0.0,0.9304122506764274,0.06958774932357258,0.0,1.0,244.0,5.0
openbci,loso,11,arithmetic,arithmetic:s11:r0,fixed_blend_025,0.0,0.8770826435728964,0.1229173564271036,0.0,1.0,244.0,5.0
openbci,loso,11,arithmetic,arithmetic:s11:r1,equal_blend_050,0.0,0.6655507531718893,0.3344492468281107,0.0,1.0,155.0,5.0
openbci,loso,11,arithmetic,arithmetic:s11:r1,fixed_blend_010,0.0,0.7706119865280642,0.22938801347193588,0.0,1.0,155.0,5.0
openbci,loso,11,arithmetic,arithmetic:s11:r1,fixed_blend_025,0.0,0.7243304543196332,0.2756695456803667,0.0,1.0,155.0,5.0
openbci,loso,11,arithmetic,arithmetic:s11:r2,equal_blend_050,1.0,0.6005024202433639,0.3994975797566361,0.0,0.0,162.0,5.0
openbci,loso,11,arithmetic,arithmetic:s11:r2,fixed_blend_010,1.0,0.6669518359088253,0.33304816409117466,0.0,0.0,162.0,5.0
openbci,loso,11,arithmetic,arithmetic:s11:r2,fixed_blend_025,1.0,0.6365021056319029,0.36349789436809715,0.0,0.0,162.0,5.0
openbci,loso,11,arithmetic,arithmetic:s11:r3,equal_blend_050,1.0,0.6177373315655004,0.38226266843449963,0.0,0.0,211.0,5.0
openbci,loso,11,arithmetic,arithmetic:s11:r3,fixed_blend_010,1.0,0.6925244539357424,0.3074755460642576,0.0,0.0,211.0,5.0
openbci,loso,11,arithmetic,arithmetic:s11:r3,fixed_blend_025,1.0,0.6573516306792999,0.3426483693207001,0.0,0.0,211.0,5.0
openbci,loso,11,stroop,stroop:s11:r0,equal_blend_050,0.0,0.6301822141322456,0.36981778586775443,0.0,1.0,244.0,5.0
openbci,loso,11,stroop,stroop:s11:r0,fixed_blend_010,0.0,0.7738136936751083,0.22618630632489162,0.0,1.0,244.0,5.0
openbci,loso,11,stroop,stroop:s11:r0,fixed_blend_025,0.0,0.6995487151312796,0.3004512848687204,0.0,1.0,244.0,5.0
openbci,loso,11,stroop,stroop:s11:r1,equal_blend_050,0.0,0.39688326837386395,0.6031167316261361,1.0,0.0,113.0,5.0
openbci,loso,11,stroop,stroop:s11:r1,fixed_blend_010,0.0,0.38087192771694567,0.6191280722830542,1.0,0.0,113.0,5.0
openbci,loso,11,stroop,stroop:s11:r1,fixed_blend_025,0.0,0.38688139638439656,0.6131186036156033,1.0,0.0,113.0,5.0
openbci,loso,11,stroop,stroop:s11:r2,equal_blend_050,1.0,0.3867622445823691,0.6132377554176309,1.0,1.0,130.0,5.0
openbci,loso,11,stroop,stroop:s11:r2,fixed_blend_010,1.0,0.35213428083996373,0.6478657191600363,1.0,1.0,130.0,5.0
openbci,loso,11,stroop,stroop:s11:r2,fixed_blend_025,1.0,0.36672128026691986,0.6332787197330801,1.0,1.0,130.0,5.0
openbci,loso,11,stroop,stroop:s11:r3,equal_blend_050,1.0,0.3980566095061544,0.6019433904938456,1.0,1.0,185.0,5.0
openbci,loso,11,stroop,stroop:s11:r3,fixed_blend_010,1.0,0.3637838696584592,0.6362161303415407,1.0,1.0,185.0,5.0
openbci,loso,11,stroop,stroop:s11:r3,fixed_blend_025,1.0,0.3783170558980668,0.6216829441019331,1.0,1.0,185.0,5.0
openbci,loso,12,arithmetic,arithmetic:s12:r0,equal_blend_050,0.0,0.18569568044869736,0.8143043195513026,1.0,0.0,185.0,5.0
openbci,loso,12,arithmetic,arithmetic:s12:r0,fixed_blend_010,0.0,0.06351431389140054,0.9364856861085995,1.0,0.0,185.0,5.0
openbci,loso,12,arithmetic,arithmetic:s12:r0,fixed_blend_025,0.0,0.1141238668805147,0.8858761331194853,1.0,0.0,185.0,5.0
openbci,loso,12,arithmetic,arithmetic:s12:r1,equal_blend_050,0.0,0.2195961943432554,0.7804038056567446,1.0,0.0,116.0,5.0
openbci,loso,12,arithmetic,arithmetic:s12:r1,fixed_blend_010,0.0,0.09225044433781855,0.9077495556621814,1.0,0.0,116.0,5.0
openbci,loso,12,arithmetic,arithmetic:s12:r1,fixed_blend_025,0.0,0.1431422754782219,0.8568577245217781,1.0,0.0,116.0,5.0
openbci,loso,12,arithmetic,arithmetic:s12:r2,equal_blend_050,1.0,0.1986372499057141,0.8013627500942859,1.0,1.0,135.0,5.0
openbci,loso,12,arithmetic,arithmetic:s12:r2,fixed_blend_010,1.0,0.07138898933518623,0.9286110106648138,1.0,1.0,135.0,5.0
openbci,loso,12,arithmetic,arithmetic:s12:r2,fixed_blend_025,1.0,0.12277886393237018,0.8772211360676297,1.0,1.0,135.0,5.0
openbci,loso,12,arithmetic,arithmetic:s12:r3,equal_blend_050,1.0,0.2188269428699821,0.781173057130018,1.0,1.0,219.0,5.0
openbci,loso,12,arithmetic,arithmetic:s12:r3,fixed_blend_010,1.0,0.08556830725101802,0.914431692748982,1.0,1.0,219.0,5.0
openbci,loso,12,arithmetic,arithmetic:s12:r3,fixed_blend_025,1.0,0.13798033002279167,0.8620196699772084,1.0,1.0,219.0,5.0
openbci,loso,12,stroop,stroop:s12:r0,equal_blend_050,0.0,0.3137805063681382,0.6862194936318619,1.0,0.0,185.0,5.0
openbci,loso,12,stroop,stroop:s12:r0,fixed_blend_010,0.0,0.19582240334920134,0.8041775966507987,1.0,0.0,185.0,5.0
openbci,loso,12,stroop,stroop:s12:r0,fixed_blend_025,0.0,0.25394064523152426,0.7460593547684756,1.0,0.0,185.0,5.0
openbci,loso,12,stroop,stroop:s12:r1,equal_blend_050,0.0,0.22786573064701868,0.7721342693529812,1.0,0.0,123.0,5.0
openbci,loso,12,stroop,stroop:s12:r1,fixed_blend_010,0.0,0.10879794635104252,0.8912020536489575,1.0,0.0,123.0,5.0
openbci,loso,12,stroop,stroop:s12:r1,fixed_blend_025,0.0,0.1604273328580867,0.8395726671419134,1.0,0.0,123.0,5.0
openbci,loso,12,stroop,stroop:s12:r2,equal_blend_050,1.0,0.21571094638149213,0.7842890536185079,1.0,1.0,126.0,5.0
openbci,loso,12,stroop,stroop:s12:r2,fixed_blend_010,1.0,0.10223692895265737,0.8977630710473427,1.0,1.0,126.0,5.0
openbci,loso,12,stroop,stroop:s12:r2,fixed_blend_025,1.0,0.1519867265121637,0.8480132734878363,1.0,1.0,126.0,5.0
openbci,loso,12,stroop,stroop:s12:r3,equal_blend_050,1.0,0.2538519507118705,0.7461480492881295,1.0,1.0,189.0,5.0
openbci,loso,12,stroop,stroop:s12:r3,fixed_blend_010,1.0,0.14257527797398015,0.8574247220260198,1.0,1.0,189.0,5.0
openbci,loso,12,stroop,stroop:s12:r3,fixed_blend_025,1.0,0.19320331810681568,0.8067966818931843,1.0,1.0,189.0,5.0
openbci,loso,13,arithmetic,arithmetic:s13:r0,equal_blend_050,0.0,0.8689754062843336,0.13102459371566652,0.0,1.0,180.0,5.0
openbci,loso,13,arithmetic,arithmetic:s13:r0,fixed_blend_010,0.0,0.9685524873020089,0.03144751269799113,0.0,1.0,180.0,5.0
openbci,loso,13,arithmetic,arithmetic:s13:r0,fixed_blend_025,0.0,0.929101961955161,0.07089803804483887,0.0,1.0,180.0,5.0
openbci,loso,13,arithmetic,arithmetic:s13:r1,equal_blend_050,0.0,0.44257037720393577,0.5574296227960643,1.0,0.0,142.0,5.0
openbci,loso,13,arithmetic,arithmetic:s13:r1,fixed_blend_010,0.0,0.41668232726135823,0.5833176727386418,1.0,0.0,142.0,5.0
openbci,loso,13,arithmetic,arithmetic:s13:r1,fixed_blend_025,0.0,0.431107315117664,0.5688926848823361,1.0,0.0,142.0,5.0
openbci,loso,13,arithmetic,arithmetic:s13:r2,equal_blend_050,1.0,0.585419970494795,0.41458002950520495,0.0,0.0,145.0,5.0
openbci,loso,13,arithmetic,arithmetic:s13:r2,fixed_blend_010,1.0,0.6829993359921054,0.31700066400789456,0.0,0.0,145.0,5.0
openbci,loso,13,arithmetic,arithmetic:s13:r2,fixed_blend_025,1.0,0.6312227615572793,0.36877723844272065,0.0,0.0,145.0,5.0
openbci,loso,13,arithmetic,arithmetic:s13:r3,equal_blend_050,1.0,0.38607964246357096,0.613920357536429,1.0,1.0,203.0,5.0
openbci,loso,13,arithmetic,arithmetic:s13:r3,fixed_blend_010,1.0,0.3160144338950444,0.6839855661049555,1.0,1.0,203.0,5.0
openbci,loso,13,arithmetic,arithmetic:s13:r3,fixed_blend_025,1.0,0.34855428935709,0.65144571064291,1.0,1.0,203.0,5.0
openbci,loso,13,stroop,stroop:s13:r0,equal_blend_050,0.0,0.8430335367785728,0.1569664632214272,0.0,1.0,180.0,5.0
openbci,loso,13,stroop,stroop:s13:r0,fixed_blend_010,0.0,0.957517329371494,0.04248267062850597,0.0,1.0,180.0,5.0
openbci,loso,13,stroop,stroop:s13:r0,fixed_blend_025,0.0,0.9117727514498645,0.08822724855013545,0.0,1.0,180.0,5.0
openbci,loso,13,stroop,stroop:s13:r1,equal_blend_050,0.0,0.5326638472627373,0.4673361527372626,0.0,1.0,91.0,5.0
openbci,loso,13,stroop,stroop:s13:r1,fixed_blend_010,0.0,0.6118415565917369,0.3881584434082631,0.0,1.0,91.0,5.0
openbci,loso,13,stroop,stroop:s13:r1,fixed_blend_025,0.0,0.5739173609412742,0.4260826390587258,0.0,1.0,91.0,5.0
openbci,loso,13,stroop,stroop:s13:r2,equal_blend_050,1.0,0.6276843739839165,0.3723156260160835,0.0,0.0,122.0,5.0
openbci,loso,13,stroop,stroop:s13:r2,fixed_blend_010,1.0,0.7549221645420282,0.2450778354579719,0.0,0.0,122.0,5.0
openbci,loso,13,stroop,stroop:s13:r2,fixed_blend_025,1.0,0.6976203720106531,0.3023796279893469,0.0,0.0,122.0,5.0
openbci,loso,13,stroop,stroop:s13:r3,equal_blend_050,1.0,0.569232347025795,0.43076765297420494,0.0,0.0,180.0,5.0
openbci,loso,13,stroop,stroop:s13:r3,fixed_blend_010,1.0,0.6827078192941495,0.31729218070585063,0.0,0.0,180.0,5.0
openbci,loso,13,stroop,stroop:s13:r3,fixed_blend_025,1.0,0.6270870863674429,0.37291291363255713,0.0,0.0,180.0,5.0
openbci,loso,14,arithmetic,arithmetic:s14:r0,equal_blend_050,0.0,0.8901562231313163,0.10984377686868368,0.0,1.0,155.0,5.0
openbci,loso,14,arithmetic,arithmetic:s14:r0,fixed_blend_010,0.0,0.9767579579325877,0.02324204206741222,0.0,1.0,155.0,5.0
openbci,loso,14,arithmetic,arithmetic:s14:r0,fixed_blend_025,0.0,0.9439595533543165,0.05604044664568355,0.0,1.0,155.0,5.0
openbci,loso,14,arithmetic,arithmetic:s14:r1,equal_blend_050,0.0,0.3507811720748811,0.6492188279251189,1.0,0.0,114.0,5.0
openbci,loso,14,arithmetic,arithmetic:s14:r1,fixed_blend_010,0.0,0.2693514072136587,0.7306485927863413,1.0,0.0,114.0,5.0
openbci,loso,14,arithmetic,arithmetic:s14:r1,fixed_blend_025,0.0,0.30123425941209064,0.6987657405879093,1.0,0.0,114.0,5.0
openbci,loso,14,arithmetic,arithmetic:s14:r2,equal_blend_050,1.0,0.2957242549299365,0.7042757450700634,1.0,1.0,155.0,5.0
openbci,loso,14,arithmetic,arithmetic:s14:r2,fixed_blend_010,1.0,0.1960861960349978,0.8039138039650022,1.0,1.0,155.0,5.0
openbci,loso,14,arithmetic,arithmetic:s14:r2,fixed_blend_025,1.0,0.2346279810097797,0.7653720189902202,1.0,1.0,155.0,5.0
openbci,loso,14,arithmetic,arithmetic:s14:r3,equal_blend_050,1.0,0.29362901958908,0.7063709804109201,1.0,1.0,170.0,5.0
openbci,loso,14,arithmetic,arithmetic:s14:r3,fixed_blend_010,1.0,0.18003687730776158,0.8199631226922385,1.0,1.0,170.0,5.0
openbci,loso,14,arithmetic,arithmetic:s14:r3,fixed_blend_025,1.0,0.2247619506533613,0.7752380493466386,1.0,1.0,170.0,5.0
openbci,loso,15,arithmetic,arithmetic:s15:r0,equal_blend_050,0.0,0.8586122658095444,0.1413877341904555,0.0,1.0,165.0,5.0
openbci,loso,15,arithmetic,arithmetic:s15:r0,fixed_blend_010,0.0,0.9608840471578642,0.039115952842135815,0.0,1.0,165.0,5.0
openbci,loso,15,arithmetic,arithmetic:s15:r0,fixed_blend_025,0.0,0.9190636082683893,0.08093639173161071,0.0,1.0,165.0,5.0
openbci,loso,15,arithmetic,arithmetic:s15:r1,equal_blend_050,0.0,0.644520517625327,0.355479482374673,0.0,1.0,184.0,5.0
openbci,loso,15,arithmetic,arithmetic:s15:r1,fixed_blend_010,0.0,0.7583621358447,0.24163786415530006,0.0,1.0,184.0,5.0
openbci,loso,15,arithmetic,arithmetic:s15:r1,fixed_blend_025,0.0,0.7098363265246542,0.2901636734753459,0.0,1.0,184.0,5.0
openbci,loso,15,arithmetic,arithmetic:s15:r2,equal_blend_050,1.0,0.6946304477445454,0.30536955225545465,0.0,0.0,130.0,5.0
openbci,loso,15,arithmetic,arithmetic:s15:r2,fixed_blend_010,1.0,0.8277727586342731,0.17222724136572679,0.0,0.0,130.0,5.0
openbci,loso,15,arithmetic,arithmetic:s15:r2,fixed_blend_025,1.0,0.7735285986393577,0.2264714013606423,0.0,0.0,130.0,5.0
openbci,loso,15,arithmetic,arithmetic:s15:r3,equal_blend_050,1.0,0.6563749764984843,0.34362502350151575,0.0,0.0,248.0,5.0
openbci,loso,15,arithmetic,arithmetic:s15:r3,fixed_blend_010,1.0,0.7725930727114935,0.22740692728850645,0.0,0.0,248.0,5.0
openbci,loso,15,arithmetic,arithmetic:s15:r3,fixed_blend_025,1.0,0.7238049665530891,0.2761950334469108,0.0,0.0,248.0,5.0
openbci,loso,1,arithmetic,arithmetic:s01:r0,stack_recording,0.0,0.2650546502095652,0.7349453497904348,1.0,0.0,157.0,5.0
openbci,loso,1,arithmetic,arithmetic:s01:r1,stack_recording,0.0,0.1917790766024413,0.8082209233975587,1.0,0.0,152.0,5.0
openbci,loso,1,arithmetic,arithmetic:s01:r2,stack_recording,1.0,0.17343615665116496,0.826563843348835,1.0,1.0,169.0,5.0
openbci,loso,1,arithmetic,arithmetic:s01:r3,stack_recording,1.0,0.3039095791264518,0.6960904208735482,1.0,1.0,218.0,5.0
openbci,loso,2,arithmetic,arithmetic:s02:r0,stack_recording,0.0,0.6857987132577721,0.3142012867422279,0.0,1.0,450.0,5.0
openbci,loso,2,arithmetic,arithmetic:s02:r1,stack_recording,0.0,0.5649997235184354,0.4350002764815646,0.0,1.0,132.0,5.0
openbci,loso,2,arithmetic,arithmetic:s02:r2,stack_recording,1.0,0.42718955875313835,0.5728104412468616,1.0,1.0,136.0,5.0
openbci,loso,2,arithmetic,arithmetic:s02:r3,stack_recording,1.0,0.3554999622321262,0.6445000377678738,1.0,1.0,270.0,5.0
openbci,loso,3,arithmetic,arithmetic:s03:r0,stack_recording,0.0,0.8341761054809138,0.16582389451908613,0.0,1.0,181.0,5.0
openbci,loso,3,arithmetic,arithmetic:s03:r1,stack_recording,0.0,0.40553647104980106,0.5944635289501989,1.0,0.0,91.0,5.0
openbci,loso,3,arithmetic,arithmetic:s03:r2,stack_recording,1.0,0.36882993618987325,0.6311700638101267,1.0,1.0,137.0,5.0
openbci,loso,3,arithmetic,arithmetic:s03:r3,stack_recording,1.0,0.4177152565411686,0.5822847434588314,1.0,1.0,160.0,5.0
openbci,loso,4,arithmetic,arithmetic:s04:r0,stack_recording,0.0,0.30468264469302264,0.6953173553069774,1.0,0.0,116.0,5.0
openbci,loso,4,arithmetic,arithmetic:s04:r1,stack_recording,0.0,0.8802411068551559,0.11975889314484409,0.0,1.0,119.0,5.0
openbci,loso,4,arithmetic,arithmetic:s04:r2,stack_recording,1.0,0.6166787550917545,0.3833212449082455,0.0,0.0,210.0,5.0
openbci,loso,4,arithmetic,arithmetic:s04:r3,stack_recording,1.0,0.5538564439582231,0.4461435560417769,0.0,0.0,221.0,5.0
openbci,loso,5,arithmetic,arithmetic:s05:r0,stack_recording,0.0,0.9729295158822033,0.02707048411779672,0.0,1.0,244.0,5.0
openbci,loso,5,arithmetic,arithmetic:s05:r1,stack_recording,0.0,0.620515077816213,0.37948492218378704,0.0,1.0,153.0,5.0
openbci,loso,5,arithmetic,arithmetic:s05:r2,stack_recording,1.0,0.7152486603017671,0.28475133969823285,0.0,0.0,198.0,5.0
openbci,loso,5,arithmetic,arithmetic:s05:r3,stack_recording,1.0,0.3834499187185185,0.6165500812814815,1.0,1.0,232.0,5.0
openbci,loso,6,arithmetic,arithmetic:s06:r0,stack_recording,0.0,0.9239005222407118,0.0760994777592882,0.0,1.0,150.0,5.0
openbci,loso,6,arithmetic,arithmetic:s06:r1,stack_recording,0.0,0.7109243033509651,0.28907569664903493,0.0,1.0,119.0,5.0
openbci,loso,6,arithmetic,arithmetic:s06:r2,stack_recording,1.0,0.7753439409709905,0.22465605902900956,0.0,0.0,130.0,5.0
openbci,loso,6,arithmetic,arithmetic:s06:r3,stack_recording,1.0,0.7456801826466555,0.25431981735334447,0.0,0.0,191.0,5.0
openbci,loso,7,arithmetic,arithmetic:s07:r0,stack_recording,0.0,0.995612028133873,0.004387971866127063,0.0,1.0,169.0,5.0
openbci,loso,7,arithmetic,arithmetic:s07:r1,stack_recording,0.0,0.9303747702133774,0.06962522978662251,0.0,1.0,36.0,5.0
openbci,loso,7,arithmetic,arithmetic:s07:r2,stack_recording,1.0,0.8610432165992183,0.13895678340078166,0.0,0.0,46.0,5.0
openbci,loso,7,arithmetic,arithmetic:s07:r3,stack_recording,1.0,0.9019120785714384,0.09808792142856163,0.0,0.0,102.0,5.0
openbci,loso,8,arithmetic,arithmetic:s08:r0,stack_recording,0.0,0.7105062679540234,0.2894937320459766,0.0,1.0,190.0,5.0
openbci,loso,8,arithmetic,arithmetic:s08:r1,stack_recording,0.0,0.3118115479649086,0.6881884520350914,1.0,0.0,278.0,5.0
openbci,loso,8,arithmetic,arithmetic:s08:r2,stack_recording,1.0,0.2954891747128505,0.7045108252871495,1.0,1.0,259.0,5.0
openbci,loso,8,arithmetic,arithmetic:s08:r3,stack_recording,1.0,0.22061708988946716,0.7793829101105328,1.0,1.0,311.0,5.0
openbci,loso,9,arithmetic,arithmetic:s09:r0,stack_recording,0.0,0.9999581840875126,4.1815912487471906e-05,0.0,1.0,410.0,5.0
openbci,loso,9,arithmetic,arithmetic:s09:r1,stack_recording,0.0,0.976988049362187,0.02301195063781298,0.0,1.0,121.0,5.0
openbci,loso,9,arithmetic,arithmetic:s09:r2,stack_recording,1.0,0.9884290292456083,0.011570970754391716,0.0,0.0,122.0,5.0
openbci,loso,9,arithmetic,arithmetic:s09:r3,stack_recording,1.0,0.9915815885794375,0.00841841142056249,0.0,0.0,426.0,5.0
openbci,loso,10,arithmetic,arithmetic:s10:r0,stack_recording,0.0,0.9706369655336998,0.029363034466300175,0.0,1.0,185.0,5.0
openbci,loso,10,arithmetic,arithmetic:s10:r1,stack_recording,0.0,0.1935269103017726,0.8064730896982274,1.0,0.0,96.0,5.0
openbci,loso,10,arithmetic,arithmetic:s10:r2,stack_recording,1.0,0.19581944029246778,0.8041805597075322,1.0,1.0,112.0,5.0
openbci,loso,10,arithmetic,arithmetic:s10:r3,stack_recording,1.0,0.21105676796404216,0.7889432320359578,1.0,1.0,145.0,5.0
openbci,loso,11,arithmetic,arithmetic:s11:r0,stack_recording,0.0,0.9709521325159223,0.02904786748407778,0.0,1.0,244.0,5.0
openbci,loso,11,arithmetic,arithmetic:s11:r1,stack_recording,0.0,0.6907033530882047,0.3092966469117952,0.0,1.0,155.0,5.0
openbci,loso,11,arithmetic,arithmetic:s11:r2,stack_recording,1.0,0.6024652718370764,0.39753472816292357,0.0,0.0,162.0,5.0
openbci,loso,11,arithmetic,arithmetic:s11:r3,stack_recording,1.0,0.6323586033894073,0.36764139661059275,0.0,0.0,211.0,5.0
openbci,loso,12,arithmetic,arithmetic:s12:r0,stack_recording,0.0,0.05641504035427658,0.9435849596457234,1.0,0.0,185.0,5.0
openbci,loso,12,arithmetic,arithmetic:s12:r1,stack_recording,0.0,0.12156765186206475,0.8784323481379352,1.0,0.0,116.0,5.0
openbci,loso,12,arithmetic,arithmetic:s12:r2,stack_recording,1.0,0.08338685673436297,0.916613143265637,1.0,1.0,135.0,5.0
openbci,loso,12,arithmetic,arithmetic:s12:r3,stack_recording,1.0,0.11712419508783622,0.8828758049121638,1.0,1.0,219.0,5.0
openbci,loso,13,arithmetic,arithmetic:s13:r0,stack_recording,0.0,0.9993917099987678,0.0006082900012322428,0.0,1.0,180.0,5.0
openbci,loso,13,arithmetic,arithmetic:s13:r1,stack_recording,0.0,0.3506069225688473,0.6493930774311527,1.0,0.0,142.0,5.0
openbci,loso,13,arithmetic,arithmetic:s13:r2,stack_recording,1.0,0.7263055031598954,0.2736944968401046,0.0,0.0,145.0,5.0
openbci,loso,13,arithmetic,arithmetic:s13:r3,stack_recording,1.0,0.35114589706519306,0.6488541029348069,1.0,1.0,203.0,5.0
openbci,loso,14,arithmetic,arithmetic:s14:r0,stack_recording,0.0,0.9911738987687456,0.008826101231254385,0.0,1.0,155.0,5.0
openbci,loso,14,arithmetic,arithmetic:s14:r1,stack_recording,0.0,0.31458443317720186,0.6854155668227981,1.0,0.0,114.0,5.0
openbci,loso,14,arithmetic,arithmetic:s14:r2,stack_recording,1.0,0.26669201979443036,0.7333079802055696,1.0,1.0,155.0,5.0
openbci,loso,14,arithmetic,arithmetic:s14:r3,stack_recording,1.0,0.2609355138942442,0.7390644861057558,1.0,1.0,170.0,5.0
openbci,loso,15,arithmetic,arithmetic:s15:r0,stack_recording,0.0,0.985090580841134,0.014909419158865971,0.0,1.0,165.0,5.0
openbci,loso,15,arithmetic,arithmetic:s15:r1,stack_recording,0.0,0.6393642083989712,0.36063579160102877,0.0,1.0,184.0,5.0
openbci,loso,15,arithmetic,arithmetic:s15:r2,stack_recording,1.0,0.7058329312876892,0.29416706871231074,0.0,0.0,130.0,5.0
openbci,loso,15,arithmetic,arithmetic:s15:r3,stack_recording,1.0,0.6518270287027379,0.34817297129726216,0.0,0.0,248.0,5.0
openbci,loso,1,stroop,stroop:s01:r0,stack_recording,0.0,0.7991525284198631,0.200847471580137,0.0,1.0,157.0,5.0
openbci,loso,1,stroop,stroop:s01:r1,stack_recording,0.0,0.9082632858459644,0.09173671415403566,0.0,1.0,148.0,5.0
openbci,loso,1,stroop,stroop:s01:r2,stack_recording,1.0,0.9408736568048741,0.05912634319512585,0.0,0.0,139.0,5.0
openbci,loso,1,stroop,stroop:s01:r3,stack_recording,1.0,0.9039327905409783,0.09606720945902171,0.0,0.0,209.0,5.0
openbci,loso,2,stroop,stroop:s02:r0,stack_recording,0.0,0.9466824704786979,0.053317529521302066,0.0,1.0,450.0,5.0
openbci,loso,2,stroop,stroop:s02:r1,stack_recording,0.0,0.9714032995664038,0.02859670043359619,0.0,1.0,95.0,5.0
openbci,loso,2,stroop,stroop:s02:r2,stack_recording,1.0,0.8571293722925,0.14287062770750003,0.0,0.0,106.0,5.0
openbci,loso,2,stroop,stroop:s02:r3,stack_recording,1.0,0.9507871012241559,0.049212898775844165,0.0,0.0,208.0,5.0
openbci,loso,3,stroop,stroop:s03:r0,stack_recording,0.0,0.899963761385827,0.10003623861417298,0.0,1.0,181.0,5.0
openbci,loso,3,stroop,stroop:s03:r1,stack_recording,0.0,0.31601215693604734,0.6839878430639527,1.0,0.0,127.0,5.0
openbci,loso,3,stroop,stroop:s03:r2,stack_recording,1.0,0.17825998411029897,0.821740015889701,1.0,1.0,102.0,5.0
openbci,loso,3,stroop,stroop:s03:r3,stack_recording,1.0,0.13157514511734936,0.8684248548826506,1.0,1.0,160.0,5.0
openbci,loso,4,stroop,stroop:s04:r0,stack_recording,0.0,0.8233943833737788,0.17660561662622123,0.0,1.0,116.0,5.0
openbci,loso,4,stroop,stroop:s04:r1,stack_recording,0.0,0.48739943748365744,0.5126005625163426,1.0,0.0,89.0,5.0
openbci,loso,4,stroop,stroop:s04:r2,stack_recording,1.0,0.7329703493933173,0.2670296506066827,0.0,0.0,62.0,5.0
openbci,loso,4,stroop,stroop:s04:r3,stack_recording,1.0,0.7484751288734186,0.25152487112658134,0.0,0.0,192.0,5.0
openbci,loso,5,stroop,stroop:s05:r0,stack_recording,0.0,0.9733731357568095,0.02662686424319047,0.0,1.0,244.0,5.0
openbci,loso,5,stroop,stroop:s05:r1,stack_recording,0.0,0.2521683076004654,0.7478316923995346,1.0,0.0,137.0,5.0
openbci,loso,5,stroop,stroop:s05:r2,stack_recording,1.0,0.17560199725935133,0.8243980027406487,1.0,1.0,108.0,5.0
openbci,loso,5,stroop,stroop:s05:r3,stack_recording,1.0,0.1556087859664339,0.8443912140335661,1.0,1.0,171.0,5.0
openbci,loso,6,stroop,stroop:s06:r0,stack_recording,0.0,0.2263938905264038,0.7736061094735962,1.0,0.0,150.0,5.0
openbci,loso,6,stroop,stroop:s06:r1,stack_recording,0.0,0.5184434076253794,0.48155659237462056,0.0,1.0,119.0,5.0
openbci,loso,6,stroop,stroop:s06:r2,stack_recording,1.0,0.6167421529493401,0.3832578470506599,0.0,0.0,111.0,5.0
openbci,loso,6,stroop,stroop:s06:r3,stack_recording,1.0,0.29125636630229457,0.7087436336977054,1.0,1.0,161.0,5.0
openbci,loso,7,stroop,stroop:s07:r0,stack_recording,0.0,0.9484892756411164,0.05151072435888358,0.0,1.0,169.0,5.0
openbci,loso,7,stroop,stroop:s07:r1,stack_recording,0.0,0.8962327439051654,0.10376725609483463,0.0,1.0,97.0,5.0
openbci,loso,7,stroop,stroop:s07:r2,stack_recording,1.0,0.7673557363079371,0.2326442636920629,0.0,0.0,96.0,5.0
openbci,loso,7,stroop,stroop:s07:r3,stack_recording,1.0,0.861721334374403,0.13827866562559699,0.0,0.0,179.0,5.0
openbci,loso,8,stroop,stroop:s08:r0,stack_recording,0.0,0.7100956610665432,0.28990433893345685,0.0,1.0,190.0,5.0
openbci,loso,8,stroop,stroop:s08:r1,stack_recording,0.0,0.4324201387769695,0.5675798612230305,1.0,0.0,162.0,5.0
openbci,loso,8,stroop,stroop:s08:r2,stack_recording,1.0,0.3284224139660836,0.6715775860339164,1.0,1.0,160.0,5.0
openbci,loso,8,stroop,stroop:s08:r3,stack_recording,1.0,0.28891832339861157,0.7110816766013884,1.0,1.0,234.0,5.0
openbci,loso,9,stroop,stroop:s09:r0,stack_recording,0.0,0.9661074152231962,0.033892584776803784,0.0,1.0,410.0,5.0
openbci,loso,9,stroop,stroop:s09:r1,stack_recording,0.0,0.3254246754217959,0.6745753245782041,1.0,0.0,160.0,5.0
openbci,loso,9,stroop,stroop:s09:r2,stack_recording,1.0,0.1965888979710474,0.8034111020289526,1.0,1.0,110.0,5.0
openbci,loso,9,stroop,stroop:s09:r3,stack_recording,1.0,0.3370686401094827,0.6629313598905173,1.0,1.0,193.0,5.0
openbci,loso,10,stroop,stroop:s10:r0,stack_recording,0.0,0.9605528227899325,0.039447177210067484,0.0,1.0,185.0,5.0
openbci,loso,10,stroop,stroop:s10:r1,stack_recording,0.0,0.8792328440407827,0.12076715595921728,0.0,1.0,118.0,5.0
openbci,loso,10,stroop,stroop:s10:r2,stack_recording,1.0,0.8518897298174005,0.14811027018259948,0.0,0.0,83.0,5.0
openbci,loso,10,stroop,stroop:s10:r3,stack_recording,1.0,0.6277814646654278,0.37221853533457216,0.0,0.0,207.0,5.0
openbci,loso,11,stroop,stroop:s11:r0,stack_recording,0.0,0.6194938461685764,0.38050615383142367,0.0,1.0,244.0,5.0
openbci,loso,11,stroop,stroop:s11:r1,stack_recording,0.0,0.32499512246250717,0.6750048775374928,1.0,0.0,113.0,5.0
openbci,loso,11,stroop,stroop:s11:r2,stack_recording,1.0,0.31162289794736264,0.6883771020526374,1.0,1.0,130.0,5.0
openbci,loso,11,stroop,stroop:s11:r3,stack_recording,1.0,0.31464031096080813,0.6853596890391919,1.0,1.0,185.0,5.0
openbci,loso,12,stroop,stroop:s12:r0,stack_recording,0.0,0.14862147383215352,0.8513785261678465,1.0,0.0,185.0,5.0
openbci,loso,12,stroop,stroop:s12:r1,stack_recording,0.0,0.11184740482223865,0.8881525951777614,1.0,0.0,123.0,5.0
openbci,loso,12,stroop,stroop:s12:r2,stack_recording,1.0,0.10505006884808621,0.8949499311519138,1.0,1.0,126.0,5.0
openbci,loso,12,stroop,stroop:s12:r3,stack_recording,1.0,0.13733133790482344,0.8626686620951766,1.0,1.0,189.0,5.0
openbci,loso,13,stroop,stroop:s13:r0,stack_recording,0.0,0.8431975316088207,0.15680246839117928,0.0,1.0,180.0,5.0
openbci,loso,13,stroop,stroop:s13:r1,stack_recording,0.0,0.4069108688184001,0.5930891311815999,1.0,0.0,91.0,5.0
openbci,loso,13,stroop,stroop:s13:r2,stack_recording,1.0,0.48252777731652896,0.517472222683471,1.0,1.0,122.0,5.0
openbci,loso,13,stroop,stroop:s13:r3,stack_recording,1.0,0.44953108308879053,0.5504689169112095,1.0,1.0,180.0,5.0
