recording_id,method,true_label,p0,p1,subject,direction,seed
arithmetic:s01:r0,always_nn,0,0.967005101108806,0.0329948988911938,1,arithmetic_to_stroop,1335
arithmetic:s01:r1,always_nn,0,0.04380658365712,0.95619341634288,1,arithmetic_to_stroop,1335
arithmetic:s01:r2,always_nn,1,0.4136713401707146,0.5863286598292855,1,arithmetic_to_stroop,1335
arithmetic:s01:r3,always_nn,1,0.0059830685791601,0.99401693142084,1,arithmetic_to_stroop,1335
arithmetic:s01:r0,rf,0,0.9096350382308728,0.090364961769127,1,arithmetic_to_stroop,1335
arithmetic:s01:r1,rf,0,0.0891272479526364,0.9108727520473636,1,arithmetic_to_stroop,1335
arithmetic:s01:r2,rf,1,0.6148133153202022,0.3851866846797977,1,arithmetic_to_stroop,1335
arithmetic:s01:r3,rf,1,0.0051452923164625,0.9948547076835376,1,arithmetic_to_stroop,1335
arithmetic:s01:r0,extra_trees,0,0.907422033573096,0.092577966426904,1,arithmetic_to_stroop,1335
arithmetic:s01:r1,extra_trees,0,0.1255638930468256,0.8744361069531743,1,arithmetic_to_stroop,1335
arithmetic:s01:r2,extra_trees,1,0.5873489858613211,0.4126510141386789,1,arithmetic_to_stroop,1335
arithmetic:s01:r3,extra_trees,1,0.0112215504394188,0.9887784495605813,1,arithmetic_to_stroop,1335
arithmetic:s01:r0,always_nn,0,0.999986992106918,1.300789308187967e-05,1,arithmetic_to_stroop,1388
arithmetic:s01:r1,always_nn,0,0.1210478582812278,0.8789521417187721,1,arithmetic_to_stroop,1388
arithmetic:s01:r2,always_nn,1,0.013141990771333,0.9868580092286672,1,arithmetic_to_stroop,1388
arithmetic:s01:r3,always_nn,1,1.2785921078988957e-06,0.999998721407892,1,arithmetic_to_stroop,1388
arithmetic:s01:r0,rf,0,0.5297873065590626,0.4702126934409374,1,arithmetic_to_stroop,1388
arithmetic:s01:r1,rf,0,0.2679628375741271,0.7320371624258729,1,arithmetic_to_stroop,1388
arithmetic:s01:r2,rf,1,0.0859803019491766,0.9140196980508234,1,arithmetic_to_stroop,1388
arithmetic:s01:r3,rf,1,0.2748024258198422,0.7251975741801576,1,arithmetic_to_stroop,1388
arithmetic:s01:r0,extra_trees,0,0.5778923297542958,0.4221076702457042,1,arithmetic_to_stroop,1388
arithmetic:s01:r1,extra_trees,0,0.3055365737128517,0.6944634262871483,1,arithmetic_to_stroop,1388
arithmetic:s01:r2,extra_trees,1,0.0894353228756209,0.910564677124379,1,arithmetic_to_stroop,1388
arithmetic:s01:r3,extra_trees,1,0.3291000667031301,0.6708999332968699,1,arithmetic_to_stroop,1388
arithmetic:s01:r0,always_nn,0,0.9999996125445004,3.874554997131052e-07,1,arithmetic_to_stroop,1441
arithmetic:s01:r1,always_nn,0,0.2614991425861945,0.7385008574138054,1,arithmetic_to_stroop,1441
arithmetic:s01:r2,always_nn,1,0.0363780207547683,0.9636219792452316,1,arithmetic_to_stroop,1441
arithmetic:s01:r3,always_nn,1,4.204479638200183e-06,0.9999957955203618,1,arithmetic_to_stroop,1441
arithmetic:s01:r0,rf,0,0.5205776636763959,0.4794223363236042,1,arithmetic_to_stroop,1441
arithmetic:s01:r1,rf,0,0.2790811641518443,0.7209188358481556,1,arithmetic_to_stroop,1441
arithmetic:s01:r2,rf,1,0.0647607293723577,0.9352392706276422,1,arithmetic_to_stroop,1441
arithmetic:s01:r3,rf,1,0.2709508955329919,0.7290491044670081,1,arithmetic_to_stroop,1441
arithmetic:s01:r0,extra_trees,0,0.5845672177969592,0.4154327822030408,1,arithmetic_to_stroop,1441
arithmetic:s01:r1,extra_trees,0,0.2364978487943957,0.7635021512056043,1,arithmetic_to_stroop,1441
arithmetic:s01:r2,extra_trees,1,0.0949088085225233,0.9050911914774766,1,arithmetic_to_stroop,1441
arithmetic:s01:r3,extra_trees,1,0.324293944442438,0.675706055557562,1,arithmetic_to_stroop,1441
arithmetic:s01:r0,always_nn,0,0.9999998687068328,1.3129316698098518e-07,1,arithmetic_to_stroop,1494
arithmetic:s01:r1,always_nn,0,0.1599582436028579,0.8400417563971421,1,arithmetic_to_stroop,1494
arithmetic:s01:r2,always_nn,1,0.0179557646831327,0.9820442353168674,1,arithmetic_to_stroop,1494
arithmetic:s01:r3,always_nn,1,4.425707843639786e-09,0.9999999955742922,1,arithmetic_to_stroop,1494
arithmetic:s01:r0,rf,0,0.5154982105022716,0.4845017894977283,1,arithmetic_to_stroop,1494
arithmetic:s01:r1,rf,0,0.2285175310400755,0.7714824689599245,1,arithmetic_to_stroop,1494
arithmetic:s01:r2,rf,1,0.0671471431161614,0.9328528568838386,1,arithmetic_to_stroop,1494
arithmetic:s01:r3,rf,1,0.2662662798076797,0.7337337201923203,1,arithmetic_to_stroop,1494
arithmetic:s01:r0,extra_trees,0,0.5678740978317915,0.4321259021682083,1,arithmetic_to_stroop,1494
arithmetic:s01:r1,extra_trees,0,0.1915288098693822,0.8084711901306177,1,arithmetic_to_stroop,1494
arithmetic:s01:r2,extra_trees,1,0.1048546614128763,0.8951453385871236,1,arithmetic_to_stroop,1494
arithmetic:s01:r3,extra_trees,1,0.3327893770751332,0.6672106229248669,1,arithmetic_to_stroop,1494
arithmetic:s01:r0,always_nn,0,0.9999927952582316,7.204741768423543e-06,1,arithmetic_to_stroop,1547
arithmetic:s01:r1,always_nn,0,0.046071056060059,0.953928943939941,1,arithmetic_to_stroop,1547
arithmetic:s01:r2,always_nn,1,0.2629976049112761,0.7370023950887239,1,arithmetic_to_stroop,1547
arithmetic:s01:r3,always_nn,1,0.0020109459240346,0.9979890540759652,1,arithmetic_to_stroop,1547
arithmetic:s01:r0,rf,0,0.9194838921850352,0.0805161078149647,1,arithmetic_to_stroop,1547
arithmetic:s01:r1,rf,0,0.0770943223437169,0.9229056776562832,1,arithmetic_to_stroop,1547
arithmetic:s01:r2,rf,1,0.6223233044497185,0.3776766955502816,1,arithmetic_to_stroop,1547
arithmetic:s01:r3,rf,1,0.0042345223697744,0.9957654776302256,1,arithmetic_to_stroop,1547
arithmetic:s01:r0,extra_trees,0,0.9127575689494176,0.0872424310505822,1,arithmetic_to_stroop,1547
arithmetic:s01:r1,extra_trees,0,0.1350640573267585,0.8649359426732415,1,arithmetic_to_stroop,1547
arithmetic:s01:r2,extra_trees,1,0.5801983988213933,0.4198016011786066,1,arithmetic_to_stroop,1547
arithmetic:s01:r3,extra_trees,1,0.0116747303532624,0.9883252696467376,1,arithmetic_to_stroop,1547
arithmetic:s02:r0,always_nn,0,0.9795426047863004,0.0204573952136996,2,arithmetic_to_stroop,1335
arithmetic:s02:r1,always_nn,0,0.0041014376636381,0.995898562336362,2,arithmetic_to_stroop,1335
arithmetic:s02:r2,always_nn,1,0.9424340222214226,0.0575659777785774,2,arithmetic_to_stroop,1335
arithmetic:s02:r3,always_nn,1,0.0076449895536482,0.9923550104463515,2,arithmetic_to_stroop,1335
arithmetic:s02:r0,rf,0,0.704650903406687,0.2953490965933129,2,arithmetic_to_stroop,1335
arithmetic:s02:r1,rf,0,0.1191677506235641,0.8808322493764359,2,arithmetic_to_stroop,1335
arithmetic:s02:r2,rf,1,0.783063913090361,0.2169360869096389,2,arithmetic_to_stroop,1335
arithmetic:s02:r3,rf,1,0.1697458995531224,0.8302541004468775,2,arithmetic_to_stroop,1335
arithmetic:s02:r0,extra_trees,0,0.6993033629457065,0.3006966370542934,2,arithmetic_to_stroop,1335
arithmetic:s02:r1,extra_trees,0,0.1803744001487357,0.8196255998512643,2,arithmetic_to_stroop,1335
arithmetic:s02:r2,extra_trees,1,0.7101996339211692,0.2898003660788307,2,arithmetic_to_stroop,1335
arithmetic:s02:r3,extra_trees,1,0.1947617276130694,0.8052382723869306,2,arithmetic_to_stroop,1335
arithmetic:s02:r0,always_nn,0,0.8328371892034178,0.1671628107965821,2,arithmetic_to_stroop,1388
arithmetic:s02:r1,always_nn,0,0.0221930568956043,0.9778069431043958,2,arithmetic_to_stroop,1388
arithmetic:s02:r2,always_nn,1,0.0314214319568473,0.9685785680431528,2,arithmetic_to_stroop,1388
arithmetic:s02:r3,always_nn,1,0.6551930441158085,0.3448069558841916,2,arithmetic_to_stroop,1388
arithmetic:s02:r0,rf,0,0.4626880371115403,0.5373119628884596,2,arithmetic_to_stroop,1388
arithmetic:s02:r1,rf,0,0.1336216545111479,0.866378345488852,2,arithmetic_to_stroop,1388
arithmetic:s02:r2,rf,1,0.2686325452326485,0.7313674547673514,2,arithmetic_to_stroop,1388
arithmetic:s02:r3,rf,1,0.5237487044981661,0.4762512955018338,2,arithmetic_to_stroop,1388
arithmetic:s02:r0,extra_trees,0,0.5173766462647011,0.4826233537352988,2,arithmetic_to_stroop,1388
arithmetic:s02:r1,extra_trees,0,0.2860287582602026,0.7139712417397974,2,arithmetic_to_stroop,1388
arithmetic:s02:r2,extra_trees,1,0.3302895850246296,0.6697104149753703,2,arithmetic_to_stroop,1388
arithmetic:s02:r3,extra_trees,1,0.5764734638278959,0.423526536172104,2,arithmetic_to_stroop,1388
arithmetic:s02:r0,always_nn,0,0.5959321678518807,0.4040678321481192,2,arithmetic_to_stroop,1441
arithmetic:s02:r1,always_nn,0,0.0335354079943203,0.9664645920056796,2,arithmetic_to_stroop,1441
arithmetic:s02:r2,always_nn,1,0.0846319283799446,0.9153680716200552,2,arithmetic_to_stroop,1441
arithmetic:s02:r3,always_nn,1,0.6812673417903384,0.3187326582096615,2,arithmetic_to_stroop,1441
arithmetic:s02:r0,rf,0,0.494371014413562,0.505628985586438,2,arithmetic_to_stroop,1441
arithmetic:s02:r1,rf,0,0.1431853171844052,0.8568146828155947,2,arithmetic_to_stroop,1441
arithmetic:s02:r2,rf,1,0.2855968517301924,0.7144031482698076,2,arithmetic_to_stroop,1441
arithmetic:s02:r3,rf,1,0.5174950138227662,0.4825049861772337,2,arithmetic_to_stroop,1441
arithmetic:s02:r0,extra_trees,0,0.5310966984856722,0.4689033015143278,2,arithmetic_to_stroop,1441
arithmetic:s02:r1,extra_trees,0,0.2705647521222514,0.7294352478777487,2,arithmetic_to_stroop,1441
arithmetic:s02:r2,extra_trees,1,0.313961207043733,0.6860387929562669,2,arithmetic_to_stroop,1441
arithmetic:s02:r3,extra_trees,1,0.5736311538011195,0.4263688461988806,2,arithmetic_to_stroop,1441
arithmetic:s02:r0,always_nn,0,0.6437155499345402,0.3562844500654598,2,arithmetic_to_stroop,1494
arithmetic:s02:r1,always_nn,0,0.0063257103341099,0.99367428966589,2,arithmetic_to_stroop,1494
arithmetic:s02:r2,always_nn,1,0.0098857164798134,0.9901142835201866,2,arithmetic_to_stroop,1494
arithmetic:s02:r3,always_nn,1,0.5477702926749076,0.4522297073250923,2,arithmetic_to_stroop,1494
arithmetic:s02:r0,rf,0,0.4736049520253722,0.5263950479746279,2,arithmetic_to_stroop,1494
arithmetic:s02:r1,rf,0,0.1519268614262006,0.8480731385737993,2,arithmetic_to_stroop,1494
arithmetic:s02:r2,rf,1,0.2904370880795865,0.7095629119204135,2,arithmetic_to_stroop,1494
arithmetic:s02:r3,rf,1,0.5180236201841929,0.4819763798158071,2,arithmetic_to_stroop,1494
arithmetic:s02:r0,extra_trees,0,0.5334508255194381,0.4665491744805618,2,arithmetic_to_stroop,1494
arithmetic:s02:r1,extra_trees,0,0.2833235296114272,0.7166764703885727,2,arithmetic_to_stroop,1494
arithmetic:s02:r2,extra_trees,1,0.3187556093115569,0.6812443906884431,2,arithmetic_to_stroop,1494
arithmetic:s02:r3,extra_trees,1,0.5725293269967882,0.4274706730032118,2,arithmetic_to_stroop,1494
arithmetic:s02:r0,always_nn,0,0.9279262172040638,0.0720737827959362,2,arithmetic_to_stroop,1547
arithmetic:s02:r1,always_nn,0,0.0076063093638771,0.9923936906361228,2,arithmetic_to_stroop,1547
arithmetic:s02:r2,always_nn,1,0.9329384369083004,0.0670615630916996,2,arithmetic_to_stroop,1547
arithmetic:s02:r3,always_nn,1,0.0205732466582111,0.9794267533417887,2,arithmetic_to_stroop,1547
arithmetic:s02:r0,rf,0,0.7016168762511236,0.2983831237488765,2,arithmetic_to_stroop,1547
arithmetic:s02:r1,rf,0,0.1098036838769234,0.8901963161230766,2,arithmetic_to_stroop,1547
arithmetic:s02:r2,rf,1,0.7794277358850431,0.2205722641149569,2,arithmetic_to_stroop,1547
arithmetic:s02:r3,rf,1,0.1540553835631222,0.8459446164368779,2,arithmetic_to_stroop,1547
arithmetic:s02:r0,extra_trees,0,0.6977550232759987,0.3022449767240013,2,arithmetic_to_stroop,1547
arithmetic:s02:r1,extra_trees,0,0.1802916220227831,0.8197083779772169,2,arithmetic_to_stroop,1547
arithmetic:s02:r2,extra_trees,1,0.7007015515039877,0.2992984484960123,2,arithmetic_to_stroop,1547
arithmetic:s02:r3,extra_trees,1,0.1944658257095563,0.8055341742904437,2,arithmetic_to_stroop,1547
arithmetic:s03:r0,always_nn,0,0.4492388807042281,0.5507611192957719,3,arithmetic_to_stroop,1335
arithmetic:s03:r1,always_nn,0,0.0594685739744545,0.9405314260255456,3,arithmetic_to_stroop,1335
arithmetic:s03:r2,always_nn,1,0.2962659394118836,0.7037340605881163,3,arithmetic_to_stroop,1335
arithmetic:s03:r3,always_nn,1,0.0690645501365573,0.9309354498634428,3,arithmetic_to_stroop,1335
arithmetic:s03:r0,rf,0,0.4399728419264972,0.5600271580735028,3,arithmetic_to_stroop,1335
arithmetic:s03:r1,rf,0,0.3132929738800258,0.6867070261199741,3,arithmetic_to_stroop,1335
arithmetic:s03:r2,rf,1,0.32898750571309,0.6710124942869099,3,arithmetic_to_stroop,1335
arithmetic:s03:r3,rf,1,0.3345188149961048,0.6654811850038952,3,arithmetic_to_stroop,1335
arithmetic:s03:r0,extra_trees,0,0.3695643823865335,0.6304356176134666,3,arithmetic_to_stroop,1335
arithmetic:s03:r1,extra_trees,0,0.2833764319310727,0.7166235680689272,3,arithmetic_to_stroop,1335
arithmetic:s03:r2,extra_trees,1,0.3947455438952661,0.6052544561047338,3,arithmetic_to_stroop,1335
arithmetic:s03:r3,extra_trees,1,0.2854065088406987,0.7145934911593014,3,arithmetic_to_stroop,1335
arithmetic:s03:r0,always_nn,0,0.7824166525344879,0.217583347465512,3,arithmetic_to_stroop,1388
arithmetic:s03:r1,always_nn,0,0.0088502553863999,0.9911497446136,3,arithmetic_to_stroop,1388
arithmetic:s03:r2,always_nn,1,0.0309933895017138,0.9690066104982862,3,arithmetic_to_stroop,1388
arithmetic:s03:r3,always_nn,1,0.8290362758232406,0.1709637241767594,3,arithmetic_to_stroop,1388
arithmetic:s03:r0,rf,0,0.5881385690424433,0.4118614309575567,3,arithmetic_to_stroop,1388
arithmetic:s03:r1,rf,0,0.0770296491578114,0.9229703508421884,3,arithmetic_to_stroop,1388
arithmetic:s03:r2,rf,1,0.0591398033625114,0.9408601966374884,3,arithmetic_to_stroop,1388
arithmetic:s03:r3,rf,1,0.9472950451124328,0.0527049548875671,3,arithmetic_to_stroop,1388
arithmetic:s03:r0,extra_trees,0,0.5622660659703173,0.4377339340296827,3,arithmetic_to_stroop,1388
arithmetic:s03:r1,extra_trees,0,0.0613031886761879,0.938696811323812,3,arithmetic_to_stroop,1388
arithmetic:s03:r2,extra_trees,1,0.1285686331852679,0.8714313668147321,3,arithmetic_to_stroop,1388
arithmetic:s03:r3,extra_trees,1,0.8159584817603045,0.1840415182396954,3,arithmetic_to_stroop,1388
arithmetic:s03:r0,always_nn,0,0.6170072906732219,0.3829927093267781,3,arithmetic_to_stroop,1441
arithmetic:s03:r1,always_nn,0,0.0033356516243165,0.9966643483756836,3,arithmetic_to_stroop,1441
arithmetic:s03:r2,always_nn,1,0.0278225961937465,0.9721774038062536,3,arithmetic_to_stroop,1441
arithmetic:s03:r3,always_nn,1,0.7220348170643034,0.2779651829356966,3,arithmetic_to_stroop,1441
arithmetic:s03:r0,rf,0,0.5602177199247151,0.4397822800752848,3,arithmetic_to_stroop,1441
arithmetic:s03:r1,rf,0,0.0508482254089708,0.9491517745910292,3,arithmetic_to_stroop,1441
arithmetic:s03:r2,rf,1,0.0698521076442564,0.9301478923557436,3,arithmetic_to_stroop,1441
arithmetic:s03:r3,rf,1,0.955623328380698,0.044376671619302,3,arithmetic_to_stroop,1441
arithmetic:s03:r0,extra_trees,0,0.5464229840868533,0.4535770159131467,3,arithmetic_to_stroop,1441
arithmetic:s03:r1,extra_trees,0,0.0617394394981547,0.9382605605018453,3,arithmetic_to_stroop,1441
arithmetic:s03:r2,extra_trees,1,0.1238374377656797,0.8761625622343202,3,arithmetic_to_stroop,1441
arithmetic:s03:r3,extra_trees,1,0.8050482512690119,0.1949517487309881,3,arithmetic_to_stroop,1441
arithmetic:s03:r0,always_nn,0,0.6953981942597978,0.3046018057402022,3,arithmetic_to_stroop,1494
arithmetic:s03:r1,always_nn,0,0.0099025212063911,0.9900974787936088,3,arithmetic_to_stroop,1494
arithmetic:s03:r2,always_nn,1,0.0177526073820235,0.9822473926179764,3,arithmetic_to_stroop,1494
arithmetic:s03:r3,always_nn,1,0.8282878862055265,0.1717121137944734,3,arithmetic_to_stroop,1494
arithmetic:s03:r0,rf,0,0.5485551893365451,0.4514448106634547,3,arithmetic_to_stroop,1494
arithmetic:s03:r1,rf,0,0.0877218862900232,0.9122781137099768,3,arithmetic_to_stroop,1494
arithmetic:s03:r2,rf,1,0.0674370011251389,0.932562998874861,3,arithmetic_to_stroop,1494
arithmetic:s03:r3,rf,1,0.9585564717962668,0.041443528203733,3,arithmetic_to_stroop,1494
arithmetic:s03:r0,extra_trees,0,0.5786495287780465,0.4213504712219535,3,arithmetic_to_stroop,1494
arithmetic:s03:r1,extra_trees,0,0.0540577151088528,0.9459422848911472,3,arithmetic_to_stroop,1494
arithmetic:s03:r2,extra_trees,1,0.1044603542783018,0.8955396457216982,3,arithmetic_to_stroop,1494
arithmetic:s03:r3,extra_trees,1,0.8107899878445409,0.189210012155459,3,arithmetic_to_stroop,1494
arithmetic:s03:r0,always_nn,0,0.4888147192781457,0.5111852807218542,3,arithmetic_to_stroop,1547
arithmetic:s03:r1,always_nn,0,0.0404420697332019,0.959557930266798,3,arithmetic_to_stroop,1547
arithmetic:s03:r2,always_nn,1,0.2720382335184402,0.7279617664815599,3,arithmetic_to_stroop,1547
arithmetic:s03:r3,always_nn,1,0.0568412297264365,0.9431587702735634,3,arithmetic_to_stroop,1547
arithmetic:s03:r0,rf,0,0.4195670860849144,0.5804329139150857,3,arithmetic_to_stroop,1547
arithmetic:s03:r1,rf,0,0.3292781215992371,0.670721878400763,3,arithmetic_to_stroop,1547
arithmetic:s03:r2,rf,1,0.3408576984253881,0.659142301574612,3,arithmetic_to_stroop,1547
arithmetic:s03:r3,rf,1,0.3368705755284348,0.6631294244715652,3,arithmetic_to_stroop,1547
arithmetic:s03:r0,extra_trees,0,0.3445966110367481,0.6554033889632519,3,arithmetic_to_stroop,1547
arithmetic:s03:r1,extra_trees,0,0.2958897662491653,0.7041102337508346,3,arithmetic_to_stroop,1547
arithmetic:s03:r2,extra_trees,1,0.3974999095427008,0.6025000904572991,3,arithmetic_to_stroop,1547
arithmetic:s03:r3,extra_trees,1,0.2944457906569835,0.7055542093430165,3,arithmetic_to_stroop,1547
arithmetic:s04:r0,always_nn,0,0.3304364511992431,0.669563548800757,4,arithmetic_to_stroop,1335
arithmetic:s04:r1,always_nn,0,0.4217170474557911,0.5782829525442089,4,arithmetic_to_stroop,1335
arithmetic:s04:r2,always_nn,1,0.0025109170247275,0.9974890829752724,4,arithmetic_to_stroop,1335
arithmetic:s04:r3,always_nn,1,0.0026583771696948,0.9973416228303053,4,arithmetic_to_stroop,1335
arithmetic:s04:r0,rf,0,0.1286625606265322,0.8713374393734677,4,arithmetic_to_stroop,1335
arithmetic:s04:r1,rf,0,0.0714100382287011,0.9285899617712988,4,arithmetic_to_stroop,1335
arithmetic:s04:r2,rf,1,8.42642348866461e-05,0.9999157357651134,4,arithmetic_to_stroop,1335
arithmetic:s04:r3,rf,1,5.789722446461456e-08,0.9999999421027757,4,arithmetic_to_stroop,1335
arithmetic:s04:r0,extra_trees,0,0.1849775557259455,0.8150224442740545,4,arithmetic_to_stroop,1335
arithmetic:s04:r1,extra_trees,0,0.2498353833006543,0.7501646166993456,4,arithmetic_to_stroop,1335
arithmetic:s04:r2,extra_trees,1,0.0002281565347321,0.9997718434652678,4,arithmetic_to_stroop,1335
arithmetic:s04:r3,extra_trees,1,0.0002182769768265,0.9997817230231734,4,arithmetic_to_stroop,1335
arithmetic:s04:r0,always_nn,0,0.1495925503237729,0.8504074496762271,4,arithmetic_to_stroop,1388
arithmetic:s04:r1,always_nn,0,0.2449402993726358,0.7550597006273642,4,arithmetic_to_stroop,1388
arithmetic:s04:r2,always_nn,1,0.0006478004272804,0.9993521995727196,4,arithmetic_to_stroop,1388
arithmetic:s04:r3,always_nn,1,0.0018589481875455,0.9981410518124544,4,arithmetic_to_stroop,1388
arithmetic:s04:r0,rf,0,0.1945942103856915,0.8054057896143084,4,arithmetic_to_stroop,1388
arithmetic:s04:r1,rf,0,0.1092293353232119,0.890770664676788,4,arithmetic_to_stroop,1388
arithmetic:s04:r2,rf,1,9.905750603702653e-07,0.9999990094249396,4,arithmetic_to_stroop,1388
arithmetic:s04:r3,rf,1,1.180539350636658e-05,0.9999881946064936,4,arithmetic_to_stroop,1388
arithmetic:s04:r0,extra_trees,0,0.2093249621469621,0.7906750378530379,4,arithmetic_to_stroop,1388
arithmetic:s04:r1,extra_trees,0,0.201324116171245,0.798675883828755,4,arithmetic_to_stroop,1388
arithmetic:s04:r2,extra_trees,1,3.3209000595979095e-08,0.9999999667909992,4,arithmetic_to_stroop,1388
arithmetic:s04:r3,extra_trees,1,0.0001054105372987,0.9998945894627012,4,arithmetic_to_stroop,1388
arithmetic:s04:r0,always_nn,0,0.4571535424742886,0.5428464575257114,4,arithmetic_to_stroop,1441
arithmetic:s04:r1,always_nn,0,0.2011969234104141,0.7988030765895859,4,arithmetic_to_stroop,1441
arithmetic:s04:r2,always_nn,1,0.0005957223159492,0.9994042776840508,4,arithmetic_to_stroop,1441
arithmetic:s04:r3,always_nn,1,0.0024421043721408,0.9975578956278592,4,arithmetic_to_stroop,1441
arithmetic:s04:r0,rf,0,0.1826022708353904,0.8173977291646095,4,arithmetic_to_stroop,1441
arithmetic:s04:r1,rf,0,0.0791659940637354,0.9208340059362644,4,arithmetic_to_stroop,1441
arithmetic:s04:r2,rf,1,1.5121596403676329e-06,0.9999984878403596,4,arithmetic_to_stroop,1441
arithmetic:s04:r3,rf,1,1.6124529288185607e-06,0.9999983875470712,4,arithmetic_to_stroop,1441
arithmetic:s04:r0,extra_trees,0,0.1716286115281734,0.8283713884718266,4,arithmetic_to_stroop,1441
arithmetic:s04:r1,extra_trees,0,0.1892951089658147,0.8107048910341853,4,arithmetic_to_stroop,1441
arithmetic:s04:r2,extra_trees,1,2.497698142557047e-07,0.9999997502301856,4,arithmetic_to_stroop,1441
arithmetic:s04:r3,extra_trees,1,0.0002750749992391,0.9997249250007608,4,arithmetic_to_stroop,1441
arithmetic:s04:r0,always_nn,0,0.031376893611888,0.968623106388112,4,arithmetic_to_stroop,1494
arithmetic:s04:r1,always_nn,0,0.4419941493624654,0.5580058506375346,4,arithmetic_to_stroop,1494
arithmetic:s04:r2,always_nn,1,0.0017447802977454,0.9982552197022546,4,arithmetic_to_stroop,1494
arithmetic:s04:r3,always_nn,1,0.0029561529178206,0.9970438470821792,4,arithmetic_to_stroop,1494
arithmetic:s04:r0,rf,0,0.1672907720717395,0.8327092279282605,4,arithmetic_to_stroop,1494
arithmetic:s04:r1,rf,0,0.1035229046258473,0.8964770953741527,4,arithmetic_to_stroop,1494
arithmetic:s04:r2,rf,1,2.559702012690385e-06,0.9999974402979872,4,arithmetic_to_stroop,1494
arithmetic:s04:r3,rf,1,7.904245737227441e-07,0.9999992095754264,4,arithmetic_to_stroop,1494
arithmetic:s04:r0,extra_trees,0,0.1728797938799591,0.8271202061200408,4,arithmetic_to_stroop,1494
arithmetic:s04:r1,extra_trees,0,0.175342869659514,0.8246571303404859,4,arithmetic_to_stroop,1494
arithmetic:s04:r2,extra_trees,1,3.01868530165251e-08,0.999999969813147,4,arithmetic_to_stroop,1494
arithmetic:s04:r3,extra_trees,1,3.691446210035448e-06,0.99999630855379,4,arithmetic_to_stroop,1494
arithmetic:s04:r0,always_nn,0,0.3422224913337014,0.6577775086662987,4,arithmetic_to_stroop,1547
arithmetic:s04:r1,always_nn,0,0.3702266976785541,0.6297733023214459,4,arithmetic_to_stroop,1547
arithmetic:s04:r2,always_nn,1,0.0018323390421856,0.9981676609578144,4,arithmetic_to_stroop,1547
arithmetic:s04:r3,always_nn,1,0.0010926800493638,0.9989073199506362,4,arithmetic_to_stroop,1547
arithmetic:s04:r0,rf,0,0.1292032986063701,0.8707967013936299,4,arithmetic_to_stroop,1547
arithmetic:s04:r1,rf,0,0.0798626886050044,0.9201373113949955,4,arithmetic_to_stroop,1547
arithmetic:s04:r2,rf,1,4.669972055661863e-05,0.9999533002794434,4,arithmetic_to_stroop,1547
arithmetic:s04:r3,rf,1,4.460425989204973e-07,0.999999553957401,4,arithmetic_to_stroop,1547
arithmetic:s04:r0,extra_trees,0,0.1952761307516419,0.804723869248358,4,arithmetic_to_stroop,1547
arithmetic:s04:r1,extra_trees,0,0.2611922239373243,0.7388077760626758,4,arithmetic_to_stroop,1547
arithmetic:s04:r2,extra_trees,1,0.0002125759734183,0.9997874240265816,4,arithmetic_to_stroop,1547
arithmetic:s04:r3,extra_trees,1,0.0001856179135365,0.9998143820864634,4,arithmetic_to_stroop,1547
arithmetic:s05:r0,always_nn,0,0.0503401591034552,0.9496598408965448,5,arithmetic_to_stroop,1335
arithmetic:s05:r1,always_nn,0,0.0902164380277365,0.9097835619722634,5,arithmetic_to_stroop,1335
arithmetic:s05:r2,always_nn,1,0.2074151789107993,0.7925848210892006,5,arithmetic_to_stroop,1335
arithmetic:s05:r3,always_nn,1,0.0782154001644472,0.9217845998355528,5,arithmetic_to_stroop,1335
arithmetic:s05:r0,rf,0,0.2004487155701497,0.7995512844298502,5,arithmetic_to_stroop,1335
arithmetic:s05:r1,rf,0,4.725336518465147e-06,0.9999952746634816,5,arithmetic_to_stroop,1335
arithmetic:s05:r2,rf,1,0.3064059426592809,0.6935940573407191,5,arithmetic_to_stroop,1335
arithmetic:s05:r3,rf,1,7.696448485767057e-06,0.9999923035515142,5,arithmetic_to_stroop,1335
arithmetic:s05:r0,extra_trees,0,0.1902449510258525,0.8097550489741474,5,arithmetic_to_stroop,1335
arithmetic:s05:r1,extra_trees,0,0.0137335701906127,0.9862664298093872,5,arithmetic_to_stroop,1335
arithmetic:s05:r2,extra_trees,1,0.366088318329489,0.6339116816705109,5,arithmetic_to_stroop,1335
arithmetic:s05:r3,extra_trees,1,0.0202776941243536,0.9797223058756463,5,arithmetic_to_stroop,1335
arithmetic:s05:r0,always_nn,0,0.0643554905890091,0.9356445094109908,5,arithmetic_to_stroop,1388
arithmetic:s05:r1,always_nn,0,0.0434367316250656,0.9565632683749344,5,arithmetic_to_stroop,1388
arithmetic:s05:r2,always_nn,1,0.0679695290795276,0.9320304709204722,5,arithmetic_to_stroop,1388
arithmetic:s05:r3,always_nn,1,0.1794548577830382,0.8205451422169616,5,arithmetic_to_stroop,1388
arithmetic:s05:r0,rf,0,0.155288086567048,0.844711913432952,5,arithmetic_to_stroop,1388
arithmetic:s05:r1,rf,0,0.0016401925760138,0.998359807423986,5,arithmetic_to_stroop,1388
arithmetic:s05:r2,rf,1,0.0044347781833518,0.995565221816648,5,arithmetic_to_stroop,1388
arithmetic:s05:r3,rf,1,0.1742053105910286,0.8257946894089714,5,arithmetic_to_stroop,1388
arithmetic:s05:r0,extra_trees,0,0.1989124039657837,0.8010875960342162,5,arithmetic_to_stroop,1388
arithmetic:s05:r1,extra_trees,0,0.0374315371007067,0.9625684628992932,5,arithmetic_to_stroop,1388
arithmetic:s05:r2,extra_trees,1,0.0307124099018227,0.9692875900981772,5,arithmetic_to_stroop,1388
arithmetic:s05:r3,extra_trees,1,0.2408298342538586,0.7591701657461414,5,arithmetic_to_stroop,1388
arithmetic:s05:r0,always_nn,0,0.1420926668197032,0.8579073331802968,5,arithmetic_to_stroop,1441
arithmetic:s05:r1,always_nn,0,0.0271557045009321,0.972844295499068,5,arithmetic_to_stroop,1441
arithmetic:s05:r2,always_nn,1,0.031983633275932,0.968016366724068,5,arithmetic_to_stroop,1441
arithmetic:s05:r3,always_nn,1,0.216768585746101,0.783231414253899,5,arithmetic_to_stroop,1441
arithmetic:s05:r0,rf,0,0.1819052929544713,0.8180947070455287,5,arithmetic_to_stroop,1441
arithmetic:s05:r1,rf,0,0.0013894461571351,0.9986105538428648,5,arithmetic_to_stroop,1441
arithmetic:s05:r2,rf,1,0.0053669011771875,0.9946330988228124,5,arithmetic_to_stroop,1441
arithmetic:s05:r3,rf,1,0.1731393862213968,0.8268606137786031,5,arithmetic_to_stroop,1441
arithmetic:s05:r0,extra_trees,0,0.2006044612489654,0.7993955387510345,5,arithmetic_to_stroop,1441
arithmetic:s05:r1,extra_trees,0,0.0461633824837968,0.9538366175162032,5,arithmetic_to_stroop,1441
arithmetic:s05:r2,extra_trees,1,0.0504030062259786,0.9495969937740214,5,arithmetic_to_stroop,1441
arithmetic:s05:r3,extra_trees,1,0.2447920951293852,0.7552079048706147,5,arithmetic_to_stroop,1441
arithmetic:s05:r0,always_nn,0,0.1557763980205843,0.8442236019794156,5,arithmetic_to_stroop,1494
arithmetic:s05:r1,always_nn,0,0.0131696910766943,0.9868303089233056,5,arithmetic_to_stroop,1494
arithmetic:s05:r2,always_nn,1,0.0240672865949289,0.975932713405071,5,arithmetic_to_stroop,1494
arithmetic:s05:r3,always_nn,1,0.3003002797740191,0.6996997202259808,5,arithmetic_to_stroop,1494
arithmetic:s05:r0,rf,0,0.1551790550141523,0.8448209449858477,5,arithmetic_to_stroop,1494
arithmetic:s05:r1,rf,0,0.0007786841238826,0.9992213158761174,5,arithmetic_to_stroop,1494
arithmetic:s05:r2,rf,1,0.0019525779450821,0.998047422054918,5,arithmetic_to_stroop,1494
arithmetic:s05:r3,rf,1,0.1640519099641339,0.835948090035866,5,arithmetic_to_stroop,1494
arithmetic:s05:r0,extra_trees,0,0.2075949971127024,0.7924050028872975,5,arithmetic_to_stroop,1494
arithmetic:s05:r1,extra_trees,0,0.046131755880429,0.953868244119571,5,arithmetic_to_stroop,1494
arithmetic:s05:r2,extra_trees,1,0.0541936730732875,0.9458063269267124,5,arithmetic_to_stroop,1494
arithmetic:s05:r3,extra_trees,1,0.2585032446784202,0.7414967553215798,5,arithmetic_to_stroop,1494
arithmetic:s05:r0,always_nn,0,0.1124316293180934,0.8875683706819065,5,arithmetic_to_stroop,1547
arithmetic:s05:r1,always_nn,0,0.0268968183478267,0.9731031816521732,5,arithmetic_to_stroop,1547
arithmetic:s05:r2,always_nn,1,0.3516452313171627,0.6483547686828374,5,arithmetic_to_stroop,1547
arithmetic:s05:r3,always_nn,1,0.0417148363565399,0.95828516364346,5,arithmetic_to_stroop,1547
arithmetic:s05:r0,rf,0,0.198022531225628,0.8019774687743719,5,arithmetic_to_stroop,1547
arithmetic:s05:r1,rf,0,3.282609317565577e-05,0.9999671739068244,5,arithmetic_to_stroop,1547
arithmetic:s05:r2,rf,1,0.3002380501017536,0.6997619498982465,5,arithmetic_to_stroop,1547
arithmetic:s05:r3,rf,1,1.2002301854878247e-05,0.9999879976981452,5,arithmetic_to_stroop,1547
arithmetic:s05:r0,extra_trees,0,0.1935167648147468,0.8064832351852532,5,arithmetic_to_stroop,1547
arithmetic:s05:r1,extra_trees,0,0.0094538865812131,0.9905461134187868,5,arithmetic_to_stroop,1547
arithmetic:s05:r2,extra_trees,1,0.3765856955593251,0.6234143044406749,5,arithmetic_to_stroop,1547
arithmetic:s05:r3,extra_trees,1,0.0066574582812292,0.9933425417187708,5,arithmetic_to_stroop,1547
arithmetic:s06:r0,always_nn,0,0.1245453707870234,0.8754546292129766,6,arithmetic_to_stroop,1335
arithmetic:s06:r1,always_nn,0,0.0156705184916398,0.9843294815083602,6,arithmetic_to_stroop,1335
arithmetic:s06:r2,always_nn,1,0.3138641836120587,0.6861358163879412,6,arithmetic_to_stroop,1335
arithmetic:s06:r3,always_nn,1,0.0192778614999394,0.9807221385000606,6,arithmetic_to_stroop,1335
arithmetic:s06:r0,rf,0,0.4912330607504938,0.5087669392495062,6,arithmetic_to_stroop,1335
arithmetic:s06:r1,rf,0,0.1686513644006776,0.8313486355993224,6,arithmetic_to_stroop,1335
arithmetic:s06:r2,rf,1,0.3169268114635298,0.6830731885364701,6,arithmetic_to_stroop,1335
arithmetic:s06:r3,rf,1,0.0949587028094678,0.9050412971905322,6,arithmetic_to_stroop,1335
arithmetic:s06:r0,extra_trees,0,0.4011072606981727,0.5988927393018272,6,arithmetic_to_stroop,1335
arithmetic:s06:r1,extra_trees,0,0.1539293498960225,0.8460706501039773,6,arithmetic_to_stroop,1335
arithmetic:s06:r2,extra_trees,1,0.2678788806979738,0.7321211193020262,6,arithmetic_to_stroop,1335
arithmetic:s06:r3,extra_trees,1,0.1375868401139821,0.862413159886018,6,arithmetic_to_stroop,1335
arithmetic:s06:r0,always_nn,0,0.2487085493594187,0.7512914506405812,6,arithmetic_to_stroop,1388
arithmetic:s06:r1,always_nn,0,0.0095047250199286,0.9904952749800712,6,arithmetic_to_stroop,1388
arithmetic:s06:r2,always_nn,1,0.0262875660577017,0.9737124339422982,6,arithmetic_to_stroop,1388
arithmetic:s06:r3,always_nn,1,0.4014472021694499,0.5985527978305502,6,arithmetic_to_stroop,1388
arithmetic:s06:r0,rf,0,0.5438896933743423,0.4561103066256576,6,arithmetic_to_stroop,1388
arithmetic:s06:r1,rf,0,0.0292854252463392,0.9707145747536606,6,arithmetic_to_stroop,1388
arithmetic:s06:r2,rf,1,0.0281294377150747,0.9718705622849252,6,arithmetic_to_stroop,1388
arithmetic:s06:r3,rf,1,0.3535623944288755,0.6464376055711245,6,arithmetic_to_stroop,1388
arithmetic:s06:r0,extra_trees,0,0.4387175967658505,0.5612824032341495,6,arithmetic_to_stroop,1388
arithmetic:s06:r1,extra_trees,0,0.0841931624271381,0.915806837572862,6,arithmetic_to_stroop,1388
arithmetic:s06:r2,extra_trees,1,0.1150287215492834,0.8849712784507165,6,arithmetic_to_stroop,1388
arithmetic:s06:r3,extra_trees,1,0.3465791902756813,0.6534208097243187,6,arithmetic_to_stroop,1388
arithmetic:s06:r0,always_nn,0,0.1763798765810795,0.8236201234189205,6,arithmetic_to_stroop,1441
arithmetic:s06:r1,always_nn,0,0.0241649336617455,0.9758350663382545,6,arithmetic_to_stroop,1441
arithmetic:s06:r2,always_nn,1,0.0451418585165911,0.9548581414834088,6,arithmetic_to_stroop,1441
arithmetic:s06:r3,always_nn,1,0.3095453768810823,0.6904546231189178,6,arithmetic_to_stroop,1441
arithmetic:s06:r0,rf,0,0.5631107187306543,0.4368892812693456,6,arithmetic_to_stroop,1441
arithmetic:s06:r1,rf,0,0.0411627106623019,0.958837289337698,6,arithmetic_to_stroop,1441
arithmetic:s06:r2,rf,1,0.0332747688137476,0.9667252311862524,6,arithmetic_to_stroop,1441
arithmetic:s06:r3,rf,1,0.3568484712388853,0.6431515287611146,6,arithmetic_to_stroop,1441
arithmetic:s06:r0,extra_trees,0,0.4380945287845806,0.5619054712154193,6,arithmetic_to_stroop,1441
arithmetic:s06:r1,extra_trees,0,0.0704303935328289,0.9295696064671712,6,arithmetic_to_stroop,1441
arithmetic:s06:r2,extra_trees,1,0.0958920456877703,0.9041079543122296,6,arithmetic_to_stroop,1441
arithmetic:s06:r3,extra_trees,1,0.357125860338271,0.642874139661729,6,arithmetic_to_stroop,1441
arithmetic:s06:r0,always_nn,0,0.1363873733972201,0.8636126266027798,6,arithmetic_to_stroop,1494
arithmetic:s06:r1,always_nn,0,0.0096511226046357,0.9903488773953644,6,arithmetic_to_stroop,1494
arithmetic:s06:r2,always_nn,1,0.0162638763194538,0.9837361236805462,6,arithmetic_to_stroop,1494
arithmetic:s06:r3,always_nn,1,0.354312614473061,0.645687385526939,6,arithmetic_to_stroop,1494
arithmetic:s06:r0,rf,0,0.5596670970360615,0.4403329029639385,6,arithmetic_to_stroop,1494
arithmetic:s06:r1,rf,0,0.0346038750516317,0.9653961249483682,6,arithmetic_to_stroop,1494
arithmetic:s06:r2,rf,1,0.0254692803771452,0.9745307196228548,6,arithmetic_to_stroop,1494
arithmetic:s06:r3,rf,1,0.3698614612935706,0.6301385387064293,6,arithmetic_to_stroop,1494
arithmetic:s06:r0,extra_trees,0,0.4543208475559985,0.5456791524440014,6,arithmetic_to_stroop,1494
arithmetic:s06:r1,extra_trees,0,0.0742975732128526,0.9257024267871474,6,arithmetic_to_stroop,1494
arithmetic:s06:r2,extra_trees,1,0.10833590454167,0.8916640954583299,6,arithmetic_to_stroop,1494
arithmetic:s06:r3,extra_trees,1,0.3517154309237529,0.6482845690762471,6,arithmetic_to_stroop,1494
arithmetic:s06:r0,always_nn,0,0.284867590663204,0.715132409336796,6,arithmetic_to_stroop,1547
arithmetic:s06:r1,always_nn,0,0.0262172578213689,0.973782742178631,6,arithmetic_to_stroop,1547
arithmetic:s06:r2,always_nn,1,0.1398759252167339,0.8601240747832661,6,arithmetic_to_stroop,1547
arithmetic:s06:r3,always_nn,1,0.0282339143622523,0.9717660856377476,6,arithmetic_to_stroop,1547
arithmetic:s06:r0,rf,0,0.4991670838586802,0.5008329161413198,6,arithmetic_to_stroop,1547
arithmetic:s06:r1,rf,0,0.1650803708649916,0.8349196291350084,6,arithmetic_to_stroop,1547
arithmetic:s06:r2,rf,1,0.3139083945254249,0.686091605474575,6,arithmetic_to_stroop,1547
arithmetic:s06:r3,rf,1,0.1103612284019224,0.8896387715980775,6,arithmetic_to_stroop,1547
arithmetic:s06:r0,extra_trees,0,0.3948115982186349,0.6051884017813651,6,arithmetic_to_stroop,1547
arithmetic:s06:r1,extra_trees,0,0.1523391701925589,0.8476608298074412,6,arithmetic_to_stroop,1547
arithmetic:s06:r2,extra_trees,1,0.2603522428685044,0.7396477571314956,6,arithmetic_to_stroop,1547
arithmetic:s06:r3,extra_trees,1,0.1449413836888027,0.8550586163111973,6,arithmetic_to_stroop,1547
arithmetic:s07:r0,always_nn,0,0.8933160841245409,0.1066839158754591,7,arithmetic_to_stroop,1335
arithmetic:s07:r1,always_nn,0,0.0029611512314205,0.9970388487685796,7,arithmetic_to_stroop,1335
arithmetic:s07:r2,always_nn,1,0.2215125253512019,0.7784874746487981,7,arithmetic_to_stroop,1335
arithmetic:s07:r3,always_nn,1,0.0025201315753573,0.9974798684246426,7,arithmetic_to_stroop,1335
arithmetic:s07:r0,rf,0,0.4759542133319894,0.5240457866680106,7,arithmetic_to_stroop,1335
arithmetic:s07:r1,rf,0,4.559839187662901e-09,0.9999999954401608,7,arithmetic_to_stroop,1335
arithmetic:s07:r2,rf,1,0.4074121295324141,0.5925878704675859,7,arithmetic_to_stroop,1335
arithmetic:s07:r3,rf,1,2.5127050094025864e-10,0.9999999997487296,7,arithmetic_to_stroop,1335
arithmetic:s07:r0,extra_trees,0,0.4022722529355257,0.5977277470644743,7,arithmetic_to_stroop,1335
arithmetic:s07:r1,extra_trees,0,0.0052732371207853,0.9947267628792148,7,arithmetic_to_stroop,1335
arithmetic:s07:r2,extra_trees,1,0.4470436540450958,0.5529563459549042,7,arithmetic_to_stroop,1335
arithmetic:s07:r3,extra_trees,1,7.122044365029711e-07,0.9999992877955636,7,arithmetic_to_stroop,1335
arithmetic:s07:r0,always_nn,0,0.7262218104121267,0.2737781895878732,7,arithmetic_to_stroop,1388
arithmetic:s07:r1,always_nn,0,0.0001877937371233,0.9998122062628766,7,arithmetic_to_stroop,1388
arithmetic:s07:r2,always_nn,1,0.0002810638532234,0.9997189361467764,7,arithmetic_to_stroop,1388
arithmetic:s07:r3,always_nn,1,0.1393599350395596,0.8606400649604404,7,arithmetic_to_stroop,1388
arithmetic:s07:r0,rf,0,0.5126497803304689,0.487350219669531,7,arithmetic_to_stroop,1388
arithmetic:s07:r1,rf,0,0.0026406715580089,0.9973593284419908,7,arithmetic_to_stroop,1388
arithmetic:s07:r2,rf,1,0.0029312900771322,0.9970687099228678,7,arithmetic_to_stroop,1388
arithmetic:s07:r3,rf,1,0.2149907267271629,0.785009273272837,7,arithmetic_to_stroop,1388
arithmetic:s07:r0,extra_trees,0,0.4859723824431775,0.5140276175568224,7,arithmetic_to_stroop,1388
arithmetic:s07:r1,extra_trees,0,0.0027385868605994,0.9972614131394004,7,arithmetic_to_stroop,1388
arithmetic:s07:r2,extra_trees,1,0.0130303358754836,0.9869696641245164,7,arithmetic_to_stroop,1388
arithmetic:s07:r3,extra_trees,1,0.3049738099832557,0.6950261900167443,7,arithmetic_to_stroop,1388
arithmetic:s07:r0,always_nn,0,0.7747546246081712,0.2252453753918288,7,arithmetic_to_stroop,1441
arithmetic:s07:r1,always_nn,0,0.0003908621727973,0.9996091378272026,7,arithmetic_to_stroop,1441
arithmetic:s07:r2,always_nn,1,0.0004495729321559,0.999550427067844,7,arithmetic_to_stroop,1441
arithmetic:s07:r3,always_nn,1,0.0595592695646907,0.9404407304353092,7,arithmetic_to_stroop,1441
arithmetic:s07:r0,rf,0,0.5246619059427162,0.4753380940572837,7,arithmetic_to_stroop,1441
arithmetic:s07:r1,rf,0,0.0145988669943176,0.9854011330056824,7,arithmetic_to_stroop,1441
arithmetic:s07:r2,rf,1,0.0028880140951751,0.9971119859048247,7,arithmetic_to_stroop,1441
arithmetic:s07:r3,rf,1,0.234568654113691,0.765431345886309,7,arithmetic_to_stroop,1441
arithmetic:s07:r0,extra_trees,0,0.5023115180753996,0.4976884819246003,7,arithmetic_to_stroop,1441
arithmetic:s07:r1,extra_trees,0,0.0205786180343224,0.9794213819656776,7,arithmetic_to_stroop,1441
arithmetic:s07:r2,extra_trees,1,0.0061295670036008,0.9938704329963992,7,arithmetic_to_stroop,1441
arithmetic:s07:r3,extra_trees,1,0.3124916814750469,0.6875083185249531,7,arithmetic_to_stroop,1441
arithmetic:s07:r0,always_nn,0,0.6665974172318164,0.3334025827681836,7,arithmetic_to_stroop,1494
arithmetic:s07:r1,always_nn,0,0.0003341979179251,0.9996658020820748,7,arithmetic_to_stroop,1494
arithmetic:s07:r2,always_nn,1,0.0003750808572284,0.9996249191427716,7,arithmetic_to_stroop,1494
arithmetic:s07:r3,always_nn,1,0.1139855521585253,0.8860144478414747,7,arithmetic_to_stroop,1494
arithmetic:s07:r0,rf,0,0.4940635787726119,0.505936421227388,7,arithmetic_to_stroop,1494
arithmetic:s07:r1,rf,0,0.0016200254741784,0.9983799745258216,7,arithmetic_to_stroop,1494
arithmetic:s07:r2,rf,1,0.0020868069845656,0.9979131930154344,7,arithmetic_to_stroop,1494
arithmetic:s07:r3,rf,1,0.2343293662667784,0.7656706337332215,7,arithmetic_to_stroop,1494
arithmetic:s07:r0,extra_trees,0,0.5071704821665228,0.4928295178334771,7,arithmetic_to_stroop,1494
arithmetic:s07:r1,extra_trees,0,0.004781027282531,0.9952189727174692,7,arithmetic_to_stroop,1494
arithmetic:s07:r2,extra_trees,1,0.0107993713415318,0.989200628658468,7,arithmetic_to_stroop,1494
arithmetic:s07:r3,extra_trees,1,0.3005888423974465,0.6994111576025535,7,arithmetic_to_stroop,1494
arithmetic:s07:r0,always_nn,0,0.9889389425202604,0.0110610574797395,7,arithmetic_to_stroop,1547
arithmetic:s07:r1,always_nn,0,0.0046069522677508,0.9953930477322492,7,arithmetic_to_stroop,1547
arithmetic:s07:r2,always_nn,1,0.0292479783808877,0.9707520216191124,7,arithmetic_to_stroop,1547
arithmetic:s07:r3,always_nn,1,0.0031255126299155,0.9968744873700844,7,arithmetic_to_stroop,1547
arithmetic:s07:r0,rf,0,0.5160040080913797,0.4839959919086203,7,arithmetic_to_stroop,1547
arithmetic:s07:r1,rf,0,4.543096951322043e-09,0.9999999954569032,7,arithmetic_to_stroop,1547
arithmetic:s07:r2,rf,1,0.4312254635799447,0.5687745364200552,7,arithmetic_to_stroop,1547
arithmetic:s07:r3,rf,1,9.904051532185215e-10,0.9999999990095948,7,arithmetic_to_stroop,1547
arithmetic:s07:r0,extra_trees,0,0.3972959293328491,0.6027040706671508,7,arithmetic_to_stroop,1547
arithmetic:s07:r1,extra_trees,0,0.0076854916382118,0.992314508361788,7,arithmetic_to_stroop,1547
arithmetic:s07:r2,extra_trees,1,0.4466801432381316,0.5533198567618683,7,arithmetic_to_stroop,1547
arithmetic:s07:r3,extra_trees,1,5.721182940616606e-07,0.999999427881706,7,arithmetic_to_stroop,1547
arithmetic:s08:r0,always_nn,0,0.9867456231569548,0.0132543768430451,8,arithmetic_to_stroop,1335
arithmetic:s08:r1,always_nn,0,0.0312148005533507,0.9687851994466492,8,arithmetic_to_stroop,1335
arithmetic:s08:r2,always_nn,1,0.0032389613255953,0.9967610386744048,8,arithmetic_to_stroop,1335
arithmetic:s08:r3,always_nn,1,0.0136567175815949,0.9863432824184052,8,arithmetic_to_stroop,1335
arithmetic:s08:r0,rf,0,0.6043043671185676,0.3956956328814324,8,arithmetic_to_stroop,1335
arithmetic:s08:r1,rf,0,0.0663388064109737,0.9336611935890264,8,arithmetic_to_stroop,1335
arithmetic:s08:r2,rf,1,0.4620570856915754,0.5379429143084246,8,arithmetic_to_stroop,1335
arithmetic:s08:r3,rf,1,0.032068994245918,0.967931005754082,8,arithmetic_to_stroop,1335
arithmetic:s08:r0,extra_trees,0,0.5906024330357231,0.4093975669642769,8,arithmetic_to_stroop,1335
arithmetic:s08:r1,extra_trees,0,0.1644790758222827,0.8355209241777172,8,arithmetic_to_stroop,1335
arithmetic:s08:r2,extra_trees,1,0.485480797120319,0.5145192028796809,8,arithmetic_to_stroop,1335
arithmetic:s08:r3,extra_trees,1,0.0887678825175212,0.9112321174824788,8,arithmetic_to_stroop,1335
arithmetic:s08:r0,always_nn,0,0.737029565063019,0.2629704349369811,8,arithmetic_to_stroop,1388
arithmetic:s08:r1,always_nn,0,0.0124907068847158,0.987509293115284,8,arithmetic_to_stroop,1388
arithmetic:s08:r2,always_nn,1,0.0041787478215556,0.9958212521784444,8,arithmetic_to_stroop,1388
arithmetic:s08:r3,always_nn,1,0.1015841530835869,0.8984158469164131,8,arithmetic_to_stroop,1388
arithmetic:s08:r0,rf,0,0.6061110101814294,0.3938889898185705,8,arithmetic_to_stroop,1388
arithmetic:s08:r1,rf,0,0.0305843729343263,0.9694156270656736,8,arithmetic_to_stroop,1388
arithmetic:s08:r2,rf,1,0.004595539595308,0.995404460404692,8,arithmetic_to_stroop,1388
arithmetic:s08:r3,rf,1,0.5377405853643077,0.4622594146356923,8,arithmetic_to_stroop,1388
arithmetic:s08:r0,extra_trees,0,0.5952564818615648,0.4047435181384352,8,arithmetic_to_stroop,1388
arithmetic:s08:r1,extra_trees,0,0.1213064245038464,0.8786935754961536,8,arithmetic_to_stroop,1388
arithmetic:s08:r2,extra_trees,1,0.0441662860991223,0.9558337139008776,8,arithmetic_to_stroop,1388
arithmetic:s08:r3,extra_trees,1,0.5385293091027462,0.4614706908972538,8,arithmetic_to_stroop,1388
arithmetic:s08:r0,always_nn,0,0.8986259552322158,0.1013740447677842,8,arithmetic_to_stroop,1441
arithmetic:s08:r1,always_nn,0,0.0269018739310572,0.9730981260689427,8,arithmetic_to_stroop,1441
arithmetic:s08:r2,always_nn,1,0.0150000517865138,0.984999948213486,8,arithmetic_to_stroop,1441
arithmetic:s08:r3,always_nn,1,0.2265710577407736,0.7734289422592264,8,arithmetic_to_stroop,1441
arithmetic:s08:r0,rf,0,0.5957133412264948,0.4042866587735052,8,arithmetic_to_stroop,1441
arithmetic:s08:r1,rf,0,0.0352308204771633,0.9647691795228368,8,arithmetic_to_stroop,1441
arithmetic:s08:r2,rf,1,0.0078312519514368,0.9921687480485633,8,arithmetic_to_stroop,1441
arithmetic:s08:r3,rf,1,0.5422940875765272,0.4577059124234727,8,arithmetic_to_stroop,1441
arithmetic:s08:r0,extra_trees,0,0.596913144766106,0.4030868552338939,8,arithmetic_to_stroop,1441
arithmetic:s08:r1,extra_trees,0,0.1247919569821589,0.875208043017841,8,arithmetic_to_stroop,1441
arithmetic:s08:r2,extra_trees,1,0.0498871814369793,0.9501128185630208,8,arithmetic_to_stroop,1441
arithmetic:s08:r3,extra_trees,1,0.5376959428919255,0.4623040571080745,8,arithmetic_to_stroop,1441
arithmetic:s08:r0,always_nn,0,0.9857960710910172,0.0142039289089829,8,arithmetic_to_stroop,1494
arithmetic:s08:r1,always_nn,0,0.0129463012871577,0.987053698712842,8,arithmetic_to_stroop,1494
arithmetic:s08:r2,always_nn,1,0.004449433385271,0.995550566614729,8,arithmetic_to_stroop,1494
arithmetic:s08:r3,always_nn,1,0.149958666607509,0.8500413333924909,8,arithmetic_to_stroop,1494
arithmetic:s08:r0,rf,0,0.6034482892703029,0.396551710729697,8,arithmetic_to_stroop,1494
arithmetic:s08:r1,rf,0,0.0234212607918158,0.9765787392081842,8,arithmetic_to_stroop,1494
arithmetic:s08:r2,rf,1,0.0082704979609491,0.9917295020390507,8,arithmetic_to_stroop,1494
arithmetic:s08:r3,rf,1,0.5465237979249227,0.4534762020750773,8,arithmetic_to_stroop,1494
arithmetic:s08:r0,extra_trees,0,0.5919160964877428,0.4080839035122573,8,arithmetic_to_stroop,1494
arithmetic:s08:r1,extra_trees,0,0.129972001201903,0.870027998798097,8,arithmetic_to_stroop,1494
arithmetic:s08:r2,extra_trees,1,0.0414450410144895,0.9585549589855104,8,arithmetic_to_stroop,1494
arithmetic:s08:r3,extra_trees,1,0.5332588161064451,0.4667411838935548,8,arithmetic_to_stroop,1494
arithmetic:s08:r0,always_nn,0,0.9955831823340242,0.0044168176659757,8,arithmetic_to_stroop,1547
arithmetic:s08:r1,always_nn,0,0.0187676104942382,0.9812323895057616,8,arithmetic_to_stroop,1547
arithmetic:s08:r2,always_nn,1,0.0406678892950766,0.9593321107049234,8,arithmetic_to_stroop,1547
arithmetic:s08:r3,always_nn,1,0.0090048362909182,0.9909951637090816,8,arithmetic_to_stroop,1547
arithmetic:s08:r0,rf,0,0.5854002152681773,0.4145997847318227,8,arithmetic_to_stroop,1547
arithmetic:s08:r1,rf,0,0.0473728903394191,0.9526271096605808,8,arithmetic_to_stroop,1547
arithmetic:s08:r2,rf,1,0.4508739133629338,0.5491260866370661,8,arithmetic_to_stroop,1547
arithmetic:s08:r3,rf,1,0.0240468356827522,0.9759531643172475,8,arithmetic_to_stroop,1547
arithmetic:s08:r0,extra_trees,0,0.5939199257001166,0.4060800742998833,8,arithmetic_to_stroop,1547
arithmetic:s08:r1,extra_trees,0,0.1541169721647504,0.8458830278352495,8,arithmetic_to_stroop,1547
arithmetic:s08:r2,extra_trees,1,0.4870780855324229,0.5129219144675771,8,arithmetic_to_stroop,1547
arithmetic:s08:r3,extra_trees,1,0.082433392098437,0.917566607901563,8,arithmetic_to_stroop,1547
arithmetic:s09:r0,always_nn,0,0.1882752144002944,0.8117247855997056,9,arithmetic_to_stroop,1335
arithmetic:s09:r1,always_nn,0,0.0250997267104722,0.9749002732895278,9,arithmetic_to_stroop,1335
arithmetic:s09:r2,always_nn,1,0.7524431691167377,0.2475568308832623,9,arithmetic_to_stroop,1335
arithmetic:s09:r3,always_nn,1,0.1863961810854502,0.8136038189145498,9,arithmetic_to_stroop,1335
arithmetic:s09:r0,rf,0,0.160060895928918,0.839939104071082,9,arithmetic_to_stroop,1335
arithmetic:s09:r1,rf,0,0.0003239113102377,0.9996760886897624,9,arithmetic_to_stroop,1335
arithmetic:s09:r2,rf,1,0.3782436673138891,0.621756332686111,9,arithmetic_to_stroop,1335
arithmetic:s09:r3,rf,1,0.0060820802288138,0.9939179197711862,9,arithmetic_to_stroop,1335
arithmetic:s09:r0,extra_trees,0,0.1297269816328203,0.8702730183671796,9,arithmetic_to_stroop,1335
arithmetic:s09:r1,extra_trees,0,0.0260884072575265,0.9739115927424736,9,arithmetic_to_stroop,1335
arithmetic:s09:r2,extra_trees,1,0.4116969780841308,0.5883030219158691,9,arithmetic_to_stroop,1335
arithmetic:s09:r3,extra_trees,1,0.0779864916528879,0.9220135083471122,9,arithmetic_to_stroop,1335
arithmetic:s09:r0,always_nn,0,0.8216578268177193,0.1783421731822807,9,arithmetic_to_stroop,1388
arithmetic:s09:r1,always_nn,0,0.0003385202624736,0.9996614797375264,9,arithmetic_to_stroop,1388
arithmetic:s09:r2,always_nn,1,0.0002171700223422,0.9997828299776578,9,arithmetic_to_stroop,1388
arithmetic:s09:r3,always_nn,1,0.4633366860753019,0.5366633139246981,9,arithmetic_to_stroop,1388
arithmetic:s09:r0,rf,0,0.639888696033405,0.3601113039665949,9,arithmetic_to_stroop,1388
arithmetic:s09:r1,rf,0,2.2255288257692736e-06,0.9999977744711742,9,arithmetic_to_stroop,1388
arithmetic:s09:r2,rf,1,2.752205840143791e-05,0.9999724779415986,9,arithmetic_to_stroop,1388
arithmetic:s09:r3,rf,1,0.5071640928684904,0.4928359071315095,9,arithmetic_to_stroop,1388
arithmetic:s09:r0,extra_trees,0,0.6273084164229009,0.3726915835770991,9,arithmetic_to_stroop,1388
arithmetic:s09:r1,extra_trees,0,0.0151246025403185,0.9848753974596816,9,arithmetic_to_stroop,1388
arithmetic:s09:r2,extra_trees,1,0.0140445377796928,0.9859554622203072,9,arithmetic_to_stroop,1388
arithmetic:s09:r3,extra_trees,1,0.5602534514677874,0.4397465485322125,9,arithmetic_to_stroop,1388
arithmetic:s09:r0,always_nn,0,0.4532935754327023,0.5467064245672977,9,arithmetic_to_stroop,1441
arithmetic:s09:r1,always_nn,0,0.0020691583895744,0.9979308416104256,9,arithmetic_to_stroop,1441
arithmetic:s09:r2,always_nn,1,0.0015156238836731,0.9984843761163268,9,arithmetic_to_stroop,1441
arithmetic:s09:r3,always_nn,1,0.2364558490289874,0.7635441509710126,9,arithmetic_to_stroop,1441
arithmetic:s09:r0,rf,0,0.6278356006634899,0.37216439933651,9,arithmetic_to_stroop,1441
arithmetic:s09:r1,rf,0,2.993481739556566e-07,0.999999700651826,9,arithmetic_to_stroop,1441
arithmetic:s09:r2,rf,1,1.510443263588411e-05,0.999984895567364,9,arithmetic_to_stroop,1441
arithmetic:s09:r3,rf,1,0.5077131423512904,0.4922868576487095,9,arithmetic_to_stroop,1441
arithmetic:s09:r0,extra_trees,0,0.6451988674632161,0.3548011325367839,9,arithmetic_to_stroop,1441
arithmetic:s09:r1,extra_trees,0,0.0057787617960653,0.9942212382039346,9,arithmetic_to_stroop,1441
arithmetic:s09:r2,extra_trees,1,0.014060977065718,0.985939022934282,9,arithmetic_to_stroop,1441
arithmetic:s09:r3,extra_trees,1,0.5732903446822549,0.4267096553177451,9,arithmetic_to_stroop,1441
arithmetic:s09:r0,always_nn,0,0.717501805626638,0.282498194373362,9,arithmetic_to_stroop,1494
arithmetic:s09:r1,always_nn,0,0.0009191676742718,0.999080832325728,9,arithmetic_to_stroop,1494
arithmetic:s09:r2,always_nn,1,0.0008670373511799,0.99913296264882,9,arithmetic_to_stroop,1494
arithmetic:s09:r3,always_nn,1,0.6334709030682125,0.3665290969317876,9,arithmetic_to_stroop,1494
arithmetic:s09:r0,rf,0,0.6354350133954129,0.3645649866045871,9,arithmetic_to_stroop,1494
arithmetic:s09:r1,rf,0,2.475985936080644e-06,0.999997524014064,9,arithmetic_to_stroop,1494
arithmetic:s09:r2,rf,1,1.958357511414781e-05,0.999980416424886,9,arithmetic_to_stroop,1494
arithmetic:s09:r3,rf,1,0.506787168835651,0.493212831164349,9,arithmetic_to_stroop,1494
arithmetic:s09:r0,extra_trees,0,0.6323481224550807,0.3676518775449193,9,arithmetic_to_stroop,1494
arithmetic:s09:r1,extra_trees,0,0.0082756485618049,0.9917243514381948,9,arithmetic_to_stroop,1494
arithmetic:s09:r2,extra_trees,1,0.0108514104200839,0.989148589579916,9,arithmetic_to_stroop,1494
arithmetic:s09:r3,extra_trees,1,0.5548617832847802,0.4451382167152199,9,arithmetic_to_stroop,1494
arithmetic:s09:r0,always_nn,0,0.1387396257539244,0.8612603742460756,9,arithmetic_to_stroop,1547
arithmetic:s09:r1,always_nn,0,0.1935364787942085,0.8064635212057916,9,arithmetic_to_stroop,1547
arithmetic:s09:r2,always_nn,1,0.6856601803849612,0.3143398196150388,9,arithmetic_to_stroop,1547
arithmetic:s09:r3,always_nn,1,0.4516907801907076,0.5483092198092924,9,arithmetic_to_stroop,1547
arithmetic:s09:r0,rf,0,0.170322782928015,0.8296772170719849,9,arithmetic_to_stroop,1547
arithmetic:s09:r1,rf,0,0.0003151964117018,0.9996848035882984,9,arithmetic_to_stroop,1547
arithmetic:s09:r2,rf,1,0.387494239696823,0.612505760303177,9,arithmetic_to_stroop,1547
arithmetic:s09:r3,rf,1,0.0027159811775714,0.9972840188224288,9,arithmetic_to_stroop,1547
arithmetic:s09:r0,extra_trees,0,0.1344892542498832,0.8655107457501168,9,arithmetic_to_stroop,1547
arithmetic:s09:r1,extra_trees,0,0.0148861867639067,0.9851138132360931,9,arithmetic_to_stroop,1547
arithmetic:s09:r2,extra_trees,1,0.4122091397059256,0.5877908602940743,9,arithmetic_to_stroop,1547
arithmetic:s09:r3,extra_trees,1,0.0757566348488424,0.9242433651511576,9,arithmetic_to_stroop,1547
arithmetic:s10:r0,always_nn,0,0.1592665640300934,0.8407334359699065,10,arithmetic_to_stroop,1335
arithmetic:s10:r1,always_nn,0,0.1045591014561111,0.8954408985438889,10,arithmetic_to_stroop,1335
arithmetic:s10:r2,always_nn,1,0.4957007669382651,0.5042992330617349,10,arithmetic_to_stroop,1335
arithmetic:s10:r3,always_nn,1,0.2015334445213026,0.7984665554786975,10,arithmetic_to_stroop,1335
arithmetic:s10:r0,rf,0,0.2379171905329806,0.7620828094670193,10,arithmetic_to_stroop,1335
arithmetic:s10:r1,rf,0,0.0368788934904097,0.9631211065095904,10,arithmetic_to_stroop,1335
arithmetic:s10:r2,rf,1,0.4136883488585668,0.5863116511414331,10,arithmetic_to_stroop,1335
arithmetic:s10:r3,rf,1,0.0409068286951068,0.9590931713048932,10,arithmetic_to_stroop,1335
arithmetic:s10:r0,extra_trees,0,0.2577416573786766,0.7422583426213234,10,arithmetic_to_stroop,1335
arithmetic:s10:r1,extra_trees,0,0.1268287649860061,0.8731712350139939,10,arithmetic_to_stroop,1335
arithmetic:s10:r2,extra_trees,1,0.3706990648435101,0.6293009351564899,10,arithmetic_to_stroop,1335
arithmetic:s10:r3,extra_trees,1,0.1299804027154742,0.8700195972845257,10,arithmetic_to_stroop,1335
arithmetic:s10:r0,always_nn,0,0.4433497958344217,0.5566502041655782,10,arithmetic_to_stroop,1388
arithmetic:s10:r1,always_nn,0,0.0929888609234612,0.9070111390765389,10,arithmetic_to_stroop,1388
arithmetic:s10:r2,always_nn,1,0.1842896501331289,0.815710349866871,10,arithmetic_to_stroop,1388
arithmetic:s10:r3,always_nn,1,0.4236479855169666,0.5763520144830333,10,arithmetic_to_stroop,1388
arithmetic:s10:r0,rf,0,0.6134754937179127,0.3865245062820873,10,arithmetic_to_stroop,1388
arithmetic:s10:r1,rf,0,0.0305000279894783,0.9694999720105216,10,arithmetic_to_stroop,1388
arithmetic:s10:r2,rf,1,0.0218392083199108,0.9781607916800892,10,arithmetic_to_stroop,1388
arithmetic:s10:r3,rf,1,0.4037437231119208,0.5962562768880791,10,arithmetic_to_stroop,1388
arithmetic:s10:r0,extra_trees,0,0.5057715948352002,0.4942284051647999,10,arithmetic_to_stroop,1388
arithmetic:s10:r1,extra_trees,0,0.1525875528280926,0.8474124471719073,10,arithmetic_to_stroop,1388
arithmetic:s10:r2,extra_trees,1,0.1572995548242956,0.8427004451757044,10,arithmetic_to_stroop,1388
arithmetic:s10:r3,extra_trees,1,0.4192254556135756,0.5807745443864244,10,arithmetic_to_stroop,1388
arithmetic:s10:r0,always_nn,0,0.4880170702482923,0.5119829297517078,10,arithmetic_to_stroop,1441
arithmetic:s10:r1,always_nn,0,0.1479835428487746,0.8520164571512253,10,arithmetic_to_stroop,1441
arithmetic:s10:r2,always_nn,1,0.1841689790049409,0.815831020995059,10,arithmetic_to_stroop,1441
arithmetic:s10:r3,always_nn,1,0.4231444681345806,0.5768555318654194,10,arithmetic_to_stroop,1441
arithmetic:s10:r0,rf,0,0.6030356355125229,0.396964364487477,10,arithmetic_to_stroop,1441
arithmetic:s10:r1,rf,0,0.0298672822311737,0.9701327177688264,10,arithmetic_to_stroop,1441
arithmetic:s10:r2,rf,1,0.0386154709848027,0.9613845290151972,10,arithmetic_to_stroop,1441
arithmetic:s10:r3,rf,1,0.4006564242156427,0.5993435757843572,10,arithmetic_to_stroop,1441
arithmetic:s10:r0,extra_trees,0,0.5044343674126083,0.4955656325873916,10,arithmetic_to_stroop,1441
arithmetic:s10:r1,extra_trees,0,0.1431986037307212,0.8568013962692788,10,arithmetic_to_stroop,1441
arithmetic:s10:r2,extra_trees,1,0.1450588088930115,0.8549411911069885,10,arithmetic_to_stroop,1441
arithmetic:s10:r3,extra_trees,1,0.4263421070421399,0.5736578929578601,10,arithmetic_to_stroop,1441
arithmetic:s10:r0,always_nn,0,0.3365691875286682,0.6634308124713317,10,arithmetic_to_stroop,1494
arithmetic:s10:r1,always_nn,0,0.0671782018803838,0.9328217981196162,10,arithmetic_to_stroop,1494
arithmetic:s10:r2,always_nn,1,0.1097277605740707,0.8902722394259293,10,arithmetic_to_stroop,1494
arithmetic:s10:r3,always_nn,1,0.4426346665739141,0.557365333426086,10,arithmetic_to_stroop,1494
arithmetic:s10:r0,rf,0,0.6176224723027974,0.3823775276972025,10,arithmetic_to_stroop,1494
arithmetic:s10:r1,rf,0,0.0294596145218158,0.970540385478184,10,arithmetic_to_stroop,1494
arithmetic:s10:r2,rf,1,0.0274081333569185,0.9725918666430814,10,arithmetic_to_stroop,1494
arithmetic:s10:r3,rf,1,0.393305000435959,0.6066949995640409,10,arithmetic_to_stroop,1494
arithmetic:s10:r0,extra_trees,0,0.5186422185198041,0.4813577814801959,10,arithmetic_to_stroop,1494
arithmetic:s10:r1,extra_trees,0,0.1502070929856235,0.8497929070143765,10,arithmetic_to_stroop,1494
arithmetic:s10:r2,extra_trees,1,0.1551691486123921,0.8448308513876078,10,arithmetic_to_stroop,1494
arithmetic:s10:r3,extra_trees,1,0.4178732037996603,0.5821267962003397,10,arithmetic_to_stroop,1494
arithmetic:s10:r0,always_nn,0,0.1588669276898165,0.8411330723101834,10,arithmetic_to_stroop,1547
arithmetic:s10:r1,always_nn,0,0.0896957096114384,0.9103042903885616,10,arithmetic_to_stroop,1547
arithmetic:s10:r2,always_nn,1,0.5077998295723507,0.4922001704276494,10,arithmetic_to_stroop,1547
arithmetic:s10:r3,always_nn,1,0.1020493704486354,0.8979506295513645,10,arithmetic_to_stroop,1547
arithmetic:s10:r0,rf,0,0.2274271098216349,0.7725728901783651,10,arithmetic_to_stroop,1547
arithmetic:s10:r1,rf,0,0.03206645622284,0.96793354377716,10,arithmetic_to_stroop,1547
arithmetic:s10:r2,rf,1,0.4096877607477807,0.5903122392522193,10,arithmetic_to_stroop,1547
arithmetic:s10:r3,rf,1,0.0422660146256391,0.9577339853743608,10,arithmetic_to_stroop,1547
arithmetic:s10:r0,extra_trees,0,0.2764428361373816,0.7235571638626185,10,arithmetic_to_stroop,1547
arithmetic:s10:r1,extra_trees,0,0.1234426768120859,0.876557323187914,10,arithmetic_to_stroop,1547
arithmetic:s10:r2,extra_trees,1,0.3644384287815949,0.6355615712184052,10,arithmetic_to_stroop,1547
arithmetic:s10:r3,extra_trees,1,0.1241161021292117,0.8758838978707882,10,arithmetic_to_stroop,1547
arithmetic:s11:r0,always_nn,0,0.2365250154830708,0.7634749845169291,11,arithmetic_to_stroop,1335
arithmetic:s11:r1,always_nn,0,0.0210432537003211,0.9789567462996788,11,arithmetic_to_stroop,1335
arithmetic:s11:r2,always_nn,1,0.6128012497032562,0.3871987502967438,11,arithmetic_to_stroop,1335
arithmetic:s11:r3,always_nn,1,0.0143298225223603,0.9856701774776396,11,arithmetic_to_stroop,1335
arithmetic:s11:r0,rf,0,0.3987373610852419,0.601262638914758,11,arithmetic_to_stroop,1335
arithmetic:s11:r1,rf,0,0.0070684388740473,0.9929315611259526,11,arithmetic_to_stroop,1335
arithmetic:s11:r2,rf,1,0.4501142678997928,0.5498857321002071,11,arithmetic_to_stroop,1335
arithmetic:s11:r3,rf,1,0.0281746835405191,0.9718253164594808,11,arithmetic_to_stroop,1335
arithmetic:s11:r0,extra_trees,0,0.3274657888316758,0.6725342111683241,11,arithmetic_to_stroop,1335
arithmetic:s11:r1,extra_trees,0,0.0666933966978567,0.9333066033021432,11,arithmetic_to_stroop,1335
arithmetic:s11:r2,extra_trees,1,0.4863098939469056,0.5136901060530943,11,arithmetic_to_stroop,1335
arithmetic:s11:r3,extra_trees,1,0.0753159087826258,0.9246840912173742,11,arithmetic_to_stroop,1335
arithmetic:s11:r0,always_nn,0,0.3437419409348032,0.6562580590651967,11,arithmetic_to_stroop,1388
arithmetic:s11:r1,always_nn,0,0.0236089744144074,0.9763910255855924,11,arithmetic_to_stroop,1388
arithmetic:s11:r2,always_nn,1,0.0229066786564038,0.9770933213435962,11,arithmetic_to_stroop,1388
arithmetic:s11:r3,always_nn,1,0.3513767475925364,0.6486232524074635,11,arithmetic_to_stroop,1388
arithmetic:s11:r0,rf,0,0.4549456588514874,0.5450543411485126,11,arithmetic_to_stroop,1388
arithmetic:s11:r1,rf,0,0.0028036994260474,0.9971963005739526,11,arithmetic_to_stroop,1388
arithmetic:s11:r2,rf,1,0.0002529026067144,0.9997470973932856,11,arithmetic_to_stroop,1388
arithmetic:s11:r3,rf,1,0.5922978617172953,0.4077021382827046,11,arithmetic_to_stroop,1388
arithmetic:s11:r0,extra_trees,0,0.4022486788648723,0.5977513211351277,11,arithmetic_to_stroop,1388
arithmetic:s11:r1,extra_trees,0,0.0697474185921506,0.9302525814078494,11,arithmetic_to_stroop,1388
arithmetic:s11:r2,extra_trees,1,0.0494773924707027,0.9505226075292972,11,arithmetic_to_stroop,1388
arithmetic:s11:r3,extra_trees,1,0.5285175226554506,0.4714824773445493,11,arithmetic_to_stroop,1388
arithmetic:s11:r0,always_nn,0,0.2629488321173269,0.7370511678826731,11,arithmetic_to_stroop,1441
arithmetic:s11:r1,always_nn,0,0.0467358380536095,0.9532641619463904,11,arithmetic_to_stroop,1441
arithmetic:s11:r2,always_nn,1,0.0362086212250178,0.9637913787749822,11,arithmetic_to_stroop,1441
arithmetic:s11:r3,always_nn,1,0.4934845963842026,0.5065154036157973,11,arithmetic_to_stroop,1441
arithmetic:s11:r0,rf,0,0.4635891748054307,0.5364108251945693,11,arithmetic_to_stroop,1441
arithmetic:s11:r1,rf,0,0.0011218321779816,0.9988781678220184,11,arithmetic_to_stroop,1441
arithmetic:s11:r2,rf,1,8.65901734614462e-05,0.9999134098265384,11,arithmetic_to_stroop,1441
arithmetic:s11:r3,rf,1,0.5985511516602285,0.4014488483397714,11,arithmetic_to_stroop,1441
arithmetic:s11:r0,extra_trees,0,0.4273066777291181,0.5726933222708819,11,arithmetic_to_stroop,1441
arithmetic:s11:r1,extra_trees,0,0.0669407960022983,0.9330592039977016,11,arithmetic_to_stroop,1441
arithmetic:s11:r2,extra_trees,1,0.0341914229977957,0.9658085770022043,11,arithmetic_to_stroop,1441
arithmetic:s11:r3,extra_trees,1,0.5295551246792785,0.4704448753207215,11,arithmetic_to_stroop,1441
arithmetic:s11:r0,always_nn,0,0.3183773923459054,0.6816226076540945,11,arithmetic_to_stroop,1494
arithmetic:s11:r1,always_nn,0,0.0993641874574325,0.9006358125425675,11,arithmetic_to_stroop,1494
arithmetic:s11:r2,always_nn,1,0.0600507339855738,0.9399492660144262,11,arithmetic_to_stroop,1494
arithmetic:s11:r3,always_nn,1,0.4105544087262325,0.5894455912737675,11,arithmetic_to_stroop,1494
arithmetic:s11:r0,rf,0,0.4768797754906084,0.5231202245093917,11,arithmetic_to_stroop,1494
arithmetic:s11:r1,rf,0,0.0028359211099482,0.9971640788900517,11,arithmetic_to_stroop,1494
arithmetic:s11:r2,rf,1,0.000787214496297,0.999212785503703,11,arithmetic_to_stroop,1494
arithmetic:s11:r3,rf,1,0.5941205760528211,0.4058794239471789,11,arithmetic_to_stroop,1494
arithmetic:s11:r0,extra_trees,0,0.4161024042424208,0.5838975957575792,11,arithmetic_to_stroop,1494
arithmetic:s11:r1,extra_trees,0,0.0650986836405286,0.9349013163594714,11,arithmetic_to_stroop,1494
arithmetic:s11:r2,extra_trees,1,0.0497211132983493,0.9502788867016506,11,arithmetic_to_stroop,1494
arithmetic:s11:r3,extra_trees,1,0.531401578661594,0.468598421338406,11,arithmetic_to_stroop,1494
arithmetic:s11:r0,always_nn,0,0.2431985496510181,0.7568014503489819,11,arithmetic_to_stroop,1547
arithmetic:s11:r1,always_nn,0,0.2839790112470903,0.7160209887529098,11,arithmetic_to_stroop,1547
arithmetic:s11:r2,always_nn,1,0.5947713069091158,0.405228693090884,11,arithmetic_to_stroop,1547
arithmetic:s11:r3,always_nn,1,0.1702693534560005,0.8297306465439995,11,arithmetic_to_stroop,1547
arithmetic:s11:r0,rf,0,0.3968326559591663,0.6031673440408337,11,arithmetic_to_stroop,1547
arithmetic:s11:r1,rf,0,0.0044621688921037,0.9955378311078964,11,arithmetic_to_stroop,1547
arithmetic:s11:r2,rf,1,0.4538526534094301,0.5461473465905698,11,arithmetic_to_stroop,1547
arithmetic:s11:r3,rf,1,0.0282004070224371,0.9717995929775628,11,arithmetic_to_stroop,1547
arithmetic:s11:r0,extra_trees,0,0.3091581922286449,0.6908418077713551,11,arithmetic_to_stroop,1547
arithmetic:s11:r1,extra_trees,0,0.0723012083777379,0.927698791622262,11,arithmetic_to_stroop,1547
arithmetic:s11:r2,extra_trees,1,0.4843136986950912,0.5156863013049088,11,arithmetic_to_stroop,1547
arithmetic:s11:r3,extra_trees,1,0.0713270161430508,0.9286729838569492,11,arithmetic_to_stroop,1547
arithmetic:s12:r0,always_nn,0,0.9617787243683577,0.0382212756316422,12,arithmetic_to_stroop,1335
arithmetic:s12:r1,always_nn,0,0.032870707878773,0.967129292121227,12,arithmetic_to_stroop,1335
arithmetic:s12:r2,always_nn,1,0.0535013793013346,0.9464986206986654,12,arithmetic_to_stroop,1335
arithmetic:s12:r3,always_nn,1,0.0410867366773466,0.9589132633226536,12,arithmetic_to_stroop,1335
arithmetic:s12:r0,rf,0,0.137583956514836,0.862416043485164,12,arithmetic_to_stroop,1335
arithmetic:s12:r1,rf,0,0.0209517916668681,0.9790482083331318,12,arithmetic_to_stroop,1335
arithmetic:s12:r2,rf,1,0.810415263230233,0.189584736769767,12,arithmetic_to_stroop,1335
arithmetic:s12:r3,rf,1,0.1995002835113796,0.8004997164886204,12,arithmetic_to_stroop,1335
arithmetic:s12:r0,extra_trees,0,0.3128570790681899,0.6871429209318101,12,arithmetic_to_stroop,1335
arithmetic:s12:r1,extra_trees,0,0.0808422576594765,0.9191577423405234,12,arithmetic_to_stroop,1335
arithmetic:s12:r2,extra_trees,1,0.6023041495538997,0.3976958504461003,12,arithmetic_to_stroop,1335
arithmetic:s12:r3,extra_trees,1,0.1936348840036821,0.8063651159963178,12,arithmetic_to_stroop,1335
arithmetic:s12:r0,always_nn,0,0.6512295045600499,0.34877049543995,12,arithmetic_to_stroop,1388
arithmetic:s12:r1,always_nn,0,0.0051358165713899,0.99486418342861,12,arithmetic_to_stroop,1388
arithmetic:s12:r2,always_nn,1,0.0217223544114604,0.9782776455885396,12,arithmetic_to_stroop,1388
arithmetic:s12:r3,always_nn,1,0.6796528959247601,0.32034710407524,12,arithmetic_to_stroop,1388
arithmetic:s12:r0,rf,0,0.1192577001136007,0.8807422998863992,12,arithmetic_to_stroop,1388
arithmetic:s12:r1,rf,0,0.148480379073692,0.851519620926308,12,arithmetic_to_stroop,1388
arithmetic:s12:r2,rf,1,0.2329503722784842,0.7670496277215157,12,arithmetic_to_stroop,1388
arithmetic:s12:r3,rf,1,0.2114878275166401,0.7885121724833598,12,arithmetic_to_stroop,1388
arithmetic:s12:r0,extra_trees,0,0.1836100943531336,0.8163899056468663,12,arithmetic_to_stroop,1388
arithmetic:s12:r1,extra_trees,0,0.1733370061188734,0.8266629938811266,12,arithmetic_to_stroop,1388
arithmetic:s12:r2,extra_trees,1,0.2333203598066694,0.7666796401933306,12,arithmetic_to_stroop,1388
arithmetic:s12:r3,extra_trees,1,0.4183163746122161,0.5816836253877837,12,arithmetic_to_stroop,1388
arithmetic:s12:r0,always_nn,0,0.3042728510582047,0.6957271489417953,12,arithmetic_to_stroop,1441
arithmetic:s12:r1,always_nn,0,0.0022650874008094,0.9977349125991906,12,arithmetic_to_stroop,1441
arithmetic:s12:r2,always_nn,1,0.009088897172871,0.9909111028271288,12,arithmetic_to_stroop,1441
arithmetic:s12:r3,always_nn,1,0.6580599256707731,0.3419400743292268,12,arithmetic_to_stroop,1441
arithmetic:s12:r0,rf,0,0.143154563906281,0.856845436093719,12,arithmetic_to_stroop,1441
arithmetic:s12:r1,rf,0,0.1225220039712009,0.8774779960287991,12,arithmetic_to_stroop,1441
arithmetic:s12:r2,rf,1,0.211209711261937,0.7887902887380629,12,arithmetic_to_stroop,1441
arithmetic:s12:r3,rf,1,0.2116871095152383,0.7883128904847616,12,arithmetic_to_stroop,1441
arithmetic:s12:r0,extra_trees,0,0.166080919198245,0.8339190808017549,12,arithmetic_to_stroop,1441
arithmetic:s12:r1,extra_trees,0,0.1724313100515459,0.827568689948454,12,arithmetic_to_stroop,1441
arithmetic:s12:r2,extra_trees,1,0.2264269697808098,0.7735730302191902,12,arithmetic_to_stroop,1441
arithmetic:s12:r3,extra_trees,1,0.4096562385625313,0.5903437614374687,12,arithmetic_to_stroop,1441
arithmetic:s12:r0,always_nn,0,0.2244408195133045,0.7755591804866955,12,arithmetic_to_stroop,1494
arithmetic:s12:r1,always_nn,0,0.0107699628625615,0.9892300371374384,12,arithmetic_to_stroop,1494
arithmetic:s12:r2,always_nn,1,0.0299393475258677,0.9700606524741322,12,arithmetic_to_stroop,1494
arithmetic:s12:r3,always_nn,1,0.3646747245609369,0.6353252754390631,12,arithmetic_to_stroop,1494
arithmetic:s12:r0,rf,0,0.1305335048721318,0.8694664951278682,12,arithmetic_to_stroop,1494
arithmetic:s12:r1,rf,0,0.1523512596676454,0.8476487403323545,12,arithmetic_to_stroop,1494
arithmetic:s12:r2,rf,1,0.2333112642511637,0.7666887357488363,12,arithmetic_to_stroop,1494
arithmetic:s12:r3,rf,1,0.2194045163794682,0.7805954836205318,12,arithmetic_to_stroop,1494
arithmetic:s12:r0,extra_trees,0,0.1873359690287406,0.8126640309712594,12,arithmetic_to_stroop,1494
arithmetic:s12:r1,extra_trees,0,0.1640651771801437,0.8359348228198563,12,arithmetic_to_stroop,1494
arithmetic:s12:r2,extra_trees,1,0.233639397843708,0.7663606021562919,12,arithmetic_to_stroop,1494
arithmetic:s12:r3,extra_trees,1,0.4176420832414132,0.5823579167585868,12,arithmetic_to_stroop,1494
arithmetic:s12:r0,always_nn,0,0.5008814078066355,0.4991185921933644,12,arithmetic_to_stroop,1547
arithmetic:s12:r1,always_nn,0,0.0050410093175068,0.994958990682493,12,arithmetic_to_stroop,1547
arithmetic:s12:r2,always_nn,1,0.44685079370523,0.5531492062947699,12,arithmetic_to_stroop,1547
arithmetic:s12:r3,always_nn,1,0.0149049796542689,0.9850950203457308,12,arithmetic_to_stroop,1547
arithmetic:s12:r0,rf,0,0.1466028786238906,0.8533971213761095,12,arithmetic_to_stroop,1547
arithmetic:s12:r1,rf,0,0.0452624848969661,0.954737515103034,12,arithmetic_to_stroop,1547
arithmetic:s12:r2,rf,1,0.792866776487946,0.207133223512054,12,arithmetic_to_stroop,1547
arithmetic:s12:r3,rf,1,0.2188845551829117,0.7811154448170883,12,arithmetic_to_stroop,1547
arithmetic:s12:r0,extra_trees,0,0.3267982425566483,0.6732017574433516,12,arithmetic_to_stroop,1547
arithmetic:s12:r1,extra_trees,0,0.0862604769868028,0.9137395230131972,12,arithmetic_to_stroop,1547
arithmetic:s12:r2,extra_trees,1,0.618490689241649,0.381509310758351,12,arithmetic_to_stroop,1547
arithmetic:s12:r3,extra_trees,1,0.2002121817262908,0.799787818273709,12,arithmetic_to_stroop,1547
arithmetic:s13:r0,always_nn,0,0.4353366860247958,0.5646633139752042,13,arithmetic_to_stroop,1335
arithmetic:s13:r1,always_nn,0,0.027024376198022,0.972975623801978,13,arithmetic_to_stroop,1335
arithmetic:s13:r2,always_nn,1,0.0409077932801668,0.9590922067198332,13,arithmetic_to_stroop,1335
arithmetic:s13:r3,always_nn,1,0.0282864399109906,0.9717135600890092,13,arithmetic_to_stroop,1335
arithmetic:s13:r0,rf,0,0.3505549257415266,0.6494450742584734,13,arithmetic_to_stroop,1335
arithmetic:s13:r1,rf,0,0.0493871724364881,0.9506128275635118,13,arithmetic_to_stroop,1335
arithmetic:s13:r2,rf,1,0.1846063737917244,0.8153936262082756,13,arithmetic_to_stroop,1335
arithmetic:s13:r3,rf,1,0.057760370115077,0.9422396298849228,13,arithmetic_to_stroop,1335
arithmetic:s13:r0,extra_trees,0,0.2944016279505033,0.7055983720494967,13,arithmetic_to_stroop,1335
arithmetic:s13:r1,extra_trees,0,0.0606644436181452,0.9393355563818548,13,arithmetic_to_stroop,1335
arithmetic:s13:r2,extra_trees,1,0.2696342311800408,0.7303657688199593,13,arithmetic_to_stroop,1335
arithmetic:s13:r3,extra_trees,1,0.052597580700527,0.947402419299473,13,arithmetic_to_stroop,1335
arithmetic:s13:r0,always_nn,0,0.0619392189151021,0.938060781084898,13,arithmetic_to_stroop,1388
arithmetic:s13:r1,always_nn,0,0.013496509193586,0.986503490806414,13,arithmetic_to_stroop,1388
arithmetic:s13:r2,always_nn,1,0.024088494429341,0.975911505570659,13,arithmetic_to_stroop,1388
arithmetic:s13:r3,always_nn,1,0.3223818065546485,0.6776181934453515,13,arithmetic_to_stroop,1388
arithmetic:s13:r0,rf,0,0.4166455387455667,0.5833544612544332,13,arithmetic_to_stroop,1388
arithmetic:s13:r1,rf,0,0.0255104762913198,0.9744895237086802,13,arithmetic_to_stroop,1388
arithmetic:s13:r2,rf,1,0.0061443285227839,0.993855671477216,13,arithmetic_to_stroop,1388
arithmetic:s13:r3,rf,1,0.3601138970922967,0.6398861029077033,13,arithmetic_to_stroop,1388
arithmetic:s13:r0,extra_trees,0,0.3075273370486864,0.6924726629513136,13,arithmetic_to_stroop,1388
arithmetic:s13:r1,extra_trees,0,0.09960265444074,0.90039734555926,13,arithmetic_to_stroop,1388
arithmetic:s13:r2,extra_trees,1,0.078650778717211,0.921349221282789,13,arithmetic_to_stroop,1388
arithmetic:s13:r3,extra_trees,1,0.3683105805894924,0.6316894194105076,13,arithmetic_to_stroop,1388
arithmetic:s13:r0,always_nn,0,0.0418994791931868,0.9581005208068132,13,arithmetic_to_stroop,1441
arithmetic:s13:r1,always_nn,0,0.0132178120674756,0.9867821879325244,13,arithmetic_to_stroop,1441
arithmetic:s13:r2,always_nn,1,0.0326356879347423,0.9673643120652576,13,arithmetic_to_stroop,1441
arithmetic:s13:r3,always_nn,1,0.2577733937470799,0.74222660625292,13,arithmetic_to_stroop,1441
arithmetic:s13:r0,rf,0,0.420226170838558,0.579773829161442,13,arithmetic_to_stroop,1441
arithmetic:s13:r1,rf,0,0.0113982252312761,0.988601774768724,13,arithmetic_to_stroop,1441
arithmetic:s13:r2,rf,1,0.0094177207749126,0.9905822792250872,13,arithmetic_to_stroop,1441
arithmetic:s13:r3,rf,1,0.3632396148693365,0.6367603851306634,13,arithmetic_to_stroop,1441
arithmetic:s13:r0,extra_trees,0,0.3004546395386074,0.6995453604613925,13,arithmetic_to_stroop,1441
arithmetic:s13:r1,extra_trees,0,0.0996263420948976,0.9003736579051023,13,arithmetic_to_stroop,1441
arithmetic:s13:r2,extra_trees,1,0.063194983484725,0.9368050165152748,13,arithmetic_to_stroop,1441
arithmetic:s13:r3,extra_trees,1,0.3488667629389581,0.6511332370610419,13,arithmetic_to_stroop,1441
arithmetic:s13:r0,always_nn,0,0.0749481423371678,0.9250518576628322,13,arithmetic_to_stroop,1494
arithmetic:s13:r1,always_nn,0,0.0179785494110047,0.9820214505889954,13,arithmetic_to_stroop,1494
arithmetic:s13:r2,always_nn,1,0.0331761297640861,0.9668238702359138,13,arithmetic_to_stroop,1494
arithmetic:s13:r3,always_nn,1,0.3620886946907224,0.6379113053092776,13,arithmetic_to_stroop,1494
arithmetic:s13:r0,rf,0,0.4259924674931939,0.574007532506806,13,arithmetic_to_stroop,1494
arithmetic:s13:r1,rf,0,0.0077080547590212,0.9922919452409787,13,arithmetic_to_stroop,1494
arithmetic:s13:r2,rf,1,0.0048055012735007,0.9951944987264992,13,arithmetic_to_stroop,1494
arithmetic:s13:r3,rf,1,0.3045046109248179,0.695495389075182,13,arithmetic_to_stroop,1494
arithmetic:s13:r0,extra_trees,0,0.3135152386986146,0.6864847613013852,13,arithmetic_to_stroop,1494
arithmetic:s13:r1,extra_trees,0,0.1106976159979736,0.8893023840020263,13,arithmetic_to_stroop,1494
arithmetic:s13:r2,extra_trees,1,0.0807485466109534,0.9192514533890463,13,arithmetic_to_stroop,1494
arithmetic:s13:r3,extra_trees,1,0.3558760061107933,0.6441239938892066,13,arithmetic_to_stroop,1494
arithmetic:s13:r0,always_nn,0,0.999998772500462,1.2274995379972568e-06,13,arithmetic_to_stroop,1547
arithmetic:s13:r1,always_nn,0,0.0200898505414825,0.9799101494585176,13,arithmetic_to_stroop,1547
arithmetic:s13:r2,always_nn,1,2.2249868512631678e-06,0.9999977750131488,13,arithmetic_to_stroop,1547
arithmetic:s13:r3,always_nn,1,0.0145223005516234,0.9854776994483766,13,arithmetic_to_stroop,1547
arithmetic:s13:r0,rf,0,0.3399733318242997,0.6600266681757002,13,arithmetic_to_stroop,1547
arithmetic:s13:r1,rf,0,0.0433130170490141,0.956686982950986,13,arithmetic_to_stroop,1547
arithmetic:s13:r2,rf,1,0.1841643681804786,0.8158356318195215,13,arithmetic_to_stroop,1547
arithmetic:s13:r3,rf,1,0.0498084008085234,0.9501915991914764,13,arithmetic_to_stroop,1547
arithmetic:s13:r0,extra_trees,0,0.2711312372241494,0.7288687627758506,13,arithmetic_to_stroop,1547
arithmetic:s13:r1,extra_trees,0,0.0543157780198507,0.9456842219801492,13,arithmetic_to_stroop,1547
arithmetic:s13:r2,extra_trees,1,0.2635008895613028,0.7364991104386971,13,arithmetic_to_stroop,1547
arithmetic:s13:r3,extra_trees,1,0.0461527416710492,0.9538472583289508,13,arithmetic_to_stroop,1547
stroop:s01:r0,always_nn,0,0.8030489413949377,0.1969510586050622,1,stroop_to_arithmetic,1335
stroop:s01:r1,always_nn,0,0.0153794702307124,0.9846205297692876,1,stroop_to_arithmetic,1335
stroop:s01:r2,always_nn,1,0.7923974106265027,0.2076025893734973,1,stroop_to_arithmetic,1335
stroop:s01:r3,always_nn,1,0.007009207756276,0.992990792243724,1,stroop_to_arithmetic,1335
stroop:s01:r0,rf,0,0.8115273652058016,0.1884726347941984,1,stroop_to_arithmetic,1335
stroop:s01:r1,rf,0,0.0091709894308628,0.9908290105691372,1,stroop_to_arithmetic,1335
stroop:s01:r2,rf,1,0.7729220541240227,0.2270779458759773,1,stroop_to_arithmetic,1335
stroop:s01:r3,rf,1,0.0036170337925982,0.9963829662074016,1,stroop_to_arithmetic,1335
stroop:s01:r0,extra_trees,0,0.8346592649878636,0.1653407350121364,1,stroop_to_arithmetic,1335
stroop:s01:r1,extra_trees,0,0.0350407456336091,0.964959254366391,1,stroop_to_arithmetic,1335
stroop:s01:r2,extra_trees,1,0.7154126230475821,0.2845873769524179,1,stroop_to_arithmetic,1335
stroop:s01:r3,extra_trees,1,0.0227839872600219,0.977216012739978,1,stroop_to_arithmetic,1335
stroop:s01:r0,always_nn,0,0.1548488968621151,0.845151103137885,1,stroop_to_arithmetic,1388
stroop:s01:r1,always_nn,0,0.009028522240279,0.9909714777597208,1,stroop_to_arithmetic,1388
stroop:s01:r2,always_nn,1,0.0293713897231037,0.9706286102768962,1,stroop_to_arithmetic,1388
stroop:s01:r3,always_nn,1,0.6507447010052407,0.3492552989947592,1,stroop_to_arithmetic,1388
stroop:s01:r0,rf,0,0.2623502275455093,0.7376497724544906,1,stroop_to_arithmetic,1388
stroop:s01:r1,rf,0,0.0021852221766178,0.997814777823382,1,stroop_to_arithmetic,1388
stroop:s01:r2,rf,1,0.0178036112214175,0.9821963887785824,1,stroop_to_arithmetic,1388
stroop:s01:r3,rf,1,0.629154354869059,0.3708456451309409,1,stroop_to_arithmetic,1388
stroop:s01:r0,extra_trees,0,0.289481958548598,0.710518041451402,1,stroop_to_arithmetic,1388
stroop:s01:r1,extra_trees,0,0.0270449202664395,0.9729550797335604,1,stroop_to_arithmetic,1388
stroop:s01:r2,extra_trees,1,0.1088878206275143,0.8911121793724855,1,stroop_to_arithmetic,1388
stroop:s01:r3,extra_trees,1,0.6014879620305758,0.3985120379694243,1,stroop_to_arithmetic,1388
stroop:s01:r0,always_nn,0,0.1786489351993881,0.8213510648006119,1,stroop_to_arithmetic,1441
stroop:s01:r1,always_nn,0,0.0170543481579113,0.9829456518420886,1,stroop_to_arithmetic,1441
stroop:s01:r2,always_nn,1,0.0545973966421973,0.9454026033578026,1,stroop_to_arithmetic,1441
stroop:s01:r3,always_nn,1,0.6758226280476266,0.3241773719523733,1,stroop_to_arithmetic,1441
stroop:s01:r0,rf,0,0.2691593440129897,0.7308406559870102,1,stroop_to_arithmetic,1441
stroop:s01:r1,rf,0,0.0073964094413572,0.9926035905586428,1,stroop_to_arithmetic,1441
stroop:s01:r2,rf,1,0.0136200391981305,0.9863799608018694,1,stroop_to_arithmetic,1441
stroop:s01:r3,rf,1,0.6401244987794505,0.3598755012205493,1,stroop_to_arithmetic,1441
stroop:s01:r0,extra_trees,0,0.2904160535735874,0.7095839464264125,1,stroop_to_arithmetic,1441
stroop:s01:r1,extra_trees,0,0.0220093595498944,0.9779906404501056,1,stroop_to_arithmetic,1441
stroop:s01:r2,extra_trees,1,0.1127250543985801,0.8872749456014198,1,stroop_to_arithmetic,1441
stroop:s01:r3,extra_trees,1,0.597760676775615,0.402239323224385,1,stroop_to_arithmetic,1441
stroop:s01:r0,always_nn,0,0.4186393042218563,0.5813606957781436,1,stroop_to_arithmetic,1494
stroop:s01:r1,always_nn,0,0.0123807917762889,0.9876192082237112,1,stroop_to_arithmetic,1494
stroop:s01:r2,always_nn,1,0.039069506937791,0.960930493062209,1,stroop_to_arithmetic,1494
stroop:s01:r3,always_nn,1,0.6078009563281374,0.3921990436718627,1,stroop_to_arithmetic,1494
stroop:s01:r0,rf,0,0.2627158779225532,0.7372841220774469,1,stroop_to_arithmetic,1494
stroop:s01:r1,rf,0,0.0028190109342059,0.997180989065794,1,stroop_to_arithmetic,1494
stroop:s01:r2,rf,1,0.0197693483715892,0.9802306516284106,1,stroop_to_arithmetic,1494
stroop:s01:r3,rf,1,0.6201663940582276,0.3798336059417724,1,stroop_to_arithmetic,1494
stroop:s01:r0,extra_trees,0,0.2822420636088059,0.7177579363911941,1,stroop_to_arithmetic,1494
stroop:s01:r1,extra_trees,0,0.0510816443212077,0.9489183556787922,1,stroop_to_arithmetic,1494
stroop:s01:r2,extra_trees,1,0.0845173414563266,0.9154826585436734,1,stroop_to_arithmetic,1494
stroop:s01:r3,extra_trees,1,0.598499061260088,0.401500938739912,1,stroop_to_arithmetic,1494
stroop:s01:r0,always_nn,0,0.7984616692550497,0.2015383307449503,1,stroop_to_arithmetic,1547
stroop:s01:r1,always_nn,0,0.0027094358469772,0.9972905641530228,1,stroop_to_arithmetic,1547
stroop:s01:r2,always_nn,1,0.7644408901962297,0.2355591098037703,1,stroop_to_arithmetic,1547
stroop:s01:r3,always_nn,1,0.0014836304539046,0.9985163695460954,1,stroop_to_arithmetic,1547
stroop:s01:r0,rf,0,0.812487453580229,0.187512546419771,1,stroop_to_arithmetic,1547
stroop:s01:r1,rf,0,0.012806929492514,0.987193070507486,1,stroop_to_arithmetic,1547
stroop:s01:r2,rf,1,0.7612731654688636,0.2387268345311363,1,stroop_to_arithmetic,1547
stroop:s01:r3,rf,1,0.0126469077959285,0.9873530922040716,1,stroop_to_arithmetic,1547
stroop:s01:r0,extra_trees,0,0.8234299129379725,0.1765700870620275,1,stroop_to_arithmetic,1547
stroop:s01:r1,extra_trees,0,0.0319843027707651,0.9680156972292348,1,stroop_to_arithmetic,1547
stroop:s01:r2,extra_trees,1,0.705067472200328,0.294932527799672,1,stroop_to_arithmetic,1547
stroop:s01:r3,extra_trees,1,0.0207268433985711,0.9792731566014288,1,stroop_to_arithmetic,1547
stroop:s02:r0,always_nn,0,0.9944131972601536,0.0055868027398465,2,stroop_to_arithmetic,1335
stroop:s02:r1,always_nn,0,0.0068537361306349,0.993146263869365,2,stroop_to_arithmetic,1335
stroop:s02:r2,always_nn,1,3.875297919938724e-05,0.9999612470208006,2,stroop_to_arithmetic,1335
stroop:s02:r3,always_nn,1,0.0022096479583696,0.9977903520416304,2,stroop_to_arithmetic,1335
stroop:s02:r0,rf,0,0.5174666253141437,0.4825333746858562,2,stroop_to_arithmetic,1335
stroop:s02:r1,rf,0,0.3524036127208809,0.6475963872791191,2,stroop_to_arithmetic,1335
stroop:s02:r2,rf,1,0.4107117946831183,0.5892882053168816,2,stroop_to_arithmetic,1335
stroop:s02:r3,rf,1,0.1908059215448982,0.8091940784551017,2,stroop_to_arithmetic,1335
stroop:s02:r0,extra_trees,0,0.471528568626239,0.5284714313737611,2,stroop_to_arithmetic,1335
stroop:s02:r1,extra_trees,0,0.2334601698434562,0.7665398301565438,2,stroop_to_arithmetic,1335
stroop:s02:r2,extra_trees,1,0.311158265348955,0.688841734651045,2,stroop_to_arithmetic,1335
stroop:s02:r3,extra_trees,1,0.1630977274944898,0.8369022725055101,2,stroop_to_arithmetic,1335
stroop:s02:r0,always_nn,0,0.9999566405709022,4.335942909787675e-05,2,stroop_to_arithmetic,1388
stroop:s02:r1,always_nn,0,0.000962470649094,0.999037529350906,2,stroop_to_arithmetic,1388
stroop:s02:r2,always_nn,1,0.000305480473909,0.9996945195260908,2,stroop_to_arithmetic,1388
stroop:s02:r3,always_nn,1,2.880765639093975e-05,0.9999711923436092,2,stroop_to_arithmetic,1388
stroop:s02:r0,rf,0,0.6172589096441955,0.3827410903558045,2,stroop_to_arithmetic,1388
stroop:s02:r1,rf,0,0.0193535292614159,0.980646470738584,2,stroop_to_arithmetic,1388
stroop:s02:r2,rf,1,0.0020184890329666,0.9979815109670334,2,stroop_to_arithmetic,1388
stroop:s02:r3,rf,1,0.3595502085797495,0.6404497914202505,2,stroop_to_arithmetic,1388
stroop:s02:r0,extra_trees,0,0.5880125915583981,0.4119874084416019,2,stroop_to_arithmetic,1388
stroop:s02:r1,extra_trees,0,0.1266240275454223,0.8733759724545777,2,stroop_to_arithmetic,1388
stroop:s02:r2,extra_trees,1,0.075948941546592,0.924051058453408,2,stroop_to_arithmetic,1388
stroop:s02:r3,extra_trees,1,0.417737247066291,0.582262752933709,2,stroop_to_arithmetic,1388
stroop:s02:r0,always_nn,0,0.9999913111751,8.688824899964998e-06,2,stroop_to_arithmetic,1441
stroop:s02:r1,always_nn,0,0.0037186480314519,0.996281351968548,2,stroop_to_arithmetic,1441
stroop:s02:r2,always_nn,1,0.0009907129769735,0.9990092870230264,2,stroop_to_arithmetic,1441
stroop:s02:r3,always_nn,1,0.1060353247166925,0.8939646752833076,2,stroop_to_arithmetic,1441
stroop:s02:r0,rf,0,0.62529758425916,0.3747024157408399,2,stroop_to_arithmetic,1441
stroop:s02:r1,rf,0,0.0278919066343967,0.9721080933656032,2,stroop_to_arithmetic,1441
stroop:s02:r2,rf,1,0.0005080393501553,0.9994919606498448,2,stroop_to_arithmetic,1441
stroop:s02:r3,rf,1,0.3565905508869713,0.6434094491130287,2,stroop_to_arithmetic,1441
stroop:s02:r0,extra_trees,0,0.5928002737588518,0.4071997262411483,2,stroop_to_arithmetic,1441
stroop:s02:r1,extra_trees,0,0.1150806103756855,0.8849193896243145,2,stroop_to_arithmetic,1441
stroop:s02:r2,extra_trees,1,0.0667911721975461,0.9332088278024538,2,stroop_to_arithmetic,1441
stroop:s02:r3,extra_trees,1,0.4138241805731234,0.5861758194268766,2,stroop_to_arithmetic,1441
stroop:s02:r0,always_nn,0,0.9996058741052012,0.0003941258947987,2,stroop_to_arithmetic,1494
stroop:s02:r1,always_nn,0,0.0005312949281628,0.9994687050718372,2,stroop_to_arithmetic,1494
stroop:s02:r2,always_nn,1,0.0004822633764463,0.9995177366235536,2,stroop_to_arithmetic,1494
stroop:s02:r3,always_nn,1,7.42316793128256e-05,0.9999257683206872,2,stroop_to_arithmetic,1494
stroop:s02:r0,rf,0,0.6106847354250451,0.3893152645749549,2,stroop_to_arithmetic,1494
stroop:s02:r1,rf,0,0.0524493460819189,0.947550653918081,2,stroop_to_arithmetic,1494
stroop:s02:r2,rf,1,0.0015683263491719,0.998431673650828,2,stroop_to_arithmetic,1494
stroop:s02:r3,rf,1,0.3661660661730425,0.6338339338269575,2,stroop_to_arithmetic,1494
stroop:s02:r0,extra_trees,0,0.5863266067765831,0.4136733932234169,2,stroop_to_arithmetic,1494
stroop:s02:r1,extra_trees,0,0.1150885620044862,0.8849114379955137,2,stroop_to_arithmetic,1494
stroop:s02:r2,extra_trees,1,0.0784569289000224,0.9215430710999776,2,stroop_to_arithmetic,1494
stroop:s02:r3,extra_trees,1,0.423226891851056,0.5767731081489439,2,stroop_to_arithmetic,1494
stroop:s02:r0,always_nn,0,0.9879678324631694,0.0120321675368305,2,stroop_to_arithmetic,1547
stroop:s02:r1,always_nn,0,0.0360897859429053,0.9639102140570948,2,stroop_to_arithmetic,1547
stroop:s02:r2,always_nn,1,0.0110815994156826,0.9889184005843172,2,stroop_to_arithmetic,1547
stroop:s02:r3,always_nn,1,0.0268233613558233,0.9731766386441766,2,stroop_to_arithmetic,1547
stroop:s02:r0,rf,0,0.5130999487735505,0.4869000512264496,2,stroop_to_arithmetic,1547
stroop:s02:r1,rf,0,0.3472327942773246,0.6527672057226754,2,stroop_to_arithmetic,1547
stroop:s02:r2,rf,1,0.4275968680482003,0.5724031319517996,2,stroop_to_arithmetic,1547
stroop:s02:r3,rf,1,0.1908784379159792,0.8091215620840208,2,stroop_to_arithmetic,1547
stroop:s02:r0,extra_trees,0,0.4716852510210832,0.5283147489789167,2,stroop_to_arithmetic,1547
stroop:s02:r1,extra_trees,0,0.2382508307847446,0.7617491692152553,2,stroop_to_arithmetic,1547
stroop:s02:r2,extra_trees,1,0.3097701356160254,0.6902298643839745,2,stroop_to_arithmetic,1547
stroop:s02:r3,extra_trees,1,0.1549022419745036,0.8450977580254965,2,stroop_to_arithmetic,1547
stroop:s03:r0,always_nn,0,0.9515406108502454,0.0484593891497545,3,stroop_to_arithmetic,1335
stroop:s03:r1,always_nn,0,0.0822156097367119,0.917784390263288,3,stroop_to_arithmetic,1335
stroop:s03:r2,always_nn,1,2.0209184195936665e-07,0.999999797908158,3,stroop_to_arithmetic,1335
stroop:s03:r3,always_nn,1,0.0082536389236097,0.9917463610763902,3,stroop_to_arithmetic,1335
stroop:s03:r0,rf,0,0.5520093824512301,0.4479906175487698,3,stroop_to_arithmetic,1335
stroop:s03:r1,rf,0,0.2860863425050454,0.7139136574949546,3,stroop_to_arithmetic,1335
stroop:s03:r2,rf,1,0.1497198023814928,0.8502801976185073,3,stroop_to_arithmetic,1335
stroop:s03:r3,rf,1,0.0267039141106042,0.9732960858893958,3,stroop_to_arithmetic,1335
stroop:s03:r0,extra_trees,0,0.4859876772919645,0.5140123227080355,3,stroop_to_arithmetic,1335
stroop:s03:r1,extra_trees,0,0.222669958329278,0.7773300416707221,3,stroop_to_arithmetic,1335
stroop:s03:r2,extra_trees,1,0.2013014729133057,0.7986985270866942,3,stroop_to_arithmetic,1335
stroop:s03:r3,extra_trees,1,0.0476864713030604,0.9523135286969396,3,stroop_to_arithmetic,1335
stroop:s03:r0,always_nn,0,0.2796525672264872,0.7203474327735129,3,stroop_to_arithmetic,1388
stroop:s03:r1,always_nn,0,0.9533928457178772,0.0466071542821227,3,stroop_to_arithmetic,1388
stroop:s03:r2,always_nn,1,1.9604467786358137e-10,0.9999999998039554,3,stroop_to_arithmetic,1388
stroop:s03:r3,always_nn,1,0.0425174450747653,0.9574825549252348,3,stroop_to_arithmetic,1388
stroop:s03:r0,rf,0,0.630049659465772,0.3699503405342281,3,stroop_to_arithmetic,1388
stroop:s03:r1,rf,0,0.4482979519851839,0.551702048014816,3,stroop_to_arithmetic,1388
stroop:s03:r2,rf,1,0.0480333430198799,0.9519666569801202,3,stroop_to_arithmetic,1388
stroop:s03:r3,rf,1,0.01335748729944,0.98664251270056,3,stroop_to_arithmetic,1388
stroop:s03:r0,extra_trees,0,0.416410709026024,0.5835892909739759,3,stroop_to_arithmetic,1388
stroop:s03:r1,extra_trees,0,0.4485591346036628,0.5514408653963372,3,stroop_to_arithmetic,1388
stroop:s03:r2,extra_trees,1,0.0815846098453865,0.9184153901546136,3,stroop_to_arithmetic,1388
stroop:s03:r3,extra_trees,1,0.0500998702312997,0.9499001297687004,3,stroop_to_arithmetic,1388
stroop:s03:r0,always_nn,0,0.2480386722585726,0.7519613277414273,3,stroop_to_arithmetic,1441
stroop:s03:r1,always_nn,0,0.9052372635171788,0.094762736482821,3,stroop_to_arithmetic,1441
stroop:s03:r2,always_nn,1,3.067696447890336e-11,0.999999999969323,3,stroop_to_arithmetic,1441
stroop:s03:r3,always_nn,1,0.0438930705886718,0.956106929411328,3,stroop_to_arithmetic,1441
stroop:s03:r0,rf,0,0.6494824704357098,0.3505175295642901,3,stroop_to_arithmetic,1441
stroop:s03:r1,rf,0,0.454620093362106,0.5453799066378939,3,stroop_to_arithmetic,1441
stroop:s03:r2,rf,1,0.0447528133978184,0.9552471866021814,3,stroop_to_arithmetic,1441
stroop:s03:r3,rf,1,0.0189782981935599,0.98102170180644,3,stroop_to_arithmetic,1441
stroop:s03:r0,extra_trees,0,0.4217219616087758,0.5782780383912243,3,stroop_to_arithmetic,1441
stroop:s03:r1,extra_trees,0,0.4161445844597322,0.5838554155402679,3,stroop_to_arithmetic,1441
stroop:s03:r2,extra_trees,1,0.077473593657078,0.9225264063429218,3,stroop_to_arithmetic,1441
stroop:s03:r3,extra_trees,1,0.0507016417582323,0.9492983582417676,3,stroop_to_arithmetic,1441
stroop:s03:r0,always_nn,0,0.9938685697315988,0.0061314302684012,3,stroop_to_arithmetic,1494
stroop:s03:r1,always_nn,0,0.3595137810801656,0.6404862189198344,3,stroop_to_arithmetic,1494
stroop:s03:r2,always_nn,1,0.0189180497080311,0.9810819502919688,3,stroop_to_arithmetic,1494
stroop:s03:r3,always_nn,1,1.3682105727722104e-12,0.9999999999986318,3,stroop_to_arithmetic,1494
stroop:s03:r0,rf,0,0.6197781464220651,0.380221853577935,3,stroop_to_arithmetic,1494
stroop:s03:r1,rf,0,0.4676471699186319,0.5323528300813681,3,stroop_to_arithmetic,1494
stroop:s03:r2,rf,1,0.0492421319933972,0.9507578680066028,3,stroop_to_arithmetic,1494
stroop:s03:r3,rf,1,0.0244591216575887,0.9755408783424112,3,stroop_to_arithmetic,1494
stroop:s03:r0,extra_trees,0,0.4265399358689672,0.5734600641310328,3,stroop_to_arithmetic,1494
stroop:s03:r1,extra_trees,0,0.3990904025649723,0.6009095974350277,3,stroop_to_arithmetic,1494
stroop:s03:r2,extra_trees,1,0.0806436410109115,0.9193563589890884,3,stroop_to_arithmetic,1494
stroop:s03:r3,extra_trees,1,0.051274512025029,0.9487254879749708,3,stroop_to_arithmetic,1494
stroop:s03:r0,always_nn,0,0.16306319516545,0.83693680483455,3,stroop_to_arithmetic,1547
stroop:s03:r1,always_nn,0,0.0987136878063646,0.9012863121936354,3,stroop_to_arithmetic,1547
stroop:s03:r2,always_nn,1,0.0603710894229478,0.939628910577052,3,stroop_to_arithmetic,1547
stroop:s03:r3,always_nn,1,0.0058065592044602,0.9941934407955396,3,stroop_to_arithmetic,1547
stroop:s03:r0,rf,0,0.5189339179502573,0.4810660820497426,3,stroop_to_arithmetic,1547
stroop:s03:r1,rf,0,0.2904992211813867,0.7095007788186133,3,stroop_to_arithmetic,1547
stroop:s03:r2,rf,1,0.1538269201291882,0.8461730798708118,3,stroop_to_arithmetic,1547
stroop:s03:r3,rf,1,0.0311646245921407,0.9688353754078592,3,stroop_to_arithmetic,1547
stroop:s03:r0,extra_trees,0,0.4720971818813805,0.5279028181186195,3,stroop_to_arithmetic,1547
stroop:s03:r1,extra_trees,0,0.2128994520489307,0.7871005479510693,3,stroop_to_arithmetic,1547
stroop:s03:r2,extra_trees,1,0.1909416129759659,0.8090583870240341,3,stroop_to_arithmetic,1547
stroop:s03:r3,extra_trees,1,0.0511941748232842,0.9488058251767156,3,stroop_to_arithmetic,1547
stroop:s04:r0,always_nn,0,0.9999999999979726,2.027423241776933e-12,4,stroop_to_arithmetic,1335
stroop:s04:r1,always_nn,0,0.0214152287343296,0.9785847712656702,4,stroop_to_arithmetic,1335
stroop:s04:r2,always_nn,1,3.943895993578405e-05,0.9999605610400644,4,stroop_to_arithmetic,1335
stroop:s04:r3,always_nn,1,0.0064130023428925,0.9935869976571076,4,stroop_to_arithmetic,1335
stroop:s04:r0,rf,0,0.9848570816476082,0.0151429183523917,4,stroop_to_arithmetic,1335
stroop:s04:r1,rf,0,0.0053145233734902,0.9946854766265096,4,stroop_to_arithmetic,1335
stroop:s04:r2,rf,1,0.5592934690574913,0.4407065309425086,4,stroop_to_arithmetic,1335
stroop:s04:r3,rf,1,1.8133937185416631e-09,0.9999999981866062,4,stroop_to_arithmetic,1335
stroop:s04:r0,extra_trees,0,0.9554516474236918,0.0445483525763082,4,stroop_to_arithmetic,1335
stroop:s04:r1,extra_trees,0,0.1324906577330207,0.8675093422669793,4,stroop_to_arithmetic,1335
stroop:s04:r2,extra_trees,1,0.3523685549123576,0.6476314450876424,4,stroop_to_arithmetic,1335
stroop:s04:r3,extra_trees,1,0.0110045510744565,0.9889954489255436,4,stroop_to_arithmetic,1335
stroop:s04:r0,always_nn,0,0.999999999999,9.999999999990757e-13,4,stroop_to_arithmetic,1388
stroop:s04:r1,always_nn,0,0.0264162046147226,0.9735837953852772,4,stroop_to_arithmetic,1388
stroop:s04:r2,always_nn,1,0.0043775894802698,0.9956224105197302,4,stroop_to_arithmetic,1388
stroop:s04:r3,always_nn,1,1.0588549140033872e-08,0.9999999894114509,4,stroop_to_arithmetic,1388
stroop:s04:r0,rf,0,0.9156870503046416,0.0843129496953583,4,stroop_to_arithmetic,1388
stroop:s04:r1,rf,0,0.0043472783273662,0.9956527216726336,4,stroop_to_arithmetic,1388
stroop:s04:r2,rf,1,7.724273451389546e-07,0.9999992275726548,4,stroop_to_arithmetic,1388
stroop:s04:r3,rf,1,0.2780847790769744,0.7219152209230256,4,stroop_to_arithmetic,1388
stroop:s04:r0,extra_trees,0,0.9331368890522872,0.0668631109477126,4,stroop_to_arithmetic,1388
stroop:s04:r1,extra_trees,0,0.0235694119845842,0.9764305880154156,4,stroop_to_arithmetic,1388
stroop:s04:r2,extra_trees,1,0.0007128915094208,0.9992871084905792,4,stroop_to_arithmetic,1388
stroop:s04:r3,extra_trees,1,0.2574633579332922,0.7425366420667078,4,stroop_to_arithmetic,1388
stroop:s04:r0,always_nn,0,0.9999999999989492,1.0510022691191665e-12,4,stroop_to_arithmetic,1441
stroop:s04:r1,always_nn,0,0.0280124212203534,0.9719875787796466,4,stroop_to_arithmetic,1441
stroop:s04:r2,always_nn,1,0.0037179876064528,0.9962820123935472,4,stroop_to_arithmetic,1441
stroop:s04:r3,always_nn,1,5.836879869832932e-07,0.9999994163120132,4,stroop_to_arithmetic,1441
stroop:s04:r0,rf,0,0.9032407496255356,0.0967592503744645,4,stroop_to_arithmetic,1441
stroop:s04:r1,rf,0,0.0014820007667825,0.9985179992332176,4,stroop_to_arithmetic,1441
stroop:s04:r2,rf,1,4.150224495528837e-06,0.9999958497755044,4,stroop_to_arithmetic,1441
stroop:s04:r3,rf,1,0.2790821649851011,0.7209178350148989,4,stroop_to_arithmetic,1441
stroop:s04:r0,extra_trees,0,0.926094743670036,0.073905256329964,4,stroop_to_arithmetic,1441
stroop:s04:r1,extra_trees,0,0.0094637208302286,0.9905362791697714,4,stroop_to_arithmetic,1441
stroop:s04:r2,extra_trees,1,0.0003355458495206,0.9996644541504792,4,stroop_to_arithmetic,1441
stroop:s04:r3,extra_trees,1,0.2687746825245295,0.7312253174754705,4,stroop_to_arithmetic,1441
stroop:s04:r0,always_nn,0,0.999999999999,9.999999999990757e-13,4,stroop_to_arithmetic,1494
stroop:s04:r1,always_nn,0,0.0203721048194369,0.979627895180563,4,stroop_to_arithmetic,1494
stroop:s04:r2,always_nn,1,0.004667118987315,0.995332881012685,4,stroop_to_arithmetic,1494
stroop:s04:r3,always_nn,1,1.3309136453083746e-07,0.9999998669086356,4,stroop_to_arithmetic,1494
stroop:s04:r0,rf,0,0.8986440577792526,0.1013559422207474,4,stroop_to_arithmetic,1494
stroop:s04:r1,rf,0,0.0014063248152808,0.9985936751847192,4,stroop_to_arithmetic,1494
stroop:s04:r2,rf,1,1.0140814119951716e-06,0.999998985918588,4,stroop_to_arithmetic,1494
stroop:s04:r3,rf,1,0.2835780261085643,0.7164219738914356,4,stroop_to_arithmetic,1494
stroop:s04:r0,extra_trees,0,0.9268753809569302,0.0731246190430697,4,stroop_to_arithmetic,1494
stroop:s04:r1,extra_trees,0,0.0198457155530934,0.9801542844469066,4,stroop_to_arithmetic,1494
stroop:s04:r2,extra_trees,1,0.0011952093352289,0.998804790664771,4,stroop_to_arithmetic,1494
stroop:s04:r3,extra_trees,1,0.2595433764880742,0.7404566235119258,4,stroop_to_arithmetic,1494
stroop:s04:r0,always_nn,0,0.9999999999989616,1.0385946931348428e-12,4,stroop_to_arithmetic,1547
stroop:s04:r1,always_nn,0,0.0102778297806571,0.989722170219343,4,stroop_to_arithmetic,1547
stroop:s04:r2,always_nn,1,1.1010064495925264e-06,0.9999988989935504,4,stroop_to_arithmetic,1547
stroop:s04:r3,always_nn,1,0.0022345669833494,0.9977654330166504,4,stroop_to_arithmetic,1547
stroop:s04:r0,rf,0,0.9842801481991772,0.0157198518008229,4,stroop_to_arithmetic,1547
stroop:s04:r1,rf,0,0.0048258151108567,0.9951741848891432,4,stroop_to_arithmetic,1547
stroop:s04:r2,rf,1,0.5661040815123319,0.433895918487668,4,stroop_to_arithmetic,1547
stroop:s04:r3,rf,1,3.045172186280216e-09,0.9999999969548278,4,stroop_to_arithmetic,1547
stroop:s04:r0,extra_trees,0,0.9598526880355276,0.0401473119644723,4,stroop_to_arithmetic,1547
stroop:s04:r1,extra_trees,0,0.1332550113491282,0.8667449886508717,4,stroop_to_arithmetic,1547
stroop:s04:r2,extra_trees,1,0.3508426538386786,0.6491573461613215,4,stroop_to_arithmetic,1547
stroop:s04:r3,extra_trees,1,0.0106338746042488,0.9893661253957512,4,stroop_to_arithmetic,1547
stroop:s05:r0,always_nn,0,0.9999999820337868,1.7966213344124554e-08,5,stroop_to_arithmetic,1335
stroop:s05:r1,always_nn,0,0.2722967072258684,0.7277032927741316,5,stroop_to_arithmetic,1335
stroop:s05:r2,always_nn,1,2.22871011494465e-08,0.9999999777128988,5,stroop_to_arithmetic,1335
stroop:s05:r3,always_nn,1,0.1135930600160945,0.8864069399839055,5,stroop_to_arithmetic,1335
stroop:s05:r0,rf,0,0.4468657061630002,0.5531342938369997,5,stroop_to_arithmetic,1335
stroop:s05:r1,rf,0,0.0906662403853787,0.9093337596146212,5,stroop_to_arithmetic,1335
stroop:s05:r2,rf,1,0.0151303554443312,0.9848696445556688,5,stroop_to_arithmetic,1335
stroop:s05:r3,rf,1,0.0314226252477798,0.96857737475222,5,stroop_to_arithmetic,1335
stroop:s05:r0,extra_trees,0,0.5513205018008158,0.4486794981991841,5,stroop_to_arithmetic,1335
stroop:s05:r1,extra_trees,0,0.1994746858358447,0.8005253141641552,5,stroop_to_arithmetic,1335
stroop:s05:r2,extra_trees,1,0.1334762717716225,0.8665237282283775,5,stroop_to_arithmetic,1335
stroop:s05:r3,extra_trees,1,0.0742672009253324,0.9257327990746675,5,stroop_to_arithmetic,1335
stroop:s05:r0,always_nn,0,0.999999997052594,2.9474058634856022e-09,5,stroop_to_arithmetic,1388
stroop:s05:r1,always_nn,0,0.0811138878792787,0.9188861121207212,5,stroop_to_arithmetic,1388
stroop:s05:r2,always_nn,1,0.005638203354145,0.994361796645855,5,stroop_to_arithmetic,1388
stroop:s05:r3,always_nn,1,3.590119947798973e-05,0.999964098800522,5,stroop_to_arithmetic,1388
stroop:s05:r0,rf,0,0.5395254546916733,0.4604745453083266,5,stroop_to_arithmetic,1388
stroop:s05:r1,rf,0,0.0327268910622525,0.9672731089377476,5,stroop_to_arithmetic,1388
stroop:s05:r2,rf,1,9.484570010420928e-05,0.9999051542998958,5,stroop_to_arithmetic,1388
stroop:s05:r3,rf,1,0.3022735931747219,0.697726406825278,5,stroop_to_arithmetic,1388
stroop:s05:r0,extra_trees,0,0.6268886829750057,0.3731113170249944,5,stroop_to_arithmetic,1388
stroop:s05:r1,extra_trees,0,0.0690294653723265,0.9309705346276734,5,stroop_to_arithmetic,1388
stroop:s05:r2,extra_trees,1,0.0176698164319724,0.9823301835680276,5,stroop_to_arithmetic,1388
stroop:s05:r3,extra_trees,1,0.3980938401761728,0.6019061598238272,5,stroop_to_arithmetic,1388
stroop:s05:r0,always_nn,0,0.9999975250544076,2.4749455924196845e-06,5,stroop_to_arithmetic,1441
stroop:s05:r1,always_nn,0,0.0306569847253783,0.9693430152746216,5,stroop_to_arithmetic,1441
stroop:s05:r2,always_nn,1,0.0020839773076659,0.997916022692334,5,stroop_to_arithmetic,1441
stroop:s05:r3,always_nn,1,4.396788785194332e-05,0.999956032112148,5,stroop_to_arithmetic,1441
stroop:s05:r0,rf,0,0.5341969601533689,0.465803039846631,5,stroop_to_arithmetic,1441
stroop:s05:r1,rf,0,0.0307002598749121,0.969299740125088,5,stroop_to_arithmetic,1441
stroop:s05:r2,rf,1,0.000186769970754,0.999813230029246,5,stroop_to_arithmetic,1441
stroop:s05:r3,rf,1,0.2764000961192725,0.7235999038807275,5,stroop_to_arithmetic,1441
stroop:s05:r0,extra_trees,0,0.6292853039879992,0.3707146960120008,5,stroop_to_arithmetic,1441
stroop:s05:r1,extra_trees,0,0.0770697246065434,0.9229302753934564,5,stroop_to_arithmetic,1441
stroop:s05:r2,extra_trees,1,0.0209583337775184,0.9790416662224816,5,stroop_to_arithmetic,1441
stroop:s05:r3,extra_trees,1,0.4193107473516185,0.5806892526483816,5,stroop_to_arithmetic,1441
stroop:s05:r0,always_nn,0,0.999981860285402,1.81397145979162e-05,5,stroop_to_arithmetic,1494
stroop:s05:r1,always_nn,0,0.0819689138339363,0.9180310861660635,5,stroop_to_arithmetic,1494
stroop:s05:r2,always_nn,1,0.0119218252335452,0.9880781747664548,5,stroop_to_arithmetic,1494
stroop:s05:r3,always_nn,1,4.01919986324634e-07,0.9999995980800136,5,stroop_to_arithmetic,1494
stroop:s05:r0,rf,0,0.5346243261325022,0.4653756738674978,5,stroop_to_arithmetic,1494
stroop:s05:r1,rf,0,0.0169952283859465,0.9830047716140534,5,stroop_to_arithmetic,1494
stroop:s05:r2,rf,1,0.0007468961466703,0.9992531038533295,5,stroop_to_arithmetic,1494
stroop:s05:r3,rf,1,0.3032227278369232,0.6967772721630767,5,stroop_to_arithmetic,1494
stroop:s05:r0,extra_trees,0,0.6197463154632336,0.3802536845367664,5,stroop_to_arithmetic,1494
stroop:s05:r1,extra_trees,0,0.0716824380177061,0.9283175619822938,5,stroop_to_arithmetic,1494
stroop:s05:r2,extra_trees,1,0.0184756795104763,0.9815243204895236,5,stroop_to_arithmetic,1494
stroop:s05:r3,extra_trees,1,0.412910966974112,0.587089033025888,5,stroop_to_arithmetic,1494
stroop:s05:r0,always_nn,0,0.9999999654150786,3.4584921435326535e-08,5,stroop_to_arithmetic,1547
stroop:s05:r1,always_nn,0,0.289095934810508,0.7109040651894919,5,stroop_to_arithmetic,1547
stroop:s05:r2,always_nn,1,1.0046500037768563e-09,0.99999999899535,5,stroop_to_arithmetic,1547
stroop:s05:r3,always_nn,1,0.0941366192959631,0.9058633807040368,5,stroop_to_arithmetic,1547
stroop:s05:r0,rf,0,0.450083886556468,0.5499161134435319,5,stroop_to_arithmetic,1547
stroop:s05:r1,rf,0,0.0666627793103878,0.9333372206896122,5,stroop_to_arithmetic,1547
stroop:s05:r2,rf,1,0.0177332988055595,0.9822667011944404,5,stroop_to_arithmetic,1547
stroop:s05:r3,rf,1,0.0098020055477239,0.990197994452276,5,stroop_to_arithmetic,1547
stroop:s05:r0,extra_trees,0,0.5504601084971695,0.4495398915028305,5,stroop_to_arithmetic,1547
stroop:s05:r1,extra_trees,0,0.21171733052942,0.78828266947058,5,stroop_to_arithmetic,1547
stroop:s05:r2,extra_trees,1,0.1280193620628935,0.8719806379371063,5,stroop_to_arithmetic,1547
stroop:s05:r3,extra_trees,1,0.0766882376655713,0.9233117623344286,5,stroop_to_arithmetic,1547
stroop:s06:r0,always_nn,0,0.0035072845843546,0.9964927154156452,6,stroop_to_arithmetic,1335
stroop:s06:r1,always_nn,0,0.3440232003564518,0.6559767996435483,6,stroop_to_arithmetic,1335
stroop:s06:r2,always_nn,1,0.3734244157951871,0.626575584204813,6,stroop_to_arithmetic,1335
stroop:s06:r3,always_nn,1,0.9983385568044796,0.0016614431955204,6,stroop_to_arithmetic,1335
stroop:s06:r0,rf,0,0.0791853519642723,0.9208146480357275,6,stroop_to_arithmetic,1335
stroop:s06:r1,rf,0,0.8647738582237617,0.1352261417762383,6,stroop_to_arithmetic,1335
stroop:s06:r2,rf,1,0.8091895409928351,0.1908104590071648,6,stroop_to_arithmetic,1335
stroop:s06:r3,rf,1,0.9400814190252166,0.0599185809747834,6,stroop_to_arithmetic,1335
stroop:s06:r0,extra_trees,0,0.1714976711519629,0.8285023288480371,6,stroop_to_arithmetic,1335
stroop:s06:r1,extra_trees,0,0.8763416721155154,0.1236583278844846,6,stroop_to_arithmetic,1335
stroop:s06:r2,extra_trees,1,0.7627590972017456,0.2372409027982543,6,stroop_to_arithmetic,1335
stroop:s06:r3,extra_trees,1,0.9803075885994148,0.0196924114005853,6,stroop_to_arithmetic,1335
stroop:s06:r0,always_nn,0,0.881063603697617,0.118936396302383,6,stroop_to_arithmetic,1388
stroop:s06:r1,always_nn,0,0.0004750632756726,0.9995249367243274,6,stroop_to_arithmetic,1388
stroop:s06:r2,always_nn,1,0.5719203629824483,0.4280796370175516,6,stroop_to_arithmetic,1388
stroop:s06:r3,always_nn,1,0.9427419110350116,0.0572580889649882,6,stroop_to_arithmetic,1388
stroop:s06:r0,rf,0,0.9558210189759746,0.0441789810240254,6,stroop_to_arithmetic,1388
stroop:s06:r1,rf,0,0.0480019790604309,0.951998020939569,6,stroop_to_arithmetic,1388
stroop:s06:r2,rf,1,0.2996912975120868,0.7003087024879132,6,stroop_to_arithmetic,1388
stroop:s06:r3,rf,1,0.9943808821804648,0.0056191178195351,6,stroop_to_arithmetic,1388
stroop:s06:r0,extra_trees,0,0.9461080018092188,0.0538919981907812,6,stroop_to_arithmetic,1388
stroop:s06:r1,extra_trees,0,0.0820785319576279,0.917921468042372,6,stroop_to_arithmetic,1388
stroop:s06:r2,extra_trees,1,0.2979537135587173,0.7020462864412826,6,stroop_to_arithmetic,1388
stroop:s06:r3,extra_trees,1,0.9883958142525276,0.0116041857474724,6,stroop_to_arithmetic,1388
stroop:s06:r0,always_nn,0,0.8233372081082053,0.1766627918917947,6,stroop_to_arithmetic,1441
stroop:s06:r1,always_nn,0,0.0024320452346391,0.9975679547653608,6,stroop_to_arithmetic,1441
stroop:s06:r2,always_nn,1,0.6997384552601997,0.3002615447398003,6,stroop_to_arithmetic,1441
stroop:s06:r3,always_nn,1,0.907177235026753,0.092822764973247,6,stroop_to_arithmetic,1441
stroop:s06:r0,rf,0,0.9497533196790796,0.0502466803209204,6,stroop_to_arithmetic,1441
stroop:s06:r1,rf,0,0.0452347169141934,0.9547652830858064,6,stroop_to_arithmetic,1441
stroop:s06:r2,rf,1,0.3131543324476759,0.686845667552324,6,stroop_to_arithmetic,1441
stroop:s06:r3,rf,1,0.9933467292401654,0.0066532707598346,6,stroop_to_arithmetic,1441
stroop:s06:r0,extra_trees,0,0.9278187763556832,0.0721812236443167,6,stroop_to_arithmetic,1441
stroop:s06:r1,extra_trees,0,0.0864345480049643,0.9135654519950356,6,stroop_to_arithmetic,1441
stroop:s06:r2,extra_trees,1,0.2766418841860939,0.723358115813906,6,stroop_to_arithmetic,1441
stroop:s06:r3,extra_trees,1,0.9894428736103842,0.0105571263896158,6,stroop_to_arithmetic,1441
stroop:s06:r0,always_nn,0,0.869629770092359,0.130370229907641,6,stroop_to_arithmetic,1494
stroop:s06:r1,always_nn,0,0.0016689091366181,0.998331090863382,6,stroop_to_arithmetic,1494
stroop:s06:r2,always_nn,1,0.7633790997861898,0.2366209002138102,6,stroop_to_arithmetic,1494
stroop:s06:r3,always_nn,1,0.9493682846686482,0.0506317153313517,6,stroop_to_arithmetic,1494
stroop:s06:r0,rf,0,0.954354538849474,0.045645461150526,6,stroop_to_arithmetic,1494
stroop:s06:r1,rf,0,0.0440683559805236,0.9559316440194764,6,stroop_to_arithmetic,1494
stroop:s06:r2,rf,1,0.3104712665488039,0.6895287334511961,6,stroop_to_arithmetic,1494
stroop:s06:r3,rf,1,0.9957764748818432,0.0042235251181567,6,stroop_to_arithmetic,1494
stroop:s06:r0,extra_trees,0,0.9380014640799088,0.0619985359200911,6,stroop_to_arithmetic,1494
stroop:s06:r1,extra_trees,0,0.0611859710178969,0.9388140289821032,6,stroop_to_arithmetic,1494
stroop:s06:r2,extra_trees,1,0.2800476440789988,0.7199523559210012,6,stroop_to_arithmetic,1494
stroop:s06:r3,extra_trees,1,0.9918748138602562,0.0081251861397438,6,stroop_to_arithmetic,1494
stroop:s06:r0,always_nn,0,0.0011022683823586,0.9988977316176414,6,stroop_to_arithmetic,1547
stroop:s06:r1,always_nn,0,0.5876581173249712,0.4123418826750288,6,stroop_to_arithmetic,1547
stroop:s06:r2,always_nn,1,0.8713662061760581,0.1286337938239419,6,stroop_to_arithmetic,1547
stroop:s06:r3,always_nn,1,0.9985198785031372,0.0014801214968629,6,stroop_to_arithmetic,1547
stroop:s06:r0,rf,0,0.0704808003140157,0.9295191996859844,6,stroop_to_arithmetic,1547
stroop:s06:r1,rf,0,0.863275325107339,0.136724674892661,6,stroop_to_arithmetic,1547
stroop:s06:r2,rf,1,0.8042183092054596,0.1957816907945404,6,stroop_to_arithmetic,1547
stroop:s06:r3,rf,1,0.9355125407115954,0.0644874592884046,6,stroop_to_arithmetic,1547
stroop:s06:r0,extra_trees,0,0.169774078107607,0.8302259218923931,6,stroop_to_arithmetic,1547
stroop:s06:r1,extra_trees,0,0.8674931583884782,0.1325068416115218,6,stroop_to_arithmetic,1547
stroop:s06:r2,extra_trees,1,0.7670239803611545,0.2329760196388455,6,stroop_to_arithmetic,1547
stroop:s06:r3,extra_trees,1,0.9664995901151394,0.0335004098848605,6,stroop_to_arithmetic,1547
stroop:s07:r0,always_nn,0,0.999993740808203,6.259191797062996e-06,7,stroop_to_arithmetic,1335
stroop:s07:r1,always_nn,0,0.0004874186064304,0.9995125813935696,7,stroop_to_arithmetic,1335
stroop:s07:r2,always_nn,1,0.0107550926888129,0.9892449073111872,7,stroop_to_arithmetic,1335
stroop:s07:r3,always_nn,1,0.00037179735878,0.99962820264122,7,stroop_to_arithmetic,1335
stroop:s07:r0,rf,0,0.538898835819799,0.461101164180201,7,stroop_to_arithmetic,1335
stroop:s07:r1,rf,0,8.144223821044212e-06,0.999991855776179,7,stroop_to_arithmetic,1335
stroop:s07:r2,rf,1,0.4308927205462077,0.5691072794537924,7,stroop_to_arithmetic,1335
stroop:s07:r3,rf,1,3.633920295819697e-06,0.9999963660797042,7,stroop_to_arithmetic,1335
stroop:s07:r0,extra_trees,0,0.636898266658901,0.363101733341099,7,stroop_to_arithmetic,1335
stroop:s07:r1,extra_trees,0,5.821286382313129e-06,0.9999941787136176,7,stroop_to_arithmetic,1335
stroop:s07:r2,extra_trees,1,0.48092547223891,0.51907452776109,7,stroop_to_arithmetic,1335
stroop:s07:r3,extra_trees,1,4.666664942714608e-06,0.9999953333350572,7,stroop_to_arithmetic,1335
stroop:s07:r0,always_nn,0,0.8870373033513627,0.1129626966486374,7,stroop_to_arithmetic,1388
stroop:s07:r1,always_nn,0,0.0002589935527344,0.9997410064472656,7,stroop_to_arithmetic,1388
stroop:s07:r2,always_nn,1,0.000298194728863,0.999701805271137,7,stroop_to_arithmetic,1388
stroop:s07:r3,always_nn,1,0.2334890237694485,0.7665109762305515,7,stroop_to_arithmetic,1388
stroop:s07:r0,rf,0,0.5833744867000532,0.4166255132999467,7,stroop_to_arithmetic,1388
stroop:s07:r1,rf,0,4.4681474133141356e-07,0.9999995531852588,7,stroop_to_arithmetic,1388
stroop:s07:r2,rf,1,9.34211254357306e-08,0.9999999065788744,7,stroop_to_arithmetic,1388
stroop:s07:r3,rf,1,0.4724842472286145,0.5275157527713854,7,stroop_to_arithmetic,1388
stroop:s07:r0,extra_trees,0,0.6672552398649401,0.3327447601350599,7,stroop_to_arithmetic,1388
stroop:s07:r1,extra_trees,0,2.681790307039456e-06,0.999997318209693,7,stroop_to_arithmetic,1388
stroop:s07:r2,extra_trees,1,3.104380904975389e-06,0.999996895619095,7,stroop_to_arithmetic,1388
stroop:s07:r3,extra_trees,1,0.4826268275231523,0.5173731724768478,7,stroop_to_arithmetic,1388
stroop:s07:r0,always_nn,0,0.9780249428819447,0.0219750571180552,7,stroop_to_arithmetic,1441
stroop:s07:r1,always_nn,0,0.0002704197409386,0.9997295802590612,7,stroop_to_arithmetic,1441
stroop:s07:r2,always_nn,1,0.0002644183139819,0.999735581686018,7,stroop_to_arithmetic,1441
stroop:s07:r3,always_nn,1,0.3056356562567791,0.6943643437432209,7,stroop_to_arithmetic,1441
stroop:s07:r0,rf,0,0.5938155174476564,0.4061844825523435,7,stroop_to_arithmetic,1441
stroop:s07:r1,rf,0,2.363162377524359e-06,0.9999976368376224,7,stroop_to_arithmetic,1441
stroop:s07:r2,rf,1,1.9283061585399715e-05,0.9999807169384144,7,stroop_to_arithmetic,1441
stroop:s07:r3,rf,1,0.4624109520496411,0.5375890479503589,7,stroop_to_arithmetic,1441
stroop:s07:r0,extra_trees,0,0.6528308746233707,0.3471691253766293,7,stroop_to_arithmetic,1441
stroop:s07:r1,extra_trees,0,7.000773931426021e-06,0.9999929992260684,7,stroop_to_arithmetic,1441
stroop:s07:r2,extra_trees,1,2.677407169451673e-05,0.9999732259283056,7,stroop_to_arithmetic,1441
stroop:s07:r3,extra_trees,1,0.4744801109068358,0.5255198890931642,7,stroop_to_arithmetic,1441
stroop:s07:r0,always_nn,0,0.9999999990655964,9.34403620113786e-10,7,stroop_to_arithmetic,1494
stroop:s07:r1,always_nn,0,0.0007031786228194,0.9992968213771806,7,stroop_to_arithmetic,1494
stroop:s07:r2,always_nn,1,0.0007093845908889,0.9992906154091112,7,stroop_to_arithmetic,1494
stroop:s07:r3,always_nn,1,4.760601266995337e-05,0.99995239398733,7,stroop_to_arithmetic,1494
stroop:s07:r0,rf,0,0.6233513667770211,0.3766486332229789,7,stroop_to_arithmetic,1494
stroop:s07:r1,rf,0,3.65465156798888e-06,0.999996345348432,7,stroop_to_arithmetic,1494
stroop:s07:r2,rf,1,9.572984191898227e-06,0.999990427015808,7,stroop_to_arithmetic,1494
stroop:s07:r3,rf,1,0.4853070696891117,0.5146929303108884,7,stroop_to_arithmetic,1494
stroop:s07:r0,extra_trees,0,0.6560436366815985,0.3439563633184014,7,stroop_to_arithmetic,1494
stroop:s07:r1,extra_trees,0,3.638825162926388e-06,0.999996361174837,7,stroop_to_arithmetic,1494
stroop:s07:r2,extra_trees,1,7.288267218446395e-06,0.9999927117327816,7,stroop_to_arithmetic,1494
stroop:s07:r3,extra_trees,1,0.4780395405013318,0.5219604594986681,7,stroop_to_arithmetic,1494
stroop:s07:r0,always_nn,0,0.9999999942329724,5.767027575925532e-09,7,stroop_to_arithmetic,1547
stroop:s07:r1,always_nn,0,0.0005337259921669,0.999466274007833,7,stroop_to_arithmetic,1547
stroop:s07:r2,always_nn,1,3.32845707087395e-05,0.9999667154292912,7,stroop_to_arithmetic,1547
stroop:s07:r3,always_nn,1,0.0004620486914176,0.9995379513085824,7,stroop_to_arithmetic,1547
stroop:s07:r0,rf,0,0.5612320251955433,0.4387679748044567,7,stroop_to_arithmetic,1547
stroop:s07:r1,rf,0,0.0002236675691044,0.9997763324308956,7,stroop_to_arithmetic,1547
stroop:s07:r2,rf,1,0.4283809856150826,0.5716190143849174,7,stroop_to_arithmetic,1547
stroop:s07:r3,rf,1,5.1484450999329085e-06,0.9999948515549,7,stroop_to_arithmetic,1547
stroop:s07:r0,extra_trees,0,0.5855896959782751,0.4144103040217247,7,stroop_to_arithmetic,1547
stroop:s07:r1,extra_trees,0,1.5707117658341602e-06,0.9999984292882342,7,stroop_to_arithmetic,1547
stroop:s07:r2,extra_trees,1,0.4678004556127363,0.5321995443872636,7,stroop_to_arithmetic,1547
stroop:s07:r3,extra_trees,1,1.7101246281804162e-05,0.9999828987537182,7,stroop_to_arithmetic,1547
stroop:s08:r0,always_nn,0,0.9372581453814616,0.0627418546185383,8,stroop_to_arithmetic,1335
stroop:s08:r1,always_nn,0,0.0920009490016983,0.9079990509983016,8,stroop_to_arithmetic,1335
stroop:s08:r2,always_nn,1,0.0008282661960695,0.9991717338039304,8,stroop_to_arithmetic,1335
stroop:s08:r3,always_nn,1,0.0489587887807731,0.9510412112192268,8,stroop_to_arithmetic,1335
stroop:s08:r0,rf,0,0.5822264687262786,0.4177735312737213,8,stroop_to_arithmetic,1335
stroop:s08:r1,rf,0,0.1921696470943653,0.8078303529056347,8,stroop_to_arithmetic,1335
stroop:s08:r2,rf,1,0.3031907427671103,0.6968092572328898,8,stroop_to_arithmetic,1335
stroop:s08:r3,rf,1,0.0770274652046028,0.9229725347953972,8,stroop_to_arithmetic,1335
stroop:s08:r0,extra_trees,0,0.6286009077124088,0.3713990922875911,8,stroop_to_arithmetic,1335
stroop:s08:r1,extra_trees,0,0.2691360958713374,0.7308639041286625,8,stroop_to_arithmetic,1335
stroop:s08:r2,extra_trees,1,0.2879475316664174,0.7120524683335826,8,stroop_to_arithmetic,1335
stroop:s08:r3,extra_trees,1,0.1009371176708184,0.8990628823291815,8,stroop_to_arithmetic,1335
stroop:s08:r0,always_nn,0,0.999999755493668,2.445063319617543e-07,8,stroop_to_arithmetic,1388
stroop:s08:r1,always_nn,0,0.0326221074657275,0.9673778925342724,8,stroop_to_arithmetic,1388
stroop:s08:r2,always_nn,1,0.0323194171714613,0.9676805828285384,8,stroop_to_arithmetic,1388
stroop:s08:r3,always_nn,1,1.2482904957417452e-05,0.9999875170950424,8,stroop_to_arithmetic,1388
stroop:s08:r0,rf,0,0.7172039060941893,0.2827960939058108,8,stroop_to_arithmetic,1388
stroop:s08:r1,rf,0,0.1050914128539291,0.8949085871460708,8,stroop_to_arithmetic,1388
stroop:s08:r2,rf,1,0.0486093021997299,0.9513906978002702,8,stroop_to_arithmetic,1388
stroop:s08:r3,rf,1,0.3728462028895955,0.6271537971104044,8,stroop_to_arithmetic,1388
stroop:s08:r0,extra_trees,0,0.7033959549017486,0.2966040450982515,8,stroop_to_arithmetic,1388
stroop:s08:r1,extra_trees,0,0.2302189837923865,0.7697810162076135,8,stroop_to_arithmetic,1388
stroop:s08:r2,extra_trees,1,0.0698687766544725,0.9301312233455274,8,stroop_to_arithmetic,1388
stroop:s08:r3,extra_trees,1,0.3568465256331615,0.6431534743668386,8,stroop_to_arithmetic,1388
stroop:s08:r0,always_nn,0,0.999997239635727,2.7603642729881997e-06,8,stroop_to_arithmetic,1441
stroop:s08:r1,always_nn,0,0.1005839174947231,0.8994160825052769,8,stroop_to_arithmetic,1441
stroop:s08:r2,always_nn,1,0.0560348347119027,0.9439651652880972,8,stroop_to_arithmetic,1441
stroop:s08:r3,always_nn,1,7.890449521152961e-07,0.9999992109550478,8,stroop_to_arithmetic,1441
stroop:s08:r0,rf,0,0.7056352085278382,0.2943647914721618,8,stroop_to_arithmetic,1441
stroop:s08:r1,rf,0,0.1192504891281547,0.8807495108718453,8,stroop_to_arithmetic,1441
stroop:s08:r2,rf,1,0.0457115704511036,0.9542884295488964,8,stroop_to_arithmetic,1441
stroop:s08:r3,rf,1,0.3721639022685838,0.6278360977314162,8,stroop_to_arithmetic,1441
stroop:s08:r0,extra_trees,0,0.6929795715584013,0.3070204284415986,8,stroop_to_arithmetic,1441
stroop:s08:r1,extra_trees,0,0.2250430506117038,0.7749569493882962,8,stroop_to_arithmetic,1441
stroop:s08:r2,extra_trees,1,0.0874040206378998,0.9125959793621,8,stroop_to_arithmetic,1441
stroop:s08:r3,extra_trees,1,0.3594783802804883,0.6405216197195117,8,stroop_to_arithmetic,1441
stroop:s08:r0,always_nn,0,0.9998245501633284,0.0001754498366715,8,stroop_to_arithmetic,1494
stroop:s08:r1,always_nn,0,0.0197571593516036,0.9802428406483964,8,stroop_to_arithmetic,1494
stroop:s08:r2,always_nn,1,0.0095644447229786,0.9904355552770212,8,stroop_to_arithmetic,1494
stroop:s08:r3,always_nn,1,0.0002863055194639,0.999713694480536,8,stroop_to_arithmetic,1494
stroop:s08:r0,rf,0,0.7247826382105471,0.2752173617894528,8,stroop_to_arithmetic,1494
stroop:s08:r1,rf,0,0.093294264820585,0.9067057351794148,8,stroop_to_arithmetic,1494
stroop:s08:r2,rf,1,0.0526463604255082,0.9473536395744916,8,stroop_to_arithmetic,1494
stroop:s08:r3,rf,1,0.3673961952694733,0.6326038047305267,8,stroop_to_arithmetic,1494
stroop:s08:r0,extra_trees,0,0.6875676820427408,0.3124323179572593,8,stroop_to_arithmetic,1494
stroop:s08:r1,extra_trees,0,0.2228678968471221,0.7771321031528778,8,stroop_to_arithmetic,1494
stroop:s08:r2,extra_trees,1,0.0768422872825978,0.9231577127174022,8,stroop_to_arithmetic,1494
stroop:s08:r3,extra_trees,1,0.366521803177563,0.633478196822437,8,stroop_to_arithmetic,1494
stroop:s08:r0,always_nn,0,0.9160826663114032,0.0839173336885967,8,stroop_to_arithmetic,1547
stroop:s08:r1,always_nn,0,0.1053734127662669,0.8946265872337331,8,stroop_to_arithmetic,1547
stroop:s08:r2,always_nn,1,0.0480458794264336,0.9519541205735664,8,stroop_to_arithmetic,1547
stroop:s08:r3,always_nn,1,0.0258522700398689,0.974147729960131,8,stroop_to_arithmetic,1547
stroop:s08:r0,rf,0,0.5845154769064325,0.4154845230935674,8,stroop_to_arithmetic,1547
stroop:s08:r1,rf,0,0.2487322671302383,0.7512677328697616,8,stroop_to_arithmetic,1547
stroop:s08:r2,rf,1,0.304838712266925,0.695161287733075,8,stroop_to_arithmetic,1547
stroop:s08:r3,rf,1,0.0907686280713769,0.909231371928623,8,stroop_to_arithmetic,1547
stroop:s08:r0,extra_trees,0,0.6225821443472319,0.377417855652768,8,stroop_to_arithmetic,1547
stroop:s08:r1,extra_trees,0,0.2903275541980343,0.7096724458019656,8,stroop_to_arithmetic,1547
stroop:s08:r2,extra_trees,1,0.2958498199131546,0.7041501800868455,8,stroop_to_arithmetic,1547
stroop:s08:r3,extra_trees,1,0.1025658041942445,0.8974341958057555,8,stroop_to_arithmetic,1547
stroop:s09:r0,always_nn,0,0.9503838778116024,0.0496161221883975,9,stroop_to_arithmetic,1335
stroop:s09:r1,always_nn,0,0.0265294855876098,0.9734705144123902,9,stroop_to_arithmetic,1335
stroop:s09:r2,always_nn,1,0.780322707067802,0.2196772929321978,9,stroop_to_arithmetic,1335
stroop:s09:r3,always_nn,1,0.0127357271143571,0.9872642728856428,9,stroop_to_arithmetic,1335
stroop:s09:r0,rf,0,0.5717521519078532,0.4282478480921466,9,stroop_to_arithmetic,1335
stroop:s09:r1,rf,0,0.0677080791743048,0.932291920825695,9,stroop_to_arithmetic,1335
stroop:s09:r2,rf,1,0.7039919569103246,0.2960080430896754,9,stroop_to_arithmetic,1335
stroop:s09:r3,rf,1,0.0484490955501034,0.9515509044498964,9,stroop_to_arithmetic,1335
stroop:s09:r0,extra_trees,0,0.7289252807178793,0.2710747192821206,9,stroop_to_arithmetic,1335
stroop:s09:r1,extra_trees,0,0.1534402228071282,0.8465597771928717,9,stroop_to_arithmetic,1335
stroop:s09:r2,extra_trees,1,0.6641092702328302,0.3358907297671699,9,stroop_to_arithmetic,1335
stroop:s09:r3,extra_trees,1,0.072148441440187,0.9278515585598128,9,stroop_to_arithmetic,1335
stroop:s09:r0,always_nn,0,0.9059647558992132,0.0940352441007866,9,stroop_to_arithmetic,1388
stroop:s09:r1,always_nn,0,0.0671238419098463,0.9328761580901538,9,stroop_to_arithmetic,1388
stroop:s09:r2,always_nn,1,0.0348728330408138,0.965127166959186,9,stroop_to_arithmetic,1388
stroop:s09:r3,always_nn,1,0.5067614891234135,0.4932385108765865,9,stroop_to_arithmetic,1388
stroop:s09:r0,rf,0,0.9099510229076396,0.0900489770923603,9,stroop_to_arithmetic,1388
stroop:s09:r1,rf,0,0.00935074887363,0.99064925112637,9,stroop_to_arithmetic,1388
stroop:s09:r2,rf,1,0.0066933450914731,0.9933066549085268,9,stroop_to_arithmetic,1388
stroop:s09:r3,rf,1,0.6834422121963127,0.3165577878036872,9,stroop_to_arithmetic,1388
stroop:s09:r0,extra_trees,0,0.8896090698724427,0.1103909301275573,9,stroop_to_arithmetic,1388
stroop:s09:r1,extra_trees,0,0.0796055197645722,0.9203944802354276,9,stroop_to_arithmetic,1388
stroop:s09:r2,extra_trees,1,0.0209696225579927,0.9790303774420072,9,stroop_to_arithmetic,1388
stroop:s09:r3,extra_trees,1,0.5747039006267589,0.4252960993732412,9,stroop_to_arithmetic,1388
stroop:s09:r0,always_nn,0,0.8878303328805769,0.112169667119423,9,stroop_to_arithmetic,1441
stroop:s09:r1,always_nn,0,0.0947368270079304,0.9052631729920696,9,stroop_to_arithmetic,1441
stroop:s09:r2,always_nn,1,0.0529594841988389,0.9470405158011612,9,stroop_to_arithmetic,1441
stroop:s09:r3,always_nn,1,0.4901529917381684,0.5098470082618316,9,stroop_to_arithmetic,1441
stroop:s09:r0,rf,0,0.8966625442262108,0.1033374557737892,9,stroop_to_arithmetic,1441
stroop:s09:r1,rf,0,0.0089131169719675,0.9910868830280324,9,stroop_to_arithmetic,1441
stroop:s09:r2,rf,1,0.0071448128988284,0.9928551871011716,9,stroop_to_arithmetic,1441
stroop:s09:r3,rf,1,0.6895514414209611,0.3104485585790388,9,stroop_to_arithmetic,1441
stroop:s09:r0,extra_trees,0,0.8825935320159142,0.1174064679840858,9,stroop_to_arithmetic,1441
stroop:s09:r1,extra_trees,0,0.1043751786911349,0.8956248213088651,9,stroop_to_arithmetic,1441
stroop:s09:r2,extra_trees,1,0.0595035254413426,0.9404964745586571,9,stroop_to_arithmetic,1441
stroop:s09:r3,extra_trees,1,0.5636940827097336,0.4363059172902664,9,stroop_to_arithmetic,1441
stroop:s09:r0,always_nn,0,0.8572939801677805,0.1427060198322194,9,stroop_to_arithmetic,1494
stroop:s09:r1,always_nn,0,0.0604619802002592,0.9395380197997408,9,stroop_to_arithmetic,1494
stroop:s09:r2,always_nn,1,0.0228483764446021,0.977151623555398,9,stroop_to_arithmetic,1494
stroop:s09:r3,always_nn,1,0.6819641761682218,0.3180358238317782,9,stroop_to_arithmetic,1494
stroop:s09:r0,rf,0,0.8854032906284998,0.1145967093715003,9,stroop_to_arithmetic,1494
stroop:s09:r1,rf,0,0.0106701628043973,0.9893298371956027,9,stroop_to_arithmetic,1494
stroop:s09:r2,rf,1,0.0092350802752941,0.990764919724706,9,stroop_to_arithmetic,1494
stroop:s09:r3,rf,1,0.6875234255564712,0.3124765744435288,9,stroop_to_arithmetic,1494
stroop:s09:r0,extra_trees,0,0.8913830279720001,0.1086169720279999,9,stroop_to_arithmetic,1494
stroop:s09:r1,extra_trees,0,0.0612075277902937,0.9387924722097064,9,stroop_to_arithmetic,1494
stroop:s09:r2,extra_trees,1,0.0428614372076124,0.9571385627923876,9,stroop_to_arithmetic,1494
stroop:s09:r3,extra_trees,1,0.5760707459076093,0.4239292540923906,9,stroop_to_arithmetic,1494
stroop:s09:r0,always_nn,0,0.9827334625751424,0.0172665374248575,9,stroop_to_arithmetic,1547
stroop:s09:r1,always_nn,0,0.0168132184432926,0.9831867815567074,9,stroop_to_arithmetic,1547
stroop:s09:r2,always_nn,1,0.7115049928750315,0.2884950071249685,9,stroop_to_arithmetic,1547
stroop:s09:r3,always_nn,1,0.0179994737546149,0.9820005262453853,9,stroop_to_arithmetic,1547
stroop:s09:r0,rf,0,0.5624734870363594,0.4375265129636406,9,stroop_to_arithmetic,1547
stroop:s09:r1,rf,0,0.0197508794676065,0.9802491205323934,9,stroop_to_arithmetic,1547
stroop:s09:r2,rf,1,0.7094584722718896,0.2905415277281104,9,stroop_to_arithmetic,1547
stroop:s09:r3,rf,1,0.0505861396086881,0.949413860391312,9,stroop_to_arithmetic,1547
stroop:s09:r0,extra_trees,0,0.7323415283634869,0.2676584716365132,9,stroop_to_arithmetic,1547
stroop:s09:r1,extra_trees,0,0.1330003852530533,0.8669996147469468,9,stroop_to_arithmetic,1547
stroop:s09:r2,extra_trees,1,0.6501081403851219,0.349891859614878,9,stroop_to_arithmetic,1547
stroop:s09:r3,extra_trees,1,0.066683477060558,0.933316522939442,9,stroop_to_arithmetic,1547
stroop:s10:r0,always_nn,0,0.9922458831371886,0.0077541168628113,10,stroop_to_arithmetic,1335
stroop:s10:r1,always_nn,0,0.2757417686125587,0.7242582313874413,10,stroop_to_arithmetic,1335
stroop:s10:r2,always_nn,1,0.9956546419233888,0.0043453580766111,10,stroop_to_arithmetic,1335
stroop:s10:r3,always_nn,1,0.4353910844917397,0.5646089155082604,10,stroop_to_arithmetic,1335
stroop:s10:r0,rf,0,0.9539128535672746,0.0460871464327254,10,stroop_to_arithmetic,1335
stroop:s10:r1,rf,0,0.1296445061130833,0.8703554938869167,10,stroop_to_arithmetic,1335
stroop:s10:r2,rf,1,0.9996155288076408,0.0003844711923593,10,stroop_to_arithmetic,1335
stroop:s10:r3,rf,1,0.1602292087068784,0.8397707912931215,10,stroop_to_arithmetic,1335
stroop:s10:r0,extra_trees,0,0.951175301673614,0.0488246983263861,10,stroop_to_arithmetic,1335
stroop:s10:r1,extra_trees,0,0.2432076987180824,0.7567923012819175,10,stroop_to_arithmetic,1335
stroop:s10:r2,extra_trees,1,0.9951601684957624,0.0048398315042377,10,stroop_to_arithmetic,1335
stroop:s10:r3,extra_trees,1,0.4918613726830559,0.5081386273169441,10,stroop_to_arithmetic,1335
stroop:s10:r0,always_nn,0,0.4429787838336483,0.5570212161663517,10,stroop_to_arithmetic,1388
stroop:s10:r1,always_nn,0,0.9989784786153154,0.0010215213846845,10,stroop_to_arithmetic,1388
stroop:s10:r2,always_nn,1,0.999200598173096,0.0007994018269038,10,stroop_to_arithmetic,1388
stroop:s10:r3,always_nn,1,0.6308797427883303,0.3691202572116696,10,stroop_to_arithmetic,1388
stroop:s10:r0,rf,0,0.5803319803996024,0.4196680196003976,10,stroop_to_arithmetic,1388
stroop:s10:r1,rf,0,0.988717220052256,0.0112827799477438,10,stroop_to_arithmetic,1388
stroop:s10:r2,rf,1,0.9385347263351596,0.0614652736648404,10,stroop_to_arithmetic,1388
stroop:s10:r3,rf,1,0.4895875734569493,0.5104124265430506,10,stroop_to_arithmetic,1388
stroop:s10:r0,extra_trees,0,0.5466427277404153,0.4533572722595847,10,stroop_to_arithmetic,1388
stroop:s10:r1,extra_trees,0,0.9533611864889938,0.0466388135110061,10,stroop_to_arithmetic,1388
stroop:s10:r2,extra_trees,1,0.9015460040682642,0.0984539959317358,10,stroop_to_arithmetic,1388
stroop:s10:r3,extra_trees,1,0.530633780304297,0.4693662196957029,10,stroop_to_arithmetic,1388
stroop:s10:r0,always_nn,0,0.4186394228061462,0.5813605771938538,10,stroop_to_arithmetic,1441
stroop:s10:r1,always_nn,0,0.9982214419370636,0.0017785580629361,10,stroop_to_arithmetic,1441
stroop:s10:r2,always_nn,1,0.9986260877597728,0.001373912240227,10,stroop_to_arithmetic,1441
stroop:s10:r3,always_nn,1,0.569002971345608,0.430997028654392,10,stroop_to_arithmetic,1441
stroop:s10:r0,rf,0,0.5598526063519704,0.4401473936480294,10,stroop_to_arithmetic,1441
stroop:s10:r1,rf,0,0.987566635091015,0.0124333649089849,10,stroop_to_arithmetic,1441
stroop:s10:r2,rf,1,0.9283374438708076,0.0716625561291923,10,stroop_to_arithmetic,1441
stroop:s10:r3,rf,1,0.488798359174263,0.5112016408257369,10,stroop_to_arithmetic,1441
stroop:s10:r0,extra_trees,0,0.5473002482203735,0.4526997517796265,10,stroop_to_arithmetic,1441
stroop:s10:r1,extra_trees,0,0.9338104407266224,0.0661895592733775,10,stroop_to_arithmetic,1441
stroop:s10:r2,extra_trees,1,0.8969883839787112,0.1030116160212888,10,stroop_to_arithmetic,1441
stroop:s10:r3,extra_trees,1,0.538156568510955,0.461843431489045,10,stroop_to_arithmetic,1441
stroop:s10:r0,always_nn,0,0.4751728025704949,0.5248271974295051,10,stroop_to_arithmetic,1494
stroop:s10:r1,always_nn,0,0.996990161355608,0.0030098386443918,10,stroop_to_arithmetic,1494
stroop:s10:r2,always_nn,1,0.9976627871951316,0.0023372128048683,10,stroop_to_arithmetic,1494
stroop:s10:r3,always_nn,1,0.4505026648273778,0.5494973351726222,10,stroop_to_arithmetic,1494
stroop:s10:r0,rf,0,0.5760335075004422,0.4239664924995577,10,stroop_to_arithmetic,1494
stroop:s10:r1,rf,0,0.9841093169067996,0.0158906830932004,10,stroop_to_arithmetic,1494
stroop:s10:r2,rf,1,0.952781106700402,0.0472188932995978,10,stroop_to_arithmetic,1494
stroop:s10:r3,rf,1,0.4868091423206751,0.5131908576793249,10,stroop_to_arithmetic,1494
stroop:s10:r0,extra_trees,0,0.544634943979158,0.455365056020842,10,stroop_to_arithmetic,1494
stroop:s10:r1,extra_trees,0,0.9412171992328048,0.0587828007671952,10,stroop_to_arithmetic,1494
stroop:s10:r2,extra_trees,1,0.915800409460348,0.0841995905396519,10,stroop_to_arithmetic,1494
stroop:s10:r3,extra_trees,1,0.5180899463929004,0.4819100536070995,10,stroop_to_arithmetic,1494
stroop:s10:r0,always_nn,0,0.99520120167865,0.0047987983213498,10,stroop_to_arithmetic,1547
stroop:s10:r1,always_nn,0,0.1591999652323361,0.840800034767664,10,stroop_to_arithmetic,1547
stroop:s10:r2,always_nn,1,0.9973567187542248,0.0026432812457753,10,stroop_to_arithmetic,1547
stroop:s10:r3,always_nn,1,0.1499288369260346,0.8500711630739654,10,stroop_to_arithmetic,1547
stroop:s10:r0,rf,0,0.9649112253306044,0.0350887746693956,10,stroop_to_arithmetic,1547
stroop:s10:r1,rf,0,0.1353617039182189,0.864638296081781,10,stroop_to_arithmetic,1547
stroop:s10:r2,rf,1,0.999643786608908,0.0003562133910919,10,stroop_to_arithmetic,1547
stroop:s10:r3,rf,1,0.1627990778680645,0.8372009221319355,10,stroop_to_arithmetic,1547
stroop:s10:r0,extra_trees,0,0.9491226999333052,0.0508773000666948,10,stroop_to_arithmetic,1547
stroop:s10:r1,extra_trees,0,0.2293380577929433,0.7706619422070566,10,stroop_to_arithmetic,1547
stroop:s10:r2,extra_trees,1,0.9974829947179126,0.0025170052820874,10,stroop_to_arithmetic,1547
stroop:s10:r3,extra_trees,1,0.5009580724684144,0.4990419275315855,10,stroop_to_arithmetic,1547
stroop:s11:r0,always_nn,0,0.9999682651434948,3.1734856505067884e-05,11,stroop_to_arithmetic,1335
stroop:s11:r1,always_nn,0,0.02211181552293,0.97788818447707,11,stroop_to_arithmetic,1335
stroop:s11:r2,always_nn,1,1.820453102382969e-05,0.999981795468976,11,stroop_to_arithmetic,1335
stroop:s11:r3,always_nn,1,0.0132536816519139,0.986746318348086,11,stroop_to_arithmetic,1335
stroop:s11:r0,rf,0,0.7835030357455284,0.2164969642544715,11,stroop_to_arithmetic,1335
stroop:s11:r1,rf,0,0.0247991743527635,0.9752008256472364,11,stroop_to_arithmetic,1335
stroop:s11:r2,rf,1,0.3888272441384978,0.6111727558615022,11,stroop_to_arithmetic,1335
stroop:s11:r3,rf,1,0.003784213579907,0.996215786420093,11,stroop_to_arithmetic,1335
stroop:s11:r0,extra_trees,0,0.722460574421035,0.277539425578965,11,stroop_to_arithmetic,1335
stroop:s11:r1,extra_trees,0,0.0737470438452886,0.9262529561547114,11,stroop_to_arithmetic,1335
stroop:s11:r2,extra_trees,1,0.3510673398804641,0.6489326601195359,11,stroop_to_arithmetic,1335
stroop:s11:r3,extra_trees,1,0.0318131210392965,0.9681868789607035,11,stroop_to_arithmetic,1335
stroop:s11:r0,always_nn,0,0.9999999329254454,6.707455466260687e-08,11,stroop_to_arithmetic,1388
stroop:s11:r1,always_nn,0,0.0086053635639044,0.9913946364360956,11,stroop_to_arithmetic,1388
stroop:s11:r2,always_nn,1,0.0039097528837617,0.9960902471162384,11,stroop_to_arithmetic,1388
stroop:s11:r3,always_nn,1,0.0036385099214348,0.9963614900785652,11,stroop_to_arithmetic,1388
stroop:s11:r0,rf,0,0.5636373786631698,0.4363626213368302,11,stroop_to_arithmetic,1388
stroop:s11:r1,rf,0,0.0192684283404292,0.9807315716595708,11,stroop_to_arithmetic,1388
stroop:s11:r2,rf,1,0.0107359463620645,0.9892640536379356,11,stroop_to_arithmetic,1388
stroop:s11:r3,rf,1,0.3445595404185354,0.6554404595814647,11,stroop_to_arithmetic,1388
stroop:s11:r0,extra_trees,0,0.5906702291970998,0.4093297708029003,11,stroop_to_arithmetic,1388
stroop:s11:r1,extra_trees,0,0.0720707235091459,0.927929276490854,11,stroop_to_arithmetic,1388
stroop:s11:r2,extra_trees,1,0.0294766277675317,0.9705233722324682,11,stroop_to_arithmetic,1388
stroop:s11:r3,extra_trees,1,0.3782707529048954,0.6217292470951046,11,stroop_to_arithmetic,1388
stroop:s11:r0,always_nn,0,0.999999722552177,2.774478230425492e-07,11,stroop_to_arithmetic,1441
stroop:s11:r1,always_nn,0,0.0066764834241463,0.9933235165758536,11,stroop_to_arithmetic,1441
stroop:s11:r2,always_nn,1,0.0022495447060935,0.9977504552939064,11,stroop_to_arithmetic,1441
stroop:s11:r3,always_nn,1,1.616919967947739e-07,0.9999998383080032,11,stroop_to_arithmetic,1441
stroop:s11:r0,rf,0,0.5649219042846151,0.4350780957153849,11,stroop_to_arithmetic,1441
stroop:s11:r1,rf,0,0.0138577973857726,0.9861422026142276,11,stroop_to_arithmetic,1441
stroop:s11:r2,rf,1,0.0117166900808209,0.9882833099191792,11,stroop_to_arithmetic,1441
stroop:s11:r3,rf,1,0.3665060476407078,0.6334939523592922,11,stroop_to_arithmetic,1441
stroop:s11:r0,extra_trees,0,0.5933562244550978,0.4066437755449021,11,stroop_to_arithmetic,1441
stroop:s11:r1,extra_trees,0,0.0689086931563351,0.9310913068436648,11,stroop_to_arithmetic,1441
stroop:s11:r2,extra_trees,1,0.0244670649726614,0.9755329350273384,11,stroop_to_arithmetic,1441
stroop:s11:r3,extra_trees,1,0.376230023442903,0.623769976557097,11,stroop_to_arithmetic,1441
stroop:s11:r0,always_nn,0,0.99999990197495,9.802504983260193e-08,11,stroop_to_arithmetic,1494
stroop:s11:r1,always_nn,0,0.0201663641995916,0.9798336358004084,11,stroop_to_arithmetic,1494
stroop:s11:r2,always_nn,1,0.0085041506978831,0.9914958493021168,11,stroop_to_arithmetic,1494
stroop:s11:r3,always_nn,1,1.2477902246678009e-05,0.9999875220977532,11,stroop_to_arithmetic,1494
stroop:s11:r0,rf,0,0.5484853631592492,0.4515146368407507,11,stroop_to_arithmetic,1494
stroop:s11:r1,rf,0,0.027697853361601,0.972302146638399,11,stroop_to_arithmetic,1494
stroop:s11:r2,rf,1,0.0069211887612251,0.9930788112387748,11,stroop_to_arithmetic,1494
stroop:s11:r3,rf,1,0.355190799369676,0.644809200630324,11,stroop_to_arithmetic,1494
stroop:s11:r0,extra_trees,0,0.6005094243297892,0.3994905756702108,11,stroop_to_arithmetic,1494
stroop:s11:r1,extra_trees,0,0.0682138507151398,0.93178614928486,11,stroop_to_arithmetic,1494
stroop:s11:r2,extra_trees,1,0.0334148472536169,0.966585152746383,11,stroop_to_arithmetic,1494
stroop:s11:r3,extra_trees,1,0.3849472875271596,0.6150527124728403,11,stroop_to_arithmetic,1494
stroop:s11:r0,always_nn,0,0.9999950051476684,4.994852331730003e-06,11,stroop_to_arithmetic,1547
stroop:s11:r1,always_nn,0,0.0397678042671869,0.9602321957328132,11,stroop_to_arithmetic,1547
stroop:s11:r2,always_nn,1,1.4173436264951818e-05,0.999985826563735,11,stroop_to_arithmetic,1547
stroop:s11:r3,always_nn,1,0.0272988909868571,0.9727011090131428,11,stroop_to_arithmetic,1547
stroop:s11:r0,rf,0,0.8121948329008706,0.1878051670991294,11,stroop_to_arithmetic,1547
stroop:s11:r1,rf,0,0.0312497401356948,0.9687502598643052,11,stroop_to_arithmetic,1547
stroop:s11:r2,rf,1,0.3825132827401381,0.6174867172598618,11,stroop_to_arithmetic,1547
stroop:s11:r3,rf,1,0.0061674435155875,0.9938325564844124,11,stroop_to_arithmetic,1547
stroop:s11:r0,extra_trees,0,0.74140577345443,0.25859422654557,11,stroop_to_arithmetic,1547
stroop:s11:r1,extra_trees,0,0.0749916791929899,0.92500832080701,11,stroop_to_arithmetic,1547
stroop:s11:r2,extra_trees,1,0.3483591123537973,0.6516408876462028,11,stroop_to_arithmetic,1547
stroop:s11:r3,extra_trees,1,0.0360432653472698,0.9639567346527302,11,stroop_to_arithmetic,1547
stroop:s12:r0,always_nn,0,0.4914560332189306,0.5085439667810694,12,stroop_to_arithmetic,1335
stroop:s12:r1,always_nn,0,0.0605034366259226,0.9394965633740772,12,stroop_to_arithmetic,1335
stroop:s12:r2,always_nn,1,0.3400572172430651,0.6599427827569349,12,stroop_to_arithmetic,1335
stroop:s12:r3,always_nn,1,0.0564079358065748,0.9435920641934252,12,stroop_to_arithmetic,1335
stroop:s12:r0,rf,0,0.2050773390701234,0.7949226609298765,12,stroop_to_arithmetic,1335
stroop:s12:r1,rf,0,0.1129776412011956,0.8870223587988044,12,stroop_to_arithmetic,1335
stroop:s12:r2,rf,1,0.4258764069609489,0.574123593039051,12,stroop_to_arithmetic,1335
stroop:s12:r3,rf,1,0.1448349168053858,0.8551650831946142,12,stroop_to_arithmetic,1335
stroop:s12:r0,extra_trees,0,0.2514461846961816,0.7485538153038185,12,stroop_to_arithmetic,1335
stroop:s12:r1,extra_trees,0,0.173508601885149,0.8264913981148511,12,stroop_to_arithmetic,1335
stroop:s12:r2,extra_trees,1,0.4239735790276477,0.5760264209723522,12,stroop_to_arithmetic,1335
stroop:s12:r3,extra_trees,1,0.1688320022641399,0.8311679977358601,12,stroop_to_arithmetic,1335
stroop:s12:r0,always_nn,0,0.3816194537279508,0.6183805462720492,12,stroop_to_arithmetic,1388
stroop:s12:r1,always_nn,0,0.0591235308034902,0.9408764691965098,12,stroop_to_arithmetic,1388
stroop:s12:r2,always_nn,1,0.0353740592338215,0.9646259407661784,12,stroop_to_arithmetic,1388
stroop:s12:r3,always_nn,1,0.606669492471877,0.393330507528123,12,stroop_to_arithmetic,1388
stroop:s12:r0,rf,0,0.3569064835998753,0.6430935164001248,12,stroop_to_arithmetic,1388
stroop:s12:r1,rf,0,0.0308154927833571,0.9691845072166428,12,stroop_to_arithmetic,1388
stroop:s12:r2,rf,1,0.0135703433158887,0.9864296566841112,12,stroop_to_arithmetic,1388
stroop:s12:r3,rf,1,0.5267240984065965,0.4732759015934035,12,stroop_to_arithmetic,1388
stroop:s12:r0,extra_trees,0,0.360833402482384,0.639166597517616,12,stroop_to_arithmetic,1388
stroop:s12:r1,extra_trees,0,0.1183457519903723,0.8816542480096277,12,stroop_to_arithmetic,1388
stroop:s12:r2,extra_trees,1,0.0586148358353578,0.941385164164642,12,stroop_to_arithmetic,1388
stroop:s12:r3,extra_trees,1,0.5030318523146914,0.4969681476853086,12,stroop_to_arithmetic,1388
stroop:s12:r0,always_nn,0,0.5095275116062362,0.4904724883937638,12,stroop_to_arithmetic,1441
stroop:s12:r1,always_nn,0,0.0318535951954423,0.9681464048045576,12,stroop_to_arithmetic,1441
stroop:s12:r2,always_nn,1,0.0254683069966263,0.9745316930033736,12,stroop_to_arithmetic,1441
stroop:s12:r3,always_nn,1,0.5440911030882166,0.4559088969117833,12,stroop_to_arithmetic,1441
stroop:s12:r0,rf,0,0.3715836736039177,0.6284163263960821,12,stroop_to_arithmetic,1441
stroop:s12:r1,rf,0,0.0546636980024711,0.9453363019975288,12,stroop_to_arithmetic,1441
stroop:s12:r2,rf,1,0.0151401826162716,0.9848598173837284,12,stroop_to_arithmetic,1441
stroop:s12:r3,rf,1,0.5259771989380397,0.4740228010619601,12,stroop_to_arithmetic,1441
stroop:s12:r0,extra_trees,0,0.3832922678264559,0.6167077321735441,12,stroop_to_arithmetic,1441
stroop:s12:r1,extra_trees,0,0.1178114517504798,0.8821885482495202,12,stroop_to_arithmetic,1441
stroop:s12:r2,extra_trees,1,0.0681080016714417,0.9318919983285582,12,stroop_to_arithmetic,1441
stroop:s12:r3,extra_trees,1,0.5118551425473103,0.4881448574526895,12,stroop_to_arithmetic,1441
stroop:s12:r0,always_nn,0,0.3719720804664562,0.6280279195335439,12,stroop_to_arithmetic,1494
stroop:s12:r1,always_nn,0,0.0179859491176566,0.9820140508823434,12,stroop_to_arithmetic,1494
stroop:s12:r2,always_nn,1,0.0164400582145166,0.9835599417854832,12,stroop_to_arithmetic,1494
stroop:s12:r3,always_nn,1,0.4716799131523877,0.5283200868476122,12,stroop_to_arithmetic,1494
stroop:s12:r0,rf,0,0.3839948872864283,0.6160051127135716,12,stroop_to_arithmetic,1494
stroop:s12:r1,rf,0,0.0586733899143953,0.9413266100856048,12,stroop_to_arithmetic,1494
stroop:s12:r2,rf,1,0.0066399629632857,0.9933600370367142,12,stroop_to_arithmetic,1494
stroop:s12:r3,rf,1,0.521634173265941,0.478365826734059,12,stroop_to_arithmetic,1494
stroop:s12:r0,extra_trees,0,0.3575905910462602,0.6424094089537397,12,stroop_to_arithmetic,1494
stroop:s12:r1,extra_trees,0,0.1307282113277779,0.869271788672222,12,stroop_to_arithmetic,1494
stroop:s12:r2,extra_trees,1,0.0561151106314504,0.9438848893685496,12,stroop_to_arithmetic,1494
stroop:s12:r3,extra_trees,1,0.5076583086481512,0.4923416913518488,12,stroop_to_arithmetic,1494
stroop:s12:r0,always_nn,0,0.5179718373746711,0.4820281626253289,12,stroop_to_arithmetic,1547
stroop:s12:r1,always_nn,0,0.0824389503208898,0.91756104967911,12,stroop_to_arithmetic,1547
stroop:s12:r2,always_nn,1,0.4715424590531886,0.5284575409468114,12,stroop_to_arithmetic,1547
stroop:s12:r3,always_nn,1,0.0641628013927549,0.9358371986072452,12,stroop_to_arithmetic,1547
stroop:s12:r0,rf,0,0.2052410339067567,0.7947589660932431,12,stroop_to_arithmetic,1547
stroop:s12:r1,rf,0,0.1205083916368462,0.8794916083631538,12,stroop_to_arithmetic,1547
stroop:s12:r2,rf,1,0.4225765521953471,0.5774234478046528,12,stroop_to_arithmetic,1547
stroop:s12:r3,rf,1,0.1474262422224446,0.8525737577775554,12,stroop_to_arithmetic,1547
stroop:s12:r0,extra_trees,0,0.2602296071415978,0.7397703928584022,12,stroop_to_arithmetic,1547
stroop:s12:r1,extra_trees,0,0.174223361664909,0.8257766383350909,12,stroop_to_arithmetic,1547
stroop:s12:r2,extra_trees,1,0.4131366483147526,0.5868633516852474,12,stroop_to_arithmetic,1547
stroop:s12:r3,extra_trees,1,0.1686652427880603,0.8313347572119397,12,stroop_to_arithmetic,1547
stroop:s13:r0,always_nn,0,0.2691065506513805,0.7308934493486194,13,stroop_to_arithmetic,1335
stroop:s13:r1,always_nn,0,0.0097315013899783,0.9902684986100216,13,stroop_to_arithmetic,1335
stroop:s13:r2,always_nn,1,0.7725517096165989,0.2274482903834011,13,stroop_to_arithmetic,1335
stroop:s13:r3,always_nn,1,0.0106058226851851,0.9893941773148148,13,stroop_to_arithmetic,1335
stroop:s13:r0,rf,0,0.7702475499983205,0.2297524500016795,13,stroop_to_arithmetic,1335
stroop:s13:r1,rf,0,0.0408196364670868,0.9591803635329132,13,stroop_to_arithmetic,1335
stroop:s13:r2,rf,1,0.2282804864935588,0.7717195135064411,13,stroop_to_arithmetic,1335
stroop:s13:r3,rf,1,0.0110844540776347,0.9889155459223652,13,stroop_to_arithmetic,1335
stroop:s13:r0,extra_trees,0,0.6718401146333197,0.3281598853666803,13,stroop_to_arithmetic,1335
stroop:s13:r1,extra_trees,0,0.022226436709383,0.9777735632906168,13,stroop_to_arithmetic,1335
stroop:s13:r2,extra_trees,1,0.4992058177623242,0.5007941822376758,13,stroop_to_arithmetic,1335
stroop:s13:r3,extra_trees,1,0.0203014707159219,0.979698529284078,13,stroop_to_arithmetic,1335
stroop:s13:r0,always_nn,0,0.2537791925273719,0.7462208074726281,13,stroop_to_arithmetic,1388
stroop:s13:r1,always_nn,0,0.0015256506029689,0.998474349397031,13,stroop_to_arithmetic,1388
stroop:s13:r2,always_nn,1,0.0023785124612085,0.9976214875387914,13,stroop_to_arithmetic,1388
stroop:s13:r3,always_nn,1,0.5483104624241207,0.4516895375758792,13,stroop_to_arithmetic,1388
stroop:s13:r0,rf,0,0.4678362259679551,0.5321637740320448,13,stroop_to_arithmetic,1388
stroop:s13:r1,rf,0,0.2013707280891742,0.7986292719108257,13,stroop_to_arithmetic,1388
stroop:s13:r2,rf,1,0.0916928811601209,0.9083071188398792,13,stroop_to_arithmetic,1388
stroop:s13:r3,rf,1,0.5928817679170092,0.4071182320829907,13,stroop_to_arithmetic,1388
stroop:s13:r0,extra_trees,0,0.3243909130640027,0.6756090869359974,13,stroop_to_arithmetic,1388
stroop:s13:r1,extra_trees,0,0.1321334383290484,0.8678665616709516,13,stroop_to_arithmetic,1388
stroop:s13:r2,extra_trees,1,0.0871312090343738,0.912868790965626,13,stroop_to_arithmetic,1388
stroop:s13:r3,extra_trees,1,0.4047647663498813,0.5952352336501188,13,stroop_to_arithmetic,1388
stroop:s13:r0,always_nn,0,0.3745053909590514,0.6254946090409484,13,stroop_to_arithmetic,1441
stroop:s13:r1,always_nn,0,0.0097441119896602,0.9902558880103396,13,stroop_to_arithmetic,1441
stroop:s13:r2,always_nn,1,0.0159609093542681,0.9840390906457318,13,stroop_to_arithmetic,1441
stroop:s13:r3,always_nn,1,0.5042277830807743,0.4957722169192257,13,stroop_to_arithmetic,1441
stroop:s13:r0,rf,0,0.471826187273716,0.528173812726284,13,stroop_to_arithmetic,1441
stroop:s13:r1,rf,0,0.1926990323073944,0.8073009676926056,13,stroop_to_arithmetic,1441
stroop:s13:r2,rf,1,0.0651085225738278,0.9348914774261722,13,stroop_to_arithmetic,1441
stroop:s13:r3,rf,1,0.5731066960857145,0.4268933039142854,13,stroop_to_arithmetic,1441
stroop:s13:r0,extra_trees,0,0.3835186892792559,0.6164813107207442,13,stroop_to_arithmetic,1441
stroop:s13:r1,extra_trees,0,0.142950595181384,0.8570494048186159,13,stroop_to_arithmetic,1441
stroop:s13:r2,extra_trees,1,0.089373399371797,0.910626600628203,13,stroop_to_arithmetic,1441
stroop:s13:r3,extra_trees,1,0.4088689994686342,0.5911310005313658,13,stroop_to_arithmetic,1441
stroop:s13:r0,always_nn,0,0.3214748069051091,0.6785251930948909,13,stroop_to_arithmetic,1494
stroop:s13:r1,always_nn,0,0.0045725001361323,0.9954274998638676,13,stroop_to_arithmetic,1494
stroop:s13:r2,always_nn,1,0.007441606130719,0.992558393869281,13,stroop_to_arithmetic,1494
stroop:s13:r3,always_nn,1,0.5353277908364272,0.4646722091635727,13,stroop_to_arithmetic,1494
stroop:s13:r0,rf,0,0.454223503992873,0.545776496007127,13,stroop_to_arithmetic,1494
stroop:s13:r1,rf,0,0.1979292324419419,0.8020707675580581,13,stroop_to_arithmetic,1494
stroop:s13:r2,rf,1,0.0983065752353438,0.901693424764656,13,stroop_to_arithmetic,1494
stroop:s13:r3,rf,1,0.6071647185926045,0.3928352814073955,13,stroop_to_arithmetic,1494
stroop:s13:r0,extra_trees,0,0.3463481279465776,0.6536518720534222,13,stroop_to_arithmetic,1494
stroop:s13:r1,extra_trees,0,0.1400149727086571,0.859985027291343,13,stroop_to_arithmetic,1494
stroop:s13:r2,extra_trees,1,0.0709878743712326,0.9290121256287672,13,stroop_to_arithmetic,1494
stroop:s13:r3,extra_trees,1,0.4097486946499262,0.5902513053500736,13,stroop_to_arithmetic,1494
stroop:s13:r0,always_nn,0,0.9988477489569436,0.0011522510430563,13,stroop_to_arithmetic,1547
stroop:s13:r1,always_nn,0,0.0064914623838933,0.9935085376161068,13,stroop_to_arithmetic,1547
stroop:s13:r2,always_nn,1,0.8311436184051814,0.1688563815948187,13,stroop_to_arithmetic,1547
stroop:s13:r3,always_nn,1,0.0052581089324116,0.9947418910675884,13,stroop_to_arithmetic,1547
stroop:s13:r0,rf,0,0.7728349569024012,0.2271650430975987,13,stroop_to_arithmetic,1547
stroop:s13:r1,rf,0,0.0419302728512663,0.9580697271487336,13,stroop_to_arithmetic,1547
stroop:s13:r2,rf,1,0.371282352582681,0.628717647417319,13,stroop_to_arithmetic,1547
stroop:s13:r3,rf,1,0.0218718092897133,0.9781281907102868,13,stroop_to_arithmetic,1547
stroop:s13:r0,extra_trees,0,0.6974063905935715,0.3025936094064285,13,stroop_to_arithmetic,1547
stroop:s13:r1,extra_trees,0,0.0331804809975874,0.9668195190024126,13,stroop_to_arithmetic,1547
stroop:s13:r2,extra_trees,1,0.5016000118729248,0.4983999881270753,13,stroop_to_arithmetic,1547
stroop:s13:r3,extra_trees,1,0.0263039966696121,0.973696003330388,13,stroop_to_arithmetic,1547
