dataset,setting,setting_display,comparison_family,subject,method,method_display,n_recordings,n_class_0,n_class_1,tn,fp,fn,tp,accuracy,balanced_accuracy,sensitivity,specificity,precision,f1,auroc,pr_auc,average_precision,log_loss,brier_score
openbci,cross_task_bidirectional,Bidirectional cross-task,complete_settings_39_posthoc,1,always_fuse,Neural-classical stacking,6,2,4,0,2,0,4,0.66666666666666663,0.5,1,0,0.66666666666666663,0.80000000000000004,0.75,0.87083333333333335,0.88749999999999996,0.6542422373733997,0.23083428996171382
openbci,cross_task_bidirectional,Bidirectional cross-task,complete_settings_39_posthoc,1,always_nn,Feature-MLP (neural reference),6,2,4,1,1,1,3,0.66666666666666663,0.625,0.75,0.5,0.75,0.75,0.5,0.73124999999999996,0.77083333333333326,0.65225584795485048,0.23478821675679182
openbci,cross_task_bidirectional,Bidirectional cross-task,complete_settings_39_posthoc,1,cbsf,CB-SF,6,2,4,1,1,1,3,0.66666666666666663,0.625,0.75,0.5,0.75,0.75,0.625,0.8354166666666667,0.85416666666666663,0.64057297030147398,0.22449983771241119
openbci,cross_task_bidirectional,Bidirectional cross-task,complete_settings_39_posthoc,1,dasf_clean,DASF,6,2,4,0,2,0,4,0.66666666666666663,0.5,1,0,0.66666666666666663,0.80000000000000004,0.75,0.87083333333333335,0.88749999999999996,0.6542422373733997,0.23083428996171382
openbci,cross_task_bidirectional,Bidirectional cross-task,complete_settings_39_posthoc,1,eeg_conformer,EEG-Conformer,6,2,4,1,1,2,2,0.5,0.5,0.5,0.5,0.66666666666666663,0.5714285714285714,0.75,0.87083333333333335,0.88749999999999996,0.68453234642077376,0.24855252780614481
openbci,cross_task_bidirectional,Bidirectional cross-task,complete_settings_39_posthoc,1,eegnet,EEGNet,6,2,4,2,0,4,0,0.33333333333333331,0.5,0,1,,0,0.625,0.76666666666666661,0.8041666666666667,1.8245730420563515,0.54265847997550321
openbci,cross_task_bidirectional,Bidirectional cross-task,complete_settings_39_posthoc,1,equal_blend_050,Equal blend (50%),6,2,4,1,1,1,3,0.66666666666666663,0.625,0.75,0.5,0.75,0.75,0.625,0.8354166666666667,0.85416666666666663,0.62452041956935478,0.21797942150691432
openbci,cross_task_bidirectional,Bidirectional cross-task,complete_settings_39_posthoc,1,extra_trees,Extra Trees,6,2,4,0,2,0,4,0.66666666666666663,0.5,1,0,0.66666666666666663,0.80000000000000004,0.625,0.76666666666666661,0.8041666666666667,0.65540423351275123,0.2303243946239221
openbci,cross_task_bidirectional,Bidirectional cross-task,complete_settings_39_posthoc,1,fixed_blend_010,Fixed blend (10%),6,2,4,1,1,1,3,0.66666666666666663,0.625,0.75,0.5,0.75,0.75,0.625,0.8354166666666667,0.85416666666666663,0.62139682595714796,0.22017293898266899
openbci,cross_task_bidirectional,Bidirectional cross-task,complete_settings_39_posthoc,1,fixed_blend_025,Fixed blend (25%),6,2,4,1,1,1,3,0.66666666666666663,0.625,0.75,0.5,0.75,0.75,0.625,0.8354166666666667,0.85416666666666663,0.6175378309850742,0.21666574748627945
openbci,cross_task_bidirectional,Bidirectional cross-task,complete_settings_39_posthoc,1,rf,Random forest,6,2,4,0,2,0,4,0.66666666666666663,0.5,1,0,0.66666666666666663,0.80000000000000004,0.5,0.73124999999999996,0.77083333333333326,0.6630624975912901,0.23434314552857463
openbci,cross_task_bidirectional,Bidirectional cross-task,complete_settings_39_posthoc,1,riemann_mdm,Riemannian MDM,6,2,4,0,2,0,4,0.66666666666666663,0.5,1,0,0.66666666666666663,0.80000000000000004,0.5,0.73124999999999996,0.77083333333333326,0.70832195177713364,0.24655497770702997
openbci,cross_task_bidirectional,Bidirectional cross-task,complete_settings_39_posthoc,1,riemann_ts_logreg,Riemannian TS-LR,6,2,4,1,1,2,2,0.5,0.5,0.5,0.5,0.66666666666666663,0.5714285714285714,0.5,0.73124999999999996,0.77083333333333326,1.4601437428226764,0.41988502139712658
openbci,cross_task_bidirectional,Bidirectional cross-task,complete_settings_39_posthoc,1,stack_recording,OOF recording-level stacking,6,2,4,2,0,2,2,0.66666666666666663,0.75,0.5,1,1,0.66666666666666663,0.625,0.8354166666666667,0.85416666666666663,0.65233192622522118,0.22995645404629497
openbci,cross_task_bidirectional,Bidirectional cross-task,complete_settings_39_posthoc,2,always_fuse,Neural-classical stacking,6,2,4,1,1,2,2,0.5,0.5,0.5,0.5,0.66666666666666663,0.5714285714285714,0.625,0.8354166666666667,0.85416666666666663,0.78680900485964511,0.29110710452818145
openbci,cross_task_bidirectional,Bidirectional cross-task,complete_settings_39_posthoc,2,always_nn,Feature-MLP (neural reference),6,2,4,2,0,3,1,0.5,0.625,0.25,1,1,0.40000000000000002,0.5,0.73124999999999996,0.77083333333333326,2.536685980937003,0.46409396652876156
openbci,cross_task_bidirectional,Bidirectional cross-task,complete_settings_39_posthoc,2,cbsf,CB-SF,6,2,4,2,0,4,0,0.33333333333333331,0.5,0,1,,0,0.625,0.8354166666666667,0.85416666666666663,0.82008893127137794,0.30375419390618413
openbci,cross_task_bidirectional,Bidirectional cross-task,complete_settings_39_posthoc,2,dasf_clean,DASF,6,2,4,1,1,1,3,0.66666666666666663,0.625,0.75,0.5,0.75,0.75,0.75,0.90833333333333333,0.91666666666666663,2.203724799418473,0.33474513524471111
openbci,cross_task_bidirectional,Bidirectional cross-task,complete_settings_39_posthoc,2,eeg_conformer,EEG-Conformer,6,2,4,0,2,0,4,0.66666666666666663,0.5,1,0,0.66666666666666663,0.80000000000000004,0.5,0.57916666666666661,0.6791666666666667,0.8605443882077809,0.25747153399586981
openbci,cross_task_bidirectional,Bidirectional cross-task,complete_settings_39_posthoc,2,eegnet,EEGNet,6,2,4,0,2,0,4,0.66666666666666663,0.5,1,0,0.66666666666666663,0.80000000000000004,0.25,0.50416666666666665,0.60833333333333328,0.66911509590714502,0.23693916375289192
openbci,cross_task_bidirectional,Bidirectional cross-task,complete_settings_39_posthoc,2,equal_blend_050,Equal blend (50%),6,2,4,2,0,4,0,0.33333333333333331,0.5,0,1,,0,0.75,0.90833333333333333,0.91666666666666663,0.89489589888787913,0.32922749010096042
openbci,cross_task_bidirectional,Bidirectional cross-task,complete_settings_39_posthoc,2,extra_trees,Extra Trees,6,2,4,2,0,3,1,0.5,0.625,0.25,1,1,0.40000000000000002,0.625,0.76666666666666661,0.8041666666666667,0.70634750317124972,0.25816976609155501
openbci,cross_task_bidirectional,Bidirectional cross-task,complete_settings_39_posthoc,2,fixed_blend_010,Fixed blend (10%),6,2,4,2,0,3,1,0.5,0.625,0.25,1,1,0.40000000000000002,0.5,0.73124999999999996,0.77083333333333326,1.1765411877480372,0.39477849966344608
openbci,cross_task_bidirectional,Bidirectional cross-task,complete_settings_39_posthoc,2,fixed_blend_025,Fixed blend (25%),6,2,4,2,0,3,1,0.5,0.625,0.25,1,1,0.40000000000000002,0.5,0.73124999999999996,0.77083333333333326,1.0131265871499124,0.36177222849682417
openbci,cross_task_bidirectional,Bidirectional cross-task,complete_settings_39_posthoc,2,rf,Random forest,6,2,4,2,0,3,1,0.5,0.625,0.25,1,1,0.40000000000000002,0.625,0.8354166666666667,0.85416666666666663,0.80365176905156888,0.29784551493825778
openbci,cross_task_bidirectional,Bidirectional cross-task,complete_settings_39_posthoc,2,riemann_mdm,Riemannian MDM,6,2,4,0,2,1,3,0.5,0.375,0.75,0,0.59999999999999998,0.66666666666666663,0.5,0.73124999999999996,0.77083333333333326,0.73911401674715638,0.26577143038173251
openbci,cross_task_bidirectional,Bidirectional cross-task,complete_settings_39_posthoc,2,riemann_ts_logreg,Riemannian TS-LR,6,2,4,1,1,2,2,0.5,0.5,0.5,0.5,0.66666666666666663,0.5714285714285714,0.75,0.87083333333333335,0.88749999999999996,0.85009260206844883,0.28075148623140328
openbci,cross_task_bidirectional,Bidirectional cross-task,complete_settings_39_posthoc,2,stack_recording,OOF recording-level stacking,6,2,4,1,1,2,2,0.5,0.5,0.5,0.5,0.66666666666666663,0.5714285714285714,0.375,0.54374999999999996,0.64583333333333326,2.3347183356909009,0.43509021861734504
openbci,cross_task_bidirectional,Bidirectional cross-task,complete_settings_39_posthoc,3,always_fuse,Neural-classical stacking,6,2,4,1,1,2,2,0.5,0.5,0.5,0.5,0.66666666666666663,0.5714285714285714,0.75,0.87083333333333335,0.88749999999999996,0.72560864545013348,0.25214074231338096
openbci,cross_task_bidirectional,Bidirectional cross-task,complete_settings_39_posthoc,3,always_nn,Feature-MLP (neural reference),6,2,4,1,1,1,3,0.66666666666666663,0.625,0.75,0.5,0.75,0.75,0.625,0.76666666666666661,0.8041666666666667,3.979141990239476,0.22323751161542063
openbci,cross_task_bidirectional,Bidirectional cross-task,complete_settings_39_posthoc,3,cbsf,CB-SF,6,2,4,1,1,1,3,0.66666666666666663,0.625,0.75,0.5,0.75,0.75,0.75,0.87083333333333335,0.88749999999999996,0.76617721020650953,0.25082121290276632
openbci,cross_task_bidirectional,Bidirectional cross-task,complete_settings_39_posthoc,3,dasf_clean,DASF,6,2,4,1,1,2,2,0.5,0.5,0.5,0.5,0.66666666666666663,0.5714285714285714,0.625,0.76666666666666661,0.8041666666666667,4.144971159643311,0.2845419563490022
openbci,cross_task_bidirectional,Bidirectional cross-task,complete_settings_39_posthoc,3,eeg_conformer,EEG-Conformer,6,2,4,0,2,0,4,0.66666666666666663,0.5,1,0,0.66666666666666663,0.80000000000000004,0.5,0.79583333333333339,0.81666666666666665,0.80028382933606268,0.26834773458639299
openbci,cross_task_bidirectional,Bidirectional cross-task,complete_settings_39_posthoc,3,eegnet,EEGNet,6,2,4,0,2,1,3,0.5,0.375,0.75,0,0.59999999999999998,0.66666666666666663,0.625,0.8354166666666667,0.85416666666666663,0.68228404655194064,0.24458641842025605
openbci,cross_task_bidirectional,Bidirectional cross-task,complete_settings_39_posthoc,3,equal_blend_050,Equal blend (50%),6,2,4,1,1,1,3,0.66666666666666663,0.625,0.75,0.5,0.75,0.75,0.75,0.87083333333333335,0.88749999999999996,0.75750216033098494,0.2374769861867676
openbci,cross_task_bidirectional,Bidirectional cross-task,complete_settings_39_posthoc,3,extra_trees,Extra Trees,6,2,4,0,2,0,4,0.66666666666666663,0.5,1,0,0.66666666666666663,0.80000000000000004,0.625,0.76666666666666661,0.8041666666666667,0.78261142048598542,0.23544548763512219
openbci,cross_task_bidirectional,Bidirectional cross-task,complete_settings_39_posthoc,3,fixed_blend_010,Fixed blend (10%),6,2,4,1,1,1,3,0.66666666666666663,0.625,0.75,0.5,0.75,0.75,0.75,0.87083333333333335,0.88749999999999996,0.94922192409521866,0.22854275779763744
openbci,cross_task_bidirectional,Bidirectional cross-task,complete_settings_39_posthoc,3,fixed_blend_025,Fixed blend (25%),6,2,4,1,1,1,3,0.66666666666666663,0.625,0.75,0.5,0.75,0.75,0.75,0.87083333333333335,0.88749999999999996,0.82932091980440881,0.23226342822829482
openbci,cross_task_bidirectional,Bidirectional cross-task,complete_settings_39_posthoc,3,rf,Random forest,6,2,4,0,2,0,4,0.66666666666666663,0.5,1,0,0.66666666666666663,0.80000000000000004,0.5,0.57916666666666661,0.6791666666666667,0.84224722792736451,0.25452115629795952
openbci,cross_task_bidirectional,Bidirectional cross-task,complete_settings_39_posthoc,3,riemann_mdm,Riemannian MDM,6,2,4,0,2,0,4,0.66666666666666663,0.5,1,0,0.66666666666666663,0.80000000000000004,0.5,0.73124999999999996,0.77083333333333326,0.63588582610267552,0.22534437336711619
openbci,cross_task_bidirectional,Bidirectional cross-task,complete_settings_39_posthoc,3,riemann_ts_logreg,Riemannian TS-LR,6,2,4,1,1,1,3,0.66666666666666663,0.625,0.75,0.5,0.75,0.75,0.875,0.94374999999999998,0.94999999999999996,0.72885781516336445,0.22649426891238686
openbci,cross_task_bidirectional,Bidirectional cross-task,complete_settings_39_posthoc,3,stack_recording,OOF recording-level stacking,6,2,4,1,1,2,2,0.5,0.5,0.5,0.5,0.66666666666666663,0.5714285714285714,0.625,0.76666666666666661,0.8041666666666667,1.7156430209870914,0.29820110053628712
openbci,cross_task_bidirectional,Bidirectional cross-task,complete_settings_39_posthoc,4,always_fuse,Neural-classical stacking,6,2,4,1,1,1,3,0.66666666666666663,0.625,0.75,0.5,0.75,0.75,0.5,0.57916666666666661,0.6791666666666667,1.529049180072775,0.27294054576503757
openbci,cross_task_bidirectional,Bidirectional cross-task,complete_settings_39_posthoc,4,always_nn,Feature-MLP (neural reference),6,2,4,1,1,0,4,0.83333333333333337,0.75,1,0.5,0.80000000000000004,0.88888888888888884,0.5,0.57916666666666661,0.6791666666666667,2.1258388365012464,0.19742302193789282
openbci,cross_task_bidirectional,Bidirectional cross-task,complete_settings_39_posthoc,4,cbsf,CB-SF,6,2,4,1,1,0,4,0.83333333333333337,0.75,1,0.5,0.80000000000000004,0.88888888888888884,0.5,0.57916666666666661,0.6791666666666667,1.5160873651284652,0.18663109592939456
openbci,cross_task_bidirectional,Bidirectional cross-task,complete_settings_39_posthoc,4,dasf_clean,DASF,6,2,4,1,1,1,3,0.66666666666666663,0.625,0.75,0.5,0.75,0.75,0.5,0.57916666666666661,0.6791666666666667,1.529049180072775,0.27294054576503757
openbci,cross_task_bidirectional,Bidirectional cross-task,complete_settings_39_posthoc,4,eeg_conformer,EEG-Conformer,6,2,4,1,1,0,4,0.83333333333333337,0.75,1,0.5,0.80000000000000004,0.88888888888888884,0.625,0.76666666666666661,0.8041666666666667,1.0484220141619442,0.20865133248159318
openbci,cross_task_bidirectional,Bidirectional cross-task,complete_settings_39_posthoc,4,eegnet,EEGNet,6,2,4,1,1,0,4,0.83333333333333337,0.75,1,0.5,0.80000000000000004,0.88888888888888884,1,1,1,0.37039015094421862,0.11434562347343934
openbci,cross_task_bidirectional,Bidirectional cross-task,complete_settings_39_posthoc,4,equal_blend_050,Equal blend (50%),6,2,4,1,1,1,3,0.66666666666666663,0.625,0.75,0.5,0.75,0.75,0.5,0.57916666666666661,0.6791666666666667,1.6041600614091098,0.24932051690944076
openbci,cross_task_bidirectional,Bidirectional cross-task,complete_settings_39_posthoc,4,extra_trees,Extra Trees,6,2,4,1,1,0,4,0.83333333333333337,0.75,1,0.5,0.80000000000000004,0.88888888888888884,0.625,0.76666666666666661,0.8041666666666667,1.7257347332944299,0.24435097029736882
openbci,cross_task_bidirectional,Bidirectional cross-task,complete_settings_39_posthoc,4,fixed_blend_010,Fixed blend (10%),6,2,4,1,1,0,4,0.83333333333333337,0.75,1,0.5,0.80000000000000004,0.88888888888888884,0.5,0.57916666666666661,0.6791666666666667,1.7768249128000722,0.21548364822959612
openbci,cross_task_bidirectional,Bidirectional cross-task,complete_settings_39_posthoc,4,fixed_blend_025,Fixed blend (25%),6,2,4,1,1,0,4,0.83333333333333337,0.75,1,0.5,0.80000000000000004,0.88888888888888884,0.5,0.57916666666666661,0.6791666666666667,1.6776951888938532,0.23233500596020798
openbci,cross_task_bidirectional,Bidirectional cross-task,complete_settings_39_posthoc,4,rf,Random forest,6,2,4,1,1,0,4,0.83333333333333337,0.75,1,0.5,0.80000000000000004,0.88888888888888884,0.75,0.87083333333333335,0.88749999999999996,1.9082380223069066,0.19141101990872569
openbci,cross_task_bidirectional,Bidirectional cross-task,complete_settings_39_posthoc,4,riemann_mdm,Riemannian MDM,6,2,4,1,1,0,4,0.83333333333333337,0.75,1,0.5,0.80000000000000004,0.88888888888888884,0.75,0.87083333333333335,0.88749999999999996,1.3010351570846652,0.17790172413682159
openbci,cross_task_bidirectional,Bidirectional cross-task,complete_settings_39_posthoc,4,riemann_ts_logreg,Riemannian TS-LR,6,2,4,1,1,2,2,0.5,0.5,0.5,0.5,0.66666666666666663,0.5714285714285714,0.75,0.87083333333333335,0.88749999999999996,1.7058190849013648,0.38974922983596588
openbci,cross_task_bidirectional,Bidirectional cross-task,complete_settings_39_posthoc,4,stack_recording,OOF recording-level stacking,6,2,4,1,1,2,2,0.5,0.5,0.5,0.5,0.66666666666666663,0.5714285714285714,0.5,0.57916666666666661,0.6791666666666667,1.6241813271985965,0.43110161227112159
openbci,cross_task_bidirectional,Bidirectional cross-task,complete_settings_39_posthoc,5,always_fuse,Neural-classical stacking,6,2,4,0,2,4,0,0,0,0,0,0,0,0,0.44166666666666671,0.52500000000000002,6.0149492680765846,0.74344790566370944
openbci,cross_task_bidirectional,Bidirectional cross-task,complete_settings_39_posthoc,5,always_nn,Feature-MLP (neural reference),6,2,4,0,2,4,0,0,0,0,0,0,0,0,0.44166666666666671,0.52500000000000002,7.407007782541978,0.96610121067864629
openbci,cross_task_bidirectional,Bidirectional cross-task,complete_settings_39_posthoc,5,cbsf,CB-SF,6,2,4,0,2,4,0,0,0,0,0,0,0,0,0.44166666666666671,0.52500000000000002,5.7483747871328958,0.75893452107048098
openbci,cross_task_bidirectional,Bidirectional cross-task,complete_settings_39_posthoc,5,dasf_clean,DASF,6,2,4,0,2,4,0,0,0,0,0,0,0,0,0.44166666666666671,0.52500000000000002,6.0264139648084907,0.73875005329676835
openbci,cross_task_bidirectional,Bidirectional cross-task,complete_settings_39_posthoc,5,eeg_conformer,EEG-Conformer,6,2,4,2,0,2,2,0.66666666666666663,0.75,0.5,1,1,0.66666666666666663,0.625,0.8354166666666667,0.85416666666666663,1.1286997266062651,0.34853592674600981
openbci,cross_task_bidirectional,Bidirectional cross-task,complete_settings_39_posthoc,5,eegnet,EEGNet,6,2,4,1,1,2,2,0.5,0.5,0.5,0.5,0.66666666666666663,0.5714285714285714,0.5,0.73124999999999996,0.77083333333333326,0.72201738136246874,0.26402970231758521
openbci,cross_task_bidirectional,Bidirectional cross-task,complete_settings_39_posthoc,5,equal_blend_050,Equal blend (50%),6,2,4,0,2,4,0,0,0,0,0,0,0,0,0.44166666666666671,0.52500000000000002,5.8350885731579902,0.79666775901632148
openbci,cross_task_bidirectional,Bidirectional cross-task,complete_settings_39_posthoc,5,extra_trees,Extra Trees,6,2,4,0,2,4,0,0,0,0,0,0,0,0,0.44166666666666671,0.52500000000000002,1.9374610978208777,0.65278794126897954
openbci,cross_task_bidirectional,Bidirectional cross-task,complete_settings_39_posthoc,5,fixed_blend_010,Fixed blend (10%),6,2,4,0,2,4,0,0,0,0,0,0,0,0,0.44166666666666671,0.52500000000000002,6.3106050679010695,0.88823745630902051
openbci,cross_task_bidirectional,Bidirectional cross-task,complete_settings_39_posthoc,5,fixed_blend_025,Fixed blend (25%),6,2,4,0,2,4,0,0,0,0,0,0,0,0,0.44166666666666671,0.52500000000000002,6.0345192897982072,0.84365754893741884
openbci,cross_task_bidirectional,Bidirectional cross-task,complete_settings_39_posthoc,5,rf,Random forest,6,2,4,0,2,4,0,0,0,0,0,0,0,0,0.44166666666666671,0.52500000000000002,3.4828153463536062,0.77931306111898169
openbci,cross_task_bidirectional,Bidirectional cross-task,complete_settings_39_posthoc,5,riemann_mdm,Riemannian MDM,6,2,4,1,1,3,1,0.33333333333333331,0.375,0.25,0.5,0.5,0.33333333333333331,0.5,0.57916666666666661,0.6791666666666667,0.8047902157967689,0.30365572088427345
openbci,cross_task_bidirectional,Bidirectional cross-task,complete_settings_39_posthoc,5,riemann_ts_logreg,Riemannian TS-LR,6,2,4,0,2,3,1,0.16666666666666666,0.125,0.25,0,0.33333333333333331,0.2857142857142857,0.25,0.65000000000000002,0.69166666666666665,1.8338372656877109,0.58413959576265695
openbci,cross_task_bidirectional,Bidirectional cross-task,complete_settings_39_posthoc,5,stack_recording,OOF recording-level stacking,6,2,4,1,1,3,1,0.33333333333333331,0.375,0.25,0.5,0.5,0.33333333333333331,0.125,0.46250000000000002,0.56666666666666665,1.9595303538715287,0.51719161786302381
openbci,cross_task_bidirectional,Bidirectional cross-task,complete_settings_39_posthoc,6,always_fuse,Neural-classical stacking,6,2,4,1,1,0,4,0.83333333333333337,0.75,1,0.5,0.80000000000000004,0.88888888888888884,0.75,0.87083333333333335,0.88749999999999996,0.41975027932144832,0.13708624872572553
openbci,cross_task_bidirectional,Bidirectional cross-task,complete_settings_39_posthoc,6,always_nn,Feature-MLP (neural reference),6,2,4,1,1,2,2,0.5,0.5,0.5,0.5,0.66666666666666663,0.5714285714285714,0.5,0.57916666666666661,0.6791666666666667,0.96509930164933577,0.33543884211375863
openbci,cross_task_bidirectional,Bidirectional cross-task,complete_settings_39_posthoc,6,cbsf,CB-SF,6,2,4,1,1,0,4,0.83333333333333337,0.75,1,0.5,0.80000000000000004,0.88888888888888884,0.875,0.94374999999999998,0.94999999999999996,0.58173714834416113,0.19552125796221567
openbci,cross_task_bidirectional,Bidirectional cross-task,complete_settings_39_posthoc,6,dasf_clean,DASF,6,2,4,1,1,0,4,0.83333333333333337,0.75,1,0.5,0.80000000000000004,0.88888888888888884,0.75,0.87083333333333335,0.88749999999999996,0.41975027932144832,0.13708624872572553
openbci,cross_task_bidirectional,Bidirectional cross-task,complete_settings_39_posthoc,6,eeg_conformer,EEG-Conformer,6,2,4,1,1,2,2,0.5,0.5,0.5,0.5,0.66666666666666663,0.5714285714285714,0.75,0.87083333333333335,0.88749999999999996,0.62004879712251582,0.21476053203782666
openbci,cross_task_bidirectional,Bidirectional cross-task,complete_settings_39_posthoc,6,eegnet,EEGNet,6,2,4,0,2,0,4,0.66666666666666663,0.5,1,0,0.66666666666666663,0.80000000000000004,0.375,0.69166666666666665,0.73333333333333328,0.68148264514199297,0.24417430864150488
openbci,cross_task_bidirectional,Bidirectional cross-task,complete_settings_39_posthoc,6,equal_blend_050,Equal blend (50%),6,2,4,1,1,1,3,0.66666666666666663,0.625,0.75,0.5,0.75,0.75,0.875,0.94374999999999998,0.94999999999999996,0.62827818256933676,0.21808251632723555
openbci,cross_task_bidirectional,Bidirectional cross-task,complete_settings_39_posthoc,6,extra_trees,Extra Trees,6,2,4,1,1,3,1,0.33333333333333331,0.375,0.25,0.5,0.5,0.33333333333333331,0.125,0.46250000000000002,0.56666666666666665,0.90348835032282226,0.34748054471681561
openbci,cross_task_bidirectional,Bidirectional cross-task,complete_settings_39_posthoc,6,fixed_blend_010,Fixed blend (10%),6,2,4,1,1,2,2,0.5,0.5,0.5,0.5,0.66666666666666663,0.5714285714285714,0.5,0.57916666666666661,0.6791666666666667,0.73411983801309466,0.26744798078586984
openbci,cross_task_bidirectional,Bidirectional cross-task,complete_settings_39_posthoc,6,fixed_blend_025,Fixed blend (25%),6,2,4,1,1,1,3,0.66666666666666663,0.625,0.75,0.5,0.75,0.75,0.625,0.76666666666666661,0.8041666666666667,0.67727348706273649,0.24215099996717335
openbci,cross_task_bidirectional,Bidirectional cross-task,complete_settings_39_posthoc,6,rf,Random forest,6,2,4,0,2,2,2,0.33333333333333331,0.25,0.5,0,0.5,0.5,0.375,0.69166666666666665,0.73333333333333328,1.2126048016983708,0.41379237505864025
openbci,cross_task_bidirectional,Bidirectional cross-task,complete_settings_39_posthoc,6,riemann_mdm,Riemannian MDM,6,2,4,2,0,2,2,0.66666666666666663,0.75,0.5,1,1,0.66666666666666663,0.625,0.8354166666666667,0.85416666666666663,7.2024685364513132,0.41027439243746944
openbci,cross_task_bidirectional,Bidirectional cross-task,complete_settings_39_posthoc,6,riemann_ts_logreg,Riemannian TS-LR,6,2,4,1,1,1,3,0.66666666666666663,0.625,0.75,0.5,0.75,0.75,0.875,0.94374999999999998,0.94999999999999996,0.48316077777916444,0.16772995434261317
openbci,cross_task_bidirectional,Bidirectional cross-task,complete_settings_39_posthoc,6,stack_recording,OOF recording-level stacking,6,2,4,1,1,1,3,0.66666666666666663,0.625,0.75,0.5,0.75,0.75,0.5,0.57916666666666661,0.6791666666666667,0.59818381114681385,0.20441441750424097
openbci,cross_task_bidirectional,Bidirectional cross-task,complete_settings_39_posthoc,7,always_fuse,Neural-classical stacking,6,2,4,2,0,3,1,0.5,0.625,0.25,1,1,0.40000000000000002,0.5,0.73124999999999996,0.77083333333333326,0.77350448578304964,0.28778274953112709
openbci,cross_task_bidirectional,Bidirectional cross-task,complete_settings_39_posthoc,7,always_nn,Feature-MLP (neural reference),6,2,4,1,1,2,2,0.5,0.5,0.5,0.5,0.66666666666666663,0.5714285714285714,0.75,0.87083333333333335,0.88749999999999996,1.3405371862778335,0.3488920019694825
openbci,cross_task_bidirectional,Bidirectional cross-task,complete_settings_39_posthoc,7,cbsf,CB-SF,6,2,4,1,1,2,2,0.5,0.5,0.5,0.5,0.66666666666666663,0.5714285714285714,0.625,0.8354166666666667,0.85416666666666663,0.77063264013477173,0.28454772820024871
openbci,cross_task_bidirectional,Bidirectional cross-task,complete_settings_39_posthoc,7,dasf_clean,DASF,6,2,4,2,0,3,1,0.5,0.625,0.25,1,1,0.40000000000000002,0.625,0.76666666666666661,0.8041666666666667,1.401025590099847,0.37592805387454625
openbci,cross_task_bidirectional,Bidirectional cross-task,complete_settings_39_posthoc,7,eeg_conformer,EEG-Conformer,6,2,4,1,1,2,2,0.5,0.5,0.5,0.5,0.66666666666666663,0.5714285714285714,0.625,0.76666666666666661,0.8041666666666667,2.1327244631979729,0.48575673753735654
openbci,cross_task_bidirectional,Bidirectional cross-task,complete_settings_39_posthoc,7,eegnet,EEGNet,6,2,4,1,1,2,2,0.5,0.5,0.5,0.5,0.66666666666666663,0.5714285714285714,0.75,0.87083333333333335,0.88749999999999996,1.8980091442056584,0.43228439729074647
openbci,cross_task_bidirectional,Bidirectional cross-task,complete_settings_39_posthoc,7,equal_blend_050,Equal blend (50%),6,2,4,1,1,2,2,0.5,0.5,0.5,0.5,0.66666666666666663,0.5714285714285714,0.625,0.8354166666666667,0.85416666666666663,0.79033850152943275,0.28829088642439393
openbci,cross_task_bidirectional,Bidirectional cross-task,complete_settings_39_posthoc,7,extra_trees,Extra Trees,6,2,4,1,1,2,2,0.5,0.5,0.5,0.5,0.66666666666666663,0.5714285714285714,0.375,0.54374999999999996,0.64583333333333326,1.8870117188366169,0.4192717032186572
openbci,cross_task_bidirectional,Bidirectional cross-task,complete_settings_39_posthoc,7,fixed_blend_010,Fixed blend (10%),6,2,4,1,1,2,2,0.5,0.5,0.5,0.5,0.66666666666666663,0.5714285714285714,0.75,0.87083333333333335,0.88749999999999996,0.94401597509511281,0.31917976479333882
openbci,cross_task_bidirectional,Bidirectional cross-task,complete_settings_39_posthoc,7,fixed_blend_025,Fixed blend (25%),6,2,4,1,1,2,2,0.5,0.5,0.5,0.5,0.66666666666666663,0.5714285714285714,0.75,0.87083333333333335,0.88749999999999996,0.84891076364939488,0.30207828386271185
openbci,cross_task_bidirectional,Bidirectional cross-task,complete_settings_39_posthoc,7,rf,Random forest,6,2,4,1,1,2,2,0.5,0.5,0.5,0.5,0.66666666666666663,0.5714285714285714,0.375,0.54374999999999996,0.64583333333333326,3.0596926221965162,0.45261709334634731
openbci,cross_task_bidirectional,Bidirectional cross-task,complete_settings_39_posthoc,7,riemann_mdm,Riemannian MDM,6,2,4,1,1,2,2,0.5,0.5,0.5,0.5,0.66666666666666663,0.5714285714285714,0.75,0.87083333333333335,0.88749999999999996,2.6982796795267188,0.42053831344077425
openbci,cross_task_bidirectional,Bidirectional cross-task,complete_settings_39_posthoc,7,riemann_ts_logreg,Riemannian TS-LR,6,2,4,1,1,1,3,0.66666666666666663,0.625,0.75,0.5,0.75,0.75,0.875,0.94374999999999998,0.94999999999999996,0.3627674961401508,0.12578538356129843
openbci,cross_task_bidirectional,Bidirectional cross-task,complete_settings_39_posthoc,7,stack_recording,OOF recording-level stacking,6,2,4,1,1,2,2,0.5,0.5,0.5,0.5,0.66666666666666663,0.5714285714285714,0.75,0.87083333333333335,0.88749999999999996,0.80540256487834316,0.30473305617800728
openbci,cross_task_bidirectional,Bidirectional cross-task,complete_settings_39_posthoc,8,always_fuse,Neural-classical stacking,6,2,4,1,1,2,2,0.5,0.5,0.5,0.5,0.66666666666666663,0.5714285714285714,0.375,0.54374999999999996,0.64583333333333326,0.74155619981280452,0.2732756302140828
openbci,cross_task_bidirectional,Bidirectional cross-task,complete_settings_39_posthoc,8,always_nn,Feature-MLP (neural reference),6,2,4,0,2,1,3,0.5,0.375,0.75,0,0.59999999999999998,0.66666666666666663,0.375,0.54374999999999996,0.64583333333333326,1.2974855545575319,0.33486120770326916
openbci,cross_task_bidirectional,Bidirectional cross-task,complete_settings_39_posthoc,8,cbsf,CB-SF,6,2,4,1,1,2,2,0.5,0.5,0.5,0.5,0.66666666666666663,0.5714285714285714,0.375,0.54374999999999996,0.64583333333333326,0.73920577670622378,0.27147502013549502
openbci,cross_task_bidirectional,Bidirectional cross-task,complete_settings_39_posthoc,8,dasf_clean,DASF,6,2,4,0,2,1,3,0.5,0.375,0.75,0,0.59999999999999998,0.66666666666666663,0.375,0.54374999999999996,0.64583333333333326,1.2974855545575319,0.33486120770326916
openbci,cross_task_bidirectional,Bidirectional cross-task,complete_settings_39_posthoc,8,eeg_conformer,EEG-Conformer,6,2,4,1,1,2,2,0.5,0.5,0.5,0.5,0.66666666666666663,0.5714285714285714,0.75,0.87083333333333335,0.88749999999999996,0.76878916842529021,0.28376729727069261
openbci,cross_task_bidirectional,Bidirectional cross-task,complete_settings_39_posthoc,8,eegnet,EEGNet,6,2,4,0,2,0,4,0.66666666666666663,0.5,1,0,0.66666666666666663,0.80000000000000004,0.25,0.50416666666666665,0.60833333333333328,0.66580264298114999,0.23469176775304981
openbci,cross_task_bidirectional,Bidirectional cross-task,complete_settings_39_posthoc,8,equal_blend_050,Equal blend (50%),6,2,4,1,1,1,3,0.66666666666666663,0.625,0.75,0.5,0.75,0.75,0.375,0.54374999999999996,0.64583333333333326,0.746881626018153,0.27303396338253888
openbci,cross_task_bidirectional,Bidirectional cross-task,complete_settings_39_posthoc,8,extra_trees,Extra Trees,6,2,4,1,1,1,3,0.66666666666666663,0.625,0.75,0.5,0.75,0.75,0.375,0.54374999999999996,0.64583333333333326,0.68673940777092479,0.2452280625827081
openbci,cross_task_bidirectional,Bidirectional cross-task,complete_settings_39_posthoc,8,fixed_blend_010,Fixed blend (10%),6,2,4,1,1,1,3,0.66666666666666663,0.625,0.75,0.5,0.75,0.75,0.375,0.54374999999999996,0.64583333333333326,0.82835500144502217,0.29357672696859005
openbci,cross_task_bidirectional,Bidirectional cross-task,complete_settings_39_posthoc,8,fixed_blend_025,Fixed blend (25%),6,2,4,1,1,1,3,0.66666666666666663,0.625,0.75,0.5,0.75,0.75,0.375,0.54374999999999996,0.64583333333333326,0.77488071122099855,0.28081273380759381
openbci,cross_task_bidirectional,Bidirectional cross-task,complete_settings_39_posthoc,8,rf,Random forest,6,2,4,1,1,1,3,0.66666666666666663,0.625,0.75,0.5,0.75,0.75,0.375,0.54374999999999996,0.64583333333333326,0.70249094146157731,0.25110091097654375
openbci,cross_task_bidirectional,Bidirectional cross-task,complete_settings_39_posthoc,8,riemann_mdm,Riemannian MDM,6,2,4,0,2,1,3,0.5,0.375,0.75,0,0.59999999999999998,0.66666666666666663,0.375,0.54374999999999996,0.64583333333333326,0.85845750862360382,0.29961198459683586
openbci,cross_task_bidirectional,Bidirectional cross-task,complete_settings_39_posthoc,8,riemann_ts_logreg,Riemannian TS-LR,6,2,4,0,2,0,4,0.66666666666666663,0.5,1,0,0.66666666666666663,0.80000000000000004,0.5,0.57916666666666661,0.6791666666666667,1.5664882866742171,0.2912338075461936
openbci,cross_task_bidirectional,Bidirectional cross-task,complete_settings_39_posthoc,8,stack_recording,OOF recording-level stacking,6,2,4,1,1,4,0,0.16666666666666666,0.25,0,0.5,0,0,0.375,0.54374999999999996,0.64583333333333326,1.5515165273500828,0.52293035504544139
openbci,cross_task_bidirectional,Bidirectional cross-task,complete_settings_39_posthoc,9,always_fuse,Neural-classical stacking,6,2,4,1,1,2,2,0.5,0.5,0.5,0.5,0.66666666666666663,0.5714285714285714,0.625,0.8354166666666667,0.85416666666666663,0.70062850590265979,0.25359587776089659
openbci,cross_task_bidirectional,Bidirectional cross-task,complete_settings_39_posthoc,9,always_nn,Feature-MLP (neural reference),6,2,4,1,1,2,2,0.5,0.5,0.5,0.5,0.66666666666666663,0.5714285714285714,0.5,0.73124999999999996,0.77083333333333326,1.9268579358451838,0.37302631784057461
openbci,cross_task_bidirectional,Bidirectional cross-task,complete_settings_39_posthoc,9,cbsf,CB-SF,6,2,4,1,1,2,2,0.5,0.5,0.5,0.5,0.66666666666666663,0.5714285714285714,0.625,0.8354166666666667,0.85416666666666663,0.68760060356917341,0.24737454222798361
openbci,cross_task_bidirectional,Bidirectional cross-task,complete_settings_39_posthoc,9,dasf_clean,DASF,6,2,4,1,1,2,2,0.5,0.5,0.5,0.5,0.66666666666666663,0.5714285714285714,0.5,0.73124999999999996,0.77083333333333326,1.7255912509580689,0.30215594500054577
openbci,cross_task_bidirectional,Bidirectional cross-task,complete_settings_39_posthoc,9,eeg_conformer,EEG-Conformer,6,2,4,1,1,1,3,0.66666666666666663,0.625,0.75,0.5,0.75,0.75,0.75,0.87083333333333335,0.88749999999999996,0.78071148638938614,0.23459883734110901
openbci,cross_task_bidirectional,Bidirectional cross-task,complete_settings_39_posthoc,9,eegnet,EEGNet,6,2,4,0,2,0,4,0.66666666666666663,0.5,1,0,0.66666666666666663,0.80000000000000004,0.5,0.73124999999999996,0.77083333333333326,0.93777623229061879,0.27960737635094551
openbci,cross_task_bidirectional,Bidirectional cross-task,complete_settings_39_posthoc,9,equal_blend_050,Equal blend (50%),6,2,4,1,1,2,2,0.5,0.5,0.5,0.5,0.66666666666666663,0.5714285714285714,0.625,0.8354166666666667,0.85416666666666663,0.70274461494099194,0.25512048068478971
openbci,cross_task_bidirectional,Bidirectional cross-task,complete_settings_39_posthoc,9,extra_trees,Extra Trees,6,2,4,1,1,2,2,0.5,0.5,0.5,0.5,0.66666666666666663,0.5714285714285714,0.625,0.8354166666666667,0.85416666666666663,0.94595193258420984,0.34736768616260744
openbci,cross_task_bidirectional,Bidirectional cross-task,complete_settings_39_posthoc,9,fixed_blend_010,Fixed blend (10%),6,2,4,1,1,2,2,0.5,0.5,0.5,0.5,0.66666666666666663,0.5714285714285714,0.625,0.8354166666666667,0.85416666666666663,0.90243028911952294,0.31060005911342037
openbci,cross_task_bidirectional,Bidirectional cross-task,complete_settings_39_posthoc,9,fixed_blend_025,Fixed blend (25%),6,2,4,1,1,2,2,0.5,0.5,0.5,0.5,0.66666666666666663,0.5714285714285714,0.625,0.8354166666666667,0.85416666666666663,0.77369574190117041,0.28082041878174119
openbci,cross_task_bidirectional,Bidirectional cross-task,complete_settings_39_posthoc,9,rf,Random forest,6,2,4,1,1,2,2,0.5,0.5,0.5,0.5,0.66666666666666663,0.5714285714285714,0.5,0.73124999999999996,0.77083333333333326,1.473430501988503,0.44202433244929296
openbci,cross_task_bidirectional,Bidirectional cross-task,complete_settings_39_posthoc,9,riemann_mdm,Riemannian MDM,6,2,4,0,2,0,4,0.66666666666666663,0.5,1,0,0.66666666666666663,0.80000000000000004,0.625,0.76666666666666661,0.8041666666666667,1.3651248003093528,0.29025497270617628
openbci,cross_task_bidirectional,Bidirectional cross-task,complete_settings_39_posthoc,9,riemann_ts_logreg,Riemannian TS-LR,6,2,4,1,1,2,2,0.5,0.5,0.5,0.5,0.66666666666666663,0.5714285714285714,0.75,0.87083333333333335,0.88749999999999996,2.0395104797252928,0.37587179185061731
openbci,cross_task_bidirectional,Bidirectional cross-task,complete_settings_39_posthoc,9,stack_recording,OOF recording-level stacking,6,2,4,0,2,1,3,0.5,0.375,0.75,0,0.59999999999999998,0.66666666666666663,0.5,0.73124999999999996,0.77083333333333326,1.1913594402692917,0.31177635294578226
openbci,cross_task_bidirectional,Bidirectional cross-task,complete_settings_39_posthoc,10,always_fuse,Neural-classical stacking,6,2,4,0,2,3,1,0.16666666666666666,0.125,0.25,0,0.33333333333333331,0.2857142857142857,0.25,0.65000000000000002,0.69166666666666665,0.77128886533550178,0.29063880299617212
openbci,cross_task_bidirectional,Bidirectional cross-task,complete_settings_39_posthoc,10,always_nn,Feature-MLP (neural reference),6,2,4,1,1,3,1,0.33333333333333331,0.375,0.25,0.5,0.5,0.33333333333333331,0.375,0.69166666666666665,0.73333333333333328,1.333449871200423,0.46984206086221142
openbci,cross_task_bidirectional,Bidirectional cross-task,complete_settings_39_posthoc,10,cbsf,CB-SF,6,2,4,1,1,2,2,0.5,0.5,0.5,0.5,0.66666666666666663,0.5714285714285714,0.375,0.69166666666666665,0.73333333333333328,0.77066487640631143,0.28734917125629827
openbci,cross_task_bidirectional,Bidirectional cross-task,complete_settings_39_posthoc,10,dasf_clean,DASF,6,2,4,0,2,3,1,0.16666666666666666,0.125,0.25,0,0.33333333333333331,0.2857142857142857,0.25,0.65000000000000002,0.69166666666666665,0.77128886533550178,0.29063880299617212
openbci,cross_task_bidirectional,Bidirectional cross-task,complete_settings_39_posthoc,10,eeg_conformer,EEG-Conformer,6,2,4,1,1,2,2,0.5,0.5,0.5,0.5,0.66666666666666663,0.5714285714285714,0.5,0.57916666666666661,0.6791666666666667,0.83150280452155789,0.31124119383987492
openbci,cross_task_bidirectional,Bidirectional cross-task,complete_settings_39_posthoc,10,eegnet,EEGNet,6,2,4,1,1,2,2,0.5,0.5,0.5,0.5,0.66666666666666663,0.5714285714285714,0.25,0.50416666666666665,0.60833333333333328,0.69430381231538052,0.25048675758952155
openbci,cross_task_bidirectional,Bidirectional cross-task,complete_settings_39_posthoc,10,equal_blend_050,Equal blend (50%),6,2,4,1,1,3,1,0.33333333333333331,0.375,0.25,0.5,0.5,0.33333333333333331,0.375,0.69166666666666665,0.73333333333333328,0.82340014000431971,0.31124156288392407
openbci,cross_task_bidirectional,Bidirectional cross-task,complete_settings_39_posthoc,10,extra_trees,Extra Trees,6,2,4,1,1,3,1,0.33333333333333331,0.375,0.25,0.5,0.5,0.33333333333333331,0.625,0.76666666666666661,0.8041666666666667,0.87865867489067784,0.33823682101778213
openbci,cross_task_bidirectional,Bidirectional cross-task,complete_settings_39_posthoc,10,fixed_blend_010,Fixed blend (10%),6,2,4,1,1,3,1,0.33333333333333331,0.375,0.25,0.5,0.5,0.33333333333333331,0.375,0.69166666666666665,0.73333333333333328,1.073551517277594,0.40771896251467471
openbci,cross_task_bidirectional,Bidirectional cross-task,complete_settings_39_posthoc,10,fixed_blend_025,Fixed blend (25%),6,2,4,1,1,3,1,0.33333333333333331,0.375,0.25,0.5,0.5,0.33333333333333331,0.375,0.69166666666666665,0.73333333333333328,0.9322168665741396,0.35851295930728272
openbci,cross_task_bidirectional,Bidirectional cross-task,complete_settings_39_posthoc,10,rf,Random forest,6,2,4,1,1,3,1,0.33333333333333331,0.375,0.25,0.5,0.5,0.33333333333333331,0.5,0.73124999999999996,0.77083333333333326,0.98022798538501477,0.36632501007268181
openbci,cross_task_bidirectional,Bidirectional cross-task,complete_settings_39_posthoc,10,riemann_mdm,Riemannian MDM,6,2,4,1,1,3,1,0.33333333333333331,0.375,0.25,0.5,0.5,0.33333333333333331,0.375,0.69166666666666665,0.73333333333333328,1.5270136294535783,0.47465338865512624
openbci,cross_task_bidirectional,Bidirectional cross-task,complete_settings_39_posthoc,10,riemann_ts_logreg,Riemannian TS-LR,6,2,4,1,1,3,1,0.33333333333333331,0.375,0.25,0.5,0.5,0.33333333333333331,0.5,0.73124999999999996,0.77083333333333326,3.2045276755086491,0.49807454456038869
openbci,cross_task_bidirectional,Bidirectional cross-task,complete_settings_39_posthoc,10,stack_recording,OOF recording-level stacking,6,2,4,1,1,2,2,0.5,0.5,0.5,0.5,0.66666666666666663,0.5714285714285714,0.5,0.79583333333333339,0.81666666666666665,0.77369292305109683,0.28845414565306582
openbci,cross_task_bidirectional,Bidirectional cross-task,complete_settings_39_posthoc,11,always_fuse,Neural-classical stacking,6,2,4,1,1,2,2,0.5,0.5,0.5,0.5,0.66666666666666663,0.5714285714285714,0.5,0.79583333333333339,0.81666666666666665,5.1331026527681844,0.44655673925879169
openbci,cross_task_bidirectional,Bidirectional cross-task,complete_settings_39_posthoc,11,always_nn,Feature-MLP (neural reference),6,2,4,1,1,4,0,0.16666666666666666,0.25,0,0.5,0,0,0.375,0.54374999999999996,0.64583333333333326,7.7318028887050261,0.6440392902590053
openbci,cross_task_bidirectional,Bidirectional cross-task,complete_settings_39_posthoc,11,cbsf,CB-SF,6,2,4,1,1,4,0,0.16666666666666666,0.25,0,0.5,0,0,0.25,0.50416666666666665,0.60833333333333328,5.104592295570975,0.47565712070332444
openbci,cross_task_bidirectional,Bidirectional cross-task,complete_settings_39_posthoc,11,dasf_clean,DASF,6,2,4,1,1,2,2,0.5,0.5,0.5,0.5,0.66666666666666663,0.5714285714285714,0.625,0.8354166666666667,0.85416666666666663,7.2721051649656658,0.44655712398664366
openbci,cross_task_bidirectional,Bidirectional cross-task,complete_settings_39_posthoc,11,eeg_conformer,EEG-Conformer,6,2,4,1,1,2,2,0.5,0.5,0.5,0.5,0.66666666666666663,0.5714285714285714,0.25,0.50416666666666665,0.60833333333333328,1.6513413658108576,0.45320926505867737
openbci,cross_task_bidirectional,Bidirectional cross-task,complete_settings_39_posthoc,11,eegnet,EEGNet,6,2,4,0,2,0,4,0.66666666666666663,0.5,1,0,0.66666666666666663,0.80000000000000004,0.25,0.50416666666666665,0.60833333333333328,1.1820348631476498,0.28337455339718592
openbci,cross_task_bidirectional,Bidirectional cross-task,complete_settings_39_posthoc,11,equal_blend_050,Equal blend (50%),6,2,4,1,1,4,0,0.16666666666666666,0.25,0,0.5,0,0,0.25,0.50416666666666665,0.60833333333333328,5.280148042894119,0.52215905188592127
openbci,cross_task_bidirectional,Bidirectional cross-task,complete_settings_39_posthoc,11,extra_trees,Extra Trees,6,2,4,1,1,2,2,0.5,0.5,0.5,0.5,0.66666666666666663,0.5714285714285714,0.375,0.54374999999999996,0.64583333333333326,1.8062267203001774,0.43946937774882811
openbci,cross_task_bidirectional,Bidirectional cross-task,complete_settings_39_posthoc,11,fixed_blend_010,Fixed blend (10%),6,2,4,1,1,4,0,0.16666666666666666,0.25,0,0.5,0,0,0.375,0.54374999999999996,0.64583333333333326,5.8687859121885895,0.60717501425315146
openbci,cross_task_bidirectional,Bidirectional cross-task,complete_settings_39_posthoc,11,fixed_blend_025,Fixed blend (25%),6,2,4,1,1,4,0,0.16666666666666666,0.25,0,0.5,0,0,0.375,0.54374999999999996,0.64583333333333326,5.5471276417285047,0.56955288988685382
openbci,cross_task_bidirectional,Bidirectional cross-task,complete_settings_39_posthoc,11,rf,Random forest,6,2,4,1,1,2,2,0.5,0.5,0.5,0.5,0.66666666666666663,0.5714285714285714,0.5,0.79583333333333339,0.81666666666666665,3.1475736305628979,0.43778779934499618
openbci,cross_task_bidirectional,Bidirectional cross-task,complete_settings_39_posthoc,11,riemann_mdm,Riemannian MDM,6,2,4,0,2,0,4,0.66666666666666663,0.5,1,0,0.66666666666666663,0.80000000000000004,0.375,0.54374999999999996,0.64583333333333326,0.72606482327645117,0.26397247329549123
openbci,cross_task_bidirectional,Bidirectional cross-task,complete_settings_39_posthoc,11,riemann_ts_logreg,Riemannian TS-LR,6,2,4,0,2,3,1,0.16666666666666666,0.125,0.25,0,0.33333333333333331,0.2857142857142857,0,0.44166666666666671,0.52500000000000002,1.8632644037469426,0.59210288075876527
openbci,cross_task_bidirectional,Bidirectional cross-task,complete_settings_39_posthoc,11,stack_recording,OOF recording-level stacking,6,2,4,2,0,2,2,0.66666666666666663,0.75,0.5,1,1,0.66666666666666663,0.5,0.79583333333333339,0.81666666666666665,3.7801855074115926,0.37848646804023051
openbci,cross_task_bidirectional,Bidirectional cross-task,complete_settings_39_posthoc,12,always_fuse,Neural-classical stacking,6,2,4,1,1,2,2,0.5,0.5,0.5,0.5,0.66666666666666663,0.5714285714285714,0.375,0.54374999999999996,0.64583333333333326,1.1911583931170107,0.31350899820764849
openbci,cross_task_bidirectional,Bidirectional cross-task,complete_settings_39_posthoc,12,always_nn,Feature-MLP (neural reference),6,2,4,0,2,0,4,0.66666666666666663,0.5,1,0,0.66666666666666663,0.80000000000000004,0.5,0.73124999999999996,0.77083333333333326,0.69629502863402981,0.24454213202320665
openbci,cross_task_bidirectional,Bidirectional cross-task,complete_settings_39_posthoc,12,cbsf,CB-SF,6,2,4,0,2,1,3,0.5,0.375,0.75,0,0.59999999999999998,0.66666666666666663,0.375,0.69166666666666665,0.73333333333333328,0.81039503827375381,0.282123811065565
openbci,cross_task_bidirectional,Bidirectional cross-task,complete_settings_39_posthoc,12,dasf_clean,DASF,6,2,4,1,1,2,2,0.5,0.5,0.5,0.5,0.66666666666666663,0.5714285714285714,0.375,0.54374999999999996,0.64583333333333326,1.1911583931170107,0.31350899820764849
openbci,cross_task_bidirectional,Bidirectional cross-task,complete_settings_39_posthoc,12,eeg_conformer,EEG-Conformer,6,2,4,0,2,0,4,0.66666666666666663,0.5,1,0,0.66666666666666663,0.80000000000000004,0,0.44166666666666671,0.52500000000000002,0.69304412205236565,0.24633846700654979
openbci,cross_task_bidirectional,Bidirectional cross-task,complete_settings_39_posthoc,12,eegnet,EEGNet,6,2,4,0,2,0,4,0.66666666666666663,0.5,1,0,0.66666666666666663,0.80000000000000004,0.375,0.69166666666666665,0.73333333333333328,0.68537930521026935,0.23849535241511097
openbci,cross_task_bidirectional,Bidirectional cross-task,complete_settings_39_posthoc,12,equal_blend_050,Equal blend (50%),6,2,4,0,2,0,4,0.66666666666666663,0.5,1,0,0.66666666666666663,0.80000000000000004,0.375,0.69166666666666665,0.73333333333333328,0.72768593940927195,0.25900838490009209
openbci,cross_task_bidirectional,Bidirectional cross-task,complete_settings_39_posthoc,12,extra_trees,Extra Trees,6,2,4,0,2,0,4,0.66666666666666663,0.5,1,0,0.66666666666666663,0.80000000000000004,0.875,0.94374999999999998,0.94999999999999996,0.58536231760459656,0.19801081399185641
openbci,cross_task_bidirectional,Bidirectional cross-task,complete_settings_39_posthoc,12,fixed_blend_010,Fixed blend (10%),6,2,4,0,2,0,4,0.66666666666666663,0.5,1,0,0.66666666666666663,0.80000000000000004,0.25,0.65000000000000002,0.69166666666666665,0.68161367771811621,0.24136521069481909
openbci,cross_task_bidirectional,Bidirectional cross-task,complete_settings_39_posthoc,12,fixed_blend_025,Fixed blend (25%),6,2,4,0,2,0,4,0.66666666666666663,0.5,1,0,0.66666666666666663,0.80000000000000004,0.25,0.65000000000000002,0.69166666666666665,0.69217487034264158,0.24619432508053787
openbci,cross_task_bidirectional,Bidirectional cross-task,complete_settings_39_posthoc,12,rf,Random forest,6,2,4,1,1,2,2,0.5,0.5,0.5,0.5,0.66666666666666663,0.5714285714285714,0.75,0.87083333333333335,0.88749999999999996,0.59197196728211321,0.20230798500131966
openbci,cross_task_bidirectional,Bidirectional cross-task,complete_settings_39_posthoc,12,riemann_mdm,Riemannian MDM,6,2,4,1,1,0,4,0.83333333333333337,0.75,1,0.5,0.80000000000000004,0.88888888888888884,0.5,0.57916666666666661,0.6791666666666667,0.62732144232036036,0.20747863706282579
openbci,cross_task_bidirectional,Bidirectional cross-task,complete_settings_39_posthoc,12,riemann_ts_logreg,Riemannian TS-LR,6,2,4,0,2,0,4,0.66666666666666663,0.5,1,0,0.66666666666666663,0.80000000000000004,0.5,0.57916666666666661,0.6791666666666667,1.2355531454907835,0.29744872156427377
openbci,cross_task_bidirectional,Bidirectional cross-task,complete_settings_39_posthoc,12,stack_recording,OOF recording-level stacking,6,2,4,1,1,2,2,0.5,0.5,0.5,0.5,0.66666666666666663,0.5714285714285714,0.375,0.54374999999999996,0.64583333333333326,0.83608285799195114,0.29452642473281987
openbci,cross_task_bidirectional,Bidirectional cross-task,complete_settings_39_posthoc,13,always_fuse,Neural-classical stacking,6,2,4,1,1,2,2,0.5,0.5,0.5,0.5,0.66666666666666663,0.5714285714285714,0.75,0.87083333333333335,0.88749999999999996,0.67639870940030278,0.24166718816411439
openbci,cross_task_bidirectional,Bidirectional cross-task,complete_settings_39_posthoc,13,always_nn,Feature-MLP (neural reference),6,2,4,1,1,0,4,0.83333333333333337,0.75,1,0.5,0.80000000000000004,0.88888888888888884,1,1,1,0.31905872589531514,0.1029095775804373
openbci,cross_task_bidirectional,Bidirectional cross-task,complete_settings_39_posthoc,13,cbsf,CB-SF,6,2,4,1,1,0,4,0.83333333333333337,0.75,1,0.5,0.80000000000000004,0.88888888888888884,0.875,0.94374999999999998,0.94999999999999996,0.60989764050954853,0.20888790525543457
openbci,cross_task_bidirectional,Bidirectional cross-task,complete_settings_39_posthoc,13,dasf_clean,DASF,6,2,4,1,1,2,2,0.5,0.5,0.5,0.5,0.66666666666666663,0.5714285714285714,0.75,0.87083333333333335,0.88749999999999996,0.67639870940030278,0.24166718816411439
openbci,cross_task_bidirectional,Bidirectional cross-task,complete_settings_39_posthoc,13,eeg_conformer,EEG-Conformer,6,2,4,2,0,3,1,0.5,0.625,0.25,1,1,0.40000000000000002,1,1,1,0.67239934346398433,0.24285961924430241
openbci,cross_task_bidirectional,Bidirectional cross-task,complete_settings_39_posthoc,13,eegnet,EEGNet,6,2,4,0,2,0,4,0.66666666666666663,0.5,1,0,0.66666666666666663,0.80000000000000004,0.375,0.69166666666666665,0.73333333333333328,0.64731800692027408,0.22741803067767627
openbci,cross_task_bidirectional,Bidirectional cross-task,complete_settings_39_posthoc,13,equal_blend_050,Equal blend (50%),6,2,4,1,1,0,4,0.83333333333333337,0.75,1,0.5,0.80000000000000004,0.88888888888888884,1,1,1,0.52616239067357429,0.17044270219047442
openbci,cross_task_bidirectional,Bidirectional cross-task,complete_settings_39_posthoc,13,extra_trees,Extra Trees,6,2,4,0,2,0,4,0.66666666666666663,0.5,1,0,0.66666666666666663,0.80000000000000004,0.5,0.79583333333333339,0.81666666666666665,0.65638001973880533,0.23453367764158128
openbci,cross_task_bidirectional,Bidirectional cross-task,complete_settings_39_posthoc,13,fixed_blend_010,Fixed blend (10%),6,2,4,1,1,0,4,0.83333333333333337,0.75,1,0.5,0.80000000000000004,0.88888888888888884,1,1,1,0.40715634398606187,0.12908169353361879
openbci,cross_task_bidirectional,Bidirectional cross-task,complete_settings_39_posthoc,13,fixed_blend_025,Fixed blend (25%),6,2,4,1,1,0,4,0.83333333333333337,0.75,1,0.5,0.80000000000000004,0.88888888888888884,1,1,1,0.45628972335698564,0.14361019460617014
openbci,cross_task_bidirectional,Bidirectional cross-task,complete_settings_39_posthoc,13,rf,Random forest,6,2,4,0,2,1,3,0.5,0.375,0.75,0,0.59999999999999998,0.66666666666666663,0.5,0.79583333333333339,0.81666666666666665,0.70143794379105362,0.25605811435894965
openbci,cross_task_bidirectional,Bidirectional cross-task,complete_settings_39_posthoc,13,riemann_mdm,Riemannian MDM,6,2,4,1,1,1,3,0.66666666666666663,0.625,0.75,0.5,0.75,0.75,0.375,0.54374999999999996,0.64583333333333326,2.1676732071201159,0.32906886737210489
openbci,cross_task_bidirectional,Bidirectional cross-task,complete_settings_39_posthoc,13,riemann_ts_logreg,Riemannian TS-LR,6,2,4,0,2,0,4,0.66666666666666663,0.5,1,0,0.66666666666666663,0.80000000000000004,0.625,0.76666666666666661,0.8041666666666667,1.3898498213459094,0.22097687255201537
openbci,cross_task_bidirectional,Bidirectional cross-task,complete_settings_39_posthoc,13,stack_recording,OOF recording-level stacking,6,2,4,2,0,2,2,0.66666666666666663,0.75,0.5,1,1,0.66666666666666663,1,1,1,0.41426412759966819,0.13436994774973757
openbci,loso_arithmetic,Arithmetic LOSO,complete_settings_39_posthoc,1,always_fuse,Neural-classical stacking,4,2,2,0,2,0,2,0.5,0.5,1,0,0.5,0.66666666666666663,0.25,0.33333333333333331,0.5,0.70633551317506882,0.25651495679221792
openbci,loso_arithmetic,Arithmetic LOSO,complete_settings_39_posthoc,1,always_nn,Feature-MLP (neural reference),4,2,2,0,2,0,2,0.5,0.5,1,0,0.5,0.66666666666666663,0.25,0.33333333333333331,0.5,0.9177913797600229,0.34102830296456998
openbci,loso_arithmetic,Arithmetic LOSO,complete_settings_39_posthoc,1,cbsf,CB-SF,4,2,2,0,2,0,2,0.5,0.5,1,0,0.5,0.66666666666666663,0.25,0.33333333333333331,0.5,0.73314749624973441,0.26925593546481452
openbci,loso_arithmetic,Arithmetic LOSO,complete_settings_39_posthoc,1,dasf_clean,DASF,4,2,2,0,2,0,2,0.5,0.5,1,0,0.5,0.66666666666666663,0.25,0.33333333333333331,0.5,0.9177913797600229,0.34102830296456998
openbci,loso_arithmetic,Arithmetic LOSO,complete_settings_39_posthoc,1,eeg_conformer,EEG-Conformer,4,2,2,0,2,0,2,0.5,0.5,1,0,0.5,0.66666666666666663,0.5,0.41666666666666663,0.58333333333333326,0.84939709829596677,0.31531447193947071
openbci,loso_arithmetic,Arithmetic LOSO,complete_settings_39_posthoc,1,eegnet,EEGNet,4,2,2,0,2,0,2,0.5,0.5,1,0,0.5,0.66666666666666663,0.25,0.33333333333333331,0.5,0.93080220083925369,0.34455256068201801
openbci,loso_arithmetic,Arithmetic LOSO,complete_settings_39_posthoc,1,equal_blend_050,Equal blend (50%),4,2,2,0,2,0,2,0.5,0.5,1,0,0.5,0.66666666666666663,0.5,0.70833333333333326,0.75,0.75091354107747077,0.27734591257490493
openbci,loso_arithmetic,Arithmetic LOSO,complete_settings_39_posthoc,1,extra_trees,Extra Trees,4,2,2,1,1,2,0,0.25,0.25,0,0.5,0,0,0.25,0.33333333333333331,0.5,0.72042976535230163,0.26358825123613827
openbci,loso_arithmetic,Arithmetic LOSO,complete_settings_39_posthoc,1,fixed_blend_010,Fixed blend (10%),4,2,2,0,2,0,2,0.5,0.5,1,0,0.5,0.66666666666666663,0.5,0.70833333333333326,0.75,0.85358263182406324,0.31901496071272573
openbci,loso_arithmetic,Arithmetic LOSO,complete_settings_39_posthoc,1,fixed_blend_025,Fixed blend (25%),4,2,2,0,2,0,2,0.5,0.5,1,0,0.5,0.66666666666666663,0.5,0.70833333333333326,0.75,0.80036150520911087,0.29845757258225075
openbci,loso_arithmetic,Arithmetic LOSO,complete_settings_39_posthoc,1,rf,Random forest,4,2,2,2,0,2,0,0.5,0.5,0,1,,0,0.25,0.33333333333333331,0.5,0.74456398128789947,0.27510229937347552
openbci,loso_arithmetic,Arithmetic LOSO,complete_settings_39_posthoc,1,riemann_mdm,Riemannian MDM,4,2,2,0,2,0,2,0.5,0.5,1,0,0.5,0.66666666666666663,1,1,1,0.8837059379461818,0.32765156666153983
openbci,loso_arithmetic,Arithmetic LOSO,complete_settings_39_posthoc,1,riemann_ts_logreg,Riemannian TS-LR,4,2,2,0,2,0,2,0.5,0.5,1,0,0.5,0.66666666666666663,1,1,1,1.2057531634505665,0.41085358629755236
openbci,loso_arithmetic,Arithmetic LOSO,complete_settings_39_posthoc,1,stack_recording,OOF recording-level stacking,4,2,2,0,2,0,2,0.5,0.5,1,0,0.5,0.66666666666666663,0.25,0.33333333333333331,0.5,0.78630912493906557,0.29261794980165795
openbci,loso_arithmetic,Arithmetic LOSO,complete_settings_39_posthoc,2,always_fuse,Neural-classical stacking,4,2,2,2,0,1,1,0.75,0.75,0.5,1,1,0.66666666666666663,1,1,1,0.63153576539197187,0.21991683943590076
openbci,loso_arithmetic,Arithmetic LOSO,complete_settings_39_posthoc,2,always_nn,Feature-MLP (neural reference),4,2,2,2,0,2,0,0.5,0.5,0,1,,0,0.75,0.79166666666666663,0.83333333333333326,1.4753551663653486,0.35623103585857446
openbci,loso_arithmetic,Arithmetic LOSO,complete_settings_39_posthoc,2,cbsf,CB-SF,4,2,2,2,0,2,0,0.5,0.5,0,1,,0,1,1,1,0.63114262930281773,0.22059240840322475
openbci,loso_arithmetic,Arithmetic LOSO,complete_settings_39_posthoc,2,dasf_clean,DASF,4,2,2,2,0,2,0,0.5,0.5,0,1,,0,0.75,0.79166666666666663,0.83333333333333326,1.4753551663653486,0.35623103585857446
openbci,loso_arithmetic,Arithmetic LOSO,complete_settings_39_posthoc,2,eeg_conformer,EEG-Conformer,4,2,2,2,0,1,1,0.75,0.75,0.5,1,1,0.66666666666666663,0.75,0.79166666666666663,0.83333333333333326,0.60149960377242206,0.20983781978342791
openbci,loso_arithmetic,Arithmetic LOSO,complete_settings_39_posthoc,2,eegnet,EEGNet,4,2,2,0,2,0,2,0.5,0.5,1,0,0.5,0.66666666666666663,0.75,0.79166666666666663,0.83333333333333326,0.7387297583369139,0.27210703336810949
openbci,loso_arithmetic,Arithmetic LOSO,complete_settings_39_posthoc,2,equal_blend_050,Equal blend (50%),4,2,2,2,0,2,0,0.5,0.5,0,1,,0,0.75,0.79166666666666663,0.83333333333333326,0.66036357166095305,0.23457448212355636
openbci,loso_arithmetic,Arithmetic LOSO,complete_settings_39_posthoc,2,extra_trees,Extra Trees,4,2,2,2,0,2,0,0.5,0.5,0,1,,0,0.75,0.79166666666666663,0.83333333333333326,0.61784115363642433,0.21418991837318613
openbci,loso_arithmetic,Arithmetic LOSO,complete_settings_39_posthoc,2,fixed_blend_010,Fixed blend (10%),4,2,2,2,0,2,0,0.5,0.5,0,1,,0,0.75,0.79166666666666663,0.83333333333333326,0.87687299987736922,0.29512610036593939
openbci,loso_arithmetic,Arithmetic LOSO,complete_settings_39_posthoc,2,fixed_blend_025,Fixed blend (25%),4,2,2,2,0,2,0,0.5,0.5,0,1,,0,0.75,0.79166666666666663,0.83333333333333326,0.74212613261979432,0.26321092989282963
openbci,loso_arithmetic,Arithmetic LOSO,complete_settings_39_posthoc,2,rf,Random forest,4,2,2,2,0,2,0,0.5,0.5,0,1,,0,0.75,0.79166666666666663,0.83333333333333326,0.64972999898343253,0.22980528300383871
openbci,loso_arithmetic,Arithmetic LOSO,complete_settings_39_posthoc,2,riemann_mdm,Riemannian MDM,4,2,2,2,0,2,0,0.5,0.5,0,1,,0,0.75,0.79166666666666663,0.83333333333333326,0.87930038155968715,0.3221165915413442
openbci,loso_arithmetic,Arithmetic LOSO,complete_settings_39_posthoc,2,riemann_ts_logreg,Riemannian TS-LR,4,2,2,2,0,2,0,0.5,0.5,0,1,,0,0.75,0.79166666666666663,0.83333333333333326,1.2978786888705103,0.41833604010091652
openbci,loso_arithmetic,Arithmetic LOSO,complete_settings_39_posthoc,2,stack_recording,OOF recording-level stacking,4,2,2,2,0,1,1,0.75,0.75,0.5,1,1,0.66666666666666663,0.75,0.79166666666666663,0.83333333333333326,0.71708679367638273,0.25118879956562107
openbci,loso_arithmetic,Arithmetic LOSO,complete_settings_39_posthoc,3,always_fuse,Neural-classical stacking,4,2,2,2,0,1,1,0.75,0.75,0.5,1,1,0.66666666666666663,0.75,0.79166666666666663,0.83333333333333326,0.62665010273440636,0.21759111655718638
openbci,loso_arithmetic,Arithmetic LOSO,complete_settings_39_posthoc,3,always_nn,Feature-MLP (neural reference),4,2,2,2,0,1,1,0.75,0.75,0.5,1,1,0.66666666666666663,0.75,0.79166666666666663,0.83333333333333326,0.74117209348704394,0.25563844144102427
openbci,loso_arithmetic,Arithmetic LOSO,complete_settings_39_posthoc,3,cbsf,CB-SF,4,2,2,2,0,1,1,0.75,0.75,0.5,1,1,0.66666666666666663,0.75,0.79166666666666663,0.83333333333333326,0.62399304277731549,0.21849507478278979
openbci,loso_arithmetic,Arithmetic LOSO,complete_settings_39_posthoc,3,dasf_clean,DASF,4,2,2,2,0,1,1,0.75,0.75,0.5,1,1,0.66666666666666663,0.75,0.79166666666666663,0.83333333333333326,0.74117209348704394,0.25563844144102427
openbci,loso_arithmetic,Arithmetic LOSO,complete_settings_39_posthoc,3,eeg_conformer,EEG-Conformer,4,2,2,1,1,0,2,0.75,0.75,1,0.5,0.66666666666666663,0.80000000000000004,0.75,0.79166666666666663,0.83333333333333326,0.60071425440071724,0.20585281569421895
openbci,loso_arithmetic,Arithmetic LOSO,complete_settings_39_posthoc,3,eegnet,EEGNet,4,2,2,0,2,0,2,0.5,0.5,1,0,0.5,0.66666666666666663,1,1,1,0.75024849115979397,0.27649353935406595
openbci,loso_arithmetic,Arithmetic LOSO,complete_settings_39_posthoc,3,equal_blend_050,Equal blend (50%),4,2,2,2,0,1,1,0.75,0.75,0.5,1,1,0.66666666666666663,0.75,0.79166666666666663,0.83333333333333326,0.62833014931202169,0.22087227347425437
openbci,loso_arithmetic,Arithmetic LOSO,complete_settings_39_posthoc,3,extra_trees,Extra Trees,4,2,2,2,0,2,0,0.5,0.5,0,1,,0,0.75,0.79166666666666663,0.83333333333333326,0.64238574659619541,0.22829619090884012
openbci,loso_arithmetic,Arithmetic LOSO,complete_settings_39_posthoc,3,fixed_blend_010,Fixed blend (10%),4,2,2,2,0,1,1,0.75,0.75,0.5,1,1,0.66666666666666663,0.75,0.79166666666666663,0.83333333333333326,0.69961097968133512,0.24700816028502903
openbci,loso_arithmetic,Arithmetic LOSO,complete_settings_39_posthoc,3,fixed_blend_025,Fixed blend (25%),4,2,2,2,0,1,1,0.75,0.75,0.5,1,1,0.66666666666666663,0.75,0.79166666666666663,0.83333333333333326,0.65968910251419444,0.23441311076503241
openbci,loso_arithmetic,Arithmetic LOSO,complete_settings_39_posthoc,3,rf,Random forest,4,2,2,2,0,2,0,0.5,0.5,0,1,,0,0.75,0.79166666666666663,0.83333333333333326,0.68008401744873914,0.24739383697323811
openbci,loso_arithmetic,Arithmetic LOSO,complete_settings_39_posthoc,3,riemann_mdm,Riemannian MDM,4,2,2,1,1,1,1,0.5,0.5,0.5,0.5,0.5,0.5,0.5,0.41666666666666663,0.58333333333333326,0.63581493758516339,0.22437098946115647
openbci,loso_arithmetic,Arithmetic LOSO,complete_settings_39_posthoc,3,riemann_ts_logreg,Riemannian TS-LR,4,2,2,2,0,1,1,0.75,0.75,0.5,1,1,0.66666666666666663,0.75,0.79166666666666663,0.83333333333333326,0.58736369263940835,0.19818568081611326
openbci,loso_arithmetic,Arithmetic LOSO,complete_settings_39_posthoc,3,stack_recording,OOF recording-level stacking,4,2,2,2,0,1,1,0.75,0.75,0.5,1,1,0.66666666666666663,0.75,0.79166666666666663,0.83333333333333326,0.54655659626386743,0.18635962756388685
openbci,loso_arithmetic,Arithmetic LOSO,complete_settings_39_posthoc,4,always_fuse,Neural-classical stacking,4,2,2,0,2,2,0,0,0,0,0,0,0,0,0.29166666666666663,0.41666666666666663,0.76392676033459128,0.2850763644047008
openbci,loso_arithmetic,Arithmetic LOSO,complete_settings_39_posthoc,4,always_nn,Feature-MLP (neural reference),4,2,2,2,0,2,0,0.5,0.5,0,1,,0,0,0.29166666666666663,0.41666666666666663,1.5251962738392093,0.49385774684898526
openbci,loso_arithmetic,Arithmetic LOSO,complete_settings_39_posthoc,4,cbsf,CB-SF,4,2,2,1,1,2,0,0.25,0.25,0,0.5,0,0,0,0.29166666666666663,0.41666666666666663,0.81383695930148603,0.30977355244586124
openbci,loso_arithmetic,Arithmetic LOSO,complete_settings_39_posthoc,4,dasf_clean,DASF,4,2,2,2,0,2,0,0.5,0.5,0,1,,0,0,0.29166666666666663,0.41666666666666663,1.5251962738392093,0.49385774684898526
openbci,loso_arithmetic,Arithmetic LOSO,complete_settings_39_posthoc,4,eeg_conformer,EEG-Conformer,4,2,2,2,0,2,0,0.5,0.5,0,1,,0,1,1,1,0.5380780249839886,0.19925781772852363
openbci,loso_arithmetic,Arithmetic LOSO,complete_settings_39_posthoc,4,eegnet,EEGNet,4,2,2,2,0,0,2,1,1,1,1,1,1,1,1,1,0.17701459951674875,0.033667855349627261
openbci,loso_arithmetic,Arithmetic LOSO,complete_settings_39_posthoc,4,equal_blend_050,Equal blend (50%),4,2,2,1,1,2,0,0.25,0.25,0,0.5,0,0,0,0.29166666666666663,0.41666666666666663,0.92895489560365596,0.36004079731689453
openbci,loso_arithmetic,Arithmetic LOSO,complete_settings_39_posthoc,4,extra_trees,Extra Trees,4,2,2,0,2,0,2,0.5,0.5,1,0,0.5,0.66666666666666663,0.25,0.33333333333333331,0.5,0.82142962808425357,0.3082083140800736
openbci,loso_arithmetic,Arithmetic LOSO,complete_settings_39_posthoc,4,fixed_blend_010,Fixed blend (10%),4,2,2,2,0,2,0,0.5,0.5,0,1,,0,0,0.29166666666666663,0.41666666666666663,1.2724128631239262,0.45644458637913166
openbci,loso_arithmetic,Arithmetic LOSO,complete_settings_39_posthoc,4,fixed_blend_025,Fixed blend (25%),4,2,2,2,0,2,0,0.5,0.5,0,1,,0,0,0.29166666666666663,0.41666666666666663,1.0948096665266724,0.41532433631791166
openbci,loso_arithmetic,Arithmetic LOSO,complete_settings_39_posthoc,4,rf,Random forest,4,2,2,0,2,2,0,0,0,0,0,0,0,0,0.29166666666666663,0.41666666666666663,0.8459255642012995,0.32206140761571983
openbci,loso_arithmetic,Arithmetic LOSO,complete_settings_39_posthoc,4,riemann_mdm,Riemannian MDM,4,2,2,2,0,1,1,0.75,0.75,0.5,1,1,0.66666666666666663,1,1,1,0.4130376939771413,0.12952535664555151
openbci,loso_arithmetic,Arithmetic LOSO,complete_settings_39_posthoc,4,riemann_ts_logreg,Riemannian TS-LR,4,2,2,2,0,2,0,0.5,0.5,0,1,,0,0,0.29166666666666663,0.41666666666666663,0.99237200051257479,0.37710023684334804
openbci,loso_arithmetic,Arithmetic LOSO,complete_settings_39_posthoc,4,stack_recording,OOF recording-level stacking,4,2,2,1,1,2,0,0.25,0.25,0,0.5,0,0,0,0.29166666666666663,0.41666666666666663,0.89285908972737826,0.34743930560234759
openbci,loso_arithmetic,Arithmetic LOSO,complete_settings_39_posthoc,5,always_fuse,Neural-classical stacking,4,2,2,1,1,1,1,0.5,0.5,0.5,0.5,0.5,0.5,0.75,0.79166666666666663,0.83333333333333326,0.65452327297851687,0.23094983963628177
openbci,loso_arithmetic,Arithmetic LOSO,complete_settings_39_posthoc,5,always_nn,Feature-MLP (neural reference),4,2,2,1,1,1,1,0.5,0.5,0.5,0.5,0.5,0.5,0.75,0.79166666666666663,0.83333333333333326,0.76948072162236381,0.28995994501617078
openbci,loso_arithmetic,Arithmetic LOSO,complete_settings_39_posthoc,5,cbsf,CB-SF,4,2,2,1,1,1,1,0.5,0.5,0.5,0.5,0.5,0.5,0.75,0.79166666666666663,0.83333333333333326,0.65521196669025339,0.23438108112907746
openbci,loso_arithmetic,Arithmetic LOSO,complete_settings_39_posthoc,5,dasf_clean,DASF,4,2,2,1,1,1,1,0.5,0.5,0.5,0.5,0.5,0.5,0.75,0.79166666666666663,0.83333333333333326,0.76948072162236381,0.28995994501617078
openbci,loso_arithmetic,Arithmetic LOSO,complete_settings_39_posthoc,5,eeg_conformer,EEG-Conformer,4,2,2,1,1,0,2,0.75,0.75,1,0.5,0.66666666666666663,0.80000000000000004,0.75,0.79166666666666663,0.83333333333333326,0.60847953401295984,0.20840916526468353
openbci,loso_arithmetic,Arithmetic LOSO,complete_settings_39_posthoc,5,eegnet,EEGNet,4,2,2,0,2,0,2,0.5,0.5,1,0,0.5,0.66666666666666663,0.5,0.41666666666666663,0.58333333333333326,0.83719460257542688,0.31132713113016575
openbci,loso_arithmetic,Arithmetic LOSO,complete_settings_39_posthoc,5,equal_blend_050,Equal blend (50%),4,2,2,1,1,1,1,0.5,0.5,0.5,0.5,0.5,0.5,0.75,0.79166666666666663,0.83333333333333326,0.65373617240926174,0.23317860180522351
openbci,loso_arithmetic,Arithmetic LOSO,complete_settings_39_posthoc,5,extra_trees,Extra Trees,4,2,2,2,0,2,0,0.5,0.5,0,1,,0,0.5,0.41666666666666663,0.58333333333333326,0.67996905838701482,0.24474155915527934
openbci,loso_arithmetic,Arithmetic LOSO,complete_settings_39_posthoc,5,fixed_blend_010,Fixed blend (10%),4,2,2,1,1,1,1,0.5,0.5,0.5,0.5,0.5,0.5,0.75,0.79166666666666663,0.83333333333333326,0.69494184485508015,0.2584946166216664
openbci,loso_arithmetic,Arithmetic LOSO,complete_settings_39_posthoc,5,fixed_blend_025,Fixed blend (25%),4,2,2,1,1,1,1,0.5,0.5,0.5,0.5,0.5,0.5,0.75,0.79166666666666663,0.83333333333333326,0.66828473201577043,0.24342823487834189
openbci,loso_arithmetic,Arithmetic LOSO,complete_settings_39_posthoc,5,rf,Random forest,4,2,2,1,1,2,0,0.25,0.25,0,0.5,0,0,0.5,0.41666666666666663,0.58333333333333326,0.70149276819954687,0.25542707335964376
openbci,loso_arithmetic,Arithmetic LOSO,complete_settings_39_posthoc,5,riemann_mdm,Riemannian MDM,4,2,2,2,0,2,0,0.5,0.5,0,1,,0,0.5,0.41666666666666663,0.58333333333333326,0.94854695996781047,0.34535262686711204
openbci,loso_arithmetic,Arithmetic LOSO,complete_settings_39_posthoc,5,riemann_ts_logreg,Riemannian TS-LR,4,2,2,1,1,0,2,0.75,0.75,1,0.5,0.66666666666666663,0.80000000000000004,1,1,1,0.56353086461530677,0.19174334914599458
openbci,loso_arithmetic,Arithmetic LOSO,complete_settings_39_posthoc,5,stack_recording,OOF recording-level stacking,4,2,2,1,1,1,1,0.5,0.5,0.5,0.5,0.5,0.5,0.75,0.79166666666666663,0.83333333333333326,0.6351068520637082,0.22238123736225623
openbci,loso_arithmetic,Arithmetic LOSO,complete_settings_39_posthoc,6,always_fuse,Neural-classical stacking,4,2,2,0,2,0,2,0.5,0.5,1,0,0.5,0.66666666666666663,0.5,0.41666666666666663,0.58333333333333326,0.77633596321086873,0.28773896638039775
openbci,loso_arithmetic,Arithmetic LOSO,complete_settings_39_posthoc,6,always_nn,Feature-MLP (neural reference),4,2,2,0,2,0,2,0.5,0.5,1,0,0.5,0.66666666666666663,0,0.29166666666666663,0.41666666666666663,1.4150252549726605,0.43784074173472093
openbci,loso_arithmetic,Arithmetic LOSO,complete_settings_39_posthoc,6,cbsf,CB-SF,4,2,2,0,2,0,2,0.5,0.5,1,0,0.5,0.66666666666666663,0,0.29166666666666663,0.41666666666666663,1.4056281977386547,0.43672014651513996
openbci,loso_arithmetic,Arithmetic LOSO,complete_settings_39_posthoc,6,dasf_clean,DASF,4,2,2,0,2,0,2,0.5,0.5,1,0,0.5,0.66666666666666663,0,0.29166666666666663,0.41666666666666663,1.4150252549726605,0.43784074173472093
openbci,loso_arithmetic,Arithmetic LOSO,complete_settings_39_posthoc,6,eeg_conformer,EEG-Conformer,4,2,2,0,2,0,2,0.5,0.5,1,0,0.5,0.66666666666666663,0.5,0.41666666666666663,0.58333333333333326,0.76714278152345683,0.28428769858509473
openbci,loso_arithmetic,Arithmetic LOSO,complete_settings_39_posthoc,6,eegnet,EEGNet,4,2,2,0,2,0,2,0.5,0.5,1,0,0.5,0.66666666666666663,0.75,0.79166666666666663,0.83333333333333326,0.98274753041406415,0.35989148959939782
openbci,loso_arithmetic,Arithmetic LOSO,complete_settings_39_posthoc,6,equal_blend_050,Equal blend (50%),4,2,2,0,2,0,2,0.5,0.5,1,0,0.5,0.66666666666666663,0.5,0.41666666666666663,0.58333333333333326,0.90137054794502158,0.33390791861049735
openbci,loso_arithmetic,Arithmetic LOSO,complete_settings_39_posthoc,6,extra_trees,Extra Trees,4,2,2,0,2,0,2,0.5,0.5,1,0,0.5,0.66666666666666663,0.5,0.41666666666666663,0.58333333333333326,0.76275500833468279,0.28148082538418301
openbci,loso_arithmetic,Arithmetic LOSO,complete_settings_39_posthoc,6,fixed_blend_010,Fixed blend (10%),4,2,2,0,2,0,2,0.5,0.5,1,0,0.5,0.66666666666666663,0,0.29166666666666663,0.41666666666666663,1.1779794717832266,0.40258329063156284
openbci,loso_arithmetic,Arithmetic LOSO,complete_settings_39_posthoc,6,fixed_blend_025,Fixed blend (25%),4,2,2,0,2,0,2,0.5,0.5,1,0,0.5,0.66666666666666663,0.25,0.33333333333333331,0.5,1.0298699783008005,0.37057842211244685
openbci,loso_arithmetic,Arithmetic LOSO,complete_settings_39_posthoc,6,rf,Random forest,4,2,2,1,1,1,1,0.5,0.5,0.5,0.5,0.5,0.5,0.25,0.33333333333333331,0.5,0.73272040280112483,0.26963038490237623
openbci,loso_arithmetic,Arithmetic LOSO,complete_settings_39_posthoc,6,riemann_mdm,Riemannian MDM,4,2,2,0,2,0,2,0.5,0.5,1,0,0.5,0.66666666666666663,0.75,0.79166666666666663,0.83333333333333326,0.89923237790405086,0.33200302745181476
openbci,loso_arithmetic,Arithmetic LOSO,complete_settings_39_posthoc,6,riemann_ts_logreg,Riemannian TS-LR,4,2,2,0,2,0,2,0.5,0.5,1,0,0.5,0.66666666666666663,0.75,0.79166666666666663,0.83333333333333326,1.3275806011468347,0.42316731441171829
openbci,loso_arithmetic,Arithmetic LOSO,complete_settings_39_posthoc,6,stack_recording,OOF recording-level stacking,4,2,2,0,2,0,2,0.5,0.5,1,0,0.5,0.66666666666666663,0,0.29166666666666663,0.41666666666666663,1.0314325452332584,0.37231256684234931
openbci,loso_arithmetic,Arithmetic LOSO,complete_settings_39_posthoc,7,always_fuse,Neural-classical stacking,4,2,2,1,1,0,2,0.75,0.75,1,0.5,0.66666666666666663,0.80000000000000004,1,1,1,0.57798758719107857,0.19339572494614324
openbci,loso_arithmetic,Arithmetic LOSO,complete_settings_39_posthoc,7,always_nn,Feature-MLP (neural reference),4,2,2,2,0,2,0,0.5,0.5,0,1,,0,1,1,1,0.8041629135094015,0.3077497958772808
openbci,loso_arithmetic,Arithmetic LOSO,complete_settings_39_posthoc,7,cbsf,CB-SF,4,2,2,2,0,1,1,0.75,0.75,0.5,1,1,0.66666666666666663,1,1,1,0.5767773190168729,0.19424380547891812
openbci,loso_arithmetic,Arithmetic LOSO,complete_settings_39_posthoc,7,dasf_clean,DASF,4,2,2,2,0,2,0,0.5,0.5,0,1,,0,1,1,1,0.8041629135094015,0.3077497958772808
openbci,loso_arithmetic,Arithmetic LOSO,complete_settings_39_posthoc,7,eeg_conformer,EEG-Conformer,4,2,2,1,1,0,2,0.75,0.75,1,0.5,0.66666666666666663,0.80000000000000004,1,1,1,0.49463871167621504,0.15718812203628643
openbci,loso_arithmetic,Arithmetic LOSO,complete_settings_39_posthoc,7,eegnet,EEGNet,4,2,2,0,2,0,2,0.5,0.5,1,0,0.5,0.66666666666666663,0.75,0.79166666666666663,0.83333333333333326,0.76412166925720626,0.28047261184046246
openbci,loso_arithmetic,Arithmetic LOSO,complete_settings_39_posthoc,7,equal_blend_050,Equal blend (50%),4,2,2,2,0,2,0,0.5,0.5,0,1,,0,1,1,1,0.60517733038261412,0.21258446930191502
openbci,loso_arithmetic,Arithmetic LOSO,complete_settings_39_posthoc,7,extra_trees,Extra Trees,4,2,2,1,1,0,2,0.75,0.75,1,0.5,0.66666666666666663,0.80000000000000004,1,1,1,0.47539263356950917,0.15439706806568035
openbci,loso_arithmetic,Arithmetic LOSO,complete_settings_39_posthoc,7,fixed_blend_010,Fixed blend (10%),4,2,2,2,0,2,0,0.5,0.5,0,1,,0,1,1,1,0.73684381367644636,0.27935704280117202
openbci,loso_arithmetic,Arithmetic LOSO,complete_settings_39_posthoc,7,fixed_blend_025,Fixed blend (25%),4,2,2,2,0,2,0,0.5,0.5,0,1,,0,1,1,1,0.66888761357946791,0.24760334838425943
openbci,loso_arithmetic,Arithmetic LOSO,complete_settings_39_posthoc,7,rf,Random forest,4,2,2,1,1,0,2,0.75,0.75,1,0.5,0.66666666666666663,0.80000000000000004,1,1,1,0.47306873172584246,0.15827211143328124
openbci,loso_arithmetic,Arithmetic LOSO,complete_settings_39_posthoc,7,riemann_mdm,Riemannian MDM,4,2,2,2,0,2,0,0.5,0.5,0,1,,0,0.5,0.41666666666666663,0.58333333333333326,0.81310321194823176,0.30625878250792282
openbci,loso_arithmetic,Arithmetic LOSO,complete_settings_39_posthoc,7,riemann_ts_logreg,Riemannian TS-LR,4,2,2,2,0,2,0,0.5,0.5,0,1,,0,0.5,0.41666666666666663,0.58333333333333326,2.0456660590186004,0.49739944043135842
openbci,loso_arithmetic,Arithmetic LOSO,complete_settings_39_posthoc,7,stack_recording,OOF recording-level stacking,4,2,2,2,0,1,1,0.75,0.75,0.5,1,1,0.66666666666666663,1,1,1,0.51926413884483957,0.17278341095911851
openbci,loso_arithmetic,Arithmetic LOSO,complete_settings_39_posthoc,8,always_fuse,Neural-classical stacking,4,2,2,2,0,2,0,0.5,0.5,0,1,,0,0.75,0.79166666666666663,0.83333333333333326,0.64615171244662761,0.22706040479562886
openbci,loso_arithmetic,Arithmetic LOSO,complete_settings_39_posthoc,8,always_nn,Feature-MLP (neural reference),4,2,2,2,0,2,0,0.5,0.5,0,1,,0,0.5,0.70833333333333326,0.75,1.768768783870696,0.4492632858461329
openbci,loso_arithmetic,Arithmetic LOSO,complete_settings_39_posthoc,8,cbsf,CB-SF,4,2,2,2,0,2,0,0.5,0.5,0,1,,0,0.75,0.79166666666666663,0.83333333333333326,0.85710199775533202,0.31422796624022908
openbci,loso_arithmetic,Arithmetic LOSO,complete_settings_39_posthoc,8,dasf_clean,DASF,4,2,2,2,0,2,0,0.5,0.5,0,1,,0,0.5,0.70833333333333326,0.75,1.768768783870696,0.4492632858461329
openbci,loso_arithmetic,Arithmetic LOSO,complete_settings_39_posthoc,8,eeg_conformer,EEG-Conformer,4,2,2,0,2,0,2,0.5,0.5,1,0,0.5,0.66666666666666663,1,1,1,0.68188541879971032,0.24744744876915103
openbci,loso_arithmetic,Arithmetic LOSO,complete_settings_39_posthoc,8,eegnet,EEGNet,4,2,2,0,2,0,2,0.5,0.5,1,0,0.5,0.66666666666666663,1,1,1,0.71577618431221279,0.26126221838070335
openbci,loso_arithmetic,Arithmetic LOSO,complete_settings_39_posthoc,8,equal_blend_050,Equal blend (50%),4,2,2,2,0,2,0,0.5,0.5,0,1,,0,0.75,0.79166666666666663,0.83333333333333326,0.73037847334788242,0.26745083535082048
openbci,loso_arithmetic,Arithmetic LOSO,complete_settings_39_posthoc,8,extra_trees,Extra Trees,4,2,2,2,0,1,1,0.75,0.75,0.5,1,1,0.66666666666666663,1,1,1,0.62288529483627109,0.21532841169550282
openbci,loso_arithmetic,Arithmetic LOSO,complete_settings_39_posthoc,8,fixed_blend_010,Fixed blend (10%),4,2,2,2,0,2,0,0.5,0.5,0,1,,0,0.75,0.79166666666666663,0.83333333333333326,1.045653276686014,0.36335178511151167
openbci,loso_arithmetic,Arithmetic LOSO,complete_settings_39_posthoc,8,fixed_blend_025,Fixed blend (25%),4,2,2,2,0,2,0,0.5,0.5,0,1,,0,0.75,0.79166666666666663,0.83333333333333326,0.85798250415224664,0.31450750720678716
openbci,loso_arithmetic,Arithmetic LOSO,complete_settings_39_posthoc,8,rf,Random forest,4,2,2,2,0,2,0,0.5,0.5,0,1,,0,0.5,0.70833333333333326,0.75,0.72007076224938049,0.26286475234892537
openbci,loso_arithmetic,Arithmetic LOSO,complete_settings_39_posthoc,8,riemann_mdm,Riemannian MDM,4,2,2,1,1,1,1,0.5,0.5,0.5,0.5,0.5,0.5,0.75,0.79166666666666663,0.83333333333333326,0.65265300034899076,0.23127685226647321
openbci,loso_arithmetic,Arithmetic LOSO,complete_settings_39_posthoc,8,riemann_ts_logreg,Riemannian TS-LR,4,2,2,1,1,0,2,0.75,0.75,1,0.5,0.66666666666666663,0.80000000000000004,0.75,0.79166666666666663,0.83333333333333326,0.62978280590831726,0.21556106629604521
openbci,loso_arithmetic,Arithmetic LOSO,complete_settings_39_posthoc,8,stack_recording,OOF recording-level stacking,4,2,2,2,0,2,0,0.5,0.5,0,1,,0,0.5,0.70833333333333326,0.75,0.82538149172731823,0.30138265617566218
openbci,loso_arithmetic,Arithmetic LOSO,complete_settings_39_posthoc,9,always_fuse,Neural-classical stacking,4,2,2,1,1,1,1,0.5,0.5,0.5,0.5,0.5,0.5,0.75,0.79166666666666663,0.83333333333333326,0.62559703098187591,0.21957304744147749
openbci,loso_arithmetic,Arithmetic LOSO,complete_settings_39_posthoc,9,always_nn,Feature-MLP (neural reference),4,2,2,2,0,2,0,0.5,0.5,0,1,,0,0.75,0.79166666666666663,0.83333333333333326,1.1193131624142487,0.3558115909662114
openbci,loso_arithmetic,Arithmetic LOSO,complete_settings_39_posthoc,9,cbsf,CB-SF,4,2,2,2,0,2,0,0.5,0.5,0,1,,0,0.75,0.79166666666666663,0.83333333333333326,0.67314517970158039,0.24526051686316896
openbci,loso_arithmetic,Arithmetic LOSO,complete_settings_39_posthoc,9,dasf_clean,DASF,4,2,2,2,0,2,0,0.5,0.5,0,1,,0,0.75,0.79166666666666663,0.83333333333333326,1.1193131624142487,0.3558115909662114
openbci,loso_arithmetic,Arithmetic LOSO,complete_settings_39_posthoc,9,eeg_conformer,EEG-Conformer,4,2,2,1,1,0,2,0.75,0.75,1,0.5,0.66666666666666663,0.80000000000000004,1,1,1,0.45653404343958248,0.14879190319862481
openbci,loso_arithmetic,Arithmetic LOSO,complete_settings_39_posthoc,9,eegnet,EEGNet,4,2,2,1,1,0,2,0.75,0.75,1,0.5,0.66666666666666663,0.80000000000000004,1,1,1,0.60141193735565568,0.20572321350945003
openbci,loso_arithmetic,Arithmetic LOSO,complete_settings_39_posthoc,9,equal_blend_050,Equal blend (50%),4,2,2,2,0,2,0,0.5,0.5,0,1,,0,0.75,0.79166666666666663,0.83333333333333326,0.67650539529875575,0.24695042725049099
openbci,loso_arithmetic,Arithmetic LOSO,complete_settings_39_posthoc,9,extra_trees,Extra Trees,4,2,2,1,1,1,1,0.5,0.5,0.5,0.5,0.5,0.5,0.5,0.41666666666666663,0.58333333333333326,0.65075003518643193,0.24540231064370113
openbci,loso_arithmetic,Arithmetic LOSO,complete_settings_39_posthoc,9,fixed_blend_010,Fixed blend (10%),4,2,2,2,0,2,0,0.5,0.5,0,1,,0,0.75,0.79166666666666663,0.83333333333333326,0.80547314048024077,0.30054893714526176
openbci,loso_arithmetic,Arithmetic LOSO,complete_settings_39_posthoc,9,fixed_blend_025,Fixed blend (25%),4,2,2,2,0,2,0,0.5,0.5,0,1,,0,0.75,0.79166666666666663,0.83333333333333326,0.73420977362680517,0.27365490366107215
openbci,loso_arithmetic,Arithmetic LOSO,complete_settings_39_posthoc,9,rf,Random forest,4,2,2,1,1,1,1,0.5,0.5,0.5,0.5,0.5,0.5,0.5,0.41666666666666663,0.58333333333333326,0.87540796258882592,0.32143611546782813
openbci,loso_arithmetic,Arithmetic LOSO,complete_settings_39_posthoc,9,riemann_mdm,Riemannian MDM,4,2,2,2,0,2,0,0.5,0.5,0,1,,0,1,1,1,0.63575016561812669,0.23633860707764892
openbci,loso_arithmetic,Arithmetic LOSO,complete_settings_39_posthoc,9,riemann_ts_logreg,Riemannian TS-LR,4,2,2,2,0,2,0,0.5,0.5,0,1,,0,0.5,0.41666666666666663,0.58333333333333326,0.71671576207856147,0.26181220360329016
openbci,loso_arithmetic,Arithmetic LOSO,complete_settings_39_posthoc,9,stack_recording,OOF recording-level stacking,4,2,2,2,0,1,1,0.75,0.75,0.5,1,1,0.66666666666666663,0.75,0.79166666666666663,0.83333333333333326,0.6298259426146986,0.2304069152008642
openbci,loso_arithmetic,Arithmetic LOSO,complete_settings_39_posthoc,10,always_fuse,Neural-classical stacking,4,2,2,1,1,0,2,0.75,0.75,1,0.5,0.66666666666666663,0.80000000000000004,0.5,0.41666666666666663,0.58333333333333326,0.64739376108981839,0.22745546650755064
openbci,loso_arithmetic,Arithmetic LOSO,complete_settings_39_posthoc,10,always_nn,Feature-MLP (neural reference),4,2,2,2,0,2,0,0.5,0.5,0,1,,0,0.5,0.41666666666666663,0.58333333333333326,0.64333878714928416,0.24415783001304792
openbci,loso_arithmetic,Arithmetic LOSO,complete_settings_39_posthoc,10,cbsf,CB-SF,4,2,2,1,1,1,1,0.5,0.5,0.5,0.5,0.5,0.5,0.5,0.41666666666666663,0.58333333333333326,0.62700040559559211,0.21884162646936686
openbci,loso_arithmetic,Arithmetic LOSO,complete_settings_39_posthoc,10,dasf_clean,DASF,4,2,2,2,0,2,0,0.5,0.5,0,1,,0,0.5,0.41666666666666663,0.58333333333333326,0.64333878714928416,0.24415783001304792
openbci,loso_arithmetic,Arithmetic LOSO,complete_settings_39_posthoc,10,eeg_conformer,EEG-Conformer,4,2,2,1,1,0,2,0.75,0.75,1,0.5,0.66666666666666663,0.80000000000000004,0.5,0.41666666666666663,0.58333333333333326,0.66646727854963772,0.23655301700099518
openbci,loso_arithmetic,Arithmetic LOSO,complete_settings_39_posthoc,10,eegnet,EEGNet,4,2,2,0,2,0,2,0.5,0.5,1,0,0.5,0.66666666666666663,1,1,1,0.8303563728929092,0.3098460479394235
openbci,loso_arithmetic,Arithmetic LOSO,complete_settings_39_posthoc,10,equal_blend_050,Equal blend (50%),4,2,2,1,1,2,0,0.25,0.25,0,0.5,0,0,0.5,0.41666666666666663,0.58333333333333326,0.61904268358749892,0.21651112754988883
openbci,loso_arithmetic,Arithmetic LOSO,complete_settings_39_posthoc,10,extra_trees,Extra Trees,4,2,2,1,1,1,1,0.5,0.5,0.5,0.5,0.5,0.5,0.75,0.79166666666666663,0.83333333333333326,0.63399550509241287,0.22084775534036741
openbci,loso_arithmetic,Arithmetic LOSO,complete_settings_39_posthoc,10,fixed_blend_010,Fixed blend (10%),4,2,2,2,0,2,0,0.5,0.5,0,1,,0,0.5,0.41666666666666663,0.58333333333333326,0.61708754909271923,0.22447741575777425
openbci,loso_arithmetic,Arithmetic LOSO,complete_settings_39_posthoc,10,fixed_blend_025,Fixed blend (25%),4,2,2,1,1,2,0,0.25,0.25,0,0.5,0,0,0.5,0.41666666666666663,0.58333333333333326,0.61258394118420512,0.21757282318632398
openbci,loso_arithmetic,Arithmetic LOSO,complete_settings_39_posthoc,10,rf,Random forest,4,2,2,2,0,1,1,0.75,0.75,0.5,1,1,0.66666666666666663,1,1,1,0.6511587454844131,0.22905447933591991
openbci,loso_arithmetic,Arithmetic LOSO,complete_settings_39_posthoc,10,riemann_mdm,Riemannian MDM,4,2,2,2,0,1,1,0.75,0.75,0.5,1,1,0.66666666666666663,0.75,0.79166666666666663,0.83333333333333326,0.6846454281313118,0.24577096008019192
openbci,loso_arithmetic,Arithmetic LOSO,complete_settings_39_posthoc,10,riemann_ts_logreg,Riemannian TS-LR,4,2,2,0,2,0,2,0.5,0.5,1,0,0.5,0.66666666666666663,1,1,1,0.66851122517592132,0.23968068657075442
openbci,loso_arithmetic,Arithmetic LOSO,complete_settings_39_posthoc,10,stack_recording,OOF recording-level stacking,4,2,2,1,1,0,2,0.75,0.75,1,0.5,0.66666666666666663,0.80000000000000004,0.5,0.41666666666666663,0.58333333333333326,0.60873408198993606,0.20982811576918664
openbci,loso_arithmetic,Arithmetic LOSO,complete_settings_39_posthoc,11,always_fuse,Neural-classical stacking,4,2,2,1,1,0,2,0.75,0.75,1,0.5,0.66666666666666663,0.80000000000000004,1,1,1,0.60117079536628293,0.20472883442709675
openbci,loso_arithmetic,Arithmetic LOSO,complete_settings_39_posthoc,11,always_nn,Feature-MLP (neural reference),4,2,2,1,1,0,2,0.75,0.75,1,0.5,0.66666666666666663,0.80000000000000004,1,1,1,0.49991913437067365,0.17414616651674142
openbci,loso_arithmetic,Arithmetic LOSO,complete_settings_39_posthoc,11,cbsf,CB-SF,4,2,2,1,1,0,2,0.75,0.75,1,0.5,0.66666666666666663,0.80000000000000004,1,1,1,0.52604118638630448,0.17450264502948201
openbci,loso_arithmetic,Arithmetic LOSO,complete_settings_39_posthoc,11,dasf_clean,DASF,4,2,2,1,1,0,2,0.75,0.75,1,0.5,0.66666666666666663,0.80000000000000004,1,1,1,0.49991913437067365,0.17414616651674142
openbci,loso_arithmetic,Arithmetic LOSO,complete_settings_39_posthoc,11,eeg_conformer,EEG-Conformer,4,2,2,1,1,0,2,0.75,0.75,1,0.5,0.66666666666666663,0.80000000000000004,1,1,1,0.5807867414718042,0.19875367038276204
openbci,loso_arithmetic,Arithmetic LOSO,complete_settings_39_posthoc,11,eegnet,EEGNet,4,2,2,0,2,0,2,0.5,0.5,1,0,0.5,0.66666666666666663,1,1,1,0.83826268633680734,0.3126420019521316
openbci,loso_arithmetic,Arithmetic LOSO,complete_settings_39_posthoc,11,equal_blend_050,Equal blend (50%),4,2,2,1,1,0,2,0.75,0.75,1,0.5,0.66666666666666663,0.80000000000000004,1,1,1,0.5466672883966085,0.18081616751014512
openbci,loso_arithmetic,Arithmetic LOSO,complete_settings_39_posthoc,11,extra_trees,Extra Trees,4,2,2,1,1,0,2,0.75,0.75,1,0.5,0.66666666666666663,0.80000000000000004,0.75,0.79166666666666663,0.83333333333333326,0.54117488893459664,0.18047335372760878
openbci,loso_arithmetic,Arithmetic LOSO,complete_settings_39_posthoc,11,fixed_blend_010,Fixed blend (10%),4,2,2,1,1,0,2,0.75,0.75,1,0.5,0.66666666666666663,0.80000000000000004,1,1,1,0.51800163313299719,0.17376435727037196
openbci,loso_arithmetic,Arithmetic LOSO,complete_settings_39_posthoc,11,fixed_blend_025,Fixed blend (25%),4,2,2,1,1,0,2,0.75,0.75,1,0.5,0.66666666666666663,0.80000000000000004,1,1,1,0.52765406609724019,0.17482891417641713
openbci,loso_arithmetic,Arithmetic LOSO,complete_settings_39_posthoc,11,rf,Random forest,4,2,2,1,1,0,2,0.75,0.75,1,0.5,0.66666666666666663,0.80000000000000004,0.75,0.79166666666666663,0.83333333333333326,0.55636510470725886,0.18948051507453814
openbci,loso_arithmetic,Arithmetic LOSO,complete_settings_39_posthoc,11,riemann_mdm,Riemannian MDM,4,2,2,0,2,0,2,0.5,0.5,1,0,0.5,0.66666666666666663,0.25,0.33333333333333331,0.5,1.2971350060010731,0.42530495335865753
openbci,loso_arithmetic,Arithmetic LOSO,complete_settings_39_posthoc,11,riemann_ts_logreg,Riemannian TS-LR,4,2,2,2,0,0,2,1,1,1,1,1,1,1,1,1,0.61931584599225631,0.21333876155117035
openbci,loso_arithmetic,Arithmetic LOSO,complete_settings_39_posthoc,11,stack_recording,OOF recording-level stacking,4,2,2,1,1,0,2,0.75,0.75,1,0.5,0.66666666666666663,0.80000000000000004,1,1,1,0.54313211722642585,0.17954068739905565
openbci,loso_arithmetic,Arithmetic LOSO,complete_settings_39_posthoc,12,always_fuse,Neural-classical stacking,4,2,2,0,2,0,2,0.5,0.5,1,0,0.5,0.66666666666666663,0.75,0.79166666666666663,0.83333333333333326,0.66913742013220612,0.23833246468655461
openbci,loso_arithmetic,Arithmetic LOSO,complete_settings_39_posthoc,12,always_nn,Feature-MLP (neural reference),4,2,2,0,2,0,2,0.5,0.5,1,0,0.5,0.66666666666666663,1,1,1,1.2528914689949011,0.41888728740975734
openbci,loso_arithmetic,Arithmetic LOSO,complete_settings_39_posthoc,12,cbsf,CB-SF,4,2,2,0,2,0,2,0.5,0.5,1,0,0.5,0.66666666666666663,0.75,0.79166666666666663,0.83333333333333326,0.77822610331052589,0.28909781037314464
openbci,loso_arithmetic,Arithmetic LOSO,complete_settings_39_posthoc,12,dasf_clean,DASF,4,2,2,0,2,0,2,0.5,0.5,1,0,0.5,0.66666666666666663,1,1,1,1.2528914689949011,0.41888728740975734
openbci,loso_arithmetic,Arithmetic LOSO,complete_settings_39_posthoc,12,eeg_conformer,EEG-Conformer,4,2,2,1,1,0,2,0.75,0.75,1,0.5,0.66666666666666663,0.80000000000000004,0.75,0.79166666666666663,0.83333333333333326,0.64715679213838384,0.22469460425039142
openbci,loso_arithmetic,Arithmetic LOSO,complete_settings_39_posthoc,12,eegnet,EEGNet,4,2,2,0,2,0,2,0.5,0.5,1,0,0.5,0.66666666666666663,0.5,0.41666666666666663,0.58333333333333326,0.73826580942999753,0.27040699586147127
openbci,loso_arithmetic,Arithmetic LOSO,complete_settings_39_posthoc,12,equal_blend_050,Equal blend (50%),4,2,2,0,2,0,2,0.5,0.5,1,0,0.5,0.66666666666666663,0.75,0.79166666666666663,0.83333333333333326,0.76908133838272419,0.28523560440554385
openbci,loso_arithmetic,Arithmetic LOSO,complete_settings_39_posthoc,12,extra_trees,Extra Trees,4,2,2,1,1,0,2,0.75,0.75,1,0.5,0.66666666666666663,0.80000000000000004,0.75,0.79166666666666663,0.83333333333333326,0.57608899909284139,0.19682754326995339
openbci,loso_arithmetic,Arithmetic LOSO,complete_settings_39_posthoc,12,fixed_blend_010,Fixed blend (10%),4,2,2,0,2,0,2,0.5,0.5,1,0,0.5,0.66666666666666663,1,1,1,1.0253936316931125,0.37141448846115482
openbci,loso_arithmetic,Arithmetic LOSO,complete_settings_39_posthoc,12,fixed_blend_025,Fixed blend (25%),4,2,2,0,2,0,2,0.5,0.5,1,0,0.5,0.66666666666666663,1,1,1,0.88696743909402409,0.33016383265733673
openbci,loso_arithmetic,Arithmetic LOSO,complete_settings_39_posthoc,12,rf,Random forest,4,2,2,1,1,1,1,0.5,0.5,0.5,0.5,0.5,0.5,0.5,0.41666666666666663,0.58333333333333326,0.57868543439502396,0.20195550420311392
openbci,loso_arithmetic,Arithmetic LOSO,complete_settings_39_posthoc,12,riemann_mdm,Riemannian MDM,4,2,2,1,1,0,2,0.75,0.75,1,0.5,0.66666666666666663,0.80000000000000004,0.5,0.41666666666666663,0.58333333333333326,0.64517219908271928,0.2220333646547577
openbci,loso_arithmetic,Arithmetic LOSO,complete_settings_39_posthoc,12,riemann_ts_logreg,Riemannian TS-LR,4,2,2,1,1,0,2,0.75,0.75,1,0.5,0.66666666666666663,0.80000000000000004,0.5,0.41666666666666663,0.58333333333333326,0.60220219509947792,0.20777822909279145
openbci,loso_arithmetic,Arithmetic LOSO,complete_settings_39_posthoc,12,stack_recording,OOF recording-level stacking,4,2,2,0,2,0,2,0.5,0.5,1,0,0.5,0.66666666666666663,1,1,1,0.84752126451422849,0.3169178796755005
openbci,loso_arithmetic,Arithmetic LOSO,complete_settings_39_posthoc,13,always_fuse,Neural-classical stacking,4,2,2,2,0,2,0,0.5,0.5,0,1,,0,0.5,0.41666666666666663,0.58333333333333326,0.71131567611406377,0.26319981149546978
openbci,loso_arithmetic,Arithmetic LOSO,complete_settings_39_posthoc,13,always_nn,Feature-MLP (neural reference),4,2,2,2,0,2,0,0.5,0.5,0,1,,0,0.75,0.79166666666666663,0.83333333333333326,1.3180116421279324,0.39552799225094548
openbci,loso_arithmetic,Arithmetic LOSO,complete_settings_39_posthoc,13,cbsf,CB-SF,4,2,2,2,0,2,0,0.5,0.5,0,1,,0,0.75,0.79166666666666663,0.83333333333333326,1.1323124952070982,0.37379645680486162
openbci,loso_arithmetic,Arithmetic LOSO,complete_settings_39_posthoc,13,dasf_clean,DASF,4,2,2,2,0,2,0,0.5,0.5,0,1,,0,0.75,0.79166666666666663,0.83333333333333326,1.3180116421279324,0.39552799225094548
openbci,loso_arithmetic,Arithmetic LOSO,complete_settings_39_posthoc,13,eeg_conformer,EEG-Conformer,4,2,2,1,1,0,2,0.75,0.75,1,0.5,0.66666666666666663,0.80000000000000004,0.5,0.41666666666666663,0.58333333333333326,0.53731529907428177,0.18673553816247598
openbci,loso_arithmetic,Arithmetic LOSO,complete_settings_39_posthoc,13,eegnet,EEGNet,4,2,2,1,1,0,2,0.75,0.75,1,0.5,0.66666666666666663,0.80000000000000004,0.5,0.41666666666666663,0.58333333333333326,0.5813152189852776,0.19533341426364217
openbci,loso_arithmetic,Arithmetic LOSO,complete_settings_39_posthoc,13,equal_blend_050,Equal blend (50%),4,2,2,2,0,2,0,0.5,0.5,0,1,,0,0.75,0.79166666666666663,0.83333333333333326,0.80429889985799541,0.30029387308151756
openbci,loso_arithmetic,Arithmetic LOSO,complete_settings_39_posthoc,13,extra_trees,Extra Trees,4,2,2,2,0,2,0,0.5,0.5,0,1,,0,0.5,0.41666666666666663,0.58333333333333326,1.1043507702669622,0.391003590163776
openbci,loso_arithmetic,Arithmetic LOSO,complete_settings_39_posthoc,13,fixed_blend_010,Fixed blend (10%),4,2,2,2,0,2,0,0.5,0.5,0,1,,0,0.75,0.79166666666666663,0.83333333333333326,1.0366566694416748,0.35832495318197755
openbci,loso_arithmetic,Arithmetic LOSO,complete_settings_39_posthoc,13,fixed_blend_025,Fixed blend (25%),4,2,2,2,0,2,0,0.5,0.5,0,1,,0,0.75,0.79166666666666663,0.83333333333333326,0.90728084411042598,0.33054761918184056
openbci,loso_arithmetic,Arithmetic LOSO,complete_settings_39_posthoc,13,rf,Random forest,4,2,2,2,0,2,0,0.5,0.5,0,1,,0,0.75,0.79166666666666663,0.83333333333333326,1.3805303871417349,0.43650686163847718
openbci,loso_arithmetic,Arithmetic LOSO,complete_settings_39_posthoc,13,riemann_mdm,Riemannian MDM,4,2,2,1,1,1,1,0.5,0.5,0.5,0.5,0.5,0.5,0.75,0.79166666666666663,0.83333333333333326,0.56773623747701318,0.19685239934588938
openbci,loso_arithmetic,Arithmetic LOSO,complete_settings_39_posthoc,13,riemann_ts_logreg,Riemannian TS-LR,4,2,2,1,1,0,2,0.75,0.75,1,0.5,0.66666666666666663,0.80000000000000004,0.75,0.79166666666666663,0.83333333333333326,0.52516963907919367,0.17834203206036534
openbci,loso_arithmetic,Arithmetic LOSO,complete_settings_39_posthoc,13,stack_recording,OOF recording-level stacking,4,2,2,2,0,2,0,0.5,0.5,0,1,,0,0.75,0.79166666666666663,0.83333333333333326,0.69444391569490305,0.25989709241355974
openbci,loso_arithmetic,Arithmetic LOSO,complete_settings_39_posthoc,14,always_fuse,Neural-classical stacking,4,2,2,2,0,0,2,1,1,1,1,1,1,1,1,1,0.51663056921607331,0.16406320343519062
openbci,loso_arithmetic,Arithmetic LOSO,complete_settings_39_posthoc,14,always_nn,Feature-MLP (neural reference),4,2,2,2,0,0,2,1,1,1,1,1,1,1,1,1,0.18899388260664668,0.043505637678109971
openbci,loso_arithmetic,Arithmetic LOSO,complete_settings_39_posthoc,14,cbsf,CB-SF,4,2,2,2,0,0,2,1,1,1,1,1,1,1,1,1,0.19016009444949783,0.042825921443686632
openbci,loso_arithmetic,Arithmetic LOSO,complete_settings_39_posthoc,14,dasf_clean,DASF,4,2,2,2,0,0,2,1,1,1,1,1,1,1,1,1,0.18899388260664668,0.043505637678109971
openbci,loso_arithmetic,Arithmetic LOSO,complete_settings_39_posthoc,14,eeg_conformer,EEG-Conformer,4,2,2,1,1,1,1,0.5,0.5,0.5,0.5,0.5,0.5,0.5,0.41666666666666663,0.58333333333333326,0.71143480289705141,0.25631585772407306
openbci,loso_arithmetic,Arithmetic LOSO,complete_settings_39_posthoc,14,eegnet,EEGNet,4,2,2,0,2,0,2,0.5,0.5,1,0,0.5,0.66666666666666663,0.5,0.41666666666666663,0.58333333333333326,0.70612469893079954,0.25381623796795527
openbci,loso_arithmetic,Arithmetic LOSO,complete_settings_39_posthoc,14,equal_blend_050,Equal blend (50%),4,2,2,2,0,0,2,1,1,1,1,1,1,1,1,1,0.36002757866221929,0.095726609218022896
openbci,loso_arithmetic,Arithmetic LOSO,complete_settings_39_posthoc,14,extra_trees,Extra Trees,4,2,2,2,0,0,2,1,1,1,1,1,1,1,1,1,0.40525018090929221,0.11901185270627948
openbci,loso_arithmetic,Arithmetic LOSO,complete_settings_39_posthoc,14,fixed_blend_010,Fixed blend (10%),4,2,2,2,0,0,2,1,1,1,1,1,1,1,1,1,0.22657065929841158,0.050091752027331515
openbci,loso_arithmetic,Arithmetic LOSO,complete_settings_39_posthoc,14,fixed_blend_025,Fixed blend (25%),4,2,2,2,0,0,2,1,1,1,1,1,1,1,1,1,0.2796647901574047,0.066356183277005043
openbci,loso_arithmetic,Arithmetic LOSO,complete_settings_39_posthoc,14,rf,Random forest,4,2,2,2,0,0,2,1,1,1,1,1,1,1,1,1,0.42394662449858445,0.12891862260277859
openbci,loso_arithmetic,Arithmetic LOSO,complete_settings_39_posthoc,14,riemann_mdm,Riemannian MDM,4,2,2,1,1,1,1,0.5,0.5,0.5,0.5,0.5,0.5,0.75,0.79166666666666663,0.83333333333333326,0.54973867431131729,0.18782596130012821
openbci,loso_arithmetic,Arithmetic LOSO,complete_settings_39_posthoc,14,riemann_ts_logreg,Riemannian TS-LR,4,2,2,2,0,2,0,0.5,0.5,0,1,,0,0.75,0.79166666666666663,0.83333333333333326,1.2896234061526075,0.41156114907156577
openbci,loso_arithmetic,Arithmetic LOSO,complete_settings_39_posthoc,14,stack_recording,OOF recording-level stacking,4,2,2,2,0,0,2,1,1,1,1,1,1,1,1,1,0.41474319950204225,0.12109132938201321
openbci,loso_arithmetic,Arithmetic LOSO,complete_settings_39_posthoc,15,always_fuse,Neural-classical stacking,4,2,2,1,1,0,2,0.75,0.75,1,0.5,0.66666666666666663,0.80000000000000004,1,1,1,0.55949771271894588,0.18591662043719259
openbci,loso_arithmetic,Arithmetic LOSO,complete_settings_39_posthoc,15,always_nn,Feature-MLP (neural reference),4,2,2,2,0,0,2,1,1,1,1,1,1,1,1,1,0.3732982288507643,0.11634857684182418
openbci,loso_arithmetic,Arithmetic LOSO,complete_settings_39_posthoc,15,cbsf,CB-SF,4,2,2,1,1,0,2,0.75,0.75,1,0.5,0.66666666666666663,0.80000000000000004,1,1,1,0.45741348549449556,0.14323650808314886
openbci,loso_arithmetic,Arithmetic LOSO,complete_settings_39_posthoc,15,dasf_clean,DASF,4,2,2,2,0,0,2,1,1,1,1,1,1,1,1,1,0.3732982288507643,0.11634857684182418
openbci,loso_arithmetic,Arithmetic LOSO,complete_settings_39_posthoc,15,eeg_conformer,EEG-Conformer,4,2,2,1,1,0,2,0.75,0.75,1,0.5,0.66666666666666663,0.80000000000000004,1,1,1,0.58516663137786762,0.19715707597919044
openbci,loso_arithmetic,Arithmetic LOSO,complete_settings_39_posthoc,15,eegnet,EEGNet,4,2,2,0,2,0,2,0.5,0.5,1,0,0.5,0.66666666666666663,1,1,1,0.7549640236208699,0.27912195876478574
openbci,loso_arithmetic,Arithmetic LOSO,complete_settings_39_posthoc,15,equal_blend_050,Equal blend (50%),4,2,2,1,1,0,2,0.75,0.75,1,0.5,0.66666666666666663,0.80000000000000004,1,1,1,0.47519754646820755,0.15010518094483744
openbci,loso_arithmetic,Arithmetic LOSO,complete_settings_39_posthoc,15,extra_trees,Extra Trees,4,2,2,1,1,0,2,0.75,0.75,1,0.5,0.66666666666666663,0.80000000000000004,1,1,1,0.47190137759990636,0.15578460408450465
openbci,loso_arithmetic,Arithmetic LOSO,complete_settings_39_posthoc,15,fixed_blend_010,Fixed blend (10%),4,2,2,2,0,0,2,1,1,1,1,1,1,1,1,1,0.39800222789795042,0.12255034774610123
openbci,loso_arithmetic,Arithmetic LOSO,complete_settings_39_posthoc,15,fixed_blend_025,Fixed blend (25%),4,2,2,2,0,0,2,1,1,1,1,1,1,1,1,1,0.42925602846309541,0.132949616985585
openbci,loso_arithmetic,Arithmetic LOSO,complete_settings_39_posthoc,15,rf,Random forest,4,2,2,1,1,0,2,0.75,0.75,1,0.5,0.66666666666666663,0.80000000000000004,1,1,1,0.4802142340201111,0.16056157454303938
openbci,loso_arithmetic,Arithmetic LOSO,complete_settings_39_posthoc,15,riemann_mdm,Riemannian MDM,4,2,2,2,0,2,0,0.5,0.5,0,1,,0,1,1,1,0.68970156993598786,0.25023731852819286
openbci,loso_arithmetic,Arithmetic LOSO,complete_settings_39_posthoc,15,riemann_ts_logreg,Riemannian TS-LR,4,2,2,2,0,2,0,0.5,0.5,0,1,,0,1,1,1,0.98753691018343126,0.36230254302815629
openbci,loso_arithmetic,Arithmetic LOSO,complete_settings_39_posthoc,15,stack_recording,OOF recording-level stacking,4,2,2,1,1,0,2,0.75,0.75,1,0.5,0.66666666666666663,0.80000000000000004,1,1,1,0.48417567273935258,0.15674998724575939
openbci,loso_stroop,Stroop LOSO,complete_settings_39_posthoc,1,always_fuse,Neural-classical stacking,4,2,2,0,2,1,1,0.25,0.25,0.5,0,0.33333333333333331,0.40000000000000002,0,0.29166666666666663,0.41666666666666663,0.78968525209071105,0.29722314295714752
openbci,loso_stroop,Stroop LOSO,complete_settings_39_posthoc,1,always_nn,Feature-MLP (neural reference),4,2,2,2,0,2,0,0.5,0.5,0,1,,0,0,0.29166666666666663,0.41666666666666663,0.87206286262321631,0.33086044870965836
openbci,loso_stroop,Stroop LOSO,complete_settings_39_posthoc,1,cbsf,CB-SF,4,2,2,0,2,2,0,0,0,0,0,0,0,0,0.29166666666666663,0.41666666666666663,0.79217426642573474,0.29893025236001658
openbci,loso_stroop,Stroop LOSO,complete_settings_39_posthoc,1,dasf_clean,DASF,4,2,2,2,0,2,0,0.5,0.5,0,1,,0,0,0.29166666666666663,0.41666666666666663,0.87206286262321631,0.33086044870965836
openbci,loso_stroop,Stroop LOSO,complete_settings_39_posthoc,1,eeg_conformer,EEG-Conformer,4,2,2,1,1,1,1,0.5,0.5,0.5,0.5,0.5,0.5,0.5,0.70833333333333326,0.75,0.74002489022885121,0.2714112574798585
openbci,loso_stroop,Stroop LOSO,complete_settings_39_posthoc,1,eegnet,EEGNet,4,2,2,2,0,1,1,0.75,0.75,0.5,1,1,0.66666666666666663,1,1,1,0.67421597518537146,0.24053849315498124
openbci,loso_stroop,Stroop LOSO,complete_settings_39_posthoc,1,equal_blend_050,Equal blend (50%),4,2,2,1,1,2,0,0.25,0.25,0,0.5,0,0,0,0.29166666666666663,0.41666666666666663,0.81100615272511312,0.30819145653363766
openbci,loso_stroop,Stroop LOSO,complete_settings_39_posthoc,1,extra_trees,Extra Trees,4,2,2,2,0,2,0,0.5,0.5,0,1,,0,0,0.29166666666666663,0.41666666666666663,0.75997244375348039,0.28266004457648036
openbci,loso_stroop,Stroop LOSO,complete_settings_39_posthoc,1,fixed_blend_010,Fixed blend (10%),4,2,2,1,1,2,0,0.25,0.25,0,0.5,0,0,0,0.29166666666666663,0.41666666666666663,0.87024130500116881,0.33349176706123179
openbci,loso_stroop,Stroop LOSO,complete_settings_39_posthoc,1,fixed_blend_025,Fixed blend (25%),4,2,2,1,1,2,0,0.25,0.25,0,0.5,0,0,0,0.29166666666666663,0.41666666666666663,0.84252889865852854,0.3223079764975183
openbci,loso_stroop,Stroop LOSO,complete_settings_39_posthoc,1,rf,Random forest,4,2,2,1,1,2,0,0.25,0.25,0,0.5,0,0,0,0.29166666666666663,0.41666666666666663,0.92931208320626157,0.36357758275522972
openbci,loso_stroop,Stroop LOSO,complete_settings_39_posthoc,1,riemann_mdm,Riemannian MDM,4,2,2,1,1,0,2,0.75,0.75,1,0.5,0.66666666666666663,0.80000000000000004,1,1,1,0.60890026273841091,0.21196672888355311
openbci,loso_stroop,Stroop LOSO,complete_settings_39_posthoc,1,riemann_ts_logreg,Riemannian TS-LR,4,2,2,0,2,0,2,0.5,0.5,1,0,0.5,0.66666666666666663,1,1,1,0.68327186426712772,0.24886909689730022
openbci,loso_stroop,Stroop LOSO,complete_settings_39_posthoc,1,stack_recording,OOF recording-level stacking,4,2,2,0,2,0,2,0.5,0.5,1,0,0.5,0.66666666666666663,0,0.29166666666666663,0.41666666666666663,0.77432404054256587,0.28951374558065684
openbci,loso_stroop,Stroop LOSO,complete_settings_39_posthoc,2,always_fuse,Neural-classical stacking,4,2,2,2,0,2,0,0.5,0.5,0,1,,0,0.75,0.79166666666666663,0.83333333333333326,0.80850482056608597,0.30116221522405379
openbci,loso_stroop,Stroop LOSO,complete_settings_39_posthoc,2,always_nn,Feature-MLP (neural reference),4,2,2,2,0,2,0,0.5,0.5,0,1,,0,0.5,0.70833333333333326,0.75,4.3073729909785383,0.49959378131138521
openbci,loso_stroop,Stroop LOSO,complete_settings_39_posthoc,2,cbsf,CB-SF,4,2,2,2,0,2,0,0.5,0.5,0,1,,0,0.5,0.70833333333333326,0.75,2.9968309185377846,0.4966155806151315
openbci,loso_stroop,Stroop LOSO,complete_settings_39_posthoc,2,dasf_clean,DASF,4,2,2,2,0,2,0,0.5,0.5,0,1,,0,0.5,0.70833333333333326,0.75,4.3073729909785383,0.49959378131138521
openbci,loso_stroop,Stroop LOSO,complete_settings_39_posthoc,2,eeg_conformer,EEG-Conformer,4,2,2,2,0,2,0,0.5,0.5,0,1,,0,1,1,1,1.3464737972944674,0.43237255640408573
openbci,loso_stroop,Stroop LOSO,complete_settings_39_posthoc,2,eegnet,EEGNet,4,2,2,2,0,2,0,0.5,0.5,0,1,,0,1,1,1,0.64060261250564654,0.2256992690218132
openbci,loso_stroop,Stroop LOSO,complete_settings_39_posthoc,2,equal_blend_050,Equal blend (50%),4,2,2,2,0,2,0,0.5,0.5,0,1,,0,0.5,0.70833333333333326,0.75,1.0367172398965931,0.37227222454777309
openbci,loso_stroop,Stroop LOSO,complete_settings_39_posthoc,2,extra_trees,Extra Trees,4,2,2,2,0,2,0,0.5,0.5,0,1,,0,1,1,1,0.91007881440736482,0.33857169513010554
openbci,loso_stroop,Stroop LOSO,complete_settings_39_posthoc,2,fixed_blend_010,Fixed blend (10%),4,2,2,2,0,2,0,0.5,0.5,0,1,,0,0.5,0.70833333333333326,0.75,1.6627024748378041,0.46088856717546445
openbci,loso_stroop,Stroop LOSO,complete_settings_39_posthoc,2,fixed_blend_025,Fixed blend (25%),4,2,2,2,0,2,0,0.5,0.5,0,1,,0,0.5,0.70833333333333326,0.75,1.2974938407677534,0.42231888409585827
openbci,loso_stroop,Stroop LOSO,complete_settings_39_posthoc,2,rf,Random forest,4,2,2,2,0,2,0,0.5,0.5,0,1,,0,0.5,0.70833333333333326,0.75,1.1050626265573507,0.38936737200828564
openbci,loso_stroop,Stroop LOSO,complete_settings_39_posthoc,2,riemann_mdm,Riemannian MDM,4,2,2,2,0,2,0,0.5,0.5,0,1,,0,0.25,0.33333333333333331,0.5,0.83494892579984992,0.3124937060225994
openbci,loso_stroop,Stroop LOSO,complete_settings_39_posthoc,2,riemann_ts_logreg,Riemannian TS-LR,4,2,2,2,0,2,0,0.5,0.5,0,1,,0,0,0.29166666666666663,0.41666666666666663,1.4238479455277013,0.44234010348703867
openbci,loso_stroop,Stroop LOSO,complete_settings_39_posthoc,2,stack_recording,OOF recording-level stacking,4,2,2,2,0,2,0,0.5,0.5,0,1,,0,0.5,0.70833333333333326,0.75,1.2419035487774261,0.4101696116364576
openbci,loso_stroop,Stroop LOSO,complete_settings_39_posthoc,3,always_fuse,Neural-classical stacking,4,2,2,2,0,0,2,1,1,1,1,1,1,1,1,1,0.52600165129640442,0.1700638038569971
openbci,loso_stroop,Stroop LOSO,complete_settings_39_posthoc,3,always_nn,Feature-MLP (neural reference),4,2,2,2,0,0,2,1,1,1,1,1,1,1,1,1,0.094114285540861153,0.014693324901202598
openbci,loso_stroop,Stroop LOSO,complete_settings_39_posthoc,3,cbsf,CB-SF,4,2,2,2,0,0,2,1,1,1,1,1,1,1,1,1,0.10620291116907013,0.016277686331975884
openbci,loso_stroop,Stroop LOSO,complete_settings_39_posthoc,3,dasf_clean,DASF,4,2,2,2,0,0,2,1,1,1,1,1,1,1,1,1,0.094114285540861153,0.014693324901202598
openbci,loso_stroop,Stroop LOSO,complete_settings_39_posthoc,3,eeg_conformer,EEG-Conformer,4,2,2,1,1,1,1,0.5,0.5,0.5,0.5,0.5,0.5,0.75,0.79166666666666663,0.83333333333333326,0.51312011207102504,0.1706268863844661
openbci,loso_stroop,Stroop LOSO,complete_settings_39_posthoc,3,eegnet,EEGNet,4,2,2,2,0,2,0,0.5,0.5,0,1,,0,1,1,1,0.64648887864861404,0.22912077013762958
openbci,loso_stroop,Stroop LOSO,complete_settings_39_posthoc,3,equal_blend_050,Equal blend (50%),4,2,2,2,0,0,2,1,1,1,1,1,1,1,1,1,0.30956900510850627,0.074662113058977367
openbci,loso_stroop,Stroop LOSO,complete_settings_39_posthoc,3,extra_trees,Extra Trees,4,2,2,2,0,1,1,0.75,0.75,0.5,1,1,0.66666666666666663,1,1,1,0.48598589443622775,0.16292607233898637
openbci,loso_stroop,Stroop LOSO,complete_settings_39_posthoc,3,fixed_blend_010,Fixed blend (10%),4,2,2,2,0,0,2,1,1,1,1,1,1,1,1,1,0.14592316260969282,0.023826238358605503
openbci,loso_stroop,Stroop LOSO,complete_settings_39_posthoc,3,fixed_blend_025,Fixed blend (25%),4,2,2,2,0,0,2,1,1,1,1,1,1,1,1,1,0.20906938057080657,0.040223749389935379
openbci,loso_stroop,Stroop LOSO,complete_settings_39_posthoc,3,rf,Random forest,4,2,2,2,0,2,0,0.5,0.5,0,1,,0,1,1,1,0.52375908344752553,0.19053323147587656
openbci,loso_stroop,Stroop LOSO,complete_settings_39_posthoc,3,riemann_mdm,Riemannian MDM,4,2,2,2,0,2,0,0.5,0.5,0,1,,0,1,1,1,0.6075223515296424,0.21069760322460324
openbci,loso_stroop,Stroop LOSO,complete_settings_39_posthoc,3,riemann_ts_logreg,Riemannian TS-LR,4,2,2,2,0,1,1,0.75,0.75,0.5,1,1,0.66666666666666663,1,1,1,0.53635478255448921,0.17530471037012935
openbci,loso_stroop,Stroop LOSO,complete_settings_39_posthoc,3,stack_recording,OOF recording-level stacking,4,2,2,2,0,0,2,1,1,1,1,1,1,1,1,1,0.47662242285788298,0.14681963889973057
openbci,loso_stroop,Stroop LOSO,complete_settings_39_posthoc,4,always_fuse,Neural-classical stacking,4,2,2,0,2,0,2,0.5,0.5,1,0,0.5,0.66666666666666663,0.75,0.79166666666666663,0.83333333333333326,0.69908769359280298,0.25300620204217894
openbci,loso_stroop,Stroop LOSO,complete_settings_39_posthoc,4,always_nn,Feature-MLP (neural reference),4,2,2,2,0,0,2,1,1,1,1,1,1,1,1,1,0.23858248703643006,0.052345577009523435
openbci,loso_stroop,Stroop LOSO,complete_settings_39_posthoc,4,cbsf,CB-SF,4,2,2,0,2,0,2,0.5,0.5,1,0,0.5,0.66666666666666663,1,1,1,0.5959909937567438,0.20286852696569466
openbci,loso_stroop,Stroop LOSO,complete_settings_39_posthoc,4,dasf_clean,DASF,4,2,2,2,0,0,2,1,1,1,1,1,1,1,1,1,0.23858248703643006,0.052345577009523435
openbci,loso_stroop,Stroop LOSO,complete_settings_39_posthoc,4,eeg_conformer,EEG-Conformer,4,2,2,0,2,0,2,0.5,0.5,1,0,0.5,0.66666666666666663,0,0.29166666666666663,0.41666666666666663,1.8553741587586763,0.47893468108004156
openbci,loso_stroop,Stroop LOSO,complete_settings_39_posthoc,4,eegnet,EEGNet,4,2,2,2,0,2,0,0.5,0.5,0,1,,0,1,1,1,0.8017238410934342,0.31492211225751221
openbci,loso_stroop,Stroop LOSO,complete_settings_39_posthoc,4,equal_blend_050,Equal blend (50%),4,2,2,2,0,0,2,1,1,1,1,1,1,1,1,1,0.46005676900632703,0.13807511258293809
openbci,loso_stroop,Stroop LOSO,complete_settings_39_posthoc,4,extra_trees,Extra Trees,4,2,2,2,0,1,1,0.75,0.75,0.5,1,1,0.66666666666666663,0.75,0.79166666666666663,0.83333333333333326,0.67899708675726567,0.24293594499470372
openbci,loso_stroop,Stroop LOSO,complete_settings_39_posthoc,4,fixed_blend_010,Fixed blend (10%),4,2,2,2,0,0,2,1,1,1,1,1,1,1,1,1,0.28973590309907254,0.068580243491137921
openbci,loso_stroop,Stroop LOSO,complete_settings_39_posthoc,4,fixed_blend_025,Fixed blend (25%),4,2,2,2,0,0,2,1,1,1,1,1,1,1,1,1,0.35464707211886093,0.092727711407814856
openbci,loso_stroop,Stroop LOSO,complete_settings_39_posthoc,4,rf,Random forest,4,2,2,2,0,2,0,0.5,0.5,0,1,,0,1,1,1,0.59380919919962249,0.20202508691368309
openbci,loso_stroop,Stroop LOSO,complete_settings_39_posthoc,4,riemann_mdm,Riemannian MDM,4,2,2,2,0,0,2,1,1,1,1,1,1,1,1,1,0.49843246494006038,0.15751666712047829
openbci,loso_stroop,Stroop LOSO,complete_settings_39_posthoc,4,riemann_ts_logreg,Riemannian TS-LR,4,2,2,0,2,0,2,0.5,0.5,1,0,0.5,0.66666666666666663,0,0.29166666666666663,0.41666666666666663,1.2286266862804467,0.41642908540329343
openbci,loso_stroop,Stroop LOSO,complete_settings_39_posthoc,4,stack_recording,OOF recording-level stacking,4,2,2,0,2,0,2,0.5,0.5,1,0,0.5,0.66666666666666663,1,1,1,0.63311374562505174,0.22294314281874753
openbci,loso_stroop,Stroop LOSO,complete_settings_39_posthoc,5,always_fuse,Neural-classical stacking,4,2,2,1,1,0,2,0.75,0.75,1,0.5,0.66666666666666663,0.80000000000000004,0.5,0.41666666666666663,0.58333333333333326,0.61809549357388438,0.21301776518222143
openbci,loso_stroop,Stroop LOSO,complete_settings_39_posthoc,5,always_nn,Feature-MLP (neural reference),4,2,2,1,1,0,2,0.75,0.75,1,0.5,0.66666666666666663,0.80000000000000004,0.75,0.79166666666666663,0.83333333333333326,0.49405956601840068,0.17492300867813304
openbci,loso_stroop,Stroop LOSO,complete_settings_39_posthoc,5,cbsf,CB-SF,4,2,2,1,1,0,2,0.75,0.75,1,0.5,0.66666666666666663,0.80000000000000004,0.75,0.79166666666666663,0.83333333333333326,0.56357374379523384,0.1891642287901146
openbci,loso_stroop,Stroop LOSO,complete_settings_39_posthoc,5,dasf_clean,DASF,4,2,2,1,1,0,2,0.75,0.75,1,0.5,0.66666666666666663,0.80000000000000004,0.75,0.79166666666666663,0.83333333333333326,0.49405956601840068,0.17492300867813304
openbci,loso_stroop,Stroop LOSO,complete_settings_39_posthoc,5,eeg_conformer,EEG-Conformer,4,2,2,0,2,0,2,0.5,0.5,1,0,0.5,0.66666666666666663,1,1,1,0.71800700840769482,0.26727362400902005
openbci,loso_stroop,Stroop LOSO,complete_settings_39_posthoc,5,eegnet,EEGNet,4,2,2,1,1,0,2,0.75,0.75,1,0.5,0.66666666666666663,0.80000000000000004,1,1,1,0.60227222904447553,0.2052266259950597
openbci,loso_stroop,Stroop LOSO,complete_settings_39_posthoc,5,equal_blend_050,Equal blend (50%),4,2,2,1,1,0,2,0.75,0.75,1,0.5,0.66666666666666663,0.80000000000000004,0.75,0.79166666666666663,0.83333333333333326,0.56076383379179306,0.18810439246187091
openbci,loso_stroop,Stroop LOSO,complete_settings_39_posthoc,5,extra_trees,Extra Trees,4,2,2,1,1,1,1,0.5,0.5,0.5,0.5,0.5,0.5,0.5,0.41666666666666663,0.58333333333333326,0.61693155961988444,0.21734554836281561
openbci,loso_stroop,Stroop LOSO,complete_settings_39_posthoc,5,fixed_blend_010,Fixed blend (10%),4,2,2,1,1,0,2,0.75,0.75,1,0.5,0.66666666666666663,0.80000000000000004,0.75,0.79166666666666663,0.83333333333333326,0.51484552395997152,0.17591549803751003
openbci,loso_stroop,Stroop LOSO,complete_settings_39_posthoc,5,fixed_blend_025,Fixed blend (25%),4,2,2,1,1,0,2,0.75,0.75,1,0.5,0.66666666666666663,0.80000000000000004,0.75,0.79166666666666663,0.83333333333333326,0.53329043682352173,0.17935951754769039
openbci,loso_stroop,Stroop LOSO,complete_settings_39_posthoc,5,rf,Random forest,4,2,2,1,1,1,1,0.5,0.5,0.5,0.5,0.5,0.5,0.5,0.41666666666666663,0.58333333333333326,0.62800055432333635,0.221280180219244
openbci,loso_stroop,Stroop LOSO,complete_settings_39_posthoc,5,riemann_mdm,Riemannian MDM,4,2,2,2,0,2,0,0.5,0.5,0,1,,0,0.5,0.41666666666666663,0.58333333333333326,1.0143364436064983,0.37096816743538397
openbci,loso_stroop,Stroop LOSO,complete_settings_39_posthoc,5,riemann_ts_logreg,Riemannian TS-LR,4,2,2,0,2,0,2,0.5,0.5,1,0,0.5,0.66666666666666663,1,1,1,0.68590706926024936,0.25037616565266479
openbci,loso_stroop,Stroop LOSO,complete_settings_39_posthoc,5,stack_recording,OOF recording-level stacking,4,2,2,1,1,0,2,0.75,0.75,1,0.5,0.66666666666666663,0.80000000000000004,0.75,0.79166666666666663,0.83333333333333326,0.60153409877197128,0.20493211571285727
openbci,loso_stroop,Stroop LOSO,complete_settings_39_posthoc,6,always_fuse,Neural-classical stacking,4,2,2,0,2,0,2,0.5,0.5,1,0,0.5,0.66666666666666663,0.25,0.33333333333333331,0.5,0.7704575619492039,0.28559861691735805
openbci,loso_stroop,Stroop LOSO,complete_settings_39_posthoc,6,always_nn,Feature-MLP (neural reference),4,2,2,0,2,1,1,0.25,0.25,0.5,0,0.33333333333333331,0.40000000000000002,0.25,0.33333333333333331,0.5,2.1585969517153747,0.53819358647143944
openbci,loso_stroop,Stroop LOSO,complete_settings_39_posthoc,6,cbsf,CB-SF,4,2,2,0,2,1,1,0.25,0.25,0.5,0,0.33333333333333331,0.40000000000000002,0.25,0.33333333333333331,0.5,0.98681125086957988,0.38261161744185468
openbci,loso_stroop,Stroop LOSO,complete_settings_39_posthoc,6,dasf_clean,DASF,4,2,2,0,2,1,1,0.25,0.25,0.5,0,0.33333333333333331,0.40000000000000002,0.25,0.33333333333333331,0.5,2.1585969517153747,0.53819358647143944
openbci,loso_stroop,Stroop LOSO,complete_settings_39_posthoc,6,eeg_conformer,EEG-Conformer,4,2,2,0,2,1,1,0.25,0.25,0.5,0,0.33333333333333331,0.40000000000000002,0,0.29166666666666663,0.41666666666666663,0.89836972070859733,0.34792482809738912
openbci,loso_stroop,Stroop LOSO,complete_settings_39_posthoc,6,eegnet,EEGNet,4,2,2,1,1,1,1,0.5,0.5,0.5,0.5,0.5,0.5,0.5,0.41666666666666663,0.58333333333333326,0.69275463589533726,0.2494831688035995
openbci,loso_stroop,Stroop LOSO,complete_settings_39_posthoc,6,equal_blend_050,Equal blend (50%),4,2,2,0,2,1,1,0.25,0.25,0.5,0,0.33333333333333331,0.40000000000000002,0.25,0.33333333333333331,0.5,0.97316648164108055,0.37703392199668895
openbci,loso_stroop,Stroop LOSO,complete_settings_39_posthoc,6,extra_trees,Extra Trees,4,2,2,1,1,0,2,0.75,0.75,1,0.5,0.66666666666666663,0.80000000000000004,0.5,0.41666666666666663,0.58333333333333326,0.68922506384336346,0.2459930867597655
openbci,loso_stroop,Stroop LOSO,complete_settings_39_posthoc,6,fixed_blend_010,Fixed blend (10%),4,2,2,0,2,1,1,0.25,0.25,0.5,0,0.33333333333333331,0.40000000000000002,0.25,0.33333333333333331,0.5,1.3247555748662163,0.48480449285578187
openbci,loso_stroop,Stroop LOSO,complete_settings_39_posthoc,6,fixed_blend_025,Fixed blend (25%),4,2,2,0,2,1,1,0.25,0.25,0.5,0,0.33333333333333331,0.40000000000000002,0.25,0.33333333333333331,0.5,1.1418063151101112,0.43831017010857959
openbci,loso_stroop,Stroop LOSO,complete_settings_39_posthoc,6,rf,Random forest,4,2,2,2,0,2,0,0.5,0.5,0,1,,0,0.75,0.79166666666666663,0.83333333333333326,0.68135904562778316,0.24437714354974671
openbci,loso_stroop,Stroop LOSO,complete_settings_39_posthoc,6,riemann_mdm,Riemannian MDM,4,2,2,0,2,1,1,0.25,0.25,0.5,0,0.33333333333333331,0.40000000000000002,0.25,0.33333333333333331,0.5,2.464247574757521,0.59913180805324939
openbci,loso_stroop,Stroop LOSO,complete_settings_39_posthoc,6,riemann_ts_logreg,Riemannian TS-LR,4,2,2,1,1,2,0,0.25,0.25,0,0.5,0,0,0.5,0.41666666666666663,0.58333333333333326,1.12102885505169,0.40668023495451178
openbci,loso_stroop,Stroop LOSO,complete_settings_39_posthoc,6,stack_recording,OOF recording-level stacking,4,2,2,0,2,1,1,0.25,0.25,0.5,0,0.33333333333333331,0.40000000000000002,0.25,0.33333333333333331,0.5,0.85328650008924245,0.32542497232442086
openbci,loso_stroop,Stroop LOSO,complete_settings_39_posthoc,7,always_fuse,Neural-classical stacking,4,2,2,2,0,2,0,0.5,0.5,0,1,,0,1,1,1,0.65600469402831396,0.2328496103564221
openbci,loso_stroop,Stroop LOSO,complete_settings_39_posthoc,7,always_nn,Feature-MLP (neural reference),4,2,2,2,0,2,0,0.5,0.5,0,1,,0,0.25,0.33333333333333331,0.5,3.5408684095212104,0.49888695965857999
openbci,loso_stroop,Stroop LOSO,complete_settings_39_posthoc,7,cbsf,CB-SF,4,2,2,2,0,2,0,0.5,0.5,0,1,,0,1,1,1,0.70538713523025776,0.25750828609522081
openbci,loso_stroop,Stroop LOSO,complete_settings_39_posthoc,7,dasf_clean,DASF,4,2,2,2,0,2,0,0.5,0.5,0,1,,0,0.25,0.33333333333333331,0.5,3.5408684095212104,0.49888695965857999
openbci,loso_stroop,Stroop LOSO,complete_settings_39_posthoc,7,eeg_conformer,EEG-Conformer,4,2,2,1,1,0,2,0.75,0.75,1,0.5,0.66666666666666663,0.80000000000000004,1,1,1,0.51113864243312279,0.16330689635206905
openbci,loso_stroop,Stroop LOSO,complete_settings_39_posthoc,7,eegnet,EEGNet,4,2,2,1,1,0,2,0.75,0.75,1,0.5,0.66666666666666663,0.80000000000000004,0.75,0.79166666666666663,0.83333333333333326,0.62706962123028354,0.21736639759469797
openbci,loso_stroop,Stroop LOSO,complete_settings_39_posthoc,7,equal_blend_050,Equal blend (50%),4,2,2,2,0,2,0,0.5,0.5,0,1,,0,0.75,0.79166666666666663,0.83333333333333326,0.84074330638789385,0.31417776393868824
openbci,loso_stroop,Stroop LOSO,complete_settings_39_posthoc,7,extra_trees,Extra Trees,4,2,2,2,0,2,0,0.5,0.5,0,1,,0,1,1,1,0.59719958822304742,0.2109889449226785
openbci,loso_stroop,Stroop LOSO,complete_settings_39_posthoc,7,fixed_blend_010,Fixed blend (10%),4,2,2,2,0,2,0,0.5,0.5,0,1,,0,0.5,0.70833333333333326,0.75,1.4447236778034902,0.44255754841595352
openbci,loso_stroop,Stroop LOSO,complete_settings_39_posthoc,7,fixed_blend_025,Fixed blend (25%),4,2,2,2,0,2,0,0.5,0.5,0,1,,0,0.75,0.79166666666666663,0.83333333333333326,1.0847303092139744,0.38468685604826325
openbci,loso_stroop,Stroop LOSO,complete_settings_39_posthoc,7,rf,Random forest,4,2,2,2,0,2,0,0.5,0.5,0,1,,0,1,1,1,0.66569447324571041,0.24215259371039743
openbci,loso_stroop,Stroop LOSO,complete_settings_39_posthoc,7,riemann_mdm,Riemannian MDM,4,2,2,1,1,1,1,0.5,0.5,0.5,0.5,0.5,0.5,0.75,0.79166666666666663,0.83333333333333326,0.64549096689391006,0.2270148297539662
openbci,loso_stroop,Stroop LOSO,complete_settings_39_posthoc,7,riemann_ts_logreg,Riemannian TS-LR,4,2,2,2,0,2,0,0.5,0.5,0,1,,0,0.25,0.33333333333333331,0.5,1.2398100762589122,0.42109501577708897
openbci,loso_stroop,Stroop LOSO,complete_settings_39_posthoc,7,stack_recording,OOF recording-level stacking,4,2,2,2,0,2,0,0.5,0.5,0,1,,0,0.5,0.70833333333333326,0.75,0.89062360451242317,0.33059001911375868
openbci,loso_stroop,Stroop LOSO,complete_settings_39_posthoc,8,always_fuse,Neural-classical stacking,4,2,2,2,0,2,0,0.5,0.5,0,1,,0,1,1,1,0.66277342335682277,0.23497320031950608
openbci,loso_stroop,Stroop LOSO,complete_settings_39_posthoc,8,always_nn,Feature-MLP (neural reference),4,2,2,2,0,2,0,0.5,0.5,0,1,,0,1,1,1,1.3113096444333814,0.42845909799589643
openbci,loso_stroop,Stroop LOSO,complete_settings_39_posthoc,8,cbsf,CB-SF,4,2,2,2,0,2,0,0.5,0.5,0,1,,0,1,1,1,0.6905563945827683,0.25166007697695336
openbci,loso_stroop,Stroop LOSO,complete_settings_39_posthoc,8,dasf_clean,DASF,4,2,2,2,0,2,0,0.5,0.5,0,1,,0,1,1,1,1.3113096444333814,0.42845909799589643
openbci,loso_stroop,Stroop LOSO,complete_settings_39_posthoc,8,eeg_conformer,EEG-Conformer,4,2,2,0,2,0,2,0.5,0.5,1,0,0.5,0.66666666666666663,1,1,1,0.59444602768815036,0.20463921369512558
openbci,loso_stroop,Stroop LOSO,complete_settings_39_posthoc,8,eegnet,EEGNet,4,2,2,0,2,0,2,0.5,0.5,1,0,0.5,0.66666666666666663,1,1,1,0.68653127816878023,0.24693393479372286
openbci,loso_stroop,Stroop LOSO,complete_settings_39_posthoc,8,equal_blend_050,Equal blend (50%),4,2,2,2,0,2,0,0.5,0.5,0,1,,0,1,1,1,0.69506844322477879,0.25401832198208008
openbci,loso_stroop,Stroop LOSO,complete_settings_39_posthoc,8,extra_trees,Extra Trees,4,2,2,2,0,2,0,0.5,0.5,0,1,,0,0.5,0.41666666666666663,0.58333333333333326,0.70381279797410534,0.25626708174089197
openbci,loso_stroop,Stroop LOSO,complete_settings_39_posthoc,8,fixed_blend_010,Fixed blend (10%),4,2,2,2,0,2,0,0.5,0.5,0,1,,0,1,1,1,0.93473476140704381,0.34855277324444678
openbci,loso_stroop,Stroop LOSO,complete_settings_39_posthoc,8,fixed_blend_025,Fixed blend (25%),4,2,2,2,0,2,0,0.5,0.5,0,1,,0,1,1,1,0.78962959294500368,0.29750250396806155
openbci,loso_stroop,Stroop LOSO,complete_settings_39_posthoc,8,rf,Random forest,4,2,2,2,0,2,0,0.5,0.5,0,1,,0,1,1,1,0.72495589727603438,0.26573757309966778
openbci,loso_stroop,Stroop LOSO,complete_settings_39_posthoc,8,riemann_mdm,Riemannian MDM,4,2,2,1,1,0,2,0.75,0.75,1,0.5,0.66666666666666663,0.80000000000000004,0.5,0.41666666666666663,0.58333333333333326,0.66509061945692061,0.23481961893683362
openbci,loso_stroop,Stroop LOSO,complete_settings_39_posthoc,8,riemann_ts_logreg,Riemannian TS-LR,4,2,2,2,0,1,1,0.75,0.75,0.5,1,1,0.66666666666666663,0.75,0.79166666666666663,0.83333333333333326,0.61763701994232123,0.2126479700925534
openbci,loso_stroop,Stroop LOSO,complete_settings_39_posthoc,8,stack_recording,OOF recording-level stacking,4,2,2,2,0,2,0,0.5,0.5,0,1,,0,1,1,1,0.63464807499366327,0.22234180249462965
openbci,loso_stroop,Stroop LOSO,complete_settings_39_posthoc,9,always_fuse,Neural-classical stacking,4,2,2,1,1,0,2,0.75,0.75,1,0.5,0.66666666666666663,0.80000000000000004,1,1,1,0.56403744173129411,0.18692114410385752
openbci,loso_stroop,Stroop LOSO,complete_settings_39_posthoc,9,always_nn,Feature-MLP (neural reference),4,2,2,1,1,0,2,0.75,0.75,1,0.5,0.66666666666666663,0.80000000000000004,1,1,1,0.45997600464534655,0.16603882878884058
openbci,loso_stroop,Stroop LOSO,complete_settings_39_posthoc,9,cbsf,CB-SF,4,2,2,1,1,0,2,0.75,0.75,1,0.5,0.66666666666666663,0.80000000000000004,1,1,1,0.47157151495189642,0.16298821151683004
openbci,loso_stroop,Stroop LOSO,complete_settings_39_posthoc,9,dasf_clean,DASF,4,2,2,1,1,0,2,0.75,0.75,1,0.5,0.66666666666666663,0.80000000000000004,1,1,1,0.45997600464534655,0.16603882878884058
openbci,loso_stroop,Stroop LOSO,complete_settings_39_posthoc,9,eeg_conformer,EEG-Conformer,4,2,2,1,1,0,2,0.75,0.75,1,0.5,0.66666666666666663,0.80000000000000004,1,1,1,0.47055908618208031,0.15372543188799767
openbci,loso_stroop,Stroop LOSO,complete_settings_39_posthoc,9,eegnet,EEGNet,4,2,2,2,0,0,2,1,1,1,1,1,1,1,1,1,0.53950472311862341,0.17842575656096749
openbci,loso_stroop,Stroop LOSO,complete_settings_39_posthoc,9,equal_blend_050,Equal blend (50%),4,2,2,1,1,0,2,0.75,0.75,1,0.5,0.66666666666666663,0.80000000000000004,1,1,1,0.48954868961209907,0.15680505367118361
openbci,loso_stroop,Stroop LOSO,complete_settings_39_posthoc,9,extra_trees,Extra Trees,4,2,2,2,0,0,2,1,1,1,1,1,1,1,1,1,0.47342830072941644,0.15519832152697083
openbci,loso_stroop,Stroop LOSO,complete_settings_39_posthoc,9,fixed_blend_010,Fixed blend (10%),4,2,2,1,1,0,2,0.75,0.75,1,0.5,0.66666666666666663,0.80000000000000004,1,1,1,0.46860828488981171,0.15994324832428661
openbci,loso_stroop,Stroop LOSO,complete_settings_39_posthoc,9,fixed_blend_025,Fixed blend (25%),4,2,2,1,1,0,2,0.75,0.75,1,0.5,0.66666666666666663,0.80000000000000004,1,1,1,0.46857143843266585,0.15387860177342785
openbci,loso_stroop,Stroop LOSO,complete_settings_39_posthoc,9,rf,Random forest,4,2,2,2,0,0,2,1,1,1,1,1,1,1,1,1,0.45247151685377018,0.14377128695172869
openbci,loso_stroop,Stroop LOSO,complete_settings_39_posthoc,9,riemann_mdm,Riemannian MDM,4,2,2,2,0,1,1,0.75,0.75,0.5,1,1,0.66666666666666663,1,1,1,0.52905857956100077,0.17463240576579847
openbci,loso_stroop,Stroop LOSO,complete_settings_39_posthoc,9,riemann_ts_logreg,Riemannian TS-LR,4,2,2,2,0,2,0,0.5,0.5,0,1,,0,1,1,1,0.57287557688656232,0.19911866265854783
openbci,loso_stroop,Stroop LOSO,complete_settings_39_posthoc,9,stack_recording,OOF recording-level stacking,4,2,2,1,1,0,2,0.75,0.75,1,0.5,0.66666666666666663,0.80000000000000004,1,1,1,0.53952092894318215,0.17722599128150487
openbci,loso_stroop,Stroop LOSO,complete_settings_39_posthoc,10,always_fuse,Neural-classical stacking,4,2,2,2,0,0,2,1,1,1,1,1,1,1,1,1,0.55696008394983387,0.18340530312959014
openbci,loso_stroop,Stroop LOSO,complete_settings_39_posthoc,10,always_nn,Feature-MLP (neural reference),4,2,2,2,0,1,1,0.75,0.75,0.5,1,1,0.66666666666666663,1,1,1,0.47144906489671612,0.17439950480394073
openbci,loso_stroop,Stroop LOSO,complete_settings_39_posthoc,10,cbsf,CB-SF,4,2,2,2,0,1,1,0.75,0.75,0.5,1,1,0.66666666666666663,1,1,1,0.44584882495370048,0.16136670244435422
openbci,loso_stroop,Stroop LOSO,complete_settings_39_posthoc,10,dasf_clean,DASF,4,2,2,2,0,1,1,0.75,0.75,0.5,1,1,0.66666666666666663,1,1,1,0.47144906489671612,0.17439950480394073
openbci,loso_stroop,Stroop LOSO,complete_settings_39_posthoc,10,eeg_conformer,EEG-Conformer,4,2,2,1,1,0,2,0.75,0.75,1,0.5,0.66666666666666663,0.80000000000000004,0.75,0.79166666666666663,0.83333333333333326,0.60593634581015721,0.21094508074038826
openbci,loso_stroop,Stroop LOSO,complete_settings_39_posthoc,10,eegnet,EEGNet,4,2,2,1,1,1,1,0.5,0.5,0.5,0.5,0.5,0.5,0.5,0.70833333333333326,0.75,1.1178990491264988,0.38365191285662859
openbci,loso_stroop,Stroop LOSO,complete_settings_39_posthoc,10,equal_blend_050,Equal blend (50%),4,2,2,2,0,1,1,0.75,0.75,0.5,1,1,0.66666666666666663,1,1,1,0.44943108432042184,0.14115604148630845
openbci,loso_stroop,Stroop LOSO,complete_settings_39_posthoc,10,extra_trees,Extra Trees,4,2,2,2,0,2,0,0.5,0.5,0,1,,0,1,1,1,0.57657940461675083,0.200096825282155
openbci,loso_stroop,Stroop LOSO,complete_settings_39_posthoc,10,fixed_blend_010,Fixed blend (10%),4,2,2,2,0,1,1,0.75,0.75,0.5,1,1,0.66666666666666663,1,1,1,0.43368441438217686,0.15337780482489174
openbci,loso_stroop,Stroop LOSO,complete_settings_39_posthoc,10,fixed_blend_025,Fixed blend (25%),4,2,2,2,0,1,1,0.75,0.75,0.5,1,1,0.66666666666666663,1,1,1,0.425954216400389,0.14139139326948558
openbci,loso_stroop,Stroop LOSO,complete_settings_39_posthoc,10,rf,Random forest,4,2,2,2,0,1,1,0.75,0.75,0.5,1,1,0.66666666666666663,1,1,1,0.59255912535306265,0.20519992945972723
openbci,loso_stroop,Stroop LOSO,complete_settings_39_posthoc,10,riemann_mdm,Riemannian MDM,4,2,2,0,2,1,1,0.25,0.25,0.5,0,0.33333333333333331,0.40000000000000002,0.5,0.70833333333333326,0.75,0.80498026790374289,0.30663094983551725
openbci,loso_stroop,Stroop LOSO,complete_settings_39_posthoc,10,riemann_ts_logreg,Riemannian TS-LR,4,2,2,0,2,1,1,0.25,0.25,0.5,0,0.33333333333333331,0.40000000000000002,0.5,0.70833333333333326,0.75,2.1548391445065378,0.43064176172203328
openbci,loso_stroop,Stroop LOSO,complete_settings_39_posthoc,10,stack_recording,OOF recording-level stacking,4,2,2,2,0,0,2,1,1,1,1,1,1,1,1,1,0.49174081015352678,0.1541045264832368
openbci,loso_stroop,Stroop LOSO,complete_settings_39_posthoc,11,always_fuse,Neural-classical stacking,4,2,2,1,1,0,2,0.75,0.75,1,0.5,0.66666666666666663,0.80000000000000004,1,1,1,0.63209352227486004,0.22007684214855078
openbci,loso_stroop,Stroop LOSO,complete_settings_39_posthoc,11,always_nn,Feature-MLP (neural reference),4,2,2,1,1,0,2,0.75,0.75,1,0.5,0.66666666666666663,0.80000000000000004,1,1,1,0.69217618338278597,0.22787422906057386
openbci,loso_stroop,Stroop LOSO,complete_settings_39_posthoc,11,cbsf,CB-SF,4,2,2,1,1,0,2,0.75,0.75,1,0.5,0.66666666666666663,0.80000000000000004,1,1,1,0.62714010998773206,0.21897610405127485
openbci,loso_stroop,Stroop LOSO,complete_settings_39_posthoc,11,dasf_clean,DASF,4,2,2,1,1,0,2,0.75,0.75,1,0.5,0.66666666666666663,0.80000000000000004,1,1,1,0.69217618338278597,0.22787422906057386
openbci,loso_stroop,Stroop LOSO,complete_settings_39_posthoc,11,eeg_conformer,EEG-Conformer,4,2,2,0,2,0,2,0.5,0.5,1,0,0.5,0.66666666666666663,1,1,1,0.63583310703055973,0.22801963018772928
openbci,loso_stroop,Stroop LOSO,complete_settings_39_posthoc,11,eegnet,EEGNet,4,2,2,2,0,2,0,0.5,0.5,0,1,,0,1,1,1,0.66614876166464165,0.23690303058690149
openbci,loso_stroop,Stroop LOSO,complete_settings_39_posthoc,11,equal_blend_050,Equal blend (50%),4,2,2,1,1,0,2,0.75,0.75,1,0.5,0.66666666666666663,0.80000000000000004,1,1,1,0.61702549337054058,0.21469378294444064
openbci,loso_stroop,Stroop LOSO,complete_settings_39_posthoc,11,extra_trees,Extra Trees,4,2,2,1,1,0,2,0.75,0.75,1,0.5,0.66666666666666663,0.80000000000000004,1,1,1,0.54509932502895053,0.17884734484619413
openbci,loso_stroop,Stroop LOSO,complete_settings_39_posthoc,11,fixed_blend_010,Fixed blend (10%),4,2,2,1,1,0,2,0.75,0.75,1,0.5,0.66666666666666663,0.80000000000000004,1,1,1,0.6728291442580081,0.23138275667316208
openbci,loso_stroop,Stroop LOSO,complete_settings_39_posthoc,11,fixed_blend_025,Fixed blend (25%),4,2,2,1,1,0,2,0.75,0.75,1,0.5,0.66666666666666663,0.80000000000000004,1,1,1,0.64055622815724178,0.22356216925762454
openbci,loso_stroop,Stroop LOSO,complete_settings_39_posthoc,11,rf,Random forest,4,2,2,1,1,0,2,0.75,0.75,1,0.5,0.66666666666666663,0.80000000000000004,1,1,1,0.49100077952393584,0.15415884447120554
openbci,loso_stroop,Stroop LOSO,complete_settings_39_posthoc,11,riemann_mdm,Riemannian MDM,4,2,2,0,2,0,2,0.5,0.5,1,0,0.5,0.66666666666666663,0.5,0.41666666666666663,0.58333333333333326,1.6293455192725095,0.46066746932194014
openbci,loso_stroop,Stroop LOSO,complete_settings_39_posthoc,11,riemann_ts_logreg,Riemannian TS-LR,4,2,2,1,1,2,0,0.25,0.25,0,0.5,0,0,0.25,0.33333333333333331,0.5,0.78890516307231873,0.29721923970875869
openbci,loso_stroop,Stroop LOSO,complete_settings_39_posthoc,11,stack_recording,OOF recording-level stacking,4,2,2,0,2,0,2,0.5,0.5,1,0,0.5,0.66666666666666663,1,1,1,0.65014634758138867,0.2308132884546327
openbci,loso_stroop,Stroop LOSO,complete_settings_39_posthoc,12,always_fuse,Neural-classical stacking,4,2,2,1,1,0,2,0.75,0.75,1,0.5,0.66666666666666663,0.80000000000000004,0.75,0.79166666666666663,0.83333333333333326,0.64138050280952352,0.22449065771407184
openbci,loso_stroop,Stroop LOSO,complete_settings_39_posthoc,12,always_nn,Feature-MLP (neural reference),4,2,2,1,1,0,2,0.75,0.75,1,0.5,0.66666666666666663,0.80000000000000004,0.75,0.79166666666666663,0.83333333333333326,0.69171625205739973,0.2401958757551228
openbci,loso_stroop,Stroop LOSO,complete_settings_39_posthoc,12,cbsf,CB-SF,4,2,2,1,1,0,2,0.75,0.75,1,0.5,0.66666666666666663,0.80000000000000004,0.75,0.79166666666666663,0.83333333333333326,0.68494259807199098,0.24016109392618926
openbci,loso_stroop,Stroop LOSO,complete_settings_39_posthoc,12,dasf_clean,DASF,4,2,2,1,1,0,2,0.75,0.75,1,0.5,0.66666666666666663,0.80000000000000004,0.75,0.79166666666666663,0.83333333333333326,0.69171625205739973,0.2401958757551228
openbci,loso_stroop,Stroop LOSO,complete_settings_39_posthoc,12,eeg_conformer,EEG-Conformer,4,2,2,1,1,0,2,0.75,0.75,1,0.5,0.66666666666666663,0.80000000000000004,1,1,1,0.51191527664933545,0.16700981727600375
openbci,loso_stroop,Stroop LOSO,complete_settings_39_posthoc,12,eegnet,EEGNet,4,2,2,2,0,2,0,0.5,0.5,0,1,,0,1,1,1,0.60274138129344934,0.20691039079622475
openbci,loso_stroop,Stroop LOSO,complete_settings_39_posthoc,12,equal_blend_050,Equal blend (50%),4,2,2,1,1,0,2,0.75,0.75,1,0.5,0.66666666666666663,0.80000000000000004,0.75,0.79166666666666663,0.83333333333333326,0.64834745850841757,0.22815507649540778
openbci,loso_stroop,Stroop LOSO,complete_settings_39_posthoc,12,extra_trees,Extra Trees,4,2,2,2,0,2,0,0.5,0.5,0,1,,0,1,1,1,0.59172294276991011,0.20399720433895005
openbci,loso_stroop,Stroop LOSO,complete_settings_39_posthoc,12,fixed_blend_010,Fixed blend (10%),4,2,2,1,1,0,2,0.75,0.75,1,0.5,0.66666666666666663,0.80000000000000004,0.75,0.79166666666666663,0.83333333333333326,0.6764907194275025,0.23835866527708643
openbci,loso_stroop,Stroop LOSO,complete_settings_39_posthoc,12,fixed_blend_025,Fixed blend (25%),4,2,2,1,1,0,2,0.75,0.75,1,0.5,0.66666666666666663,0.80000000000000004,0.75,0.79166666666666663,0.83333333333333326,0.6615706949799075,0.23362772208197763
openbci,loso_stroop,Stroop LOSO,complete_settings_39_posthoc,12,rf,Random forest,4,2,2,2,0,2,0,0.5,0.5,0,1,,0,0.5,0.41666666666666663,0.58333333333333326,0.67975261678544641,0.24741739273745295
openbci,loso_stroop,Stroop LOSO,complete_settings_39_posthoc,12,riemann_mdm,Riemannian MDM,4,2,2,2,0,0,2,1,1,1,1,1,1,1,1,1,0.4934883194743489,0.15560492647687457
openbci,loso_stroop,Stroop LOSO,complete_settings_39_posthoc,12,riemann_ts_logreg,Riemannian TS-LR,4,2,2,2,0,2,0,0.5,0.5,0,1,,0,1,1,1,0.69606550013491519,0.26078346702745725
openbci,loso_stroop,Stroop LOSO,complete_settings_39_posthoc,12,stack_recording,OOF recording-level stacking,4,2,2,0,2,0,2,0.5,0.5,1,0,0.5,0.66666666666666663,0.75,0.79166666666666663,0.83333333333333326,0.69389785824338468,0.25052392040086713
openbci,loso_stroop,Stroop LOSO,complete_settings_39_posthoc,13,always_fuse,Neural-classical stacking,4,2,2,2,0,2,0,0.5,0.5,0,1,,0,0.5,0.41666666666666663,0.58333333333333326,0.74667864208219437,0.27988199247060613
openbci,loso_stroop,Stroop LOSO,complete_settings_39_posthoc,13,always_nn,Feature-MLP (neural reference),4,2,2,2,0,2,0,0.5,0.5,0,1,,0,0.5,0.41666666666666663,0.58333333333333326,4.5216922734478739,0.49989086321260989
openbci,loso_stroop,Stroop LOSO,complete_settings_39_posthoc,13,cbsf,CB-SF,4,2,2,2,0,2,0,0.5,0.5,0,1,,0,0.5,0.41666666666666663,0.58333333333333326,3.190215261860764,0.49852985996706323
openbci,loso_stroop,Stroop LOSO,complete_settings_39_posthoc,13,dasf_clean,DASF,4,2,2,2,0,2,0,0.5,0.5,0,1,,0,0.5,0.41666666666666663,0.58333333333333326,4.5216922734478739,0.49989086321260989
openbci,loso_stroop,Stroop LOSO,complete_settings_39_posthoc,13,eeg_conformer,EEG-Conformer,4,2,2,2,0,2,0,0.5,0.5,0,1,,0,0.75,0.79166666666666663,0.83333333333333326,0.90516901297465746,0.32080050750416311
openbci,loso_stroop,Stroop LOSO,complete_settings_39_posthoc,13,eegnet,EEGNet,4,2,2,1,1,1,1,0.5,0.5,0.5,0.5,0.5,0.5,0.75,0.79166666666666663,0.83333333333333326,0.54176382789261712,0.192986409350313
openbci,loso_stroop,Stroop LOSO,complete_settings_39_posthoc,13,equal_blend_050,Equal blend (50%),4,2,2,2,0,2,0,0.5,0.5,0,1,,0,0.5,0.41666666666666663,0.58333333333333326,0.99367687600400179,0.36910295244951241
openbci,loso_stroop,Stroop LOSO,complete_settings_39_posthoc,13,extra_trees,Extra Trees,4,2,2,2,0,2,0,0.5,0.5,0,1,,0,0.5,0.41666666666666663,0.58333333333333326,0.77785671207285279,0.2958649042565652
openbci,loso_stroop,Stroop LOSO,complete_settings_39_posthoc,13,fixed_blend_010,Fixed blend (10%),4,2,2,2,0,2,0,0.5,0.5,0,1,,0,0.5,0.41666666666666663,0.58333333333333326,1.6397679427469249,0.46662899890555798
openbci,loso_stroop,Stroop LOSO,complete_settings_39_posthoc,13,fixed_blend_025,Fixed blend (25%),4,2,2,2,0,2,0,0.5,0.5,0,1,,0,0.5,0.41666666666666663,0.58333333333333326,1.2654094589683407,0.42653343022215956
openbci,loso_stroop,Stroop LOSO,complete_settings_39_posthoc,13,rf,Random forest,4,2,2,2,0,2,0,0.5,0.5,0,1,,0,0.75,0.79166666666666663,0.83333333333333326,0.86270835492838782,0.31991983881901148
openbci,loso_stroop,Stroop LOSO,complete_settings_39_posthoc,13,riemann_mdm,Riemannian MDM,4,2,2,2,0,1,1,0.75,0.75,0.5,1,1,0.66666666666666663,0.75,0.79166666666666663,0.83333333333333326,0.71605318664320405,0.24476772973287389
openbci,loso_stroop,Stroop LOSO,complete_settings_39_posthoc,13,riemann_ts_logreg,Riemannian TS-LR,4,2,2,1,1,1,1,0.5,0.5,0.5,0.5,0.5,0.5,0.5,0.70833333333333326,0.75,0.96633097034697302,0.32132125688834468
openbci,loso_stroop,Stroop LOSO,complete_settings_39_posthoc,13,stack_recording,OOF recording-level stacking,4,2,2,2,0,2,0,0.5,0.5,0,1,,0,0.5,0.41666666666666663,0.58333333333333326,1.0877553576819101,0.39313659068641166
openbci,cross_task_arithmetic_to_stroop,Arithmetic to Stroop,direction_specific_26_posthoc,1,always_fuse,Neural-classical stacking,3,1,2,0,1,0,2,0.66666666666666663,0.5,1,0,0.66666666666666663,0.80000000000000004,0.5,0.79166666666666663,0.83333333333333326,0.63659859332547108,0.22228611295040482
openbci,cross_task_arithmetic_to_stroop,Arithmetic to Stroop,direction_specific_26_posthoc,1,always_nn,Feature-MLP (neural reference),3,1,2,0,1,0,2,0.66666666666666663,0.5,1,0,0.66666666666666663,0.80000000000000004,0.5,0.79166666666666663,0.83333333333333326,0.6822055075422907,0.252938078068834
openbci,cross_task_arithmetic_to_stroop,Arithmetic to Stroop,direction_specific_26_posthoc,1,cbsf,CB-SF,3,1,2,0,1,0,2,0.66666666666666663,0.5,1,0,0.66666666666666663,0.80000000000000004,0.5,0.79166666666666663,0.83333333333333326,0.62583157849474114,0.2178166031281108
openbci,cross_task_arithmetic_to_stroop,Arithmetic to Stroop,direction_specific_26_posthoc,1,dasf_clean,DASF,3,1,2,0,1,0,2,0.66666666666666663,0.5,1,0,0.66666666666666663,0.80000000000000004,0.5,0.79166666666666663,0.83333333333333326,0.63659859332547108,0.22228611295040482
openbci,cross_task_arithmetic_to_stroop,Arithmetic to Stroop,direction_specific_26_posthoc,1,eeg_conformer,EEG-Conformer,3,1,2,0,1,0,2,0.66666666666666663,0.5,1,0,0.66666666666666663,0.80000000000000004,1,1,1,0.62553921189335693,0.222061716376761
openbci,cross_task_arithmetic_to_stroop,Arithmetic to Stroop,direction_specific_26_posthoc,1,eegnet,EEGNet,3,1,2,1,0,2,0,0.33333333333333331,0.5,0,1,,0,1,1,1,2.4648985010238369,0.63379659416453593
openbci,cross_task_arithmetic_to_stroop,Arithmetic to Stroop,direction_specific_26_posthoc,1,equal_blend_050,Equal blend (50%),3,1,2,0,1,0,2,0.66666666666666663,0.5,1,0,0.66666666666666663,0.80000000000000004,0.5,0.79166666666666663,0.83333333333333326,0.61741616214492534,0.21618471055639851
openbci,cross_task_arithmetic_to_stroop,Arithmetic to Stroop,direction_specific_26_posthoc,1,extra_trees,Extra Trees,3,1,2,0,1,0,2,0.66666666666666663,0.5,1,0,0.66666666666666663,0.80000000000000004,0.5,0.79166666666666663,0.83333333333333326,0.69374053898801724,0.24821625433376179
openbci,cross_task_arithmetic_to_stroop,Arithmetic to Stroop,direction_specific_26_posthoc,1,fixed_blend_010,Fixed blend (10%),3,1,2,0,1,0,2,0.66666666666666663,0.5,1,0,0.66666666666666663,0.80000000000000004,0.5,0.79166666666666663,0.83333333333333326,0.64189262585865736,0.23393138941436539
openbci,cross_task_arithmetic_to_stroop,Arithmetic to Stroop,direction_specific_26_posthoc,1,fixed_blend_025,Fixed blend (25%),3,1,2,0,1,0,2,0.66666666666666663,0.5,1,0,0.66666666666666663,0.80000000000000004,0.5,0.79166666666666663,0.83333333333333326,0.62317126540920487,0.22248601121870212
openbci,cross_task_arithmetic_to_stroop,Arithmetic to Stroop,direction_specific_26_posthoc,1,rf,Random forest,3,1,2,0,1,0,2,0.66666666666666663,0.5,1,0,0.66666666666666663,0.80000000000000004,0.5,0.79166666666666663,0.83333333333333326,0.6854015940355227,0.24464739733941829
openbci,cross_task_arithmetic_to_stroop,Arithmetic to Stroop,direction_specific_26_posthoc,1,riemann_mdm,Riemannian MDM,3,1,2,0,1,0,2,0.66666666666666663,0.5,1,0,0.66666666666666663,0.80000000000000004,0.5,0.79166666666666663,0.83333333333333326,0.77033143514244795,0.26616677561427127
openbci,cross_task_arithmetic_to_stroop,Arithmetic to Stroop,direction_specific_26_posthoc,1,riemann_ts_logreg,Riemannian TS-LR,3,1,2,0,1,0,2,0.66666666666666663,0.5,1,0,0.66666666666666663,0.80000000000000004,0.5,0.79166666666666663,0.83333333333333326,1.6218375084388474,0.36837892145527124
openbci,cross_task_arithmetic_to_stroop,Arithmetic to Stroop,direction_specific_26_posthoc,1,stack_recording,OOF recording-level stacking,3,1,2,1,0,1,1,0.66666666666666663,0.75,0.5,1,1,0.66666666666666663,0.5,0.79166666666666663,0.83333333333333326,0.67072408672603057,0.23908471141550391
openbci,cross_task_arithmetic_to_stroop,Arithmetic to Stroop,direction_specific_26_posthoc,2,always_fuse,Neural-classical stacking,3,1,2,0,1,0,2,0.66666666666666663,0.5,1,0,0.66666666666666663,0.80000000000000004,1,1,1,0.66417170000155634,0.23552880914865437
openbci,cross_task_arithmetic_to_stroop,Arithmetic to Stroop,direction_specific_26_posthoc,2,always_nn,Feature-MLP (neural reference),3,1,2,1,0,2,0,0.33333333333333331,0.5,0,1,,0,1,1,1,1.3300940630386162,0.49422647171675521
openbci,cross_task_arithmetic_to_stroop,Arithmetic to Stroop,direction_specific_26_posthoc,2,cbsf,CB-SF,3,1,2,1,0,2,0,0.33333333333333331,0.5,0,1,,0,1,1,1,0.69060383009575743,0.24876170480151627
openbci,cross_task_arithmetic_to_stroop,Arithmetic to Stroop,direction_specific_26_posthoc,2,dasf_clean,DASF,3,1,2,0,1,0,2,0.66666666666666663,0.5,1,0,0.66666666666666663,0.80000000000000004,1,1,1,0.66417170000155634,0.23552880914865437
openbci,cross_task_arithmetic_to_stroop,Arithmetic to Stroop,direction_specific_26_posthoc,2,eeg_conformer,EEG-Conformer,3,1,2,0,1,0,2,0.66666666666666663,0.5,1,0,0.66666666666666663,0.80000000000000004,1,1,1,0.54902013083204759,0.20057092461623163
openbci,cross_task_arithmetic_to_stroop,Arithmetic to Stroop,direction_specific_26_posthoc,2,eegnet,EEGNet,3,1,2,0,1,0,2,0.66666666666666663,0.5,1,0,0.66666666666666663,0.80000000000000004,0,0.41666666666666663,0.58333333333333326,0.65976693594868752,0.23154110691996654
openbci,cross_task_arithmetic_to_stroop,Arithmetic to Stroop,direction_specific_26_posthoc,2,equal_blend_050,Equal blend (50%),3,1,2,1,0,2,0,0.33333333333333331,0.5,0,1,,0,1,1,1,0.74929889295599905,0.2781036556166035
openbci,cross_task_arithmetic_to_stroop,Arithmetic to Stroop,direction_specific_26_posthoc,2,extra_trees,Extra Trees,3,1,2,1,0,2,0,0.33333333333333331,0.5,0,1,,0,1,1,1,0.76692777991300076,0.28899610392955272
openbci,cross_task_arithmetic_to_stroop,Arithmetic to Stroop,direction_specific_26_posthoc,2,fixed_blend_010,Fixed blend (10%),3,1,2,1,0,2,0,0.33333333333333331,0.5,0,1,,0,1,1,1,0.96346767465988437,0.3747071125638104
openbci,cross_task_arithmetic_to_stroop,Arithmetic to Stroop,direction_specific_26_posthoc,2,fixed_blend_025,Fixed blend (25%),3,1,2,1,0,2,0,0.33333333333333331,0.5,0,1,,0,1,1,1,0.84044932286204721,0.32164675949338395
openbci,cross_task_arithmetic_to_stroop,Arithmetic to Stroop,direction_specific_26_posthoc,2,rf,Random forest,3,1,2,1,0,2,0,0.33333333333333331,0.5,0,1,,0,0.5,0.79166666666666663,0.83333333333333326,0.86547464443362465,0.33181910510047724
openbci,cross_task_arithmetic_to_stroop,Arithmetic to Stroop,direction_specific_26_posthoc,2,riemann_mdm,Riemannian MDM,3,1,2,0,1,0,2,0.66666666666666663,0.5,1,0,0.66666666666666663,0.80000000000000004,1,1,1,0.58975839876840608,0.20068847425739442
openbci,cross_task_arithmetic_to_stroop,Arithmetic to Stroop,direction_specific_26_posthoc,2,riemann_ts_logreg,Riemannian TS-LR,3,1,2,0,1,0,2,0.66666666666666663,0.5,1,0,0.66666666666666663,0.80000000000000004,1,1,1,0.41473008856739407,0.13877254369386138
openbci,cross_task_arithmetic_to_stroop,Arithmetic to Stroop,direction_specific_26_posthoc,2,stack_recording,OOF recording-level stacking,3,1,2,0,1,0,2,0.66666666666666663,0.5,1,0,0.66666666666666663,0.80000000000000004,0,0.41666666666666663,0.58333333333333326,0.72411147174416024,0.25789952683515854
openbci,cross_task_arithmetic_to_stroop,Arithmetic to Stroop,direction_specific_26_posthoc,3,always_fuse,Neural-classical stacking,3,1,2,1,0,2,0,0.33333333333333331,0.5,0,1,,0,1,1,1,0.65655342313123899,0.23575057944026603
openbci,cross_task_arithmetic_to_stroop,Arithmetic to Stroop,direction_specific_26_posthoc,3,always_nn,Feature-MLP (neural reference),3,1,2,1,0,1,1,0.66666666666666663,0.75,0.5,1,1,0.66666666666666663,1,1,1,0.32489508432356901,0.11314168997310287
openbci,cross_task_arithmetic_to_stroop,Arithmetic to Stroop,direction_specific_26_posthoc,3,cbsf,CB-SF,3,1,2,1,0,1,1,0.66666666666666663,0.75,0.5,1,1,0.66666666666666663,1,1,1,0.60037332353808581,0.21038654519922342
openbci,cross_task_arithmetic_to_stroop,Arithmetic to Stroop,direction_specific_26_posthoc,3,dasf_clean,DASF,3,1,2,1,0,2,0,0.33333333333333331,0.5,0,1,,0,1,1,1,0.65655342313123899,0.23575057944026603
openbci,cross_task_arithmetic_to_stroop,Arithmetic to Stroop,direction_specific_26_posthoc,3,eeg_conformer,EEG-Conformer,3,1,2,0,1,0,2,0.66666666666666663,0.5,1,0,0.66666666666666663,0.80000000000000004,0,0.41666666666666663,0.58333333333333326,0.71728158469441361,0.25242602393878988
openbci,cross_task_arithmetic_to_stroop,Arithmetic to Stroop,direction_specific_26_posthoc,3,eegnet,EEGNet,3,1,2,0,1,1,1,0.33333333333333331,0.25,0.5,0,0.5,0.5,0.5,0.79166666666666663,0.83333333333333326,0.70181559055315779,0.25433318671229505
openbci,cross_task_arithmetic_to_stroop,Arithmetic to Stroop,direction_specific_26_posthoc,3,equal_blend_050,Equal blend (50%),3,1,2,1,0,1,1,0.66666666666666663,0.75,0.5,1,1,0.66666666666666663,1,1,1,0.52020668681413551,0.17625685733138105
openbci,cross_task_arithmetic_to_stroop,Arithmetic to Stroop,direction_specific_26_posthoc,3,extra_trees,Extra Trees,3,1,2,0,1,0,2,0.66666666666666663,0.5,1,0,0.66666666666666663,0.80000000000000004,1,1,1,0.50265999969707409,0.16170405908170923
openbci,cross_task_arithmetic_to_stroop,Arithmetic to Stroop,direction_specific_26_posthoc,3,fixed_blend_010,Fixed blend (10%),3,1,2,1,0,1,1,0.66666666666666663,0.75,0.5,1,1,0.66666666666666663,1,1,1,0.39535278701860244,0.13113080048107403
openbci,cross_task_arithmetic_to_stroop,Arithmetic to Stroop,direction_specific_26_posthoc,3,fixed_blend_025,Fixed blend (25%),3,1,2,1,0,1,1,0.66666666666666663,0.75,0.5,1,1,0.66666666666666663,1,1,1,0.44932510241585827,0.14915163467232695
openbci,cross_task_arithmetic_to_stroop,Arithmetic to Stroop,direction_specific_26_posthoc,3,rf,Random forest,3,1,2,0,1,0,2,0.66666666666666663,0.5,1,0,0.66666666666666663,0.80000000000000004,1,1,1,0.52322679982068554,0.17554258359544128
openbci,cross_task_arithmetic_to_stroop,Arithmetic to Stroop,direction_specific_26_posthoc,3,riemann_mdm,Riemannian MDM,3,1,2,0,1,0,2,0.66666666666666663,0.5,1,0,0.66666666666666663,0.80000000000000004,0.5,0.79166666666666663,0.83333333333333326,0.65318761584261209,0.22891813107321535
openbci,cross_task_arithmetic_to_stroop,Arithmetic to Stroop,direction_specific_26_posthoc,3,riemann_ts_logreg,Riemannian TS-LR,3,1,2,1,0,1,1,0.66666666666666663,0.75,0.5,1,1,0.66666666666666663,1,1,1,0.37268599990326029,0.14505196063829295
openbci,cross_task_arithmetic_to_stroop,Arithmetic to Stroop,direction_specific_26_posthoc,3,stack_recording,OOF recording-level stacking,3,1,2,1,0,2,0,0.33333333333333331,0.5,0,1,,0,1,1,1,0.71832522409977617,0.2632635362612854
openbci,cross_task_arithmetic_to_stroop,Arithmetic to Stroop,direction_specific_26_posthoc,4,always_fuse,Neural-classical stacking,3,1,2,0,1,0,2,0.66666666666666663,0.5,1,0,0.66666666666666663,0.80000000000000004,0,0.41666666666666663,0.58333333333333326,2.4514861981544049,0.33291958360550239
openbci,cross_task_arithmetic_to_stroop,Arithmetic to Stroop,direction_specific_26_posthoc,4,always_nn,Feature-MLP (neural reference),3,1,2,0,1,0,2,0.66666666666666663,0.5,1,0,0.66666666666666663,0.80000000000000004,0,0.41666666666666663,0.58333333333333326,4.0631198663362111,0.33332994536820804
openbci,cross_task_arithmetic_to_stroop,Arithmetic to Stroop,direction_specific_26_posthoc,4,cbsf,CB-SF,3,1,2,0,1,0,2,0.66666666666666663,0.5,1,0,0.66666666666666663,0.80000000000000004,0,0.41666666666666663,0.58333333333333326,2.826735713556138,0.33319635788333823
openbci,cross_task_arithmetic_to_stroop,Arithmetic to Stroop,direction_specific_26_posthoc,4,dasf_clean,DASF,3,1,2,0,1,0,2,0.66666666666666663,0.5,1,0,0.66666666666666663,0.80000000000000004,0,0.41666666666666663,0.58333333333333326,2.4514861981544049,0.33291958360550239
openbci,cross_task_arithmetic_to_stroop,Arithmetic to Stroop,direction_specific_26_posthoc,4,eeg_conformer,EEG-Conformer,3,1,2,0,1,0,2,0.66666666666666663,0.5,1,0,0.66666666666666663,0.80000000000000004,0.5,0.79166666666666663,0.83333333333333326,1.7579293788779931,0.3299114712701095
openbci,cross_task_arithmetic_to_stroop,Arithmetic to Stroop,direction_specific_26_posthoc,4,eegnet,EEGNet,3,1,2,0,1,0,2,0.66666666666666663,0.5,1,0,0.66666666666666663,0.80000000000000004,1,1,1,0.56710617518144735,0.19878761529273117
openbci,cross_task_arithmetic_to_stroop,Arithmetic to Stroop,direction_specific_26_posthoc,4,equal_blend_050,Equal blend (50%),3,1,2,0,1,0,2,0.66666666666666663,0.5,1,0,0.66666666666666663,0.80000000000000004,0,0.41666666666666663,0.58333333333333326,2.7001268228604967,0.3331340693951314
openbci,cross_task_arithmetic_to_stroop,Arithmetic to Stroop,direction_specific_26_posthoc,4,extra_trees,Extra Trees,3,1,2,0,1,0,2,0.66666666666666663,0.5,1,0,0.66666666666666663,0.80000000000000004,0.5,0.79166666666666663,0.83333333333333326,2.9555971307300282,0.33323939807117242
openbci,cross_task_arithmetic_to_stroop,Arithmetic to Stroop,direction_specific_26_posthoc,4,fixed_blend_010,Fixed blend (10%),3,1,2,0,1,0,2,0.66666666666666663,0.5,1,0,0.66666666666666663,0.80000000000000004,0,0.41666666666666663,0.58333333333333326,3.1971886208565077,0.33328794128172806
openbci,cross_task_arithmetic_to_stroop,Arithmetic to Stroop,direction_specific_26_posthoc,4,fixed_blend_025,Fixed blend (25%),3,1,2,0,1,0,2,0.66666666666666663,0.5,1,0,0.66666666666666663,0.80000000000000004,0,0.41666666666666663,0.58333333333333326,2.9210638559065738,0.33322984881130685
openbci,cross_task_arithmetic_to_stroop,Arithmetic to Stroop,direction_specific_26_posthoc,4,rf,Random forest,3,1,2,0,1,0,2,0.66666666666666663,0.5,1,0,0.66666666666666663,0.80000000000000004,1,1,1,3.57292619544971,0.33331858304798739
openbci,cross_task_arithmetic_to_stroop,Arithmetic to Stroop,direction_specific_26_posthoc,4,riemann_mdm,Riemannian MDM,3,1,2,0,1,0,2,0.66666666666666663,0.5,1,0,0.66666666666666663,0.80000000000000004,1,1,1,2.4801497609065049,0.33294210039365629
openbci,cross_task_arithmetic_to_stroop,Arithmetic to Stroop,direction_specific_26_posthoc,4,riemann_ts_logreg,Riemannian TS-LR,3,1,2,0,1,0,2,0.66666666666666663,0.5,1,0,0.66666666666666663,0.80000000000000004,1,1,1,2.0700047068405167,0.3319948145874056
openbci,cross_task_arithmetic_to_stroop,Arithmetic to Stroop,direction_specific_26_posthoc,4,stack_recording,OOF recording-level stacking,3,1,2,0,1,0,2,0.66666666666666663,0.5,1,0,0.66666666666666663,0.80000000000000004,0,0.41666666666666663,0.58333333333333326,1.6601759836389707,0.32940174252398685
openbci,cross_task_arithmetic_to_stroop,Arithmetic to Stroop,direction_specific_26_posthoc,5,always_fuse,Neural-classical stacking,3,1,2,0,1,2,0,0,0,0,0,0,0,0,0.41666666666666663,0.58333333333333326,1.2132120805934021,0.48984081049452932
openbci,cross_task_arithmetic_to_stroop,Arithmetic to Stroop,direction_specific_26_posthoc,5,always_nn,Feature-MLP (neural reference),3,1,2,0,1,2,0,0,0,0,0,0,0,0,0.41666666666666663,0.58333333333333326,3.9743997160603777,0.94454312525828532
openbci,cross_task_arithmetic_to_stroop,Arithmetic to Stroop,direction_specific_26_posthoc,5,cbsf,CB-SF,3,1,2,0,1,2,0,0,0,0,0,0,0,0,0.41666666666666663,0.58333333333333326,1.292762592298637,0.52463624791971764
openbci,cross_task_arithmetic_to_stroop,Arithmetic to Stroop,direction_specific_26_posthoc,5,dasf_clean,DASF,3,1,2,0,1,2,0,0,0,0,0,0,0,0,0.41666666666666663,0.58333333333333326,1.2132120805934021,0.48984081049452932
openbci,cross_task_arithmetic_to_stroop,Arithmetic to Stroop,direction_specific_26_posthoc,5,eeg_conformer,EEG-Conformer,3,1,2,1,0,0,2,1,1,1,1,1,1,1,1,1,0.62491648235020159,0.21595544177628381
openbci,cross_task_arithmetic_to_stroop,Arithmetic to Stroop,direction_specific_26_posthoc,5,eegnet,EEGNet,3,1,2,0,1,0,2,0.66666666666666663,0.5,1,0,0.66666666666666663,0.80000000000000004,0.5,0.79166666666666663,0.83333333333333326,0.63972110150574513,0.22370115439748015
openbci,cross_task_arithmetic_to_stroop,Arithmetic to Stroop,direction_specific_26_posthoc,5,equal_blend_050,Equal blend (50%),3,1,2,0,1,2,0,0,0,0,0,0,0,0,0.41666666666666663,0.58333333333333326,1.4938996750528011,0.60135796223361615
openbci,cross_task_arithmetic_to_stroop,Arithmetic to Stroop,direction_specific_26_posthoc,5,extra_trees,Extra Trees,3,1,2,0,1,2,0,0,0,0,0,0,0,0,0.41666666666666663,0.58333333333333326,1.5344002344343981,0.57612885899629029
openbci,cross_task_arithmetic_to_stroop,Arithmetic to Stroop,direction_specific_26_posthoc,5,fixed_blend_010,Fixed blend (10%),3,1,2,0,1,2,0,0,0,0,0,0,0,0,0.41666666666666663,0.58333333333333326,2.1953839295787385,0.78514553638549189
openbci,cross_task_arithmetic_to_stroop,Arithmetic to Stroop,direction_specific_26_posthoc,5,fixed_blend_025,Fixed blend (25%),3,1,2,0,1,2,0,0,0,0,0,0,0,0,0.41666666666666663,0.58333333333333326,1.8012842279398331,0.69586721584075917
openbci,cross_task_arithmetic_to_stroop,Arithmetic to Stroop,direction_specific_26_posthoc,5,rf,Random forest,3,1,2,0,1,2,0,0,0,0,0,0,0,0,0.41666666666666663,0.58333333333333326,2.0190730700183441,0.64945471155096401
openbci,cross_task_arithmetic_to_stroop,Arithmetic to Stroop,direction_specific_26_posthoc,5,riemann_mdm,Riemannian MDM,3,1,2,1,0,1,1,0.66666666666666663,0.75,0.5,1,1,0.66666666666666663,1,1,1,0.56561464241223358,0.18993583382553178
openbci,cross_task_arithmetic_to_stroop,Arithmetic to Stroop,direction_specific_26_posthoc,5,riemann_ts_logreg,Riemannian TS-LR,3,1,2,0,1,2,0,0,0,0,0,0,0,0,0.41666666666666663,0.58333333333333326,1.6872355436794046,0.56826152711961464
openbci,cross_task_arithmetic_to_stroop,Arithmetic to Stroop,direction_specific_26_posthoc,5,stack_recording,OOF recording-level stacking,3,1,2,1,0,1,1,0.66666666666666663,0.75,0.5,1,1,0.66666666666666663,0.5,0.79166666666666663,0.83333333333333326,0.59275064471647632,0.20194169533633119
openbci,cross_task_arithmetic_to_stroop,Arithmetic to Stroop,direction_specific_26_posthoc,6,always_fuse,Neural-classical stacking,3,1,2,0,1,0,2,0.66666666666666663,0.5,1,0,0.66666666666666663,0.80000000000000004,0,0.41666666666666663,0.58333333333333326,0.67500953099874639,0.2407715424164191
openbci,cross_task_arithmetic_to_stroop,Arithmetic to Stroop,direction_specific_26_posthoc,6,always_nn,Feature-MLP (neural reference),3,1,2,1,0,1,1,0.66666666666666663,0.75,0.5,1,1,0.66666666666666663,1,1,1,0.59484874027022638,0.20527401573067447
openbci,cross_task_arithmetic_to_stroop,Arithmetic to Stroop,direction_specific_26_posthoc,6,cbsf,CB-SF,3,1,2,0,1,0,2,0.66666666666666663,0.5,1,0,0.66666666666666663,0.80000000000000004,0.5,0.79166666666666663,0.83333333333333326,0.64800756631046319,0.22769426649279248
openbci,cross_task_arithmetic_to_stroop,Arithmetic to Stroop,direction_specific_26_posthoc,6,dasf_clean,DASF,3,1,2,0,1,0,2,0.66666666666666663,0.5,1,0,0.66666666666666663,0.80000000000000004,0,0.41666666666666663,0.58333333333333326,0.67500953099874639,0.2407715424164191
openbci,cross_task_arithmetic_to_stroop,Arithmetic to Stroop,direction_specific_26_posthoc,6,eeg_conformer,EEG-Conformer,3,1,2,0,1,0,2,0.66666666666666663,0.5,1,0,0.66666666666666663,0.80000000000000004,1,1,1,0.54168998330983997,0.17688209185547707
openbci,cross_task_arithmetic_to_stroop,Arithmetic to Stroop,direction_specific_26_posthoc,6,eegnet,EEGNet,3,1,2,0,1,0,2,0.66666666666666663,0.5,1,0,0.66666666666666663,0.80000000000000004,0.5,0.79166666666666663,0.83333333333333326,0.67832947408918776,0.24260298540604452
openbci,cross_task_arithmetic_to_stroop,Arithmetic to Stroop,direction_specific_26_posthoc,6,equal_blend_050,Equal blend (50%),3,1,2,1,0,1,1,0.66666666666666663,0.75,0.5,1,1,0.66666666666666663,1,1,1,0.61986745737404514,0.2141314632434749
openbci,cross_task_arithmetic_to_stroop,Arithmetic to Stroop,direction_specific_26_posthoc,6,extra_trees,Extra Trees,3,1,2,1,0,1,1,0.66666666666666663,0.75,0.5,1,1,0.66666666666666663,0.5,0.79166666666666663,0.83333333333333326,0.66569863584235434,0.23666365064971706
openbci,cross_task_arithmetic_to_stroop,Arithmetic to Stroop,direction_specific_26_posthoc,6,fixed_blend_010,Fixed blend (10%),3,1,2,1,0,1,1,0.66666666666666663,0.75,0.5,1,1,0.66666666666666663,1,1,1,0.59917027022985603,0.20590459603426461
openbci,cross_task_arithmetic_to_stroop,Arithmetic to Stroop,direction_specific_26_posthoc,6,fixed_blend_025,Fixed blend (25%),3,1,2,1,0,1,1,0.66666666666666663,0.75,0.5,1,1,0.66666666666666663,1,1,1,0.60515893340893312,0.20776029723977021
openbci,cross_task_arithmetic_to_stroop,Arithmetic to Stroop,direction_specific_26_posthoc,6,rf,Random forest,3,1,2,0,1,0,2,0.66666666666666663,0.5,1,0,0.66666666666666663,0.80000000000000004,1,1,1,0.62793570723345582,0.21811306653474402
openbci,cross_task_arithmetic_to_stroop,Arithmetic to Stroop,direction_specific_26_posthoc,6,riemann_mdm,Riemannian MDM,3,1,2,1,0,0,2,1,1,1,1,1,1,1,1,1,0.49096811191284478,0.15388211983601033
openbci,cross_task_arithmetic_to_stroop,Arithmetic to Stroop,direction_specific_26_posthoc,6,riemann_ts_logreg,Riemannian TS-LR,3,1,2,0,1,0,2,0.66666666666666663,0.5,1,0,0.66666666666666663,0.80000000000000004,1,1,1,0.53827438973632691,0.20253544907601848
openbci,cross_task_arithmetic_to_stroop,Arithmetic to Stroop,direction_specific_26_posthoc,6,stack_recording,OOF recording-level stacking,3,1,2,0,1,0,2,0.66666666666666663,0.5,1,0,0.66666666666666663,0.80000000000000004,0,0.41666666666666663,0.58333333333333326,0.74122675610138655,0.26328569164716265
openbci,cross_task_arithmetic_to_stroop,Arithmetic to Stroop,direction_specific_26_posthoc,7,always_fuse,Neural-classical stacking,3,1,2,1,0,2,0,0.33333333333333331,0.5,0,1,,0,0.5,0.79166666666666663,0.83333333333333326,0.85144794315934591,0.32435893354195117
openbci,cross_task_arithmetic_to_stroop,Arithmetic to Stroop,direction_specific_26_posthoc,7,always_nn,Feature-MLP (neural reference),3,1,2,1,0,2,0,0.33333333333333331,0.5,0,1,,0,1,1,1,2.1064901517929409,0.50064954222878955
openbci,cross_task_arithmetic_to_stroop,Arithmetic to Stroop,direction_specific_26_posthoc,7,cbsf,CB-SF,3,1,2,1,0,2,0,0.33333333333333331,0.5,0,1,,0,0.5,0.79166666666666663,0.83333333333333326,0.88372553781322061,0.33683831473578402
openbci,cross_task_arithmetic_to_stroop,Arithmetic to Stroop,direction_specific_26_posthoc,7,dasf_clean,DASF,3,1,2,1,0,2,0,0.33333333333333331,0.5,0,1,,0,1,1,1,2.1064901517929409,0.50064954222878955
openbci,cross_task_arithmetic_to_stroop,Arithmetic to Stroop,direction_specific_26_posthoc,7,eeg_conformer,EEG-Conformer,3,1,2,1,0,2,0,0.33333333333333331,0.5,0,1,,0,1,1,1,2.8565886617436114,0.64798427273284098
openbci,cross_task_arithmetic_to_stroop,Arithmetic to Stroop,direction_specific_26_posthoc,7,eegnet,EEGNet,3,1,2,1,0,2,0,0.33333333333333331,0.5,0,1,,0,1,1,1,3.1816972393960801,0.65070728578872794
openbci,cross_task_arithmetic_to_stroop,Arithmetic to Stroop,direction_specific_26_posthoc,7,equal_blend_050,Equal blend (50%),3,1,2,1,0,2,0,0.33333333333333331,0.5,0,1,,0,0.5,0.79166666666666663,0.83333333333333326,0.96656803932071644,0.36514762005844176
openbci,cross_task_arithmetic_to_stroop,Arithmetic to Stroop,direction_specific_26_posthoc,7,extra_trees,Extra Trees,3,1,2,1,0,2,0,0.33333333333333331,0.5,0,1,,0,0.5,0.79166666666666663,0.83333333333333326,2.8593273072884391,0.54895087288027611
openbci,cross_task_arithmetic_to_stroop,Arithmetic to Stroop,direction_specific_26_posthoc,7,fixed_blend_010,Fixed blend (10%),3,1,2,1,0,2,0,0.33333333333333331,0.5,0,1,,0,1,1,1,1.3087738166305307,0.44045198645777578
openbci,cross_task_arithmetic_to_stroop,Arithmetic to Stroop,direction_specific_26_posthoc,7,fixed_blend_025,Fixed blend (25%),3,1,2,1,0,2,0,0.33333333333333331,0.5,0,1,,0,1,1,1,1.1085176976054798,0.40311031729168278
openbci,cross_task_arithmetic_to_stroop,Arithmetic to Stroop,direction_specific_26_posthoc,7,rf,Random forest,3,1,2,1,0,2,0,0.33333333333333331,0.5,0,1,,0,0.5,0.79166666666666663,0.83333333333333326,5.4366623814882695,0.66599731982023946
openbci,cross_task_arithmetic_to_stroop,Arithmetic to Stroop,direction_specific_26_posthoc,7,riemann_mdm,Riemannian MDM,3,1,2,1,0,2,0,0.33333333333333331,0.5,0,1,,0,1,1,1,3.6300836348466472,0.51107211173908151
openbci,cross_task_arithmetic_to_stroop,Arithmetic to Stroop,direction_specific_26_posthoc,7,riemann_ts_logreg,Riemannian TS-LR,3,1,2,0,1,0,2,0.66666666666666663,0.5,1,0,0.66666666666666663,0.80000000000000004,1,1,1,0.3111092194406071,0.10489587623032937
openbci,cross_task_arithmetic_to_stroop,Arithmetic to Stroop,direction_specific_26_posthoc,7,stack_recording,OOF recording-level stacking,3,1,2,0,1,0,2,0.66666666666666663,0.5,1,0,0.66666666666666663,0.80000000000000004,1,1,1,0.62231532951697177,0.22404803146296473
openbci,cross_task_arithmetic_to_stroop,Arithmetic to Stroop,direction_specific_26_posthoc,8,always_fuse,Neural-classical stacking,3,1,2,0,1,0,2,0.66666666666666663,0.5,1,0,0.66666666666666663,0.80000000000000004,0,0.41666666666666663,0.58333333333333326,0.70680069631816256,0.25629891035982966
openbci,cross_task_arithmetic_to_stroop,Arithmetic to Stroop,direction_specific_26_posthoc,8,always_nn,Feature-MLP (neural reference),3,1,2,0,1,0,2,0.66666666666666663,0.5,1,0,0.66666666666666663,0.80000000000000004,0,0.41666666666666663,0.58333333333333326,1.6535310869457269,0.33021361023330659
openbci,cross_task_arithmetic_to_stroop,Arithmetic to Stroop,direction_specific_26_posthoc,8,cbsf,CB-SF,3,1,2,0,1,0,2,0.66666666666666663,0.5,1,0,0.66666666666666663,0.80000000000000004,0,0.41666666666666663,0.58333333333333326,0.70516519293448843,0.25465919842616319
openbci,cross_task_arithmetic_to_stroop,Arithmetic to Stroop,direction_specific_26_posthoc,8,dasf_clean,DASF,3,1,2,0,1,0,2,0.66666666666666663,0.5,1,0,0.66666666666666663,0.80000000000000004,0,0.41666666666666663,0.58333333333333326,1.6535310869457269,0.33021361023330659
openbci,cross_task_arithmetic_to_stroop,Arithmetic to Stroop,direction_specific_26_posthoc,8,eeg_conformer,EEG-Conformer,3,1,2,0,1,0,2,0.66666666666666663,0.5,1,0,0.66666666666666663,0.80000000000000004,1,1,1,0.68898089875556046,0.24173017377516282
openbci,cross_task_arithmetic_to_stroop,Arithmetic to Stroop,direction_specific_26_posthoc,8,eegnet,EEGNet,3,1,2,0,1,0,2,0.66666666666666663,0.5,1,0,0.66666666666666663,0.80000000000000004,0,0.41666666666666663,0.58333333333333326,0.67347756230151712,0.23680711961509771
openbci,cross_task_arithmetic_to_stroop,Arithmetic to Stroop,direction_specific_26_posthoc,8,equal_blend_050,Equal blend (50%),3,1,2,0,1,0,2,0.66666666666666663,0.5,1,0,0.66666666666666663,0.80000000000000004,0,0.41666666666666663,0.58333333333333326,0.71747948238576453,0.25738144684761538
openbci,cross_task_arithmetic_to_stroop,Arithmetic to Stroop,direction_specific_26_posthoc,8,extra_trees,Extra Trees,3,1,2,0,1,0,2,0.66666666666666663,0.5,1,0,0.66666666666666663,0.80000000000000004,0,0.41666666666666663,0.58333333333333326,0.69412855750700631,0.24715538010614999
openbci,cross_task_arithmetic_to_stroop,Arithmetic to Stroop,direction_specific_26_posthoc,8,fixed_blend_010,Fixed blend (10%),3,1,2,0,1,0,2,0.66666666666666663,0.5,1,0,0.66666666666666663,0.80000000000000004,0,0.41666666666666663,0.58333333333333326,0.84181271771139021,0.2842754183533765
openbci,cross_task_arithmetic_to_stroop,Arithmetic to Stroop,direction_specific_26_posthoc,8,fixed_blend_025,Fixed blend (25%),3,1,2,0,1,0,2,0.66666666666666663,0.5,1,0,0.66666666666666663,0.80000000000000004,0,0.41666666666666663,0.58333333333333326,0.75947638140252705,0.2679450938985089
openbci,cross_task_arithmetic_to_stroop,Arithmetic to Stroop,direction_specific_26_posthoc,8,rf,Random forest,3,1,2,0,1,0,2,0.66666666666666663,0.5,1,0,0.66666666666666663,0.80000000000000004,0,0.41666666666666663,0.58333333333333326,0.74574763003402278,0.26827779978509575
openbci,cross_task_arithmetic_to_stroop,Arithmetic to Stroop,direction_specific_26_posthoc,8,riemann_mdm,Riemannian MDM,3,1,2,0,1,1,1,0.33333333333333331,0.25,0.5,0,0.5,0.5,0,0.41666666666666663,0.58333333333333326,1.1287077078188665,0.40019492992231603
openbci,cross_task_arithmetic_to_stroop,Arithmetic to Stroop,direction_specific_26_posthoc,8,riemann_ts_logreg,Riemannian TS-LR,3,1,2,0,1,0,2,0.66666666666666663,0.5,1,0,0.66666666666666663,0.80000000000000004,0,0.41666666666666663,0.58333333333333326,2.5255746702511996,0.37317953635952666
openbci,cross_task_arithmetic_to_stroop,Arithmetic to Stroop,direction_specific_26_posthoc,8,stack_recording,OOF recording-level stacking,3,1,2,0,1,2,0,0,0,0,0,0,0,0,0.41666666666666663,0.58333333333333326,1.2569107742491623,0.50681398593727556
openbci,cross_task_arithmetic_to_stroop,Arithmetic to Stroop,direction_specific_26_posthoc,9,always_fuse,Neural-classical stacking,3,1,2,0,1,0,2,0.66666666666666663,0.5,1,0,0.66666666666666663,0.80000000000000004,1,1,1,0.66512637085540138,0.23601982457909254
openbci,cross_task_arithmetic_to_stroop,Arithmetic to Stroop,direction_specific_26_posthoc,9,always_nn,Feature-MLP (neural reference),3,1,2,0,1,0,2,0.66666666666666663,0.5,1,0,0.66666666666666663,0.80000000000000004,0.5,0.79166666666666663,0.83333333333333326,2.7150518609662195,0.33313995905839094
openbci,cross_task_arithmetic_to_stroop,Arithmetic to Stroop,direction_specific_26_posthoc,9,cbsf,CB-SF,3,1,2,0,1,0,2,0.66666666666666663,0.5,1,0,0.66666666666666663,0.80000000000000004,1,1,1,0.62649717134457128,0.21746127932225381
openbci,cross_task_arithmetic_to_stroop,Arithmetic to Stroop,direction_specific_26_posthoc,9,dasf_clean,DASF,3,1,2,0,1,0,2,0.66666666666666663,0.5,1,0,0.66666666666666663,0.80000000000000004,0.5,0.79166666666666663,0.83333333333333326,2.7150518609662195,0.33313995905839094
openbci,cross_task_arithmetic_to_stroop,Arithmetic to Stroop,direction_specific_26_posthoc,9,eeg_conformer,EEG-Conformer,3,1,2,0,1,0,2,0.66666666666666663,0.5,1,0,0.66666666666666663,0.80000000000000004,1,1,1,1.0722756542610485,0.30608918057624335
openbci,cross_task_arithmetic_to_stroop,Arithmetic to Stroop,direction_specific_26_posthoc,9,eegnet,EEGNet,3,1,2,0,1,0,2,0.66666666666666663,0.5,1,0,0.66666666666666663,0.80000000000000004,0.5,0.79166666666666663,0.83333333333333326,0.70453434856312158,0.24593142320477177
openbci,cross_task_arithmetic_to_stroop,Arithmetic to Stroop,direction_specific_26_posthoc,9,equal_blend_050,Equal blend (50%),3,1,2,0,1,0,2,0.66666666666666663,0.5,1,0,0.66666666666666663,0.80000000000000004,1,1,1,0.63159931777286227,0.22085722961592991
openbci,cross_task_arithmetic_to_stroop,Arithmetic to Stroop,direction_specific_26_posthoc,9,extra_trees,Extra Trees,3,1,2,0,1,0,2,0.66666666666666663,0.5,1,0,0.66666666666666663,0.80000000000000004,1,1,1,0.70986918956748868,0.24909144213810844
openbci,cross_task_arithmetic_to_stroop,Arithmetic to Stroop,direction_specific_26_posthoc,9,fixed_blend_010,Fixed blend (10%),3,1,2,0,1,0,2,0.66666666666666663,0.5,1,0,0.66666666666666663,0.80000000000000004,1,1,1,0.94503949900999951,0.293021061257495
openbci,cross_task_arithmetic_to_stroop,Arithmetic to Stroop,direction_specific_26_posthoc,9,fixed_blend_025,Fixed blend (25%),3,1,2,0,1,0,2,0.66666666666666663,0.5,1,0,0.66666666666666663,0.80000000000000004,1,1,1,0.73701070899468091,0.25523955870064247
openbci,cross_task_arithmetic_to_stroop,Arithmetic to Stroop,direction_specific_26_posthoc,9,rf,Random forest,3,1,2,0,1,0,2,0.66666666666666663,0.5,1,0,0.66666666666666663,0.80000000000000004,0.5,0.79166666666666663,0.83333333333333326,0.98590781929323146,0.29787877377748501
openbci,cross_task_arithmetic_to_stroop,Arithmetic to Stroop,direction_specific_26_posthoc,9,riemann_mdm,Riemannian MDM,3,1,2,0,1,0,2,0.66666666666666663,0.5,1,0,0.66666666666666663,0.80000000000000004,0.5,0.79166666666666663,0.83333333333333326,2.040195069879422,0.33186869776655015
openbci,cross_task_arithmetic_to_stroop,Arithmetic to Stroop,direction_specific_26_posthoc,9,riemann_ts_logreg,Riemannian TS-LR,3,1,2,0,1,0,2,0.66666666666666663,0.5,1,0,0.66666666666666663,0.80000000000000004,1,1,1,3.0118322617344027,0.33325393253220414
openbci,cross_task_arithmetic_to_stroop,Arithmetic to Stroop,direction_specific_26_posthoc,9,stack_recording,OOF recording-level stacking,3,1,2,0,1,0,2,0.66666666666666663,0.5,1,0,0.66666666666666663,0.80000000000000004,0.5,0.79166666666666663,0.83333333333333326,1.594744732401091,0.32774922528851652
openbci,cross_task_arithmetic_to_stroop,Arithmetic to Stroop,direction_specific_26_posthoc,10,always_fuse,Neural-classical stacking,3,1,2,0,1,1,1,0.33333333333333331,0.25,0.5,0,0.5,0.5,0.5,0.79166666666666663,0.83333333333333326,0.63842895948429657,0.22774892379795378
openbci,cross_task_arithmetic_to_stroop,Arithmetic to Stroop,direction_specific_26_posthoc,10,always_nn,Feature-MLP (neural reference),3,1,2,0,1,1,1,0.33333333333333331,0.25,0.5,0,0.5,0.5,0.5,0.79166666666666663,0.83333333333333326,1.5255662650691619,0.51738966792737795
openbci,cross_task_arithmetic_to_stroop,Arithmetic to Stroop,direction_specific_26_posthoc,10,cbsf,CB-SF,3,1,2,0,1,0,2,0.66666666666666663,0.5,1,0,0.66666666666666663,0.80000000000000004,0.5,0.79166666666666663,0.83333333333333326,0.64155307550385832,0.22487901399025709
openbci,cross_task_arithmetic_to_stroop,Arithmetic to Stroop,direction_specific_26_posthoc,10,dasf_clean,DASF,3,1,2,0,1,1,1,0.33333333333333331,0.25,0.5,0,0.5,0.5,0.5,0.79166666666666663,0.83333333333333326,0.63842895948429657,0.22774892379795378
openbci,cross_task_arithmetic_to_stroop,Arithmetic to Stroop,direction_specific_26_posthoc,10,eeg_conformer,EEG-Conformer,3,1,2,0,1,0,2,0.66666666666666663,0.5,1,0,0.66666666666666663,0.80000000000000004,0,0.41666666666666663,0.58333333333333326,0.66289748010982941,0.23420233334240903
openbci,cross_task_arithmetic_to_stroop,Arithmetic to Stroop,direction_specific_26_posthoc,10,eegnet,EEGNet,3,1,2,0,1,0,2,0.66666666666666663,0.5,1,0,0.66666666666666663,0.80000000000000004,0,0.41666666666666663,0.58333333333333326,0.69009383445236827,0.24829040374870451
openbci,cross_task_arithmetic_to_stroop,Arithmetic to Stroop,direction_specific_26_posthoc,10,equal_blend_050,Equal blend (50%),3,1,2,0,1,1,1,0.33333333333333331,0.25,0.5,0,0.5,0.5,0.5,0.79166666666666663,0.83333333333333326,0.71974104905435021,0.26432401372160369
openbci,cross_task_arithmetic_to_stroop,Arithmetic to Stroop,direction_specific_26_posthoc,10,extra_trees,Extra Trees,3,1,2,0,1,1,1,0.33333333333333331,0.25,0.5,0,0.5,0.5,0.5,0.79166666666666663,0.83333333333333326,0.85976147736273933,0.33318577331987864
openbci,cross_task_arithmetic_to_stroop,Arithmetic to Stroop,direction_specific_26_posthoc,10,fixed_blend_010,Fixed blend (10%),3,1,2,0,1,1,1,0.33333333333333331,0.25,0.5,0,0.5,0.5,0.5,0.79166666666666663,0.83333333333333326,1.0979015727990593,0.41889983050817764
openbci,cross_task_arithmetic_to_stroop,Arithmetic to Stroop,direction_specific_26_posthoc,10,fixed_blend_025,Fixed blend (25%),3,1,2,0,1,1,1,0.33333333333333331,0.25,0.5,0,0.5,0.5,0.5,0.79166666666666663,0.83333333333333326,0.88084865030926363,0.34044739321832723
openbci,cross_task_arithmetic_to_stroop,Arithmetic to Stroop,direction_specific_26_posthoc,10,rf,Random forest,3,1,2,0,1,1,1,0.33333333333333331,0.25,0.5,0,0.5,0.5,0.5,0.79166666666666663,0.83333333333333326,0.90443738111686001,0.35451064103600616
openbci,cross_task_arithmetic_to_stroop,Arithmetic to Stroop,direction_specific_26_posthoc,10,riemann_mdm,Riemannian MDM,3,1,2,0,1,1,1,0.33333333333333331,0.25,0.5,0,0.5,0.5,0.5,0.79166666666666663,0.83333333333333326,0.87315459382855887,0.33351477239119176
openbci,cross_task_arithmetic_to_stroop,Arithmetic to Stroop,direction_specific_26_posthoc,10,riemann_ts_logreg,Riemannian TS-LR,3,1,2,0,1,1,1,0.33333333333333331,0.25,0.5,0,0.5,0.5,0.5,0.79166666666666663,0.83333333333333326,5.5030682060164677,0.65320908570306402
openbci,cross_task_arithmetic_to_stroop,Arithmetic to Stroop,direction_specific_26_posthoc,10,stack_recording,OOF recording-level stacking,3,1,2,1,0,1,1,0.66666666666666663,0.75,0.5,1,1,0.66666666666666663,0.5,0.79166666666666663,0.83333333333333326,0.64879134644319325,0.23134684972271727
openbci,cross_task_arithmetic_to_stroop,Arithmetic to Stroop,direction_specific_26_posthoc,11,always_fuse,Neural-classical stacking,3,1,2,0,1,0,2,0.66666666666666663,0.5,1,0,0.66666666666666663,0.80000000000000004,1,1,1,0.64587603928634318,0.22644758951508062
openbci,cross_task_arithmetic_to_stroop,Arithmetic to Stroop,direction_specific_26_posthoc,11,always_nn,Feature-MLP (neural reference),3,1,2,0,1,2,0,0,0,0,0,0,0,0,0.41666666666666663,0.58333333333333326,1.5652714867650654,0.62141192205980411
openbci,cross_task_arithmetic_to_stroop,Arithmetic to Stroop,direction_specific_26_posthoc,11,cbsf,CB-SF,3,1,2,0,1,2,0,0,0,0,0,0,0,0,0.41666666666666663,0.58333333333333326,0.76274247625000335,0.28464873992707002
openbci,cross_task_arithmetic_to_stroop,Arithmetic to Stroop,direction_specific_26_posthoc,11,dasf_clean,DASF,3,1,2,0,1,0,2,0.66666666666666663,0.5,1,0,0.66666666666666663,0.80000000000000004,1,1,1,0.64587603928634318,0.22644758951508062
openbci,cross_task_arithmetic_to_stroop,Arithmetic to Stroop,direction_specific_26_posthoc,11,eeg_conformer,EEG-Conformer,3,1,2,0,1,0,2,0.66666666666666663,0.5,1,0,0.66666666666666663,0.80000000000000004,0,0.41666666666666663,0.58333333333333326,0.79161859378643207,0.27051462149950384
openbci,cross_task_arithmetic_to_stroop,Arithmetic to Stroop,direction_specific_26_posthoc,11,eegnet,EEGNet,3,1,2,0,1,0,2,0.66666666666666663,0.5,1,0,0.66666666666666663,0.80000000000000004,0,0.41666666666666663,0.58333333333333326,1.6983997994263202,0.33047257305950961
openbci,cross_task_arithmetic_to_stroop,Arithmetic to Stroop,direction_specific_26_posthoc,11,equal_blend_050,Equal blend (50%),3,1,2,0,1,2,0,0,0,0,0,0,0,0,0.41666666666666663,0.58333333333333326,0.95422479461410514,0.37765242683607214
openbci,cross_task_arithmetic_to_stroop,Arithmetic to Stroop,direction_specific_26_posthoc,11,extra_trees,Extra Trees,3,1,2,0,1,0,2,0.66666666666666663,0.5,1,0,0.66666666666666663,0.80000000000000004,0,0.41666666666666663,0.58333333333333326,0.66422855442548279,0.23540108346512004
openbci,cross_task_arithmetic_to_stroop,Arithmetic to Stroop,direction_specific_26_posthoc,11,fixed_blend_010,Fixed blend (10%),3,1,2,0,1,2,0,0,0,0,0,0,0,0,0.41666666666666663,0.58333333333333326,1.3528253061611972,0.54768373395447401
openbci,cross_task_arithmetic_to_stroop,Arithmetic to Stroop,direction_specific_26_posthoc,11,fixed_blend_025,Fixed blend (25%),3,1,2,0,1,2,0,0,0,0,0,0,0,0,0.41666666666666663,0.58333333333333326,1.1652324624362915,0.47243977586501301
openbci,cross_task_arithmetic_to_stroop,Arithmetic to Stroop,direction_specific_26_posthoc,11,rf,Random forest,3,1,2,0,1,0,2,0.66666666666666663,0.5,1,0,0.66666666666666663,0.80000000000000004,1,1,1,0.60927819219008172,0.2091818924100424
openbci,cross_task_arithmetic_to_stroop,Arithmetic to Stroop,direction_specific_26_posthoc,11,riemann_mdm,Riemannian MDM,3,1,2,0,1,0,2,0.66666666666666663,0.5,1,0,0.66666666666666663,0.80000000000000004,0,0.41666666666666663,0.58333333333333326,0.77342677221321121,0.28515737843706757
openbci,cross_task_arithmetic_to_stroop,Arithmetic to Stroop,direction_specific_26_posthoc,11,riemann_ts_logreg,Riemannian TS-LR,3,1,2,0,1,2,0,0,0,0,0,0,0,0,0.41666666666666663,0.58333333333333326,2.1263814213572232,0.75601420692031052
openbci,cross_task_arithmetic_to_stroop,Arithmetic to Stroop,direction_specific_26_posthoc,11,stack_recording,OOF recording-level stacking,3,1,2,1,0,0,2,1,1,1,1,1,1,1,1,1,0.3320619229098532,0.090332521641777672
openbci,cross_task_arithmetic_to_stroop,Arithmetic to Stroop,direction_specific_26_posthoc,12,always_fuse,Neural-classical stacking,3,1,2,0,1,0,2,0.66666666666666663,0.5,1,0,0.66666666666666663,0.80000000000000004,0,0.41666666666666663,0.58333333333333326,1.6547628317610397,0.35994568390656573
openbci,cross_task_arithmetic_to_stroop,Arithmetic to Stroop,direction_specific_26_posthoc,12,always_nn,Feature-MLP (neural reference),3,1,2,0,1,0,2,0.66666666666666663,0.5,1,0,0.66666666666666663,0.80000000000000004,1,1,1,0.64292191975107182,0.22556778086776119
openbci,cross_task_arithmetic_to_stroop,Arithmetic to Stroop,direction_specific_26_posthoc,12,cbsf,CB-SF,3,1,2,0,1,0,2,0.66666666666666663,0.5,1,0,0.66666666666666663,0.80000000000000004,0.5,0.79166666666666663,0.83333333333333326,0.91925987941754428,0.31005877502601681
openbci,cross_task_arithmetic_to_stroop,Arithmetic to Stroop,direction_specific_26_posthoc,12,dasf_clean,DASF,3,1,2,0,1,0,2,0.66666666666666663,0.5,1,0,0.66666666666666663,0.80000000000000004,0,0.41666666666666663,0.58333333333333326,1.6547628317610397,0.35994568390656573
openbci,cross_task_arithmetic_to_stroop,Arithmetic to Stroop,direction_specific_26_posthoc,12,eeg_conformer,EEG-Conformer,3,1,2,0,1,0,2,0.66666666666666663,0.5,1,0,0.66666666666666663,0.80000000000000004,0,0.41666666666666663,0.58333333333333326,0.64118258225200619,0.22425018551794676
openbci,cross_task_arithmetic_to_stroop,Arithmetic to Stroop,direction_specific_26_posthoc,12,eegnet,EEGNet,3,1,2,0,1,0,2,0.66666666666666663,0.5,1,0,0.66666666666666663,0.80000000000000004,0.5,0.79166666666666663,0.83333333333333326,0.73050816219596559,0.25317932726273329
openbci,cross_task_arithmetic_to_stroop,Arithmetic to Stroop,direction_specific_26_posthoc,12,equal_blend_050,Equal blend (50%),3,1,2,0,1,0,2,0.66666666666666663,0.5,1,0,0.66666666666666663,0.80000000000000004,0.5,0.79166666666666663,0.83333333333333326,0.77359158058421429,0.27398431686529051
openbci,cross_task_arithmetic_to_stroop,Arithmetic to Stroop,direction_specific_26_posthoc,12,extra_trees,Extra Trees,3,1,2,0,1,0,2,0.66666666666666663,0.5,1,0,0.66666666666666663,0.80000000000000004,1,1,1,0.5650251710611256,0.18802411585660295
openbci,cross_task_arithmetic_to_stroop,Arithmetic to Stroop,direction_specific_26_posthoc,12,fixed_blend_010,Fixed blend (10%),3,1,2,0,1,0,2,0.66666666666666663,0.5,1,0,0.66666666666666663,0.80000000000000004,0.5,0.79166666666666663,0.83333333333333326,0.66302378772329285,0.23394172262373744
openbci,cross_task_arithmetic_to_stroop,Arithmetic to Stroop,direction_specific_26_posthoc,12,fixed_blend_025,Fixed blend (25%),3,1,2,0,1,0,2,0.66666666666666663,0.5,1,0,0.66666666666666663,0.80000000000000004,0.5,0.79166666666666663,0.83333333333333326,0.70104878359386025,0.24892327319022897
openbci,cross_task_arithmetic_to_stroop,Arithmetic to Stroop,direction_specific_26_posthoc,12,rf,Random forest,3,1,2,1,0,1,1,0.66666666666666663,0.75,0.5,1,1,0.66666666666666663,1,1,1,0.51113176555300799,0.16402295146934401
openbci,cross_task_arithmetic_to_stroop,Arithmetic to Stroop,direction_specific_26_posthoc,12,riemann_mdm,Riemannian MDM,3,1,2,1,0,0,2,1,1,1,1,1,1,1,1,1,0.48400364347484487,0.15067821685036242
openbci,cross_task_arithmetic_to_stroop,Arithmetic to Stroop,direction_specific_26_posthoc,12,riemann_ts_logreg,Riemannian TS-LR,3,1,2,0,1,0,2,0.66666666666666663,0.5,1,0,0.66666666666666663,0.80000000000000004,1,1,1,0.75319267978728954,0.26262792524105533
openbci,cross_task_arithmetic_to_stroop,Arithmetic to Stroop,direction_specific_26_posthoc,12,stack_recording,OOF recording-level stacking,3,1,2,0,1,0,2,0.66666666666666663,0.5,1,0,0.66666666666666663,0.80000000000000004,0,0.41666666666666663,0.58333333333333326,0.94669144336242439,0.32321662113941307
openbci,cross_task_arithmetic_to_stroop,Arithmetic to Stroop,direction_specific_26_posthoc,13,always_fuse,Neural-classical stacking,3,1,2,1,0,0,2,1,1,1,1,1,1,1,1,1,0.62071696669198195,0.21388480452948008
openbci,cross_task_arithmetic_to_stroop,Arithmetic to Stroop,direction_specific_26_posthoc,13,always_nn,Feature-MLP (neural reference),3,1,2,1,0,0,2,1,1,1,1,1,1,1,1,1,0.14890516962642472,0.042184385569155609
openbci,cross_task_arithmetic_to_stroop,Arithmetic to Stroop,direction_specific_26_posthoc,13,cbsf,CB-SF,3,1,2,1,0,0,2,1,1,1,1,1,1,1,1,1,0.53835356668249978,0.17362598391456299
openbci,cross_task_arithmetic_to_stroop,Arithmetic to Stroop,direction_specific_26_posthoc,13,dasf_clean,DASF,3,1,2,1,0,0,2,1,1,1,1,1,1,1,1,1,0.62071696669198195,0.21388480452948008
openbci,cross_task_arithmetic_to_stroop,Arithmetic to Stroop,direction_specific_26_posthoc,13,eeg_conformer,EEG-Conformer,3,1,2,1,0,1,1,0.66666666666666663,0.75,0.5,1,1,0.66666666666666663,1,1,1,0.5708299666434713,0.19439858499222021
openbci,cross_task_arithmetic_to_stroop,Arithmetic to Stroop,direction_specific_26_posthoc,13,eegnet,EEGNet,3,1,2,0,1,0,2,0.66666666666666663,0.5,1,0,0.66666666666666663,0.80000000000000004,0.5,0.79166666666666663,0.83333333333333326,0.63591121980807463,0.22196970924504855
openbci,cross_task_arithmetic_to_stroop,Arithmetic to Stroop,direction_specific_26_posthoc,13,equal_blend_050,Equal blend (50%),3,1,2,1,0,0,2,1,1,1,1,1,1,1,1,1,0.43872211189743515,0.12993598243340473
openbci,cross_task_arithmetic_to_stroop,Arithmetic to Stroop,direction_specific_26_posthoc,13,extra_trees,Extra Trees,3,1,2,0,1,0,2,0.66666666666666663,0.5,1,0,0.66666666666666663,0.80000000000000004,1,1,1,0.61375712105869573,0.21719596655403561
openbci,cross_task_arithmetic_to_stroop,Arithmetic to Stroop,direction_specific_26_posthoc,13,fixed_blend_010,Fixed blend (10%),3,1,2,1,0,0,2,1,1,1,1,1,1,1,1,1,0.29211851166323743,0.085690004391554705
openbci,cross_task_arithmetic_to_stroop,Arithmetic to Stroop,direction_specific_26_posthoc,13,fixed_blend_025,Fixed blend (25%),3,1,2,1,0,0,2,1,1,1,1,1,1,1,1,1,0.35409700508925607,0.10101139791955255
openbci,cross_task_arithmetic_to_stroop,Arithmetic to Stroop,direction_specific_26_posthoc,13,rf,Random forest,3,1,2,0,1,0,2,0.66666666666666663,0.5,1,0,0.66666666666666663,0.80000000000000004,1,1,1,0.63920005345217257,0.22771605536599873
openbci,cross_task_arithmetic_to_stroop,Arithmetic to Stroop,direction_specific_26_posthoc,13,riemann_mdm,Riemannian MDM,3,1,2,1,0,1,1,0.66666666666666663,0.75,0.5,1,1,0.66666666666666663,0.5,0.79166666666666663,0.83333333333333326,0.94162504478042119,0.32482964746594162
openbci,cross_task_arithmetic_to_stroop,Arithmetic to Stroop,direction_specific_26_posthoc,13,riemann_ts_logreg,Riemannian TS-LR,3,1,2,0,1,0,2,0.66666666666666663,0.5,1,0,0.66666666666666663,0.80000000000000004,0.5,0.79166666666666663,0.83333333333333326,2.447715464389427,0.33329047403067757
openbci,cross_task_arithmetic_to_stroop,Arithmetic to Stroop,direction_specific_26_posthoc,13,stack_recording,OOF recording-level stacking,3,1,2,1,0,0,2,1,1,1,1,1,1,1,1,1,0.18820005223165129,0.040606378197641985
openbci,cross_task_stroop_to_arithmetic,Stroop to Arithmetic,direction_specific_26_posthoc,1,always_fuse,Neural-classical stacking,3,1,2,0,1,0,2,0.66666666666666663,0.5,1,0,0.66666666666666663,0.80000000000000004,1,1,1,0.67188588142132843,0.23938246697302276
openbci,cross_task_stroop_to_arithmetic,Stroop to Arithmetic,direction_specific_26_posthoc,1,always_nn,Feature-MLP (neural reference),3,1,2,1,0,1,1,0.66666666666666663,0.75,0.5,1,1,0.66666666666666663,0.5,0.79166666666666663,0.83333333333333326,0.62230618836741025,0.2166383554447496
openbci,cross_task_stroop_to_arithmetic,Stroop to Arithmetic,direction_specific_26_posthoc,1,cbsf,CB-SF,3,1,2,1,0,1,1,0.66666666666666663,0.75,0.5,1,1,0.66666666666666663,0.5,0.79166666666666663,0.83333333333333326,0.6553143621082067,0.23118307229671153
openbci,cross_task_stroop_to_arithmetic,Stroop to Arithmetic,direction_specific_26_posthoc,1,dasf_clean,DASF,3,1,2,0,1,0,2,0.66666666666666663,0.5,1,0,0.66666666666666663,0.80000000000000004,1,1,1,0.67188588142132843,0.23938246697302276
openbci,cross_task_stroop_to_arithmetic,Stroop to Arithmetic,direction_specific_26_posthoc,1,eeg_conformer,EEG-Conformer,3,1,2,1,0,2,0,0.33333333333333331,0.5,0,1,,0,1,1,1,0.7435254809481906,0.27504333923552865
openbci,cross_task_stroop_to_arithmetic,Stroop to Arithmetic,direction_specific_26_posthoc,1,eegnet,EEGNet,3,1,2,1,0,2,0,0.33333333333333331,0.5,0,1,,0,0.5,0.79166666666666663,0.83333333333333326,1.1842475830888659,0.45152036578647059
openbci,cross_task_stroop_to_arithmetic,Stroop to Arithmetic,direction_specific_26_posthoc,1,equal_blend_050,Equal blend (50%),3,1,2,1,0,1,1,0.66666666666666663,0.75,0.5,1,1,0.66666666666666663,0.5,0.79166666666666663,0.83333333333333326,0.63162467699378411,0.21977413245743013
openbci,cross_task_stroop_to_arithmetic,Stroop to Arithmetic,direction_specific_26_posthoc,1,extra_trees,Extra Trees,3,1,2,0,1,0,2,0.66666666666666663,0.5,1,0,0.66666666666666663,0.80000000000000004,1,1,1,0.61706792803748534,0.21243253491408245
openbci,cross_task_stroop_to_arithmetic,Stroop to Arithmetic,direction_specific_26_posthoc,1,fixed_blend_010,Fixed blend (10%),3,1,2,1,0,1,1,0.66666666666666663,0.75,0.5,1,1,0.66666666666666663,0.5,0.79166666666666663,0.83333333333333326,0.60090102605563878,0.20641448855097255
openbci,cross_task_stroop_to_arithmetic,Stroop to Arithmetic,direction_specific_26_posthoc,1,fixed_blend_025,Fixed blend (25%),3,1,2,1,0,1,1,0.66666666666666663,0.75,0.5,1,1,0.66666666666666663,0.5,0.79166666666666663,0.83333333333333326,0.61190439656094353,0.21084548375385684
openbci,cross_task_stroop_to_arithmetic,Stroop to Arithmetic,direction_specific_26_posthoc,1,rf,Random forest,3,1,2,0,1,0,2,0.66666666666666663,0.5,1,0,0.66666666666666663,0.80000000000000004,0.5,0.79166666666666663,0.83333333333333326,0.64072340114705761,0.22403889371773103
openbci,cross_task_stroop_to_arithmetic,Stroop to Arithmetic,direction_specific_26_posthoc,1,riemann_mdm,Riemannian MDM,3,1,2,0,1,0,2,0.66666666666666663,0.5,1,0,0.66666666666666663,0.80000000000000004,0.5,0.79166666666666663,0.83333333333333326,0.64631246841181922,0.22694317979978873
openbci,cross_task_stroop_to_arithmetic,Stroop to Arithmetic,direction_specific_26_posthoc,1,riemann_ts_logreg,Riemannian TS-LR,3,1,2,1,0,2,0,0.33333333333333331,0.5,0,1,,0,0.5,0.79166666666666663,0.83333333333333326,1.2984499772065057,0.47139112133898203
openbci,cross_task_stroop_to_arithmetic,Stroop to Arithmetic,direction_specific_26_posthoc,1,stack_recording,OOF recording-level stacking,3,1,2,1,0,1,1,0.66666666666666663,0.75,0.5,1,1,0.66666666666666663,0.5,0.79166666666666663,0.83333333333333326,0.63393976572441169,0.22082819667708606
openbci,cross_task_stroop_to_arithmetic,Stroop to Arithmetic,direction_specific_26_posthoc,2,always_fuse,Neural-classical stacking,3,1,2,1,0,2,0,0.33333333333333331,0.5,0,1,,0,0.5,0.79166666666666663,0.83333333333333326,0.9094463097177341,0.34668539990770858
openbci,cross_task_stroop_to_arithmetic,Stroop to Arithmetic,direction_specific_26_posthoc,2,always_nn,Feature-MLP (neural reference),3,1,2,1,0,1,1,0.66666666666666663,0.75,0.5,1,1,0.66666666666666663,0.5,0.79166666666666663,0.83333333333333326,3.7432778988353896,0.43396146134076802
openbci,cross_task_stroop_to_arithmetic,Stroop to Arithmetic,direction_specific_26_posthoc,2,cbsf,CB-SF,3,1,2,1,0,2,0,0.33333333333333331,0.5,0,1,,0,0.5,0.79166666666666663,0.83333333333333326,0.94957403244699867,0.35874668301085205
openbci,cross_task_stroop_to_arithmetic,Stroop to Arithmetic,direction_specific_26_posthoc,2,dasf_clean,DASF,3,1,2,1,0,1,1,0.66666666666666663,0.75,0.5,1,1,0.66666666666666663,0.5,0.79166666666666663,0.83333333333333326,3.7432778988353896,0.43396146134076802
openbci,cross_task_stroop_to_arithmetic,Stroop to Arithmetic,direction_specific_26_posthoc,2,eeg_conformer,EEG-Conformer,3,1,2,0,1,0,2,0.66666666666666663,0.5,1,0,0.66666666666666663,0.80000000000000004,0,0.41666666666666663,0.58333333333333326,1.1720686455835143,0.31437214337550801
openbci,cross_task_stroop_to_arithmetic,Stroop to Arithmetic,direction_specific_26_posthoc,2,eegnet,EEGNet,3,1,2,0,1,0,2,0.66666666666666663,0.5,1,0,0.66666666666666663,0.80000000000000004,0,0.41666666666666663,0.58333333333333326,0.67846325586560274,0.2423372205858173
openbci,cross_task_stroop_to_arithmetic,Stroop to Arithmetic,direction_specific_26_posthoc,2,equal_blend_050,Equal blend (50%),3,1,2,1,0,2,0,0.33333333333333331,0.5,0,1,,0,0.5,0.79166666666666663,0.83333333333333326,1.0404929048197593,0.3803513245853174
openbci,cross_task_stroop_to_arithmetic,Stroop to Arithmetic,direction_specific_26_posthoc,2,extra_trees,Extra Trees,3,1,2,1,0,1,1,0.66666666666666663,0.75,0.5,1,1,0.66666666666666663,0.5,0.79166666666666663,0.83333333333333326,0.64576722642949869,0.22734342825355722
openbci,cross_task_stroop_to_arithmetic,Stroop to Arithmetic,direction_specific_26_posthoc,2,fixed_blend_010,Fixed blend (10%),3,1,2,1,0,1,1,0.66666666666666663,0.75,0.5,1,1,0.66666666666666663,0.5,0.79166666666666663,0.83333333333333326,1.3896147008361901,0.41484988676308171
openbci,cross_task_stroop_to_arithmetic,Stroop to Arithmetic,direction_specific_26_posthoc,2,fixed_blend_025,Fixed blend (25%),3,1,2,1,0,1,1,0.66666666666666663,0.75,0.5,1,1,0.66666666666666663,0.5,0.79166666666666663,0.83333333333333326,1.1858038514377776,0.40189769750026433
openbci,cross_task_stroop_to_arithmetic,Stroop to Arithmetic,direction_specific_26_posthoc,2,rf,Random forest,3,1,2,1,0,1,1,0.66666666666666663,0.75,0.5,1,1,0.66666666666666663,0.5,0.79166666666666663,0.83333333333333326,0.74182889366951288,0.26387192477603832
openbci,cross_task_stroop_to_arithmetic,Stroop to Arithmetic,direction_specific_26_posthoc,2,riemann_mdm,Riemannian MDM,3,1,2,0,1,1,1,0.33333333333333331,0.25,0.5,0,0.5,0.5,0.5,0.79166666666666663,0.83333333333333326,0.88846963472590657,0.33085438650607069
openbci,cross_task_stroop_to_arithmetic,Stroop to Arithmetic,direction_specific_26_posthoc,2,riemann_ts_logreg,Riemannian TS-LR,3,1,2,1,0,2,0,0.33333333333333331,0.5,0,1,,0,1,1,1,1.2854551155695035,0.42273042876894512
openbci,cross_task_stroop_to_arithmetic,Stroop to Arithmetic,direction_specific_26_posthoc,2,stack_recording,OOF recording-level stacking,3,1,2,1,0,2,0,0.33333333333333331,0.5,0,1,,0,0.5,0.79166666666666663,0.83333333333333326,3.9453251996376415,0.61228091039953159
openbci,cross_task_stroop_to_arithmetic,Stroop to Arithmetic,direction_specific_26_posthoc,3,always_fuse,Neural-classical stacking,3,1,2,0,1,0,2,0.66666666666666663,0.5,1,0,0.66666666666666663,0.80000000000000004,1,1,1,0.79466386776902798,0.26853090518649586
openbci,cross_task_stroop_to_arithmetic,Stroop to Arithmetic,direction_specific_26_posthoc,3,always_nn,Feature-MLP (neural reference),3,1,2,0,1,0,2,0.66666666666666663,0.5,1,0,0.66666666666666663,0.80000000000000004,0.5,0.79166666666666663,0.83333333333333326,7.633388896155382,0.3333333332577384
openbci,cross_task_stroop_to_arithmetic,Stroop to Arithmetic,direction_specific_26_posthoc,3,cbsf,CB-SF,3,1,2,0,1,0,2,0.66666666666666663,0.5,1,0,0.66666666666666663,0.80000000000000004,1,1,1,0.93198109687493302,0.2912558806063093
openbci,cross_task_stroop_to_arithmetic,Stroop to Arithmetic,direction_specific_26_posthoc,3,dasf_clean,DASF,3,1,2,0,1,0,2,0.66666666666666663,0.5,1,0,0.66666666666666663,0.80000000000000004,0.5,0.79166666666666663,0.83333333333333326,7.633388896155382,0.3333333332577384
openbci,cross_task_stroop_to_arithmetic,Stroop to Arithmetic,direction_specific_26_posthoc,3,eeg_conformer,EEG-Conformer,3,1,2,0,1,0,2,0.66666666666666663,0.5,1,0,0.66666666666666663,0.80000000000000004,1,1,1,0.88328607397771142,0.28426944523399611
openbci,cross_task_stroop_to_arithmetic,Stroop to Arithmetic,direction_specific_26_posthoc,3,eegnet,EEGNet,3,1,2,0,1,0,2,0.66666666666666663,0.5,1,0,0.66666666666666663,0.80000000000000004,1,1,1,0.6627525025507236,0.23483965012821698
openbci,cross_task_stroop_to_arithmetic,Stroop to Arithmetic,direction_specific_26_posthoc,3,equal_blend_050,Equal blend (50%),3,1,2,0,1,0,2,0.66666666666666663,0.5,1,0,0.66666666666666663,0.80000000000000004,1,1,1,0.99479763384783426,0.29869711504215413
openbci,cross_task_stroop_to_arithmetic,Stroop to Arithmetic,direction_specific_26_posthoc,3,extra_trees,Extra Trees,3,1,2,0,1,0,2,0.66666666666666663,0.5,1,0,0.66666666666666663,0.80000000000000004,0.5,0.79166666666666663,0.83333333333333326,1.0625628412748971,0.30918691618853528
openbci,cross_task_stroop_to_arithmetic,Stroop to Arithmetic,direction_specific_26_posthoc,3,fixed_blend_010,Fixed blend (10%),3,1,2,0,1,0,2,0.66666666666666663,0.5,1,0,0.66666666666666663,0.80000000000000004,1,1,1,1.5030910611718349,0.32595471511420088
openbci,cross_task_stroop_to_arithmetic,Stroop to Arithmetic,direction_specific_26_posthoc,3,fixed_blend_025,Fixed blend (25%),3,1,2,0,1,0,2,0.66666666666666663,0.5,1,0,0.66666666666666663,0.80000000000000004,1,1,1,1.2093167371929592,0.31537522178426264
openbci,cross_task_stroop_to_arithmetic,Stroop to Arithmetic,direction_specific_26_posthoc,3,rf,Random forest,3,1,2,0,1,0,2,0.66666666666666663,0.5,1,0,0.66666666666666663,0.80000000000000004,0,0.41666666666666663,0.58333333333333326,1.1612676560340434,0.33349972900047775
openbci,cross_task_stroop_to_arithmetic,Stroop to Arithmetic,direction_specific_26_posthoc,3,riemann_mdm,Riemannian MDM,3,1,2,0,1,0,2,0.66666666666666663,0.5,1,0,0.66666666666666663,0.80000000000000004,0.5,0.79166666666666663,0.83333333333333326,0.61858403636273873,0.22177061566101708
openbci,cross_task_stroop_to_arithmetic,Stroop to Arithmetic,direction_specific_26_posthoc,3,riemann_ts_logreg,Riemannian TS-LR,3,1,2,0,1,0,2,0.66666666666666663,0.5,1,0,0.66666666666666663,0.80000000000000004,1,1,1,1.0850296304234688,0.30793657718648076
openbci,cross_task_stroop_to_arithmetic,Stroop to Arithmetic,direction_specific_26_posthoc,3,stack_recording,OOF recording-level stacking,3,1,2,0,1,0,2,0.66666666666666663,0.5,1,0,0.66666666666666663,0.80000000000000004,0.5,0.79166666666666663,0.83333333333333326,2.7129608178744067,0.33313866481128879
openbci,cross_task_stroop_to_arithmetic,Stroop to Arithmetic,direction_specific_26_posthoc,4,always_fuse,Neural-classical stacking,3,1,2,1,0,1,1,0.66666666666666663,0.75,0.5,1,1,0.66666666666666663,1,1,1,0.60661216199114543,0.21296150792457277
openbci,cross_task_stroop_to_arithmetic,Stroop to Arithmetic,direction_specific_26_posthoc,4,always_nn,Feature-MLP (neural reference),3,1,2,1,0,0,2,1,1,1,1,1,1,1,1,1,0.18855780666628183,0.061516098507577603
openbci,cross_task_stroop_to_arithmetic,Stroop to Arithmetic,direction_specific_26_posthoc,4,cbsf,CB-SF,3,1,2,1,0,0,2,1,1,1,1,1,1,1,1,1,0.20543901670079198,0.04006583397545093
openbci,cross_task_stroop_to_arithmetic,Stroop to Arithmetic,direction_specific_26_posthoc,4,dasf_clean,DASF,3,1,2,1,0,1,1,0.66666666666666663,0.75,0.5,1,1,0.66666666666666663,1,1,1,0.60661216199114543,0.21296150792457277
openbci,cross_task_stroop_to_arithmetic,Stroop to Arithmetic,direction_specific_26_posthoc,4,eeg_conformer,EEG-Conformer,3,1,2,1,0,0,2,1,1,1,1,1,1,1,1,1,0.33891464944589522,0.087391193693076838
openbci,cross_task_stroop_to_arithmetic,Stroop to Arithmetic,direction_specific_26_posthoc,4,eegnet,EEGNet,3,1,2,1,0,0,2,1,1,1,1,1,1,1,1,1,0.17367412670699001,0.029903631654147472
openbci,cross_task_stroop_to_arithmetic,Stroop to Arithmetic,direction_specific_26_posthoc,4,equal_blend_050,Equal blend (50%),3,1,2,1,0,1,1,0.66666666666666663,0.75,0.5,1,1,0.66666666666666663,1,1,1,0.508193299957723,0.16550696442375012
openbci,cross_task_stroop_to_arithmetic,Stroop to Arithmetic,direction_specific_26_posthoc,4,extra_trees,Extra Trees,3,1,2,1,0,0,2,1,1,1,1,1,1,1,1,1,0.49587233585883245,0.15546254252356523
openbci,cross_task_stroop_to_arithmetic,Stroop to Arithmetic,direction_specific_26_posthoc,4,fixed_blend_010,Fixed blend (10%),3,1,2,1,0,0,2,1,1,1,1,1,1,1,1,1,0.35646120474363668,0.097679355177464219
openbci,cross_task_stroop_to_arithmetic,Stroop to Arithmetic,direction_specific_26_posthoc,4,fixed_blend_025,Fixed blend (25%),3,1,2,1,0,0,2,1,1,1,1,1,1,1,1,1,0.43432652188113252,0.13144016310910914
openbci,cross_task_stroop_to_arithmetic,Stroop to Arithmetic,direction_specific_26_posthoc,4,rf,Random forest,3,1,2,1,0,0,2,1,1,1,1,1,1,1,1,1,0.24354984916410341,0.049503456769464028
openbci,cross_task_stroop_to_arithmetic,Stroop to Arithmetic,direction_specific_26_posthoc,4,riemann_mdm,Riemannian MDM,3,1,2,1,0,0,2,1,1,1,1,1,1,1,1,1,0.12192055326282543,0.022861347879986893
openbci,cross_task_stroop_to_arithmetic,Stroop to Arithmetic,direction_specific_26_posthoc,4,riemann_ts_logreg,Riemannian TS-LR,3,1,2,1,0,2,0,0.33333333333333331,0.5,0,1,,0,1,1,1,1.3416334629622131,0.44750364508452617
openbci,cross_task_stroop_to_arithmetic,Stroop to Arithmetic,direction_specific_26_posthoc,4,stack_recording,OOF recording-level stacking,3,1,2,1,0,2,0,0.33333333333333331,0.5,0,1,,0,1,1,1,1.5881866707582224,0.53280148201825639
openbci,cross_task_stroop_to_arithmetic,Stroop to Arithmetic,direction_specific_26_posthoc,5,always_fuse,Neural-classical stacking,3,1,2,0,1,2,0,0,0,0,0,0,0,0,0.41666666666666663,0.58333333333333326,10.816686455559767,0.99705500083288945
openbci,cross_task_stroop_to_arithmetic,Stroop to Arithmetic,direction_specific_26_posthoc,5,always_nn,Feature-MLP (neural reference),3,1,2,0,1,2,0,0,0,0,0,0,0,0,0.41666666666666663,0.58333333333333326,10.839615849023579,0.98765929609900738
openbci,cross_task_stroop_to_arithmetic,Stroop to Arithmetic,direction_specific_26_posthoc,5,cbsf,CB-SF,3,1,2,0,1,2,0,0,0,0,0,0,0,0,0.41666666666666663,0.58333333333333326,10.203986981967153,0.99323279422124455
openbci,cross_task_stroop_to_arithmetic,Stroop to Arithmetic,direction_specific_26_posthoc,5,dasf_clean,DASF,3,1,2,0,1,2,0,0,0,0,0,0,0,0,0.41666666666666663,0.58333333333333326,10.839615849023579,0.98765929609900738
openbci,cross_task_stroop_to_arithmetic,Stroop to Arithmetic,direction_specific_26_posthoc,5,eeg_conformer,EEG-Conformer,3,1,2,1,0,2,0,0.33333333333333331,0.5,0,1,,0,0.5,0.79166666666666663,0.83333333333333326,1.6324829708623287,0.48111641171573588
openbci,cross_task_stroop_to_arithmetic,Stroop to Arithmetic,direction_specific_26_posthoc,5,eegnet,EEGNet,3,1,2,1,0,2,0,0.33333333333333331,0.5,0,1,,0,0.5,0.79166666666666663,0.83333333333333326,0.80431366121919223,0.30435825023769031
openbci,cross_task_stroop_to_arithmetic,Stroop to Arithmetic,direction_specific_26_posthoc,5,equal_blend_050,Equal blend (50%),3,1,2,0,1,2,0,0,0,0,0,0,0,0,0.41666666666666663,0.58333333333333326,10.176277471263178,0.99197755579902669
openbci,cross_task_stroop_to_arithmetic,Stroop to Arithmetic,direction_specific_26_posthoc,5,extra_trees,Extra Trees,3,1,2,0,1,2,0,0,0,0,0,0,0,0,0.41666666666666663,0.58333333333333326,2.3405219612073576,0.72944702354166857
openbci,cross_task_stroop_to_arithmetic,Stroop to Arithmetic,direction_specific_26_posthoc,5,fixed_blend_010,Fixed blend (10%),3,1,2,0,1,2,0,0,0,0,0,0,0,0,0.41666666666666663,0.58333333333333326,10.4258262062234,0.99132937623254913
openbci,cross_task_stroop_to_arithmetic,Stroop to Arithmetic,direction_specific_26_posthoc,5,fixed_blend_025,Fixed blend (25%),3,1,2,0,1,2,0,0,0,0,0,0,0,0,0.41666666666666663,0.58333333333333326,10.267754351656579,0.99144788203407852
openbci,cross_task_stroop_to_arithmetic,Stroop to Arithmetic,direction_specific_26_posthoc,5,rf,Random forest,3,1,2,0,1,2,0,0,0,0,0,0,0,0,0.41666666666666663,0.58333333333333326,4.9465576226888688,0.90917141068699936
openbci,cross_task_stroop_to_arithmetic,Stroop to Arithmetic,direction_specific_26_posthoc,5,riemann_mdm,Riemannian MDM,3,1,2,0,1,2,0,0,0,0,0,0,0,0,0.41666666666666663,0.58333333333333326,1.0439657891813043,0.41737560794301515
openbci,cross_task_stroop_to_arithmetic,Stroop to Arithmetic,direction_specific_26_posthoc,5,riemann_ts_logreg,Riemannian TS-LR,3,1,2,0,1,1,1,0.33333333333333331,0.25,0.5,0,0.5,0.5,0.5,0.79166666666666663,0.83333333333333326,1.9804389876960176,0.60001766440569926
openbci,cross_task_stroop_to_arithmetic,Stroop to Arithmetic,direction_specific_26_posthoc,5,stack_recording,OOF recording-level stacking,3,1,2,0,1,2,0,0,0,0,0,0,0,0,0.41666666666666663,0.58333333333333326,3.3263100630265812,0.83244154038971641
openbci,cross_task_stroop_to_arithmetic,Stroop to Arithmetic,direction_specific_26_posthoc,6,always_fuse,Neural-classical stacking,3,1,2,1,0,0,2,1,1,1,1,1,1,1,1,1,0.16449102764415033,0.033400955035031953
openbci,cross_task_stroop_to_arithmetic,Stroop to Arithmetic,direction_specific_26_posthoc,6,always_nn,Feature-MLP (neural reference),3,1,2,0,1,1,1,0.33333333333333331,0.25,0.5,0,0.5,0.5,0,0.41666666666666663,0.58333333333333326,1.3353498630284453,0.46560366849684282
openbci,cross_task_stroop_to_arithmetic,Stroop to Arithmetic,direction_specific_26_posthoc,6,cbsf,CB-SF,3,1,2,1,0,0,2,1,1,1,1,1,1,1,1,1,0.51546673037785906,0.16334824943163886
openbci,cross_task_stroop_to_arithmetic,Stroop to Arithmetic,direction_specific_26_posthoc,6,dasf_clean,DASF,3,1,2,1,0,0,2,1,1,1,1,1,1,1,1,1,0.16449102764415033,0.033400955035031953
openbci,cross_task_stroop_to_arithmetic,Stroop to Arithmetic,direction_specific_26_posthoc,6,eeg_conformer,EEG-Conformer,3,1,2,1,0,2,0,0.33333333333333331,0.5,0,1,,0,1,1,1,0.69840761093519177,0.25263897222017628
openbci,cross_task_stroop_to_arithmetic,Stroop to Arithmetic,direction_specific_26_posthoc,6,eegnet,EEGNet,3,1,2,0,1,0,2,0.66666666666666663,0.5,1,0,0.66666666666666663,0.80000000000000004,0.5,0.79166666666666663,0.83333333333333326,0.68463581619479807,0.24574563187696519
openbci,cross_task_stroop_to_arithmetic,Stroop to Arithmetic,direction_specific_26_posthoc,6,equal_blend_050,Equal blend (50%),3,1,2,0,1,0,2,0.66666666666666663,0.5,1,0,0.66666666666666663,0.80000000000000004,1,1,1,0.63668890776462828,0.22203356941099625
openbci,cross_task_stroop_to_arithmetic,Stroop to Arithmetic,direction_specific_26_posthoc,6,extra_trees,Extra Trees,3,1,2,0,1,2,0,0,0,0,0,0,0,0,0.41666666666666663,0.58333333333333326,1.1412780648032899,0.45829743878391405
openbci,cross_task_stroop_to_arithmetic,Stroop to Arithmetic,direction_specific_26_posthoc,6,fixed_blend_010,Fixed blend (10%),3,1,2,0,1,1,1,0.33333333333333331,0.25,0.5,0,0.5,0.5,0,0.41666666666666663,0.58333333333333326,0.86906940579633341,0.3289913655374751
openbci,cross_task_stroop_to_arithmetic,Stroop to Arithmetic,direction_specific_26_posthoc,6,fixed_blend_025,Fixed blend (25%),3,1,2,0,1,0,2,0.66666666666666663,0.5,1,0,0.66666666666666663,0.80000000000000004,0,0.41666666666666663,0.58333333333333326,0.74938804071653997,0.27654170269457651
openbci,cross_task_stroop_to_arithmetic,Stroop to Arithmetic,direction_specific_26_posthoc,6,rf,Random forest,3,1,2,0,1,2,0,0,0,0,0,0,0,0,0.41666666666666663,0.58333333333333326,1.7972738961632861,0.60947168358253645
openbci,cross_task_stroop_to_arithmetic,Stroop to Arithmetic,direction_specific_26_posthoc,6,riemann_mdm,Riemannian MDM,3,1,2,1,0,2,0,0.33333333333333331,0.5,0,1,,0,0.5,0.79166666666666663,0.83333333333333326,13.913968960989783,0.66666666503892857
openbci,cross_task_stroop_to_arithmetic,Stroop to Arithmetic,direction_specific_26_posthoc,6,riemann_ts_logreg,Riemannian TS-LR,3,1,2,1,0,1,1,0.66666666666666663,0.75,0.5,1,1,0.66666666666666663,1,1,1,0.42804716582200192,0.13292445960920787
openbci,cross_task_stroop_to_arithmetic,Stroop to Arithmetic,direction_specific_26_posthoc,6,stack_recording,OOF recording-level stacking,3,1,2,1,0,1,1,0.66666666666666663,0.75,0.5,1,1,0.66666666666666663,1,1,1,0.4551408661922412,0.14554314336131932
openbci,cross_task_stroop_to_arithmetic,Stroop to Arithmetic,direction_specific_26_posthoc,7,always_fuse,Neural-classical stacking,3,1,2,1,0,1,1,0.66666666666666663,0.75,0.5,1,1,0.66666666666666663,0.5,0.79166666666666663,0.83333333333333326,0.69556102840675316,0.25120656552030302
openbci,cross_task_stroop_to_arithmetic,Stroop to Arithmetic,direction_specific_26_posthoc,7,always_nn,Feature-MLP (neural reference),3,1,2,0,1,0,2,0.66666666666666663,0.5,1,0,0.66666666666666663,0.80000000000000004,1,1,1,0.57458422076272631,0.19713446171017546
openbci,cross_task_stroop_to_arithmetic,Stroop to Arithmetic,direction_specific_26_posthoc,7,cbsf,CB-SF,3,1,2,0,1,0,2,0.66666666666666663,0.5,1,0,0.66666666666666663,0.80000000000000004,1,1,1,0.65753974245632285,0.23225714166471345
openbci,cross_task_stroop_to_arithmetic,Stroop to Arithmetic,direction_specific_26_posthoc,7,dasf_clean,DASF,3,1,2,1,0,1,1,0.66666666666666663,0.75,0.5,1,1,0.66666666666666663,0.5,0.79166666666666663,0.83333333333333326,0.69556102840675316,0.25120656552030302
openbci,cross_task_stroop_to_arithmetic,Stroop to Arithmetic,direction_specific_26_posthoc,7,eeg_conformer,EEG-Conformer,3,1,2,0,1,0,2,0.66666666666666663,0.5,1,0,0.66666666666666663,0.80000000000000004,0.5,0.79166666666666663,0.83333333333333326,1.4088602646523345,0.32352920234187216
openbci,cross_task_stroop_to_arithmetic,Stroop to Arithmetic,direction_specific_26_posthoc,7,eegnet,EEGNet,3,1,2,0,1,0,2,0.66666666666666663,0.5,1,0,0.66666666666666663,0.80000000000000004,1,1,1,0.61432104901523676,0.21386150879276491
openbci,cross_task_stroop_to_arithmetic,Stroop to Arithmetic,direction_specific_26_posthoc,7,equal_blend_050,Equal blend (50%),3,1,2,0,1,0,2,0.66666666666666663,0.5,1,0,0.66666666666666663,0.80000000000000004,1,1,1,0.61410896373814883,0.21143415279034614
openbci,cross_task_stroop_to_arithmetic,Stroop to Arithmetic,direction_specific_26_posthoc,7,extra_trees,Extra Trees,3,1,2,0,1,0,2,0.66666666666666663,0.5,1,0,0.66666666666666663,0.80000000000000004,0,0.41666666666666663,0.58333333333333326,0.91469613038479514,0.28959253355703835
openbci,cross_task_stroop_to_arithmetic,Stroop to Arithmetic,direction_specific_26_posthoc,7,fixed_blend_010,Fixed blend (10%),3,1,2,0,1,0,2,0.66666666666666663,0.5,1,0,0.66666666666666663,0.80000000000000004,1,1,1,0.57925813355969502,0.19790754312890194
openbci,cross_task_stroop_to_arithmetic,Stroop to Arithmetic,direction_specific_26_posthoc,7,fixed_blend_025,Fixed blend (25%),3,1,2,0,1,0,2,0.66666666666666663,0.5,1,0,0.66666666666666663,0.80000000000000004,1,1,1,0.58930382969331008,0.20104625043374083
openbci,cross_task_stroop_to_arithmetic,Stroop to Arithmetic,direction_specific_26_posthoc,7,rf,Random forest,3,1,2,0,1,0,2,0.66666666666666663,0.5,1,0,0.66666666666666663,0.80000000000000004,0,0.41666666666666663,0.58333333333333326,0.68272286290476314,0.23923686687245524
openbci,cross_task_stroop_to_arithmetic,Stroop to Arithmetic,direction_specific_26_posthoc,7,riemann_mdm,Riemannian MDM,3,1,2,0,1,0,2,0.66666666666666663,0.5,1,0,0.66666666666666663,0.80000000000000004,1,1,1,1.7664757242067906,0.33000451514246698
openbci,cross_task_stroop_to_arithmetic,Stroop to Arithmetic,direction_specific_26_posthoc,7,riemann_ts_logreg,Riemannian TS-LR,3,1,2,1,0,1,1,0.66666666666666663,0.75,0.5,1,1,0.66666666666666663,1,1,1,0.41442577283969456,0.14667489089226748
openbci,cross_task_stroop_to_arithmetic,Stroop to Arithmetic,direction_specific_26_posthoc,7,stack_recording,OOF recording-level stacking,3,1,2,1,0,2,0,0.33333333333333331,0.5,0,1,,0,1,1,1,0.98848980023971456,0.38541808089304985
openbci,cross_task_stroop_to_arithmetic,Stroop to Arithmetic,direction_specific_26_posthoc,8,always_fuse,Neural-classical stacking,3,1,2,1,0,2,0,0.33333333333333331,0.5,0,1,,0,0.5,0.79166666666666663,0.83333333333333326,0.77631170330744625,0.29025235006833588
openbci,cross_task_stroop_to_arithmetic,Stroop to Arithmetic,direction_specific_26_posthoc,8,always_nn,Feature-MLP (neural reference),3,1,2,0,1,1,1,0.33333333333333331,0.25,0.5,0,0.5,0.5,0.5,0.79166666666666663,0.83333333333333326,0.94144002216933675,0.33950880517323173
openbci,cross_task_stroop_to_arithmetic,Stroop to Arithmetic,direction_specific_26_posthoc,8,cbsf,CB-SF,3,1,2,1,0,2,0,0.33333333333333331,0.5,0,1,,0,0.5,0.79166666666666663,0.83333333333333326,0.77324636047795892,0.28829084184482684
openbci,cross_task_stroop_to_arithmetic,Stroop to Arithmetic,direction_specific_26_posthoc,8,dasf_clean,DASF,3,1,2,0,1,1,1,0.33333333333333331,0.25,0.5,0,0.5,0.5,0.5,0.79166666666666663,0.83333333333333326,0.94144002216933675,0.33950880517323173
openbci,cross_task_stroop_to_arithmetic,Stroop to Arithmetic,direction_specific_26_posthoc,8,eeg_conformer,EEG-Conformer,3,1,2,1,0,2,0,0.33333333333333331,0.5,0,1,,0,1,1,1,0.84859743809501997,0.32580442076622235
openbci,cross_task_stroop_to_arithmetic,Stroop to Arithmetic,direction_specific_26_posthoc,8,eegnet,EEGNet,3,1,2,0,1,0,2,0.66666666666666663,0.5,1,0,0.66666666666666663,0.80000000000000004,0,0.41666666666666663,0.58333333333333326,0.65812772366078287,0.23257641589100198
openbci,cross_task_stroop_to_arithmetic,Stroop to Arithmetic,direction_specific_26_posthoc,8,equal_blend_050,Equal blend (50%),3,1,2,1,0,1,1,0.66666666666666663,0.75,0.5,1,1,0.66666666666666663,0.5,0.79166666666666663,0.83333333333333326,0.77628376965054136,0.28868647991746244
openbci,cross_task_stroop_to_arithmetic,Stroop to Arithmetic,direction_specific_26_posthoc,8,extra_trees,Extra Trees,3,1,2,1,0,1,1,0.66666666666666663,0.75,0.5,1,1,0.66666666666666663,0.5,0.79166666666666663,0.83333333333333326,0.67935025803484328,0.24330074505926624
openbci,cross_task_stroop_to_arithmetic,Stroop to Arithmetic,direction_specific_26_posthoc,8,fixed_blend_010,Fixed blend (10%),3,1,2,1,0,1,1,0.66666666666666663,0.75,0.5,1,1,0.66666666666666663,0.5,0.79166666666666663,0.83333333333333326,0.81489728517865423,0.30287803558380361
openbci,cross_task_stroop_to_arithmetic,Stroop to Arithmetic,direction_specific_26_posthoc,8,fixed_blend_025,Fixed blend (25%),3,1,2,1,0,1,1,0.66666666666666663,0.75,0.5,1,1,0.66666666666666663,0.5,0.79166666666666663,0.83333333333333326,0.79028504103947028,0.29368037371667866
openbci,cross_task_stroop_to_arithmetic,Stroop to Arithmetic,direction_specific_26_posthoc,8,rf,Random forest,3,1,2,1,0,1,1,0.66666666666666663,0.75,0.5,1,1,0.66666666666666663,0.5,0.79166666666666663,0.83333333333333326,0.65923425288913229,0.2339240221679918
openbci,cross_task_stroop_to_arithmetic,Stroop to Arithmetic,direction_specific_26_posthoc,8,riemann_mdm,Riemannian MDM,3,1,2,0,1,0,2,0.66666666666666663,0.5,1,0,0.66666666666666663,0.80000000000000004,1,1,1,0.58820730942834132,0.19902903927135565
openbci,cross_task_stroop_to_arithmetic,Stroop to Arithmetic,direction_specific_26_posthoc,8,riemann_ts_logreg,Riemannian TS-LR,3,1,2,0,1,0,2,0.66666666666666663,0.5,1,0,0.66666666666666663,0.80000000000000004,1,1,1,0.60740190309723385,0.20928807873286062
openbci,cross_task_stroop_to_arithmetic,Stroop to Arithmetic,direction_specific_26_posthoc,8,stack_recording,OOF recording-level stacking,3,1,2,1,0,2,0,0.33333333333333331,0.5,0,1,,0,0.5,0.79166666666666663,0.83333333333333326,1.8461222804510034,0.5390467241536071
openbci,cross_task_stroop_to_arithmetic,Stroop to Arithmetic,direction_specific_26_posthoc,9,always_fuse,Neural-classical stacking,3,1,2,1,0,2,0,0.33333333333333331,0.5,0,1,,0,0.5,0.79166666666666663,0.83333333333333326,0.7361306409499182,0.27117193094270059
openbci,cross_task_stroop_to_arithmetic,Stroop to Arithmetic,direction_specific_26_posthoc,9,always_nn,Feature-MLP (neural reference),3,1,2,1,0,2,0,0.33333333333333331,0.5,0,1,,0,0.5,0.79166666666666663,0.83333333333333326,1.138664010724149,0.41291267662275805
openbci,cross_task_stroop_to_arithmetic,Stroop to Arithmetic,direction_specific_26_posthoc,9,cbsf,CB-SF,3,1,2,1,0,2,0,0.33333333333333331,0.5,0,1,,0,0.5,0.79166666666666663,0.83333333333333326,0.74870403579377565,0.27728780513371332
openbci,cross_task_stroop_to_arithmetic,Stroop to Arithmetic,direction_specific_26_posthoc,9,dasf_clean,DASF,3,1,2,1,0,2,0,0.33333333333333331,0.5,0,1,,0,0.5,0.79166666666666663,0.83333333333333326,0.7361306409499182,0.27117193094270059
openbci,cross_task_stroop_to_arithmetic,Stroop to Arithmetic,direction_specific_26_posthoc,9,eeg_conformer,EEG-Conformer,3,1,2,1,0,1,1,0.66666666666666663,0.75,0.5,1,1,0.66666666666666663,1,1,1,0.48914731851772397,0.16310849410597469
openbci,cross_task_stroop_to_arithmetic,Stroop to Arithmetic,direction_specific_26_posthoc,9,eegnet,EEGNet,3,1,2,0,1,0,2,0.66666666666666663,0.5,1,0,0.66666666666666663,0.80000000000000004,0.5,0.79166666666666663,0.83333333333333326,1.1710181160181159,0.31328332949711923
openbci,cross_task_stroop_to_arithmetic,Stroop to Arithmetic,direction_specific_26_posthoc,9,equal_blend_050,Equal blend (50%),3,1,2,1,0,2,0,0.33333333333333331,0.5,0,1,,0,0.5,0.79166666666666663,0.83333333333333326,0.77388991210912172,0.28938373175364951
openbci,cross_task_stroop_to_arithmetic,Stroop to Arithmetic,direction_specific_26_posthoc,9,extra_trees,Extra Trees,3,1,2,1,0,2,0,0.33333333333333331,0.5,0,1,,0,0.5,0.79166666666666663,0.83333333333333326,1.1820346756009312,0.44564393018710646
openbci,cross_task_stroop_to_arithmetic,Stroop to Arithmetic,direction_specific_26_posthoc,9,fixed_blend_010,Fixed blend (10%),3,1,2,1,0,2,0,0.33333333333333331,0.5,0,1,,0,0.5,0.79166666666666663,0.83333333333333326,0.8598210792290466,0.32817905696934568
openbci,cross_task_stroop_to_arithmetic,Stroop to Arithmetic,direction_specific_26_posthoc,9,fixed_blend_025,Fixed blend (25%),3,1,2,1,0,2,0,0.33333333333333331,0.5,0,1,,0,0.5,0.79166666666666663,0.83333333333333326,0.8103807748076598,0.30640127886283991
openbci,cross_task_stroop_to_arithmetic,Stroop to Arithmetic,direction_specific_26_posthoc,9,rf,Random forest,3,1,2,1,0,2,0,0.33333333333333331,0.5,0,1,,0,0.5,0.79166666666666663,0.83333333333333326,1.9609531846837749,0.58616989112110096
openbci,cross_task_stroop_to_arithmetic,Stroop to Arithmetic,direction_specific_26_posthoc,9,riemann_mdm,Riemannian MDM,3,1,2,0,1,0,2,0.66666666666666663,0.5,1,0,0.66666666666666663,0.80000000000000004,1,1,1,0.69005453073928369,0.2486412476458025
openbci,cross_task_stroop_to_arithmetic,Stroop to Arithmetic,direction_specific_26_posthoc,9,riemann_ts_logreg,Riemannian TS-LR,3,1,2,1,0,2,0,0.33333333333333331,0.5,0,1,,0,1,1,1,1.0671886977161826,0.41848965116903036
openbci,cross_task_stroop_to_arithmetic,Stroop to Arithmetic,direction_specific_26_posthoc,9,stack_recording,OOF recording-level stacking,3,1,2,0,1,1,1,0.33333333333333331,0.25,0.5,0,0.5,0.5,0.5,0.79166666666666663,0.83333333333333326,0.78797414813749278,0.29580348060304801
openbci,cross_task_stroop_to_arithmetic,Stroop to Arithmetic,direction_specific_26_posthoc,10,always_fuse,Neural-classical stacking,3,1,2,0,1,2,0,0,0,0,0,0,0,0,0.41666666666666663,0.58333333333333326,0.904148771186707,0.35352868219439054
openbci,cross_task_stroop_to_arithmetic,Stroop to Arithmetic,direction_specific_26_posthoc,10,always_nn,Feature-MLP (neural reference),3,1,2,1,0,2,0,0.33333333333333331,0.5,0,1,,0,0.5,0.79166666666666663,0.83333333333333326,1.1413334773316841,0.42229445379704506
openbci,cross_task_stroop_to_arithmetic,Stroop to Arithmetic,direction_specific_26_posthoc,10,cbsf,CB-SF,3,1,2,1,0,2,0,0.33333333333333331,0.5,0,1,,0,0,0.41666666666666663,0.58333333333333326,0.89977667730876421,0.34981932852233943
openbci,cross_task_stroop_to_arithmetic,Stroop to Arithmetic,direction_specific_26_posthoc,10,dasf_clean,DASF,3,1,2,0,1,2,0,0,0,0,0,0,0,0,0.41666666666666663,0.58333333333333326,0.904148771186707,0.35352868219439054
openbci,cross_task_stroop_to_arithmetic,Stroop to Arithmetic,direction_specific_26_posthoc,10,eeg_conformer,EEG-Conformer,3,1,2,1,0,2,0,0.33333333333333331,0.5,0,1,,0,1,1,1,1.0001081289332865,0.38828005433734081
openbci,cross_task_stroop_to_arithmetic,Stroop to Arithmetic,direction_specific_26_posthoc,10,eegnet,EEGNet,3,1,2,1,0,2,0,0.33333333333333331,0.5,0,1,,0,0,0.41666666666666663,0.58333333333333326,0.69851379017839266,0.25268311143033856
openbci,cross_task_stroop_to_arithmetic,Stroop to Arithmetic,direction_specific_26_posthoc,10,equal_blend_050,Equal blend (50%),3,1,2,1,0,2,0,0.33333333333333331,0.5,0,1,,0,0,0.41666666666666663,0.58333333333333326,0.92705923095428922,0.3581591120462444
openbci,cross_task_stroop_to_arithmetic,Stroop to Arithmetic,direction_specific_26_posthoc,10,extra_trees,Extra Trees,3,1,2,1,0,2,0,0.33333333333333331,0.5,0,1,,0,1,1,1,0.89755587241861645,0.34328786871568567
openbci,cross_task_stroop_to_arithmetic,Stroop to Arithmetic,direction_specific_26_posthoc,10,fixed_blend_010,Fixed blend (10%),3,1,2,1,0,2,0,0.33333333333333331,0.5,0,1,,0,0.5,0.79166666666666663,0.83333333333333326,1.0492014617561283,0.39653809452117178
openbci,cross_task_stroop_to_arithmetic,Stroop to Arithmetic,direction_specific_26_posthoc,10,fixed_blend_025,Fixed blend (25%),3,1,2,1,0,2,0,0.33333333333333331,0.5,0,1,,0,0.5,0.79166666666666663,0.83333333333333326,0.98358508283901569,0.37657852539623821
openbci,cross_task_stroop_to_arithmetic,Stroop to Arithmetic,direction_specific_26_posthoc,10,rf,Random forest,3,1,2,1,0,2,0,0.33333333333333331,0.5,0,1,,0,0.5,0.79166666666666663,0.83333333333333326,1.0560185896531697,0.37813937910935741
openbci,cross_task_stroop_to_arithmetic,Stroop to Arithmetic,direction_specific_26_posthoc,10,riemann_mdm,Riemannian MDM,3,1,2,1,0,2,0,0.33333333333333331,0.5,0,1,,0,0,0.41666666666666663,0.58333333333333326,2.1808726650785979,0.61579200491906072
openbci,cross_task_stroop_to_arithmetic,Stroop to Arithmetic,direction_specific_26_posthoc,10,riemann_ts_logreg,Riemannian TS-LR,3,1,2,1,0,2,0,0.33333333333333331,0.5,0,1,,0,1,1,1,0.90598714500083177,0.34294000341771325
openbci,cross_task_stroop_to_arithmetic,Stroop to Arithmetic,direction_specific_26_posthoc,10,stack_recording,OOF recording-level stacking,3,1,2,0,1,1,1,0.33333333333333331,0.25,0.5,0,0.5,0.5,0.5,0.79166666666666663,0.83333333333333326,0.89859449965900018,0.34556144158341434
openbci,cross_task_stroop_to_arithmetic,Stroop to Arithmetic,direction_specific_26_posthoc,11,always_fuse,Neural-classical stacking,3,1,2,1,0,2,0,0.33333333333333331,0.5,0,1,,0,0,0.41666666666666663,0.58333333333333326,9.6203292662500246,0.66666588900250279
openbci,cross_task_stroop_to_arithmetic,Stroop to Arithmetic,direction_specific_26_posthoc,11,always_nn,Feature-MLP (neural reference),3,1,2,1,0,2,0,0.33333333333333331,0.5,0,1,,0,0.5,0.79166666666666663,0.83333333333333326,13.898334290644987,0.6666666584582065
openbci,cross_task_stroop_to_arithmetic,Stroop to Arithmetic,direction_specific_26_posthoc,11,cbsf,CB-SF,3,1,2,1,0,2,0,0.33333333333333331,0.5,0,1,,0,0,0.41666666666666663,0.58333333333333326,9.446442114891946,0.66666550147957893
openbci,cross_task_stroop_to_arithmetic,Stroop to Arithmetic,direction_specific_26_posthoc,11,dasf_clean,DASF,3,1,2,1,0,2,0,0.33333333333333331,0.5,0,1,,0,0.5,0.79166666666666663,0.83333333333333326,13.898334290644987,0.6666666584582065
openbci,cross_task_stroop_to_arithmetic,Stroop to Arithmetic,direction_specific_26_posthoc,11,eeg_conformer,EEG-Conformer,3,1,2,1,0,2,0,0.33333333333333331,0.5,0,1,,0,0,0.41666666666666663,0.58333333333333326,2.5110641378352834,0.63590390861785073
openbci,cross_task_stroop_to_arithmetic,Stroop to Arithmetic,direction_specific_26_posthoc,11,eegnet,EEGNet,3,1,2,0,1,0,2,0.66666666666666663,0.5,1,0,0.66666666666666663,0.80000000000000004,0,0.41666666666666663,0.58333333333333326,0.66566992686897919,0.23627653373486224
openbci,cross_task_stroop_to_arithmetic,Stroop to Arithmetic,direction_specific_26_posthoc,11,equal_blend_050,Equal blend (50%),3,1,2,1,0,2,0,0.33333333333333331,0.5,0,1,,0,0,0.41666666666666663,0.58333333333333326,9.6060712911741319,0.6666656769357705
openbci,cross_task_stroop_to_arithmetic,Stroop to Arithmetic,direction_specific_26_posthoc,11,extra_trees,Extra Trees,3,1,2,1,0,2,0,0.33333333333333331,0.5,0,1,,0,0.5,0.79166666666666663,0.83333333333333326,2.9482248861748719,0.64353767203253609
openbci,cross_task_stroop_to_arithmetic,Stroop to Arithmetic,direction_specific_26_posthoc,11,fixed_blend_010,Fixed blend (10%),3,1,2,1,0,2,0,0.33333333333333331,0.5,0,1,,0,0.5,0.79166666666666663,0.83333333333333326,10.384746518215982,0.6666662945518288
openbci,cross_task_stroop_to_arithmetic,Stroop to Arithmetic,direction_specific_26_posthoc,11,fixed_blend_025,Fixed blend (25%),3,1,2,1,0,2,0,0.33333333333333331,0.5,0,1,,0,0.5,0.79166666666666663,0.83333333333333326,9.9290228210207179,0.66666600390869457
openbci,cross_task_stroop_to_arithmetic,Stroop to Arithmetic,direction_specific_26_posthoc,11,rf,Random forest,3,1,2,1,0,2,0,0.33333333333333331,0.5,0,1,,0,0,0.41666666666666663,0.58333333333333326,5.6858690689357152,0.66639370627994998
openbci,cross_task_stroop_to_arithmetic,Stroop to Arithmetic,direction_specific_26_posthoc,11,riemann_mdm,Riemannian MDM,3,1,2,0,1,0,2,0.66666666666666663,0.5,1,0,0.66666666666666663,0.80000000000000004,0.5,0.79166666666666663,0.83333333333333326,0.67870287433969123,0.24278756815391481
openbci,cross_task_stroop_to_arithmetic,Stroop to Arithmetic,direction_specific_26_posthoc,11,riemann_ts_logreg,Riemannian TS-LR,3,1,2,0,1,1,1,0.33333333333333331,0.25,0.5,0,0.5,0.5,0,0.41666666666666663,0.58333333333333326,1.600147386136662,0.42819155459721991
openbci,cross_task_stroop_to_arithmetic,Stroop to Arithmetic,direction_specific_26_posthoc,11,stack_recording,OOF recording-level stacking,3,1,2,1,0,2,0,0.33333333333333331,0.5,0,1,,0,0,0.41666666666666663,0.58333333333333326,7.2283090919133315,0.66664041443868338
openbci,cross_task_stroop_to_arithmetic,Stroop to Arithmetic,direction_specific_26_posthoc,12,always_fuse,Neural-classical stacking,3,1,2,1,0,2,0,0.33333333333333331,0.5,0,1,,0,0.5,0.79166666666666663,0.83333333333333326,0.72755395447298143,0.26707231250873131
openbci,cross_task_stroop_to_arithmetic,Stroop to Arithmetic,direction_specific_26_posthoc,12,always_nn,Feature-MLP (neural reference),3,1,2,0,1,0,2,0.66666666666666663,0.5,1,0,0.66666666666666663,0.80000000000000004,0.5,0.79166666666666663,0.83333333333333326,0.7496681375169878,0.26351648317865223
openbci,cross_task_stroop_to_arithmetic,Stroop to Arithmetic,direction_specific_26_posthoc,12,cbsf,CB-SF,3,1,2,0,1,1,1,0.33333333333333331,0.25,0.5,0,0.5,0.5,0,0.41666666666666663,0.58333333333333326,0.70153019712996345,0.25418884710511325
openbci,cross_task_stroop_to_arithmetic,Stroop to Arithmetic,direction_specific_26_posthoc,12,dasf_clean,DASF,3,1,2,1,0,2,0,0.33333333333333331,0.5,0,1,,0,0.5,0.79166666666666663,0.83333333333333326,0.72755395447298143,0.26707231250873131
openbci,cross_task_stroop_to_arithmetic,Stroop to Arithmetic,direction_specific_26_posthoc,12,eeg_conformer,EEG-Conformer,3,1,2,0,1,0,2,0.66666666666666663,0.5,1,0,0.66666666666666663,0.80000000000000004,0,0.41666666666666663,0.58333333333333326,0.74490566185272522,0.26842674849515286
openbci,cross_task_stroop_to_arithmetic,Stroop to Arithmetic,direction_specific_26_posthoc,12,eegnet,EEGNet,3,1,2,0,1,0,2,0.66666666666666663,0.5,1,0,0.66666666666666663,0.80000000000000004,0,0.41666666666666663,0.58333333333333326,0.64025044822457322,0.22381137756748867
openbci,cross_task_stroop_to_arithmetic,Stroop to Arithmetic,direction_specific_26_posthoc,12,equal_blend_050,Equal blend (50%),3,1,2,0,1,0,2,0.66666666666666663,0.5,1,0,0.66666666666666663,0.80000000000000004,0,0.41666666666666663,0.58333333333333326,0.68178029823432984,0.24403245293489365
openbci,cross_task_stroop_to_arithmetic,Stroop to Arithmetic,direction_specific_26_posthoc,12,extra_trees,Extra Trees,3,1,2,0,1,0,2,0.66666666666666663,0.5,1,0,0.66666666666666663,0.80000000000000004,1,1,1,0.60569946414806752,0.20799751212710993
openbci,cross_task_stroop_to_arithmetic,Stroop to Arithmetic,direction_specific_26_posthoc,12,fixed_blend_010,Fixed blend (10%),3,1,2,0,1,0,2,0.66666666666666663,0.5,1,0,0.66666666666666663,0.80000000000000004,0,0.41666666666666663,0.58333333333333326,0.70020356771293957,0.24878869876590082
openbci,cross_task_stroop_to_arithmetic,Stroop to Arithmetic,direction_specific_26_posthoc,12,fixed_blend_025,Fixed blend (25%),3,1,2,0,1,0,2,0.66666666666666663,0.5,1,0,0.66666666666666663,0.80000000000000004,0,0.41666666666666663,0.58333333333333326,0.68330095709142269,0.2434653769708468
openbci,cross_task_stroop_to_arithmetic,Stroop to Arithmetic,direction_specific_26_posthoc,12,rf,Random forest,3,1,2,0,1,1,1,0.33333333333333331,0.25,0.5,0,0.5,0.5,0.5,0.79166666666666663,0.83333333333333326,0.67281216901121843,0.24059301853329532
openbci,cross_task_stroop_to_arithmetic,Stroop to Arithmetic,direction_specific_26_posthoc,12,riemann_mdm,Riemannian MDM,3,1,2,0,1,0,2,0.66666666666666663,0.5,1,0,0.66666666666666663,0.80000000000000004,0,0.41666666666666663,0.58333333333333326,0.77063924116587579,0.26427905727528916
openbci,cross_task_stroop_to_arithmetic,Stroop to Arithmetic,direction_specific_26_posthoc,12,riemann_ts_logreg,Riemannian TS-LR,3,1,2,0,1,0,2,0.66666666666666663,0.5,1,0,0.66666666666666663,0.80000000000000004,0,0.41666666666666663,0.58333333333333326,1.7179136111942774,0.33226951788749221
openbci,cross_task_stroop_to_arithmetic,Stroop to Arithmetic,direction_specific_26_posthoc,12,stack_recording,OOF recording-level stacking,3,1,2,1,0,2,0,0.33333333333333331,0.5,0,1,,0,0.5,0.79166666666666663,0.83333333333333326,0.72547427262147801,0.26583622832622666
openbci,cross_task_stroop_to_arithmetic,Stroop to Arithmetic,direction_specific_26_posthoc,13,always_fuse,Neural-classical stacking,3,1,2,0,1,2,0,0,0,0,0,0,0,0,0.41666666666666663,0.58333333333333326,0.73208045210862371,0.26944957179874879
openbci,cross_task_stroop_to_arithmetic,Stroop to Arithmetic,direction_specific_26_posthoc,13,always_nn,Feature-MLP (neural reference),3,1,2,0,1,0,2,0.66666666666666663,0.5,1,0,0.66666666666666663,0.80000000000000004,1,1,1,0.48921228216420554,0.16363476959171899
openbci,cross_task_stroop_to_arithmetic,Stroop to Arithmetic,direction_specific_26_posthoc,13,cbsf,CB-SF,3,1,2,0,1,0,2,0.66666666666666663,0.5,1,0,0.66666666666666663,0.80000000000000004,0.5,0.79166666666666663,0.83333333333333326,0.68144171433659739,0.24414982659630624
openbci,cross_task_stroop_to_arithmetic,Stroop to Arithmetic,direction_specific_26_posthoc,13,dasf_clean,DASF,3,1,2,0,1,2,0,0,0,0,0,0,0,0,0.41666666666666663,0.58333333333333326,0.73208045210862371,0.26944957179874879
openbci,cross_task_stroop_to_arithmetic,Stroop to Arithmetic,direction_specific_26_posthoc,13,eeg_conformer,EEG-Conformer,3,1,2,1,0,2,0,0.33333333333333331,0.5,0,1,,0,1,1,1,0.77396872028449737,0.29132065349638459
openbci,cross_task_stroop_to_arithmetic,Stroop to Arithmetic,direction_specific_26_posthoc,13,eegnet,EEGNet,3,1,2,0,1,0,2,0.66666666666666663,0.5,1,0,0.66666666666666663,0.80000000000000004,0,0.41666666666666663,0.58333333333333326,0.65872479403247353,0.23286635211030396
openbci,cross_task_stroop_to_arithmetic,Stroop to Arithmetic,direction_specific_26_posthoc,13,equal_blend_050,Equal blend (50%),3,1,2,0,1,0,2,0.66666666666666663,0.5,1,0,0.66666666666666663,0.80000000000000004,1,1,1,0.61360266944971353,0.2109494219475441
openbci,cross_task_stroop_to_arithmetic,Stroop to Arithmetic,direction_specific_26_posthoc,13,extra_trees,Extra Trees,3,1,2,0,1,0,2,0.66666666666666663,0.5,1,0,0.66666666666666663,0.80000000000000004,0,0.41666666666666663,0.58333333333333326,0.69900291841891493,0.2518713887291269
openbci,cross_task_stroop_to_arithmetic,Stroop to Arithmetic,direction_specific_26_posthoc,13,fixed_blend_010,Fixed blend (10%),3,1,2,0,1,0,2,0.66666666666666663,0.5,1,0,0.66666666666666663,0.80000000000000004,1,1,1,0.52219417630888632,0.17247338267568291
openbci,cross_task_stroop_to_arithmetic,Stroop to Arithmetic,direction_specific_26_posthoc,13,fixed_blend_025,Fixed blend (25%),3,1,2,0,1,0,2,0.66666666666666663,0.5,1,0,0.66666666666666663,0.80000000000000004,1,1,1,0.55848244162471528,0.1862089912927877
openbci,cross_task_stroop_to_arithmetic,Stroop to Arithmetic,direction_specific_26_posthoc,13,rf,Random forest,3,1,2,0,1,1,1,0.33333333333333331,0.25,0.5,0,0.5,0.5,0,0.41666666666666663,0.58333333333333326,0.76367583412993445,0.2844001733519006
openbci,cross_task_stroop_to_arithmetic,Stroop to Arithmetic,direction_specific_26_posthoc,13,riemann_mdm,Riemannian MDM,3,1,2,0,1,0,2,0.66666666666666663,0.5,1,0,0.66666666666666663,0.80000000000000004,0,0.41666666666666663,0.58333333333333326,3.3937213694598101,0.33330808727826816
openbci,cross_task_stroop_to_arithmetic,Stroop to Arithmetic,direction_specific_26_posthoc,13,riemann_ts_logreg,Riemannian TS-LR,3,1,2,0,1,0,2,0.66666666666666663,0.5,1,0,0.66666666666666663,0.80000000000000004,1,1,1,0.3319841783023918,0.10866327107335318
openbci,cross_task_stroop_to_arithmetic,Stroop to Arithmetic,direction_specific_26_posthoc,13,stack_recording,OOF recording-level stacking,3,1,2,1,0,2,0,0.33333333333333331,0.5,0,1,,0,1,1,1,0.64032820296768511,0.22813351730183318
