dataset,setting,setting_display,comparison_family,method,method_display,metric,higher_is_better,n_participants,participant_macro_mean,participant_standard_deviation,participant_median,ci95_percentile_low,ci95_percentile_high,ci95_width
openbci,cross_task_arithmetic_to_stroop,Arithmetic to Stroop,direction_specific_26_posthoc,always_fuse,Neural-classical stacking,accuracy,True,13,0.5641025641025641,0.25035587206627025,0.66666666666666663,0.43589743589743579,0.69230769230769229,0.2564102564102565
openbci,cross_task_arithmetic_to_stroop,Arithmetic to Stroop,direction_specific_26_posthoc,always_fuse,Neural-classical stacking,balanced_accuracy,True,13,0.48076923076923078,0.21557912462564408,0.5,0.36538461538461536,0.59615384615384615,0.23076923076923078
openbci,cross_task_arithmetic_to_stroop,Arithmetic to Stroop,direction_specific_26_posthoc,always_fuse,Neural-classical stacking,sensitivity,True,13,0.73076923076923073,0.4385290096535146,1,0.5,0.92307692307692313,0.42307692307692313
openbci,cross_task_arithmetic_to_stroop,Arithmetic to Stroop,direction_specific_26_posthoc,always_fuse,Neural-classical stacking,specificity,True,13,0.23076923076923078,0.4385290096535146,0,0,0.46153846153846156,0.46153846153846156
openbci,cross_task_arithmetic_to_stroop,Arithmetic to Stroop,direction_specific_26_posthoc,always_fuse,Neural-classical stacking,precision,True,11,0.62121212121212122,0.23677121037112189,0.66666666666666663,0.46969696969696972,0.72765151515150961,0.25795454545453989
openbci,cross_task_arithmetic_to_stroop,Arithmetic to Stroop,direction_specific_26_posthoc,always_fuse,Neural-classical stacking,f1,True,13,0.60769230769230764,0.36162028533978952,0.80000000000000004,0.40769230769230769,0.77692307692307705,0.36923076923076936
openbci,cross_task_arithmetic_to_stroop,Arithmetic to Stroop,direction_specific_26_posthoc,always_fuse,Neural-classical stacking,auroc,True,13,0.5,0.45643546458763845,0.5,0.26923076923076922,0.73076923076923073,0.46153846153846151
openbci,cross_task_arithmetic_to_stroop,Arithmetic to Stroop,direction_specific_26_posthoc,always_fuse,Neural-classical stacking,pr_auc,True,13,0.72756410256410264,0.26875020704954589,0.79166666666666663,0.58012820512820518,0.86217948717948711,0.28205128205128194
openbci,cross_task_arithmetic_to_stroop,Arithmetic to Stroop,direction_specific_26_posthoc,always_fuse,Neural-classical stacking,average_precision,True,13,0.80128205128205121,0.19105718778116937,0.83333333333333326,0.69871794871794879,0.89743589743589758,0.19871794871794879
openbci,cross_task_arithmetic_to_stroop,Arithmetic to Stroop,direction_specific_26_posthoc,always_fuse,Neural-classical stacking,log_loss,False,13,0.92924548721241473,0.54806385129330193,0.66512637085540138,0.68882485800209692,1.2440643373151901,0.55523947931309314
openbci,cross_task_arithmetic_to_stroop,Arithmetic to Stroop,direction_specific_26_posthoc,always_fuse,Neural-classical stacking,brier_score,False,13,0.27706170063736379,0.079765883194219914,0.23601982457909254,0.24009236573722981,0.32204017362933096,0.081947807892101154
openbci,cross_task_arithmetic_to_stroop,Arithmetic to Stroop,direction_specific_26_posthoc,always_nn,Feature-MLP (neural reference),accuracy,True,13,0.51282051282051277,0.29235267310234303,0.66666666666666663,0.35897435897435892,0.66666666666666663,0.30769230769230771
openbci,cross_task_arithmetic_to_stroop,Arithmetic to Stroop,direction_specific_26_posthoc,always_nn,Feature-MLP (neural reference),balanced_accuracy,True,13,0.48076923076923078,0.27879088753823889,0.5,0.32692307692307693,0.61538461538461542,0.28846153846153849
openbci,cross_task_arithmetic_to_stroop,Arithmetic to Stroop,direction_specific_26_posthoc,always_nn,Feature-MLP (neural reference),sensitivity,True,13,0.57692307692307687,0.44935851713645852,0.5,0.34615384615384615,0.80769230769230771,0.46153846153846156
openbci,cross_task_arithmetic_to_stroop,Arithmetic to Stroop,direction_specific_26_posthoc,always_nn,Feature-MLP (neural reference),specificity,True,13,0.38461538461538464,0.50636968354183332,0,0.15384615384615385,0.69230769230769229,0.53846153846153844
openbci,cross_task_arithmetic_to_stroop,Arithmetic to Stroop,direction_specific_26_posthoc,always_nn,Feature-MLP (neural reference),precision,True,11,0.62121212121212122,0.35032452487268534,0.66666666666666663,0.4242424242424242,0.80303030303030287,0.37878787878787867
openbci,cross_task_arithmetic_to_stroop,Arithmetic to Stroop,direction_specific_26_posthoc,always_nn,Feature-MLP (neural reference),f1,True,13,0.52564102564102566,0.3815547740286388,0.66666666666666663,0.32307692307692309,0.71538461538461529,0.39230769230769219
openbci,cross_task_arithmetic_to_stroop,Arithmetic to Stroop,direction_specific_26_posthoc,always_nn,Feature-MLP (neural reference),auroc,True,13,0.57692307692307687,0.44935851713645852,0.5,0.34615384615384615,0.80769230769230771,0.46153846153846156
openbci,cross_task_arithmetic_to_stroop,Arithmetic to Stroop,direction_specific_26_posthoc,always_nn,Feature-MLP (neural reference),pr_auc,True,13,0.77243589743589736,0.26110485989971127,0.79166666666666663,0.63461538461538458,0.90705128205128183,0.27243589743589725
openbci,cross_task_arithmetic_to_stroop,Arithmetic to Stroop,direction_specific_26_posthoc,always_nn,Feature-MLP (neural reference),average_precision,True,13,0.83333333333333337,0.1863389981249825,0.83333333333333326,0.73717948717948711,0.92948717948717952,0.1923076923076924
openbci,cross_task_arithmetic_to_stroop,Arithmetic to Stroop,direction_specific_26_posthoc,always_nn,Feature-MLP (neural reference),log_loss,False,13,1.6405616091144541,1.283417393545834,1.5255662650691619,1.0176510540949883,2.3412089944620109,1.3235579403670226
openbci,cross_task_arithmetic_to_stroop,Arithmetic to Stroop,direction_specific_26_posthoc,always_nn,Feature-MLP (neural reference),brier_score,False,13,0.37800078415849586,0.23911733831727169,0.33313995905839094,0.26040413240490468,0.50945214377827519,0.24904801137337051
openbci,cross_task_arithmetic_to_stroop,Arithmetic to Stroop,direction_specific_26_posthoc,cbsf,CB-SF,accuracy,True,13,0.53846153846153844,0.28990616420763465,0.66666666666666663,0.38461538461538464,0.69230769230769229,0.30769230769230765
openbci,cross_task_arithmetic_to_stroop,Arithmetic to Stroop,direction_specific_26_posthoc,cbsf,CB-SF,balanced_accuracy,True,13,0.48076923076923078,0.25943726083138541,0.5,0.34615384615384615,0.61538461538461542,0.26923076923076927
openbci,cross_task_arithmetic_to_stroop,Arithmetic to Stroop,direction_specific_26_posthoc,cbsf,CB-SF,sensitivity,True,13,0.65384615384615385,0.47366546671567089,1,0.38461538461538464,0.88461538461538458,0.49999999999999994
openbci,cross_task_arithmetic_to_stroop,Arithmetic to Stroop,direction_specific_26_posthoc,cbsf,CB-SF,specificity,True,13,0.30769230769230771,0.48038446141526137,0,0.076923076923076927,0.53846153846153844,0.46153846153846151
openbci,cross_task_arithmetic_to_stroop,Arithmetic to Stroop,direction_specific_26_posthoc,cbsf,CB-SF,precision,True,11,0.60606060606060608,0.32721660573801425,0.66666666666666663,0.39393939393939392,0.78787878787878785,0.39393939393939392
openbci,cross_task_arithmetic_to_stroop,Arithmetic to Stroop,direction_specific_26_posthoc,cbsf,CB-SF,f1,True,13,0.55897435897435899,0.39397166803423211,0.80000000000000004,0.35897435897435892,0.74358974358974383,0.38461538461538491
openbci,cross_task_arithmetic_to_stroop,Arithmetic to Stroop,direction_specific_26_posthoc,cbsf,CB-SF,auroc,True,13,0.5,0.40824829046386302,0.5,0.26923076923076922,0.69230769230769229,0.42307692307692307
openbci,cross_task_arithmetic_to_stroop,Arithmetic to Stroop,direction_specific_26_posthoc,cbsf,CB-SF,pr_auc,True,13,0.74038461538461542,0.24185448051171132,0.79166666666666663,0.61858974358974372,0.862179487179487,0.24358974358974328
openbci,cross_task_arithmetic_to_stroop,Arithmetic to Stroop,direction_specific_26_posthoc,cbsf,CB-SF,average_precision,True,13,0.80769230769230782,0.17140694816821717,0.83333333333333326,0.71794871794871784,0.89743589743589736,0.17948717948717952
openbci,cross_task_arithmetic_to_stroop,Arithmetic to Stroop,direction_specific_26_posthoc,cbsf,CB-SF,log_loss,False,13,0.90473934648000054,0.61021820963774265,0.69060383009575743,0.66807815235136658,1.2645093378325658,0.59643118548119922
openbci,cross_task_arithmetic_to_stroop,Arithmetic to Stroop,direction_specific_26_posthoc,cbsf,CB-SF,brier_score,False,13,0.27420484852052363,0.09024384692148596,0.24876170480151627,0.23324505700316892,0.32512727702728222,0.091882220024113309
openbci,cross_task_arithmetic_to_stroop,Arithmetic to Stroop,direction_specific_26_posthoc,dasf_clean,DASF,accuracy,True,13,0.5641025641025641,0.25035587206627025,0.66666666666666663,0.43589743589743585,0.69230769230769229,0.25641025641025644
openbci,cross_task_arithmetic_to_stroop,Arithmetic to Stroop,direction_specific_26_posthoc,dasf_clean,DASF,balanced_accuracy,True,13,0.48076923076923078,0.21557912462564408,0.5,0.36538461538461536,0.59615384615384615,0.23076923076923078
openbci,cross_task_arithmetic_to_stroop,Arithmetic to Stroop,direction_specific_26_posthoc,dasf_clean,DASF,sensitivity,True,13,0.73076923076923073,0.4385290096535146,1,0.5,0.92307692307692313,0.42307692307692313
openbci,cross_task_arithmetic_to_stroop,Arithmetic to Stroop,direction_specific_26_posthoc,dasf_clean,DASF,specificity,True,13,0.23076923076923078,0.4385290096535146,0,0,0.46153846153846156,0.46153846153846156
openbci,cross_task_arithmetic_to_stroop,Arithmetic to Stroop,direction_specific_26_posthoc,dasf_clean,DASF,precision,True,11,0.62121212121212122,0.23677121037112189,0.66666666666666663,0.46969696969696972,0.74242424242424232,0.2727272727272726
openbci,cross_task_arithmetic_to_stroop,Arithmetic to Stroop,direction_specific_26_posthoc,dasf_clean,DASF,f1,True,13,0.60769230769230764,0.36162028533978952,0.80000000000000004,0.40769230769230769,0.78461538461538471,0.37692307692307703
openbci,cross_task_arithmetic_to_stroop,Arithmetic to Stroop,direction_specific_26_posthoc,dasf_clean,DASF,auroc,True,13,0.5,0.45643546458763845,0.5,0.26923076923076922,0.73076923076923073,0.46153846153846151
openbci,cross_task_arithmetic_to_stroop,Arithmetic to Stroop,direction_specific_26_posthoc,dasf_clean,DASF,pr_auc,True,13,0.72756410256410264,0.26875020704954594,0.79166666666666663,0.58012820512820518,0.86217948717948711,0.28205128205128194
openbci,cross_task_arithmetic_to_stroop,Arithmetic to Stroop,direction_specific_26_posthoc,dasf_clean,DASF,average_precision,True,13,0.80128205128205121,0.19105718778116937,0.83333333333333326,0.69871794871794879,0.89743589743589758,0.19871794871794879
openbci,cross_task_arithmetic_to_stroop,Arithmetic to Stroop,direction_specific_26_posthoc,dasf_clean,DASF,log_loss,False,13,1.2562991863948745,0.77396491186182792,0.67500953099874639,0.87801669464515819,1.6852385745618856,0.80722187991672745
openbci,cross_task_arithmetic_to_stroop,Arithmetic to Stroop,direction_specific_26_posthoc,dasf_clean,DASF,brier_score,False,13,0.30377904240964182,0.099448648001104548,0.2407715424164191,0.2551584977484182,0.35920961583046529,0.10405111808204709
openbci,cross_task_arithmetic_to_stroop,Arithmetic to Stroop,direction_specific_26_posthoc,eeg_conformer,EEG-Conformer,accuracy,True,13,0.66666666666666663,0.13608276348795434,0.66666666666666663,0.58974358974358976,0.7435897435897435,0.15384615384615374
openbci,cross_task_arithmetic_to_stroop,Arithmetic to Stroop,direction_specific_26_posthoc,eeg_conformer,EEG-Conformer,balanced_accuracy,True,13,0.55769230769230771,0.14978617237881953,0.5,0.5,0.65384615384615385,0.15384615384615385
openbci,cross_task_arithmetic_to_stroop,Arithmetic to Stroop,direction_specific_26_posthoc,eeg_conformer,EEG-Conformer,sensitivity,True,13,0.88461538461538458,0.29957234475763905,1,0.69230769230769229,1,0.30769230769230771
openbci,cross_task_arithmetic_to_stroop,Arithmetic to Stroop,direction_specific_26_posthoc,eeg_conformer,EEG-Conformer,specificity,True,13,0.23076923076923078,0.4385290096535146,0,0,0.46153846153846156,0.46153846153846156
openbci,cross_task_arithmetic_to_stroop,Arithmetic to Stroop,direction_specific_26_posthoc,eeg_conformer,EEG-Conformer,precision,True,12,0.72222222222222232,0.12974982402692051,0.66666666666666663,0.66666666666666663,0.80555555555555547,0.13888888888888884
openbci,cross_task_arithmetic_to_stroop,Arithmetic to Stroop,direction_specific_26_posthoc,eeg_conformer,EEG-Conformer,f1,True,13,0.74358974358974372,0.23388213848187447,0.80000000000000004,0.60512820512820509,0.83076923076923093,0.22564102564102584
openbci,cross_task_arithmetic_to_stroop,Arithmetic to Stroop,direction_specific_26_posthoc,eeg_conformer,EEG-Conformer,auroc,True,13,0.65384615384615385,0.47366546671567089,1,0.38461538461538464,0.88461538461538458,0.49999999999999994
openbci,cross_task_arithmetic_to_stroop,Arithmetic to Stroop,direction_specific_26_posthoc,eeg_conformer,EEG-Conformer,pr_auc,True,13,0.80448717948717929,0.27501294970805013,1,0.65384615384615385,0.93910256410256399,0.28525641025641013
openbci,cross_task_arithmetic_to_stroop,Arithmetic to Stroop,direction_specific_26_posthoc,eeg_conformer,EEG-Conformer,average_precision,True,13,0.85897435897435903,0.19656958345481929,1,0.75,0.95512820512820507,0.20512820512820507
openbci,cross_task_arithmetic_to_stroop,Arithmetic to Stroop,direction_specific_26_posthoc,eeg_conformer,EEG-Conformer,log_loss,False,13,0.93082696996229308,0.6649184265814061,0.66289748010982941,0.64800370869992008,1.3340667977971126,0.68606308909719249
openbci,cross_task_arithmetic_to_stroop,Arithmetic to Stroop,direction_specific_26_posthoc,eeg_conformer,EEG-Conformer,brier_score,False,13,0.27053669402076763,0.12133589701285441,0.23420233334240903,0.22220987083173466,0.34224310034818728,0.12003322951645262
openbci,cross_task_arithmetic_to_stroop,Arithmetic to Stroop,direction_specific_26_posthoc,eegnet,EEGNet,accuracy,True,13,0.58974358974358987,0.14617633655117152,0.66666666666666663,0.51282051282051277,0.66666666666666663,0.15384615384615385
openbci,cross_task_arithmetic_to_stroop,Arithmetic to Stroop,direction_specific_26_posthoc,eegnet,EEGNet,balanced_accuracy,True,13,0.48076923076923078,0.069337524528153643,0.5,0.44230769230769229,0.5,0.057692307692307709
openbci,cross_task_arithmetic_to_stroop,Arithmetic to Stroop,direction_specific_26_posthoc,eegnet,EEGNet,sensitivity,True,13,0.80769230769230771,0.3839738238941523,1,0.57692307692307687,1,0.42307692307692313
openbci,cross_task_arithmetic_to_stroop,Arithmetic to Stroop,direction_specific_26_posthoc,eegnet,EEGNet,specificity,True,13,0.15384615384615385,0.37553380809940534,0,0,0.38461538461538464,0.38461538461538464
openbci,cross_task_arithmetic_to_stroop,Arithmetic to Stroop,direction_specific_26_posthoc,eegnet,EEGNet,precision,True,11,0.65151515151515149,0.050251890762960598,0.66666666666666663,0.62121212121212122,0.66666666666666674,0.045454545454545525
openbci,cross_task_arithmetic_to_stroop,Arithmetic to Stroop,direction_specific_26_posthoc,eegnet,EEGNet,f1,True,13,0.65384615384615385,0.30170455917277927,0.80000000000000004,0.46923076923076928,0.80000000000000016,0.33076923076923087
openbci,cross_task_arithmetic_to_stroop,Arithmetic to Stroop,direction_specific_26_posthoc,eegnet,EEGNet,auroc,True,13,0.46153846153846156,0.37977726265637501,0.5,0.26923076923076922,0.65384615384615385,0.38461538461538464
openbci,cross_task_arithmetic_to_stroop,Arithmetic to Stroop,direction_specific_26_posthoc,eegnet,EEGNet,pr_auc,True,13,0.72435897435897434,0.22982132599117491,0.79166666666666663,0.60576923076923084,0.84294871794871784,0.237179487179487
openbci,cross_task_arithmetic_to_stroop,Arithmetic to Stroop,direction_specific_26_posthoc,eegnet,EEGNet,average_precision,True,13,0.79487179487179493,0.16178755723235852,0.83333333333333326,0.71153846153846156,0.8782051282051283,0.16666666666666674
openbci,cross_task_arithmetic_to_stroop,Arithmetic to Stroop,direction_specific_26_posthoc,eegnet,EEGNet,log_loss,False,13,1.0789430726496545,0.83830007356370018,0.69009383445236827,0.67668520294134871,1.5612928784138729,0.88460767547252417
openbci,cross_task_arithmetic_to_stroop,Arithmetic to Stroop,direction_specific_26_posthoc,eegnet,EEGNet,brier_score,False,13,0.30554772960135745,0.15246522289393644,0.24593142320477177,0.23687755247602785,0.39632706287407576,0.15944951039804792
openbci,cross_task_arithmetic_to_stroop,Arithmetic to Stroop,direction_specific_26_posthoc,equal_blend_050,Equal blend (50%),accuracy,True,13,0.51282051282051277,0.29235267310234303,0.66666666666666663,0.35897435897435892,0.66666666666666663,0.30769230769230771
openbci,cross_task_arithmetic_to_stroop,Arithmetic to Stroop,direction_specific_26_posthoc,equal_blend_050,Equal blend (50%),balanced_accuracy,True,13,0.48076923076923078,0.27879088753823889,0.5,0.32692307692307693,0.61538461538461542,0.28846153846153849
openbci,cross_task_arithmetic_to_stroop,Arithmetic to Stroop,direction_specific_26_posthoc,equal_blend_050,Equal blend (50%),sensitivity,True,13,0.57692307692307687,0.44935851713645852,0.5,0.34615384615384615,0.80769230769230771,0.46153846153846156
openbci,cross_task_arithmetic_to_stroop,Arithmetic to Stroop,direction_specific_26_posthoc,equal_blend_050,Equal blend (50%),specificity,True,13,0.38461538461538464,0.50636968354183332,0,0.15384615384615385,0.61538461538461542,0.46153846153846156
openbci,cross_task_arithmetic_to_stroop,Arithmetic to Stroop,direction_specific_26_posthoc,equal_blend_050,Equal blend (50%),precision,True,11,0.62121212121212122,0.35032452487268534,0.66666666666666663,0.4242424242424242,0.80303030303030287,0.37878787878787867
openbci,cross_task_arithmetic_to_stroop,Arithmetic to Stroop,direction_specific_26_posthoc,equal_blend_050,Equal blend (50%),f1,True,13,0.52564102564102566,0.3815547740286388,0.66666666666666663,0.32307692307692309,0.71794871794871795,0.39487179487179486
openbci,cross_task_arithmetic_to_stroop,Arithmetic to Stroop,direction_specific_26_posthoc,equal_blend_050,Equal blend (50%),auroc,True,13,0.53846153846153844,0.43115824925128815,0.5,0.30769230769230771,0.76923076923076927,0.46153846153846156
openbci,cross_task_arithmetic_to_stroop,Arithmetic to Stroop,direction_specific_26_posthoc,equal_blend_050,Equal blend (50%),pr_auc,True,13,0.75641025641025628,0.2522159624962142,0.79166666666666663,0.62179487179487181,0.8782051282051283,0.2564102564102565
openbci,cross_task_arithmetic_to_stroop,Arithmetic to Stroop,direction_specific_26_posthoc,equal_blend_050,Equal blend (50%),average_precision,True,13,0.8205128205128206,0.17952533172046986,0.83333333333333326,0.72435897435897434,0.91025641025641035,0.18589743589743601
openbci,cross_task_arithmetic_to_stroop,Arithmetic to Stroop,direction_specific_26_posthoc,equal_blend_050,Equal blend (50%),log_loss,False,13,0.91559554406398869,0.59786196473118813,0.71974104905435021,0.6657650807554194,1.2756401761056504,0.60987509535023099
openbci,cross_task_arithmetic_to_stroop,Arithmetic to Stroop,direction_specific_26_posthoc,equal_blend_050,Equal blend (50%),brier_score,False,13,0.28526551959653562,0.11850026037276387,0.26432401372160369,0.2295603952755737,0.35173292066976714,0.12217252539419343
openbci,cross_task_arithmetic_to_stroop,Arithmetic to Stroop,direction_specific_26_posthoc,extra_trees,Extra Trees,accuracy,True,13,0.53846153846153844,0.21681454519599697,0.66666666666666663,0.41025641025641024,0.64102564102564108,0.23076923076923084
openbci,cross_task_arithmetic_to_stroop,Arithmetic to Stroop,direction_specific_26_posthoc,extra_trees,Extra Trees,balanced_accuracy,True,13,0.46153846153846156,0.17218430793029865,0.5,0.36538461538461536,0.53846153846153844,0.17307692307692307
openbci,cross_task_arithmetic_to_stroop,Arithmetic to Stroop,direction_specific_26_posthoc,extra_trees,Extra Trees,sensitivity,True,13,0.69230769230769229,0.43485924631145201,1,0.46153846153846156,0.92307692307692313,0.46153846153846156
openbci,cross_task_arithmetic_to_stroop,Arithmetic to Stroop,direction_specific_26_posthoc,extra_trees,Extra Trees,specificity,True,13,0.23076923076923078,0.4385290096535146,0,0,0.46153846153846156,0.46153846153846156
openbci,cross_task_arithmetic_to_stroop,Arithmetic to Stroop,direction_specific_26_posthoc,extra_trees,Extra Trees,precision,True,11,0.62121212121212122,0.23677121037112192,0.66666666666666663,0.48484848484848481,0.74242424242424232,0.25757575757575751
openbci,cross_task_arithmetic_to_stroop,Arithmetic to Stroop,direction_specific_26_posthoc,extra_trees,Extra Trees,f1,True,13,0.58205128205128198,0.34281389633643428,0.80000000000000004,0.39743589743589741,0.73846153846153861,0.3410256410256412
openbci,cross_task_arithmetic_to_stroop,Arithmetic to Stroop,direction_specific_26_posthoc,extra_trees,Extra Trees,auroc,True,13,0.57692307692307687,0.40032038451271784,0.5,0.34615384615384615,0.76923076923076927,0.42307692307692313
openbci,cross_task_arithmetic_to_stroop,Arithmetic to Stroop,direction_specific_26_posthoc,extra_trees,Extra Trees,pr_auc,True,13,0.78525641025641035,0.23064306855230893,0.79166666666666663,0.66346153846153844,0.90384615384615374,0.24038461538461531
openbci,cross_task_arithmetic_to_stroop,Arithmetic to Stroop,direction_specific_26_posthoc,extra_trees,Extra Trees,average_precision,True,13,0.83974358974358987,0.16478640236548164,0.83333333333333326,0.75,0.92307692307692313,0.17307692307692313
openbci,cross_task_arithmetic_to_stroop,Arithmetic to Stroop,direction_specific_26_posthoc,extra_trees,Extra Trees,log_loss,False,13,1.0834708998366036,0.84814586458271579,0.69412855750700631,0.68907094613435149,1.5715707335963502,0.88249978746199875
openbci,cross_task_arithmetic_to_stroop,Arithmetic to Stroop,direction_specific_26_posthoc,extra_trees,Extra Trees,brier_score,False,13,0.29722715072172118,0.12754807857814074,0.24821625433376179,0.23877322236830323,0.37010397392223843,0.1313307515539352
openbci,cross_task_arithmetic_to_stroop,Arithmetic to Stroop,direction_specific_26_posthoc,fixed_blend_010,Fixed blend (10%),accuracy,True,13,0.51282051282051277,0.29235267310234303,0.66666666666666663,0.35897435897435892,0.66666666666666663,0.30769230769230771
openbci,cross_task_arithmetic_to_stroop,Arithmetic to Stroop,direction_specific_26_posthoc,fixed_blend_010,Fixed blend (10%),balanced_accuracy,True,13,0.48076923076923078,0.27879088753823889,0.5,0.32692307692307693,0.61538461538461542,0.28846153846153849
openbci,cross_task_arithmetic_to_stroop,Arithmetic to Stroop,direction_specific_26_posthoc,fixed_blend_010,Fixed blend (10%),sensitivity,True,13,0.57692307692307687,0.44935851713645852,0.5,0.34615384615384615,0.80769230769230771,0.46153846153846156
openbci,cross_task_arithmetic_to_stroop,Arithmetic to Stroop,direction_specific_26_posthoc,fixed_blend_010,Fixed blend (10%),specificity,True,13,0.38461538461538464,0.50636968354183332,0,0.15384615384615385,0.61538461538461542,0.46153846153846156
openbci,cross_task_arithmetic_to_stroop,Arithmetic to Stroop,direction_specific_26_posthoc,fixed_blend_010,Fixed blend (10%),precision,True,11,0.62121212121212122,0.35032452487268534,0.66666666666666663,0.40909090909090912,0.80303030303030287,0.39393939393939376
openbci,cross_task_arithmetic_to_stroop,Arithmetic to Stroop,direction_specific_26_posthoc,fixed_blend_010,Fixed blend (10%),f1,True,13,0.52564102564102566,0.3815547740286388,0.66666666666666663,0.32307692307692309,0.71282051282051284,0.38974358974358975
openbci,cross_task_arithmetic_to_stroop,Arithmetic to Stroop,direction_specific_26_posthoc,fixed_blend_010,Fixed blend (10%),auroc,True,13,0.57692307692307687,0.44935851713645852,0.5,0.34615384615384615,0.80769230769230771,0.46153846153846156
openbci,cross_task_arithmetic_to_stroop,Arithmetic to Stroop,direction_specific_26_posthoc,fixed_blend_010,Fixed blend (10%),pr_auc,True,13,0.77243589743589736,0.26110485989971127,0.79166666666666663,0.625,0.90705128205128183,0.28205128205128183
openbci,cross_task_arithmetic_to_stroop,Arithmetic to Stroop,direction_specific_26_posthoc,fixed_blend_010,Fixed blend (10%),average_precision,True,13,0.83333333333333337,0.1863389981249825,0.83333333333333326,0.73076923076923073,0.9294871794871794,0.19871794871794868
openbci,cross_task_arithmetic_to_stroop,Arithmetic to Stroop,direction_specific_26_posthoc,fixed_blend_010,Fixed blend (10%),log_loss,False,13,1.1149193169154581,0.79649438613491808,0.94503949900999951,0.7450805416457642,1.5780386898076253,0.83295814816186109
openbci,cross_task_arithmetic_to_stroop,Arithmetic to Stroop,direction_specific_26_posthoc,fixed_blend_010,Fixed blend (10%),brier_score,False,13,0.33600547182364038,0.18545837866426684,0.293021061257495,0.24626025079174924,0.43979617181206637,0.19353592102031714
openbci,cross_task_arithmetic_to_stroop,Arithmetic to Stroop,direction_specific_26_posthoc,fixed_blend_025,Fixed blend (25%),accuracy,True,13,0.51282051282051277,0.29235267310234303,0.66666666666666663,0.35897435897435892,0.66666666666666663,0.30769230769230771
openbci,cross_task_arithmetic_to_stroop,Arithmetic to Stroop,direction_specific_26_posthoc,fixed_blend_025,Fixed blend (25%),balanced_accuracy,True,13,0.48076923076923078,0.27879088753823889,0.5,0.32692307692307693,0.61538461538461542,0.28846153846153849
openbci,cross_task_arithmetic_to_stroop,Arithmetic to Stroop,direction_specific_26_posthoc,fixed_blend_025,Fixed blend (25%),sensitivity,True,13,0.57692307692307687,0.44935851713645852,0.5,0.34615384615384615,0.80769230769230771,0.46153846153846156
openbci,cross_task_arithmetic_to_stroop,Arithmetic to Stroop,direction_specific_26_posthoc,fixed_blend_025,Fixed blend (25%),specificity,True,13,0.38461538461538464,0.50636968354183332,0,0.15384615384615385,0.69230769230769229,0.53846153846153844
openbci,cross_task_arithmetic_to_stroop,Arithmetic to Stroop,direction_specific_26_posthoc,fixed_blend_025,Fixed blend (25%),precision,True,11,0.62121212121212122,0.35032452487268534,0.66666666666666663,0.40909090909090912,0.80303030303030287,0.39393939393939376
openbci,cross_task_arithmetic_to_stroop,Arithmetic to Stroop,direction_specific_26_posthoc,fixed_blend_025,Fixed blend (25%),f1,True,13,0.52564102564102566,0.3815547740286388,0.66666666666666663,0.32307692307692309,0.72307692307692306,0.39999999999999997
openbci,cross_task_arithmetic_to_stroop,Arithmetic to Stroop,direction_specific_26_posthoc,fixed_blend_025,Fixed blend (25%),auroc,True,13,0.57692307692307687,0.44935851713645852,0.5,0.34615384615384615,0.80769230769230771,0.46153846153846156
openbci,cross_task_arithmetic_to_stroop,Arithmetic to Stroop,direction_specific_26_posthoc,fixed_blend_025,Fixed blend (25%),pr_auc,True,13,0.77243589743589736,0.26110485989971127,0.79166666666666663,0.625,0.90705128205128183,0.28205128205128183
openbci,cross_task_arithmetic_to_stroop,Arithmetic to Stroop,direction_specific_26_posthoc,fixed_blend_025,Fixed blend (25%),average_precision,True,13,0.83333333333333337,0.1863389981249825,0.83333333333333326,0.73076923076923095,0.92307692307692324,0.19230769230769229
openbci,cross_task_arithmetic_to_stroop,Arithmetic to Stroop,direction_specific_26_posthoc,fixed_blend_025,Fixed blend (25%),log_loss,False,13,0.99589879979798535,0.68591636439398984,0.75947638140252705,0.69716545373961492,1.3951096133166503,0.69794415957703537
openbci,cross_task_arithmetic_to_stroop,Arithmetic to Stroop,direction_specific_26_posthoc,fixed_blend_025,Fixed blend (25%),brier_score,False,13,0.3091737367200158,0.15321578919953968,0.2679450938985089,0.23618804194368051,0.3940770929654176,0.15788905102173709
openbci,cross_task_arithmetic_to_stroop,Arithmetic to Stroop,direction_specific_26_posthoc,rf,Random forest,accuracy,True,13,0.53846153846153844,0.21681454519599697,0.66666666666666663,0.41025641025641024,0.64102564102564108,0.23076923076923084
openbci,cross_task_arithmetic_to_stroop,Arithmetic to Stroop,direction_specific_26_posthoc,rf,Random forest,balanced_accuracy,True,13,0.46153846153846156,0.17218430793029865,0.5,0.36538461538461536,0.53846153846153844,0.17307692307692307
openbci,cross_task_arithmetic_to_stroop,Arithmetic to Stroop,direction_specific_26_posthoc,rf,Random forest,sensitivity,True,13,0.69230769230769229,0.43485924631145201,1,0.46153846153846156,0.88461538461538458,0.42307692307692302
openbci,cross_task_arithmetic_to_stroop,Arithmetic to Stroop,direction_specific_26_posthoc,rf,Random forest,specificity,True,13,0.23076923076923078,0.4385290096535146,0,0,0.46153846153846156,0.46153846153846156
openbci,cross_task_arithmetic_to_stroop,Arithmetic to Stroop,direction_specific_26_posthoc,rf,Random forest,precision,True,11,0.62121212121212122,0.23677121037112192,0.66666666666666663,0.46969696969696972,0.72765151515150961,0.25795454545453989
openbci,cross_task_arithmetic_to_stroop,Arithmetic to Stroop,direction_specific_26_posthoc,rf,Random forest,f1,True,13,0.58205128205128198,0.34281389633643433,0.80000000000000004,0.38717948717948725,0.74358974358974372,0.35641025641025648
openbci,cross_task_arithmetic_to_stroop,Arithmetic to Stroop,direction_specific_26_posthoc,rf,Random forest,auroc,True,13,0.65384615384615385,0.37553380809940534,0.5,0.46153846153846156,0.84615384615384615,0.38461538461538458
openbci,cross_task_arithmetic_to_stroop,Arithmetic to Stroop,direction_specific_26_posthoc,rf,Random forest,pr_auc,True,13,0.83012820512820518,0.20865359998409994,0.79166666666666663,0.71153846153846145,0.93589743589743568,0.22435897435897423
openbci,cross_task_arithmetic_to_stroop,Arithmetic to Stroop,direction_specific_26_posthoc,rf,Random forest,average_precision,True,13,0.8717948717948717,0.150675118891579,0.83333333333333326,0.78846153846153844,0.94871794871794868,0.16025641025641024
openbci,cross_task_arithmetic_to_stroop,Arithmetic to Stroop,direction_specific_26_posthoc,rf,Random forest,log_loss,False,13,1.394338710316845,1.4832260471086307,0.74574763003402278,0.73089451972124364,2.2661679740080878,1.5352734542868443
openbci,cross_task_arithmetic_to_stroop,Arithmetic to Stroop,direction_specific_26_posthoc,rf,Random forest,brier_score,False,13,0.31849852929486488,0.16200580389751942,0.26827779978509575,0.24287950708326864,0.41219316222142316,0.16931365513815452
openbci,cross_task_arithmetic_to_stroop,Arithmetic to Stroop,direction_specific_26_posthoc,riemann_mdm,Riemannian MDM,accuracy,True,13,0.64102564102564108,0.21350420507344953,0.66666666666666663,0.53846153846153844,0.7435897435897435,0.20512820512820507
openbci,cross_task_arithmetic_to_stroop,Arithmetic to Stroop,direction_specific_26_posthoc,riemann_mdm,Riemannian MDM,balanced_accuracy,True,13,0.57692307692307687,0.23683273335783547,0.5,0.46153846153846156,0.71153846153846156,0.25
openbci,cross_task_arithmetic_to_stroop,Arithmetic to Stroop,direction_specific_26_posthoc,riemann_mdm,Riemannian MDM,sensitivity,True,13,0.76923076923076927,0.33011264588676237,1,0.57692307692307687,0.92307692307692313,0.34615384615384626
openbci,cross_task_arithmetic_to_stroop,Arithmetic to Stroop,direction_specific_26_posthoc,riemann_mdm,Riemannian MDM,specificity,True,13,0.38461538461538464,0.50636968354183332,0,0.15384615384615385,0.61538461538461542,0.46153846153846156
openbci,cross_task_arithmetic_to_stroop,Arithmetic to Stroop,direction_specific_26_posthoc,riemann_mdm,Riemannian MDM,precision,True,12,0.75,0.19462473604038077,0.66666666666666663,0.65277777777777779,0.86111111111111105,0.20833333333333326
openbci,cross_task_arithmetic_to_stroop,Arithmetic to Stroop,direction_specific_26_posthoc,riemann_mdm,Riemannian MDM,f1,True,13,0.70256410256410251,0.26015007722094313,0.80000000000000004,0.55641025641025643,0.82307692307692326,0.26666666666666683
openbci,cross_task_arithmetic_to_stroop,Arithmetic to Stroop,direction_specific_26_posthoc,riemann_mdm,Riemannian MDM,auroc,True,13,0.65384615384615385,0.37553380809940534,0.5,0.46153846153846156,0.84615384615384615,0.38461538461538458
openbci,cross_task_arithmetic_to_stroop,Arithmetic to Stroop,direction_specific_26_posthoc,riemann_mdm,Riemannian MDM,pr_auc,True,13,0.83012820512820507,0.20865359998409994,0.79166666666666663,0.71153846153846156,0.93589743589743568,0.22435897435897412
openbci,cross_task_arithmetic_to_stroop,Arithmetic to Stroop,direction_specific_26_posthoc,riemann_mdm,Riemannian MDM,average_precision,True,13,0.87179487179487203,0.150675118891579,0.83333333333333326,0.78846153846153844,0.94871794871794879,0.16025641025641035
openbci,cross_task_arithmetic_to_stroop,Arithmetic to Stroop,direction_specific_26_posthoc,riemann_mdm,Riemannian MDM,log_loss,False,13,1.1862466486020786,0.95227914883881737,0.77342677221321121,0.74721060421645802,1.7397015051918177,0.99249090097535964
openbci,cross_task_arithmetic_to_stroop,Arithmetic to Stroop,direction_specific_26_posthoc,riemann_mdm,Riemannian MDM,brier_score,False,13,0.28537301458250697,0.1031550720465776,0.28515737843706757,0.23205790577540611,0.34301315469560484,0.11095524892019873
openbci,cross_task_arithmetic_to_stroop,Arithmetic to Stroop,direction_specific_26_posthoc,riemann_ts_logreg,Riemannian TS-LR,accuracy,True,13,0.53846153846153844,0.25598254926276814,0.66666666666666663,0.38461538461538464,0.66666666666666663,0.28205128205128199
openbci,cross_task_arithmetic_to_stroop,Arithmetic to Stroop,direction_specific_26_posthoc,riemann_ts_logreg,Riemannian TS-LR,balanced_accuracy,True,13,0.42307692307692307,0.21371260356627761,0.5,0.30769230769230771,0.51923076923076927,0.21153846153846156
openbci,cross_task_arithmetic_to_stroop,Arithmetic to Stroop,direction_specific_26_posthoc,riemann_ts_logreg,Riemannian TS-LR,sensitivity,True,13,0.76923076923076927,0.38812501290309243,1,0.53846153846153844,0.96153846153846156,0.42307692307692313
openbci,cross_task_arithmetic_to_stroop,Arithmetic to Stroop,direction_specific_26_posthoc,riemann_ts_logreg,Riemannian TS-LR,specificity,True,13,0.076923076923076927,0.27735009811261457,0,0,0.23076923076923078,0.23076923076923078
openbci,cross_task_arithmetic_to_stroop,Arithmetic to Stroop,direction_specific_26_posthoc,riemann_ts_logreg,Riemannian TS-LR,precision,True,13,0.57692307692307698,0.27735009811261457,0.66666666666666663,0.4102564102564103,0.70512820512820518,0.29487179487179488
openbci,cross_task_arithmetic_to_stroop,Arithmetic to Stroop,direction_specific_26_posthoc,riemann_ts_logreg,Riemannian TS-LR,f1,True,13,0.64358974358974363,0.29857210041344984,0.80000000000000004,0.46923076923076928,0.7794871794871796,0.31025641025641032
openbci,cross_task_arithmetic_to_stroop,Arithmetic to Stroop,direction_specific_26_posthoc,riemann_ts_logreg,Riemannian TS-LR,auroc,True,13,0.65384615384615385,0.42742520713255516,1,0.42307692307692307,0.84615384615384615,0.42307692307692307
openbci,cross_task_arithmetic_to_stroop,Arithmetic to Stroop,direction_specific_26_posthoc,riemann_ts_logreg,Riemannian TS-LR,pr_auc,True,13,0.81730769230769218,0.24446326170773869,1,0.68269230769230771,0.9358974358974359,0.25320512820512819
openbci,cross_task_arithmetic_to_stroop,Arithmetic to Stroop,direction_specific_26_posthoc,riemann_ts_logreg,Riemannian TS-LR,average_precision,True,13,0.86538461538461553,0.17525927069861943,1,0.76923076923076927,0.95512820512820507,0.18589743589743579
openbci,cross_task_arithmetic_to_stroop,Arithmetic to Stroop,direction_specific_26_posthoc,riemann_ts_logreg,Riemannian TS-LR,log_loss,False,13,1.7987417046263359,1.44947866492637,1.6872355436794046,1.1186771936669178,2.6258533044837646,1.5071761108168469
openbci,cross_task_arithmetic_to_stroop,Arithmetic to Stroop,direction_specific_26_posthoc,riemann_ts_logreg,Riemannian TS-LR,brier_score,False,13,0.35165125027597166,0.20046223193413998,0.33325393253220414,0.25286404302618215,0.46119929496909551,0.20833525194291336
openbci,cross_task_arithmetic_to_stroop,Arithmetic to Stroop,direction_specific_26_posthoc,stack_recording,OOF recording-level stacking,accuracy,True,13,0.64102564102564108,0.25318484177091666,0.66666666666666663,0.51282051282051277,0.76923076923076905,0.25641025641025628
openbci,cross_task_arithmetic_to_stroop,Arithmetic to Stroop,direction_specific_26_posthoc,stack_recording,OOF recording-level stacking,balanced_accuracy,True,13,0.59615384615384615,0.2609769613566959,0.5,0.46153846153846156,0.73076923076923073,0.26923076923076916
openbci,cross_task_arithmetic_to_stroop,Arithmetic to Stroop,direction_specific_26_posthoc,stack_recording,OOF recording-level stacking,sensitivity,True,13,0.73076923076923073,0.38812501290309237,1,0.53846153846153844,0.92307692307692313,0.38461538461538469
openbci,cross_task_arithmetic_to_stroop,Arithmetic to Stroop,direction_specific_26_posthoc,stack_recording,OOF recording-level stacking,specificity,True,13,0.46153846153846156,0.51887452166277082,0,0.23076923076923078,0.76923076923076927,0.53846153846153855
openbci,cross_task_arithmetic_to_stroop,Arithmetic to Stroop,direction_specific_26_posthoc,stack_recording,OOF recording-level stacking,precision,True,12,0.75,0.28867513459481292,0.66666666666666663,0.58333333333333337,0.88888888888888884,0.30555555555555547
openbci,cross_task_arithmetic_to_stroop,Arithmetic to Stroop,direction_specific_26_posthoc,stack_recording,OOF recording-level stacking,f1,True,13,0.67692307692307696,0.31838266499217788,0.80000000000000004,0.49230769230769228,0.82564102564102559,0.33333333333333331
openbci,cross_task_arithmetic_to_stroop,Arithmetic to Stroop,direction_specific_26_posthoc,stack_recording,OOF recording-level stacking,auroc,True,13,0.46153846153846156,0.43115824925128815,0.5,0.23076923076923078,0.69230769230769229,0.46153846153846151
openbci,cross_task_arithmetic_to_stroop,Arithmetic to Stroop,direction_specific_26_posthoc,stack_recording,OOF recording-level stacking,pr_auc,True,13,0.71153846153846156,0.25711042225232572,0.79166666666666663,0.57692307692307698,0.84615384615384603,0.26923076923076905
openbci,cross_task_arithmetic_to_stroop,Arithmetic to Stroop,direction_specific_26_posthoc,stack_recording,OOF recording-level stacking,average_precision,True,13,0.78846153846153844,0.18198807136638964,0.83333333333333326,0.69230769230769229,0.8782051282051283,0.18589743589743601
openbci,cross_task_arithmetic_to_stroop,Arithmetic to Stroop,direction_specific_26_posthoc,stack_recording,OOF recording-level stacking,log_loss,False,13,0.82284844370316523,0.43953298016425429,0.71832522409977617,0.60726397730771586,1.0642465803639476,0.45698260305623173
openbci,cross_task_arithmetic_to_stroop,Arithmetic to Stroop,direction_specific_26_posthoc,stack_recording,OOF recording-level stacking,brier_score,False,13,0.25376850133921047,0.11426703730675095,0.25789952683515854,0.19406492849691725,0.31454805222428672,0.12048312372736947
openbci,cross_task_bidirectional,Bidirectional cross-task,complete_settings_39_posthoc,always_fuse,Neural-classical stacking,accuracy,True,13,0.48717948717948717,0.20929266304249367,0.5,0.37179487179487175,0.58974358974358976,0.21794871794871801
openbci,cross_task_bidirectional,Bidirectional cross-task,complete_settings_39_posthoc,always_fuse,Neural-classical stacking,balanced_accuracy,True,13,0.47115384615384615,0.19865331868771036,0.5,0.35576923076923078,0.56730769230769229,0.21153846153846151
openbci,cross_task_bidirectional,Bidirectional cross-task,complete_settings_39_posthoc,always_fuse,Neural-classical stacking,sensitivity,True,13,0.51923076923076927,0.27879088753823889,0.5,0.38461538461538464,0.67307692307692313,0.28846153846153849
openbci,cross_task_bidirectional,Bidirectional cross-task,complete_settings_39_posthoc,always_fuse,Neural-classical stacking,specificity,True,13,0.42307692307692307,0.27735009811261452,0.5,0.26923076923076922,0.57692307692307687,0.30769230769230765
openbci,cross_task_bidirectional,Bidirectional cross-task,complete_settings_39_posthoc,always_fuse,Neural-classical stacking,precision,True,13,0.63205128205128203,0.23731342949286249,0.66666666666666663,0.49743589743589745,0.7435897435897435,0.24615384615384606
openbci,cross_task_bidirectional,Bidirectional cross-task,complete_settings_39_posthoc,always_fuse,Neural-classical stacking,f1,True,13,0.54804639804639799,0.22645037870992679,0.5714285714285714,0.42197802197802192,0.65647130647130625,0.23449328449328433
openbci,cross_task_bidirectional,Bidirectional cross-task,complete_settings_39_posthoc,always_fuse,Neural-classical stacking,auroc,True,13,0.51923076923076927,0.22733827726032479,0.5,0.39423076923076922,0.63461538461538458,0.24038461538461536
openbci,cross_task_bidirectional,Bidirectional cross-task,complete_settings_39_posthoc,always_fuse,Neural-classical stacking,pr_auc,True,13,0.72612179487179496,0.1547488430197603,0.79583333333333339,0.64166666666666672,0.80400641025641018,0.16233974358974346
openbci,cross_task_bidirectional,Bidirectional cross-task,complete_settings_39_posthoc,always_fuse,Neural-classical stacking,average_precision,True,13,0.77179487179487183,0.12137276438506678,0.81666666666666665,0.70833333333333337,0.83173076923076905,0.12339743589743568
openbci,cross_task_bidirectional,Bidirectional cross-task,complete_settings_39_posthoc,always_fuse,Neural-classical stacking,log_loss,False,13,1.5475420328671925,1.8164292151861061,0.77128886533550178,0.75339165298893407,2.6325077143348943,1.8791160613459601
openbci,cross_task_bidirectional,Bidirectional cross-task,complete_settings_39_posthoc,always_fuse,Neural-classical stacking,brier_score,False,13,0.31035252485312176,0.14658554968764353,0.2732756302140828,0.2467596296709946,0.39715722084540406,0.15039759117440946
openbci,cross_task_bidirectional,Bidirectional cross-task,complete_settings_39_posthoc,always_nn,Feature-MLP (neural reference),accuracy,True,13,0.51282051282051277,0.24019223070763068,0.5,0.38461538461538464,0.6282051282051283,0.24358974358974367
openbci,cross_task_bidirectional,Bidirectional cross-task,complete_settings_39_posthoc,always_nn,Feature-MLP (neural reference),balanced_accuracy,True,13,0.49038461538461536,0.20704731281422067,0.5,0.375,0.59615384615384615,0.22115384615384615
openbci,cross_task_bidirectional,Bidirectional cross-task,complete_settings_39_posthoc,always_nn,Feature-MLP (neural reference),sensitivity,True,13,0.55769230769230771,0.35581254067635687,0.5,0.36538461538461536,0.75,0.38461538461538464
openbci,cross_task_bidirectional,Bidirectional cross-task,complete_settings_39_posthoc,always_nn,Feature-MLP (neural reference),specificity,True,13,0.42307692307692307,0.27735009811261452,0.5,0.26923076923076922,0.57692307692307687,0.30769230769230765
openbci,cross_task_bidirectional,Bidirectional cross-task,complete_settings_39_posthoc,always_nn,Feature-MLP (neural reference),precision,True,13,0.60512820512820509,0.29331949268046403,0.66666666666666663,0.43974358974358974,0.74487179487179478,0.30512820512820504
openbci,cross_task_bidirectional,Bidirectional cross-task,complete_settings_39_posthoc,always_nn,Feature-MLP (neural reference),f1,True,13,0.55323565323565316,0.29741782642808207,0.5714285714285714,0.39181929181929182,0.69902472527472526,0.30720543345543344
openbci,cross_task_bidirectional,Bidirectional cross-task,complete_settings_39_posthoc,always_nn,Feature-MLP (neural reference),auroc,True,13,0.5,0.22821773229381923,0.5,0.38461538461538464,0.625,0.24038461538461536
openbci,cross_task_bidirectional,Bidirectional cross-task,complete_settings_39_posthoc,always_nn,Feature-MLP (neural reference),pr_auc,True,13,0.68782051282051282,0.15012255350858286,0.73124999999999996,0.6120192307692307,0.76891426282051278,0.15689503205128208
openbci,cross_task_bidirectional,Bidirectional cross-task,complete_settings_39_posthoc,always_nn,Feature-MLP (neural reference),average_precision,True,13,0.74487179487179478,0.1184530136931579,0.77083333333333326,0.68333333333333346,0.81025641025641015,0.12692307692307669
openbci,cross_task_bidirectional,Bidirectional cross-task,complete_settings_39_posthoc,always_nn,Feature-MLP (neural reference),log_loss,False,13,2.4855013023799413,2.4501125596009019,1.3405371862778335,1.3352720952676138,3.8689561736503024,2.5336840783826888
openbci,cross_task_bidirectional,Bidirectional cross-task,complete_settings_39_posthoc,always_nn,Feature-MLP (neural reference),brier_score,False,13,0.37993810445149678,0.22500694309243999,0.33543884211375863,0.27518478007324115,0.50703761713485129,0.23185283706161014
openbci,cross_task_bidirectional,Bidirectional cross-task,complete_settings_39_posthoc,cbsf,CB-SF,accuracy,True,13,0.52564102564102566,0.25318484177091666,0.5,0.38461538461538464,0.65384615384615385,0.26923076923076922
openbci,cross_task_bidirectional,Bidirectional cross-task,complete_settings_39_posthoc,cbsf,CB-SF,balanced_accuracy,True,13,0.50961538461538458,0.21324342055560921,0.5,0.39423076923076922,0.61538461538461542,0.2211538461538462
openbci,cross_task_bidirectional,Bidirectional cross-task,complete_settings_39_posthoc,cbsf,CB-SF,sensitivity,True,13,0.55769230769230771,0.37016108759461835,0.5,0.36538461538461536,0.75,0.38461538461538464
openbci,cross_task_bidirectional,Bidirectional cross-task,complete_settings_39_posthoc,cbsf,CB-SF,specificity,True,13,0.46153846153846156,0.24677405839641228,0.5,0.34615384615384615,0.57692307692307687,0.23076923076923073
openbci,cross_task_bidirectional,Bidirectional cross-task,complete_settings_39_posthoc,cbsf,CB-SF,precision,True,12,0.59722222222222221,0.28646516291215862,0.66666666666666663,0.42361111111111116,0.7319444444444444,0.30833333333333324
openbci,cross_task_bidirectional,Bidirectional cross-task,complete_settings_39_posthoc,cbsf,CB-SF,f1,True,13,0.54761904761904756,0.33508844438159169,0.5714285714285714,0.36691086691086683,0.71184371184371176,0.34493284493284493
openbci,cross_task_bidirectional,Bidirectional cross-task,complete_settings_39_posthoc,cbsf,CB-SF,auroc,True,13,0.52884615384615385,0.2508000020447389,0.625,0.39423076923076922,0.65384615384615385,0.25961538461538464
openbci,cross_task_bidirectional,Bidirectional cross-task,complete_settings_39_posthoc,cbsf,CB-SF,pr_auc,True,13,0.73477564102564097,0.17075367514283937,0.8354166666666667,0.64246794871794866,0.8205168269230767,0.17804887820512805
openbci,cross_task_bidirectional,Bidirectional cross-task,complete_settings_39_posthoc,cbsf,CB-SF,average_precision,True,13,0.77916666666666656,0.1348975091058503,0.85416666666666663,0.7073717948717948,0.84807692307692295,0.14070512820512815
openbci,cross_task_bidirectional,Bidirectional cross-task,complete_settings_39_posthoc,cbsf,CB-SF,log_loss,False,13,1.5050790218119725,1.7605595261667415,0.77063264013477173,0.73502609869758218,2.5446464565299598,1.8096203578323777
openbci,cross_task_bidirectional,Bidirectional cross-task,complete_settings_39_posthoc,cbsf,CB-SF,brier_score,False,13,0.3059674937175233,0.15425020660341771,0.27147502013549502,0.24042993647208241,0.39874330040153211,0.1583133639294497
openbci,cross_task_bidirectional,Bidirectional cross-task,complete_settings_39_posthoc,dasf_clean,DASF,accuracy,True,13,0.50000000000000011,0.21516574145596762,0.5,0.38461538461538453,0.60256410256410264,0.21794871794871812
openbci,cross_task_bidirectional,Bidirectional cross-task,complete_settings_39_posthoc,dasf_clean,DASF,balanced_accuracy,True,13,0.47115384615384615,0.20510316353559177,0.5,0.35576923076923078,0.56730769230769229,0.21153846153846151
openbci,cross_task_bidirectional,Bidirectional cross-task,complete_settings_39_posthoc,dasf_clean,DASF,sensitivity,True,13,0.55769230769230771,0.29143763901716163,0.5,0.40384615384615385,0.71153846153846156,0.30769230769230771
openbci,cross_task_bidirectional,Bidirectional cross-task,complete_settings_39_posthoc,dasf_clean,DASF,specificity,True,13,0.38461538461538464,0.299572344757639,0.5,0.23076923076923078,0.53846153846153844,0.30769230769230765
openbci,cross_task_bidirectional,Bidirectional cross-task,complete_settings_39_posthoc,dasf_clean,DASF,precision,True,13,0.63333333333333341,0.23950179771999855,0.66666666666666663,0.4974358974358975,0.74615384615384606,0.24871794871794856
openbci,cross_task_bidirectional,Bidirectional cross-task,complete_settings_39_posthoc,dasf_clean,DASF,f1,True,13,0.56910866910866897,0.2351157181775877,0.5714285714285714,0.43734890109890107,0.6833943833943833,0.24604548229548223
openbci,cross_task_bidirectional,Bidirectional cross-task,complete_settings_39_posthoc,dasf_clean,DASF,auroc,True,13,0.52884615384615385,0.22909381126292858,0.625,0.40384615384615385,0.64423076923076927,0.24038461538461542
openbci,cross_task_bidirectional,Bidirectional cross-task,complete_settings_39_posthoc,dasf_clean,DASF,pr_auc,True,13,0.72147435897435896,0.1543340509665618,0.76666666666666661,0.63846153846153852,0.80000000000000004,0.16153846153846152
openbci,cross_task_bidirectional,Bidirectional cross-task,complete_settings_39_posthoc,dasf_clean,DASF,average_precision,True,13,0.76923076923076927,0.12165118886446097,0.8041666666666667,0.7051201923076923,0.8307692307692307,0.12564903846153841
openbci,cross_task_bidirectional,Bidirectional cross-task,complete_settings_39_posthoc,dasf_clean,DASF,log_loss,False,13,2.2548619345439866,2.1828616255896982,1.401025590099847,1.2221013853514739,3.5053855148444302,2.283284129492956
openbci,cross_task_bidirectional,Bidirectional cross-task,complete_settings_39_posthoc,dasf_clean,DASF,brier_score,False,13,0.33109350379045366,0.14305394110564096,0.30215594500054577,0.26673108321306571,0.41485864964605151,0.1481275664329858
openbci,cross_task_bidirectional,Bidirectional cross-task,complete_settings_39_posthoc,eeg_conformer,EEG-Conformer,accuracy,True,13,0.58974358974358976,0.11003754862892079,0.5,0.53846153846153844,0.65384615384615385,0.11538461538461542
openbci,cross_task_bidirectional,Bidirectional cross-task,complete_settings_39_posthoc,eeg_conformer,EEG-Conformer,balanced_accuracy,True,13,0.55769230769230771,0.097031253225773106,0.5,0.50961538461538458,0.61538461538461542,0.10576923076923084
openbci,cross_task_bidirectional,Bidirectional cross-task,complete_settings_39_posthoc,eeg_conformer,EEG-Conformer,sensitivity,True,13,0.65384615384615385,0.2609769613566959,0.5,0.51923076923076927,0.78846153846153844,0.26923076923076916
openbci,cross_task_bidirectional,Bidirectional cross-task,complete_settings_39_posthoc,eeg_conformer,EEG-Conformer,specificity,True,13,0.46153846153846156,0.32025630761017426,0.5,0.30769230769230771,0.61538461538461542,0.30769230769230771
openbci,cross_task_bidirectional,Bidirectional cross-task,complete_settings_39_posthoc,eeg_conformer,EEG-Conformer,precision,True,13,0.73461538461538467,0.12480754415067656,0.66666666666666663,0.67692307692307696,0.8076923076923076,0.13076923076923064
openbci,cross_task_bidirectional,Bidirectional cross-task,complete_settings_39_posthoc,eeg_conformer,EEG-Conformer,f1,True,13,0.65647130647130658,0.1395952732730362,0.5714285714285714,0.58223443223443228,0.72881715506715505,0.14658272283272278
openbci,cross_task_bidirectional,Bidirectional cross-task,complete_settings_39_posthoc,eeg_conformer,EEG-Conformer,auroc,True,13,0.58653846153846156,0.25199524313784688,0.625,0.45192307692307693,0.71153846153846156,0.25961538461538464
openbci,cross_task_bidirectional,Bidirectional cross-task,complete_settings_39_posthoc,eeg_conformer,EEG-Conformer,pr_auc,True,13,0.75016025641025641,0.16949096058307425,0.79583333333333339,0.65672676282051279,0.8339743589743589,0.17724759615384611
openbci,cross_task_bidirectional,Bidirectional cross-task,complete_settings_39_posthoc,eeg_conformer,EEG-Conformer,average_precision,True,13,0.79391025641025637,0.13383818683922108,0.81666666666666665,0.72115384615384626,0.86217948717948711,0.14102564102564086
openbci,cross_task_bidirectional,Bidirectional cross-task,complete_settings_39_posthoc,eeg_conformer,EEG-Conformer,log_loss,False,13,0.97484952736282737,0.44278418127679653,0.80028382933606268,0.77359596017252008,1.227339623009525,0.45374366283700496
openbci,cross_task_bidirectional,Bidirectional cross-task,complete_settings_39_posthoc,eeg_conformer,EEG-Conformer,brier_score,False,13,0.29262238499633847,0.087324245417179244,0.25747153399586981,0.2516744145617672,0.34137285218614966,0.089698437624382454
openbci,cross_task_bidirectional,Bidirectional cross-task,complete_settings_39_posthoc,eegnet,EEGNet,accuracy,True,13,0.60256410256410264,0.12799127463138407,0.66666666666666663,0.53846153846153844,0.66666666666666674,0.1282051282051283
openbci,cross_task_bidirectional,Bidirectional cross-task,complete_settings_39_posthoc,eegnet,EEGNet,balanced_accuracy,True,13,0.50961538461538458,0.080064076902543579,0.5,0.47115384615384615,0.55769230769230771,0.086538461538461564
openbci,cross_task_bidirectional,Bidirectional cross-task,complete_settings_39_posthoc,eegnet,EEGNet,sensitivity,True,13,0.78846153846153844,0.32025630761017421,1,0.61538461538461542,0.94230769230769229,0.32692307692307687
openbci,cross_task_bidirectional,Bidirectional cross-task,complete_settings_39_posthoc,eegnet,EEGNet,specificity,True,13,0.23076923076923078,0.33011264588676242,0,0.076923076923076927,0.42307692307692307,0.34615384615384615
openbci,cross_task_bidirectional,Bidirectional cross-task,complete_settings_39_posthoc,eegnet,EEGNet,precision,True,12,0.67222222222222239,0.044570528228101439,0.66666666666666663,0.65000000000000002,0.70000000000000007,0.050000000000000044
openbci,cross_task_bidirectional,Bidirectional cross-task,complete_settings_39_posthoc,eegnet,EEGNet,f1,True,13,0.68229548229548231,0.23135598668115681,0.80000000000000004,0.54501831501831499,0.78192918192918193,0.23691086691086694
openbci,cross_task_bidirectional,Bidirectional cross-task,complete_settings_39_posthoc,eegnet,EEGNet,auroc,True,13,0.47115384615384615,0.22909381126292858,0.375,0.36538461538461536,0.59615384615384615,0.23076923076923078
openbci,cross_task_bidirectional,Bidirectional cross-task,complete_settings_39_posthoc,eegnet,EEGNet,pr_auc,True,13,0.69439102564102562,0.15735347529018046,0.69166666666666665,0.61393830128205118,0.77676282051282053,0.16282451923076935
openbci,cross_task_bidirectional,Bidirectional cross-task,complete_settings_39_posthoc,eegnet,EEGNet,average_precision,True,13,0.74775641025640993,0.1214854932542362,0.73333333333333328,0.6858974358974359,0.81282051282051271,0.12692307692307681
openbci,cross_task_bidirectional,Bidirectional cross-task,complete_settings_39_posthoc,eegnet,EEGNet,log_loss,False,13,0.89696048992577826,0.46542095981900117,0.68537930521026935,0.67919797778047153,1.1653183397538951,0.48612036197342356
openbci,cross_task_bidirectional,Bidirectional cross-task,complete_settings_39_posthoc,eegnet,EEGNet,brier_score,False,13,0.27639168708118589,0.10469078461669785,0.24458641842025605,0.22812238480445182,0.33672334866951176,0.10860096386505994
openbci,cross_task_bidirectional,Bidirectional cross-task,complete_settings_39_posthoc,equal_blend_050,Equal blend (50%),accuracy,True,13,0.51282051282051277,0.24019223070763068,0.66666666666666663,0.38461538461538453,0.6282051282051283,0.24358974358974378
openbci,cross_task_bidirectional,Bidirectional cross-task,complete_settings_39_posthoc,equal_blend_050,Equal blend (50%),balanced_accuracy,True,13,0.5,0.19764235376052372,0.5,0.39423076923076922,0.59615384615384615,0.20192307692307693
openbci,cross_task_bidirectional,Bidirectional cross-task,complete_settings_39_posthoc,equal_blend_050,Equal blend (50%),sensitivity,True,13,0.53846153846153844,0.36580609968137839,0.75,0.34615384615384615,0.73076923076923073,0.38461538461538458
openbci,cross_task_bidirectional,Bidirectional cross-task,complete_settings_39_posthoc,equal_blend_050,Equal blend (50%),specificity,True,13,0.46153846153846156,0.24677405839641228,0.5,0.34615384615384615,0.57692307692307687,0.23076923076923073
openbci,cross_task_bidirectional,Bidirectional cross-task,complete_settings_39_posthoc,equal_blend_050,Equal blend (50%),precision,True,12,0.58750000000000002,0.28507707623367301,0.70833333333333326,0.41805555555555557,0.72222222222222221,0.30416666666666664
openbci,cross_task_bidirectional,Bidirectional cross-task,complete_settings_39_posthoc,equal_blend_050,Equal blend (50%),f1,True,13,0.53192918192918193,0.33272402011639679,0.75,0.34816849816849815,0.69688644688644696,0.34871794871794881
openbci,cross_task_bidirectional,Bidirectional cross-task,complete_settings_39_posthoc,equal_blend_050,Equal blend (50%),auroc,True,13,0.54807692307692313,0.27261494870313008,0.625,0.40384615384615385,0.69230769230769229,0.28846153846153844
openbci,cross_task_bidirectional,Bidirectional cross-task,complete_settings_39_posthoc,equal_blend_050,Equal blend (50%),pr_auc,True,13,0.74471153846153837,0.18149053201820395,0.8354166666666667,0.64855769230769222,0.83846153846153848,0.18990384615384626
openbci,cross_task_bidirectional,Bidirectional cross-task,complete_settings_39_posthoc,equal_blend_050,Equal blend (50%),average_precision,True,13,0.78782051282051269,0.14441233822997407,0.85416666666666663,0.71185897435897438,0.86057692307692291,0.14871794871794852
openbci,cross_task_bidirectional,Bidirectional cross-task,complete_settings_39_posthoc,equal_blend_050,Equal blend (50%),log_loss,False,13,1.53398511933804,1.8081114230021207,0.75750216033098494,0.74205254502742002,2.6172981351331202,1.8752455901057001
openbci,cross_task_bidirectional,Bidirectional cross-task,complete_settings_39_posthoc,equal_blend_050,Equal blend (50%),brier_score,False,13,0.31754244018459798,0.16690136227115621,0.25900838490009209,0.24554757915354913,0.41332899447904037,0.16778141532549123
openbci,cross_task_bidirectional,Bidirectional cross-task,complete_settings_39_posthoc,extra_trees,Extra Trees,accuracy,True,13,0.52564102564102566,0.2135042050734495,0.5,0.39743589743589747,0.6282051282051283,0.23076923076923084
openbci,cross_task_bidirectional,Bidirectional cross-task,complete_settings_39_posthoc,extra_trees,Extra Trees,balanced_accuracy,True,13,0.48076923076923078,0.17563985588231101,0.5,0.38461538461538464,0.56730769230769229,0.18269230769230765
openbci,cross_task_bidirectional,Bidirectional cross-task,complete_settings_39_posthoc,extra_trees,Extra Trees,sensitivity,True,13,0.61538461538461542,0.36250552604099207,0.5,0.42307692307692307,0.80769230769230771,0.38461538461538464
openbci,cross_task_bidirectional,Bidirectional cross-task,complete_settings_39_posthoc,extra_trees,Extra Trees,specificity,True,13,0.34615384615384615,0.31521258597805762,0.5,0.19230769230769232,0.5,0.30769230769230771
openbci,cross_task_bidirectional,Bidirectional cross-task,complete_settings_39_posthoc,extra_trees,Extra Trees,precision,True,13,0.63205128205128203,0.22735002570493407,0.66666666666666663,0.5,0.73461538461538467,0.23461538461538467
openbci,cross_task_bidirectional,Bidirectional cross-task,complete_settings_39_posthoc,extra_trees,Extra Trees,f1,True,13,0.58614163614163606,0.25950775304775181,0.5714285714285714,0.44249084249084242,0.71306623931623936,0.27057539682539694
openbci,cross_task_bidirectional,Bidirectional cross-task,complete_settings_39_posthoc,extra_trees,Extra Trees,auroc,True,13,0.49038461538461536,0.2364094394835432,0.625,0.36538461538461536,0.60576923076923073,0.24038461538461536
openbci,cross_task_bidirectional,Bidirectional cross-task,complete_settings_39_posthoc,extra_trees,Extra Trees,pr_auc,True,13,0.68798076923076934,0.15907664031176133,0.76666666666666661,0.60239583333333346,0.77020432692307672,0.16780849358974326
openbci,cross_task_bidirectional,Bidirectional cross-task,complete_settings_39_posthoc,extra_trees,Extra Trees,average_precision,True,13,0.74391025641025632,0.12458978272761359,0.8041666666666667,0.67692307692307696,0.80801282051282053,0.13108974358974357
openbci,cross_task_bidirectional,Bidirectional cross-task,complete_settings_39_posthoc,extra_trees,Extra Trees,log_loss,False,13,1.0890290869487789,0.53280716812240025,0.87865867489067784,0.81939989257069556,1.3670701927487903,0.5476703001780947
openbci,cross_task_bidirectional,Bidirectional cross-task,complete_settings_39_posthoc,extra_trees,Extra Trees,brier_score,False,13,0.32235978823059874,0.12554999243940307,0.25816976609155501,0.2645558071592064,0.39530284913721003,0.13074704197800363
openbci,cross_task_bidirectional,Bidirectional cross-task,complete_settings_39_posthoc,fixed_blend_010,Fixed blend (10%),accuracy,True,13,0.52564102564102566,0.24387073312091895,0.5,0.39743589743589741,0.64102564102564108,0.24358974358974367
openbci,cross_task_bidirectional,Bidirectional cross-task,complete_settings_39_posthoc,fixed_blend_010,Fixed blend (10%),balanced_accuracy,True,13,0.50961538461538458,0.20704731281422067,0.5,0.39423076923076922,0.60576923076923073,0.21153846153846151
openbci,cross_task_bidirectional,Bidirectional cross-task,complete_settings_39_posthoc,fixed_blend_010,Fixed blend (10%),sensitivity,True,13,0.55769230769230771,0.35581254067635687,0.5,0.36538461538461536,0.73076923076923073,0.36538461538461536
openbci,cross_task_bidirectional,Bidirectional cross-task,complete_settings_39_posthoc,fixed_blend_010,Fixed blend (10%),specificity,True,13,0.46153846153846156,0.24677405839641228,0.5,0.34615384615384615,0.57692307692307687,0.23076923076923073
openbci,cross_task_bidirectional,Bidirectional cross-task,complete_settings_39_posthoc,fixed_blend_010,Fixed blend (10%),precision,True,13,0.6166666666666667,0.29603866113886018,0.66666666666666663,0.44871794871794879,0.75512820512820511,0.30641025641025632
openbci,cross_task_bidirectional,Bidirectional cross-task,complete_settings_39_posthoc,fixed_blend_010,Fixed blend (10%),f1,True,13,0.55964590964590966,0.30094348681021521,0.5714285714285714,0.39713064713064711,0.70628815628815622,0.30915750915750911
openbci,cross_task_bidirectional,Bidirectional cross-task,complete_settings_39_posthoc,fixed_blend_010,Fixed blend (10%),auroc,True,13,0.50961538461538458,0.25239239900782096,0.5,0.375,0.63461538461538458,0.25961538461538458
openbci,cross_task_bidirectional,Bidirectional cross-task,complete_settings_39_posthoc,fixed_blend_010,Fixed blend (10%),pr_auc,True,13,0.70560897435897429,0.16656981694586484,0.69166666666666665,0.61987179487179489,0.79278846153846161,0.17291666666666672
openbci,cross_task_bidirectional,Bidirectional cross-task,complete_settings_39_posthoc,fixed_blend_010,Fixed blend (10%),average_precision,True,13,0.75801282051282048,0.13154685937272015,0.73333333333333328,0.69006410256410255,0.82532852564102543,0.13526442307692288
openbci,cross_task_bidirectional,Bidirectional cross-task,complete_settings_39_posthoc,fixed_blend_010,Fixed blend (10%),log_loss,False,13,1.7134321902572816,1.9715134877632479,0.94401597509511281,0.85231187343679193,2.8896301129284394,2.0373182394916474
openbci,cross_task_bidirectional,Bidirectional cross-task,complete_settings_39_posthoc,fixed_blend_010,Fixed blend (10%),brier_score,False,13,0.34795082412614248,0.20081691645165864,0.29357672696859005,0.25628188784445449,0.46572348399614605,0.20944159615169156
openbci,cross_task_bidirectional,Bidirectional cross-task,complete_settings_39_posthoc,fixed_blend_025,Fixed blend (25%),accuracy,True,13,0.53846153846153844,0.24677405839641228,0.66666666666666663,0.39743589743589747,0.65384615384615385,0.25641025641025639
openbci,cross_task_bidirectional,Bidirectional cross-task,complete_settings_39_posthoc,fixed_blend_025,Fixed blend (25%),balanced_accuracy,True,13,0.51923076923076927,0.20945212414223044,0.625,0.39423076923076922,0.61538461538461542,0.2211538461538462
openbci,cross_task_bidirectional,Bidirectional cross-task,complete_settings_39_posthoc,fixed_blend_025,Fixed blend (25%),sensitivity,True,13,0.57692307692307687,0.35917462362534786,0.75,0.38461538461538464,0.75,0.36538461538461536
openbci,cross_task_bidirectional,Bidirectional cross-task,complete_settings_39_posthoc,fixed_blend_025,Fixed blend (25%),specificity,True,13,0.46153846153846156,0.24677405839641228,0.5,0.34615384615384615,0.57692307692307687,0.23076923076923073
openbci,cross_task_bidirectional,Bidirectional cross-task,complete_settings_39_posthoc,fixed_blend_025,Fixed blend (25%),precision,True,13,0.62307692307692319,0.29810656042348577,0.75,0.45256410256410262,0.76282051282051266,0.31025641025641004
openbci,cross_task_bidirectional,Bidirectional cross-task,complete_settings_39_posthoc,fixed_blend_025,Fixed blend (25%),f1,True,13,0.57338217338217323,0.30556596824568999,0.75,0.40658577533577528,0.72295787545787538,0.3163721001221001
openbci,cross_task_bidirectional,Bidirectional cross-task,complete_settings_39_posthoc,fixed_blend_025,Fixed blend (25%),auroc,True,13,0.51923076923076927,0.25436887710768713,0.5,0.38461538461538464,0.65384615384615385,0.26923076923076922
openbci,cross_task_bidirectional,Bidirectional cross-task,complete_settings_39_posthoc,fixed_blend_025,Fixed blend (25%),pr_auc,True,13,0.72003205128205117,0.16278362548202208,0.73124999999999996,0.63541666666666674,0.80401041666666662,0.16859374999999988
openbci,cross_task_bidirectional,Bidirectional cross-task,complete_settings_39_posthoc,fixed_blend_025,Fixed blend (25%),average_precision,True,13,0.76762820512820507,0.1298609682800074,0.77083333333333326,0.7003125,0.83525641025641018,0.13494391025641017
openbci,cross_task_bidirectional,Bidirectional cross-task,complete_settings_39_posthoc,fixed_blend_025,Fixed blend (25%),log_loss,False,13,1.6057515094206174,1.8821817309378992,0.82932091980440881,0.7805417201896,2.7314451498689318,1.9509034296793319
openbci,cross_task_bidirectional,Bidirectional cross-task,complete_settings_39_posthoc,fixed_blend_025,Fixed blend (25%),brier_score,False,13,0.33157128956992998,0.18485472021871502,0.28081273380759381,0.24989502320861118,0.44213387520776709,0.19223885199915591
openbci,cross_task_bidirectional,Bidirectional cross-task,complete_settings_39_posthoc,rf,Random forest,accuracy,True,13,0.49999999999999994,0.20412414523193151,0.5,0.38461538461538464,0.60256410256410253,0.2179487179487179
openbci,cross_task_bidirectional,Bidirectional cross-task,complete_settings_39_posthoc,rf,Random forest,balanced_accuracy,True,13,0.46153846153846156,0.18669699845141921,0.5,0.35576923076923078,0.54807692307692313,0.19230769230769235
openbci,cross_task_bidirectional,Bidirectional cross-task,complete_settings_39_posthoc,rf,Random forest,sensitivity,True,13,0.57692307692307687,0.31266021533992816,0.5,0.40384615384615385,0.73076923076923073,0.32692307692307687
openbci,cross_task_bidirectional,Bidirectional cross-task,complete_settings_39_posthoc,rf,Random forest,specificity,True,13,0.34615384615384615,0.31521258597805757,0.5,0.19230769230769232,0.5,0.30769230769230771
openbci,cross_task_bidirectional,Bidirectional cross-task,complete_settings_39_posthoc,rf,Random forest,precision,True,13,0.62692307692307692,0.22725602114201318,0.66666666666666663,0.49487179487179483,0.73461538461538456,0.23974358974358972
openbci,cross_task_bidirectional,Bidirectional cross-task,complete_settings_39_posthoc,rf,Random forest,f1,True,13,0.57112332112332109,0.23521930161432197,0.5714285714285714,0.43943223443223439,0.68675671550671546,0.24732448107448107
openbci,cross_task_bidirectional,Bidirectional cross-task,complete_settings_39_posthoc,rf,Random forest,auroc,True,13,0.48076923076923078,0.18988863132818751,0.5,0.375,0.57692307692307687,0.20192307692307687
openbci,cross_task_bidirectional,Bidirectional cross-task,complete_settings_39_posthoc,rf,Random forest,pr_auc,True,13,0.70480769230769247,0.13782155324095463,0.73124999999999996,0.63205128205128203,0.77163461538461542,0.13958333333333339
openbci,cross_task_bidirectional,Bidirectional cross-task,complete_settings_39_posthoc,rf,Random forest,average_precision,True,13,0.75416666666666654,0.10655593210453684,0.77083333333333326,0.69550480769230771,0.8076923076923076,0.11218749999999988
openbci,cross_task_bidirectional,Bidirectional cross-task,complete_settings_39_posthoc,rf,Random forest,log_loss,False,13,1.5053419428920602,1.0533553433505713,0.98022798538501477,1.0073420044689358,2.0812320928330932,1.0738900883641573
openbci,cross_task_bidirectional,Bidirectional cross-task,complete_settings_39_posthoc,rf,Random forest,brier_score,False,13,0.35226519372317472,0.15970460439710088,0.29784551493825778,0.27815554655072278,0.44147411220232335,0.16331856565160058
openbci,cross_task_bidirectional,Bidirectional cross-task,complete_settings_39_posthoc,riemann_mdm,Riemannian MDM,accuracy,True,13,0.60256410256410253,0.16012815380508716,0.66666666666666663,0.52564102564102555,0.67948717948717952,0.15384615384615397
openbci,cross_task_bidirectional,Bidirectional cross-task,complete_settings_39_posthoc,riemann_mdm,Riemannian MDM,balanced_accuracy,True,13,0.52884615384615385,0.14571881950858084,0.5,0.45192307692307693,0.60576923076923073,0.1538461538461538
openbci,cross_task_bidirectional,Bidirectional cross-task,complete_settings_39_posthoc,riemann_mdm,Riemannian MDM,sensitivity,True,13,0.75,0.28867513459481287,0.75,0.59615384615384615,0.90384615384615385,0.30769230769230771
openbci,cross_task_bidirectional,Bidirectional cross-task,complete_settings_39_posthoc,riemann_mdm,Riemannian MDM,specificity,True,13,0.30769230769230771,0.32522181779399545,0.5,0.15384615384615385,0.5,0.34615384615384615
openbci,cross_task_bidirectional,Bidirectional cross-task,complete_settings_39_posthoc,riemann_mdm,Riemannian MDM,precision,True,13,0.68333333333333346,0.13368010461684407,0.66666666666666663,0.61666666666666659,0.7564102564102565,0.13974358974358991
openbci,cross_task_bidirectional,Bidirectional cross-task,complete_settings_39_posthoc,riemann_mdm,Riemannian MDM,f1,True,13,0.68968253968253967,0.18285399670279917,0.75,0.58846153846153837,0.77606837606837609,0.18760683760683772
openbci,cross_task_bidirectional,Bidirectional cross-task,complete_settings_39_posthoc,riemann_mdm,Riemannian MDM,auroc,True,13,0.51923076923076927,0.13352350220476408,0.5,0.45192307692307693,0.59615384615384615,0.14423076923076922
openbci,cross_task_bidirectional,Bidirectional cross-task,complete_settings_39_posthoc,riemann_mdm,Riemannian MDM,pr_auc,True,13,0.69374999999999987,0.12452746331781746,0.73124999999999996,0.62900641025641035,0.7591426282051279,0.13013621794871755
openbci,cross_task_bidirectional,Bidirectional cross-task,complete_settings_39_posthoc,riemann_mdm,Riemannian MDM,average_precision,True,13,0.75192307692307692,0.089310232693782979,0.77083333333333326,0.70673076923076927,0.79935897435897441,0.092628205128205132
openbci,cross_task_bidirectional,Bidirectional cross-task,complete_settings_39_posthoc,riemann_mdm,Riemannian MDM,log_loss,False,13,1.6431962149684538,1.7888446457582015,0.85845750862360382,0.92693568980096985,2.7380938575565028,1.8111581677555328
openbci,cross_task_bidirectional,Bidirectional cross-task,complete_settings_39_posthoc,riemann_mdm,Riemannian MDM,brier_score,False,13,0.30116009661875209,0.087795842142666711,0.29025497270617628,0.25710175102497512,0.34793782354091668,0.090836072515941557
openbci,cross_task_bidirectional,Bidirectional cross-task,complete_settings_39_posthoc,riemann_ts_logreg,Riemannian TS-LR,accuracy,True,13,0.51282051282051289,0.18586059169215927,0.5,0.41025641025641024,0.60256410256410264,0.1923076923076924
openbci,cross_task_bidirectional,Bidirectional cross-task,complete_settings_39_posthoc,riemann_ts_logreg,Riemannian TS-LR,balanced_accuracy,True,13,0.46153846153846156,0.16444837862006798,0.5,0.36538461538461536,0.53846153846153844,0.17307692307692307
openbci,cross_task_bidirectional,Bidirectional cross-task,complete_settings_39_posthoc,riemann_ts_logreg,Riemannian TS-LR,sensitivity,True,13,0.61538461538461542,0.28165035607455408,0.5,0.480288461538462,0.76923076923076927,0.28894230769230728
openbci,cross_task_bidirectional,Bidirectional cross-task,complete_settings_39_posthoc,riemann_ts_logreg,Riemannian TS-LR,specificity,True,13,0.30769230769230771,0.25318484177091666,0.5,0.19230769230769232,0.42307692307692307,0.23076923076923075
openbci,cross_task_bidirectional,Bidirectional cross-task,complete_settings_39_posthoc,riemann_ts_logreg,Riemannian TS-LR,precision,True,13,0.62179487179487181,0.14278717252672468,0.66666666666666663,0.54487179487179482,0.68589743589743601,0.14102564102564119
openbci,cross_task_bidirectional,Bidirectional cross-task,complete_settings_39_posthoc,riemann_ts_logreg,Riemannian TS-LR,f1,True,13,0.60311355311355297,0.19564027637325465,0.5714285714285714,0.49560439560439556,0.69981684981684988,0.20421245421245432
openbci,cross_task_bidirectional,Bidirectional cross-task,complete_settings_39_posthoc,riemann_ts_logreg,Riemannian TS-LR,auroc,True,13,0.59615384615384615,0.2609769613566959,0.625,0.45192307692307693,0.72115384615384615,0.26923076923076922
openbci,cross_task_bidirectional,Bidirectional cross-task,complete_settings_39_posthoc,riemann_ts_logreg,Riemannian TS-LR,pr_auc,True,13,0.763301282051282,0.16292576536989942,0.76666666666666661,0.67403445512820503,0.84358974358974359,0.16955528846153856
openbci,cross_task_bidirectional,Bidirectional cross-task,complete_settings_39_posthoc,riemann_ts_logreg,Riemannian TS-LR,average_precision,True,13,0.8025641025641026,0.13186626113684585,0.8041666666666667,0.73076923076923095,0.86730769230769222,0.13653846153846128
openbci,cross_task_bidirectional,Bidirectional cross-task,complete_settings_39_posthoc,riemann_ts_logreg,Riemannian TS-LR,log_loss,False,13,1.4402978920811287,0.75654332526637247,1.4601437428226764,1.0645868560302936,1.8626536686140471,0.79806681258375356
openbci,cross_task_bidirectional,Bidirectional cross-task,complete_settings_39_posthoc,riemann_ts_logreg,Riemannian TS-LR,brier_score,False,13,0.34386488914428498,0.14955791356331588,0.29744872156427377,0.26797828197497636,0.42445929749879252,0.15648101552381616
openbci,cross_task_bidirectional,Bidirectional cross-task,complete_settings_39_posthoc,stack_recording,OOF recording-level stacking,accuracy,True,13,0.51282051282051289,0.14371941641709604,0.5,0.43589743589743585,0.57724358974358514,0.14134615384614929
openbci,cross_task_bidirectional,Bidirectional cross-task,complete_settings_39_posthoc,stack_recording,OOF recording-level stacking,balanced_accuracy,True,13,0.52884615384615385,0.15439605249371186,0.5,0.45192307692307693,0.61538461538461542,0.16346153846153849
openbci,cross_task_bidirectional,Bidirectional cross-task,complete_settings_39_posthoc,stack_recording,OOF recording-level stacking,sensitivity,True,13,0.48076923076923078,0.18988863132818751,0.5,0.36538461538461536,0.57692307692307687,0.21153846153846151
openbci,cross_task_bidirectional,Bidirectional cross-task,complete_settings_39_posthoc,stack_recording,OOF recording-level stacking,specificity,True,13,0.57692307692307687,0.27735009811261457,0.5,0.42307692307692307,0.73076923076923073,0.30769230769230765
openbci,cross_task_bidirectional,Bidirectional cross-task,complete_settings_39_posthoc,stack_recording,OOF recording-level stacking,precision,True,13,0.68076923076923079,0.26050575399259007,0.66666666666666663,0.53586538461538458,0.80769230769230771,0.27182692307692313
openbci,cross_task_bidirectional,Bidirectional cross-task,complete_settings_39_posthoc,stack_recording,OOF recording-level stacking,f1,True,13,0.55219780219780223,0.19291215543635326,0.5714285714285714,0.43864468864468864,0.63644688644688641,0.19780219780219777
openbci,cross_task_bidirectional,Bidirectional cross-task,complete_settings_39_posthoc,stack_recording,OOF recording-level stacking,auroc,True,13,0.51923076923076927,0.20945212414223044,0.5,0.41346153846153844,0.63461538461538458,0.22115384615384615
openbci,cross_task_bidirectional,Bidirectional cross-task,complete_settings_39_posthoc,stack_recording,OOF recording-level stacking,pr_auc,True,13,0.69599358974358971,0.16328704864872248,0.73124999999999996,0.61137820512820518,0.78013221153846168,0.16875400641025651
openbci,cross_task_bidirectional,Bidirectional cross-task,complete_settings_39_posthoc,stack_recording,OOF recording-level stacking,average_precision,True,13,0.75480769230769229,0.1226143428214133,0.77083333333333326,0.69262820512820511,0.81826923076923075,0.12564102564102564
openbci,cross_task_bidirectional,Bidirectional cross-task,complete_settings_39_posthoc,stack_recording,OOF recording-level stacking,log_loss,False,13,1.4028532864363217,0.92672033222095462,1.1913594402692917,0.96681329806817973,1.9290269873169812,0.96221368924880146
openbci,cross_task_bidirectional,Bidirectional cross-task,complete_settings_39_posthoc,stack_recording,OOF recording-level stacking,brier_score,False,13,0.33471016701410766,0.11712120746800135,0.30473305617800728,0.27498676396047467,0.39703027407476538,0.12204351011429071
openbci,cross_task_stroop_to_arithmetic,Stroop to Arithmetic,direction_specific_26_posthoc,always_fuse,Neural-classical stacking,accuracy,True,13,0.41025641025641019,0.30893623199876608,0.33333333333333331,0.25641025641025639,0.5641025641025641,0.30769230769230771
openbci,cross_task_stroop_to_arithmetic,Stroop to Arithmetic,direction_specific_26_posthoc,always_fuse,Neural-classical stacking,balanced_accuracy,True,13,0.46153846153846156,0.30355796134747626,0.5,0.30769230769230771,0.61538461538461542,0.30769230769230771
openbci,cross_task_stroop_to_arithmetic,Stroop to Arithmetic,direction_specific_26_posthoc,always_fuse,Neural-classical stacking,sensitivity,True,13,0.30769230769230771,0.43485924631145201,0,0.076923076923076927,0.53846153846153844,0.46153846153846151
openbci,cross_task_stroop_to_arithmetic,Stroop to Arithmetic,direction_specific_26_posthoc,always_fuse,Neural-classical stacking,specificity,True,13,0.61538461538461542,0.50636968354183332,1,0.38461538461538464,0.84615384615384615,0.46153846153846151
openbci,cross_task_stroop_to_arithmetic,Stroop to Arithmetic,direction_specific_26_posthoc,always_fuse,Neural-classical stacking,precision,True,8,0.54166666666666663,0.46929531772445293,0.66666666666666663,0.20833333333333331,0.83333333333333326,0.625
openbci,cross_task_stroop_to_arithmetic,Stroop to Arithmetic,direction_specific_26_posthoc,always_fuse,Neural-classical stacking,f1,True,13,0.30256410256410254,0.4060791608791135,0,0.11282051282051284,0.52307692307692311,0.41025641025641024
openbci,cross_task_stroop_to_arithmetic,Stroop to Arithmetic,direction_specific_26_posthoc,always_fuse,Neural-classical stacking,auroc,True,13,0.5,0.40824829046386302,0.5,0.26923076923076922,0.73076923076923073,0.46153846153846151
openbci,cross_task_stroop_to_arithmetic,Stroop to Arithmetic,direction_specific_26_posthoc,always_fuse,Neural-classical stacking,pr_auc,True,13,0.7403846153846152,0.2418544805117113,0.79166666666666663,0.60576923076923084,0.86217948717948711,0.25641025641025628
openbci,cross_task_stroop_to_arithmetic,Stroop to Arithmetic,direction_specific_26_posthoc,always_fuse,Neural-classical stacking,average_precision,True,13,0.80769230769230782,0.17140694816821717,0.83333333333333326,0.71794871794871784,0.89743589743589758,0.17948717948717974
openbci,cross_task_stroop_to_arithmetic,Stroop to Arithmetic,direction_specific_26_posthoc,always_fuse,Neural-classical stacking,log_loss,False,13,2.1658385785219698,3.5868564198219839,0.7361306409499182,0.65751356325675059,4.329116784732693,3.6716032214759426
openbci,cross_task_stroop_to_arithmetic,Stroop to Arithmetic,direction_specific_26_posthoc,always_fuse,Neural-classical stacking,brier_score,False,13,0.3436433490688795,0.23966169275153362,0.26944957179874879,0.23649913761892599,0.48279566245185318,0.24629652483292719
openbci,cross_task_stroop_to_arithmetic,Stroop to Arithmetic,direction_specific_26_posthoc,always_nn,Feature-MLP (neural reference),accuracy,True,13,0.51282051282051277,0.2587500086020616,0.66666666666666663,0.38461538461538453,0.64102564102564108,0.25641025641025655
openbci,cross_task_stroop_to_arithmetic,Stroop to Arithmetic,direction_specific_26_posthoc,always_nn,Feature-MLP (neural reference),balanced_accuracy,True,13,0.5,0.25,0.5,0.36538461538461536,0.63461538461538458,0.26923076923076922
openbci,cross_task_stroop_to_arithmetic,Stroop to Arithmetic,direction_specific_26_posthoc,always_nn,Feature-MLP (neural reference),sensitivity,True,13,0.53846153846153844,0.43115824925128815,0.5,0.30769230769230771,0.76923076923076927,0.46153846153846156
openbci,cross_task_stroop_to_arithmetic,Stroop to Arithmetic,direction_specific_26_posthoc,always_nn,Feature-MLP (neural reference),specificity,True,13,0.46153846153846156,0.51887452166277082,0,0.23076923076923078,0.76923076923076927,0.53846153846153855
openbci,cross_task_stroop_to_arithmetic,Stroop to Arithmetic,direction_specific_26_posthoc,always_nn,Feature-MLP (neural reference),precision,True,10,0.66666666666666674,0.3042903097250923,0.66666666666666663,0.48333333333333328,0.83333333333333326,0.34999999999999998
openbci,cross_task_stroop_to_arithmetic,Stroop to Arithmetic,direction_specific_26_posthoc,always_nn,Feature-MLP (neural reference),f1,True,13,0.50256410256410255,0.37254419038440767,0.66666666666666663,0.30256410256410249,0.68974358974358974,0.38717948717948725
openbci,cross_task_stroop_to_arithmetic,Stroop to Arithmetic,direction_specific_26_posthoc,always_nn,Feature-MLP (neural reference),auroc,True,13,0.53846153846153844,0.32025630761017432,0.5,0.38461538461538464,0.69230769230769229,0.30769230769230765
openbci,cross_task_stroop_to_arithmetic,Stroop to Arithmetic,direction_specific_26_posthoc,always_nn,Feature-MLP (neural reference),pr_auc,True,13,0.78205128205128205,0.18490006540840973,0.79166666666666663,0.6794871794871794,0.8717948717948717,0.19230769230769229
openbci,cross_task_stroop_to_arithmetic,Stroop to Arithmetic,direction_specific_26_posthoc,always_nn,Feature-MLP (neural reference),average_precision,True,13,0.83333333333333337,0.13176156917368248,0.83333333333333326,0.76282051282051289,0.89743589743589758,0.13461538461538469
openbci,cross_task_stroop_to_arithmetic,Stroop to Arithmetic,direction_specific_26_posthoc,always_nn,Feature-MLP (neural reference),log_loss,False,13,3.3304409956454277,4.5237411028938661,1.138664010724149,1.2382438185281288,5.8877506864702589,4.6495068679421303
openbci,cross_task_stroop_to_arithmetic,Stroop to Arithmetic,direction_specific_26_posthoc,always_nn,Feature-MLP (neural reference),brier_score,False,13,0.38187542474449787,0.23983539956739036,0.33950880517323173,0.26661128957003444,0.51567538854186856,0.24906409897183412
openbci,cross_task_stroop_to_arithmetic,Stroop to Arithmetic,direction_specific_26_posthoc,cbsf,CB-SF,accuracy,True,13,0.51282051282051266,0.29235267310234309,0.33333333333333331,0.35897435897435892,0.66666666666666674,0.30769230769230782
openbci,cross_task_stroop_to_arithmetic,Stroop to Arithmetic,direction_specific_26_posthoc,cbsf,CB-SF,balanced_accuracy,True,13,0.53846153846153844,0.26704700440952817,0.5,0.40384615384615385,0.67307692307692313,0.26923076923076927
openbci,cross_task_stroop_to_arithmetic,Stroop to Arithmetic,direction_specific_26_posthoc,cbsf,CB-SF,sensitivity,True,13,0.46153846153846156,0.47703679372151431,0.5,0.23076923076923078,0.73076923076923073,0.49999999999999994
openbci,cross_task_stroop_to_arithmetic,Stroop to Arithmetic,direction_specific_26_posthoc,cbsf,CB-SF,specificity,True,13,0.61538461538461542,0.50636968354183332,1,0.38461538461538464,0.84615384615384615,0.46153846153846151
openbci,cross_task_stroop_to_arithmetic,Stroop to Arithmetic,direction_specific_26_posthoc,cbsf,CB-SF,precision,True,8,0.6875,0.33850160019316505,0.66666666666666663,0.45833333333333326,0.875,0.41666666666666674
openbci,cross_task_stroop_to_arithmetic,Stroop to Arithmetic,direction_specific_26_posthoc,cbsf,CB-SF,f1,True,13,0.42820512820512818,0.43115824925128815,0.5,0.20000000000000001,0.65641025641025641,0.4564102564102564
openbci,cross_task_stroop_to_arithmetic,Stroop to Arithmetic,direction_specific_26_posthoc,cbsf,CB-SF,auroc,True,13,0.5,0.40824829046386302,0.5,0.26923076923076922,0.69230769230769229,0.42307692307692307
openbci,cross_task_stroop_to_arithmetic,Stroop to Arithmetic,direction_specific_26_posthoc,cbsf,CB-SF,pr_auc,True,13,0.7403846153846152,0.2418544805117113,0.79166666666666663,0.61834935897435928,0.86217948717948711,0.24383012820512784
openbci,cross_task_stroop_to_arithmetic,Stroop to Arithmetic,direction_specific_26_posthoc,cbsf,CB-SF,average_precision,True,13,0.80769230769230782,0.17140694816821717,0.83333333333333326,0.71794871794871795,0.89743589743589736,0.1794871794871794
openbci,cross_task_stroop_to_arithmetic,Stroop to Arithmetic,direction_specific_26_posthoc,cbsf,CB-SF,log_loss,False,13,2.1054186971439437,3.4350513790683057,0.74870403579377565,0.65607160572997003,4.1830413347928621,3.5269697290628921
openbci,cross_task_stroop_to_arithmetic,Stroop to Arithmetic,direction_specific_26_posthoc,cbsf,CB-SF,brier_score,False,13,0.33773013891452297,0.24220407350052447,0.27728780513371332,0.22772312465451025,0.48147365569563128,0.253750531041121
openbci,cross_task_stroop_to_arithmetic,Stroop to Arithmetic,direction_specific_26_posthoc,dasf_clean,DASF,accuracy,True,13,0.43589743589743579,0.31577697781044722,0.33333333333333331,0.28205128205128205,0.58974358974358976,0.30769230769230771
openbci,cross_task_stroop_to_arithmetic,Stroop to Arithmetic,direction_specific_26_posthoc,dasf_clean,DASF,balanced_accuracy,True,13,0.46153846153846156,0.32025630761017426,0.5,0.28846153846153844,0.63461538461538458,0.34615384615384615
openbci,cross_task_stroop_to_arithmetic,Stroop to Arithmetic,direction_specific_26_posthoc,dasf_clean,DASF,sensitivity,True,13,0.38461538461538464,0.41602514716892192,0.5,0.19230769230769232,0.61538461538461542,0.42307692307692313
openbci,cross_task_stroop_to_arithmetic,Stroop to Arithmetic,direction_specific_26_posthoc,dasf_clean,DASF,specificity,True,13,0.53846153846153844,0.51887452166277082,1,0.30769230769230771,0.76923076923076927,0.46153846153846156
openbci,cross_task_stroop_to_arithmetic,Stroop to Arithmetic,direction_specific_26_posthoc,dasf_clean,DASF,precision,True,10,0.58333333333333326,0.43920523057894156,0.66666666666666663,0.31666666666666665,0.83333333333333326,0.51666666666666661
openbci,cross_task_stroop_to_arithmetic,Stroop to Arithmetic,direction_specific_26_posthoc,dasf_clean,DASF,f1,True,13,0.3923076923076923,0.39397166803423217,0.5,0.18974358974358976,0.59743589743589742,0.40769230769230769
openbci,cross_task_stroop_to_arithmetic,Stroop to Arithmetic,direction_specific_26_posthoc,dasf_clean,DASF,auroc,True,13,0.5,0.35355339059327379,0.5,0.30769230769230771,0.69230769230769229,0.38461538461538458
openbci,cross_task_stroop_to_arithmetic,Stroop to Arithmetic,direction_specific_26_posthoc,dasf_clean,DASF,pr_auc,True,13,0.75320512820512819,0.2107234688920063,0.79166666666666663,0.63461538461538458,0.85897435897435881,0.22435897435897423
openbci,cross_task_stroop_to_arithmetic,Stroop to Arithmetic,direction_specific_26_posthoc,dasf_clean,DASF,average_precision,True,13,0.8141025641025641,0.14889191858124276,0.83333333333333326,0.73717948717948711,0.89102564102564108,0.15384615384615397
openbci,cross_task_stroop_to_arithmetic,Stroop to Arithmetic,direction_specific_26_posthoc,dasf_clean,DASF,log_loss,False,13,3.2534246826930988,4.564180427486769,0.7361306409499182,1.1152627472820209,5.8166717452531351,4.7014089979711144
openbci,cross_task_stroop_to_arithmetic,Stroop to Arithmetic,direction_specific_26_posthoc,dasf_clean,DASF,brier_score,False,13,0.35840796517126566,0.23699649677434606,0.27117193094270059,0.24964720884227973,0.49585072190493085,0.24620351306265112
openbci,cross_task_stroop_to_arithmetic,Stroop to Arithmetic,direction_specific_26_posthoc,eeg_conformer,EEG-Conformer,accuracy,True,13,0.51282051282051277,0.22007509725784158,0.33333333333333331,0.41025641025641019,0.64102564102564097,0.23076923076923078
openbci,cross_task_stroop_to_arithmetic,Stroop to Arithmetic,direction_specific_26_posthoc,eeg_conformer,EEG-Conformer,balanced_accuracy,True,13,0.55769230769230771,0.1497861723788195,0.5,0.5,0.65384615384615385,0.15384615384615385
openbci,cross_task_stroop_to_arithmetic,Stroop to Arithmetic,direction_specific_26_posthoc,eeg_conformer,EEG-Conformer,sensitivity,True,13,0.42307692307692307,0.49354811679282456,0,0.19230769230769232,0.69230769230769229,0.5
openbci,cross_task_stroop_to_arithmetic,Stroop to Arithmetic,direction_specific_26_posthoc,eeg_conformer,EEG-Conformer,specificity,True,13,0.69230769230769229,0.48038446141526137,1,0.46153846153846156,0.92307692307692313,0.46153846153846156
openbci,cross_task_stroop_to_arithmetic,Stroop to Arithmetic,direction_specific_26_posthoc,eeg_conformer,EEG-Conformer,precision,True,6,0.77777777777777768,0.17213259316477411,0.66666666666666663,0.66666666666666663,0.88888888888888884,0.22222222222222221
openbci,cross_task_stroop_to_arithmetic,Stroop to Arithmetic,direction_specific_26_posthoc,eeg_conformer,EEG-Conformer,f1,True,13,0.37435897435897442,0.42647431561624188,0,0.17435897435897435,0.59999999999999998,0.42564102564102563
openbci,cross_task_stroop_to_arithmetic,Stroop to Arithmetic,direction_specific_26_posthoc,eeg_conformer,EEG-Conformer,auroc,True,13,0.69230769230769229,0.43485924631145201,1,0.46153846153846156,0.92307692307692313,0.46153846153846156
openbci,cross_task_stroop_to_arithmetic,Stroop to Arithmetic,direction_specific_26_posthoc,eeg_conformer,EEG-Conformer,pr_auc,True,13,0.83333333333333326,0.2494206249453885,1,0.69871794871794868,0.95512820512820507,0.25641025641025639
openbci,cross_task_stroop_to_arithmetic,Stroop to Arithmetic,direction_specific_26_posthoc,eeg_conformer,EEG-Conformer,average_precision,True,13,0.8782051282051283,0.17877989459738117,1,0.78205128205128205,0.96794871794871784,0.18589743589743579
openbci,cross_task_stroop_to_arithmetic,Stroop to Arithmetic,direction_specific_26_posthoc,eeg_conformer,EEG-Conformer,log_loss,False,13,1.0188720847633617,0.56883971446262982,0.84859743809501997,0.75148871813367402,1.3444373140059132,0.59294859587223914
openbci,cross_task_stroop_to_arithmetic,Stroop to Arithmetic,direction_specific_26_posthoc,eeg_conformer,EEG-Conformer,brier_score,False,13,0.3147080759719092,0.13545266495463607,0.29132065349638459,0.24684263876118206,0.38894315924072215,0.14210052047954008
openbci,cross_task_stroop_to_arithmetic,Stroop to Arithmetic,direction_specific_26_posthoc,eegnet,EEGNet,accuracy,True,13,0.61538461538461542,0.18490006540840973,0.66666666666666663,0.51282051282051289,0.71794871794871784,0.20512820512820495
openbci,cross_task_stroop_to_arithmetic,Stroop to Arithmetic,direction_specific_26_posthoc,eegnet,EEGNet,balanced_accuracy,True,13,0.53846153846153844,0.13867504905630729,0.5,0.5,0.61538461538461542,0.11538461538461542
openbci,cross_task_stroop_to_arithmetic,Stroop to Arithmetic,direction_specific_26_posthoc,eegnet,EEGNet,sensitivity,True,13,0.76923076923076927,0.4385290096535146,1,0.53846153846153844,1,0.46153846153846156
openbci,cross_task_stroop_to_arithmetic,Stroop to Arithmetic,direction_specific_26_posthoc,eegnet,EEGNet,specificity,True,13,0.30769230769230771,0.48038446141526137,0,0.076923076923076927,0.53846153846153844,0.46153846153846151
openbci,cross_task_stroop_to_arithmetic,Stroop to Arithmetic,direction_specific_26_posthoc,eegnet,EEGNet,precision,True,10,0.69999999999999996,0.10540925533894598,0.66666666666666663,0.66666666666666674,0.76666666666666672,0.099999999999999978
openbci,cross_task_stroop_to_arithmetic,Stroop to Arithmetic,direction_specific_26_posthoc,eegnet,EEGNet,f1,True,13,0.63076923076923075,0.36374124361651966,0.80000000000000004,0.43076923076923074,0.81538461538461549,0.38461538461538475
openbci,cross_task_stroop_to_arithmetic,Stroop to Arithmetic,direction_specific_26_posthoc,eegnet,EEGNet,auroc,True,13,0.38461538461538464,0.41602514716892186,0.5,0.19230769230769232,0.61538461538461542,0.42307692307692313
openbci,cross_task_stroop_to_arithmetic,Stroop to Arithmetic,direction_specific_26_posthoc,eegnet,EEGNet,pr_auc,True,13,0.66666666666666663,0.25344843876242584,0.79166666666666663,0.53525641025641035,0.8012820512820511,0.26602564102564075
openbci,cross_task_stroop_to_arithmetic,Stroop to Arithmetic,direction_specific_26_posthoc,eegnet,EEGNet,average_precision,True,13,0.7564102564102565,0.17828120493812027,0.83333333333333326,0.66666666666666663,0.85256410256410264,0.18589743589743601
openbci,cross_task_stroop_to_arithmetic,Stroop to Arithmetic,direction_specific_26_posthoc,eegnet,EEGNet,log_loss,False,13,0.71497790720190213,0.25149113835232745,0.66566992686897919,0.58902536929648508,0.84762135648927661,0.25859598719279153
openbci,cross_task_stroop_to_arithmetic,Stroop to Arithmetic,direction_specific_26_posthoc,eegnet,EEGNet,brier_score,False,13,0.24723564456101441,0.090831479068304397,0.23627653373486224,0.19828411527131565,0.29464750386063154,0.096363388589315896
openbci,cross_task_stroop_to_arithmetic,Stroop to Arithmetic,direction_specific_26_posthoc,equal_blend_050,Equal blend (50%),accuracy,True,13,0.51282051282051277,0.22007509725784158,0.66666666666666663,0.38461538461538464,0.61538461538461542,0.23076923076923078
openbci,cross_task_stroop_to_arithmetic,Stroop to Arithmetic,direction_specific_26_posthoc,equal_blend_050,Equal blend (50%),balanced_accuracy,True,13,0.51923076923076927,0.18988863132818751,0.5,0.40384615384615385,0.61538461538461542,0.21153846153846156
openbci,cross_task_stroop_to_arithmetic,Stroop to Arithmetic,direction_specific_26_posthoc,equal_blend_050,Equal blend (50%),sensitivity,True,13,0.5,0.45643546458763845,0.5,0.26923076923076922,0.73076923076923073,0.46153846153846151
openbci,cross_task_stroop_to_arithmetic,Stroop to Arithmetic,direction_specific_26_posthoc,equal_blend_050,Equal blend (50%),specificity,True,13,0.53846153846153844,0.51887452166277082,1,0.23076923076923078,0.76923076923076927,0.53846153846153855
openbci,cross_task_stroop_to_arithmetic,Stroop to Arithmetic,direction_specific_26_posthoc,equal_blend_050,Equal blend (50%),precision,True,9,0.70370370370370372,0.30932024237944566,0.66666666666666663,0.48148148148148145,0.85185185185185186,0.37037037037037041
openbci,cross_task_stroop_to_arithmetic,Stroop to Arithmetic,direction_specific_26_posthoc,equal_blend_050,Equal blend (50%),f1,True,13,0.46153846153846156,0.38341693625679474,0.66666666666666663,0.26666666666666666,0.6461538461538463,0.37948717948717964
openbci,cross_task_stroop_to_arithmetic,Stroop to Arithmetic,direction_specific_26_posthoc,equal_blend_050,Equal blend (50%),auroc,True,13,0.53846153846153844,0.43115824925128815,0.5,0.30769230769230771,0.76923076923076927,0.46153846153846156
openbci,cross_task_stroop_to_arithmetic,Stroop to Arithmetic,direction_specific_26_posthoc,equal_blend_050,Equal blend (50%),pr_auc,True,13,0.75641025641025628,0.2522159624962142,0.79166666666666663,0.62179487179487181,0.87820512820512819,0.25641025641025639
openbci,cross_task_stroop_to_arithmetic,Stroop to Arithmetic,direction_specific_26_posthoc,equal_blend_050,Equal blend (50%),average_precision,True,13,0.8205128205128206,0.17952533172046986,0.83333333333333326,0.72435897435897434,0.91025641025641035,0.18589743589743601
openbci,cross_task_stroop_to_arithmetic,Stroop to Arithmetic,direction_specific_26_posthoc,equal_blend_050,Equal blend (50%),log_loss,False,13,2.152374694612091,3.4402296939495671,0.77388991210912172,0.71183708092155784,4.2645275734043526,3.5526904924827947
openbci,cross_task_stroop_to_arithmetic,Stroop to Arithmetic,direction_specific_26_posthoc,equal_blend_050,Equal blend (50%),brier_score,False,13,0.3498193607726604,0.23104867651881777,0.28868647991746244,0.24826847361220325,0.48647111788356867,0.23820264427136542
openbci,cross_task_stroop_to_arithmetic,Stroop to Arithmetic,direction_specific_26_posthoc,extra_trees,Extra Trees,accuracy,True,13,0.51282051282051277,0.29235267310234303,0.66666666666666663,0.35897435897435892,0.66666666666666663,0.30769230769230771
openbci,cross_task_stroop_to_arithmetic,Stroop to Arithmetic,direction_specific_26_posthoc,extra_trees,Extra Trees,balanced_accuracy,True,13,0.5,0.27003086243366087,0.5,0.34615384615384615,0.63461538461538458,0.28846153846153844
openbci,cross_task_stroop_to_arithmetic,Stroop to Arithmetic,direction_specific_26_posthoc,extra_trees,Extra Trees,sensitivity,True,13,0.53846153846153844,0.47703679372151431,0.5,0.26923076923076922,0.76923076923076927,0.5
openbci,cross_task_stroop_to_arithmetic,Stroop to Arithmetic,direction_specific_26_posthoc,extra_trees,Extra Trees,specificity,True,13,0.46153846153846156,0.51887452166277082,0,0.23076923076923078,0.69230769230769229,0.46153846153846151
openbci,cross_task_stroop_to_arithmetic,Stroop to Arithmetic,direction_specific_26_posthoc,extra_trees,Extra Trees,precision,True,10,0.63333333333333341,0.36683497820487054,0.66666666666666663,0.39999999999999997,0.83333333333333326,0.43333333333333329
openbci,cross_task_stroop_to_arithmetic,Stroop to Arithmetic,direction_specific_26_posthoc,extra_trees,Extra Trees,f1,True,13,0.48717948717948717,0.40859707163851156,0.66666666666666663,0.27692307692307688,0.69230769230769229,0.41538461538461541
openbci,cross_task_stroop_to_arithmetic,Stroop to Arithmetic,direction_specific_26_posthoc,extra_trees,Extra Trees,auroc,True,13,0.5,0.40824829046386302,0.5,0.26923076923076922,0.73076923076923073,0.46153846153846151
openbci,cross_task_stroop_to_arithmetic,Stroop to Arithmetic,direction_specific_26_posthoc,extra_trees,Extra Trees,pr_auc,True,13,0.74038461538461542,0.24185448051171132,0.79166666666666663,0.60897435897435903,0.85897435897435892,0.24999999999999989
openbci,cross_task_stroop_to_arithmetic,Stroop to Arithmetic,direction_specific_26_posthoc,extra_trees,Extra Trees,average_precision,True,13,0.80769230769230771,0.17140694816821717,0.83333333333333326,0.71794871794871795,0.89743589743589736,0.1794871794871794
openbci,cross_task_stroop_to_arithmetic,Stroop to Arithmetic,direction_specific_26_posthoc,extra_trees,Extra Trees,log_loss,False,13,1.0945872740609539,0.7317902859627391,0.89755587241861645,0.76912359359059945,1.5222107972706038,0.75308720368000437
openbci,cross_task_stroop_to_arithmetic,Stroop to Arithmetic,direction_specific_26_posthoc,extra_trees,Extra Trees,brier_score,False,13,0.34749242573947636,0.17542603165168688,0.28959253355703835,0.2619868681685914,0.4446645531871502,0.1826776850185588
openbci,cross_task_stroop_to_arithmetic,Stroop to Arithmetic,direction_specific_26_posthoc,fixed_blend_010,Fixed blend (10%),accuracy,True,13,0.53846153846153844,0.2559825492627682,0.66666666666666663,0.41025641025641019,0.66666666666666663,0.25641025641025644
openbci,cross_task_stroop_to_arithmetic,Stroop to Arithmetic,direction_specific_26_posthoc,fixed_blend_010,Fixed blend (10%),balanced_accuracy,True,13,0.53846153846153844,0.24677405839641225,0.5,0.40384615384615385,0.67307692307692313,0.26923076923076927
openbci,cross_task_stroop_to_arithmetic,Stroop to Arithmetic,direction_specific_26_posthoc,fixed_blend_010,Fixed blend (10%),sensitivity,True,13,0.53846153846153844,0.43115824925128815,0.5,0.30769230769230771,0.76923076923076927,0.46153846153846156
openbci,cross_task_stroop_to_arithmetic,Stroop to Arithmetic,direction_specific_26_posthoc,fixed_blend_010,Fixed blend (10%),specificity,True,13,0.53846153846153844,0.51887452166277082,1,0.23076923076923078,0.76923076923076927,0.53846153846153855
openbci,cross_task_stroop_to_arithmetic,Stroop to Arithmetic,direction_specific_26_posthoc,fixed_blend_010,Fixed blend (10%),precision,True,10,0.71666666666666667,0.31476034387145102,0.66666666666666663,0.51666666666666672,0.88333333333333319,0.36666666666666647
openbci,cross_task_stroop_to_arithmetic,Stroop to Arithmetic,direction_specific_26_posthoc,fixed_blend_010,Fixed blend (10%),f1,True,13,0.51538461538461533,0.37530614284168179,0.66666666666666663,0.31538461538461537,0.70512820512820507,0.38974358974358969
openbci,cross_task_stroop_to_arithmetic,Stroop to Arithmetic,direction_specific_26_posthoc,fixed_blend_010,Fixed blend (10%),auroc,True,13,0.53846153846153844,0.37977726265637501,0.5,0.34615384615384615,0.73076923076923073,0.38461538461538458
openbci,cross_task_stroop_to_arithmetic,Stroop to Arithmetic,direction_specific_26_posthoc,fixed_blend_010,Fixed blend (10%),pr_auc,True,13,0.76923076923076927,0.22153673654955211,0.79166666666666663,0.65064102564102566,0.875,0.22435897435897434
openbci,cross_task_stroop_to_arithmetic,Stroop to Arithmetic,direction_specific_26_posthoc,fixed_blend_010,Fixed blend (10%),average_precision,True,13,0.82692307692307687,0.15760629298902881,0.83333333333333326,0.74358974358974372,0.90384615384615397,0.16025641025641024
openbci,cross_task_stroop_to_arithmetic,Stroop to Arithmetic,direction_specific_26_posthoc,fixed_blend_010,Fixed blend (10%),log_loss,False,13,2.3119450635991048,3.6066035269656322,0.8598210792290466,0.76679712645863896,4.4904332111152341,3.723636084656595
openbci,cross_task_stroop_to_arithmetic,Stroop to Arithmetic,direction_specific_26_posthoc,fixed_blend_010,Fixed blend (10%),brier_score,False,13,0.35989617642864452,0.2362148189331448,0.32595471511420088,0.2531051827905263,0.49679008090532889,0.24368489811480259
openbci,cross_task_stroop_to_arithmetic,Stroop to Arithmetic,direction_specific_26_posthoc,fixed_blend_025,Fixed blend (25%),accuracy,True,13,0.5641025641025641,0.25035587206627025,0.66666666666666663,0.43589743589743585,0.69230769230769229,0.25641025641025644
openbci,cross_task_stroop_to_arithmetic,Stroop to Arithmetic,direction_specific_26_posthoc,fixed_blend_025,Fixed blend (25%),balanced_accuracy,True,13,0.55769230769230771,0.23170217399907458,0.5,0.44230769230769229,0.67307692307692313,0.23076923076923084
openbci,cross_task_stroop_to_arithmetic,Stroop to Arithmetic,direction_specific_26_posthoc,fixed_blend_025,Fixed blend (25%),sensitivity,True,13,0.57692307692307687,0.44935851713645858,0.5,0.34615384615384615,0.80769230769230771,0.46153846153846156
openbci,cross_task_stroop_to_arithmetic,Stroop to Arithmetic,direction_specific_26_posthoc,fixed_blend_025,Fixed blend (25%),specificity,True,13,0.53846153846153844,0.51887452166277082,1,0.23076923076923078,0.76923076923076927,0.53846153846153855
openbci,cross_task_stroop_to_arithmetic,Stroop to Arithmetic,direction_specific_26_posthoc,fixed_blend_025,Fixed blend (25%),precision,True,10,0.73333333333333339,0.30631219449089386,0.66666666666666663,0.53333333333333333,0.90000000000000002,0.3666666666666667
openbci,cross_task_stroop_to_arithmetic,Stroop to Arithmetic,direction_specific_26_posthoc,fixed_blend_025,Fixed blend (25%),f1,True,13,0.53846153846153844,0.38341693625679474,0.66666666666666663,0.33846153846153842,0.72820512820512817,0.38974358974358975
openbci,cross_task_stroop_to_arithmetic,Stroop to Arithmetic,direction_specific_26_posthoc,fixed_blend_025,Fixed blend (25%),auroc,True,13,0.53846153846153844,0.37977726265637501,0.5,0.34615384615384615,0.73076923076923073,0.38461538461538458
openbci,cross_task_stroop_to_arithmetic,Stroop to Arithmetic,direction_specific_26_posthoc,fixed_blend_025,Fixed blend (25%),pr_auc,True,13,0.76923076923076927,0.22153673654955211,0.79166666666666663,0.65064102564102566,0.87820512820512819,0.22756410256410253
openbci,cross_task_stroop_to_arithmetic,Stroop to Arithmetic,direction_specific_26_posthoc,fixed_blend_025,Fixed blend (25%),average_precision,True,13,0.82692307692307687,0.15760629298902881,0.83333333333333326,0.7435897435897435,0.90384615384615397,0.16025641025641046
openbci,cross_task_stroop_to_arithmetic,Stroop to Arithmetic,direction_specific_26_posthoc,fixed_blend_025,Fixed blend (25%),log_loss,False,13,2.2156042190432497,3.5067145412399041,0.79028504103947028,0.73265849575935171,4.3437638920025199,3.6111053962431683
openbci,cross_task_stroop_to_arithmetic,Stroop to Arithmetic,direction_specific_26_posthoc,fixed_blend_025,Fixed blend (25%),brier_score,False,13,0.35396884241984428,0.23346881078693293,0.29368037371667866,0.25037156781825581,0.48908949599379414,0.23871792817553833
openbci,cross_task_stroop_to_arithmetic,Stroop to Arithmetic,direction_specific_26_posthoc,rf,Random forest,accuracy,True,13,0.4615384615384614,0.28990616420763465,0.33333333333333331,0.30769230769230771,0.61538461538461542,0.30769230769230771
openbci,cross_task_stroop_to_arithmetic,Stroop to Arithmetic,direction_specific_26_posthoc,rf,Random forest,balanced_accuracy,True,13,0.46153846153846156,0.28588593744843277,0.5,0.30769230769230771,0.61538461538461542,0.30769230769230771
openbci,cross_task_stroop_to_arithmetic,Stroop to Arithmetic,direction_specific_26_posthoc,rf,Random forest,sensitivity,True,13,0.46153846153846156,0.43115824925128815,0.5,0.23076923076923078,0.69230769230769229,0.46153846153846151
openbci,cross_task_stroop_to_arithmetic,Stroop to Arithmetic,direction_specific_26_posthoc,rf,Random forest,specificity,True,13,0.46153846153846156,0.51887452166277082,0,0.23076923076923078,0.69230769230769229,0.46153846153846151
openbci,cross_task_stroop_to_arithmetic,Stroop to Arithmetic,direction_specific_26_posthoc,rf,Random forest,precision,True,10,0.59999999999999998,0.37018513886572629,0.66666666666666663,0.36666666666666664,0.80000000000000004,0.4333333333333334
openbci,cross_task_stroop_to_arithmetic,Stroop to Arithmetic,direction_specific_26_posthoc,rf,Random forest,f1,True,13,0.44102564102564101,0.38517765169051982,0.5,0.2409615384615385,0.63846153846153852,0.39750000000000002
openbci,cross_task_stroop_to_arithmetic,Stroop to Arithmetic,direction_specific_26_posthoc,rf,Random forest,auroc,True,13,0.30769230769230771,0.32522181779399545,0.5,0.15384615384615385,0.5,0.34615384615384615
openbci,cross_task_stroop_to_arithmetic,Stroop to Arithmetic,direction_specific_26_posthoc,rf,Random forest,pr_auc,True,13,0.63461538461538458,0.21727601690331017,0.79166666666666663,0.53205128205128216,0.74999999999999989,0.21794871794871773
openbci,cross_task_stroop_to_arithmetic,Stroop to Arithmetic,direction_specific_26_posthoc,rf,Random forest,average_precision,True,13,0.73076923076923073,0.14889191858124276,0.83333333333333326,0.66025641025641013,0.80769230769230771,0.14743589743589758
openbci,cross_task_stroop_to_arithmetic,Stroop to Arithmetic,direction_specific_26_posthoc,rf,Random forest,log_loss,False,13,1.6163451754672757,1.7158595037359357,0.76367583412993445,0.83694800753527554,2.585981879945547,1.7490338724102714
openbci,cross_task_stroop_to_arithmetic,Stroop to Arithmetic,direction_specific_26_posthoc,rf,Random forest,brier_score,False,13,0.38603185815148444,0.23728734591966549,0.2844001733519006,0.27389404987848526,0.51784037969013741,0.24394632981165215
openbci,cross_task_stroop_to_arithmetic,Stroop to Arithmetic,direction_specific_26_posthoc,riemann_mdm,Riemannian MDM,accuracy,True,13,0.5641025641025641,0.25035587206627025,0.66666666666666663,0.43589743589743585,0.69230769230769229,0.25641025641025644
openbci,cross_task_stroop_to_arithmetic,Stroop to Arithmetic,direction_specific_26_posthoc,riemann_mdm,Riemannian MDM,balanced_accuracy,True,13,0.48076923076923078,0.21557912462564408,0.5,0.36538461538461536,0.59615384615384615,0.23076923076923078
openbci,cross_task_stroop_to_arithmetic,Stroop to Arithmetic,direction_specific_26_posthoc,riemann_mdm,Riemannian MDM,sensitivity,True,13,0.73076923076923073,0.43852900965351455,1,0.5,0.92307692307692313,0.42307692307692313
openbci,cross_task_stroop_to_arithmetic,Stroop to Arithmetic,direction_specific_26_posthoc,riemann_mdm,Riemannian MDM,specificity,True,13,0.23076923076923078,0.4385290096535146,0,0,0.46153846153846156,0.46153846153846156
openbci,cross_task_stroop_to_arithmetic,Stroop to Arithmetic,direction_specific_26_posthoc,riemann_mdm,Riemannian MDM,precision,True,11,0.62121212121212122,0.23677121037112192,0.66666666666666663,0.46969696969696972,0.74242424242424232,0.2727272727272726
openbci,cross_task_stroop_to_arithmetic,Stroop to Arithmetic,direction_specific_26_posthoc,riemann_mdm,Riemannian MDM,f1,True,13,0.60769230769230764,0.36162028533978952,0.80000000000000004,0.40769230769230769,0.78461538461538471,0.37692307692307703
openbci,cross_task_stroop_to_arithmetic,Stroop to Arithmetic,direction_specific_26_posthoc,riemann_mdm,Riemannian MDM,auroc,True,13,0.5,0.40824829046386302,0.5,0.30769230769230771,0.69230769230769229,0.38461538461538458
openbci,cross_task_stroop_to_arithmetic,Stroop to Arithmetic,direction_specific_26_posthoc,riemann_mdm,Riemannian MDM,pr_auc,True,13,0.7403846153846152,0.2418544805117113,0.79166666666666663,0.60897435897435903,0.862179487179487,0.25320512820512797
openbci,cross_task_stroop_to_arithmetic,Stroop to Arithmetic,direction_specific_26_posthoc,riemann_mdm,Riemannian MDM,average_precision,True,13,0.80769230769230782,0.17140694816821717,0.83333333333333326,0.71794871794871784,0.89743589743589736,0.17948717948717952
openbci,cross_task_stroop_to_arithmetic,Stroop to Arithmetic,direction_specific_26_posthoc,riemann_mdm,Riemannian MDM,log_loss,False,13,2.1001457813348283,3.6540584529871327,0.77063924116587579,0.79115466359912412,4.2752068011396229,3.4840521375404987
openbci,cross_task_stroop_to_arithmetic,Stroop to Arithmetic,direction_specific_26_posthoc,riemann_mdm,Riemannian MDM,brier_score,False,13,0.31694717865499733,0.17146893377762162,0.26427905727528916,0.23347797729962813,0.41057938245619763,0.1771014051565695
openbci,cross_task_stroop_to_arithmetic,Stroop to Arithmetic,direction_specific_26_posthoc,riemann_ts_logreg,Riemannian TS-LR,accuracy,True,13,0.48717948717948717,0.17295817388759027,0.33333333333333331,0.41025641025641019,0.58974358974358976,0.17948717948717957
openbci,cross_task_stroop_to_arithmetic,Stroop to Arithmetic,direction_specific_26_posthoc,riemann_ts_logreg,Riemannian TS-LR,balanced_accuracy,True,13,0.5,0.14433756729740643,0.5,0.42307692307692307,0.57692307692307687,0.1538461538461538
openbci,cross_task_stroop_to_arithmetic,Stroop to Arithmetic,direction_specific_26_posthoc,riemann_ts_logreg,Riemannian TS-LR,sensitivity,True,13,0.46153846153846156,0.43115824925128815,0.5,0.23076923076923078,0.69230769230769229,0.46153846153846151
openbci,cross_task_stroop_to_arithmetic,Stroop to Arithmetic,direction_specific_26_posthoc,riemann_ts_logreg,Riemannian TS-LR,specificity,True,13,0.53846153846153844,0.51887452166277082,1,0.30769230769230771,0.76923076923076927,0.46153846153846156
openbci,cross_task_stroop_to_arithmetic,Stroop to Arithmetic,direction_specific_26_posthoc,riemann_ts_logreg,Riemannian TS-LR,precision,True,8,0.70833333333333326,0.19416079083690582,0.66666666666666663,0.58333333333333326,0.83333333333333326,0.25
openbci,cross_task_stroop_to_arithmetic,Stroop to Arithmetic,direction_specific_26_posthoc,riemann_ts_logreg,Riemannian TS-LR,f1,True,13,0.42564102564102563,0.36442594282826218,0.5,0.22820512820512823,0.61794871794871797,0.38974358974358975
openbci,cross_task_stroop_to_arithmetic,Stroop to Arithmetic,direction_specific_26_posthoc,riemann_ts_logreg,Riemannian TS-LR,auroc,True,13,0.76923076923076927,0.38812501290309237,1,0.53846153846153844,0.96153846153846156,0.42307692307692313
openbci,cross_task_stroop_to_arithmetic,Stroop to Arithmetic,direction_specific_26_posthoc,riemann_ts_logreg,Riemannian TS-LR,pr_auc,True,13,0.87820512820512797,0.21880722694669519,1,0.75641025641025628,0.98397435897435892,0.22756410256410264
openbci,cross_task_stroop_to_arithmetic,Stroop to Arithmetic,direction_specific_26_posthoc,riemann_ts_logreg,Riemannian TS-LR,average_precision,True,13,0.91025641025641035,0.15760629298902884,1,0.8141025641025641,0.98717948717948711,0.17307692307692302
openbci,cross_task_stroop_to_arithmetic,Stroop to Arithmetic,direction_specific_26_posthoc,riemann_ts_logreg,Riemannian TS-LR,log_loss,False,13,1.0818540795359222,0.52662408376229464,1.0850296304234688,0.81498792219688154,1.3596415475049344,0.54465362530805284
openbci,cross_task_stroop_to_arithmetic,Stroop to Arithmetic,direction_specific_26_posthoc,riemann_ts_logreg,Riemannian TS-LR,brier_score,False,13,0.3360785280125983,0.14971257610224317,0.34294000341771325,0.25782521313510681,0.41268112898669734,0.15485591585159053
openbci,cross_task_stroop_to_arithmetic,Stroop to Arithmetic,direction_specific_26_posthoc,stack_recording,OOF recording-level stacking,accuracy,True,13,0.38461538461538453,0.1849000654084097,0.33333333333333331,0.28205128205128205,0.48717948717948717,0.20512820512820512
openbci,cross_task_stroop_to_arithmetic,Stroop to Arithmetic,direction_specific_26_posthoc,stack_recording,OOF recording-level stacking,balanced_accuracy,True,13,0.46153846153846156,0.20016019225635892,0.5,0.34615384615384615,0.55769230769230771,0.21153846153846156
openbci,cross_task_stroop_to_arithmetic,Stroop to Arithmetic,direction_specific_26_posthoc,stack_recording,OOF recording-level stacking,sensitivity,True,13,0.23076923076923078,0.33011264588676242,0,0.076923076923076927,0.42307692307692307,0.34615384615384615
openbci,cross_task_stroop_to_arithmetic,Stroop to Arithmetic,direction_specific_26_posthoc,stack_recording,OOF recording-level stacking,specificity,True,13,0.69230769230769229,0.48038446141526137,1,0.46153846153846156,0.92307692307692313,0.46153846153846156
openbci,cross_task_stroop_to_arithmetic,Stroop to Arithmetic,direction_specific_26_posthoc,stack_recording,OOF recording-level stacking,precision,True,6,0.61111111111111105,0.37515428924742517,0.58333333333333326,0.33333333333333331,0.86111111111111105,0.52777777777777768
openbci,cross_task_stroop_to_arithmetic,Stroop to Arithmetic,direction_specific_26_posthoc,stack_recording,OOF recording-level stacking,f1,True,13,0.24102564102564103,0.32579073212662313,0,0.08974358974358973,0.42051282051282052,0.33076923076923082
openbci,cross_task_stroop_to_arithmetic,Stroop to Arithmetic,direction_specific_26_posthoc,stack_recording,OOF recording-level stacking,auroc,True,13,0.57692307692307687,0.34436861586059725,0.5,0.38461538461538464,0.76923076923076927,0.38461538461538464
openbci,cross_task_stroop_to_arithmetic,Stroop to Arithmetic,direction_specific_26_posthoc,stack_recording,OOF recording-level stacking,pr_auc,True,13,0.79807692307692291,0.19457794562353908,0.79166666666666663,0.69230769230769229,0.89102564102564097,0.19871794871794868
openbci,cross_task_stroop_to_arithmetic,Stroop to Arithmetic,direction_specific_26_posthoc,stack_recording,OOF recording-level stacking,average_precision,True,13,0.84615384615384615,0.13963474942815365,0.83333333333333326,0.76923076923076927,0.91666666666666663,0.14743589743589736
openbci,cross_task_stroop_to_arithmetic,Stroop to Arithmetic,direction_specific_26_posthoc,stack_recording,OOF recording-level stacking,log_loss,False,13,1.9828581291694778,1.9366520373346117,0.98848980023971456,1.0932616421331591,3.091573364918768,1.9983117227856089
openbci,cross_task_stroop_to_arithmetic,Stroop to Arithmetic,direction_specific_26_posthoc,stack_recording,OOF recording-level stacking,brier_score,False,13,0.41565183268900469,0.20409226723718232,0.34556144158341434,0.31455816541691833,0.52439252602813802,0.20983436061121968
openbci,loso_arithmetic,Arithmetic LOSO,complete_settings_39_posthoc,always_fuse,Neural-classical stacking,accuracy,True,15,0.59999999999999998,0.22756474745819988,0.5,0.48333333333333334,0.69999999999999996,0.21666666666666662
openbci,loso_arithmetic,Arithmetic LOSO,complete_settings_39_posthoc,always_fuse,Neural-classical stacking,balanced_accuracy,True,15,0.59999999999999998,0.22756474745819988,0.5,0.48333333333333334,0.69999999999999996,0.21666666666666662
openbci,loso_arithmetic,Arithmetic LOSO,complete_settings_39_posthoc,always_fuse,Neural-classical stacking,sensitivity,True,15,0.66666666666666663,0.40824829046386302,1,0.46666666666666667,0.8666666666666667,0.40000000000000002
openbci,loso_arithmetic,Arithmetic LOSO,complete_settings_39_posthoc,always_fuse,Neural-classical stacking,specificity,True,15,0.53333333333333333,0.39940431835899015,0.5,0.33333333333333331,0.73333333333333328,0.39999999999999997
openbci,loso_arithmetic,Arithmetic LOSO,complete_settings_39_posthoc,always_fuse,Neural-classical stacking,precision,True,13,0.62820512820512819,0.27347088471412234,0.66666666666666663,0.47435897435897439,0.76923076923076927,0.29487179487179488
openbci,loso_arithmetic,Arithmetic LOSO,complete_settings_39_posthoc,always_fuse,Neural-classical stacking,f1,True,15,0.56888888888888889,0.31934125317414908,0.66666666666666663,0.40661111111111115,0.71333333333333326,0.30672222222222212
openbci,loso_arithmetic,Arithmetic LOSO,complete_settings_39_posthoc,always_fuse,Neural-classical stacking,auroc,True,15,0.69999999999999996,0.30178043106110869,0.75,0.55000000000000004,0.83333333333333337,0.28333333333333333
openbci,loso_arithmetic,Arithmetic LOSO,complete_settings_39_posthoc,always_fuse,Neural-classical stacking,pr_auc,True,15,0.7222222222222221,0.2707951743569787,0.79166666666666663,0.58881944444444445,0.85277777777777763,0.26395833333333318
openbci,loso_arithmetic,Arithmetic LOSO,complete_settings_39_posthoc,always_fuse,Neural-classical stacking,average_precision,True,15,0.78888888888888897,0.20379988109513594,0.83333333333333326,0.68888888888888877,0.88333333333333341,0.19444444444444464
openbci,loso_arithmetic,Arithmetic LOSO,complete_settings_39_posthoc,always_fuse,Neural-classical stacking,log_loss,False,15,0.64761264287215969,0.071327210541766342,0.64615171244662761,0.61339063198823551,0.68270499082059766,0.069314358832362144
openbci,loso_arithmetic,Arithmetic LOSO,complete_settings_39_posthoc,always_fuse,Neural-classical stacking,brier_score,False,15,0.22810091075859931,0.034679858932140747,0.22706040479562886,0.21117005147638987,0.24517587780590144,0.034005826329511574
openbci,loso_arithmetic,Arithmetic LOSO,complete_settings_39_posthoc,always_nn,Feature-MLP (neural reference),accuracy,True,15,0.59999999999999998,0.18419709940325182,0.5,0.51666666666666672,0.69999999999999996,0.18333333333333324
openbci,loso_arithmetic,Arithmetic LOSO,complete_settings_39_posthoc,always_nn,Feature-MLP (neural reference),balanced_accuracy,True,15,0.59999999999999998,0.18419709940325182,0.5,0.51666666666666672,0.69999999999999996,0.18333333333333324
openbci,loso_arithmetic,Arithmetic LOSO,complete_settings_39_posthoc,always_nn,Feature-MLP (neural reference),sensitivity,True,15,0.46666666666666667,0.48057505236162745,0.5,0.23333333333333334,0.69999999999999996,0.46666666666666662
openbci,loso_arithmetic,Arithmetic LOSO,complete_settings_39_posthoc,always_nn,Feature-MLP (neural reference),specificity,True,15,0.73333333333333328,0.41690469391639595,1,0.53333333333333333,0.93333333333333335,0.40000000000000002
openbci,loso_arithmetic,Arithmetic LOSO,complete_settings_39_posthoc,always_nn,Feature-MLP (neural reference),precision,True,8,0.70833333333333326,0.24800793638094831,0.58333333333333326,0.5625,0.875,0.3125
openbci,loso_arithmetic,Arithmetic LOSO,complete_settings_39_posthoc,always_nn,Feature-MLP (neural reference),f1,True,15,0.39777777777777779,0.40482539184640814,0.5,0.20888888888888885,0.59555555555555562,0.38666666666666677
openbci,loso_arithmetic,Arithmetic LOSO,complete_settings_39_posthoc,always_nn,Feature-MLP (neural reference),auroc,True,15,0.66666666666666663,0.34931906550288594,0.75,0.48333333333333334,0.83333333333333337,0.35000000000000003
openbci,loso_arithmetic,Arithmetic LOSO,complete_settings_39_posthoc,always_nn,Feature-MLP (neural reference),pr_auc,True,15,0.73333333333333328,0.27039800177715695,0.79166666666666663,0.59444444444444455,0.85833333333333328,0.26388888888888873
openbci,loso_arithmetic,Arithmetic LOSO,complete_settings_39_posthoc,always_nn,Feature-MLP (neural reference),average_precision,True,15,0.78888888888888897,0.21331349114072815,0.83333333333333326,0.68333333333333335,0.88888888888888895,0.2055555555555556
openbci,loso_arithmetic,Arithmetic LOSO,complete_settings_39_posthoc,always_nn,Feature-MLP (neural reference),log_loss,False,15,0.98751459292941313,0.46560586374675389,0.9177913797600229,0.76460307052689058,1.2199198654189793,0.45531679489208876
openbci,loso_arithmetic,Arithmetic LOSO,complete_settings_39_posthoc,always_nn,Feature-MLP (neural reference),brier_score,False,15,0.31199695848427317,0.12776234548658066,0.34102830296456998,0.24734170961269888,0.3714330732386858,0.12409136362598691
openbci,loso_arithmetic,Arithmetic LOSO,complete_settings_39_posthoc,cbsf,CB-SF,accuracy,True,15,0.58333333333333337,0.18093671611393647,0.5,0.5,0.66666666666666663,0.16666666666666663
openbci,loso_arithmetic,Arithmetic LOSO,complete_settings_39_posthoc,cbsf,CB-SF,balanced_accuracy,True,15,0.58333333333333337,0.18093671611393647,0.5,0.5,0.68333333333333335,0.18333333333333335
openbci,loso_arithmetic,Arithmetic LOSO,complete_settings_39_posthoc,cbsf,CB-SF,sensitivity,True,15,0.53333333333333333,0.44185755084426837,0.5,0.33333333333333331,0.73333333333333328,0.39999999999999997
openbci,loso_arithmetic,Arithmetic LOSO,complete_settings_39_posthoc,cbsf,CB-SF,specificity,True,15,0.6333333333333333,0.39940431835899015,0.5,0.43333333333333335,0.83333333333333337,0.40000000000000002
openbci,loso_arithmetic,Arithmetic LOSO,complete_settings_39_posthoc,cbsf,CB-SF,precision,True,11,0.62121212121212122,0.29898819273332417,0.5,0.45454545454545453,0.78787878787878785,0.33333333333333331
openbci,loso_arithmetic,Arithmetic LOSO,complete_settings_39_posthoc,cbsf,CB-SF,f1,True,15,0.4622222222222222,0.35831764454396386,0.66666666666666663,0.28666666666666668,0.63555555555555543,0.34888888888888875
openbci,loso_arithmetic,Arithmetic LOSO,complete_settings_39_posthoc,cbsf,CB-SF,auroc,True,15,0.68333333333333335,0.3467536520904938,0.75,0.5,0.84999999999999998,0.34999999999999998
openbci,loso_arithmetic,Arithmetic LOSO,complete_settings_39_posthoc,cbsf,CB-SF,pr_auc,True,15,0.73888888888888882,0.27070357086751423,0.79166666666666663,0.60277777777777775,0.86388888888888871,0.26111111111111096
openbci,loso_arithmetic,Arithmetic LOSO,complete_settings_39_posthoc,cbsf,CB-SF,average_precision,True,15,0.79444444444444451,0.21331349114072815,0.83333333333333326,0.68333333333333335,0.89444444444444438,0.21111111111111103
openbci,loso_arithmetic,Arithmetic LOSO,complete_settings_39_posthoc,cbsf,CB-SF,log_loss,False,15,0.71207590393183762,0.28161279588065297,0.65521196669025339,0.58114341725088281,0.85698655311937433,0.27584313586849152
openbci,loso_arithmetic,Arithmetic LOSO,complete_settings_39_posthoc,cbsf,CB-SF,brier_score,False,15,0.24568343036846099,0.094766929685737855,0.23438108112907746,0.19890042688173157,0.29223852870273015,0.093338101820998581
openbci,loso_arithmetic,Arithmetic LOSO,complete_settings_39_posthoc,dasf_clean,DASF,accuracy,True,15,0.59999999999999998,0.18419709940325182,0.5,0.51666666666666672,0.69999999999999996,0.18333333333333324
openbci,loso_arithmetic,Arithmetic LOSO,complete_settings_39_posthoc,dasf_clean,DASF,balanced_accuracy,True,15,0.59999999999999998,0.18419709940325182,0.5,0.51666666666666672,0.69999999999999996,0.18333333333333324
openbci,loso_arithmetic,Arithmetic LOSO,complete_settings_39_posthoc,dasf_clean,DASF,sensitivity,True,15,0.46666666666666667,0.48057505236162745,0.5,0.23333333333333334,0.69999999999999996,0.46666666666666662
openbci,loso_arithmetic,Arithmetic LOSO,complete_settings_39_posthoc,dasf_clean,DASF,specificity,True,15,0.73333333333333328,0.41690469391639595,1,0.5,0.93333333333333335,0.43333333333333335
openbci,loso_arithmetic,Arithmetic LOSO,complete_settings_39_posthoc,dasf_clean,DASF,precision,True,8,0.70833333333333326,0.24800793638094831,0.58333333333333326,0.5625,0.875,0.3125
openbci,loso_arithmetic,Arithmetic LOSO,complete_settings_39_posthoc,dasf_clean,DASF,f1,True,15,0.39777777777777779,0.40482539184640814,0.5,0.19999999999999998,0.59777777777777774,0.39777777777777779
openbci,loso_arithmetic,Arithmetic LOSO,complete_settings_39_posthoc,dasf_clean,DASF,auroc,True,15,0.66666666666666663,0.34931906550288594,0.75,0.48333333333333334,0.81666666666666665,0.33333333333333331
openbci,loso_arithmetic,Arithmetic LOSO,complete_settings_39_posthoc,dasf_clean,DASF,pr_auc,True,15,0.73333333333333328,0.27039800177715695,0.79166666666666663,0.59722222222222221,0.85833333333333317,0.26111111111111096
openbci,loso_arithmetic,Arithmetic LOSO,complete_settings_39_posthoc,dasf_clean,DASF,average_precision,True,15,0.78888888888888897,0.21331349114072815,0.83333333333333326,0.6777777777777777,0.88888888888888884,0.21111111111111114
openbci,loso_arithmetic,Arithmetic LOSO,complete_settings_39_posthoc,dasf_clean,DASF,log_loss,False,15,0.98751459292941313,0.46560586374675389,0.9177913797600229,0.76162640955577432,1.2162070180610927,0.45458060850531834
openbci,loso_arithmetic,Arithmetic LOSO,complete_settings_39_posthoc,dasf_clean,DASF,brier_score,False,15,0.31199695848427317,0.12776234548658066,0.34102830296456998,0.24739998809482208,0.37178027457407214,0.12438028647925006
openbci,loso_arithmetic,Arithmetic LOSO,complete_settings_39_posthoc,eeg_conformer,EEG-Conformer,accuracy,True,15,0.66666666666666663,0.12198750911856665,0.75,0.59999999999999998,0.71666666666666667,0.1166666666666667
openbci,loso_arithmetic,Arithmetic LOSO,complete_settings_39_posthoc,eeg_conformer,EEG-Conformer,balanced_accuracy,True,15,0.66666666666666663,0.12198750911856665,0.75,0.59999999999999998,0.71666666666666667,0.1166666666666667
openbci,loso_arithmetic,Arithmetic LOSO,complete_settings_39_posthoc,eeg_conformer,EEG-Conformer,sensitivity,True,15,0.8666666666666667,0.29680841985233175,1,0.69999999999999996,1,0.30000000000000004
openbci,loso_arithmetic,Arithmetic LOSO,complete_settings_39_posthoc,eeg_conformer,EEG-Conformer,specificity,True,15,0.46666666666666667,0.29680841985233181,0.5,0.33333333333333331,0.59999999999999998,0.26666666666666666
openbci,loso_arithmetic,Arithmetic LOSO,complete_settings_39_posthoc,eeg_conformer,EEG-Conformer,precision,True,14,0.6428571428571429,0.12838814775327387,0.66666666666666663,0.58333333333333337,0.71428571428571419,0.13095238095238082
openbci,loso_arithmetic,Arithmetic LOSO,complete_settings_39_posthoc,eeg_conformer,EEG-Conformer,f1,True,15,0.69111111111111112,0.21099411963018899,0.80000000000000004,0.57333333333333347,0.77333333333333343,0.19999999999999996
openbci,loso_arithmetic,Arithmetic LOSO,complete_settings_39_posthoc,eeg_conformer,EEG-Conformer,auroc,True,15,0.76666666666666672,0.22092877542213418,0.75,0.66666666666666663,0.8666666666666667,0.20000000000000007
openbci,loso_arithmetic,Arithmetic LOSO,complete_settings_39_posthoc,eeg_conformer,EEG-Conformer,pr_auc,True,15,0.74999999999999989,0.25877458475338283,0.79166666666666663,0.61944444444444435,0.86944444444444435,0.25
openbci,loso_arithmetic,Arithmetic LOSO,complete_settings_39_posthoc,eeg_conformer,EEG-Conformer,average_precision,True,15,0.81666666666666676,0.18419709940325185,0.83333333333333326,0.72777777777777775,0.90555555555555556,0.17777777777777781
openbci,loso_arithmetic,Arithmetic LOSO,complete_settings_39_posthoc,eeg_conformer,EEG-Conformer,log_loss,False,15,0.62177980109426967,0.1031281620725495,0.60149960377242206,0.5735500748658201,0.67421370854033325,0.10066363367451314
openbci,loso_arithmetic,Arithmetic LOSO,complete_settings_39_posthoc,eeg_conformer,EEG-Conformer,brier_score,False,15,0.21843980176662464,0.044330852373438034,0.20840916526468353,0.19801923553891257,0.24131918446477174,0.043299948925859172
openbci,loso_arithmetic,Arithmetic LOSO,complete_settings_39_posthoc,eegnet,EEGNet,accuracy,True,15,0.56666666666666665,0.1484042099261659,0.5,0.5,0.65000000000000002,0.15000000000000002
openbci,loso_arithmetic,Arithmetic LOSO,complete_settings_39_posthoc,eegnet,EEGNet,balanced_accuracy,True,15,0.56666666666666665,0.1484042099261659,0.5,0.5,0.65000000000000002,0.15000000000000002
openbci,loso_arithmetic,Arithmetic LOSO,complete_settings_39_posthoc,eegnet,EEGNet,sensitivity,True,15,1,0,1,1,1,0
openbci,loso_arithmetic,Arithmetic LOSO,complete_settings_39_posthoc,eegnet,EEGNet,specificity,True,15,0.13333333333333333,0.29680841985233181,0,0,0.29999999999999999,0.29999999999999999
openbci,loso_arithmetic,Arithmetic LOSO,complete_settings_39_posthoc,eegnet,EEGNet,precision,True,15,0.55555555555555558,0.13608276348795434,0.5,0.5,0.6333333333333333,0.1333333333333333
openbci,loso_arithmetic,Arithmetic LOSO,complete_settings_39_posthoc,eegnet,EEGNet,f1,True,15,0.70666666666666667,0.093605046668995176,0.66666666666666663,0.66666666666666652,0.7599999999999999,0.093333333333333379
openbci,loso_arithmetic,Arithmetic LOSO,complete_settings_39_posthoc,eegnet,EEGNet,auroc,True,15,0.76666666666666672,0.2581988897471611,0.75,0.6333333333333333,0.8833333333333333,0.25
openbci,loso_arithmetic,Arithmetic LOSO,complete_settings_39_posthoc,eegnet,EEGNet,pr_auc,True,15,0.75833333333333319,0.27512623365365296,0.79166666666666663,0.61666666666666681,0.88888888888888884,0.27222222222222203
openbci,loso_arithmetic,Arithmetic LOSO,complete_settings_39_posthoc,eegnet,EEGNet,average_precision,True,15,0.8222222222222223,0.19887248313998737,0.83333333333333326,0.71666666666666679,0.91666666666666663,0.19999999999999984
openbci,loso_arithmetic,Arithmetic LOSO,complete_settings_39_posthoc,eegnet,EEGNet,log_loss,False,15,0.72982238559759582,0.18613254435514801,0.75024849115979397,0.62875882009349227,0.81093143290336278,0.18217261280987052
openbci,loso_arithmetic,Arithmetic LOSO,complete_settings_39_posthoc,eegnet,EEGNet,brier_score,False,15,0.26444428733089398,0.077656276351238757,0.27649353935406595,0.22353413145529494,0.29813786527165059,0.074603733816355655
openbci,loso_arithmetic,Arithmetic LOSO,complete_settings_39_posthoc,equal_blend_050,Equal blend (50%),accuracy,True,15,0.55000000000000004,0.19364916731037082,0.5,0.46666666666666667,0.65000000000000002,0.18333333333333335
openbci,loso_arithmetic,Arithmetic LOSO,complete_settings_39_posthoc,equal_blend_050,Equal blend (50%),balanced_accuracy,True,15,0.55000000000000004,0.19364916731037082,0.5,0.45000000000000001,0.65000000000000002,0.20000000000000001
openbci,loso_arithmetic,Arithmetic LOSO,complete_settings_39_posthoc,equal_blend_050,Equal blend (50%),sensitivity,True,15,0.46666666666666667,0.48057505236162745,0.5,0.23333333333333334,0.69999999999999996,0.46666666666666662
openbci,loso_arithmetic,Arithmetic LOSO,complete_settings_39_posthoc,equal_blend_050,Equal blend (50%),specificity,True,15,0.6333333333333333,0.39940431835899015,0.5,0.43333333333333335,0.83333333333333337,0.40000000000000002
openbci,loso_arithmetic,Arithmetic LOSO,complete_settings_39_posthoc,equal_blend_050,Equal blend (50%),precision,True,10,0.53333333333333333,0.34066021592790874,0.5,0.33333333333333331,0.73333333333333328,0.39999999999999997
openbci,loso_arithmetic,Arithmetic LOSO,complete_settings_39_posthoc,equal_blend_050,Equal blend (50%),f1,True,15,0.38444444444444442,0.38645040476614245,0.5,0.19777777777777777,0.57111111111111112,0.37333333333333335
openbci,loso_arithmetic,Arithmetic LOSO,complete_settings_39_posthoc,equal_blend_050,Equal blend (50%),auroc,True,15,0.71666666666666667,0.26502470684465479,0.75,0.58333333333333337,0.83333333333333337,0.25
openbci,loso_arithmetic,Arithmetic LOSO,complete_settings_39_posthoc,equal_blend_050,Equal blend (50%),pr_auc,True,15,0.7583333333333333,0.22282903261868228,0.79166666666666663,0.64444444444444426,0.85833333333333328,0.21388888888888902
openbci,loso_arithmetic,Arithmetic LOSO,complete_settings_39_posthoc,equal_blend_050,Equal blend (50%),average_precision,True,15,0.81111111111111123,0.17097603408900394,0.83333333333333326,0.72222222222222221,0.88888888888888895,0.16666666666666674
openbci,loso_arithmetic,Arithmetic LOSO,complete_settings_39_posthoc,equal_blend_050,Equal blend (50%),log_loss,False,15,0.67400302749285934,0.15037382560241574,0.66036357166095305,0.59706288277041974,0.74700584439671214,0.14994296162629239
openbci,loso_arithmetic,Arithmetic LOSO,complete_settings_39_posthoc,equal_blend_050,Equal blend (50%),brier_score,False,15,0.24103961870123422,0.068261186951855748,0.23457448212355636,0.20701651968733836,0.27385391704457734,0.066837397357238981
openbci,loso_arithmetic,Arithmetic LOSO,complete_settings_39_posthoc,extra_trees,Extra Trees,accuracy,True,15,0.59999999999999998,0.18419709940325182,0.5,0.51666666666666672,0.69999999999999996,0.18333333333333324
openbci,loso_arithmetic,Arithmetic LOSO,complete_settings_39_posthoc,extra_trees,Extra Trees,balanced_accuracy,True,15,0.59999999999999998,0.18419709940325182,0.5,0.51666666666666672,0.69999999999999996,0.18333333333333324
openbci,loso_arithmetic,Arithmetic LOSO,complete_settings_39_posthoc,extra_trees,Extra Trees,sensitivity,True,15,0.56666666666666665,0.45773770821706344,0.5,0.33333333333333331,0.76666666666666672,0.4333333333333334
openbci,loso_arithmetic,Arithmetic LOSO,complete_settings_39_posthoc,extra_trees,Extra Trees,specificity,True,15,0.6333333333333333,0.35186577527449836,0.5,0.46666666666666667,0.80000000000000004,0.33333333333333337
openbci,loso_arithmetic,Arithmetic LOSO,complete_settings_39_posthoc,extra_trees,Extra Trees,precision,True,11,0.60606060606060608,0.27154626445114971,0.66666666666666663,0.45454545454545453,0.75757575757575746,0.30303030303030293
openbci,loso_arithmetic,Arithmetic LOSO,complete_settings_39_posthoc,extra_trees,Extra Trees,f1,True,15,0.47999999999999993,0.37199590371528601,0.66666666666666663,0.29333333333333333,0.65555555555555556,0.36222222222222222
openbci,loso_arithmetic,Arithmetic LOSO,complete_settings_39_posthoc,extra_trees,Extra Trees,auroc,True,15,0.68333333333333335,0.25819888974716115,0.75,0.55000000000000004,0.80000000000000004,0.25
openbci,loso_arithmetic,Arithmetic LOSO,complete_settings_39_posthoc,extra_trees,Extra Trees,pr_auc,True,15,0.68611111111111123,0.26580341424905557,0.79166666666666663,0.5527777777777777,0.81666666666666654,0.26388888888888884
openbci,loso_arithmetic,Arithmetic LOSO,complete_settings_39_posthoc,extra_trees,Extra Trees,average_precision,True,15,0.76666666666666672,0.19210612146613629,0.83333333333333326,0.67222222222222228,0.86111111111111116,0.18888888888888888
openbci,loso_arithmetic,Arithmetic LOSO,complete_settings_39_posthoc,extra_trees,Extra Trees,log_loss,False,15,0.64844000305860638,0.16815332556812515,0.63399550509241287,0.57165686217618605,0.73680821349875747,0.16515135132257142
openbci,loso_arithmetic,Arithmetic LOSO,complete_settings_39_posthoc,extra_trees,Extra Trees,brier_score,False,15,0.22797210325567166,0.067536910626666752,0.22084775534036741,0.1966373403637221,0.2616278452074931,0.064990504843771002
openbci,loso_arithmetic,Arithmetic LOSO,complete_settings_39_posthoc,fixed_blend_010,Fixed blend (10%),accuracy,True,15,0.59999999999999998,0.18419709940325182,0.5,0.51666666666666672,0.69999999999999996,0.18333333333333324
openbci,loso_arithmetic,Arithmetic LOSO,complete_settings_39_posthoc,fixed_blend_010,Fixed blend (10%),balanced_accuracy,True,15,0.59999999999999998,0.18419709940325182,0.5,0.51666666666666672,0.69999999999999996,0.18333333333333324
openbci,loso_arithmetic,Arithmetic LOSO,complete_settings_39_posthoc,fixed_blend_010,Fixed blend (10%),sensitivity,True,15,0.46666666666666667,0.48057505236162745,0.5,0.23333333333333334,0.69999999999999996,0.46666666666666662
openbci,loso_arithmetic,Arithmetic LOSO,complete_settings_39_posthoc,fixed_blend_010,Fixed blend (10%),specificity,True,15,0.73333333333333328,0.41690469391639595,1,0.5,0.93333333333333335,0.43333333333333335
openbci,loso_arithmetic,Arithmetic LOSO,complete_settings_39_posthoc,fixed_blend_010,Fixed blend (10%),precision,True,8,0.70833333333333326,0.24800793638094831,0.58333333333333326,0.5625,0.875,0.3125
openbci,loso_arithmetic,Arithmetic LOSO,complete_settings_39_posthoc,fixed_blend_010,Fixed blend (10%),f1,True,15,0.39777777777777779,0.40482539184640814,0.5,0.20000000000000001,0.59333333333333338,0.39333333333333337
openbci,loso_arithmetic,Arithmetic LOSO,complete_settings_39_posthoc,fixed_blend_010,Fixed blend (10%),auroc,True,15,0.69999999999999996,0.33004328720422638,0.75,0.53333333333333333,0.84999999999999998,0.31666666666666665
openbci,loso_arithmetic,Arithmetic LOSO,complete_settings_39_posthoc,fixed_blend_010,Fixed blend (10%),pr_auc,True,15,0.76388888888888895,0.2468384751294514,0.79166666666666663,0.63611111111111107,0.87777777777777766,0.24166666666666659
openbci,loso_arithmetic,Arithmetic LOSO,complete_settings_39_posthoc,fixed_blend_010,Fixed blend (10%),average_precision,True,15,0.81111111111111112,0.19787227990155459,0.83333333333333326,0.7055555555555556,0.90000000000000013,0.19444444444444453
openbci,loso_arithmetic,Arithmetic LOSO,complete_settings_39_posthoc,fixed_blend_010,Fixed blend (10%),log_loss,False,15,0.79900555950297125,0.2891489494571679,0.80547314048024077,0.65419146082113178,0.93943485387379422,0.28524339305266244
openbci,loso_arithmetic,Arithmetic LOSO,complete_settings_39_posthoc,fixed_blend_010,Fixed blend (10%),brier_score,False,15,0.28150351963324743,0.10800328024827752,0.29512610036593939,0.22722186488495635,0.33246885793491382,0.10524699304995747
openbci,loso_arithmetic,Arithmetic LOSO,complete_settings_39_posthoc,fixed_blend_025,Fixed blend (25%),accuracy,True,15,0.58333333333333337,0.20412414523193151,0.5,0.48333333333333334,0.68333333333333335,0.20000000000000001
openbci,loso_arithmetic,Arithmetic LOSO,complete_settings_39_posthoc,fixed_blend_025,Fixed blend (25%),balanced_accuracy,True,15,0.58333333333333337,0.20412414523193151,0.5,0.48333333333333334,0.68333333333333335,0.20000000000000001
openbci,loso_arithmetic,Arithmetic LOSO,complete_settings_39_posthoc,fixed_blend_025,Fixed blend (25%),sensitivity,True,15,0.46666666666666667,0.48057505236162745,0.5,0.23333333333333334,0.69999999999999996,0.46666666666666662
openbci,loso_arithmetic,Arithmetic LOSO,complete_settings_39_posthoc,fixed_blend_025,Fixed blend (25%),specificity,True,15,0.69999999999999996,0.41403933560541251,1,0.5,0.90000000000000002,0.40000000000000002
openbci,loso_arithmetic,Arithmetic LOSO,complete_settings_39_posthoc,fixed_blend_025,Fixed blend (25%),precision,True,9,0.62962962962962954,0.33101042466147179,0.5,0.42592592592592587,0.83333333333333337,0.4074074074074075
openbci,loso_arithmetic,Arithmetic LOSO,complete_settings_39_posthoc,fixed_blend_025,Fixed blend (25%),f1,True,15,0.39777777777777779,0.40482539184640814,0.5,0.20000000000000001,0.59777777777777774,0.39777777777777773
openbci,loso_arithmetic,Arithmetic LOSO,complete_settings_39_posthoc,fixed_blend_025,Fixed blend (25%),auroc,True,15,0.71666666666666667,0.29680841985233181,0.75,0.56666666666666665,0.84999999999999998,0.28333333333333333
openbci,loso_arithmetic,Arithmetic LOSO,complete_settings_39_posthoc,fixed_blend_025,Fixed blend (25%),pr_auc,True,15,0.76666666666666672,0.24131748172092088,0.79166666666666663,0.64444444444444449,0.87777777777777766,0.23333333333333317
openbci,loso_arithmetic,Arithmetic LOSO,complete_settings_39_posthoc,fixed_blend_025,Fixed blend (25%),average_precision,True,15,0.81666666666666665,0.18687063686046271,0.83333333333333326,0.72222222222222221,0.90555555555555556,0.18333333333333335
openbci,loso_arithmetic,Arithmetic LOSO,complete_settings_39_posthoc,fixed_blend_025,Fixed blend (25%),log_loss,False,15,0.72664187451008388,0.21726670741715207,0.73420977362680517,0.61742292289845491,0.83131941458915459,0.21389649169069969
openbci,loso_arithmetic,Arithmetic LOSO,complete_settings_39_posthoc,fixed_blend_025,Fixed blend (25%),brier_score,False,15,0.26090649035102931,0.0905004170244013,0.26321092989282963,0.21493832970863672,0.30291211395637824,0.087973784247741521
openbci,loso_arithmetic,Arithmetic LOSO,complete_settings_39_posthoc,rf,Random forest,accuracy,True,15,0.55000000000000004,0.23528098702858008,0.5,0.43333333333333335,0.66666666666666663,0.23333333333333328
openbci,loso_arithmetic,Arithmetic LOSO,complete_settings_39_posthoc,rf,Random forest,balanced_accuracy,True,15,0.55000000000000004,0.23528098702858008,0.5,0.43333333333333335,0.66666666666666663,0.23333333333333328
openbci,loso_arithmetic,Arithmetic LOSO,complete_settings_39_posthoc,rf,Random forest,sensitivity,True,15,0.40000000000000002,0.43094580368566732,0.5,0.20000000000000001,0.59999999999999998,0.39999999999999997
openbci,loso_arithmetic,Arithmetic LOSO,complete_settings_39_posthoc,rf,Random forest,specificity,True,15,0.69999999999999996,0.31622776601683794,0.5,0.53333333333333333,0.83333333333333337,0.30000000000000004
openbci,loso_arithmetic,Arithmetic LOSO,complete_settings_39_posthoc,rf,Random forest,precision,True,10,0.55000000000000004,0.34291776360024362,0.58333333333333326,0.34999999999999998,0.75,0.40000000000000002
openbci,loso_arithmetic,Arithmetic LOSO,complete_settings_39_posthoc,rf,Random forest,f1,True,15,0.37111111111111111,0.38252848564262815,0.5,0.18666666666666665,0.56222222222222229,0.37555555555555564
openbci,loso_arithmetic,Arithmetic LOSO,complete_settings_39_posthoc,rf,Random forest,auroc,True,15,0.6333333333333333,0.31148645158948651,0.75,0.48333333333333334,0.78333333333333333,0.29999999999999999
openbci,loso_arithmetic,Arithmetic LOSO,complete_settings_39_posthoc,rf,Random forest,pr_auc,True,15,0.67222222222222228,0.27497594892421501,0.79166666666666663,0.5361111111111112,0.8027777777777777,0.2666666666666665
openbci,loso_arithmetic,Arithmetic LOSO,complete_settings_39_posthoc,rf,Random forest,average_precision,True,15,0.75,0.20653989967735087,0.83333333333333326,0.64444444444444449,0.84999999999999998,0.20555555555555549
openbci,loso_arithmetic,Arithmetic LOSO,complete_settings_39_posthoc,rf,Random forest,log_loss,False,15,0.69959764798221447,0.229177018954799,0.68008401744873914,0.60029947732900724,0.82361171492260055,0.22331223759359331
openbci,loso_arithmetic,Arithmetic LOSO,complete_settings_39_posthoc,rf,Random forest,brier_score,False,15,0.24589805479174626,0.077430600353190965,0.24739383697323811,0.20982850345514822,0.28496702887906894,0.075138525423920716
openbci,loso_arithmetic,Arithmetic LOSO,complete_settings_39_posthoc,riemann_mdm,Riemannian MDM,accuracy,True,15,0.55000000000000004,0.10350983390135313,0.5,0.5,0.59999999999999998,0.099999999999999978
openbci,loso_arithmetic,Arithmetic LOSO,complete_settings_39_posthoc,riemann_mdm,Riemannian MDM,balanced_accuracy,True,15,0.55000000000000004,0.10350983390135313,0.5,0.5,0.59999999999999998,0.099999999999999978
openbci,loso_arithmetic,Arithmetic LOSO,complete_settings_39_posthoc,riemann_mdm,Riemannian MDM,sensitivity,True,15,0.46666666666666667,0.39940431835899015,0.5,0.26666666666666666,0.66666666666666663,0.39999999999999997
openbci,loso_arithmetic,Arithmetic LOSO,complete_settings_39_posthoc,riemann_mdm,Riemannian MDM,specificity,True,15,0.6333333333333333,0.39940431835899021,0.5,0.43333333333333335,0.83333333333333337,0.40000000000000002
openbci,loso_arithmetic,Arithmetic LOSO,complete_settings_39_posthoc,riemann_mdm,Riemannian MDM,precision,True,10,0.61666666666666659,0.20861092617242874,0.5,0.5,0.75,0.25
openbci,loso_arithmetic,Arithmetic LOSO,complete_settings_39_posthoc,riemann_mdm,Riemannian MDM,f1,True,15,0.40888888888888886,0.31103173590606592,0.5,0.2533333333333333,0.55333333333333334,0.30000000000000004
openbci,loso_arithmetic,Arithmetic LOSO,complete_settings_39_posthoc,riemann_mdm,Riemannian MDM,auroc,True,15,0.71666666666666667,0.22886885410853172,0.75,0.59999999999999998,0.83333333333333337,0.23333333333333339
openbci,loso_arithmetic,Arithmetic LOSO,complete_settings_39_posthoc,riemann_mdm,Riemannian MDM,pr_auc,True,15,0.71666666666666656,0.24810791942729213,0.79166666666666663,0.59444444444444444,0.83333333333333337,0.23888888888888893
openbci,loso_arithmetic,Arithmetic LOSO,complete_settings_39_posthoc,riemann_mdm,Riemannian MDM,average_precision,True,15,0.78888888888888908,0.17780257763529925,0.83333333333333326,0.69999999999999996,0.87777777777777788,0.17777777777777792
openbci,loso_arithmetic,Arithmetic LOSO,complete_settings_39_posthoc,riemann_mdm,Riemannian MDM,log_loss,False,15,0.74635158545298708,0.21393558511344415,0.6846454281313118,0.64898413729537097,0.85588550299744592,0.20690136570207496
openbci,loso_arithmetic,Arithmetic LOSO,complete_settings_39_posthoc,riemann_mdm,Riemannian MDM,brier_score,False,15,0.26552795718322542,0.075840920039609877,0.24577096008019192,0.229252820901094,0.30354243280058935,0.074289611899495345
openbci,loso_arithmetic,Arithmetic LOSO,complete_settings_39_posthoc,riemann_ts_logreg,Riemannian TS-LR,accuracy,True,15,0.6166666666666667,0.1599851183555461,0.5,0.55000000000000004,0.69999999999999996,0.14999999999999991
openbci,loso_arithmetic,Arithmetic LOSO,complete_settings_39_posthoc,riemann_ts_logreg,Riemannian TS-LR,balanced_accuracy,True,15,0.6166666666666667,0.1599851183555461,0.5,0.55000000000000004,0.69999999999999996,0.14999999999999991
openbci,loso_arithmetic,Arithmetic LOSO,complete_settings_39_posthoc,riemann_ts_logreg,Riemannian TS-LR,sensitivity,True,15,0.56666666666666665,0.49521520093601251,1,0.33333333333333331,0.80000000000000004,0.46666666666666673
openbci,loso_arithmetic,Arithmetic LOSO,complete_settings_39_posthoc,riemann_ts_logreg,Riemannian TS-LR,specificity,True,15,0.66666666666666663,0.40824829046386302,1,0.46666666666666667,0.8666666666666667,0.40000000000000002
openbci,loso_arithmetic,Arithmetic LOSO,complete_settings_39_posthoc,riemann_ts_logreg,Riemannian TS-LR,precision,True,9,0.68518518518518523,0.19444444444444445,0.66666666666666663,0.57407407407407396,0.81481481481481477,0.24074074074074081
openbci,loso_arithmetic,Arithmetic LOSO,complete_settings_39_posthoc,riemann_ts_logreg,Riemannian TS-LR,f1,True,15,0.45777777777777773,0.39590496427898042,0.66666666666666663,0.25777777777777783,0.64888888888888896,0.39111111111111113
openbci,loso_arithmetic,Arithmetic LOSO,complete_settings_39_posthoc,riemann_ts_logreg,Riemannian TS-LR,auroc,True,15,0.73333333333333328,0.27494588212089682,0.75,0.58333333333333337,0.8666666666666667,0.28333333333333333
openbci,loso_arithmetic,Arithmetic LOSO,complete_settings_39_posthoc,riemann_ts_logreg,Riemannian TS-LR,pr_auc,True,15,0.75277777777777777,0.24874021211234251,0.79166666666666663,0.625,0.86666666666666659,0.24166666666666659
openbci,loso_arithmetic,Arithmetic LOSO,complete_settings_39_posthoc,riemann_ts_logreg,Riemannian TS-LR,average_precision,True,15,0.81111111111111123,0.18757714462371261,0.83333333333333326,0.71666666666666667,0.90000000000000002,0.18333333333333335
openbci,loso_arithmetic,Arithmetic LOSO,complete_settings_39_posthoc,riemann_ts_logreg,Riemannian TS-LR,log_loss,False,15,0.93726685732823778,0.42874010742872404,0.71671576207856147,0.74748483922753617,1.165664009490639,0.41817917026310281
openbci,loso_arithmetic,Arithmetic LOSO,complete_settings_39_posthoc,riemann_ts_logreg,Riemannian TS-LR,brier_score,False,15,0.30714415462140937,0.10923860743948573,0.26181220360329016,0.2550854922045323,0.36096251159254533,0.10587701938801303
openbci,loso_arithmetic,Arithmetic LOSO,complete_settings_39_posthoc,stack_recording,OOF recording-level stacking,accuracy,True,15,0.6333333333333333,0.18580583823930166,0.75,0.55000000000000004,0.71666666666666667,0.16666666666666663
openbci,loso_arithmetic,Arithmetic LOSO,complete_settings_39_posthoc,stack_recording,OOF recording-level stacking,balanced_accuracy,True,15,0.6333333333333333,0.18580583823930166,0.75,0.55000000000000004,0.71666666666666667,0.16666666666666663
openbci,loso_arithmetic,Arithmetic LOSO,complete_settings_39_posthoc,stack_recording,OOF recording-level stacking,sensitivity,True,15,0.6333333333333333,0.39940431835899015,0.5,0.43333333333333335,0.83333333333333337,0.40000000000000002
openbci,loso_arithmetic,Arithmetic LOSO,complete_settings_39_posthoc,stack_recording,OOF recording-level stacking,specificity,True,15,0.6333333333333333,0.39940431835899015,0.5,0.43333333333333335,0.83333333333333337,0.40000000000000002
openbci,loso_arithmetic,Arithmetic LOSO,complete_settings_39_posthoc,stack_recording,OOF recording-level stacking,precision,True,13,0.69230769230769229,0.30311770301376639,0.66666666666666663,0.52564102564102566,0.84615384615384603,0.32051282051282037
openbci,loso_arithmetic,Arithmetic LOSO,complete_settings_39_posthoc,stack_recording,OOF recording-level stacking,f1,True,15,0.57111111111111112,0.31493679554028803,0.66666666666666663,0.40888888888888891,0.71333333333333326,0.30444444444444435
openbci,loso_arithmetic,Arithmetic LOSO,complete_settings_39_posthoc,stack_recording,OOF recording-level stacking,auroc,True,15,0.66666666666666663,0.34931906550288594,0.75,0.5,0.81708333333332728,0.31708333333332728
openbci,loso_arithmetic,Arithmetic LOSO,complete_settings_39_posthoc,stack_recording,OOF recording-level stacking,pr_auc,True,15,0.73333333333333328,0.27039800177715695,0.79166666666666663,0.59722222222222221,0.85833333333333317,0.26111111111111096
openbci,loso_arithmetic,Arithmetic LOSO,complete_settings_39_posthoc,stack_recording,OOF recording-level stacking,average_precision,True,15,0.78888888888888897,0.21331349114072815,0.83333333333333326,0.67777777777777781,0.88333333333333341,0.2055555555555556
openbci,loso_arithmetic,Arithmetic LOSO,complete_settings_39_posthoc,stack_recording,OOF recording-level stacking,log_loss,False,15,0.67843818845049375,0.17145554440514588,0.6351068520637082,0.59527549210097319,0.7640163713231819,0.16874087922220871
openbci,loso_arithmetic,Arithmetic LOSO,complete_settings_39_posthoc,stack_recording,OOF recording-level stacking,brier_score,False,15,0.24139317073058925,0.073401023659236619,0.2304069152008642,0.2057465313418361,0.27701167704616203,0.071265145704325933
openbci,loso_stroop,Stroop LOSO,complete_settings_39_posthoc,always_fuse,Neural-classical stacking,accuracy,True,13,0.63461538461538458,0.2192645048267573,0.5,0.51923076923076927,0.75,0.23076923076923073
openbci,loso_stroop,Stroop LOSO,complete_settings_39_posthoc,always_fuse,Neural-classical stacking,balanced_accuracy,True,13,0.63461538461538458,0.2192645048267573,0.5,0.51923076923076927,0.75,0.23076923076923073
openbci,loso_stroop,Stroop LOSO,complete_settings_39_posthoc,always_fuse,Neural-classical stacking,sensitivity,True,13,0.65384615384615385,0.47366546671567089,1,0.38461538461538464,0.88461538461538458,0.49999999999999994
openbci,loso_stroop,Stroop LOSO,complete_settings_39_posthoc,always_fuse,Neural-classical stacking,specificity,True,13,0.61538461538461542,0.41602514716892181,0.5,0.38461538461538464,0.80769230769230771,0.42307692307692307
openbci,loso_stroop,Stroop LOSO,complete_settings_39_posthoc,always_fuse,Neural-classical stacking,precision,True,9,0.66666666666666663,0.22047927592204922,0.66666666666666663,0.53703703703703698,0.81481481481481477,0.27777777777777779
openbci,loso_stroop,Stroop LOSO,complete_settings_39_posthoc,always_fuse,Neural-classical stacking,f1,True,13,0.53333333333333333,0.39907299991262157,0.66666666666666663,0.31794871794871798,0.73846153846153839,0.42051282051282041
openbci,loso_stroop,Stroop LOSO,complete_settings_39_posthoc,always_fuse,Neural-classical stacking,auroc,True,13,0.73076923076923073,0.33011264588676237,0.75,0.55769230769230771,0.88461538461538458,0.32692307692307687
openbci,loso_stroop,Stroop LOSO,complete_settings_39_posthoc,always_fuse,Neural-classical stacking,pr_auc,True,13,0.75641025641025628,0.28658578167175403,0.79166666666666663,0.60256410256410264,0.90064102564102555,0.29807692307692291
openbci,loso_stroop,Stroop LOSO,complete_settings_39_posthoc,always_fuse,Neural-classical stacking,average_precision,True,13,0.8141025641025641,0.21824703063676809,0.83333333333333326,0.69230769230769229,0.92307692307692313,0.23076923076923084
openbci,loso_stroop,Stroop LOSO,complete_settings_39_posthoc,always_fuse,Neural-classical stacking,log_loss,False,13,0.6670585217924565,0.091356833421081848,0.65600469402831396,0.61944389799379473,0.7153809682106036,0.095937070216808862
openbci,loso_stroop,Stroop LOSO,complete_settings_39_posthoc,always_fuse,Neural-classical stacking,brier_score,False,13,0.23712849972481242,0.043875189789509571,0.2328496103564221,0.21429391968752778,0.26002933591318134,0.045735416225653552
openbci,loso_stroop,Stroop LOSO,complete_settings_39_posthoc,always_nn,Feature-MLP (neural reference),accuracy,True,13,0.65384615384615385,0.217429623155726,0.75,0.53846153846153844,0.76923076923076927,0.23076923076923084
openbci,loso_stroop,Stroop LOSO,complete_settings_39_posthoc,always_nn,Feature-MLP (neural reference),balanced_accuracy,True,13,0.65384615384615385,0.217429623155726,0.75,0.53846153846153844,0.76923076923076927,0.23076923076923084
openbci,loso_stroop,Stroop LOSO,complete_settings_39_posthoc,always_nn,Feature-MLP (neural reference),sensitivity,True,13,0.53846153846153844,0.47703679372151431,0.5,0.30769230769230771,0.76923076923076927,0.46153846153846156
openbci,loso_stroop,Stroop LOSO,complete_settings_39_posthoc,always_nn,Feature-MLP (neural reference),specificity,True,13,0.76923076923076927,0.33011264588676237,1,0.57692307692307687,0.92307692307692313,0.34615384615384626
openbci,loso_stroop,Stroop LOSO,complete_settings_39_posthoc,always_nn,Feature-MLP (neural reference),precision,True,8,0.75,0.23570226039551587,0.66666666666666663,0.58333333333333326,0.875,0.29166666666666674
openbci,loso_stroop,Stroop LOSO,complete_settings_39_posthoc,always_nn,Feature-MLP (neural reference),f1,True,13,0.48205128205128206,0.42264935659773417,0.66666666666666663,0.26153846153846155,0.6974358974358974,0.43589743589743585
openbci,loso_stroop,Stroop LOSO,complete_settings_39_posthoc,always_nn,Feature-MLP (neural reference),auroc,True,13,0.69230769230769229,0.35581254067635687,0.75,0.5,0.86538461538461542,0.36538461538461542
openbci,loso_stroop,Stroop LOSO,complete_settings_39_posthoc,always_nn,Feature-MLP (neural reference),pr_auc,True,13,0.74358974358974339,0.29553298223674396,0.79166666666666663,0.58012820512820518,0.89423076923076905,0.31410256410256387
openbci,loso_stroop,Stroop LOSO,complete_settings_39_posthoc,always_nn,Feature-MLP (neural reference),average_precision,True,13,0.80128205128205132,0.22704436856954921,0.83333333333333326,0.67948717948717952,0.91666666666666663,0.23717948717948711
openbci,loso_stroop,Stroop LOSO,complete_settings_39_posthoc,always_nn,Feature-MLP (neural reference),log_loss,False,13,1.5272289981767335,1.5826192843344487,0.69217618338278597,0.75304833189498754,2.3976763411142397,1.644628009219252
openbci,loso_stroop,Stroop LOSO,complete_settings_39_posthoc,always_nn,Feature-MLP (neural reference),brier_score,False,13,0.29587346818130056,0.18124467521803972,0.2401958757551228,0.19971321381347121,0.38830141595704332,0.18858820214357211
openbci,loso_stroop,Stroop LOSO,complete_settings_39_posthoc,cbsf,CB-SF,accuracy,True,13,0.57692307692307687,0.257888367819121,0.5,0.44230769230769229,0.71153846153846156,0.26923076923076927
openbci,loso_stroop,Stroop LOSO,complete_settings_39_posthoc,cbsf,CB-SF,balanced_accuracy,True,13,0.57692307692307687,0.257888367819121,0.5,0.44230769230769229,0.71153846153846156,0.26923076923076927
openbci,loso_stroop,Stroop LOSO,complete_settings_39_posthoc,cbsf,CB-SF,sensitivity,True,13,0.53846153846153844,0.47703679372151431,0.5,0.30769230769230771,0.76923076923076927,0.46153846153846156
openbci,loso_stroop,Stroop LOSO,complete_settings_39_posthoc,cbsf,CB-SF,specificity,True,13,0.61538461538461542,0.41602514716892181,0.5,0.38461538461538464,0.80769230769230771,0.42307692307692307
openbci,loso_stroop,Stroop LOSO,complete_settings_39_posthoc,cbsf,CB-SF,precision,True,9,0.61111111111111116,0.31180478223116176,0.66666666666666663,0.40740740740740738,0.79629629629629628,0.3888888888888889
openbci,loso_stroop,Stroop LOSO,complete_settings_39_posthoc,cbsf,CB-SF,f1,True,13,0.45641025641025645,0.39800070151264605,0.66666666666666663,0.24615384615384617,0.65641025641025641,0.41025641025641024
openbci,loso_stroop,Stroop LOSO,complete_settings_39_posthoc,cbsf,CB-SF,auroc,True,13,0.75,0.338501600193165,1,0.55769230769230771,0.90384615384615385,0.34615384615384615
openbci,loso_stroop,Stroop LOSO,complete_settings_39_posthoc,cbsf,CB-SF,pr_auc,True,13,0.79487179487179482,0.27557890375304894,1,0.64102564102564097,0.9294871794871794,0.28846153846153844
openbci,loso_stroop,Stroop LOSO,complete_settings_39_posthoc,cbsf,CB-SF,average_precision,True,13,0.83974358974358987,0.21371260356627761,1,0.72435897435897434,0.94230769230769229,0.21794871794871795
openbci,loso_stroop,Stroop LOSO,complete_settings_39_posthoc,cbsf,CB-SF,log_loss,False,13,0.98901891724563518,0.9568131488956495,0.68494259807199098,0.56138133578795268,1.5532195964059277,0.99183826061797498
openbci,loso_stroop,Stroop LOSO,complete_settings_39_posthoc,cbsf,CB-SF,brier_score,False,13,0.25981986365251336,0.13490940666493426,0.24016109392618926,0.19189609683012993,0.33263191075525461,0.14073581392512469
openbci,loso_stroop,Stroop LOSO,complete_settings_39_posthoc,dasf_clean,DASF,accuracy,True,13,0.65384615384615385,0.217429623155726,0.75,0.53846153846153844,0.76923076923076927,0.23076923076923084
openbci,loso_stroop,Stroop LOSO,complete_settings_39_posthoc,dasf_clean,DASF,balanced_accuracy,True,13,0.65384615384615385,0.217429623155726,0.75,0.53846153846153844,0.76923076923076927,0.23076923076923084
openbci,loso_stroop,Stroop LOSO,complete_settings_39_posthoc,dasf_clean,DASF,sensitivity,True,13,0.53846153846153844,0.47703679372151431,0.5,0.26923076923076922,0.76923076923076927,0.5
openbci,loso_stroop,Stroop LOSO,complete_settings_39_posthoc,dasf_clean,DASF,specificity,True,13,0.76923076923076927,0.33011264588676237,1,0.57692307692307687,0.92307692307692313,0.34615384615384626
openbci,loso_stroop,Stroop LOSO,complete_settings_39_posthoc,dasf_clean,DASF,precision,True,8,0.75,0.23570226039551587,0.66666666666666663,0.58333333333333326,0.91666666666666663,0.33333333333333337
openbci,loso_stroop,Stroop LOSO,complete_settings_39_posthoc,dasf_clean,DASF,f1,True,13,0.48205128205128206,0.42264935659773417,0.66666666666666663,0.26153846153846155,0.6974358974358974,0.43589743589743585
openbci,loso_stroop,Stroop LOSO,complete_settings_39_posthoc,dasf_clean,DASF,auroc,True,13,0.69230769230769229,0.35581254067635687,0.75,0.5,0.86538461538461542,0.36538461538461542
openbci,loso_stroop,Stroop LOSO,complete_settings_39_posthoc,dasf_clean,DASF,pr_auc,True,13,0.74358974358974339,0.29553298223674396,0.79166666666666663,0.58333333333333326,0.89102564102564097,0.30769230769230771
openbci,loso_stroop,Stroop LOSO,complete_settings_39_posthoc,dasf_clean,DASF,average_precision,True,13,0.80128205128205132,0.22704436856954921,0.83333333333333326,0.6794871794871794,0.91666666666666663,0.23717948717948723
openbci,loso_stroop,Stroop LOSO,complete_settings_39_posthoc,dasf_clean,DASF,log_loss,False,13,1.5272289981767335,1.5826192843344487,0.69217618338278597,0.7678007384023221,2.4139543246677739,1.6461535862654517
openbci,loso_stroop,Stroop LOSO,complete_settings_39_posthoc,dasf_clean,DASF,brier_score,False,13,0.29587346818130056,0.18124467521803972,0.2401958757551228,0.20002727556318639,0.3884743490140522,0.18844707345086581
openbci,loso_stroop,Stroop LOSO,complete_settings_39_posthoc,eeg_conformer,EEG-Conformer,accuracy,True,13,0.55769230769230771,0.14978617237881953,0.5,0.48076923076923078,0.63461538461538458,0.1538461538461538
openbci,loso_stroop,Stroop LOSO,complete_settings_39_posthoc,eeg_conformer,EEG-Conformer,balanced_accuracy,True,13,0.55769230769230771,0.14978617237881953,0.5,0.48076923076923078,0.63461538461538458,0.1538461538461538
openbci,loso_stroop,Stroop LOSO,complete_settings_39_posthoc,eeg_conformer,EEG-Conformer,sensitivity,True,13,0.73076923076923073,0.38812501290309237,1,0.5,0.92307692307692313,0.42307692307692313
openbci,loso_stroop,Stroop LOSO,complete_settings_39_posthoc,eeg_conformer,EEG-Conformer,specificity,True,13,0.38461538461538464,0.36250552604099207,0.5,0.19230769230769232,0.57692307692307687,0.38461538461538458
openbci,loso_stroop,Stroop LOSO,complete_settings_39_posthoc,eeg_conformer,EEG-Conformer,precision,True,11,0.54545454545454541,0.10777829844714387,0.5,0.48484848484848481,0.60606060606060608,0.12121212121212127
openbci,loso_stroop,Stroop LOSO,complete_settings_39_posthoc,eeg_conformer,EEG-Conformer,f1,True,13,0.55897435897435888,0.27926949885630725,0.66666666666666663,0.39993589743589747,0.68974358974358985,0.28980769230769238
openbci,loso_stroop,Stroop LOSO,complete_settings_39_posthoc,eeg_conformer,EEG-Conformer,auroc,True,13,0.75,0.3679900360969936,1,0.53846153846153844,0.92307692307692313,0.38461538461538469
openbci,loso_stroop,Stroop LOSO,complete_settings_39_posthoc,eeg_conformer,EEG-Conformer,pr_auc,True,13,0.82051282051282048,0.25819026918091842,1,0.67307692307692313,0.93926282051281818,0.26618589743589505
openbci,loso_stroop,Stroop LOSO,complete_settings_39_posthoc,eeg_conformer,EEG-Conformer,average_precision,True,13,0.85256410256410264,0.21287778551777442,1,0.73076923076923073,0.95512820512820507,0.22435897435897434
openbci,loso_stroop,Stroop LOSO,complete_settings_39_posthoc,eeg_conformer,EEG-Conformer,log_loss,False,13,0.7927974758644134,0.39863933207070662,0.63583310703055973,0.6110728153637407,1.0253437056378198,0.41427089027407915
openbci,loso_stroop,Stroop LOSO,complete_settings_39_posthoc,eeg_conformer,EEG-Conformer,brier_score,False,13,0.26284541623833368,0.10524675475390476,0.22801963018772928,0.21109620920192845,0.32042503931584704,0.10932883011391858
openbci,loso_stroop,Stroop LOSO,complete_settings_39_posthoc,eegnet,EEGNet,accuracy,True,13,0.59615384615384615,0.16261090889699772,0.5,0.51923076923076927,0.69230769230769229,0.17307692307692302
openbci,loso_stroop,Stroop LOSO,complete_settings_39_posthoc,eegnet,EEGNet,balanced_accuracy,True,13,0.59615384615384615,0.16261090889699772,0.5,0.51923076923076927,0.69230769230769229,0.17307692307692302
openbci,loso_stroop,Stroop LOSO,complete_settings_39_posthoc,eegnet,EEGNet,sensitivity,True,13,0.46153846153846156,0.43115824925128815,0.5,0.23076923076923078,0.69230769230769229,0.46153846153846151
openbci,loso_stroop,Stroop LOSO,complete_settings_39_posthoc,eegnet,EEGNet,specificity,True,13,0.73076923076923073,0.33011264588676237,1,0.53846153846153844,0.88461538461538458,0.34615384615384615
openbci,loso_stroop,Stroop LOSO,complete_settings_39_posthoc,eegnet,EEGNet,precision,True,8,0.66666666666666663,0.21821789023599236,0.58333333333333326,0.54166666666666663,0.8125,0.27083333333333337
openbci,loso_stroop,Stroop LOSO,complete_settings_39_posthoc,eegnet,EEGNet,f1,True,13,0.41794871794871796,0.37058896683007492,0.5,0.22820512820512823,0.61538461538461531,0.38717948717948708
openbci,loso_stroop,Stroop LOSO,complete_settings_39_posthoc,eegnet,EEGNet,auroc,True,13,0.88461538461538458,0.19406250645154619,1,0.76923076923076927,0.98076923076923073,0.21153846153846145
openbci,loso_stroop,Stroop LOSO,complete_settings_39_posthoc,eegnet,EEGNet,pr_auc,True,13,0.90064102564102555,0.17884213303080612,1,0.79487179487179493,0.98397435897435892,0.18910256410256399
openbci,loso_stroop,Stroop LOSO,complete_settings_39_posthoc,eegnet,EEGNet,average_precision,True,13,0.92307692307692313,0.13377331253018726,1,0.84615384615384615,0.98717948717948711,0.14102564102564097
openbci,loso_stroop,Stroop LOSO,complete_settings_39_posthoc,eegnet,EEGNet,log_loss,False,13,0.67997821652829038,0.14813798513121823,0.64648887864861404,0.61618460077027459,0.768916887218969,0.15273228644869441
openbci,loso_stroop,Stroop LOSO,complete_settings_39_posthoc,eegnet,EEGNet,brier_score,False,13,0.2406283286084655,0.054415743122463583,0.22912077013762958,0.21540759921903987,0.27146031546138583,0.056052716242345951
openbci,loso_stroop,Stroop LOSO,complete_settings_39_posthoc,equal_blend_050,Equal blend (50%),accuracy,True,13,0.63461538461538458,0.24185448051171132,0.75,0.5,0.75,0.25
openbci,loso_stroop,Stroop LOSO,complete_settings_39_posthoc,equal_blend_050,Equal blend (50%),balanced_accuracy,True,13,0.63461538461538458,0.24185448051171132,0.75,0.5,0.76923076923076927,0.26923076923076927
openbci,loso_stroop,Stroop LOSO,complete_settings_39_posthoc,equal_blend_050,Equal blend (50%),sensitivity,True,13,0.53846153846153844,0.47703679372151431,0.5,0.30769230769230771,0.76923076923076927,0.46153846153846156
openbci,loso_stroop,Stroop LOSO,complete_settings_39_posthoc,equal_blend_050,Equal blend (50%),specificity,True,13,0.73076923076923073,0.33011264588676237,1,0.53846153846153844,0.88461538461538458,0.34615384615384615
openbci,loso_stroop,Stroop LOSO,complete_settings_39_posthoc,equal_blend_050,Equal blend (50%),precision,True,9,0.66666666666666663,0.33333333333333337,0.66666666666666663,0.44444444444444442,0.85185185185185186,0.40740740740740744
openbci,loso_stroop,Stroop LOSO,complete_settings_39_posthoc,equal_blend_050,Equal blend (50%),f1,True,13,0.48205128205128206,0.42264935659773417,0.66666666666666663,0.26153846153846155,0.69743589743589751,0.43589743589743596
openbci,loso_stroop,Stroop LOSO,complete_settings_39_posthoc,equal_blend_050,Equal blend (50%),auroc,True,13,0.73076923076923073,0.33011264588676237,0.75,0.53846153846153844,0.88461538461538458,0.34615384615384615
openbci,loso_stroop,Stroop LOSO,complete_settings_39_posthoc,equal_blend_050,Equal blend (50%),pr_auc,True,13,0.77884615384615374,0.26862594864402117,0.79166666666666663,0.6314102564102565,0.91346153846153832,0.28205128205128183
openbci,loso_stroop,Stroop LOSO,complete_settings_39_posthoc,equal_blend_050,Equal blend (50%),average_precision,True,13,0.82692307692307687,0.2082264683181802,0.83333333333333326,0.71153846153846156,0.9294871794871794,0.21794871794871784
openbci,loso_stroop,Stroop LOSO,complete_settings_39_posthoc,equal_blend_050,Equal blend (50%),log_loss,False,13,0.68347083335365899,0.23253516579339653,0.64834745850841757,0.56444829494705151,0.80348294183589919,0.23903464688884768
openbci,loso_stroop,Stroop LOSO,complete_settings_39_posthoc,equal_blend_050,Equal blend (50%),brier_score,False,13,0.2412652472422698,0.10048242585778108,0.22815507649540778,0.1887083511222612,0.29327055064628943,0.10456219952402823
openbci,loso_stroop,Stroop LOSO,complete_settings_39_posthoc,extra_trees,Extra Trees,accuracy,True,13,0.61538461538461542,0.16505632294338121,0.5,0.53846153846153844,0.71153846153846156,0.17307692307692313
openbci,loso_stroop,Stroop LOSO,complete_settings_39_posthoc,extra_trees,Extra Trees,balanced_accuracy,True,13,0.61538461538461542,0.16505632294338121,0.5,0.53846153846153844,0.71153846153846156,0.17307692307692313
openbci,loso_stroop,Stroop LOSO,complete_settings_39_posthoc,extra_trees,Extra Trees,sensitivity,True,13,0.34615384615384615,0.42742520713255516,0,0.15384615384615385,0.57692307692307687,0.42307692307692302
openbci,loso_stroop,Stroop LOSO,complete_settings_39_posthoc,extra_trees,Extra Trees,specificity,True,13,0.88461538461538458,0.2192645048267573,1,0.76923076923076927,1,0.23076923076923073
openbci,loso_stroop,Stroop LOSO,complete_settings_39_posthoc,extra_trees,Extra Trees,precision,True,6,0.80555555555555547,0.22152668930418762,0.83333333333333326,0.63888888888888884,0.94444444444444453,0.30555555555555569
openbci,loso_stroop,Stroop LOSO,complete_settings_39_posthoc,extra_trees,Extra Trees,f1,True,13,0.34102564102564104,0.39864442667291722,0,0.141025641025641,0.55384615384615388,0.41282051282051291
openbci,loso_stroop,Stroop LOSO,complete_settings_39_posthoc,extra_trees,Extra Trees,auroc,True,13,0.75,0.3227486121839514,1,0.57692307692307687,0.90384615384615385,0.32692307692307698
openbci,loso_stroop,Stroop LOSO,complete_settings_39_posthoc,extra_trees,Extra Trees,pr_auc,True,13,0.74999999999999989,0.30190368221227998,1,0.58653846153846156,0.90064102564102555,0.31410256410256399
openbci,loso_stroop,Stroop LOSO,complete_settings_39_posthoc,extra_trees,Extra Trees,average_precision,True,13,0.8141025641025641,0.22606191320960861,1,0.69230769230769229,0.92307692307692313,0.23076923076923084
openbci,loso_stroop,Stroop LOSO,complete_settings_39_posthoc,extra_trees,Extra Trees,log_loss,False,13,0.64668384109481691,0.12347911728215032,0.61693155961988444,0.58567452846808288,0.71254102901275784,0.12686650054467496
openbci,loso_stroop,Stroop LOSO,complete_settings_39_posthoc,extra_trees,Extra Trees,brier_score,False,13,0.2301302322367125,0.053862968951164568,0.21734554836281561,0.20305762013954176,0.25880242249980701,0.055744802360265244
openbci,loso_stroop,Stroop LOSO,complete_settings_39_posthoc,fixed_blend_010,Fixed blend (10%),accuracy,True,13,0.63461538461538458,0.24185448051171132,0.75,0.5,0.75,0.25
openbci,loso_stroop,Stroop LOSO,complete_settings_39_posthoc,fixed_blend_010,Fixed blend (10%),balanced_accuracy,True,13,0.63461538461538458,0.24185448051171132,0.75,0.5,0.75,0.25
openbci,loso_stroop,Stroop LOSO,complete_settings_39_posthoc,fixed_blend_010,Fixed blend (10%),sensitivity,True,13,0.53846153846153844,0.47703679372151431,0.5,0.30673076923077014,0.76923076923076927,0.46249999999999913
openbci,loso_stroop,Stroop LOSO,complete_settings_39_posthoc,fixed_blend_010,Fixed blend (10%),specificity,True,13,0.73076923076923073,0.33011264588676237,1,0.53846153846153844,0.88461538461538458,0.34615384615384615
openbci,loso_stroop,Stroop LOSO,complete_settings_39_posthoc,fixed_blend_010,Fixed blend (10%),precision,True,9,0.66666666666666663,0.33333333333333337,0.66666666666666663,0.44444444444444442,0.85185185185185186,0.40740740740740744
openbci,loso_stroop,Stroop LOSO,complete_settings_39_posthoc,fixed_blend_010,Fixed blend (10%),f1,True,13,0.48205128205128206,0.42264935659773417,0.66666666666666663,0.26153846153846155,0.70256410256410262,0.44102564102564107
openbci,loso_stroop,Stroop LOSO,complete_settings_39_posthoc,fixed_blend_010,Fixed blend (10%),auroc,True,13,0.71153846153846156,0.33612612101824108,0.75,0.51923076923076927,0.86538461538461542,0.34615384615384615
openbci,loso_stroop,Stroop LOSO,complete_settings_39_posthoc,fixed_blend_010,Fixed blend (10%),pr_auc,True,13,0.77243589743589725,0.26928799758070476,0.79166666666666663,0.625,0.90064102564102566,0.27564102564102566
openbci,loso_stroop,Stroop LOSO,complete_settings_39_posthoc,fixed_blend_010,Fixed blend (10%),average_precision,True,13,0.8205128205128206,0.20929266304249372,0.83333333333333326,0.70512820512820507,0.92307692307692313,0.21794871794871806
openbci,loso_stroop,Stroop LOSO,complete_settings_39_posthoc,fixed_blend_010,Fixed blend (10%),log_loss,False,13,0.85223406840683724,0.5142190271834457,0.6764907194275025,0.58903226191931235,1.1250048028426793,0.53597254092336699
openbci,loso_stroop,Stroop LOSO,complete_settings_39_posthoc,fixed_blend_010,Fixed blend (10%),brier_score,False,13,0.27602373866500896,0.15784421152701694,0.23835866527708643,0.19319699020653644,0.35872130556963577,0.16552431536309933
openbci,loso_stroop,Stroop LOSO,complete_settings_39_posthoc,fixed_blend_025,Fixed blend (25%),accuracy,True,13,0.63461538461538458,0.24185448051171132,0.75,0.5,0.75,0.25
openbci,loso_stroop,Stroop LOSO,complete_settings_39_posthoc,fixed_blend_025,Fixed blend (25%),balanced_accuracy,True,13,0.63461538461538458,0.24185448051171132,0.75,0.5,0.76923076923076927,0.26923076923076927
openbci,loso_stroop,Stroop LOSO,complete_settings_39_posthoc,fixed_blend_025,Fixed blend (25%),sensitivity,True,13,0.53846153846153844,0.47703679372151431,0.5,0.30769230769230771,0.76923076923076927,0.46153846153846156
openbci,loso_stroop,Stroop LOSO,complete_settings_39_posthoc,fixed_blend_025,Fixed blend (25%),specificity,True,13,0.73076923076923073,0.33011264588676237,1,0.53846153846153844,0.88461538461538458,0.34615384615384615
openbci,loso_stroop,Stroop LOSO,complete_settings_39_posthoc,fixed_blend_025,Fixed blend (25%),precision,True,9,0.66666666666666663,0.33333333333333337,0.66666666666666663,0.44444444444444442,0.85185185185185186,0.40740740740740744
openbci,loso_stroop,Stroop LOSO,complete_settings_39_posthoc,fixed_blend_025,Fixed blend (25%),f1,True,13,0.48205128205128206,0.42264935659773417,0.66666666666666663,0.25641025641025639,0.6974358974358974,0.44102564102564101
openbci,loso_stroop,Stroop LOSO,complete_settings_39_posthoc,fixed_blend_025,Fixed blend (25%),auroc,True,13,0.73076923076923073,0.33011264588676237,0.75,0.55721153846153892,0.88461538461538458,0.32740384615384566
openbci,loso_stroop,Stroop LOSO,complete_settings_39_posthoc,fixed_blend_025,Fixed blend (25%),pr_auc,True,13,0.77884615384615374,0.26862594864402117,0.79166666666666663,0.63461538461538458,0.91025641025641013,0.27564102564102555
openbci,loso_stroop,Stroop LOSO,complete_settings_39_posthoc,fixed_blend_025,Fixed blend (25%),average_precision,True,13,0.82692307692307687,0.2082264683181802,0.83333333333333326,0.71794871794871784,0.92948717948717952,0.21153846153846168
openbci,loso_stroop,Stroop LOSO,complete_settings_39_posthoc,fixed_blend_025,Fixed blend (25%),log_loss,False,13,0.74732752947285419,0.35833765881362378,0.6615706949799075,0.563822490780301,0.94074427159319984,0.37692178081289884
openbci,loso_stroop,Stroop LOSO,complete_settings_39_posthoc,fixed_blend_025,Fixed blend (25%),brier_score,False,13,0.25818697582064593,0.13441403508391794,0.23362772208197763,0.18822375919451922,0.32675109545101561,0.13852733625649638
openbci,loso_stroop,Stroop LOSO,complete_settings_39_posthoc,rf,Random forest,accuracy,True,13,0.55769230769230771,0.18125276302049606,0.5,0.48076923076923078,0.65384615384615385,0.17307692307692307
openbci,loso_stroop,Stroop LOSO,complete_settings_39_posthoc,rf,Random forest,balanced_accuracy,True,13,0.55769230769230771,0.18125276302049606,0.5,0.48076923076923078,0.65384615384615385,0.17307692307692307
openbci,loso_stroop,Stroop LOSO,complete_settings_39_posthoc,rf,Random forest,sensitivity,True,13,0.23076923076923078,0.38812501290309237,0,0.038461538461538464,0.46153846153846156,0.42307692307692313
openbci,loso_stroop,Stroop LOSO,complete_settings_39_posthoc,rf,Random forest,specificity,True,13,0.88461538461538458,0.2192645048267573,1,0.76923076923076927,1,0.23076923076923073
openbci,loso_stroop,Stroop LOSO,complete_settings_39_posthoc,rf,Random forest,precision,True,5,0.6333333333333333,0.41499665326629109,0.66666666666666663,0.29999999999999999,0.93333333333333324,0.6333333333333333
openbci,loso_stroop,Stroop LOSO,complete_settings_39_posthoc,rf,Random forest,f1,True,13,0.22820512820512823,0.37164453193832692,0,0.05128205128205128,0.43852564102564007,0.3872435897435888
openbci,loso_stroop,Stroop LOSO,complete_settings_39_posthoc,rf,Random forest,auroc,True,13,0.76923076923076927,0.31393899456374053,1,0.59615384615384615,0.92307692307692313,0.32692307692307698
openbci,loso_stroop,Stroop LOSO,complete_settings_39_posthoc,rf,Random forest,pr_auc,True,13,0.8012820512820511,0.26470297281606758,1,0.65384615384615385,0.9294871794871794,0.27564102564102555
openbci,loso_stroop,Stroop LOSO,complete_settings_39_posthoc,rf,Random forest,average_precision,True,13,0.84615384615384615,0.2036875155442866,1,0.73076923076923073,0.94230769230769229,0.21153846153846156
openbci,loso_stroop,Stroop LOSO,complete_settings_39_posthoc,rf,Random forest,log_loss,False,13,0.68695733510217138,0.18427679987739559,0.66569447324571041,0.59843387089615552,0.78903221372064636,0.19059834282449084
openbci,loso_stroop,Stroop LOSO,complete_settings_39_posthoc,rf,Random forest,brier_score,False,13,0.24534754278240439,0.07439640170445512,0.24215259371039743,0.20799623384227556,0.28606336466823201,0.078067130825956454
openbci,loso_stroop,Stroop LOSO,complete_settings_39_posthoc,riemann_mdm,Riemannian MDM,accuracy,True,13,0.61538461538461542,0.24185448051171132,0.5,0.5,0.75,0.25
openbci,loso_stroop,Stroop LOSO,complete_settings_39_posthoc,riemann_mdm,Riemannian MDM,balanced_accuracy,True,13,0.61538461538461542,0.24185448051171132,0.5,0.48076923076923078,0.73076923076923073,0.24999999999999994
openbci,loso_stroop,Stroop LOSO,complete_settings_39_posthoc,riemann_mdm,Riemannian MDM,sensitivity,True,13,0.57692307692307687,0.40032038451271784,0.5,0.38461538461538464,0.76923076923076927,0.38461538461538464
openbci,loso_stroop,Stroop LOSO,complete_settings_39_posthoc,riemann_mdm,Riemannian MDM,specificity,True,13,0.65384615384615385,0.42742520713255516,1,0.42307692307692307,0.88461538461538458,0.46153846153846151
openbci,loso_stroop,Stroop LOSO,complete_settings_39_posthoc,riemann_mdm,Riemannian MDM,precision,True,10,0.69999999999999996,0.28109134757052262,0.66666666666666663,0.53333333333333333,0.86666666666666659,0.33333333333333326
openbci,loso_stroop,Stroop LOSO,complete_settings_39_posthoc,riemann_mdm,Riemannian MDM,f1,True,13,0.53076923076923088,0.3560226632563393,0.66666666666666663,0.34102564102564104,0.71282051282051284,0.37179487179487181
openbci,loso_stroop,Stroop LOSO,complete_settings_39_posthoc,riemann_mdm,Riemannian MDM,auroc,True,13,0.69230769230769229,0.29143763901716163,0.75,0.53846153846153844,0.84615384615384615,0.30769230769230771
openbci,loso_stroop,Stroop LOSO,complete_settings_39_posthoc,riemann_mdm,Riemannian MDM,pr_auc,True,13,0.70833333333333326,0.28514534955066406,0.79166666666666663,0.5576923076923076,0.85576923076923062,0.29807692307692302
openbci,loso_stroop,Stroop LOSO,complete_settings_39_posthoc,riemann_mdm,Riemannian MDM,average_precision,True,13,0.78205128205128216,0.20844014355995213,0.83333333333333326,0.67307692307692313,0.89102564102564108,0.21794871794871795
openbci,loso_stroop,Stroop LOSO,complete_settings_39_posthoc,riemann_mdm,Riemannian MDM,log_loss,False,13,0.88553042173674001,0.56203562155106845,0.66509061945692061,0.63831314303846598,1.220477025491564,0.58216388245309802
openbci,loso_stroop,Stroop LOSO,complete_settings_39_posthoc,riemann_mdm,Riemannian MDM,brier_score,False,13,0.2820702008125901,0.12960528988389472,0.23481961893683362,0.2209304310481455,0.35580865931115996,0.13487822826301446
openbci,loso_stroop,Stroop LOSO,complete_settings_39_posthoc,riemann_ts_logreg,Riemannian TS-LR,accuracy,True,13,0.48076923076923078,0.16012815380508713,0.5,0.40384615384615385,0.55769230769230771,0.15384615384615385
openbci,loso_stroop,Stroop LOSO,complete_settings_39_posthoc,riemann_ts_logreg,Riemannian TS-LR,balanced_accuracy,True,13,0.48076923076923078,0.16012815380508713,0.5,0.40384615384615385,0.55769230769230771,0.15384615384615385
openbci,loso_stroop,Stroop LOSO,complete_settings_39_posthoc,riemann_ts_logreg,Riemannian TS-LR,sensitivity,True,13,0.38461538461538464,0.41602514716892186,0.5,0.15384615384615385,0.61538461538461542,0.46153846153846156
openbci,loso_stroop,Stroop LOSO,complete_settings_39_posthoc,riemann_ts_logreg,Riemannian TS-LR,specificity,True,13,0.57692307692307687,0.44935851713645852,0.5,0.34615384615384615,0.80769230769230771,0.46153846153846156
openbci,loso_stroop,Stroop LOSO,complete_settings_39_posthoc,riemann_ts_logreg,Riemannian TS-LR,precision,True,9,0.48148148148148145,0.35789163129792018,0.5,0.2592592592592593,0.70370370370370372,0.44444444444444442
openbci,loso_stroop,Stroop LOSO,complete_settings_39_posthoc,riemann_ts_logreg,Riemannian TS-LR,f1,True,13,0.32564102564102559,0.323222731986682,0.40000000000000002,0.15384615384615385,0.5,0.34615384615384615
openbci,loso_stroop,Stroop LOSO,complete_settings_39_posthoc,riemann_ts_logreg,Riemannian TS-LR,auroc,True,13,0.59615384615384615,0.38915589124707811,0.5,0.38461538461538464,0.78846153846153844,0.4038461538461538
openbci,loso_stroop,Stroop LOSO,complete_settings_39_posthoc,riemann_ts_logreg,Riemannian TS-LR,pr_auc,True,13,0.68269230769230771,0.30785363470139576,0.70833333333333326,0.51923076923076927,0.83974358974358965,0.32051282051282037
openbci,loso_stroop,Stroop LOSO,complete_settings_39_posthoc,riemann_ts_logreg,Riemannian TS-LR,average_precision,True,13,0.75,0.24056261216234409,0.75,0.62179487179487181,0.8717948717948717,0.24999999999999989
openbci,loso_stroop,Stroop LOSO,complete_settings_39_posthoc,riemann_ts_logreg,Riemannian TS-LR,log_loss,False,13,0.97811543493001885,0.45754297688144729,0.78890516307231873,0.7627451518447006,1.228083451913472,0.46533830006877142
openbci,loso_stroop,Stroop LOSO,complete_settings_39_posthoc,riemann_ts_logreg,Riemannian TS-LR,brier_score,False,13,0.3140635977415171,0.097805366242208785,0.29721923970875869,0.26442100127793167,0.36543740459749879,0.10101640331956713
openbci,loso_stroop,Stroop LOSO,complete_settings_39_posthoc,stack_recording,OOF recording-level stacking,accuracy,True,13,0.59615384615384615,0.217429623155726,0.5,0.48076923076923078,0.71153846153846156,0.23076923076923078
openbci,loso_stroop,Stroop LOSO,complete_settings_39_posthoc,stack_recording,OOF recording-level stacking,balanced_accuracy,True,13,0.59615384615384615,0.217429623155726,0.5,0.48076923076923078,0.71153846153846156,0.23076923076923078
openbci,loso_stroop,Stroop LOSO,complete_settings_39_posthoc,stack_recording,OOF recording-level stacking,sensitivity,True,13,0.65384615384615385,0.47366546671567089,1,0.38461538461538464,0.88461538461538458,0.49999999999999994
openbci,loso_stroop,Stroop LOSO,complete_settings_39_posthoc,stack_recording,OOF recording-level stacking,specificity,True,13,0.53846153846153844,0.47703679372151431,0.5,0.30769230769230771,0.76923076923076927,0.46153846153846156
openbci,loso_stroop,Stroop LOSO,complete_settings_39_posthoc,stack_recording,OOF recording-level stacking,precision,True,9,0.62962962962962954,0.2324055629261321,0.5,0.49999999999999989,0.77777777777777779,0.2777777777777779
openbci,loso_stroop,Stroop LOSO,complete_settings_39_posthoc,stack_recording,OOF recording-level stacking,f1,True,13,0.51282051282051289,0.38718797749223816,0.66666666666666663,0.30769230769230765,0.70769230769230773,0.40000000000000008
openbci,loso_stroop,Stroop LOSO,complete_settings_39_posthoc,stack_recording,OOF recording-level stacking,auroc,True,13,0.71153846153846156,0.33612612101824108,0.75,0.51923076923076927,0.88461538461538458,0.36538461538461531
openbci,loso_stroop,Stroop LOSO,complete_settings_39_posthoc,stack_recording,OOF recording-level stacking,pr_auc,True,13,0.77243589743589725,0.26928799758070476,0.79166666666666663,0.625,0.90064102564102566,0.27564102564102566
openbci,loso_stroop,Stroop LOSO,complete_settings_39_posthoc,stack_recording,OOF recording-level stacking,average_precision,True,13,0.8205128205128206,0.20929266304249372,0.83333333333333326,0.70512820512820507,0.92307692307692313,0.21794871794871806
openbci,loso_stroop,Stroop LOSO,complete_settings_39_posthoc,stack_recording,OOF recording-level stacking,log_loss,False,13,0.73608594913643222,0.22957008150548469,0.65014634758138867,0.62421445729488334,0.86239493637298614,0.2381804790781028
openbci,loso_stroop,Stroop LOSO,complete_settings_39_posthoc,stack_recording,OOF recording-level stacking,brier_score,False,13,0.25834918199137785,0.085642639295473055,0.2308132884546327,0.21523219641865507,0.30425328585339145,0.089021089434736383
