dataset,protocol,subject,direction,recording_id,method,true_label,p0,p1,pred_label,correct,n_windows,ensemble_size
openbci,cross_task,1,arithmetic_to_stroop,stroop:s01:r1,always_fuse,0,0.4713684192420679,0.52863158075793204,1,0,148,5
openbci,cross_task,1,arithmetic_to_stroop,stroop:s01:r1,always_nn,0,0.24618028278273571,0.75381971721726415,1,0,148,5
openbci,cross_task,1,arithmetic_to_stroop,stroop:s01:r1,cbsf,0,0.4442429273720912,0.55575707262790874,1,0,148,5
openbci,cross_task,1,arithmetic_to_stroop,stroop:s01:r1,dasf_clean,0,0.4713684192420679,0.52863158075793204,1,0,148,5
openbci,cross_task,1,arithmetic_to_stroop,stroop:s01:r1,eeg_conformer,0,0.22105597323236581,0.77894402676763397,1,0,148,5
openbci,cross_task,1,arithmetic_to_stroop,stroop:s01:r1,eegnet,0,0.97821429911402924,0.021785700885970701,0,1,148,5
openbci,cross_task,1,arithmetic_to_stroop,stroop:s01:r1,equal_blend_050,0,0.39735449730854228,0.60264550269145745,1,0,148,5
openbci,cross_task,1,arithmetic_to_stroop,stroop:s01:r1,extra_trees,0,0.22326245983277901,0.77673754016722085,1,0,148,5
openbci,cross_task,1,arithmetic_to_stroop,stroop:s01:r1,fixed_blend_010,0,0.29996176121335377,0.70003823878664595,1,0,148,5
openbci,cross_task,1,arithmetic_to_stroop,stroop:s01:r1,fixed_blend_025,0,0.34568345286296742,0.65431654713703247,1,0,148,5
openbci,cross_task,1,arithmetic_to_stroop,stroop:s01:r1,rf,0,0.23810597438513681,0.76189402561486297,1,0,148,5
openbci,cross_task,1,arithmetic_to_stroop,stroop:s01:r1,riemann_mdm,0,0.12565594366657229,0.8743440563334276,1,0,148,5
openbci,cross_task,1,arithmetic_to_stroop,stroop:s01:r1,riemann_ts_logreg,0,0.0121105979875118,0.98788940201248798,1,0,148,5
openbci,cross_task,1,arithmetic_to_stroop,stroop:s01:r1,stack_recording,0,0.53297412863738491,0.46702587136261497,0,1,148,5
openbci,cross_task,1,arithmetic_to_stroop,stroop:s01:r2,always_fuse,1,0.48869352562033008,0.51130647437966981,1,1,139,5
openbci,cross_task,1,arithmetic_to_stroop,stroop:s01:r2,always_nn,1,0.42892399582671131,0.57107600417328852,1,1,139,5
openbci,cross_task,1,arithmetic_to_stroop,stroop:s01:r2,cbsf,1,0.48076143543197392,0.5192385645680262,1,1,139,5
openbci,cross_task,1,arithmetic_to_stroop,stroop:s01:r2,dasf_clean,1,0.48869352562033008,0.51130647437966981,1,1,139,5
openbci,cross_task,1,arithmetic_to_stroop,stroop:s01:r2,eeg_conformer,1,0.2109175324905822,0.78908246750941757,1,1,139,5
openbci,cross_task,1,arithmetic_to_stroop,stroop:s01:r2,eegnet,1,0.97598142437017765,0.0240185756298225,0,0,139,5
openbci,cross_task,1,arithmetic_to_stroop,stroop:s01:r2,equal_blend_050,1,0.46734806849432858,0.53265193150567125,1,1,139,5
openbci,cross_task,1,arithmetic_to_stroop,stroop:s01:r2,extra_trees,1,0.34745792759333771,0.65254207240666218,1,1,139,5
openbci,cross_task,1,arithmetic_to_stroop,stroop:s01:r2,fixed_blend_010,1,0.44141684404324832,0.55858315595675145,1,1,139,5
openbci,cross_task,1,arithmetic_to_stroop,stroop:s01:r2,fixed_blend_025,1,0.45320242566199898,0.5467975743380008,1,1,139,5
openbci,cross_task,1,arithmetic_to_stroop,stroop:s01:r2,rf,1,0.35341332029657341,0.64658667970342643,1,1,139,5
openbci,cross_task,1,arithmetic_to_stroop,stroop:s01:r2,riemann_mdm,1,0.18076166072346189,0.819238339276538,1,1,139,5
openbci,cross_task,1,arithmetic_to_stroop,stroop:s01:r2,riemann_ts_logreg,1,0.35940158839554442,0.64059841160445563,1,1,139,5
openbci,cross_task,1,arithmetic_to_stroop,stroop:s01:r2,stack_recording,1,0.60336698715590331,0.39663301284409652,0,0,139,5
openbci,cross_task,1,arithmetic_to_stroop,stroop:s01:r3,always_fuse,1,0.385468064427335,0.61453193557266494,1,1,209,5
openbci,cross_task,1,arithmetic_to_stroop,stroop:s01:r3,always_nn,1,0.081205134967149997,0.91879486503284957,1,1,209,5
openbci,cross_task,1,arithmetic_to_stroop,stroop:s01:r3,cbsf,1,0.336826851378832,0.66317314862116794,1,1,209,5
openbci,cross_task,1,arithmetic_to_stroop,stroop:s01:r3,dasf_clean,1,0.385468064427335,0.61453193557266494,1,1,209,5
openbci,cross_task,1,arithmetic_to_stroop,stroop:s01:r3,eeg_conformer,1,0.1222503447086787,0.87774965529132121,1,1,209,5
openbci,cross_task,1,arithmetic_to_stroop,stroop:s01:r3,eegnet,1,0.97384568850248243,0.0261543114975176,0,0,209,5
openbci,cross_task,1,arithmetic_to_stroop,stroop:s01:r3,equal_blend_050,1,0.2587630433998957,0.74123695660010425,1,1,209,5
openbci,cross_task,1,arithmetic_to_stroop,stroop:s01:r3,extra_trees,1,0.14352890039571481,0.85647109960428502,1,1,209,5
openbci,cross_task,1,arithmetic_to_stroop,stroop:s01:r3,fixed_blend_010,1,0.12996846646200511,0.87003153353799467,1,1,209,5
openbci,cross_task,1,arithmetic_to_stroop,stroop:s01:r3,fixed_blend_025,1,0.1842157734094941,0.81578422659050565,1,1,209,5
openbci,cross_task,1,arithmetic_to_stroop,stroop:s01:r3,rf,1,0.16899322704648501,0.83100677295351477,1,1,209,5
openbci,cross_task,1,arithmetic_to_stroop,stroop:s01:r3,riemann_mdm,1,0.0367153920000566,0.9632846079999432,1,1,209,5
openbci,cross_task,1,arithmetic_to_stroop,stroop:s01:r3,riemann_ts_logreg,1,0.0064646744684015,0.9935353255315984,1,1,209,5
openbci,cross_task,1,arithmetic_to_stroop,stroop:s01:r3,stack_recording,1,0.36754489322382072,0.63245510677617922,1,1,209,5
openbci,cross_task,1,stroop_to_arithmetic,arithmetic:s01:r1,always_fuse,0,0.49855066773988682,0.50144933226011312,1,0,152,5
openbci,cross_task,1,stroop_to_arithmetic,arithmetic:s01:r1,always_nn,0,0.67584432468713806,0.32415567531286182,0,1,152,5
openbci,cross_task,1,stroop_to_arithmetic,arithmetic:s01:r1,cbsf,0,0.51275713220403185,0.4872428677959682,0,1,152,5
openbci,cross_task,1,stroop_to_arithmetic,arithmetic:s01:r1,dasf_clean,0,0.49855066773988682,0.50144933226011312,1,0,152,5
openbci,cross_task,1,stroop_to_arithmetic,arithmetic:s01:r1,eeg_conformer,0,0.59031417645800555,0.40968582354199412,0,1,152,5
openbci,cross_task,1,stroop_to_arithmetic,arithmetic:s01:r1,eegnet,0,0.81169278248830512,0.1883072175116948,0,1,152,5
openbci,cross_task,1,stroop_to_arithmetic,arithmetic:s01:r1,equal_blend_050,0,0.53838676693602783,0.46161323306397212,0,1,152,5
openbci,cross_task,1,stroop_to_arithmetic,arithmetic:s01:r1,extra_trees,0,0.484452607938685,0.51554739206131495,1,0,152,5
openbci,cross_task,1,stroop_to_arithmetic,arithmetic:s01:r1,fixed_blend_010,0,0.60931524849950491,0.39068475150049492,0,1,152,5
openbci,cross_task,1,stroop_to_arithmetic,arithmetic:s01:r1,fixed_blend_025,0,0.57148705835837454,0.4285129416416254,0,1,152,5
openbci,cross_task,1,stroop_to_arithmetic,arithmetic:s01:r1,rf,0,0.49022848832545662,0.50977151167454327,1,0,152,5
openbci,cross_task,1,stroop_to_arithmetic,arithmetic:s01:r1,riemann_mdm,0,0.45107803985763378,0.54892196014236616,1,0,152,5
openbci,cross_task,1,stroop_to_arithmetic,arithmetic:s01:r1,riemann_ts_logreg,0,0.83950689740250606,0.16049310259749389,0,1,152,5
openbci,cross_task,1,stroop_to_arithmetic,arithmetic:s01:r1,stack_recording,0,0.52005973256227367,0.47994026743772622,0,1,152,5
openbci,cross_task,1,stroop_to_arithmetic,arithmetic:s01:r2,always_fuse,1,0.49707440051639268,0.50292559948360704,1,1,169,5
openbci,cross_task,1,stroop_to_arithmetic,arithmetic:s01:r2,always_nn,1,0.69032502946941543,0.30967497053058451,0,0,169,5
openbci,cross_task,1,stroop_to_arithmetic,arithmetic:s01:r2,cbsf,1,0.51466430180934242,0.48533569819065742,0,0,169,5
openbci,cross_task,1,stroop_to_arithmetic,arithmetic:s01:r2,dasf_clean,1,0.49707440051639268,0.50292559948360704,1,1,169,5
openbci,cross_task,1,stroop_to_arithmetic,arithmetic:s01:r2,eeg_conformer,1,0.5863883599904699,0.41361164000952988,0,0,169,5
openbci,cross_task,1,stroop_to_arithmetic,arithmetic:s01:r2,eegnet,1,0.81454883332878314,0.1854511666712168,0,0,169,5
openbci,cross_task,1,stroop_to_arithmetic,arithmetic:s01:r2,equal_blend_050,1,0.54475178868427665,0.45524821131572318,0,0,169,5
openbci,cross_task,1,stroop_to_arithmetic,arithmetic:s01:r2,extra_trees,1,0.46493808613682902,0.53506191386317081,1,1,169,5
openbci,cross_task,1,stroop_to_arithmetic,arithmetic:s01:r2,fixed_blend_010,1,0.61513093768278615,0.38486906231721357,0,0,169,5
openbci,cross_task,1,stroop_to_arithmetic,arithmetic:s01:r2,fixed_blend_025,1,0.5796156438215303,0.42038435617846948,0,0,169,5
openbci,cross_task,1,stroop_to_arithmetic,arithmetic:s01:r2,rf,1,0.49079321471483373,0.50920678528516605,1,1,169,5
openbci,cross_task,1,stroop_to_arithmetic,arithmetic:s01:r2,riemann_mdm,1,0.46989588765800611,0.53010411234199384,1,1,169,5
openbci,cross_task,1,stroop_to_arithmetic,arithmetic:s01:r2,riemann_ts_logreg,1,0.89766142579549191,0.10233857420450811,0,0,169,5
openbci,cross_task,1,stroop_to_arithmetic,arithmetic:s01:r2,stack_recording,1,0.52487340078265132,0.47512659921734862,0,0,169,5
openbci,cross_task,1,stroop_to_arithmetic,arithmetic:s01:r3,always_fuse,1,0.46862886002275128,0.53137113997724861,1,1,218,5
openbci,cross_task,1,stroop_to_arithmetic,arithmetic:s01:r3,always_nn,1,0.26132263236230041,0.73867736763769953,1,1,218,5
openbci,cross_task,1,stroop_to_arithmetic,arithmetic:s01:r3,cbsf,1,0.4373376968833087,0.56266230311669108,1,1,218,5
openbci,cross_task,1,stroop_to_arithmetic,arithmetic:s01:r3,dasf_clean,1,0.46862886002275128,0.53137113997724861,1,1,218,5
openbci,cross_task,1,stroop_to_arithmetic,arithmetic:s01:r3,eeg_conformer,1,0.55985376212274451,0.44014623787725538,0,0,218,5
openbci,cross_task,1,stroop_to_arithmetic,arithmetic:s01:r3,eegnet,1,0.80969851631031975,0.1903014836896802,0,0,218,5
openbci,cross_task,1,stroop_to_arithmetic,arithmetic:s01:r3,equal_blend_050,1,0.38662786909093622,0.61337213090906373,1,1,218,5
openbci,cross_task,1,stroop_to_arithmetic,arithmetic:s01:r3,extra_trees,1,0.39413331163509452,0.60586668836490543,1,1,218,5
openbci,cross_task,1,stroop_to_arithmetic,arithmetic:s01:r3,fixed_blend_010,1,0.29702326525612432,0.70297673474387545,1,1,218,5
openbci,cross_task,1,stroop_to_arithmetic,arithmetic:s01:r3,fixed_blend_025,1,0.33609346251387262,0.66390653748612727,1,1,218,5
openbci,cross_task,1,stroop_to_arithmetic,arithmetic:s01:r3,rf,1,0.41397066010542721,0.58602933989457273,1,1,218,5
openbci,cross_task,1,stroop_to_arithmetic,arithmetic:s01:r3,riemann_mdm,1,0.39838684194501628,0.60161315805498361,1,1,218,5
openbci,cross_task,1,stroop_to_arithmetic,arithmetic:s01:r3,riemann_ts_logreg,1,0.76329502335229515,0.23670497664770479,0,0,218,5
openbci,cross_task,1,stroop_to_arithmetic,arithmetic:s01:r3,stack_recording,1,0.39579015004660761,0.60420984995339233,1,1,218,5
openbci,cross_task,2,arithmetic_to_stroop,stroop:s02:r1,always_fuse,0,0.49707734132630033,0.50292265867369956,1,0,95,5
openbci,cross_task,2,arithmetic_to_stroop,stroop:s02:r1,always_nn,0,0.94603095105287915,0.0539690489471207,0,1,95,5
openbci,cross_task,2,arithmetic_to_stroop,stroop:s02:r1,cbsf,0,0.54663924782351381,0.45336075217648603,0,1,95,5
openbci,cross_task,2,arithmetic_to_stroop,stroop:s02:r1,dasf_clean,0,0.49707734132630033,0.50292265867369956,1,0,95,5
openbci,cross_task,2,arithmetic_to_stroop,stroop:s02:r1,eeg_conformer,0,0.2378928195576713,0.76210718044232861,1,0,95,5
openbci,cross_task,2,arithmetic_to_stroop,stroop:s02:r1,eegnet,0,0.26279616459227262,0.73720383540772727,1,0,95,5
openbci,cross_task,2,arithmetic_to_stroop,stroop:s02:r1,equal_blend_050,0,0.62711572941591232,0.37288427058408752,0,1,95,5
openbci,cross_task,2,arithmetic_to_stroop,stroop:s02:r1,extra_trees,0,0.74621427192281975,0.25378572807718008,0,1,95,5
openbci,cross_task,2,arithmetic_to_stroop,stroop:s02:r1,fixed_blend_010,0,0.79694248232299825,0.2030575176770015,0,1,95,5
openbci,cross_task,2,arithmetic_to_stroop,stroop:s02:r1,fixed_blend_025,0,0.71449021814688318,0.2855097818531166,0,1,95,5
openbci,cross_task,2,arithmetic_to_stroop,stroop:s02:r1,rf,0,0.6842512941216542,0.3157487058783458,0,1,95,5
openbci,cross_task,2,arithmetic_to_stroop,stroop:s02:r1,riemann_mdm,0,0.40216203872884659,0.59783796127115341,1,0,95,5
openbci,cross_task,2,arithmetic_to_stroop,stroop:s02:r1,riemann_ts_logreg,0,0.42077107634491739,0.57922892365508261,1,0,95,5
openbci,cross_task,2,arithmetic_to_stroop,stroop:s02:r1,stack_recording,0,0.2497327907096718,0.75026720929032797,1,0,95,5
openbci,cross_task,2,arithmetic_to_stroop,stroop:s02:r2,always_fuse,1,0.4853275788813714,0.51467242111862854,1,1,106,5
openbci,cross_task,2,arithmetic_to_stroop,stroop:s02:r2,always_nn,1,0.85788672032862157,0.1421132796713783,0,0,106,5
openbci,cross_task,2,arithmetic_to_stroop,stroop:s02:r2,cbsf,1,0.52509269040997342,0.47490730959002653,0,0,106,5
openbci,cross_task,2,arithmetic_to_stroop,stroop:s02:r2,dasf_clean,1,0.4853275788813714,0.51467242111862854,1,1,106,5
openbci,cross_task,2,arithmetic_to_stroop,stroop:s02:r2,eeg_conformer,1,0.078280035946896101,0.92171996405310364,1,1,106,5
openbci,cross_task,2,arithmetic_to_stroop,stroop:s02:r2,eegnet,1,0.27414827103401113,0.72585172896598893,1,1,106,5
openbci,cross_task,2,arithmetic_to_stroop,stroop:s02:r2,equal_blend_050,1,0.58860544228241718,0.41139455771758271,0,0,106,5
openbci,cross_task,2,arithmetic_to_stroop,stroop:s02:r2,extra_trees,1,0.6187594512723259,0.3812405487276741,0,0,106,5
openbci,cross_task,2,arithmetic_to_stroop,stroop:s02:r2,fixed_blend_010,1,0.72474605175550078,0.27525394824449911,0,0,106,5
openbci,cross_task,2,arithmetic_to_stroop,stroop:s02:r2,fixed_blend_025,1,0.65761319312441691,0.34238680687558321,0,0,106,5
openbci,cross_task,2,arithmetic_to_stroop,stroop:s02:r2,rf,1,0.63813217473951478,0.36186782526048511,0,0,106,5
openbci,cross_task,2,arithmetic_to_stroop,stroop:s02:r2,riemann_mdm,1,0.31356617508040979,0.68643382491959026,1,1,106,5
openbci,cross_task,2,arithmetic_to_stroop,stroop:s02:r2,riemann_ts_logreg,1,0.28007205334847712,0.71992794665152293,1,1,106,5
openbci,cross_task,2,arithmetic_to_stroop,stroop:s02:r2,stack_recording,1,0.33052942712381128,0.66947057287618861,1,1,106,5
openbci,cross_task,2,arithmetic_to_stroop,stroop:s02:r3,always_fuse,1,0.4670250186185817,0.53297498138141808,1,1,208,5
openbci,cross_task,2,arithmetic_to_stroop,stroop:s02:r3,always_nn,1,0.86243674086266175,0.13756325913733811,0,0,208,5
openbci,cross_task,2,arithmetic_to_stroop,stroop:s02:r3,cbsf,1,0.51480754585430766,0.48519245414569218,0,0,208,5
openbci,cross_task,2,arithmetic_to_stroop,stroop:s02:r3,dasf_clean,1,0.4670250186185817,0.53297498138141808,1,1,208,5
openbci,cross_task,2,arithmetic_to_stroop,stroop:s02:r3,eeg_conformer,1,0.1215633799262401,0.87843662007375967,1,1,208,5
openbci,cross_task,2,arithmetic_to_stroop,stroop:s02:r3,eegnet,1,0.27567472011248828,0.72432527988751161,1,1,208,5
openbci,cross_task,2,arithmetic_to_stroop,stroop:s02:r3,equal_blend_050,1,0.59060301465223075,0.40939698534776908,0,0,208,5
openbci,cross_task,2,arithmetic_to_stroop,stroop:s02:r3,extra_trees,1,0.64785635558676424,0.3521436444132357,0,0,208,5
openbci,cross_task,2,arithmetic_to_stroop,stroop:s02:r3,fixed_blend_010,1,0.74674771018805164,0.25325228981194842,0,0,208,5
openbci,cross_task,2,arithmetic_to_stroop,stroop:s02:r3,fixed_blend_025,1,0.67154250139142035,0.32845749860857948,0,0,208,5
openbci,cross_task,2,arithmetic_to_stroop,stroop:s02:r3,rf,1,0.69896165674505983,0.30103834325494011,0,0,208,5
openbci,cross_task,2,arithmetic_to_stroop,stroop:s02:r3,riemann_mdm,1,0.38253293803380639,0.61746706196619372,1,1,208,5
openbci,cross_task,2,arithmetic_to_stroop,stroop:s02:r3,riemann_ts_logreg,1,0.048694250339506397,0.95130574966049364,1,1,208,5
openbci,cross_task,2,arithmetic_to_stroop,stroop:s02:r3,stack_recording,1,0.31866595829235328,0.68133404170764655,1,1,208,5
openbci,cross_task,2,stroop_to_arithmetic,arithmetic:s02:r1,always_fuse,0,0.62917722406880683,0.37082277593119323,0,1,132,5
openbci,cross_task,2,stroop_to_arithmetic,arithmetic:s02:r1,always_nn,0,0.68036465345510233,0.31963534654489772,0,1,132,5
openbci,cross_task,2,stroop_to_arithmetic,arithmetic:s02:r1,cbsf,0,0.62756994703089253,0.37243005296910731,0,1,132,5
openbci,cross_task,2,stroop_to_arithmetic,arithmetic:s02:r1,dasf_clean,0,0.68036465345510233,0.31963534654489772,0,1,132,5
openbci,cross_task,2,stroop_to_arithmetic,arithmetic:s02:r1,eeg_conformer,0,0.034202480460678003,0.96579751953932202,1,0,132,5
openbci,cross_task,2,stroop_to_arithmetic,arithmetic:s02:r1,eegnet,0,0.3883816757385784,0.6116183242614216,1,0,132,5
openbci,cross_task,2,stroop_to_arithmetic,arithmetic:s02:r1,equal_blend_050,0,0.63202069768275626,0.36797930231724352,0,1,132,5
openbci,cross_task,2,stroop_to_arithmetic,arithmetic:s02:r1,extra_trees,0,0.57927746447339068,0.4207225355266091,0,1,132,5
openbci,cross_task,2,stroop_to_arithmetic,arithmetic:s02:r1,fixed_blend_010,0,0.65813695196147282,0.3418630480385273,0,1,132,5
openbci,cross_task,2,stroop_to_arithmetic,arithmetic:s02:r1,fixed_blend_025,0,0.64360829813558995,0.35639170186440983,0,1,132,5
openbci,cross_task,2,stroop_to_arithmetic,arithmetic:s02:r1,rf,0,0.73649454884407162,0.26350545115592833,0,1,132,5
openbci,cross_task,2,stroop_to_arithmetic,arithmetic:s02:r1,riemann_mdm,0,0.18705361046428151,0.81294638953571852,1,0,132,5
openbci,cross_task,2,stroop_to_arithmetic,arithmetic:s02:r1,riemann_ts_logreg,0,0.94974981711891238,0.0502501828810877,0,1,132,5
openbci,cross_task,2,stroop_to_arithmetic,arithmetic:s02:r1,stack_recording,0,0.96194443537474483,0.038055564625255001,0,1,132,5
openbci,cross_task,2,stroop_to_arithmetic,arithmetic:s02:r2,always_fuse,1,0.57804467474549925,0.42195532525450058,0,0,136,5
openbci,cross_task,2,stroop_to_arithmetic,arithmetic:s02:r2,always_nn,1,0.4469767073133189,0.55302329268668105,1,1,136,5
openbci,cross_task,2,stroop_to_arithmetic,arithmetic:s02:r2,cbsf,1,0.55847543864872617,0.4415245613512736,0,0,136,5
openbci,cross_task,2,stroop_to_arithmetic,arithmetic:s02:r2,dasf_clean,1,0.4469767073133189,0.55302329268668105,1,1,136,5
openbci,cross_task,2,stroop_to_arithmetic,arithmetic:s02:r2,eeg_conformer,1,0.092160721764241504,0.90783927823575838,1,1,136,5
openbci,cross_task,2,stroop_to_arithmetic,arithmetic:s02:r2,eegnet,1,0.41021184204074951,0.58978815795925044,1,1,136,5
openbci,cross_task,2,stroop_to_arithmetic,arithmetic:s02:r2,equal_blend_050,1,0.52919277489334715,0.47080722510665263,0,0,136,5
openbci,cross_task,2,stroop_to_arithmetic,arithmetic:s02:r2,extra_trees,1,0.31078901543153198,0.68921098456846785,1,1,136,5
openbci,cross_task,2,stroop_to_arithmetic,arithmetic:s02:r2,fixed_blend_010,1,0.4616213988604238,0.53837860113957625,1,1,136,5
openbci,cross_task,2,stroop_to_arithmetic,arithmetic:s02:r2,fixed_blend_025,1,0.49708810796476183,0.50291189203523812,1,1,136,5
openbci,cross_task,2,stroop_to_arithmetic,arithmetic:s02:r2,rf,1,0.3502136831000634,0.64978631689993638,1,1,136,5
openbci,cross_task,2,stroop_to_arithmetic,arithmetic:s02:r2,riemann_mdm,1,0.17715822560766961,0.82284177439233031,1,1,136,5
openbci,cross_task,2,stroop_to_arithmetic,arithmetic:s02:r2,riemann_ts_logreg,1,0.6147376102213753,0.3852623897786247,0,0,136,5
openbci,cross_task,2,stroop_to_arithmetic,arithmetic:s02:r2,stack_recording,1,0.91409502191908421,0.085904978080915698,0,0,136,5
openbci,cross_task,2,stroop_to_arithmetic,arithmetic:s02:r3,always_fuse,1,0.75393038310720673,0.2460696168927933,0,0,270,5
openbci,cross_task,2,stroop_to_arithmetic,arithmetic:s02:r3,always_nn,1,0.99996472556824245,3.5274431757473423e-05,0,0,270,5
openbci,cross_task,2,stroop_to_arithmetic,arithmetic:s02:r3,cbsf,1,0.79097477147131345,0.20902522852868641,0,0,270,5
openbci,cross_task,2,stroop_to_arithmetic,arithmetic:s02:r3,dasf_clean,1,0.99996472556824245,3.5274431757473423e-05,0,0,270,5
openbci,cross_task,2,stroop_to_arithmetic,arithmetic:s02:r3,eeg_conformer,1,0.043104323937523101,0.95689567606247683,1,1,270,5
openbci,cross_task,2,stroop_to_arithmetic,arithmetic:s02:r3,eegnet,1,0.4297219238468496,0.5702780761531504,1,1,270,5
openbci,cross_task,2,stroop_to_arithmetic,arithmetic:s02:r3,equal_blend_050,1,0.85182170307098037,0.1481782969290194,0,0,270,5
openbci,cross_task,2,stroop_to_arithmetic,arithmetic:s02:r3,extra_trees,1,0.63908764715634381,0.36091235284365603,0,0,270,5
openbci,cross_task,2,stroop_to_arithmetic,arithmetic:s02:r3,fixed_blend_010,1,0.95633937532091517,0.0436606246790847,0,0,270,5
openbci,cross_task,2,stroop_to_arithmetic,arithmetic:s02:r3,fixed_blend_025,1,0.91191088394809483,0.0880891160519051,0,0,270,5
openbci,cross_task,2,stroop_to_arithmetic,arithmetic:s02:r3,rf,1,0.77429388975292424,0.22570611024707571,0,0,270,5
openbci,cross_task,2,stroop_to_arithmetic,arithmetic:s02:r3,riemann_mdm,1,0.54799296561050292,0.45200703438949702,0,0,270,5
openbci,cross_task,2,stroop_to_arithmetic,arithmetic:s02:r3,riemann_ts_logreg,1,0.94221222450494957,0.0577877754950505,0,0,270,5
openbci,cross_task,2,stroop_to_arithmetic,arithmetic:s02:r3,stack_recording,1,0.99991239421381117,8.760578618882281e-05,0,0,270,5
openbci,cross_task,3,arithmetic_to_stroop,stroop:s03:r1,always_fuse,0,0.73991182804461575,0.26008817195538397,0,1,127,5
openbci,cross_task,3,arithmetic_to_stroop,stroop:s03:r1,always_nn,0,0.97249101620011158,0.027508983799888202,0,1,127,5
openbci,cross_task,3,arithmetic_to_stroop,stroop:s03:r1,cbsf,0,0.78397797405429825,0.21602202594570161,0,1,127,5
openbci,cross_task,3,arithmetic_to_stroop,stroop:s03:r1,dasf_clean,0,0.73991182804461575,0.26008817195538397,0,1,127,5
openbci,cross_task,3,arithmetic_to_stroop,stroop:s03:r1,eeg_conformer,0,0.2189090086423425,0.78109099135765736,1,0,127,5
openbci,cross_task,3,arithmetic_to_stroop,stroop:s03:r1,eegnet,0,0.49093676073712261,0.50906323926287733,1,0,127,5
openbci,cross_task,3,arithmetic_to_stroop,stroop:s03:r1,equal_blend_050,0,0.85097595930112224,0.1490240406988777,0,1,127,5
openbci,cross_task,3,arithmetic_to_stroop,stroop:s03:r1,extra_trees,0,0.49162912328769481,0.50837087671230508,1,0,127,5
openbci,cross_task,3,arithmetic_to_stroop,stroop:s03:r1,fixed_blend_010,0,0.94499310817627824,0.0550068918237216,0,1,127,5
openbci,cross_task,3,arithmetic_to_stroop,stroop:s03:r1,fixed_blend_025,0,0.90853276592425836,0.091467234075741297,0,1,127,5
openbci,cross_task,3,arithmetic_to_stroop,stroop:s03:r1,rf,0,0.44559486548500732,0.55440513451499251,1,0,127,5
openbci,cross_task,3,arithmetic_to_stroop,stroop:s03:r1,riemann_mdm,0,0.25303726678818,0.74696273321181994,1,0,127,5
openbci,cross_task,3,arithmetic_to_stroop,stroop:s03:r1,riemann_ts_logreg,0,0.96382496360778924,0.036175036392210903,0,1,127,5
openbci,cross_task,3,arithmetic_to_stroop,stroop:s03:r1,stack_recording,0,0.64592643633746483,0.35407356366253512,0,1,127,5
openbci,cross_task,3,arithmetic_to_stroop,stroop:s03:r2,always_fuse,1,0.59679714552717911,0.40320285447282078,0,0,102,5
openbci,cross_task,3,arithmetic_to_stroop,stroop:s03:r2,always_nn,1,0.57558769037498514,0.42441230962501481,0,0,102,5
openbci,cross_task,3,arithmetic_to_stroop,stroop:s03:r2,cbsf,1,0.59275502843846195,0.4072449715615381,0,0,102,5
openbci,cross_task,3,arithmetic_to_stroop,stroop:s03:r2,dasf_clean,1,0.59679714552717911,0.40320285447282078,0,0,102,5
openbci,cross_task,3,arithmetic_to_stroop,stroop:s03:r2,eeg_conformer,1,0.27824447985929468,0.7217555201407051,1,1,102,5
openbci,cross_task,3,arithmetic_to_stroop,stroop:s03:r2,eegnet,1,0.51345695119924606,0.48654304880075372,0,0,102,5
openbci,cross_task,3,arithmetic_to_stroop,stroop:s03:r2,equal_blend_050,1,0.58862405651661065,0.41137594348338941,0,0,102,5
openbci,cross_task,3,arithmetic_to_stroop,stroop:s03:r2,extra_trees,1,0.42093682291171408,0.57906317708828581,1,1,102,5
openbci,cross_task,3,arithmetic_to_stroop,stroop:s03:r2,fixed_blend_010,1,0.58263746896496438,0.41736253103503551,0,0,102,5
openbci,cross_task,3,arithmetic_to_stroop,stroop:s03:r2,fixed_blend_025,1,0.58584466373714594,0.414155336262854,0,0,102,5
openbci,cross_task,3,arithmetic_to_stroop,stroop:s03:r2,rf,1,0.43494027514952782,0.56505972485047196,1,1,102,5
openbci,cross_task,3,arithmetic_to_stroop,stroop:s03:r2,riemann_mdm,1,0.25921368012684659,0.74078631987315335,1,1,102,5
openbci,cross_task,3,arithmetic_to_stroop,stroop:s03:r2,riemann_ts_logreg,1,0.65863997367801508,0.34136002632198492,0,0,102,5
openbci,cross_task,3,arithmetic_to_stroop,stroop:s03:r2,stack_recording,1,0.56897261114351305,0.43102738885648673,0,0,102,5
openbci,cross_task,3,arithmetic_to_stroop,stroop:s03:r3,always_fuse,1,0.53238994000667916,0.46761005999332061,0,0,160,5
openbci,cross_task,3,arithmetic_to_stroop,stroop:s03:r3,always_nn,1,0.085832024433752097,0.91416797556624785,1,1,160,5
openbci,cross_task,3,arithmetic_to_stroop,stroop:s03:r3,cbsf,1,0.48284117074344762,0.51715882925655243,1,1,160,5
openbci,cross_task,3,arithmetic_to_stroop,stroop:s03:r3,dasf_clean,1,0.53238994000667916,0.46761005999332061,0,0,160,5
openbci,cross_task,3,arithmetic_to_stroop,stroop:s03:r3,eeg_conformer,1,0.26411161364868502,0.73588838635131493,1,1,160,5
openbci,cross_task,3,arithmetic_to_stroop,stroop:s03:r3,eegnet,1,0.49011849366581378,0.50988150633418605,1,1,160,5
openbci,cross_task,3,arithmetic_to_stroop,stroop:s03:r3,equal_blend_050,1,0.40010514540287068,0.5998948545971291,1,1,160,5
openbci,cross_task,3,arithmetic_to_stroop,stroop:s03:r3,extra_trees,1,0.2224486908769798,0.77755130912302006,1,1,160,5
openbci,cross_task,3,arithmetic_to_stroop,stroop:s03:r3,fixed_blend_010,1,0.22561077778602581,0.77438922221397422,1,1,160,5
openbci,cross_task,3,arithmetic_to_stroop,stroop:s03:r3,fixed_blend_025,1,0.30963636588460458,0.69036363411539525,1,1,160,5
openbci,cross_task,3,arithmetic_to_stroop,stroop:s03:r3,rf,1,0.17346369839995221,0.82653630160004765,1,1,160,5
openbci,cross_task,3,arithmetic_to_stroop,stroop:s03:r3,riemann_mdm,1,0.24821228101661361,0.75178771898338637,1,1,160,5
openbci,cross_task,3,arithmetic_to_stroop,stroop:s03:r3,riemann_ts_logreg,1,0.0063744592182117003,0.99362554078178822,1,1,160,5
openbci,cross_task,3,arithmetic_to_stroop,stroop:s03:r3,stack_recording,1,0.58368886238106454,0.41631113761893551,0,0,160,5
openbci,cross_task,3,stroop_to_arithmetic,arithmetic:s03:r1,always_fuse,0,0.11300311243952781,0.88699688756047224,1,0,91,5
openbci,cross_task,3,stroop_to_arithmetic,arithmetic:s03:r1,always_nn,0,1.133922636527e-10,0.99999999988660759,1,0,91,5
openbci,cross_task,3,stroop_to_arithmetic,arithmetic:s03:r1,cbsf,0,0.069214111422969002,0.93078588857703082,1,0,91,5
openbci,cross_task,3,stroop_to_arithmetic,arithmetic:s03:r1,dasf_clean,0,1.133922636527e-10,0.99999999988660759,1,0,91,5
openbci,cross_task,3,stroop_to_arithmetic,arithmetic:s03:r1,eeg_conformer,0,0.083409324151460004,0.91659067584854004,1,0,91,5
openbci,cross_task,3,stroop_to_arithmetic,arithmetic:s03:r1,eegnet,0,0.47364886506754961,0.52635113493245034,1,0,91,5
openbci,cross_task,3,stroop_to_arithmetic,arithmetic:s03:r1,equal_blend_050,0,0.055988256968622703,0.94401174303137725,1,0,91,5
openbci,cross_task,3,stroop_to_arithmetic,arithmetic:s03:r1,extra_trees,0,0.051459968161158602,0.94854003183884117,1,0,91,5
openbci,cross_task,3,stroop_to_arithmetic,arithmetic:s03:r1,fixed_blend_010,0,0.0112425067851596,0.98875749321484041,1,0,91,5
openbci,cross_task,3,stroop_to_arithmetic,arithmetic:s03:r1,fixed_blend_025,0,0.0279777930268062,0.97202220697319364,1,0,91,5
openbci,cross_task,3,stroop_to_arithmetic,arithmetic:s03:r1,rf,0,0.046475533813716802,0.95352446618628317,1,0,91,5
openbci,cross_task,3,stroop_to_arithmetic,arithmetic:s03:r1,riemann_mdm,0,0.22302073085852489,0.77697926914147508,1,0,91,5
openbci,cross_task,3,stroop_to_arithmetic,arithmetic:s03:r1,riemann_ts_logreg,0,0.038874740567953203,0.96112525943204685,1,0,91,5
openbci,cross_task,3,stroop_to_arithmetic,arithmetic:s03:r1,stack_recording,0,0.0002921537282897,0.99970784627171039,1,0,91,5
openbci,cross_task,3,stroop_to_arithmetic,arithmetic:s03:r2,always_fuse,1,0.089942478475295407,0.91005752152470443,1,1,137,5
openbci,cross_task,3,stroop_to_arithmetic,arithmetic:s03:r2,always_nn,1,4.2924910935400442e-11,0.99999999995707523,1,1,137,5
openbci,cross_task,3,stroop_to_arithmetic,arithmetic:s03:r2,cbsf,1,0.057583745636111003,0.94241625436388876,1,1,137,5
openbci,cross_task,3,stroop_to_arithmetic,arithmetic:s03:r2,dasf_clean,1,4.2924910935400442e-11,0.99999999995707523,1,1,137,5
openbci,cross_task,3,stroop_to_arithmetic,arithmetic:s03:r2,eeg_conformer,1,0.078523218826668198,0.92147678117333165,1,1,137,5
openbci,cross_task,3,stroop_to_arithmetic,arithmetic:s03:r2,eegnet,1,0.46444425469466322,0.53555574530533656,1,1,137,5
openbci,cross_task,3,stroop_to_arithmetic,arithmetic:s03:r2,equal_blend_050,1,0.0473682091546999,0.95263179084530003,1,1,137,5
openbci,cross_task,3,stroop_to_arithmetic,arithmetic:s03:r2,extra_trees,1,0.160814758516894,0.83918524148310591,1,1,137,5
openbci,cross_task,3,stroop_to_arithmetic,arithmetic:s03:r2,fixed_blend_010,1,0.0105472229615492,0.9894527770384508,1,1,137,5
openbci,cross_task,3,stroop_to_arithmetic,arithmetic:s03:r2,fixed_blend_025,1,0.024851682327121601,0.97514831767287835,1,1,137,5
openbci,cross_task,3,stroop_to_arithmetic,arithmetic:s03:r2,rf,1,0.29560373960466951,0.70439626039533043,1,1,137,5
openbci,cross_task,3,stroop_to_arithmetic,arithmetic:s03:r2,riemann_mdm,1,0.086431814902610204,0.9135681850973898,1,1,137,5
openbci,cross_task,3,stroop_to_arithmetic,arithmetic:s03:r2,riemann_ts_logreg,1,0.00077147988315399995,0.99922852011684604,1,1,137,5
openbci,cross_task,3,stroop_to_arithmetic,arithmetic:s03:r2,stack_recording,1,0.00037089335573840002,0.99962910664426163,1,1,137,5
openbci,cross_task,3,stroop_to_arithmetic,arithmetic:s03:r3,always_fuse,1,0.103631981469252,0.89636801853074777,1,1,160,5
openbci,cross_task,3,stroop_to_arithmetic,arithmetic:s03:r3,always_nn,1,1.3084013297288978e-10,0.99999999986915999,1,1,160,5
openbci,cross_task,3,stroop_to_arithmetic,arithmetic:s03:r3,cbsf,1,0.063948289135133604,0.93605171086486638,1,1,160,5
openbci,cross_task,3,stroop_to_arithmetic,arithmetic:s03:r3,dasf_clean,1,1.3084013297288978e-10,0.99999999986915999,1,1,160,5
openbci,cross_task,3,stroop_to_arithmetic,arithmetic:s03:r3,eeg_conformer,1,0.080647211697640497,0.91935278830235923,1,1,160,5
openbci,cross_task,3,stroop_to_arithmetic,arithmetic:s03:r3,eegnet,1,0.4601792774789959,0.53982072252100388,1,1,160,5
openbci,cross_task,3,stroop_to_arithmetic,arithmetic:s03:r3,equal_blend_050,1,0.051859684792716701,0.94814031520728315,1,1,160,5
openbci,cross_task,3,stroop_to_arithmetic,arithmetic:s03:r3,extra_trees,1,0.0443978603980964,0.95560213960190343,1,1,160,5
openbci,cross_task,3,stroop_to_arithmetic,arithmetic:s03:r3,fixed_blend_010,1,0.0105603523571332,0.98943964764286685,1,1,160,5
openbci,cross_task,3,stroop_to_arithmetic,arithmetic:s03:r3,fixed_blend_025,1,0.0260938381473797,0.97390616185262036,1,1,160,5
openbci,cross_task,3,stroop_to_arithmetic,arithmetic:s03:r3,rf,1,0.062519665044940997,0.93748033495505878,1,1,160,5
openbci,cross_task,3,stroop_to_arithmetic,arithmetic:s03:r3,riemann_mdm,1,0.2326899303366424,0.76731006966335757,1,1,160,5
openbci,cross_task,3,stroop_to_arithmetic,arithmetic:s03:r3,riemann_ts_logreg,1,0.0068827363681040997,0.99311726363189601,1,1,160,5
openbci,cross_task,3,stroop_to_arithmetic,arithmetic:s03:r3,stack_recording,1,0.0002810244890077,0.9997189755109922,1,1,160,5
openbci,cross_task,4,arithmetic_to_stroop,stroop:s04:r1,always_fuse,0,0.00064608954832840002,0.99935391045167143,1,0,89,5
openbci,cross_task,4,arithmetic_to_stroop,stroop:s04:r1,always_nn,0,5.0848055281503726e-06,0.99999491519447181,1,0,89,5
openbci,cross_task,4,arithmetic_to_stroop,stroop:s04:r1,cbsf,0,0.0002082120438481,0.99979178795615165,1,0,89,5
openbci,cross_task,4,arithmetic_to_stroop,stroop:s04:r1,dasf_clean,0,0.00064608954832840002,0.99935391045167143,1,0,89,5
openbci,cross_task,4,arithmetic_to_stroop,stroop:s04:r1,eeg_conformer,0,0.0051663184206139001,0.99483368157938601,1,0,89,5
openbci,cross_task,4,arithmetic_to_stroop,stroop:s04:r1,eegnet,0,0.26973779750596683,0.73026220249403295,1,0,89,5
openbci,cross_task,4,arithmetic_to_stroop,stroop:s04:r1,equal_blend_050,0,0.00030488352860240001,0.99969511647139742,1,0,89,5
openbci,cross_task,4,arithmetic_to_stroop,stroop:s04:r1,extra_trees,0,0.000141096379558,0.99985890362044183,1,0,89,5
openbci,cross_task,4,arithmetic_to_stroop,stroop:s04:r1,fixed_blend_010,0,6.8374221790993807e-05,0.99993162577820882,1,0,89,5
openbci,cross_task,4,arithmetic_to_stroop,stroop:s04:r1,fixed_blend_025,0,0.0001567660249066,0.99984323397509323,1,0,89,5
openbci,cross_task,4,arithmetic_to_stroop,stroop:s04:r1,rf,0,2.2125686910488047e-05,0.9999778743130896,1,0,89,5
openbci,cross_task,4,arithmetic_to_stroop,stroop:s04:r1,riemann_mdm,0,0.000587021706886,0.99941297829311404,1,0,89,5
openbci,cross_task,4,arithmetic_to_stroop,stroop:s04:r1,riemann_ts_logreg,0,0.0020098214536712002,0.99799017854632877,1,0,89,5
openbci,cross_task,4,arithmetic_to_stroop,stroop:s04:r1,stack_recording,0,0.0073858967381478001,0.99261410326185195,1,0,89,5
openbci,cross_task,4,arithmetic_to_stroop,stroop:s04:r2,always_fuse,1,0.0059037337836313,0.9940962662163686,1,1,62,5
openbci,cross_task,4,arithmetic_to_stroop,stroop:s04:r2,always_nn,1,5.9641803484118717e-05,0.99994035819651583,1,1,62,5
openbci,cross_task,4,arithmetic_to_stroop,stroop:s04:r2,cbsf,1,0.0019172819344912,0.99808271806550863,1,1,62,5
openbci,cross_task,4,arithmetic_to_stroop,stroop:s04:r2,dasf_clean,1,0.0059037337836313,0.9940962662163686,1,1,62,5
openbci,cross_task,4,arithmetic_to_stroop,stroop:s04:r2,eeg_conformer,1,0.0059521277951018999,0.99404787220489799,1,1,62,5
openbci,cross_task,4,arithmetic_to_stroop,stroop:s04:r2,eegnet,1,0.17517678323738781,0.82482321676261205,1,1,62,5
openbci,cross_task,4,arithmetic_to_stroop,stroop:s04:r2,equal_blend_050,1,0.0028396584901428002,0.99716034150985722,1,1,62,5
openbci,cross_task,4,arithmetic_to_stroop,stroop:s04:r2,extra_trees,1,0.00059114641287910002,0.99940885358712084,1,1,62,5
openbci,cross_task,4,arithmetic_to_stroop,stroop:s04:r2,fixed_blend_010,1,0.00061325211929720005,0.99938674788070281,1,1,62,5
openbci,cross_task,4,arithmetic_to_stroop,stroop:s04:r2,fixed_blend_025,1,0.0014314232301424,0.99856857676985755,1,1,62,5
openbci,cross_task,4,arithmetic_to_stroop,stroop:s04:r2,rf,1,4.5926329417246009e-06,0.99999540736705839,1,1,62,5
openbci,cross_task,4,arithmetic_to_stroop,stroop:s04:r2,riemann_mdm,1,5.0600569243891988e-07,0.99999949399430765,1,1,62,5
openbci,cross_task,4,arithmetic_to_stroop,stroop:s04:r2,riemann_ts_logreg,1,0.0001315676167394,0.9998684323832604,1,1,62,5
openbci,cross_task,4,arithmetic_to_stroop,stroop:s04:r2,stack_recording,1,0.0497971875813744,0.95020281241862559,1,1,62,5
openbci,cross_task,4,arithmetic_to_stroop,stroop:s04:r3,always_fuse,1,0.0039570707438529003,0.99604292925614701,1,1,192,5
openbci,cross_task,4,arithmetic_to_stroop,stroop:s04:r3,always_nn,1,4.6180954285055926e-05,0.99995381904571479,1,1,192,5
openbci,cross_task,4,arithmetic_to_stroop,stroop:s04:r3,cbsf,1,0.0013335724351734,0.99866642756482638,1,1,192,5
openbci,cross_task,4,arithmetic_to_stroop,stroop:s04:r3,dasf_clean,1,0.0039570707438529003,0.99604292925614701,1,1,192,5
openbci,cross_task,4,arithmetic_to_stroop,stroop:s04:r3,eeg_conformer,1,0.0022208062149269001,0.99777919378507285,1,1,192,5
openbci,cross_task,4,arithmetic_to_stroop,stroop:s04:r3,eegnet,1,0.17998071035907931,0.82001928964092063,1,1,192,5
openbci,cross_task,4,arithmetic_to_stroop,stroop:s04:r3,equal_blend_050,1,0.0019541310837987002,0.99804586891620117,1,1,192,5
openbci,cross_task,4,arithmetic_to_stroop,stroop:s04:r3,extra_trees,1,0.00013270404585900001,0.99986729595414081,1,1,192,5
openbci,cross_task,4,arithmetic_to_stroop,stroop:s04:r3,fixed_blend_010,1,0.00043764776975280001,0.99956235223024725,1,1,192,5
openbci,cross_task,4,arithmetic_to_stroop,stroop:s04:r3,fixed_blend_025,1,0.0010024648042628,0.9989975351957372,1,1,192,5
openbci,cross_task,4,arithmetic_to_stroop,stroop:s04:r3,rf,1,2.6729476491115799e-06,0.99999732705235078,1,1,192,5
openbci,cross_task,4,arithmetic_to_stroop,stroop:s04:r3,riemann_mdm,1,1.7256589789124962e-08,0.99999998274341018,1,1,192,5
openbci,cross_task,4,arithmetic_to_stroop,stroop:s04:r3,riemann_ts_logreg,1,0.00017313938270979999,0.99982686061728998,1,1,192,5
openbci,cross_task,4,arithmetic_to_stroop,stroop:s04:r3,stack_recording,1,0.0210406674470048,0.97895933255299517,1,1,192,5
openbci,cross_task,4,stroop_to_arithmetic,arithmetic:s04:r1,always_fuse,0,0.77381332460805563,0.2261866753919442,0,1,119,5
openbci,cross_task,4,stroop_to_arithmetic,arithmetic:s04:r1,always_nn,0,0.57042550502796652,0.42957449497203343,0,1,119,5
openbci,cross_task,4,stroop_to_arithmetic,arithmetic:s04:r1,cbsf,0,0.87998180888558863,0.1200181911144113,0,1,119,5
openbci,cross_task,4,stroop_to_arithmetic,arithmetic:s04:r1,dasf_clean,0,0.77381332460805563,0.2261866753919442,0,1,119,5
openbci,cross_task,4,stroop_to_arithmetic,arithmetic:s04:r1,eeg_conformer,0,0.59483515815306187,0.40516484184693802,0,1,119,5
openbci,cross_task,4,stroop_to_arithmetic,arithmetic:s04:r1,eegnet,0,0.94328956130896879,0.056710438691031102,0,1,119,5
openbci,cross_task,4,stroop_to_arithmetic,arithmetic:s04:r1,equal_blend_050,0,0.79175695672376822,0.20824304327623161,0,1,119,5
openbci,cross_task,4,stroop_to_arithmetic,arithmetic:s04:r1,extra_trees,0,0.72760943843698322,0.27239056156301678,0,1,119,5
openbci,cross_task,4,stroop_to_arithmetic,arithmetic:s04:r1,fixed_blend_010,0,0.8432145689600814,0.1567854310399186,0,1,119,5
openbci,cross_task,4,stroop_to_arithmetic,arithmetic:s04:r1,fixed_blend_025,0,0.814810584304552,0.185189415695448,0,1,119,5
openbci,cross_task,4,stroop_to_arithmetic,arithmetic:s04:r1,rf,0,0.77605681378981428,0.22394318621018561,0,1,119,5
openbci,cross_task,4,stroop_to_arithmetic,arithmetic:s04:r1,riemann_mdm,0,0.74525074347889775,0.2547492565211022,0,1,119,5
openbci,cross_task,4,stroop_to_arithmetic,arithmetic:s04:r1,riemann_ts_logreg,0,0.99809293799119525,0.0019070620088047999,0,1,119,5
openbci,cross_task,4,stroop_to_arithmetic,arithmetic:s04:r1,stack_recording,0,0.99923553052675917,0.0007644694732408,0,1,119,5
openbci,cross_task,4,stroop_to_arithmetic,arithmetic:s04:r2,always_fuse,1,0.58185393711808364,0.4181460628819163,0,0,210,5
openbci,cross_task,4,stroop_to_arithmetic,arithmetic:s04:r2,always_nn,1,0.0037010191923934001,0.99629898080760637,1,1,210,5
openbci,cross_task,4,stroop_to_arithmetic,arithmetic:s04:r2,cbsf,1,0.30185753127363552,0.69814246872636454,1,1,210,5
openbci,cross_task,4,stroop_to_arithmetic,arithmetic:s04:r2,dasf_clean,1,0.58185393711808364,0.4181460628819163,0,0,210,5
openbci,cross_task,4,stroop_to_arithmetic,arithmetic:s04:r2,eeg_conformer,1,0.1920390474438482,0.80796095255615175,1,1,210,5
openbci,cross_task,4,stroop_to_arithmetic,arithmetic:s04:r2,eegnet,1,0.234455641165601,0.76554435883439875,1,1,210,5
openbci,cross_task,4,stroop_to_arithmetic,arithmetic:s04:r2,equal_blend_050,1,0.53261554610490014,0.46738445389509992,0,0,210,5
openbci,cross_task,4,stroop_to_arithmetic,arithmetic:s04:r2,extra_trees,1,0.455227186074593,0.544772813925407,1,1,210,5
openbci,cross_task,4,stroop_to_arithmetic,arithmetic:s04:r2,fixed_blend_010,1,0.44142800775162178,0.55857199224837806,1,1,210,5
openbci,cross_task,4,stroop_to_arithmetic,arithmetic:s04:r2,fixed_blend_025,1,0.49132929163395861,0.50867070836604134,1,1,210,5
openbci,cross_task,4,stroop_to_arithmetic,arithmetic:s04:r2,rf,1,0.28375071916187428,0.71624928083812556,1,1,210,5
openbci,cross_task,4,stroop_to_arithmetic,arithmetic:s04:r2,riemann_mdm,1,0.0099015538427388999,0.99009844615726117,1,1,210,5
openbci,cross_task,4,stroop_to_arithmetic,arithmetic:s04:r2,riemann_ts_logreg,1,0.94589562670654836,0.054104373293451601,0,0,210,5
openbci,cross_task,4,stroop_to_arithmetic,arithmetic:s04:r2,stack_recording,1,0.9477108191694732,0.052289180830526902,0,0,210,5
openbci,cross_task,4,stroop_to_arithmetic,arithmetic:s04:r3,always_fuse,1,0.49916941764198902,0.50083058235801081,1,1,221,5
openbci,cross_task,4,stroop_to_arithmetic,arithmetic:s04:r3,always_nn,1,0.00059266279851700001,0.99940733720148323,1,1,221,5
openbci,cross_task,4,stroop_to_arithmetic,arithmetic:s04:r3,cbsf,1,0.12114110178367871,0.87885889821632124,1,1,221,5
openbci,cross_task,4,stroop_to_arithmetic,arithmetic:s04:r3,dasf_clean,1,0.49916941764198902,0.50083058235801081,1,1,221,5
openbci,cross_task,4,stroop_to_arithmetic,arithmetic:s04:r3,eeg_conformer,1,0.24725702470756131,0.75274297529243872,1,1,221,5
openbci,cross_task,4,stroop_to_arithmetic,arithmetic:s04:r3,eegnet,1,0.1775538606494943,0.8224461393505057,1,1,221,5
openbci,cross_task,4,stroop_to_arithmetic,arithmetic:s04:r3,equal_blend_050,1,0.41167512463796352,0.58832487536203637,1,1,221,5
openbci,cross_task,4,stroop_to_arithmetic,arithmetic:s04:r3,extra_trees,1,0.43006885332547351,0.56993114667452627,1,1,221,5
openbci,cross_task,4,stroop_to_arithmetic,arithmetic:s04:r3,fixed_blend_010,1,0.27128897529839552,0.72871102470160443,1,1,221,5
openbci,cross_task,4,stroop_to_arithmetic,arithmetic:s04:r3,fixed_blend_025,1,0.34441384528525892,0.65558615471474102,1,1,221,5
openbci,cross_task,4,stroop_to_arithmetic,arithmetic:s04:r3,rf,1,0.13358648522040401,0.86641351477959594,1,1,221,5
openbci,cross_task,4,stroop_to_arithmetic,arithmetic:s04:r3,riemann_mdm,1,0.059906753988224599,0.94009324601177535,1,1,221,5
openbci,cross_task,4,stroop_to_arithmetic,arithmetic:s04:r3,riemann_ts_logreg,1,0.66917020386856652,0.33082979613143337,0,0,221,5
openbci,cross_task,4,stroop_to_arithmetic,arithmetic:s04:r3,stack_recording,1,0.83680826051749713,0.16319173948250271,0,0,221,5
openbci,cross_task,5,arithmetic_to_stroop,stroop:s05:r1,always_fuse,0,0.37826666307435708,0.6217333369256427,1,0,137,5
openbci,cross_task,5,arithmetic_to_stroop,stroop:s05:r1,always_nn,0,0.0049578256173777001,0.99504217438262244,1,0,137,5
openbci,cross_task,5,arithmetic_to_stroop,stroop:s05:r1,cbsf,0,0.32126740753942362,0.67873259246057627,1,0,137,5
openbci,cross_task,5,arithmetic_to_stroop,stroop:s05:r1,dasf_clean,0,0.37826666307435708,0.6217333369256427,1,0,137,5
openbci,cross_task,5,arithmetic_to_stroop,stroop:s05:r1,eeg_conformer,0,0.54995820334469614,0.45004179665530381,0,1,137,5
openbci,cross_task,5,arithmetic_to_stroop,stroop:s05:r1,eegnet,0,0.35890933960402782,0.64109066039597196,1,0,137,5
openbci,cross_task,5,arithmetic_to_stroop,stroop:s05:r1,equal_blend_050,0,0.2305563563677071,0.76944364363229267,1,0,137,5
openbci,cross_task,5,arithmetic_to_stroop,stroop:s05:r1,extra_trees,0,0.094434093162587704,0.90556590683741223,1,0,137,5
openbci,cross_task,5,arithmetic_to_stroop,stroop:s05:r1,fixed_blend_010,0,0.083158316610811897,0.91684168338918803,1,0,137,5
openbci,cross_task,5,arithmetic_to_stroop,stroop:s05:r1,fixed_blend_025,0,0.14546401214300711,0.85453598785699292,1,0,137,5
openbci,cross_task,5,arithmetic_to_stroop,stroop:s05:r1,rf,0,0.028185025897749402,0.97181497410225037,1,0,137,5
openbci,cross_task,5,arithmetic_to_stroop,stroop:s05:r1,riemann_mdm,0,0.72278014104774368,0.27721985895225643,0,1,137,5
openbci,cross_task,5,arithmetic_to_stroop,stroop:s05:r1,riemann_ts_logreg,0,0.047429900649135402,0.95257009935086479,1,0,137,5
openbci,cross_task,5,arithmetic_to_stroop,stroop:s05:r1,stack_recording,0,0.51778091187553354,0.48221908812446618,0,1,137,5
openbci,cross_task,5,arithmetic_to_stroop,stroop:s05:r2,always_fuse,1,0.71229398925309262,0.28770601074690733,0,0,108,5
openbci,cross_task,5,arithmetic_to_stroop,stroop:s05:r2,always_nn,1,0.97626024434715675,0.023739755652842798,0,0,108,5
openbci,cross_task,5,arithmetic_to_stroop,stroop:s05:r2,cbsf,1,0.73411288720369061,0.26588711279630922,0,0,108,5
openbci,cross_task,5,arithmetic_to_stroop,stroop:s05:r2,dasf_clean,1,0.71229398925309262,0.28770601074690733,0,0,108,5
openbci,cross_task,5,arithmetic_to_stroop,stroop:s05:r2,eeg_conformer,1,0.47370628122074743,0.52629371877925235,1,1,108,5
openbci,cross_task,5,arithmetic_to_stroop,stroop:s05:r2,eegnet,1,0.36632046683192598,0.63367953316807391,1,1,108,5
openbci,cross_task,5,arithmetic_to_stroop,stroop:s05:r2,equal_blend_050,1,0.78025623436925484,0.21974376563074521,0,0,108,5
openbci,cross_task,5,arithmetic_to_stroop,stroop:s05:r2,extra_trees,1,0.65269650071580843,0.34730349928419152,0,0,108,5
openbci,cross_task,5,arithmetic_to_stroop,stroop:s05:r2,fixed_blend_010,1,0.88678158102514304,0.1132184189748567,0,0,108,5
openbci,cross_task,5,arithmetic_to_stroop,stroop:s05:r2,fixed_blend_025,1,0.83546800080891015,0.16453199919108971,0,0,108,5
openbci,cross_task,5,arithmetic_to_stroop,stroop:s05:r2,rf,1,0.64898085615712575,0.35101914384287403,0,0,108,5
openbci,cross_task,5,arithmetic_to_stroop,stroop:s05:r2,riemann_mdm,1,0.51158882080804569,0.4884111791919542,0,0,108,5
openbci,cross_task,5,arithmetic_to_stroop,stroop:s05:r2,riemann_ts_logreg,1,0.70162998656617104,0.29837001343382891,0,0,108,5
openbci,cross_task,5,arithmetic_to_stroop,stroop:s05:r2,stack_recording,1,0.31704635059295633,0.68295364940704362,1,1,108,5
openbci,cross_task,5,arithmetic_to_stroop,stroop:s05:r3,always_fuse,1,0.75868792142277341,0.24131207857722661,0,0,171,5
openbci,cross_task,5,arithmetic_to_stroop,stroop:s05:r3,always_nn,1,0.94362936700909605,0.056370632990904002,0,0,171,5
openbci,cross_task,5,arithmetic_to_stroop,stroop:s05:r3,cbsf,1,0.75783182866145127,0.24216817133854851,0,0,171,5
openbci,cross_task,5,arithmetic_to_stroop,stroop:s05:r3,dasf_clean,1,0.75868792142277341,0.24131207857722661,0,0,171,5
openbci,cross_task,5,arithmetic_to_stroop,stroop:s05:r3,eeg_conformer,1,0.47003304748084201,0.52996695251915793,1,1,171,5
openbci,cross_task,5,arithmetic_to_stroop,stroop:s05:r3,eegnet,1,0.35484580302652152,0.64515419697347853,1,1,171,5
openbci,cross_task,5,arithmetic_to_stroop,stroop:s05:r3,equal_blend_050,1,0.77667919677471775,0.22332080322528211,0,0,171,5
openbci,cross_task,5,arithmetic_to_stroop,stroop:s05:r3,extra_trees,1,0.69449567551997371,0.30550432448002618,0,0,171,5
openbci,cross_task,5,arithmetic_to_stroop,stroop:s05:r3,fixed_blend_010,1,0.85349655202062924,0.1465034479793707,0,0,171,5
openbci,cross_task,5,arithmetic_to_stroop,stroop:s05:r3,fixed_blend_025,1,0.81201176875948855,0.18798823124051131,0,0,171,5
openbci,cross_task,5,arithmetic_to_stroop,stroop:s05:r3,rf,1,0.76338957230571225,0.23661042769428761,0,0,171,5
openbci,cross_task,5,arithmetic_to_stroop,stroop:s05:r3,riemann_mdm,1,0.48086747623780868,0.51913252376219132,1,1,171,5
openbci,cross_task,5,arithmetic_to_stroop,stroop:s05:r3,riemann_ts_logreg,1,0.55236776619629258,0.44763223380370731,0,0,171,5
openbci,cross_task,5,arithmetic_to_stroop,stroop:s05:r3,stack_recording,1,0.52227526136424451,0.47772473863575537,0,0,171,5
openbci,cross_task,5,stroop_to_arithmetic,arithmetic:s05:r1,always_fuse,0,0.0031859698962361,0.99681403010376401,1,0,153,5
openbci,cross_task,5,stroop_to_arithmetic,arithmetic:s05:r1,always_nn,0,0.010421237891311301,0.98957876210868845,1,0,153,5
openbci,cross_task,5,stroop_to_arithmetic,arithmetic:s05:r1,cbsf,0,0.0074955944095394002,0.9925044055904606,1,0,153,5
openbci,cross_task,5,stroop_to_arithmetic,arithmetic:s05:r1,dasf_clean,0,0.010421237891311301,0.98957876210868845,1,0,153,5
openbci,cross_task,5,stroop_to_arithmetic,arithmetic:s05:r1,eeg_conformer,0,0.81055383711050843,0.1894461628894914,0,1,153,5
openbci,cross_task,5,stroop_to_arithmetic,arithmetic:s05:r1,eegnet,0,0.62159858169654314,0.37840141830345692,0,1,153,5
openbci,cross_task,5,stroop_to_arithmetic,arithmetic:s05:r1,equal_blend_050,0,0.0091476158199826005,0.9908523841800172,1,0,153,5
openbci,cross_task,5,stroop_to_arithmetic,arithmetic:s05:r1,extra_trees,0,0.15000185643361841,0.84999814356638148,1,0,153,5
openbci,cross_task,5,stroop_to_arithmetic,arithmetic:s05:r1,fixed_blend_010,0,0.0095339884035692008,0.99046601159643077,1,0,153,5
openbci,cross_task,5,stroop_to_arithmetic,arithmetic:s05:r1,fixed_blend_025,0,0.0096993750654412007,0.99030062493455884,1,0,153,5
openbci,cross_task,5,stroop_to_arithmetic,arithmetic:s05:r1,rf,0,0.048719925309342903,0.95128007469065723,1,0,153,5
openbci,cross_task,5,stroop_to_arithmetic,arithmetic:s05:r1,riemann_mdm,0,0.29085043331740751,0.70914956668259244,1,0,153,5
openbci,cross_task,5,stroop_to_arithmetic,arithmetic:s05:r1,riemann_ts_logreg,0,0.053191716415061298,0.94680828358493863,1,0,153,5
openbci,cross_task,5,stroop_to_arithmetic,arithmetic:s05:r1,stack_recording,0,0.1572897393362391,0.84271026066376065,1,0,153,5
openbci,cross_task,5,stroop_to_arithmetic,arithmetic:s05:r2,always_fuse,1,0.99876263245248276,0.0012373675475173,0,0,198,5
openbci,cross_task,5,stroop_to_arithmetic,arithmetic:s05:r2,always_nn,1,0.99182244482435444,0.0081775551756457007,0,0,198,5
openbci,cross_task,5,stroop_to_arithmetic,arithmetic:s05:r2,cbsf,1,0.99731308654127959,0.0026869134587204002,0,0,198,5
openbci,cross_task,5,stroop_to_arithmetic,arithmetic:s05:r2,dasf_clean,1,0.99182244482435444,0.0081775551756457007,0,0,198,5
openbci,cross_task,5,stroop_to_arithmetic,arithmetic:s05:r2,eeg_conformer,1,0.97108029451521916,0.028919705484780699,0,0,198,5
openbci,cross_task,5,stroop_to_arithmetic,arithmetic:s05:r2,eegnet,1,0.62173318646769027,0.37826681353230962,0,0,198,5
openbci,cross_task,5,stroop_to_arithmetic,arithmetic:s05:r2,equal_blend_050,1,0.99706781327731564,0.0029321867226842001,0,0,198,5
openbci,cross_task,5,stroop_to_arithmetic,arithmetic:s05:r2,extra_trees,1,0.71183562265101397,0.28816437734898592,0,0,198,5
openbci,cross_task,5,stroop_to_arithmetic,arithmetic:s05:r2,fixed_blend_010,1,0.99647639717294123,0.0035236028270585001,0,0,198,5
openbci,cross_task,5,stroop_to_arithmetic,arithmetic:s05:r2,fixed_blend_025,1,0.99681910147890185,0.0031808985210981001,0,0,198,5
openbci,cross_task,5,stroop_to_arithmetic,arithmetic:s05:r2,rf,1,0.90704963389606141,0.092950366103938503,0,0,198,5
openbci,cross_task,5,stroop_to_arithmetic,arithmetic:s05:r2,riemann_mdm,1,0.575008875689348,0.424991124310652,0,0,198,5
openbci,cross_task,5,stroop_to_arithmetic,arithmetic:s05:r2,riemann_ts_logreg,1,1.3930984296084462e-05,0.99998606901570397,1,1,198,5
openbci,cross_task,5,stroop_to_arithmetic,arithmetic:s05:r2,stack_recording,1,0.89024058481795632,0.1097594151820436,0,0,198,5
openbci,cross_task,5,stroop_to_arithmetic,arithmetic:s05:r3,always_fuse,1,0.99999999795177397,2.0482260726673888e-09,0,0,232,5
openbci,cross_task,5,stroop_to_arithmetic,arithmetic:s05:r3,always_nn,1,0.9999999999115492,8.845067662195027e-11,0,0,232,5
openbci,cross_task,5,stroop_to_arithmetic,arithmetic:s05:r3,cbsf,1,0.99999999748038304,2.5196169636182288e-09,0,0,232,5
openbci,cross_task,5,stroop_to_arithmetic,arithmetic:s05:r3,dasf_clean,1,0.9999999999115492,8.845067662195027e-11,0,0,232,5
openbci,cross_task,5,stroop_to_arithmetic,arithmetic:s05:r3,eeg_conformer,1,0.68151481870748087,0.31848518129251902,0,0,232,5
openbci,cross_task,5,stroop_to_arithmetic,arithmetic:s05:r3,eegnet,1,0.6191405027808593,0.3808594972191407,0,0,232,5
openbci,cross_task,5,stroop_to_arithmetic,arithmetic:s05:r3,equal_blend_050,1,0.99999999794412364,2.0558764132606637e-09,0,0,232,5
openbci,cross_task,5,stroop_to_arithmetic,arithmetic:s05:r3,extra_trees,1,0.97935400794797078,0.020645992052029199,0,0,232,5
openbci,cross_task,5,stroop_to_arithmetic,arithmetic:s05:r3,fixed_blend_010,1,0.99999999922357041,7.7642955570012759e-10,0,0,232,5
openbci,cross_task,5,stroop_to_arithmetic,arithmetic:s05:r3,fixed_blend_025,1,0.99999999864162636,1.3583736955037482e-09,0,0,232,5
openbci,cross_task,5,stroop_to_arithmetic,arithmetic:s05:r3,rf,1,0.99992070345930761,7.9296540692363056e-05,0,0,232,5
openbci,cross_task,5,stroop_to_arithmetic,arithmetic:s05:r3,riemann_mdm,1,0.64699189236141808,0.35300810763858181,0,0,232,5
openbci,cross_task,5,stroop_to_arithmetic,arithmetic:s05:r3,riemann_ts_logreg,1,0.95058248835015235,0.049417511649847499,0,0,232,5
openbci,cross_task,5,stroop_to_arithmetic,arithmetic:s05:r3,stack_recording,1,0.9973142628500552,0.0026857371499448002,0,0,232,5
openbci,cross_task,6,arithmetic_to_stroop,stroop:s06:r1,always_fuse,0,0.40473860352301583,0.59526139647698395,1,0,119,5
openbci,cross_task,6,arithmetic_to_stroop,stroop:s06:r1,always_nn,0,0.71407586495167885,0.28592413504832093,0,1,119,5
openbci,cross_task,6,arithmetic_to_stroop,stroop:s06:r1,cbsf,0,0.46259328097750041,0.53740671902249937,1,0,119,5
openbci,cross_task,6,arithmetic_to_stroop,stroop:s06:r1,dasf_clean,0,0.40473860352301583,0.59526139647698395,1,0,119,5
openbci,cross_task,6,arithmetic_to_stroop,stroop:s06:r1,eeg_conformer,0,0.49032797957402052,0.50967202042597937,1,0,119,5
openbci,cross_task,6,arithmetic_to_stroop,stroop:s06:r1,eegnet,0,0.48297531791250781,0.51702468208749208,1,0,119,5
openbci,cross_task,6,arithmetic_to_stroop,stroop:s06:r1,equal_blend_050,0,0.55020908221575593,0.44979091778424413,0,1,119,5
openbci,cross_task,6,arithmetic_to_stroop,stroop:s06:r1,extra_trees,0,0.52277845134121825,0.47722154865878158,0,1,119,5
openbci,cross_task,6,arithmetic_to_stroop,stroop:s06:r1,fixed_blend_010,0,0.67721055049996115,0.32278944950003891,0,1,119,5
openbci,cross_task,6,arithmetic_to_stroop,stroop:s06:r1,fixed_blend_025,0,0.6270726654917933,0.3729273345082067,0,1,119,5
openbci,cross_task,6,arithmetic_to_stroop,stroop:s06:r1,rf,0,0.40278554248874471,0.59721445751125524,1,0,119,5
openbci,cross_task,6,arithmetic_to_stroop,stroop:s06:r1,riemann_mdm,0,0.62442429286265433,0.37557570713734562,0,1,119,5
openbci,cross_task,6,arithmetic_to_stroop,stroop:s06:r1,riemann_ts_logreg,0,0.23781805594211861,0.76218194405788142,1,0,119,5
openbci,cross_task,6,arithmetic_to_stroop,stroop:s06:r1,stack_recording,0,0.21318968821870291,0.78681031178129701,1,0,119,5
openbci,cross_task,6,arithmetic_to_stroop,stroop:s06:r2,always_fuse,1,0.42647845233361897,0.57352154766638075,1,1,111,5
openbci,cross_task,6,arithmetic_to_stroop,stroop:s06:r2,always_nn,1,0.687797127034663,0.312202872965337,0,0,111,5
openbci,cross_task,6,arithmetic_to_stroop,stroop:s06:r2,cbsf,1,0.47524796383635243,0.52475203616364763,1,1,111,5
openbci,cross_task,6,arithmetic_to_stroop,stroop:s06:r2,dasf_clean,1,0.42647845233361897,0.57352154766638075,1,1,111,5
openbci,cross_task,6,arithmetic_to_stroop,stroop:s06:r2,eeg_conformer,1,0.41838781835687322,0.58161218164312667,1,1,111,5
openbci,cross_task,6,arithmetic_to_stroop,stroop:s06:r2,eegnet,1,0.4913252953329843,0.5086747046670157,1,1,111,5
openbci,cross_task,6,arithmetic_to_stroop,stroop:s06:r2,equal_blend_050,1,0.54895620380650745,0.45104379619349227,0,0,111,5
openbci,cross_task,6,arithmetic_to_stroop,stroop:s06:r2,extra_trees,1,0.58145740659830414,0.41854259340169581,0,0,111,5
openbci,cross_task,6,arithmetic_to_stroop,stroop:s06:r2,fixed_blend_010,1,0.65472456446674354,0.3452754355332564,0,0,111,5
openbci,cross_task,6,arithmetic_to_stroop,stroop:s06:r2,fixed_blend_025,1,0.61287871815965456,0.38712128184034528,0,0,111,5
openbci,cross_task,6,arithmetic_to_stroop,stroop:s06:r2,rf,1,0.401297588324178,0.59870241167582194,1,1,111,5
openbci,cross_task,6,arithmetic_to_stroop,stroop:s06:r2,riemann_mdm,1,0.49997704576240259,0.50002295423759746,1,1,111,5
openbci,cross_task,6,arithmetic_to_stroop,stroop:s06:r2,riemann_ts_logreg,1,0.00021787683818110001,0.9997821231618188,1,1,111,5
openbci,cross_task,6,arithmetic_to_stroop,stroop:s06:r2,stack_recording,1,0.21722354082938661,0.78277645917061323,1,1,111,5
openbci,cross_task,6,arithmetic_to_stroop,stroop:s06:r3,always_fuse,1,0.4313868644368406,0.5686131355631594,1,1,161,5
openbci,cross_task,6,arithmetic_to_stroop,stroop:s06:r3,always_nn,1,0.24699098815899451,0.75300901184100544,1,1,161,5
openbci,cross_task,6,arithmetic_to_stroop,stroop:s06:r3,cbsf,1,0.41038541725705963,0.58961458274294021,1,1,161,5
openbci,cross_task,6,arithmetic_to_stroop,stroop:s06:r3,dasf_clean,1,0.4313868644368406,0.5686131355631594,1,1,161,5
openbci,cross_task,6,arithmetic_to_stroop,stroop:s06:r3,eeg_conformer,1,0.30956799028954401,0.69043200971045593,1,1,161,5
openbci,cross_task,6,arithmetic_to_stroop,stroop:s06:r3,eegnet,1,0.46807466124157698,0.53192533875842285,1,1,161,5
openbci,cross_task,6,arithmetic_to_stroop,stroop:s06:r3,equal_blend_050,1,0.3724642349428734,0.62753576505712672,1,1,161,5
openbci,cross_task,6,arithmetic_to_stroop,stroop:s06:r3,extra_trees,1,0.37968122123281201,0.62031877876718788,1,1,161,5
openbci,cross_task,6,arithmetic_to_stroop,stroop:s06:r3,fixed_blend_010,1,0.2913013973157158,0.7086986026842842,1,1,161,5
openbci,cross_task,6,arithmetic_to_stroop,stroop:s06:r3,fixed_blend_025,1,0.32952355260723498,0.67047644739276491,1,1,161,5
openbci,cross_task,6,arithmetic_to_stroop,stroop:s06:r3,rf,1,0.36964082154027261,0.63035917845972744,1,1,161,5
openbci,cross_task,6,arithmetic_to_stroop,stroop:s06:r3,riemann_mdm,1,0.26572956445795431,0.73427043554204563,1,1,161,5
openbci,cross_task,6,arithmetic_to_stroop,stroop:s06:r3,riemann_ts_logreg,1,0.1633553914319554,0.83664460856804468,1,1,161,5
openbci,cross_task,6,arithmetic_to_stroop,stroop:s06:r3,stack_recording,1,0.35156868678204217,0.64843131321795755,1,1,161,5
openbci,cross_task,6,stroop_to_arithmetic,arithmetic:s06:r1,always_fuse,0,0.86781045492008735,0.1321895450799126,0,1,119,5
openbci,cross_task,6,stroop_to_arithmetic,arithmetic:s06:r1,always_nn,0,0.081443667674133399,0.91855633232586642,1,0,119,5
openbci,cross_task,6,stroop_to_arithmetic,arithmetic:s06:r1,cbsf,0,0.56970898630354816,0.43029101369645162,0,1,119,5
openbci,cross_task,6,stroop_to_arithmetic,arithmetic:s06:r1,dasf_clean,0,0.86781045492008735,0.1321895450799126,0,1,119,5
openbci,cross_task,6,stroop_to_arithmetic,arithmetic:s06:r1,eeg_conformer,0,0.53489441057369835,0.4651055894263017,0,1,119,5
openbci,cross_task,6,stroop_to_arithmetic,arithmetic:s06:r1,eegnet,0,0.4874910925080862,0.5125089074919138,1,0,119,5
openbci,cross_task,6,stroop_to_arithmetic,arithmetic:s06:r1,equal_blend_050,0,0.44962139067677143,0.55037860932322846,1,0,119,5
openbci,cross_task,6,stroop_to_arithmetic,arithmetic:s06:r1,extra_trees,0,0.3309664336965531,0.6690335663034469,1,0,119,5
openbci,cross_task,6,stroop_to_arithmetic,arithmetic:s06:r1,fixed_blend_010,0,0.260255035794968,0.739744964205032,1,0,119,5
openbci,cross_task,6,stroop_to_arithmetic,arithmetic:s06:r1,fixed_blend_025,0,0.3499669507249567,0.65003304927504324,1,0,119,5
openbci,cross_task,6,stroop_to_arithmetic,arithmetic:s06:r1,rf,0,0.38153823356783928,0.61846176643216055,1,0,119,5
openbci,cross_task,6,stroop_to_arithmetic,arithmetic:s06:r1,riemann_mdm,0,0.99999999962156039,3.7843962170205729e-10,0,1,119,5
openbci,cross_task,6,stroop_to_arithmetic,arithmetic:s06:r1,riemann_ts_logreg,0,0.7822608393914513,0.2177391606085487,0,1,119,5
openbci,cross_task,6,stroop_to_arithmetic,arithmetic:s06:r1,stack_recording,0,0.82957253578695911,0.17042746421304081,0,1,119,5
openbci,cross_task,6,stroop_to_arithmetic,arithmetic:s06:r2,always_fuse,1,0.0128589506733497,0.98714104932665037,1,1,130,5
openbci,cross_task,6,stroop_to_arithmetic,arithmetic:s06:r2,always_nn,1,0.67362721500266154,0.32637278499733841,0,0,130,5
openbci,cross_task,6,stroop_to_arithmetic,arithmetic:s06:r2,cbsf,1,0.32160616277917581,0.67839383722082414,1,1,130,5
openbci,cross_task,6,stroop_to_arithmetic,arithmetic:s06:r2,dasf_clean,1,0.0128589506733497,0.98714104932665037,1,1,130,5
openbci,cross_task,6,stroop_to_arithmetic,arithmetic:s06:r2,eeg_conformer,1,0.52537247157516731,0.47462752842483258,0,0,130,5
openbci,cross_task,6,stroop_to_arithmetic,arithmetic:s06:r2,eegnet,1,0.49028128229384771,0.50971871770615218,1,1,130,5
openbci,cross_task,6,stroop_to_arithmetic,arithmetic:s06:r2,equal_blend_050,1,0.42320041660087843,0.57679958339912152,1,1,130,5
openbci,cross_task,6,stroop_to_arithmetic,arithmetic:s06:r2,extra_trees,1,0.75606107455789218,0.2439389254421076,0,0,130,5
openbci,cross_task,6,stroop_to_arithmetic,arithmetic:s06:r2,fixed_blend_010,1,0.55131631190505104,0.44868368809494891,0,0,130,5
openbci,cross_task,6,stroop_to_arithmetic,arithmetic:s06:r2,fixed_blend_025,1,0.49571192445137591,0.50428807554862398,1,1,130,5
openbci,cross_task,6,stroop_to_arithmetic,arithmetic:s06:r2,rf,1,0.95587116474175116,0.044128835258248601,0,0,130,5
openbci,cross_task,6,stroop_to_arithmetic,arithmetic:s06:r2,riemann_mdm,1,0.99999999964297237,3.5702751281052313e-10,0,0,130,5
openbci,cross_task,6,stroop_to_arithmetic,arithmetic:s06:r2,riemann_ts_logreg,1,0.19770811350648509,0.80229188649351491,1,1,130,5
openbci,cross_task,6,stroop_to_arithmetic,arithmetic:s06:r2,stack_recording,1,0.26957107909001132,0.73042892090998846,1,1,130,5
openbci,cross_task,6,stroop_to_arithmetic,arithmetic:s06:r3,always_fuse,1,0.28733854016515392,0.71266145983484575,1,1,191,5
openbci,cross_task,6,stroop_to_arithmetic,arithmetic:s06:r3,always_nn,1,0.31510576802454532,0.68489423197545463,1,1,191,5
openbci,cross_task,6,stroop_to_arithmetic,arithmetic:s06:r3,cbsf,1,0.44884726565887723,0.55115273434112266,1,1,191,5
openbci,cross_task,6,stroop_to_arithmetic,arithmetic:s06:r3,dasf_clean,1,0.28733854016515392,0.71266145983484575,1,1,191,5
openbci,cross_task,6,stroop_to_arithmetic,arithmetic:s06:r3,eeg_conformer,1,0.51534209361931704,0.4846579063806829,0,0,191,5
openbci,cross_task,6,stroop_to_arithmetic,arithmetic:s06:r3,eegnet,1,0.48393778484908623,0.51606221515091355,1,1,191,5
openbci,cross_task,6,stroop_to_arithmetic,arithmetic:s06:r3,equal_blend_050,1,0.42905186402259188,0.5709481359774079,1,1,191,5
openbci,cross_task,6,stroop_to_arithmetic,arithmetic:s06:r3,extra_trees,1,0.59637073624499615,0.4036292637550038,0,0,191,5
openbci,cross_task,6,stroop_to_arithmetic,arithmetic:s06:r3,fixed_blend_010,1,0.3685129696131923,0.63148703038680754,1,1,191,5
openbci,cross_task,6,stroop_to_arithmetic,arithmetic:s06:r3,fixed_blend_025,1,0.40168623438030832,0.59831376561969174,1,1,191,5
openbci,cross_task,6,stroop_to_arithmetic,arithmetic:s06:r3,rf,1,0.72954123298444784,0.2704587670155521,0,0,191,5
openbci,cross_task,6,stroop_to_arithmetic,arithmetic:s06:r3,riemann_mdm,1,0.99999999791542038,2.0845796428436041e-09,0,0,191,5
openbci,cross_task,6,stroop_to_arithmetic,arithmetic:s06:r3,riemann_ts_logreg,1,0.55881529919895268,0.44118470080104721,0,0,191,5
openbci,cross_task,6,stroop_to_arithmetic,arithmetic:s06:r3,stack_recording,1,0.57871870787466106,0.42128129212533882,0,0,191,5
openbci,cross_task,7,arithmetic_to_stroop,stroop:s07:r1,always_fuse,0,0.69783984105254504,0.30216015894745468,0,1,97,5
openbci,cross_task,7,arithmetic_to_stroop,stroop:s07:r1,always_nn,0,0.99673373132015397,0.0032662686798459002,0,1,97,5
openbci,cross_task,7,arithmetic_to_stroop,stroop:s07:r1,cbsf,0,0.74543084012402938,0.25456915987597051,0,1,97,5
openbci,cross_task,7,arithmetic_to_stroop,stroop:s07:r1,dasf_clean,0,0.99673373132015397,0.0032662686798459002,0,1,97,5
openbci,cross_task,7,arithmetic_to_stroop,stroop:s07:r1,eeg_conformer,0,0.98999411313682995,0.0100058868631699,0,1,97,5
openbci,cross_task,7,arithmetic_to_stroop,stroop:s07:r1,eegnet,0,0.99824237743179722,0.0017576225682024999,0,1,97,5
openbci,cross_task,7,arithmetic_to_stroop,stroop:s07:r1,equal_blend_050,0,0.82193931620171001,0.1780606837982899,0,1,97,5
openbci,cross_task,7,arithmetic_to_stroop,stroop:s07:r1,extra_trees,0,0.9984435573256768,0.0015564426743231001,0,1,97,5
openbci,cross_task,7,arithmetic_to_stroop,stroop:s07:r1,fixed_blend_010,0,0.94671634047039355,0.0532836595296063,0,1,97,5
openbci,cross_task,7,arithmetic_to_stroop,stroop:s07:r1,fixed_blend_025,0,0.89455947265086455,0.1054405273491352,0,1,97,5
openbci,cross_task,7,arithmetic_to_stroop,stroop:s07:r1,rf,0,0.999829730728786,0.0001702692712138,0,1,97,5
openbci,cross_task,7,arithmetic_to_stroop,stroop:s07:r1,riemann_mdm,0,0.9999856370007264,1.4362999273505702e-05,0,1,97,5
openbci,cross_task,7,arithmetic_to_stroop,stroop:s07:r1,riemann_ts_logreg,0,0.45523532551686507,0.54476467448313493,1,0,97,5
openbci,cross_task,7,arithmetic_to_stroop,stroop:s07:r1,stack_recording,0,0.19650276132663411,0.80349723867336575,1,0,97,5
openbci,cross_task,7,arithmetic_to_stroop,stroop:s07:r2,always_fuse,1,0.60654924174084646,0.39345075825915338,0,0,96,5
openbci,cross_task,7,arithmetic_to_stroop,stroop:s07:r2,always_nn,1,0.71741531690407434,0.2825846830959256,0,0,96,5
openbci,cross_task,7,arithmetic_to_stroop,stroop:s07:r2,cbsf,1,0.61058831239339695,0.38941168760660277,0,0,96,5
openbci,cross_task,7,arithmetic_to_stroop,stroop:s07:r2,dasf_clean,1,0.71741531690407434,0.2825846830959256,0,0,96,5
openbci,cross_task,7,arithmetic_to_stroop,stroop:s07:r2,eeg_conformer,1,0.98297952309857117,0.017020476901428699,0,0,96,5
openbci,cross_task,7,arithmetic_to_stroop,stroop:s07:r2,eegnet,1,0.9793022508491076,0.020697749150892401,0,0,96,5
openbci,cross_task,7,arithmetic_to_stroop,stroop:s07:r2,equal_blend_050,1,0.62151880944040283,0.37848119055959711,0,0,96,5
openbci,cross_task,7,arithmetic_to_stroop,stroop:s07:r2,extra_trees,1,0.80547332169376062,0.19452667830623921,0,0,96,5
openbci,cross_task,7,arithmetic_to_stroop,stroop:s07:r2,fixed_blend_010,1,0.6617002325599296,0.3382997674400704,0,0,96,5
openbci,cross_task,7,arithmetic_to_stroop,stroop:s07:r2,fixed_blend_025,1,0.63921759150298996,0.36078240849700982,0,0,96,5
openbci,cross_task,7,arithmetic_to_stroop,stroop:s07:r2,rf,1,0.99908584981644821,0.00091415018355159999,0,0,96,5
openbci,cross_task,7,arithmetic_to_stroop,stroop:s07:r2,riemann_mdm,1,0.73031127522853834,0.26968872477146172,0,0,96,5
openbci,cross_task,7,arithmetic_to_stroop,stroop:s07:r2,riemann_ts_logreg,1,0.0027035092199172001,0.99729649078008265,1,1,96,5
openbci,cross_task,7,arithmetic_to_stroop,stroop:s07:r2,stack_recording,1,0.1365035652279844,0.86349643477201554,1,1,96,5
openbci,cross_task,7,arithmetic_to_stroop,stroop:s07:r3,always_fuse,1,0.71685009333493566,0.28314990666506412,0,0,179,5
openbci,cross_task,7,arithmetic_to_stroop,stroop:s07:r3,always_nn,1,0.99360617009291263,0.0063938299070873004,0,0,179,5
openbci,cross_task,7,arithmetic_to_stroop,stroop:s07:r3,cbsf,1,0.75689589760810405,0.24310410239189581,0,0,179,5
openbci,cross_task,7,arithmetic_to_stroop,stroop:s07:r3,dasf_clean,1,0.99360617009291263,0.0063938299070873004,0,0,179,5
openbci,cross_task,7,arithmetic_to_stroop,stroop:s07:r3,eeg_conformer,1,0.98873856888234601,0.011261431117654101,0,0,179,5
openbci,cross_task,7,arithmetic_to_stroop,stroop:s07:r3,eegnet,1,0.9965369384076852,0.0034630615923146001,0,0,179,5
openbci,cross_task,7,arithmetic_to_stroop,stroop:s07:r3,equal_blend_050,1,0.82307449393866805,0.17692550606133181,0,0,179,5
openbci,cross_task,7,arithmetic_to_stroop,stroop:s07:r3,extra_trees,1,0.99903099259564943,0.00096900740435030002,0,0,179,5
openbci,cross_task,7,arithmetic_to_stroop,stroop:s07:r3,fixed_blend_010,1,0.93843998914719917,0.061560010852800801,0,0,179,5
openbci,cross_task,7,arithmetic_to_stroop,stroop:s07:r3,fixed_blend_025,1,0.8886023395087933,0.1113976604912066,0,0,179,5
openbci,cross_task,7,arithmetic_to_stroop,stroop:s07:r3,rf,1,0.99990969350518755,9.0306494812346396e-05,0,0,179,5
openbci,cross_task,7,arithmetic_to_stroop,stroop:s07:r3,riemann_mdm,1,0.99993088575411804,6.9114245881933266e-05,0,0,179,5
openbci,cross_task,7,arithmetic_to_stroop,stroop:s07:r3,riemann_ts_logreg,1,0.1338348578068134,0.86616514219318652,1,1,179,5
openbci,cross_task,7,arithmetic_to_stroop,stroop:s07:r3,stack_recording,1,0.088899147989279698,0.91110085201072,1,1,179,5
openbci,cross_task,7,stroop_to_arithmetic,arithmetic:s07:r1,always_fuse,0,0.50547185299205122,0.49452814700794873,0,1,36,5
openbci,cross_task,7,stroop_to_arithmetic,arithmetic:s07:r1,always_nn,0,0.31743414472566372,0.68256585527433633,1,0,36,5
openbci,cross_task,7,stroop_to_arithmetic,arithmetic:s07:r1,cbsf,0,0.46857602079853911,0.53142397920146078,1,0,36,5
openbci,cross_task,7,stroop_to_arithmetic,arithmetic:s07:r1,dasf_clean,0,0.50547185299205122,0.49452814700794873,0,1,36,5
openbci,cross_task,7,stroop_to_arithmetic,arithmetic:s07:r1,eeg_conformer,0,0.0150025853910585,0.98499741460894141,1,0,36,5
openbci,cross_task,7,stroop_to_arithmetic,arithmetic:s07:r1,eegnet,0,0.28193283486762788,0.7180671651323719,1,0,36,5
openbci,cross_task,7,stroop_to_arithmetic,arithmetic:s07:r1,equal_blend_050,0,0.4128704984380151,0.58712950156198485,1,0,36,5
openbci,cross_task,7,stroop_to_arithmetic,arithmetic:s07:r1,extra_trees,0,0.081689505763814202,0.9183104942361856,1,0,36,5
openbci,cross_task,7,stroop_to_arithmetic,arithmetic:s07:r1,fixed_blend_010,0,0.33695644885097992,0.66304355114902003,1,0,36,5
openbci,cross_task,7,stroop_to_arithmetic,arithmetic:s07:r1,fixed_blend_025,0,0.3657517116707687,0.6342482883292313,1,0,36,5
openbci,cross_task,7,stroop_to_arithmetic,arithmetic:s07:r1,rf,0,0.2104982236164456,0.78950177638355445,1,0,36,5
openbci,cross_task,7,stroop_to_arithmetic,arithmetic:s07:r1,riemann_mdm,0,0.0050079237331307003,0.99499207626686925,1,0,36,5
openbci,cross_task,7,stroop_to_arithmetic,arithmetic:s07:r1,riemann_ts_logreg,0,0.90810844247831923,0.091891557521680906,0,1,36,5
openbci,cross_task,7,stroop_to_arithmetic,arithmetic:s07:r1,stack_recording,0,0.82947670688072972,0.1705232931192702,0,1,36,5
openbci,cross_task,7,stroop_to_arithmetic,arithmetic:s07:r2,always_fuse,1,0.49911524091318338,0.5008847590868164,1,1,46,5
openbci,cross_task,7,stroop_to_arithmetic,arithmetic:s07:r2,always_nn,1,0.26149163130040548,0.73850836869959424,1,1,46,5
openbci,cross_task,7,stroop_to_arithmetic,arithmetic:s07:r2,cbsf,1,0.45358139357763072,0.54641860642236906,1,1,46,5
openbci,cross_task,7,stroop_to_arithmetic,arithmetic:s07:r2,dasf_clean,1,0.49911524091318338,0.5008847590868164,1,1,46,5
openbci,cross_task,7,stroop_to_arithmetic,arithmetic:s07:r2,eeg_conformer,1,0.0115733248083236,0.98842667519167637,1,1,46,5
openbci,cross_task,7,stroop_to_arithmetic,arithmetic:s07:r2,eegnet,1,0.23311477873888881,0.76688522126111114,1,1,46,5
openbci,cross_task,7,stroop_to_arithmetic,arithmetic:s07:r2,equal_blend_050,1,0.38431667078534232,0.61568332921465763,1,1,46,5
openbci,cross_task,7,stroop_to_arithmetic,arithmetic:s07:r2,extra_trees,1,0.11849459769018091,0.88150540230981911,1,1,46,5
openbci,cross_task,7,stroop_to_arithmetic,arithmetic:s07:r2,fixed_blend_010,1,0.28745068765130782,0.71254931234869212,1,1,46,5
openbci,cross_task,7,stroop_to_arithmetic,arithmetic:s07:r2,fixed_blend_025,1,0.32473806470601291,0.67526193529398704,1,1,46,5
openbci,cross_task,7,stroop_to_arithmetic,arithmetic:s07:r2,rf,1,0.2175711029841183,0.78242889701588147,1,1,46,5
openbci,cross_task,7,stroop_to_arithmetic,arithmetic:s07:r2,riemann_mdm,1,0.0019339907152584,0.99806600928474165,1,1,46,5
openbci,cross_task,7,stroop_to_arithmetic,arithmetic:s07:r2,riemann_ts_logreg,1,0.65063567467532257,0.34936432532467732,0,0,46,5
openbci,cross_task,7,stroop_to_arithmetic,arithmetic:s07:r2,stack_recording,1,0.75394594339971843,0.24605405660028151,0,0,46,5
openbci,cross_task,7,stroop_to_arithmetic,arithmetic:s07:r3,always_fuse,1,0.50984858994212034,0.49015141005787971,0,0,102,5
openbci,cross_task,7,stroop_to_arithmetic,arithmetic:s07:r3,always_nn,1,0.23901749957689861,0.76098250042310134,1,1,102,5
openbci,cross_task,7,stroop_to_arithmetic,arithmetic:s07:r3,cbsf,1,0.45675365211895103,0.54324634788104886,1,1,102,5
openbci,cross_task,7,stroop_to_arithmetic,arithmetic:s07:r3,dasf_clean,1,0.50984858994212034,0.49015141005787971,0,0,102,5
openbci,cross_task,7,stroop_to_arithmetic,arithmetic:s07:r3,eeg_conformer,1,0.0152891593031964,0.98471084069680315,1,1,102,5
openbci,cross_task,7,stroop_to_arithmetic,arithmetic:s07:r3,eegnet,1,0.2676220705969008,0.7323779294030992,1,1,102,5
openbci,cross_task,7,stroop_to_arithmetic,arithmetic:s07:r3,equal_blend_050,1,0.37667240849720351,0.62332759150279637,1,1,102,5
openbci,cross_task,7,stroop_to_arithmetic,arithmetic:s07:r3,extra_trees,1,0.1069694683778963,0.89303053162210355,1,1,102,5
openbci,cross_task,7,stroop_to_arithmetic,arithmetic:s07:r3,fixed_blend_010,1,0.26733495999437251,0.73266504000562738,1,1,102,5
openbci,cross_task,7,stroop_to_arithmetic,arithmetic:s07:r3,fixed_blend_025,1,0.30889002797703913,0.69110997202296076,1,1,102,5
openbci,cross_task,7,stroop_to_arithmetic,arithmetic:s07:r3,rf,1,0.21693400114055811,0.78306599885944184,1,1,102,5
openbci,cross_task,7,stroop_to_arithmetic,arithmetic:s07:r3,riemann_mdm,1,0.00075714824108259998,0.99924285175891725,1,1,102,5
openbci,cross_task,7,stroop_to_arithmetic,arithmetic:s07:r3,riemann_ts_logreg,1,0.090850609094434598,0.90914939090556557,1,1,102,5
openbci,cross_task,7,stroop_to_arithmetic,arithmetic:s07:r3,stack_recording,1,0.74749017626589398,0.2525098237341058,0,0,102,5
openbci,cross_task,8,arithmetic_to_stroop,stroop:s08:r1,always_fuse,0,0.39164442152168488,0.60835557847831501,1,0,162,5
openbci,cross_task,8,arithmetic_to_stroop,stroop:s08:r1,always_nn,0,0.0078286676396686992,0.99217133236033117,1,0,162,5
openbci,cross_task,8,arithmetic_to_stroop,stroop:s08:r1,cbsf,0,0.35012291809738583,0.64987708190261395,1,0,162,5
openbci,cross_task,8,arithmetic_to_stroop,stroop:s08:r1,dasf_clean,0,0.0078286676396686992,0.99217133236033117,1,0,162,5
openbci,cross_task,8,arithmetic_to_stroop,stroop:s08:r1,eeg_conformer,0,0.17789618220338041,0.82210381779661945,1,0,162,5
openbci,cross_task,8,arithmetic_to_stroop,stroop:s08:r1,eegnet,0,0.25303946598539112,0.74696053401460882,1,0,162,5
openbci,cross_task,8,arithmetic_to_stroop,stroop:s08:r1,equal_blend_050,0,0.27891595210633963,0.72108404789366043,1,0,162,5
openbci,cross_task,8,arithmetic_to_stroop,stroop:s08:r1,extra_trees,0,0.29068437725243901,0.70931562274756088,1,0,162,5
openbci,cross_task,8,arithmetic_to_stroop,stroop:s08:r1,fixed_blend_010,0,0.1306467429260601,0.86935325707393984,1,0,162,5
openbci,cross_task,8,arithmetic_to_stroop,stroop:s08:r1,fixed_blend_025,0,0.2010048918038792,0.79899510819612063,1,0,162,5
openbci,cross_task,8,arithmetic_to_stroop,stroop:s08:r1,rf,0,0.25189594560631062,0.74810405439368932,1,0,162,5
openbci,cross_task,8,arithmetic_to_stroop,stroop:s08:r1,riemann_mdm,0,0.1108546661971658,0.889145333802834,1,0,162,5
openbci,cross_task,8,arithmetic_to_stroop,stroop:s08:r1,riemann_ts_logreg,0,0.00086115388912509996,0.99913884611087478,1,0,162,5
openbci,cross_task,8,arithmetic_to_stroop,stroop:s08:r1,stack_recording,0,0.32480867301358768,0.67519132698641215,1,0,162,5
openbci,cross_task,8,arithmetic_to_stroop,stroop:s08:r2,always_fuse,1,0.45967011885249093,0.54032988114750913,1,1,160,5
openbci,cross_task,8,arithmetic_to_stroop,stroop:s08:r2,always_nn,1,0.0690505247100274,0.93094947528997241,1,1,160,5
openbci,cross_task,8,arithmetic_to_stroop,stroop:s08:r2,cbsf,1,0.43236797714462383,0.56763202285537595,1,1,160,5
openbci,cross_task,8,arithmetic_to_stroop,stroop:s08:r2,dasf_clean,1,0.0690505247100274,0.93094947528997241,1,1,160,5
openbci,cross_task,8,arithmetic_to_stroop,stroop:s08:r2,eeg_conformer,1,0.1416674872611508,0.85833251273884914,1,1,160,5
openbci,cross_task,8,arithmetic_to_stroop,stroop:s08:r2,eegnet,1,0.27715756449154672,0.72284243550845317,1,1,160,5
openbci,cross_task,8,arithmetic_to_stroop,stroop:s08:r2,equal_blend_050,1,0.38327366893564457,0.61672633106435515,1,1,160,5
openbci,cross_task,8,arithmetic_to_stroop,stroop:s08:r2,extra_trees,1,0.34711450602191352,0.65288549397808637,1,1,160,5
openbci,cross_task,8,arithmetic_to_stroop,stroop:s08:r2,fixed_blend_010,1,0.25827031087738,0.74172968912262005,1,1,160,5
openbci,cross_task,8,arithmetic_to_stroop,stroop:s08:r2,fixed_blend_025,1,0.3231954671459778,0.6768045328540222,1,1,160,5
openbci,cross_task,8,arithmetic_to_stroop,stroop:s08:r2,rf,1,0.3887308700867898,0.61126912991321014,1,1,160,5
openbci,cross_task,8,arithmetic_to_stroop,stroop:s08:r2,riemann_mdm,1,0.2817069793519632,0.71829302064803668,1,1,160,5
openbci,cross_task,8,arithmetic_to_stroop,stroop:s08:r2,riemann_ts_logreg,1,0.32936673634403862,0.67063326365596132,1,1,160,5
openbci,cross_task,8,arithmetic_to_stroop,stroop:s08:r2,stack_recording,1,0.78652878987994568,0.21347121012005421,0,0,160,5
openbci,cross_task,8,arithmetic_to_stroop,stroop:s08:r3,always_fuse,1,0.43301686231362918,0.56698313768637065,1,1,234,5
openbci,cross_task,8,arithmetic_to_stroop,stroop:s08:r3,always_nn,1,0.0383262700965648,0.96167372990343525,1,1,234,5
openbci,cross_task,8,arithmetic_to_stroop,stroop:s08:r3,cbsf,1,0.39331324162313508,0.60668675837686481,1,1,234,5
openbci,cross_task,8,arithmetic_to_stroop,stroop:s08:r3,dasf_clean,1,0.0383262700965648,0.96167372990343525,1,1,234,5
openbci,cross_task,8,arithmetic_to_stroop,stroop:s08:r3,eeg_conformer,1,0.17107354308256681,0.82892645691743305,1,1,234,5
openbci,cross_task,8,arithmetic_to_stroop,stroop:s08:r3,eegnet,1,0.27505454716295341,0.72494545283704637,1,1,234,5
openbci,cross_task,8,arithmetic_to_stroop,stroop:s08:r3,equal_blend_050,1,0.32447408389076138,0.67552591610923851,1,1,234,5
openbci,cross_task,8,arithmetic_to_stroop,stroop:s08:r3,extra_trees,1,0.34329143210085028,0.65670856789914955,1,1,234,5
openbci,cross_task,8,arithmetic_to_stroop,stroop:s08:r3,fixed_blend_010,1,0.1742056715332865,0.82579432846671341,1,1,234,5
openbci,cross_task,8,arithmetic_to_stroop,stroop:s08:r3,fixed_blend_025,1,0.24695503394441931,0.75304496605558058,1,1,234,5
openbci,cross_task,8,arithmetic_to_stroop,stroop:s08:r3,rf,1,0.30669534361737261,0.69330465638262717,1,1,234,5
openbci,cross_task,8,arithmetic_to_stroop,stroop:s08:r3,riemann_mdm,1,0.57501873267571679,0.4249812673242831,0,0,234,5
openbci,cross_task,8,arithmetic_to_stroop,stroop:s08:r3,riemann_ts_logreg,1,0.113038614025854,0.88696138597414598,1,1,234,5
openbci,cross_task,8,arithmetic_to_stroop,stroop:s08:r3,stack_recording,1,0.66778072184223958,0.33221927815776031,0,0,234,5
openbci,cross_task,8,stroop_to_arithmetic,arithmetic:s08:r1,always_fuse,0,0.61398698552244957,0.38601301447755021,0,1,278,5
openbci,cross_task,8,stroop_to_arithmetic,arithmetic:s08:r1,always_nn,0,0.49738990917562442,0.50261009082437536,1,0,278,5
openbci,cross_task,8,stroop_to_arithmetic,arithmetic:s08:r1,cbsf,0,0.59837473416196818,0.4016252658380316,0,1,278,5
openbci,cross_task,8,stroop_to_arithmetic,arithmetic:s08:r1,dasf_clean,0,0.49738990917562442,0.50261009082437536,1,0,278,5
openbci,cross_task,8,stroop_to_arithmetic,arithmetic:s08:r1,eeg_conformer,0,0.75419888089925735,0.24580111910074251,0,1,278,5
openbci,cross_task,8,stroop_to_arithmetic,arithmetic:s08:r1,eegnet,0,0.43058485387304402,0.56941514612695587,1,0,278,5
openbci,cross_task,8,stroop_to_arithmetic,arithmetic:s08:r1,equal_blend_050,0,0.57652321348974955,0.42347678651025022,0,1,278,5
openbci,cross_task,8,stroop_to_arithmetic,arithmetic:s08:r1,extra_trees,0,0.52865449723060276,0.47134550276939707,0,1,278,5
openbci,cross_task,8,stroop_to_arithmetic,arithmetic:s08:r1,fixed_blend_010,0,0.53401233703027351,0.46598766296972632,0,1,278,5
openbci,cross_task,8,stroop_to_arithmetic,arithmetic:s08:r1,fixed_blend_025,0,0.55525075070007401,0.44474924929992582,0,1,278,5
openbci,cross_task,8,stroop_to_arithmetic,arithmetic:s08:r1,rf,0,0.55268209373221611,0.44731790626778373,0,1,278,5
openbci,cross_task,8,stroop_to_arithmetic,arithmetic:s08:r1,riemann_mdm,0,0.46337498756076528,0.53662501243923466,1,0,278,5
openbci,cross_task,8,stroop_to_arithmetic,arithmetic:s08:r1,riemann_ts_logreg,0,0.34818275216233258,0.65181724783766737,1,0,278,5
openbci,cross_task,8,stroop_to_arithmetic,arithmetic:s08:r1,stack_recording,0,0.93137003273344743,0.068629967266552502,0,1,278,5
openbci,cross_task,8,stroop_to_arithmetic,arithmetic:s08:r2,always_fuse,1,0.64728110192018384,0.35271889807981621,0,0,259,5
openbci,cross_task,8,stroop_to_arithmetic,arithmetic:s08:r2,always_nn,1,0.84691746756242192,0.15308253243757791,0,0,259,5
openbci,cross_task,8,stroop_to_arithmetic,arithmetic:s08:r2,cbsf,1,0.65394587213377031,0.34605412786622958,0,0,259,5
openbci,cross_task,8,stroop_to_arithmetic,arithmetic:s08:r2,dasf_clean,1,0.84691746756242192,0.15308253243757791,0,0,259,5
openbci,cross_task,8,stroop_to_arithmetic,arithmetic:s08:r2,eeg_conformer,1,0.69998431541129336,0.30001568458870642,0,0,259,5
openbci,cross_task,8,stroop_to_arithmetic,arithmetic:s08:r2,eegnet,1,0.43204185449256433,0.56795814550743573,1,1,259,5
openbci,cross_task,8,stroop_to_arithmetic,arithmetic:s08:r2,equal_blend_050,1,0.67184924008153868,0.32815075991846121,0,0,259,5
openbci,cross_task,8,stroop_to_arithmetic,arithmetic:s08:r2,extra_trees,1,0.61464507277276337,0.38535492722723641,0,0,259,5
openbci,cross_task,8,stroop_to_arithmetic,arithmetic:s08:r2,fixed_blend_010,1,0.73020831619658588,0.26979168380341401,0,0,259,5
openbci,cross_task,8,stroop_to_arithmetic,arithmetic:s08:r2,fixed_blend_025,1,0.69889719879287038,0.30110280120712951,0,0,259,5
openbci,cross_task,8,stroop_to_arithmetic,arithmetic:s08:r2,rf,1,0.63340263975218225,0.36659736024781781,0,0,259,5
openbci,cross_task,8,stroop_to_arithmetic,arithmetic:s08:r2,riemann_mdm,1,0.43856897125687938,0.56143102874312056,1,1,259,5
openbci,cross_task,8,stroop_to_arithmetic,arithmetic:s08:r2,riemann_ts_logreg,1,0.31964536250358822,0.68035463749641178,1,1,259,5
openbci,cross_task,8,stroop_to_arithmetic,arithmetic:s08:r2,stack_recording,1,0.97775090176942159,0.022249098230578399,0,0,259,5
openbci,cross_task,8,stroop_to_arithmetic,arithmetic:s08:r3,always_fuse,1,0.55025283093861022,0.44974716906138967,0,0,311,5
openbci,cross_task,8,stroop_to_arithmetic,arithmetic:s08:r3,always_nn,1,0.22054549475983881,0.77945450524016124,1,1,311,5
openbci,cross_task,8,stroop_to_arithmetic,arithmetic:s08:r3,cbsf,1,0.52528512990014575,0.47471487009985408,0,0,311,5
openbci,cross_task,8,stroop_to_arithmetic,arithmetic:s08:r3,dasf_clean,1,0.22054549475983881,0.77945450524016124,1,1,311,5
openbci,cross_task,8,stroop_to_arithmetic,arithmetic:s08:r3,eeg_conformer,1,0.65346540101651285,0.34653459898348687,0,0,311,5
openbci,cross_task,8,stroop_to_arithmetic,arithmetic:s08:r3,eegnet,1,0.4322446934328395,0.56775530656716044,1,1,311,5
openbci,cross_task,8,stroop_to_arithmetic,arithmetic:s08:r3,equal_blend_050,1,0.48512415899561001,0.51487584100438988,1,1,311,5
openbci,cross_task,8,stroop_to_arithmetic,arithmetic:s08:r3,extra_trees,1,0.36048174255158483,0.63951825744841495,1,1,311,5
openbci,cross_task,8,stroop_to_arithmetic,arithmetic:s08:r3,fixed_blend_010,1,0.39785100184462302,0.60214899815537692,1,1,311,5
openbci,cross_task,8,stroop_to_arithmetic,arithmetic:s08:r3,fixed_blend_025,1,0.44134106076442392,0.55865893923557586,1,1,311,5
openbci,cross_task,8,stroop_to_arithmetic,arithmetic:s08:r3,rf,1,0.31698557252838622,0.68301442747161356,1,1,311,5
openbci,cross_task,8,stroop_to_arithmetic,arithmetic:s08:r3,riemann_mdm,1,0.34172791997339158,0.65827208002660842,1,1,311,5
openbci,cross_task,8,stroop_to_arithmetic,arithmetic:s08:r3,riemann_ts_logreg,1,0.31753008337771782,0.68246991662228207,1,1,311,5
openbci,cross_task,8,stroop_to_arithmetic,arithmetic:s08:r3,stack_recording,1,0.81020569866108427,0.18979430133891551,0,0,311,5
openbci,cross_task,9,arithmetic_to_stroop,stroop:s09:r1,always_fuse,0,0.47378919186677487,0.52621080813322485,1,0,160,5
openbci,cross_task,9,arithmetic_to_stroop,stroop:s09:r1,always_nn,0,0.00029039688471180002,0.99970960311528823,1,0,160,5
openbci,cross_task,9,arithmetic_to_stroop,stroop:s09:r1,cbsf,0,0.38854021852304321,0.61145978147695668,1,0,160,5
openbci,cross_task,9,arithmetic_to_stroop,stroop:s09:r1,dasf_clean,0,0.00029039688471180002,0.99970960311528823,1,0,160,5
openbci,cross_task,9,arithmetic_to_stroop,stroop:s09:r1,eeg_conformer,0,0.043036302084243402,0.95696369791575664,1,0,160,5
openbci,cross_task,9,arithmetic_to_stroop,stroop:s09:r1,eegnet,0,0.1774448275315828,0.82255517246841714,1,0,160,5
openbci,cross_task,9,arithmetic_to_stroop,stroop:s09:r1,equal_blend_050,0,0.25769341000451967,0.74230658999548005,1,0,160,5
openbci,cross_task,9,arithmetic_to_stroop,stroop:s09:r1,extra_trees,0,0.1505650691993268,0.84943493080067312,1,0,160,5
openbci,cross_task,9,arithmetic_to_stroop,stroop:s09:r1,fixed_blend_010,0,0.065211602864304705,0.93478839713569517,1,0,160,5
openbci,cross_task,9,arithmetic_to_stroop,stroop:s09:r1,fixed_blend_025,0,0.1418959023852587,0.85810409761474116,1,0,160,5
openbci,cross_task,9,arithmetic_to_stroop,stroop:s09:r1,rf,0,0.058565895405377003,0.94143410459462284,1,0,160,5
openbci,cross_task,9,arithmetic_to_stroop,stroop:s09:r1,riemann_mdm,0,0.0022098577960968,0.99779014220390305,1,0,160,5
openbci,cross_task,9,arithmetic_to_stroop,stroop:s09:r1,riemann_ts_logreg,0,0.0001191085062666,0.99988089149373316,1,0,160,5
openbci,cross_task,9,arithmetic_to_stroop,stroop:s09:r1,stack_recording,0,0.008527265940717,0.99147273405928282,1,0,160,5
openbci,cross_task,9,arithmetic_to_stroop,stroop:s09:r2,always_fuse,1,0.46575484383350951,0.53424515616649038,1,1,110,5
openbci,cross_task,9,arithmetic_to_stroop,stroop:s09:r2,always_nn,1,0.0007529386758431,0.99924706132415675,1,1,110,5
openbci,cross_task,9,arithmetic_to_stroop,stroop:s09:r2,cbsf,1,0.37459075123567848,0.62540924876432125,1,1,110,5
openbci,cross_task,9,arithmetic_to_stroop,stroop:s09:r2,dasf_clean,1,0.0007529386758431,0.99924706132415675,1,1,110,5
openbci,cross_task,9,arithmetic_to_stroop,stroop:s09:r2,eeg_conformer,1,0.039878213099978702,0.96012178690002115,1,1,110,5
openbci,cross_task,9,arithmetic_to_stroop,stroop:s09:r2,eegnet,1,0.1717634514211509,0.8282365485788491,1,1,110,5
openbci,cross_task,9,arithmetic_to_stroop,stroop:s09:r2,equal_blend_050,1,0.2375230878779574,0.76247691212204238,1,1,110,5
openbci,cross_task,9,arithmetic_to_stroop,stroop:s09:r2,extra_trees,1,0.1339088453830882,0.86609115461691166,1,1,110,5
openbci,cross_task,9,arithmetic_to_stroop,stroop:s09:r2,fixed_blend_010,1,0.052177186446731402,0.94782281355326836,1,1,110,5
openbci,cross_task,9,arithmetic_to_stroop,stroop:s09:r2,fixed_blend_025,1,0.12240359441379051,0.87759640558620944,1,1,110,5
openbci,cross_task,9,arithmetic_to_stroop,stroop:s09:r2,rf,1,0.075137187162653399,0.92486281283734639,1,1,110,5
openbci,cross_task,9,arithmetic_to_stroop,stroop:s09:r2,riemann_mdm,1,0.0013892285097491001,0.99861077149025079,1,1,110,5
openbci,cross_task,9,arithmetic_to_stroop,stroop:s09:r2,riemann_ts_logreg,1,2.0541990864935101e-05,0.99997945800913524,1,1,110,5
openbci,cross_task,9,arithmetic_to_stroop,stroop:s09:r2,stack_recording,1,0.014104720462256,0.98589527953774403,1,1,110,5
openbci,cross_task,9,arithmetic_to_stroop,stroop:s09:r3,always_fuse,1,0.46285428007816792,0.53714571992183213,1,1,193,5
openbci,cross_task,9,arithmetic_to_stroop,stroop:s09:r3,always_nn,1,0.000140348124697,0.99985965187530301,1,1,193,5
openbci,cross_task,9,arithmetic_to_stroop,stroop:s09:r3,cbsf,1,0.37172912542818543,0.62827087457181441,1,1,193,5
openbci,cross_task,9,arithmetic_to_stroop,stroop:s09:r3,dasf_clean,1,0.000140348124697,0.99985965187530301,1,1,193,5
openbci,cross_task,9,arithmetic_to_stroop,stroop:s09:r3,eeg_conformer,1,0.029962488549570301,0.9700375114504296,1,1,193,5
openbci,cross_task,9,arithmetic_to_stroop,stroop:s09:r3,eegnet,1,0.17802970149854661,0.8219702985014532,1,1,193,5
openbci,cross_task,9,arithmetic_to_stroop,stroop:s09:r3,equal_blend_050,1,0.2348092801019411,0.76519071989805865,1,1,193,5
openbci,cross_task,9,arithmetic_to_stroop,stroop:s09:r3,extra_trees,1,0.088334850869569201,0.91166514913043062,1,1,193,5
openbci,cross_task,9,arithmetic_to_stroop,stroop:s09:r3,fixed_blend_010,1,0.050113646519345703,0.9498863534806542,1,1,193,5
openbci,cross_task,9,arithmetic_to_stroop,stroop:s09:r3,fixed_blend_025,1,0.119972471147771,0.8800275288522289,1,1,193,5
openbci,cross_task,9,arithmetic_to_stroop,stroop:s09:r3,rf,1,0.041140626439809903,0.95885937356019002,1,1,193,5
openbci,cross_task,9,arithmetic_to_stroop,stroop:s09:r3,riemann_mdm,1,0.0043583786564510996,0.99564162134354883,1,1,193,5
openbci,cross_task,9,arithmetic_to_stroop,stroop:s09:r3,riemann_ts_logreg,1,5.8006391680031467e-07,0.99999941993608321,1,1,193,5
openbci,cross_task,9,arithmetic_to_stroop,stroop:s09:r3,stack_recording,1,0.0055272364923176004,0.99447276350768243,1,1,193,5
openbci,cross_task,9,stroop_to_arithmetic,arithmetic:s09:r1,always_fuse,0,0.56832767773853987,0.43167232226146002,0,1,121,5
openbci,cross_task,9,stroop_to_arithmetic,arithmetic:s09:r1,always_nn,0,0.62422692099216948,0.37577307900783052,0,1,121,5
openbci,cross_task,9,stroop_to_arithmetic,arithmetic:s09:r1,cbsf,0,0.56540089381526548,0.43459910618473441,0,1,121,5
openbci,cross_task,9,stroop_to_arithmetic,arithmetic:s09:r1,dasf_clean,0,0.56832767773853987,0.43167232226146002,0,1,121,5
openbci,cross_task,9,stroop_to_arithmetic,arithmetic:s09:r1,eeg_conformer,0,0.84712242399774762,0.1528775760022523,0,1,121,5
openbci,cross_task,9,stroop_to_arithmetic,arithmetic:s09:r1,eegnet,0,0.032227553186690003,0.96777244681330998,1,0,121,5
openbci,cross_task,9,stroop_to_arithmetic,arithmetic:s09:r1,equal_blend_050,0,0.5630712228306135,0.4369287771693865,0,1,121,5
openbci,cross_task,9,stroop_to_arithmetic,arithmetic:s09:r1,extra_trees,0,0.80198826607148077,0.19801173392851901,0,1,121,5
openbci,cross_task,9,stroop_to_arithmetic,arithmetic:s09:r1,fixed_blend_010,0,0.56793793717537422,0.43206206282462573,0,1,121,5
openbci,cross_task,9,stroop_to_arithmetic,arithmetic:s09:r1,fixed_blend_025,0,0.5635727532713799,0.43642724672862021,0,1,121,5
openbci,cross_task,9,stroop_to_arithmetic,arithmetic:s09:r1,rf,0,0.9003433812651499,0.0996566187348501,0,1,121,5
openbci,cross_task,9,stroop_to_arithmetic,arithmetic:s09:r1,riemann_mdm,0,0.13904730036841989,0.86095269963158005,1,0,121,5
openbci,cross_task,9,stroop_to_arithmetic,arithmetic:s09:r1,riemann_ts_logreg,0,0.92927120774713279,0.070728792252867004,0,1,121,5
openbci,cross_task,9,stroop_to_arithmetic,arithmetic:s09:r1,stack_recording,0,0.48957679486018713,0.51042320513981265,1,0,121,5
openbci,cross_task,9,stroop_to_arithmetic,arithmetic:s09:r2,always_fuse,1,0.52280282318080817,0.47719717681919172,0,0,122,5
openbci,cross_task,9,stroop_to_arithmetic,arithmetic:s09:r2,always_nn,1,0.57372108250066034,0.4262789174993396,0,0,122,5
openbci,cross_task,9,stroop_to_arithmetic,arithmetic:s09:r2,cbsf,1,0.52737200758877767,0.47262799241122222,0,0,122,5
openbci,cross_task,9,stroop_to_arithmetic,arithmetic:s09:r2,dasf_clean,1,0.52280282318080817,0.47719717681919172,0,0,122,5
openbci,cross_task,9,stroop_to_arithmetic,arithmetic:s09:r2,eeg_conformer,1,0.27379710450375022,0.72620289549624983,1,1,122,5
openbci,cross_task,9,stroop_to_arithmetic,arithmetic:s09:r2,eegnet,1,0.025077935505797601,0.97492206449420238,1,1,122,5
openbci,cross_task,9,stroop_to_arithmetic,arithmetic:s09:r2,equal_blend_050,1,0.53551527833769008,0.46448472166230981,0,0,122,5
openbci,cross_task,9,stroop_to_arithmetic,arithmetic:s09:r2,extra_trees,1,0.75435131262641431,0.24564868737358561,0,0,122,5
openbci,cross_task,9,stroop_to_arithmetic,arithmetic:s09:r2,fixed_blend_010,1,0.55384238350054082,0.44615761649945912,0,0,122,5
openbci,cross_task,9,stroop_to_arithmetic,arithmetic:s09:r2,fixed_blend_025,1,0.54470521129910066,0.45529478870089912,0,0,122,5
openbci,cross_task,9,stroop_to_arithmetic,arithmetic:s09:r2,rf,1,0.89960528601384115,0.1003947139861586,0,0,122,5
openbci,cross_task,9,stroop_to_arithmetic,arithmetic:s09:r2,riemann_mdm,1,0.0571697437517273,0.94283025624827277,1,1,122,5
openbci,cross_task,9,stroop_to_arithmetic,arithmetic:s09:r2,riemann_ts_logreg,1,0.78857560657521997,0.21142439342477989,0,0,122,5
openbci,cross_task,9,stroop_to_arithmetic,arithmetic:s09:r2,stack_recording,1,0.46314997591689933,0.53685002408310045,1,1,122,5
openbci,cross_task,9,stroop_to_arithmetic,arithmetic:s09:r3,always_fuse,1,0.59485461004826745,0.40514538995173238,0,0,426,5
openbci,cross_task,9,stroop_to_arithmetic,arithmetic:s09:r3,always_nn,1,0.87657101392615044,0.1234289860738495,0,0,426,5
openbci,cross_task,9,stroop_to_arithmetic,arithmetic:s09:r3,cbsf,1,0.60404122203401955,0.39595877796598022,0,0,426,5
openbci,cross_task,9,stroop_to_arithmetic,arithmetic:s09:r3,dasf_clean,1,0.59485461004826745,0.40514538995173238,0,0,426,5
openbci,cross_task,9,stroop_to_arithmetic,arithmetic:s09:r3,eeg_conformer,1,0.62529119187700222,0.37470880812299773,0,0,426,5
openbci,cross_task,9,stroop_to_arithmetic,arithmetic:s09:r3,eegnet,1,0.051357344470911101,0.94864265552908877,1,1,426,5
openbci,cross_task,9,stroop_to_arithmetic,arithmetic:s09:r3,equal_blend_050,1,0.62487424783640988,0.3751257521635899,0,0,426,5
openbci,cross_task,9,stroop_to_arithmetic,arithmetic:s09:r3,extra_trees,1,0.85362593735590431,0.14637406264409561,0,0,426,5
openbci,cross_task,9,stroop_to_arithmetic,arithmetic:s09:r3,fixed_blend_010,1,0.70079822988803686,0.29920177011196297,0,0,426,5
openbci,cross_task,9,stroop_to_arithmetic,arithmetic:s09:r3,fixed_blend_025,1,0.65729090035158511,0.34270909964841478,0,0,426,5
openbci,cross_task,9,stroop_to_arithmetic,arithmetic:s09:r3,rf,1,0.9691690054276364,0.0308309945723634,0,0,426,5
openbci,cross_task,9,stroop_to_arithmetic,arithmetic:s09:r3,riemann_mdm,1,0.037627281776173201,0.96237271822382675,1,1,426,5
openbci,cross_task,9,stroop_to_arithmetic,arithmetic:s09:r3,riemann_ts_logreg,1,0.7928523848536152,0.20714761514638469,0,0,426,5
openbci,cross_task,9,stroop_to_arithmetic,arithmetic:s09:r3,stack_recording,1,0.6421609558919944,0.3578390441080056,0,0,426,5
openbci,cross_task,10,arithmetic_to_stroop,stroop:s10:r1,always_fuse,0,0.49369229621061522,0.50630770378938483,1,0,118,5
openbci,cross_task,10,arithmetic_to_stroop,stroop:s10:r1,always_nn,0,0.18620130044298941,0.81379869955701045,1,0,118,5
openbci,cross_task,10,arithmetic_to_stroop,stroop:s10:r1,cbsf,0,0.46037586447640172,0.53962413552359823,1,0,118,5
openbci,cross_task,10,arithmetic_to_stroop,stroop:s10:r1,dasf_clean,0,0.49369229621061522,0.50630770378938483,1,0,118,5
openbci,cross_task,10,arithmetic_to_stroop,stroop:s10:r1,eeg_conformer,0,0.33432766164156852,0.66567233835843143,1,0,118,5
openbci,cross_task,10,arithmetic_to_stroop,stroop:s10:r1,eegnet,0,0.39231833657772802,0.60768166342227192,1,0,118,5
openbci,cross_task,10,arithmetic_to_stroop,stroop:s10:r1,equal_blend_050,0,0.4016603381113818,0.5983396618886182,1,0,118,5
openbci,cross_task,10,arithmetic_to_stroop,stroop:s10:r1,extra_trees,0,0.31457750056882022,0.68542249943117961,1,0,118,5
openbci,cross_task,10,arithmetic_to_stroop,stroop:s10:r1,fixed_blend_010,0,0.27597081963944192,0.72402918036055786,1,0,118,5
openbci,cross_task,10,arithmetic_to_stroop,stroop:s10:r1,fixed_blend_025,0,0.33673813152631071,0.66326186847368918,1,0,118,5
openbci,cross_task,10,arithmetic_to_stroop,stroop:s10:r1,rf,0,0.28403575037420448,0.7159642496257953,1,0,118,5
openbci,cross_task,10,arithmetic_to_stroop,stroop:s10:r1,riemann_mdm,0,0.41058630672063517,0.58941369327936477,1,0,118,5
openbci,cross_task,10,arithmetic_to_stroop,stroop:s10:r1,riemann_ts_logreg,0,0.020390983908424601,0.97960901609157558,1,0,118,5
openbci,cross_task,10,arithmetic_to_stroop,stroop:s10:r1,stack_recording,0,0.52904974257284998,0.47095025742714991,0,1,118,5
openbci,cross_task,10,arithmetic_to_stroop,stroop:s10:r2,always_fuse,1,0.60860921222331066,0.39139078777668912,0,0,83,5
openbci,cross_task,10,arithmetic_to_stroop,stroop:s10:r2,always_nn,1,0.037050228915152902,0.96294977108484703,1,1,83,5
openbci,cross_task,10,arithmetic_to_stroop,stroop:s10:r2,cbsf,1,0.4915110547579592,0.50848894524204058,1,1,83,5
openbci,cross_task,10,arithmetic_to_stroop,stroop:s10:r2,dasf_clean,1,0.60860921222331066,0.39139078777668912,0,0,83,5
openbci,cross_task,10,arithmetic_to_stroop,stroop:s10:r2,eeg_conformer,1,0.35153814795543648,0.64846185204456341,1,1,83,5
openbci,cross_task,10,arithmetic_to_stroop,stroop:s10:r2,eegnet,1,0.3930413351902165,0.60695866480978355,1,1,83,5
openbci,cross_task,10,arithmetic_to_stroop,stroop:s10:r2,equal_blend_050,1,0.33177991675649571,0.66822008324350424,1,1,83,5
openbci,cross_task,10,arithmetic_to_stroop,stroop:s10:r2,extra_trees,1,0.18800535164119531,0.81199464835880464,1,1,83,5
openbci,cross_task,10,arithmetic_to_stroop,stroop:s10:r2,fixed_blend_010,1,0.1133946527129218,0.88660534728707807,1,1,83,5
openbci,cross_task,10,arithmetic_to_stroop,stroop:s10:r2,fixed_blend_025,1,0.1992864968813633,0.80071350311863665,1,1,83,5
openbci,cross_task,10,arithmetic_to_stroop,stroop:s10:r2,rf,1,0.1367074191782911,0.86329258082170868,1,1,83,5
openbci,cross_task,10,arithmetic_to_stroop,stroop:s10:r2,riemann_mdm,1,0.37143508964583127,0.62856491035416873,1,1,83,5
openbci,cross_task,10,arithmetic_to_stroop,stroop:s10:r2,riemann_ts_logreg,1,0.00026039434301710002,0.99973960565698283,1,1,83,5
openbci,cross_task,10,arithmetic_to_stroop,stroop:s10:r2,stack_recording,1,0.64003530891241756,0.3599646910875825,0,0,83,5
openbci,cross_task,10,arithmetic_to_stroop,stroop:s10:r3,always_fuse,1,0.2376848907152129,0.76231510928478696,1,1,207,5
openbci,cross_task,10,arithmetic_to_stroop,stroop:s10:r3,always_nn,1,0.94261761118641685,0.057382388813582902,0,0,207,5
openbci,cross_task,10,arithmetic_to_stroop,stroop:s10:r3,cbsf,1,0.3766426919268428,0.62335730807315715,1,1,207,5
openbci,cross_task,10,arithmetic_to_stroop,stroop:s10:r3,dasf_clean,1,0.2376848907152129,0.76231510928478696,1,1,207,5
openbci,cross_task,10,arithmetic_to_stroop,stroop:s10:r3,eeg_conformer,1,0.36865738634090411,0.63134261365909583,1,1,207,5
openbci,cross_task,10,arithmetic_to_stroop,stroop:s10:r3,eegnet,1,0.47022623918529471,0.52977376081470517,1,1,207,5
openbci,cross_task,10,arithmetic_to_stroop,stroop:s10:r3,equal_blend_050,1,0.56998576913189503,0.43001423086810492,0,0,207,5
openbci,cross_task,10,arithmetic_to_stroop,stroop:s10:r3,extra_trees,1,0.70314102780837706,0.29685897219162283,0,0,207,5
openbci,cross_task,10,arithmetic_to_stroop,stroop:s10:r3,fixed_blend_010,1,0.84830589426637093,0.1516941057336289,0,0,207,5
openbci,cross_task,10,arithmetic_to_stroop,stroop:s10:r3,fixed_blend_025,1,0.73601003094015405,0.26398996905984567,0,0,207,5
openbci,cross_task,10,arithmetic_to_stroop,stroop:s10:r3,rf,1,0.72954657007445445,0.27045342992554527,0,0,207,5
openbci,cross_task,10,arithmetic_to_stroop,stroop:s10:r3,riemann_mdm,1,0.7177546861763755,0.28224531382362439,0,0,207,5
openbci,cross_task,10,arithmetic_to_stroop,stroop:s10:r3,riemann_ts_logreg,1,0.99999668244253359,3.3175574663749517e-06,0,0,207,5
openbci,cross_task,10,arithmetic_to_stroop,stroop:s10:r3,stack_recording,1,0.25020233320822421,0.74979766679177573,1,1,207,5
openbci,cross_task,10,stroop_to_arithmetic,arithmetic:s10:r1,always_fuse,0,0.46087412421417773,0.53912587578582205,1,0,96,5
openbci,cross_task,10,stroop_to_arithmetic,arithmetic:s10:r1,always_nn,0,0.85872966086163216,0.14127033913836781,0,1,96,5
openbci,cross_task,10,stroop_to_arithmetic,arithmetic:s10:r1,cbsf,0,0.5301348163932087,0.4698651836067913,0,1,96,5
openbci,cross_task,10,stroop_to_arithmetic,arithmetic:s10:r1,dasf_clean,0,0.46087412421417773,0.53912587578582205,1,0,96,5
openbci,cross_task,10,stroop_to_arithmetic,arithmetic:s10:r1,eeg_conformer,0,0.75384585130212245,0.2461541486978775,0,1,96,5
openbci,cross_task,10,stroop_to_arithmetic,arithmetic:s10:r1,eegnet,0,0.50488757861475742,0.49511242138524247,0,1,96,5
openbci,cross_task,10,stroop_to_arithmetic,arithmetic:s10:r1,equal_blend_050,0,0.62689233025745661,0.37310766974254328,0,1,96,5
openbci,cross_task,10,stroop_to_arithmetic,arithmetic:s10:r1,extra_trees,0,0.80751421887764208,0.1924857811223577,0,1,96,5
openbci,cross_task,10,stroop_to_arithmetic,arithmetic:s10:r1,fixed_blend_010,0,0.78816727093626004,0.2118327290637399,0,1,96,5
openbci,cross_task,10,stroop_to_arithmetic,arithmetic:s10:r1,fixed_blend_025,0,0.717641702064301,0.282358297935699,0,1,96,5
openbci,cross_task,10,stroop_to_arithmetic,arithmetic:s10:r1,rf,0,0.84707511503579824,0.1529248849642017,0,1,96,5
openbci,cross_task,10,stroop_to_arithmetic,arithmetic:s10:r1,riemann_mdm,0,0.881574039386254,0.1184259606137459,0,1,96,5
openbci,cross_task,10,stroop_to_arithmetic,arithmetic:s10:r1,riemann_ts_logreg,0,0.81207639981239843,0.18792360018760151,0,1,96,5
openbci,cross_task,10,stroop_to_arithmetic,arithmetic:s10:r1,stack_recording,0,0.36347590415453568,0.63652409584546421,1,0,96,5
openbci,cross_task,10,stroop_to_arithmetic,arithmetic:s10:r2,always_fuse,1,0.61073624467224874,0.3892637553277512,0,0,112,5
openbci,cross_task,10,stroop_to_arithmetic,arithmetic:s10:r2,always_nn,1,0.87724174371294805,0.1227582562870518,0,0,112,5
openbci,cross_task,10,stroop_to_arithmetic,arithmetic:s10:r2,cbsf,1,0.65835641791087551,0.34164358208912438,0,0,112,5
openbci,cross_task,10,stroop_to_arithmetic,arithmetic:s10:r2,dasf_clean,1,0.61073624467224874,0.3892637553277512,0,0,112,5
openbci,cross_task,10,stroop_to_arithmetic,arithmetic:s10:r2,eeg_conformer,1,0.74376403810049485,0.2562359618995052,0,0,112,5
openbci,cross_task,10,stroop_to_arithmetic,arithmetic:s10:r2,eegnet,1,0.50573921596663296,0.49426078403336682,0,0,112,5
openbci,cross_task,10,stroop_to_arithmetic,arithmetic:s10:r2,equal_blend_050,1,0.72788662622481548,0.2721133737751843,0,0,112,5
openbci,cross_task,10,stroop_to_arithmetic,arithmetic:s10:r2,extra_trees,1,0.7776322194037395,0.2223677805962605,0,0,112,5
openbci,cross_task,10,stroop_to_arithmetic,arithmetic:s10:r2,fixed_blend_010,1,0.83595884784643826,0.16404115215356141,0,0,112,5
openbci,cross_task,10,stroop_to_arithmetic,arithmetic:s10:r2,fixed_blend_025,1,0.79077290693695013,0.2092270930630499,0,0,112,5
openbci,cross_task,10,stroop_to_arithmetic,arithmetic:s10:r2,rf,1,0.88287272700011488,0.117127272999885,0,0,112,5
openbci,cross_task,10,stroop_to_arithmetic,arithmetic:s10:r2,riemann_mdm,1,0.94369329551469761,0.056306704485302297,0,0,112,5
openbci,cross_task,10,stroop_to_arithmetic,arithmetic:s10:r2,riemann_ts_logreg,1,0.7985415934394926,0.20145840656050731,0,0,112,5
openbci,cross_task,10,stroop_to_arithmetic,arithmetic:s10:r2,stack_recording,1,0.331320079102146,0.668679920897854,1,1,112,5
openbci,cross_task,10,stroop_to_arithmetic,arithmetic:s10:r3,always_fuse,1,0.63002426626676911,0.36997573373323078,0,0,145,5
openbci,cross_task,10,stroop_to_arithmetic,arithmetic:s10:r3,always_nn,1,0.69092183042536137,0.30907816957463852,0,0,145,5
openbci,cross_task,10,stroop_to_arithmetic,arithmetic:s10:r3,cbsf,1,0.62869032265236513,0.37130967734763481,0,0,145,5
openbci,cross_task,10,stroop_to_arithmetic,arithmetic:s10:r3,dasf_clean,1,0.63002426626676911,0.36997573373323078,0,0,145,5
openbci,cross_task,10,stroop_to_arithmetic,arithmetic:s10:r3,eeg_conformer,1,0.74233641546086837,0.25766358453913141,0,0,145,5
openbci,cross_task,10,stroop_to_arithmetic,arithmetic:s10:r3,eegnet,1,0.50709059339975215,0.49290940660024762,0,0,145,5
openbci,cross_task,10,stroop_to_arithmetic,arithmetic:s10:r3,equal_blend_050,1,0.63674882197070282,0.36325117802929702,0,0,145,5
openbci,cross_task,10,stroop_to_arithmetic,arithmetic:s10:r3,extra_trees,1,0.62297749683113524,0.37702250316886471,0,0,145,5
openbci,cross_task,10,stroop_to_arithmetic,arithmetic:s10:r3,fixed_blend_010,1,0.66776791115489975,0.33223208884510008,0,0,145,5
openbci,cross_task,10,stroop_to_arithmetic,arithmetic:s10:r3,fixed_blend_025,1,0.6516805792948378,0.3483194207051622,0,0,145,5
openbci,cross_task,10,stroop_to_arithmetic,arithmetic:s10:r3,rf,1,0.57581929874409221,0.42418070125590768,0,0,145,5
openbci,cross_task,10,stroop_to_arithmetic,arithmetic:s10:r3,riemann_mdm,1,0.9709759371943788,0.0290240628056209,0,0,145,5
openbci,cross_task,10,stroop_to_arithmetic,arithmetic:s10:r3,riemann_ts_logreg,1,0.59651995297121951,0.40348004702878049,0,0,145,5
openbci,cross_task,10,stroop_to_arithmetic,arithmetic:s10:r3,stack_recording,1,0.72232153874995664,0.27767846125004342,0,0,145,5
openbci,cross_task,11,arithmetic_to_stroop,stroop:s11:r1,always_fuse,0,0.48929325760046921,0.51070674239953062,1,0,113,5
openbci,cross_task,11,arithmetic_to_stroop,stroop:s11:r1,always_nn,0,0.1733071058487809,0.82669289415121905,1,0,113,5
openbci,cross_task,11,arithmetic_to_stroop,stroop:s11:r1,cbsf,0,0.43535283660014018,0.56464716339985965,1,0,113,5
openbci,cross_task,11,arithmetic_to_stroop,stroop:s11:r1,dasf_clean,0,0.48929325760046921,0.51070674239953062,1,0,113,5
openbci,cross_task,11,arithmetic_to_stroop,stroop:s11:r1,eeg_conformer,0,0.14720840117164091,0.85279159882835898,1,0,113,5
openbci,cross_task,11,arithmetic_to_stroop,stroop:s11:r1,eegnet,0,0.0067833486388036998,0.99321665136119597,1,0,113,5
openbci,cross_task,11,arithmetic_to_stroop,stroop:s11:r1,equal_blend_050,0,0.35553562806740502,0.64446437193259487,1,0,113,5
openbci,cross_task,11,arithmetic_to_stroop,stroop:s11:r1,extra_trees,0,0.38180064837595351,0.61819935162404638,1,0,113,5
openbci,cross_task,11,arithmetic_to_stroop,stroop:s11:r1,fixed_blend_010,0,0.22657497572594301,0.7734250242740569,1,0,113,5
openbci,cross_task,11,arithmetic_to_stroop,stroop:s11:r1,fixed_blend_025,0,0.28167720823699388,0.71832279176300595,1,0,113,5
openbci,cross_task,11,arithmetic_to_stroop,stroop:s11:r1,rf,0,0.41474572009893418,0.58525427990106571,1,0,113,5
openbci,cross_task,11,arithmetic_to_stroop,stroop:s11:r1,riemann_mdm,0,0.2951355529082979,0.70486444709170215,1,0,113,5
openbci,cross_task,11,arithmetic_to_stroop,stroop:s11:r1,riemann_ts_logreg,0,0.060186199186590697,0.93981380081340937,1,0,113,5
openbci,cross_task,11,arithmetic_to_stroop,stroop:s11:r1,stack_recording,0,0.54243047112225395,0.45756952887774582,0,1,113,5
openbci,cross_task,11,arithmetic_to_stroop,stroop:s11:r2,always_fuse,1,0.44371984669373732,0.55628015330626257,1,1,130,5
openbci,cross_task,11,arithmetic_to_stroop,stroop:s11:r2,always_nn,1,0.73065385922607162,0.26934614077392832,0,0,130,5
openbci,cross_task,11,arithmetic_to_stroop,stroop:s11:r2,cbsf,1,0.50170913270021433,0.49829086729978572,0,0,130,5
openbci,cross_task,11,arithmetic_to_stroop,stroop:s11:r2,dasf_clean,1,0.44371984669373732,0.55628015330626257,1,1,130,5
openbci,cross_task,11,arithmetic_to_stroop,stroop:s11:r2,eeg_conformer,1,0.19335297241668131,0.80664702758331863,1,1,130,5
openbci,cross_task,11,arithmetic_to_stroop,stroop:s11:r2,eegnet,1,0.048650403626536901,0.95134959637346284,1,1,130,5
openbci,cross_task,11,arithmetic_to_stroop,stroop:s11:r2,equal_blend_050,1,0.57754944659158935,0.42245055340841048,0,0,130,5
openbci,cross_task,11,arithmetic_to_stroop,stroop:s11:r2,extra_trees,1,0.38972859072785632,0.61027140927214363,1,1,130,5
openbci,cross_task,11,arithmetic_to_stroop,stroop:s11:r2,fixed_blend_010,1,0.69098478608637681,0.30901521391362308,0,0,130,5
openbci,cross_task,11,arithmetic_to_stroop,stroop:s11:r2,fixed_blend_025,1,0.64402731272111025,0.35597268727888948,0,0,130,5
openbci,cross_task,11,arithmetic_to_stroop,stroop:s11:r2,rf,1,0.39066699501337421,0.60933300498662557,1,1,130,5
openbci,cross_task,11,arithmetic_to_stroop,stroop:s11:r2,riemann_mdm,1,0.38539873470041641,0.61460126529958348,1,1,130,5
openbci,cross_task,11,arithmetic_to_stroop,stroop:s11:r2,riemann_ts_logreg,1,0.83286254619713296,0.16713745380286699,0,0,130,5
openbci,cross_task,11,arithmetic_to_stroop,stroop:s11:r2,stack_recording,1,0.19163391226712251,0.80836608773287744,1,1,130,5
openbci,cross_task,11,arithmetic_to_stroop,stroop:s11:r3,always_fuse,1,0.4707802985076876,0.52921970149231234,1,1,185,5
openbci,cross_task,11,arithmetic_to_stroop,stroop:s11:r3,always_nn,1,0.80433796561976445,0.19566203438023561,0,0,185,5
openbci,cross_task,11,arithmetic_to_stroop,stroop:s11:r3,cbsf,1,0.53236054212432071,0.46763945787567918,0,0,185,5
openbci,cross_task,11,arithmetic_to_stroop,stroop:s11:r3,dasf_clean,1,0.4707802985076876,0.52921970149231234,1,1,185,5
openbci,cross_task,11,arithmetic_to_stroop,stroop:s11:r3,eeg_conformer,1,0.2165755792417903,0.78342442075820973,1,1,185,5
openbci,cross_task,11,arithmetic_to_stroop,stroop:s11:r3,eegnet,1,0.050710362494822601,0.94928963750517725,1,1,185,5
openbci,cross_task,11,arithmetic_to_stroop,stroop:s11:r3,equal_blend_050,1,0.6197254154538856,0.3802745845461144,0,0,185,5
openbci,cross_task,11,arithmetic_to_stroop,stroop:s11:r3,extra_trees,1,0.41490292553348901,0.58509707446651094,1,1,185,5
openbci,cross_task,11,arithmetic_to_stroop,stroop:s11:r3,fixed_blend_010,1,0.75326287515532064,0.2467371248446793,0,0,185,5
openbci,cross_task,11,arithmetic_to_stroop,stroop:s11:r3,fixed_blend_025,1,0.69753889848385175,0.3024611015161483,0,0,185,5
openbci,cross_task,11,arithmetic_to_stroop,stroop:s11:r3,rf,1,0.36387141148327667,0.63612858851672316,1,1,185,5
openbci,cross_task,11,arithmetic_to_stroop,stroop:s11:r3,riemann_mdm,1,0.45837327783001219,0.54162672216998775,1,1,185,5
openbci,cross_task,11,arithmetic_to_stroop,stroop:s11:r3,riemann_ts_logreg,1,0.83134386369516988,0.16865613630483001,0,0,185,5
openbci,cross_task,11,arithmetic_to_stroop,stroop:s11:r3,stack_recording,1,0.15781043956952731,0.84218956043047255,1,1,185,5
openbci,cross_task,11,stroop_to_arithmetic,arithmetic:s11:r1,always_fuse,0,0.99999741997718361,2.5800228162991729e-06,0,1,155,5
openbci,cross_task,11,stroop_to_arithmetic,arithmetic:s11:r1,always_nn,0,0.99999999858953004,1.4104701681911096e-09,0,1,155,5
openbci,cross_task,11,stroop_to_arithmetic,arithmetic:s11:r1,cbsf,0,0.99999767969601405,2.3203039858417644e-06,0,1,155,5
openbci,cross_task,11,stroop_to_arithmetic,arithmetic:s11:r1,dasf_clean,0,0.99999999858953004,1.4104701681911096e-09,0,1,155,5
openbci,cross_task,11,stroop_to_arithmetic,arithmetic:s11:r1,eeg_conformer,0,0.96929516784728276,0.030704832152717201,0,1,155,5
openbci,cross_task,11,stroop_to_arithmetic,arithmetic:s11:r1,eegnet,0,0.42622217586118,0.57377782413881995,1,0,155,5
openbci,cross_task,11,stroop_to_arithmetic,arithmetic:s11:r1,equal_blend_050,0,0.99999844505296842,1.5549470316011882e-06,0,1,155,5
openbci,cross_task,11,stroop_to_arithmetic,arithmetic:s11:r1,extra_trees,0,0.98410088154583719,0.015899118454162701,0,1,155,5
openbci,cross_task,11,stroop_to_arithmetic,arithmetic:s11:r1,fixed_blend_010,0,0.99999963210424558,3.6789575451396721e-07,0,1,155,5
openbci,cross_task,11,stroop_to_arithmetic,arithmetic:s11:r1,fixed_blend_025,0,0.999999163300196,8.3669980409558947e-07,0,1,155,5
openbci,cross_task,11,stroop_to_arithmetic,arithmetic:s11:r1,rf,0,0.99479896583878036,0.0052010341612194,0,1,155,5
openbci,cross_task,11,stroop_to_arithmetic,arithmetic:s11:r1,riemann_mdm,0,0.4865790312149893,0.51342096878501065,1,0,155,5
openbci,cross_task,11,stroop_to_arithmetic,arithmetic:s11:r1,riemann_ts_logreg,0,0.020417988640661199,0.97958201135933876,1,0,155,5
openbci,cross_task,11,stroop_to_arithmetic,arithmetic:s11:r1,stack_recording,0,0.99996367629870675,3.6323701293065352e-05,0,1,155,5
openbci,cross_task,11,stroop_to_arithmetic,arithmetic:s11:r2,always_fuse,1,0.9999991979408096,8.020591902387591e-07,0,0,162,5
openbci,cross_task,11,stroop_to_arithmetic,arithmetic:s11:r2,always_nn,1,0.99999998775098797,1.2249012244423088e-08,0,0,162,5
openbci,cross_task,11,stroop_to_arithmetic,arithmetic:s11:r2,cbsf,1,0.9999986053312182,1.3946687817604354e-06,0,0,162,5
openbci,cross_task,11,stroop_to_arithmetic,arithmetic:s11:r2,dasf_clean,1,0.99999998775098797,1.2249012244423088e-08,0,0,162,5
openbci,cross_task,11,stroop_to_arithmetic,arithmetic:s11:r2,eeg_conformer,1,0.97430792183408355,0.025692078165916302,0,0,162,5
openbci,cross_task,11,stroop_to_arithmetic,arithmetic:s11:r2,eegnet,1,0.43494198085104752,0.56505801914895226,1,1,162,5
openbci,cross_task,11,stroop_to_arithmetic,arithmetic:s11:r2,equal_blend_050,1,0.99999876178641278,1.2382135872439691e-06,0,0,162,5
openbci,cross_task,11,stroop_to_arithmetic,arithmetic:s11:r2,extra_trees,1,0.96950732994054956,0.030492670059450201,0,0,162,5
openbci,cross_task,11,stroop_to_arithmetic,arithmetic:s11:r2,fixed_blend_010,1,0.99999950094835477,4.990516454127087e-07,0,0,162,5
openbci,cross_task,11,stroop_to_arithmetic,arithmetic:s11:r2,fixed_blend_025,1,0.99999914058398243,8.5941601761904075e-07,0,0,162,5
openbci,cross_task,11,stroop_to_arithmetic,arithmetic:s11:r2,rf,1,0.99986231243597956,0.00013768756402020001,0,0,162,5
openbci,cross_task,11,stroop_to_arithmetic,arithmetic:s11:r2,riemann_mdm,1,0.49312514622847098,0.50687485377152897,1,1,162,5
openbci,cross_task,11,stroop_to_arithmetic,arithmetic:s11:r2,riemann_ts_logreg,1,0.072996829487542797,0.92700317051245718,1,1,162,5
openbci,cross_task,11,stroop_to_arithmetic,arithmetic:s11:r2,stack_recording,1,0.99997798370924085,2.2016290759127235e-05,0,0,162,5
openbci,cross_task,11,stroop_to_arithmetic,arithmetic:s11:r3,always_fuse,1,0.999999635559228,3.6444077184458501e-07,0,0,211,5
openbci,cross_task,11,stroop_to_arithmetic,arithmetic:s11:r3,always_nn,1,0.99999999993632205,6.3677977566966312e-11,0,0,211,5
openbci,cross_task,11,stroop_to_arithmetic,arithmetic:s11:r3,cbsf,1,0.99999964688442322,3.5311557662804118e-07,0,0,211,5
openbci,cross_task,11,stroop_to_arithmetic,arithmetic:s11:r3,dasf_clean,1,0.99999999993632205,6.3677977566966312e-11,0,0,211,5
openbci,cross_task,11,stroop_to_arithmetic,arithmetic:s11:r3,eeg_conformer,1,0.9785157191314684,0.021484280868531599,0,0,211,5
openbci,cross_task,11,stroop_to_arithmetic,arithmetic:s11:r3,eegnet,1,0.43638753765944638,0.56361246234055351,1,1,211,5
openbci,cross_task,11,stroop_to_arithmetic,arithmetic:s11:r3,equal_blend_050,1,0.99999975361523719,2.4638476291045388e-07,0,0,211,5
openbci,cross_task,11,stroop_to_arithmetic,arithmetic:s11:r3,extra_trees,1,0.99519634812509961,0.0048036518749002,0,0,211,5
openbci,cross_task,11,stroop_to_arithmetic,arithmetic:s11:r3,fixed_blend_010,1,0.99999994087919464,5.91208053548982e-08,0,0,211,5
openbci,cross_task,11,stroop_to_arithmetic,arithmetic:s11:r3,fixed_blend_025,1,0.99999986527833118,1.3472166888502885e-07,0,0,211,5
openbci,cross_task,11,stroop_to_arithmetic,arithmetic:s11:r3,rf,1,0.99971467142064041,0.00028532857935960001,0,0,211,5
openbci,cross_task,11,stroop_to_arithmetic,arithmetic:s11:r3,riemann_mdm,1,0.47073262414108741,0.52926737585891248,1,1,211,5
openbci,cross_task,11,stroop_to_arithmetic,arithmetic:s11:r3,riemann_ts_logreg,1,0.56538943189417579,0.43461056810582432,0,0,211,5
openbci,cross_task,11,stroop_to_arithmetic,arithmetic:s11:r3,stack_recording,1,0.99998263689598121,1.7363104018654682e-05,0,0,211,5
openbci,cross_task,12,arithmetic_to_stroop,stroop:s12:r1,always_fuse,0,0.0104931307883277,0.98950686921167197,1,0,123,5
openbci,cross_task,12,arithmetic_to_stroop,stroop:s12:r1,always_nn,0,0.23699440946809441,0.76300559053190553,1,0,123,5
openbci,cross_task,12,arithmetic_to_stroop,stroop:s12:r1,cbsf,0,0.1091912613138953,0.89080873868610455,1,0,123,5
openbci,cross_task,12,arithmetic_to_stroop,stroop:s12:r1,dasf_clean,0,0.0104931307883277,0.98950686921167197,1,0,123,5
openbci,cross_task,12,arithmetic_to_stroop,stroop:s12:r1,eeg_conformer,0,0.31541211620939841,0.68458788379060154,1,0,123,5
openbci,cross_task,12,arithmetic_to_stroop,stroop:s12:r1,eegnet,0,0.1568547055845293,0.8431452944154707,1,0,123,5
openbci,cross_task,12,arithmetic_to_stroop,stroop:s12:r1,equal_blend_050,0,0.17677730128653241,0.82322269871346765,1,0,123,5
openbci,cross_task,12,arithmetic_to_stroop,stroop:s12:r1,extra_trees,0,0.49255300718933792,0.50744699281066186,1,0,123,5
openbci,cross_task,12,arithmetic_to_stroop,stroop:s12:r1,fixed_blend_010,0,0.2391086767535972,0.76089132324640274,1,0,123,5
openbci,cross_task,12,arithmetic_to_stroop,stroop:s12:r1,fixed_blend_025,0,0.21941575392040641,0.78058424607959331,1,0,123,5
openbci,cross_task,12,arithmetic_to_stroop,stroop:s12:r1,rf,0,0.62211370169125535,0.37788629830874448,0,1,123,5
openbci,cross_task,12,arithmetic_to_stroop,stroop:s12:r1,riemann_mdm,0,0.74490606541534132,0.25509393458465868,0,1,123,5
openbci,cross_task,12,arithmetic_to_stroop,stroop:s12:r1,riemann_ts_logreg,0,0.1155344882641549,0.88446551173584498,1,0,123,5
openbci,cross_task,12,arithmetic_to_stroop,stroop:s12:r1,stack_recording,0,0.1180436780762943,0.88195632192370566,1,0,123,5
openbci,cross_task,12,arithmetic_to_stroop,stroop:s12:r2,always_fuse,1,0.026766369521853201,0.97323363047814682,1,1,126,5
openbci,cross_task,12,arithmetic_to_stroop,stroop:s12:r2,always_nn,1,0.1997970301342139,0.80020296986578587,1,1,126,5
openbci,cross_task,12,arithmetic_to_stroop,stroop:s12:r2,cbsf,1,0.096949629843614701,0.90305037015638523,1,1,126,5
openbci,cross_task,12,arithmetic_to_stroop,stroop:s12:r2,dasf_clean,1,0.026766369521853201,0.97323363047814682,1,1,126,5
openbci,cross_task,12,arithmetic_to_stroop,stroop:s12:r2,eeg_conformer,1,0.32230781893032712,0.67769218106967266,1,1,126,5
openbci,cross_task,12,arithmetic_to_stroop,stroop:s12:r2,eegnet,1,0.1572244628150479,0.84277553718495213,1,1,126,5
openbci,cross_task,12,arithmetic_to_stroop,stroop:s12:r2,equal_blend_050,1,0.1428851670819295,0.85711483291807045,1,1,126,5
openbci,cross_task,12,arithmetic_to_stroop,stroop:s12:r2,extra_trees,1,0.4516506930235536,0.54834930697644635,1,1,126,5
openbci,cross_task,12,arithmetic_to_stroop,stroop:s12:r2,fixed_blend_010,1,0.18566434353500741,0.8143356564649924,1,1,126,5
openbci,cross_task,12,arithmetic_to_stroop,stroop:s12:r2,fixed_blend_025,1,0.1707509590555335,0.82924904094446628,1,1,126,5
openbci,cross_task,12,arithmetic_to_stroop,stroop:s12:r2,rf,1,0.52895687834989935,0.47104312165010048,0,0,126,5
openbci,cross_task,12,arithmetic_to_stroop,stroop:s12:r2,riemann_mdm,1,0.48072920182342499,0.51927079817657484,1,1,126,5
openbci,cross_task,12,arithmetic_to_stroop,stroop:s12:r2,riemann_ts_logreg,1,0.068684445242331901,0.93131555475766803,1,1,126,5
openbci,cross_task,12,arithmetic_to_stroop,stroop:s12:r2,stack_recording,1,0.17036105060008541,0.82963894939991445,1,1,126,5
openbci,cross_task,12,arithmetic_to_stroop,stroop:s12:r3,always_fuse,1,0.31622265726103788,0.68377734273896185,1,1,189,5
openbci,cross_task,12,arithmetic_to_stroop,stroop:s12:r3,always_nn,1,0.23368131754568991,0.76631868245431001,1,1,189,5
openbci,cross_task,12,arithmetic_to_stroop,stroop:s12:r3,cbsf,1,0.35670279706179442,0.64329720293820536,1,1,189,5
openbci,cross_task,12,arithmetic_to_stroop,stroop:s12:r3,dasf_clean,1,0.31622265726103788,0.68377734273896185,1,1,189,5
openbci,cross_task,12,arithmetic_to_stroop,stroop:s12:r3,eeg_conformer,1,0.31655592835598778,0.68344407164401211,1,1,189,5
openbci,cross_task,12,arithmetic_to_stroop,stroop:s12:r3,eegnet,1,0.1546753457593309,0.84532465424066894,1,1,189,5
openbci,cross_task,12,arithmetic_to_stroop,stroop:s12:r3,equal_blend_050,1,0.3519107386067607,0.6480892613932393,1,1,189,5
openbci,cross_task,12,arithmetic_to_stroop,stroop:s12:r3,extra_trees,1,0.32028354398652548,0.67971645601347441,1,1,189,5
openbci,cross_task,12,arithmetic_to_stroop,stroop:s12:r3,fixed_blend_010,1,0.2973185389767431,0.70268146102325668,1,1,189,5
openbci,cross_task,12,arithmetic_to_stroop,stroop:s12:r3,fixed_blend_025,1,0.32909294177276882,0.67090705822723096,1,1,189,5
openbci,cross_task,12,arithmetic_to_stroop,stroop:s12:r3,rf,1,0.26358190530625608,0.73641809469374375,1,1,189,5
openbci,cross_task,12,arithmetic_to_stroop,stroop:s12:r3,riemann_mdm,1,0.39479256528386858,0.60520743471613136,1,1,189,5
openbci,cross_task,12,arithmetic_to_stroop,stroop:s12:r3,riemann_ts_logreg,1,0.029782230520380801,0.97021776947961924,1,1,189,5
openbci,cross_task,12,arithmetic_to_stroop,stroop:s12:r3,stack_recording,1,0.40346006255326322,0.59653993744673672,1,1,189,5
openbci,cross_task,12,stroop_to_arithmetic,arithmetic:s12:r1,always_fuse,0,0.53321489314961867,0.46678510685038122,0,1,116,5
openbci,cross_task,12,stroop_to_arithmetic,arithmetic:s12:r1,always_nn,0,0.18835021040178521,0.81164978959821465,1,0,116,5
openbci,cross_task,12,stroop_to_arithmetic,arithmetic:s12:r1,cbsf,0,0.47853626101617908,0.5214637389838207,1,0,116,5
openbci,cross_task,12,stroop_to_arithmetic,arithmetic:s12:r1,dasf_clean,0,0.53321489314961867,0.46678510685038122,0,1,116,5
openbci,cross_task,12,stroop_to_arithmetic,arithmetic:s12:r1,eeg_conformer,0,0.26216321233857748,0.73783678766142236,1,0,116,5
openbci,cross_task,12,stroop_to_arithmetic,arithmetic:s12:r1,eegnet,0,0.29703778988486113,0.70296221011513882,1,0,116,5
openbci,cross_task,12,stroop_to_arithmetic,arithmetic:s12:r1,equal_blend_050,0,0.39610455765133451,0.60389544234866555,1,0,116,5
openbci,cross_task,12,stroop_to_arithmetic,arithmetic:s12:r1,extra_trees,0,0.38803576124756423,0.61196423875243566,1,0,116,5
openbci,cross_task,12,stroop_to_arithmetic,arithmetic:s12:r1,fixed_blend_010,0,0.25742116799194248,0.74257883200805741,1,0,116,5
openbci,cross_task,12,stroop_to_arithmetic,arithmetic:s12:r1,fixed_blend_025,0,0.31784894758990928,0.68215105241009055,1,0,116,5
openbci,cross_task,12,stroop_to_arithmetic,arithmetic:s12:r1,rf,0,0.41653869941487992,0.58346130058512002,1,0,116,5
openbci,cross_task,12,stroop_to_arithmetic,arithmetic:s12:r1,riemann_mdm,0,0.1503540606645804,0.84964593933541954,1,0,116,5
openbci,cross_task,12,stroop_to_arithmetic,arithmetic:s12:r1,riemann_ts_logreg,0,0.006604665588124,0.993395334411876,1,0,116,5
openbci,cross_task,12,stroop_to_arithmetic,arithmetic:s12:r1,stack_recording,0,0.5794309335805774,0.4205690664194226,0,1,116,5
openbci,cross_task,12,stroop_to_arithmetic,arithmetic:s12:r2,always_fuse,1,0.566569273558578,0.43343072644142178,0,0,135,5
openbci,cross_task,12,stroop_to_arithmetic,arithmetic:s12:r2,always_nn,1,0.18649203770868161,0.81350796229131828,1,1,135,5
openbci,cross_task,12,stroop_to_arithmetic,arithmetic:s12:r2,cbsf,1,0.50706410960090198,0.49293589039909791,0,0,135,5
openbci,cross_task,12,stroop_to_arithmetic,arithmetic:s12:r2,dasf_clean,1,0.566569273558578,0.43343072644142178,0,0,135,5
openbci,cross_task,12,stroop_to_arithmetic,arithmetic:s12:r2,eeg_conformer,1,0.37319053974890171,0.62680946025109818,1,1,135,5
openbci,cross_task,12,stroop_to_arithmetic,arithmetic:s12:r2,eegnet,1,0.29773942988575108,0.70226057011424858,1,1,135,5
openbci,cross_task,12,stroop_to_arithmetic,arithmetic:s12:r2,equal_blend_050,1,0.4190255839931335,0.5809744160068665,1,1,135,5
openbci,cross_task,12,stroop_to_arithmetic,arithmetic:s12:r2,extra_trees,1,0.37465010224255801,0.62534989775744187,1,1,135,5
openbci,cross_task,12,stroop_to_arithmetic,arithmetic:s12:r2,fixed_blend_010,1,0.2651852688620302,0.73481473113796958,1,1,135,5
openbci,cross_task,12,stroop_to_arithmetic,arithmetic:s12:r2,fixed_blend_025,1,0.33400800069752212,0.66599199930247788,1,1,135,5
openbci,cross_task,12,stroop_to_arithmetic,arithmetic:s12:r2,rf,1,0.50334509850089937,0.49665490149910041,0,0,135,5
openbci,cross_task,12,stroop_to_arithmetic,arithmetic:s12:r2,riemann_mdm,1,0.18232418420058369,0.81767581579941617,1,1,135,5
openbci,cross_task,12,stroop_to_arithmetic,arithmetic:s12:r2,riemann_ts_logreg,1,0.093579939372494106,0.90642006062750602,1,1,135,5
openbci,cross_task,12,stroop_to_arithmetic,arithmetic:s12:r2,stack_recording,1,0.60012366860763255,0.39987633139236722,0,0,135,5
openbci,cross_task,12,stroop_to_arithmetic,arithmetic:s12:r3,always_fuse,1,0.51217951912213056,0.4878204808778695,0,0,219,5
openbci,cross_task,12,stroop_to_arithmetic,arithmetic:s12:r3,always_nn,1,0.31143986330011481,0.68856013669988525,1,1,219,5
openbci,cross_task,12,stroop_to_arithmetic,arithmetic:s12:r3,cbsf,1,0.48324745110036282,0.51675254889963707,1,1,219,5
openbci,cross_task,12,stroop_to_arithmetic,arithmetic:s12:r3,dasf_clean,1,0.51217951912213056,0.4878204808778695,0,0,219,5
openbci,cross_task,12,stroop_to_arithmetic,arithmetic:s12:r3,eeg_conformer,1,0.34872043430354738,0.6512795656964524,1,1,219,5
openbci,cross_task,12,stroop_to_arithmetic,arithmetic:s12:r3,eegnet,1,0.29770706364447092,0.70229293635552914,1,1,219,5
openbci,cross_task,12,stroop_to_arithmetic,arithmetic:s12:r3,equal_blend_050,1,0.43797855366947352,0.56202144633052642,1,1,219,5
openbci,cross_task,12,stroop_to_arithmetic,arithmetic:s12:r3,extra_trees,1,0.33034770736168628,0.6696522926383135,1,1,219,5
openbci,cross_task,12,stroop_to_arithmetic,arithmetic:s12:r3,fixed_blend_010,1,0.3530149398110855,0.64698506018891455,1,1,219,5
openbci,cross_task,12,stroop_to_arithmetic,arithmetic:s12:r3,fixed_blend_025,1,0.39179679436972198,0.60820320563027785,1,1,219,5
openbci,cross_task,12,stroop_to_arithmetic,arithmetic:s12:r3,rf,1,0.35776483635836243,0.64223516364163746,1,1,219,5
openbci,cross_task,12,stroop_to_arithmetic,arithmetic:s12:r3,riemann_mdm,1,0.1941567445449465,0.80584325545505342,1,1,219,5
openbci,cross_task,12,stroop_to_arithmetic,arithmetic:s12:r3,riemann_ts_logreg,1,0.034886360919907197,0.96511363908009284,1,1,219,5
openbci,cross_task,12,stroop_to_arithmetic,arithmetic:s12:r3,stack_recording,1,0.5103743015931459,0.4896256984068541,0,0,219,5
openbci,cross_task,13,arithmetic_to_stroop,stroop:s13:r1,always_fuse,0,0.55839517931576965,0.44160482068423013,0,1,91,5
openbci,cross_task,13,arithmetic_to_stroop,stroop:s13:r1,always_nn,0,0.64432810289260556,0.35567189710739422,0,1,91,5
openbci,cross_task,13,arithmetic_to_stroop,stroop:s13:r1,cbsf,0,0.54018324544498153,0.45981675455501853,0,1,91,5
openbci,cross_task,13,arithmetic_to_stroop,stroop:s13:r1,dasf_clean,0,0.55839517931576965,0.44160482068423013,0,1,91,5
openbci,cross_task,13,arithmetic_to_stroop,stroop:s13:r1,eeg_conformer,0,0.76257080946033517,0.2374291905396648,0,1,91,5
openbci,cross_task,13,arithmetic_to_stroop,stroop:s13:r1,eegnet,0,0.37861210106588572,0.62138789893411417,1,0,91,5
openbci,cross_task,13,arithmetic_to_stroop,stroop:s13:r1,equal_blend_050,0,0.52296543170038723,0.47703456829961283,0,1,91,5
openbci,cross_task,13,arithmetic_to_stroop,stroop:s13:r1,extra_trees,0,0.22789125136143901,0.77210874863856094,1,0,91,5
openbci,cross_task,13,arithmetic_to_stroop,stroop:s13:r1,fixed_blend_010,0,0.51535659305705195,0.48464340694294811,0,1,91,5
openbci,cross_task,13,arithmetic_to_stroop,stroop:s13:r1,fixed_blend_025,0,0.51341886287233751,0.48658113712766238,0,1,91,5
openbci,cross_task,13,arithmetic_to_stroop,stroop:s13:r1,rf,0,0.1961501499948177,0.80384985000518205,1,0,91,5
openbci,cross_task,13,arithmetic_to_stroop,stroop:s13:r1,riemann_mdm,0,0.59475018578320682,0.40524981421679329,0,1,91,5
openbci,cross_task,13,arithmetic_to_stroop,stroop:s13:r1,riemann_ts_logreg,0,0.00067040671233090001,0.99932959328766902,1,0,91,5
openbci,cross_task,13,arithmetic_to_stroop,stroop:s13:r1,stack_recording,0,0.8804957794781374,0.11950422052186251,0,1,91,5
openbci,cross_task,13,arithmetic_to_stroop,stroop:s13:r2,always_fuse,1,0.47609989791290153,0.52390010208709825,1,1,122,5
openbci,cross_task,13,arithmetic_to_stroop,stroop:s13:r2,always_nn,1,0.0071174200852667001,0.99288257991473305,1,1,122,5
openbci,cross_task,13,arithmetic_to_stroop,stroop:s13:r2,cbsf,1,0.4092393574756456,0.59076064252435434,1,1,122,5
openbci,cross_task,13,arithmetic_to_stroop,stroop:s13:r2,dasf_clean,1,0.47609989791290153,0.52390010208709825,1,1,122,5
openbci,cross_task,13,arithmetic_to_stroop,stroop:s13:r2,eeg_conformer,1,0.61782669060784512,0.38217330939215483,0,0,122,5
openbci,cross_task,13,arithmetic_to_stroop,stroop:s13:r2,eegnet,1,0.35862289173671258,0.64137710826328731,1,1,122,5
openbci,cross_task,13,arithmetic_to_stroop,stroop:s13:r2,equal_blend_050,1,0.31245456507063618,0.68754543492936371,1,1,122,5
openbci,cross_task,13,arithmetic_to_stroop,stroop:s13:r2,extra_trees,1,0.14776257597393541,0.85223742402606451,1,1,122,5
openbci,cross_task,13,arithmetic_to_stroop,stroop:s13:r2,fixed_blend_010,1,0.1316006493864148,0.86839935061358497,1,1,122,5
openbci,cross_task,13,arithmetic_to_stroop,stroop:s13:r2,fixed_blend_025,1,0.21314230140075871,0.78685769859924115,1,1,122,5
openbci,cross_task,13,arithmetic_to_stroop,stroop:s13:r2,rf,1,0.1119418365770255,0.88805816342297428,1,1,122,5
openbci,cross_task,13,arithmetic_to_stroop,stroop:s13:r2,riemann_mdm,1,0.0012299964412453,0.99877000355875478,1,1,122,5
openbci,cross_task,13,arithmetic_to_stroop,stroop:s13:r2,riemann_ts_logreg,1,0.034810602810352899,0.96518939718964702,1,1,122,5
openbci,cross_task,13,arithmetic_to_stroop,stroop:s13:r2,stack_recording,1,0.32506856726358291,0.67493143273641698,1,1,122,5
openbci,cross_task,13,arithmetic_to_stroop,stroop:s13:r3,always_fuse,1,0.46900797769783581,0.53099202230216414,1,1,180,5
openbci,cross_task,13,arithmetic_to_stroop,stroop:s13:r3,always_nn,1,2.5432731481740681e-05,0.99997456726851841,1,1,180,5
openbci,cross_task,13,arithmetic_to_stroop,stroop:s13:r3,cbsf,1,0.37678860421607702,0.62321139578392293,1,1,180,5
openbci,cross_task,13,arithmetic_to_stroop,stroop:s13:r3,dasf_clean,1,0.46900797769783581,0.53099202230216414,1,1,180,5
openbci,cross_task,13,arithmetic_to_stroop,stroop:s13:r3,eeg_conformer,1,0.38093741589518121,0.61906258410481885,1,1,180,5
openbci,cross_task,13,arithmetic_to_stroop,stroop:s13:r3,eegnet,1,0.38881335923009502,0.61118664076990492,1,1,180,5
openbci,cross_task,13,arithmetic_to_stroop,stroop:s13:r3,equal_blend_050,1,0.2542009298054112,0.74579907019458858,1,1,180,5
openbci,cross_task,13,arithmetic_to_stroop,stroop:s13:r3,extra_trees,1,0.18330903163633061,0.81669096836366917,1,1,180,5
openbci,cross_task,13,arithmetic_to_stroop,stroop:s13:r3,fixed_blend_010,1,0.069800074229687301,0.93019992577031241,1,1,180,5
openbci,cross_task,13,arithmetic_to_stroop,stroop:s13:r3,fixed_blend_025,1,0.14437226223827321,0.85562773776172663,1,1,180,5
openbci,cross_task,13,arithmetic_to_stroop,stroop:s13:r3,rf,1,0.15634132520995531,0.84365867479004464,1,1,180,5
openbci,cross_task,13,arithmetic_to_stroop,stroop:s13:r3,riemann_mdm,1,0.90014444262231252,0.099855557377687407,0,0,180,5
openbci,cross_task,13,arithmetic_to_stroop,stroop:s13:r3,riemann_ts_logreg,1,8.9462363510182775e-05,0.99991053763648985,1,1,180,5
openbci,cross_task,13,arithmetic_to_stroop,stroop:s13:r3,stack_recording,1,0.0432238643296654,0.95677613567033437,1,1,180,5
openbci,cross_task,13,stroop_to_arithmetic,arithmetic:s13:r1,always_fuse,0,0.4823660392637219,0.51763396073627821,1,0,142,5
openbci,cross_task,13,stroop_to_arithmetic,arithmetic:s13:r1,always_nn,0,0.39560223613985862,0.60439776386014132,1,0,142,5
openbci,cross_task,13,stroop_to_arithmetic,arithmetic:s13:r1,cbsf,0,0.4721040630529737,0.52789593694702608,1,0,142,5
openbci,cross_task,13,stroop_to_arithmetic,arithmetic:s13:r1,dasf_clean,0,0.4823660392637219,0.51763396073627821,1,0,142,5
openbci,cross_task,13,stroop_to_arithmetic,arithmetic:s13:r1,eeg_conformer,0,0.71740929014932053,0.28259070985067952,0,1,142,5
openbci,cross_task,13,stroop_to_arithmetic,arithmetic:s13:r1,eegnet,0,0.42550732200440777,0.57449267799559212,1,0,142,5
openbci,cross_task,13,stroop_to_arithmetic,arithmetic:s13:r1,equal_blend_050,0,0.45432935152577042,0.54567064847422941,1,0,142,5
openbci,cross_task,13,stroop_to_arithmetic,arithmetic:s13:r1,extra_trees,0,0.34440804022410593,0.65559195977589402,1,0,142,5
openbci,cross_task,13,stroop_to_arithmetic,arithmetic:s13:r1,fixed_blend_010,0,0.41608626730653703,0.58391373269346281,1,0,142,5
openbci,cross_task,13,stroop_to_arithmetic,arithmetic:s13:r1,fixed_blend_025,0,0.434320820259055,0.56567917974094495,1,0,142,5
openbci,cross_task,13,stroop_to_arithmetic,arithmetic:s13:r1,rf,0,0.37819435618893071,0.62180564381106918,1,0,142,5
openbci,cross_task,13,stroop_to_arithmetic,arithmetic:s13:r1,riemann_mdm,0,3.7886609633279299e-05,0.99996211339036678,1,0,142,5
openbci,cross_task,13,stroop_to_arithmetic,arithmetic:s13:r1,riemann_ts_logreg,0,0.44299012982766017,0.55700987017233972,1,0,142,5
openbci,cross_task,13,stroop_to_arithmetic,arithmetic:s13:r1,stack_recording,0,0.74464903655862535,0.25535096344137448,0,1,142,5
openbci,cross_task,13,stroop_to_arithmetic,arithmetic:s13:r2,always_fuse,1,0.50804082313603705,0.4919591768639629,0,0,145,5
openbci,cross_task,13,stroop_to_arithmetic,arithmetic:s13:r2,always_nn,1,0.32900609896213873,0.67099390103786105,1,1,145,5
openbci,cross_task,13,stroop_to_arithmetic,arithmetic:s13:r2,cbsf,1,0.48083845844544881,0.51916154155455108,1,1,145,5
openbci,cross_task,13,stroop_to_arithmetic,arithmetic:s13:r2,dasf_clean,1,0.50804082313603705,0.4919591768639629,0,0,145,5
openbci,cross_task,13,stroop_to_arithmetic,arithmetic:s13:r2,eeg_conformer,1,0.64451163712612958,0.35548836287387042,0,0,145,5
openbci,cross_task,13,stroop_to_arithmetic,arithmetic:s13:r2,eegnet,1,0.43016492695717717,0.56983507304282255,1,1,145,5
openbci,cross_task,13,stroop_to_arithmetic,arithmetic:s13:r2,equal_blend_050,1,0.43759728617391991,0.56240271382607998,1,1,145,5
openbci,cross_task,13,stroop_to_arithmetic,arithmetic:s13:r2,extra_trees,1,0.44541083530831233,0.55458916469168762,1,1,145,5
openbci,cross_task,13,stroop_to_arithmetic,arithmetic:s13:r2,fixed_blend_010,1,0.360934223993919,0.63906577600608105,1,1,145,5
openbci,cross_task,13,stroop_to_arithmetic,arithmetic:s13:r2,fixed_blend_025,1,0.39467730149660207,0.60532269850339782,1,1,145,5
openbci,cross_task,13,stroop_to_arithmetic,arithmetic:s13:r2,rf,1,0.53022213360866632,0.46977786639133362,0,0,145,5
openbci,cross_task,13,stroop_to_arithmetic,arithmetic:s13:r2,riemann_mdm,1,9.3629874882313562e-05,0.99990637012511763,1,1,145,5
openbci,cross_task,13,stroop_to_arithmetic,arithmetic:s13:r2,riemann_ts_logreg,1,0.067890521950741398,0.93210947804925837,1,1,145,5
openbci,cross_task,13,stroop_to_arithmetic,arithmetic:s13:r2,stack_recording,1,0.57599101525714591,0.42400898474285392,0,0,145,5
openbci,cross_task,13,stroop_to_arithmetic,arithmetic:s13:r3,always_fuse,1,0.53131753228740441,0.46868246771259542,0,0,203,5
openbci,cross_task,13,stroop_to_arithmetic,arithmetic:s13:r3,always_nn,1,0.13176736569322861,0.86823263430677133,1,1,203,5
openbci,cross_task,13,stroop_to_arithmetic,arithmetic:s13:r3,cbsf,1,0.47177297127277701,0.52822702872722305,1,1,203,5
openbci,cross_task,13,stroop_to_arithmetic,arithmetic:s13:r3,dasf_clean,1,0.53131753228740441,0.46868246771259542,0,0,203,5
openbci,cross_task,13,stroop_to_arithmetic,arithmetic:s13:r3,eeg_conformer,1,0.61539353328113455,0.38460646671886528,0,0,203,5
openbci,cross_task,13,stroop_to_arithmetic,arithmetic:s13:r3,eegnet,1,0.42838692192490052,0.57161307807509931,1,1,203,5
openbci,cross_task,13,stroop_to_arithmetic,arithmetic:s13:r3,equal_blend_050,1,0.3789464663637418,0.62105353363625815,1,1,203,5
openbci,cross_task,13,stroop_to_arithmetic,arithmetic:s13:r3,extra_trees,1,0.35696293400650803,0.64303706599349175,1,1,203,5
openbci,cross_task,13,stroop_to_arithmetic,arithmetic:s13:r3,fixed_blend_010,1,0.2149218154328302,0.78507818456716971,1,1,203,5
openbci,cross_task,13,stroop_to_arithmetic,arithmetic:s13:r3,fixed_blend_025,1,0.28786084688497471,0.71213915311502518,1,1,203,5
openbci,cross_task,13,stroop_to_arithmetic,arithmetic:s13:r3,rf,1,0.43060742029356291,0.56939257970643697,1,1,203,5
openbci,cross_task,13,stroop_to_arithmetic,arithmetic:s13:r3,riemann_mdm,1,0.00015764555920799999,0.99984235444079195,1,1,203,5
openbci,cross_task,13,stroop_to_arithmetic,arithmetic:s13:r3,riemann_ts_logreg,1,0.1054547048732708,0.89454529512672909,1,1,203,5
openbci,cross_task,13,stroop_to_arithmetic,arithmetic:s13:r3,stack_recording,1,0.5361257200676941,0.4638742799323059,0,0,203,5
openbci,loso,1,arithmetic,arithmetic:s01:r0,always_fuse,0,0.4342848600691066,0.5657151399308934,1,0,157,5
openbci,loso,1,arithmetic,arithmetic:s01:r0,always_nn,0,0.2005836556744322,0.79941634432556774,1,0,157,5
openbci,loso,1,arithmetic,arithmetic:s01:r0,cbsf,0,0.37602199514591961,0.62397800485408017,1,0,157,5
openbci,loso,1,arithmetic,arithmetic:s01:r0,dasf_clean,0,0.2005836556744322,0.79941634432556774,1,0,157,5
openbci,loso,1,arithmetic,arithmetic:s01:r0,eeg_conformer,0,0.20888468540701191,0.79111531459298801,1,0,157,5
openbci,loso,1,arithmetic,arithmetic:s01:r0,eegnet,0,0.19707981529116131,0.80292018470883875,1,0,157,5
openbci,loso,1,arithmetic,arithmetic:s01:r0,equal_blend_050,0,0.34950273331349968,0.65049726668650021,1,0,157,5
openbci,loso,1,arithmetic,arithmetic:s01:r0,extra_trees,0,0.50903785493476872,0.49096214506523123,0,1,157,5
openbci,loso,1,arithmetic,arithmetic:s01:r0,fixed_blend_010,0,0.24643286612217941,0.75356713387782037,1,0,157,5
openbci,loso,1,arithmetic,arithmetic:s01:r0,fixed_blend_025,0,0.29311728129520043,0.70688271870479957,1,0,157,5
openbci,loso,1,arithmetic,arithmetic:s01:r0,rf,0,0.51785484767262191,0.48214515232737798,0,1,157,5
openbci,loso,1,arithmetic,arithmetic:s01:r0,riemann_mdm,0,0.2623068293121566,0.73769317068784335,1,0,157,5
openbci,loso,1,arithmetic,arithmetic:s01:r0,riemann_ts_logreg,0,0.094210109657480598,0.90578989034251922,1,0,157,5
openbci,loso,1,arithmetic,arithmetic:s01:r0,stack_recording,0,0.30018181567361418,0.69981818432638565,1,0,157,5
openbci,loso,1,arithmetic,arithmetic:s01:r1,always_fuse,0,0.42770832729866037,0.57229167270133963,1,0,152,5
openbci,loso,1,arithmetic,arithmetic:s01:r1,always_nn,0,0.21893085153559,0.78106914846440978,1,0,152,5
openbci,loso,1,arithmetic,arithmetic:s01:r1,cbsf,0,0.3650655125722953,0.63493448742770475,1,0,152,5
openbci,loso,1,arithmetic,arithmetic:s01:r1,dasf_clean,0,0.21893085153559,0.78106914846440978,1,0,152,5
openbci,loso,1,arithmetic,arithmetic:s01:r1,eeg_conformer,0,0.2974208417353697,0.70257915826463035,1,0,152,5
openbci,loso,1,arithmetic,arithmetic:s01:r1,eegnet,0,0.18827601865154611,0.81172398134845392,1,0,152,5
openbci,loso,1,arithmetic,arithmetic:s01:r1,equal_blend_050,0,0.33841682208504997,0.66158317791494992,1,0,152,5
openbci,loso,1,arithmetic,arithmetic:s01:r1,extra_trees,0,0.49812695545901531,0.50187304454098458,1,0,152,5
openbci,loso,1,arithmetic,arithmetic:s01:r1,fixed_blend_010,0,0.2498997429651667,0.75010025703483307,1,0,152,5
openbci,loso,1,arithmetic,arithmetic:s01:r1,fixed_blend_025,0,0.28672069672796802,0.71327930327203193,1,0,152,5
openbci,loso,1,arithmetic,arithmetic:s01:r1,rf,0,0.53309288606258498,0.4669071139374148,0,1,152,5
openbci,loso,1,arithmetic,arithmetic:s01:r1,riemann_mdm,0,0.13295638818250949,0.86704361181749046,1,0,152,5
openbci,loso,1,arithmetic,arithmetic:s01:r1,riemann_ts_logreg,0,0.097255036044078105,0.90274496395592196,1,0,152,5
openbci,loso,1,arithmetic,arithmetic:s01:r1,stack_recording,0,0.30789711600385272,0.69210288399614706,1,0,152,5
openbci,loso,1,arithmetic,arithmetic:s01:r2,always_fuse,1,0.43287369393552411,0.56712630606447567,1,1,169,5
openbci,loso,1,arithmetic,arithmetic:s01:r2,always_nn,1,0.21195327661612851,0.78804672338387116,1,1,169,5
openbci,loso,1,arithmetic,arithmetic:s01:r2,cbsf,1,0.36611910798449621,0.63388089201550368,1,1,169,5
openbci,loso,1,arithmetic,arithmetic:s01:r2,dasf_clean,1,0.21195327661612851,0.78804672338387116,1,1,169,5
openbci,loso,1,arithmetic,arithmetic:s01:r2,eeg_conformer,1,0.27321445687558371,0.72678554312441623,1,1,169,5
openbci,loso,1,arithmetic,arithmetic:s01:r2,eegnet,1,0.1890265625098263,0.8109734374901737,1,1,169,5
openbci,loso,1,arithmetic,arithmetic:s01:r2,equal_blend_050,1,0.3379058403035875,0.66209415969641228,1,1,169,5
openbci,loso,1,arithmetic,arithmetic:s01:r2,extra_trees,1,0.50584521391736315,0.49415478608263691,0,0,169,5
openbci,loso,1,arithmetic,arithmetic:s01:r2,fixed_blend_010,1,0.2449952128010871,0.75500478719891284,1,1,169,5
openbci,loso,1,arithmetic,arithmetic:s01:r2,fixed_blend_025,1,0.28355620727591141,0.71644379272408854,1,1,169,5
openbci,loso,1,arithmetic,arithmetic:s01:r2,rf,1,0.52113791845391888,0.4788620815460809,0,0,169,5
openbci,loso,1,arithmetic,arithmetic:s01:r2,riemann_mdm,1,0.088441189463014505,0.9115588105369854,1,1,169,5
openbci,loso,1,arithmetic,arithmetic:s01:r2,riemann_ts_logreg,1,0.058110052114722803,0.94188994788527725,1,1,169,5
openbci,loso,1,arithmetic,arithmetic:s01:r2,stack_recording,1,0.3053956665563225,0.69460433344367745,1,1,169,5
openbci,loso,1,arithmetic,arithmetic:s01:r3,always_fuse,1,0.4371828153955255,0.5628171846044745,1,1,218,5
openbci,loso,1,arithmetic,arithmetic:s01:r3,always_nn,1,0.26467624398913048,0.73532375601086941,1,1,218,5
openbci,loso,1,arithmetic,arithmetic:s01:r3,cbsf,1,0.38793064684442502,0.61206935315557476,1,1,218,5
openbci,loso,1,arithmetic,arithmetic:s01:r3,dasf_clean,1,0.26467624398913048,0.73532375601086941,1,1,218,5
openbci,loso,1,arithmetic,arithmetic:s01:r3,eeg_conformer,1,0.2590961861947485,0.7409038138052515,1,1,218,5
openbci,loso,1,arithmetic,arithmetic:s01:r3,eegnet,1,0.1972373100727387,0.80276268992726107,1,1,218,5
openbci,loso,1,arithmetic,arithmetic:s01:r3,equal_blend_050,1,0.36655735993387678,0.63344264006612305,1,1,218,5
openbci,loso,1,arithmetic,arithmetic:s01:r3,extra_trees,1,0.55276870730673611,0.44723129269326378,0,0,218,5
openbci,loso,1,arithmetic,arithmetic:s01:r3,fixed_blend_010,1,0.2924437855227866,0.70755621447721317,1,1,218,5
openbci,loso,1,arithmetic,arithmetic:s01:r3,fixed_blend_025,1,0.32399942154976041,0.67600057845023953,1,1,218,5
openbci,loso,1,arithmetic,arithmetic:s01:r3,rf,1,0.61510833719375146,0.38489166280624842,0,0,218,5
openbci,loso,1,arithmetic,arithmetic:s01:r3,riemann_mdm,1,0.082635245383093803,0.91736475461690636,1,1,218,5
openbci,loso,1,arithmetic,arithmetic:s01:r3,riemann_ts_logreg,1,0.068071812367102594,0.9319281876328972,1,1,218,5
openbci,loso,1,arithmetic,arithmetic:s01:r3,stack_recording,1,0.32932262738170293,0.67067737261829696,1,1,218,5
openbci,loso,1,stroop,stroop:s01:r0,always_fuse,0,0.36685316493120163,0.63314683506879832,1,0,157,5
openbci,loso,1,stroop,stroop:s01:r0,always_nn,0,0.54763226380508667,0.45236773619491322,0,1,157,5
openbci,loso,1,stroop,stroop:s01:r0,cbsf,0,0.38805656087034718,0.61194343912965266,1,0,157,5
openbci,loso,1,stroop,stroop:s01:r0,dasf_clean,0,0.54763226380508667,0.45236773619491322,0,1,157,5
openbci,loso,1,stroop,stroop:s01:r0,eeg_conformer,0,0.63497185232690112,0.36502814767309882,0,1,157,5
openbci,loso,1,stroop,stroop:s01:r0,eegnet,0,0.52090521396743461,0.47909478603256522,0,1,157,5
openbci,loso,1,stroop,stroop:s01:r0,equal_blend_050,0,0.41799476680179121,0.58200523319820874,1,0,157,5
openbci,loso,1,stroop,stroop:s01:r0,extra_trees,0,0.54808266655048121,0.45191733344951868,0,1,157,5
openbci,loso,1,stroop,stroop:s01:r0,fixed_blend_010,0,0.47136604716494868,0.5286339528350511,1,0,157,5
openbci,loso,1,stroop,stroop:s01:r0,fixed_blend_025,0,0.44593364185102541,0.55406635814897454,1,0,157,5
openbci,loso,1,stroop,stroop:s01:r0,rf,0,0.35638906348924471,0.64361093651075518,1,0,157,5
openbci,loso,1,stroop,stroop:s01:r0,riemann_mdm,0,0.54677706229915723,0.45322293770084271,0,1,157,5
openbci,loso,1,stroop,stroop:s01:r0,riemann_ts_logreg,0,0.43065812486955068,0.5693418751304492,1,0,157,5
openbci,loso,1,stroop,stroop:s01:r0,stack_recording,0,0.36684253893921021,0.63315746106078974,1,0,157,5
openbci,loso,1,stroop,stroop:s01:r1,always_fuse,0,0.44452680825758573,0.55547319174241405,1,0,148,5
openbci,loso,1,stroop,stroop:s01:r1,always_nn,0,0.68004203969469723,0.31995796030530282,0,1,148,5
openbci,loso,1,stroop,stroop:s01:r1,cbsf,0,0.48976314652848862,0.51023685347151126,1,0,148,5
openbci,loso,1,stroop,stroop:s01:r1,dasf_clean,0,0.68004203969469723,0.31995796030530282,0,1,148,5
openbci,loso,1,stroop,stroop:s01:r1,eeg_conformer,0,0.45901166656523112,0.54098833343476882,1,0,148,5
openbci,loso,1,stroop,stroop:s01:r1,eegnet,0,0.51245186713472757,0.48754813286527232,0,1,148,5
openbci,loso,1,stroop,stroop:s01:r1,equal_blend_050,0,0.55772315784354665,0.4422768421564533,0,1,148,5
openbci,loso,1,stroop,stroop:s01:r1,extra_trees,0,0.54205246799344886,0.45794753200655092,0,1,148,5
openbci,loso,1,stroop,stroop:s01:r1,fixed_blend_010,0,0.65536184067028258,0.3446381593297172,0,1,148,5
openbci,loso,1,stroop,stroop:s01:r1,fixed_blend_025,0,0.61732097432979105,0.38267902567020878,0,1,148,5
openbci,loso,1,stroop,stroop:s01:r1,rf,0,0.56139032460310234,0.4386096753968976,0,1,148,5
openbci,loso,1,stroop,stroop:s01:r1,riemann_mdm,0,0.25433455855050358,0.74566544144949642,1,0,148,5
openbci,loso,1,stroop,stroop:s01:r1,riemann_ts_logreg,0,0.2179543656851308,0.78204563431486918,1,0,148,5
openbci,loso,1,stroop,stroop:s01:r1,stack_recording,0,0.43298719781819972,0.56701280218180017,1,0,148,5
openbci,loso,1,stroop,stroop:s01:r2,always_fuse,1,0.47833775541943963,0.52166224458056032,1,1,139,5
openbci,loso,1,stroop,stroop:s01:r2,always_nn,1,0.73788866106618445,0.2621113389338155,0,0,139,5
openbci,loso,1,stroop,stroop:s01:r2,cbsf,1,0.5247730948050634,0.4752269051949366,0,0,139,5
openbci,loso,1,stroop,stroop:s01:r2,dasf_clean,1,0.73788866106618445,0.2621113389338155,0,0,139,5
openbci,loso,1,stroop,stroop:s01:r2,eeg_conformer,1,0.68115010880855331,0.31884989119144658,0,0,139,5
openbci,loso,1,stroop,stroop:s01:r2,eegnet,1,0.487516064957977,0.51248393504202294,1,1,139,5
openbci,loso,1,stroop,stroop:s01:r2,equal_blend_050,1,0.59585840357121644,0.4041415964287835,0,0,139,5
openbci,loso,1,stroop,stroop:s01:r2,extra_trees,1,0.58329455770189476,0.41670544229810502,0,0,139,5
openbci,loso,1,stroop,stroop:s01:r2,fixed_blend_010,1,0.70387380222434892,0.29612619777565102,0,0,139,5
openbci,loso,1,stroop,stroop:s01:r2,fixed_blend_025,1,0.66014993643411857,0.33985006356588132,0,0,139,5
openbci,loso,1,stroop,stroop:s01:r2,rf,1,0.62438001135513721,0.37561998864486268,0,0,139,5
openbci,loso,1,stroop,stroop:s01:r2,riemann_mdm,1,0.23331516968613719,0.76668483031386281,1,1,139,5
openbci,loso,1,stroop,stroop:s01:r2,riemann_ts_logreg,1,0.21300328475216079,0.78699671524783921,1,1,139,5
openbci,loso,1,stroop,stroop:s01:r2,stack_recording,1,0.46300526681748122,0.53699473318251856,1,1,139,5
openbci,loso,1,stroop,stroop:s01:r3,always_fuse,1,0.50065974680090042,0.49934025319909953,0,0,209,5
openbci,loso,1,stroop,stroop:s01:r3,always_nn,1,0.68698795738771601,0.31301204261228383,0,0,209,5
openbci,loso,1,stroop,stroop:s01:r3,cbsf,1,0.53433864643542917,0.46566135356457061,0,0,209,5
openbci,loso,1,stroop,stroop:s01:r3,dasf_clean,1,0.68698795738771601,0.31301204261228383,0,0,209,5
openbci,loso,1,stroop,stroop:s01:r3,eeg_conformer,1,0.4424541034766743,0.55754589652332565,1,1,209,5
openbci,loso,1,stroop,stroop:s01:r3,eegnet,1,0.50719529095192872,0.49280470904807122,0,0,209,5
openbci,loso,1,stroop,stroop:s01:r3,equal_blend_050,1,0.58598608554310094,0.414013914456899,0,0,209,5
openbci,loso,1,stroop,stroop:s01:r3,extra_trees,1,0.61356533386287215,0.3864346661371279,0,0,209,5
openbci,loso,1,stroop,stroop:s01:r3,fixed_blend_010,1,0.66355061738421928,0.3364493826157805,0,0,209,5
openbci,loso,1,stroop,stroop:s01:r3,fixed_blend_025,1,0.6324564818987426,0.36754351810125752,0,0,209,5
openbci,loso,1,stroop,stroop:s01:r3,rf,1,0.67664351581394344,0.32335648418605661,0,0,209,5
openbci,loso,1,stroop,stroop:s01:r3,riemann_mdm,1,0.1788937262686624,0.8211062737313376,1,1,209,5
openbci,loso,1,stroop,stroop:s01:r3,riemann_ts_logreg,1,0.119835067263255,0.8801649327367449,1,1,209,5
openbci,loso,1,stroop,stroop:s01:r3,stack_recording,1,0.47041387828899911,0.52958612171100083,1,1,209,5
openbci,loso,2,arithmetic,arithmetic:s02:r0,always_fuse,0,0.63773145017455168,0.36226854982544821,0,1,450,5
openbci,loso,2,arithmetic,arithmetic:s02:r0,always_nn,0,0.99360307435213679,0.0063969256478629,0,1,450,5
openbci,loso,2,arithmetic,arithmetic:s02:r0,cbsf,0,0.69885301281789936,0.30114698718210048,0,1,450,5
openbci,loso,2,arithmetic,arithmetic:s02:r0,dasf_clean,0,0.99360307435213679,0.0063969256478629,0,1,450,5
openbci,loso,2,arithmetic,arithmetic:s02:r0,eeg_conformer,0,0.55449303273455641,0.44550696726544348,0,1,450,5
openbci,loso,2,arithmetic,arithmetic:s02:r0,eegnet,0,0.33425029258105021,0.66574970741894957,1,0,450,5
openbci,loso,2,arithmetic,arithmetic:s02:r0,equal_blend_050,0,0.79152570307302517,0.20847429692697461,0,1,450,5
openbci,loso,2,arithmetic,arithmetic:s02:r0,extra_trees,0,0.69250188856230532,0.30749811143769451,0,1,450,5
openbci,loso,2,arithmetic,arithmetic:s02:r0,fixed_blend_010,0,0.9362651978359916,0.0637348021640083,0,1,450,5
openbci,loso,2,arithmetic,arithmetic:s02:r0,fixed_blend_025,0,0.87706927562912051,0.1229307243708794,0,1,450,5
openbci,loso,2,arithmetic,arithmetic:s02:r0,rf,0,0.71839758397268738,0.28160241602731251,0,1,450,5
openbci,loso,2,arithmetic,arithmetic:s02:r0,riemann_mdm,0,0.76882161822597561,0.23117838177402431,0,1,450,5
openbci,loso,2,arithmetic,arithmetic:s02:r0,riemann_ts_logreg,0,0.92609016657158238,0.073909833428417504,0,1,450,5
openbci,loso,2,arithmetic,arithmetic:s02:r0,stack_recording,0,0.85144082565710533,0.14855917434289451,0,1,450,5
openbci,loso,2,arithmetic,arithmetic:s02:r1,always_fuse,0,0.58421875878574125,0.41578124121425852,0,1,132,5
openbci,loso,2,arithmetic,arithmetic:s02:r1,always_nn,0,0.98574269742773601,0.0142573025722638,0,1,132,5
openbci,loso,2,arithmetic,arithmetic:s02:r1,cbsf,0,0.64908514268060247,0.35091485731939731,0,1,132,5
openbci,loso,2,arithmetic,arithmetic:s02:r1,dasf_clean,0,0.98574269742773601,0.0142573025722638,0,1,132,5
openbci,loso,2,arithmetic,arithmetic:s02:r1,eeg_conformer,0,0.80102623720669763,0.19897376279330231,0,1,132,5
openbci,loso,2,arithmetic,arithmetic:s02:r1,eegnet,0,0.3248629298766687,0.67513707012333124,1,0,132,5
openbci,loso,2,arithmetic,arithmetic:s02:r1,equal_blend_050,0,0.7485394785484033,0.25146052145159647,0,1,132,5
openbci,loso,2,arithmetic,arithmetic:s02:r1,extra_trees,0,0.55335328285178975,0.44664671714821008,0,1,132,5
openbci,loso,2,arithmetic,arithmetic:s02:r1,fixed_blend_010,0,0.91055874746336918,0.0894412525366306,0,1,132,5
openbci,loso,2,arithmetic,arithmetic:s02:r1,fixed_blend_025,0,0.84249299483943485,0.15750700516056501,0,1,132,5
openbci,loso,2,arithmetic,arithmetic:s02:r1,rf,0,0.58684081803945853,0.4131591819605413,0,1,132,5
openbci,loso,2,arithmetic,arithmetic:s02:r1,riemann_mdm,0,0.89449152064234505,0.1055084793576548,0,1,132,5
openbci,loso,2,arithmetic,arithmetic:s02:r1,riemann_ts_logreg,0,0.98756935651075117,0.012430643489248799,0,1,132,5
openbci,loso,2,arithmetic,arithmetic:s02:r1,stack_recording,0,0.80386669977181335,0.19613330022818651,0,1,132,5
openbci,loso,2,arithmetic,arithmetic:s02:r2,always_fuse,1,0.57779193150184704,0.4222080684981529,0,0,136,5
openbci,loso,2,arithmetic,arithmetic:s02:r2,always_nn,1,0.99168095886195839,0.0083190411380417006,0,0,136,5
openbci,loso,2,arithmetic,arithmetic:s02:r2,cbsf,1,0.64605381750310964,0.35394618249689042,0,0,136,5
openbci,loso,2,arithmetic,arithmetic:s02:r2,dasf_clean,1,0.99168095886195839,0.0083190411380417006,0,0,136,5
openbci,loso,2,arithmetic,arithmetic:s02:r2,eeg_conformer,1,0.62027370963733774,0.3797262903626622,0,0,136,5
openbci,loso,2,arithmetic,arithmetic:s02:r2,eegnet,1,0.3253020804432491,0.67469791955675085,1,1,136,5
openbci,loso,2,arithmetic,arithmetic:s02:r2,equal_blend_050,1,0.75036308669467566,0.249636913305324,0,0,136,5
openbci,loso,2,arithmetic,arithmetic:s02:r2,extra_trees,1,0.55349374323944378,0.44650625676055611,0,0,136,5
openbci,loso,2,arithmetic,arithmetic:s02:r2,fixed_blend_010,1,0.91814923064389842,0.081850769356101402,0,0,136,5
openbci,loso,2,arithmetic,arithmetic:s02:r2,fixed_blend_025,1,0.84833853231625056,0.15166146768374911,0,0,136,5
openbci,loso,2,arithmetic,arithmetic:s02:r2,rf,1,0.64504236760596667,0.35495763239403311,0,0,136,5
openbci,loso,2,arithmetic,arithmetic:s02:r2,riemann_mdm,1,0.85534565628014192,0.144654343719858,0,0,136,5
openbci,loso,2,arithmetic,arithmetic:s02:r2,riemann_ts_logreg,1,0.95242665794974435,0.047573342050255499,0,0,136,5
openbci,loso,2,arithmetic,arithmetic:s02:r2,stack_recording,1,0.83509513819076775,0.16490486180923211,0,0,136,5
openbci,loso,2,arithmetic,arithmetic:s02:r3,always_fuse,1,0.49164143325869603,0.50835856674130386,1,1,270,5
openbci,loso,2,arithmetic,arithmetic:s02:r3,always_nn,1,0.66426563055041732,0.33573436944958263,0,0,270,5
openbci,loso,2,arithmetic,arithmetic:s02:r3,cbsf,1,0.50115202636147094,0.49884797363852901,0,0,270,5
openbci,loso,2,arithmetic,arithmetic:s02:r3,dasf_clean,1,0.66426563055041732,0.33573436944958263,0,0,270,5
openbci,loso,2,arithmetic,arithmetic:s02:r3,eeg_conformer,1,0.46534373113244881,0.53465626886755102,1,1,270,5
openbci,loso,2,arithmetic,arithmetic:s02:r3,eegnet,1,0.2890916006192481,0.71090839938075168,1,1,270,5
openbci,loso,2,arithmetic,arithmetic:s02:r3,equal_blend_050,1,0.51822701617375955,0.48177298382624018,0,0,270,5
openbci,loso,2,arithmetic,arithmetic:s02:r3,extra_trees,1,0.50631607836460324,0.49368392163539671,0,0,270,5
openbci,loso,2,arithmetic,arithmetic:s02:r3,fixed_blend_010,1,0.57047745710901465,0.42952254289098513,0,0,270,5
openbci,loso,2,arithmetic,arithmetic:s02:r3,fixed_blend_025,1,0.54152103790141748,0.45847896209858252,0,0,270,5
openbci,loso,2,arithmetic,arithmetic:s02:r3,rf,1,0.50313124098779671,0.4968687590122034,0,0,270,5
openbci,loso,2,arithmetic,arithmetic:s02:r3,riemann_mdm,1,0.70162289802432232,0.29837710197567752,0,0,270,5
openbci,loso,2,arithmetic,arithmetic:s02:r3,riemann_ts_logreg,1,0.87212982821101404,0.1278701717889858,0,0,270,5
openbci,loso,2,arithmetic,arithmetic:s02:r3,stack_recording,1,0.49682311610147922,0.50317688389852055,1,1,270,5
openbci,loso,2,stroop,stroop:s02:r0,always_fuse,0,0.76241992331894848,0.2375800766810513,0,1,450,5
openbci,loso,2,stroop,stroop:s02:r0,always_nn,0,0.9998202871239712,0.00017971287602860001,0,1,450,5
openbci,loso,2,stroop,stroop:s02:r0,cbsf,0,0.99804904522307603,0.0019509547769239999,0,1,450,5
openbci,loso,2,stroop,stroop:s02:r0,dasf_clean,0,0.9998202871239712,0.00017971287602860001,0,1,450,5
openbci,loso,2,stroop,stroop:s02:r0,eeg_conformer,0,0.94427929776330355,0.055720702236696,0,1,450,5
openbci,loso,2,stroop,stroop:s02:r0,eegnet,0,0.68925575703948727,0.31074424296051262,0,1,450,5
openbci,loso,2,stroop,stroop:s02:r0,equal_blend_050,0,0.87492702655002563,0.1250729734499744,0,1,450,5
openbci,loso,2,stroop,stroop:s02:r0,extra_trees,0,0.85551725251080735,0.1444827474891926,0,1,450,5
openbci,loso,2,stroop,stroop:s02:r0,fixed_blend_010,0,0.97034125954897965,0.029658740451019999,0,1,450,5
openbci,loso,2,stroop,stroop:s02:r0,fixed_blend_025,0,0.9331800402806576,0.066819959719342306,0,1,450,5
openbci,loso,2,stroop,stroop:s02:r0,rf,0,0.88859207126607254,0.1114079287339273,0,1,450,5
openbci,loso,2,stroop,stroop:s02:r0,riemann_mdm,0,0.60974344361973853,0.39025655638026152,0,1,450,5
openbci,loso,2,stroop,stroop:s02:r0,riemann_ts_logreg,0,0.91750507277215965,0.082494927227840298,0,1,450,5
openbci,loso,2,stroop,stroop:s02:r0,stack_recording,0,0.90984741466886676,0.0901525853311331,0,1,450,5
openbci,loso,2,stroop,stroop:s02:r1,always_fuse,0,0.77349906191176565,0.2265009380882341,0,1,95,5
openbci,loso,2,stroop,stroop:s02:r1,always_nn,0,0.99994005876849479,5.9941231505401926e-05,0,1,95,5
openbci,loso,2,stroop,stroop:s02:r1,cbsf,0,0.99848945679433476,0.001510543205665,0,1,95,5
openbci,loso,2,stroop,stroop:s02:r1,dasf_clean,0,0.99994005876849479,5.9941231505401926e-05,0,1,95,5
openbci,loso,2,stroop,stroop:s02:r1,eeg_conformer,0,0.94318466202659645,0.0568153379734034,0,1,95,5
openbci,loso,2,stroop,stroop:s02:r1,eegnet,0,0.62652659289618495,0.37347340710381488,0,1,95,5
openbci,loso,2,stroop,stroop:s02:r1,equal_blend_050,0,0.88101660392479497,0.1189833960752049,0,1,95,5
openbci,loso,2,stroop,stroop:s02:r1,extra_trees,0,0.84650911502741,0.15349088497259,0,1,95,5
openbci,loso,2,stroop,stroop:s02:r1,fixed_blend_010,0,0.97228864493655143,0.0277113550634485,0,1,95,5
openbci,loso,2,stroop,stroop:s02:r1,fixed_blend_025,0,0.93679374587314357,0.063206254126856307,0,1,95,5
openbci,loso,2,stroop,stroop:s02:r1,rf,0,0.88967095643081284,0.1103290435691871,0,1,95,5
openbci,loso,2,stroop,stroop:s02:r1,riemann_mdm,0,0.69770356907846365,0.30229643092153641,0,1,95,5
openbci,loso,2,stroop,stroop:s02:r1,riemann_ts_logreg,0,0.9036462549117924,0.096353745088207599,0,1,95,5
openbci,loso,2,stroop,stroop:s02:r1,stack_recording,0,0.93456550659248039,0.065434493407519598,0,1,95,5
openbci,loso,2,stroop,stroop:s02:r2,always_fuse,1,0.7124953210305115,0.2875046789694885,0,0,106,5
openbci,loso,2,stroop,stroop:s02:r2,always_nn,1,0.99922999756679765,0.00077000243320220001,0,0,106,5
openbci,loso,2,stroop,stroop:s02:r2,cbsf,1,0.99430840870636239,0.0056915912936374002,0,0,106,5
openbci,loso,2,stroop,stroop:s02:r2,dasf_clean,1,0.99922999756679765,0.00077000243320220001,0,0,106,5
openbci,loso,2,stroop,stroop:s02:r2,eeg_conformer,1,0.92488727309386543,0.075112726906134603,0,0,106,5
openbci,loso,2,stroop,stroop:s02:r2,eegnet,1,0.56899358655803944,0.4310064134419605,0,0,106,5
openbci,loso,2,stroop,stroop:s02:r2,equal_blend_050,1,0.82369885902138085,0.1763011409786189,0,0,106,5
openbci,loso,2,stroop,stroop:s02:r2,extra_trees,1,0.79575159390050287,0.2042484060994969,0,0,106,5
openbci,loso,2,stroop,stroop:s02:r2,fixed_blend_010,1,0.94315686924786102,0.056843130752138801,0,0,106,5
openbci,loso,2,stroop,stroop:s02:r2,fixed_blend_025,1,0.89161208138731718,0.1083879186126827,0,0,106,5
openbci,loso,2,stroop,stroop:s02:r2,rf,1,0.85689378327346077,0.143106216726539,0,0,106,5
openbci,loso,2,stroop,stroop:s02:r2,riemann_mdm,1,0.75258492893244633,0.2474150710675537,0,0,106,5
openbci,loso,2,stroop,stroop:s02:r2,riemann_ts_logreg,1,0.93857868758822782,0.061421312411772198,0,0,106,5
openbci,loso,2,stroop,stroop:s02:r2,stack_recording,1,0.86236058391778558,0.13763941608221431,0,0,106,5
openbci,loso,2,stroop,stroop:s02:r3,always_fuse,1,0.76762771615882852,0.2323722838411714,0,0,208,5
openbci,loso,2,stroop,stroop:s02:r3,always_nn,1,0.99995724974547262,4.2750254527435067e-05,0,0,208,5
openbci,loso,2,stroop,stroop:s02:r3,cbsf,1,0.99890290963187678,0.0010970903681233001,0,0,208,5
openbci,loso,2,stroop,stroop:s02:r3,dasf_clean,1,0.99995724974547262,4.2750254527435067e-05,0,0,208,5
openbci,loso,2,stroop,stroop:s02:r3,eeg_conformer,1,0.93152615550963125,0.068473844490368696,0,0,208,5
openbci,loso,2,stroop,stroop:s02:r3,eegnet,1,0.5856611684209887,0.4143388315790113,0,0,208,5
openbci,loso,2,stroop,stroop:s02:r3,equal_blend_050,1,0.88363385551299456,0.1163661444870052,0,0,208,5
openbci,loso,2,stroop,stroop:s02:r3,extra_trees,1,0.82257611516110551,0.17742388483889451,0,0,208,5
openbci,loso,2,stroop,stroop:s02:r3,fixed_blend_010,1,0.97589027488126801,0.024109725118731998,0,0,208,5
openbci,loso,2,stroop,stroop:s02:r3,fixed_blend_025,1,0.94119259194384075,0.058807408056159,0,0,208,5
openbci,loso,2,stroop,stroop:s02:r3,rf,1,0.89365446777866098,0.1063455322213389,0,0,208,5
openbci,loso,2,stroop,stroop:s02:r3,riemann_mdm,1,0.66325518233064928,0.33674481766935072,0,0,208,5
openbci,loso,2,stroop,stroop:s02:r3,riemann_ts_logreg,1,0.93399197209743956,0.066008027902560398,0,0,208,5
openbci,loso,2,stroop,stroop:s02:r3,stack_recording,1,0.94053362953241604,0.059466370467583803,0,0,208,5
openbci,loso,3,arithmetic,arithmetic:s03:r0,always_fuse,0,0.64765450772019506,0.35234549227980472,0,1,181,5
openbci,loso,3,arithmetic,arithmetic:s03:r0,always_nn,0,0.99368070850189916,0.0063192914981006999,0,1,181,5
openbci,loso,3,arithmetic,arithmetic:s03:r0,cbsf,0,0.77270746409056545,0.22729253590943441,0,1,181,5
openbci,loso,3,arithmetic,arithmetic:s03:r0,dasf_clean,0,0.99368070850189916,0.0063192914981006999,0,1,181,5
openbci,loso,3,arithmetic,arithmetic:s03:r0,eeg_conformer,0,0.573891034422776,0.426108965577224,0,1,181,5
openbci,loso,3,arithmetic,arithmetic:s03:r0,eegnet,0,0.3511379957924341,0.6488620042075659,1,0,181,5
openbci,loso,3,arithmetic,arithmetic:s03:r0,equal_blend_050,0,0.79560224730481022,0.2043977526951897,0,1,181,5
openbci,loso,3,arithmetic,arithmetic:s03:r0,extra_trees,0,0.77503709326831483,0.2249629067316852,0,1,181,5
openbci,loso,3,arithmetic,arithmetic:s03:r0,fixed_blend_010,0,0.93318311838436641,0.066816881615633497,0,1,181,5
openbci,loso,3,arithmetic,arithmetic:s03:r0,fixed_blend_025,0,0.87679723978116375,0.1232027602188361,0,1,181,5
openbci,loso,3,arithmetic,arithmetic:s03:r0,rf,0,0.83419660917875105,0.1658033908212489,0,1,181,5
openbci,loso,3,arithmetic,arithmetic:s03:r0,riemann_mdm,0,0.73386664543194324,0.26613335456805681,0,1,181,5
openbci,loso,3,arithmetic,arithmetic:s03:r0,riemann_ts_logreg,0,0.63939923450578984,0.36060076549421,0,1,181,5
openbci,loso,3,arithmetic,arithmetic:s03:r0,stack_recording,0,0.85757464047729104,0.14242535952270891,0,1,181,5
openbci,loso,3,arithmetic,arithmetic:s03:r1,always_fuse,0,0.54906906563713032,0.45093093436286952,0,1,91,5
openbci,loso,3,arithmetic,arithmetic:s03:r1,always_nn,0,0.83382008913566008,0.1661799108643397,0,1,91,5
openbci,loso,3,arithmetic,arithmetic:s03:r1,cbsf,0,0.65665369658437445,0.34334630341562528,0,1,91,5
openbci,loso,3,arithmetic,arithmetic:s03:r1,dasf_clean,0,0.83382008913566008,0.1661799108643397,0,1,91,5
openbci,loso,3,arithmetic,arithmetic:s03:r1,eeg_conformer,0,0.31241546308112772,0.68758453691887222,1,0,91,5
openbci,loso,3,arithmetic,arithmetic:s03:r1,eegnet,0,0.24256543184563201,0.75743456815436794,1,0,91,5
openbci,loso,3,arithmetic,arithmetic:s03:r1,equal_blend_050,0,0.67656331879747167,0.32343668120252811,0,1,91,5
openbci,loso,3,arithmetic,arithmetic:s03:r1,extra_trees,0,0.63690695943262432,0.36309304056737562,0,1,91,5
openbci,loso,3,arithmetic,arithmetic:s03:r1,fixed_blend_010,0,0.79580747755093617,0.20419252244906361,0,1,91,5
openbci,loso,3,arithmetic,arithmetic:s03:r1,fixed_blend_025,0,0.74752132924937664,0.2524786707506233,0,1,91,5
openbci,loso,3,arithmetic,arithmetic:s03:r1,rf,0,0.66921532874298406,0.33078467125701583,0,1,91,5
openbci,loso,3,arithmetic,arithmetic:s03:r1,riemann_mdm,0,0.42725193575200843,0.57274806424799163,1,0,91,5
openbci,loso,3,arithmetic,arithmetic:s03:r1,riemann_ts_logreg,0,0.55377111564059589,0.446228884359404,0,1,91,5
openbci,loso,3,arithmetic,arithmetic:s03:r1,stack_recording,0,0.58250939059266116,0.41749060940733868,0,1,91,5
openbci,loso,3,arithmetic,arithmetic:s03:r2,always_fuse,1,0.47836601331027112,0.52163398668972893,1,1,137,5
openbci,loso,3,arithmetic,arithmetic:s03:r2,always_nn,1,0.4610350919810936,0.53896490801890617,1,1,137,5
openbci,loso,3,arithmetic,arithmetic:s03:r2,cbsf,1,0.48900394685220377,0.51099605314779606,1,1,137,5
openbci,loso,3,arithmetic,arithmetic:s03:r2,dasf_clean,1,0.4610350919810936,0.53896490801890617,1,1,137,5
openbci,loso,3,arithmetic,arithmetic:s03:r2,eeg_conformer,1,0.2568360154203696,0.7431639845796304,1,1,137,5
openbci,loso,3,arithmetic,arithmetic:s03:r2,eegnet,1,0.23287493769331391,0.76712506230668587,1,1,137,5
openbci,loso,3,arithmetic,arithmetic:s03:r2,equal_blend_050,1,0.49032267333115598,0.50967732666884391,1,1,137,5
openbci,loso,3,arithmetic,arithmetic:s03:r2,extra_trees,1,0.53866410545734156,0.46133589454265822,0,0,137,5
openbci,loso,3,arithmetic,arithmetic:s03:r2,fixed_blend_010,1,0.48451476335036031,0.51548523664963974,1,1,137,5
openbci,loso,3,arithmetic,arithmetic:s03:r2,fixed_blend_025,1,0.4913771867533544,0.5086228132466456,1,1,137,5
openbci,loso,3,arithmetic,arithmetic:s03:r2,rf,1,0.57555850378339157,0.42444149621660832,0,0,137,5
openbci,loso,3,arithmetic,arithmetic:s03:r2,riemann_mdm,1,0.44694460500825478,0.55305539499174516,1,1,137,5
openbci,loso,3,arithmetic,arithmetic:s03:r2,riemann_ts_logreg,1,0.39405736656877638,0.60594263343122368,1,1,137,5
openbci,loso,3,arithmetic,arithmetic:s03:r2,stack_recording,1,0.3994157832983215,0.6005842167016785,1,1,137,5
openbci,loso,3,arithmetic,arithmetic:s03:r3,always_fuse,1,0.56039661851506084,0.4396033814849391,0,0,160,5
openbci,loso,3,arithmetic,arithmetic:s03:r3,always_nn,1,0.88450252317682132,0.1154974768231786,0,0,160,5
openbci,loso,3,arithmetic,arithmetic:s03:r3,cbsf,1,0.6821340470499988,0.31786595295000131,0,0,160,5
openbci,loso,3,arithmetic,arithmetic:s03:r3,dasf_clean,1,0.88450252317682132,0.1154974768231786,0,0,160,5
openbci,loso,3,arithmetic,arithmetic:s03:r3,eeg_conformer,1,0.32109995017849402,0.67890004982150576,1,1,160,5
openbci,loso,3,arithmetic,arithmetic:s03:r3,eegnet,1,0.2387768734009755,0.76122312659902425,1,1,160,5
openbci,loso,3,arithmetic,arithmetic:s03:r3,equal_blend_050,1,0.70475743476763397,0.29524256523236581,0,0,160,5
openbci,loso,3,arithmetic,arithmetic:s03:r3,extra_trees,1,0.66376266813792062,0.33623733186207932,0,0,160,5
openbci,loso,3,arithmetic,arithmetic:s03:r3,fixed_blend_010,1,0.84090368255984682,0.15909631744015321,0,0,160,5
openbci,loso,3,arithmetic,arithmetic:s03:r3,fixed_blend_025,1,0.78566946236247914,0.21433053763752091,0,0,160,5
openbci,loso,3,arithmetic,arithmetic:s03:r3,rf,1,0.72207928475281724,0.2779207152471827,0,0,160,5
openbci,loso,3,arithmetic,arithmetic:s03:r3,riemann_mdm,1,0.54667830612268864,0.4533216938773113,0,0,160,5
openbci,loso,3,arithmetic,arithmetic:s03:r3,riemann_ts_logreg,1,0.55525524383447777,0.44474475616552211,0,0,160,5
openbci,loso,3,arithmetic,arithmetic:s03:r3,stack_recording,1,0.62555747164369457,0.37444252835630532,0,0,160,5
openbci,loso,3,stroop,stroop:s03:r0,always_fuse,0,0.74053578829852051,0.25946421170147932,0,1,181,5
openbci,loso,3,stroop,stroop:s03:r0,always_nn,0,0.99240544966793642,0.0075945503320632999,0,1,181,5
openbci,loso,3,stroop,stroop:s03:r0,cbsf,0,0.97597841260026164,0.024021587399738201,0,1,181,5
openbci,loso,3,stroop,stroop:s03:r0,dasf_clean,0,0.99240544966793642,0.0075945503320632999,0,1,181,5
openbci,loso,3,stroop,stroop:s03:r0,eeg_conformer,0,0.78240658290857945,0.21759341709142041,0,1,181,5
openbci,loso,3,stroop,stroop:s03:r0,eegnet,0,0.71875350225433865,0.28124649774566118,0,1,181,5
openbci,loso,3,stroop,stroop:s03:r0,equal_blend_050,0,0.83912421433929785,0.1608757856607019,0,1,181,5
openbci,loso,3,stroop,stroop:s03:r0,extra_trees,0,0.9189898018114202,0.081010198188579699,0,1,181,5
openbci,loso,3,stroop,stroop:s03:r0,fixed_blend_010,0,0.94051723117695485,0.0594827688230452,0,1,181,5
openbci,loso,3,stroop,stroop:s03:r0,fixed_blend_025,0,0.89680765126184725,0.1031923487381526,0,1,181,5
openbci,loso,3,stroop,stroop:s03:r0,rf,0,0.98821640136709443,0.0117835986329055,0,1,181,5
openbci,loso,3,stroop,stroop:s03:r0,riemann_mdm,0,0.63188860254259926,0.36811139745740079,0,1,181,5
openbci,loso,3,stroop,stroop:s03:r0,riemann_ts_logreg,0,0.58145943691640323,0.41854056308359677,0,1,181,5
openbci,loso,3,stroop,stroop:s03:r0,stack_recording,0,0.7569710141495416,0.2430289858504584,0,1,181,5
openbci,loso,3,stroop,stroop:s03:r1,always_fuse,0,0.53576641170592565,0.4642335882940743,0,1,127,5
openbci,loso,3,stroop,stroop:s03:r1,always_nn,0,0.91272419513966441,0.087275804860335607,0,1,127,5
openbci,loso,3,stroop,stroop:s03:r1,cbsf,0,0.90185635504983364,0.098143644950166101,0,1,127,5
openbci,loso,3,stroop,stroop:s03:r1,dasf_clean,0,0.91272419513966441,0.087275804860335607,0,1,127,5
openbci,loso,3,stroop,stroop:s03:r1,eeg_conformer,0,0.4227284723033447,0.57727152769665524,1,0,127,5
openbci,loso,3,stroop,stroop:s03:r1,eegnet,0,0.62567183508601032,0.37432816491398962,0,1,127,5
openbci,loso,3,stroop,stroop:s03:r1,equal_blend_050,0,0.70222714252534713,0.29777285747465282,0,1,127,5
openbci,loso,3,stroop,stroop:s03:r1,extra_trees,0,0.67444483134415167,0.32555516865584821,0,1,127,5
openbci,loso,3,stroop,stroop:s03:r1,fixed_blend_010,0,0.86038353185139593,0.13961646814860401,0,1,127,5
openbci,loso,3,stroop,stroop:s03:r1,fixed_blend_025,0,0.79579391851337611,0.20420608148662381,0,1,127,5
openbci,loso,3,stroop,stroop:s03:r1,rf,0,0.75587412355116457,0.24412587644883521,0,1,127,5
openbci,loso,3,stroop,stroop:s03:r1,riemann_mdm,0,0.74332387449329851,0.25667612550670149,0,1,127,5
openbci,loso,3,stroop,stroop:s03:r1,riemann_ts_logreg,0,0.70796345111813619,0.29203654888186392,0,1,127,5
openbci,loso,3,stroop,stroop:s03:r1,stack_recording,0,0.53995944625992998,0.46004055374006991,0,1,127,5
openbci,loso,3,stroop,stroop:s03:r2,always_fuse,1,0.4758963277002744,0.52410367229972565,1,1,102,5
openbci,loso,3,stroop,stroop:s03:r2,always_nn,1,0.22493218658722611,0.77506781341277375,1,1,102,5
openbci,loso,3,stroop,stroop:s03:r2,cbsf,1,0.2320241356344217,0.76797586436557808,1,1,102,5
openbci,loso,3,stroop,stroop:s03:r2,dasf_clean,1,0.22493218658722611,0.77506781341277375,1,1,102,5
openbci,loso,3,stroop,stroop:s03:r2,eeg_conformer,1,0.50620315050916065,0.4937968494908393,0,0,102,5
openbci,loso,3,stroop,stroop:s03:r2,eegnet,1,0.61749637067777741,0.38250362932222248,0,0,102,5
openbci,loso,3,stroop,stroop:s03:r2,equal_blend_050,1,0.36568155904221761,0.63431844095778223,1,1,102,5
openbci,loso,3,stroop,stroop:s03:r2,extra_trees,1,0.57293506055679,0.42706493944321,0,0,102,5
openbci,loso,3,stroop,stroop:s03:r2,fixed_blend_010,1,0.2599745922278705,0.74002540777212944,1,1,102,5
openbci,loso,3,stroop,stroop:s03:r2,fixed_blend_025,1,0.3034439865753476,0.69655601342465234,1,1,102,5
openbci,loso,3,stroop,stroop:s03:r2,rf,1,0.65186387963945325,0.34813612036054642,0,0,102,5
openbci,loso,3,stroop,stroop:s03:r2,riemann_mdm,1,0.61789063749835704,0.3821093625016429,0,0,102,5
openbci,loso,3,stroop,stroop:s03:r2,riemann_ts_logreg,1,0.57928226291343587,0.42071773708656401,0,0,102,5
openbci,loso,3,stroop,stroop:s03:r2,stack_recording,1,0.4389868882994184,0.56101311170058155,1,1,102,5
openbci,loso,3,stroop,stroop:s03:r3,always_fuse,1,0.41345301916314398,0.58654698083685575,1,1,160,5
openbci,loso,3,stroop,stroop:s03:r3,always_nn,1,0.0224514528067562,0.97754854719324358,1,1,160,5
openbci,loso,3,stroop,stroop:s03:r3,cbsf,1,0.032654771560911601,0.96734522843908821,1,1,160,5
openbci,loso,3,stroop,stroop:s03:r3,dasf_clean,1,0.0224514528067562,0.97754854719324358,1,1,160,5
openbci,loso,3,stroop,stroop:s03:r3,eeg_conformer,1,0.21372085556097081,0.78627914443902924,1,1,160,5
openbci,loso,3,stroop,stroop:s03:r3,eegnet,1,0.56210332253796158,0.43789667746203831,0,0,160,5
openbci,loso,3,stroop,stroop:s03:r3,equal_blend_050,1,0.22444544226113031,0.7755545577388695,1,1,160,5
openbci,loso,3,stroop,stroop:s03:r3,extra_trees,1,0.4592394644318385,0.54076053556816128,1,1,160,5
openbci,loso,3,stroop,stroop:s03:r3,fixed_blend_010,1,0.068463178900986202,0.93153682109901381,1,1,160,5
openbci,loso,3,stroop,stroop:s03:r3,fixed_blend_025,1,0.12832754971861471,0.87167245028138507,1,1,160,5
openbci,loso,3,stroop,stroop:s03:r3,rf,1,0.52675431804234185,0.47324568195765793,0,0,160,5
openbci,loso,3,stroop,stroop:s03:r3,riemann_mdm,1,0.50952226511420928,0.49047773488579077,0,0,160,5
openbci,loso,3,stroop,stroop:s03:r3,riemann_ts_logreg,1,0.3243290806037023,0.67567091939629775,1,1,160,5
openbci,loso,3,stroop,stroop:s03:r3,stack_recording,1,0.35194980956259048,0.64805019043740941,1,1,160,5
openbci,loso,4,arithmetic,arithmetic:s04:r0,always_fuse,0,0.4074084636899058,0.59259153631009398,1,0,116,5
openbci,loso,4,arithmetic,arithmetic:s04:r0,always_nn,0,0.53605797118714194,0.46394202881285801,0,1,116,5
openbci,loso,4,arithmetic,arithmetic:s04:r0,cbsf,0,0.43284507525883892,0.56715492474116114,1,0,116,5
openbci,loso,4,arithmetic,arithmetic:s04:r0,dasf_clean,0,0.53605797118714194,0.46394202881285801,0,1,116,5
openbci,loso,4,arithmetic,arithmetic:s04:r0,eeg_conformer,0,0.98141189096097281,0.018588109039026902,0,1,116,5
openbci,loso,4,arithmetic,arithmetic:s04:r0,eegnet,0,0.99999996415075942,3.5849240649205381e-08,0,1,116,5
openbci,loso,4,arithmetic,arithmetic:s04:r0,equal_blend_050,0,0.47100517326828367,0.52899482673171616,1,0,116,5
openbci,loso,4,arithmetic,arithmetic:s04:r0,extra_trees,0,0.2733936896761977,0.72660631032380207,1,0,116,5
openbci,loso,4,arithmetic,arithmetic:s04:r0,fixed_blend_010,0,0.52283026331276605,0.477169736687234,0,1,116,5
openbci,loso,4,arithmetic,arithmetic:s04:r0,fixed_blend_025,0,0.50322568184020533,0.49677431815979473,0,1,116,5
openbci,loso,4,arithmetic,arithmetic:s04:r0,rf,0,0.29324957889153158,0.70675042110846831,1,0,116,5
openbci,loso,4,arithmetic,arithmetic:s04:r0,riemann_mdm,0,0.74279892742476972,0.25720107257523028,0,1,116,5
openbci,loso,4,arithmetic,arithmetic:s04:r0,riemann_ts_logreg,0,0.62000616624983618,0.37999383375016382,0,1,116,5
openbci,loso,4,arithmetic,arithmetic:s04:r0,stack_recording,0,0.40170567664589851,0.59829432335410138,1,0,116,5
openbci,loso,4,arithmetic,arithmetic:s04:r1,always_fuse,0,0.47509858201512511,0.52490141798487466,1,0,119,5
openbci,loso,4,arithmetic,arithmetic:s04:r1,always_nn,0,0.79944159069121301,0.20055840930878691,0,1,119,5
openbci,loso,4,arithmetic,arithmetic:s04:r1,cbsf,0,0.51572349276126173,0.48427650723873822,0,1,119,5
openbci,loso,4,arithmetic,arithmetic:s04:r1,dasf_clean,0,0.79944159069121301,0.20055840930878691,0,1,119,5
openbci,loso,4,arithmetic,arithmetic:s04:r1,eeg_conformer,0,0.84016127349260616,0.1598387265073937,0,1,119,5
openbci,loso,4,arithmetic,arithmetic:s04:r1,eegnet,0,0.75175764180917115,0.24824235819082871,0,1,119,5
openbci,loso,4,arithmetic,arithmetic:s04:r1,equal_blend_050,0,0.58289639004302263,0.41710360995697732,0,1,119,5
openbci,loso,4,arithmetic,arithmetic:s04:r1,extra_trees,0,0.44443521568088712,0.55556478431911283,1,0,119,5
openbci,loso,4,arithmetic,arithmetic:s04:r1,fixed_blend_010,0,0.72453315664418028,0.27546684335581961,0,1,119,5
openbci,loso,4,arithmetic,arithmetic:s04:r1,fixed_blend_025,0,0.6570433388354664,0.34295666116453372,0,1,119,5
openbci,loso,4,arithmetic,arithmetic:s04:r1,rf,0,0.4786318554992694,0.52136814450073043,1,0,119,5
openbci,loso,4,arithmetic,arithmetic:s04:r1,riemann_mdm,0,0.92524368724222883,0.074756312757771004,0,1,119,5
openbci,loso,4,arithmetic,arithmetic:s04:r1,riemann_ts_logreg,0,0.57049253161767499,0.4295074683823249,0,1,119,5
openbci,loso,4,arithmetic,arithmetic:s04:r1,stack_recording,0,0.52233039216305466,0.47766960783694512,0,1,119,5
openbci,loso,4,arithmetic,arithmetic:s04:r2,always_fuse,1,0.50909108082237364,0.4909089191776263,0,0,210,5
openbci,loso,4,arithmetic,arithmetic:s04:r2,always_nn,1,0.93454993621048355,0.065450063789516302,0,0,210,5
openbci,loso,4,arithmetic,arithmetic:s04:r2,cbsf,1,0.58723094448127355,0.41276905551872622,0,0,210,5
openbci,loso,4,arithmetic,arithmetic:s04:r2,dasf_clean,1,0.93454993621048355,0.065450063789516302,0,0,210,5
openbci,loso,4,arithmetic,arithmetic:s04:r2,eeg_conformer,1,0.69983894566531646,0.30016105433468332,0,0,210,5
openbci,loso,4,arithmetic,arithmetic:s04:r2,eegnet,1,0.20756676109419531,0.79243323890580464,1,1,210,5
openbci,loso,4,arithmetic,arithmetic:s04:r2,equal_blend_050,1,0.70586600440129355,0.2941339955987064,0,0,210,5
openbci,loso,4,arithmetic,arithmetic:s04:r2,extra_trees,1,0.44671016265335362,0.55328983734664616,1,1,210,5
openbci,loso,4,arithmetic,arithmetic:s04:r2,fixed_blend_010,1,0.87682552893921184,0.1231744710607881,0,0,210,5
openbci,loso,4,arithmetic,arithmetic:s04:r2,fixed_blend_025,1,0.80923846489787388,0.1907615351021259,0,0,210,5
openbci,loso,4,arithmetic,arithmetic:s04:r2,rf,1,0.51024127483215043,0.48975872516784952,0,0,210,5
openbci,loso,4,arithmetic,arithmetic:s04:r2,riemann_mdm,1,0.40545095300418937,0.59454904699581057,1,1,210,5
openbci,loso,4,arithmetic,arithmetic:s04:r2,riemann_ts_logreg,1,0.7419667356906966,0.2580332643093034,0,0,210,5
openbci,loso,4,arithmetic,arithmetic:s04:r2,stack_recording,1,0.64362468141578311,0.35637531858421678,0,0,210,5
openbci,loso,4,arithmetic,arithmetic:s04:r3,always_fuse,1,0.50442591283261906,0.49557408716738072,0,0,221,5
openbci,loso,4,arithmetic,arithmetic:s04:r3,always_nn,1,0.92009864823368803,0.079901351766311704,0,0,221,5
openbci,loso,4,arithmetic,arithmetic:s04:r3,cbsf,1,0.58143407494364507,0.41856592505635482,0,0,221,5
openbci,loso,4,arithmetic,arithmetic:s04:r3,dasf_clean,1,0.92009864823368803,0.079901351766311704,0,0,221,5
openbci,loso,4,arithmetic,arithmetic:s04:r3,eeg_conformer,1,0.53043640971845085,0.4695635902815492,0,0,221,5
openbci,loso,4,arithmetic,arithmetic:s04:r3,eegnet,1,0.17309879458629751,0.82690120541370238,1,1,221,5
openbci,loso,4,arithmetic,arithmetic:s04:r3,equal_blend_050,1,0.69864542147649555,0.30135457852350422,0,0,221,5
openbci,loso,4,arithmetic,arithmetic:s04:r3,extra_trees,1,0.4434797933667291,0.55652020663327084,1,1,221,5
openbci,loso,4,arithmetic,arithmetic:s04:r3,fixed_blend_010,1,0.86797603533646817,0.1320239646635317,0,0,221,5
openbci,loso,4,arithmetic,arithmetic:s04:r3,fixed_blend_025,1,0.80126553500142816,0.19873446499857181,0,0,221,5
openbci,loso,4,arithmetic,arithmetic:s04:r3,rf,1,0.50653585468692064,0.49346414531307931,0,0,221,5
openbci,loso,4,arithmetic,arithmetic:s04:r3,riemann_mdm,1,0.53100852465776283,0.46899147534223712,0,0,221,5
openbci,loso,4,arithmetic,arithmetic:s04:r3,riemann_ts_logreg,1,0.79310423742251113,0.20689576257748879,0,0,221,5
openbci,loso,4,arithmetic,arithmetic:s04:r3,stack_recording,1,0.62400331751760651,0.37599668248239332,0,0,221,5
openbci,loso,4,stroop,stroop:s04:r0,always_fuse,0,0.3974354829884465,0.60256451701155345,1,0,116,5
openbci,loso,4,stroop,stroop:s04:r0,always_nn,0,0.86256400047975423,0.13743599952024571,0,1,116,5
openbci,loso,4,stroop,stroop:s04:r0,cbsf,0,0.48997371868159573,0.51002628131840422,1,0,116,5
openbci,loso,4,stroop,stroop:s04:r0,dasf_clean,0,0.86256400047975423,0.13743599952024571,0,1,116,5
openbci,loso,4,stroop,stroop:s04:r0,eeg_conformer,0,0.010489579488452701,0.98951042051154725,1,0,116,5
openbci,loso,4,stroop,stroop:s04:r0,eegnet,0,0.99999997213088598,2.7869114098286887e-08,0,1,116,5
openbci,loso,4,stroop,stroop:s04:r0,equal_blend_050,0,0.62888050361339842,0.37111949638660152,0,1,116,5
openbci,loso,4,stroop,stroop:s04:r0,extra_trees,0,0.51101853718463586,0.48898146281536392,0,1,116,5
openbci,loso,4,stroop,stroop:s04:r0,fixed_blend_010,0,0.81538406038649502,0.18461593961350481,0,1,116,5
openbci,loso,4,stroop,stroop:s04:r0,fixed_blend_025,0,0.74515080435430026,0.25484919564569952,0,1,116,5
openbci,loso,4,stroop,stroop:s04:r0,rf,0,0.66911180843849616,0.33088819156150368,0,1,116,5
openbci,loso,4,stroop,stroop:s04:r0,riemann_mdm,0,0.76683721147457284,0.2331627885254271,0,1,116,5
openbci,loso,4,stroop,stroop:s04:r0,riemann_ts_logreg,0,0.085492966956979402,0.91450703304302039,1,0,116,5
openbci,loso,4,stroop,stroop:s04:r0,stack_recording,0,0.42219134876492448,0.57780865123507541,1,0,116,5
openbci,loso,4,stroop,stroop:s04:r1,always_fuse,0,0.42769778272590542,0.57230221727409447,1,0,89,5
openbci,loso,4,stroop,stroop:s04:r1,always_nn,0,0.63636842772435631,0.36363157227564352,0,1,89,5
openbci,loso,4,stroop,stroop:s04:r1,cbsf,0,0.467821880762192,0.532178119237808,1,0,89,5
openbci,loso,4,stroop,stroop:s04:r1,dasf_clean,0,0.63636842772435631,0.36363157227564352,0,1,89,5
openbci,loso,4,stroop,stroop:s04:r1,eeg_conformer,0,0.1030938002822272,0.89690619971777263,1,0,89,5
openbci,loso,4,stroop,stroop:s04:r1,eegnet,0,0.99156428949436204,0.0084357105056379004,0,1,89,5
openbci,loso,4,stroop,stroop:s04:r1,equal_blend_050,0,0.52815854553325858,0.47184145446674131,0,1,89,5
openbci,loso,4,stroop,stroop:s04:r1,extra_trees,0,0.53799580225694221,0.46200419774305768,0,1,89,5
openbci,loso,4,stroop,stroop:s04:r1,fixed_blend_010,0,0.61350019996376803,0.38649980003623191,0,1,89,5
openbci,loso,4,stroop,stroop:s04:r1,fixed_blend_025,0,0.58043299032941587,0.41956700967058402,0,1,89,5
openbci,loso,4,stroop,stroop:s04:r1,rf,0,0.61371845586724216,0.38628154413275773,0,1,89,5
openbci,loso,4,stroop,stroop:s04:r1,riemann_mdm,0,0.52573415812413171,0.47426584187586829,0,1,89,5
openbci,loso,4,stroop,stroop:s04:r1,riemann_ts_logreg,0,0.13358385205824791,0.86641614794175215,1,0,89,5
openbci,loso,4,stroop,stroop:s04:r1,stack_recording,0,0.39854446008534572,0.60145553991465417,1,0,89,5
openbci,loso,4,stroop,stroop:s04:r2,always_fuse,1,0.41535618547779263,0.58464381452220726,1,1,62,5
openbci,loso,4,stroop,stroop:s04:r2,always_nn,1,0.21874491838950841,0.7812550816104914,1,1,62,5
openbci,loso,4,stroop,stroop:s04:r2,cbsf,1,0.388779964191167,0.611220035808833,1,1,62,5
openbci,loso,4,stroop,stroop:s04:r2,dasf_clean,1,0.21874491838950841,0.7812550816104914,1,1,62,5
openbci,loso,4,stroop,stroop:s04:r2,eeg_conformer,1,0.28158531890949068,0.7184146810905091,1,1,62,5
openbci,loso,4,stroop,stroop:s04:r2,eegnet,1,0.84107488616925585,0.15892511383074401,0,0,62,5
openbci,loso,4,stroop,stroop:s04:r2,equal_blend_050,1,0.34411594847503452,0.65588405152496554,1,1,62,5
openbci,loso,4,stroop,stroop:s04:r2,extra_trees,1,0.52717270758837742,0.47282729241162252,0,0,62,5
openbci,loso,4,stroop,stroop:s04:r2,fixed_blend_010,1,0.26044313393776602,0.73955686606223392,1,1,62,5
openbci,loso,4,stroop,stroop:s04:r2,fixed_blend_025,1,0.29803719927159777,0.701962800728402,1,1,62,5
openbci,loso,4,stroop,stroop:s04:r2,rf,1,0.53417775372977006,0.46582224627023,0,0,62,5
openbci,loso,4,stroop,stroop:s04:r2,riemann_mdm,1,0.4206742548837718,0.57932574511622814,1,1,62,5
openbci,loso,4,stroop,stroop:s04:r2,riemann_ts_logreg,1,0.19365412367322549,0.80634587632677457,1,1,62,5
openbci,loso,4,stroop,stroop:s04:r2,stack_recording,1,0.33364810208875728,0.66635189791124261,1,1,62,5
openbci,loso,4,stroop,stroop:s04:r3,always_fuse,1,0.38586295792138631,0.61413704207861364,1,1,192,5
openbci,loso,4,stroop,stroop:s04:r3,always_nn,1,0.1020607387641075,0.89793926123589241,1,1,192,5
openbci,loso,4,stroop,stroop:s04:r3,cbsf,1,0.3420290763594856,0.65797092364051435,1,1,192,5
openbci,loso,4,stroop,stroop:s04:r3,dasf_clean,1,0.1020607387641075,0.89793926123589241,1,1,192,5
openbci,loso,4,stroop,stroop:s04:r3,eeg_conformer,1,0.22994962296487931,0.77005037703512058,1,1,192,5
openbci,loso,4,stroop,stroop:s04:r3,eegnet,1,0.74310855443446877,0.25689144556553101,0,0,192,5
openbci,loso,4,stroop,stroop:s04:r3,equal_blend_050,1,0.27114687087507611,0.72885312912492395,1,1,192,5
openbci,loso,4,stroop,stroop:s04:r3,extra_trees,1,0.49120460771810182,0.50879539228189796,1,1,192,5
openbci,loso,4,stroop,stroop:s04:r3,fixed_blend_010,1,0.1517405923337653,0.84825940766623453,1,1,192,5
openbci,loso,4,stroop,stroop:s04:r3,fixed_blend_025,1,0.20273155984312141,0.79726844015687837,1,1,192,5
openbci,loso,4,stroop,stroop:s04:r3,rf,1,0.5138618962547421,0.48613810374525768,0,0,192,5
openbci,loso,4,stroop,stroop:s04:r3,riemann_mdm,1,0.41690150519843089,0.58309849480156906,1,1,192,5
openbci,loso,4,stroop,stroop:s04:r3,riemann_ts_logreg,1,0.20301321902318711,0.79698678097681275,1,1,192,5
openbci,loso,4,stroop,stroop:s04:r3,stack_recording,1,0.2912729155129859,0.70872708448701405,1,1,192,5
openbci,loso,5,arithmetic,arithmetic:s05:r0,always_fuse,0,0.59639011122354768,0.40360988877645221,0,1,244,5
openbci,loso,5,arithmetic,arithmetic:s05:r0,always_nn,0,0.97755833646076984,0.022441663539230002,0,1,244,5
openbci,loso,5,arithmetic,arithmetic:s05:r0,cbsf,0,0.75394427527039598,0.2460557247296038,0,1,244,5
openbci,loso,5,arithmetic,arithmetic:s05:r0,dasf_clean,0,0.97755833646076984,0.022441663539230002,0,1,244,5
openbci,loso,5,arithmetic,arithmetic:s05:r0,eeg_conformer,0,0.5883689509328619,0.4116310490671381,0,1,244,5
openbci,loso,5,arithmetic,arithmetic:s05:r0,eegnet,0,0.27871447502738711,0.72128552497261278,1,0,244,5
openbci,loso,5,arithmetic,arithmetic:s05:r0,equal_blend_050,0,0.73869831563458455,0.2613016843654154,0,1,244,5
openbci,loso,5,arithmetic,arithmetic:s05:r0,extra_trees,0,0.68815794392402918,0.31184205607597071,0,1,244,5
openbci,loso,5,arithmetic,arithmetic:s05:r0,fixed_blend_010,0,0.89732162724429865,0.1026783727557013,0,1,244,5
openbci,loso,5,arithmetic,arithmetic:s05:r0,fixed_blend_025,0,0.82758452563567431,0.17241547436432561,0,1,244,5
openbci,loso,5,arithmetic,arithmetic:s05:r0,rf,0,0.68029032290236113,0.31970967709763881,0,1,244,5
openbci,loso,5,arithmetic,arithmetic:s05:r0,riemann_mdm,0,0.88642401177326302,0.11357598822673701,0,1,244,5
openbci,loso,5,arithmetic,arithmetic:s05:r0,riemann_ts_logreg,0,0.52149889446215458,0.47850110553784531,0,1,244,5
openbci,loso,5,arithmetic,arithmetic:s05:r0,stack_recording,0,0.67592576547008243,0.32407423452991752,0,1,244,5
openbci,loso,5,arithmetic,arithmetic:s05:r1,always_fuse,0,0.48715225361748621,0.51284774638251374,1,0,153,5
openbci,loso,5,arithmetic,arithmetic:s05:r1,always_nn,0,0.44839464890281311,0.55160535109718678,1,0,153,5
openbci,loso,5,arithmetic,arithmetic:s05:r1,cbsf,0,0.45919140921124307,0.54080859078875665,1,0,153,5
openbci,loso,5,arithmetic,arithmetic:s05:r1,dasf_clean,0,0.44839464890281311,0.55160535109718678,1,0,153,5
openbci,loso,5,arithmetic,arithmetic:s05:r1,eeg_conformer,0,0.4543492730344289,0.54565072696557104,1,0,153,5
openbci,loso,5,arithmetic,arithmetic:s05:r1,eegnet,0,0.20094954321796141,0.79905045678203845,1,0,153,5
openbci,loso,5,arithmetic,arithmetic:s05:r1,equal_blend_050,0,0.46138149954068541,0.53861850045931448,1,0,153,5
openbci,loso,5,arithmetic,arithmetic:s05:r1,extra_trees,0,0.55326301879705253,0.44673698120294753,0,1,153,5
openbci,loso,5,arithmetic,arithmetic:s05:r1,fixed_blend_010,0,0.44734474685006242,0.55265525314993746,1,0,153,5
openbci,loso,5,arithmetic,arithmetic:s05:r1,fixed_blend_025,0,0.4508850416195132,0.54911495838048674,1,0,153,5
openbci,loso,5,arithmetic,arithmetic:s05:r1,rf,0,0.47711162371752103,0.52288837628247875,1,0,153,5
openbci,loso,5,arithmetic,arithmetic:s05:r1,riemann_mdm,0,0.72345740394254454,0.27654259605745551,0,1,153,5
openbci,loso,5,arithmetic,arithmetic:s05:r1,riemann_ts_logreg,0,0.35549823818823378,0.64450176181176622,1,0,153,5
openbci,loso,5,arithmetic,arithmetic:s05:r1,stack_recording,0,0.41144936294628942,0.58855063705371047,1,0,153,5
openbci,loso,5,arithmetic,arithmetic:s05:r2,always_fuse,1,0.52152094431579721,0.47847905568420268,0,0,198,5
openbci,loso,5,arithmetic,arithmetic:s05:r2,always_nn,1,0.8108613740343229,0.1891386259656769,0,0,198,5
openbci,loso,5,arithmetic,arithmetic:s05:r2,cbsf,1,0.61619111033406804,0.38380888966593191,0,0,198,5
openbci,loso,5,arithmetic,arithmetic:s05:r2,dasf_clean,1,0.8108613740343229,0.1891386259656769,0,0,198,5
openbci,loso,5,arithmetic,arithmetic:s05:r2,eeg_conformer,1,0.47648964231044327,0.52351035768955645,1,1,198,5
openbci,loso,5,arithmetic,arithmetic:s05:r2,eegnet,1,0.20603669689751861,0.79396330310248131,1,1,198,5
openbci,loso,5,arithmetic,arithmetic:s05:r2,equal_blend_050,1,0.60646684397822015,0.3935331560217798,0,0,198,5
openbci,loso,5,arithmetic,arithmetic:s05:r2,extra_trees,1,0.58588428140109161,0.41411571859890828,0,0,198,5
openbci,loso,5,arithmetic,arithmetic:s05:r2,fixed_blend_010,1,0.72305802249980955,0.27694197750019028,0,0,198,5
openbci,loso,5,arithmetic,arithmetic:s05:r2,fixed_blend_025,1,0.66658186939984976,0.33341813060015002,0,0,198,5
openbci,loso,5,arithmetic,arithmetic:s05:r2,rf,1,0.55112420778041415,0.44887579221958562,0,0,198,5
openbci,loso,5,arithmetic,arithmetic:s05:r2,riemann_mdm,1,0.86834142453862084,0.1316585754613791,0,0,198,5
openbci,loso,5,arithmetic,arithmetic:s05:r2,riemann_ts_logreg,1,0.25452834164221461,0.74547165835778539,1,1,198,5
openbci,loso,5,arithmetic,arithmetic:s05:r2,stack_recording,1,0.52156850118065923,0.47843149881934072,0,0,198,5
openbci,loso,5,arithmetic,arithmetic:s05:r3,always_fuse,1,0.4752909739278906,0.52470902607210934,1,1,232,5
openbci,loso,5,arithmetic,arithmetic:s05:r3,always_nn,1,0.44449018047915761,0.55550981952084233,1,1,232,5
openbci,loso,5,arithmetic,arithmetic:s05:r3,cbsf,1,0.45256545219277022,0.54743454780722955,1,1,232,5
openbci,loso,5,arithmetic,arithmetic:s05:r3,dasf_clean,1,0.44449018047915761,0.55550981952084233,1,1,232,5
openbci,loso,5,arithmetic,arithmetic:s05:r3,eeg_conformer,1,0.37338913406181318,0.6266108659381866,1,1,232,5
openbci,loso,5,arithmetic,arithmetic:s05:r3,eegnet,1,0.21005466677420331,0.78994533322579663,1,1,232,5
openbci,loso,5,arithmetic,arithmetic:s05:r3,equal_blend_050,1,0.45444902363933781,0.54555097636066208,1,1,232,5
openbci,loso,5,arithmetic,arithmetic:s05:r3,extra_trees,1,0.58213954264955392,0.41786045735044591,0,0,232,5
openbci,loso,5,arithmetic,arithmetic:s05:r3,fixed_blend_010,1,0.44180865260806068,0.5581913473919391,1,1,232,5
openbci,loso,5,arithmetic,arithmetic:s05:r3,fixed_blend_025,1,0.4451148363998777,0.5548851636001223,1,1,232,5
openbci,loso,5,arithmetic,arithmetic:s05:r3,rf,1,0.58510158891920805,0.4148984110807919,0,0,232,5
openbci,loso,5,arithmetic,arithmetic:s05:r3,riemann_mdm,1,0.73349735198077548,0.26650264801922458,0,0,232,5
openbci,loso,5,arithmetic,arithmetic:s05:r3,riemann_ts_logreg,1,0.24050549038521229,0.75949450961478771,1,1,232,5
openbci,loso,5,arithmetic,arithmetic:s05:r3,stack_recording,1,0.40752335658549088,0.59247664341450901,1,1,232,5
openbci,loso,5,stroop,stroop:s05:r0,always_fuse,0,0.63341771068342101,0.3665822893165791,0,1,244,5
openbci,loso,5,stroop,stroop:s05:r0,always_nn,0,0.97640746878764562,0.023592531212354401,0,1,244,5
openbci,loso,5,stroop,stroop:s05:r0,cbsf,0,0.74339244430290397,0.25660755569709581,0,1,244,5
openbci,loso,5,stroop,stroop:s05:r0,dasf_clean,0,0.97640746878764562,0.023592531212354401,0,1,244,5
openbci,loso,5,stroop,stroop:s05:r0,eeg_conformer,0,0.36709314237035162,0.63290685762964816,1,0,244,5
openbci,loso,5,stroop,stroop:s05:r0,eegnet,0,0.57399353895082517,0.42600646104917472,0,1,244,5
openbci,loso,5,stroop,stroop:s05:r0,equal_blend_050,0,0.75024747427757144,0.24975252572242851,0,1,244,5
openbci,loso,5,stroop,stroop:s05:r0,extra_trees,0,0.78695093291174545,0.21304906708825441,0,1,244,5
openbci,loso,5,stroop,stroop:s05:r0,fixed_blend_010,0,0.89243647619882438,0.1075635238011755,0,1,244,5
openbci,loso,5,stroop,stroop:s05:r0,fixed_blend_025,0,0.8272727634039877,0.1727272365960123,0,1,244,5
openbci,loso,5,stroop,stroop:s05:r0,rf,0,0.75812688631511083,0.24187311368488901,0,1,244,5
openbci,loso,5,stroop,stroop:s05:r0,riemann_mdm,0,0.85923051338581913,0.1407694866141809,0,1,244,5
openbci,loso,5,stroop,stroop:s05:r0,riemann_ts_logreg,0,0.39247481759634739,0.60752518240365261,1,0,244,5
openbci,loso,5,stroop,stroop:s05:r0,stack_recording,0,0.63290401980329836,0.36709598019670142,0,1,244,5
openbci,loso,5,stroop,stroop:s05:r1,always_fuse,0,0.40021153707983481,0.5997884629201653,1,0,137,5
openbci,loso,5,stroop,stroop:s05:r1,always_nn,0,0.28063372473613268,0.71936627526386721,1,0,137,5
openbci,loso,5,stroop,stroop:s05:r1,cbsf,0,0.3539240590963707,0.64607594090362908,1,0,137,5
openbci,loso,5,stroop,stroop:s05:r1,dasf_clean,0,0.28063372473613268,0.71936627526386721,1,0,137,5
openbci,loso,5,stroop,stroop:s05:r1,eeg_conformer,0,0.2049464680415497,0.79505353195845008,1,0,137,5
openbci,loso,5,stroop,stroop:s05:r1,eegnet,0,0.4288087737314103,0.57119122626858965,1,0,137,5
openbci,loso,5,stroop,stroop:s05:r1,equal_blend_050,0,0.35110448581778281,0.64889551418221725,1,0,137,5
openbci,loso,5,stroop,stroop:s05:r1,extra_trees,0,0.43847386492840068,0.5615261350715991,1,0,137,5
openbci,loso,5,stroop,stroop:s05:r1,fixed_blend_010,0,0.29875000600293422,0.70124999399706556,1,0,137,5
openbci,loso,5,stroop,stroop:s05:r1,fixed_blend_025,0,0.32085713420637563,0.67914286579362426,1,0,137,5
openbci,loso,5,stroop,stroop:s05:r1,rf,0,0.40625496427697511,0.59374503572302484,1,0,137,5
openbci,loso,5,stroop,stroop:s05:r1,riemann_mdm,0,0.72723689261655178,0.27276310738344811,0,1,137,5
openbci,loso,5,stroop,stroop:s05:r1,riemann_ts_logreg,0,0.27028818980714969,0.72971181019285025,1,0,137,5
openbci,loso,5,stroop,stroop:s05:r1,stack_recording,0,0.35598198745024162,0.64401801254975832,1,0,137,5
openbci,loso,5,stroop,stroop:s05:r2,always_fuse,1,0.42494115108807162,0.57505884891192827,1,1,108,5
openbci,loso,5,stroop,stroop:s05:r2,always_nn,1,0.39111913288035061,0.60888086711964928,1,1,108,5
openbci,loso,5,stroop,stroop:s05:r2,cbsf,1,0.41443154952336242,0.58556845047663764,1,1,108,5
openbci,loso,5,stroop,stroop:s05:r2,dasf_clean,1,0.39111913288035061,0.60888086711964928,1,1,108,5
openbci,loso,5,stroop,stroop:s05:r2,eeg_conformer,1,0.15855596938133601,0.84144403061866402,1,1,108,5
openbci,loso,5,stroop,stroop:s05:r2,eegnet,1,0.40669327115560733,0.59330672884439251,1,1,108,5
openbci,loso,5,stroop,stroop:s05:r2,equal_blend_050,1,0.41363316105672587,0.58636683894327402,1,1,108,5
openbci,loso,5,stroop,stroop:s05:r2,extra_trees,1,0.4843437329807323,0.5156562670192677,1,1,108,5
openbci,loso,5,stroop,stroop:s05:r2,fixed_blend_010,1,0.39697132252193912,0.60302867747806077,1,1,108,5
openbci,loso,5,stroop,stroop:s05:r2,fixed_blend_025,1,0.40432176989877933,0.59567823010122056,1,1,108,5
openbci,loso,5,stroop,stroop:s05:r2,rf,1,0.46144330829256253,0.53855669170743736,1,1,108,5
openbci,loso,5,stroop,stroop:s05:r2,riemann_mdm,1,0.83893526732899593,0.16106473267100399,0,0,108,5
openbci,loso,5,stroop,stroop:s05:r2,riemann_ts_logreg,1,0.25815772890002492,0.74184227109997503,1,1,108,5
openbci,loso,5,stroop,stroop:s05:r2,stack_recording,1,0.38437441958881352,0.61562558041118642,1,1,108,5
openbci,loso,5,stroop,stroop:s05:r3,always_fuse,1,0.4211499777372798,0.57885002226271998,1,1,171,5
openbci,loso,5,stroop,stroop:s05:r3,always_nn,1,0.16933225650016831,0.83066774349983163,1,1,171,5
openbci,loso,5,stroop,stroop:s05:r3,cbsf,1,0.31881318489795202,0.68118681510204793,1,1,171,5
openbci,loso,5,stroop,stroop:s05:r3,dasf_clean,1,0.16933225650016831,0.83066774349983163,1,1,171,5
openbci,loso,5,stroop,stroop:s05:r3,eeg_conformer,1,0.1061757575691526,0.89382424243084735,1,1,171,5
openbci,loso,5,stroop,stroop:s05:r3,eegnet,1,0.3844036489877965,0.61559635101220334,1,1,171,5
openbci,loso,5,stroop,stroop:s05:r3,equal_blend_050,1,0.31286333356781793,0.68713666643218196,1,1,171,5
openbci,loso,5,stroop,stroop:s05:r3,extra_trees,1,0.52353780801192196,0.47646219198807782,0,0,171,5
openbci,loso,5,stroop,stroop:s05:r3,fixed_blend_010,1,0.20677111865976841,0.79322888134023151,1,1,171,5
openbci,loso,5,stroop,stroop:s05:r3,fixed_blend_025,1,0.25078326530334571,0.74921673469665406,1,1,171,5
openbci,loso,5,stroop,stroop:s05:r3,rf,1,0.5110332900502973,0.48896670994970248,0,0,171,5
openbci,loso,5,stroop,stroop:s05:r3,riemann_mdm,1,0.82815730743746219,0.17184269256253781,0,0,171,5
openbci,loso,5,stroop,stroop:s05:r3,riemann_ts_logreg,1,0.18246390445872479,0.81753609554127527,1,1,171,5
openbci,loso,5,stroop,stroop:s05:r3,stack_recording,1,0.34995158129671888,0.65004841870328101,1,1,171,5
openbci,loso,6,arithmetic,arithmetic:s06:r0,always_fuse,0,0.37453344492399082,0.62546655507600923,1,0,150,5
openbci,loso,6,arithmetic,arithmetic:s06:r0,always_nn,0,0.098479478749197297,0.9015205212508024,1,0,150,5
openbci,loso,6,arithmetic,arithmetic:s06:r0,cbsf,0,0.1001434807553139,0.89985651924468613,1,0,150,5
openbci,loso,6,arithmetic,arithmetic:s06:r0,dasf_clean,0,0.098479478749197297,0.9015205212508024,1,0,150,5
openbci,loso,6,arithmetic,arithmetic:s06:r0,eeg_conformer,0,0.30647371399056977,0.69352628600943012,1,0,150,5
openbci,loso,6,arithmetic,arithmetic:s06:r0,eegnet,0,0.1715439142798752,0.82845608572012475,1,0,150,5
openbci,loso,6,arithmetic,arithmetic:s06:r0,equal_blend_050,0,0.26769394472863017,0.7323060552713696,1,0,150,5
openbci,loso,6,arithmetic,arithmetic:s06:r0,extra_trees,0,0.45012247414776602,0.54987752585223393,1,0,150,5
openbci,loso,6,arithmetic,arithmetic:s06:r0,fixed_blend_010,0,0.15096094066017851,0.84903905933982127,1,0,150,5
openbci,loso,6,arithmetic,arithmetic:s06:r0,fixed_blend_025,0,0.2018548015643335,0.79814519843566645,1,0,150,5
openbci,loso,6,arithmetic,arithmetic:s06:r0,rf,0,0.50675397778744757,0.4932460222125522,0,1,150,5
openbci,loso,6,arithmetic,arithmetic:s06:r0,riemann_mdm,0,0.15545295183809041,0.84454704816190962,1,0,150,5
openbci,loso,6,arithmetic,arithmetic:s06:r0,riemann_ts_logreg,0,0.1178389268810551,0.88216107311894476,1,0,150,5
openbci,loso,6,arithmetic,arithmetic:s06:r0,stack_recording,0,0.18746222318383321,0.81253777681616657,1,0,150,5
openbci,loso,6,arithmetic,arithmetic:s06:r1,always_fuse,0,0.28828071910638192,0.71171928089361802,1,0,119,5
openbci,loso,6,arithmetic,arithmetic:s06:r1,always_nn,0,0.0452924000835827,0.95470759991641718,1,0,119,5
openbci,loso,6,arithmetic,arithmetic:s06:r1,cbsf,0,0.046376684564302301,0.95362331543569745,1,0,119,5
openbci,loso,6,arithmetic,arithmetic:s06:r1,dasf_clean,0,0.0452924000835827,0.95470759991641718,1,0,119,5
openbci,loso,6,arithmetic,arithmetic:s06:r1,eeg_conformer,0,0.33970698236573021,0.66029301763426973,1,0,119,5
openbci,loso,6,arithmetic,arithmetic:s06:r1,eegnet,0,0.16331578245893391,0.83668421754106603,1,0,119,5
openbci,loso,6,arithmetic,arithmetic:s06:r1,equal_blend_050,0,0.18654181416186061,0.81345818583813934,1,0,119,5
openbci,loso,6,arithmetic,arithmetic:s06:r1,extra_trees,0,0.3019886543577161,0.69801134564228395,1,0,119,5
openbci,loso,6,arithmetic,arithmetic:s06:r1,fixed_blend_010,0,0.084270687493085597,0.91572931250691436,1,0,119,5
openbci,loso,6,arithmetic,arithmetic:s06:r1,fixed_blend_025,0,0.1271009811221481,0.87289901887785182,1,0,119,5
openbci,loso,6,arithmetic,arithmetic:s06:r1,rf,0,0.42537720729831002,0.57462279270168981,1,0,119,5
openbci,loso,6,arithmetic,arithmetic:s06:r1,riemann_mdm,0,0.25217273988720668,0.74782726011279321,1,0,119,5
openbci,loso,6,arithmetic,arithmetic:s06:r1,riemann_ts_logreg,0,0.046427598438456799,0.95357240156154321,1,0,119,5
openbci,loso,6,arithmetic,arithmetic:s06:r1,stack_recording,0,0.13483723864087591,0.86516276135912396,1,0,119,5
openbci,loso,6,arithmetic,arithmetic:s06:r2,always_fuse,1,0.349456291183526,0.65054370881647394,1,1,130,5
openbci,loso,6,arithmetic,arithmetic:s06:r2,always_nn,1,0.1114143665296156,0.88858563347038433,1,1,130,5
openbci,loso,6,arithmetic,arithmetic:s06:r2,cbsf,1,0.1126393961709842,0.88736060382901583,1,1,130,5
openbci,loso,6,arithmetic,arithmetic:s06:r2,dasf_clean,1,0.1114143665296156,0.88858563347038433,1,1,130,5
openbci,loso,6,arithmetic,arithmetic:s06:r2,eeg_conformer,1,0.32638070570524302,0.67361929429475675,1,1,130,5
openbci,loso,6,arithmetic,arithmetic:s06:r2,eegnet,1,0.1606635231605085,0.83933647683949142,1,1,130,5
openbci,loso,6,arithmetic,arithmetic:s06:r2,equal_blend_050,1,0.25754982571974661,0.74245017428025328,1,1,130,5
openbci,loso,6,arithmetic,arithmetic:s06:r2,extra_trees,1,0.3997086873997468,0.60029131260025315,1,1,130,5
openbci,loso,6,arithmetic,arithmetic:s06:r2,fixed_blend_010,1,0.1545150603601084,0.84548493963989135,1,1,130,5
openbci,loso,6,arithmetic,arithmetic:s06:r2,fixed_blend_025,1,0.19940324346696481,0.80059675653303508,1,1,130,5
openbci,loso,6,arithmetic,arithmetic:s06:r2,rf,1,0.4964247123588173,0.50357528764118265,1,1,130,5
openbci,loso,6,arithmetic,arithmetic:s06:r2,riemann_mdm,1,0.1295529942706885,0.87044700572931144,1,1,130,5
openbci,loso,6,arithmetic,arithmetic:s06:r2,riemann_ts_logreg,1,0.039047198039480202,0.9609528019605198,1,1,130,5
openbci,loso,6,arithmetic,arithmetic:s06:r2,stack_recording,1,0.1969343180762371,0.80306568192376282,1,1,130,5
openbci,loso,6,arithmetic,arithmetic:s06:r3,always_fuse,1,0.36205444308759188,0.63794555691240795,1,1,191,5
openbci,loso,6,arithmetic,arithmetic:s06:r3,always_nn,1,0.121424685691188,0.87857531430881175,1,1,191,5
openbci,loso,6,arithmetic,arithmetic:s06:r3,cbsf,1,0.1226938039228635,0.87730619607713645,1,1,191,5
openbci,loso,6,arithmetic,arithmetic:s06:r3,dasf_clean,1,0.121424685691188,0.87857531430881175,1,1,191,5
openbci,loso,6,arithmetic,arithmetic:s06:r3,eeg_conformer,1,0.33713624955071553,0.66286375044928436,1,1,191,5
openbci,loso,6,arithmetic,arithmetic:s06:r3,eegnet,1,0.1654485565794612,0.83455144342053855,1,1,191,5
openbci,loso,6,arithmetic,arithmetic:s06:r3,equal_blend_050,1,0.26704565718155132,0.73295434281844873,1,1,191,5
openbci,loso,6,arithmetic,arithmetic:s06:r3,extra_trees,1,0.42020368236270511,0.57979631763729467,1,1,191,5
openbci,loso,6,arithmetic,arithmetic:s06:r3,fixed_blend_010,1,0.1644103420686448,0.8355896579313552,1,1,191,5
openbci,loso,6,arithmetic,arithmetic:s06:r3,fixed_blend_025,1,0.2087189018771799,0.7912810981228201,1,1,191,5
openbci,loso,6,arithmetic,arithmetic:s06:r3,rf,1,0.50852832000604975,0.49147167999395008,0,0,191,5
openbci,loso,6,arithmetic,arithmetic:s06:r3,riemann_mdm,1,0.19678110670477489,0.803218893295225,1,1,191,5
openbci,loso,6,arithmetic,arithmetic:s06:r3,riemann_ts_logreg,1,0.060300000214937401,0.93969999978506258,1,1,191,5
openbci,loso,6,arithmetic,arithmetic:s06:r3,stack_recording,1,0.20431079104477551,0.79568920895522444,1,1,191,5
openbci,loso,6,stroop,stroop:s06:r0,always_fuse,0,0.44144486347646272,0.55855513652353705,1,0,150,5
openbci,loso,6,stroop,stroop:s06:r0,always_nn,0,0.44604311509703498,0.55395688490296491,1,0,150,5
openbci,loso,6,stroop,stroop:s06:r0,cbsf,0,0.4382267176787451,0.5617732823212549,1,0,150,5
openbci,loso,6,stroop,stroop:s06:r0,dasf_clean,0,0.44604311509703498,0.55395688490296491,1,0,150,5
openbci,loso,6,stroop,stroop:s06:r0,eeg_conformer,0,0.31619009083029881,0.68380990916970097,1,0,150,5
openbci,loso,6,stroop,stroop:s06:r0,eegnet,0,0.58576869327434133,0.41423130672565861,0,1,150,5
openbci,loso,6,stroop,stroop:s06:r0,equal_blend_050,0,0.4384689069881989,0.56153109301180104,1,0,150,5
openbci,loso,6,stroop,stroop:s06:r0,extra_trees,0,0.56006087541903771,0.43993912458096213,0,1,150,5
openbci,loso,6,stroop,stroop:s06:r0,fixed_blend_010,0,0.43801406078745742,0.56198593921254247,1,0,150,5
openbci,loso,6,stroop,stroop:s06:r0,fixed_blend_025,0,0.43661210618773472,0.56338789381226517,1,0,150,5
openbci,loso,6,stroop,stroop:s06:r0,rf,0,0.61372462628624525,0.38627537371375448,0,1,150,5
openbci,loso,6,stroop,stroop:s06:r0,riemann_mdm,0,0.050817061526968098,0.94918293847303181,1,0,150,5
openbci,loso,6,stroop,stroop:s06:r0,riemann_ts_logreg,0,0.097314606700775103,0.90268539329922481,1,0,150,5
openbci,loso,6,stroop,stroop:s06:r0,stack_recording,0,0.41086690072647702,0.58913309927352286,1,0,150,5
openbci,loso,6,stroop,stroop:s06:r1,always_fuse,0,0.28926306686390862,0.71073693313609121,1,0,119,5
openbci,loso,6,stroop,stroop:s06:r1,always_nn,0,0.1729042978619891,0.82709570213801076,1,0,119,5
openbci,loso,6,stroop,stroop:s06:r1,cbsf,0,0.23585497437833761,0.76414502562166231,1,0,119,5
openbci,loso,6,stroop,stroop:s06:r1,dasf_clean,0,0.1729042978619891,0.82709570213801076,1,0,119,5
openbci,loso,6,stroop,stroop:s06:r1,eeg_conformer,0,0.32470267724029922,0.67529732275970067,1,0,119,5
openbci,loso,6,stroop,stroop:s06:r1,eegnet,0,0.3857610075579298,0.61423899244207025,1,0,119,5
openbci,loso,6,stroop,stroop:s06:r1,equal_blend_050,0,0.23863372244646031,0.76136627755353947,1,0,119,5
openbci,loso,6,stroop,stroop:s06:r1,extra_trees,0,0.3135926406836404,0.68640735931635954,1,0,119,5
openbci,loso,6,stroop,stroop:s06:r1,fixed_blend_010,0,0.18950445403638311,0.81049554596361661,1,0,119,5
openbci,loso,6,stroop,stroop:s06:r1,fixed_blend_025,0,0.20955003675371001,0.79044996324628991,1,0,119,5
openbci,loso,6,stroop,stroop:s06:r1,rf,0,0.56561010382785293,0.43438989617214713,0,1,119,5
openbci,loso,6,stroop,stroop:s06:r1,riemann_mdm,0,0.29879401539070749,0.70120598460929262,1,0,119,5
openbci,loso,6,stroop,stroop:s06:r1,riemann_ts_logreg,0,0.89683622284961528,0.10316377715038461,0,1,119,5
openbci,loso,6,stroop,stroop:s06:r1,stack_recording,0,0.2752875960513354,0.72471240394866454,1,0,119,5
openbci,loso,6,stroop,stroop:s06:r2,always_fuse,1,0.47480256826534878,0.52519743173465105,1,1,111,5
openbci,loso,6,stroop,stroop:s06:r2,always_nn,1,0.99607819353245242,0.0039218064675474,0,0,111,5
openbci,loso,6,stroop,stroop:s06:r2,cbsf,1,0.70866805324897164,0.29133194675102841,0,0,111,5
openbci,loso,6,stroop,stroop:s06:r2,dasf_clean,1,0.99607819353245242,0.0039218064675474,0,0,111,5
openbci,loso,6,stroop,stroop:s06:r2,eeg_conformer,1,0.58752673900274766,0.41247326099725218,0,0,111,5
openbci,loso,6,stroop,stroop:s06:r2,eegnet,1,0.43205745418462282,0.56794254581537695,1,1,111,5
openbci,loso,6,stroop,stroop:s06:r2,equal_blend_050,1,0.69699362153297972,0.30300637846702022,0,0,111,5
openbci,loso,6,stroop,stroop:s06:r2,extra_trees,1,0.44014462937664178,0.559855370623358,1,1,111,5
openbci,loso,6,stroop,stroop:s06:r2,fixed_blend_010,1,0.90065404855237385,0.099345951447626105,0,0,111,5
openbci,loso,6,stroop,stroop:s06:r2,fixed_blend_025,1,0.81762808867654135,0.18237191132345851,0,0,111,5
openbci,loso,6,stroop,stroop:s06:r2,rf,1,0.55234471636225224,0.4476552836377477,0,0,111,5
openbci,loso,6,stroop,stroop:s06:r2,riemann_mdm,1,0.99613376874578918,0.0038662312542106,0,0,111,5
openbci,loso,6,stroop,stroop:s06:r2,riemann_ts_logreg,1,0.7376312166007396,0.26236878339926029,0,0,111,5
openbci,loso,6,stroop,stroop:s06:r2,stack_recording,1,0.57261840520571483,0.42738159479428522,0,0,111,5
openbci,loso,6,stroop,stroop:s06:r3,always_fuse,1,0.31595278156322221,0.68404721843677774,1,1,161,5
openbci,loso,6,stroop,stroop:s06:r3,always_nn,1,0.41188232230616312,0.58811767769383694,1,1,161,5
openbci,loso,6,stroop,stroop:s06:r3,cbsf,1,0.35878854379620911,0.64121145620379083,1,1,161,5
openbci,loso,6,stroop,stroop:s06:r3,dasf_clean,1,0.41188232230616312,0.58811767769383694,1,1,161,5
openbci,loso,6,stroop,stroop:s06:r3,eeg_conformer,1,0.35055552675897078,0.64944447324102905,1,1,161,5
openbci,loso,6,stroop,stroop:s06:r3,eegnet,1,0.51223228733652082,0.48776771266347912,0,0,161,5
openbci,loso,6,stroop,stroop:s06:r3,equal_blend_050,1,0.35684702957196651,0.64315297042803343,1,1,161,5
openbci,loso,6,stroop,stroop:s06:r3,extra_trees,1,0.35432126101779282,0.64567873898220696,1,1,161,5
openbci,loso,6,stroop,stroop:s06:r3,fixed_blend_010,1,0.3940926672115091,0.60590733278849085,1,1,161,5
openbci,loso,6,stroop,stroop:s06:r3,fixed_blend_025,1,0.37750221953146551,0.62249778046853443,1,1,161,5
openbci,loso,6,stroop,stroop:s06:r3,rf,1,0.57837759489069096,0.42162240510930882,0,0,161,5
openbci,loso,6,stroop,stroop:s06:r3,riemann_mdm,1,0.1077342259317836,0.89226577406821639,1,1,161,5
openbci,loso,6,stroop,stroop:s06:r3,riemann_ts_logreg,1,0.50708721530171619,0.4929127846982837,0,0,161,5
openbci,loso,6,stroop,stroop:s06:r3,stack_recording,1,0.31862544503016121,0.68137455496983867,1,1,161,5
openbci,loso,7,arithmetic,arithmetic:s07:r0,always_fuse,0,0.6397307754767253,0.3602692245232747,0,1,169,5
openbci,loso,7,arithmetic,arithmetic:s07:r0,always_nn,0,0.99604037955994917,0.0039596204400508001,0,1,169,5
openbci,loso,7,arithmetic,arithmetic:s07:r0,cbsf,0,0.70692264200508004,0.29307735799491991,0,1,169,5
openbci,loso,7,arithmetic,arithmetic:s07:r0,dasf_clean,0,0.99604037955994917,0.0039596204400508001,0,1,169,5
openbci,loso,7,arithmetic,arithmetic:s07:r0,eeg_conformer,0,0.7435468729159076,0.2564531270840924,0,1,169,5
openbci,loso,7,arithmetic,arithmetic:s07:r0,eegnet,0,0.36266178082345302,0.63733821917654698,1,0,169,5
openbci,loso,7,arithmetic,arithmetic:s07:r0,equal_blend_050,0,0.79261306418532462,0.20738693581467521,0,1,169,5
openbci,loso,7,arithmetic,arithmetic:s07:r0,extra_trees,0,0.80188765621819225,0.1981123437818075,0,1,169,5
openbci,loso,7,arithmetic,arithmetic:s07:r0,fixed_blend_010,0,0.93359687228878119,0.066403127711218701,0,1,169,5
openbci,loso,7,arithmetic,arithmetic:s07:r0,fixed_blend_025,0,0.87600128915174258,0.1239987108482573,0,1,169,5
openbci,loso,7,arithmetic,arithmetic:s07:r0,rf,0,0.86039447496300847,0.13960552503699131,0,1,169,5
openbci,loso,7,arithmetic,arithmetic:s07:r0,riemann_mdm,0,0.57748504543867618,0.42251495456132382,0,1,169,5
openbci,loso,7,arithmetic,arithmetic:s07:r0,riemann_ts_logreg,0,0.72455684446398516,0.27544315553601489,0,1,169,5
openbci,loso,7,arithmetic,arithmetic:s07:r0,stack_recording,0,0.84644371189943435,0.1535562881005656,0,1,169,5
openbci,loso,7,arithmetic,arithmetic:s07:r1,always_fuse,0,0.4911395220611891,0.50886047793881084,1,0,36,5
openbci,loso,7,arithmetic,arithmetic:s07:r1,always_nn,0,0.92584682901791182,0.074153170982087999,0,1,36,5
openbci,loso,7,arithmetic,arithmetic:s07:r1,cbsf,0,0.58723218212438533,0.41276781787561462,0,1,36,5
openbci,loso,7,arithmetic,arithmetic:s07:r1,dasf_clean,0,0.92584682901791182,0.074153170982087999,0,1,36,5
openbci,loso,7,arithmetic,arithmetic:s07:r1,eeg_conformer,0,0.41691490197154601,0.58308509802845376,1,0,36,5
openbci,loso,7,arithmetic,arithmetic:s07:r1,eegnet,0,0.20519183178938741,0.79480816821061251,1,0,36,5
openbci,loso,7,arithmetic,arithmetic:s07:r1,equal_blend_050,0,0.70608555683915164,0.29391444316084842,0,1,36,5
openbci,loso,7,arithmetic,arithmetic:s07:r1,extra_trees,0,0.31349211218572592,0.68650788781427396,1,0,36,5
openbci,loso,7,arithmetic,arithmetic:s07:r1,fixed_blend_010,0,0.88003351485970482,0.1199664851402952,0,1,36,5
openbci,loso,7,arithmetic,arithmetic:s07:r1,fixed_blend_025,0,0.8141741203187981,0.18582587968120171,0,1,36,5
openbci,loso,7,arithmetic,arithmetic:s07:r1,rf,0,0.25824728764802451,0.74175271235197537,1,0,36,5
openbci,loso,7,arithmetic,arithmetic:s07:r1,riemann_mdm,0,0.77257938002286419,0.2274206199771357,0,1,36,5
openbci,loso,7,arithmetic,arithmetic:s07:r1,riemann_ts_logreg,0,0.9913302183497924,0.0086697816502075004,0,1,36,5
openbci,loso,7,arithmetic,arithmetic:s07:r1,stack_recording,0,0.62737158034564222,0.37262841965435772,0,1,36,5
openbci,loso,7,arithmetic,arithmetic:s07:r2,always_fuse,1,0.4648214461269915,0.5351785538730085,1,1,46,5
openbci,loso,7,arithmetic,arithmetic:s07:r2,always_nn,1,0.85129946266509393,0.1487005373349061,0,0,46,5
openbci,loso,7,arithmetic,arithmetic:s07:r2,cbsf,1,0.54744916747851036,0.45255083252148942,0,0,46,5
openbci,loso,7,arithmetic,arithmetic:s07:r2,dasf_clean,1,0.85129946266509393,0.1487005373349061,0,0,46,5
openbci,loso,7,arithmetic,arithmetic:s07:r2,eeg_conformer,1,0.37874914584129871,0.62125085415870107,1,1,46,5
openbci,loso,7,arithmetic,arithmetic:s07:r2,eegnet,1,0.21125838500426231,0.78874161499573747,1,1,46,5
openbci,loso,7,arithmetic,arithmetic:s07:r2,equal_blend_050,1,0.65055414813530232,0.34944585186469762,0,0,46,5
openbci,loso,7,arithmetic,arithmetic:s07:r2,extra_trees,1,0.26539559958106901,0.73460440041893094,1,1,46,5
openbci,loso,7,arithmetic,arithmetic:s07:r2,fixed_blend_010,1,0.80737645216453235,0.19262354783546751,0,0,46,5
openbci,loso,7,arithmetic,arithmetic:s07:r2,fixed_blend_025,1,0.74657429813193188,0.2534257018680679,0,0,46,5
openbci,loso,7,arithmetic,arithmetic:s07:r2,rf,1,0.203393841532826,0.79660615846717375,1,1,46,5
openbci,loso,7,arithmetic,arithmetic:s07:r2,riemann_mdm,1,0.68793512838901871,0.31206487161098129,0,0,46,5
openbci,loso,7,arithmetic,arithmetic:s07:r2,riemann_ts_logreg,1,0.98757668973993895,0.012423310260061,0,0,46,5
openbci,loso,7,arithmetic,arithmetic:s07:r2,stack_recording,1,0.55586971847591915,0.44413028152408068,0,0,46,5
openbci,loso,7,arithmetic,arithmetic:s07:r3,always_fuse,1,0.41084184652767353,0.58915815347232625,1,1,102,5
openbci,loso,7,arithmetic,arithmetic:s07:r3,always_nn,1,0.70765389634659492,0.29234610365340502,0,0,102,5
openbci,loso,7,arithmetic,arithmetic:s07:r3,cbsf,1,0.47010958477750597,0.52989041522249392,1,1,102,5
openbci,loso,7,arithmetic,arithmetic:s07:r3,dasf_clean,1,0.70765389634659492,0.29234610365340502,0,0,102,5
openbci,loso,7,arithmetic,arithmetic:s07:r3,eeg_conformer,1,0.28203747044598698,0.71796252955401274,1,1,102,5
openbci,loso,7,arithmetic,arithmetic:s07:r3,eegnet,1,0.19834392415649921,0.80165607584350063,1,1,102,5
openbci,loso,7,arithmetic,arithmetic:s07:r3,equal_blend_050,1,0.54563919993568955,0.4543608000643104,0,0,102,5
openbci,loso,7,arithmetic,arithmetic:s07:r3,extra_trees,1,0.1913422775964306,0.80865772240356926,1,1,102,5
openbci,loso,7,arithmetic,arithmetic:s07:r3,fixed_blend_010,1,0.66840863457031374,0.3315913654296862,0,0,102,5
openbci,loso,7,arithmetic,arithmetic:s07:r3,fixed_blend_025,1,0.61897760303142513,0.38102239696857482,0,0,102,5
openbci,loso,7,arithmetic,arithmetic:s07:r3,rf,1,0.14843383056863521,0.85156616943136476,1,1,102,5
openbci,loso,7,arithmetic,arithmetic:s07:r3,riemann_mdm,1,0.72217820788316034,0.27782179211683961,0,0,102,5
openbci,loso,7,arithmetic,arithmetic:s07:r3,riemann_ts_logreg,1,0.96868258297661081,0.0313174170233892,0,0,102,5
openbci,loso,7,arithmetic,arithmetic:s07:r3,stack_recording,1,0.4687334286869756,0.53126657131302435,1,1,102,5
openbci,loso,7,stroop,stroop:s07:r0,always_fuse,0,0.67860972603087144,0.3213902739691285,0,1,169,5
openbci,loso,7,stroop,stroop:s07:r0,always_nn,0,0.9976642336171444,0.0023357663828554001,0,1,169,5
openbci,loso,7,stroop,stroop:s07:r0,cbsf,0,0.73336109848756603,0.26663890151243391,0,1,169,5
openbci,loso,7,stroop,stroop:s07:r0,dasf_clean,0,0.9976642336171444,0.0023357663828554001,0,1,169,5
openbci,loso,7,stroop,stroop:s07:r0,eeg_conformer,0,0.73724484077978847,0.26275515922021142,0,1,169,5
openbci,loso,7,stroop,stroop:s07:r0,eegnet,0,0.55178317797294785,0.44821682202705221,0,1,169,5
openbci,loso,7,stroop,stroop:s07:r0,equal_blend_050,0,0.81777185491068527,0.18222814508931451,0,1,169,5
openbci,loso,7,stroop,stroop:s07:r0,extra_trees,0,0.84036646920123148,0.15963353079876841,0,1,169,5
openbci,loso,7,stroop,stroop:s07:r0,fixed_blend_010,0,0.94788148603041877,0.052118513969581302,0,1,169,5
openbci,loso,7,stroop,stroop:s07:r0,fixed_blend_025,0,0.8948747920427258,0.10512520795727411,0,1,169,5
openbci,loso,7,stroop,stroop:s07:r0,rf,0,0.81435976310434133,0.18564023689565851,0,1,169,5
openbci,loso,7,stroop,stroop:s07:r0,riemann_mdm,0,0.63225421831810558,0.36774578168189448,0,1,169,5
openbci,loso,7,stroop,stroop:s07:r0,riemann_ts_logreg,0,0.54006897740255844,0.45993102259744162,0,1,169,5
openbci,loso,7,stroop,stroop:s07:r0,stack_recording,0,0.77164300642341921,0.22835699357658071,0,1,169,5
openbci,loso,7,stroop,stroop:s07:r1,always_fuse,0,0.59617336086578077,0.40382663913421912,0,1,97,5
openbci,loso,7,stroop,stroop:s07:r1,always_nn,0,0.9985731207949714,0.0014268792050286,0,1,97,5
openbci,loso,7,stroop,stroop:s07:r1,cbsf,0,0.66834323025110864,0.3316567697488913,0,1,97,5
openbci,loso,7,stroop,stroop:s07:r1,dasf_clean,0,0.9985731207949714,0.0014268792050286,0,1,97,5
openbci,loso,7,stroop,stroop:s07:r1,eeg_conformer,0,0.49282079492741537,0.5071792050725844,1,0,97,5
openbci,loso,7,stroop,stroop:s07:r1,eegnet,0,0.3581493324203483,0.6418506675796517,1,0,97,5
openbci,loso,7,stroop,stroop:s07:r1,equal_blend_050,0,0.77904027723918357,0.22095972276081641,0,1,97,5
openbci,loso,7,stroop,stroop:s07:r1,extra_trees,0,0.66886961854113602,0.33113038145886392,0,1,97,5
openbci,loso,7,stroop,stroop:s07:r1,fixed_blend_010,0,0.94413950709727956,0.055860492902720001,0,1,97,5
openbci,loso,7,stroop,stroop:s07:r1,fixed_blend_025,0,0.87826461974510994,0.12173538025489,0,1,97,5
openbci,loso,7,stroop,stroop:s07:r1,rf,0,0.67808367915552681,0.32191632084447308,0,1,97,5
openbci,loso,7,stroop,stroop:s07:r1,riemann_mdm,0,0.47909141238831338,0.52090858761168657,1,0,97,5
openbci,loso,7,stroop,stroop:s07:r1,riemann_ts_logreg,0,0.83204187486221892,0.16795812513778111,0,1,97,5
openbci,loso,7,stroop,stroop:s07:r1,stack_recording,0,0.76555699404418931,0.23444300595581061,0,1,97,5
openbci,loso,7,stroop,stroop:s07:r2,always_fuse,1,0.57354511028658428,0.42645488971341561,0,0,96,5
openbci,loso,7,stroop,stroop:s07:r2,always_nn,1,0.99961647258156561,0.00038352741843440002,0,0,96,5
openbci,loso,7,stroop,stroop:s07:r2,cbsf,1,0.65803258877952775,0.34196741122047208,0,0,96,5
openbci,loso,7,stroop,stroop:s07:r2,dasf_clean,1,0.99961647258156561,0.00038352741843440002,0,0,96,5
openbci,loso,7,stroop,stroop:s07:r2,eeg_conformer,1,0.4549082336066515,0.54509176639334844,1,1,96,5
openbci,loso,7,stroop,stroop:s07:r2,eegnet,1,0.3628068769713631,0.63719312302863695,1,1,96,5
openbci,loso,7,stroop,stroop:s07:r2,equal_blend_050,1,0.78383579105529522,0.2161642089447047,0,0,96,5
openbci,loso,7,stroop,stroop:s07:r2,extra_trees,1,0.55226435654738015,0.44773564345261962,0,0,96,5
openbci,loso,7,stroop,stroop:s07:r2,fixed_blend_010,1,0.95497125508729319,0.045028744912706802,0,0,96,5
openbci,loso,7,stroop,stroop:s07:r2,fixed_blend_025,1,0.89017930369021425,0.1098206963097855,0,0,96,5
openbci,loso,7,stroop,stroop:s07:r2,rf,1,0.62730796152507007,0.37269203847492982,0,0,96,5
openbci,loso,7,stroop,stroop:s07:r2,riemann_mdm,1,0.60718222324621507,0.39281777675378488,0,0,96,5
openbci,loso,7,stroop,stroop:s07:r2,riemann_ts_logreg,1,0.93674525076151238,0.063254749238487701,0,0,96,5
openbci,loso,7,stroop,stroop:s07:r2,stack_recording,1,0.80784419692523646,0.1921558030747634,0,0,96,5
openbci,loso,7,stroop,stroop:s07:r3,always_fuse,1,0.57972129960494634,0.42027870039505361,0,0,179,5
openbci,loso,7,stroop,stroop:s07:r3,always_nn,1,0.99815191959392957,0.0018480804060702,0,0,179,5
openbci,loso,7,stroop,stroop:s07:r3,cbsf,1,0.64492925175167015,0.35507074824832968,0,0,179,5
openbci,loso,7,stroop,stroop:s07:r3,dasf_clean,1,0.99815191959392957,0.0018480804060702,0,0,179,5
openbci,loso,7,stroop,stroop:s07:r3,eeg_conformer,1,0.3464319047810912,0.6535680952189088,1,1,179,5
openbci,loso,7,stroop,stroop:s07:r3,eegnet,1,0.35350553231965592,0.64649446768034391,1,1,179,5
openbci,loso,7,stroop,stroop:s07:r3,equal_blend_050,1,0.74852001474258745,0.2514799852574125,0,0,179,5
openbci,loso,7,stroop,stroop:s07:r3,extra_trees,1,0.63547593699340632,0.36452406300659362,0,0,179,5
openbci,loso,7,stroop,stroop:s07:r3,fixed_blend_010,1,0.92326776259928078,0.0767322374007193,0,0,179,5
openbci,loso,7,stroop,stroop:s07:r3,fixed_blend_025,1,0.84879763154758803,0.151202368452412,0,0,179,5
openbci,loso,7,stroop,stroop:s07:r3,rf,1,0.66106178309454033,0.33893821690545972,0,0,179,5
openbci,loso,7,stroop,stroop:s07:r3,riemann_mdm,1,0.36442605587034882,0.63557394412965129,1,1,179,5
openbci,loso,7,stroop,stroop:s07:r3,riemann_ts_logreg,1,0.75308825574216753,0.2469117442578323,0,0,179,5
openbci,loso,7,stroop,stroop:s07:r3,stack_recording,1,0.75009158800264075,0.24990841199735911,0,0,179,5
openbci,loso,8,arithmetic,arithmetic:s08:r0,always_fuse,0,0.62990098451467202,0.37009901548532792,0,1,190,5
openbci,loso,8,arithmetic,arithmetic:s08:r0,always_nn,0,0.99026654784397317,0.0097334521560267003,0,1,190,5
openbci,loso,8,arithmetic,arithmetic:s08:r0,cbsf,0,0.86787933899547132,0.13212066100452871,0,1,190,5
openbci,loso,8,arithmetic,arithmetic:s08:r0,dasf_clean,0,0.99026654784397317,0.0097334521560267003,0,1,190,5
openbci,loso,8,arithmetic,arithmetic:s08:r0,eeg_conformer,0,0.3817275682538997,0.61827243174610025,1,0,190,5
openbci,loso,8,arithmetic,arithmetic:s08:r0,eegnet,0,0.37602530479093083,0.62397469520906912,1,0,190,5
openbci,loso,8,arithmetic,arithmetic:s08:r0,equal_blend_050,0,0.78165426400246318,0.21834573599753671,0,1,190,5
openbci,loso,8,arithmetic,arithmetic:s08:r0,extra_trees,0,0.61541571873721512,0.38458428126278482,0,1,190,5
openbci,loso,8,arithmetic,arithmetic:s08:r0,fixed_blend_010,0,0.92980552314963316,0.070194476850366602,0,1,190,5
openbci,loso,8,arithmetic,arithmetic:s08:r0,fixed_blend_025,0,0.86829698361645236,0.13170301638354751,0,1,190,5
openbci,loso,8,arithmetic,arithmetic:s08:r0,rf,0,0.58463785181535921,0.41536214818464068,0,1,190,5
openbci,loso,8,arithmetic,arithmetic:s08:r0,riemann_mdm,0,0.69022673570466153,0.30977326429533852,0,1,190,5
openbci,loso,8,arithmetic,arithmetic:s08:r0,riemann_ts_logreg,0,0.61018152228160505,0.38981847771839501,0,1,190,5
openbci,loso,8,arithmetic,arithmetic:s08:r0,stack_recording,0,0.8336525933050366,0.1663474066949634,0,1,190,5
openbci,loso,8,arithmetic,arithmetic:s08:r1,always_fuse,0,0.57888087903319596,0.42111912096680382,0,1,278,5
openbci,loso,8,arithmetic,arithmetic:s08:r1,always_nn,0,0.9846702675526624,0.015329732447337501,0,1,278,5
openbci,loso,8,arithmetic,arithmetic:s08:r1,cbsf,0,0.82697345924631482,0.1730265407536852,0,1,278,5
openbci,loso,8,arithmetic,arithmetic:s08:r1,dasf_clean,0,0.9846702675526624,0.015329732447337501,0,1,278,5
openbci,loso,8,arithmetic,arithmetic:s08:r1,eeg_conformer,0,0.31944403931500542,0.68055596068499447,1,0,278,5
openbci,loso,8,arithmetic,arithmetic:s08:r1,eegnet,0,0.34102988068230822,0.65897011931769167,1,0,278,5
openbci,loso,8,arithmetic,arithmetic:s08:r1,equal_blend_050,0,0.73497707199896101,0.26502292800103883,0,1,278,5
openbci,loso,8,arithmetic,arithmetic:s08:r1,extra_trees,0,0.54314314703766808,0.45685685296233158,0,1,278,5
openbci,loso,8,arithmetic,arithmetic:s08:r1,fixed_blend_010,0,0.897919529137436,0.102080470862564,0,1,278,5
openbci,loso,8,arithmetic,arithmetic:s08:r1,fixed_blend_025,0,0.82743266237928181,0.1725673376207181,0,1,278,5
openbci,loso,8,arithmetic,arithmetic:s08:r1,rf,0,0.62440590076963121,0.37559409923036868,0,1,278,5
openbci,loso,8,arithmetic,arithmetic:s08:r1,riemann_mdm,0,0.46843358449366079,0.53156641550633921,1,0,278,5
openbci,loso,8,arithmetic,arithmetic:s08:r1,riemann_ts_logreg,0,0.2098540143041871,0.79014598569581296,1,0,278,5
openbci,loso,8,arithmetic,arithmetic:s08:r1,stack_recording,0,0.80681238869954952,0.1931876113004504,0,1,278,5
openbci,loso,8,arithmetic,arithmetic:s08:r2,always_fuse,1,0.58086132334924556,0.41913867665075433,0,0,259,5
openbci,loso,8,arithmetic,arithmetic:s08:r2,always_nn,1,0.99110584574644445,0.0088941542535555008,0,0,259,5
openbci,loso,8,arithmetic,arithmetic:s08:r2,cbsf,1,0.8510209182947206,0.1489790817052794,0,0,259,5
openbci,loso,8,arithmetic,arithmetic:s08:r2,dasf_clean,1,0.99110584574644445,0.0088941542535555008,0,0,259,5
openbci,loso,8,arithmetic,arithmetic:s08:r2,eeg_conformer,1,0.29490767825784903,0.70509232174215086,1,1,259,5
openbci,loso,8,arithmetic,arithmetic:s08:r2,eegnet,1,0.33251133425012802,0.66748866574987187,1,1,259,5
openbci,loso,8,arithmetic,arithmetic:s08:r2,equal_blend_050,1,0.75332835983146074,0.24667164016853921,0,0,259,5
openbci,loso,8,arithmetic,arithmetic:s08:r2,extra_trees,1,0.53072157584100577,0.46927842415899412,0,0,259,5
openbci,loso,8,arithmetic,arithmetic:s08:r2,fixed_blend_010,1,0.92137870637306585,0.078621293626934,0,0,259,5
openbci,loso,8,arithmetic,arithmetic:s08:r2,fixed_blend_025,1,0.85149442952374188,0.14850557047625801,0,0,259,5
openbci,loso,8,arithmetic,arithmetic:s08:r2,rf,1,0.64048575184643308,0.35951424815356681,0,0,259,5
openbci,loso,8,arithmetic,arithmetic:s08:r2,riemann_mdm,1,0.59386290602527192,0.40613709397472808,0,0,259,5
openbci,loso,8,arithmetic,arithmetic:s08:r2,riemann_ts_logreg,1,0.22065502869340831,0.77934497130659164,1,1,259,5
openbci,loso,8,arithmetic,arithmetic:s08:r2,stack_recording,1,0.83797689174448542,0.16202310825551461,0,0,259,5
openbci,loso,8,arithmetic,arithmetic:s08:r3,always_fuse,1,0.50648509051344826,0.49351490948655152,0,0,311,5
openbci,loso,8,arithmetic,arithmetic:s08:r3,always_nn,1,0.90245919859236601,0.097540801407633798,0,0,311,5
openbci,loso,8,arithmetic,arithmetic:s08:r3,cbsf,1,0.69662128069437146,0.30337871930562837,0,0,311,5
openbci,loso,8,arithmetic,arithmetic:s08:r3,dasf_clean,1,0.90245919859236601,0.097540801407633798,0,0,311,5
openbci,loso,8,arithmetic,arithmetic:s08:r3,eeg_conformer,1,0.23958723025248441,0.76041276974751526,1,1,311,5
openbci,loso,8,arithmetic,arithmetic:s08:r3,eegnet,1,0.3330150862996889,0.66698491370031088,1,1,311,5
openbci,loso,8,arithmetic,arithmetic:s08:r3,equal_blend_050,1,0.61999008934205813,0.38000991065794182,0,0,311,5
openbci,loso,8,arithmetic,arithmetic:s08:r3,extra_trees,1,0.47225522996129171,0.52774477003870834,1,1,311,5
openbci,loso,8,arithmetic,arithmetic:s08:r3,fixed_blend_010,1,0.76754200717388932,0.2324579928261106,0,0,311,5
openbci,loso,8,arithmetic,arithmetic:s08:r3,fixed_blend_025,1,0.69703808703625214,0.3029619129637478,0,0,311,5
openbci,loso,8,arithmetic,arithmetic:s08:r3,rf,1,0.57239878542514333,0.42760121457485673,0,0,311,5
openbci,loso,8,arithmetic,arithmetic:s08:r3,riemann_mdm,1,0.44035432159417248,0.55964567840582746,1,1,311,5
openbci,loso,8,arithmetic,arithmetic:s08:r3,riemann_ts_logreg,1,0.19304532942963809,0.80695467057036185,1,1,311,5
openbci,loso,8,arithmetic,arithmetic:s08:r3,stack_recording,1,0.66206679476529118,0.33793320523470871,0,0,311,5
openbci,loso,8,stroop,stroop:s08:r0,always_fuse,0,0.58127064650397675,0.41872935349602303,0,1,190,5
openbci,loso,8,stroop,stroop:s08:r0,always_nn,0,0.98799105699557277,0.0120089430044271,0,1,190,5
openbci,loso,8,stroop,stroop:s08:r0,cbsf,0,0.75851543354995254,0.2414845664500474,0,1,190,5
openbci,loso,8,stroop,stroop:s08:r0,dasf_clean,0,0.98799105699557277,0.0120089430044271,0,1,190,5
openbci,loso,8,stroop,stroop:s08:r0,eeg_conformer,0,0.42098278358250352,0.57901721641749637,1,0,190,5
openbci,loso,8,stroop,stroop:s08:r0,eegnet,0,0.42540631094836451,0.57459368905163555,1,0,190,5
openbci,loso,8,stroop,stroop:s08:r0,equal_blend_050,0,0.76672808792116376,0.23327191207883591,0,1,190,5
openbci,loso,8,stroop,stroop:s08:r0,extra_trees,0,0.70842067326045854,0.2915793267395414,0,1,190,5
openbci,loso,8,stroop,stroop:s08:r0,fixed_blend_010,0,0.92964107908005322,0.070358920919946499,0,1,190,5
openbci,loso,8,stroop,stroop:s08:r0,fixed_blend_025,0,0.86489250892285741,0.13510749107714251,0,1,190,5
openbci,loso,8,stroop,stroop:s08:r0,rf,0,0.70360745829611815,0.2963925417038818,0,1,190,5
openbci,loso,8,stroop,stroop:s08:r0,riemann_mdm,0,0.50299852615360086,0.49700147384639909,0,1,190,5
openbci,loso,8,stroop,stroop:s08:r0,riemann_ts_logreg,0,0.62361840295440218,0.3763815970455977,0,1,190,5
openbci,loso,8,stroop,stroop:s08:r0,stack_recording,0,0.67514803332636963,0.32485196667363031,0,1,190,5
openbci,loso,8,stroop,stroop:s08:r1,always_fuse,0,0.52621243834256115,0.47378756165743868,0,1,162,5
openbci,loso,8,stroop,stroop:s08:r1,always_nn,0,0.96327834257306844,0.036721657426931301,0,1,162,5
openbci,loso,8,stroop,stroop:s08:r1,cbsf,0,0.70589658544195744,0.29410341455804251,0,1,162,5
openbci,loso,8,stroop,stroop:s08:r1,dasf_clean,0,0.96327834257306844,0.036721657426931301,0,1,162,5
openbci,loso,8,stroop,stroop:s08:r1,eeg_conformer,0,0.4975641746588681,0.50243582534113185,1,0,162,5
openbci,loso,8,stroop,stroop:s08:r1,eegnet,0,0.416626692453897,0.58337330754610295,1,0,162,5
openbci,loso,8,stroop,stroop:s08:r1,equal_blend_050,0,0.71448352043332508,0.28551647956667481,0,1,162,5
openbci,loso,8,stroop,stroop:s08:r1,extra_trees,0,0.62134818254442015,0.37865181745557991,0,1,162,5
openbci,loso,8,stroop,stroop:s08:r1,fixed_blend_010,0,0.89490143213083306,0.1050985678691667,0,1,162,5
openbci,loso,8,stroop,stroop:s08:r1,fixed_blend_025,0,0.82039235516391862,0.1796076448360813,0,1,162,5
openbci,loso,8,stroop,stroop:s08:r1,rf,0,0.7142779140138521,0.2857220859861479,0,1,162,5
openbci,loso,8,stroop,stroop:s08:r1,riemann_mdm,0,0.2632369542962294,0.7367630457037706,1,0,162,5
openbci,loso,8,stroop,stroop:s08:r1,riemann_ts_logreg,0,0.58761232093428861,0.41238767906571139,0,1,162,5
openbci,loso,8,stroop,stroop:s08:r1,stack_recording,0,0.60506316387577774,0.3949368361242222,0,1,162,5
openbci,loso,8,stroop,stroop:s08:r2,always_fuse,1,0.5181185126197082,0.4818814873802918,0,0,160,5
openbci,loso,8,stroop,stroop:s08:r2,always_nn,1,0.91862072209260359,0.0813792779073962,0,0,160,5
openbci,loso,8,stroop,stroop:s08:r2,cbsf,1,0.64261540498290615,0.35738459501709391,0,0,160,5
openbci,loso,8,stroop,stroop:s08:r2,dasf_clean,1,0.91862072209260359,0.0813792779073962,0,0,160,5
openbci,loso,8,stroop,stroop:s08:r2,eeg_conformer,1,0.41277246392798622,0.58722753607201372,1,1,160,5
openbci,loso,8,stroop,stroop:s08:r2,eegnet,1,0.40551137133352932,0.59448862866647056,1,1,160,5
openbci,loso,8,stroop,stroop:s08:r2,equal_blend_050,1,0.64905793646144094,0.35094206353855878,0,0,160,5
openbci,loso,8,stroop,stroop:s08:r2,extra_trees,1,0.63099192585960895,0.36900807414039111,0,0,160,5
openbci,loso,8,stroop,stroop:s08:r2,fixed_blend_010,1,0.81133957053790706,0.1886604294620928,0,0,160,5
openbci,loso,8,stroop,stroop:s08:r2,fixed_blend_025,1,0.73597841091403027,0.26402158908596962,0,0,160,5
openbci,loso,8,stroop,stroop:s08:r2,rf,1,0.69821109458574493,0.30178890541425513,0,0,160,5
openbci,loso,8,stroop,stroop:s08:r2,riemann_mdm,1,0.28010146336498731,0.71989853663501258,1,1,160,5
openbci,loso,8,stroop,stroop:s08:r2,riemann_ts_logreg,1,0.61426053666481228,0.38573946333518772,0,0,160,5
openbci,loso,8,stroop,stroop:s08:r2,stack_recording,1,0.55431621548609178,0.44568378451390811,0,0,160,5
openbci,loso,8,stroop,stroop:s08:r3,always_fuse,1,0.52118814558493853,0.47881185441506141,0,0,234,5
openbci,loso,8,stroop,stroop:s08:r3,always_nn,1,0.93192256442763743,0.068077435572362399,0,0,234,5
openbci,loso,8,stroop,stroop:s08:r3,cbsf,1,0.66998069740717281,0.33001930259282708,0,0,234,5
openbci,loso,8,stroop,stroop:s08:r3,dasf_clean,1,0.93192256442763743,0.068077435572362399,0,0,234,5
openbci,loso,8,stroop,stroop:s08:r3,eeg_conformer,1,0.24591269245248701,0.75408730754751285,1,1,234,5
openbci,loso,8,stroop,stroop:s08:r3,eegnet,1,0.39091424051682222,0.60908575948317778,1,1,234,5
openbci,loso,8,stroop,stroop:s08:r3,equal_blend_050,1,0.67739326685144452,0.32260673314855542,0,0,234,5
openbci,loso,8,stroop,stroop:s08:r3,extra_trees,1,0.63128584161158852,0.36871415838841148,0,0,234,5
openbci,loso,8,stroop,stroop:s08:r3,fixed_blend_010,1,0.84849461255566172,0.15150538744433831,0,0,234,5
openbci,loso,8,stroop,stroop:s08:r3,fixed_blend_025,1,0.77319651726581162,0.22680348273418821,0,0,234,5
openbci,loso,8,stroop,stroop:s08:r3,rf,1,0.63715454216232648,0.36284545783767341,0,0,234,5
openbci,loso,8,stroop,stroop:s08:r3,riemann_mdm,1,0.2664421052460324,0.73355789475396749,1,1,234,5
openbci,loso,8,stroop,stroop:s08:r3,riemann_ts_logreg,1,0.4019317964862591,0.5980682035137409,1,1,234,5
openbci,loso,8,stroop,stroop:s08:r3,stack_recording,1,0.56621271484147984,0.43378728515852011,0,0,234,5
openbci,loso,9,arithmetic,arithmetic:s09:r0,always_fuse,0,0.74150287341335785,0.2584971265866422,0,1,410,5
openbci,loso,9,arithmetic,arithmetic:s09:r0,always_nn,0,0.99908063509300238,0.00091936490699749999,0,1,410,5
openbci,loso,9,arithmetic,arithmetic:s09:r0,cbsf,0,0.82487523692404263,0.1751247630759574,0,1,410,5
openbci,loso,9,arithmetic,arithmetic:s09:r0,dasf_clean,0,0.99908063509300238,0.00091936490699749999,0,1,410,5
openbci,loso,9,arithmetic,arithmetic:s09:r0,eeg_conformer,0,0.93204912987347399,0.0679508701265258,0,1,410,5
openbci,loso,9,arithmetic,arithmetic:s09:r0,eegnet,0,0.56479449250563485,0.43520550749436487,0,1,410,5
openbci,loso,9,arithmetic,arithmetic:s09:r0,equal_blend_050,0,0.82911495250030631,0.1708850474996936,0,1,410,5
openbci,loso,9,arithmetic,arithmetic:s09:r0,extra_trees,0,0.96305628457960202,0.036943715420397802,0,1,410,5
openbci,loso,9,arithmetic,arithmetic:s09:r0,fixed_blend_010,0,0.9366321744219902,0.063367825578009601,0,1,410,5
openbci,loso,9,arithmetic,arithmetic:s09:r0,fixed_blend_025,0,0.88791183504043425,0.1120881649595656,0,1,410,5
openbci,loso,9,arithmetic,arithmetic:s09:r0,rf,0,0.99949924083605957,0.00050075916394010003,0,1,410,5
openbci,loso,9,arithmetic,arithmetic:s09:r0,riemann_mdm,0,0.93053424026965759,0.069465759730342205,0,1,410,5
openbci,loso,9,arithmetic,arithmetic:s09:r0,riemann_ts_logreg,0,0.67719175410035737,0.32280824589964269,0,1,410,5
openbci,loso,9,arithmetic,arithmetic:s09:r0,stack_recording,0,0.91537628636374679,0.084623713636253303,0,1,410,5
openbci,loso,9,arithmetic,arithmetic:s09:r1,always_fuse,0,0.48411087617588838,0.51588912382411145,1,0,121,5
openbci,loso,9,arithmetic,arithmetic:s09:r1,always_nn,0,0.78292991060393602,0.21707008939606401,0,1,121,5
openbci,loso,9,arithmetic,arithmetic:s09:r1,cbsf,0,0.58676781398214795,0.41323218601785172,0,1,121,5
openbci,loso,9,arithmetic,arithmetic:s09:r1,dasf_clean,0,0.78292991060393602,0.21707008939606401,0,1,121,5
openbci,loso,9,arithmetic,arithmetic:s09:r1,eeg_conformer,0,0.48421240733127391,0.51578759266872598,1,0,121,5
openbci,loso,9,arithmetic,arithmetic:s09:r1,eegnet,0,0.35287085067676771,0.64712914932323207,1,0,121,5
openbci,loso,9,arithmetic,arithmetic:s09:r1,equal_blend_050,0,0.59157171680770315,0.40842828319229668,0,1,121,5
openbci,loso,9,arithmetic,arithmetic:s09:r1,extra_trees,0,0.48844268198066521,0.51155731801933457,1,0,121,5
openbci,loso,9,arithmetic,arithmetic:s09:r1,fixed_blend_010,0,0.70282661656953815,0.29717338343046162,0,1,121,5
openbci,loso,9,arithmetic,arithmetic:s09:r1,fixed_blend_025,0,0.65455743802014132,0.34544256197985862,0,1,121,5
openbci,loso,9,arithmetic,arithmetic:s09:r1,rf,0,0.45971048007137411,0.54028951992862595,1,0,121,5
openbci,loso,9,arithmetic,arithmetic:s09:r1,riemann_mdm,0,0.69834193038853798,0.30165806961146202,0,1,121,5
openbci,loso,9,arithmetic,arithmetic:s09:r1,riemann_ts_logreg,0,0.59833366348675243,0.40166633651324762,0,1,121,5
openbci,loso,9,arithmetic,arithmetic:s09:r1,stack_recording,0,0.51254016039657191,0.48745983960342798,0,1,121,5
openbci,loso,9,arithmetic,arithmetic:s09:r2,always_fuse,1,0.47062087304844641,0.52937912695155354,1,1,122,5
openbci,loso,9,arithmetic,arithmetic:s09:r2,always_nn,1,0.6822669605033187,0.3177330394966813,0,0,122,5
openbci,loso,9,arithmetic,arithmetic:s09:r2,cbsf,1,0.5660147896187202,0.4339852103812798,0,0,122,5
openbci,loso,9,arithmetic,arithmetic:s09:r2,dasf_clean,1,0.6822669605033187,0.3177330394966813,0,0,122,5
openbci,loso,9,arithmetic,arithmetic:s09:r2,eeg_conformer,1,0.38298496070468202,0.61701503929531765,1,1,122,5
openbci,loso,9,arithmetic,arithmetic:s09:r2,eegnet,1,0.30359531776758941,0.69640468223241048,1,1,122,5
openbci,loso,9,arithmetic,arithmetic:s09:r2,equal_blend_050,1,0.57028811601345364,0.42971188398654642,0,0,122,5
openbci,loso,9,arithmetic,arithmetic:s09:r2,extra_trees,1,0.49364322430061808,0.50635677569938164,1,1,122,5
openbci,loso,9,arithmetic,arithmetic:s09:r2,fixed_blend_010,1,0.65756658407958368,0.34243341592041621,0,0,122,5
openbci,loso,9,arithmetic,arithmetic:s09:r2,fixed_blend_025,1,0.62334397067089675,0.37665602932910303,0,0,122,5
openbci,loso,9,arithmetic,arithmetic:s09:r2,rf,1,0.47975737991528472,0.52024262008471511,1,1,122,5
openbci,loso,9,arithmetic,arithmetic:s09:r2,riemann_mdm,1,0.62656786684833854,0.37343213315166152,0,0,122,5
openbci,loso,9,arithmetic,arithmetic:s09:r2,riemann_ts_logreg,1,0.64191908299434919,0.35808091700565081,0,0,122,5
openbci,loso,9,arithmetic,arithmetic:s09:r2,stack_recording,1,0.45878494014981291,0.54121505985018703,1,1,122,5
openbci,loso,9,arithmetic,arithmetic:s09:r3,always_fuse,1,0.56907453912775607,0.43092546087224382,0,0,426,5
openbci,loso,9,arithmetic,arithmetic:s09:r3,always_nn,1,0.95427348780533605,0.045726512194663803,0,0,426,5
openbci,loso,9,arithmetic,arithmetic:s09:r3,cbsf,1,0.677672342051857,0.322327657948143,0,0,426,5
openbci,loso,9,arithmetic,arithmetic:s09:r3,dasf_clean,1,0.95427348780533605,0.045726512194663803,0,0,426,5
openbci,loso,9,arithmetic,arithmetic:s09:r3,eeg_conformer,1,0.42170602457942252,0.57829397542057726,1,1,426,5
openbci,loso,9,arithmetic,arithmetic:s09:r3,eegnet,1,0.3500610909686464,0.64993890903135354,1,1,426,5
openbci,loso,9,arithmetic,arithmetic:s09:r3,equal_blend_050,1,0.68305037278769565,0.3169496272123043,0,0,426,5
openbci,loso,9,arithmetic,arithmetic:s09:r3,extra_trees,1,0.68910803358304851,0.31089196641695133,0,0,426,5
openbci,loso,9,arithmetic,arithmetic:s09:r3,fixed_blend_010,1,0.82308835184624085,0.17691164815375901,0,0,426,5
openbci,loso,9,arithmetic,arithmetic:s09:r3,fixed_blend_025,1,0.75773846973828463,0.2422615302617154,0,0,426,5
openbci,loso,9,arithmetic,arithmetic:s09:r3,rf,1,0.87387888301737104,0.1261211169826289,0,0,426,5
openbci,loso,9,arithmetic,arithmetic:s09:r3,riemann_mdm,1,0.67597637074611638,0.32402362925388351,0,0,426,5
openbci,loso,9,arithmetic,arithmetic:s09:r3,riemann_ts_logreg,1,0.60798659178642822,0.39201340821357178,0,0,426,5
openbci,loso,9,arithmetic,arithmetic:s09:r3,stack_recording,1,0.6829097827381001,0.3170902172618999,0,0,426,5
openbci,loso,9,stroop,stroop:s09:r0,always_fuse,0,0.66335633543370542,0.33664366456629452,0,1,410,5
openbci,loso,9,stroop,stroop:s09:r0,always_nn,0,0.99224045688446005,0.0077595431155399004,0,1,410,5
openbci,loso,9,stroop,stroop:s09:r0,cbsf,0,0.92069189348540681,0.079308106514593205,0,1,410,5
openbci,loso,9,stroop,stroop:s09:r0,dasf_clean,0,0.99224045688446005,0.0077595431155399004,0,1,410,5
openbci,loso,9,stroop,stroop:s09:r0,eeg_conformer,0,0.90254104363651155,0.097458956363488197,0,1,410,5
openbci,loso,9,stroop,stroop:s09:r0,eegnet,0,0.78027019907303075,0.219729800926969,0,1,410,5
openbci,loso,9,stroop,stroop:s09:r0,equal_blend_050,0,0.76747092233535885,0.23252907766464101,0,1,410,5
openbci,loso,9,stroop,stroop:s09:r0,extra_trees,0,0.91400027041461918,0.085999729585380699,0,1,410,5
openbci,loso,9,stroop,stroop:s09:r0,fixed_blend_010,0,0.90063699901073402,0.099363000989265801,0,1,410,5
openbci,loso,9,stroop,stroop:s09:r0,fixed_blend_025,0,0.83869131681186015,0.16130868318813971,0,1,410,5
openbci,loso,9,stroop,stroop:s09:r0,rf,0,0.90210014709047781,0.097899852909521898,0,1,410,5
openbci,loso,9,stroop,stroop:s09:r0,riemann_mdm,0,0.80589478778358292,0.19410521221641699,0,1,410,5
openbci,loso,9,stroop,stroop:s09:r0,riemann_ts_logreg,0,0.84452794886072824,0.15547205113927171,0,1,410,5
openbci,loso,9,stroop,stroop:s09:r0,stack_recording,0,0.67757915329097562,0.32242084670902432,0,1,410,5
openbci,loso,9,stroop,stroop:s09:r1,always_fuse,0,0.46878581319758228,0.53121418680241772,1,0,160,5
openbci,loso,9,stroop,stroop:s09:r1,always_nn,0,0.20648124909254051,0.79351875090745916,1,0,160,5
openbci,loso,9,stroop,stroop:s09:r1,cbsf,0,0.22905231639653681,0.77094768360346311,1,0,160,5
openbci,loso,9,stroop,stroop:s09:r1,dasf_clean,0,0.20648124909254051,0.79351875090745916,1,0,160,5
openbci,loso,9,stroop,stroop:s09:r1,eeg_conformer,0,0.46469466777691532,0.53530533222308452,1,0,160,5
openbci,loso,9,stroop,stroop:s09:r1,eegnet,0,0.53506617680051693,0.46493382319948312,0,1,160,5
openbci,loso,9,stroop,stroop:s09:r1,equal_blend_050,0,0.36598063746041731,0.63401936253958247,1,0,160,5
openbci,loso,9,stroop,stroop:s09:r1,extra_trees,0,0.60071548945171704,0.3992845105482829,0,1,160,5
openbci,loso,9,stroop,stroop:s09:r1,fixed_blend_010,0,0.24513840742063661,0.75486159257936325,1,0,160,5
openbci,loso,9,stroop,stroop:s09:r1,fixed_blend_025,0,0.29950792390394498,0.70049207609605491,1,0,160,5
openbci,loso,9,stroop,stroop:s09:r1,rf,0,0.52041696823119821,0.4795830317688019,0,1,160,5
openbci,loso,9,stroop,stroop:s09:r1,riemann_mdm,0,0.54074897523974164,0.45925102476025842,0,1,160,5
openbci,loso,9,stroop,stroop:s09:r1,riemann_ts_logreg,0,0.60247303140930153,0.39752696859069842,0,1,160,5
openbci,loso,9,stroop,stroop:s09:r1,stack_recording,0,0.3555127477961379,0.64448725220386205,1,0,160,5
openbci,loso,9,stroop,stroop:s09:r2,always_fuse,1,0.41244399525728892,0.58755600474271108,1,1,110,5
openbci,loso,9,stroop,stroop:s09:r2,always_nn,1,0.059441037434948503,0.94055896256505145,1,1,110,5
openbci,loso,9,stroop,stroop:s09:r2,cbsf,1,0.094701182361719899,0.90529881763828002,1,1,110,5
openbci,loso,9,stroop,stroop:s09:r2,dasf_clean,1,0.059441037434948503,0.94055896256505145,1,1,110,5
openbci,loso,9,stroop,stroop:s09:r2,eeg_conformer,1,0.3298510185849462,0.67014898141505375,1,1,110,5
openbci,loso,9,stroop,stroop:s09:r2,eegnet,1,0.45220829840719567,0.5477917015928041,1,1,110,5
openbci,loso,9,stroop,stroop:s09:r2,equal_blend_050,1,0.25373587392110508,0.74626412607889481,1,1,110,5
openbci,loso,9,stroop,stroop:s09:r2,extra_trees,1,0.48175999259413083,0.51824000740586906,1,1,110,5
openbci,loso,9,stroop,stroop:s09:r2,fixed_blend_010,1,0.1101390750580806,0.88986092494191926,1,1,110,5
openbci,loso,9,stroop,stroop:s09:r2,fixed_blend_025,1,0.16811346116019291,0.8318865388398069,1,1,110,5
openbci,loso,9,stroop,stroop:s09:r2,rf,1,0.401117484433063,0.59888251556693683,1,1,110,5
openbci,loso,9,stroop,stroop:s09:r2,riemann_mdm,1,0.4393459211196194,0.56065407888038055,1,1,110,5
openbci,loso,9,stroop,stroop:s09:r2,riemann_ts_logreg,1,0.54758701450610936,0.45241298549389058,0,0,110,5
openbci,loso,9,stroop,stroop:s09:r2,stack_recording,1,0.28438149069614188,0.71561850930385795,1,1,110,5
openbci,loso,9,stroop,stroop:s09:r3,always_fuse,1,0.42668144796658031,0.57331855203341964,1,1,193,5
openbci,loso,9,stroop,stroop:s09:r3,always_nn,1,0.17575511279312281,0.82424488720687705,1,1,193,5
openbci,loso,9,stroop,stroop:s09:r3,cbsf,1,0.20575331227986771,0.79424668772013196,1,1,193,5
openbci,loso,9,stroop,stroop:s09:r3,dasf_clean,1,0.17575511279312281,0.82424488720687705,1,1,193,5
openbci,loso,9,stroop,stroop:s09:r3,eeg_conformer,1,0.45831210567531022,0.54168789432468967,1,1,193,5
openbci,loso,9,stroop,stroop:s09:r3,eegnet,1,0.4947383507726531,0.50526164922734695,1,1,193,5
openbci,loso,9,stroop,stroop:s09:r3,equal_blend_050,1,0.3267843278609921,0.6732156721390079,1,1,193,5
openbci,loso,9,stroop,stroop:s09:r3,extra_trees,1,0.4710377073982992,0.5289622926017008,1,1,193,5
openbci,loso,9,stroop,stroop:s09:r3,fixed_blend_010,1,0.21898252789994771,0.78101747210005212,1,1,193,5
openbci,loso,9,stroop,stroop:s09:r3,fixed_blend_025,1,0.26559862824419622,0.73440137175580367,1,1,193,5
openbci,loso,9,stroop,stroop:s09:r3,rf,1,0.41785840416191727,0.58214159583808245,1,1,193,5
openbci,loso,9,stroop,stroop:s09:r3,riemann_mdm,1,0.50686926076239736,0.49313073923760259,0,0,193,5
openbci,loso,9,stroop,stroop:s09:r3,riemann_ts_logreg,1,0.56073510924153369,0.43926489075846631,0,0,193,5
openbci,loso,9,stroop,stroop:s09:r3,stack_recording,1,0.32971519866334748,0.67028480133665225,1,1,193,5
openbci,loso,10,arithmetic,arithmetic:s10:r0,always_fuse,0,0.60647957447630074,0.39352042552369931,0,1,185,5
openbci,loso,10,arithmetic,arithmetic:s10:r0,always_nn,0,0.96732370611460439,0.032676293885395502,0,1,185,5
openbci,loso,10,arithmetic,arithmetic:s10:r0,cbsf,0,0.69504626453239016,0.30495373546760962,0,1,185,5
openbci,loso,10,arithmetic,arithmetic:s10:r0,dasf_clean,0,0.96732370611460439,0.032676293885395502,0,1,185,5
openbci,loso,10,arithmetic,arithmetic:s10:r0,eeg_conformer,0,0.54065082773797413,0.45934917226202582,0,1,185,5
openbci,loso,10,arithmetic,arithmetic:s10:r0,eegnet,0,0.26427840724682811,0.73572159275317195,1,0,185,5
openbci,loso,10,arithmetic,arithmetic:s10:r0,equal_blend_050,0,0.74415895812808863,0.25584104187191131,0,1,185,5
openbci,loso,10,arithmetic,arithmetic:s10:r0,extra_trees,0,0.61390755830266852,0.38609244169733142,0,1,185,5
openbci,loso,10,arithmetic,arithmetic:s10:r0,fixed_blend_010,0,0.89157218060021382,0.1084278193997862,0,1,185,5
openbci,loso,10,arithmetic,arithmetic:s10:r0,fixed_blend_025,0,0.82740088393767175,0.17259911606232811,0,1,185,5
openbci,loso,10,arithmetic,arithmetic:s10:r0,rf,0,0.52714386693434967,0.47285613306565022,0,1,185,5
openbci,loso,10,arithmetic,arithmetic:s10:r0,riemann_mdm,0,0.50754567391659355,0.49245432608340639,0,1,185,5
openbci,loso,10,arithmetic,arithmetic:s10:r0,riemann_ts_logreg,0,0.40940310974434491,0.59059689025565498,1,0,185,5
openbci,loso,10,arithmetic,arithmetic:s10:r0,stack_recording,0,0.70313856372585681,0.29686143627414308,0,1,185,5
openbci,loso,10,arithmetic,arithmetic:s10:r1,always_fuse,0,0.4622192748503301,0.53778072514966968,1,0,96,5
openbci,loso,10,arithmetic,arithmetic:s10:r1,always_nn,0,0.51168004548067181,0.48831995451932808,0,1,96,5
openbci,loso,10,arithmetic,arithmetic:s10:r1,cbsf,0,0.47524913123806911,0.52475086876193067,1,0,96,5
openbci,loso,10,arithmetic,arithmetic:s10:r1,dasf_clean,0,0.51168004548067181,0.48831995451932808,0,1,96,5
openbci,loso,10,arithmetic,arithmetic:s10:r1,eeg_conformer,0,0.41226864803068952,0.58773135196931037,1,0,96,5
openbci,loso,10,arithmetic,arithmetic:s10:r1,eegnet,0,0.22821985294505381,0.77178014705494613,1,0,96,5
openbci,loso,10,arithmetic,arithmetic:s10:r1,equal_blend_050,0,0.48190736720352051,0.51809263279647955,1,0,96,5
openbci,loso,10,arithmetic,arithmetic:s10:r1,extra_trees,0,0.49972511901458022,0.50027488098541983,1,0,96,5
openbci,loso,10,arithmetic,arithmetic:s10:r1,fixed_blend_010,0,0.50215572529093266,0.49784427470906722,0,1,96,5
openbci,loso,10,arithmetic,arithmetic:s10:r1,fixed_blend_025,0,0.49298066155636172,0.50701933844363822,1,0,96,5
openbci,loso,10,arithmetic,arithmetic:s10:r1,rf,0,0.54879139564505452,0.45120860435494542,0,1,96,5
openbci,loso,10,arithmetic,arithmetic:s10:r1,riemann_mdm,0,0.57806454921870432,0.42193545078129568,0,1,96,5
openbci,loso,10,arithmetic,arithmetic:s10:r1,riemann_ts_logreg,0,0.35216336665242459,0.64783663334757535,1,0,96,5
openbci,loso,10,arithmetic,arithmetic:s10:r1,stack_recording,0,0.42314329116714128,0.57685670883285844,1,0,96,5
openbci,loso,10,arithmetic,arithmetic:s10:r2,always_fuse,1,0.47935032414671852,0.52064967585328126,1,1,112,5
openbci,loso,10,arithmetic,arithmetic:s10:r2,always_nn,1,0.57878030511579515,0.42121969488420458,0,0,112,5
openbci,loso,10,arithmetic,arithmetic:s10:r2,cbsf,1,0.49822470432077232,0.50177529567922774,1,1,112,5
openbci,loso,10,arithmetic,arithmetic:s10:r2,dasf_clean,1,0.57878030511579515,0.42121969488420458,0,0,112,5
openbci,loso,10,arithmetic,arithmetic:s10:r2,eeg_conformer,1,0.45029626007939,0.54970373992060995,1,1,112,5
openbci,loso,10,arithmetic,arithmetic:s10:r2,eegnet,1,0.226558461868691,0.77344153813130878,1,1,112,5
openbci,loso,10,arithmetic,arithmetic:s10:r2,equal_blend_050,1,0.50933491467746772,0.49066508532253222,0,0,112,5
openbci,loso,10,arithmetic,arithmetic:s10:r2,extra_trees,1,0.50268139037244552,0.49731860962755442,0,0,112,5
openbci,loso,10,arithmetic,arithmetic:s10:r2,fixed_blend_010,1,0.55148193698694203,0.44851806301305791,0,0,112,5
openbci,loso,10,arithmetic,arithmetic:s10:r2,fixed_blend_025,1,0.53082453373241167,0.4691754662675881,0,0,112,5
openbci,loso,10,arithmetic,arithmetic:s10:r2,rf,1,0.51701922625512364,0.4829807737448763,0,0,112,5
openbci,loso,10,arithmetic,arithmetic:s10:r2,riemann_mdm,1,0.56873764978038277,0.43126235021961729,0,0,112,5
openbci,loso,10,arithmetic,arithmetic:s10:r2,riemann_ts_logreg,1,0.30006125546290469,0.69993874453709526,1,1,112,5
openbci,loso,10,arithmetic,arithmetic:s10:r2,stack_recording,1,0.44754696094406682,0.55245303905593313,1,1,112,5
openbci,loso,10,arithmetic,arithmetic:s10:r3,always_fuse,1,0.48577638798502781,0.51422361201497213,1,1,145,5
openbci,loso,10,arithmetic,arithmetic:s10:r3,always_nn,1,0.63412976613498817,0.36587023386501161,0,0,145,5
openbci,loso,10,arithmetic,arithmetic:s10:r3,cbsf,1,0.50870265857364705,0.49129734142635267,0,0,145,5
openbci,loso,10,arithmetic,arithmetic:s10:r3,dasf_clean,1,0.63412976613498817,0.36587023386501161,0,0,145,5
openbci,loso,10,arithmetic,arithmetic:s10:r3,eeg_conformer,1,0.43245293618729591,0.56754706381270403,1,1,145,5
openbci,loso,10,arithmetic,arithmetic:s10:r3,eegnet,1,0.22610749143265471,0.77389250856734515,1,1,145,5
openbci,loso,10,arithmetic,arithmetic:s10:r3,equal_blend_050,1,0.52225265918514852,0.47774734081485132,0,0,145,5
openbci,loso,10,arithmetic,arithmetic:s10:r3,extra_trees,1,0.48099907593872893,0.51900092406127085,1,1,145,5
openbci,loso,10,arithmetic,arithmetic:s10:r3,fixed_blend_010,1,0.57807596587977716,0.42192403412022261,0,0,145,5
openbci,loso,10,arithmetic,arithmetic:s10:r3,fixed_blend_025,1,0.54923359576025754,0.45076640423974251,0,0,145,5
openbci,loso,10,arithmetic,arithmetic:s10:r3,rf,1,0.47087886956678682,0.52912113043321307,1,1,145,5
openbci,loso,10,arithmetic,arithmetic:s10:r3,riemann_mdm,1,0.48895862620346231,0.51104137379653769,1,1,145,5
openbci,loso,10,arithmetic,arithmetic:s10:r3,riemann_ts_logreg,1,0.31652645855642481,0.68347354144357519,1,1,145,5
openbci,loso,10,arithmetic,arithmetic:s10:r3,stack_recording,1,0.46703726398891532,0.53296273601108446,1,1,145,5
openbci,loso,10,stroop,stroop:s10:r0,always_fuse,0,0.66397579045449995,0.33602420954550011,0,1,185,5
openbci,loso,10,stroop,stroop:s10:r0,always_nn,0,0.99717386636368821,0.0028261336363117001,0,1,185,5
openbci,loso,10,stroop,stroop:s10:r0,cbsf,0,0.97338000385769363,0.0266199961423065,0,1,185,5
openbci,loso,10,stroop,stroop:s10:r0,dasf_clean,0,0.99717386636368821,0.0028261336363117001,0,1,185,5
openbci,loso,10,stroop,stroop:s10:r0,eeg_conformer,0,0.50895921657234855,0.49104078342765117,0,1,185,5
openbci,loso,10,stroop,stroop:s10:r0,eegnet,0,0.56400695394492717,0.43599304605507272,0,1,185,5
openbci,loso,10,stroop,stroop:s10:r0,equal_blend_050,0,0.82223469295482576,0.1777653070451739,0,1,185,5
openbci,loso,10,stroop,stroop:s10:r0,extra_trees,0,0.83160234955238377,0.16839765044761601,0,1,185,5
openbci,loso,10,stroop,stroop:s10:r0,fixed_blend_010,0,0.95433059525948039,0.0456694047405194,0,1,185,5
openbci,loso,10,stroop,stroop:s10:r0,fixed_blend_025,0,0.90284235581658123,0.097157644183418601,0,1,185,5
openbci,loso,10,stroop,stroop:s10:r0,rf,0,0.81077683427662162,0.1892231657233783,0,1,185,5
openbci,loso,10,stroop,stroop:s10:r0,riemann_mdm,0,0.39968173467071272,0.60031826532928734,1,0,185,5
openbci,loso,10,stroop,stroop:s10:r0,riemann_ts_logreg,0,0.44081238726189431,0.5591876127381058,1,0,185,5
openbci,loso,10,stroop,stroop:s10:r0,stack_recording,0,0.70817680666153826,0.29182319333846157,0,1,185,5
openbci,loso,10,stroop,stroop:s10:r1,always_fuse,0,0.50898501529187945,0.49101498470812038,0,1,118,5
openbci,loso,10,stroop,stroop:s10:r1,always_nn,0,0.92511970018798362,0.074880299812016396,0,1,118,5
openbci,loso,10,stroop,stroop:s10:r1,cbsf,0,0.87127255297995587,0.12872744702004391,0,1,118,5
openbci,loso,10,stroop,stroop:s10:r1,dasf_clean,0,0.92511970018798362,0.074880299812016396,0,1,118,5
openbci,loso,10,stroop,stroop:s10:r1,eeg_conformer,0,0.39909808998724411,0.60090191001275572,1,0,118,5
openbci,loso,10,stroop,stroop:s10:r1,eegnet,0,0.46694017036062768,0.53305982963937215,1,0,118,5
openbci,loso,10,stroop,stroop:s10:r1,equal_blend_050,0,0.66943086451452771,0.33056913548547212,0,1,118,5
openbci,loso,10,stroop,stroop:s10:r1,extra_trees,0,0.67903754815200956,0.32096245184799033,0,1,118,5
openbci,loso,10,stroop,stroop:s10:r1,fixed_blend_010,0,0.83866010427829785,0.1613398957217019,0,1,118,5
openbci,loso,10,stroop,stroop:s10:r1,fixed_blend_025,0,0.76508133149929614,0.23491866850070381,0,1,118,5
openbci,loso,10,stroop,stroop:s10:r1,rf,0,0.72475250113723055,0.27524749886276922,0,1,118,5
openbci,loso,10,stroop,stroop:s10:r1,riemann_mdm,0,0.41729636826051081,0.58270363173948914,1,0,118,5
openbci,loso,10,stroop,stroop:s10:r1,riemann_ts_logreg,0,0.42930125066642011,0.57069874933357989,1,0,118,5
openbci,loso,10,stroop,stroop:s10:r1,stack_recording,0,0.51795955414921857,0.48204044585078132,0,1,118,5
openbci,loso,10,stroop,stroop:s10:r2,always_fuse,1,0.47036519097826501,0.52963480902173488,1,1,83,5
openbci,loso,10,stroop,stroop:s10:r2,always_nn,1,0.83150989352396676,0.1684901064760331,0,0,83,5
openbci,loso,10,stroop,stroop:s10:r2,cbsf,1,0.7908402584257298,0.2091597415742702,0,0,83,5
openbci,loso,10,stroop,stroop:s10:r2,dasf_clean,1,0.83150989352396676,0.1684901064760331,0,0,83,5
openbci,loso,10,stroop,stroop:s10:r2,eeg_conformer,1,0.22627846868005941,0.77372153131994037,1,1,83,5
openbci,loso,10,stroop,stroop:s10:r2,eegnet,1,0.46468312640878562,0.53531687359121427,1,1,83,5
openbci,loso,10,stroop,stroop:s10:r2,equal_blend_050,1,0.60860181089055843,0.39139818910944152,0,0,83,5
openbci,loso,10,stroop,stroop:s10:r2,extra_trees,1,0.64532784324985948,0.35467215675014052,0,0,83,5
openbci,loso,10,stroop,stroop:s10:r2,fixed_blend_010,1,0.76127600107206728,0.23872399892793261,0,0,83,5
openbci,loso,10,stroop,stroop:s10:r2,fixed_blend_025,1,0.69396842198530551,0.30603157801469433,0,0,83,5
openbci,loso,10,stroop,stroop:s10:r2,rf,1,0.70564771189305198,0.29435228810694791,0,0,83,5
openbci,loso,10,stroop,stroop:s10:r2,riemann_mdm,1,0.23893487271838579,0.76106512728161424,1,1,83,5
openbci,loso,10,stroop,stroop:s10:r2,riemann_ts_logreg,1,0.29475995592436,0.70524004407563989,1,1,83,5
openbci,loso,10,stroop,stroop:s10:r2,stack_recording,1,0.46611434443545041,0.53388565556454948,1,1,83,5
openbci,loso,10,stroop,stroop:s10:r3,always_fuse,1,0.39795705173516738,0.6020429482648324,1,1,207,5
openbci,loso,10,stroop,stroop:s10:r3,always_nn,1,0.0239639282309137,0.97603607176908624,1,1,207,5
openbci,loso,10,stroop,stroop:s10:r3,cbsf,1,0.0525272845255415,0.94747271547445844,1,1,207,5
openbci,loso,10,stroop,stroop:s10:r3,dasf_clean,1,0.0239639282309137,0.97603607176908624,1,1,207,5
openbci,loso,10,stroop,stroop:s10:r3,eeg_conformer,1,0.43631894426799872,0.56368105573200133,1,1,207,5
openbci,loso,10,stroop,stroop:s10:r3,eegnet,1,0.91893118636486237,0.081068813635137502,0,0,207,5
openbci,loso,10,stroop,stroop:s10:r3,equal_blend_050,1,0.23097953156392281,0.76902046843607708,1,1,207,5
openbci,loso,10,stroop,stroop:s10:r3,extra_trees,1,0.5025580679708106,0.4974419320291894,0,0,207,5
openbci,loso,10,stroop,stroop:s10:r3,fixed_blend_010,1,0.076510215072534901,0.92348978492746481,1,1,207,5
openbci,loso,10,stroop,stroop:s10:r3,fixed_blend_025,1,0.13909354309870611,0.86090645690129375,1,1,207,5
openbci,loso,10,stroop,stroop:s10:r3,rf,1,0.45966774137677058,0.5403322586232292,1,1,207,5
openbci,loso,10,stroop,stroop:s10:r3,riemann_mdm,1,0.68520681827515628,0.31479318172484377,0,0,207,5
openbci,loso,10,stroop,stroop:s10:r3,riemann_ts_logreg,1,0.99864696792257279,0.0013530320774271,0,0,207,5
openbci,loso,10,stroop,stroop:s10:r3,stack_recording,1,0.2857127162696475,0.71428728373035244,1,1,207,5
openbci,loso,11,arithmetic,arithmetic:s11:r0,always_fuse,0,0.62251727187164452,0.37748272812835543,0,1,244,5
openbci,loso,11,arithmetic,arithmetic:s11:r0,always_nn,0,0.97989968249509396,0.020100317504905901,0,1,244,5
openbci,loso,11,arithmetic,arithmetic:s11:r0,cbsf,0,0.81365609754880508,0.18634390245119481,0,1,244,5
openbci,loso,11,arithmetic,arithmetic:s11:r0,dasf_clean,0,0.97989968249509396,0.020100317504905901,0,1,244,5
openbci,loso,11,arithmetic,arithmetic:s11:r0,eeg_conformer,0,0.57522232677346541,0.42477767322653448,0,1,244,5
openbci,loso,11,arithmetic,arithmetic:s11:r0,eegnet,0,0.26405301351948718,0.7359469864805126,1,0,244,5
openbci,loso,11,arithmetic,arithmetic:s11:r0,equal_blend_050,0,0.72981079143759275,0.27018920856240702,0,1,244,5
openbci,loso,11,arithmetic,arithmetic:s11:r0,extra_trees,0,0.79947324594426461,0.20052675405573531,0,1,244,5
openbci,loso,11,arithmetic,arithmetic:s11:r0,fixed_blend_010,0,0.87076903401991745,0.12923096598008241,0,1,244,5
openbci,loso,11,arithmetic,arithmetic:s11:r0,fixed_blend_025,0,0.8044644578600858,0.195535542139914,0,1,244,5
openbci,loso,11,arithmetic,arithmetic:s11:r0,rf,0,0.82811740158418512,0.17188259841581491,0,1,244,5
openbci,loso,11,arithmetic,arithmetic:s11:r0,riemann_mdm,0,0.084551393445925299,0.91544860655407478,1,0,244,5
openbci,loso,11,arithmetic,arithmetic:s11:r0,riemann_ts_logreg,0,0.53272224090501541,0.46727775909498448,0,1,244,5
openbci,loso,11,arithmetic,arithmetic:s11:r0,stack_recording,0,0.74290840661107693,0.25709159338892312,0,1,244,5
openbci,loso,11,arithmetic,arithmetic:s11:r1,always_fuse,0,0.42345026045958373,0.57654973954041622,1,0,155,5
openbci,loso,11,arithmetic,arithmetic:s11:r1,always_nn,0,0.20488148234030751,0.79511851765969233,1,0,155,5
openbci,loso,11,arithmetic,arithmetic:s11:r1,cbsf,0,0.26367154421398697,0.7363284557860128,1,0,155,5
openbci,loso,11,arithmetic,arithmetic:s11:r1,dasf_clean,0,0.20488148234030751,0.79511851765969233,1,0,155,5
openbci,loso,11,arithmetic,arithmetic:s11:r1,eeg_conformer,0,0.28702998047159722,0.71297001952840267,1,0,155,5
openbci,loso,11,arithmetic,arithmetic:s11:r1,eegnet,0,0.20559755916483621,0.79440244083516365,1,0,155,5
openbci,loso,11,arithmetic,arithmetic:s11:r1,equal_blend_050,0,0.32439561267597428,0.6756043873240255,1,0,155,5
openbci,loso,11,arithmetic,arithmetic:s11:r1,extra_trees,0,0.37558002502657217,0.62441997497342761,1,0,155,5
openbci,loso,11,arithmetic,arithmetic:s11:r1,fixed_blend_010,0,0.2326792151450609,0.76732078485493915,1,0,155,5
openbci,loso,11,arithmetic,arithmetic:s11:r1,fixed_blend_025,0,0.26949714829958082,0.73050285170041895,1,0,155,5
openbci,loso,11,arithmetic,arithmetic:s11:r1,rf,0,0.34661208896564671,0.65338791103435323,1,0,155,5
openbci,loso,11,arithmetic,arithmetic:s11:r1,riemann_mdm,0,0.079194534579783496,0.92080546542021635,1,0,155,5
openbci,loso,11,arithmetic,arithmetic:s11:r1,riemann_ts_logreg,0,0.50368235525087512,0.49631764474912471,0,1,155,5
openbci,loso,11,arithmetic,arithmetic:s11:r1,stack_recording,0,0.3159204572251153,0.6840795427748847,1,0,155,5
openbci,loso,11,arithmetic,arithmetic:s11:r2,always_fuse,1,0.41691671025537153,0.58308328974462831,1,1,162,5
openbci,loso,11,arithmetic,arithmetic:s11:r2,always_nn,1,0.1766290277226987,0.82337097227730116,1,1,162,5
openbci,loso,11,arithmetic,arithmetic:s11:r2,cbsf,1,0.2431064037808241,0.75689359621917585,1,1,162,5
openbci,loso,11,arithmetic,arithmetic:s11:r2,dasf_clean,1,0.1766290277226987,0.82337097227730116,1,1,162,5
openbci,loso,11,arithmetic,arithmetic:s11:r2,eeg_conformer,1,0.25198987948088691,0.74801012051911298,1,1,162,5
openbci,loso,11,arithmetic,arithmetic:s11:r2,eegnet,1,0.1978989251996281,0.80210107480037174,1,1,162,5
openbci,loso,11,arithmetic,arithmetic:s11:r2,equal_blend_050,1,0.309925521291534,0.69007447870846594,1,1,162,5
openbci,loso,11,arithmetic,arithmetic:s11:r2,extra_trees,1,0.359398651207405,0.64060134879259478,1,1,162,5
openbci,loso,11,arithmetic,arithmetic:s11:r2,fixed_blend_010,1,0.2083935576935092,0.7916064423064908,1,1,162,5
openbci,loso,11,arithmetic,arithmetic:s11:r2,fixed_blend_025,1,0.2495767103477198,0.75042328965228011,1,1,162,5
openbci,loso,11,arithmetic,arithmetic:s11:r2,rf,1,0.32446570869509261,0.67553429130490728,1,1,162,5
openbci,loso,11,arithmetic,arithmetic:s11:r2,riemann_mdm,1,0.094952510176258997,0.90504748982374095,1,1,162,5
openbci,loso,11,arithmetic,arithmetic:s11:r2,riemann_ts_logreg,1,0.47237357068025221,0.5276264293197479,1,1,162,5
openbci,loso,11,arithmetic,arithmetic:s11:r2,stack_recording,1,0.30222285901813872,0.69777714098186117,1,1,162,5
openbci,loso,11,arithmetic,arithmetic:s11:r3,always_fuse,1,0.41254452149904702,0.58745547850095292,1,1,211,5
openbci,loso,11,arithmetic,arithmetic:s11:r3,always_nn,1,0.18102312764825171,0.81897687235174832,1,1,211,5
openbci,loso,11,arithmetic,arithmetic:s11:r3,cbsf,1,0.2490104651972046,0.75098953480279518,1,1,211,5
openbci,loso,11,arithmetic,arithmetic:s11:r3,dasf_clean,1,0.18102312764825171,0.81897687235174832,1,1,211,5
openbci,loso,11,arithmetic,arithmetic:s11:r3,eeg_conformer,1,0.20676910250851541,0.79323089749148445,1,1,211,5
openbci,loso,11,arithmetic,arithmetic:s11:r3,eegnet,1,0.19675065005926831,0.80324934994073161,1,1,211,5
openbci,loso,11,arithmetic,arithmetic:s11:r3,equal_blend_050,1,0.31267770099209108,0.68732229900790875,1,1,211,5
openbci,loso,11,arithmetic,arithmetic:s11:r3,extra_trees,1,0.40325517998258542,0.59674482001741436,1,1,211,5
openbci,loso,11,arithmetic,arithmetic:s11:r3,fixed_blend_010,1,0.2148202149584271,0.78517978504157282,1,1,211,5
openbci,loso,11,arithmetic,arithmetic:s11:r3,fixed_blend_025,1,0.2552617436579257,0.74473825634207425,1,1,211,5
openbci,loso,11,arithmetic,arithmetic:s11:r3,rf,1,0.44292739162884842,0.55707260837115136,1,1,211,5
openbci,loso,11,arithmetic,arithmetic:s11:r3,riemann_mdm,1,0.079214757818977105,0.92078524218102276,1,1,211,5
openbci,loso,11,arithmetic,arithmetic:s11:r3,riemann_ts_logreg,1,0.40686428608729158,0.59313571391270836,1,1,211,5
openbci,loso,11,arithmetic,arithmetic:s11:r3,stack_recording,1,0.30457049241312573,0.69542950758687416,1,1,211,5
openbci,loso,11,stroop,stroop:s11:r0,always_fuse,0,0.52444871380213365,0.4755512861978663,0,1,244,5
openbci,loso,11,stroop,stroop:s11:r0,always_nn,0,0.68643286463584152,0.31356713536415842,0,1,244,5
openbci,loso,11,stroop,stroop:s11:r0,cbsf,0,0.55408509297607633,0.4459149070239235,0,1,244,5
openbci,loso,11,stroop,stroop:s11:r0,dasf_clean,0,0.68643286463584152,0.31356713536415842,0,1,244,5
openbci,loso,11,stroop,stroop:s11:r0,eeg_conformer,0,0.45725034237842188,0.54274965762157801,1,0,244,5
openbci,loso,11,stroop,stroop:s11:r0,eegnet,0,0.61439622323896736,0.38560377676103241,0,1,244,5
openbci,loso,11,stroop,stroop:s11:r0,equal_blend_050,0,0.54418605104917162,0.45581394895082822,0,1,244,5
openbci,loso,11,stroop,stroop:s11:r0,extra_trees,0,0.70519976398969597,0.29480023601030381,0,1,244,5
openbci,loso,11,stroop,stroop:s11:r0,fixed_blend_010,0,0.59314300466692627,0.40685699533307351,0,1,244,5
openbci,loso,11,stroop,stroop:s11:r0,fixed_blend_025,0,0.56439459476424192,0.43560540523575808,0,1,244,5
openbci,loso,11,stroop,stroop:s11:r0,rf,0,0.69070860385049238,0.3092913961495074,0,1,244,5
openbci,loso,11,stroop,stroop:s11:r0,riemann_mdm,0,0.049971045173608397,0.9500289548263916,1,0,244,5
openbci,loso,11,stroop,stroop:s11:r0,riemann_ts_logreg,0,0.38824032356397759,0.61175967643602247,1,0,244,5
openbci,loso,11,stroop,stroop:s11:r0,stack_recording,0,0.46498538744828721,0.53501461255171268,1,0,244,5
openbci,loso,11,stroop,stroop:s11:r1,always_fuse,0,0.3802961181143456,0.61970388188565417,1,0,113,5
openbci,loso,11,stroop,stroop:s11:r1,always_nn,0,0.1008982676113977,0.89910173238860214,1,0,113,5
openbci,loso,11,stroop,stroop:s11:r1,cbsf,0,0.21257847305849861,0.78742152694150125,1,0,113,5
openbci,loso,11,stroop,stroop:s11:r1,dasf_clean,0,0.1008982676113977,0.89910173238860214,1,0,113,5
openbci,loso,11,stroop,stroop:s11:r1,eeg_conformer,0,0.26244546690553072,0.73755453309446917,1,0,113,5
openbci,loso,11,stroop,stroop:s11:r1,eegnet,0,0.56247333201177618,0.43752666798822371,0,1,113,5
openbci,loso,11,stroop,stroop:s11:r1,equal_blend_050,0,0.25226284691938672,0.74773715308061306,1,0,113,5
openbci,loso,11,stroop,stroop:s11:r1,extra_trees,0,0.42807511252182512,0.57192488747817471,1,0,113,5
openbci,loso,11,stroop,stroop:s11:r1,fixed_blend_010,0,0.13680326511984101,0.8631967348801588,1,0,113,5
openbci,loso,11,stroop,stroop:s11:r1,fixed_blend_025,0,0.18292213280151351,0.8170778671984863,1,0,113,5
openbci,loso,11,stroop,stroop:s11:r1,rf,0,0.42722376834161618,0.57277623165838365,1,0,113,5
openbci,loso,11,stroop,stroop:s11:r1,riemann_mdm,0,0.032171149903009399,0.9678288500969906,1,0,113,5
openbci,loso,11,stroop,stroop:s11:r1,riemann_ts_logreg,0,0.52064861155715658,0.47935138844284347,0,1,113,5
openbci,loso,11,stroop,stroop:s11:r1,stack_recording,0,0.29348148469290741,0.70651851530709253,1,0,113,5
openbci,loso,11,stroop,stroop:s11:r2,always_fuse,1,0.37052867186006783,0.62947132813993212,1,1,130,5
openbci,loso,11,stroop,stroop:s11:r2,always_nn,1,0.0567798370798583,0.94322016292014155,1,1,130,5
openbci,loso,11,stroop,stroop:s11:r2,cbsf,1,0.17536820363290881,0.82463179636709105,1,1,130,5
openbci,loso,11,stroop,stroop:s11:r2,dasf_clean,1,0.0567798370798583,0.94322016292014155,1,1,130,5
openbci,loso,11,stroop,stroop:s11:r2,eeg_conformer,1,0.21328475979125811,0.78671524020874184,1,1,130,5
openbci,loso,11,stroop,stroop:s11:r2,eegnet,1,0.55538854710470864,0.4446114528952913,0,0,130,5
openbci,loso,11,stroop,stroop:s11:r2,equal_blend_050,1,0.22020007975165901,0.77979992024834077,1,1,130,5
openbci,loso,11,stroop,stroop:s11:r2,extra_trees,1,0.3895693120891312,0.61043068791086885,1,1,130,5
openbci,loso,11,stroop,stroop:s11:r2,fixed_blend_010,1,0.093653919582126002,0.90634608041787401,1,1,130,5
openbci,loso,11,stroop,stroop:s11:r2,fixed_blend_025,1,0.14269787076895921,0.85730212923104065,1,1,130,5
openbci,loso,11,stroop,stroop:s11:r2,rf,1,0.32023781931784878,0.67976218068215111,1,1,130,5
openbci,loso,11,stroop,stroop:s11:r2,riemann_mdm,1,0.0392265157684498,0.96077348423155018,1,1,130,5
openbci,loso,11,stroop,stroop:s11:r2,riemann_ts_logreg,1,0.56486382326594486,0.43513617673405508,0,0,130,5
openbci,loso,11,stroop,stroop:s11:r2,stack_recording,1,0.26947014122707003,0.73052985877292986,1,1,130,5
openbci,loso,11,stroop,stroop:s11:r3,always_fuse,1,0.3644639143937618,0.63553608560623798,1,1,185,5
openbci,loso,11,stroop,stroop:s11:r3,always_nn,1,0.039556197729435,0.96044380227056481,1,1,185,5
openbci,loso,11,stroop,stroop:s11:r3,cbsf,1,0.16210380613244771,0.83789619386755221,1,1,185,5
openbci,loso,11,stroop,stroop:s11:r3,dasf_clean,1,0.039556197729435,0.96044380227056481,1,1,185,5
openbci,loso,11,stroop,stroop:s11:r3,eeg_conformer,1,0.1674044558999607,0.83259554410003922,1,1,185,5
openbci,loso,11,stroop,stroop:s11:r3,eegnet,1,0.54684168297531721,0.45315831702468262,0,0,185,5
openbci,loso,11,stroop,stroop:s11:r3,equal_blend_050,1,0.2083503071749048,0.79164969282509512,1,1,185,5
openbci,loso,11,stroop,stroop:s11:r3,extra_trees,1,0.38680728327491948,0.61319271672508036,1,1,185,5
openbci,loso,11,stroop,stroop:s11:r3,fixed_blend_010,1,0.078222453811736301,0.92177754618826357,1,1,185,5
openbci,loso,11,stroop,stroop:s11:r3,fixed_blend_025,1,0.1285211444559505,0.87147885554404936,1,1,185,5
openbci,loso,11,stroop,stroop:s11:r3,rf,1,0.3005816655727373,0.69941833442726264,1,1,185,5
openbci,loso,11,stroop,stroop:s11:r3,riemann_mdm,1,0.043398843991968403,0.95660115600803164,1,1,185,5
openbci,loso,11,stroop,stroop:s11:r3,riemann_ts_logreg,1,0.5155367733588222,0.4844632266411778,0,0,185,5
openbci,loso,11,stroop,stroop:s11:r3,stack_recording,1,0.2554015440242996,0.7445984559757004,1,1,185,5
openbci,loso,12,arithmetic,arithmetic:s12:r0,always_fuse,0,0.4682044826352349,0.53179551736476494,1,0,185,5
openbci,loso,12,arithmetic,arithmetic:s12:r0,always_nn,0,0.085559786685275904,0.91444021331472403,1,0,185,5
openbci,loso,12,arithmetic,arithmetic:s12:r0,cbsf,0,0.3126070172726923,0.68739298272730764,1,0,185,5
openbci,loso,12,arithmetic,arithmetic:s12:r0,dasf_clean,0,0.085559786685275904,0.91444021331472403,1,0,185,5
openbci,loso,12,arithmetic,arithmetic:s12:r0,eeg_conformer,0,0.57436965513588234,0.4256303448641176,0,1,185,5
openbci,loso,12,arithmetic,arithmetic:s12:r0,eegnet,0,0.38105408001998492,0.61894591998001514,1,0,185,5
openbci,loso,12,arithmetic,arithmetic:s12:r0,equal_blend_050,0,0.3212412874814658,0.67875871251853415,1,0,185,5
openbci,loso,12,arithmetic,arithmetic:s12:r0,extra_trees,0,0.7872082173504662,0.2127917826495338,0,1,185,5
openbci,loso,12,arithmetic,arithmetic:s12:r0,fixed_blend_010,0,0.16232781738249411,0.83767218261750576,1,0,185,5
openbci,loso,12,arithmetic,arithmetic:s12:r0,fixed_blend_025,0,0.2319503122380816,0.76804968776191818,1,0,185,5
openbci,loso,12,arithmetic,arithmetic:s12:r0,rf,0,0.84701415607877417,0.15298584392122561,0,1,185,5
openbci,loso,12,arithmetic,arithmetic:s12:r0,riemann_mdm,0,0.62494613455656234,0.37505386544343772,0,1,185,5
openbci,loso,12,arithmetic,arithmetic:s12:r0,riemann_ts_logreg,0,0.74270154660820664,0.2572984533917933,0,1,185,5
openbci,loso,12,arithmetic,arithmetic:s12:r0,stack_recording,0,0.22980087946172501,0.77019912053827477,1,0,185,5
openbci,loso,12,arithmetic,arithmetic:s12:r1,always_fuse,0,0.37438900445910978,0.62561099554088995,1,0,116,5
openbci,loso,12,arithmetic,arithmetic:s12:r1,always_nn,0,0.0872259865059343,0.91277401349406562,1,0,116,5
openbci,loso,12,arithmetic,arithmetic:s12:r1,cbsf,0,0.23888241204932351,0.76111758795067641,1,0,116,5
openbci,loso,12,arithmetic,arithmetic:s12:r1,dasf_clean,0,0.0872259865059343,0.91277401349406562,1,0,116,5
openbci,loso,12,arithmetic,arithmetic:s12:r1,eeg_conformer,0,0.24564857974100021,0.75435142025899948,1,0,116,5
openbci,loso,12,arithmetic,arithmetic:s12:r1,eegnet,0,0.26771589900705722,0.73228410099294261,1,0,116,5
openbci,loso,12,arithmetic,arithmetic:s12:r1,equal_blend_050,0,0.24602777229944101,0.75397222770055883,1,0,116,5
openbci,loso,12,arithmetic,arithmetic:s12:r1,extra_trees,0,0.3739298967225495,0.6260701032774505,1,0,116,5
openbci,loso,12,arithmetic,arithmetic:s12:r1,fixed_blend_010,0,0.1273196765111563,0.87268032348884361,1,0,116,5
openbci,loso,12,arithmetic,arithmetic:s12:r1,fixed_blend_025,0,0.1755367433533738,0.82446325664662612,1,0,116,5
openbci,loso,12,arithmetic,arithmetic:s12:r1,rf,0,0.41852923739270542,0.58147076260729447,1,0,116,5
openbci,loso,12,arithmetic,arithmetic:s12:r1,riemann_mdm,0,0.2507330805093459,0.74926691949065405,1,0,116,5
openbci,loso,12,arithmetic,arithmetic:s12:r1,riemann_ts_logreg,0,0.40254140667440758,0.59745859332559237,1,0,116,5
openbci,loso,12,arithmetic,arithmetic:s12:r1,stack_recording,0,0.227741478254189,0.772258521745811,1,0,116,5
openbci,loso,12,arithmetic,arithmetic:s12:r2,always_fuse,1,0.3854424772671764,0.6145575227328236,1,1,135,5
openbci,loso,12,arithmetic,arithmetic:s12:r2,always_nn,1,0.061628407943609402,0.93837159205639042,1,1,135,5
openbci,loso,12,arithmetic,arithmetic:s12:r2,cbsf,1,0.24373792583101431,0.75626207416898572,1,1,135,5
openbci,loso,12,arithmetic,arithmetic:s12:r2,dasf_clean,1,0.061628407943609402,0.93837159205639042,1,1,135,5
openbci,loso,12,arithmetic,arithmetic:s12:r2,eeg_conformer,1,0.31287008319569187,0.68712991680430802,1,1,135,5
openbci,loso,12,arithmetic,arithmetic:s12:r2,eegnet,1,0.291714894348298,0.708285105651702,1,1,135,5
openbci,loso,12,arithmetic,arithmetic:s12:r2,equal_blend_050,1,0.25144310092004712,0.74855689907995282,1,1,135,5
openbci,loso,12,arithmetic,arithmetic:s12:r2,extra_trees,1,0.46142542640171952,0.53857457359828043,1,1,135,5
openbci,loso,12,arithmetic,arithmetic:s12:r2,fixed_blend_010,1,0.1169261624140694,0.8830738375859305,1,1,135,5
openbci,loso,12,arithmetic,arithmetic:s12:r2,fixed_blend_025,1,0.17363724484720211,0.82636275515279767,1,1,135,5
openbci,loso,12,arithmetic,arithmetic:s12:r2,rf,1,0.51986982987715846,0.48013017012284143,0,0,135,5
openbci,loso,12,arithmetic,arithmetic:s12:r2,riemann_mdm,1,0.2910450401149407,0.7089549598850593,1,1,135,5
openbci,loso,12,arithmetic,arithmetic:s12:r2,riemann_ts_logreg,1,0.46989450542798711,0.53010549457201284,1,1,135,5
openbci,loso,12,arithmetic,arithmetic:s12:r2,stack_recording,1,0.2049244553182869,0.79507554468171304,1,1,135,5
openbci,loso,12,arithmetic,arithmetic:s12:r3,always_fuse,1,0.36134244897802881,0.6386575510219713,1,1,219,5
openbci,loso,12,arithmetic,arithmetic:s12:r3,always_nn,1,0.048926327638835303,0.9510736723611648,1,1,219,5
openbci,loso,12,arithmetic,arithmetic:s12:r3,cbsf,1,0.21254168911903651,0.78745831088096341,1,1,219,5
openbci,loso,12,arithmetic,arithmetic:s12:r3,dasf_clean,1,0.048926327638835303,0.9510736723611648,1,1,219,5
openbci,loso,12,arithmetic,arithmetic:s12:r3,eeg_conformer,1,0.22512990100555111,0.77487009899444881,1,1,219,5
openbci,loso,12,arithmetic,arithmetic:s12:r3,eegnet,1,0.27784230677543842,0.72215769322456147,1,1,219,5
openbci,loso,12,arithmetic,arithmetic:s12:r3,equal_blend_050,1,0.22029814946640991,0.77970185053358998,1,1,219,5
openbci,loso,12,arithmetic,arithmetic:s12:r3,extra_trees,1,0.37034123719726492,0.62965876280273492,1,1,219,5
openbci,loso,12,arithmetic,arithmetic:s12:r3,fixed_blend_010,1,0.093384119913235003,0.90661588008676475,1,1,219,5
openbci,loso,12,arithmetic,arithmetic:s12:r3,fixed_blend_025,1,0.14444879161723351,0.85555120838276633,1,1,219,5
openbci,loso,12,arithmetic,arithmetic:s12:r3,rf,1,0.41957652530682832,0.58042347469317146,1,1,219,5
openbci,loso,12,arithmetic,arithmetic:s12:r3,riemann_mdm,1,0.31837073454770431,0.68162926545229574,1,1,219,5
openbci,loso,12,arithmetic,arithmetic:s12:r3,riemann_ts_logreg,1,0.43261161020405919,0.56738838979594075,1,1,219,5
openbci,loso,12,arithmetic,arithmetic:s12:r3,stack_recording,1,0.18996730410138571,0.81003269589861415,1,1,219,5
openbci,loso,12,stroop,stroop:s12:r0,always_fuse,0,0.52047360854746993,0.47952639145253001,0,1,185,5
openbci,loso,12,stroop,stroop:s12:r0,always_nn,0,0.6035133954109102,0.3964866045890898,0,1,185,5
openbci,loso,12,stroop,stroop:s12:r0,cbsf,0,0.57606669064027571,0.42393330935972418,0,1,185,5
openbci,loso,12,stroop,stroop:s12:r0,dasf_clean,0,0.6035133954109102,0.3964866045890898,0,1,185,5
openbci,loso,12,stroop,stroop:s12:r0,eeg_conformer,0,0.81234468526816495,0.187655314731835,0,1,185,5
openbci,loso,12,stroop,stroop:s12:r0,eegnet,0,0.70141199360925044,0.29858800639074951,0,1,185,5
openbci,loso,12,stroop,stroop:s12:r0,equal_blend_050,0,0.53084048166465025,0.46915951833534952,0,1,185,5
openbci,loso,12,stroop,stroop:s12:r0,extra_trees,0,0.77004978844109495,0.22995021155890491,0,1,185,5
openbci,loso,12,stroop,stroop:s12:r0,fixed_blend_010,0,0.56069622496568072,0.43930377503431922,0,1,185,5
openbci,loso,12,stroop,stroop:s12:r0,fixed_blend_025,0,0.54313188866349105,0.4568681113365089,0,1,185,5
openbci,loso,12,stroop,stroop:s12:r0,rf,0,0.78768471826545161,0.21231528173454831,0,1,185,5
openbci,loso,12,stroop,stroop:s12:r0,riemann_mdm,0,0.76677491131369502,0.2332250886863049,0,1,185,5
openbci,loso,12,stroop,stroop:s12:r0,riemann_ts_logreg,0,0.89746110539647606,0.10253889460352381,0,1,185,5
openbci,loso,12,stroop,stroop:s12:r0,stack_recording,0,0.43306574194248793,0.56693425805751196,1,0,185,5
openbci,loso,12,stroop,stroop:s12:r1,always_fuse,0,0.4004692874231372,0.59953071257686275,1,0,123,5
openbci,loso,12,stroop,stroop:s12:r1,always_nn,0,0.1758582286550549,0.82414177134494504,1,0,123,5
openbci,loso,12,stroop,stroop:s12:r1,cbsf,0,0.1962369625607015,0.80376303743929833,1,0,123,5
openbci,loso,12,stroop,stroop:s12:r1,dasf_clean,0,0.1758582286550549,0.82414177134494504,1,0,123,5
openbci,loso,12,stroop,stroop:s12:r1,eeg_conformer,0,0.43303124631750051,0.56696875368249944,1,0,123,5
openbci,loso,12,stroop,stroop:s12:r1,eegnet,0,0.53678022571661965,0.46321977428338018,0,1,123,5
openbci,loso,12,stroop,stroop:s12:r1,equal_blend_050,0,0.31262290070217752,0.68737709929782254,1,0,123,5
openbci,loso,12,stroop,stroop:s12:r1,extra_trees,0,0.54325522220321143,0.45674477779678863,0,1,123,5
openbci,loso,12,stroop,stroop:s12:r1,fixed_blend_010,0,0.2170059133974537,0.78299408660254621,1,0,123,5
openbci,loso,12,stroop,stroop:s12:r1,fixed_blend_025,0,0.25849425798810988,0.7415057420118899,1,0,123,5
openbci,loso,12,stroop,stroop:s12:r1,rf,0,0.61113665048286125,0.38886334951713852,0,1,123,5
openbci,loso,12,stroop,stroop:s12:r1,riemann_mdm,0,0.64554923194621583,0.35445076805378428,0,1,123,5
openbci,loso,12,stroop,stroop:s12:r1,riemann_ts_logreg,0,0.72637386136197646,0.27362613863802349,0,1,123,5
openbci,loso,12,stroop,stroop:s12:r1,stack_recording,0,0.30212218189608092,0.69787781810391902,1,0,123,5
openbci,loso,12,stroop,stroop:s12:r2,always_fuse,1,0.3760604660504277,0.62393953394957224,1,1,126,5
openbci,loso,12,stroop,stroop:s12:r2,always_nn,1,0.10872298666901151,0.89127701333098852,1,1,126,5
openbci,loso,12,stroop,stroop:s12:r2,cbsf,1,0.12950633411729401,0.87049366588270582,1,1,126,5
openbci,loso,12,stroop,stroop:s12:r2,dasf_clean,1,0.10872298666901151,0.89127701333098852,1,1,126,5
openbci,loso,12,stroop,stroop:s12:r2,eeg_conformer,1,0.41653159028291942,0.58346840971708047,1,1,126,5
openbci,loso,12,stroop,stroop:s12:r2,eegnet,1,0.51797187672708844,0.4820281232729115,0,0,126,5
openbci,loso,12,stroop,stroop:s12:r2,equal_blend_050,1,0.26501473184396618,0.73498526815603371,1,1,126,5
openbci,loso,12,stroop,stroop:s12:r2,extra_trees,1,0.51895352425148733,0.48104647574851261,0,0,126,5
openbci,loso,12,stroop,stroop:s12:r2,fixed_blend_010,1,0.15205851006949561,0.84794148993050433,1,1,126,5
openbci,loso,12,stroop,stroop:s12:r2,fixed_blend_025,1,0.1996283349086431,0.80037166509135682,1,1,126,5
openbci,loso,12,stroop,stroop:s12:r2,rf,1,0.61941931900957825,0.38058068099042158,0,0,126,5
openbci,loso,12,stroop,stroop:s12:r2,riemann_mdm,1,0.49104466484106202,0.50895533515893798,1,1,126,5
openbci,loso,12,stroop,stroop:s12:r2,riemann_ts_logreg,1,0.70513013936765245,0.29486986063234749,0,0,126,5
openbci,loso,12,stroop,stroop:s12:r2,stack_recording,1,0.27093470233904932,0.72906529766095063,1,1,126,5
openbci,loso,12,stroop,stroop:s12:r3,always_fuse,1,0.40885024313043578,0.59114975686956395,1,1,189,5
openbci,loso,12,stroop,stroop:s12:r3,always_nn,1,0.3354870016797854,0.6645129983202146,1,1,189,5
openbci,loso,12,stroop,stroop:s12:r3,cbsf,1,0.34368301382221722,0.65631698617778278,1,1,189,5
openbci,loso,12,stroop,stroop:s12:r3,dasf_clean,1,0.3354870016797854,0.6645129983202146,1,1,189,5
openbci,loso,12,stroop,stroop:s12:r3,eeg_conformer,1,0.3713120232378776,0.6286879767621224,1,1,189,5
openbci,loso,12,stroop,stroop:s12:r3,eegnet,1,0.50558811423644912,0.49441188576355077,0,0,189,5
openbci,loso,12,stroop,stroop:s12:r3,equal_blend_050,1,0.3870265722189577,0.61297342778104225,1,1,189,5
openbci,loso,12,stroop,stroop:s12:r3,extra_trees,1,0.53402543495805355,0.4659745650419464,0,0,189,5
openbci,loso,12,stroop,stroop:s12:r3,fixed_blend_010,1,0.3524845020846043,0.64751549791539564,1,1,189,5
openbci,loso,12,stroop,stroop:s12:r3,fixed_blend_025,1,0.36891757837858657,0.63108242162141315,1,1,189,5
openbci,loso,12,stroop,stroop:s12:r3,rf,1,0.64007561641716415,0.35992438358283563,0,0,189,5
openbci,loso,12,stroop,stroop:s12:r3,riemann_mdm,1,0.4486262966790675,0.55137370332093238,1,1,189,5
openbci,loso,12,stroop,stroop:s12:r3,riemann_ts_logreg,1,0.67863087611212936,0.32136912388787059,0,0,189,5
openbci,loso,12,stroop,stroop:s12:r3,stack_recording,1,0.34675952288467993,0.65324047711531985,1,1,189,5
openbci,loso,13,arithmetic,arithmetic:s13:r0,always_fuse,0,0.83556207723033082,0.16443792276966901,0,1,180,5
openbci,loso,13,arithmetic,arithmetic:s13:r0,always_nn,0,0.99976613012158555,0.0002338698784144,0,1,180,5
openbci,loso,13,arithmetic,arithmetic:s13:r0,cbsf,0,0.99033864706226682,0.0096613529377330004,0,1,180,5
openbci,loso,13,arithmetic,arithmetic:s13:r0,dasf_clean,0,0.99976613012158555,0.0002338698784144,0,1,180,5
openbci,loso,13,arithmetic,arithmetic:s13:r0,eeg_conformer,0,0.95562016531650718,0.044379834683492901,0,1,180,5
openbci,loso,13,arithmetic,arithmetic:s13:r0,eegnet,0,0.70310964868851655,0.29689035131148328,0,1,180,5
openbci,loso,13,arithmetic,arithmetic:s13:r0,equal_blend_050,0,0.91361103050901604,0.086388969490983999,0,1,180,5
openbci,loso,13,arithmetic,arithmetic:s13:r0,extra_trees,0,0.97162540999476321,0.028374590005236799,0,1,180,5
openbci,loso,13,arithmetic,arithmetic:s13:r0,fixed_blend_010,0,0.98007060954268022,0.019929390457319701,0,1,180,5
openbci,loso,13,arithmetic,arithmetic:s13:r0,fixed_blend_025,0,0.95427138980047599,0.0457286101995239,0,1,180,5
openbci,loso,13,arithmetic,arithmetic:s13:r0,rf,0,0.96622606880045525,0.033773931199544603,0,1,180,5
openbci,loso,13,arithmetic,arithmetic:s13:r0,riemann_mdm,0,0.84997163576108514,0.1500283642389148,0,1,180,5
openbci,loso,13,arithmetic,arithmetic:s13:r0,riemann_ts_logreg,0,0.896517105673587,0.1034828943264129,0,1,180,5
openbci,loso,13,arithmetic,arithmetic:s13:r0,stack_recording,0,0.9617795617972138,0.0382204382027862,0,1,180,5
openbci,loso,13,arithmetic,arithmetic:s13:r1,always_fuse,0,0.61580853804160895,0.38419146195839088,0,1,142,5
openbci,loso,13,arithmetic,arithmetic:s13:r1,always_nn,0,0.88813194493480896,0.1118680550651909,0,1,142,5
openbci,loso,13,arithmetic,arithmetic:s13:r1,cbsf,0,0.80633949379561665,0.1936605062043831,0,1,142,5
openbci,loso,13,arithmetic,arithmetic:s13:r1,dasf_clean,0,0.88813194493480896,0.1118680550651909,0,1,142,5
openbci,loso,13,arithmetic,arithmetic:s13:r1,eeg_conformer,0,0.25364831589132431,0.74635168410867558,1,0,142,5
openbci,loso,13,arithmetic,arithmetic:s13:r1,eegnet,0,0.28726988458500091,0.71273011541499887,1,0,142,5
openbci,loso,13,arithmetic,arithmetic:s13:r1,equal_blend_050,0,0.67830008581390844,0.32169991418609151,0,1,142,5
openbci,loso,13,arithmetic,arithmetic:s13:r1,extra_trees,0,0.79922115810125716,0.2007788418987427,0,1,142,5
openbci,loso,13,arithmetic,arithmetic:s13:r1,fixed_blend_010,0,0.7739048409569389,0.22609515904306091,0,1,142,5
openbci,loso,13,arithmetic,arithmetic:s13:r1,fixed_blend_025,0,0.72601997879716751,0.27398002120283232,0,1,142,5
openbci,loso,13,arithmetic,arithmetic:s13:r1,rf,0,0.93802029639266582,0.061979703607334201,0,1,142,5
openbci,loso,13,arithmetic,arithmetic:s13:r1,riemann_mdm,0,0.4608134747382312,0.5391865252617688,1,0,142,5
openbci,loso,13,arithmetic,arithmetic:s13:r1,riemann_ts_logreg,0,0.29909841364743772,0.70090158635256228,1,0,142,5
openbci,loso,13,arithmetic,arithmetic:s13:r1,stack_recording,0,0.63257843854618923,0.36742156145381072,0,1,142,5
openbci,loso,13,arithmetic,arithmetic:s13:r2,always_fuse,1,0.7033785489795551,0.2966214510204449,0,0,145,5
openbci,loso,13,arithmetic,arithmetic:s13:r2,always_nn,1,0.9724914898203596,0.0275085101796405,0,0,145,5
openbci,loso,13,arithmetic,arithmetic:s13:r2,cbsf,1,0.9459083384614172,0.0540916615385829,0,0,145,5
openbci,loso,13,arithmetic,arithmetic:s13:r2,dasf_clean,1,0.9724914898203596,0.0275085101796405,0,0,145,5
openbci,loso,13,arithmetic,arithmetic:s13:r2,eeg_conformer,1,0.30174753389568543,0.69825246610431435,1,1,145,5
openbci,loso,13,arithmetic,arithmetic:s13:r2,eegnet,1,0.30608451990368302,0.69391548009631687,1,1,145,5
openbci,loso,13,arithmetic,arithmetic:s13:r2,equal_blend_050,1,0.81144604197394354,0.1885539580260564,0,0,145,5
openbci,loso,13,arithmetic,arithmetic:s13:r2,extra_trees,1,0.9005902392458347,0.099409760754165202,0,0,145,5
openbci,loso,13,arithmetic,arithmetic:s13:r2,fixed_blend_010,1,0.92355078904109844,0.076449210958901198,0,0,145,5
openbci,loso,13,arithmetic,arithmetic:s13:r2,fixed_blend_025,1,0.87595844511813525,0.1240415548818645,0,0,145,5
openbci,loso,13,arithmetic,arithmetic:s13:r2,rf,1,0.94203132760826636,0.0579686723917337,0,0,145,5
openbci,loso,13,arithmetic,arithmetic:s13:r2,riemann_mdm,1,0.41756456050310559,0.58243543949689447,1,1,145,5
openbci,loso,13,arithmetic,arithmetic:s13:r2,riemann_ts_logreg,1,0.29509423564880882,0.70490576435119123,1,1,145,5
openbci,loso,13,arithmetic,arithmetic:s13:r2,stack_recording,1,0.76754187796419604,0.2324581220358039,0,0,145,5
openbci,loso,13,arithmetic,arithmetic:s13:r3,always_fuse,1,0.61920509762982845,0.3807949023701715,0,0,203,5
openbci,loso,13,arithmetic,arithmetic:s13:r3,always_nn,1,0.78984666536712733,0.21015333463287261,0,0,203,5
openbci,loso,13,arithmetic,arithmetic:s13:r3,cbsf,1,0.75023030400316537,0.24976969599683441,0,0,203,5
openbci,loso,13,arithmetic,arithmetic:s13:r3,dasf_clean,1,0.78984666536712733,0.21015333463287261,0,0,203,5
openbci,loso,13,arithmetic,arithmetic:s13:r3,eeg_conformer,1,0.31125579888475258,0.68874420111524726,1,1,203,5
openbci,loso,13,arithmetic,arithmetic:s13:r3,eegnet,1,0.30251913263224672,0.69748086736775305,1,1,203,5
openbci,loso,13,arithmetic,arithmetic:s13:r3,equal_blend_050,1,0.65709734777568407,0.34290265222431571,0,0,203,5
openbci,loso,13,arithmetic,arithmetic:s13:r3,extra_trees,1,0.84370274440591231,0.15629725559408761,0,0,203,5
openbci,loso,13,arithmetic,arithmetic:s13:r3,fixed_blend_010,1,0.72721217759520951,0.27278782240479033,0,0,203,5
openbci,loso,13,arithmetic,arithmetic:s13:r3,fixed_blend_025,1,0.69118096135852591,0.30881903864147392,0,0,203,5
openbci,loso,13,arithmetic,arithmetic:s13:r3,rf,1,0.9239168048426174,0.076083195157382502,0,0,203,5
openbci,loso,13,arithmetic,arithmetic:s13:r3,riemann_mdm,1,0.54755713500541769,0.45244286499458231,0,0,203,5
openbci,loso,13,arithmetic,arithmetic:s13:r3,riemann_ts_logreg,1,0.35258442557577191,0.64741557442422815,1,1,203,5
openbci,loso,13,arithmetic,arithmetic:s13:r3,stack_recording,1,0.56036455054532552,0.43963544945467442,0,0,203,5
openbci,loso,13,stroop,stroop:s13:r0,always_fuse,0,0.82291235335548452,0.1770876466445154,0,1,180,5
openbci,loso,13,stroop,stroop:s13:r0,always_nn,0,0.99999512225904164,4.8777409582728433e-06,0,1,180,5
openbci,loso,13,stroop,stroop:s13:r0,cbsf,0,0.99966344385397721,0.00033655614602270002,0,1,180,5
openbci,loso,13,stroop,stroop:s13:r0,dasf_clean,0,0.99999512225904164,4.8777409582728433e-06,0,1,180,5
openbci,loso,13,stroop,stroop:s13:r0,eeg_conformer,0,0.99179173540646115,0.0082082645935387007,0,1,180,5
openbci,loso,13,stroop,stroop:s13:r0,eegnet,0,0.9530099795579392,0.046990020442060902,0,1,180,5
openbci,loso,13,stroop,stroop:s13:r0,equal_blend_050,0,0.91204595431997604,0.087954045680024004,0,1,180,5
openbci,loso,13,stroop,stroop:s13:r0,extra_trees,0,0.92239877945927717,0.077601220540722798,0,1,180,5
openbci,loso,13,stroop,stroop:s13:r0,fixed_blend_010,0,0.98246310564738115,0.0175368943526188,0,1,180,5
openbci,loso,13,stroop,stroop:s13:r0,fixed_blend_025,0,0.95613266863336555,0.043867331366634503,0,1,180,5
openbci,loso,13,stroop,stroop:s13:r0,rf,0,0.87398229363584923,0.12601770636415061,0,1,180,5
openbci,loso,13,stroop,stroop:s13:r0,riemann_mdm,0,0.91525591656463356,0.084744083435366394,0,1,180,5
openbci,loso,13,stroop,stroop:s13:r0,riemann_ts_logreg,0,0.47157383910224748,0.52842616089775252,1,0,180,5
openbci,loso,13,stroop,stroop:s13:r0,stack_recording,0,0.93156335024779557,0.068436649752204398,0,1,180,5
openbci,loso,13,stroop,stroop:s13:r1,always_fuse,0,0.56760635984025765,0.4323936401597423,0,1,91,5
openbci,loso,13,stroop,stroop:s13:r1,always_nn,0,0.99375883443727542,0.0062411655627246003,0,1,91,5
openbci,loso,13,stroop,stroop:s13:r1,cbsf,0,0.96798587339588837,0.032014126604111501,0,1,91,5
openbci,loso,13,stroop,stroop:s13:r1,dasf_clean,0,0.99375883443727542,0.0062411655627246003,0,1,91,5
openbci,loso,13,stroop,stroop:s13:r1,eeg_conformer,0,0.63702026004293422,0.36297973995706567,0,1,91,5
openbci,loso,13,stroop,stroop:s13:r1,eegnet,0,0.47275327353339403,0.52724672646660575,1,0,91,5
openbci,loso,13,stroop,stroop:s13:r1,equal_blend_050,0,0.67091065624552415,0.3290893437544759,0,1,91,5
openbci,loso,13,stroop,stroop:s13:r1,extra_trees,0,0.63680816114816441,0.36319183885183548,0,1,91,5
openbci,loso,13,stroop,stroop:s13:r1,fixed_blend_010,0,0.82331876244908886,0.176681237550911,0,1,91,5
openbci,loso,13,stroop,stroop:s13:r1,fixed_blend_025,0,0.74684205604759757,0.25315794395240232,0,1,91,5
openbci,loso,13,stroop,stroop:s13:r1,rf,0,0.71755610489696686,0.28244389510303303,0,1,91,5
openbci,loso,13,stroop,stroop:s13:r1,riemann_mdm,0,0.86546082582812134,0.13453917417187861,0,1,91,5
openbci,loso,13,stroop,stroop:s13:r1,riemann_ts_logreg,0,0.87998192998718172,0.1200180700128182,0,1,91,5
openbci,loso,13,stroop,stroop:s13:r1,stack_recording,0,0.69681130600547025,0.30318869399452958,0,1,91,5
openbci,loso,13,stroop,stroop:s13:r2,always_fuse,1,0.68098015853320715,0.31901984146679252,0,0,122,5
openbci,loso,13,stroop,stroop:s13:r2,always_nn,1,0.99987212092025302,0.0001278790797468,0,0,122,5
openbci,loso,13,stroop,stroop:s13:r2,cbsf,1,0.998135326110975,0.001864673889025,0,0,122,5
openbci,loso,13,stroop,stroop:s13:r2,dasf_clean,1,0.99987212092025302,0.0001278790797468,0,0,122,5
openbci,loso,13,stroop,stroop:s13:r2,eeg_conformer,1,0.58897428674970842,0.41102571325029152,0,0,122,5
openbci,loso,13,stroop,stroop:s13:r2,eegnet,1,0.46943587613675802,0.53056412386324192,1,1,122,5
openbci,loso,13,stroop,stroop:s13:r2,equal_blend_050,1,0.81984595507447344,0.18015404492552631,0,0,122,5
openbci,loso,13,stroop,stroop:s13:r2,extra_trees,1,0.76009716536016581,0.23990283463983411,0,0,122,5
openbci,loso,13,stroop,stroop:s13:r2,fixed_blend_010,1,0.95286677506118478,0.047133224938815103,0,0,122,5
openbci,loso,13,stroop,stroop:s13:r2,fixed_blend_025,1,0.89846453064936138,0.1015354693506384,0,0,122,5
openbci,loso,13,stroop,stroop:s13:r2,rf,1,0.82788332469490866,0.1721166753050912,0,0,122,5
openbci,loso,13,stroop,stroop:s13:r2,riemann_mdm,1,0.44163009339493958,0.55836990660506047,1,1,122,5
openbci,loso,13,stroop,stroop:s13:r2,riemann_ts_logreg,1,0.38672100168401691,0.61327899831598309,1,1,122,5
openbci,loso,13,stroop,stroop:s13:r2,stack_recording,1,0.85706031182598541,0.14293968817401451,0,0,122,5
openbci,loso,13,stroop,stroop:s13:r3,always_fuse,1,0.66141492190744122,0.33858507809255872,0,0,180,5
openbci,loso,13,stroop,stroop:s13:r3,always_nn,1,0.99989011520541604,0.0001098847945838,0,0,180,5
openbci,loso,13,stroop,stroop:s13:r3,cbsf,1,0.99840888070235356,0.0015911192976461,0,0,180,5
openbci,loso,13,stroop,stroop:s13:r3,dasf_clean,1,0.99989011520541604,0.0001098847945838,0,0,180,5
openbci,loso,13,stroop,stroop:s13:r3,eeg_conformer,1,0.89693347152249137,0.1030665284775085,0,0,180,5
openbci,loso,13,stroop,stroop:s13:r3,eegnet,1,0.52093994184173364,0.47906005815826608,0,0,180,5
openbci,loso,13,stroop,stroop:s13:r3,equal_blend_050,1,0.82959550952367045,0.17040449047632941,0,0,180,5
openbci,loso,13,stroop,stroop:s13:r3,extra_trees,1,0.68394565208042191,0.31605434791957798,0,0,180,5
openbci,loso,13,stroop,stroop:s13:r3,fixed_blend_010,1,0.96282765967782236,0.037172340322177401,0,0,180,5
openbci,loso,13,stroop,stroop:s13:r3,fixed_blend_025,1,0.91262364680421382,0.087376353195786099,0,0,180,5
openbci,loso,13,stroop,stroop:s13:r3,rf,1,0.70613988682830786,0.29386011317169192,0,0,180,5
openbci,loso,13,stroop,stroop:s13:r3,riemann_mdm,1,0.87106339061822635,0.12893660938177359,0,0,180,5
openbci,loso,13,stroop,stroop:s13:r3,riemann_ts_logreg,1,0.91765644429663862,0.082343555703361396,0,0,180,5
openbci,loso,13,stroop,stroop:s13:r3,stack_recording,1,0.86103834144768288,0.1389616585523169,0,0,180,5
openbci,loso,14,arithmetic,arithmetic:s14:r0,always_fuse,0,0.69517792468092954,0.30482207531907041,0,1,155,5
openbci,loso,14,arithmetic,arithmetic:s14:r0,always_nn,0,0.99983063871258038,0.00016936128741960001,0,1,155,5
openbci,loso,14,arithmetic,arithmetic:s14:r0,cbsf,0,0.99793938446950525,0.0020606155304946001,0,1,155,5
openbci,loso,14,arithmetic,arithmetic:s14:r0,dasf_clean,0,0.99983063871258038,0.00016936128741960001,0,1,155,5
openbci,loso,14,arithmetic,arithmetic:s14:r0,eeg_conformer,0,0.61520792862004925,0.38479207137995047,0,1,155,5
openbci,loso,14,arithmetic,arithmetic:s14:r0,eegnet,0,0.44794149268819577,0.55205850731180395,1,0,155,5
openbci,loso,14,arithmetic,arithmetic:s14:r0,equal_blend_050,0,0.84478997770045361,0.15521002229954631,0,1,155,5
openbci,loso,14,arithmetic,arithmetic:s14:r0,extra_trees,0,0.87931665055133534,0.1206833494486646,0,1,155,5
openbci,loso,14,arithmetic,arithmetic:s14:r0,fixed_blend_010,0,0.96667625416628,0.033323745833719803,0,1,155,5
openbci,loso,14,arithmetic,arithmetic:s14:r0,fixed_blend_025,0,0.92039273646739606,0.079607263532604,0,1,155,5
openbci,loso,14,arithmetic,arithmetic:s14:r0,rf,0,0.88661166057835861,0.1133883394216413,0,1,155,5
openbci,loso,14,arithmetic,arithmetic:s14:r0,riemann_mdm,0,0.8258430155519223,0.1741569844480777,0,1,155,5
openbci,loso,14,arithmetic,arithmetic:s14:r0,riemann_ts_logreg,0,0.9833232363920692,0.016676763607930599,0,1,155,5
openbci,loso,14,arithmetic,arithmetic:s14:r0,stack_recording,0,0.83607501370030912,0.16392498629969071,0,1,155,5
openbci,loso,14,arithmetic,arithmetic:s14:r1,always_fuse,0,0.52906551728754703,0.47093448271245292,0,1,114,5
openbci,loso,14,arithmetic,arithmetic:s14:r1,always_nn,0,0.91611775576170962,0.083882244238290202,0,1,114,5
openbci,loso,14,arithmetic,arithmetic:s14:r1,cbsf,0,0.90394553212150475,0.096054467878495101,0,1,114,5
openbci,loso,14,arithmetic,arithmetic:s14:r1,dasf_clean,0,0.91611775576170962,0.083882244238290202,0,1,114,5
openbci,loso,14,arithmetic,arithmetic:s14:r1,eeg_conformer,0,0.29092820120404361,0.70907179879595617,1,0,114,5
openbci,loso,14,arithmetic,arithmetic:s14:r1,eegnet,0,0.24775969125169731,0.7522403087483025,1,0,114,5
openbci,loso,14,arithmetic,arithmetic:s14:r1,equal_blend_050,0,0.66577368288722893,0.33422631711277112,0,1,114,5
openbci,loso,14,arithmetic,arithmetic:s14:r1,extra_trees,0,0.64307704860085646,0.35692295139914332,0,1,114,5
openbci,loso,14,arithmetic,arithmetic:s14:r1,fixed_blend_010,0,0.82258639367547925,0.1774136063245208,0,1,114,5
openbci,loso,14,arithmetic,arithmetic:s14:r1,fixed_blend_025,0,0.75203038763753693,0.24796961236246301,0,1,114,5
openbci,loso,14,arithmetic,arithmetic:s14:r1,rf,0,0.65708881379008266,0.34291118620991712,0,1,114,5
openbci,loso,14,arithmetic,arithmetic:s14:r1,riemann_mdm,0,0.3931817572819481,0.60681824271805174,1,0,114,5
openbci,loso,14,arithmetic,arithmetic:s14:r1,riemann_ts_logreg,0,0.85723800503731817,0.1427619949626818,0,1,114,5
openbci,loso,14,arithmetic,arithmetic:s14:r1,stack_recording,0,0.54511646546859494,0.45488353453140501,0,1,114,5
openbci,loso,14,arithmetic,arithmetic:s14:r2,always_fuse,1,0.41844170695653821,0.58155829304346174,1,1,155,5
openbci,loso,14,arithmetic,arithmetic:s14:r2,always_nn,1,0.34905191549744641,0.65094808450255348,1,1,155,5
openbci,loso,14,arithmetic,arithmetic:s14:r2,cbsf,1,0.34144199528427432,0.65855800471572556,1,1,155,5
openbci,loso,14,arithmetic,arithmetic:s14:r2,dasf_clean,1,0.34905191549744641,0.65094808450255348,1,1,155,5
openbci,loso,14,arithmetic,arithmetic:s14:r2,eeg_conformer,1,0.5129833912596401,0.48701660874035968,0,0,155,5
openbci,loso,14,arithmetic,arithmetic:s14:r2,eegnet,1,0.27902385925566803,0.72097614074433192,1,1,155,5
openbci,loso,14,arithmetic,arithmetic:s14:r2,equal_blend_050,1,0.37819596435902803,0.62180403564097186,1,1,155,5
openbci,loso,14,arithmetic,arithmetic:s14:r2,extra_trees,1,0.40840971996246112,0.59159028003753877,1,1,155,5
openbci,loso,14,arithmetic,arithmetic:s14:r2,fixed_blend_010,1,0.33408191388733832,0.66591808611266134,1,1,155,5
openbci,loso,14,arithmetic,arithmetic:s14:r2,fixed_blend_025,1,0.35140888694758021,0.6485911130524199,1,1,155,5
openbci,loso,14,arithmetic,arithmetic:s14:r2,rf,1,0.42635710020196188,0.57364289979803795,1,1,155,5
openbci,loso,14,arithmetic,arithmetic:s14:r2,riemann_mdm,1,0.51556106488315301,0.48443893511684699,0,0,155,5
openbci,loso,14,arithmetic,arithmetic:s14:r2,riemann_ts_logreg,1,0.95656119892086422,0.043438801079135697,0,0,155,5
openbci,loso,14,arithmetic,arithmetic:s14:r2,stack_recording,1,0.37102749792183187,0.62897250207816802,1,1,155,5
openbci,loso,14,arithmetic,arithmetic:s14:r3,always_fuse,1,0.40799946937537812,0.59200053062462166,1,1,170,5
openbci,loso,14,arithmetic,arithmetic:s14:r3,always_nn,1,0.21248306148562851,0.78751693851437143,1,1,170,5
openbci,loso,14,arithmetic,arithmetic:s14:r3,cbsf,1,0.21328465180423661,0.78671534819576316,1,1,170,5
openbci,loso,14,arithmetic,arithmetic:s14:r3,dasf_clean,1,0.21248306148562851,0.78751693851437143,1,1,170,5
openbci,loso,14,arithmetic,arithmetic:s14:r3,eeg_conformer,1,0.3335621638367357,0.66643783616326424,1,1,170,5
openbci,loso,14,arithmetic,arithmetic:s14:r3,eegnet,1,0.25841161010452968,0.74158838989547016,1,1,170,5
openbci,loso,14,arithmetic,arithmetic:s14:r3,equal_blend_050,1,0.3226094656727293,0.6773905343272707,1,1,170,5
openbci,loso,14,arithmetic,arithmetic:s14:r3,extra_trees,1,0.4090115492204075,0.59098845077959228,1,1,170,5
openbci,loso,14,arithmetic,arithmetic:s14:r3,fixed_blend_010,1,0.23700258052864401,0.7629974194713558,1,1,170,5
openbci,loso,14,arithmetic,arithmetic:s14:r3,fixed_blend_025,1,0.27223203746058872,0.72776796253941123,1,1,170,5
openbci,loso,14,arithmetic,arithmetic:s14:r3,rf,1,0.45105334094073463,0.54894665905926532,1,1,170,5
openbci,loso,14,arithmetic,arithmetic:s14:r3,riemann_mdm,1,0.29485860789468171,0.70514139210531823,1,1,170,5
openbci,loso,14,arithmetic,arithmetic:s14:r3,riemann_ts_logreg,1,0.84295680040864607,0.15704319959135399,0,0,170,5
openbci,loso,14,arithmetic,arithmetic:s14:r3,stack_recording,1,0.33602601416077882,0.66397398583922107,1,1,170,5
openbci,loso,15,arithmetic,arithmetic:s15:r0,always_fuse,0,0.71446386683712582,0.28553613316287402,0,1,165,5
openbci,loso,15,arithmetic,arithmetic:s15:r0,always_nn,0,0.99821612488140721,0.0017838751185926,0,1,165,5
openbci,loso,15,arithmetic,arithmetic:s15:r0,cbsf,0,0.8578459999608623,0.1421540000391377,0,1,165,5
openbci,loso,15,arithmetic,arithmetic:s15:r0,dasf_clean,0,0.99821612488140721,0.0017838751185926,0,1,165,5
openbci,loso,15,arithmetic,arithmetic:s15:r0,eeg_conformer,0,0.63658281401105665,0.36341718598894313,0,1,165,5
openbci,loso,15,arithmetic,arithmetic:s15:r0,eegnet,0,0.32979249020292323,0.67020750979707666,1,0,165,5
openbci,loso,15,arithmetic,arithmetic:s15:r0,equal_blend_050,0,0.83191966317884702,0.16808033682115281,0,1,165,5
openbci,loso,15,arithmetic,arithmetic:s15:r0,extra_trees,0,0.91455132310940956,0.085448676890590505,0,1,165,5
openbci,loso,15,arithmetic,arithmetic:s15:r0,fixed_blend_010,0,0.9482577684962078,0.051742231503792001,0,1,165,5
openbci,loso,15,arithmetic,arithmetic:s15:r0,fixed_blend_025,0,0.89969285251485165,0.1003071474851482,0,1,165,5
openbci,loso,15,arithmetic,arithmetic:s15:r0,rf,0,0.93081909431218024,0.069180905687819497,0,1,165,5
openbci,loso,15,arithmetic,arithmetic:s15:r0,riemann_mdm,0,0.72211261578226271,0.27788738421773729,0,1,165,5
openbci,loso,15,arithmetic,arithmetic:s15:r0,riemann_ts_logreg,0,0.88183552191489278,0.1181644780851072,0,1,165,5
openbci,loso,15,arithmetic,arithmetic:s15:r0,stack_recording,0,0.86332498388914014,0.1366750161108598,0,1,165,5
openbci,loso,15,arithmetic,arithmetic:s15:r1,always_fuse,0,0.44699880537020142,0.55300119462979846,1,0,184,5
openbci,loso,15,arithmetic,arithmetic:s15:r1,always_nn,0,0.52607881978098336,0.47392118021901641,0,1,184,5
openbci,loso,15,arithmetic,arithmetic:s15:r1,cbsf,0,0.48927963621837411,0.51072036378162577,1,0,184,5
openbci,loso,15,arithmetic,arithmetic:s15:r1,dasf_clean,0,0.52607881978098336,0.47392118021901641,0,1,184,5
openbci,loso,15,arithmetic,arithmetic:s15:r1,eeg_conformer,0,0.42468612463647948,0.57531387536352041,1,0,184,5
openbci,loso,15,arithmetic,arithmetic:s15:r1,eegnet,0,0.28671448903979257,0.7132855109602072,1,0,184,5
openbci,loso,15,arithmetic,arithmetic:s15:r1,equal_blend_050,0,0.48174693822027398,0.51825306177972585,1,0,184,5
openbci,loso,15,arithmetic,arithmetic:s15:r1,extra_trees,0,0.39042615443523748,0.60957384556476235,1,0,184,5
openbci,loso,15,arithmetic,arithmetic:s15:r1,fixed_blend_010,0,0.51621626376334451,0.48378373623665538,0,1,184,5
openbci,loso,15,arithmetic,arithmetic:s15:r1,fixed_blend_025,0,0.50163504252494406,0.49836495747505571,0,1,184,5
openbci,loso,15,arithmetic,arithmetic:s15:r1,rf,0,0.4422803392309908,0.55771966076900903,1,0,184,5
openbci,loso,15,arithmetic,arithmetic:s15:r1,riemann_mdm,0,0.68651095298119036,0.3134890470188097,0,1,184,5
openbci,loso,15,arithmetic,arithmetic:s15:r1,riemann_ts_logreg,0,0.89891890669364538,0.10108109330635461,0,1,184,5
openbci,loso,15,arithmetic,arithmetic:s15:r1,stack_recording,0,0.44505242320990263,0.55494757679009732,1,0,184,5
openbci,loso,15,arithmetic,arithmetic:s15:r2,always_fuse,1,0.4117032546388637,0.5882967453611363,1,1,130,5
openbci,loso,15,arithmetic,arithmetic:s15:r2,always_nn,1,0.30566335931724142,0.69433664068275847,1,1,130,5
openbci,loso,15,arithmetic,arithmetic:s15:r2,cbsf,1,0.35452762385299053,0.64547237614700925,1,1,130,5
openbci,loso,15,arithmetic,arithmetic:s15:r2,dasf_clean,1,0.30566335931724142,0.69433664068275847,1,1,130,5
openbci,loso,15,arithmetic,arithmetic:s15:r2,eeg_conformer,1,0.42430712110225088,0.57569287889774912,1,1,130,5
openbci,loso,15,arithmetic,arithmetic:s15:r2,eegnet,1,0.2827245072968857,0.71727549270311408,1,1,130,5
openbci,loso,15,arithmetic,arithmetic:s15:r2,equal_blend_050,1,0.36511521792600232,0.63488478207399746,1,1,130,5
openbci,loso,15,arithmetic,arithmetic:s15:r2,extra_trees,1,0.31544757099161408,0.68455242900838575,1,1,130,5
openbci,loso,15,arithmetic,arithmetic:s15:r2,fixed_blend_010,1,0.31874525855440627,0.6812547414455935,1,1,130,5
openbci,loso,15,arithmetic,arithmetic:s15:r2,fixed_blend_025,1,0.33748458716404028,0.66251541283595961,1,1,130,5
openbci,loso,15,arithmetic,arithmetic:s15:r2,rf,1,0.36778154132587582,0.63221845867412407,1,1,130,5
openbci,loso,15,arithmetic,arithmetic:s15:r2,riemann_mdm,1,0.6501253830316932,0.34987461696830668,0,0,130,5
openbci,loso,15,arithmetic,arithmetic:s15:r2,riemann_ts_logreg,1,0.83960175817016802,0.16039824182983189,0,0,130,5
openbci,loso,15,arithmetic,arithmetic:s15:r2,stack_recording,1,0.37282535531398192,0.62717464468601802,1,1,130,5
openbci,loso,15,arithmetic,arithmetic:s15:r3,always_fuse,1,0.43223339443516712,0.56776660556483283,1,1,248,5
openbci,loso,15,arithmetic,arithmetic:s15:r3,always_nn,1,0.38387465515135433,0.61612534484864545,1,1,248,5
openbci,loso,15,arithmetic,arithmetic:s15:r3,cbsf,1,0.40769246565197198,0.59230753434802785,1,1,248,5
openbci,loso,15,arithmetic,arithmetic:s15:r3,dasf_clean,1,0.38387465515135433,0.61612534484864545,1,1,248,5
openbci,loso,15,arithmetic,arithmetic:s15:r3,eeg_conformer,1,0.38148874772497182,0.61851125227502812,1,1,248,5
openbci,loso,15,arithmetic,arithmetic:s15:r3,eegnet,1,0.28035756044507443,0.71964243955492535,1,1,248,5
openbci,loso,15,arithmetic,arithmetic:s15:r3,equal_blend_050,1,0.41264314576668371,0.58735685423331607,1,1,248,5
openbci,loso,15,arithmetic,arithmetic:s15:r3,extra_trees,1,0.38045958617774872,0.61954041382225122,1,1,248,5
openbci,loso,15,arithmetic,arithmetic:s15:r3,fixed_blend_010,1,0.38971642147258773,0.61028357852741211,1,1,248,5
openbci,loso,15,arithmetic,arithmetic:s15:r3,fixed_blend_025,1,0.39934129099472782,0.6006587090052723,1,1,248,5
openbci,loso,15,arithmetic,arithmetic:s15:r3,rf,1,0.4372022624736005,0.5627977375263995,1,1,248,5
openbci,loso,15,arithmetic,arithmetic:s15:r3,riemann_mdm,1,0.63465697785695796,0.36534302214304198,0,0,248,5
openbci,loso,15,arithmetic,arithmetic:s15:r3,riemann_ts_logreg,1,0.8485863706689224,0.1514136293310776,0,0,248,5
openbci,loso,15,arithmetic,arithmetic:s15:r3,stack_recording,1,0.40168934564403852,0.59831065435596142,1,1,248,5
