variant_id,variant,evaluation,evaluation_display,condition,condition_display,participant,split_seed,fold,train_windows,train_recordings,validation_windows,validation_recordings,recording_accuracy,recording_balanced_accuracy,recording_log_loss,analysis_digest
reference,Reference preprocessing,recording_disjoint,Within-participant recording-disjoint,arithmetic,Arithmetic,1,1335,1,370,2,326,2,1.0,1.0,0.30167173976713935,1e552215c77f44ad8a12bea9eda3e11d1fc539d12c7489a0abf60ae3927ba841
reference,Reference preprocessing,recording_disjoint,Within-participant recording-disjoint,arithmetic,Arithmetic,1,1335,2,326,2,370,2,0.5,0.5,1.8166086222003435,1e552215c77f44ad8a12bea9eda3e11d1fc539d12c7489a0abf60ae3927ba841
reference,Reference preprocessing,recording_disjoint,Within-participant recording-disjoint,arithmetic,Arithmetic,1,1388,1,321,2,375,2,1.0,1.0,0.010723110475179468,1e552215c77f44ad8a12bea9eda3e11d1fc539d12c7489a0abf60ae3927ba841
reference,Reference preprocessing,recording_disjoint,Within-participant recording-disjoint,arithmetic,Arithmetic,1,1388,2,375,2,321,2,0.5,0.5,0.9034053816597644,1e552215c77f44ad8a12bea9eda3e11d1fc539d12c7489a0abf60ae3927ba841
reference,Reference preprocessing,recording_disjoint,Within-participant recording-disjoint,arithmetic,Arithmetic,1,1441,1,321,2,375,2,1.0,1.0,0.010723110475179468,1e552215c77f44ad8a12bea9eda3e11d1fc539d12c7489a0abf60ae3927ba841
reference,Reference preprocessing,recording_disjoint,Within-participant recording-disjoint,arithmetic,Arithmetic,1,1441,2,375,2,321,2,0.5,0.5,0.9034053816597644,1e552215c77f44ad8a12bea9eda3e11d1fc539d12c7489a0abf60ae3927ba841
reference,Reference preprocessing,recording_disjoint,Within-participant recording-disjoint,arithmetic,Arithmetic,1,1494,1,321,2,375,2,1.0,1.0,0.010723110475179468,1e552215c77f44ad8a12bea9eda3e11d1fc539d12c7489a0abf60ae3927ba841
reference,Reference preprocessing,recording_disjoint,Within-participant recording-disjoint,arithmetic,Arithmetic,1,1494,2,375,2,321,2,0.5,0.5,0.9034053816597644,1e552215c77f44ad8a12bea9eda3e11d1fc539d12c7489a0abf60ae3927ba841
reference,Reference preprocessing,recording_disjoint,Within-participant recording-disjoint,arithmetic,Arithmetic,1,1547,1,370,2,326,2,1.0,1.0,0.30167173976713935,1e552215c77f44ad8a12bea9eda3e11d1fc539d12c7489a0abf60ae3927ba841
reference,Reference preprocessing,recording_disjoint,Within-participant recording-disjoint,arithmetic,Arithmetic,1,1547,2,326,2,370,2,0.5,0.5,1.8166086222003435,1e552215c77f44ad8a12bea9eda3e11d1fc539d12c7489a0abf60ae3927ba841
reference,Reference preprocessing,recording_disjoint,Within-participant recording-disjoint,arithmetic,Arithmetic,2,1335,1,402,2,586,2,0.5,0.5,1.42005502205998,1e552215c77f44ad8a12bea9eda3e11d1fc539d12c7489a0abf60ae3927ba841
reference,Reference preprocessing,recording_disjoint,Within-participant recording-disjoint,arithmetic,Arithmetic,2,1335,2,586,2,402,2,0.5,0.5,2.9972970014800184,1e552215c77f44ad8a12bea9eda3e11d1fc539d12c7489a0abf60ae3927ba841
reference,Reference preprocessing,recording_disjoint,Within-participant recording-disjoint,arithmetic,Arithmetic,2,1388,1,268,2,720,2,0.5,0.5,1.0344873921886688,1e552215c77f44ad8a12bea9eda3e11d1fc539d12c7489a0abf60ae3927ba841
reference,Reference preprocessing,recording_disjoint,Within-participant recording-disjoint,arithmetic,Arithmetic,2,1388,2,720,2,268,2,0.5,0.5,1.8773333660546954,1e552215c77f44ad8a12bea9eda3e11d1fc539d12c7489a0abf60ae3927ba841
reference,Reference preprocessing,recording_disjoint,Within-participant recording-disjoint,arithmetic,Arithmetic,2,1441,1,268,2,720,2,0.5,0.5,1.0344873921886688,1e552215c77f44ad8a12bea9eda3e11d1fc539d12c7489a0abf60ae3927ba841
reference,Reference preprocessing,recording_disjoint,Within-participant recording-disjoint,arithmetic,Arithmetic,2,1441,2,720,2,268,2,0.5,0.5,1.8773333660546954,1e552215c77f44ad8a12bea9eda3e11d1fc539d12c7489a0abf60ae3927ba841
reference,Reference preprocessing,recording_disjoint,Within-participant recording-disjoint,arithmetic,Arithmetic,2,1494,1,268,2,720,2,0.5,0.5,1.0344873921886688,1e552215c77f44ad8a12bea9eda3e11d1fc539d12c7489a0abf60ae3927ba841
reference,Reference preprocessing,recording_disjoint,Within-participant recording-disjoint,arithmetic,Arithmetic,2,1494,2,720,2,268,2,0.5,0.5,1.8773333660546954,1e552215c77f44ad8a12bea9eda3e11d1fc539d12c7489a0abf60ae3927ba841
reference,Reference preprocessing,recording_disjoint,Within-participant recording-disjoint,arithmetic,Arithmetic,2,1547,1,402,2,586,2,0.5,0.5,1.42005502205998,1e552215c77f44ad8a12bea9eda3e11d1fc539d12c7489a0abf60ae3927ba841
reference,Reference preprocessing,recording_disjoint,Within-participant recording-disjoint,arithmetic,Arithmetic,2,1547,2,586,2,402,2,0.5,0.5,2.9972970014800184,1e552215c77f44ad8a12bea9eda3e11d1fc539d12c7489a0abf60ae3927ba841
reference,Reference preprocessing,recording_disjoint,Within-participant recording-disjoint,arithmetic,Arithmetic,3,1335,1,251,2,318,2,0.5,0.5,3.881909051823874,1e552215c77f44ad8a12bea9eda3e11d1fc539d12c7489a0abf60ae3927ba841
reference,Reference preprocessing,recording_disjoint,Within-participant recording-disjoint,arithmetic,Arithmetic,3,1335,2,318,2,251,2,0.5,0.5,2.2014982716091764,1e552215c77f44ad8a12bea9eda3e11d1fc539d12c7489a0abf60ae3927ba841
reference,Reference preprocessing,recording_disjoint,Within-participant recording-disjoint,arithmetic,Arithmetic,3,1388,1,228,2,341,2,0.5,0.5,1.245329718338803,1e552215c77f44ad8a12bea9eda3e11d1fc539d12c7489a0abf60ae3927ba841
reference,Reference preprocessing,recording_disjoint,Within-participant recording-disjoint,arithmetic,Arithmetic,3,1388,2,341,2,228,2,0.5,0.5,3.9160332443393675,1e552215c77f44ad8a12bea9eda3e11d1fc539d12c7489a0abf60ae3927ba841
reference,Reference preprocessing,recording_disjoint,Within-participant recording-disjoint,arithmetic,Arithmetic,3,1441,1,228,2,341,2,0.5,0.5,1.245329718338803,1e552215c77f44ad8a12bea9eda3e11d1fc539d12c7489a0abf60ae3927ba841
reference,Reference preprocessing,recording_disjoint,Within-participant recording-disjoint,arithmetic,Arithmetic,3,1441,2,341,2,228,2,0.5,0.5,3.9160332443393675,1e552215c77f44ad8a12bea9eda3e11d1fc539d12c7489a0abf60ae3927ba841
reference,Reference preprocessing,recording_disjoint,Within-participant recording-disjoint,arithmetic,Arithmetic,3,1494,1,228,2,341,2,0.5,0.5,1.245329718338803,1e552215c77f44ad8a12bea9eda3e11d1fc539d12c7489a0abf60ae3927ba841
reference,Reference preprocessing,recording_disjoint,Within-participant recording-disjoint,arithmetic,Arithmetic,3,1494,2,341,2,228,2,0.5,0.5,3.9160332443393675,1e552215c77f44ad8a12bea9eda3e11d1fc539d12c7489a0abf60ae3927ba841
reference,Reference preprocessing,recording_disjoint,Within-participant recording-disjoint,arithmetic,Arithmetic,3,1547,1,251,2,318,2,0.5,0.5,3.881909051823874,1e552215c77f44ad8a12bea9eda3e11d1fc539d12c7489a0abf60ae3927ba841
reference,Reference preprocessing,recording_disjoint,Within-participant recording-disjoint,arithmetic,Arithmetic,3,1547,2,318,2,251,2,0.5,0.5,2.2014982716091764,1e552215c77f44ad8a12bea9eda3e11d1fc539d12c7489a0abf60ae3927ba841
reference,Reference preprocessing,recording_disjoint,Within-participant recording-disjoint,arithmetic,Arithmetic,4,1335,1,340,2,326,2,0.5,0.5,2.241263814315507,1e552215c77f44ad8a12bea9eda3e11d1fc539d12c7489a0abf60ae3927ba841
reference,Reference preprocessing,recording_disjoint,Within-participant recording-disjoint,arithmetic,Arithmetic,4,1335,2,326,2,340,2,0.5,0.5,9.992131332964776,1e552215c77f44ad8a12bea9eda3e11d1fc539d12c7489a0abf60ae3927ba841
reference,Reference preprocessing,recording_disjoint,Within-participant recording-disjoint,arithmetic,Arithmetic,4,1388,1,329,2,337,2,0.5,0.5,2.377060392701481,1e552215c77f44ad8a12bea9eda3e11d1fc539d12c7489a0abf60ae3927ba841
reference,Reference preprocessing,recording_disjoint,Within-participant recording-disjoint,arithmetic,Arithmetic,4,1388,2,337,2,329,2,0.5,0.5,1.5791203300268641,1e552215c77f44ad8a12bea9eda3e11d1fc539d12c7489a0abf60ae3927ba841
reference,Reference preprocessing,recording_disjoint,Within-participant recording-disjoint,arithmetic,Arithmetic,4,1441,1,329,2,337,2,0.5,0.5,2.377060392701481,1e552215c77f44ad8a12bea9eda3e11d1fc539d12c7489a0abf60ae3927ba841
reference,Reference preprocessing,recording_disjoint,Within-participant recording-disjoint,arithmetic,Arithmetic,4,1441,2,337,2,329,2,0.5,0.5,1.5791203300268641,1e552215c77f44ad8a12bea9eda3e11d1fc539d12c7489a0abf60ae3927ba841
reference,Reference preprocessing,recording_disjoint,Within-participant recording-disjoint,arithmetic,Arithmetic,4,1494,1,329,2,337,2,0.5,0.5,2.377060392701481,1e552215c77f44ad8a12bea9eda3e11d1fc539d12c7489a0abf60ae3927ba841
reference,Reference preprocessing,recording_disjoint,Within-participant recording-disjoint,arithmetic,Arithmetic,4,1494,2,337,2,329,2,0.5,0.5,1.5791203300268641,1e552215c77f44ad8a12bea9eda3e11d1fc539d12c7489a0abf60ae3927ba841
reference,Reference preprocessing,recording_disjoint,Within-participant recording-disjoint,arithmetic,Arithmetic,4,1547,1,340,2,326,2,0.5,0.5,2.241263814315507,1e552215c77f44ad8a12bea9eda3e11d1fc539d12c7489a0abf60ae3927ba841
reference,Reference preprocessing,recording_disjoint,Within-participant recording-disjoint,arithmetic,Arithmetic,4,1547,2,326,2,340,2,0.5,0.5,9.992131332964776,1e552215c77f44ad8a12bea9eda3e11d1fc539d12c7489a0abf60ae3927ba841
reference,Reference preprocessing,recording_disjoint,Within-participant recording-disjoint,arithmetic,Arithmetic,5,1335,1,385,2,442,2,0.5,0.5,3.601683008836479,1e552215c77f44ad8a12bea9eda3e11d1fc539d12c7489a0abf60ae3927ba841
reference,Reference preprocessing,recording_disjoint,Within-participant recording-disjoint,arithmetic,Arithmetic,5,1335,2,442,2,385,2,0.5,0.5,2.7512532573329147,1e552215c77f44ad8a12bea9eda3e11d1fc539d12c7489a0abf60ae3927ba841
reference,Reference preprocessing,recording_disjoint,Within-participant recording-disjoint,arithmetic,Arithmetic,5,1388,1,351,2,476,2,0.5,0.5,6.681429584667846,1e552215c77f44ad8a12bea9eda3e11d1fc539d12c7489a0abf60ae3927ba841
reference,Reference preprocessing,recording_disjoint,Within-participant recording-disjoint,arithmetic,Arithmetic,5,1388,2,476,2,351,2,0.5,0.5,2.3663200807624505,1e552215c77f44ad8a12bea9eda3e11d1fc539d12c7489a0abf60ae3927ba841
reference,Reference preprocessing,recording_disjoint,Within-participant recording-disjoint,arithmetic,Arithmetic,5,1441,1,351,2,476,2,0.5,0.5,6.681429584667846,1e552215c77f44ad8a12bea9eda3e11d1fc539d12c7489a0abf60ae3927ba841
reference,Reference preprocessing,recording_disjoint,Within-participant recording-disjoint,arithmetic,Arithmetic,5,1441,2,476,2,351,2,0.5,0.5,2.3663200807624505,1e552215c77f44ad8a12bea9eda3e11d1fc539d12c7489a0abf60ae3927ba841
reference,Reference preprocessing,recording_disjoint,Within-participant recording-disjoint,arithmetic,Arithmetic,5,1494,1,351,2,476,2,0.5,0.5,6.681429584667846,1e552215c77f44ad8a12bea9eda3e11d1fc539d12c7489a0abf60ae3927ba841
reference,Reference preprocessing,recording_disjoint,Within-participant recording-disjoint,arithmetic,Arithmetic,5,1494,2,476,2,351,2,0.5,0.5,2.3663200807624505,1e552215c77f44ad8a12bea9eda3e11d1fc539d12c7489a0abf60ae3927ba841
reference,Reference preprocessing,recording_disjoint,Within-participant recording-disjoint,arithmetic,Arithmetic,5,1547,1,385,2,442,2,0.5,0.5,3.601683008836479,1e552215c77f44ad8a12bea9eda3e11d1fc539d12c7489a0abf60ae3927ba841
reference,Reference preprocessing,recording_disjoint,Within-participant recording-disjoint,arithmetic,Arithmetic,5,1547,2,442,2,385,2,0.5,0.5,2.7512532573329147,1e552215c77f44ad8a12bea9eda3e11d1fc539d12c7489a0abf60ae3927ba841
reference,Reference preprocessing,recording_disjoint,Within-participant recording-disjoint,arithmetic,Arithmetic,6,1335,1,310,2,280,2,0.5,0.5,0.9392608423445952,1e552215c77f44ad8a12bea9eda3e11d1fc539d12c7489a0abf60ae3927ba841
reference,Reference preprocessing,recording_disjoint,Within-participant recording-disjoint,arithmetic,Arithmetic,6,1335,2,280,2,310,2,0.5,0.5,3.0425655582642883,1e552215c77f44ad8a12bea9eda3e11d1fc539d12c7489a0abf60ae3927ba841
reference,Reference preprocessing,recording_disjoint,Within-participant recording-disjoint,arithmetic,Arithmetic,6,1388,1,249,2,341,2,0.5,0.5,3.2912182669320798,1e552215c77f44ad8a12bea9eda3e11d1fc539d12c7489a0abf60ae3927ba841
reference,Reference preprocessing,recording_disjoint,Within-participant recording-disjoint,arithmetic,Arithmetic,6,1388,2,341,2,249,2,0.5,0.5,3.662349568553907,1e552215c77f44ad8a12bea9eda3e11d1fc539d12c7489a0abf60ae3927ba841
reference,Reference preprocessing,recording_disjoint,Within-participant recording-disjoint,arithmetic,Arithmetic,6,1441,1,249,2,341,2,0.5,0.5,3.2912182669320798,1e552215c77f44ad8a12bea9eda3e11d1fc539d12c7489a0abf60ae3927ba841
reference,Reference preprocessing,recording_disjoint,Within-participant recording-disjoint,arithmetic,Arithmetic,6,1441,2,341,2,249,2,0.5,0.5,3.662349568553907,1e552215c77f44ad8a12bea9eda3e11d1fc539d12c7489a0abf60ae3927ba841
reference,Reference preprocessing,recording_disjoint,Within-participant recording-disjoint,arithmetic,Arithmetic,6,1494,1,249,2,341,2,0.5,0.5,3.2912182669320798,1e552215c77f44ad8a12bea9eda3e11d1fc539d12c7489a0abf60ae3927ba841
reference,Reference preprocessing,recording_disjoint,Within-participant recording-disjoint,arithmetic,Arithmetic,6,1494,2,341,2,249,2,0.5,0.5,3.662349568553907,1e552215c77f44ad8a12bea9eda3e11d1fc539d12c7489a0abf60ae3927ba841
reference,Reference preprocessing,recording_disjoint,Within-participant recording-disjoint,arithmetic,Arithmetic,6,1547,1,310,2,280,2,0.5,0.5,0.9392608423445952,1e552215c77f44ad8a12bea9eda3e11d1fc539d12c7489a0abf60ae3927ba841
reference,Reference preprocessing,recording_disjoint,Within-participant recording-disjoint,arithmetic,Arithmetic,6,1547,2,280,2,310,2,0.5,0.5,3.0425655582642883,1e552215c77f44ad8a12bea9eda3e11d1fc539d12c7489a0abf60ae3927ba841
reference,Reference preprocessing,recording_disjoint,Within-participant recording-disjoint,arithmetic,Arithmetic,7,1335,1,138,2,215,2,1.0,1.0,0.09003193756362224,1e552215c77f44ad8a12bea9eda3e11d1fc539d12c7489a0abf60ae3927ba841
reference,Reference preprocessing,recording_disjoint,Within-participant recording-disjoint,arithmetic,Arithmetic,7,1335,2,215,2,138,2,0.5,0.5,3.326846978293626,1e552215c77f44ad8a12bea9eda3e11d1fc539d12c7489a0abf60ae3927ba841
reference,Reference preprocessing,recording_disjoint,Within-participant recording-disjoint,arithmetic,Arithmetic,7,1388,1,82,2,271,2,0.5,0.5,2.282787868487218,1e552215c77f44ad8a12bea9eda3e11d1fc539d12c7489a0abf60ae3927ba841
reference,Reference preprocessing,recording_disjoint,Within-participant recording-disjoint,arithmetic,Arithmetic,7,1388,2,271,2,82,2,0.5,0.5,2.7809768008356213,1e552215c77f44ad8a12bea9eda3e11d1fc539d12c7489a0abf60ae3927ba841
reference,Reference preprocessing,recording_disjoint,Within-participant recording-disjoint,arithmetic,Arithmetic,7,1441,1,82,2,271,2,0.5,0.5,2.282787868487218,1e552215c77f44ad8a12bea9eda3e11d1fc539d12c7489a0abf60ae3927ba841
reference,Reference preprocessing,recording_disjoint,Within-participant recording-disjoint,arithmetic,Arithmetic,7,1441,2,271,2,82,2,0.5,0.5,2.7809768008356213,1e552215c77f44ad8a12bea9eda3e11d1fc539d12c7489a0abf60ae3927ba841
reference,Reference preprocessing,recording_disjoint,Within-participant recording-disjoint,arithmetic,Arithmetic,7,1494,1,82,2,271,2,0.5,0.5,2.282787868487218,1e552215c77f44ad8a12bea9eda3e11d1fc539d12c7489a0abf60ae3927ba841
reference,Reference preprocessing,recording_disjoint,Within-participant recording-disjoint,arithmetic,Arithmetic,7,1494,2,271,2,82,2,0.5,0.5,2.7809768008356213,1e552215c77f44ad8a12bea9eda3e11d1fc539d12c7489a0abf60ae3927ba841
reference,Reference preprocessing,recording_disjoint,Within-participant recording-disjoint,arithmetic,Arithmetic,7,1547,1,138,2,215,2,1.0,1.0,0.09003193756362224,1e552215c77f44ad8a12bea9eda3e11d1fc539d12c7489a0abf60ae3927ba841
reference,Reference preprocessing,recording_disjoint,Within-participant recording-disjoint,arithmetic,Arithmetic,7,1547,2,215,2,138,2,0.5,0.5,3.326846978293626,1e552215c77f44ad8a12bea9eda3e11d1fc539d12c7489a0abf60ae3927ba841
reference,Reference preprocessing,recording_disjoint,Within-participant recording-disjoint,arithmetic,Arithmetic,8,1335,1,589,2,449,2,1.0,1.0,0.3547328277249498,1e552215c77f44ad8a12bea9eda3e11d1fc539d12c7489a0abf60ae3927ba841
reference,Reference preprocessing,recording_disjoint,Within-participant recording-disjoint,arithmetic,Arithmetic,8,1335,2,449,2,589,2,0.5,0.5,2.033416868218143,1e552215c77f44ad8a12bea9eda3e11d1fc539d12c7489a0abf60ae3927ba841
reference,Reference preprocessing,recording_disjoint,Within-participant recording-disjoint,arithmetic,Arithmetic,8,1388,1,537,2,501,2,0.5,0.5,0.6050837236028057,1e552215c77f44ad8a12bea9eda3e11d1fc539d12c7489a0abf60ae3927ba841
reference,Reference preprocessing,recording_disjoint,Within-participant recording-disjoint,arithmetic,Arithmetic,8,1388,2,501,2,537,2,0.5,0.5,2.270369467912014,1e552215c77f44ad8a12bea9eda3e11d1fc539d12c7489a0abf60ae3927ba841
reference,Reference preprocessing,recording_disjoint,Within-participant recording-disjoint,arithmetic,Arithmetic,8,1441,1,537,2,501,2,0.5,0.5,0.6050837236028057,1e552215c77f44ad8a12bea9eda3e11d1fc539d12c7489a0abf60ae3927ba841
reference,Reference preprocessing,recording_disjoint,Within-participant recording-disjoint,arithmetic,Arithmetic,8,1441,2,501,2,537,2,0.5,0.5,2.270369467912014,1e552215c77f44ad8a12bea9eda3e11d1fc539d12c7489a0abf60ae3927ba841
reference,Reference preprocessing,recording_disjoint,Within-participant recording-disjoint,arithmetic,Arithmetic,8,1494,1,537,2,501,2,0.5,0.5,0.6050837236028057,1e552215c77f44ad8a12bea9eda3e11d1fc539d12c7489a0abf60ae3927ba841
reference,Reference preprocessing,recording_disjoint,Within-participant recording-disjoint,arithmetic,Arithmetic,8,1494,2,501,2,537,2,0.5,0.5,2.270369467912014,1e552215c77f44ad8a12bea9eda3e11d1fc539d12c7489a0abf60ae3927ba841
reference,Reference preprocessing,recording_disjoint,Within-participant recording-disjoint,arithmetic,Arithmetic,8,1547,1,589,2,449,2,1.0,1.0,0.3547328277249498,1e552215c77f44ad8a12bea9eda3e11d1fc539d12c7489a0abf60ae3927ba841
reference,Reference preprocessing,recording_disjoint,Within-participant recording-disjoint,arithmetic,Arithmetic,8,1547,2,449,2,589,2,0.5,0.5,2.033416868218143,1e552215c77f44ad8a12bea9eda3e11d1fc539d12c7489a0abf60ae3927ba841
reference,Reference preprocessing,recording_disjoint,Within-participant recording-disjoint,arithmetic,Arithmetic,9,1335,1,547,2,532,2,1.0,1.0,0.5333514637453255,1e552215c77f44ad8a12bea9eda3e11d1fc539d12c7489a0abf60ae3927ba841
reference,Reference preprocessing,recording_disjoint,Within-participant recording-disjoint,arithmetic,Arithmetic,9,1335,2,532,2,547,2,0.5,0.5,2.9062872300890423,1e552215c77f44ad8a12bea9eda3e11d1fc539d12c7489a0abf60ae3927ba841
reference,Reference preprocessing,recording_disjoint,Within-participant recording-disjoint,arithmetic,Arithmetic,9,1388,1,243,2,836,2,0.5,0.5,0.8582914590560717,1e552215c77f44ad8a12bea9eda3e11d1fc539d12c7489a0abf60ae3927ba841
reference,Reference preprocessing,recording_disjoint,Within-participant recording-disjoint,arithmetic,Arithmetic,9,1388,2,836,2,243,2,0.5,0.5,3.5056679986282826,1e552215c77f44ad8a12bea9eda3e11d1fc539d12c7489a0abf60ae3927ba841
reference,Reference preprocessing,recording_disjoint,Within-participant recording-disjoint,arithmetic,Arithmetic,9,1441,1,243,2,836,2,0.5,0.5,0.8582914590560717,1e552215c77f44ad8a12bea9eda3e11d1fc539d12c7489a0abf60ae3927ba841
reference,Reference preprocessing,recording_disjoint,Within-participant recording-disjoint,arithmetic,Arithmetic,9,1441,2,836,2,243,2,0.5,0.5,3.5056679986282826,1e552215c77f44ad8a12bea9eda3e11d1fc539d12c7489a0abf60ae3927ba841
reference,Reference preprocessing,recording_disjoint,Within-participant recording-disjoint,arithmetic,Arithmetic,9,1494,1,243,2,836,2,0.5,0.5,0.8582914590560717,1e552215c77f44ad8a12bea9eda3e11d1fc539d12c7489a0abf60ae3927ba841
reference,Reference preprocessing,recording_disjoint,Within-participant recording-disjoint,arithmetic,Arithmetic,9,1494,2,836,2,243,2,0.5,0.5,3.5056679986282826,1e552215c77f44ad8a12bea9eda3e11d1fc539d12c7489a0abf60ae3927ba841
reference,Reference preprocessing,recording_disjoint,Within-participant recording-disjoint,arithmetic,Arithmetic,9,1547,1,547,2,532,2,1.0,1.0,0.5333514637453255,1e552215c77f44ad8a12bea9eda3e11d1fc539d12c7489a0abf60ae3927ba841
reference,Reference preprocessing,recording_disjoint,Within-participant recording-disjoint,arithmetic,Arithmetic,9,1547,2,532,2,547,2,0.5,0.5,2.9062872300890423,1e552215c77f44ad8a12bea9eda3e11d1fc539d12c7489a0abf60ae3927ba841
reference,Reference preprocessing,recording_disjoint,Within-participant recording-disjoint,arithmetic,Arithmetic,10,1335,1,241,2,297,2,0.5,0.5,5.246362664861573,1e552215c77f44ad8a12bea9eda3e11d1fc539d12c7489a0abf60ae3927ba841
reference,Reference preprocessing,recording_disjoint,Within-participant recording-disjoint,arithmetic,Arithmetic,10,1335,2,297,2,241,2,0.5,0.5,1.8298352773758606,1e552215c77f44ad8a12bea9eda3e11d1fc539d12c7489a0abf60ae3927ba841
reference,Reference preprocessing,recording_disjoint,Within-participant recording-disjoint,arithmetic,Arithmetic,10,1388,1,208,2,330,2,0.5,0.5,0.6016744039806244,1e552215c77f44ad8a12bea9eda3e11d1fc539d12c7489a0abf60ae3927ba841
reference,Reference preprocessing,recording_disjoint,Within-participant recording-disjoint,arithmetic,Arithmetic,10,1388,2,330,2,208,2,0.5,0.5,1.7716399885199263,1e552215c77f44ad8a12bea9eda3e11d1fc539d12c7489a0abf60ae3927ba841
reference,Reference preprocessing,recording_disjoint,Within-participant recording-disjoint,arithmetic,Arithmetic,10,1441,1,208,2,330,2,0.5,0.5,0.6016744039806244,1e552215c77f44ad8a12bea9eda3e11d1fc539d12c7489a0abf60ae3927ba841
reference,Reference preprocessing,recording_disjoint,Within-participant recording-disjoint,arithmetic,Arithmetic,10,1441,2,330,2,208,2,0.5,0.5,1.7716399885199263,1e552215c77f44ad8a12bea9eda3e11d1fc539d12c7489a0abf60ae3927ba841
reference,Reference preprocessing,recording_disjoint,Within-participant recording-disjoint,arithmetic,Arithmetic,10,1494,1,208,2,330,2,0.5,0.5,0.6016744039806244,1e552215c77f44ad8a12bea9eda3e11d1fc539d12c7489a0abf60ae3927ba841
reference,Reference preprocessing,recording_disjoint,Within-participant recording-disjoint,arithmetic,Arithmetic,10,1494,2,330,2,208,2,0.5,0.5,1.7716399885199263,1e552215c77f44ad8a12bea9eda3e11d1fc539d12c7489a0abf60ae3927ba841
reference,Reference preprocessing,recording_disjoint,Within-participant recording-disjoint,arithmetic,Arithmetic,10,1547,1,241,2,297,2,0.5,0.5,5.246362664861573,1e552215c77f44ad8a12bea9eda3e11d1fc539d12c7489a0abf60ae3927ba841
reference,Reference preprocessing,recording_disjoint,Within-participant recording-disjoint,arithmetic,Arithmetic,10,1547,2,297,2,241,2,0.5,0.5,1.8298352773758606,1e552215c77f44ad8a12bea9eda3e11d1fc539d12c7489a0abf60ae3927ba841
reference,Reference preprocessing,recording_disjoint,Within-participant recording-disjoint,arithmetic,Arithmetic,11,1335,1,366,2,406,2,0.5,0.5,7.209686558585451,1e552215c77f44ad8a12bea9eda3e11d1fc539d12c7489a0abf60ae3927ba841
reference,Reference preprocessing,recording_disjoint,Within-participant recording-disjoint,arithmetic,Arithmetic,11,1335,2,406,2,366,2,0.5,0.5,2.8941178750462253,1e552215c77f44ad8a12bea9eda3e11d1fc539d12c7489a0abf60ae3927ba841
reference,Reference preprocessing,recording_disjoint,Within-participant recording-disjoint,arithmetic,Arithmetic,11,1388,1,317,2,455,2,0.5,0.5,5.708828993217093,1e552215c77f44ad8a12bea9eda3e11d1fc539d12c7489a0abf60ae3927ba841
reference,Reference preprocessing,recording_disjoint,Within-participant recording-disjoint,arithmetic,Arithmetic,11,1388,2,455,2,317,2,0.5,0.5,2.834168423823624,1e552215c77f44ad8a12bea9eda3e11d1fc539d12c7489a0abf60ae3927ba841
reference,Reference preprocessing,recording_disjoint,Within-participant recording-disjoint,arithmetic,Arithmetic,11,1441,1,317,2,455,2,0.5,0.5,5.708828993217093,1e552215c77f44ad8a12bea9eda3e11d1fc539d12c7489a0abf60ae3927ba841
reference,Reference preprocessing,recording_disjoint,Within-participant recording-disjoint,arithmetic,Arithmetic,11,1441,2,455,2,317,2,0.5,0.5,2.834168423823624,1e552215c77f44ad8a12bea9eda3e11d1fc539d12c7489a0abf60ae3927ba841
reference,Reference preprocessing,recording_disjoint,Within-participant recording-disjoint,arithmetic,Arithmetic,11,1494,1,317,2,455,2,0.5,0.5,5.708828993217093,1e552215c77f44ad8a12bea9eda3e11d1fc539d12c7489a0abf60ae3927ba841
reference,Reference preprocessing,recording_disjoint,Within-participant recording-disjoint,arithmetic,Arithmetic,11,1494,2,455,2,317,2,0.5,0.5,2.834168423823624,1e552215c77f44ad8a12bea9eda3e11d1fc539d12c7489a0abf60ae3927ba841
reference,Reference preprocessing,recording_disjoint,Within-participant recording-disjoint,arithmetic,Arithmetic,11,1547,1,366,2,406,2,0.5,0.5,7.209686558585451,1e552215c77f44ad8a12bea9eda3e11d1fc539d12c7489a0abf60ae3927ba841
reference,Reference preprocessing,recording_disjoint,Within-participant recording-disjoint,arithmetic,Arithmetic,11,1547,2,406,2,366,2,0.5,0.5,2.8941178750462253,1e552215c77f44ad8a12bea9eda3e11d1fc539d12c7489a0abf60ae3927ba841
reference,Reference preprocessing,recording_disjoint,Within-participant recording-disjoint,arithmetic,Arithmetic,12,1335,1,335,2,320,2,0.5,0.5,1.1624236430348387,1e552215c77f44ad8a12bea9eda3e11d1fc539d12c7489a0abf60ae3927ba841
reference,Reference preprocessing,recording_disjoint,Within-participant recording-disjoint,arithmetic,Arithmetic,12,1335,2,320,2,335,2,0.5,0.5,3.246653326290797,1e552215c77f44ad8a12bea9eda3e11d1fc539d12c7489a0abf60ae3927ba841
reference,Reference preprocessing,recording_disjoint,Within-participant recording-disjoint,arithmetic,Arithmetic,12,1388,1,251,2,404,2,0.5,0.5,3.7482958882088373,1e552215c77f44ad8a12bea9eda3e11d1fc539d12c7489a0abf60ae3927ba841
reference,Reference preprocessing,recording_disjoint,Within-participant recording-disjoint,arithmetic,Arithmetic,12,1388,2,404,2,251,2,0.5,0.5,2.345737095717788,1e552215c77f44ad8a12bea9eda3e11d1fc539d12c7489a0abf60ae3927ba841
reference,Reference preprocessing,recording_disjoint,Within-participant recording-disjoint,arithmetic,Arithmetic,12,1441,1,251,2,404,2,0.5,0.5,3.7482958882088373,1e552215c77f44ad8a12bea9eda3e11d1fc539d12c7489a0abf60ae3927ba841
reference,Reference preprocessing,recording_disjoint,Within-participant recording-disjoint,arithmetic,Arithmetic,12,1441,2,404,2,251,2,0.5,0.5,2.345737095717788,1e552215c77f44ad8a12bea9eda3e11d1fc539d12c7489a0abf60ae3927ba841
reference,Reference preprocessing,recording_disjoint,Within-participant recording-disjoint,arithmetic,Arithmetic,12,1494,1,251,2,404,2,0.5,0.5,3.7482958882088373,1e552215c77f44ad8a12bea9eda3e11d1fc539d12c7489a0abf60ae3927ba841
reference,Reference preprocessing,recording_disjoint,Within-participant recording-disjoint,arithmetic,Arithmetic,12,1494,2,404,2,251,2,0.5,0.5,2.345737095717788,1e552215c77f44ad8a12bea9eda3e11d1fc539d12c7489a0abf60ae3927ba841
reference,Reference preprocessing,recording_disjoint,Within-participant recording-disjoint,arithmetic,Arithmetic,12,1547,1,335,2,320,2,0.5,0.5,1.1624236430348387,1e552215c77f44ad8a12bea9eda3e11d1fc539d12c7489a0abf60ae3927ba841
reference,Reference preprocessing,recording_disjoint,Within-participant recording-disjoint,arithmetic,Arithmetic,12,1547,2,320,2,335,2,0.5,0.5,3.246653326290797,1e552215c77f44ad8a12bea9eda3e11d1fc539d12c7489a0abf60ae3927ba841
reference,Reference preprocessing,recording_disjoint,Within-participant recording-disjoint,arithmetic,Arithmetic,13,1335,1,345,2,325,2,0.5,0.5,0.5791610879929556,1e552215c77f44ad8a12bea9eda3e11d1fc539d12c7489a0abf60ae3927ba841
reference,Reference preprocessing,recording_disjoint,Within-participant recording-disjoint,arithmetic,Arithmetic,13,1335,2,325,2,345,2,0.5,0.5,3.380168625946877,1e552215c77f44ad8a12bea9eda3e11d1fc539d12c7489a0abf60ae3927ba841
reference,Reference preprocessing,recording_disjoint,Within-participant recording-disjoint,arithmetic,Arithmetic,13,1388,1,287,2,383,2,0.5,0.5,3.4315872643801932,1e552215c77f44ad8a12bea9eda3e11d1fc539d12c7489a0abf60ae3927ba841
reference,Reference preprocessing,recording_disjoint,Within-participant recording-disjoint,arithmetic,Arithmetic,13,1388,2,383,2,287,2,0.5,0.5,2.9739305427689917,1e552215c77f44ad8a12bea9eda3e11d1fc539d12c7489a0abf60ae3927ba841
reference,Reference preprocessing,recording_disjoint,Within-participant recording-disjoint,arithmetic,Arithmetic,13,1441,1,287,2,383,2,0.5,0.5,3.4315872643801932,1e552215c77f44ad8a12bea9eda3e11d1fc539d12c7489a0abf60ae3927ba841
reference,Reference preprocessing,recording_disjoint,Within-participant recording-disjoint,arithmetic,Arithmetic,13,1441,2,383,2,287,2,0.5,0.5,2.9739305427689917,1e552215c77f44ad8a12bea9eda3e11d1fc539d12c7489a0abf60ae3927ba841
reference,Reference preprocessing,recording_disjoint,Within-participant recording-disjoint,arithmetic,Arithmetic,13,1494,1,287,2,383,2,0.5,0.5,3.4315872643801932,1e552215c77f44ad8a12bea9eda3e11d1fc539d12c7489a0abf60ae3927ba841
reference,Reference preprocessing,recording_disjoint,Within-participant recording-disjoint,arithmetic,Arithmetic,13,1494,2,383,2,287,2,0.5,0.5,2.9739305427689917,1e552215c77f44ad8a12bea9eda3e11d1fc539d12c7489a0abf60ae3927ba841
reference,Reference preprocessing,recording_disjoint,Within-participant recording-disjoint,arithmetic,Arithmetic,13,1547,1,345,2,325,2,0.5,0.5,0.5791610879929556,1e552215c77f44ad8a12bea9eda3e11d1fc539d12c7489a0abf60ae3927ba841
reference,Reference preprocessing,recording_disjoint,Within-participant recording-disjoint,arithmetic,Arithmetic,13,1547,2,325,2,345,2,0.5,0.5,3.380168625946877,1e552215c77f44ad8a12bea9eda3e11d1fc539d12c7489a0abf60ae3927ba841
reference,Reference preprocessing,recording_disjoint,Within-participant recording-disjoint,arithmetic,Arithmetic,14,1335,1,284,2,310,2,0.0,0.0,15.572296610782853,1e552215c77f44ad8a12bea9eda3e11d1fc539d12c7489a0abf60ae3927ba841
reference,Reference preprocessing,recording_disjoint,Within-participant recording-disjoint,arithmetic,Arithmetic,14,1335,2,310,2,284,2,0.5,0.5,4.547953311255131,1e552215c77f44ad8a12bea9eda3e11d1fc539d12c7489a0abf60ae3927ba841
reference,Reference preprocessing,recording_disjoint,Within-participant recording-disjoint,arithmetic,Arithmetic,14,1388,1,269,2,325,2,0.5,0.5,3.2400676256366854,1e552215c77f44ad8a12bea9eda3e11d1fc539d12c7489a0abf60ae3927ba841
reference,Reference preprocessing,recording_disjoint,Within-participant recording-disjoint,arithmetic,Arithmetic,14,1388,2,325,2,269,2,0.5,0.5,5.687668281825025,1e552215c77f44ad8a12bea9eda3e11d1fc539d12c7489a0abf60ae3927ba841
reference,Reference preprocessing,recording_disjoint,Within-participant recording-disjoint,arithmetic,Arithmetic,14,1441,1,269,2,325,2,0.5,0.5,3.2400676256366854,1e552215c77f44ad8a12bea9eda3e11d1fc539d12c7489a0abf60ae3927ba841
reference,Reference preprocessing,recording_disjoint,Within-participant recording-disjoint,arithmetic,Arithmetic,14,1441,2,325,2,269,2,0.5,0.5,5.687668281825025,1e552215c77f44ad8a12bea9eda3e11d1fc539d12c7489a0abf60ae3927ba841
reference,Reference preprocessing,recording_disjoint,Within-participant recording-disjoint,arithmetic,Arithmetic,14,1494,1,269,2,325,2,0.5,0.5,3.2400676256366854,1e552215c77f44ad8a12bea9eda3e11d1fc539d12c7489a0abf60ae3927ba841
reference,Reference preprocessing,recording_disjoint,Within-participant recording-disjoint,arithmetic,Arithmetic,14,1494,2,325,2,269,2,0.5,0.5,5.687668281825025,1e552215c77f44ad8a12bea9eda3e11d1fc539d12c7489a0abf60ae3927ba841
reference,Reference preprocessing,recording_disjoint,Within-participant recording-disjoint,arithmetic,Arithmetic,14,1547,1,284,2,310,2,0.0,0.0,15.572296610782853,1e552215c77f44ad8a12bea9eda3e11d1fc539d12c7489a0abf60ae3927ba841
reference,Reference preprocessing,recording_disjoint,Within-participant recording-disjoint,arithmetic,Arithmetic,14,1547,2,310,2,284,2,0.5,0.5,4.547953311255131,1e552215c77f44ad8a12bea9eda3e11d1fc539d12c7489a0abf60ae3927ba841
reference,Reference preprocessing,recording_disjoint,Within-participant recording-disjoint,arithmetic,Arithmetic,15,1335,1,432,2,295,2,1.0,1.0,0.14156572071689347,1e552215c77f44ad8a12bea9eda3e11d1fc539d12c7489a0abf60ae3927ba841
reference,Reference preprocessing,recording_disjoint,Within-participant recording-disjoint,arithmetic,Arithmetic,15,1335,2,295,2,432,2,0.5,0.5,4.018561682918616,1e552215c77f44ad8a12bea9eda3e11d1fc539d12c7489a0abf60ae3927ba841
reference,Reference preprocessing,recording_disjoint,Within-participant recording-disjoint,arithmetic,Arithmetic,15,1388,1,314,2,413,2,1.0,1.0,0.0013853510040221996,1e552215c77f44ad8a12bea9eda3e11d1fc539d12c7489a0abf60ae3927ba841
reference,Reference preprocessing,recording_disjoint,Within-participant recording-disjoint,arithmetic,Arithmetic,15,1388,2,413,2,314,2,0.5,0.5,4.288125100570275,1e552215c77f44ad8a12bea9eda3e11d1fc539d12c7489a0abf60ae3927ba841
reference,Reference preprocessing,recording_disjoint,Within-participant recording-disjoint,arithmetic,Arithmetic,15,1441,1,314,2,413,2,1.0,1.0,0.0013853510040221996,1e552215c77f44ad8a12bea9eda3e11d1fc539d12c7489a0abf60ae3927ba841
reference,Reference preprocessing,recording_disjoint,Within-participant recording-disjoint,arithmetic,Arithmetic,15,1441,2,413,2,314,2,0.5,0.5,4.288125100570275,1e552215c77f44ad8a12bea9eda3e11d1fc539d12c7489a0abf60ae3927ba841
reference,Reference preprocessing,recording_disjoint,Within-participant recording-disjoint,arithmetic,Arithmetic,15,1494,1,314,2,413,2,1.0,1.0,0.0013853510040221996,1e552215c77f44ad8a12bea9eda3e11d1fc539d12c7489a0abf60ae3927ba841
reference,Reference preprocessing,recording_disjoint,Within-participant recording-disjoint,arithmetic,Arithmetic,15,1494,2,413,2,314,2,0.5,0.5,4.288125100570275,1e552215c77f44ad8a12bea9eda3e11d1fc539d12c7489a0abf60ae3927ba841
reference,Reference preprocessing,recording_disjoint,Within-participant recording-disjoint,arithmetic,Arithmetic,15,1547,1,432,2,295,2,1.0,1.0,0.14156572071689347,1e552215c77f44ad8a12bea9eda3e11d1fc539d12c7489a0abf60ae3927ba841
reference,Reference preprocessing,recording_disjoint,Within-participant recording-disjoint,arithmetic,Arithmetic,15,1547,2,295,2,432,2,0.5,0.5,4.018561682918616,1e552215c77f44ad8a12bea9eda3e11d1fc539d12c7489a0abf60ae3927ba841
reference,Reference preprocessing,participant_disjoint_loso,Participant-disjoint LOSO,arithmetic,Arithmetic,1,,1,10066,56,696,4,0.75,0.75,0.49685689159474633,1e552215c77f44ad8a12bea9eda3e11d1fc539d12c7489a0abf60ae3927ba841
reference,Reference preprocessing,participant_disjoint_loso,Participant-disjoint LOSO,arithmetic,Arithmetic,2,,2,9774,56,988,4,0.5,0.5,2.265945256987206,1e552215c77f44ad8a12bea9eda3e11d1fc539d12c7489a0abf60ae3927ba841
reference,Reference preprocessing,participant_disjoint_loso,Participant-disjoint LOSO,arithmetic,Arithmetic,3,,3,10193,56,569,4,0.75,0.75,0.39476715392400596,1e552215c77f44ad8a12bea9eda3e11d1fc539d12c7489a0abf60ae3927ba841
reference,Reference preprocessing,participant_disjoint_loso,Participant-disjoint LOSO,arithmetic,Arithmetic,4,,4,10096,56,666,4,0.5,0.5,1.5959921219273698,1e552215c77f44ad8a12bea9eda3e11d1fc539d12c7489a0abf60ae3927ba841
reference,Reference preprocessing,participant_disjoint_loso,Participant-disjoint LOSO,arithmetic,Arithmetic,5,,5,9935,56,827,4,0.5,0.5,0.8528801803271453,1e552215c77f44ad8a12bea9eda3e11d1fc539d12c7489a0abf60ae3927ba841
reference,Reference preprocessing,participant_disjoint_loso,Participant-disjoint LOSO,arithmetic,Arithmetic,6,,6,10172,56,590,4,0.5,0.5,4.312335382649067,1e552215c77f44ad8a12bea9eda3e11d1fc539d12c7489a0abf60ae3927ba841
reference,Reference preprocessing,participant_disjoint_loso,Participant-disjoint LOSO,arithmetic,Arithmetic,7,,7,10409,56,353,4,0.5,0.5,1.46650816193656,1e552215c77f44ad8a12bea9eda3e11d1fc539d12c7489a0abf60ae3927ba841
reference,Reference preprocessing,participant_disjoint_loso,Participant-disjoint LOSO,arithmetic,Arithmetic,8,,8,9724,56,1038,4,0.5,0.5,0.9892671879858562,1e552215c77f44ad8a12bea9eda3e11d1fc539d12c7489a0abf60ae3927ba841
reference,Reference preprocessing,participant_disjoint_loso,Participant-disjoint LOSO,arithmetic,Arithmetic,9,,9,9683,56,1079,4,0.5,0.5,1.1941311003217585,1e552215c77f44ad8a12bea9eda3e11d1fc539d12c7489a0abf60ae3927ba841
reference,Reference preprocessing,participant_disjoint_loso,Participant-disjoint LOSO,arithmetic,Arithmetic,10,,10,10224,56,538,4,0.5,0.5,0.5250327965425083,1e552215c77f44ad8a12bea9eda3e11d1fc539d12c7489a0abf60ae3927ba841
reference,Reference preprocessing,participant_disjoint_loso,Participant-disjoint LOSO,arithmetic,Arithmetic,11,,11,9990,56,772,4,0.75,0.75,0.5598792103529496,1e552215c77f44ad8a12bea9eda3e11d1fc539d12c7489a0abf60ae3927ba841
reference,Reference preprocessing,participant_disjoint_loso,Participant-disjoint LOSO,arithmetic,Arithmetic,12,,12,10107,56,655,4,0.5,0.5,0.8782211465940197,1e552215c77f44ad8a12bea9eda3e11d1fc539d12c7489a0abf60ae3927ba841
reference,Reference preprocessing,participant_disjoint_loso,Participant-disjoint LOSO,arithmetic,Arithmetic,13,,13,10092,56,670,4,0.75,0.75,0.4128512113829891,1e552215c77f44ad8a12bea9eda3e11d1fc539d12c7489a0abf60ae3927ba841
reference,Reference preprocessing,participant_disjoint_loso,Participant-disjoint LOSO,arithmetic,Arithmetic,14,,14,10168,56,594,4,0.75,0.75,0.8368676187336412,1e552215c77f44ad8a12bea9eda3e11d1fc539d12c7489a0abf60ae3927ba841
reference,Reference preprocessing,participant_disjoint_loso,Participant-disjoint LOSO,arithmetic,Arithmetic,15,,15,10035,56,727,4,0.5,0.5,2.2942443886315793,1e552215c77f44ad8a12bea9eda3e11d1fc539d12c7489a0abf60ae3927ba841
reference,Reference preprocessing,recording_disjoint,Within-participant recording-disjoint,stroop,Stroop,1,1335,1,357,2,296,2,0.5,0.5,2.061505748255571,1e552215c77f44ad8a12bea9eda3e11d1fc539d12c7489a0abf60ae3927ba841
reference,Reference preprocessing,recording_disjoint,Within-participant recording-disjoint,stroop,Stroop,1,1335,2,296,2,357,2,0.5,0.5,3.742270830387419,1e552215c77f44ad8a12bea9eda3e11d1fc539d12c7489a0abf60ae3927ba841
reference,Reference preprocessing,recording_disjoint,Within-participant recording-disjoint,stroop,Stroop,1,1388,1,287,2,366,2,0.0,0.0,4.838906584917401,1e552215c77f44ad8a12bea9eda3e11d1fc539d12c7489a0abf60ae3927ba841
reference,Reference preprocessing,recording_disjoint,Within-participant recording-disjoint,stroop,Stroop,1,1388,2,366,2,287,2,0.5,0.5,2.2006285138496624,1e552215c77f44ad8a12bea9eda3e11d1fc539d12c7489a0abf60ae3927ba841
reference,Reference preprocessing,recording_disjoint,Within-participant recording-disjoint,stroop,Stroop,1,1441,1,287,2,366,2,0.0,0.0,4.838906584917401,1e552215c77f44ad8a12bea9eda3e11d1fc539d12c7489a0abf60ae3927ba841
reference,Reference preprocessing,recording_disjoint,Within-participant recording-disjoint,stroop,Stroop,1,1441,2,366,2,287,2,0.5,0.5,2.2006285138496624,1e552215c77f44ad8a12bea9eda3e11d1fc539d12c7489a0abf60ae3927ba841
reference,Reference preprocessing,recording_disjoint,Within-participant recording-disjoint,stroop,Stroop,1,1494,1,287,2,366,2,0.0,0.0,4.838906584917401,1e552215c77f44ad8a12bea9eda3e11d1fc539d12c7489a0abf60ae3927ba841
reference,Reference preprocessing,recording_disjoint,Within-participant recording-disjoint,stroop,Stroop,1,1494,2,366,2,287,2,0.5,0.5,2.2006285138496624,1e552215c77f44ad8a12bea9eda3e11d1fc539d12c7489a0abf60ae3927ba841
reference,Reference preprocessing,recording_disjoint,Within-participant recording-disjoint,stroop,Stroop,1,1547,1,357,2,296,2,0.5,0.5,2.061505748255571,1e552215c77f44ad8a12bea9eda3e11d1fc539d12c7489a0abf60ae3927ba841
reference,Reference preprocessing,recording_disjoint,Within-participant recording-disjoint,stroop,Stroop,1,1547,2,296,2,357,2,0.5,0.5,3.742270830387419,1e552215c77f44ad8a12bea9eda3e11d1fc539d12c7489a0abf60ae3927ba841
reference,Reference preprocessing,recording_disjoint,Within-participant recording-disjoint,stroop,Stroop,2,1335,1,303,2,556,2,1.0,1.0,0.08651144729350146,1e552215c77f44ad8a12bea9eda3e11d1fc539d12c7489a0abf60ae3927ba841
reference,Reference preprocessing,recording_disjoint,Within-participant recording-disjoint,stroop,Stroop,2,1335,2,556,2,303,2,0.5,0.5,2.547816868208759,1e552215c77f44ad8a12bea9eda3e11d1fc539d12c7489a0abf60ae3927ba841
reference,Reference preprocessing,recording_disjoint,Within-participant recording-disjoint,stroop,Stroop,2,1388,1,201,2,658,2,1.0,1.0,0.0756383430683497,1e552215c77f44ad8a12bea9eda3e11d1fc539d12c7489a0abf60ae3927ba841
reference,Reference preprocessing,recording_disjoint,Within-participant recording-disjoint,stroop,Stroop,2,1388,2,658,2,201,2,0.5,0.5,2.5518370940989428,1e552215c77f44ad8a12bea9eda3e11d1fc539d12c7489a0abf60ae3927ba841
reference,Reference preprocessing,recording_disjoint,Within-participant recording-disjoint,stroop,Stroop,2,1441,1,201,2,658,2,1.0,1.0,0.0756383430683497,1e552215c77f44ad8a12bea9eda3e11d1fc539d12c7489a0abf60ae3927ba841
reference,Reference preprocessing,recording_disjoint,Within-participant recording-disjoint,stroop,Stroop,2,1441,2,658,2,201,2,0.5,0.5,2.5518370940989428,1e552215c77f44ad8a12bea9eda3e11d1fc539d12c7489a0abf60ae3927ba841
reference,Reference preprocessing,recording_disjoint,Within-participant recording-disjoint,stroop,Stroop,2,1494,1,201,2,658,2,1.0,1.0,0.0756383430683497,1e552215c77f44ad8a12bea9eda3e11d1fc539d12c7489a0abf60ae3927ba841
reference,Reference preprocessing,recording_disjoint,Within-participant recording-disjoint,stroop,Stroop,2,1494,2,658,2,201,2,0.5,0.5,2.5518370940989428,1e552215c77f44ad8a12bea9eda3e11d1fc539d12c7489a0abf60ae3927ba841
reference,Reference preprocessing,recording_disjoint,Within-participant recording-disjoint,stroop,Stroop,2,1547,1,303,2,556,2,1.0,1.0,0.08651144729350146,1e552215c77f44ad8a12bea9eda3e11d1fc539d12c7489a0abf60ae3927ba841
reference,Reference preprocessing,recording_disjoint,Within-participant recording-disjoint,stroop,Stroop,2,1547,2,556,2,303,2,0.5,0.5,2.547816868208759,1e552215c77f44ad8a12bea9eda3e11d1fc539d12c7489a0abf60ae3927ba841
reference,Reference preprocessing,recording_disjoint,Within-participant recording-disjoint,stroop,Stroop,3,1335,1,287,2,283,2,0.5,0.5,3.4048230260603036,1e552215c77f44ad8a12bea9eda3e11d1fc539d12c7489a0abf60ae3927ba841
reference,Reference preprocessing,recording_disjoint,Within-participant recording-disjoint,stroop,Stroop,3,1335,2,283,2,287,2,0.5,0.5,1.9778358414591641,1e552215c77f44ad8a12bea9eda3e11d1fc539d12c7489a0abf60ae3927ba841
reference,Reference preprocessing,recording_disjoint,Within-participant recording-disjoint,stroop,Stroop,3,1388,1,229,2,341,2,0.5,0.5,2.084244936527265,1e552215c77f44ad8a12bea9eda3e11d1fc539d12c7489a0abf60ae3927ba841
reference,Reference preprocessing,recording_disjoint,Within-participant recording-disjoint,stroop,Stroop,3,1388,2,341,2,229,2,1.0,1.0,0.2558804561941868,1e552215c77f44ad8a12bea9eda3e11d1fc539d12c7489a0abf60ae3927ba841
reference,Reference preprocessing,recording_disjoint,Within-participant recording-disjoint,stroop,Stroop,3,1441,1,229,2,341,2,0.5,0.5,2.084244936527265,1e552215c77f44ad8a12bea9eda3e11d1fc539d12c7489a0abf60ae3927ba841
reference,Reference preprocessing,recording_disjoint,Within-participant recording-disjoint,stroop,Stroop,3,1441,2,341,2,229,2,1.0,1.0,0.2558804561941868,1e552215c77f44ad8a12bea9eda3e11d1fc539d12c7489a0abf60ae3927ba841
reference,Reference preprocessing,recording_disjoint,Within-participant recording-disjoint,stroop,Stroop,3,1494,1,229,2,341,2,0.5,0.5,2.084244936527265,1e552215c77f44ad8a12bea9eda3e11d1fc539d12c7489a0abf60ae3927ba841
reference,Reference preprocessing,recording_disjoint,Within-participant recording-disjoint,stroop,Stroop,3,1494,2,341,2,229,2,1.0,1.0,0.2558804561941868,1e552215c77f44ad8a12bea9eda3e11d1fc539d12c7489a0abf60ae3927ba841
reference,Reference preprocessing,recording_disjoint,Within-participant recording-disjoint,stroop,Stroop,3,1547,1,287,2,283,2,0.5,0.5,3.4048230260603036,1e552215c77f44ad8a12bea9eda3e11d1fc539d12c7489a0abf60ae3927ba841
reference,Reference preprocessing,recording_disjoint,Within-participant recording-disjoint,stroop,Stroop,3,1547,2,283,2,287,2,0.5,0.5,1.9778358414591641,1e552215c77f44ad8a12bea9eda3e11d1fc539d12c7489a0abf60ae3927ba841
reference,Reference preprocessing,recording_disjoint,Within-participant recording-disjoint,stroop,Stroop,4,1335,1,281,2,178,2,0.5,0.5,0.9064666756086298,1e552215c77f44ad8a12bea9eda3e11d1fc539d12c7489a0abf60ae3927ba841
reference,Reference preprocessing,recording_disjoint,Within-participant recording-disjoint,stroop,Stroop,4,1335,2,178,2,281,2,0.5,0.5,1.9013036014968052,1e552215c77f44ad8a12bea9eda3e11d1fc539d12c7489a0abf60ae3927ba841
reference,Reference preprocessing,recording_disjoint,Within-participant recording-disjoint,stroop,Stroop,4,1388,1,151,2,308,2,1.0,1.0,0.00805383892313364,1e552215c77f44ad8a12bea9eda3e11d1fc539d12c7489a0abf60ae3927ba841
reference,Reference preprocessing,recording_disjoint,Within-participant recording-disjoint,stroop,Stroop,4,1388,2,308,2,151,2,0.5,0.5,1.7171556567267054,1e552215c77f44ad8a12bea9eda3e11d1fc539d12c7489a0abf60ae3927ba841
reference,Reference preprocessing,recording_disjoint,Within-participant recording-disjoint,stroop,Stroop,4,1441,1,151,2,308,2,1.0,1.0,0.00805383892313364,1e552215c77f44ad8a12bea9eda3e11d1fc539d12c7489a0abf60ae3927ba841
reference,Reference preprocessing,recording_disjoint,Within-participant recording-disjoint,stroop,Stroop,4,1441,2,308,2,151,2,0.5,0.5,1.7171556567267054,1e552215c77f44ad8a12bea9eda3e11d1fc539d12c7489a0abf60ae3927ba841
reference,Reference preprocessing,recording_disjoint,Within-participant recording-disjoint,stroop,Stroop,4,1494,1,151,2,308,2,1.0,1.0,0.00805383892313364,1e552215c77f44ad8a12bea9eda3e11d1fc539d12c7489a0abf60ae3927ba841
reference,Reference preprocessing,recording_disjoint,Within-participant recording-disjoint,stroop,Stroop,4,1494,2,308,2,151,2,0.5,0.5,1.7171556567267054,1e552215c77f44ad8a12bea9eda3e11d1fc539d12c7489a0abf60ae3927ba841
reference,Reference preprocessing,recording_disjoint,Within-participant recording-disjoint,stroop,Stroop,4,1547,1,281,2,178,2,0.5,0.5,0.9064666756086298,1e552215c77f44ad8a12bea9eda3e11d1fc539d12c7489a0abf60ae3927ba841
reference,Reference preprocessing,recording_disjoint,Within-participant recording-disjoint,stroop,Stroop,4,1547,2,178,2,281,2,0.5,0.5,1.9013036014968052,1e552215c77f44ad8a12bea9eda3e11d1fc539d12c7489a0abf60ae3927ba841
reference,Reference preprocessing,recording_disjoint,Within-participant recording-disjoint,stroop,Stroop,5,1335,1,308,2,352,2,1.0,1.0,0.0009672449782806819,1e552215c77f44ad8a12bea9eda3e11d1fc539d12c7489a0abf60ae3927ba841
reference,Reference preprocessing,recording_disjoint,Within-participant recording-disjoint,stroop,Stroop,5,1335,2,352,2,308,2,0.5,0.5,1.5317392223079438,1e552215c77f44ad8a12bea9eda3e11d1fc539d12c7489a0abf60ae3927ba841
reference,Reference preprocessing,recording_disjoint,Within-participant recording-disjoint,stroop,Stroop,5,1388,1,245,2,415,2,1.0,1.0,0.07686569109664532,1e552215c77f44ad8a12bea9eda3e11d1fc539d12c7489a0abf60ae3927ba841
reference,Reference preprocessing,recording_disjoint,Within-participant recording-disjoint,stroop,Stroop,5,1388,2,415,2,245,2,0.5,0.5,1.920194337236276,1e552215c77f44ad8a12bea9eda3e11d1fc539d12c7489a0abf60ae3927ba841
reference,Reference preprocessing,recording_disjoint,Within-participant recording-disjoint,stroop,Stroop,5,1441,1,245,2,415,2,1.0,1.0,0.07686569109664532,1e552215c77f44ad8a12bea9eda3e11d1fc539d12c7489a0abf60ae3927ba841
reference,Reference preprocessing,recording_disjoint,Within-participant recording-disjoint,stroop,Stroop,5,1441,2,415,2,245,2,0.5,0.5,1.920194337236276,1e552215c77f44ad8a12bea9eda3e11d1fc539d12c7489a0abf60ae3927ba841
reference,Reference preprocessing,recording_disjoint,Within-participant recording-disjoint,stroop,Stroop,5,1494,1,245,2,415,2,1.0,1.0,0.07686569109664532,1e552215c77f44ad8a12bea9eda3e11d1fc539d12c7489a0abf60ae3927ba841
reference,Reference preprocessing,recording_disjoint,Within-participant recording-disjoint,stroop,Stroop,5,1494,2,415,2,245,2,0.5,0.5,1.920194337236276,1e552215c77f44ad8a12bea9eda3e11d1fc539d12c7489a0abf60ae3927ba841
reference,Reference preprocessing,recording_disjoint,Within-participant recording-disjoint,stroop,Stroop,5,1547,1,308,2,352,2,1.0,1.0,0.0009672449782806819,1e552215c77f44ad8a12bea9eda3e11d1fc539d12c7489a0abf60ae3927ba841
reference,Reference preprocessing,recording_disjoint,Within-participant recording-disjoint,stroop,Stroop,5,1547,2,352,2,308,2,0.5,0.5,1.5317392223079438,1e552215c77f44ad8a12bea9eda3e11d1fc539d12c7489a0abf60ae3927ba841
reference,Reference preprocessing,recording_disjoint,Within-participant recording-disjoint,stroop,Stroop,6,1335,1,280,2,261,2,0.0,0.0,17.202867131654113,1e552215c77f44ad8a12bea9eda3e11d1fc539d12c7489a0abf60ae3927ba841
reference,Reference preprocessing,recording_disjoint,Within-participant recording-disjoint,stroop,Stroop,6,1335,2,261,2,280,2,0.5,0.5,2.9339859642464816,1e552215c77f44ad8a12bea9eda3e11d1fc539d12c7489a0abf60ae3927ba841
reference,Reference preprocessing,recording_disjoint,Within-participant recording-disjoint,stroop,Stroop,6,1388,1,230,2,311,2,0.5,0.5,3.044912406460932,1e552215c77f44ad8a12bea9eda3e11d1fc539d12c7489a0abf60ae3927ba841
reference,Reference preprocessing,recording_disjoint,Within-participant recording-disjoint,stroop,Stroop,6,1388,2,311,2,230,2,0.0,0.0,20.39612828244072,1e552215c77f44ad8a12bea9eda3e11d1fc539d12c7489a0abf60ae3927ba841
reference,Reference preprocessing,recording_disjoint,Within-participant recording-disjoint,stroop,Stroop,6,1441,1,230,2,311,2,0.5,0.5,3.044912406460932,1e552215c77f44ad8a12bea9eda3e11d1fc539d12c7489a0abf60ae3927ba841
reference,Reference preprocessing,recording_disjoint,Within-participant recording-disjoint,stroop,Stroop,6,1441,2,311,2,230,2,0.0,0.0,20.39612828244072,1e552215c77f44ad8a12bea9eda3e11d1fc539d12c7489a0abf60ae3927ba841
reference,Reference preprocessing,recording_disjoint,Within-participant recording-disjoint,stroop,Stroop,6,1494,1,230,2,311,2,0.5,0.5,3.044912406460932,1e552215c77f44ad8a12bea9eda3e11d1fc539d12c7489a0abf60ae3927ba841
reference,Reference preprocessing,recording_disjoint,Within-participant recording-disjoint,stroop,Stroop,6,1494,2,311,2,230,2,0.0,0.0,20.39612828244072,1e552215c77f44ad8a12bea9eda3e11d1fc539d12c7489a0abf60ae3927ba841
reference,Reference preprocessing,recording_disjoint,Within-participant recording-disjoint,stroop,Stroop,6,1547,1,280,2,261,2,0.0,0.0,17.202867131654113,1e552215c77f44ad8a12bea9eda3e11d1fc539d12c7489a0abf60ae3927ba841
reference,Reference preprocessing,recording_disjoint,Within-participant recording-disjoint,stroop,Stroop,6,1547,2,261,2,280,2,0.5,0.5,2.9339859642464816,1e552215c77f44ad8a12bea9eda3e11d1fc539d12c7489a0abf60ae3927ba841
reference,Reference preprocessing,recording_disjoint,Within-participant recording-disjoint,stroop,Stroop,7,1335,1,276,2,265,2,1.0,1.0,0.28999815493183223,1e552215c77f44ad8a12bea9eda3e11d1fc539d12c7489a0abf60ae3927ba841
reference,Reference preprocessing,recording_disjoint,Within-participant recording-disjoint,stroop,Stroop,7,1335,2,265,2,276,2,0.5,0.5,3.530695421310823,1e552215c77f44ad8a12bea9eda3e11d1fc539d12c7489a0abf60ae3927ba841
reference,Reference preprocessing,recording_disjoint,Within-participant recording-disjoint,stroop,Stroop,7,1388,1,193,2,348,2,0.5,0.5,0.5485585912865216,1e552215c77f44ad8a12bea9eda3e11d1fc539d12c7489a0abf60ae3927ba841
reference,Reference preprocessing,recording_disjoint,Within-participant recording-disjoint,stroop,Stroop,7,1388,2,348,2,193,2,0.5,0.5,3.517349009051349,1e552215c77f44ad8a12bea9eda3e11d1fc539d12c7489a0abf60ae3927ba841
reference,Reference preprocessing,recording_disjoint,Within-participant recording-disjoint,stroop,Stroop,7,1441,1,193,2,348,2,0.5,0.5,0.5485585912865216,1e552215c77f44ad8a12bea9eda3e11d1fc539d12c7489a0abf60ae3927ba841
reference,Reference preprocessing,recording_disjoint,Within-participant recording-disjoint,stroop,Stroop,7,1441,2,348,2,193,2,0.5,0.5,3.517349009051349,1e552215c77f44ad8a12bea9eda3e11d1fc539d12c7489a0abf60ae3927ba841
reference,Reference preprocessing,recording_disjoint,Within-participant recording-disjoint,stroop,Stroop,7,1494,1,193,2,348,2,0.5,0.5,0.5485585912865216,1e552215c77f44ad8a12bea9eda3e11d1fc539d12c7489a0abf60ae3927ba841
reference,Reference preprocessing,recording_disjoint,Within-participant recording-disjoint,stroop,Stroop,7,1494,2,348,2,193,2,0.5,0.5,3.517349009051349,1e552215c77f44ad8a12bea9eda3e11d1fc539d12c7489a0abf60ae3927ba841
reference,Reference preprocessing,recording_disjoint,Within-participant recording-disjoint,stroop,Stroop,7,1547,1,276,2,265,2,1.0,1.0,0.28999815493183223,1e552215c77f44ad8a12bea9eda3e11d1fc539d12c7489a0abf60ae3927ba841
reference,Reference preprocessing,recording_disjoint,Within-participant recording-disjoint,stroop,Stroop,7,1547,2,265,2,276,2,0.5,0.5,3.530695421310823,1e552215c77f44ad8a12bea9eda3e11d1fc539d12c7489a0abf60ae3927ba841
reference,Reference preprocessing,recording_disjoint,Within-participant recording-disjoint,stroop,Stroop,8,1335,1,396,2,350,2,0.5,0.5,1.013773603158937,1e552215c77f44ad8a12bea9eda3e11d1fc539d12c7489a0abf60ae3927ba841
reference,Reference preprocessing,recording_disjoint,Within-participant recording-disjoint,stroop,Stroop,8,1335,2,350,2,396,2,0.5,0.5,1.833726273330256,1e552215c77f44ad8a12bea9eda3e11d1fc539d12c7489a0abf60ae3927ba841
reference,Reference preprocessing,recording_disjoint,Within-participant recording-disjoint,stroop,Stroop,8,1388,1,322,2,424,2,0.5,0.5,0.6379983254685841,1e552215c77f44ad8a12bea9eda3e11d1fc539d12c7489a0abf60ae3927ba841
reference,Reference preprocessing,recording_disjoint,Within-participant recording-disjoint,stroop,Stroop,8,1388,2,424,2,322,2,0.5,0.5,2.2201728923545896,1e552215c77f44ad8a12bea9eda3e11d1fc539d12c7489a0abf60ae3927ba841
reference,Reference preprocessing,recording_disjoint,Within-participant recording-disjoint,stroop,Stroop,8,1441,1,322,2,424,2,0.5,0.5,0.6379983254685841,1e552215c77f44ad8a12bea9eda3e11d1fc539d12c7489a0abf60ae3927ba841
reference,Reference preprocessing,recording_disjoint,Within-participant recording-disjoint,stroop,Stroop,8,1441,2,424,2,322,2,0.5,0.5,2.2201728923545896,1e552215c77f44ad8a12bea9eda3e11d1fc539d12c7489a0abf60ae3927ba841
reference,Reference preprocessing,recording_disjoint,Within-participant recording-disjoint,stroop,Stroop,8,1494,1,322,2,424,2,0.5,0.5,0.6379983254685841,1e552215c77f44ad8a12bea9eda3e11d1fc539d12c7489a0abf60ae3927ba841
reference,Reference preprocessing,recording_disjoint,Within-participant recording-disjoint,stroop,Stroop,8,1494,2,424,2,322,2,0.5,0.5,2.2201728923545896,1e552215c77f44ad8a12bea9eda3e11d1fc539d12c7489a0abf60ae3927ba841
reference,Reference preprocessing,recording_disjoint,Within-participant recording-disjoint,stroop,Stroop,8,1547,1,396,2,350,2,0.5,0.5,1.013773603158937,1e552215c77f44ad8a12bea9eda3e11d1fc539d12c7489a0abf60ae3927ba841
reference,Reference preprocessing,recording_disjoint,Within-participant recording-disjoint,stroop,Stroop,8,1547,2,350,2,396,2,0.5,0.5,1.833726273330256,1e552215c77f44ad8a12bea9eda3e11d1fc539d12c7489a0abf60ae3927ba841
reference,Reference preprocessing,recording_disjoint,Within-participant recording-disjoint,stroop,Stroop,9,1335,1,353,2,520,2,0.5,0.5,1.8006249503762417,1e552215c77f44ad8a12bea9eda3e11d1fc539d12c7489a0abf60ae3927ba841
reference,Reference preprocessing,recording_disjoint,Within-participant recording-disjoint,stroop,Stroop,9,1335,2,520,2,353,2,0.5,0.5,2.307927722671723,1e552215c77f44ad8a12bea9eda3e11d1fc539d12c7489a0abf60ae3927ba841
reference,Reference preprocessing,recording_disjoint,Within-participant recording-disjoint,stroop,Stroop,9,1388,1,270,2,603,2,0.0,0.0,6.676449814125381,1e552215c77f44ad8a12bea9eda3e11d1fc539d12c7489a0abf60ae3927ba841
reference,Reference preprocessing,recording_disjoint,Within-participant recording-disjoint,stroop,Stroop,9,1388,2,603,2,270,2,0.5,0.5,2.1221058790408596,1e552215c77f44ad8a12bea9eda3e11d1fc539d12c7489a0abf60ae3927ba841
reference,Reference preprocessing,recording_disjoint,Within-participant recording-disjoint,stroop,Stroop,9,1441,1,270,2,603,2,0.0,0.0,6.676449814125381,1e552215c77f44ad8a12bea9eda3e11d1fc539d12c7489a0abf60ae3927ba841
reference,Reference preprocessing,recording_disjoint,Within-participant recording-disjoint,stroop,Stroop,9,1441,2,603,2,270,2,0.5,0.5,2.1221058790408596,1e552215c77f44ad8a12bea9eda3e11d1fc539d12c7489a0abf60ae3927ba841
reference,Reference preprocessing,recording_disjoint,Within-participant recording-disjoint,stroop,Stroop,9,1494,1,270,2,603,2,0.0,0.0,6.676449814125381,1e552215c77f44ad8a12bea9eda3e11d1fc539d12c7489a0abf60ae3927ba841
reference,Reference preprocessing,recording_disjoint,Within-participant recording-disjoint,stroop,Stroop,9,1494,2,603,2,270,2,0.5,0.5,2.1221058790408596,1e552215c77f44ad8a12bea9eda3e11d1fc539d12c7489a0abf60ae3927ba841
reference,Reference preprocessing,recording_disjoint,Within-participant recording-disjoint,stroop,Stroop,9,1547,1,353,2,520,2,0.5,0.5,1.8006249503762417,1e552215c77f44ad8a12bea9eda3e11d1fc539d12c7489a0abf60ae3927ba841
reference,Reference preprocessing,recording_disjoint,Within-participant recording-disjoint,stroop,Stroop,9,1547,2,520,2,353,2,0.5,0.5,2.307927722671723,1e552215c77f44ad8a12bea9eda3e11d1fc539d12c7489a0abf60ae3927ba841
reference,Reference preprocessing,recording_disjoint,Within-participant recording-disjoint,stroop,Stroop,10,1335,1,325,2,268,2,0.5,0.5,3.63958594114724,1e552215c77f44ad8a12bea9eda3e11d1fc539d12c7489a0abf60ae3927ba841
reference,Reference preprocessing,recording_disjoint,Within-participant recording-disjoint,stroop,Stroop,10,1335,2,268,2,325,2,0.5,0.5,1.0468924432523512,1e552215c77f44ad8a12bea9eda3e11d1fc539d12c7489a0abf60ae3927ba841
reference,Reference preprocessing,recording_disjoint,Within-participant recording-disjoint,stroop,Stroop,10,1388,1,201,2,392,2,0.0,0.0,5.249973405521763,1e552215c77f44ad8a12bea9eda3e11d1fc539d12c7489a0abf60ae3927ba841
reference,Reference preprocessing,recording_disjoint,Within-participant recording-disjoint,stroop,Stroop,10,1388,2,392,2,201,2,0.5,0.5,2.2165392618618514,1e552215c77f44ad8a12bea9eda3e11d1fc539d12c7489a0abf60ae3927ba841
reference,Reference preprocessing,recording_disjoint,Within-participant recording-disjoint,stroop,Stroop,10,1441,1,201,2,392,2,0.0,0.0,5.249973405521763,1e552215c77f44ad8a12bea9eda3e11d1fc539d12c7489a0abf60ae3927ba841
reference,Reference preprocessing,recording_disjoint,Within-participant recording-disjoint,stroop,Stroop,10,1441,2,392,2,201,2,0.5,0.5,2.2165392618618514,1e552215c77f44ad8a12bea9eda3e11d1fc539d12c7489a0abf60ae3927ba841
reference,Reference preprocessing,recording_disjoint,Within-participant recording-disjoint,stroop,Stroop,10,1494,1,201,2,392,2,0.0,0.0,5.249973405521763,1e552215c77f44ad8a12bea9eda3e11d1fc539d12c7489a0abf60ae3927ba841
reference,Reference preprocessing,recording_disjoint,Within-participant recording-disjoint,stroop,Stroop,10,1494,2,392,2,201,2,0.5,0.5,2.2165392618618514,1e552215c77f44ad8a12bea9eda3e11d1fc539d12c7489a0abf60ae3927ba841
reference,Reference preprocessing,recording_disjoint,Within-participant recording-disjoint,stroop,Stroop,10,1547,1,325,2,268,2,0.5,0.5,3.63958594114724,1e552215c77f44ad8a12bea9eda3e11d1fc539d12c7489a0abf60ae3927ba841
reference,Reference preprocessing,recording_disjoint,Within-participant recording-disjoint,stroop,Stroop,10,1547,2,268,2,325,2,0.5,0.5,1.0468924432523512,1e552215c77f44ad8a12bea9eda3e11d1fc539d12c7489a0abf60ae3927ba841
reference,Reference preprocessing,recording_disjoint,Within-participant recording-disjoint,stroop,Stroop,11,1335,1,298,2,374,2,1.0,1.0,0.03148018107360676,1e552215c77f44ad8a12bea9eda3e11d1fc539d12c7489a0abf60ae3927ba841
reference,Reference preprocessing,recording_disjoint,Within-participant recording-disjoint,stroop,Stroop,11,1335,2,374,2,298,2,0.5,0.5,2.7727578993191844,1e552215c77f44ad8a12bea9eda3e11d1fc539d12c7489a0abf60ae3927ba841
reference,Reference preprocessing,recording_disjoint,Within-participant recording-disjoint,stroop,Stroop,11,1388,1,243,2,429,2,1.0,1.0,0.05935291618370818,1e552215c77f44ad8a12bea9eda3e11d1fc539d12c7489a0abf60ae3927ba841
reference,Reference preprocessing,recording_disjoint,Within-participant recording-disjoint,stroop,Stroop,11,1388,2,429,2,243,2,0.5,0.5,2.793323568821339,1e552215c77f44ad8a12bea9eda3e11d1fc539d12c7489a0abf60ae3927ba841
reference,Reference preprocessing,recording_disjoint,Within-participant recording-disjoint,stroop,Stroop,11,1441,1,243,2,429,2,1.0,1.0,0.05935291618370818,1e552215c77f44ad8a12bea9eda3e11d1fc539d12c7489a0abf60ae3927ba841
reference,Reference preprocessing,recording_disjoint,Within-participant recording-disjoint,stroop,Stroop,11,1441,2,429,2,243,2,0.5,0.5,2.793323568821339,1e552215c77f44ad8a12bea9eda3e11d1fc539d12c7489a0abf60ae3927ba841
reference,Reference preprocessing,recording_disjoint,Within-participant recording-disjoint,stroop,Stroop,11,1494,1,243,2,429,2,1.0,1.0,0.05935291618370818,1e552215c77f44ad8a12bea9eda3e11d1fc539d12c7489a0abf60ae3927ba841
reference,Reference preprocessing,recording_disjoint,Within-participant recording-disjoint,stroop,Stroop,11,1494,2,429,2,243,2,0.5,0.5,2.793323568821339,1e552215c77f44ad8a12bea9eda3e11d1fc539d12c7489a0abf60ae3927ba841
reference,Reference preprocessing,recording_disjoint,Within-participant recording-disjoint,stroop,Stroop,11,1547,1,298,2,374,2,1.0,1.0,0.03148018107360676,1e552215c77f44ad8a12bea9eda3e11d1fc539d12c7489a0abf60ae3927ba841
reference,Reference preprocessing,recording_disjoint,Within-participant recording-disjoint,stroop,Stroop,11,1547,2,374,2,298,2,0.5,0.5,2.7727578993191844,1e552215c77f44ad8a12bea9eda3e11d1fc539d12c7489a0abf60ae3927ba841
reference,Reference preprocessing,recording_disjoint,Within-participant recording-disjoint,stroop,Stroop,12,1335,1,312,2,311,2,0.5,0.5,1.5338773373028491,1e552215c77f44ad8a12bea9eda3e11d1fc539d12c7489a0abf60ae3927ba841
reference,Reference preprocessing,recording_disjoint,Within-participant recording-disjoint,stroop,Stroop,12,1335,2,311,2,312,2,0.5,0.5,2.709635531005568,1e552215c77f44ad8a12bea9eda3e11d1fc539d12c7489a0abf60ae3927ba841
reference,Reference preprocessing,recording_disjoint,Within-participant recording-disjoint,stroop,Stroop,12,1388,1,249,2,374,2,0.0,0.0,1.6723300282458435,1e552215c77f44ad8a12bea9eda3e11d1fc539d12c7489a0abf60ae3927ba841
reference,Reference preprocessing,recording_disjoint,Within-participant recording-disjoint,stroop,Stroop,12,1388,2,374,2,249,2,0.5,0.5,2.994431231014951,1e552215c77f44ad8a12bea9eda3e11d1fc539d12c7489a0abf60ae3927ba841
reference,Reference preprocessing,recording_disjoint,Within-participant recording-disjoint,stroop,Stroop,12,1441,1,249,2,374,2,0.0,0.0,1.6723300282458435,1e552215c77f44ad8a12bea9eda3e11d1fc539d12c7489a0abf60ae3927ba841
reference,Reference preprocessing,recording_disjoint,Within-participant recording-disjoint,stroop,Stroop,12,1441,2,374,2,249,2,0.5,0.5,2.994431231014951,1e552215c77f44ad8a12bea9eda3e11d1fc539d12c7489a0abf60ae3927ba841
reference,Reference preprocessing,recording_disjoint,Within-participant recording-disjoint,stroop,Stroop,12,1494,1,249,2,374,2,0.0,0.0,1.6723300282458435,1e552215c77f44ad8a12bea9eda3e11d1fc539d12c7489a0abf60ae3927ba841
reference,Reference preprocessing,recording_disjoint,Within-participant recording-disjoint,stroop,Stroop,12,1494,2,374,2,249,2,0.5,0.5,2.994431231014951,1e552215c77f44ad8a12bea9eda3e11d1fc539d12c7489a0abf60ae3927ba841
reference,Reference preprocessing,recording_disjoint,Within-participant recording-disjoint,stroop,Stroop,12,1547,1,312,2,311,2,0.5,0.5,1.5338773373028491,1e552215c77f44ad8a12bea9eda3e11d1fc539d12c7489a0abf60ae3927ba841
reference,Reference preprocessing,recording_disjoint,Within-participant recording-disjoint,stroop,Stroop,12,1547,2,311,2,312,2,0.5,0.5,2.709635531005568,1e552215c77f44ad8a12bea9eda3e11d1fc539d12c7489a0abf60ae3927ba841
reference,Reference preprocessing,recording_disjoint,Within-participant recording-disjoint,stroop,Stroop,13,1335,1,271,2,302,2,0.0,0.0,3.838644469672178,1e552215c77f44ad8a12bea9eda3e11d1fc539d12c7489a0abf60ae3927ba841
reference,Reference preprocessing,recording_disjoint,Within-participant recording-disjoint,stroop,Stroop,13,1335,2,302,2,271,2,0.5,0.5,6.572180930063678,1e552215c77f44ad8a12bea9eda3e11d1fc539d12c7489a0abf60ae3927ba841
reference,Reference preprocessing,recording_disjoint,Within-participant recording-disjoint,stroop,Stroop,13,1388,1,213,2,360,2,0.5,0.5,5.629040963971373,1e552215c77f44ad8a12bea9eda3e11d1fc539d12c7489a0abf60ae3927ba841
reference,Reference preprocessing,recording_disjoint,Within-participant recording-disjoint,stroop,Stroop,13,1388,2,360,2,213,2,0.5,0.5,3.8207269895048044,1e552215c77f44ad8a12bea9eda3e11d1fc539d12c7489a0abf60ae3927ba841
reference,Reference preprocessing,recording_disjoint,Within-participant recording-disjoint,stroop,Stroop,13,1441,1,213,2,360,2,0.5,0.5,5.629040963971373,1e552215c77f44ad8a12bea9eda3e11d1fc539d12c7489a0abf60ae3927ba841
reference,Reference preprocessing,recording_disjoint,Within-participant recording-disjoint,stroop,Stroop,13,1441,2,360,2,213,2,0.5,0.5,3.8207269895048044,1e552215c77f44ad8a12bea9eda3e11d1fc539d12c7489a0abf60ae3927ba841
reference,Reference preprocessing,recording_disjoint,Within-participant recording-disjoint,stroop,Stroop,13,1494,1,213,2,360,2,0.5,0.5,5.629040963971373,1e552215c77f44ad8a12bea9eda3e11d1fc539d12c7489a0abf60ae3927ba841
reference,Reference preprocessing,recording_disjoint,Within-participant recording-disjoint,stroop,Stroop,13,1494,2,360,2,213,2,0.5,0.5,3.8207269895048044,1e552215c77f44ad8a12bea9eda3e11d1fc539d12c7489a0abf60ae3927ba841
reference,Reference preprocessing,recording_disjoint,Within-participant recording-disjoint,stroop,Stroop,13,1547,1,271,2,302,2,0.0,0.0,3.838644469672178,1e552215c77f44ad8a12bea9eda3e11d1fc539d12c7489a0abf60ae3927ba841
reference,Reference preprocessing,recording_disjoint,Within-participant recording-disjoint,stroop,Stroop,13,1547,2,302,2,271,2,0.5,0.5,6.572180930063678,1e552215c77f44ad8a12bea9eda3e11d1fc539d12c7489a0abf60ae3927ba841
reference,Reference preprocessing,participant_disjoint_loso,Participant-disjoint LOSO,stroop,Stroop,1,,1,7710,48,653,4,0.5,0.5,1.4920088970781062,1e552215c77f44ad8a12bea9eda3e11d1fc539d12c7489a0abf60ae3927ba841
reference,Reference preprocessing,participant_disjoint_loso,Participant-disjoint LOSO,stroop,Stroop,2,,2,7504,48,859,4,0.5,0.5,1.1662319590071062,1e552215c77f44ad8a12bea9eda3e11d1fc539d12c7489a0abf60ae3927ba841
reference,Reference preprocessing,participant_disjoint_loso,Participant-disjoint LOSO,stroop,Stroop,3,,3,7793,48,570,4,0.75,0.75,0.26549092727047213,1e552215c77f44ad8a12bea9eda3e11d1fc539d12c7489a0abf60ae3927ba841
reference,Reference preprocessing,participant_disjoint_loso,Participant-disjoint LOSO,stroop,Stroop,4,,4,7904,48,459,4,0.5,0.5,1.1392203623882353,1e552215c77f44ad8a12bea9eda3e11d1fc539d12c7489a0abf60ae3927ba841
reference,Reference preprocessing,participant_disjoint_loso,Participant-disjoint LOSO,stroop,Stroop,5,,5,7703,48,660,4,0.75,0.75,0.45601857513897415,1e552215c77f44ad8a12bea9eda3e11d1fc539d12c7489a0abf60ae3927ba841
reference,Reference preprocessing,participant_disjoint_loso,Participant-disjoint LOSO,stroop,Stroop,6,,6,7822,48,541,4,0.5,0.5,1.9661086293837957,1e552215c77f44ad8a12bea9eda3e11d1fc539d12c7489a0abf60ae3927ba841
reference,Reference preprocessing,participant_disjoint_loso,Participant-disjoint LOSO,stroop,Stroop,7,,7,7822,48,541,4,0.25,0.25,2.3461042240762024,1e552215c77f44ad8a12bea9eda3e11d1fc539d12c7489a0abf60ae3927ba841
reference,Reference preprocessing,participant_disjoint_loso,Participant-disjoint LOSO,stroop,Stroop,8,,8,7617,48,746,4,0.75,0.75,0.5645463958316651,1e552215c77f44ad8a12bea9eda3e11d1fc539d12c7489a0abf60ae3927ba841
reference,Reference preprocessing,participant_disjoint_loso,Participant-disjoint LOSO,stroop,Stroop,9,,9,7490,48,873,4,1.0,1.0,0.32245068149866485,1e552215c77f44ad8a12bea9eda3e11d1fc539d12c7489a0abf60ae3927ba841
reference,Reference preprocessing,participant_disjoint_loso,Participant-disjoint LOSO,stroop,Stroop,10,,10,7770,48,593,4,0.5,0.5,4.677305362490692,1e552215c77f44ad8a12bea9eda3e11d1fc539d12c7489a0abf60ae3927ba841
reference,Reference preprocessing,participant_disjoint_loso,Participant-disjoint LOSO,stroop,Stroop,11,,11,7691,48,672,4,0.75,0.75,0.4692070812405677,1e552215c77f44ad8a12bea9eda3e11d1fc539d12c7489a0abf60ae3927ba841
reference,Reference preprocessing,participant_disjoint_loso,Participant-disjoint LOSO,stroop,Stroop,12,,12,7740,48,623,4,0.5,0.5,0.8373751039931795,1e552215c77f44ad8a12bea9eda3e11d1fc539d12c7489a0abf60ae3927ba841
reference,Reference preprocessing,participant_disjoint_loso,Participant-disjoint LOSO,stroop,Stroop,13,,13,7790,48,573,4,0.5,0.5,0.7756059088662434,1e552215c77f44ad8a12bea9eda3e11d1fc539d12c7489a0abf60ae3927ba841
reference,Reference preprocessing,cross_task,Within-participant cross-task transfer,arithmetic_to_stroop,Arithmetic to Stroop,1,,1,696,4,496,3,0.3333333333333333,0.25,1.0878565105029292,1e552215c77f44ad8a12bea9eda3e11d1fc539d12c7489a0abf60ae3927ba841
reference,Reference preprocessing,cross_task,Within-participant cross-task transfer,arithmetic_to_stroop,Arithmetic to Stroop,2,,2,988,4,409,3,0.6666666666666666,0.5,2.513576140442662,1e552215c77f44ad8a12bea9eda3e11d1fc539d12c7489a0abf60ae3927ba841
reference,Reference preprocessing,cross_task,Within-participant cross-task transfer,arithmetic_to_stroop,Arithmetic to Stroop,3,,3,569,4,389,3,0.6666666666666666,0.75,0.2613826809074257,1e552215c77f44ad8a12bea9eda3e11d1fc539d12c7489a0abf60ae3927ba841
reference,Reference preprocessing,cross_task,Within-participant cross-task transfer,arithmetic_to_stroop,Arithmetic to Stroop,4,,4,666,4,343,3,0.6666666666666666,0.5,2.5886566650907894,1e552215c77f44ad8a12bea9eda3e11d1fc539d12c7489a0abf60ae3927ba841
reference,Reference preprocessing,cross_task,Within-participant cross-task transfer,arithmetic_to_stroop,Arithmetic to Stroop,5,,5,827,4,416,3,0.6666666666666666,0.5,1.4663203466310364,1e552215c77f44ad8a12bea9eda3e11d1fc539d12c7489a0abf60ae3927ba841
reference,Reference preprocessing,cross_task,Within-participant cross-task transfer,arithmetic_to_stroop,Arithmetic to Stroop,6,,6,590,4,391,3,0.3333333333333333,0.25,8.216479576312274,1e552215c77f44ad8a12bea9eda3e11d1fc539d12c7489a0abf60ae3927ba841
reference,Reference preprocessing,cross_task,Within-participant cross-task transfer,arithmetic_to_stroop,Arithmetic to Stroop,7,,7,353,4,372,3,0.6666666666666666,0.5,1.0484823239299754,1e552215c77f44ad8a12bea9eda3e11d1fc539d12c7489a0abf60ae3927ba841
reference,Reference preprocessing,cross_task,Within-participant cross-task transfer,arithmetic_to_stroop,Arithmetic to Stroop,8,,8,1038,4,556,3,0.6666666666666666,0.5,1.0477006398213666,1e552215c77f44ad8a12bea9eda3e11d1fc539d12c7489a0abf60ae3927ba841
reference,Reference preprocessing,cross_task,Within-participant cross-task transfer,arithmetic_to_stroop,Arithmetic to Stroop,9,,9,1079,4,463,3,0.6666666666666666,0.5,2.7286053973337836,1e552215c77f44ad8a12bea9eda3e11d1fc539d12c7489a0abf60ae3927ba841
reference,Reference preprocessing,cross_task,Within-participant cross-task transfer,arithmetic_to_stroop,Arithmetic to Stroop,10,,10,538,4,408,3,0.6666666666666666,0.5,0.5192637427619022,1e552215c77f44ad8a12bea9eda3e11d1fc539d12c7489a0abf60ae3927ba841
reference,Reference preprocessing,cross_task,Within-participant cross-task transfer,arithmetic_to_stroop,Arithmetic to Stroop,11,,11,772,4,428,3,0.3333333333333333,0.5,2.855964439156493,1e552215c77f44ad8a12bea9eda3e11d1fc539d12c7489a0abf60ae3927ba841
reference,Reference preprocessing,cross_task,Within-participant cross-task transfer,arithmetic_to_stroop,Arithmetic to Stroop,12,,12,655,4,438,3,0.6666666666666666,0.5,2.133511245191213,1e552215c77f44ad8a12bea9eda3e11d1fc539d12c7489a0abf60ae3927ba841
reference,Reference preprocessing,cross_task,Within-participant cross-task transfer,arithmetic_to_stroop,Arithmetic to Stroop,13,,13,670,4,393,3,1.0,1.0,0.013974018507351272,1e552215c77f44ad8a12bea9eda3e11d1fc539d12c7489a0abf60ae3927ba841
reference,Reference preprocessing,cross_task,Within-participant cross-task transfer,stroop_to_arithmetic,Stroop to Arithmetic,1,,1,653,4,539,3,0.3333333333333333,0.5,0.7990558868877905,1e552215c77f44ad8a12bea9eda3e11d1fc539d12c7489a0abf60ae3927ba841
reference,Reference preprocessing,cross_task,Within-participant cross-task transfer,stroop_to_arithmetic,Stroop to Arithmetic,2,,2,859,4,538,3,0.3333333333333333,0.25,1.084353127748279,1e552215c77f44ad8a12bea9eda3e11d1fc539d12c7489a0abf60ae3927ba841
reference,Reference preprocessing,cross_task,Within-participant cross-task transfer,stroop_to_arithmetic,Stroop to Arithmetic,3,,3,570,4,388,3,0.6666666666666666,0.5,3.273745165609981,1e552215c77f44ad8a12bea9eda3e11d1fc539d12c7489a0abf60ae3927ba841
reference,Reference preprocessing,cross_task,Within-participant cross-task transfer,stroop_to_arithmetic,Stroop to Arithmetic,4,,4,459,4,550,3,1.0,1.0,0.19484075258598713,1e552215c77f44ad8a12bea9eda3e11d1fc539d12c7489a0abf60ae3927ba841
reference,Reference preprocessing,cross_task,Within-participant cross-task transfer,stroop_to_arithmetic,Stroop to Arithmetic,5,,5,660,4,583,3,0.0,0.0,2.54749663011269,1e552215c77f44ad8a12bea9eda3e11d1fc539d12c7489a0abf60ae3927ba841
reference,Reference preprocessing,cross_task,Within-participant cross-task transfer,stroop_to_arithmetic,Stroop to Arithmetic,6,,6,541,4,440,3,1.0,1.0,0.34282957246774215,1e552215c77f44ad8a12bea9eda3e11d1fc539d12c7489a0abf60ae3927ba841
reference,Reference preprocessing,cross_task,Within-participant cross-task transfer,stroop_to_arithmetic,Stroop to Arithmetic,7,,7,541,4,184,3,0.3333333333333333,0.25,1.3154915664069742,1e552215c77f44ad8a12bea9eda3e11d1fc539d12c7489a0abf60ae3927ba841
reference,Reference preprocessing,cross_task,Within-participant cross-task transfer,stroop_to_arithmetic,Stroop to Arithmetic,8,,8,746,4,848,3,0.3333333333333333,0.25,0.566390104549873,1e552215c77f44ad8a12bea9eda3e11d1fc539d12c7489a0abf60ae3927ba841
reference,Reference preprocessing,cross_task,Within-participant cross-task transfer,stroop_to_arithmetic,Stroop to Arithmetic,9,,9,873,4,669,3,0.6666666666666666,0.5,0.8671075430017533,1e552215c77f44ad8a12bea9eda3e11d1fc539d12c7489a0abf60ae3927ba841
reference,Reference preprocessing,cross_task,Within-participant cross-task transfer,stroop_to_arithmetic,Stroop to Arithmetic,10,,10,593,4,353,3,0.3333333333333333,0.5,1.0057972863707727,1e552215c77f44ad8a12bea9eda3e11d1fc539d12c7489a0abf60ae3927ba841
reference,Reference preprocessing,cross_task,Within-participant cross-task transfer,stroop_to_arithmetic,Stroop to Arithmetic,11,,11,672,4,528,3,0.0,0.0,1.2693545666655954,1e552215c77f44ad8a12bea9eda3e11d1fc539d12c7489a0abf60ae3927ba841
reference,Reference preprocessing,cross_task,Within-participant cross-task transfer,stroop_to_arithmetic,Stroop to Arithmetic,12,,12,623,4,470,3,0.0,0.0,0.990463048855053,1e552215c77f44ad8a12bea9eda3e11d1fc539d12c7489a0abf60ae3927ba841
reference,Reference preprocessing,cross_task,Within-participant cross-task transfer,stroop_to_arithmetic,Stroop to Arithmetic,13,,13,573,4,490,3,0.6666666666666666,0.75,0.5599817361548732,1e552215c77f44ad8a12bea9eda3e11d1fc539d12c7489a0abf60ae3927ba841
no_window_zscore,No within-window z-score,recording_disjoint,Within-participant recording-disjoint,arithmetic,Arithmetic,1,1335,1,370,2,326,2,0.5,0.5,1.0973167885489625,5ede90c039b72c23d01891f1ad57943b879301851d90c889ffe00a2bf1b7e56a
no_window_zscore,No within-window z-score,recording_disjoint,Within-participant recording-disjoint,arithmetic,Arithmetic,1,1335,2,326,2,370,2,0.5,0.5,3.644101363882096,5ede90c039b72c23d01891f1ad57943b879301851d90c889ffe00a2bf1b7e56a
no_window_zscore,No within-window z-score,recording_disjoint,Within-participant recording-disjoint,arithmetic,Arithmetic,1,1388,1,321,2,375,2,1.0,1.0,0.014073415849044823,5ede90c039b72c23d01891f1ad57943b879301851d90c889ffe00a2bf1b7e56a
no_window_zscore,No within-window z-score,recording_disjoint,Within-participant recording-disjoint,arithmetic,Arithmetic,1,1388,2,375,2,321,2,0.5,0.5,2.1287561495827365,5ede90c039b72c23d01891f1ad57943b879301851d90c889ffe00a2bf1b7e56a
no_window_zscore,No within-window z-score,recording_disjoint,Within-participant recording-disjoint,arithmetic,Arithmetic,1,1441,1,321,2,375,2,1.0,1.0,0.014073415849044823,5ede90c039b72c23d01891f1ad57943b879301851d90c889ffe00a2bf1b7e56a
no_window_zscore,No within-window z-score,recording_disjoint,Within-participant recording-disjoint,arithmetic,Arithmetic,1,1441,2,375,2,321,2,0.5,0.5,2.1287561495827365,5ede90c039b72c23d01891f1ad57943b879301851d90c889ffe00a2bf1b7e56a
no_window_zscore,No within-window z-score,recording_disjoint,Within-participant recording-disjoint,arithmetic,Arithmetic,1,1494,1,321,2,375,2,1.0,1.0,0.014073415849044823,5ede90c039b72c23d01891f1ad57943b879301851d90c889ffe00a2bf1b7e56a
no_window_zscore,No within-window z-score,recording_disjoint,Within-participant recording-disjoint,arithmetic,Arithmetic,1,1494,2,375,2,321,2,0.5,0.5,2.1287561495827365,5ede90c039b72c23d01891f1ad57943b879301851d90c889ffe00a2bf1b7e56a
no_window_zscore,No within-window z-score,recording_disjoint,Within-participant recording-disjoint,arithmetic,Arithmetic,1,1547,1,370,2,326,2,0.5,0.5,1.0973167885489625,5ede90c039b72c23d01891f1ad57943b879301851d90c889ffe00a2bf1b7e56a
no_window_zscore,No within-window z-score,recording_disjoint,Within-participant recording-disjoint,arithmetic,Arithmetic,1,1547,2,326,2,370,2,0.5,0.5,3.644101363882096,5ede90c039b72c23d01891f1ad57943b879301851d90c889ffe00a2bf1b7e56a
no_window_zscore,No within-window z-score,recording_disjoint,Within-participant recording-disjoint,arithmetic,Arithmetic,2,1335,1,402,2,586,2,0.5,0.5,1.6974188248371889,5ede90c039b72c23d01891f1ad57943b879301851d90c889ffe00a2bf1b7e56a
no_window_zscore,No within-window z-score,recording_disjoint,Within-participant recording-disjoint,arithmetic,Arithmetic,2,1335,2,586,2,402,2,0.5,0.5,2.9289268659854333,5ede90c039b72c23d01891f1ad57943b879301851d90c889ffe00a2bf1b7e56a
no_window_zscore,No within-window z-score,recording_disjoint,Within-participant recording-disjoint,arithmetic,Arithmetic,2,1388,1,268,2,720,2,0.5,0.5,2.725720589470675,5ede90c039b72c23d01891f1ad57943b879301851d90c889ffe00a2bf1b7e56a
no_window_zscore,No within-window z-score,recording_disjoint,Within-participant recording-disjoint,arithmetic,Arithmetic,2,1388,2,720,2,268,2,0.5,0.5,2.2418859505819784,5ede90c039b72c23d01891f1ad57943b879301851d90c889ffe00a2bf1b7e56a
no_window_zscore,No within-window z-score,recording_disjoint,Within-participant recording-disjoint,arithmetic,Arithmetic,2,1441,1,268,2,720,2,0.5,0.5,2.725720589470675,5ede90c039b72c23d01891f1ad57943b879301851d90c889ffe00a2bf1b7e56a
no_window_zscore,No within-window z-score,recording_disjoint,Within-participant recording-disjoint,arithmetic,Arithmetic,2,1441,2,720,2,268,2,0.5,0.5,2.2418859505819784,5ede90c039b72c23d01891f1ad57943b879301851d90c889ffe00a2bf1b7e56a
no_window_zscore,No within-window z-score,recording_disjoint,Within-participant recording-disjoint,arithmetic,Arithmetic,2,1494,1,268,2,720,2,0.5,0.5,2.725720589470675,5ede90c039b72c23d01891f1ad57943b879301851d90c889ffe00a2bf1b7e56a
no_window_zscore,No within-window z-score,recording_disjoint,Within-participant recording-disjoint,arithmetic,Arithmetic,2,1494,2,720,2,268,2,0.5,0.5,2.2418859505819784,5ede90c039b72c23d01891f1ad57943b879301851d90c889ffe00a2bf1b7e56a
no_window_zscore,No within-window z-score,recording_disjoint,Within-participant recording-disjoint,arithmetic,Arithmetic,2,1547,1,402,2,586,2,0.5,0.5,1.6974188248371889,5ede90c039b72c23d01891f1ad57943b879301851d90c889ffe00a2bf1b7e56a
no_window_zscore,No within-window z-score,recording_disjoint,Within-participant recording-disjoint,arithmetic,Arithmetic,2,1547,2,586,2,402,2,0.5,0.5,2.9289268659854333,5ede90c039b72c23d01891f1ad57943b879301851d90c889ffe00a2bf1b7e56a
no_window_zscore,No within-window z-score,recording_disjoint,Within-participant recording-disjoint,arithmetic,Arithmetic,3,1335,1,251,2,318,2,1.0,1.0,0.0004438617157053543,5ede90c039b72c23d01891f1ad57943b879301851d90c889ffe00a2bf1b7e56a
no_window_zscore,No within-window z-score,recording_disjoint,Within-participant recording-disjoint,arithmetic,Arithmetic,3,1335,2,318,2,251,2,0.5,0.5,1.1021094981619382,5ede90c039b72c23d01891f1ad57943b879301851d90c889ffe00a2bf1b7e56a
no_window_zscore,No within-window z-score,recording_disjoint,Within-participant recording-disjoint,arithmetic,Arithmetic,3,1388,1,228,2,341,2,0.5,0.5,2.0862449183694523,5ede90c039b72c23d01891f1ad57943b879301851d90c889ffe00a2bf1b7e56a
no_window_zscore,No within-window z-score,recording_disjoint,Within-participant recording-disjoint,arithmetic,Arithmetic,3,1388,2,341,2,228,2,0.5,0.5,3.4314500277173425,5ede90c039b72c23d01891f1ad57943b879301851d90c889ffe00a2bf1b7e56a
no_window_zscore,No within-window z-score,recording_disjoint,Within-participant recording-disjoint,arithmetic,Arithmetic,3,1441,1,228,2,341,2,0.5,0.5,2.0862449183694523,5ede90c039b72c23d01891f1ad57943b879301851d90c889ffe00a2bf1b7e56a
no_window_zscore,No within-window z-score,recording_disjoint,Within-participant recording-disjoint,arithmetic,Arithmetic,3,1441,2,341,2,228,2,0.5,0.5,3.4314500277173425,5ede90c039b72c23d01891f1ad57943b879301851d90c889ffe00a2bf1b7e56a
no_window_zscore,No within-window z-score,recording_disjoint,Within-participant recording-disjoint,arithmetic,Arithmetic,3,1494,1,228,2,341,2,0.5,0.5,2.0862449183694523,5ede90c039b72c23d01891f1ad57943b879301851d90c889ffe00a2bf1b7e56a
no_window_zscore,No within-window z-score,recording_disjoint,Within-participant recording-disjoint,arithmetic,Arithmetic,3,1494,2,341,2,228,2,0.5,0.5,3.4314500277173425,5ede90c039b72c23d01891f1ad57943b879301851d90c889ffe00a2bf1b7e56a
no_window_zscore,No within-window z-score,recording_disjoint,Within-participant recording-disjoint,arithmetic,Arithmetic,3,1547,1,251,2,318,2,1.0,1.0,0.0004438617157053543,5ede90c039b72c23d01891f1ad57943b879301851d90c889ffe00a2bf1b7e56a
no_window_zscore,No within-window z-score,recording_disjoint,Within-participant recording-disjoint,arithmetic,Arithmetic,3,1547,2,318,2,251,2,0.5,0.5,1.1021094981619382,5ede90c039b72c23d01891f1ad57943b879301851d90c889ffe00a2bf1b7e56a
no_window_zscore,No within-window z-score,recording_disjoint,Within-participant recording-disjoint,arithmetic,Arithmetic,4,1335,1,340,2,326,2,0.5,0.5,2.477971791219086,5ede90c039b72c23d01891f1ad57943b879301851d90c889ffe00a2bf1b7e56a
no_window_zscore,No within-window z-score,recording_disjoint,Within-participant recording-disjoint,arithmetic,Arithmetic,4,1335,2,326,2,340,2,0.5,0.5,8.580112422086952,5ede90c039b72c23d01891f1ad57943b879301851d90c889ffe00a2bf1b7e56a
no_window_zscore,No within-window z-score,recording_disjoint,Within-participant recording-disjoint,arithmetic,Arithmetic,4,1388,1,329,2,337,2,0.5,0.5,2.8024131802613943,5ede90c039b72c23d01891f1ad57943b879301851d90c889ffe00a2bf1b7e56a
no_window_zscore,No within-window z-score,recording_disjoint,Within-participant recording-disjoint,arithmetic,Arithmetic,4,1388,2,337,2,329,2,0.5,0.5,8.771879731305287,5ede90c039b72c23d01891f1ad57943b879301851d90c889ffe00a2bf1b7e56a
no_window_zscore,No within-window z-score,recording_disjoint,Within-participant recording-disjoint,arithmetic,Arithmetic,4,1441,1,329,2,337,2,0.5,0.5,2.8024131802613943,5ede90c039b72c23d01891f1ad57943b879301851d90c889ffe00a2bf1b7e56a
no_window_zscore,No within-window z-score,recording_disjoint,Within-participant recording-disjoint,arithmetic,Arithmetic,4,1441,2,337,2,329,2,0.5,0.5,8.771879731305287,5ede90c039b72c23d01891f1ad57943b879301851d90c889ffe00a2bf1b7e56a
no_window_zscore,No within-window z-score,recording_disjoint,Within-participant recording-disjoint,arithmetic,Arithmetic,4,1494,1,329,2,337,2,0.5,0.5,2.8024131802613943,5ede90c039b72c23d01891f1ad57943b879301851d90c889ffe00a2bf1b7e56a
no_window_zscore,No within-window z-score,recording_disjoint,Within-participant recording-disjoint,arithmetic,Arithmetic,4,1494,2,337,2,329,2,0.5,0.5,8.771879731305287,5ede90c039b72c23d01891f1ad57943b879301851d90c889ffe00a2bf1b7e56a
no_window_zscore,No within-window z-score,recording_disjoint,Within-participant recording-disjoint,arithmetic,Arithmetic,4,1547,1,340,2,326,2,0.5,0.5,2.477971791219086,5ede90c039b72c23d01891f1ad57943b879301851d90c889ffe00a2bf1b7e56a
no_window_zscore,No within-window z-score,recording_disjoint,Within-participant recording-disjoint,arithmetic,Arithmetic,4,1547,2,326,2,340,2,0.5,0.5,8.580112422086952,5ede90c039b72c23d01891f1ad57943b879301851d90c889ffe00a2bf1b7e56a
no_window_zscore,No within-window z-score,recording_disjoint,Within-participant recording-disjoint,arithmetic,Arithmetic,5,1335,1,385,2,442,2,1.0,1.0,0.17575329874957799,5ede90c039b72c23d01891f1ad57943b879301851d90c889ffe00a2bf1b7e56a
no_window_zscore,No within-window z-score,recording_disjoint,Within-participant recording-disjoint,arithmetic,Arithmetic,5,1335,2,442,2,385,2,0.5,0.5,4.416640418648311,5ede90c039b72c23d01891f1ad57943b879301851d90c889ffe00a2bf1b7e56a
no_window_zscore,No within-window z-score,recording_disjoint,Within-participant recording-disjoint,arithmetic,Arithmetic,5,1388,1,351,2,476,2,1.0,1.0,0.00039175622048609574,5ede90c039b72c23d01891f1ad57943b879301851d90c889ffe00a2bf1b7e56a
no_window_zscore,No within-window z-score,recording_disjoint,Within-participant recording-disjoint,arithmetic,Arithmetic,5,1388,2,476,2,351,2,0.5,0.5,2.5100697781074723,5ede90c039b72c23d01891f1ad57943b879301851d90c889ffe00a2bf1b7e56a
no_window_zscore,No within-window z-score,recording_disjoint,Within-participant recording-disjoint,arithmetic,Arithmetic,5,1441,1,351,2,476,2,1.0,1.0,0.00039175622048609574,5ede90c039b72c23d01891f1ad57943b879301851d90c889ffe00a2bf1b7e56a
no_window_zscore,No within-window z-score,recording_disjoint,Within-participant recording-disjoint,arithmetic,Arithmetic,5,1441,2,476,2,351,2,0.5,0.5,2.5100697781074723,5ede90c039b72c23d01891f1ad57943b879301851d90c889ffe00a2bf1b7e56a
no_window_zscore,No within-window z-score,recording_disjoint,Within-participant recording-disjoint,arithmetic,Arithmetic,5,1494,1,351,2,476,2,1.0,1.0,0.00039175622048609574,5ede90c039b72c23d01891f1ad57943b879301851d90c889ffe00a2bf1b7e56a
no_window_zscore,No within-window z-score,recording_disjoint,Within-participant recording-disjoint,arithmetic,Arithmetic,5,1494,2,476,2,351,2,0.5,0.5,2.5100697781074723,5ede90c039b72c23d01891f1ad57943b879301851d90c889ffe00a2bf1b7e56a
no_window_zscore,No within-window z-score,recording_disjoint,Within-participant recording-disjoint,arithmetic,Arithmetic,5,1547,1,385,2,442,2,1.0,1.0,0.17575329874957799,5ede90c039b72c23d01891f1ad57943b879301851d90c889ffe00a2bf1b7e56a
no_window_zscore,No within-window z-score,recording_disjoint,Within-participant recording-disjoint,arithmetic,Arithmetic,5,1547,2,442,2,385,2,0.5,0.5,4.416640418648311,5ede90c039b72c23d01891f1ad57943b879301851d90c889ffe00a2bf1b7e56a
no_window_zscore,No within-window z-score,recording_disjoint,Within-participant recording-disjoint,arithmetic,Arithmetic,6,1335,1,310,2,280,2,0.5,0.5,0.4691743948515282,5ede90c039b72c23d01891f1ad57943b879301851d90c889ffe00a2bf1b7e56a
no_window_zscore,No within-window z-score,recording_disjoint,Within-participant recording-disjoint,arithmetic,Arithmetic,6,1335,2,280,2,310,2,0.5,0.5,3.5351457062856904,5ede90c039b72c23d01891f1ad57943b879301851d90c889ffe00a2bf1b7e56a
no_window_zscore,No within-window z-score,recording_disjoint,Within-participant recording-disjoint,arithmetic,Arithmetic,6,1388,1,249,2,341,2,0.5,0.5,3.4867060130399263,5ede90c039b72c23d01891f1ad57943b879301851d90c889ffe00a2bf1b7e56a
no_window_zscore,No within-window z-score,recording_disjoint,Within-participant recording-disjoint,arithmetic,Arithmetic,6,1388,2,341,2,249,2,0.5,0.5,3.853069143143479,5ede90c039b72c23d01891f1ad57943b879301851d90c889ffe00a2bf1b7e56a
no_window_zscore,No within-window z-score,recording_disjoint,Within-participant recording-disjoint,arithmetic,Arithmetic,6,1441,1,249,2,341,2,0.5,0.5,3.4867060130399263,5ede90c039b72c23d01891f1ad57943b879301851d90c889ffe00a2bf1b7e56a
no_window_zscore,No within-window z-score,recording_disjoint,Within-participant recording-disjoint,arithmetic,Arithmetic,6,1441,2,341,2,249,2,0.5,0.5,3.853069143143479,5ede90c039b72c23d01891f1ad57943b879301851d90c889ffe00a2bf1b7e56a
no_window_zscore,No within-window z-score,recording_disjoint,Within-participant recording-disjoint,arithmetic,Arithmetic,6,1494,1,249,2,341,2,0.5,0.5,3.4867060130399263,5ede90c039b72c23d01891f1ad57943b879301851d90c889ffe00a2bf1b7e56a
no_window_zscore,No within-window z-score,recording_disjoint,Within-participant recording-disjoint,arithmetic,Arithmetic,6,1494,2,341,2,249,2,0.5,0.5,3.853069143143479,5ede90c039b72c23d01891f1ad57943b879301851d90c889ffe00a2bf1b7e56a
no_window_zscore,No within-window z-score,recording_disjoint,Within-participant recording-disjoint,arithmetic,Arithmetic,6,1547,1,310,2,280,2,0.5,0.5,0.4691743948515282,5ede90c039b72c23d01891f1ad57943b879301851d90c889ffe00a2bf1b7e56a
no_window_zscore,No within-window z-score,recording_disjoint,Within-participant recording-disjoint,arithmetic,Arithmetic,6,1547,2,280,2,310,2,0.5,0.5,3.5351457062856904,5ede90c039b72c23d01891f1ad57943b879301851d90c889ffe00a2bf1b7e56a
no_window_zscore,No within-window z-score,recording_disjoint,Within-participant recording-disjoint,arithmetic,Arithmetic,7,1335,1,138,2,215,2,1.0,1.0,0.08538255501607303,5ede90c039b72c23d01891f1ad57943b879301851d90c889ffe00a2bf1b7e56a
no_window_zscore,No within-window z-score,recording_disjoint,Within-participant recording-disjoint,arithmetic,Arithmetic,7,1335,2,215,2,138,2,0.5,0.5,3.9353289693695253,5ede90c039b72c23d01891f1ad57943b879301851d90c889ffe00a2bf1b7e56a
no_window_zscore,No within-window z-score,recording_disjoint,Within-participant recording-disjoint,arithmetic,Arithmetic,7,1388,1,82,2,271,2,1.0,1.0,0.01289212902034164,5ede90c039b72c23d01891f1ad57943b879301851d90c889ffe00a2bf1b7e56a
no_window_zscore,No within-window z-score,recording_disjoint,Within-participant recording-disjoint,arithmetic,Arithmetic,7,1388,2,271,2,82,2,0.5,0.5,3.6092661584769257,5ede90c039b72c23d01891f1ad57943b879301851d90c889ffe00a2bf1b7e56a
no_window_zscore,No within-window z-score,recording_disjoint,Within-participant recording-disjoint,arithmetic,Arithmetic,7,1441,1,82,2,271,2,1.0,1.0,0.01289212902034164,5ede90c039b72c23d01891f1ad57943b879301851d90c889ffe00a2bf1b7e56a
no_window_zscore,No within-window z-score,recording_disjoint,Within-participant recording-disjoint,arithmetic,Arithmetic,7,1441,2,271,2,82,2,0.5,0.5,3.6092661584769257,5ede90c039b72c23d01891f1ad57943b879301851d90c889ffe00a2bf1b7e56a
no_window_zscore,No within-window z-score,recording_disjoint,Within-participant recording-disjoint,arithmetic,Arithmetic,7,1494,1,82,2,271,2,1.0,1.0,0.01289212902034164,5ede90c039b72c23d01891f1ad57943b879301851d90c889ffe00a2bf1b7e56a
no_window_zscore,No within-window z-score,recording_disjoint,Within-participant recording-disjoint,arithmetic,Arithmetic,7,1494,2,271,2,82,2,0.5,0.5,3.6092661584769257,5ede90c039b72c23d01891f1ad57943b879301851d90c889ffe00a2bf1b7e56a
no_window_zscore,No within-window z-score,recording_disjoint,Within-participant recording-disjoint,arithmetic,Arithmetic,7,1547,1,138,2,215,2,1.0,1.0,0.08538255501607303,5ede90c039b72c23d01891f1ad57943b879301851d90c889ffe00a2bf1b7e56a
no_window_zscore,No within-window z-score,recording_disjoint,Within-participant recording-disjoint,arithmetic,Arithmetic,7,1547,2,215,2,138,2,0.5,0.5,3.9353289693695253,5ede90c039b72c23d01891f1ad57943b879301851d90c889ffe00a2bf1b7e56a
no_window_zscore,No within-window z-score,recording_disjoint,Within-participant recording-disjoint,arithmetic,Arithmetic,8,1335,1,589,2,449,2,1.0,1.0,0.10796569250144117,5ede90c039b72c23d01891f1ad57943b879301851d90c889ffe00a2bf1b7e56a
no_window_zscore,No within-window z-score,recording_disjoint,Within-participant recording-disjoint,arithmetic,Arithmetic,8,1335,2,449,2,589,2,0.5,0.5,2.5861972415780667,5ede90c039b72c23d01891f1ad57943b879301851d90c889ffe00a2bf1b7e56a
no_window_zscore,No within-window z-score,recording_disjoint,Within-participant recording-disjoint,arithmetic,Arithmetic,8,1388,1,537,2,501,2,1.0,1.0,0.06644951642981337,5ede90c039b72c23d01891f1ad57943b879301851d90c889ffe00a2bf1b7e56a
no_window_zscore,No within-window z-score,recording_disjoint,Within-participant recording-disjoint,arithmetic,Arithmetic,8,1388,2,501,2,537,2,0.5,0.5,2.441210360183426,5ede90c039b72c23d01891f1ad57943b879301851d90c889ffe00a2bf1b7e56a
no_window_zscore,No within-window z-score,recording_disjoint,Within-participant recording-disjoint,arithmetic,Arithmetic,8,1441,1,537,2,501,2,1.0,1.0,0.06644951642981337,5ede90c039b72c23d01891f1ad57943b879301851d90c889ffe00a2bf1b7e56a
no_window_zscore,No within-window z-score,recording_disjoint,Within-participant recording-disjoint,arithmetic,Arithmetic,8,1441,2,501,2,537,2,0.5,0.5,2.441210360183426,5ede90c039b72c23d01891f1ad57943b879301851d90c889ffe00a2bf1b7e56a
no_window_zscore,No within-window z-score,recording_disjoint,Within-participant recording-disjoint,arithmetic,Arithmetic,8,1494,1,537,2,501,2,1.0,1.0,0.06644951642981337,5ede90c039b72c23d01891f1ad57943b879301851d90c889ffe00a2bf1b7e56a
no_window_zscore,No within-window z-score,recording_disjoint,Within-participant recording-disjoint,arithmetic,Arithmetic,8,1494,2,501,2,537,2,0.5,0.5,2.441210360183426,5ede90c039b72c23d01891f1ad57943b879301851d90c889ffe00a2bf1b7e56a
no_window_zscore,No within-window z-score,recording_disjoint,Within-participant recording-disjoint,arithmetic,Arithmetic,8,1547,1,589,2,449,2,1.0,1.0,0.10796569250144117,5ede90c039b72c23d01891f1ad57943b879301851d90c889ffe00a2bf1b7e56a
no_window_zscore,No within-window z-score,recording_disjoint,Within-participant recording-disjoint,arithmetic,Arithmetic,8,1547,2,449,2,589,2,0.5,0.5,2.5861972415780667,5ede90c039b72c23d01891f1ad57943b879301851d90c889ffe00a2bf1b7e56a
no_window_zscore,No within-window z-score,recording_disjoint,Within-participant recording-disjoint,arithmetic,Arithmetic,9,1335,1,547,2,532,2,1.0,1.0,0.08718200706554145,5ede90c039b72c23d01891f1ad57943b879301851d90c889ffe00a2bf1b7e56a
no_window_zscore,No within-window z-score,recording_disjoint,Within-participant recording-disjoint,arithmetic,Arithmetic,9,1335,2,532,2,547,2,0.5,0.5,3.1830735055309702,5ede90c039b72c23d01891f1ad57943b879301851d90c889ffe00a2bf1b7e56a
no_window_zscore,No within-window z-score,recording_disjoint,Within-participant recording-disjoint,arithmetic,Arithmetic,9,1388,1,243,2,836,2,1.0,1.0,0.025750445675272304,5ede90c039b72c23d01891f1ad57943b879301851d90c889ffe00a2bf1b7e56a
no_window_zscore,No within-window z-score,recording_disjoint,Within-participant recording-disjoint,arithmetic,Arithmetic,9,1388,2,836,2,243,2,0.5,0.5,3.5894731691308768,5ede90c039b72c23d01891f1ad57943b879301851d90c889ffe00a2bf1b7e56a
no_window_zscore,No within-window z-score,recording_disjoint,Within-participant recording-disjoint,arithmetic,Arithmetic,9,1441,1,243,2,836,2,1.0,1.0,0.025750445675272304,5ede90c039b72c23d01891f1ad57943b879301851d90c889ffe00a2bf1b7e56a
no_window_zscore,No within-window z-score,recording_disjoint,Within-participant recording-disjoint,arithmetic,Arithmetic,9,1441,2,836,2,243,2,0.5,0.5,3.5894731691308768,5ede90c039b72c23d01891f1ad57943b879301851d90c889ffe00a2bf1b7e56a
no_window_zscore,No within-window z-score,recording_disjoint,Within-participant recording-disjoint,arithmetic,Arithmetic,9,1494,1,243,2,836,2,1.0,1.0,0.025750445675272304,5ede90c039b72c23d01891f1ad57943b879301851d90c889ffe00a2bf1b7e56a
no_window_zscore,No within-window z-score,recording_disjoint,Within-participant recording-disjoint,arithmetic,Arithmetic,9,1494,2,836,2,243,2,0.5,0.5,3.5894731691308768,5ede90c039b72c23d01891f1ad57943b879301851d90c889ffe00a2bf1b7e56a
no_window_zscore,No within-window z-score,recording_disjoint,Within-participant recording-disjoint,arithmetic,Arithmetic,9,1547,1,547,2,532,2,1.0,1.0,0.08718200706554145,5ede90c039b72c23d01891f1ad57943b879301851d90c889ffe00a2bf1b7e56a
no_window_zscore,No within-window z-score,recording_disjoint,Within-participant recording-disjoint,arithmetic,Arithmetic,9,1547,2,532,2,547,2,0.5,0.5,3.1830735055309702,5ede90c039b72c23d01891f1ad57943b879301851d90c889ffe00a2bf1b7e56a
no_window_zscore,No within-window z-score,recording_disjoint,Within-participant recording-disjoint,arithmetic,Arithmetic,10,1335,1,241,2,297,2,1.0,1.0,0.15406873996441384,5ede90c039b72c23d01891f1ad57943b879301851d90c889ffe00a2bf1b7e56a
no_window_zscore,No within-window z-score,recording_disjoint,Within-participant recording-disjoint,arithmetic,Arithmetic,10,1335,2,297,2,241,2,0.5,0.5,2.0717461236238957,5ede90c039b72c23d01891f1ad57943b879301851d90c889ffe00a2bf1b7e56a
no_window_zscore,No within-window z-score,recording_disjoint,Within-participant recording-disjoint,arithmetic,Arithmetic,10,1388,1,208,2,330,2,0.5,0.5,3.4419759417081885,5ede90c039b72c23d01891f1ad57943b879301851d90c889ffe00a2bf1b7e56a
no_window_zscore,No within-window z-score,recording_disjoint,Within-participant recording-disjoint,arithmetic,Arithmetic,10,1388,2,330,2,208,2,0.5,0.5,1.526566184058299,5ede90c039b72c23d01891f1ad57943b879301851d90c889ffe00a2bf1b7e56a
no_window_zscore,No within-window z-score,recording_disjoint,Within-participant recording-disjoint,arithmetic,Arithmetic,10,1441,1,208,2,330,2,0.5,0.5,3.4419759417081885,5ede90c039b72c23d01891f1ad57943b879301851d90c889ffe00a2bf1b7e56a
no_window_zscore,No within-window z-score,recording_disjoint,Within-participant recording-disjoint,arithmetic,Arithmetic,10,1441,2,330,2,208,2,0.5,0.5,1.526566184058299,5ede90c039b72c23d01891f1ad57943b879301851d90c889ffe00a2bf1b7e56a
no_window_zscore,No within-window z-score,recording_disjoint,Within-participant recording-disjoint,arithmetic,Arithmetic,10,1494,1,208,2,330,2,0.5,0.5,3.4419759417081885,5ede90c039b72c23d01891f1ad57943b879301851d90c889ffe00a2bf1b7e56a
no_window_zscore,No within-window z-score,recording_disjoint,Within-participant recording-disjoint,arithmetic,Arithmetic,10,1494,2,330,2,208,2,0.5,0.5,1.526566184058299,5ede90c039b72c23d01891f1ad57943b879301851d90c889ffe00a2bf1b7e56a
no_window_zscore,No within-window z-score,recording_disjoint,Within-participant recording-disjoint,arithmetic,Arithmetic,10,1547,1,241,2,297,2,1.0,1.0,0.15406873996441384,5ede90c039b72c23d01891f1ad57943b879301851d90c889ffe00a2bf1b7e56a
no_window_zscore,No within-window z-score,recording_disjoint,Within-participant recording-disjoint,arithmetic,Arithmetic,10,1547,2,297,2,241,2,0.5,0.5,2.0717461236238957,5ede90c039b72c23d01891f1ad57943b879301851d90c889ffe00a2bf1b7e56a
no_window_zscore,No within-window z-score,recording_disjoint,Within-participant recording-disjoint,arithmetic,Arithmetic,11,1335,1,366,2,406,2,0.5,0.5,1.464324647242721,5ede90c039b72c23d01891f1ad57943b879301851d90c889ffe00a2bf1b7e56a
no_window_zscore,No within-window z-score,recording_disjoint,Within-participant recording-disjoint,arithmetic,Arithmetic,11,1335,2,406,2,366,2,0.5,0.5,3.387335098288857,5ede90c039b72c23d01891f1ad57943b879301851d90c889ffe00a2bf1b7e56a
no_window_zscore,No within-window z-score,recording_disjoint,Within-participant recording-disjoint,arithmetic,Arithmetic,11,1388,1,317,2,455,2,0.0,0.0,7.3774146937901905,5ede90c039b72c23d01891f1ad57943b879301851d90c889ffe00a2bf1b7e56a
no_window_zscore,No within-window z-score,recording_disjoint,Within-participant recording-disjoint,arithmetic,Arithmetic,11,1388,2,455,2,317,2,0.5,0.5,2.905865705446111,5ede90c039b72c23d01891f1ad57943b879301851d90c889ffe00a2bf1b7e56a
no_window_zscore,No within-window z-score,recording_disjoint,Within-participant recording-disjoint,arithmetic,Arithmetic,11,1441,1,317,2,455,2,0.0,0.0,7.3774146937901905,5ede90c039b72c23d01891f1ad57943b879301851d90c889ffe00a2bf1b7e56a
no_window_zscore,No within-window z-score,recording_disjoint,Within-participant recording-disjoint,arithmetic,Arithmetic,11,1441,2,455,2,317,2,0.5,0.5,2.905865705446111,5ede90c039b72c23d01891f1ad57943b879301851d90c889ffe00a2bf1b7e56a
no_window_zscore,No within-window z-score,recording_disjoint,Within-participant recording-disjoint,arithmetic,Arithmetic,11,1494,1,317,2,455,2,0.0,0.0,7.3774146937901905,5ede90c039b72c23d01891f1ad57943b879301851d90c889ffe00a2bf1b7e56a
no_window_zscore,No within-window z-score,recording_disjoint,Within-participant recording-disjoint,arithmetic,Arithmetic,11,1494,2,455,2,317,2,0.5,0.5,2.905865705446111,5ede90c039b72c23d01891f1ad57943b879301851d90c889ffe00a2bf1b7e56a
no_window_zscore,No within-window z-score,recording_disjoint,Within-participant recording-disjoint,arithmetic,Arithmetic,11,1547,1,366,2,406,2,0.5,0.5,1.464324647242721,5ede90c039b72c23d01891f1ad57943b879301851d90c889ffe00a2bf1b7e56a
no_window_zscore,No within-window z-score,recording_disjoint,Within-participant recording-disjoint,arithmetic,Arithmetic,11,1547,2,406,2,366,2,0.5,0.5,3.387335098288857,5ede90c039b72c23d01891f1ad57943b879301851d90c889ffe00a2bf1b7e56a
no_window_zscore,No within-window z-score,recording_disjoint,Within-participant recording-disjoint,arithmetic,Arithmetic,12,1335,1,335,2,320,2,0.0,0.0,2.3853331046406714,5ede90c039b72c23d01891f1ad57943b879301851d90c889ffe00a2bf1b7e56a
no_window_zscore,No within-window z-score,recording_disjoint,Within-participant recording-disjoint,arithmetic,Arithmetic,12,1335,2,320,2,335,2,0.5,0.5,4.390157139572271,5ede90c039b72c23d01891f1ad57943b879301851d90c889ffe00a2bf1b7e56a
no_window_zscore,No within-window z-score,recording_disjoint,Within-participant recording-disjoint,arithmetic,Arithmetic,12,1388,1,251,2,404,2,0.5,0.5,6.203599806297892,5ede90c039b72c23d01891f1ad57943b879301851d90c889ffe00a2bf1b7e56a
no_window_zscore,No within-window z-score,recording_disjoint,Within-participant recording-disjoint,arithmetic,Arithmetic,12,1388,2,404,2,251,2,0.5,0.5,1.6163794202658728,5ede90c039b72c23d01891f1ad57943b879301851d90c889ffe00a2bf1b7e56a
no_window_zscore,No within-window z-score,recording_disjoint,Within-participant recording-disjoint,arithmetic,Arithmetic,12,1441,1,251,2,404,2,0.5,0.5,6.203599806297892,5ede90c039b72c23d01891f1ad57943b879301851d90c889ffe00a2bf1b7e56a
no_window_zscore,No within-window z-score,recording_disjoint,Within-participant recording-disjoint,arithmetic,Arithmetic,12,1441,2,404,2,251,2,0.5,0.5,1.6163794202658728,5ede90c039b72c23d01891f1ad57943b879301851d90c889ffe00a2bf1b7e56a
no_window_zscore,No within-window z-score,recording_disjoint,Within-participant recording-disjoint,arithmetic,Arithmetic,12,1494,1,251,2,404,2,0.5,0.5,6.203599806297892,5ede90c039b72c23d01891f1ad57943b879301851d90c889ffe00a2bf1b7e56a
no_window_zscore,No within-window z-score,recording_disjoint,Within-participant recording-disjoint,arithmetic,Arithmetic,12,1494,2,404,2,251,2,0.5,0.5,1.6163794202658728,5ede90c039b72c23d01891f1ad57943b879301851d90c889ffe00a2bf1b7e56a
no_window_zscore,No within-window z-score,recording_disjoint,Within-participant recording-disjoint,arithmetic,Arithmetic,12,1547,1,335,2,320,2,0.0,0.0,2.3853331046406714,5ede90c039b72c23d01891f1ad57943b879301851d90c889ffe00a2bf1b7e56a
no_window_zscore,No within-window z-score,recording_disjoint,Within-participant recording-disjoint,arithmetic,Arithmetic,12,1547,2,320,2,335,2,0.5,0.5,4.390157139572271,5ede90c039b72c23d01891f1ad57943b879301851d90c889ffe00a2bf1b7e56a
no_window_zscore,No within-window z-score,recording_disjoint,Within-participant recording-disjoint,arithmetic,Arithmetic,13,1335,1,345,2,325,2,1.0,1.0,0.23934087917014665,5ede90c039b72c23d01891f1ad57943b879301851d90c889ffe00a2bf1b7e56a
no_window_zscore,No within-window z-score,recording_disjoint,Within-participant recording-disjoint,arithmetic,Arithmetic,13,1335,2,325,2,345,2,0.5,0.5,3.2902277360459258,5ede90c039b72c23d01891f1ad57943b879301851d90c889ffe00a2bf1b7e56a
no_window_zscore,No within-window z-score,recording_disjoint,Within-participant recording-disjoint,arithmetic,Arithmetic,13,1388,1,287,2,383,2,0.5,0.5,2.9092642571054763,5ede90c039b72c23d01891f1ad57943b879301851d90c889ffe00a2bf1b7e56a
no_window_zscore,No within-window z-score,recording_disjoint,Within-participant recording-disjoint,arithmetic,Arithmetic,13,1388,2,383,2,287,2,0.5,0.5,3.3130014399445686,5ede90c039b72c23d01891f1ad57943b879301851d90c889ffe00a2bf1b7e56a
no_window_zscore,No within-window z-score,recording_disjoint,Within-participant recording-disjoint,arithmetic,Arithmetic,13,1441,1,287,2,383,2,0.5,0.5,2.9092642571054763,5ede90c039b72c23d01891f1ad57943b879301851d90c889ffe00a2bf1b7e56a
no_window_zscore,No within-window z-score,recording_disjoint,Within-participant recording-disjoint,arithmetic,Arithmetic,13,1441,2,383,2,287,2,0.5,0.5,3.3130014399445686,5ede90c039b72c23d01891f1ad57943b879301851d90c889ffe00a2bf1b7e56a
no_window_zscore,No within-window z-score,recording_disjoint,Within-participant recording-disjoint,arithmetic,Arithmetic,13,1494,1,287,2,383,2,0.5,0.5,2.9092642571054763,5ede90c039b72c23d01891f1ad57943b879301851d90c889ffe00a2bf1b7e56a
no_window_zscore,No within-window z-score,recording_disjoint,Within-participant recording-disjoint,arithmetic,Arithmetic,13,1494,2,383,2,287,2,0.5,0.5,3.3130014399445686,5ede90c039b72c23d01891f1ad57943b879301851d90c889ffe00a2bf1b7e56a
no_window_zscore,No within-window z-score,recording_disjoint,Within-participant recording-disjoint,arithmetic,Arithmetic,13,1547,1,345,2,325,2,1.0,1.0,0.23934087917014665,5ede90c039b72c23d01891f1ad57943b879301851d90c889ffe00a2bf1b7e56a
no_window_zscore,No within-window z-score,recording_disjoint,Within-participant recording-disjoint,arithmetic,Arithmetic,13,1547,2,325,2,345,2,0.5,0.5,3.2902277360459258,5ede90c039b72c23d01891f1ad57943b879301851d90c889ffe00a2bf1b7e56a
no_window_zscore,No within-window z-score,recording_disjoint,Within-participant recording-disjoint,arithmetic,Arithmetic,14,1335,1,284,2,310,2,0.0,0.0,14.210407244443642,5ede90c039b72c23d01891f1ad57943b879301851d90c889ffe00a2bf1b7e56a
no_window_zscore,No within-window z-score,recording_disjoint,Within-participant recording-disjoint,arithmetic,Arithmetic,14,1335,2,310,2,284,2,0.5,0.5,4.223101678447805,5ede90c039b72c23d01891f1ad57943b879301851d90c889ffe00a2bf1b7e56a
no_window_zscore,No within-window z-score,recording_disjoint,Within-participant recording-disjoint,arithmetic,Arithmetic,14,1388,1,269,2,325,2,0.5,0.5,13.815510557965244,5ede90c039b72c23d01891f1ad57943b879301851d90c889ffe00a2bf1b7e56a
no_window_zscore,No within-window z-score,recording_disjoint,Within-participant recording-disjoint,arithmetic,Arithmetic,14,1388,2,325,2,269,2,0.5,0.5,6.304633831044969,5ede90c039b72c23d01891f1ad57943b879301851d90c889ffe00a2bf1b7e56a
no_window_zscore,No within-window z-score,recording_disjoint,Within-participant recording-disjoint,arithmetic,Arithmetic,14,1441,1,269,2,325,2,0.5,0.5,13.815510557965244,5ede90c039b72c23d01891f1ad57943b879301851d90c889ffe00a2bf1b7e56a
no_window_zscore,No within-window z-score,recording_disjoint,Within-participant recording-disjoint,arithmetic,Arithmetic,14,1441,2,325,2,269,2,0.5,0.5,6.304633831044969,5ede90c039b72c23d01891f1ad57943b879301851d90c889ffe00a2bf1b7e56a
no_window_zscore,No within-window z-score,recording_disjoint,Within-participant recording-disjoint,arithmetic,Arithmetic,14,1494,1,269,2,325,2,0.5,0.5,13.815510557965244,5ede90c039b72c23d01891f1ad57943b879301851d90c889ffe00a2bf1b7e56a
no_window_zscore,No within-window z-score,recording_disjoint,Within-participant recording-disjoint,arithmetic,Arithmetic,14,1494,2,325,2,269,2,0.5,0.5,6.304633831044969,5ede90c039b72c23d01891f1ad57943b879301851d90c889ffe00a2bf1b7e56a
no_window_zscore,No within-window z-score,recording_disjoint,Within-participant recording-disjoint,arithmetic,Arithmetic,14,1547,1,284,2,310,2,0.0,0.0,14.210407244443642,5ede90c039b72c23d01891f1ad57943b879301851d90c889ffe00a2bf1b7e56a
no_window_zscore,No within-window z-score,recording_disjoint,Within-participant recording-disjoint,arithmetic,Arithmetic,14,1547,2,310,2,284,2,0.5,0.5,4.223101678447805,5ede90c039b72c23d01891f1ad57943b879301851d90c889ffe00a2bf1b7e56a
no_window_zscore,No within-window z-score,recording_disjoint,Within-participant recording-disjoint,arithmetic,Arithmetic,15,1335,1,432,2,295,2,1.0,1.0,0.18852655370955074,5ede90c039b72c23d01891f1ad57943b879301851d90c889ffe00a2bf1b7e56a
no_window_zscore,No within-window z-score,recording_disjoint,Within-participant recording-disjoint,arithmetic,Arithmetic,15,1335,2,295,2,432,2,0.5,0.5,4.0219341771800865,5ede90c039b72c23d01891f1ad57943b879301851d90c889ffe00a2bf1b7e56a
no_window_zscore,No within-window z-score,recording_disjoint,Within-participant recording-disjoint,arithmetic,Arithmetic,15,1388,1,314,2,413,2,1.0,1.0,0.0001081028306645068,5ede90c039b72c23d01891f1ad57943b879301851d90c889ffe00a2bf1b7e56a
no_window_zscore,No within-window z-score,recording_disjoint,Within-participant recording-disjoint,arithmetic,Arithmetic,15,1388,2,413,2,314,2,0.5,0.5,4.273425586360526,5ede90c039b72c23d01891f1ad57943b879301851d90c889ffe00a2bf1b7e56a
no_window_zscore,No within-window z-score,recording_disjoint,Within-participant recording-disjoint,arithmetic,Arithmetic,15,1441,1,314,2,413,2,1.0,1.0,0.0001081028306645068,5ede90c039b72c23d01891f1ad57943b879301851d90c889ffe00a2bf1b7e56a
no_window_zscore,No within-window z-score,recording_disjoint,Within-participant recording-disjoint,arithmetic,Arithmetic,15,1441,2,413,2,314,2,0.5,0.5,4.273425586360526,5ede90c039b72c23d01891f1ad57943b879301851d90c889ffe00a2bf1b7e56a
no_window_zscore,No within-window z-score,recording_disjoint,Within-participant recording-disjoint,arithmetic,Arithmetic,15,1494,1,314,2,413,2,1.0,1.0,0.0001081028306645068,5ede90c039b72c23d01891f1ad57943b879301851d90c889ffe00a2bf1b7e56a
no_window_zscore,No within-window z-score,recording_disjoint,Within-participant recording-disjoint,arithmetic,Arithmetic,15,1494,2,413,2,314,2,0.5,0.5,4.273425586360526,5ede90c039b72c23d01891f1ad57943b879301851d90c889ffe00a2bf1b7e56a
no_window_zscore,No within-window z-score,recording_disjoint,Within-participant recording-disjoint,arithmetic,Arithmetic,15,1547,1,432,2,295,2,1.0,1.0,0.18852655370955074,5ede90c039b72c23d01891f1ad57943b879301851d90c889ffe00a2bf1b7e56a
no_window_zscore,No within-window z-score,recording_disjoint,Within-participant recording-disjoint,arithmetic,Arithmetic,15,1547,2,295,2,432,2,0.5,0.5,4.0219341771800865,5ede90c039b72c23d01891f1ad57943b879301851d90c889ffe00a2bf1b7e56a
no_window_zscore,No within-window z-score,participant_disjoint_loso,Participant-disjoint LOSO,arithmetic,Arithmetic,1,,1,10066,56,696,4,0.5,0.5,1.6993661002816343,5ede90c039b72c23d01891f1ad57943b879301851d90c889ffe00a2bf1b7e56a
no_window_zscore,No within-window z-score,participant_disjoint_loso,Participant-disjoint LOSO,arithmetic,Arithmetic,2,,2,9774,56,988,4,0.5,0.5,2.535615165393604,5ede90c039b72c23d01891f1ad57943b879301851d90c889ffe00a2bf1b7e56a
no_window_zscore,No within-window z-score,participant_disjoint_loso,Participant-disjoint LOSO,arithmetic,Arithmetic,3,,3,10193,56,569,4,0.75,0.75,0.3979704227691284,5ede90c039b72c23d01891f1ad57943b879301851d90c889ffe00a2bf1b7e56a
no_window_zscore,No within-window z-score,participant_disjoint_loso,Participant-disjoint LOSO,arithmetic,Arithmetic,4,,4,10096,56,666,4,0.5,0.5,8.366449325644789,5ede90c039b72c23d01891f1ad57943b879301851d90c889ffe00a2bf1b7e56a
no_window_zscore,No within-window z-score,participant_disjoint_loso,Participant-disjoint LOSO,arithmetic,Arithmetic,5,,5,9935,56,827,4,0.25,0.25,0.7428678614877584,5ede90c039b72c23d01891f1ad57943b879301851d90c889ffe00a2bf1b7e56a
no_window_zscore,No within-window z-score,participant_disjoint_loso,Participant-disjoint LOSO,arithmetic,Arithmetic,6,,6,10172,56,590,4,0.5,0.5,4.6141737441808495,5ede90c039b72c23d01891f1ad57943b879301851d90c889ffe00a2bf1b7e56a
no_window_zscore,No within-window z-score,participant_disjoint_loso,Participant-disjoint LOSO,arithmetic,Arithmetic,7,,7,10409,56,353,4,0.5,0.5,3.3302891813612048,5ede90c039b72c23d01891f1ad57943b879301851d90c889ffe00a2bf1b7e56a
no_window_zscore,No within-window z-score,participant_disjoint_loso,Participant-disjoint LOSO,arithmetic,Arithmetic,8,,8,9724,56,1038,4,0.5,0.5,0.9155672290110921,5ede90c039b72c23d01891f1ad57943b879301851d90c889ffe00a2bf1b7e56a
no_window_zscore,No within-window z-score,participant_disjoint_loso,Participant-disjoint LOSO,arithmetic,Arithmetic,9,,9,9683,56,1079,4,0.5,0.5,1.276793025987915,5ede90c039b72c23d01891f1ad57943b879301851d90c889ffe00a2bf1b7e56a
no_window_zscore,No within-window z-score,participant_disjoint_loso,Participant-disjoint LOSO,arithmetic,Arithmetic,10,,10,10224,56,538,4,0.5,0.5,2.9871603553824935,5ede90c039b72c23d01891f1ad57943b879301851d90c889ffe00a2bf1b7e56a
no_window_zscore,No within-window z-score,participant_disjoint_loso,Participant-disjoint LOSO,arithmetic,Arithmetic,11,,11,9990,56,772,4,0.75,0.75,0.7364643701344714,5ede90c039b72c23d01891f1ad57943b879301851d90c889ffe00a2bf1b7e56a
no_window_zscore,No within-window z-score,participant_disjoint_loso,Participant-disjoint LOSO,arithmetic,Arithmetic,12,,12,10107,56,655,4,0.5,0.5,1.1260101306616686,5ede90c039b72c23d01891f1ad57943b879301851d90c889ffe00a2bf1b7e56a
no_window_zscore,No within-window z-score,participant_disjoint_loso,Participant-disjoint LOSO,arithmetic,Arithmetic,13,,13,10092,56,670,4,0.75,0.75,0.36307255600074434,5ede90c039b72c23d01891f1ad57943b879301851d90c889ffe00a2bf1b7e56a
no_window_zscore,No within-window z-score,participant_disjoint_loso,Participant-disjoint LOSO,arithmetic,Arithmetic,14,,14,10168,56,594,4,0.5,0.5,3.076435849194326,5ede90c039b72c23d01891f1ad57943b879301851d90c889ffe00a2bf1b7e56a
no_window_zscore,No within-window z-score,participant_disjoint_loso,Participant-disjoint LOSO,arithmetic,Arithmetic,15,,15,10035,56,727,4,0.5,0.5,6.8676214117448335,5ede90c039b72c23d01891f1ad57943b879301851d90c889ffe00a2bf1b7e56a
no_window_zscore,No within-window z-score,recording_disjoint,Within-participant recording-disjoint,stroop,Stroop,1,1335,1,357,2,296,2,0.0,0.0,12.820160910534884,5ede90c039b72c23d01891f1ad57943b879301851d90c889ffe00a2bf1b7e56a
no_window_zscore,No within-window z-score,recording_disjoint,Within-participant recording-disjoint,stroop,Stroop,1,1335,2,296,2,357,2,0.5,0.5,3.3067500709893496,5ede90c039b72c23d01891f1ad57943b879301851d90c889ffe00a2bf1b7e56a
no_window_zscore,No within-window z-score,recording_disjoint,Within-participant recording-disjoint,stroop,Stroop,1,1388,1,287,2,366,2,0.5,0.5,2.5372026839140185,5ede90c039b72c23d01891f1ad57943b879301851d90c889ffe00a2bf1b7e56a
no_window_zscore,No within-window z-score,recording_disjoint,Within-participant recording-disjoint,stroop,Stroop,1,1388,2,366,2,287,2,0.5,0.5,2.57616101278009,5ede90c039b72c23d01891f1ad57943b879301851d90c889ffe00a2bf1b7e56a
no_window_zscore,No within-window z-score,recording_disjoint,Within-participant recording-disjoint,stroop,Stroop,1,1441,1,287,2,366,2,0.5,0.5,2.5372026839140185,5ede90c039b72c23d01891f1ad57943b879301851d90c889ffe00a2bf1b7e56a
no_window_zscore,No within-window z-score,recording_disjoint,Within-participant recording-disjoint,stroop,Stroop,1,1441,2,366,2,287,2,0.5,0.5,2.57616101278009,5ede90c039b72c23d01891f1ad57943b879301851d90c889ffe00a2bf1b7e56a
no_window_zscore,No within-window z-score,recording_disjoint,Within-participant recording-disjoint,stroop,Stroop,1,1494,1,287,2,366,2,0.5,0.5,2.5372026839140185,5ede90c039b72c23d01891f1ad57943b879301851d90c889ffe00a2bf1b7e56a
no_window_zscore,No within-window z-score,recording_disjoint,Within-participant recording-disjoint,stroop,Stroop,1,1494,2,366,2,287,2,0.5,0.5,2.57616101278009,5ede90c039b72c23d01891f1ad57943b879301851d90c889ffe00a2bf1b7e56a
no_window_zscore,No within-window z-score,recording_disjoint,Within-participant recording-disjoint,stroop,Stroop,1,1547,1,357,2,296,2,0.0,0.0,12.820160910534884,5ede90c039b72c23d01891f1ad57943b879301851d90c889ffe00a2bf1b7e56a
no_window_zscore,No within-window z-score,recording_disjoint,Within-participant recording-disjoint,stroop,Stroop,1,1547,2,296,2,357,2,0.5,0.5,3.3067500709893496,5ede90c039b72c23d01891f1ad57943b879301851d90c889ffe00a2bf1b7e56a
no_window_zscore,No within-window z-score,recording_disjoint,Within-participant recording-disjoint,stroop,Stroop,2,1335,1,303,2,556,2,1.0,1.0,0.026819584181771664,5ede90c039b72c23d01891f1ad57943b879301851d90c889ffe00a2bf1b7e56a
no_window_zscore,No within-window z-score,recording_disjoint,Within-participant recording-disjoint,stroop,Stroop,2,1335,2,556,2,303,2,0.5,0.5,2.800071594968335,5ede90c039b72c23d01891f1ad57943b879301851d90c889ffe00a2bf1b7e56a
no_window_zscore,No within-window z-score,recording_disjoint,Within-participant recording-disjoint,stroop,Stroop,2,1388,1,201,2,658,2,1.0,1.0,0.004581869381153998,5ede90c039b72c23d01891f1ad57943b879301851d90c889ffe00a2bf1b7e56a
no_window_zscore,No within-window z-score,recording_disjoint,Within-participant recording-disjoint,stroop,Stroop,2,1388,2,658,2,201,2,0.5,0.5,2.7242673189878253,5ede90c039b72c23d01891f1ad57943b879301851d90c889ffe00a2bf1b7e56a
no_window_zscore,No within-window z-score,recording_disjoint,Within-participant recording-disjoint,stroop,Stroop,2,1441,1,201,2,658,2,1.0,1.0,0.004581869381153998,5ede90c039b72c23d01891f1ad57943b879301851d90c889ffe00a2bf1b7e56a
no_window_zscore,No within-window z-score,recording_disjoint,Within-participant recording-disjoint,stroop,Stroop,2,1441,2,658,2,201,2,0.5,0.5,2.7242673189878253,5ede90c039b72c23d01891f1ad57943b879301851d90c889ffe00a2bf1b7e56a
no_window_zscore,No within-window z-score,recording_disjoint,Within-participant recording-disjoint,stroop,Stroop,2,1494,1,201,2,658,2,1.0,1.0,0.004581869381153998,5ede90c039b72c23d01891f1ad57943b879301851d90c889ffe00a2bf1b7e56a
no_window_zscore,No within-window z-score,recording_disjoint,Within-participant recording-disjoint,stroop,Stroop,2,1494,2,658,2,201,2,0.5,0.5,2.7242673189878253,5ede90c039b72c23d01891f1ad57943b879301851d90c889ffe00a2bf1b7e56a
no_window_zscore,No within-window z-score,recording_disjoint,Within-participant recording-disjoint,stroop,Stroop,2,1547,1,303,2,556,2,1.0,1.0,0.026819584181771664,5ede90c039b72c23d01891f1ad57943b879301851d90c889ffe00a2bf1b7e56a
no_window_zscore,No within-window z-score,recording_disjoint,Within-participant recording-disjoint,stroop,Stroop,2,1547,2,556,2,303,2,0.5,0.5,2.800071594968335,5ede90c039b72c23d01891f1ad57943b879301851d90c889ffe00a2bf1b7e56a
no_window_zscore,No within-window z-score,recording_disjoint,Within-participant recording-disjoint,stroop,Stroop,3,1335,1,287,2,283,2,0.5,0.5,0.6302957194280644,5ede90c039b72c23d01891f1ad57943b879301851d90c889ffe00a2bf1b7e56a
no_window_zscore,No within-window z-score,recording_disjoint,Within-participant recording-disjoint,stroop,Stroop,3,1335,2,283,2,287,2,0.5,0.5,1.4138851062825095,5ede90c039b72c23d01891f1ad57943b879301851d90c889ffe00a2bf1b7e56a
no_window_zscore,No within-window z-score,recording_disjoint,Within-participant recording-disjoint,stroop,Stroop,3,1388,1,229,2,341,2,0.5,0.5,6.660011123075354,5ede90c039b72c23d01891f1ad57943b879301851d90c889ffe00a2bf1b7e56a
no_window_zscore,No within-window z-score,recording_disjoint,Within-participant recording-disjoint,stroop,Stroop,3,1388,2,341,2,229,2,1.0,1.0,0.08914320861213955,5ede90c039b72c23d01891f1ad57943b879301851d90c889ffe00a2bf1b7e56a
no_window_zscore,No within-window z-score,recording_disjoint,Within-participant recording-disjoint,stroop,Stroop,3,1441,1,229,2,341,2,0.5,0.5,6.660011123075354,5ede90c039b72c23d01891f1ad57943b879301851d90c889ffe00a2bf1b7e56a
no_window_zscore,No within-window z-score,recording_disjoint,Within-participant recording-disjoint,stroop,Stroop,3,1441,2,341,2,229,2,1.0,1.0,0.08914320861213955,5ede90c039b72c23d01891f1ad57943b879301851d90c889ffe00a2bf1b7e56a
no_window_zscore,No within-window z-score,recording_disjoint,Within-participant recording-disjoint,stroop,Stroop,3,1494,1,229,2,341,2,0.5,0.5,6.660011123075354,5ede90c039b72c23d01891f1ad57943b879301851d90c889ffe00a2bf1b7e56a
no_window_zscore,No within-window z-score,recording_disjoint,Within-participant recording-disjoint,stroop,Stroop,3,1494,2,341,2,229,2,1.0,1.0,0.08914320861213955,5ede90c039b72c23d01891f1ad57943b879301851d90c889ffe00a2bf1b7e56a
no_window_zscore,No within-window z-score,recording_disjoint,Within-participant recording-disjoint,stroop,Stroop,3,1547,1,287,2,283,2,0.5,0.5,0.6302957194280644,5ede90c039b72c23d01891f1ad57943b879301851d90c889ffe00a2bf1b7e56a
no_window_zscore,No within-window z-score,recording_disjoint,Within-participant recording-disjoint,stroop,Stroop,3,1547,2,283,2,287,2,0.5,0.5,1.4138851062825095,5ede90c039b72c23d01891f1ad57943b879301851d90c889ffe00a2bf1b7e56a
no_window_zscore,No within-window z-score,recording_disjoint,Within-participant recording-disjoint,stroop,Stroop,4,1335,1,281,2,178,2,0.0,0.0,6.21478192078442,5ede90c039b72c23d01891f1ad57943b879301851d90c889ffe00a2bf1b7e56a
no_window_zscore,No within-window z-score,recording_disjoint,Within-participant recording-disjoint,stroop,Stroop,4,1335,2,178,2,281,2,0.5,0.5,3.027826411411187,5ede90c039b72c23d01891f1ad57943b879301851d90c889ffe00a2bf1b7e56a
no_window_zscore,No within-window z-score,recording_disjoint,Within-participant recording-disjoint,stroop,Stroop,4,1388,1,151,2,308,2,1.0,1.0,4.94944708929258e-05,5ede90c039b72c23d01891f1ad57943b879301851d90c889ffe00a2bf1b7e56a
no_window_zscore,No within-window z-score,recording_disjoint,Within-participant recording-disjoint,stroop,Stroop,4,1388,2,308,2,151,2,0.5,0.5,4.35886577546902,5ede90c039b72c23d01891f1ad57943b879301851d90c889ffe00a2bf1b7e56a
no_window_zscore,No within-window z-score,recording_disjoint,Within-participant recording-disjoint,stroop,Stroop,4,1441,1,151,2,308,2,1.0,1.0,4.94944708929258e-05,5ede90c039b72c23d01891f1ad57943b879301851d90c889ffe00a2bf1b7e56a
no_window_zscore,No within-window z-score,recording_disjoint,Within-participant recording-disjoint,stroop,Stroop,4,1441,2,308,2,151,2,0.5,0.5,4.35886577546902,5ede90c039b72c23d01891f1ad57943b879301851d90c889ffe00a2bf1b7e56a
no_window_zscore,No within-window z-score,recording_disjoint,Within-participant recording-disjoint,stroop,Stroop,4,1494,1,151,2,308,2,1.0,1.0,4.94944708929258e-05,5ede90c039b72c23d01891f1ad57943b879301851d90c889ffe00a2bf1b7e56a
no_window_zscore,No within-window z-score,recording_disjoint,Within-participant recording-disjoint,stroop,Stroop,4,1494,2,308,2,151,2,0.5,0.5,4.35886577546902,5ede90c039b72c23d01891f1ad57943b879301851d90c889ffe00a2bf1b7e56a
no_window_zscore,No within-window z-score,recording_disjoint,Within-participant recording-disjoint,stroop,Stroop,4,1547,1,281,2,178,2,0.0,0.0,6.21478192078442,5ede90c039b72c23d01891f1ad57943b879301851d90c889ffe00a2bf1b7e56a
no_window_zscore,No within-window z-score,recording_disjoint,Within-participant recording-disjoint,stroop,Stroop,4,1547,2,178,2,281,2,0.5,0.5,3.027826411411187,5ede90c039b72c23d01891f1ad57943b879301851d90c889ffe00a2bf1b7e56a
no_window_zscore,No within-window z-score,recording_disjoint,Within-participant recording-disjoint,stroop,Stroop,5,1335,1,308,2,352,2,0.5,0.5,3.2623192073855227,5ede90c039b72c23d01891f1ad57943b879301851d90c889ffe00a2bf1b7e56a
no_window_zscore,No within-window z-score,recording_disjoint,Within-participant recording-disjoint,stroop,Stroop,5,1335,2,352,2,308,2,0.5,0.5,1.222824006947666,5ede90c039b72c23d01891f1ad57943b879301851d90c889ffe00a2bf1b7e56a
no_window_zscore,No within-window z-score,recording_disjoint,Within-participant recording-disjoint,stroop,Stroop,5,1388,1,245,2,415,2,0.5,0.5,5.702777274135801,5ede90c039b72c23d01891f1ad57943b879301851d90c889ffe00a2bf1b7e56a
no_window_zscore,No within-window z-score,recording_disjoint,Within-participant recording-disjoint,stroop,Stroop,5,1388,2,415,2,245,2,0.5,0.5,0.9183883096850902,5ede90c039b72c23d01891f1ad57943b879301851d90c889ffe00a2bf1b7e56a
no_window_zscore,No within-window z-score,recording_disjoint,Within-participant recording-disjoint,stroop,Stroop,5,1441,1,245,2,415,2,0.5,0.5,5.702777274135801,5ede90c039b72c23d01891f1ad57943b879301851d90c889ffe00a2bf1b7e56a
no_window_zscore,No within-window z-score,recording_disjoint,Within-participant recording-disjoint,stroop,Stroop,5,1441,2,415,2,245,2,0.5,0.5,0.9183883096850902,5ede90c039b72c23d01891f1ad57943b879301851d90c889ffe00a2bf1b7e56a
no_window_zscore,No within-window z-score,recording_disjoint,Within-participant recording-disjoint,stroop,Stroop,5,1494,1,245,2,415,2,0.5,0.5,5.702777274135801,5ede90c039b72c23d01891f1ad57943b879301851d90c889ffe00a2bf1b7e56a
no_window_zscore,No within-window z-score,recording_disjoint,Within-participant recording-disjoint,stroop,Stroop,5,1494,2,415,2,245,2,0.5,0.5,0.9183883096850902,5ede90c039b72c23d01891f1ad57943b879301851d90c889ffe00a2bf1b7e56a
no_window_zscore,No within-window z-score,recording_disjoint,Within-participant recording-disjoint,stroop,Stroop,5,1547,1,308,2,352,2,0.5,0.5,3.2623192073855227,5ede90c039b72c23d01891f1ad57943b879301851d90c889ffe00a2bf1b7e56a
no_window_zscore,No within-window z-score,recording_disjoint,Within-participant recording-disjoint,stroop,Stroop,5,1547,2,352,2,308,2,0.5,0.5,1.222824006947666,5ede90c039b72c23d01891f1ad57943b879301851d90c889ffe00a2bf1b7e56a
no_window_zscore,No within-window z-score,recording_disjoint,Within-participant recording-disjoint,stroop,Stroop,6,1335,1,280,2,261,2,0.0,0.0,6.563228318439185,5ede90c039b72c23d01891f1ad57943b879301851d90c889ffe00a2bf1b7e56a
no_window_zscore,No within-window z-score,recording_disjoint,Within-participant recording-disjoint,stroop,Stroop,6,1335,2,261,2,280,2,0.5,0.5,2.7423078498967914,5ede90c039b72c23d01891f1ad57943b879301851d90c889ffe00a2bf1b7e56a
no_window_zscore,No within-window z-score,recording_disjoint,Within-participant recording-disjoint,stroop,Stroop,6,1388,1,230,2,311,2,0.5,0.5,3.0079999028305533,5ede90c039b72c23d01891f1ad57943b879301851d90c889ffe00a2bf1b7e56a
no_window_zscore,No within-window z-score,recording_disjoint,Within-participant recording-disjoint,stroop,Stroop,6,1388,2,311,2,230,2,0.0,0.0,18.903348028397527,5ede90c039b72c23d01891f1ad57943b879301851d90c889ffe00a2bf1b7e56a
no_window_zscore,No within-window z-score,recording_disjoint,Within-participant recording-disjoint,stroop,Stroop,6,1441,1,230,2,311,2,0.5,0.5,3.0079999028305533,5ede90c039b72c23d01891f1ad57943b879301851d90c889ffe00a2bf1b7e56a
no_window_zscore,No within-window z-score,recording_disjoint,Within-participant recording-disjoint,stroop,Stroop,6,1441,2,311,2,230,2,0.0,0.0,18.903348028397527,5ede90c039b72c23d01891f1ad57943b879301851d90c889ffe00a2bf1b7e56a
no_window_zscore,No within-window z-score,recording_disjoint,Within-participant recording-disjoint,stroop,Stroop,6,1494,1,230,2,311,2,0.5,0.5,3.0079999028305533,5ede90c039b72c23d01891f1ad57943b879301851d90c889ffe00a2bf1b7e56a
no_window_zscore,No within-window z-score,recording_disjoint,Within-participant recording-disjoint,stroop,Stroop,6,1494,2,311,2,230,2,0.0,0.0,18.903348028397527,5ede90c039b72c23d01891f1ad57943b879301851d90c889ffe00a2bf1b7e56a
no_window_zscore,No within-window z-score,recording_disjoint,Within-participant recording-disjoint,stroop,Stroop,6,1547,1,280,2,261,2,0.0,0.0,6.563228318439185,5ede90c039b72c23d01891f1ad57943b879301851d90c889ffe00a2bf1b7e56a
no_window_zscore,No within-window z-score,recording_disjoint,Within-participant recording-disjoint,stroop,Stroop,6,1547,2,261,2,280,2,0.5,0.5,2.7423078498967914,5ede90c039b72c23d01891f1ad57943b879301851d90c889ffe00a2bf1b7e56a
no_window_zscore,No within-window z-score,recording_disjoint,Within-participant recording-disjoint,stroop,Stroop,7,1335,1,276,2,265,2,0.5,0.5,0.6199143406070416,5ede90c039b72c23d01891f1ad57943b879301851d90c889ffe00a2bf1b7e56a
no_window_zscore,No within-window z-score,recording_disjoint,Within-participant recording-disjoint,stroop,Stroop,7,1335,2,265,2,276,2,0.5,0.5,2.755987843351346,5ede90c039b72c23d01891f1ad57943b879301851d90c889ffe00a2bf1b7e56a
no_window_zscore,No within-window z-score,recording_disjoint,Within-participant recording-disjoint,stroop,Stroop,7,1388,1,193,2,348,2,1.0,1.0,0.012373429911491027,5ede90c039b72c23d01891f1ad57943b879301851d90c889ffe00a2bf1b7e56a
no_window_zscore,No within-window z-score,recording_disjoint,Within-participant recording-disjoint,stroop,Stroop,7,1388,2,348,2,193,2,0.5,0.5,3.4097175844645338,5ede90c039b72c23d01891f1ad57943b879301851d90c889ffe00a2bf1b7e56a
no_window_zscore,No within-window z-score,recording_disjoint,Within-participant recording-disjoint,stroop,Stroop,7,1441,1,193,2,348,2,1.0,1.0,0.012373429911491027,5ede90c039b72c23d01891f1ad57943b879301851d90c889ffe00a2bf1b7e56a
no_window_zscore,No within-window z-score,recording_disjoint,Within-participant recording-disjoint,stroop,Stroop,7,1441,2,348,2,193,2,0.5,0.5,3.4097175844645338,5ede90c039b72c23d01891f1ad57943b879301851d90c889ffe00a2bf1b7e56a
no_window_zscore,No within-window z-score,recording_disjoint,Within-participant recording-disjoint,stroop,Stroop,7,1494,1,193,2,348,2,1.0,1.0,0.012373429911491027,5ede90c039b72c23d01891f1ad57943b879301851d90c889ffe00a2bf1b7e56a
no_window_zscore,No within-window z-score,recording_disjoint,Within-participant recording-disjoint,stroop,Stroop,7,1494,2,348,2,193,2,0.5,0.5,3.4097175844645338,5ede90c039b72c23d01891f1ad57943b879301851d90c889ffe00a2bf1b7e56a
no_window_zscore,No within-window z-score,recording_disjoint,Within-participant recording-disjoint,stroop,Stroop,7,1547,1,276,2,265,2,0.5,0.5,0.6199143406070416,5ede90c039b72c23d01891f1ad57943b879301851d90c889ffe00a2bf1b7e56a
no_window_zscore,No within-window z-score,recording_disjoint,Within-participant recording-disjoint,stroop,Stroop,7,1547,2,265,2,276,2,0.5,0.5,2.755987843351346,5ede90c039b72c23d01891f1ad57943b879301851d90c889ffe00a2bf1b7e56a
no_window_zscore,No within-window z-score,recording_disjoint,Within-participant recording-disjoint,stroop,Stroop,8,1335,1,396,2,350,2,0.5,0.5,3.31775724707867,5ede90c039b72c23d01891f1ad57943b879301851d90c889ffe00a2bf1b7e56a
no_window_zscore,No within-window z-score,recording_disjoint,Within-participant recording-disjoint,stroop,Stroop,8,1335,2,350,2,396,2,0.5,0.5,2.943547604980587,5ede90c039b72c23d01891f1ad57943b879301851d90c889ffe00a2bf1b7e56a
no_window_zscore,No within-window z-score,recording_disjoint,Within-participant recording-disjoint,stroop,Stroop,8,1388,1,322,2,424,2,0.5,0.5,3.253520324445073,5ede90c039b72c23d01891f1ad57943b879301851d90c889ffe00a2bf1b7e56a
no_window_zscore,No within-window z-score,recording_disjoint,Within-participant recording-disjoint,stroop,Stroop,8,1388,2,424,2,322,2,0.5,0.5,3.5095201821976203,5ede90c039b72c23d01891f1ad57943b879301851d90c889ffe00a2bf1b7e56a
no_window_zscore,No within-window z-score,recording_disjoint,Within-participant recording-disjoint,stroop,Stroop,8,1441,1,322,2,424,2,0.5,0.5,3.253520324445073,5ede90c039b72c23d01891f1ad57943b879301851d90c889ffe00a2bf1b7e56a
no_window_zscore,No within-window z-score,recording_disjoint,Within-participant recording-disjoint,stroop,Stroop,8,1441,2,424,2,322,2,0.5,0.5,3.5095201821976203,5ede90c039b72c23d01891f1ad57943b879301851d90c889ffe00a2bf1b7e56a
no_window_zscore,No within-window z-score,recording_disjoint,Within-participant recording-disjoint,stroop,Stroop,8,1494,1,322,2,424,2,0.5,0.5,3.253520324445073,5ede90c039b72c23d01891f1ad57943b879301851d90c889ffe00a2bf1b7e56a
no_window_zscore,No within-window z-score,recording_disjoint,Within-participant recording-disjoint,stroop,Stroop,8,1494,2,424,2,322,2,0.5,0.5,3.5095201821976203,5ede90c039b72c23d01891f1ad57943b879301851d90c889ffe00a2bf1b7e56a
no_window_zscore,No within-window z-score,recording_disjoint,Within-participant recording-disjoint,stroop,Stroop,8,1547,1,396,2,350,2,0.5,0.5,3.31775724707867,5ede90c039b72c23d01891f1ad57943b879301851d90c889ffe00a2bf1b7e56a
no_window_zscore,No within-window z-score,recording_disjoint,Within-participant recording-disjoint,stroop,Stroop,8,1547,2,350,2,396,2,0.5,0.5,2.943547604980587,5ede90c039b72c23d01891f1ad57943b879301851d90c889ffe00a2bf1b7e56a
no_window_zscore,No within-window z-score,recording_disjoint,Within-participant recording-disjoint,stroop,Stroop,9,1335,1,353,2,520,2,0.5,0.5,2.00625779830065,5ede90c039b72c23d01891f1ad57943b879301851d90c889ffe00a2bf1b7e56a
no_window_zscore,No within-window z-score,recording_disjoint,Within-participant recording-disjoint,stroop,Stroop,9,1335,2,520,2,353,2,0.5,0.5,2.8677718601471924,5ede90c039b72c23d01891f1ad57943b879301851d90c889ffe00a2bf1b7e56a
no_window_zscore,No within-window z-score,recording_disjoint,Within-participant recording-disjoint,stroop,Stroop,9,1388,1,270,2,603,2,0.0,0.0,7.823885177292864,5ede90c039b72c23d01891f1ad57943b879301851d90c889ffe00a2bf1b7e56a
no_window_zscore,No within-window z-score,recording_disjoint,Within-participant recording-disjoint,stroop,Stroop,9,1388,2,603,2,270,2,0.5,0.5,2.113511004036046,5ede90c039b72c23d01891f1ad57943b879301851d90c889ffe00a2bf1b7e56a
no_window_zscore,No within-window z-score,recording_disjoint,Within-participant recording-disjoint,stroop,Stroop,9,1441,1,270,2,603,2,0.0,0.0,7.823885177292864,5ede90c039b72c23d01891f1ad57943b879301851d90c889ffe00a2bf1b7e56a
no_window_zscore,No within-window z-score,recording_disjoint,Within-participant recording-disjoint,stroop,Stroop,9,1441,2,603,2,270,2,0.5,0.5,2.113511004036046,5ede90c039b72c23d01891f1ad57943b879301851d90c889ffe00a2bf1b7e56a
no_window_zscore,No within-window z-score,recording_disjoint,Within-participant recording-disjoint,stroop,Stroop,9,1494,1,270,2,603,2,0.0,0.0,7.823885177292864,5ede90c039b72c23d01891f1ad57943b879301851d90c889ffe00a2bf1b7e56a
no_window_zscore,No within-window z-score,recording_disjoint,Within-participant recording-disjoint,stroop,Stroop,9,1494,2,603,2,270,2,0.5,0.5,2.113511004036046,5ede90c039b72c23d01891f1ad57943b879301851d90c889ffe00a2bf1b7e56a
no_window_zscore,No within-window z-score,recording_disjoint,Within-participant recording-disjoint,stroop,Stroop,9,1547,1,353,2,520,2,0.5,0.5,2.00625779830065,5ede90c039b72c23d01891f1ad57943b879301851d90c889ffe00a2bf1b7e56a
no_window_zscore,No within-window z-score,recording_disjoint,Within-participant recording-disjoint,stroop,Stroop,9,1547,2,520,2,353,2,0.5,0.5,2.8677718601471924,5ede90c039b72c23d01891f1ad57943b879301851d90c889ffe00a2bf1b7e56a
no_window_zscore,No within-window z-score,recording_disjoint,Within-participant recording-disjoint,stroop,Stroop,10,1335,1,325,2,268,2,0.5,0.5,3.830490426307585,5ede90c039b72c23d01891f1ad57943b879301851d90c889ffe00a2bf1b7e56a
no_window_zscore,No within-window z-score,recording_disjoint,Within-participant recording-disjoint,stroop,Stroop,10,1335,2,268,2,325,2,0.0,0.0,11.697329701783769,5ede90c039b72c23d01891f1ad57943b879301851d90c889ffe00a2bf1b7e56a
no_window_zscore,No within-window z-score,recording_disjoint,Within-participant recording-disjoint,stroop,Stroop,10,1388,1,201,2,392,2,0.5,0.5,13.815510568146351,5ede90c039b72c23d01891f1ad57943b879301851d90c889ffe00a2bf1b7e56a
no_window_zscore,No within-window z-score,recording_disjoint,Within-participant recording-disjoint,stroop,Stroop,10,1388,2,392,2,201,2,0.5,0.5,3.2926034792009005,5ede90c039b72c23d01891f1ad57943b879301851d90c889ffe00a2bf1b7e56a
no_window_zscore,No within-window z-score,recording_disjoint,Within-participant recording-disjoint,stroop,Stroop,10,1441,1,201,2,392,2,0.5,0.5,13.815510568146351,5ede90c039b72c23d01891f1ad57943b879301851d90c889ffe00a2bf1b7e56a
no_window_zscore,No within-window z-score,recording_disjoint,Within-participant recording-disjoint,stroop,Stroop,10,1441,2,392,2,201,2,0.5,0.5,3.2926034792009005,5ede90c039b72c23d01891f1ad57943b879301851d90c889ffe00a2bf1b7e56a
no_window_zscore,No within-window z-score,recording_disjoint,Within-participant recording-disjoint,stroop,Stroop,10,1494,1,201,2,392,2,0.5,0.5,13.815510568146351,5ede90c039b72c23d01891f1ad57943b879301851d90c889ffe00a2bf1b7e56a
no_window_zscore,No within-window z-score,recording_disjoint,Within-participant recording-disjoint,stroop,Stroop,10,1494,2,392,2,201,2,0.5,0.5,3.2926034792009005,5ede90c039b72c23d01891f1ad57943b879301851d90c889ffe00a2bf1b7e56a
no_window_zscore,No within-window z-score,recording_disjoint,Within-participant recording-disjoint,stroop,Stroop,10,1547,1,325,2,268,2,0.5,0.5,3.830490426307585,5ede90c039b72c23d01891f1ad57943b879301851d90c889ffe00a2bf1b7e56a
no_window_zscore,No within-window z-score,recording_disjoint,Within-participant recording-disjoint,stroop,Stroop,10,1547,2,268,2,325,2,0.0,0.0,11.697329701783769,5ede90c039b72c23d01891f1ad57943b879301851d90c889ffe00a2bf1b7e56a
no_window_zscore,No within-window z-score,recording_disjoint,Within-participant recording-disjoint,stroop,Stroop,11,1335,1,298,2,374,2,0.5,0.5,2.4224713802834033,5ede90c039b72c23d01891f1ad57943b879301851d90c889ffe00a2bf1b7e56a
no_window_zscore,No within-window z-score,recording_disjoint,Within-participant recording-disjoint,stroop,Stroop,11,1335,2,374,2,298,2,0.5,0.5,3.5846606558211334,5ede90c039b72c23d01891f1ad57943b879301851d90c889ffe00a2bf1b7e56a
no_window_zscore,No within-window z-score,recording_disjoint,Within-participant recording-disjoint,stroop,Stroop,11,1388,1,243,2,429,2,0.5,0.5,1.7995573517767491,5ede90c039b72c23d01891f1ad57943b879301851d90c889ffe00a2bf1b7e56a
no_window_zscore,No within-window z-score,recording_disjoint,Within-participant recording-disjoint,stroop,Stroop,11,1388,2,429,2,243,2,0.5,0.5,3.5998628678519577,5ede90c039b72c23d01891f1ad57943b879301851d90c889ffe00a2bf1b7e56a
no_window_zscore,No within-window z-score,recording_disjoint,Within-participant recording-disjoint,stroop,Stroop,11,1441,1,243,2,429,2,0.5,0.5,1.7995573517767491,5ede90c039b72c23d01891f1ad57943b879301851d90c889ffe00a2bf1b7e56a
no_window_zscore,No within-window z-score,recording_disjoint,Within-participant recording-disjoint,stroop,Stroop,11,1441,2,429,2,243,2,0.5,0.5,3.5998628678519577,5ede90c039b72c23d01891f1ad57943b879301851d90c889ffe00a2bf1b7e56a
no_window_zscore,No within-window z-score,recording_disjoint,Within-participant recording-disjoint,stroop,Stroop,11,1494,1,243,2,429,2,0.5,0.5,1.7995573517767491,5ede90c039b72c23d01891f1ad57943b879301851d90c889ffe00a2bf1b7e56a
no_window_zscore,No within-window z-score,recording_disjoint,Within-participant recording-disjoint,stroop,Stroop,11,1494,2,429,2,243,2,0.5,0.5,3.5998628678519577,5ede90c039b72c23d01891f1ad57943b879301851d90c889ffe00a2bf1b7e56a
no_window_zscore,No within-window z-score,recording_disjoint,Within-participant recording-disjoint,stroop,Stroop,11,1547,1,298,2,374,2,0.5,0.5,2.4224713802834033,5ede90c039b72c23d01891f1ad57943b879301851d90c889ffe00a2bf1b7e56a
no_window_zscore,No within-window z-score,recording_disjoint,Within-participant recording-disjoint,stroop,Stroop,11,1547,2,374,2,298,2,0.5,0.5,3.5846606558211334,5ede90c039b72c23d01891f1ad57943b879301851d90c889ffe00a2bf1b7e56a
no_window_zscore,No within-window z-score,recording_disjoint,Within-participant recording-disjoint,stroop,Stroop,12,1335,1,312,2,311,2,0.0,0.0,4.321563415950248,5ede90c039b72c23d01891f1ad57943b879301851d90c889ffe00a2bf1b7e56a
no_window_zscore,No within-window z-score,recording_disjoint,Within-participant recording-disjoint,stroop,Stroop,12,1335,2,311,2,312,2,0.5,0.5,2.7973772503324774,5ede90c039b72c23d01891f1ad57943b879301851d90c889ffe00a2bf1b7e56a
no_window_zscore,No within-window z-score,recording_disjoint,Within-participant recording-disjoint,stroop,Stroop,12,1388,1,249,2,374,2,0.0,0.0,1.6888388817112316,5ede90c039b72c23d01891f1ad57943b879301851d90c889ffe00a2bf1b7e56a
no_window_zscore,No within-window z-score,recording_disjoint,Within-participant recording-disjoint,stroop,Stroop,12,1388,2,374,2,249,2,0.5,0.5,3.3649517055973823,5ede90c039b72c23d01891f1ad57943b879301851d90c889ffe00a2bf1b7e56a
no_window_zscore,No within-window z-score,recording_disjoint,Within-participant recording-disjoint,stroop,Stroop,12,1441,1,249,2,374,2,0.0,0.0,1.6888388817112316,5ede90c039b72c23d01891f1ad57943b879301851d90c889ffe00a2bf1b7e56a
no_window_zscore,No within-window z-score,recording_disjoint,Within-participant recording-disjoint,stroop,Stroop,12,1441,2,374,2,249,2,0.5,0.5,3.3649517055973823,5ede90c039b72c23d01891f1ad57943b879301851d90c889ffe00a2bf1b7e56a
no_window_zscore,No within-window z-score,recording_disjoint,Within-participant recording-disjoint,stroop,Stroop,12,1494,1,249,2,374,2,0.0,0.0,1.6888388817112316,5ede90c039b72c23d01891f1ad57943b879301851d90c889ffe00a2bf1b7e56a
no_window_zscore,No within-window z-score,recording_disjoint,Within-participant recording-disjoint,stroop,Stroop,12,1494,2,374,2,249,2,0.5,0.5,3.3649517055973823,5ede90c039b72c23d01891f1ad57943b879301851d90c889ffe00a2bf1b7e56a
no_window_zscore,No within-window z-score,recording_disjoint,Within-participant recording-disjoint,stroop,Stroop,12,1547,1,312,2,311,2,0.0,0.0,4.321563415950248,5ede90c039b72c23d01891f1ad57943b879301851d90c889ffe00a2bf1b7e56a
no_window_zscore,No within-window z-score,recording_disjoint,Within-participant recording-disjoint,stroop,Stroop,12,1547,2,311,2,312,2,0.5,0.5,2.7973772503324774,5ede90c039b72c23d01891f1ad57943b879301851d90c889ffe00a2bf1b7e56a
no_window_zscore,No within-window z-score,recording_disjoint,Within-participant recording-disjoint,stroop,Stroop,13,1335,1,271,2,302,2,0.0,0.0,2.9739038364297774,5ede90c039b72c23d01891f1ad57943b879301851d90c889ffe00a2bf1b7e56a
no_window_zscore,No within-window z-score,recording_disjoint,Within-participant recording-disjoint,stroop,Stroop,13,1335,2,302,2,271,2,0.5,0.5,5.283079515590487,5ede90c039b72c23d01891f1ad57943b879301851d90c889ffe00a2bf1b7e56a
no_window_zscore,No within-window z-score,recording_disjoint,Within-participant recording-disjoint,stroop,Stroop,13,1388,1,213,2,360,2,0.5,0.5,5.409651964907984,5ede90c039b72c23d01891f1ad57943b879301851d90c889ffe00a2bf1b7e56a
no_window_zscore,No within-window z-score,recording_disjoint,Within-participant recording-disjoint,stroop,Stroop,13,1388,2,360,2,213,2,0.5,0.5,3.3245957291195767,5ede90c039b72c23d01891f1ad57943b879301851d90c889ffe00a2bf1b7e56a
no_window_zscore,No within-window z-score,recording_disjoint,Within-participant recording-disjoint,stroop,Stroop,13,1441,1,213,2,360,2,0.5,0.5,5.409651964907984,5ede90c039b72c23d01891f1ad57943b879301851d90c889ffe00a2bf1b7e56a
no_window_zscore,No within-window z-score,recording_disjoint,Within-participant recording-disjoint,stroop,Stroop,13,1441,2,360,2,213,2,0.5,0.5,3.3245957291195767,5ede90c039b72c23d01891f1ad57943b879301851d90c889ffe00a2bf1b7e56a
no_window_zscore,No within-window z-score,recording_disjoint,Within-participant recording-disjoint,stroop,Stroop,13,1494,1,213,2,360,2,0.5,0.5,5.409651964907984,5ede90c039b72c23d01891f1ad57943b879301851d90c889ffe00a2bf1b7e56a
no_window_zscore,No within-window z-score,recording_disjoint,Within-participant recording-disjoint,stroop,Stroop,13,1494,2,360,2,213,2,0.5,0.5,3.3245957291195767,5ede90c039b72c23d01891f1ad57943b879301851d90c889ffe00a2bf1b7e56a
no_window_zscore,No within-window z-score,recording_disjoint,Within-participant recording-disjoint,stroop,Stroop,13,1547,1,271,2,302,2,0.0,0.0,2.9739038364297774,5ede90c039b72c23d01891f1ad57943b879301851d90c889ffe00a2bf1b7e56a
no_window_zscore,No within-window z-score,recording_disjoint,Within-participant recording-disjoint,stroop,Stroop,13,1547,2,302,2,271,2,0.5,0.5,5.283079515590487,5ede90c039b72c23d01891f1ad57943b879301851d90c889ffe00a2bf1b7e56a
no_window_zscore,No within-window z-score,participant_disjoint_loso,Participant-disjoint LOSO,stroop,Stroop,1,,1,7710,48,653,4,0.5,0.5,1.0476795734160962,5ede90c039b72c23d01891f1ad57943b879301851d90c889ffe00a2bf1b7e56a
no_window_zscore,No within-window z-score,participant_disjoint_loso,Participant-disjoint LOSO,stroop,Stroop,2,,2,7504,48,859,4,0.5,0.5,0.9556676740315688,5ede90c039b72c23d01891f1ad57943b879301851d90c889ffe00a2bf1b7e56a
no_window_zscore,No within-window z-score,participant_disjoint_loso,Participant-disjoint LOSO,stroop,Stroop,3,,3,7793,48,570,4,1.0,1.0,0.12524528235960786,5ede90c039b72c23d01891f1ad57943b879301851d90c889ffe00a2bf1b7e56a
no_window_zscore,No within-window z-score,participant_disjoint_loso,Participant-disjoint LOSO,stroop,Stroop,4,,4,7904,48,459,4,0.5,0.5,13.81551055796524,5ede90c039b72c23d01891f1ad57943b879301851d90c889ffe00a2bf1b7e56a
no_window_zscore,No within-window z-score,participant_disjoint_loso,Participant-disjoint LOSO,stroop,Stroop,5,,5,7703,48,660,4,0.75,0.75,0.4820400433483815,5ede90c039b72c23d01891f1ad57943b879301851d90c889ffe00a2bf1b7e56a
no_window_zscore,No within-window z-score,participant_disjoint_loso,Participant-disjoint LOSO,stroop,Stroop,6,,6,7822,48,541,4,0.5,0.5,7.68375447632425,5ede90c039b72c23d01891f1ad57943b879301851d90c889ffe00a2bf1b7e56a
no_window_zscore,No within-window z-score,participant_disjoint_loso,Participant-disjoint LOSO,stroop,Stroop,7,,7,7822,48,541,4,0.25,0.25,2.902093535484236,5ede90c039b72c23d01891f1ad57943b879301851d90c889ffe00a2bf1b7e56a
no_window_zscore,No within-window z-score,participant_disjoint_loso,Participant-disjoint LOSO,stroop,Stroop,8,,8,7617,48,746,4,0.75,0.75,0.6130054085421619,5ede90c039b72c23d01891f1ad57943b879301851d90c889ffe00a2bf1b7e56a
no_window_zscore,No within-window z-score,participant_disjoint_loso,Participant-disjoint LOSO,stroop,Stroop,9,,9,7490,48,873,4,0.75,0.75,0.43955852444463817,5ede90c039b72c23d01891f1ad57943b879301851d90c889ffe00a2bf1b7e56a
no_window_zscore,No within-window z-score,participant_disjoint_loso,Participant-disjoint LOSO,stroop,Stroop,10,,10,7770,48,593,4,0.5,0.5,3.2862832208767174,5ede90c039b72c23d01891f1ad57943b879301851d90c889ffe00a2bf1b7e56a
no_window_zscore,No within-window z-score,participant_disjoint_loso,Participant-disjoint LOSO,stroop,Stroop,11,,11,7691,48,672,4,0.75,0.75,0.5827993269306462,5ede90c039b72c23d01891f1ad57943b879301851d90c889ffe00a2bf1b7e56a
no_window_zscore,No within-window z-score,participant_disjoint_loso,Participant-disjoint LOSO,stroop,Stroop,12,,12,7740,48,623,4,0.5,0.5,0.6775568505227626,5ede90c039b72c23d01891f1ad57943b879301851d90c889ffe00a2bf1b7e56a
no_window_zscore,No within-window z-score,participant_disjoint_loso,Participant-disjoint LOSO,stroop,Stroop,13,,13,7790,48,573,4,0.75,0.75,0.33582191755712887,5ede90c039b72c23d01891f1ad57943b879301851d90c889ffe00a2bf1b7e56a
no_window_zscore,No within-window z-score,cross_task,Within-participant cross-task transfer,arithmetic_to_stroop,Arithmetic to Stroop,1,,1,696,4,496,3,0.6666666666666666,0.5,0.9798298143955839,5ede90c039b72c23d01891f1ad57943b879301851d90c889ffe00a2bf1b7e56a
no_window_zscore,No within-window z-score,cross_task,Within-participant cross-task transfer,arithmetic_to_stroop,Arithmetic to Stroop,2,,2,988,4,409,3,0.6666666666666666,0.5,3.3909908626833967,5ede90c039b72c23d01891f1ad57943b879301851d90c889ffe00a2bf1b7e56a
no_window_zscore,No within-window z-score,cross_task,Within-participant cross-task transfer,arithmetic_to_stroop,Arithmetic to Stroop,3,,3,569,4,389,3,1.0,1.0,0.1524861633683667,5ede90c039b72c23d01891f1ad57943b879301851d90c889ffe00a2bf1b7e56a
no_window_zscore,No within-window z-score,cross_task,Within-participant cross-task transfer,arithmetic_to_stroop,Arithmetic to Stroop,4,,4,666,4,343,3,0.6666666666666666,0.5,4.313132593278726,5ede90c039b72c23d01891f1ad57943b879301851d90c889ffe00a2bf1b7e56a
no_window_zscore,No within-window z-score,cross_task,Within-participant cross-task transfer,arithmetic_to_stroop,Arithmetic to Stroop,5,,5,827,4,416,3,0.6666666666666666,0.5,2.1240075902256703,5ede90c039b72c23d01891f1ad57943b879301851d90c889ffe00a2bf1b7e56a
no_window_zscore,No within-window z-score,cross_task,Within-participant cross-task transfer,arithmetic_to_stroop,Arithmetic to Stroop,6,,6,590,4,391,3,0.6666666666666666,0.5,0.9802079684942608,5ede90c039b72c23d01891f1ad57943b879301851d90c889ffe00a2bf1b7e56a
no_window_zscore,No within-window z-score,cross_task,Within-participant cross-task transfer,arithmetic_to_stroop,Arithmetic to Stroop,7,,7,353,4,372,3,0.6666666666666666,0.5,0.4254233596022447,5ede90c039b72c23d01891f1ad57943b879301851d90c889ffe00a2bf1b7e56a
no_window_zscore,No within-window z-score,cross_task,Within-participant cross-task transfer,arithmetic_to_stroop,Arithmetic to Stroop,8,,8,1038,4,556,3,0.6666666666666666,0.5,1.5272756292187892,5ede90c039b72c23d01891f1ad57943b879301851d90c889ffe00a2bf1b7e56a
no_window_zscore,No within-window z-score,cross_task,Within-participant cross-task transfer,arithmetic_to_stroop,Arithmetic to Stroop,9,,9,1079,4,463,3,0.6666666666666666,0.5,6.128631790951381,5ede90c039b72c23d01891f1ad57943b879301851d90c889ffe00a2bf1b7e56a
no_window_zscore,No within-window z-score,cross_task,Within-participant cross-task transfer,arithmetic_to_stroop,Arithmetic to Stroop,10,,10,538,4,408,3,0.3333333333333333,0.25,13.03346071598183,5ede90c039b72c23d01891f1ad57943b879301851d90c889ffe00a2bf1b7e56a
no_window_zscore,No within-window z-score,cross_task,Within-participant cross-task transfer,arithmetic_to_stroop,Arithmetic to Stroop,11,,11,772,4,428,3,0.0,0.0,4.5634282345466195,5ede90c039b72c23d01891f1ad57943b879301851d90c889ffe00a2bf1b7e56a
no_window_zscore,No within-window z-score,cross_task,Within-participant cross-task transfer,arithmetic_to_stroop,Arithmetic to Stroop,12,,12,655,4,438,3,0.6666666666666666,0.5,2.7672363318647872,5ede90c039b72c23d01891f1ad57943b879301851d90c889ffe00a2bf1b7e56a
no_window_zscore,No within-window z-score,cross_task,Within-participant cross-task transfer,arithmetic_to_stroop,Arithmetic to Stroop,13,,13,670,4,393,3,1.0,1.0,0.045622814727433014,5ede90c039b72c23d01891f1ad57943b879301851d90c889ffe00a2bf1b7e56a
no_window_zscore,No within-window z-score,cross_task,Within-participant cross-task transfer,stroop_to_arithmetic,Stroop to Arithmetic,1,,1,653,4,539,3,0.6666666666666666,0.75,0.8922960608594419,5ede90c039b72c23d01891f1ad57943b879301851d90c889ffe00a2bf1b7e56a
no_window_zscore,No within-window z-score,cross_task,Within-participant cross-task transfer,stroop_to_arithmetic,Stroop to Arithmetic,2,,2,859,4,538,3,0.3333333333333333,0.5,1.4145954189924865,5ede90c039b72c23d01891f1ad57943b879301851d90c889ffe00a2bf1b7e56a
no_window_zscore,No within-window z-score,cross_task,Within-participant cross-task transfer,stroop_to_arithmetic,Stroop to Arithmetic,3,,3,570,4,388,3,0.6666666666666666,0.5,3.0471327951511484,5ede90c039b72c23d01891f1ad57943b879301851d90c889ffe00a2bf1b7e56a
no_window_zscore,No within-window z-score,cross_task,Within-participant cross-task transfer,stroop_to_arithmetic,Stroop to Arithmetic,4,,4,459,4,550,3,0.6666666666666666,0.5,1.1788563828135772,5ede90c039b72c23d01891f1ad57943b879301851d90c889ffe00a2bf1b7e56a
no_window_zscore,No within-window z-score,cross_task,Within-participant cross-task transfer,stroop_to_arithmetic,Stroop to Arithmetic,5,,5,660,4,583,3,0.0,0.0,3.3203298711491995,5ede90c039b72c23d01891f1ad57943b879301851d90c889ffe00a2bf1b7e56a
no_window_zscore,No within-window z-score,cross_task,Within-participant cross-task transfer,stroop_to_arithmetic,Stroop to Arithmetic,6,,6,541,4,440,3,0.6666666666666666,0.75,0.5328080783011836,5ede90c039b72c23d01891f1ad57943b879301851d90c889ffe00a2bf1b7e56a
no_window_zscore,No within-window z-score,cross_task,Within-participant cross-task transfer,stroop_to_arithmetic,Stroop to Arithmetic,7,,7,541,4,184,3,0.6666666666666666,0.5,1.5025957250139637,5ede90c039b72c23d01891f1ad57943b879301851d90c889ffe00a2bf1b7e56a
no_window_zscore,No within-window z-score,cross_task,Within-participant cross-task transfer,stroop_to_arithmetic,Stroop to Arithmetic,8,,8,746,4,848,3,0.6666666666666666,0.5,0.8527279719328953,5ede90c039b72c23d01891f1ad57943b879301851d90c889ffe00a2bf1b7e56a
no_window_zscore,No within-window z-score,cross_task,Within-participant cross-task transfer,stroop_to_arithmetic,Stroop to Arithmetic,9,,9,873,4,669,3,0.3333333333333333,0.5,4.05159687471592,5ede90c039b72c23d01891f1ad57943b879301851d90c889ffe00a2bf1b7e56a
no_window_zscore,No within-window z-score,cross_task,Within-participant cross-task transfer,stroop_to_arithmetic,Stroop to Arithmetic,10,,10,593,4,353,3,0.3333333333333333,0.5,0.9975081656453617,5ede90c039b72c23d01891f1ad57943b879301851d90c889ffe00a2bf1b7e56a
no_window_zscore,No within-window z-score,cross_task,Within-participant cross-task transfer,stroop_to_arithmetic,Stroop to Arithmetic,11,,11,672,4,528,3,0.3333333333333333,0.5,3.9105358546118514,5ede90c039b72c23d01891f1ad57943b879301851d90c889ffe00a2bf1b7e56a
no_window_zscore,No within-window z-score,cross_task,Within-participant cross-task transfer,stroop_to_arithmetic,Stroop to Arithmetic,12,,12,623,4,470,3,0.3333333333333333,0.25,1.2930237973066891,5ede90c039b72c23d01891f1ad57943b879301851d90c889ffe00a2bf1b7e56a
no_window_zscore,No within-window z-score,cross_task,Within-participant cross-task transfer,stroop_to_arithmetic,Stroop to Arithmetic,13,,13,573,4,490,3,1.0,1.0,0.346850977836108,5ede90c039b72c23d01891f1ad57943b879301851d90c889ffe00a2bf1b7e56a
recording_zscore,Recording-level z-score,recording_disjoint,Within-participant recording-disjoint,arithmetic,Arithmetic,1,1335,1,370,2,326,2,0.0,0.0,1.5044900222661284,3b988fe725be1737d1f95d177b7d930d5666cfdc538d26262b14d14e02c24f4b
recording_zscore,Recording-level z-score,recording_disjoint,Within-participant recording-disjoint,arithmetic,Arithmetic,1,1335,2,326,2,370,2,0.5,0.5,3.425865421494164,3b988fe725be1737d1f95d177b7d930d5666cfdc538d26262b14d14e02c24f4b
recording_zscore,Recording-level z-score,recording_disjoint,Within-participant recording-disjoint,arithmetic,Arithmetic,1,1388,1,321,2,375,2,1.0,1.0,3.609856987989389e-05,3b988fe725be1737d1f95d177b7d930d5666cfdc538d26262b14d14e02c24f4b
recording_zscore,Recording-level z-score,recording_disjoint,Within-participant recording-disjoint,arithmetic,Arithmetic,1,1388,2,375,2,321,2,0.5,0.5,1.576967391488453,3b988fe725be1737d1f95d177b7d930d5666cfdc538d26262b14d14e02c24f4b
recording_zscore,Recording-level z-score,recording_disjoint,Within-participant recording-disjoint,arithmetic,Arithmetic,1,1441,1,321,2,375,2,1.0,1.0,3.609856987989389e-05,3b988fe725be1737d1f95d177b7d930d5666cfdc538d26262b14d14e02c24f4b
recording_zscore,Recording-level z-score,recording_disjoint,Within-participant recording-disjoint,arithmetic,Arithmetic,1,1441,2,375,2,321,2,0.5,0.5,1.576967391488453,3b988fe725be1737d1f95d177b7d930d5666cfdc538d26262b14d14e02c24f4b
recording_zscore,Recording-level z-score,recording_disjoint,Within-participant recording-disjoint,arithmetic,Arithmetic,1,1494,1,321,2,375,2,1.0,1.0,3.609856987989389e-05,3b988fe725be1737d1f95d177b7d930d5666cfdc538d26262b14d14e02c24f4b
recording_zscore,Recording-level z-score,recording_disjoint,Within-participant recording-disjoint,arithmetic,Arithmetic,1,1494,2,375,2,321,2,0.5,0.5,1.576967391488453,3b988fe725be1737d1f95d177b7d930d5666cfdc538d26262b14d14e02c24f4b
recording_zscore,Recording-level z-score,recording_disjoint,Within-participant recording-disjoint,arithmetic,Arithmetic,1,1547,1,370,2,326,2,0.0,0.0,1.5044900222661284,3b988fe725be1737d1f95d177b7d930d5666cfdc538d26262b14d14e02c24f4b
recording_zscore,Recording-level z-score,recording_disjoint,Within-participant recording-disjoint,arithmetic,Arithmetic,1,1547,2,326,2,370,2,0.5,0.5,3.425865421494164,3b988fe725be1737d1f95d177b7d930d5666cfdc538d26262b14d14e02c24f4b
recording_zscore,Recording-level z-score,recording_disjoint,Within-participant recording-disjoint,arithmetic,Arithmetic,2,1335,1,402,2,586,2,0.0,0.0,16.953269224437054,3b988fe725be1737d1f95d177b7d930d5666cfdc538d26262b14d14e02c24f4b
recording_zscore,Recording-level z-score,recording_disjoint,Within-participant recording-disjoint,arithmetic,Arithmetic,2,1335,2,586,2,402,2,0.5,0.5,5.279630681336445,3b988fe725be1737d1f95d177b7d930d5666cfdc538d26262b14d14e02c24f4b
recording_zscore,Recording-level z-score,recording_disjoint,Within-participant recording-disjoint,arithmetic,Arithmetic,2,1388,1,268,2,720,2,1.0,1.0,0.0012758071214445557,3b988fe725be1737d1f95d177b7d930d5666cfdc538d26262b14d14e02c24f4b
recording_zscore,Recording-level z-score,recording_disjoint,Within-participant recording-disjoint,arithmetic,Arithmetic,2,1388,2,720,2,268,2,0.5,0.5,9.153506939084146,3b988fe725be1737d1f95d177b7d930d5666cfdc538d26262b14d14e02c24f4b
recording_zscore,Recording-level z-score,recording_disjoint,Within-participant recording-disjoint,arithmetic,Arithmetic,2,1441,1,268,2,720,2,1.0,1.0,0.0012758071214445557,3b988fe725be1737d1f95d177b7d930d5666cfdc538d26262b14d14e02c24f4b
recording_zscore,Recording-level z-score,recording_disjoint,Within-participant recording-disjoint,arithmetic,Arithmetic,2,1441,2,720,2,268,2,0.5,0.5,9.153506939084146,3b988fe725be1737d1f95d177b7d930d5666cfdc538d26262b14d14e02c24f4b
recording_zscore,Recording-level z-score,recording_disjoint,Within-participant recording-disjoint,arithmetic,Arithmetic,2,1494,1,268,2,720,2,1.0,1.0,0.0012758071214445557,3b988fe725be1737d1f95d177b7d930d5666cfdc538d26262b14d14e02c24f4b
recording_zscore,Recording-level z-score,recording_disjoint,Within-participant recording-disjoint,arithmetic,Arithmetic,2,1494,2,720,2,268,2,0.5,0.5,9.153506939084146,3b988fe725be1737d1f95d177b7d930d5666cfdc538d26262b14d14e02c24f4b
recording_zscore,Recording-level z-score,recording_disjoint,Within-participant recording-disjoint,arithmetic,Arithmetic,2,1547,1,402,2,586,2,0.0,0.0,16.953269224437054,3b988fe725be1737d1f95d177b7d930d5666cfdc538d26262b14d14e02c24f4b
recording_zscore,Recording-level z-score,recording_disjoint,Within-participant recording-disjoint,arithmetic,Arithmetic,2,1547,2,586,2,402,2,0.5,0.5,5.279630681336445,3b988fe725be1737d1f95d177b7d930d5666cfdc538d26262b14d14e02c24f4b
recording_zscore,Recording-level z-score,recording_disjoint,Within-participant recording-disjoint,arithmetic,Arithmetic,3,1335,1,251,2,318,2,0.5,0.5,13.815688906450491,3b988fe725be1737d1f95d177b7d930d5666cfdc538d26262b14d14e02c24f4b
recording_zscore,Recording-level z-score,recording_disjoint,Within-participant recording-disjoint,arithmetic,Arithmetic,3,1335,2,318,2,251,2,0.5,0.5,2.3467652795508855,3b988fe725be1737d1f95d177b7d930d5666cfdc538d26262b14d14e02c24f4b
recording_zscore,Recording-level z-score,recording_disjoint,Within-participant recording-disjoint,arithmetic,Arithmetic,3,1388,1,228,2,341,2,0.5,0.5,14.017655630548553,3b988fe725be1737d1f95d177b7d930d5666cfdc538d26262b14d14e02c24f4b
recording_zscore,Recording-level z-score,recording_disjoint,Within-participant recording-disjoint,arithmetic,Arithmetic,3,1388,2,341,2,228,2,0.5,0.5,3.593553165717634,3b988fe725be1737d1f95d177b7d930d5666cfdc538d26262b14d14e02c24f4b
recording_zscore,Recording-level z-score,recording_disjoint,Within-participant recording-disjoint,arithmetic,Arithmetic,3,1441,1,228,2,341,2,0.5,0.5,14.017655630548553,3b988fe725be1737d1f95d177b7d930d5666cfdc538d26262b14d14e02c24f4b
recording_zscore,Recording-level z-score,recording_disjoint,Within-participant recording-disjoint,arithmetic,Arithmetic,3,1441,2,341,2,228,2,0.5,0.5,3.593553165717634,3b988fe725be1737d1f95d177b7d930d5666cfdc538d26262b14d14e02c24f4b
recording_zscore,Recording-level z-score,recording_disjoint,Within-participant recording-disjoint,arithmetic,Arithmetic,3,1494,1,228,2,341,2,0.5,0.5,14.017655630548553,3b988fe725be1737d1f95d177b7d930d5666cfdc538d26262b14d14e02c24f4b
recording_zscore,Recording-level z-score,recording_disjoint,Within-participant recording-disjoint,arithmetic,Arithmetic,3,1494,2,341,2,228,2,0.5,0.5,3.593553165717634,3b988fe725be1737d1f95d177b7d930d5666cfdc538d26262b14d14e02c24f4b
recording_zscore,Recording-level z-score,recording_disjoint,Within-participant recording-disjoint,arithmetic,Arithmetic,3,1547,1,251,2,318,2,0.5,0.5,13.815688906450491,3b988fe725be1737d1f95d177b7d930d5666cfdc538d26262b14d14e02c24f4b
recording_zscore,Recording-level z-score,recording_disjoint,Within-participant recording-disjoint,arithmetic,Arithmetic,3,1547,2,318,2,251,2,0.5,0.5,2.3467652795508855,3b988fe725be1737d1f95d177b7d930d5666cfdc538d26262b14d14e02c24f4b
recording_zscore,Recording-level z-score,recording_disjoint,Within-participant recording-disjoint,arithmetic,Arithmetic,4,1335,1,340,2,326,2,0.5,0.5,0.5413519753296243,3b988fe725be1737d1f95d177b7d930d5666cfdc538d26262b14d14e02c24f4b
recording_zscore,Recording-level z-score,recording_disjoint,Within-participant recording-disjoint,arithmetic,Arithmetic,4,1335,2,326,2,340,2,0.5,0.5,2.2600341727574706,3b988fe725be1737d1f95d177b7d930d5666cfdc538d26262b14d14e02c24f4b
recording_zscore,Recording-level z-score,recording_disjoint,Within-participant recording-disjoint,arithmetic,Arithmetic,4,1388,1,329,2,337,2,0.5,0.5,0.6514949202638228,3b988fe725be1737d1f95d177b7d930d5666cfdc538d26262b14d14e02c24f4b
recording_zscore,Recording-level z-score,recording_disjoint,Within-participant recording-disjoint,arithmetic,Arithmetic,4,1388,2,337,2,329,2,1.0,1.0,3.2521664947676534e-05,3b988fe725be1737d1f95d177b7d930d5666cfdc538d26262b14d14e02c24f4b
recording_zscore,Recording-level z-score,recording_disjoint,Within-participant recording-disjoint,arithmetic,Arithmetic,4,1441,1,329,2,337,2,0.5,0.5,0.6514949202638228,3b988fe725be1737d1f95d177b7d930d5666cfdc538d26262b14d14e02c24f4b
recording_zscore,Recording-level z-score,recording_disjoint,Within-participant recording-disjoint,arithmetic,Arithmetic,4,1441,2,337,2,329,2,1.0,1.0,3.2521664947676534e-05,3b988fe725be1737d1f95d177b7d930d5666cfdc538d26262b14d14e02c24f4b
recording_zscore,Recording-level z-score,recording_disjoint,Within-participant recording-disjoint,arithmetic,Arithmetic,4,1494,1,329,2,337,2,0.5,0.5,0.6514949202638228,3b988fe725be1737d1f95d177b7d930d5666cfdc538d26262b14d14e02c24f4b
recording_zscore,Recording-level z-score,recording_disjoint,Within-participant recording-disjoint,arithmetic,Arithmetic,4,1494,2,337,2,329,2,1.0,1.0,3.2521664947676534e-05,3b988fe725be1737d1f95d177b7d930d5666cfdc538d26262b14d14e02c24f4b
recording_zscore,Recording-level z-score,recording_disjoint,Within-participant recording-disjoint,arithmetic,Arithmetic,4,1547,1,340,2,326,2,0.5,0.5,0.5413519753296243,3b988fe725be1737d1f95d177b7d930d5666cfdc538d26262b14d14e02c24f4b
recording_zscore,Recording-level z-score,recording_disjoint,Within-participant recording-disjoint,arithmetic,Arithmetic,4,1547,2,326,2,340,2,0.5,0.5,2.2600341727574706,3b988fe725be1737d1f95d177b7d930d5666cfdc538d26262b14d14e02c24f4b
recording_zscore,Recording-level z-score,recording_disjoint,Within-participant recording-disjoint,arithmetic,Arithmetic,5,1335,1,385,2,442,2,1.0,1.0,0.31865396742420726,3b988fe725be1737d1f95d177b7d930d5666cfdc538d26262b14d14e02c24f4b
recording_zscore,Recording-level z-score,recording_disjoint,Within-participant recording-disjoint,arithmetic,Arithmetic,5,1335,2,442,2,385,2,0.5,0.5,5.496667387354445,3b988fe725be1737d1f95d177b7d930d5666cfdc538d26262b14d14e02c24f4b
recording_zscore,Recording-level z-score,recording_disjoint,Within-participant recording-disjoint,arithmetic,Arithmetic,5,1388,1,351,2,476,2,0.5,0.5,2.333952241687117,3b988fe725be1737d1f95d177b7d930d5666cfdc538d26262b14d14e02c24f4b
recording_zscore,Recording-level z-score,recording_disjoint,Within-participant recording-disjoint,arithmetic,Arithmetic,5,1388,2,476,2,351,2,0.5,0.5,3.5073392324154007,3b988fe725be1737d1f95d177b7d930d5666cfdc538d26262b14d14e02c24f4b
recording_zscore,Recording-level z-score,recording_disjoint,Within-participant recording-disjoint,arithmetic,Arithmetic,5,1441,1,351,2,476,2,0.5,0.5,2.333952241687117,3b988fe725be1737d1f95d177b7d930d5666cfdc538d26262b14d14e02c24f4b
recording_zscore,Recording-level z-score,recording_disjoint,Within-participant recording-disjoint,arithmetic,Arithmetic,5,1441,2,476,2,351,2,0.5,0.5,3.5073392324154007,3b988fe725be1737d1f95d177b7d930d5666cfdc538d26262b14d14e02c24f4b
recording_zscore,Recording-level z-score,recording_disjoint,Within-participant recording-disjoint,arithmetic,Arithmetic,5,1494,1,351,2,476,2,0.5,0.5,2.333952241687117,3b988fe725be1737d1f95d177b7d930d5666cfdc538d26262b14d14e02c24f4b
recording_zscore,Recording-level z-score,recording_disjoint,Within-participant recording-disjoint,arithmetic,Arithmetic,5,1494,2,476,2,351,2,0.5,0.5,3.5073392324154007,3b988fe725be1737d1f95d177b7d930d5666cfdc538d26262b14d14e02c24f4b
recording_zscore,Recording-level z-score,recording_disjoint,Within-participant recording-disjoint,arithmetic,Arithmetic,5,1547,1,385,2,442,2,1.0,1.0,0.31865396742420726,3b988fe725be1737d1f95d177b7d930d5666cfdc538d26262b14d14e02c24f4b
recording_zscore,Recording-level z-score,recording_disjoint,Within-participant recording-disjoint,arithmetic,Arithmetic,5,1547,2,442,2,385,2,0.5,0.5,5.496667387354445,3b988fe725be1737d1f95d177b7d930d5666cfdc538d26262b14d14e02c24f4b
recording_zscore,Recording-level z-score,recording_disjoint,Within-participant recording-disjoint,arithmetic,Arithmetic,6,1335,1,310,2,280,2,1.0,1.0,6.238352917441821e-05,3b988fe725be1737d1f95d177b7d930d5666cfdc538d26262b14d14e02c24f4b
recording_zscore,Recording-level z-score,recording_disjoint,Within-participant recording-disjoint,arithmetic,Arithmetic,6,1335,2,280,2,310,2,0.5,0.5,2.4709826747105126,3b988fe725be1737d1f95d177b7d930d5666cfdc538d26262b14d14e02c24f4b
recording_zscore,Recording-level z-score,recording_disjoint,Within-participant recording-disjoint,arithmetic,Arithmetic,6,1388,1,249,2,341,2,0.5,0.5,3.3153639352072246,3b988fe725be1737d1f95d177b7d930d5666cfdc538d26262b14d14e02c24f4b
recording_zscore,Recording-level z-score,recording_disjoint,Within-participant recording-disjoint,arithmetic,Arithmetic,6,1388,2,341,2,249,2,0.0,0.0,13.134193568479258,3b988fe725be1737d1f95d177b7d930d5666cfdc538d26262b14d14e02c24f4b
recording_zscore,Recording-level z-score,recording_disjoint,Within-participant recording-disjoint,arithmetic,Arithmetic,6,1441,1,249,2,341,2,0.5,0.5,3.3153639352072246,3b988fe725be1737d1f95d177b7d930d5666cfdc538d26262b14d14e02c24f4b
recording_zscore,Recording-level z-score,recording_disjoint,Within-participant recording-disjoint,arithmetic,Arithmetic,6,1441,2,341,2,249,2,0.0,0.0,13.134193568479258,3b988fe725be1737d1f95d177b7d930d5666cfdc538d26262b14d14e02c24f4b
recording_zscore,Recording-level z-score,recording_disjoint,Within-participant recording-disjoint,arithmetic,Arithmetic,6,1494,1,249,2,341,2,0.5,0.5,3.3153639352072246,3b988fe725be1737d1f95d177b7d930d5666cfdc538d26262b14d14e02c24f4b
recording_zscore,Recording-level z-score,recording_disjoint,Within-participant recording-disjoint,arithmetic,Arithmetic,6,1494,2,341,2,249,2,0.0,0.0,13.134193568479258,3b988fe725be1737d1f95d177b7d930d5666cfdc538d26262b14d14e02c24f4b
recording_zscore,Recording-level z-score,recording_disjoint,Within-participant recording-disjoint,arithmetic,Arithmetic,6,1547,1,310,2,280,2,1.0,1.0,6.238352917441821e-05,3b988fe725be1737d1f95d177b7d930d5666cfdc538d26262b14d14e02c24f4b
recording_zscore,Recording-level z-score,recording_disjoint,Within-participant recording-disjoint,arithmetic,Arithmetic,6,1547,2,280,2,310,2,0.5,0.5,2.4709826747105126,3b988fe725be1737d1f95d177b7d930d5666cfdc538d26262b14d14e02c24f4b
recording_zscore,Recording-level z-score,recording_disjoint,Within-participant recording-disjoint,arithmetic,Arithmetic,7,1335,1,138,2,215,2,0.0,0.0,5.494159948705726,3b988fe725be1737d1f95d177b7d930d5666cfdc538d26262b14d14e02c24f4b
recording_zscore,Recording-level z-score,recording_disjoint,Within-participant recording-disjoint,arithmetic,Arithmetic,7,1335,2,215,2,138,2,0.0,0.0,6.598462102897203,3b988fe725be1737d1f95d177b7d930d5666cfdc538d26262b14d14e02c24f4b
recording_zscore,Recording-level z-score,recording_disjoint,Within-participant recording-disjoint,arithmetic,Arithmetic,7,1388,1,82,2,271,2,0.5,0.5,7.949068255726188,3b988fe725be1737d1f95d177b7d930d5666cfdc538d26262b14d14e02c24f4b
recording_zscore,Recording-level z-score,recording_disjoint,Within-participant recording-disjoint,arithmetic,Arithmetic,7,1388,2,271,2,82,2,0.5,0.5,10.303460363859529,3b988fe725be1737d1f95d177b7d930d5666cfdc538d26262b14d14e02c24f4b
recording_zscore,Recording-level z-score,recording_disjoint,Within-participant recording-disjoint,arithmetic,Arithmetic,7,1441,1,82,2,271,2,0.5,0.5,7.949068255726188,3b988fe725be1737d1f95d177b7d930d5666cfdc538d26262b14d14e02c24f4b
recording_zscore,Recording-level z-score,recording_disjoint,Within-participant recording-disjoint,arithmetic,Arithmetic,7,1441,2,271,2,82,2,0.5,0.5,10.303460363859529,3b988fe725be1737d1f95d177b7d930d5666cfdc538d26262b14d14e02c24f4b
recording_zscore,Recording-level z-score,recording_disjoint,Within-participant recording-disjoint,arithmetic,Arithmetic,7,1494,1,82,2,271,2,0.5,0.5,7.949068255726188,3b988fe725be1737d1f95d177b7d930d5666cfdc538d26262b14d14e02c24f4b
recording_zscore,Recording-level z-score,recording_disjoint,Within-participant recording-disjoint,arithmetic,Arithmetic,7,1494,2,271,2,82,2,0.5,0.5,10.303460363859529,3b988fe725be1737d1f95d177b7d930d5666cfdc538d26262b14d14e02c24f4b
recording_zscore,Recording-level z-score,recording_disjoint,Within-participant recording-disjoint,arithmetic,Arithmetic,7,1547,1,138,2,215,2,0.0,0.0,5.494159948705726,3b988fe725be1737d1f95d177b7d930d5666cfdc538d26262b14d14e02c24f4b
recording_zscore,Recording-level z-score,recording_disjoint,Within-participant recording-disjoint,arithmetic,Arithmetic,7,1547,2,215,2,138,2,0.0,0.0,6.598462102897203,3b988fe725be1737d1f95d177b7d930d5666cfdc538d26262b14d14e02c24f4b
recording_zscore,Recording-level z-score,recording_disjoint,Within-participant recording-disjoint,arithmetic,Arithmetic,8,1335,1,589,2,449,2,0.0,0.0,14.225489813969045,3b988fe725be1737d1f95d177b7d930d5666cfdc538d26262b14d14e02c24f4b
recording_zscore,Recording-level z-score,recording_disjoint,Within-participant recording-disjoint,arithmetic,Arithmetic,8,1335,2,449,2,589,2,0.5,0.5,4.162213524369336,3b988fe725be1737d1f95d177b7d930d5666cfdc538d26262b14d14e02c24f4b
recording_zscore,Recording-level z-score,recording_disjoint,Within-participant recording-disjoint,arithmetic,Arithmetic,8,1388,1,537,2,501,2,0.5,0.5,13.81554223273058,3b988fe725be1737d1f95d177b7d930d5666cfdc538d26262b14d14e02c24f4b
recording_zscore,Recording-level z-score,recording_disjoint,Within-participant recording-disjoint,arithmetic,Arithmetic,8,1388,2,501,2,537,2,0.5,0.5,4.551675603584522,3b988fe725be1737d1f95d177b7d930d5666cfdc538d26262b14d14e02c24f4b
recording_zscore,Recording-level z-score,recording_disjoint,Within-participant recording-disjoint,arithmetic,Arithmetic,8,1441,1,537,2,501,2,0.5,0.5,13.81554223273058,3b988fe725be1737d1f95d177b7d930d5666cfdc538d26262b14d14e02c24f4b
recording_zscore,Recording-level z-score,recording_disjoint,Within-participant recording-disjoint,arithmetic,Arithmetic,8,1441,2,501,2,537,2,0.5,0.5,4.551675603584522,3b988fe725be1737d1f95d177b7d930d5666cfdc538d26262b14d14e02c24f4b
recording_zscore,Recording-level z-score,recording_disjoint,Within-participant recording-disjoint,arithmetic,Arithmetic,8,1494,1,537,2,501,2,0.5,0.5,13.81554223273058,3b988fe725be1737d1f95d177b7d930d5666cfdc538d26262b14d14e02c24f4b
recording_zscore,Recording-level z-score,recording_disjoint,Within-participant recording-disjoint,arithmetic,Arithmetic,8,1494,2,501,2,537,2,0.5,0.5,4.551675603584522,3b988fe725be1737d1f95d177b7d930d5666cfdc538d26262b14d14e02c24f4b
recording_zscore,Recording-level z-score,recording_disjoint,Within-participant recording-disjoint,arithmetic,Arithmetic,8,1547,1,589,2,449,2,0.0,0.0,14.225489813969045,3b988fe725be1737d1f95d177b7d930d5666cfdc538d26262b14d14e02c24f4b
recording_zscore,Recording-level z-score,recording_disjoint,Within-participant recording-disjoint,arithmetic,Arithmetic,8,1547,2,449,2,589,2,0.5,0.5,4.162213524369336,3b988fe725be1737d1f95d177b7d930d5666cfdc538d26262b14d14e02c24f4b
recording_zscore,Recording-level z-score,recording_disjoint,Within-participant recording-disjoint,arithmetic,Arithmetic,9,1335,1,547,2,532,2,0.0,0.0,17.405828498723185,3b988fe725be1737d1f95d177b7d930d5666cfdc538d26262b14d14e02c24f4b
recording_zscore,Recording-level z-score,recording_disjoint,Within-participant recording-disjoint,arithmetic,Arithmetic,9,1335,2,532,2,547,2,0.0,0.0,4.214284578991327,3b988fe725be1737d1f95d177b7d930d5666cfdc538d26262b14d14e02c24f4b
recording_zscore,Recording-level z-score,recording_disjoint,Within-participant recording-disjoint,arithmetic,Arithmetic,9,1388,1,243,2,836,2,0.5,0.5,13.81551055796537,3b988fe725be1737d1f95d177b7d930d5666cfdc538d26262b14d14e02c24f4b
recording_zscore,Recording-level z-score,recording_disjoint,Within-participant recording-disjoint,arithmetic,Arithmetic,9,1388,2,836,2,243,2,0.5,0.5,5.752855658741213,3b988fe725be1737d1f95d177b7d930d5666cfdc538d26262b14d14e02c24f4b
recording_zscore,Recording-level z-score,recording_disjoint,Within-participant recording-disjoint,arithmetic,Arithmetic,9,1441,1,243,2,836,2,0.5,0.5,13.81551055796537,3b988fe725be1737d1f95d177b7d930d5666cfdc538d26262b14d14e02c24f4b
recording_zscore,Recording-level z-score,recording_disjoint,Within-participant recording-disjoint,arithmetic,Arithmetic,9,1441,2,836,2,243,2,0.5,0.5,5.752855658741213,3b988fe725be1737d1f95d177b7d930d5666cfdc538d26262b14d14e02c24f4b
recording_zscore,Recording-level z-score,recording_disjoint,Within-participant recording-disjoint,arithmetic,Arithmetic,9,1494,1,243,2,836,2,0.5,0.5,13.81551055796537,3b988fe725be1737d1f95d177b7d930d5666cfdc538d26262b14d14e02c24f4b
recording_zscore,Recording-level z-score,recording_disjoint,Within-participant recording-disjoint,arithmetic,Arithmetic,9,1494,2,836,2,243,2,0.5,0.5,5.752855658741213,3b988fe725be1737d1f95d177b7d930d5666cfdc538d26262b14d14e02c24f4b
recording_zscore,Recording-level z-score,recording_disjoint,Within-participant recording-disjoint,arithmetic,Arithmetic,9,1547,1,547,2,532,2,0.0,0.0,17.405828498723185,3b988fe725be1737d1f95d177b7d930d5666cfdc538d26262b14d14e02c24f4b
recording_zscore,Recording-level z-score,recording_disjoint,Within-participant recording-disjoint,arithmetic,Arithmetic,9,1547,2,532,2,547,2,0.0,0.0,4.214284578991327,3b988fe725be1737d1f95d177b7d930d5666cfdc538d26262b14d14e02c24f4b
recording_zscore,Recording-level z-score,recording_disjoint,Within-participant recording-disjoint,arithmetic,Arithmetic,10,1335,1,241,2,297,2,0.0,0.0,15.523135889915267,3b988fe725be1737d1f95d177b7d930d5666cfdc538d26262b14d14e02c24f4b
recording_zscore,Recording-level z-score,recording_disjoint,Within-participant recording-disjoint,arithmetic,Arithmetic,10,1335,2,297,2,241,2,0.5,0.5,3.887460893245908,3b988fe725be1737d1f95d177b7d930d5666cfdc538d26262b14d14e02c24f4b
recording_zscore,Recording-level z-score,recording_disjoint,Within-participant recording-disjoint,arithmetic,Arithmetic,10,1388,1,208,2,330,2,0.5,0.5,13.815510558161035,3b988fe725be1737d1f95d177b7d930d5666cfdc538d26262b14d14e02c24f4b
recording_zscore,Recording-level z-score,recording_disjoint,Within-participant recording-disjoint,arithmetic,Arithmetic,10,1388,2,330,2,208,2,0.5,0.5,5.055427302240082,3b988fe725be1737d1f95d177b7d930d5666cfdc538d26262b14d14e02c24f4b
recording_zscore,Recording-level z-score,recording_disjoint,Within-participant recording-disjoint,arithmetic,Arithmetic,10,1441,1,208,2,330,2,0.5,0.5,13.815510558161035,3b988fe725be1737d1f95d177b7d930d5666cfdc538d26262b14d14e02c24f4b
recording_zscore,Recording-level z-score,recording_disjoint,Within-participant recording-disjoint,arithmetic,Arithmetic,10,1441,2,330,2,208,2,0.5,0.5,5.055427302240082,3b988fe725be1737d1f95d177b7d930d5666cfdc538d26262b14d14e02c24f4b
recording_zscore,Recording-level z-score,recording_disjoint,Within-participant recording-disjoint,arithmetic,Arithmetic,10,1494,1,208,2,330,2,0.5,0.5,13.815510558161035,3b988fe725be1737d1f95d177b7d930d5666cfdc538d26262b14d14e02c24f4b
recording_zscore,Recording-level z-score,recording_disjoint,Within-participant recording-disjoint,arithmetic,Arithmetic,10,1494,2,330,2,208,2,0.5,0.5,5.055427302240082,3b988fe725be1737d1f95d177b7d930d5666cfdc538d26262b14d14e02c24f4b
recording_zscore,Recording-level z-score,recording_disjoint,Within-participant recording-disjoint,arithmetic,Arithmetic,10,1547,1,241,2,297,2,0.0,0.0,15.523135889915267,3b988fe725be1737d1f95d177b7d930d5666cfdc538d26262b14d14e02c24f4b
recording_zscore,Recording-level z-score,recording_disjoint,Within-participant recording-disjoint,arithmetic,Arithmetic,10,1547,2,297,2,241,2,0.5,0.5,3.887460893245908,3b988fe725be1737d1f95d177b7d930d5666cfdc538d26262b14d14e02c24f4b
recording_zscore,Recording-level z-score,recording_disjoint,Within-participant recording-disjoint,arithmetic,Arithmetic,11,1335,1,366,2,406,2,0.5,0.5,13.927906917086721,3b988fe725be1737d1f95d177b7d930d5666cfdc538d26262b14d14e02c24f4b
recording_zscore,Recording-level z-score,recording_disjoint,Within-participant recording-disjoint,arithmetic,Arithmetic,11,1335,2,406,2,366,2,0.5,0.5,4.327973158891918,3b988fe725be1737d1f95d177b7d930d5666cfdc538d26262b14d14e02c24f4b
recording_zscore,Recording-level z-score,recording_disjoint,Within-participant recording-disjoint,arithmetic,Arithmetic,11,1388,1,317,2,455,2,0.5,0.5,13.815511073702412,3b988fe725be1737d1f95d177b7d930d5666cfdc538d26262b14d14e02c24f4b
recording_zscore,Recording-level z-score,recording_disjoint,Within-participant recording-disjoint,arithmetic,Arithmetic,11,1388,2,455,2,317,2,0.5,0.5,4.696353787327828,3b988fe725be1737d1f95d177b7d930d5666cfdc538d26262b14d14e02c24f4b
recording_zscore,Recording-level z-score,recording_disjoint,Within-participant recording-disjoint,arithmetic,Arithmetic,11,1441,1,317,2,455,2,0.5,0.5,13.815511073702412,3b988fe725be1737d1f95d177b7d930d5666cfdc538d26262b14d14e02c24f4b
recording_zscore,Recording-level z-score,recording_disjoint,Within-participant recording-disjoint,arithmetic,Arithmetic,11,1441,2,455,2,317,2,0.5,0.5,4.696353787327828,3b988fe725be1737d1f95d177b7d930d5666cfdc538d26262b14d14e02c24f4b
recording_zscore,Recording-level z-score,recording_disjoint,Within-participant recording-disjoint,arithmetic,Arithmetic,11,1494,1,317,2,455,2,0.5,0.5,13.815511073702412,3b988fe725be1737d1f95d177b7d930d5666cfdc538d26262b14d14e02c24f4b
recording_zscore,Recording-level z-score,recording_disjoint,Within-participant recording-disjoint,arithmetic,Arithmetic,11,1494,2,455,2,317,2,0.5,0.5,4.696353787327828,3b988fe725be1737d1f95d177b7d930d5666cfdc538d26262b14d14e02c24f4b
recording_zscore,Recording-level z-score,recording_disjoint,Within-participant recording-disjoint,arithmetic,Arithmetic,11,1547,1,366,2,406,2,0.5,0.5,13.927906917086721,3b988fe725be1737d1f95d177b7d930d5666cfdc538d26262b14d14e02c24f4b
recording_zscore,Recording-level z-score,recording_disjoint,Within-participant recording-disjoint,arithmetic,Arithmetic,11,1547,2,406,2,366,2,0.5,0.5,4.327973158891918,3b988fe725be1737d1f95d177b7d930d5666cfdc538d26262b14d14e02c24f4b
recording_zscore,Recording-level z-score,recording_disjoint,Within-participant recording-disjoint,arithmetic,Arithmetic,12,1335,1,335,2,320,2,0.0,0.0,13.133940307062975,3b988fe725be1737d1f95d177b7d930d5666cfdc538d26262b14d14e02c24f4b
recording_zscore,Recording-level z-score,recording_disjoint,Within-participant recording-disjoint,arithmetic,Arithmetic,12,1335,2,320,2,335,2,0.5,0.5,5.065907259376899,3b988fe725be1737d1f95d177b7d930d5666cfdc538d26262b14d14e02c24f4b
recording_zscore,Recording-level z-score,recording_disjoint,Within-participant recording-disjoint,arithmetic,Arithmetic,12,1388,1,251,2,404,2,0.5,0.5,10.743170439847173,3b988fe725be1737d1f95d177b7d930d5666cfdc538d26262b14d14e02c24f4b
recording_zscore,Recording-level z-score,recording_disjoint,Within-participant recording-disjoint,arithmetic,Arithmetic,12,1388,2,404,2,251,2,0.5,0.5,5.81035388565575,3b988fe725be1737d1f95d177b7d930d5666cfdc538d26262b14d14e02c24f4b
recording_zscore,Recording-level z-score,recording_disjoint,Within-participant recording-disjoint,arithmetic,Arithmetic,12,1441,1,251,2,404,2,0.5,0.5,10.743170439847173,3b988fe725be1737d1f95d177b7d930d5666cfdc538d26262b14d14e02c24f4b
recording_zscore,Recording-level z-score,recording_disjoint,Within-participant recording-disjoint,arithmetic,Arithmetic,12,1441,2,404,2,251,2,0.5,0.5,5.81035388565575,3b988fe725be1737d1f95d177b7d930d5666cfdc538d26262b14d14e02c24f4b
recording_zscore,Recording-level z-score,recording_disjoint,Within-participant recording-disjoint,arithmetic,Arithmetic,12,1494,1,251,2,404,2,0.5,0.5,10.743170439847173,3b988fe725be1737d1f95d177b7d930d5666cfdc538d26262b14d14e02c24f4b
recording_zscore,Recording-level z-score,recording_disjoint,Within-participant recording-disjoint,arithmetic,Arithmetic,12,1494,2,404,2,251,2,0.5,0.5,5.81035388565575,3b988fe725be1737d1f95d177b7d930d5666cfdc538d26262b14d14e02c24f4b
recording_zscore,Recording-level z-score,recording_disjoint,Within-participant recording-disjoint,arithmetic,Arithmetic,12,1547,1,335,2,320,2,0.0,0.0,13.133940307062975,3b988fe725be1737d1f95d177b7d930d5666cfdc538d26262b14d14e02c24f4b
recording_zscore,Recording-level z-score,recording_disjoint,Within-participant recording-disjoint,arithmetic,Arithmetic,12,1547,2,320,2,335,2,0.5,0.5,5.065907259376899,3b988fe725be1737d1f95d177b7d930d5666cfdc538d26262b14d14e02c24f4b
recording_zscore,Recording-level z-score,recording_disjoint,Within-participant recording-disjoint,arithmetic,Arithmetic,13,1335,1,345,2,325,2,0.5,0.5,14.004266582014829,3b988fe725be1737d1f95d177b7d930d5666cfdc538d26262b14d14e02c24f4b
recording_zscore,Recording-level z-score,recording_disjoint,Within-participant recording-disjoint,arithmetic,Arithmetic,13,1335,2,325,2,345,2,0.5,0.5,4.390587892960132,3b988fe725be1737d1f95d177b7d930d5666cfdc538d26262b14d14e02c24f4b
recording_zscore,Recording-level z-score,recording_disjoint,Within-participant recording-disjoint,arithmetic,Arithmetic,13,1388,1,287,2,383,2,1.0,1.0,0.286929489127973,3b988fe725be1737d1f95d177b7d930d5666cfdc538d26262b14d14e02c24f4b
recording_zscore,Recording-level z-score,recording_disjoint,Within-participant recording-disjoint,arithmetic,Arithmetic,13,1388,2,383,2,287,2,0.5,0.5,4.961335590440667,3b988fe725be1737d1f95d177b7d930d5666cfdc538d26262b14d14e02c24f4b
recording_zscore,Recording-level z-score,recording_disjoint,Within-participant recording-disjoint,arithmetic,Arithmetic,13,1441,1,287,2,383,2,1.0,1.0,0.286929489127973,3b988fe725be1737d1f95d177b7d930d5666cfdc538d26262b14d14e02c24f4b
recording_zscore,Recording-level z-score,recording_disjoint,Within-participant recording-disjoint,arithmetic,Arithmetic,13,1441,2,383,2,287,2,0.5,0.5,4.961335590440667,3b988fe725be1737d1f95d177b7d930d5666cfdc538d26262b14d14e02c24f4b
recording_zscore,Recording-level z-score,recording_disjoint,Within-participant recording-disjoint,arithmetic,Arithmetic,13,1494,1,287,2,383,2,1.0,1.0,0.286929489127973,3b988fe725be1737d1f95d177b7d930d5666cfdc538d26262b14d14e02c24f4b
recording_zscore,Recording-level z-score,recording_disjoint,Within-participant recording-disjoint,arithmetic,Arithmetic,13,1494,2,383,2,287,2,0.5,0.5,4.961335590440667,3b988fe725be1737d1f95d177b7d930d5666cfdc538d26262b14d14e02c24f4b
recording_zscore,Recording-level z-score,recording_disjoint,Within-participant recording-disjoint,arithmetic,Arithmetic,13,1547,1,345,2,325,2,0.5,0.5,14.004266582014829,3b988fe725be1737d1f95d177b7d930d5666cfdc538d26262b14d14e02c24f4b
recording_zscore,Recording-level z-score,recording_disjoint,Within-participant recording-disjoint,arithmetic,Arithmetic,13,1547,2,325,2,345,2,0.5,0.5,4.390587892960132,3b988fe725be1737d1f95d177b7d930d5666cfdc538d26262b14d14e02c24f4b
recording_zscore,Recording-level z-score,recording_disjoint,Within-participant recording-disjoint,arithmetic,Arithmetic,14,1335,1,284,2,310,2,0.0,0.0,16.855968523150555,3b988fe725be1737d1f95d177b7d930d5666cfdc538d26262b14d14e02c24f4b
recording_zscore,Recording-level z-score,recording_disjoint,Within-participant recording-disjoint,arithmetic,Arithmetic,14,1335,2,310,2,284,2,0.5,0.5,3.665259963250743,3b988fe725be1737d1f95d177b7d930d5666cfdc538d26262b14d14e02c24f4b
recording_zscore,Recording-level z-score,recording_disjoint,Within-participant recording-disjoint,arithmetic,Arithmetic,14,1388,1,269,2,325,2,0.5,0.5,13.81551055796526,3b988fe725be1737d1f95d177b7d930d5666cfdc538d26262b14d14e02c24f4b
recording_zscore,Recording-level z-score,recording_disjoint,Within-participant recording-disjoint,arithmetic,Arithmetic,14,1388,2,325,2,269,2,0.5,0.5,5.150455957465897,3b988fe725be1737d1f95d177b7d930d5666cfdc538d26262b14d14e02c24f4b
recording_zscore,Recording-level z-score,recording_disjoint,Within-participant recording-disjoint,arithmetic,Arithmetic,14,1441,1,269,2,325,2,0.5,0.5,13.81551055796526,3b988fe725be1737d1f95d177b7d930d5666cfdc538d26262b14d14e02c24f4b
recording_zscore,Recording-level z-score,recording_disjoint,Within-participant recording-disjoint,arithmetic,Arithmetic,14,1441,2,325,2,269,2,0.5,0.5,5.150455957465897,3b988fe725be1737d1f95d177b7d930d5666cfdc538d26262b14d14e02c24f4b
recording_zscore,Recording-level z-score,recording_disjoint,Within-participant recording-disjoint,arithmetic,Arithmetic,14,1494,1,269,2,325,2,0.5,0.5,13.81551055796526,3b988fe725be1737d1f95d177b7d930d5666cfdc538d26262b14d14e02c24f4b
recording_zscore,Recording-level z-score,recording_disjoint,Within-participant recording-disjoint,arithmetic,Arithmetic,14,1494,2,325,2,269,2,0.5,0.5,5.150455957465897,3b988fe725be1737d1f95d177b7d930d5666cfdc538d26262b14d14e02c24f4b
recording_zscore,Recording-level z-score,recording_disjoint,Within-participant recording-disjoint,arithmetic,Arithmetic,14,1547,1,284,2,310,2,0.0,0.0,16.855968523150555,3b988fe725be1737d1f95d177b7d930d5666cfdc538d26262b14d14e02c24f4b
recording_zscore,Recording-level z-score,recording_disjoint,Within-participant recording-disjoint,arithmetic,Arithmetic,14,1547,2,310,2,284,2,0.5,0.5,3.665259963250743,3b988fe725be1737d1f95d177b7d930d5666cfdc538d26262b14d14e02c24f4b
recording_zscore,Recording-level z-score,recording_disjoint,Within-participant recording-disjoint,arithmetic,Arithmetic,15,1335,1,432,2,295,2,0.5,0.5,1.755170572719775,3b988fe725be1737d1f95d177b7d930d5666cfdc538d26262b14d14e02c24f4b
recording_zscore,Recording-level z-score,recording_disjoint,Within-participant recording-disjoint,arithmetic,Arithmetic,15,1335,2,295,2,432,2,0.5,0.5,3.9248277131580527,3b988fe725be1737d1f95d177b7d930d5666cfdc538d26262b14d14e02c24f4b
recording_zscore,Recording-level z-score,recording_disjoint,Within-participant recording-disjoint,arithmetic,Arithmetic,15,1388,1,314,2,413,2,0.5,0.5,4.808353033966991,3b988fe725be1737d1f95d177b7d930d5666cfdc538d26262b14d14e02c24f4b
recording_zscore,Recording-level z-score,recording_disjoint,Within-participant recording-disjoint,arithmetic,Arithmetic,15,1388,2,413,2,314,2,0.5,0.5,4.000412859010782,3b988fe725be1737d1f95d177b7d930d5666cfdc538d26262b14d14e02c24f4b
recording_zscore,Recording-level z-score,recording_disjoint,Within-participant recording-disjoint,arithmetic,Arithmetic,15,1441,1,314,2,413,2,0.5,0.5,4.808353033966991,3b988fe725be1737d1f95d177b7d930d5666cfdc538d26262b14d14e02c24f4b
recording_zscore,Recording-level z-score,recording_disjoint,Within-participant recording-disjoint,arithmetic,Arithmetic,15,1441,2,413,2,314,2,0.5,0.5,4.000412859010782,3b988fe725be1737d1f95d177b7d930d5666cfdc538d26262b14d14e02c24f4b
recording_zscore,Recording-level z-score,recording_disjoint,Within-participant recording-disjoint,arithmetic,Arithmetic,15,1494,1,314,2,413,2,0.5,0.5,4.808353033966991,3b988fe725be1737d1f95d177b7d930d5666cfdc538d26262b14d14e02c24f4b
recording_zscore,Recording-level z-score,recording_disjoint,Within-participant recording-disjoint,arithmetic,Arithmetic,15,1494,2,413,2,314,2,0.5,0.5,4.000412859010782,3b988fe725be1737d1f95d177b7d930d5666cfdc538d26262b14d14e02c24f4b
recording_zscore,Recording-level z-score,recording_disjoint,Within-participant recording-disjoint,arithmetic,Arithmetic,15,1547,1,432,2,295,2,0.5,0.5,1.755170572719775,3b988fe725be1737d1f95d177b7d930d5666cfdc538d26262b14d14e02c24f4b
recording_zscore,Recording-level z-score,recording_disjoint,Within-participant recording-disjoint,arithmetic,Arithmetic,15,1547,2,295,2,432,2,0.5,0.5,3.9248277131580527,3b988fe725be1737d1f95d177b7d930d5666cfdc538d26262b14d14e02c24f4b
recording_zscore,Recording-level z-score,participant_disjoint_loso,Participant-disjoint LOSO,arithmetic,Arithmetic,1,,1,10066,56,696,4,0.5,0.5,3.2230760688537425,3b988fe725be1737d1f95d177b7d930d5666cfdc538d26262b14d14e02c24f4b
recording_zscore,Recording-level z-score,participant_disjoint_loso,Participant-disjoint LOSO,arithmetic,Arithmetic,2,,2,9774,56,988,4,0.75,0.75,3.335528614689734,3b988fe725be1737d1f95d177b7d930d5666cfdc538d26262b14d14e02c24f4b
recording_zscore,Recording-level z-score,participant_disjoint_loso,Participant-disjoint LOSO,arithmetic,Arithmetic,3,,3,10193,56,569,4,0.75,0.75,3.850541645489136,3b988fe725be1737d1f95d177b7d930d5666cfdc538d26262b14d14e02c24f4b
recording_zscore,Recording-level z-score,participant_disjoint_loso,Participant-disjoint LOSO,arithmetic,Arithmetic,4,,4,10096,56,666,4,0.5,0.5,3.876625325527076,3b988fe725be1737d1f95d177b7d930d5666cfdc538d26262b14d14e02c24f4b
recording_zscore,Recording-level z-score,participant_disjoint_loso,Participant-disjoint LOSO,arithmetic,Arithmetic,5,,5,9935,56,827,4,0.5,0.5,1.9066953442729364,3b988fe725be1737d1f95d177b7d930d5666cfdc538d26262b14d14e02c24f4b
recording_zscore,Recording-level z-score,participant_disjoint_loso,Participant-disjoint LOSO,arithmetic,Arithmetic,6,,6,10172,56,590,4,0.5,0.5,5.4336323206611805,3b988fe725be1737d1f95d177b7d930d5666cfdc538d26262b14d14e02c24f4b
recording_zscore,Recording-level z-score,participant_disjoint_loso,Participant-disjoint LOSO,arithmetic,Arithmetic,7,,7,10409,56,353,4,0.5,0.5,2.3078677409960076,3b988fe725be1737d1f95d177b7d930d5666cfdc538d26262b14d14e02c24f4b
recording_zscore,Recording-level z-score,participant_disjoint_loso,Participant-disjoint LOSO,arithmetic,Arithmetic,8,,8,9724,56,1038,4,0.75,0.75,0.9789715659168802,3b988fe725be1737d1f95d177b7d930d5666cfdc538d26262b14d14e02c24f4b
recording_zscore,Recording-level z-score,participant_disjoint_loso,Participant-disjoint LOSO,arithmetic,Arithmetic,9,,9,9683,56,1079,4,0.5,0.5,2.0213918165824576,3b988fe725be1737d1f95d177b7d930d5666cfdc538d26262b14d14e02c24f4b
recording_zscore,Recording-level z-score,participant_disjoint_loso,Participant-disjoint LOSO,arithmetic,Arithmetic,10,,10,10224,56,538,4,0.5,0.5,1.2815351795277863,3b988fe725be1737d1f95d177b7d930d5666cfdc538d26262b14d14e02c24f4b
recording_zscore,Recording-level z-score,participant_disjoint_loso,Participant-disjoint LOSO,arithmetic,Arithmetic,11,,11,9990,56,772,4,0.5,0.5,1.1291179324644425,3b988fe725be1737d1f95d177b7d930d5666cfdc538d26262b14d14e02c24f4b
recording_zscore,Recording-level z-score,participant_disjoint_loso,Participant-disjoint LOSO,arithmetic,Arithmetic,12,,12,10107,56,655,4,0.75,0.75,0.6040928858666332,3b988fe725be1737d1f95d177b7d930d5666cfdc538d26262b14d14e02c24f4b
recording_zscore,Recording-level z-score,participant_disjoint_loso,Participant-disjoint LOSO,arithmetic,Arithmetic,13,,13,10092,56,670,4,1.0,1.0,0.2660805210958361,3b988fe725be1737d1f95d177b7d930d5666cfdc538d26262b14d14e02c24f4b
recording_zscore,Recording-level z-score,participant_disjoint_loso,Participant-disjoint LOSO,arithmetic,Arithmetic,14,,14,10168,56,594,4,0.75,0.75,1.4071601637539097,3b988fe725be1737d1f95d177b7d930d5666cfdc538d26262b14d14e02c24f4b
recording_zscore,Recording-level z-score,participant_disjoint_loso,Participant-disjoint LOSO,arithmetic,Arithmetic,15,,15,10035,56,727,4,0.25,0.25,5.208459646888059,3b988fe725be1737d1f95d177b7d930d5666cfdc538d26262b14d14e02c24f4b
recording_zscore,Recording-level z-score,recording_disjoint,Within-participant recording-disjoint,stroop,Stroop,1,1335,1,357,2,296,2,0.0,0.0,10.004004401594536,3b988fe725be1737d1f95d177b7d930d5666cfdc538d26262b14d14e02c24f4b
recording_zscore,Recording-level z-score,recording_disjoint,Within-participant recording-disjoint,stroop,Stroop,1,1335,2,296,2,357,2,0.5,0.5,2.8990388466096895,3b988fe725be1737d1f95d177b7d930d5666cfdc538d26262b14d14e02c24f4b
recording_zscore,Recording-level z-score,recording_disjoint,Within-participant recording-disjoint,stroop,Stroop,1,1388,1,287,2,366,2,0.5,0.5,7.191486262966055,3b988fe725be1737d1f95d177b7d930d5666cfdc538d26262b14d14e02c24f4b
recording_zscore,Recording-level z-score,recording_disjoint,Within-participant recording-disjoint,stroop,Stroop,1,1388,2,366,2,287,2,0.5,0.5,1.6639668859056829,3b988fe725be1737d1f95d177b7d930d5666cfdc538d26262b14d14e02c24f4b
recording_zscore,Recording-level z-score,recording_disjoint,Within-participant recording-disjoint,stroop,Stroop,1,1441,1,287,2,366,2,0.5,0.5,7.191486262966055,3b988fe725be1737d1f95d177b7d930d5666cfdc538d26262b14d14e02c24f4b
recording_zscore,Recording-level z-score,recording_disjoint,Within-participant recording-disjoint,stroop,Stroop,1,1441,2,366,2,287,2,0.5,0.5,1.6639668859056829,3b988fe725be1737d1f95d177b7d930d5666cfdc538d26262b14d14e02c24f4b
recording_zscore,Recording-level z-score,recording_disjoint,Within-participant recording-disjoint,stroop,Stroop,1,1494,1,287,2,366,2,0.5,0.5,7.191486262966055,3b988fe725be1737d1f95d177b7d930d5666cfdc538d26262b14d14e02c24f4b
recording_zscore,Recording-level z-score,recording_disjoint,Within-participant recording-disjoint,stroop,Stroop,1,1494,2,366,2,287,2,0.5,0.5,1.6639668859056829,3b988fe725be1737d1f95d177b7d930d5666cfdc538d26262b14d14e02c24f4b
recording_zscore,Recording-level z-score,recording_disjoint,Within-participant recording-disjoint,stroop,Stroop,1,1547,1,357,2,296,2,0.0,0.0,10.004004401594536,3b988fe725be1737d1f95d177b7d930d5666cfdc538d26262b14d14e02c24f4b
recording_zscore,Recording-level z-score,recording_disjoint,Within-participant recording-disjoint,stroop,Stroop,1,1547,2,296,2,357,2,0.5,0.5,2.8990388466096895,3b988fe725be1737d1f95d177b7d930d5666cfdc538d26262b14d14e02c24f4b
recording_zscore,Recording-level z-score,recording_disjoint,Within-participant recording-disjoint,stroop,Stroop,2,1335,1,303,2,556,2,0.0,0.0,15.058515845697848,3b988fe725be1737d1f95d177b7d930d5666cfdc538d26262b14d14e02c24f4b
recording_zscore,Recording-level z-score,recording_disjoint,Within-participant recording-disjoint,stroop,Stroop,2,1335,2,556,2,303,2,0.5,0.5,5.269015539084014,3b988fe725be1737d1f95d177b7d930d5666cfdc538d26262b14d14e02c24f4b
recording_zscore,Recording-level z-score,recording_disjoint,Within-participant recording-disjoint,stroop,Stroop,2,1388,1,201,2,658,2,0.5,0.5,13.815510557965421,3b988fe725be1737d1f95d177b7d930d5666cfdc538d26262b14d14e02c24f4b
recording_zscore,Recording-level z-score,recording_disjoint,Within-participant recording-disjoint,stroop,Stroop,2,1388,2,658,2,201,2,0.5,0.5,6.355273379177761,3b988fe725be1737d1f95d177b7d930d5666cfdc538d26262b14d14e02c24f4b
recording_zscore,Recording-level z-score,recording_disjoint,Within-participant recording-disjoint,stroop,Stroop,2,1441,1,201,2,658,2,0.5,0.5,13.815510557965421,3b988fe725be1737d1f95d177b7d930d5666cfdc538d26262b14d14e02c24f4b
recording_zscore,Recording-level z-score,recording_disjoint,Within-participant recording-disjoint,stroop,Stroop,2,1441,2,658,2,201,2,0.5,0.5,6.355273379177761,3b988fe725be1737d1f95d177b7d930d5666cfdc538d26262b14d14e02c24f4b
recording_zscore,Recording-level z-score,recording_disjoint,Within-participant recording-disjoint,stroop,Stroop,2,1494,1,201,2,658,2,0.5,0.5,13.815510557965421,3b988fe725be1737d1f95d177b7d930d5666cfdc538d26262b14d14e02c24f4b
recording_zscore,Recording-level z-score,recording_disjoint,Within-participant recording-disjoint,stroop,Stroop,2,1494,2,658,2,201,2,0.5,0.5,6.355273379177761,3b988fe725be1737d1f95d177b7d930d5666cfdc538d26262b14d14e02c24f4b
recording_zscore,Recording-level z-score,recording_disjoint,Within-participant recording-disjoint,stroop,Stroop,2,1547,1,303,2,556,2,0.0,0.0,15.058515845697848,3b988fe725be1737d1f95d177b7d930d5666cfdc538d26262b14d14e02c24f4b
recording_zscore,Recording-level z-score,recording_disjoint,Within-participant recording-disjoint,stroop,Stroop,2,1547,2,556,2,303,2,0.5,0.5,5.269015539084014,3b988fe725be1737d1f95d177b7d930d5666cfdc538d26262b14d14e02c24f4b
recording_zscore,Recording-level z-score,recording_disjoint,Within-participant recording-disjoint,stroop,Stroop,3,1335,1,287,2,283,2,0.0,0.0,7.05147264081188,3b988fe725be1737d1f95d177b7d930d5666cfdc538d26262b14d14e02c24f4b
recording_zscore,Recording-level z-score,recording_disjoint,Within-participant recording-disjoint,stroop,Stroop,3,1335,2,283,2,287,2,0.0,0.0,7.147190281623125,3b988fe725be1737d1f95d177b7d930d5666cfdc538d26262b14d14e02c24f4b
recording_zscore,Recording-level z-score,recording_disjoint,Within-participant recording-disjoint,stroop,Stroop,3,1388,1,229,2,341,2,0.5,0.5,13.815510557965249,3b988fe725be1737d1f95d177b7d930d5666cfdc538d26262b14d14e02c24f4b
recording_zscore,Recording-level z-score,recording_disjoint,Within-participant recording-disjoint,stroop,Stroop,3,1388,2,341,2,229,2,0.5,0.5,13.130915018167464,3b988fe725be1737d1f95d177b7d930d5666cfdc538d26262b14d14e02c24f4b
recording_zscore,Recording-level z-score,recording_disjoint,Within-participant recording-disjoint,stroop,Stroop,3,1441,1,229,2,341,2,0.5,0.5,13.815510557965249,3b988fe725be1737d1f95d177b7d930d5666cfdc538d26262b14d14e02c24f4b
recording_zscore,Recording-level z-score,recording_disjoint,Within-participant recording-disjoint,stroop,Stroop,3,1441,2,341,2,229,2,0.5,0.5,13.130915018167464,3b988fe725be1737d1f95d177b7d930d5666cfdc538d26262b14d14e02c24f4b
recording_zscore,Recording-level z-score,recording_disjoint,Within-participant recording-disjoint,stroop,Stroop,3,1494,1,229,2,341,2,0.5,0.5,13.815510557965249,3b988fe725be1737d1f95d177b7d930d5666cfdc538d26262b14d14e02c24f4b
recording_zscore,Recording-level z-score,recording_disjoint,Within-participant recording-disjoint,stroop,Stroop,3,1494,2,341,2,229,2,0.5,0.5,13.130915018167464,3b988fe725be1737d1f95d177b7d930d5666cfdc538d26262b14d14e02c24f4b
recording_zscore,Recording-level z-score,recording_disjoint,Within-participant recording-disjoint,stroop,Stroop,3,1547,1,287,2,283,2,0.0,0.0,7.05147264081188,3b988fe725be1737d1f95d177b7d930d5666cfdc538d26262b14d14e02c24f4b
recording_zscore,Recording-level z-score,recording_disjoint,Within-participant recording-disjoint,stroop,Stroop,3,1547,2,283,2,287,2,0.0,0.0,7.147190281623125,3b988fe725be1737d1f95d177b7d930d5666cfdc538d26262b14d14e02c24f4b
recording_zscore,Recording-level z-score,recording_disjoint,Within-participant recording-disjoint,stroop,Stroop,4,1335,1,281,2,178,2,1.0,1.0,0.09317737424773034,3b988fe725be1737d1f95d177b7d930d5666cfdc538d26262b14d14e02c24f4b
recording_zscore,Recording-level z-score,recording_disjoint,Within-participant recording-disjoint,stroop,Stroop,4,1335,2,178,2,281,2,0.5,0.5,1.1620868462667588,3b988fe725be1737d1f95d177b7d930d5666cfdc538d26262b14d14e02c24f4b
recording_zscore,Recording-level z-score,recording_disjoint,Within-participant recording-disjoint,stroop,Stroop,4,1388,1,151,2,308,2,0.5,0.5,2.0903980598041922,3b988fe725be1737d1f95d177b7d930d5666cfdc538d26262b14d14e02c24f4b
recording_zscore,Recording-level z-score,recording_disjoint,Within-participant recording-disjoint,stroop,Stroop,4,1388,2,308,2,151,2,0.5,0.5,2.237293939926689,3b988fe725be1737d1f95d177b7d930d5666cfdc538d26262b14d14e02c24f4b
recording_zscore,Recording-level z-score,recording_disjoint,Within-participant recording-disjoint,stroop,Stroop,4,1441,1,151,2,308,2,0.5,0.5,2.0903980598041922,3b988fe725be1737d1f95d177b7d930d5666cfdc538d26262b14d14e02c24f4b
recording_zscore,Recording-level z-score,recording_disjoint,Within-participant recording-disjoint,stroop,Stroop,4,1441,2,308,2,151,2,0.5,0.5,2.237293939926689,3b988fe725be1737d1f95d177b7d930d5666cfdc538d26262b14d14e02c24f4b
recording_zscore,Recording-level z-score,recording_disjoint,Within-participant recording-disjoint,stroop,Stroop,4,1494,1,151,2,308,2,0.5,0.5,2.0903980598041922,3b988fe725be1737d1f95d177b7d930d5666cfdc538d26262b14d14e02c24f4b
recording_zscore,Recording-level z-score,recording_disjoint,Within-participant recording-disjoint,stroop,Stroop,4,1494,2,308,2,151,2,0.5,0.5,2.237293939926689,3b988fe725be1737d1f95d177b7d930d5666cfdc538d26262b14d14e02c24f4b
recording_zscore,Recording-level z-score,recording_disjoint,Within-participant recording-disjoint,stroop,Stroop,4,1547,1,281,2,178,2,1.0,1.0,0.09317737424773034,3b988fe725be1737d1f95d177b7d930d5666cfdc538d26262b14d14e02c24f4b
recording_zscore,Recording-level z-score,recording_disjoint,Within-participant recording-disjoint,stroop,Stroop,4,1547,2,178,2,281,2,0.5,0.5,1.1620868462667588,3b988fe725be1737d1f95d177b7d930d5666cfdc538d26262b14d14e02c24f4b
recording_zscore,Recording-level z-score,recording_disjoint,Within-participant recording-disjoint,stroop,Stroop,5,1335,1,308,2,352,2,0.5,0.5,13.877160188327194,3b988fe725be1737d1f95d177b7d930d5666cfdc538d26262b14d14e02c24f4b
recording_zscore,Recording-level z-score,recording_disjoint,Within-participant recording-disjoint,stroop,Stroop,5,1335,2,352,2,308,2,0.5,0.5,4.971275793344174,3b988fe725be1737d1f95d177b7d930d5666cfdc538d26262b14d14e02c24f4b
recording_zscore,Recording-level z-score,recording_disjoint,Within-participant recording-disjoint,stroop,Stroop,5,1388,1,245,2,415,2,0.5,0.5,10.300658176620592,3b988fe725be1737d1f95d177b7d930d5666cfdc538d26262b14d14e02c24f4b
recording_zscore,Recording-level z-score,recording_disjoint,Within-participant recording-disjoint,stroop,Stroop,5,1388,2,415,2,245,2,0.5,0.5,5.509884506666056,3b988fe725be1737d1f95d177b7d930d5666cfdc538d26262b14d14e02c24f4b
recording_zscore,Recording-level z-score,recording_disjoint,Within-participant recording-disjoint,stroop,Stroop,5,1441,1,245,2,415,2,0.5,0.5,10.300658176620592,3b988fe725be1737d1f95d177b7d930d5666cfdc538d26262b14d14e02c24f4b
recording_zscore,Recording-level z-score,recording_disjoint,Within-participant recording-disjoint,stroop,Stroop,5,1441,2,415,2,245,2,0.5,0.5,5.509884506666056,3b988fe725be1737d1f95d177b7d930d5666cfdc538d26262b14d14e02c24f4b
recording_zscore,Recording-level z-score,recording_disjoint,Within-participant recording-disjoint,stroop,Stroop,5,1494,1,245,2,415,2,0.5,0.5,10.300658176620592,3b988fe725be1737d1f95d177b7d930d5666cfdc538d26262b14d14e02c24f4b
recording_zscore,Recording-level z-score,recording_disjoint,Within-participant recording-disjoint,stroop,Stroop,5,1494,2,415,2,245,2,0.5,0.5,5.509884506666056,3b988fe725be1737d1f95d177b7d930d5666cfdc538d26262b14d14e02c24f4b
recording_zscore,Recording-level z-score,recording_disjoint,Within-participant recording-disjoint,stroop,Stroop,5,1547,1,308,2,352,2,0.5,0.5,13.877160188327194,3b988fe725be1737d1f95d177b7d930d5666cfdc538d26262b14d14e02c24f4b
recording_zscore,Recording-level z-score,recording_disjoint,Within-participant recording-disjoint,stroop,Stroop,5,1547,2,352,2,308,2,0.5,0.5,4.971275793344174,3b988fe725be1737d1f95d177b7d930d5666cfdc538d26262b14d14e02c24f4b
recording_zscore,Recording-level z-score,recording_disjoint,Within-participant recording-disjoint,stroop,Stroop,6,1335,1,280,2,261,2,0.5,0.5,12.57739962560336,3b988fe725be1737d1f95d177b7d930d5666cfdc538d26262b14d14e02c24f4b
recording_zscore,Recording-level z-score,recording_disjoint,Within-participant recording-disjoint,stroop,Stroop,6,1335,2,261,2,280,2,0.5,0.5,0.6401698036965936,3b988fe725be1737d1f95d177b7d930d5666cfdc538d26262b14d14e02c24f4b
recording_zscore,Recording-level z-score,recording_disjoint,Within-participant recording-disjoint,stroop,Stroop,6,1388,1,230,2,311,2,1.0,1.0,0.11587890796895965,3b988fe725be1737d1f95d177b7d930d5666cfdc538d26262b14d14e02c24f4b
recording_zscore,Recording-level z-score,recording_disjoint,Within-participant recording-disjoint,stroop,Stroop,6,1388,2,311,2,230,2,0.5,0.5,12.416093587087865,3b988fe725be1737d1f95d177b7d930d5666cfdc538d26262b14d14e02c24f4b
recording_zscore,Recording-level z-score,recording_disjoint,Within-participant recording-disjoint,stroop,Stroop,6,1441,1,230,2,311,2,1.0,1.0,0.11587890796895965,3b988fe725be1737d1f95d177b7d930d5666cfdc538d26262b14d14e02c24f4b
recording_zscore,Recording-level z-score,recording_disjoint,Within-participant recording-disjoint,stroop,Stroop,6,1441,2,311,2,230,2,0.5,0.5,12.416093587087865,3b988fe725be1737d1f95d177b7d930d5666cfdc538d26262b14d14e02c24f4b
recording_zscore,Recording-level z-score,recording_disjoint,Within-participant recording-disjoint,stroop,Stroop,6,1494,1,230,2,311,2,1.0,1.0,0.11587890796895965,3b988fe725be1737d1f95d177b7d930d5666cfdc538d26262b14d14e02c24f4b
recording_zscore,Recording-level z-score,recording_disjoint,Within-participant recording-disjoint,stroop,Stroop,6,1494,2,311,2,230,2,0.5,0.5,12.416093587087865,3b988fe725be1737d1f95d177b7d930d5666cfdc538d26262b14d14e02c24f4b
recording_zscore,Recording-level z-score,recording_disjoint,Within-participant recording-disjoint,stroop,Stroop,6,1547,1,280,2,261,2,0.5,0.5,12.57739962560336,3b988fe725be1737d1f95d177b7d930d5666cfdc538d26262b14d14e02c24f4b
recording_zscore,Recording-level z-score,recording_disjoint,Within-participant recording-disjoint,stroop,Stroop,6,1547,2,261,2,280,2,0.5,0.5,0.6401698036965936,3b988fe725be1737d1f95d177b7d930d5666cfdc538d26262b14d14e02c24f4b
recording_zscore,Recording-level z-score,recording_disjoint,Within-participant recording-disjoint,stroop,Stroop,7,1335,1,276,2,265,2,0.5,0.5,3.0281537397192406,3b988fe725be1737d1f95d177b7d930d5666cfdc538d26262b14d14e02c24f4b
recording_zscore,Recording-level z-score,recording_disjoint,Within-participant recording-disjoint,stroop,Stroop,7,1335,2,265,2,276,2,0.5,0.5,11.09158526281993,3b988fe725be1737d1f95d177b7d930d5666cfdc538d26262b14d14e02c24f4b
recording_zscore,Recording-level z-score,recording_disjoint,Within-participant recording-disjoint,stroop,Stroop,7,1388,1,193,2,348,2,0.5,0.5,0.5371282505650333,3b988fe725be1737d1f95d177b7d930d5666cfdc538d26262b14d14e02c24f4b
recording_zscore,Recording-level z-score,recording_disjoint,Within-participant recording-disjoint,stroop,Stroop,7,1388,2,348,2,193,2,0.5,0.5,7.150430537408156,3b988fe725be1737d1f95d177b7d930d5666cfdc538d26262b14d14e02c24f4b
recording_zscore,Recording-level z-score,recording_disjoint,Within-participant recording-disjoint,stroop,Stroop,7,1441,1,193,2,348,2,0.5,0.5,0.5371282505650333,3b988fe725be1737d1f95d177b7d930d5666cfdc538d26262b14d14e02c24f4b
recording_zscore,Recording-level z-score,recording_disjoint,Within-participant recording-disjoint,stroop,Stroop,7,1441,2,348,2,193,2,0.5,0.5,7.150430537408156,3b988fe725be1737d1f95d177b7d930d5666cfdc538d26262b14d14e02c24f4b
recording_zscore,Recording-level z-score,recording_disjoint,Within-participant recording-disjoint,stroop,Stroop,7,1494,1,193,2,348,2,0.5,0.5,0.5371282505650333,3b988fe725be1737d1f95d177b7d930d5666cfdc538d26262b14d14e02c24f4b
recording_zscore,Recording-level z-score,recording_disjoint,Within-participant recording-disjoint,stroop,Stroop,7,1494,2,348,2,193,2,0.5,0.5,7.150430537408156,3b988fe725be1737d1f95d177b7d930d5666cfdc538d26262b14d14e02c24f4b
recording_zscore,Recording-level z-score,recording_disjoint,Within-participant recording-disjoint,stroop,Stroop,7,1547,1,276,2,265,2,0.5,0.5,3.0281537397192406,3b988fe725be1737d1f95d177b7d930d5666cfdc538d26262b14d14e02c24f4b
recording_zscore,Recording-level z-score,recording_disjoint,Within-participant recording-disjoint,stroop,Stroop,7,1547,2,265,2,276,2,0.5,0.5,11.09158526281993,3b988fe725be1737d1f95d177b7d930d5666cfdc538d26262b14d14e02c24f4b
recording_zscore,Recording-level z-score,recording_disjoint,Within-participant recording-disjoint,stroop,Stroop,8,1335,1,396,2,350,2,0.5,0.5,13.815510557965279,3b988fe725be1737d1f95d177b7d930d5666cfdc538d26262b14d14e02c24f4b
recording_zscore,Recording-level z-score,recording_disjoint,Within-participant recording-disjoint,stroop,Stroop,8,1335,2,350,2,396,2,0.5,0.5,13.815510557965313,3b988fe725be1737d1f95d177b7d930d5666cfdc538d26262b14d14e02c24f4b
recording_zscore,Recording-level z-score,recording_disjoint,Within-participant recording-disjoint,stroop,Stroop,8,1388,1,322,2,424,2,0.0,0.0,7.4162613237393575,3b988fe725be1737d1f95d177b7d930d5666cfdc538d26262b14d14e02c24f4b
recording_zscore,Recording-level z-score,recording_disjoint,Within-participant recording-disjoint,stroop,Stroop,8,1388,2,424,2,322,2,0.0,0.0,9.696777640350655,3b988fe725be1737d1f95d177b7d930d5666cfdc538d26262b14d14e02c24f4b
recording_zscore,Recording-level z-score,recording_disjoint,Within-participant recording-disjoint,stroop,Stroop,8,1441,1,322,2,424,2,0.0,0.0,7.4162613237393575,3b988fe725be1737d1f95d177b7d930d5666cfdc538d26262b14d14e02c24f4b
recording_zscore,Recording-level z-score,recording_disjoint,Within-participant recording-disjoint,stroop,Stroop,8,1441,2,424,2,322,2,0.0,0.0,9.696777640350655,3b988fe725be1737d1f95d177b7d930d5666cfdc538d26262b14d14e02c24f4b
recording_zscore,Recording-level z-score,recording_disjoint,Within-participant recording-disjoint,stroop,Stroop,8,1494,1,322,2,424,2,0.0,0.0,7.4162613237393575,3b988fe725be1737d1f95d177b7d930d5666cfdc538d26262b14d14e02c24f4b
recording_zscore,Recording-level z-score,recording_disjoint,Within-participant recording-disjoint,stroop,Stroop,8,1494,2,424,2,322,2,0.0,0.0,9.696777640350655,3b988fe725be1737d1f95d177b7d930d5666cfdc538d26262b14d14e02c24f4b
recording_zscore,Recording-level z-score,recording_disjoint,Within-participant recording-disjoint,stroop,Stroop,8,1547,1,396,2,350,2,0.5,0.5,13.815510557965279,3b988fe725be1737d1f95d177b7d930d5666cfdc538d26262b14d14e02c24f4b
recording_zscore,Recording-level z-score,recording_disjoint,Within-participant recording-disjoint,stroop,Stroop,8,1547,2,350,2,396,2,0.5,0.5,13.815510557965313,3b988fe725be1737d1f95d177b7d930d5666cfdc538d26262b14d14e02c24f4b
recording_zscore,Recording-level z-score,recording_disjoint,Within-participant recording-disjoint,stroop,Stroop,9,1335,1,353,2,520,2,0.5,0.5,13.846239362930275,3b988fe725be1737d1f95d177b7d930d5666cfdc538d26262b14d14e02c24f4b
recording_zscore,Recording-level z-score,recording_disjoint,Within-participant recording-disjoint,stroop,Stroop,9,1335,2,520,2,353,2,0.5,0.5,2.554541084412559,3b988fe725be1737d1f95d177b7d930d5666cfdc538d26262b14d14e02c24f4b
recording_zscore,Recording-level z-score,recording_disjoint,Within-participant recording-disjoint,stroop,Stroop,9,1388,1,270,2,603,2,0.5,0.5,3.2406455203184175,3b988fe725be1737d1f95d177b7d930d5666cfdc538d26262b14d14e02c24f4b
recording_zscore,Recording-level z-score,recording_disjoint,Within-participant recording-disjoint,stroop,Stroop,9,1388,2,603,2,270,2,0.5,0.5,4.263526613921247,3b988fe725be1737d1f95d177b7d930d5666cfdc538d26262b14d14e02c24f4b
recording_zscore,Recording-level z-score,recording_disjoint,Within-participant recording-disjoint,stroop,Stroop,9,1441,1,270,2,603,2,0.5,0.5,3.2406455203184175,3b988fe725be1737d1f95d177b7d930d5666cfdc538d26262b14d14e02c24f4b
recording_zscore,Recording-level z-score,recording_disjoint,Within-participant recording-disjoint,stroop,Stroop,9,1441,2,603,2,270,2,0.5,0.5,4.263526613921247,3b988fe725be1737d1f95d177b7d930d5666cfdc538d26262b14d14e02c24f4b
recording_zscore,Recording-level z-score,recording_disjoint,Within-participant recording-disjoint,stroop,Stroop,9,1494,1,270,2,603,2,0.5,0.5,3.2406455203184175,3b988fe725be1737d1f95d177b7d930d5666cfdc538d26262b14d14e02c24f4b
recording_zscore,Recording-level z-score,recording_disjoint,Within-participant recording-disjoint,stroop,Stroop,9,1494,2,603,2,270,2,0.5,0.5,4.263526613921247,3b988fe725be1737d1f95d177b7d930d5666cfdc538d26262b14d14e02c24f4b
recording_zscore,Recording-level z-score,recording_disjoint,Within-participant recording-disjoint,stroop,Stroop,9,1547,1,353,2,520,2,0.5,0.5,13.846239362930275,3b988fe725be1737d1f95d177b7d930d5666cfdc538d26262b14d14e02c24f4b
recording_zscore,Recording-level z-score,recording_disjoint,Within-participant recording-disjoint,stroop,Stroop,9,1547,2,520,2,353,2,0.5,0.5,2.554541084412559,3b988fe725be1737d1f95d177b7d930d5666cfdc538d26262b14d14e02c24f4b
recording_zscore,Recording-level z-score,recording_disjoint,Within-participant recording-disjoint,stroop,Stroop,10,1335,1,325,2,268,2,0.5,0.5,4.562144047482403,3b988fe725be1737d1f95d177b7d930d5666cfdc538d26262b14d14e02c24f4b
recording_zscore,Recording-level z-score,recording_disjoint,Within-participant recording-disjoint,stroop,Stroop,10,1335,2,268,2,325,2,0.0,0.0,8.611048100629361,3b988fe725be1737d1f95d177b7d930d5666cfdc538d26262b14d14e02c24f4b
recording_zscore,Recording-level z-score,recording_disjoint,Within-participant recording-disjoint,stroop,Stroop,10,1388,1,201,2,392,2,0.5,0.5,13.815510557965295,3b988fe725be1737d1f95d177b7d930d5666cfdc538d26262b14d14e02c24f4b
recording_zscore,Recording-level z-score,recording_disjoint,Within-participant recording-disjoint,stroop,Stroop,10,1388,2,392,2,201,2,0.5,0.5,4.258953653523484,3b988fe725be1737d1f95d177b7d930d5666cfdc538d26262b14d14e02c24f4b
recording_zscore,Recording-level z-score,recording_disjoint,Within-participant recording-disjoint,stroop,Stroop,10,1441,1,201,2,392,2,0.5,0.5,13.815510557965295,3b988fe725be1737d1f95d177b7d930d5666cfdc538d26262b14d14e02c24f4b
recording_zscore,Recording-level z-score,recording_disjoint,Within-participant recording-disjoint,stroop,Stroop,10,1441,2,392,2,201,2,0.5,0.5,4.258953653523484,3b988fe725be1737d1f95d177b7d930d5666cfdc538d26262b14d14e02c24f4b
recording_zscore,Recording-level z-score,recording_disjoint,Within-participant recording-disjoint,stroop,Stroop,10,1494,1,201,2,392,2,0.5,0.5,13.815510557965295,3b988fe725be1737d1f95d177b7d930d5666cfdc538d26262b14d14e02c24f4b
recording_zscore,Recording-level z-score,recording_disjoint,Within-participant recording-disjoint,stroop,Stroop,10,1494,2,392,2,201,2,0.5,0.5,4.258953653523484,3b988fe725be1737d1f95d177b7d930d5666cfdc538d26262b14d14e02c24f4b
recording_zscore,Recording-level z-score,recording_disjoint,Within-participant recording-disjoint,stroop,Stroop,10,1547,1,325,2,268,2,0.5,0.5,4.562144047482403,3b988fe725be1737d1f95d177b7d930d5666cfdc538d26262b14d14e02c24f4b
recording_zscore,Recording-level z-score,recording_disjoint,Within-participant recording-disjoint,stroop,Stroop,10,1547,2,268,2,325,2,0.0,0.0,8.611048100629361,3b988fe725be1737d1f95d177b7d930d5666cfdc538d26262b14d14e02c24f4b
recording_zscore,Recording-level z-score,recording_disjoint,Within-participant recording-disjoint,stroop,Stroop,11,1335,1,298,2,374,2,0.5,0.5,13.958346017747846,3b988fe725be1737d1f95d177b7d930d5666cfdc538d26262b14d14e02c24f4b
recording_zscore,Recording-level z-score,recording_disjoint,Within-participant recording-disjoint,stroop,Stroop,11,1335,2,374,2,298,2,0.5,0.5,5.14554967223907,3b988fe725be1737d1f95d177b7d930d5666cfdc538d26262b14d14e02c24f4b
recording_zscore,Recording-level z-score,recording_disjoint,Within-participant recording-disjoint,stroop,Stroop,11,1388,1,243,2,429,2,0.5,0.5,13.815510558151692,3b988fe725be1737d1f95d177b7d930d5666cfdc538d26262b14d14e02c24f4b
recording_zscore,Recording-level z-score,recording_disjoint,Within-participant recording-disjoint,stroop,Stroop,11,1388,2,429,2,243,2,0.5,0.5,6.353029092226122,3b988fe725be1737d1f95d177b7d930d5666cfdc538d26262b14d14e02c24f4b
recording_zscore,Recording-level z-score,recording_disjoint,Within-participant recording-disjoint,stroop,Stroop,11,1441,1,243,2,429,2,0.5,0.5,13.815510558151692,3b988fe725be1737d1f95d177b7d930d5666cfdc538d26262b14d14e02c24f4b
recording_zscore,Recording-level z-score,recording_disjoint,Within-participant recording-disjoint,stroop,Stroop,11,1441,2,429,2,243,2,0.5,0.5,6.353029092226122,3b988fe725be1737d1f95d177b7d930d5666cfdc538d26262b14d14e02c24f4b
recording_zscore,Recording-level z-score,recording_disjoint,Within-participant recording-disjoint,stroop,Stroop,11,1494,1,243,2,429,2,0.5,0.5,13.815510558151692,3b988fe725be1737d1f95d177b7d930d5666cfdc538d26262b14d14e02c24f4b
recording_zscore,Recording-level z-score,recording_disjoint,Within-participant recording-disjoint,stroop,Stroop,11,1494,2,429,2,243,2,0.5,0.5,6.353029092226122,3b988fe725be1737d1f95d177b7d930d5666cfdc538d26262b14d14e02c24f4b
recording_zscore,Recording-level z-score,recording_disjoint,Within-participant recording-disjoint,stroop,Stroop,11,1547,1,298,2,374,2,0.5,0.5,13.958346017747846,3b988fe725be1737d1f95d177b7d930d5666cfdc538d26262b14d14e02c24f4b
recording_zscore,Recording-level z-score,recording_disjoint,Within-participant recording-disjoint,stroop,Stroop,11,1547,2,374,2,298,2,0.5,0.5,5.14554967223907,3b988fe725be1737d1f95d177b7d930d5666cfdc538d26262b14d14e02c24f4b
recording_zscore,Recording-level z-score,recording_disjoint,Within-participant recording-disjoint,stroop,Stroop,12,1335,1,312,2,311,2,0.0,0.0,13.147256688761964,3b988fe725be1737d1f95d177b7d930d5666cfdc538d26262b14d14e02c24f4b
recording_zscore,Recording-level z-score,recording_disjoint,Within-participant recording-disjoint,stroop,Stroop,12,1335,2,311,2,312,2,0.5,0.5,4.052363607460826,3b988fe725be1737d1f95d177b7d930d5666cfdc538d26262b14d14e02c24f4b
recording_zscore,Recording-level z-score,recording_disjoint,Within-participant recording-disjoint,stroop,Stroop,12,1388,1,249,2,374,2,0.5,0.5,7.1092781967701715,3b988fe725be1737d1f95d177b7d930d5666cfdc538d26262b14d14e02c24f4b
recording_zscore,Recording-level z-score,recording_disjoint,Within-participant recording-disjoint,stroop,Stroop,12,1388,2,374,2,249,2,0.5,0.5,5.507490293984871,3b988fe725be1737d1f95d177b7d930d5666cfdc538d26262b14d14e02c24f4b
recording_zscore,Recording-level z-score,recording_disjoint,Within-participant recording-disjoint,stroop,Stroop,12,1441,1,249,2,374,2,0.5,0.5,7.1092781967701715,3b988fe725be1737d1f95d177b7d930d5666cfdc538d26262b14d14e02c24f4b
recording_zscore,Recording-level z-score,recording_disjoint,Within-participant recording-disjoint,stroop,Stroop,12,1441,2,374,2,249,2,0.5,0.5,5.507490293984871,3b988fe725be1737d1f95d177b7d930d5666cfdc538d26262b14d14e02c24f4b
recording_zscore,Recording-level z-score,recording_disjoint,Within-participant recording-disjoint,stroop,Stroop,12,1494,1,249,2,374,2,0.5,0.5,7.1092781967701715,3b988fe725be1737d1f95d177b7d930d5666cfdc538d26262b14d14e02c24f4b
recording_zscore,Recording-level z-score,recording_disjoint,Within-participant recording-disjoint,stroop,Stroop,12,1494,2,374,2,249,2,0.5,0.5,5.507490293984871,3b988fe725be1737d1f95d177b7d930d5666cfdc538d26262b14d14e02c24f4b
recording_zscore,Recording-level z-score,recording_disjoint,Within-participant recording-disjoint,stroop,Stroop,12,1547,1,312,2,311,2,0.0,0.0,13.147256688761964,3b988fe725be1737d1f95d177b7d930d5666cfdc538d26262b14d14e02c24f4b
recording_zscore,Recording-level z-score,recording_disjoint,Within-participant recording-disjoint,stroop,Stroop,12,1547,2,311,2,312,2,0.5,0.5,4.052363607460826,3b988fe725be1737d1f95d177b7d930d5666cfdc538d26262b14d14e02c24f4b
recording_zscore,Recording-level z-score,recording_disjoint,Within-participant recording-disjoint,stroop,Stroop,13,1335,1,271,2,302,2,0.0,0.0,14.869569268997735,3b988fe725be1737d1f95d177b7d930d5666cfdc538d26262b14d14e02c24f4b
recording_zscore,Recording-level z-score,recording_disjoint,Within-participant recording-disjoint,stroop,Stroop,13,1335,2,302,2,271,2,0.5,0.5,4.048032686157931,3b988fe725be1737d1f95d177b7d930d5666cfdc538d26262b14d14e02c24f4b
recording_zscore,Recording-level z-score,recording_disjoint,Within-participant recording-disjoint,stroop,Stroop,13,1388,1,213,2,360,2,0.5,0.5,14.034911450375352,3b988fe725be1737d1f95d177b7d930d5666cfdc538d26262b14d14e02c24f4b
recording_zscore,Recording-level z-score,recording_disjoint,Within-participant recording-disjoint,stroop,Stroop,13,1388,2,360,2,213,2,0.5,0.5,6.005559814194612,3b988fe725be1737d1f95d177b7d930d5666cfdc538d26262b14d14e02c24f4b
recording_zscore,Recording-level z-score,recording_disjoint,Within-participant recording-disjoint,stroop,Stroop,13,1441,1,213,2,360,2,0.5,0.5,14.034911450375352,3b988fe725be1737d1f95d177b7d930d5666cfdc538d26262b14d14e02c24f4b
recording_zscore,Recording-level z-score,recording_disjoint,Within-participant recording-disjoint,stroop,Stroop,13,1441,2,360,2,213,2,0.5,0.5,6.005559814194612,3b988fe725be1737d1f95d177b7d930d5666cfdc538d26262b14d14e02c24f4b
recording_zscore,Recording-level z-score,recording_disjoint,Within-participant recording-disjoint,stroop,Stroop,13,1494,1,213,2,360,2,0.5,0.5,14.034911450375352,3b988fe725be1737d1f95d177b7d930d5666cfdc538d26262b14d14e02c24f4b
recording_zscore,Recording-level z-score,recording_disjoint,Within-participant recording-disjoint,stroop,Stroop,13,1494,2,360,2,213,2,0.5,0.5,6.005559814194612,3b988fe725be1737d1f95d177b7d930d5666cfdc538d26262b14d14e02c24f4b
recording_zscore,Recording-level z-score,recording_disjoint,Within-participant recording-disjoint,stroop,Stroop,13,1547,1,271,2,302,2,0.0,0.0,14.869569268997735,3b988fe725be1737d1f95d177b7d930d5666cfdc538d26262b14d14e02c24f4b
recording_zscore,Recording-level z-score,recording_disjoint,Within-participant recording-disjoint,stroop,Stroop,13,1547,2,302,2,271,2,0.5,0.5,4.048032686157931,3b988fe725be1737d1f95d177b7d930d5666cfdc538d26262b14d14e02c24f4b
recording_zscore,Recording-level z-score,participant_disjoint_loso,Participant-disjoint LOSO,stroop,Stroop,1,,1,7710,48,653,4,0.5,0.5,0.683147275873593,3b988fe725be1737d1f95d177b7d930d5666cfdc538d26262b14d14e02c24f4b
recording_zscore,Recording-level z-score,participant_disjoint_loso,Participant-disjoint LOSO,stroop,Stroop,2,,2,7504,48,859,4,0.75,0.75,1.1493285685207046,3b988fe725be1737d1f95d177b7d930d5666cfdc538d26262b14d14e02c24f4b
recording_zscore,Recording-level z-score,participant_disjoint_loso,Participant-disjoint LOSO,stroop,Stroop,3,,3,7793,48,570,4,0.75,0.75,0.6355879449697639,3b988fe725be1737d1f95d177b7d930d5666cfdc538d26262b14d14e02c24f4b
recording_zscore,Recording-level z-score,participant_disjoint_loso,Participant-disjoint LOSO,stroop,Stroop,4,,4,7904,48,459,4,0.5,0.5,5.600011978534164,3b988fe725be1737d1f95d177b7d930d5666cfdc538d26262b14d14e02c24f4b
recording_zscore,Recording-level z-score,participant_disjoint_loso,Participant-disjoint LOSO,stroop,Stroop,5,,5,7703,48,660,4,0.5,0.5,2.5271301472474708,3b988fe725be1737d1f95d177b7d930d5666cfdc538d26262b14d14e02c24f4b
recording_zscore,Recording-level z-score,participant_disjoint_loso,Participant-disjoint LOSO,stroop,Stroop,6,,6,7822,48,541,4,0.0,0.0,17.593143477847935,3b988fe725be1737d1f95d177b7d930d5666cfdc538d26262b14d14e02c24f4b
recording_zscore,Recording-level z-score,participant_disjoint_loso,Participant-disjoint LOSO,stroop,Stroop,7,,7,7822,48,541,4,0.0,0.0,12.194790494524508,3b988fe725be1737d1f95d177b7d930d5666cfdc538d26262b14d14e02c24f4b
recording_zscore,Recording-level z-score,participant_disjoint_loso,Participant-disjoint LOSO,stroop,Stroop,8,,8,7617,48,746,4,0.5,0.5,1.0502274647029708,3b988fe725be1737d1f95d177b7d930d5666cfdc538d26262b14d14e02c24f4b
recording_zscore,Recording-level z-score,participant_disjoint_loso,Participant-disjoint LOSO,stroop,Stroop,9,,9,7490,48,873,4,0.5,0.5,2.4641291793330806,3b988fe725be1737d1f95d177b7d930d5666cfdc538d26262b14d14e02c24f4b
recording_zscore,Recording-level z-score,participant_disjoint_loso,Participant-disjoint LOSO,stroop,Stroop,10,,10,7770,48,593,4,0.5,0.5,2.9077177238044754,3b988fe725be1737d1f95d177b7d930d5666cfdc538d26262b14d14e02c24f4b
recording_zscore,Recording-level z-score,participant_disjoint_loso,Participant-disjoint LOSO,stroop,Stroop,11,,11,7691,48,672,4,0.75,0.75,0.4468437121912879,3b988fe725be1737d1f95d177b7d930d5666cfdc538d26262b14d14e02c24f4b
recording_zscore,Recording-level z-score,participant_disjoint_loso,Participant-disjoint LOSO,stroop,Stroop,12,,12,7740,48,623,4,0.5,0.5,1.1881266710734748,3b988fe725be1737d1f95d177b7d930d5666cfdc538d26262b14d14e02c24f4b
recording_zscore,Recording-level z-score,participant_disjoint_loso,Participant-disjoint LOSO,stroop,Stroop,13,,13,7790,48,573,4,0.75,0.75,2.775879902130805,3b988fe725be1737d1f95d177b7d930d5666cfdc538d26262b14d14e02c24f4b
recording_zscore,Recording-level z-score,cross_task,Within-participant cross-task transfer,arithmetic_to_stroop,Arithmetic to Stroop,1,,1,696,4,496,3,0.6666666666666666,0.75,2.5392257229016244,3b988fe725be1737d1f95d177b7d930d5666cfdc538d26262b14d14e02c24f4b
recording_zscore,Recording-level z-score,cross_task,Within-participant cross-task transfer,arithmetic_to_stroop,Arithmetic to Stroop,2,,2,988,4,409,3,0.6666666666666666,0.5,7.319039562809735,3b988fe725be1737d1f95d177b7d930d5666cfdc538d26262b14d14e02c24f4b
recording_zscore,Recording-level z-score,cross_task,Within-participant cross-task transfer,arithmetic_to_stroop,Arithmetic to Stroop,3,,3,569,4,389,3,0.3333333333333333,0.25,5.4099128212803045,3b988fe725be1737d1f95d177b7d930d5666cfdc538d26262b14d14e02c24f4b
recording_zscore,Recording-level z-score,cross_task,Within-participant cross-task transfer,arithmetic_to_stroop,Arithmetic to Stroop,4,,4,666,4,343,3,0.6666666666666666,0.5,1.0097169684243539,3b988fe725be1737d1f95d177b7d930d5666cfdc538d26262b14d14e02c24f4b
recording_zscore,Recording-level z-score,cross_task,Within-participant cross-task transfer,arithmetic_to_stroop,Arithmetic to Stroop,5,,5,827,4,416,3,0.6666666666666666,0.5,1.164729345464203,3b988fe725be1737d1f95d177b7d930d5666cfdc538d26262b14d14e02c24f4b
recording_zscore,Recording-level z-score,cross_task,Within-participant cross-task transfer,arithmetic_to_stroop,Arithmetic to Stroop,6,,6,590,4,391,3,0.3333333333333333,0.25,8.812103735569634,3b988fe725be1737d1f95d177b7d930d5666cfdc538d26262b14d14e02c24f4b
recording_zscore,Recording-level z-score,cross_task,Within-participant cross-task transfer,arithmetic_to_stroop,Arithmetic to Stroop,7,,7,353,4,372,3,0.6666666666666666,0.5,1.2629364932750295,3b988fe725be1737d1f95d177b7d930d5666cfdc538d26262b14d14e02c24f4b
recording_zscore,Recording-level z-score,cross_task,Within-participant cross-task transfer,arithmetic_to_stroop,Arithmetic to Stroop,8,,8,1038,4,556,3,0.3333333333333333,0.25,6.60315322997064,3b988fe725be1737d1f95d177b7d930d5666cfdc538d26262b14d14e02c24f4b
recording_zscore,Recording-level z-score,cross_task,Within-participant cross-task transfer,arithmetic_to_stroop,Arithmetic to Stroop,9,,9,1079,4,463,3,0.3333333333333333,0.25,2.4117906170287595,3b988fe725be1737d1f95d177b7d930d5666cfdc538d26262b14d14e02c24f4b
recording_zscore,Recording-level z-score,cross_task,Within-participant cross-task transfer,arithmetic_to_stroop,Arithmetic to Stroop,10,,10,538,4,408,3,0.6666666666666666,0.5,2.052979972360358,3b988fe725be1737d1f95d177b7d930d5666cfdc538d26262b14d14e02c24f4b
recording_zscore,Recording-level z-score,cross_task,Within-participant cross-task transfer,arithmetic_to_stroop,Arithmetic to Stroop,11,,11,772,4,428,3,0.6666666666666666,0.5,8.096094023929185,3b988fe725be1737d1f95d177b7d930d5666cfdc538d26262b14d14e02c24f4b
recording_zscore,Recording-level z-score,cross_task,Within-participant cross-task transfer,arithmetic_to_stroop,Arithmetic to Stroop,12,,12,655,4,438,3,0.6666666666666666,0.5,3.663695297314465,3b988fe725be1737d1f95d177b7d930d5666cfdc538d26262b14d14e02c24f4b
recording_zscore,Recording-level z-score,cross_task,Within-participant cross-task transfer,arithmetic_to_stroop,Arithmetic to Stroop,13,,13,670,4,393,3,0.6666666666666666,0.5,1.6036906774349193,3b988fe725be1737d1f95d177b7d930d5666cfdc538d26262b14d14e02c24f4b
recording_zscore,Recording-level z-score,cross_task,Within-participant cross-task transfer,stroop_to_arithmetic,Stroop to Arithmetic,1,,1,653,4,539,3,1.0,1.0,0.3160901730690317,3b988fe725be1737d1f95d177b7d930d5666cfdc538d26262b14d14e02c24f4b
recording_zscore,Recording-level z-score,cross_task,Within-participant cross-task transfer,stroop_to_arithmetic,Stroop to Arithmetic,2,,2,859,4,538,3,0.6666666666666666,0.5,7.255265530722707,3b988fe725be1737d1f95d177b7d930d5666cfdc538d26262b14d14e02c24f4b
recording_zscore,Recording-level z-score,cross_task,Within-participant cross-task transfer,stroop_to_arithmetic,Stroop to Arithmetic,3,,3,570,4,388,3,0.6666666666666666,0.75,5.463981099943536,3b988fe725be1737d1f95d177b7d930d5666cfdc538d26262b14d14e02c24f4b
recording_zscore,Recording-level z-score,cross_task,Within-participant cross-task transfer,stroop_to_arithmetic,Stroop to Arithmetic,4,,4,459,4,550,3,1.0,1.0,0.007158067789593576,3b988fe725be1737d1f95d177b7d930d5666cfdc538d26262b14d14e02c24f4b
recording_zscore,Recording-level z-score,cross_task,Within-participant cross-task transfer,stroop_to_arithmetic,Stroop to Arithmetic,5,,5,660,4,583,3,0.0,0.0,1.8812314323500081,3b988fe725be1737d1f95d177b7d930d5666cfdc538d26262b14d14e02c24f4b
recording_zscore,Recording-level z-score,cross_task,Within-participant cross-task transfer,stroop_to_arithmetic,Stroop to Arithmetic,6,,6,541,4,440,3,0.6666666666666666,0.75,2.335904653543326,3b988fe725be1737d1f95d177b7d930d5666cfdc538d26262b14d14e02c24f4b
recording_zscore,Recording-level z-score,cross_task,Within-participant cross-task transfer,stroop_to_arithmetic,Stroop to Arithmetic,7,,7,541,4,184,3,0.6666666666666666,0.75,3.4858869372579453,3b988fe725be1737d1f95d177b7d930d5666cfdc538d26262b14d14e02c24f4b
recording_zscore,Recording-level z-score,cross_task,Within-participant cross-task transfer,stroop_to_arithmetic,Stroop to Arithmetic,8,,8,746,4,848,3,0.6666666666666666,0.75,1.2697920978426633,3b988fe725be1737d1f95d177b7d930d5666cfdc538d26262b14d14e02c24f4b
recording_zscore,Recording-level z-score,cross_task,Within-participant cross-task transfer,stroop_to_arithmetic,Stroop to Arithmetic,9,,9,873,4,669,3,0.3333333333333333,0.5,12.069146351021109,3b988fe725be1737d1f95d177b7d930d5666cfdc538d26262b14d14e02c24f4b
recording_zscore,Recording-level z-score,cross_task,Within-participant cross-task transfer,stroop_to_arithmetic,Stroop to Arithmetic,10,,10,593,4,353,3,0.3333333333333333,0.5,1.91784472664326,3b988fe725be1737d1f95d177b7d930d5666cfdc538d26262b14d14e02c24f4b
recording_zscore,Recording-level z-score,cross_task,Within-participant cross-task transfer,stroop_to_arithmetic,Stroop to Arithmetic,11,,11,672,4,528,3,0.3333333333333333,0.5,1.471738239899432,3b988fe725be1737d1f95d177b7d930d5666cfdc538d26262b14d14e02c24f4b
recording_zscore,Recording-level z-score,cross_task,Within-participant cross-task transfer,stroop_to_arithmetic,Stroop to Arithmetic,12,,12,623,4,470,3,1.0,1.0,0.24869404338509724,3b988fe725be1737d1f95d177b7d930d5666cfdc538d26262b14d14e02c24f4b
recording_zscore,Recording-level z-score,cross_task,Within-participant cross-task transfer,stroop_to_arithmetic,Stroop to Arithmetic,13,,13,573,4,490,3,0.6666666666666666,0.5,1.4388433799912204,3b988fe725be1737d1f95d177b7d930d5666cfdc538d26262b14d14e02c24f4b
no_50hz_attenuation,No 50-Hz attenuation,recording_disjoint,Within-participant recording-disjoint,arithmetic,Arithmetic,1,1335,1,370,2,326,2,1.0,1.0,0.28468438510821736,3156925cc0a7f6a07a9df75e1362f28dfc1bb13620b012bf4cc804dc92a264f6
no_50hz_attenuation,No 50-Hz attenuation,recording_disjoint,Within-participant recording-disjoint,arithmetic,Arithmetic,1,1335,2,326,2,370,2,0.5,0.5,1.9941168195369094,3156925cc0a7f6a07a9df75e1362f28dfc1bb13620b012bf4cc804dc92a264f6
no_50hz_attenuation,No 50-Hz attenuation,recording_disjoint,Within-participant recording-disjoint,arithmetic,Arithmetic,1,1388,1,321,2,375,2,1.0,1.0,0.011340501951236651,3156925cc0a7f6a07a9df75e1362f28dfc1bb13620b012bf4cc804dc92a264f6
no_50hz_attenuation,No 50-Hz attenuation,recording_disjoint,Within-participant recording-disjoint,arithmetic,Arithmetic,1,1388,2,375,2,321,2,0.5,0.5,0.9982248311874428,3156925cc0a7f6a07a9df75e1362f28dfc1bb13620b012bf4cc804dc92a264f6
no_50hz_attenuation,No 50-Hz attenuation,recording_disjoint,Within-participant recording-disjoint,arithmetic,Arithmetic,1,1441,1,321,2,375,2,1.0,1.0,0.011340501951236651,3156925cc0a7f6a07a9df75e1362f28dfc1bb13620b012bf4cc804dc92a264f6
no_50hz_attenuation,No 50-Hz attenuation,recording_disjoint,Within-participant recording-disjoint,arithmetic,Arithmetic,1,1441,2,375,2,321,2,0.5,0.5,0.9982248311874428,3156925cc0a7f6a07a9df75e1362f28dfc1bb13620b012bf4cc804dc92a264f6
no_50hz_attenuation,No 50-Hz attenuation,recording_disjoint,Within-participant recording-disjoint,arithmetic,Arithmetic,1,1494,1,321,2,375,2,1.0,1.0,0.011340501951236651,3156925cc0a7f6a07a9df75e1362f28dfc1bb13620b012bf4cc804dc92a264f6
no_50hz_attenuation,No 50-Hz attenuation,recording_disjoint,Within-participant recording-disjoint,arithmetic,Arithmetic,1,1494,2,375,2,321,2,0.5,0.5,0.9982248311874428,3156925cc0a7f6a07a9df75e1362f28dfc1bb13620b012bf4cc804dc92a264f6
no_50hz_attenuation,No 50-Hz attenuation,recording_disjoint,Within-participant recording-disjoint,arithmetic,Arithmetic,1,1547,1,370,2,326,2,1.0,1.0,0.28468438510821736,3156925cc0a7f6a07a9df75e1362f28dfc1bb13620b012bf4cc804dc92a264f6
no_50hz_attenuation,No 50-Hz attenuation,recording_disjoint,Within-participant recording-disjoint,arithmetic,Arithmetic,1,1547,2,326,2,370,2,0.5,0.5,1.9941168195369094,3156925cc0a7f6a07a9df75e1362f28dfc1bb13620b012bf4cc804dc92a264f6
no_50hz_attenuation,No 50-Hz attenuation,recording_disjoint,Within-participant recording-disjoint,arithmetic,Arithmetic,2,1335,1,402,2,586,2,0.5,0.5,1.2963875611446152,3156925cc0a7f6a07a9df75e1362f28dfc1bb13620b012bf4cc804dc92a264f6
no_50hz_attenuation,No 50-Hz attenuation,recording_disjoint,Within-participant recording-disjoint,arithmetic,Arithmetic,2,1335,2,586,2,402,2,0.5,0.5,2.9901892040687255,3156925cc0a7f6a07a9df75e1362f28dfc1bb13620b012bf4cc804dc92a264f6
no_50hz_attenuation,No 50-Hz attenuation,recording_disjoint,Within-participant recording-disjoint,arithmetic,Arithmetic,2,1388,1,268,2,720,2,0.5,0.5,0.4380770964221388,3156925cc0a7f6a07a9df75e1362f28dfc1bb13620b012bf4cc804dc92a264f6
no_50hz_attenuation,No 50-Hz attenuation,recording_disjoint,Within-participant recording-disjoint,arithmetic,Arithmetic,2,1388,2,720,2,268,2,0.5,0.5,1.8123798903173636,3156925cc0a7f6a07a9df75e1362f28dfc1bb13620b012bf4cc804dc92a264f6
no_50hz_attenuation,No 50-Hz attenuation,recording_disjoint,Within-participant recording-disjoint,arithmetic,Arithmetic,2,1441,1,268,2,720,2,0.5,0.5,0.4380770964221388,3156925cc0a7f6a07a9df75e1362f28dfc1bb13620b012bf4cc804dc92a264f6
no_50hz_attenuation,No 50-Hz attenuation,recording_disjoint,Within-participant recording-disjoint,arithmetic,Arithmetic,2,1441,2,720,2,268,2,0.5,0.5,1.8123798903173636,3156925cc0a7f6a07a9df75e1362f28dfc1bb13620b012bf4cc804dc92a264f6
no_50hz_attenuation,No 50-Hz attenuation,recording_disjoint,Within-participant recording-disjoint,arithmetic,Arithmetic,2,1494,1,268,2,720,2,0.5,0.5,0.4380770964221388,3156925cc0a7f6a07a9df75e1362f28dfc1bb13620b012bf4cc804dc92a264f6
no_50hz_attenuation,No 50-Hz attenuation,recording_disjoint,Within-participant recording-disjoint,arithmetic,Arithmetic,2,1494,2,720,2,268,2,0.5,0.5,1.8123798903173636,3156925cc0a7f6a07a9df75e1362f28dfc1bb13620b012bf4cc804dc92a264f6
no_50hz_attenuation,No 50-Hz attenuation,recording_disjoint,Within-participant recording-disjoint,arithmetic,Arithmetic,2,1547,1,402,2,586,2,0.5,0.5,1.2963875611446152,3156925cc0a7f6a07a9df75e1362f28dfc1bb13620b012bf4cc804dc92a264f6
no_50hz_attenuation,No 50-Hz attenuation,recording_disjoint,Within-participant recording-disjoint,arithmetic,Arithmetic,2,1547,2,586,2,402,2,0.5,0.5,2.9901892040687255,3156925cc0a7f6a07a9df75e1362f28dfc1bb13620b012bf4cc804dc92a264f6
no_50hz_attenuation,No 50-Hz attenuation,recording_disjoint,Within-participant recording-disjoint,arithmetic,Arithmetic,3,1335,1,251,2,318,2,0.5,0.5,0.49284511526719793,3156925cc0a7f6a07a9df75e1362f28dfc1bb13620b012bf4cc804dc92a264f6
no_50hz_attenuation,No 50-Hz attenuation,recording_disjoint,Within-participant recording-disjoint,arithmetic,Arithmetic,3,1335,2,318,2,251,2,0.5,0.5,2.2917918043278784,3156925cc0a7f6a07a9df75e1362f28dfc1bb13620b012bf4cc804dc92a264f6
no_50hz_attenuation,No 50-Hz attenuation,recording_disjoint,Within-participant recording-disjoint,arithmetic,Arithmetic,3,1388,1,228,2,341,2,0.5,0.5,1.2595137832853947,3156925cc0a7f6a07a9df75e1362f28dfc1bb13620b012bf4cc804dc92a264f6
no_50hz_attenuation,No 50-Hz attenuation,recording_disjoint,Within-participant recording-disjoint,arithmetic,Arithmetic,3,1388,2,341,2,228,2,0.5,0.5,3.777401564438982,3156925cc0a7f6a07a9df75e1362f28dfc1bb13620b012bf4cc804dc92a264f6
no_50hz_attenuation,No 50-Hz attenuation,recording_disjoint,Within-participant recording-disjoint,arithmetic,Arithmetic,3,1441,1,228,2,341,2,0.5,0.5,1.2595137832853947,3156925cc0a7f6a07a9df75e1362f28dfc1bb13620b012bf4cc804dc92a264f6
no_50hz_attenuation,No 50-Hz attenuation,recording_disjoint,Within-participant recording-disjoint,arithmetic,Arithmetic,3,1441,2,341,2,228,2,0.5,0.5,3.777401564438982,3156925cc0a7f6a07a9df75e1362f28dfc1bb13620b012bf4cc804dc92a264f6
no_50hz_attenuation,No 50-Hz attenuation,recording_disjoint,Within-participant recording-disjoint,arithmetic,Arithmetic,3,1494,1,228,2,341,2,0.5,0.5,1.2595137832853947,3156925cc0a7f6a07a9df75e1362f28dfc1bb13620b012bf4cc804dc92a264f6
no_50hz_attenuation,No 50-Hz attenuation,recording_disjoint,Within-participant recording-disjoint,arithmetic,Arithmetic,3,1494,2,341,2,228,2,0.5,0.5,3.777401564438982,3156925cc0a7f6a07a9df75e1362f28dfc1bb13620b012bf4cc804dc92a264f6
no_50hz_attenuation,No 50-Hz attenuation,recording_disjoint,Within-participant recording-disjoint,arithmetic,Arithmetic,3,1547,1,251,2,318,2,0.5,0.5,0.49284511526719793,3156925cc0a7f6a07a9df75e1362f28dfc1bb13620b012bf4cc804dc92a264f6
no_50hz_attenuation,No 50-Hz attenuation,recording_disjoint,Within-participant recording-disjoint,arithmetic,Arithmetic,3,1547,2,318,2,251,2,0.5,0.5,2.2917918043278784,3156925cc0a7f6a07a9df75e1362f28dfc1bb13620b012bf4cc804dc92a264f6
no_50hz_attenuation,No 50-Hz attenuation,recording_disjoint,Within-participant recording-disjoint,arithmetic,Arithmetic,4,1335,1,340,2,326,2,0.5,0.5,2.2585592372983005,3156925cc0a7f6a07a9df75e1362f28dfc1bb13620b012bf4cc804dc92a264f6
no_50hz_attenuation,No 50-Hz attenuation,recording_disjoint,Within-participant recording-disjoint,arithmetic,Arithmetic,4,1335,2,326,2,340,2,0.5,0.5,3.5441444200665955,3156925cc0a7f6a07a9df75e1362f28dfc1bb13620b012bf4cc804dc92a264f6
no_50hz_attenuation,No 50-Hz attenuation,recording_disjoint,Within-participant recording-disjoint,arithmetic,Arithmetic,4,1388,1,329,2,337,2,0.5,0.5,2.2056930621615067,3156925cc0a7f6a07a9df75e1362f28dfc1bb13620b012bf4cc804dc92a264f6
no_50hz_attenuation,No 50-Hz attenuation,recording_disjoint,Within-participant recording-disjoint,arithmetic,Arithmetic,4,1388,2,337,2,329,2,0.5,0.5,1.6979671714151903,3156925cc0a7f6a07a9df75e1362f28dfc1bb13620b012bf4cc804dc92a264f6
no_50hz_attenuation,No 50-Hz attenuation,recording_disjoint,Within-participant recording-disjoint,arithmetic,Arithmetic,4,1441,1,329,2,337,2,0.5,0.5,2.2056930621615067,3156925cc0a7f6a07a9df75e1362f28dfc1bb13620b012bf4cc804dc92a264f6
no_50hz_attenuation,No 50-Hz attenuation,recording_disjoint,Within-participant recording-disjoint,arithmetic,Arithmetic,4,1441,2,337,2,329,2,0.5,0.5,1.6979671714151903,3156925cc0a7f6a07a9df75e1362f28dfc1bb13620b012bf4cc804dc92a264f6
no_50hz_attenuation,No 50-Hz attenuation,recording_disjoint,Within-participant recording-disjoint,arithmetic,Arithmetic,4,1494,1,329,2,337,2,0.5,0.5,2.2056930621615067,3156925cc0a7f6a07a9df75e1362f28dfc1bb13620b012bf4cc804dc92a264f6
no_50hz_attenuation,No 50-Hz attenuation,recording_disjoint,Within-participant recording-disjoint,arithmetic,Arithmetic,4,1494,2,337,2,329,2,0.5,0.5,1.6979671714151903,3156925cc0a7f6a07a9df75e1362f28dfc1bb13620b012bf4cc804dc92a264f6
no_50hz_attenuation,No 50-Hz attenuation,recording_disjoint,Within-participant recording-disjoint,arithmetic,Arithmetic,4,1547,1,340,2,326,2,0.5,0.5,2.2585592372983005,3156925cc0a7f6a07a9df75e1362f28dfc1bb13620b012bf4cc804dc92a264f6
no_50hz_attenuation,No 50-Hz attenuation,recording_disjoint,Within-participant recording-disjoint,arithmetic,Arithmetic,4,1547,2,326,2,340,2,0.5,0.5,3.5441444200665955,3156925cc0a7f6a07a9df75e1362f28dfc1bb13620b012bf4cc804dc92a264f6
no_50hz_attenuation,No 50-Hz attenuation,recording_disjoint,Within-participant recording-disjoint,arithmetic,Arithmetic,5,1335,1,385,2,442,2,1.0,1.0,0.019311862733268365,3156925cc0a7f6a07a9df75e1362f28dfc1bb13620b012bf4cc804dc92a264f6
no_50hz_attenuation,No 50-Hz attenuation,recording_disjoint,Within-participant recording-disjoint,arithmetic,Arithmetic,5,1335,2,442,2,385,2,0.5,0.5,3.1418493340690468,3156925cc0a7f6a07a9df75e1362f28dfc1bb13620b012bf4cc804dc92a264f6
no_50hz_attenuation,No 50-Hz attenuation,recording_disjoint,Within-participant recording-disjoint,arithmetic,Arithmetic,5,1388,1,351,2,476,2,0.5,0.5,1.5027370065813725,3156925cc0a7f6a07a9df75e1362f28dfc1bb13620b012bf4cc804dc92a264f6
no_50hz_attenuation,No 50-Hz attenuation,recording_disjoint,Within-participant recording-disjoint,arithmetic,Arithmetic,5,1388,2,476,2,351,2,0.5,0.5,2.7780975683566718,3156925cc0a7f6a07a9df75e1362f28dfc1bb13620b012bf4cc804dc92a264f6
no_50hz_attenuation,No 50-Hz attenuation,recording_disjoint,Within-participant recording-disjoint,arithmetic,Arithmetic,5,1441,1,351,2,476,2,0.5,0.5,1.5027370065813725,3156925cc0a7f6a07a9df75e1362f28dfc1bb13620b012bf4cc804dc92a264f6
no_50hz_attenuation,No 50-Hz attenuation,recording_disjoint,Within-participant recording-disjoint,arithmetic,Arithmetic,5,1441,2,476,2,351,2,0.5,0.5,2.7780975683566718,3156925cc0a7f6a07a9df75e1362f28dfc1bb13620b012bf4cc804dc92a264f6
no_50hz_attenuation,No 50-Hz attenuation,recording_disjoint,Within-participant recording-disjoint,arithmetic,Arithmetic,5,1494,1,351,2,476,2,0.5,0.5,1.5027370065813725,3156925cc0a7f6a07a9df75e1362f28dfc1bb13620b012bf4cc804dc92a264f6
no_50hz_attenuation,No 50-Hz attenuation,recording_disjoint,Within-participant recording-disjoint,arithmetic,Arithmetic,5,1494,2,476,2,351,2,0.5,0.5,2.7780975683566718,3156925cc0a7f6a07a9df75e1362f28dfc1bb13620b012bf4cc804dc92a264f6
no_50hz_attenuation,No 50-Hz attenuation,recording_disjoint,Within-participant recording-disjoint,arithmetic,Arithmetic,5,1547,1,385,2,442,2,1.0,1.0,0.019311862733268365,3156925cc0a7f6a07a9df75e1362f28dfc1bb13620b012bf4cc804dc92a264f6
no_50hz_attenuation,No 50-Hz attenuation,recording_disjoint,Within-participant recording-disjoint,arithmetic,Arithmetic,5,1547,2,442,2,385,2,0.5,0.5,3.1418493340690468,3156925cc0a7f6a07a9df75e1362f28dfc1bb13620b012bf4cc804dc92a264f6
no_50hz_attenuation,No 50-Hz attenuation,recording_disjoint,Within-participant recording-disjoint,arithmetic,Arithmetic,6,1335,1,310,2,280,2,0.5,0.5,1.2315767474506911,3156925cc0a7f6a07a9df75e1362f28dfc1bb13620b012bf4cc804dc92a264f6
no_50hz_attenuation,No 50-Hz attenuation,recording_disjoint,Within-participant recording-disjoint,arithmetic,Arithmetic,6,1335,2,280,2,310,2,0.5,0.5,4.102767710413876,3156925cc0a7f6a07a9df75e1362f28dfc1bb13620b012bf4cc804dc92a264f6
no_50hz_attenuation,No 50-Hz attenuation,recording_disjoint,Within-participant recording-disjoint,arithmetic,Arithmetic,6,1388,1,249,2,341,2,0.5,0.5,4.544799316156722,3156925cc0a7f6a07a9df75e1362f28dfc1bb13620b012bf4cc804dc92a264f6
no_50hz_attenuation,No 50-Hz attenuation,recording_disjoint,Within-participant recording-disjoint,arithmetic,Arithmetic,6,1388,2,341,2,249,2,0.5,0.5,4.918800477492563,3156925cc0a7f6a07a9df75e1362f28dfc1bb13620b012bf4cc804dc92a264f6
no_50hz_attenuation,No 50-Hz attenuation,recording_disjoint,Within-participant recording-disjoint,arithmetic,Arithmetic,6,1441,1,249,2,341,2,0.5,0.5,4.544799316156722,3156925cc0a7f6a07a9df75e1362f28dfc1bb13620b012bf4cc804dc92a264f6
no_50hz_attenuation,No 50-Hz attenuation,recording_disjoint,Within-participant recording-disjoint,arithmetic,Arithmetic,6,1441,2,341,2,249,2,0.5,0.5,4.918800477492563,3156925cc0a7f6a07a9df75e1362f28dfc1bb13620b012bf4cc804dc92a264f6
no_50hz_attenuation,No 50-Hz attenuation,recording_disjoint,Within-participant recording-disjoint,arithmetic,Arithmetic,6,1494,1,249,2,341,2,0.5,0.5,4.544799316156722,3156925cc0a7f6a07a9df75e1362f28dfc1bb13620b012bf4cc804dc92a264f6
no_50hz_attenuation,No 50-Hz attenuation,recording_disjoint,Within-participant recording-disjoint,arithmetic,Arithmetic,6,1494,2,341,2,249,2,0.5,0.5,4.918800477492563,3156925cc0a7f6a07a9df75e1362f28dfc1bb13620b012bf4cc804dc92a264f6
no_50hz_attenuation,No 50-Hz attenuation,recording_disjoint,Within-participant recording-disjoint,arithmetic,Arithmetic,6,1547,1,310,2,280,2,0.5,0.5,1.2315767474506911,3156925cc0a7f6a07a9df75e1362f28dfc1bb13620b012bf4cc804dc92a264f6
no_50hz_attenuation,No 50-Hz attenuation,recording_disjoint,Within-participant recording-disjoint,arithmetic,Arithmetic,6,1547,2,280,2,310,2,0.5,0.5,4.102767710413876,3156925cc0a7f6a07a9df75e1362f28dfc1bb13620b012bf4cc804dc92a264f6
no_50hz_attenuation,No 50-Hz attenuation,recording_disjoint,Within-participant recording-disjoint,arithmetic,Arithmetic,7,1335,1,138,2,215,2,1.0,1.0,0.09663496479632369,3156925cc0a7f6a07a9df75e1362f28dfc1bb13620b012bf4cc804dc92a264f6
no_50hz_attenuation,No 50-Hz attenuation,recording_disjoint,Within-participant recording-disjoint,arithmetic,Arithmetic,7,1335,2,215,2,138,2,0.5,0.5,3.2502906133086853,3156925cc0a7f6a07a9df75e1362f28dfc1bb13620b012bf4cc804dc92a264f6
no_50hz_attenuation,No 50-Hz attenuation,recording_disjoint,Within-participant recording-disjoint,arithmetic,Arithmetic,7,1388,1,82,2,271,2,0.5,0.5,4.247630729400401,3156925cc0a7f6a07a9df75e1362f28dfc1bb13620b012bf4cc804dc92a264f6
no_50hz_attenuation,No 50-Hz attenuation,recording_disjoint,Within-participant recording-disjoint,arithmetic,Arithmetic,7,1388,2,271,2,82,2,0.5,0.5,2.707038482562613,3156925cc0a7f6a07a9df75e1362f28dfc1bb13620b012bf4cc804dc92a264f6
no_50hz_attenuation,No 50-Hz attenuation,recording_disjoint,Within-participant recording-disjoint,arithmetic,Arithmetic,7,1441,1,82,2,271,2,0.5,0.5,4.247630729400401,3156925cc0a7f6a07a9df75e1362f28dfc1bb13620b012bf4cc804dc92a264f6
no_50hz_attenuation,No 50-Hz attenuation,recording_disjoint,Within-participant recording-disjoint,arithmetic,Arithmetic,7,1441,2,271,2,82,2,0.5,0.5,2.707038482562613,3156925cc0a7f6a07a9df75e1362f28dfc1bb13620b012bf4cc804dc92a264f6
no_50hz_attenuation,No 50-Hz attenuation,recording_disjoint,Within-participant recording-disjoint,arithmetic,Arithmetic,7,1494,1,82,2,271,2,0.5,0.5,4.247630729400401,3156925cc0a7f6a07a9df75e1362f28dfc1bb13620b012bf4cc804dc92a264f6
no_50hz_attenuation,No 50-Hz attenuation,recording_disjoint,Within-participant recording-disjoint,arithmetic,Arithmetic,7,1494,2,271,2,82,2,0.5,0.5,2.707038482562613,3156925cc0a7f6a07a9df75e1362f28dfc1bb13620b012bf4cc804dc92a264f6
no_50hz_attenuation,No 50-Hz attenuation,recording_disjoint,Within-participant recording-disjoint,arithmetic,Arithmetic,7,1547,1,138,2,215,2,1.0,1.0,0.09663496479632369,3156925cc0a7f6a07a9df75e1362f28dfc1bb13620b012bf4cc804dc92a264f6
no_50hz_attenuation,No 50-Hz attenuation,recording_disjoint,Within-participant recording-disjoint,arithmetic,Arithmetic,7,1547,2,215,2,138,2,0.5,0.5,3.2502906133086853,3156925cc0a7f6a07a9df75e1362f28dfc1bb13620b012bf4cc804dc92a264f6
no_50hz_attenuation,No 50-Hz attenuation,recording_disjoint,Within-participant recording-disjoint,arithmetic,Arithmetic,8,1335,1,589,2,449,2,0.5,0.5,0.6465024214892909,3156925cc0a7f6a07a9df75e1362f28dfc1bb13620b012bf4cc804dc92a264f6
no_50hz_attenuation,No 50-Hz attenuation,recording_disjoint,Within-participant recording-disjoint,arithmetic,Arithmetic,8,1335,2,449,2,589,2,0.5,0.5,2.4581934659528546,3156925cc0a7f6a07a9df75e1362f28dfc1bb13620b012bf4cc804dc92a264f6
no_50hz_attenuation,No 50-Hz attenuation,recording_disjoint,Within-participant recording-disjoint,arithmetic,Arithmetic,8,1388,1,537,2,501,2,0.0,0.0,0.8743424054590991,3156925cc0a7f6a07a9df75e1362f28dfc1bb13620b012bf4cc804dc92a264f6
no_50hz_attenuation,No 50-Hz attenuation,recording_disjoint,Within-participant recording-disjoint,arithmetic,Arithmetic,8,1388,2,501,2,537,2,0.5,0.5,2.769486895262293,3156925cc0a7f6a07a9df75e1362f28dfc1bb13620b012bf4cc804dc92a264f6
no_50hz_attenuation,No 50-Hz attenuation,recording_disjoint,Within-participant recording-disjoint,arithmetic,Arithmetic,8,1441,1,537,2,501,2,0.0,0.0,0.8743424054590991,3156925cc0a7f6a07a9df75e1362f28dfc1bb13620b012bf4cc804dc92a264f6
no_50hz_attenuation,No 50-Hz attenuation,recording_disjoint,Within-participant recording-disjoint,arithmetic,Arithmetic,8,1441,2,501,2,537,2,0.5,0.5,2.769486895262293,3156925cc0a7f6a07a9df75e1362f28dfc1bb13620b012bf4cc804dc92a264f6
no_50hz_attenuation,No 50-Hz attenuation,recording_disjoint,Within-participant recording-disjoint,arithmetic,Arithmetic,8,1494,1,537,2,501,2,0.0,0.0,0.8743424054590991,3156925cc0a7f6a07a9df75e1362f28dfc1bb13620b012bf4cc804dc92a264f6
no_50hz_attenuation,No 50-Hz attenuation,recording_disjoint,Within-participant recording-disjoint,arithmetic,Arithmetic,8,1494,2,501,2,537,2,0.5,0.5,2.769486895262293,3156925cc0a7f6a07a9df75e1362f28dfc1bb13620b012bf4cc804dc92a264f6
no_50hz_attenuation,No 50-Hz attenuation,recording_disjoint,Within-participant recording-disjoint,arithmetic,Arithmetic,8,1547,1,589,2,449,2,0.5,0.5,0.6465024214892909,3156925cc0a7f6a07a9df75e1362f28dfc1bb13620b012bf4cc804dc92a264f6
no_50hz_attenuation,No 50-Hz attenuation,recording_disjoint,Within-participant recording-disjoint,arithmetic,Arithmetic,8,1547,2,449,2,589,2,0.5,0.5,2.4581934659528546,3156925cc0a7f6a07a9df75e1362f28dfc1bb13620b012bf4cc804dc92a264f6
no_50hz_attenuation,No 50-Hz attenuation,recording_disjoint,Within-participant recording-disjoint,arithmetic,Arithmetic,9,1335,1,547,2,532,2,1.0,1.0,0.24509835097232327,3156925cc0a7f6a07a9df75e1362f28dfc1bb13620b012bf4cc804dc92a264f6
no_50hz_attenuation,No 50-Hz attenuation,recording_disjoint,Within-participant recording-disjoint,arithmetic,Arithmetic,9,1335,2,532,2,547,2,0.5,0.5,3.188542784365749,3156925cc0a7f6a07a9df75e1362f28dfc1bb13620b012bf4cc804dc92a264f6
no_50hz_attenuation,No 50-Hz attenuation,recording_disjoint,Within-participant recording-disjoint,arithmetic,Arithmetic,9,1388,1,243,2,836,2,0.5,0.5,0.8507288227672112,3156925cc0a7f6a07a9df75e1362f28dfc1bb13620b012bf4cc804dc92a264f6
no_50hz_attenuation,No 50-Hz attenuation,recording_disjoint,Within-participant recording-disjoint,arithmetic,Arithmetic,9,1388,2,836,2,243,2,0.5,0.5,3.4954621968393784,3156925cc0a7f6a07a9df75e1362f28dfc1bb13620b012bf4cc804dc92a264f6
no_50hz_attenuation,No 50-Hz attenuation,recording_disjoint,Within-participant recording-disjoint,arithmetic,Arithmetic,9,1441,1,243,2,836,2,0.5,0.5,0.8507288227672112,3156925cc0a7f6a07a9df75e1362f28dfc1bb13620b012bf4cc804dc92a264f6
no_50hz_attenuation,No 50-Hz attenuation,recording_disjoint,Within-participant recording-disjoint,arithmetic,Arithmetic,9,1441,2,836,2,243,2,0.5,0.5,3.4954621968393784,3156925cc0a7f6a07a9df75e1362f28dfc1bb13620b012bf4cc804dc92a264f6
no_50hz_attenuation,No 50-Hz attenuation,recording_disjoint,Within-participant recording-disjoint,arithmetic,Arithmetic,9,1494,1,243,2,836,2,0.5,0.5,0.8507288227672112,3156925cc0a7f6a07a9df75e1362f28dfc1bb13620b012bf4cc804dc92a264f6
no_50hz_attenuation,No 50-Hz attenuation,recording_disjoint,Within-participant recording-disjoint,arithmetic,Arithmetic,9,1494,2,836,2,243,2,0.5,0.5,3.4954621968393784,3156925cc0a7f6a07a9df75e1362f28dfc1bb13620b012bf4cc804dc92a264f6
no_50hz_attenuation,No 50-Hz attenuation,recording_disjoint,Within-participant recording-disjoint,arithmetic,Arithmetic,9,1547,1,547,2,532,2,1.0,1.0,0.24509835097232327,3156925cc0a7f6a07a9df75e1362f28dfc1bb13620b012bf4cc804dc92a264f6
no_50hz_attenuation,No 50-Hz attenuation,recording_disjoint,Within-participant recording-disjoint,arithmetic,Arithmetic,9,1547,2,532,2,547,2,0.5,0.5,3.188542784365749,3156925cc0a7f6a07a9df75e1362f28dfc1bb13620b012bf4cc804dc92a264f6
no_50hz_attenuation,No 50-Hz attenuation,recording_disjoint,Within-participant recording-disjoint,arithmetic,Arithmetic,10,1335,1,241,2,297,2,0.0,0.0,5.338967504161172,3156925cc0a7f6a07a9df75e1362f28dfc1bb13620b012bf4cc804dc92a264f6
no_50hz_attenuation,No 50-Hz attenuation,recording_disjoint,Within-participant recording-disjoint,arithmetic,Arithmetic,10,1335,2,297,2,241,2,0.5,0.5,1.9747432380382934,3156925cc0a7f6a07a9df75e1362f28dfc1bb13620b012bf4cc804dc92a264f6
no_50hz_attenuation,No 50-Hz attenuation,recording_disjoint,Within-participant recording-disjoint,arithmetic,Arithmetic,10,1388,1,208,2,330,2,1.0,1.0,0.10130007121435912,3156925cc0a7f6a07a9df75e1362f28dfc1bb13620b012bf4cc804dc92a264f6
no_50hz_attenuation,No 50-Hz attenuation,recording_disjoint,Within-participant recording-disjoint,arithmetic,Arithmetic,10,1388,2,330,2,208,2,0.5,0.5,2.09587291818539,3156925cc0a7f6a07a9df75e1362f28dfc1bb13620b012bf4cc804dc92a264f6
no_50hz_attenuation,No 50-Hz attenuation,recording_disjoint,Within-participant recording-disjoint,arithmetic,Arithmetic,10,1441,1,208,2,330,2,1.0,1.0,0.10130007121435912,3156925cc0a7f6a07a9df75e1362f28dfc1bb13620b012bf4cc804dc92a264f6
no_50hz_attenuation,No 50-Hz attenuation,recording_disjoint,Within-participant recording-disjoint,arithmetic,Arithmetic,10,1441,2,330,2,208,2,0.5,0.5,2.09587291818539,3156925cc0a7f6a07a9df75e1362f28dfc1bb13620b012bf4cc804dc92a264f6
no_50hz_attenuation,No 50-Hz attenuation,recording_disjoint,Within-participant recording-disjoint,arithmetic,Arithmetic,10,1494,1,208,2,330,2,1.0,1.0,0.10130007121435912,3156925cc0a7f6a07a9df75e1362f28dfc1bb13620b012bf4cc804dc92a264f6
no_50hz_attenuation,No 50-Hz attenuation,recording_disjoint,Within-participant recording-disjoint,arithmetic,Arithmetic,10,1494,2,330,2,208,2,0.5,0.5,2.09587291818539,3156925cc0a7f6a07a9df75e1362f28dfc1bb13620b012bf4cc804dc92a264f6
no_50hz_attenuation,No 50-Hz attenuation,recording_disjoint,Within-participant recording-disjoint,arithmetic,Arithmetic,10,1547,1,241,2,297,2,0.0,0.0,5.338967504161172,3156925cc0a7f6a07a9df75e1362f28dfc1bb13620b012bf4cc804dc92a264f6
no_50hz_attenuation,No 50-Hz attenuation,recording_disjoint,Within-participant recording-disjoint,arithmetic,Arithmetic,10,1547,2,297,2,241,2,0.5,0.5,1.9747432380382934,3156925cc0a7f6a07a9df75e1362f28dfc1bb13620b012bf4cc804dc92a264f6
no_50hz_attenuation,No 50-Hz attenuation,recording_disjoint,Within-participant recording-disjoint,arithmetic,Arithmetic,11,1335,1,366,2,406,2,0.5,0.5,5.344243146725883,3156925cc0a7f6a07a9df75e1362f28dfc1bb13620b012bf4cc804dc92a264f6
no_50hz_attenuation,No 50-Hz attenuation,recording_disjoint,Within-participant recording-disjoint,arithmetic,Arithmetic,11,1335,2,406,2,366,2,0.5,0.5,3.0373877850857416,3156925cc0a7f6a07a9df75e1362f28dfc1bb13620b012bf4cc804dc92a264f6
no_50hz_attenuation,No 50-Hz attenuation,recording_disjoint,Within-participant recording-disjoint,arithmetic,Arithmetic,11,1388,1,317,2,455,2,0.5,0.5,5.3140048322245725,3156925cc0a7f6a07a9df75e1362f28dfc1bb13620b012bf4cc804dc92a264f6
no_50hz_attenuation,No 50-Hz attenuation,recording_disjoint,Within-participant recording-disjoint,arithmetic,Arithmetic,11,1388,2,455,2,317,2,0.5,0.5,2.900936533222414,3156925cc0a7f6a07a9df75e1362f28dfc1bb13620b012bf4cc804dc92a264f6
no_50hz_attenuation,No 50-Hz attenuation,recording_disjoint,Within-participant recording-disjoint,arithmetic,Arithmetic,11,1441,1,317,2,455,2,0.5,0.5,5.3140048322245725,3156925cc0a7f6a07a9df75e1362f28dfc1bb13620b012bf4cc804dc92a264f6
no_50hz_attenuation,No 50-Hz attenuation,recording_disjoint,Within-participant recording-disjoint,arithmetic,Arithmetic,11,1441,2,455,2,317,2,0.5,0.5,2.900936533222414,3156925cc0a7f6a07a9df75e1362f28dfc1bb13620b012bf4cc804dc92a264f6
no_50hz_attenuation,No 50-Hz attenuation,recording_disjoint,Within-participant recording-disjoint,arithmetic,Arithmetic,11,1494,1,317,2,455,2,0.5,0.5,5.3140048322245725,3156925cc0a7f6a07a9df75e1362f28dfc1bb13620b012bf4cc804dc92a264f6
no_50hz_attenuation,No 50-Hz attenuation,recording_disjoint,Within-participant recording-disjoint,arithmetic,Arithmetic,11,1494,2,455,2,317,2,0.5,0.5,2.900936533222414,3156925cc0a7f6a07a9df75e1362f28dfc1bb13620b012bf4cc804dc92a264f6
no_50hz_attenuation,No 50-Hz attenuation,recording_disjoint,Within-participant recording-disjoint,arithmetic,Arithmetic,11,1547,1,366,2,406,2,0.5,0.5,5.344243146725883,3156925cc0a7f6a07a9df75e1362f28dfc1bb13620b012bf4cc804dc92a264f6
no_50hz_attenuation,No 50-Hz attenuation,recording_disjoint,Within-participant recording-disjoint,arithmetic,Arithmetic,11,1547,2,406,2,366,2,0.5,0.5,3.0373877850857416,3156925cc0a7f6a07a9df75e1362f28dfc1bb13620b012bf4cc804dc92a264f6
no_50hz_attenuation,No 50-Hz attenuation,recording_disjoint,Within-participant recording-disjoint,arithmetic,Arithmetic,12,1335,1,335,2,320,2,0.5,0.5,1.1267690723018369,3156925cc0a7f6a07a9df75e1362f28dfc1bb13620b012bf4cc804dc92a264f6
no_50hz_attenuation,No 50-Hz attenuation,recording_disjoint,Within-participant recording-disjoint,arithmetic,Arithmetic,12,1335,2,320,2,335,2,0.5,0.5,3.4894370564931942,3156925cc0a7f6a07a9df75e1362f28dfc1bb13620b012bf4cc804dc92a264f6
no_50hz_attenuation,No 50-Hz attenuation,recording_disjoint,Within-participant recording-disjoint,arithmetic,Arithmetic,12,1388,1,251,2,404,2,0.5,0.5,3.452361019446391,3156925cc0a7f6a07a9df75e1362f28dfc1bb13620b012bf4cc804dc92a264f6
no_50hz_attenuation,No 50-Hz attenuation,recording_disjoint,Within-participant recording-disjoint,arithmetic,Arithmetic,12,1388,2,404,2,251,2,0.5,0.5,1.0367809254846323,3156925cc0a7f6a07a9df75e1362f28dfc1bb13620b012bf4cc804dc92a264f6
no_50hz_attenuation,No 50-Hz attenuation,recording_disjoint,Within-participant recording-disjoint,arithmetic,Arithmetic,12,1441,1,251,2,404,2,0.5,0.5,3.452361019446391,3156925cc0a7f6a07a9df75e1362f28dfc1bb13620b012bf4cc804dc92a264f6
no_50hz_attenuation,No 50-Hz attenuation,recording_disjoint,Within-participant recording-disjoint,arithmetic,Arithmetic,12,1441,2,404,2,251,2,0.5,0.5,1.0367809254846323,3156925cc0a7f6a07a9df75e1362f28dfc1bb13620b012bf4cc804dc92a264f6
no_50hz_attenuation,No 50-Hz attenuation,recording_disjoint,Within-participant recording-disjoint,arithmetic,Arithmetic,12,1494,1,251,2,404,2,0.5,0.5,3.452361019446391,3156925cc0a7f6a07a9df75e1362f28dfc1bb13620b012bf4cc804dc92a264f6
no_50hz_attenuation,No 50-Hz attenuation,recording_disjoint,Within-participant recording-disjoint,arithmetic,Arithmetic,12,1494,2,404,2,251,2,0.5,0.5,1.0367809254846323,3156925cc0a7f6a07a9df75e1362f28dfc1bb13620b012bf4cc804dc92a264f6
no_50hz_attenuation,No 50-Hz attenuation,recording_disjoint,Within-participant recording-disjoint,arithmetic,Arithmetic,12,1547,1,335,2,320,2,0.5,0.5,1.1267690723018369,3156925cc0a7f6a07a9df75e1362f28dfc1bb13620b012bf4cc804dc92a264f6
no_50hz_attenuation,No 50-Hz attenuation,recording_disjoint,Within-participant recording-disjoint,arithmetic,Arithmetic,12,1547,2,320,2,335,2,0.5,0.5,3.4894370564931942,3156925cc0a7f6a07a9df75e1362f28dfc1bb13620b012bf4cc804dc92a264f6
no_50hz_attenuation,No 50-Hz attenuation,recording_disjoint,Within-participant recording-disjoint,arithmetic,Arithmetic,13,1335,1,345,2,325,2,0.5,0.5,0.6076272216750542,3156925cc0a7f6a07a9df75e1362f28dfc1bb13620b012bf4cc804dc92a264f6
no_50hz_attenuation,No 50-Hz attenuation,recording_disjoint,Within-participant recording-disjoint,arithmetic,Arithmetic,13,1335,2,325,2,345,2,0.5,0.5,3.2028405734729217,3156925cc0a7f6a07a9df75e1362f28dfc1bb13620b012bf4cc804dc92a264f6
no_50hz_attenuation,No 50-Hz attenuation,recording_disjoint,Within-participant recording-disjoint,arithmetic,Arithmetic,13,1388,1,287,2,383,2,0.5,0.5,2.900151457817724,3156925cc0a7f6a07a9df75e1362f28dfc1bb13620b012bf4cc804dc92a264f6
no_50hz_attenuation,No 50-Hz attenuation,recording_disjoint,Within-participant recording-disjoint,arithmetic,Arithmetic,13,1388,2,383,2,287,2,0.5,0.5,3.039011164083839,3156925cc0a7f6a07a9df75e1362f28dfc1bb13620b012bf4cc804dc92a264f6
no_50hz_attenuation,No 50-Hz attenuation,recording_disjoint,Within-participant recording-disjoint,arithmetic,Arithmetic,13,1441,1,287,2,383,2,0.5,0.5,2.900151457817724,3156925cc0a7f6a07a9df75e1362f28dfc1bb13620b012bf4cc804dc92a264f6
no_50hz_attenuation,No 50-Hz attenuation,recording_disjoint,Within-participant recording-disjoint,arithmetic,Arithmetic,13,1441,2,383,2,287,2,0.5,0.5,3.039011164083839,3156925cc0a7f6a07a9df75e1362f28dfc1bb13620b012bf4cc804dc92a264f6
no_50hz_attenuation,No 50-Hz attenuation,recording_disjoint,Within-participant recording-disjoint,arithmetic,Arithmetic,13,1494,1,287,2,383,2,0.5,0.5,2.900151457817724,3156925cc0a7f6a07a9df75e1362f28dfc1bb13620b012bf4cc804dc92a264f6
no_50hz_attenuation,No 50-Hz attenuation,recording_disjoint,Within-participant recording-disjoint,arithmetic,Arithmetic,13,1494,2,383,2,287,2,0.5,0.5,3.039011164083839,3156925cc0a7f6a07a9df75e1362f28dfc1bb13620b012bf4cc804dc92a264f6
no_50hz_attenuation,No 50-Hz attenuation,recording_disjoint,Within-participant recording-disjoint,arithmetic,Arithmetic,13,1547,1,345,2,325,2,0.5,0.5,0.6076272216750542,3156925cc0a7f6a07a9df75e1362f28dfc1bb13620b012bf4cc804dc92a264f6
no_50hz_attenuation,No 50-Hz attenuation,recording_disjoint,Within-participant recording-disjoint,arithmetic,Arithmetic,13,1547,2,325,2,345,2,0.5,0.5,3.2028405734729217,3156925cc0a7f6a07a9df75e1362f28dfc1bb13620b012bf4cc804dc92a264f6
no_50hz_attenuation,No 50-Hz attenuation,recording_disjoint,Within-participant recording-disjoint,arithmetic,Arithmetic,14,1335,1,284,2,310,2,0.0,0.0,15.474651576455072,3156925cc0a7f6a07a9df75e1362f28dfc1bb13620b012bf4cc804dc92a264f6
no_50hz_attenuation,No 50-Hz attenuation,recording_disjoint,Within-participant recording-disjoint,arithmetic,Arithmetic,14,1335,2,310,2,284,2,0.5,0.5,5.093090327667307,3156925cc0a7f6a07a9df75e1362f28dfc1bb13620b012bf4cc804dc92a264f6
no_50hz_attenuation,No 50-Hz attenuation,recording_disjoint,Within-participant recording-disjoint,arithmetic,Arithmetic,14,1388,1,269,2,325,2,1.0,1.0,8.359479775755293e-11,3156925cc0a7f6a07a9df75e1362f28dfc1bb13620b012bf4cc804dc92a264f6
no_50hz_attenuation,No 50-Hz attenuation,recording_disjoint,Within-participant recording-disjoint,arithmetic,Arithmetic,14,1388,2,325,2,269,2,0.5,0.5,6.269271524890932,3156925cc0a7f6a07a9df75e1362f28dfc1bb13620b012bf4cc804dc92a264f6
no_50hz_attenuation,No 50-Hz attenuation,recording_disjoint,Within-participant recording-disjoint,arithmetic,Arithmetic,14,1441,1,269,2,325,2,1.0,1.0,8.359479775755293e-11,3156925cc0a7f6a07a9df75e1362f28dfc1bb13620b012bf4cc804dc92a264f6
no_50hz_attenuation,No 50-Hz attenuation,recording_disjoint,Within-participant recording-disjoint,arithmetic,Arithmetic,14,1441,2,325,2,269,2,0.5,0.5,6.269271524890932,3156925cc0a7f6a07a9df75e1362f28dfc1bb13620b012bf4cc804dc92a264f6
no_50hz_attenuation,No 50-Hz attenuation,recording_disjoint,Within-participant recording-disjoint,arithmetic,Arithmetic,14,1494,1,269,2,325,2,1.0,1.0,8.359479775755293e-11,3156925cc0a7f6a07a9df75e1362f28dfc1bb13620b012bf4cc804dc92a264f6
no_50hz_attenuation,No 50-Hz attenuation,recording_disjoint,Within-participant recording-disjoint,arithmetic,Arithmetic,14,1494,2,325,2,269,2,0.5,0.5,6.269271524890932,3156925cc0a7f6a07a9df75e1362f28dfc1bb13620b012bf4cc804dc92a264f6
no_50hz_attenuation,No 50-Hz attenuation,recording_disjoint,Within-participant recording-disjoint,arithmetic,Arithmetic,14,1547,1,284,2,310,2,0.0,0.0,15.474651576455072,3156925cc0a7f6a07a9df75e1362f28dfc1bb13620b012bf4cc804dc92a264f6
no_50hz_attenuation,No 50-Hz attenuation,recording_disjoint,Within-participant recording-disjoint,arithmetic,Arithmetic,14,1547,2,310,2,284,2,0.5,0.5,5.093090327667307,3156925cc0a7f6a07a9df75e1362f28dfc1bb13620b012bf4cc804dc92a264f6
no_50hz_attenuation,No 50-Hz attenuation,recording_disjoint,Within-participant recording-disjoint,arithmetic,Arithmetic,15,1335,1,432,2,295,2,1.0,1.0,0.17832163872238085,3156925cc0a7f6a07a9df75e1362f28dfc1bb13620b012bf4cc804dc92a264f6
no_50hz_attenuation,No 50-Hz attenuation,recording_disjoint,Within-participant recording-disjoint,arithmetic,Arithmetic,15,1335,2,295,2,432,2,0.5,0.5,4.093257076364196,3156925cc0a7f6a07a9df75e1362f28dfc1bb13620b012bf4cc804dc92a264f6
no_50hz_attenuation,No 50-Hz attenuation,recording_disjoint,Within-participant recording-disjoint,arithmetic,Arithmetic,15,1388,1,314,2,413,2,1.0,1.0,0.00012766330490370547,3156925cc0a7f6a07a9df75e1362f28dfc1bb13620b012bf4cc804dc92a264f6
no_50hz_attenuation,No 50-Hz attenuation,recording_disjoint,Within-participant recording-disjoint,arithmetic,Arithmetic,15,1388,2,413,2,314,2,0.5,0.5,4.309014715354662,3156925cc0a7f6a07a9df75e1362f28dfc1bb13620b012bf4cc804dc92a264f6
no_50hz_attenuation,No 50-Hz attenuation,recording_disjoint,Within-participant recording-disjoint,arithmetic,Arithmetic,15,1441,1,314,2,413,2,1.0,1.0,0.00012766330490370547,3156925cc0a7f6a07a9df75e1362f28dfc1bb13620b012bf4cc804dc92a264f6
no_50hz_attenuation,No 50-Hz attenuation,recording_disjoint,Within-participant recording-disjoint,arithmetic,Arithmetic,15,1441,2,413,2,314,2,0.5,0.5,4.309014715354662,3156925cc0a7f6a07a9df75e1362f28dfc1bb13620b012bf4cc804dc92a264f6
no_50hz_attenuation,No 50-Hz attenuation,recording_disjoint,Within-participant recording-disjoint,arithmetic,Arithmetic,15,1494,1,314,2,413,2,1.0,1.0,0.00012766330490370547,3156925cc0a7f6a07a9df75e1362f28dfc1bb13620b012bf4cc804dc92a264f6
no_50hz_attenuation,No 50-Hz attenuation,recording_disjoint,Within-participant recording-disjoint,arithmetic,Arithmetic,15,1494,2,413,2,314,2,0.5,0.5,4.309014715354662,3156925cc0a7f6a07a9df75e1362f28dfc1bb13620b012bf4cc804dc92a264f6
no_50hz_attenuation,No 50-Hz attenuation,recording_disjoint,Within-participant recording-disjoint,arithmetic,Arithmetic,15,1547,1,432,2,295,2,1.0,1.0,0.17832163872238085,3156925cc0a7f6a07a9df75e1362f28dfc1bb13620b012bf4cc804dc92a264f6
no_50hz_attenuation,No 50-Hz attenuation,recording_disjoint,Within-participant recording-disjoint,arithmetic,Arithmetic,15,1547,2,295,2,432,2,0.5,0.5,4.093257076364196,3156925cc0a7f6a07a9df75e1362f28dfc1bb13620b012bf4cc804dc92a264f6
no_50hz_attenuation,No 50-Hz attenuation,participant_disjoint_loso,Participant-disjoint LOSO,arithmetic,Arithmetic,1,,1,10066,56,696,4,0.75,0.75,0.5532053938036743,3156925cc0a7f6a07a9df75e1362f28dfc1bb13620b012bf4cc804dc92a264f6
no_50hz_attenuation,No 50-Hz attenuation,participant_disjoint_loso,Participant-disjoint LOSO,arithmetic,Arithmetic,2,,2,9774,56,988,4,0.5,0.5,1.372673189013711,3156925cc0a7f6a07a9df75e1362f28dfc1bb13620b012bf4cc804dc92a264f6
no_50hz_attenuation,No 50-Hz attenuation,participant_disjoint_loso,Participant-disjoint LOSO,arithmetic,Arithmetic,3,,3,10193,56,569,4,0.75,0.75,0.5057561262640036,3156925cc0a7f6a07a9df75e1362f28dfc1bb13620b012bf4cc804dc92a264f6
no_50hz_attenuation,No 50-Hz attenuation,participant_disjoint_loso,Participant-disjoint LOSO,arithmetic,Arithmetic,4,,4,10096,56,666,4,0.25,0.25,4.081213612898349,3156925cc0a7f6a07a9df75e1362f28dfc1bb13620b012bf4cc804dc92a264f6
no_50hz_attenuation,No 50-Hz attenuation,participant_disjoint_loso,Participant-disjoint LOSO,arithmetic,Arithmetic,5,,5,9935,56,827,4,0.5,0.5,0.725288812727388,3156925cc0a7f6a07a9df75e1362f28dfc1bb13620b012bf4cc804dc92a264f6
no_50hz_attenuation,No 50-Hz attenuation,participant_disjoint_loso,Participant-disjoint LOSO,arithmetic,Arithmetic,6,,6,10172,56,590,4,0.5,0.5,2.0875054035243417,3156925cc0a7f6a07a9df75e1362f28dfc1bb13620b012bf4cc804dc92a264f6
no_50hz_attenuation,No 50-Hz attenuation,participant_disjoint_loso,Participant-disjoint LOSO,arithmetic,Arithmetic,7,,7,10409,56,353,4,0.75,0.75,0.642151980939613,3156925cc0a7f6a07a9df75e1362f28dfc1bb13620b012bf4cc804dc92a264f6
no_50hz_attenuation,No 50-Hz attenuation,participant_disjoint_loso,Participant-disjoint LOSO,arithmetic,Arithmetic,8,,8,9724,56,1038,4,0.5,0.5,0.8958595858516878,3156925cc0a7f6a07a9df75e1362f28dfc1bb13620b012bf4cc804dc92a264f6
no_50hz_attenuation,No 50-Hz attenuation,participant_disjoint_loso,Participant-disjoint LOSO,arithmetic,Arithmetic,9,,9,9683,56,1079,4,0.5,0.5,1.6427295085550773,3156925cc0a7f6a07a9df75e1362f28dfc1bb13620b012bf4cc804dc92a264f6
no_50hz_attenuation,No 50-Hz attenuation,participant_disjoint_loso,Participant-disjoint LOSO,arithmetic,Arithmetic,10,,10,10224,56,538,4,0.5,0.5,3.3127614782828925,3156925cc0a7f6a07a9df75e1362f28dfc1bb13620b012bf4cc804dc92a264f6
no_50hz_attenuation,No 50-Hz attenuation,participant_disjoint_loso,Participant-disjoint LOSO,arithmetic,Arithmetic,11,,11,9990,56,772,4,0.75,0.75,0.5725624159958085,3156925cc0a7f6a07a9df75e1362f28dfc1bb13620b012bf4cc804dc92a264f6
no_50hz_attenuation,No 50-Hz attenuation,participant_disjoint_loso,Participant-disjoint LOSO,arithmetic,Arithmetic,12,,12,10107,56,655,4,0.5,0.5,0.9894467097881599,3156925cc0a7f6a07a9df75e1362f28dfc1bb13620b012bf4cc804dc92a264f6
no_50hz_attenuation,No 50-Hz attenuation,participant_disjoint_loso,Participant-disjoint LOSO,arithmetic,Arithmetic,13,,13,10092,56,670,4,0.5,0.5,0.6148929023515346,3156925cc0a7f6a07a9df75e1362f28dfc1bb13620b012bf4cc804dc92a264f6
no_50hz_attenuation,No 50-Hz attenuation,participant_disjoint_loso,Participant-disjoint LOSO,arithmetic,Arithmetic,14,,14,10168,56,594,4,0.75,0.75,1.000881693080797,3156925cc0a7f6a07a9df75e1362f28dfc1bb13620b012bf4cc804dc92a264f6
no_50hz_attenuation,No 50-Hz attenuation,participant_disjoint_loso,Participant-disjoint LOSO,arithmetic,Arithmetic,15,,15,10035,56,727,4,0.75,0.75,0.43448397193599053,3156925cc0a7f6a07a9df75e1362f28dfc1bb13620b012bf4cc804dc92a264f6
no_50hz_attenuation,No 50-Hz attenuation,recording_disjoint,Within-participant recording-disjoint,stroop,Stroop,1,1335,1,357,2,296,2,0.5,0.5,1.9569866306644326,3156925cc0a7f6a07a9df75e1362f28dfc1bb13620b012bf4cc804dc92a264f6
no_50hz_attenuation,No 50-Hz attenuation,recording_disjoint,Within-participant recording-disjoint,stroop,Stroop,1,1335,2,296,2,357,2,0.5,0.5,3.886506688024298,3156925cc0a7f6a07a9df75e1362f28dfc1bb13620b012bf4cc804dc92a264f6
no_50hz_attenuation,No 50-Hz attenuation,recording_disjoint,Within-participant recording-disjoint,stroop,Stroop,1,1388,1,287,2,366,2,0.0,0.0,6.258400205541516,3156925cc0a7f6a07a9df75e1362f28dfc1bb13620b012bf4cc804dc92a264f6
no_50hz_attenuation,No 50-Hz attenuation,recording_disjoint,Within-participant recording-disjoint,stroop,Stroop,1,1388,2,366,2,287,2,0.5,0.5,2.343386698515229,3156925cc0a7f6a07a9df75e1362f28dfc1bb13620b012bf4cc804dc92a264f6
no_50hz_attenuation,No 50-Hz attenuation,recording_disjoint,Within-participant recording-disjoint,stroop,Stroop,1,1441,1,287,2,366,2,0.0,0.0,6.258400205541516,3156925cc0a7f6a07a9df75e1362f28dfc1bb13620b012bf4cc804dc92a264f6
no_50hz_attenuation,No 50-Hz attenuation,recording_disjoint,Within-participant recording-disjoint,stroop,Stroop,1,1441,2,366,2,287,2,0.5,0.5,2.343386698515229,3156925cc0a7f6a07a9df75e1362f28dfc1bb13620b012bf4cc804dc92a264f6
no_50hz_attenuation,No 50-Hz attenuation,recording_disjoint,Within-participant recording-disjoint,stroop,Stroop,1,1494,1,287,2,366,2,0.0,0.0,6.258400205541516,3156925cc0a7f6a07a9df75e1362f28dfc1bb13620b012bf4cc804dc92a264f6
no_50hz_attenuation,No 50-Hz attenuation,recording_disjoint,Within-participant recording-disjoint,stroop,Stroop,1,1494,2,366,2,287,2,0.5,0.5,2.343386698515229,3156925cc0a7f6a07a9df75e1362f28dfc1bb13620b012bf4cc804dc92a264f6
no_50hz_attenuation,No 50-Hz attenuation,recording_disjoint,Within-participant recording-disjoint,stroop,Stroop,1,1547,1,357,2,296,2,0.5,0.5,1.9569866306644326,3156925cc0a7f6a07a9df75e1362f28dfc1bb13620b012bf4cc804dc92a264f6
no_50hz_attenuation,No 50-Hz attenuation,recording_disjoint,Within-participant recording-disjoint,stroop,Stroop,1,1547,2,296,2,357,2,0.5,0.5,3.886506688024298,3156925cc0a7f6a07a9df75e1362f28dfc1bb13620b012bf4cc804dc92a264f6
no_50hz_attenuation,No 50-Hz attenuation,recording_disjoint,Within-participant recording-disjoint,stroop,Stroop,2,1335,1,303,2,556,2,1.0,1.0,0.014443785184061825,3156925cc0a7f6a07a9df75e1362f28dfc1bb13620b012bf4cc804dc92a264f6
no_50hz_attenuation,No 50-Hz attenuation,recording_disjoint,Within-participant recording-disjoint,stroop,Stroop,2,1335,2,556,2,303,2,0.5,0.5,2.989331845973862,3156925cc0a7f6a07a9df75e1362f28dfc1bb13620b012bf4cc804dc92a264f6
no_50hz_attenuation,No 50-Hz attenuation,recording_disjoint,Within-participant recording-disjoint,stroop,Stroop,2,1388,1,201,2,658,2,1.0,1.0,0.036912811372628467,3156925cc0a7f6a07a9df75e1362f28dfc1bb13620b012bf4cc804dc92a264f6
no_50hz_attenuation,No 50-Hz attenuation,recording_disjoint,Within-participant recording-disjoint,stroop,Stroop,2,1388,2,658,2,201,2,0.5,0.5,2.903231744633801,3156925cc0a7f6a07a9df75e1362f28dfc1bb13620b012bf4cc804dc92a264f6
no_50hz_attenuation,No 50-Hz attenuation,recording_disjoint,Within-participant recording-disjoint,stroop,Stroop,2,1441,1,201,2,658,2,1.0,1.0,0.036912811372628467,3156925cc0a7f6a07a9df75e1362f28dfc1bb13620b012bf4cc804dc92a264f6
no_50hz_attenuation,No 50-Hz attenuation,recording_disjoint,Within-participant recording-disjoint,stroop,Stroop,2,1441,2,658,2,201,2,0.5,0.5,2.903231744633801,3156925cc0a7f6a07a9df75e1362f28dfc1bb13620b012bf4cc804dc92a264f6
no_50hz_attenuation,No 50-Hz attenuation,recording_disjoint,Within-participant recording-disjoint,stroop,Stroop,2,1494,1,201,2,658,2,1.0,1.0,0.036912811372628467,3156925cc0a7f6a07a9df75e1362f28dfc1bb13620b012bf4cc804dc92a264f6
no_50hz_attenuation,No 50-Hz attenuation,recording_disjoint,Within-participant recording-disjoint,stroop,Stroop,2,1494,2,658,2,201,2,0.5,0.5,2.903231744633801,3156925cc0a7f6a07a9df75e1362f28dfc1bb13620b012bf4cc804dc92a264f6
no_50hz_attenuation,No 50-Hz attenuation,recording_disjoint,Within-participant recording-disjoint,stroop,Stroop,2,1547,1,303,2,556,2,1.0,1.0,0.014443785184061825,3156925cc0a7f6a07a9df75e1362f28dfc1bb13620b012bf4cc804dc92a264f6
no_50hz_attenuation,No 50-Hz attenuation,recording_disjoint,Within-participant recording-disjoint,stroop,Stroop,2,1547,2,556,2,303,2,0.5,0.5,2.989331845973862,3156925cc0a7f6a07a9df75e1362f28dfc1bb13620b012bf4cc804dc92a264f6
no_50hz_attenuation,No 50-Hz attenuation,recording_disjoint,Within-participant recording-disjoint,stroop,Stroop,3,1335,1,287,2,283,2,0.5,0.5,2.2927240543513228,3156925cc0a7f6a07a9df75e1362f28dfc1bb13620b012bf4cc804dc92a264f6
no_50hz_attenuation,No 50-Hz attenuation,recording_disjoint,Within-participant recording-disjoint,stroop,Stroop,3,1335,2,283,2,287,2,0.5,0.5,1.8328687553377385,3156925cc0a7f6a07a9df75e1362f28dfc1bb13620b012bf4cc804dc92a264f6
no_50hz_attenuation,No 50-Hz attenuation,recording_disjoint,Within-participant recording-disjoint,stroop,Stroop,3,1388,1,229,2,341,2,0.5,0.5,0.5649204826381417,3156925cc0a7f6a07a9df75e1362f28dfc1bb13620b012bf4cc804dc92a264f6
no_50hz_attenuation,No 50-Hz attenuation,recording_disjoint,Within-participant recording-disjoint,stroop,Stroop,3,1388,2,341,2,229,2,0.5,0.5,0.5355898569148665,3156925cc0a7f6a07a9df75e1362f28dfc1bb13620b012bf4cc804dc92a264f6
no_50hz_attenuation,No 50-Hz attenuation,recording_disjoint,Within-participant recording-disjoint,stroop,Stroop,3,1441,1,229,2,341,2,0.5,0.5,0.5649204826381417,3156925cc0a7f6a07a9df75e1362f28dfc1bb13620b012bf4cc804dc92a264f6
no_50hz_attenuation,No 50-Hz attenuation,recording_disjoint,Within-participant recording-disjoint,stroop,Stroop,3,1441,2,341,2,229,2,0.5,0.5,0.5355898569148665,3156925cc0a7f6a07a9df75e1362f28dfc1bb13620b012bf4cc804dc92a264f6
no_50hz_attenuation,No 50-Hz attenuation,recording_disjoint,Within-participant recording-disjoint,stroop,Stroop,3,1494,1,229,2,341,2,0.5,0.5,0.5649204826381417,3156925cc0a7f6a07a9df75e1362f28dfc1bb13620b012bf4cc804dc92a264f6
no_50hz_attenuation,No 50-Hz attenuation,recording_disjoint,Within-participant recording-disjoint,stroop,Stroop,3,1494,2,341,2,229,2,0.5,0.5,0.5355898569148665,3156925cc0a7f6a07a9df75e1362f28dfc1bb13620b012bf4cc804dc92a264f6
no_50hz_attenuation,No 50-Hz attenuation,recording_disjoint,Within-participant recording-disjoint,stroop,Stroop,3,1547,1,287,2,283,2,0.5,0.5,2.2927240543513228,3156925cc0a7f6a07a9df75e1362f28dfc1bb13620b012bf4cc804dc92a264f6
no_50hz_attenuation,No 50-Hz attenuation,recording_disjoint,Within-participant recording-disjoint,stroop,Stroop,3,1547,2,283,2,287,2,0.5,0.5,1.8328687553377385,3156925cc0a7f6a07a9df75e1362f28dfc1bb13620b012bf4cc804dc92a264f6
no_50hz_attenuation,No 50-Hz attenuation,recording_disjoint,Within-participant recording-disjoint,stroop,Stroop,4,1335,1,281,2,178,2,0.5,0.5,0.5839966681598575,3156925cc0a7f6a07a9df75e1362f28dfc1bb13620b012bf4cc804dc92a264f6
no_50hz_attenuation,No 50-Hz attenuation,recording_disjoint,Within-participant recording-disjoint,stroop,Stroop,4,1335,2,178,2,281,2,0.5,0.5,2.0214601399230534,3156925cc0a7f6a07a9df75e1362f28dfc1bb13620b012bf4cc804dc92a264f6
no_50hz_attenuation,No 50-Hz attenuation,recording_disjoint,Within-participant recording-disjoint,stroop,Stroop,4,1388,1,151,2,308,2,1.0,1.0,0.004967260211568387,3156925cc0a7f6a07a9df75e1362f28dfc1bb13620b012bf4cc804dc92a264f6
no_50hz_attenuation,No 50-Hz attenuation,recording_disjoint,Within-participant recording-disjoint,stroop,Stroop,4,1388,2,308,2,151,2,0.5,0.5,1.738940500284399,3156925cc0a7f6a07a9df75e1362f28dfc1bb13620b012bf4cc804dc92a264f6
no_50hz_attenuation,No 50-Hz attenuation,recording_disjoint,Within-participant recording-disjoint,stroop,Stroop,4,1441,1,151,2,308,2,1.0,1.0,0.004967260211568387,3156925cc0a7f6a07a9df75e1362f28dfc1bb13620b012bf4cc804dc92a264f6
no_50hz_attenuation,No 50-Hz attenuation,recording_disjoint,Within-participant recording-disjoint,stroop,Stroop,4,1441,2,308,2,151,2,0.5,0.5,1.738940500284399,3156925cc0a7f6a07a9df75e1362f28dfc1bb13620b012bf4cc804dc92a264f6
no_50hz_attenuation,No 50-Hz attenuation,recording_disjoint,Within-participant recording-disjoint,stroop,Stroop,4,1494,1,151,2,308,2,1.0,1.0,0.004967260211568387,3156925cc0a7f6a07a9df75e1362f28dfc1bb13620b012bf4cc804dc92a264f6
no_50hz_attenuation,No 50-Hz attenuation,recording_disjoint,Within-participant recording-disjoint,stroop,Stroop,4,1494,2,308,2,151,2,0.5,0.5,1.738940500284399,3156925cc0a7f6a07a9df75e1362f28dfc1bb13620b012bf4cc804dc92a264f6
no_50hz_attenuation,No 50-Hz attenuation,recording_disjoint,Within-participant recording-disjoint,stroop,Stroop,4,1547,1,281,2,178,2,0.5,0.5,0.5839966681598575,3156925cc0a7f6a07a9df75e1362f28dfc1bb13620b012bf4cc804dc92a264f6
no_50hz_attenuation,No 50-Hz attenuation,recording_disjoint,Within-participant recording-disjoint,stroop,Stroop,4,1547,2,178,2,281,2,0.5,0.5,2.0214601399230534,3156925cc0a7f6a07a9df75e1362f28dfc1bb13620b012bf4cc804dc92a264f6
no_50hz_attenuation,No 50-Hz attenuation,recording_disjoint,Within-participant recording-disjoint,stroop,Stroop,5,1335,1,308,2,352,2,1.0,1.0,0.04115923628531392,3156925cc0a7f6a07a9df75e1362f28dfc1bb13620b012bf4cc804dc92a264f6
no_50hz_attenuation,No 50-Hz attenuation,recording_disjoint,Within-participant recording-disjoint,stroop,Stroop,5,1335,2,352,2,308,2,0.5,0.5,2.870388038999912,3156925cc0a7f6a07a9df75e1362f28dfc1bb13620b012bf4cc804dc92a264f6
no_50hz_attenuation,No 50-Hz attenuation,recording_disjoint,Within-participant recording-disjoint,stroop,Stroop,5,1388,1,245,2,415,2,0.5,0.5,4.155847022391768,3156925cc0a7f6a07a9df75e1362f28dfc1bb13620b012bf4cc804dc92a264f6
no_50hz_attenuation,No 50-Hz attenuation,recording_disjoint,Within-participant recording-disjoint,stroop,Stroop,5,1388,2,415,2,245,2,0.5,0.5,3.064632080071729,3156925cc0a7f6a07a9df75e1362f28dfc1bb13620b012bf4cc804dc92a264f6
no_50hz_attenuation,No 50-Hz attenuation,recording_disjoint,Within-participant recording-disjoint,stroop,Stroop,5,1441,1,245,2,415,2,0.5,0.5,4.155847022391768,3156925cc0a7f6a07a9df75e1362f28dfc1bb13620b012bf4cc804dc92a264f6
no_50hz_attenuation,No 50-Hz attenuation,recording_disjoint,Within-participant recording-disjoint,stroop,Stroop,5,1441,2,415,2,245,2,0.5,0.5,3.064632080071729,3156925cc0a7f6a07a9df75e1362f28dfc1bb13620b012bf4cc804dc92a264f6
no_50hz_attenuation,No 50-Hz attenuation,recording_disjoint,Within-participant recording-disjoint,stroop,Stroop,5,1494,1,245,2,415,2,0.5,0.5,4.155847022391768,3156925cc0a7f6a07a9df75e1362f28dfc1bb13620b012bf4cc804dc92a264f6
no_50hz_attenuation,No 50-Hz attenuation,recording_disjoint,Within-participant recording-disjoint,stroop,Stroop,5,1494,2,415,2,245,2,0.5,0.5,3.064632080071729,3156925cc0a7f6a07a9df75e1362f28dfc1bb13620b012bf4cc804dc92a264f6
no_50hz_attenuation,No 50-Hz attenuation,recording_disjoint,Within-participant recording-disjoint,stroop,Stroop,5,1547,1,308,2,352,2,1.0,1.0,0.04115923628531392,3156925cc0a7f6a07a9df75e1362f28dfc1bb13620b012bf4cc804dc92a264f6
no_50hz_attenuation,No 50-Hz attenuation,recording_disjoint,Within-participant recording-disjoint,stroop,Stroop,5,1547,2,352,2,308,2,0.5,0.5,2.870388038999912,3156925cc0a7f6a07a9df75e1362f28dfc1bb13620b012bf4cc804dc92a264f6
no_50hz_attenuation,No 50-Hz attenuation,recording_disjoint,Within-participant recording-disjoint,stroop,Stroop,6,1335,1,280,2,261,2,0.5,0.5,5.046423254215917,3156925cc0a7f6a07a9df75e1362f28dfc1bb13620b012bf4cc804dc92a264f6
no_50hz_attenuation,No 50-Hz attenuation,recording_disjoint,Within-participant recording-disjoint,stroop,Stroop,6,1335,2,261,2,280,2,0.5,0.5,3.0709629934609923,3156925cc0a7f6a07a9df75e1362f28dfc1bb13620b012bf4cc804dc92a264f6
no_50hz_attenuation,No 50-Hz attenuation,recording_disjoint,Within-participant recording-disjoint,stroop,Stroop,6,1388,1,230,2,311,2,0.5,0.5,3.2873844958771934,3156925cc0a7f6a07a9df75e1362f28dfc1bb13620b012bf4cc804dc92a264f6
no_50hz_attenuation,No 50-Hz attenuation,recording_disjoint,Within-participant recording-disjoint,stroop,Stroop,6,1388,2,311,2,230,2,0.0,0.0,20.105260711248633,3156925cc0a7f6a07a9df75e1362f28dfc1bb13620b012bf4cc804dc92a264f6
no_50hz_attenuation,No 50-Hz attenuation,recording_disjoint,Within-participant recording-disjoint,stroop,Stroop,6,1441,1,230,2,311,2,0.5,0.5,3.2873844958771934,3156925cc0a7f6a07a9df75e1362f28dfc1bb13620b012bf4cc804dc92a264f6
no_50hz_attenuation,No 50-Hz attenuation,recording_disjoint,Within-participant recording-disjoint,stroop,Stroop,6,1441,2,311,2,230,2,0.0,0.0,20.105260711248633,3156925cc0a7f6a07a9df75e1362f28dfc1bb13620b012bf4cc804dc92a264f6
no_50hz_attenuation,No 50-Hz attenuation,recording_disjoint,Within-participant recording-disjoint,stroop,Stroop,6,1494,1,230,2,311,2,0.5,0.5,3.2873844958771934,3156925cc0a7f6a07a9df75e1362f28dfc1bb13620b012bf4cc804dc92a264f6
no_50hz_attenuation,No 50-Hz attenuation,recording_disjoint,Within-participant recording-disjoint,stroop,Stroop,6,1494,2,311,2,230,2,0.0,0.0,20.105260711248633,3156925cc0a7f6a07a9df75e1362f28dfc1bb13620b012bf4cc804dc92a264f6
no_50hz_attenuation,No 50-Hz attenuation,recording_disjoint,Within-participant recording-disjoint,stroop,Stroop,6,1547,1,280,2,261,2,0.5,0.5,5.046423254215917,3156925cc0a7f6a07a9df75e1362f28dfc1bb13620b012bf4cc804dc92a264f6
no_50hz_attenuation,No 50-Hz attenuation,recording_disjoint,Within-participant recording-disjoint,stroop,Stroop,6,1547,2,261,2,280,2,0.5,0.5,3.0709629934609923,3156925cc0a7f6a07a9df75e1362f28dfc1bb13620b012bf4cc804dc92a264f6
no_50hz_attenuation,No 50-Hz attenuation,recording_disjoint,Within-participant recording-disjoint,stroop,Stroop,7,1335,1,276,2,265,2,1.0,1.0,0.27147852653865123,3156925cc0a7f6a07a9df75e1362f28dfc1bb13620b012bf4cc804dc92a264f6
no_50hz_attenuation,No 50-Hz attenuation,recording_disjoint,Within-participant recording-disjoint,stroop,Stroop,7,1335,2,265,2,276,2,0.5,0.5,4.294710933823567,3156925cc0a7f6a07a9df75e1362f28dfc1bb13620b012bf4cc804dc92a264f6
no_50hz_attenuation,No 50-Hz attenuation,recording_disjoint,Within-participant recording-disjoint,stroop,Stroop,7,1388,1,193,2,348,2,0.0,0.0,4.368195387800747,3156925cc0a7f6a07a9df75e1362f28dfc1bb13620b012bf4cc804dc92a264f6
no_50hz_attenuation,No 50-Hz attenuation,recording_disjoint,Within-participant recording-disjoint,stroop,Stroop,7,1388,2,348,2,193,2,0.5,0.5,3.632109693107167,3156925cc0a7f6a07a9df75e1362f28dfc1bb13620b012bf4cc804dc92a264f6
no_50hz_attenuation,No 50-Hz attenuation,recording_disjoint,Within-participant recording-disjoint,stroop,Stroop,7,1441,1,193,2,348,2,0.0,0.0,4.368195387800747,3156925cc0a7f6a07a9df75e1362f28dfc1bb13620b012bf4cc804dc92a264f6
no_50hz_attenuation,No 50-Hz attenuation,recording_disjoint,Within-participant recording-disjoint,stroop,Stroop,7,1441,2,348,2,193,2,0.5,0.5,3.632109693107167,3156925cc0a7f6a07a9df75e1362f28dfc1bb13620b012bf4cc804dc92a264f6
no_50hz_attenuation,No 50-Hz attenuation,recording_disjoint,Within-participant recording-disjoint,stroop,Stroop,7,1494,1,193,2,348,2,0.0,0.0,4.368195387800747,3156925cc0a7f6a07a9df75e1362f28dfc1bb13620b012bf4cc804dc92a264f6
no_50hz_attenuation,No 50-Hz attenuation,recording_disjoint,Within-participant recording-disjoint,stroop,Stroop,7,1494,2,348,2,193,2,0.5,0.5,3.632109693107167,3156925cc0a7f6a07a9df75e1362f28dfc1bb13620b012bf4cc804dc92a264f6
no_50hz_attenuation,No 50-Hz attenuation,recording_disjoint,Within-participant recording-disjoint,stroop,Stroop,7,1547,1,276,2,265,2,1.0,1.0,0.27147852653865123,3156925cc0a7f6a07a9df75e1362f28dfc1bb13620b012bf4cc804dc92a264f6
no_50hz_attenuation,No 50-Hz attenuation,recording_disjoint,Within-participant recording-disjoint,stroop,Stroop,7,1547,2,265,2,276,2,0.5,0.5,4.294710933823567,3156925cc0a7f6a07a9df75e1362f28dfc1bb13620b012bf4cc804dc92a264f6
no_50hz_attenuation,No 50-Hz attenuation,recording_disjoint,Within-participant recording-disjoint,stroop,Stroop,8,1335,1,396,2,350,2,1.0,1.0,0.3743598879803976,3156925cc0a7f6a07a9df75e1362f28dfc1bb13620b012bf4cc804dc92a264f6
no_50hz_attenuation,No 50-Hz attenuation,recording_disjoint,Within-participant recording-disjoint,stroop,Stroop,8,1335,2,350,2,396,2,0.5,0.5,2.617874745795431,3156925cc0a7f6a07a9df75e1362f28dfc1bb13620b012bf4cc804dc92a264f6
no_50hz_attenuation,No 50-Hz attenuation,recording_disjoint,Within-participant recording-disjoint,stroop,Stroop,8,1388,1,322,2,424,2,0.5,0.5,1.5390953743547842,3156925cc0a7f6a07a9df75e1362f28dfc1bb13620b012bf4cc804dc92a264f6
no_50hz_attenuation,No 50-Hz attenuation,recording_disjoint,Within-participant recording-disjoint,stroop,Stroop,8,1388,2,424,2,322,2,0.5,0.5,2.8261466085460056,3156925cc0a7f6a07a9df75e1362f28dfc1bb13620b012bf4cc804dc92a264f6
no_50hz_attenuation,No 50-Hz attenuation,recording_disjoint,Within-participant recording-disjoint,stroop,Stroop,8,1441,1,322,2,424,2,0.5,0.5,1.5390953743547842,3156925cc0a7f6a07a9df75e1362f28dfc1bb13620b012bf4cc804dc92a264f6
no_50hz_attenuation,No 50-Hz attenuation,recording_disjoint,Within-participant recording-disjoint,stroop,Stroop,8,1441,2,424,2,322,2,0.5,0.5,2.8261466085460056,3156925cc0a7f6a07a9df75e1362f28dfc1bb13620b012bf4cc804dc92a264f6
no_50hz_attenuation,No 50-Hz attenuation,recording_disjoint,Within-participant recording-disjoint,stroop,Stroop,8,1494,1,322,2,424,2,0.5,0.5,1.5390953743547842,3156925cc0a7f6a07a9df75e1362f28dfc1bb13620b012bf4cc804dc92a264f6
no_50hz_attenuation,No 50-Hz attenuation,recording_disjoint,Within-participant recording-disjoint,stroop,Stroop,8,1494,2,424,2,322,2,0.5,0.5,2.8261466085460056,3156925cc0a7f6a07a9df75e1362f28dfc1bb13620b012bf4cc804dc92a264f6
no_50hz_attenuation,No 50-Hz attenuation,recording_disjoint,Within-participant recording-disjoint,stroop,Stroop,8,1547,1,396,2,350,2,1.0,1.0,0.3743598879803976,3156925cc0a7f6a07a9df75e1362f28dfc1bb13620b012bf4cc804dc92a264f6
no_50hz_attenuation,No 50-Hz attenuation,recording_disjoint,Within-participant recording-disjoint,stroop,Stroop,8,1547,2,350,2,396,2,0.5,0.5,2.617874745795431,3156925cc0a7f6a07a9df75e1362f28dfc1bb13620b012bf4cc804dc92a264f6
no_50hz_attenuation,No 50-Hz attenuation,recording_disjoint,Within-participant recording-disjoint,stroop,Stroop,9,1335,1,353,2,520,2,0.5,0.5,1.6662996043906044,3156925cc0a7f6a07a9df75e1362f28dfc1bb13620b012bf4cc804dc92a264f6
no_50hz_attenuation,No 50-Hz attenuation,recording_disjoint,Within-participant recording-disjoint,stroop,Stroop,9,1335,2,520,2,353,2,0.5,0.5,2.8801081502406976,3156925cc0a7f6a07a9df75e1362f28dfc1bb13620b012bf4cc804dc92a264f6
no_50hz_attenuation,No 50-Hz attenuation,recording_disjoint,Within-participant recording-disjoint,stroop,Stroop,9,1388,1,270,2,603,2,0.0,0.0,13.773521714242193,3156925cc0a7f6a07a9df75e1362f28dfc1bb13620b012bf4cc804dc92a264f6
no_50hz_attenuation,No 50-Hz attenuation,recording_disjoint,Within-participant recording-disjoint,stroop,Stroop,9,1388,2,603,2,270,2,0.5,0.5,2.652326970407333,3156925cc0a7f6a07a9df75e1362f28dfc1bb13620b012bf4cc804dc92a264f6
no_50hz_attenuation,No 50-Hz attenuation,recording_disjoint,Within-participant recording-disjoint,stroop,Stroop,9,1441,1,270,2,603,2,0.0,0.0,13.773521714242193,3156925cc0a7f6a07a9df75e1362f28dfc1bb13620b012bf4cc804dc92a264f6
no_50hz_attenuation,No 50-Hz attenuation,recording_disjoint,Within-participant recording-disjoint,stroop,Stroop,9,1441,2,603,2,270,2,0.5,0.5,2.652326970407333,3156925cc0a7f6a07a9df75e1362f28dfc1bb13620b012bf4cc804dc92a264f6
no_50hz_attenuation,No 50-Hz attenuation,recording_disjoint,Within-participant recording-disjoint,stroop,Stroop,9,1494,1,270,2,603,2,0.0,0.0,13.773521714242193,3156925cc0a7f6a07a9df75e1362f28dfc1bb13620b012bf4cc804dc92a264f6
no_50hz_attenuation,No 50-Hz attenuation,recording_disjoint,Within-participant recording-disjoint,stroop,Stroop,9,1494,2,603,2,270,2,0.5,0.5,2.652326970407333,3156925cc0a7f6a07a9df75e1362f28dfc1bb13620b012bf4cc804dc92a264f6
no_50hz_attenuation,No 50-Hz attenuation,recording_disjoint,Within-participant recording-disjoint,stroop,Stroop,9,1547,1,353,2,520,2,0.5,0.5,1.6662996043906044,3156925cc0a7f6a07a9df75e1362f28dfc1bb13620b012bf4cc804dc92a264f6
no_50hz_attenuation,No 50-Hz attenuation,recording_disjoint,Within-participant recording-disjoint,stroop,Stroop,9,1547,2,520,2,353,2,0.5,0.5,2.8801081502406976,3156925cc0a7f6a07a9df75e1362f28dfc1bb13620b012bf4cc804dc92a264f6
no_50hz_attenuation,No 50-Hz attenuation,recording_disjoint,Within-participant recording-disjoint,stroop,Stroop,10,1335,1,325,2,268,2,0.5,0.5,3.3995819111586183,3156925cc0a7f6a07a9df75e1362f28dfc1bb13620b012bf4cc804dc92a264f6
no_50hz_attenuation,No 50-Hz attenuation,recording_disjoint,Within-participant recording-disjoint,stroop,Stroop,10,1335,2,268,2,325,2,0.5,0.5,1.1976321254766966,3156925cc0a7f6a07a9df75e1362f28dfc1bb13620b012bf4cc804dc92a264f6
no_50hz_attenuation,No 50-Hz attenuation,recording_disjoint,Within-participant recording-disjoint,stroop,Stroop,10,1388,1,201,2,392,2,0.5,0.5,2.7121282232081367,3156925cc0a7f6a07a9df75e1362f28dfc1bb13620b012bf4cc804dc92a264f6
no_50hz_attenuation,No 50-Hz attenuation,recording_disjoint,Within-participant recording-disjoint,stroop,Stroop,10,1388,2,392,2,201,2,0.5,0.5,2.238823625664892,3156925cc0a7f6a07a9df75e1362f28dfc1bb13620b012bf4cc804dc92a264f6
no_50hz_attenuation,No 50-Hz attenuation,recording_disjoint,Within-participant recording-disjoint,stroop,Stroop,10,1441,1,201,2,392,2,0.5,0.5,2.7121282232081367,3156925cc0a7f6a07a9df75e1362f28dfc1bb13620b012bf4cc804dc92a264f6
no_50hz_attenuation,No 50-Hz attenuation,recording_disjoint,Within-participant recording-disjoint,stroop,Stroop,10,1441,2,392,2,201,2,0.5,0.5,2.238823625664892,3156925cc0a7f6a07a9df75e1362f28dfc1bb13620b012bf4cc804dc92a264f6
no_50hz_attenuation,No 50-Hz attenuation,recording_disjoint,Within-participant recording-disjoint,stroop,Stroop,10,1494,1,201,2,392,2,0.5,0.5,2.7121282232081367,3156925cc0a7f6a07a9df75e1362f28dfc1bb13620b012bf4cc804dc92a264f6
no_50hz_attenuation,No 50-Hz attenuation,recording_disjoint,Within-participant recording-disjoint,stroop,Stroop,10,1494,2,392,2,201,2,0.5,0.5,2.238823625664892,3156925cc0a7f6a07a9df75e1362f28dfc1bb13620b012bf4cc804dc92a264f6
no_50hz_attenuation,No 50-Hz attenuation,recording_disjoint,Within-participant recording-disjoint,stroop,Stroop,10,1547,1,325,2,268,2,0.5,0.5,3.3995819111586183,3156925cc0a7f6a07a9df75e1362f28dfc1bb13620b012bf4cc804dc92a264f6
no_50hz_attenuation,No 50-Hz attenuation,recording_disjoint,Within-participant recording-disjoint,stroop,Stroop,10,1547,2,268,2,325,2,0.5,0.5,1.1976321254766966,3156925cc0a7f6a07a9df75e1362f28dfc1bb13620b012bf4cc804dc92a264f6
no_50hz_attenuation,No 50-Hz attenuation,recording_disjoint,Within-participant recording-disjoint,stroop,Stroop,11,1335,1,298,2,374,2,1.0,1.0,0.05069685687551893,3156925cc0a7f6a07a9df75e1362f28dfc1bb13620b012bf4cc804dc92a264f6
no_50hz_attenuation,No 50-Hz attenuation,recording_disjoint,Within-participant recording-disjoint,stroop,Stroop,11,1335,2,374,2,298,2,0.5,0.5,3.1533117475647576,3156925cc0a7f6a07a9df75e1362f28dfc1bb13620b012bf4cc804dc92a264f6
no_50hz_attenuation,No 50-Hz attenuation,recording_disjoint,Within-participant recording-disjoint,stroop,Stroop,11,1388,1,243,2,429,2,1.0,1.0,0.06255854726443483,3156925cc0a7f6a07a9df75e1362f28dfc1bb13620b012bf4cc804dc92a264f6
no_50hz_attenuation,No 50-Hz attenuation,recording_disjoint,Within-participant recording-disjoint,stroop,Stroop,11,1388,2,429,2,243,2,0.5,0.5,3.2008521105396808,3156925cc0a7f6a07a9df75e1362f28dfc1bb13620b012bf4cc804dc92a264f6
no_50hz_attenuation,No 50-Hz attenuation,recording_disjoint,Within-participant recording-disjoint,stroop,Stroop,11,1441,1,243,2,429,2,1.0,1.0,0.06255854726443483,3156925cc0a7f6a07a9df75e1362f28dfc1bb13620b012bf4cc804dc92a264f6
no_50hz_attenuation,No 50-Hz attenuation,recording_disjoint,Within-participant recording-disjoint,stroop,Stroop,11,1441,2,429,2,243,2,0.5,0.5,3.2008521105396808,3156925cc0a7f6a07a9df75e1362f28dfc1bb13620b012bf4cc804dc92a264f6
no_50hz_attenuation,No 50-Hz attenuation,recording_disjoint,Within-participant recording-disjoint,stroop,Stroop,11,1494,1,243,2,429,2,1.0,1.0,0.06255854726443483,3156925cc0a7f6a07a9df75e1362f28dfc1bb13620b012bf4cc804dc92a264f6
no_50hz_attenuation,No 50-Hz attenuation,recording_disjoint,Within-participant recording-disjoint,stroop,Stroop,11,1494,2,429,2,243,2,0.5,0.5,3.2008521105396808,3156925cc0a7f6a07a9df75e1362f28dfc1bb13620b012bf4cc804dc92a264f6
no_50hz_attenuation,No 50-Hz attenuation,recording_disjoint,Within-participant recording-disjoint,stroop,Stroop,11,1547,1,298,2,374,2,1.0,1.0,0.05069685687551893,3156925cc0a7f6a07a9df75e1362f28dfc1bb13620b012bf4cc804dc92a264f6
no_50hz_attenuation,No 50-Hz attenuation,recording_disjoint,Within-participant recording-disjoint,stroop,Stroop,11,1547,2,374,2,298,2,0.5,0.5,3.1533117475647576,3156925cc0a7f6a07a9df75e1362f28dfc1bb13620b012bf4cc804dc92a264f6
no_50hz_attenuation,No 50-Hz attenuation,recording_disjoint,Within-participant recording-disjoint,stroop,Stroop,12,1335,1,312,2,311,2,0.5,0.5,3.693987587058932,3156925cc0a7f6a07a9df75e1362f28dfc1bb13620b012bf4cc804dc92a264f6
no_50hz_attenuation,No 50-Hz attenuation,recording_disjoint,Within-participant recording-disjoint,stroop,Stroop,12,1335,2,311,2,312,2,0.5,0.5,2.7231817767871394,3156925cc0a7f6a07a9df75e1362f28dfc1bb13620b012bf4cc804dc92a264f6
no_50hz_attenuation,No 50-Hz attenuation,recording_disjoint,Within-participant recording-disjoint,stroop,Stroop,12,1388,1,249,2,374,2,0.0,0.0,1.1985599234209967,3156925cc0a7f6a07a9df75e1362f28dfc1bb13620b012bf4cc804dc92a264f6
no_50hz_attenuation,No 50-Hz attenuation,recording_disjoint,Within-participant recording-disjoint,stroop,Stroop,12,1388,2,374,2,249,2,0.5,0.5,3.0630070265566993,3156925cc0a7f6a07a9df75e1362f28dfc1bb13620b012bf4cc804dc92a264f6
no_50hz_attenuation,No 50-Hz attenuation,recording_disjoint,Within-participant recording-disjoint,stroop,Stroop,12,1441,1,249,2,374,2,0.0,0.0,1.1985599234209967,3156925cc0a7f6a07a9df75e1362f28dfc1bb13620b012bf4cc804dc92a264f6
no_50hz_attenuation,No 50-Hz attenuation,recording_disjoint,Within-participant recording-disjoint,stroop,Stroop,12,1441,2,374,2,249,2,0.5,0.5,3.0630070265566993,3156925cc0a7f6a07a9df75e1362f28dfc1bb13620b012bf4cc804dc92a264f6
no_50hz_attenuation,No 50-Hz attenuation,recording_disjoint,Within-participant recording-disjoint,stroop,Stroop,12,1494,1,249,2,374,2,0.0,0.0,1.1985599234209967,3156925cc0a7f6a07a9df75e1362f28dfc1bb13620b012bf4cc804dc92a264f6
no_50hz_attenuation,No 50-Hz attenuation,recording_disjoint,Within-participant recording-disjoint,stroop,Stroop,12,1494,2,374,2,249,2,0.5,0.5,3.0630070265566993,3156925cc0a7f6a07a9df75e1362f28dfc1bb13620b012bf4cc804dc92a264f6
no_50hz_attenuation,No 50-Hz attenuation,recording_disjoint,Within-participant recording-disjoint,stroop,Stroop,12,1547,1,312,2,311,2,0.5,0.5,3.693987587058932,3156925cc0a7f6a07a9df75e1362f28dfc1bb13620b012bf4cc804dc92a264f6
no_50hz_attenuation,No 50-Hz attenuation,recording_disjoint,Within-participant recording-disjoint,stroop,Stroop,12,1547,2,311,2,312,2,0.5,0.5,2.7231817767871394,3156925cc0a7f6a07a9df75e1362f28dfc1bb13620b012bf4cc804dc92a264f6
no_50hz_attenuation,No 50-Hz attenuation,recording_disjoint,Within-participant recording-disjoint,stroop,Stroop,13,1335,1,271,2,302,2,0.0,0.0,3.9307331908137844,3156925cc0a7f6a07a9df75e1362f28dfc1bb13620b012bf4cc804dc92a264f6
no_50hz_attenuation,No 50-Hz attenuation,recording_disjoint,Within-participant recording-disjoint,stroop,Stroop,13,1335,2,302,2,271,2,0.5,0.5,6.470948203410823,3156925cc0a7f6a07a9df75e1362f28dfc1bb13620b012bf4cc804dc92a264f6
no_50hz_attenuation,No 50-Hz attenuation,recording_disjoint,Within-participant recording-disjoint,stroop,Stroop,13,1388,1,213,2,360,2,0.5,0.5,5.693483036388295,3156925cc0a7f6a07a9df75e1362f28dfc1bb13620b012bf4cc804dc92a264f6
no_50hz_attenuation,No 50-Hz attenuation,recording_disjoint,Within-participant recording-disjoint,stroop,Stroop,13,1388,2,360,2,213,2,0.5,0.5,3.8201520799090196,3156925cc0a7f6a07a9df75e1362f28dfc1bb13620b012bf4cc804dc92a264f6
no_50hz_attenuation,No 50-Hz attenuation,recording_disjoint,Within-participant recording-disjoint,stroop,Stroop,13,1441,1,213,2,360,2,0.5,0.5,5.693483036388295,3156925cc0a7f6a07a9df75e1362f28dfc1bb13620b012bf4cc804dc92a264f6
no_50hz_attenuation,No 50-Hz attenuation,recording_disjoint,Within-participant recording-disjoint,stroop,Stroop,13,1441,2,360,2,213,2,0.5,0.5,3.8201520799090196,3156925cc0a7f6a07a9df75e1362f28dfc1bb13620b012bf4cc804dc92a264f6
no_50hz_attenuation,No 50-Hz attenuation,recording_disjoint,Within-participant recording-disjoint,stroop,Stroop,13,1494,1,213,2,360,2,0.5,0.5,5.693483036388295,3156925cc0a7f6a07a9df75e1362f28dfc1bb13620b012bf4cc804dc92a264f6
no_50hz_attenuation,No 50-Hz attenuation,recording_disjoint,Within-participant recording-disjoint,stroop,Stroop,13,1494,2,360,2,213,2,0.5,0.5,3.8201520799090196,3156925cc0a7f6a07a9df75e1362f28dfc1bb13620b012bf4cc804dc92a264f6
no_50hz_attenuation,No 50-Hz attenuation,recording_disjoint,Within-participant recording-disjoint,stroop,Stroop,13,1547,1,271,2,302,2,0.0,0.0,3.9307331908137844,3156925cc0a7f6a07a9df75e1362f28dfc1bb13620b012bf4cc804dc92a264f6
no_50hz_attenuation,No 50-Hz attenuation,recording_disjoint,Within-participant recording-disjoint,stroop,Stroop,13,1547,2,302,2,271,2,0.5,0.5,6.470948203410823,3156925cc0a7f6a07a9df75e1362f28dfc1bb13620b012bf4cc804dc92a264f6
no_50hz_attenuation,No 50-Hz attenuation,participant_disjoint_loso,Participant-disjoint LOSO,stroop,Stroop,1,,1,7710,48,653,4,0.25,0.25,1.0923620933181235,3156925cc0a7f6a07a9df75e1362f28dfc1bb13620b012bf4cc804dc92a264f6
no_50hz_attenuation,No 50-Hz attenuation,participant_disjoint_loso,Participant-disjoint LOSO,stroop,Stroop,2,,2,7504,48,859,4,0.75,0.75,0.5593307920949,3156925cc0a7f6a07a9df75e1362f28dfc1bb13620b012bf4cc804dc92a264f6
no_50hz_attenuation,No 50-Hz attenuation,participant_disjoint_loso,Participant-disjoint LOSO,stroop,Stroop,3,,3,7793,48,570,4,0.75,0.75,0.2509935267790772,3156925cc0a7f6a07a9df75e1362f28dfc1bb13620b012bf4cc804dc92a264f6
no_50hz_attenuation,No 50-Hz attenuation,participant_disjoint_loso,Participant-disjoint LOSO,stroop,Stroop,4,,4,7904,48,459,4,0.5,0.5,5.922641352306712,3156925cc0a7f6a07a9df75e1362f28dfc1bb13620b012bf4cc804dc92a264f6
no_50hz_attenuation,No 50-Hz attenuation,participant_disjoint_loso,Participant-disjoint LOSO,stroop,Stroop,5,,5,7703,48,660,4,1.0,1.0,0.17122106866190934,3156925cc0a7f6a07a9df75e1362f28dfc1bb13620b012bf4cc804dc92a264f6
no_50hz_attenuation,No 50-Hz attenuation,participant_disjoint_loso,Participant-disjoint LOSO,stroop,Stroop,6,,6,7822,48,541,4,0.5,0.5,2.561480898018164,3156925cc0a7f6a07a9df75e1362f28dfc1bb13620b012bf4cc804dc92a264f6
no_50hz_attenuation,No 50-Hz attenuation,participant_disjoint_loso,Participant-disjoint LOSO,stroop,Stroop,7,,7,7822,48,541,4,0.5,0.5,2.157029822394424,3156925cc0a7f6a07a9df75e1362f28dfc1bb13620b012bf4cc804dc92a264f6
no_50hz_attenuation,No 50-Hz attenuation,participant_disjoint_loso,Participant-disjoint LOSO,stroop,Stroop,8,,8,7617,48,746,4,0.5,0.5,0.687606206509657,3156925cc0a7f6a07a9df75e1362f28dfc1bb13620b012bf4cc804dc92a264f6
no_50hz_attenuation,No 50-Hz attenuation,participant_disjoint_loso,Participant-disjoint LOSO,stroop,Stroop,9,,9,7490,48,873,4,1.0,1.0,0.3695233143753176,3156925cc0a7f6a07a9df75e1362f28dfc1bb13620b012bf4cc804dc92a264f6
no_50hz_attenuation,No 50-Hz attenuation,participant_disjoint_loso,Participant-disjoint LOSO,stroop,Stroop,10,,10,7770,48,593,4,0.5,0.5,5.76990535795841,3156925cc0a7f6a07a9df75e1362f28dfc1bb13620b012bf4cc804dc92a264f6
no_50hz_attenuation,No 50-Hz attenuation,participant_disjoint_loso,Participant-disjoint LOSO,stroop,Stroop,11,,11,7691,48,672,4,0.75,0.75,0.5719924167435253,3156925cc0a7f6a07a9df75e1362f28dfc1bb13620b012bf4cc804dc92a264f6
no_50hz_attenuation,No 50-Hz attenuation,participant_disjoint_loso,Participant-disjoint LOSO,stroop,Stroop,12,,12,7740,48,623,4,0.5,0.5,1.6192296616978379,3156925cc0a7f6a07a9df75e1362f28dfc1bb13620b012bf4cc804dc92a264f6
no_50hz_attenuation,No 50-Hz attenuation,participant_disjoint_loso,Participant-disjoint LOSO,stroop,Stroop,13,,13,7790,48,573,4,0.5,0.5,1.0298123411208349,3156925cc0a7f6a07a9df75e1362f28dfc1bb13620b012bf4cc804dc92a264f6
no_50hz_attenuation,No 50-Hz attenuation,cross_task,Within-participant cross-task transfer,arithmetic_to_stroop,Arithmetic to Stroop,1,,1,696,4,496,3,0.3333333333333333,0.25,1.087239874611865,3156925cc0a7f6a07a9df75e1362f28dfc1bb13620b012bf4cc804dc92a264f6
no_50hz_attenuation,No 50-Hz attenuation,cross_task,Within-participant cross-task transfer,arithmetic_to_stroop,Arithmetic to Stroop,2,,2,988,4,409,3,0.6666666666666666,0.5,3.2451862611363875,3156925cc0a7f6a07a9df75e1362f28dfc1bb13620b012bf4cc804dc92a264f6
no_50hz_attenuation,No 50-Hz attenuation,cross_task,Within-participant cross-task transfer,arithmetic_to_stroop,Arithmetic to Stroop,3,,3,569,4,389,3,1.0,1.0,0.13777895118749936,3156925cc0a7f6a07a9df75e1362f28dfc1bb13620b012bf4cc804dc92a264f6
no_50hz_attenuation,No 50-Hz attenuation,cross_task,Within-participant cross-task transfer,arithmetic_to_stroop,Arithmetic to Stroop,4,,4,666,4,343,3,0.6666666666666666,0.5,2.5416783883669583,3156925cc0a7f6a07a9df75e1362f28dfc1bb13620b012bf4cc804dc92a264f6
no_50hz_attenuation,No 50-Hz attenuation,cross_task,Within-participant cross-task transfer,arithmetic_to_stroop,Arithmetic to Stroop,5,,5,827,4,416,3,0.6666666666666666,0.5,1.661421909401885,3156925cc0a7f6a07a9df75e1362f28dfc1bb13620b012bf4cc804dc92a264f6
no_50hz_attenuation,No 50-Hz attenuation,cross_task,Within-participant cross-task transfer,arithmetic_to_stroop,Arithmetic to Stroop,6,,6,590,4,391,3,0.6666666666666666,0.75,9.359485588251163,3156925cc0a7f6a07a9df75e1362f28dfc1bb13620b012bf4cc804dc92a264f6
no_50hz_attenuation,No 50-Hz attenuation,cross_task,Within-participant cross-task transfer,arithmetic_to_stroop,Arithmetic to Stroop,7,,7,353,4,372,3,0.6666666666666666,0.5,1.9436812020484997,3156925cc0a7f6a07a9df75e1362f28dfc1bb13620b012bf4cc804dc92a264f6
no_50hz_attenuation,No 50-Hz attenuation,cross_task,Within-participant cross-task transfer,arithmetic_to_stroop,Arithmetic to Stroop,8,,8,1038,4,556,3,0.6666666666666666,0.5,1.018935280486035,3156925cc0a7f6a07a9df75e1362f28dfc1bb13620b012bf4cc804dc92a264f6
no_50hz_attenuation,No 50-Hz attenuation,cross_task,Within-participant cross-task transfer,arithmetic_to_stroop,Arithmetic to Stroop,9,,9,1079,4,463,3,0.6666666666666666,0.5,2.7906702563791472,3156925cc0a7f6a07a9df75e1362f28dfc1bb13620b012bf4cc804dc92a264f6
no_50hz_attenuation,No 50-Hz attenuation,cross_task,Within-participant cross-task transfer,arithmetic_to_stroop,Arithmetic to Stroop,10,,10,538,4,408,3,0.3333333333333333,0.25,1.2345473898812898,3156925cc0a7f6a07a9df75e1362f28dfc1bb13620b012bf4cc804dc92a264f6
no_50hz_attenuation,No 50-Hz attenuation,cross_task,Within-participant cross-task transfer,arithmetic_to_stroop,Arithmetic to Stroop,11,,11,772,4,428,3,0.3333333333333333,0.5,2.7871041108759087,3156925cc0a7f6a07a9df75e1362f28dfc1bb13620b012bf4cc804dc92a264f6
no_50hz_attenuation,No 50-Hz attenuation,cross_task,Within-participant cross-task transfer,arithmetic_to_stroop,Arithmetic to Stroop,12,,12,655,4,438,3,0.6666666666666666,0.5,2.508767880259819,3156925cc0a7f6a07a9df75e1362f28dfc1bb13620b012bf4cc804dc92a264f6
no_50hz_attenuation,No 50-Hz attenuation,cross_task,Within-participant cross-task transfer,arithmetic_to_stroop,Arithmetic to Stroop,13,,13,670,4,393,3,1.0,1.0,0.0438892911999052,3156925cc0a7f6a07a9df75e1362f28dfc1bb13620b012bf4cc804dc92a264f6
no_50hz_attenuation,No 50-Hz attenuation,cross_task,Within-participant cross-task transfer,stroop_to_arithmetic,Stroop to Arithmetic,1,,1,653,4,539,3,0.3333333333333333,0.5,0.8105583946564372,3156925cc0a7f6a07a9df75e1362f28dfc1bb13620b012bf4cc804dc92a264f6
no_50hz_attenuation,No 50-Hz attenuation,cross_task,Within-participant cross-task transfer,stroop_to_arithmetic,Stroop to Arithmetic,2,,2,859,4,538,3,0.6666666666666666,0.75,0.6388343795413055,3156925cc0a7f6a07a9df75e1362f28dfc1bb13620b012bf4cc804dc92a264f6
no_50hz_attenuation,No 50-Hz attenuation,cross_task,Within-participant cross-task transfer,stroop_to_arithmetic,Stroop to Arithmetic,3,,3,570,4,388,3,0.6666666666666666,0.5,3.11617747135848,3156925cc0a7f6a07a9df75e1362f28dfc1bb13620b012bf4cc804dc92a264f6
no_50hz_attenuation,No 50-Hz attenuation,cross_task,Within-participant cross-task transfer,stroop_to_arithmetic,Stroop to Arithmetic,4,,4,459,4,550,3,1.0,1.0,0.12019587502430307,3156925cc0a7f6a07a9df75e1362f28dfc1bb13620b012bf4cc804dc92a264f6
no_50hz_attenuation,No 50-Hz attenuation,cross_task,Within-participant cross-task transfer,stroop_to_arithmetic,Stroop to Arithmetic,5,,5,660,4,583,3,0.0,0.0,2.3355207602614336,3156925cc0a7f6a07a9df75e1362f28dfc1bb13620b012bf4cc804dc92a264f6
no_50hz_attenuation,No 50-Hz attenuation,cross_task,Within-participant cross-task transfer,stroop_to_arithmetic,Stroop to Arithmetic,6,,6,541,4,440,3,0.6666666666666666,0.75,0.5456187060792356,3156925cc0a7f6a07a9df75e1362f28dfc1bb13620b012bf4cc804dc92a264f6
no_50hz_attenuation,No 50-Hz attenuation,cross_task,Within-participant cross-task transfer,stroop_to_arithmetic,Stroop to Arithmetic,7,,7,541,4,184,3,0.6666666666666666,0.5,3.505867765312623,3156925cc0a7f6a07a9df75e1362f28dfc1bb13620b012bf4cc804dc92a264f6
no_50hz_attenuation,No 50-Hz attenuation,cross_task,Within-participant cross-task transfer,stroop_to_arithmetic,Stroop to Arithmetic,8,,8,746,4,848,3,0.6666666666666666,0.5,0.5657620537815976,3156925cc0a7f6a07a9df75e1362f28dfc1bb13620b012bf4cc804dc92a264f6
no_50hz_attenuation,No 50-Hz attenuation,cross_task,Within-participant cross-task transfer,stroop_to_arithmetic,Stroop to Arithmetic,9,,9,873,4,669,3,0.6666666666666666,0.5,0.9270424549177393,3156925cc0a7f6a07a9df75e1362f28dfc1bb13620b012bf4cc804dc92a264f6
no_50hz_attenuation,No 50-Hz attenuation,cross_task,Within-participant cross-task transfer,stroop_to_arithmetic,Stroop to Arithmetic,10,,10,593,4,353,3,0.3333333333333333,0.5,0.8452054184592841,3156925cc0a7f6a07a9df75e1362f28dfc1bb13620b012bf4cc804dc92a264f6
no_50hz_attenuation,No 50-Hz attenuation,cross_task,Within-participant cross-task transfer,stroop_to_arithmetic,Stroop to Arithmetic,11,,11,672,4,528,3,0.3333333333333333,0.25,1.0727470962771324,3156925cc0a7f6a07a9df75e1362f28dfc1bb13620b012bf4cc804dc92a264f6
no_50hz_attenuation,No 50-Hz attenuation,cross_task,Within-participant cross-task transfer,stroop_to_arithmetic,Stroop to Arithmetic,12,,12,623,4,470,3,0.3333333333333333,0.25,0.7674008952425515,3156925cc0a7f6a07a9df75e1362f28dfc1bb13620b012bf4cc804dc92a264f6
no_50hz_attenuation,No 50-Hz attenuation,cross_task,Within-participant cross-task transfer,stroop_to_arithmetic,Stroop to Arithmetic,13,,13,573,4,490,3,0.6666666666666666,0.75,0.5810475469675044,3156925cc0a7f6a07a9df75e1362f28dfc1bb13620b012bf4cc804dc92a264f6
neutral_legacy_multipliers,Neutral legacy multipliers,recording_disjoint,Within-participant recording-disjoint,arithmetic,Arithmetic,1,1335,1,370,2,326,2,1.0,1.0,0.2979639192878185,0d28b9a2db89f96e7c51423176dc36e67d0caac0e0475215ffa3402ea261cbbc
neutral_legacy_multipliers,Neutral legacy multipliers,recording_disjoint,Within-participant recording-disjoint,arithmetic,Arithmetic,1,1335,2,326,2,370,2,0.5,0.5,1.8240579914261872,0d28b9a2db89f96e7c51423176dc36e67d0caac0e0475215ffa3402ea261cbbc
neutral_legacy_multipliers,Neutral legacy multipliers,recording_disjoint,Within-participant recording-disjoint,arithmetic,Arithmetic,1,1388,1,321,2,375,2,1.0,1.0,0.011125016116878106,0d28b9a2db89f96e7c51423176dc36e67d0caac0e0475215ffa3402ea261cbbc
neutral_legacy_multipliers,Neutral legacy multipliers,recording_disjoint,Within-participant recording-disjoint,arithmetic,Arithmetic,1,1388,2,375,2,321,2,0.5,0.5,0.903119691590586,0d28b9a2db89f96e7c51423176dc36e67d0caac0e0475215ffa3402ea261cbbc
neutral_legacy_multipliers,Neutral legacy multipliers,recording_disjoint,Within-participant recording-disjoint,arithmetic,Arithmetic,1,1441,1,321,2,375,2,1.0,1.0,0.011125016116878106,0d28b9a2db89f96e7c51423176dc36e67d0caac0e0475215ffa3402ea261cbbc
neutral_legacy_multipliers,Neutral legacy multipliers,recording_disjoint,Within-participant recording-disjoint,arithmetic,Arithmetic,1,1441,2,375,2,321,2,0.5,0.5,0.903119691590586,0d28b9a2db89f96e7c51423176dc36e67d0caac0e0475215ffa3402ea261cbbc
neutral_legacy_multipliers,Neutral legacy multipliers,recording_disjoint,Within-participant recording-disjoint,arithmetic,Arithmetic,1,1494,1,321,2,375,2,1.0,1.0,0.011125016116878106,0d28b9a2db89f96e7c51423176dc36e67d0caac0e0475215ffa3402ea261cbbc
neutral_legacy_multipliers,Neutral legacy multipliers,recording_disjoint,Within-participant recording-disjoint,arithmetic,Arithmetic,1,1494,2,375,2,321,2,0.5,0.5,0.903119691590586,0d28b9a2db89f96e7c51423176dc36e67d0caac0e0475215ffa3402ea261cbbc
neutral_legacy_multipliers,Neutral legacy multipliers,recording_disjoint,Within-participant recording-disjoint,arithmetic,Arithmetic,1,1547,1,370,2,326,2,1.0,1.0,0.2979639192878185,0d28b9a2db89f96e7c51423176dc36e67d0caac0e0475215ffa3402ea261cbbc
neutral_legacy_multipliers,Neutral legacy multipliers,recording_disjoint,Within-participant recording-disjoint,arithmetic,Arithmetic,1,1547,2,326,2,370,2,0.5,0.5,1.8240579914261872,0d28b9a2db89f96e7c51423176dc36e67d0caac0e0475215ffa3402ea261cbbc
neutral_legacy_multipliers,Neutral legacy multipliers,recording_disjoint,Within-participant recording-disjoint,arithmetic,Arithmetic,2,1335,1,402,2,586,2,0.5,0.5,1.417454435218586,0d28b9a2db89f96e7c51423176dc36e67d0caac0e0475215ffa3402ea261cbbc
neutral_legacy_multipliers,Neutral legacy multipliers,recording_disjoint,Within-participant recording-disjoint,arithmetic,Arithmetic,2,1335,2,586,2,402,2,0.5,0.5,2.998810670353827,0d28b9a2db89f96e7c51423176dc36e67d0caac0e0475215ffa3402ea261cbbc
neutral_legacy_multipliers,Neutral legacy multipliers,recording_disjoint,Within-participant recording-disjoint,arithmetic,Arithmetic,2,1388,1,268,2,720,2,0.5,0.5,0.9372465961460404,0d28b9a2db89f96e7c51423176dc36e67d0caac0e0475215ffa3402ea261cbbc
neutral_legacy_multipliers,Neutral legacy multipliers,recording_disjoint,Within-participant recording-disjoint,arithmetic,Arithmetic,2,1388,2,720,2,268,2,0.5,0.5,1.8812822061522294,0d28b9a2db89f96e7c51423176dc36e67d0caac0e0475215ffa3402ea261cbbc
neutral_legacy_multipliers,Neutral legacy multipliers,recording_disjoint,Within-participant recording-disjoint,arithmetic,Arithmetic,2,1441,1,268,2,720,2,0.5,0.5,0.9372465961460404,0d28b9a2db89f96e7c51423176dc36e67d0caac0e0475215ffa3402ea261cbbc
neutral_legacy_multipliers,Neutral legacy multipliers,recording_disjoint,Within-participant recording-disjoint,arithmetic,Arithmetic,2,1441,2,720,2,268,2,0.5,0.5,1.8812822061522294,0d28b9a2db89f96e7c51423176dc36e67d0caac0e0475215ffa3402ea261cbbc
neutral_legacy_multipliers,Neutral legacy multipliers,recording_disjoint,Within-participant recording-disjoint,arithmetic,Arithmetic,2,1494,1,268,2,720,2,0.5,0.5,0.9372465961460404,0d28b9a2db89f96e7c51423176dc36e67d0caac0e0475215ffa3402ea261cbbc
neutral_legacy_multipliers,Neutral legacy multipliers,recording_disjoint,Within-participant recording-disjoint,arithmetic,Arithmetic,2,1494,2,720,2,268,2,0.5,0.5,1.8812822061522294,0d28b9a2db89f96e7c51423176dc36e67d0caac0e0475215ffa3402ea261cbbc
neutral_legacy_multipliers,Neutral legacy multipliers,recording_disjoint,Within-participant recording-disjoint,arithmetic,Arithmetic,2,1547,1,402,2,586,2,0.5,0.5,1.417454435218586,0d28b9a2db89f96e7c51423176dc36e67d0caac0e0475215ffa3402ea261cbbc
neutral_legacy_multipliers,Neutral legacy multipliers,recording_disjoint,Within-participant recording-disjoint,arithmetic,Arithmetic,2,1547,2,586,2,402,2,0.5,0.5,2.998810670353827,0d28b9a2db89f96e7c51423176dc36e67d0caac0e0475215ffa3402ea261cbbc
neutral_legacy_multipliers,Neutral legacy multipliers,recording_disjoint,Within-participant recording-disjoint,arithmetic,Arithmetic,3,1335,1,251,2,318,2,0.5,0.5,4.0823072552662225,0d28b9a2db89f96e7c51423176dc36e67d0caac0e0475215ffa3402ea261cbbc
neutral_legacy_multipliers,Neutral legacy multipliers,recording_disjoint,Within-participant recording-disjoint,arithmetic,Arithmetic,3,1335,2,318,2,251,2,0.5,0.5,2.1614392397629305,0d28b9a2db89f96e7c51423176dc36e67d0caac0e0475215ffa3402ea261cbbc
neutral_legacy_multipliers,Neutral legacy multipliers,recording_disjoint,Within-participant recording-disjoint,arithmetic,Arithmetic,3,1388,1,228,2,341,2,0.5,0.5,1.2438016240586367,0d28b9a2db89f96e7c51423176dc36e67d0caac0e0475215ffa3402ea261cbbc
neutral_legacy_multipliers,Neutral legacy multipliers,recording_disjoint,Within-participant recording-disjoint,arithmetic,Arithmetic,3,1388,2,341,2,228,2,0.5,0.5,3.9642072655400664,0d28b9a2db89f96e7c51423176dc36e67d0caac0e0475215ffa3402ea261cbbc
neutral_legacy_multipliers,Neutral legacy multipliers,recording_disjoint,Within-participant recording-disjoint,arithmetic,Arithmetic,3,1441,1,228,2,341,2,0.5,0.5,1.2438016240586367,0d28b9a2db89f96e7c51423176dc36e67d0caac0e0475215ffa3402ea261cbbc
neutral_legacy_multipliers,Neutral legacy multipliers,recording_disjoint,Within-participant recording-disjoint,arithmetic,Arithmetic,3,1441,2,341,2,228,2,0.5,0.5,3.9642072655400664,0d28b9a2db89f96e7c51423176dc36e67d0caac0e0475215ffa3402ea261cbbc
neutral_legacy_multipliers,Neutral legacy multipliers,recording_disjoint,Within-participant recording-disjoint,arithmetic,Arithmetic,3,1494,1,228,2,341,2,0.5,0.5,1.2438016240586367,0d28b9a2db89f96e7c51423176dc36e67d0caac0e0475215ffa3402ea261cbbc
neutral_legacy_multipliers,Neutral legacy multipliers,recording_disjoint,Within-participant recording-disjoint,arithmetic,Arithmetic,3,1494,2,341,2,228,2,0.5,0.5,3.9642072655400664,0d28b9a2db89f96e7c51423176dc36e67d0caac0e0475215ffa3402ea261cbbc
neutral_legacy_multipliers,Neutral legacy multipliers,recording_disjoint,Within-participant recording-disjoint,arithmetic,Arithmetic,3,1547,1,251,2,318,2,0.5,0.5,4.0823072552662225,0d28b9a2db89f96e7c51423176dc36e67d0caac0e0475215ffa3402ea261cbbc
neutral_legacy_multipliers,Neutral legacy multipliers,recording_disjoint,Within-participant recording-disjoint,arithmetic,Arithmetic,3,1547,2,318,2,251,2,0.5,0.5,2.1614392397629305,0d28b9a2db89f96e7c51423176dc36e67d0caac0e0475215ffa3402ea261cbbc
neutral_legacy_multipliers,Neutral legacy multipliers,recording_disjoint,Within-participant recording-disjoint,arithmetic,Arithmetic,4,1335,1,340,2,326,2,0.5,0.5,2.2434515804580815,0d28b9a2db89f96e7c51423176dc36e67d0caac0e0475215ffa3402ea261cbbc
neutral_legacy_multipliers,Neutral legacy multipliers,recording_disjoint,Within-participant recording-disjoint,arithmetic,Arithmetic,4,1335,2,326,2,340,2,0.5,0.5,9.935085837080356,0d28b9a2db89f96e7c51423176dc36e67d0caac0e0475215ffa3402ea261cbbc
neutral_legacy_multipliers,Neutral legacy multipliers,recording_disjoint,Within-participant recording-disjoint,arithmetic,Arithmetic,4,1388,1,329,2,337,2,0.5,0.5,2.3997649731300283,0d28b9a2db89f96e7c51423176dc36e67d0caac0e0475215ffa3402ea261cbbc
neutral_legacy_multipliers,Neutral legacy multipliers,recording_disjoint,Within-participant recording-disjoint,arithmetic,Arithmetic,4,1388,2,337,2,329,2,0.5,0.5,1.5510254535545134,0d28b9a2db89f96e7c51423176dc36e67d0caac0e0475215ffa3402ea261cbbc
neutral_legacy_multipliers,Neutral legacy multipliers,recording_disjoint,Within-participant recording-disjoint,arithmetic,Arithmetic,4,1441,1,329,2,337,2,0.5,0.5,2.3997649731300283,0d28b9a2db89f96e7c51423176dc36e67d0caac0e0475215ffa3402ea261cbbc
neutral_legacy_multipliers,Neutral legacy multipliers,recording_disjoint,Within-participant recording-disjoint,arithmetic,Arithmetic,4,1441,2,337,2,329,2,0.5,0.5,1.5510254535545134,0d28b9a2db89f96e7c51423176dc36e67d0caac0e0475215ffa3402ea261cbbc
neutral_legacy_multipliers,Neutral legacy multipliers,recording_disjoint,Within-participant recording-disjoint,arithmetic,Arithmetic,4,1494,1,329,2,337,2,0.5,0.5,2.3997649731300283,0d28b9a2db89f96e7c51423176dc36e67d0caac0e0475215ffa3402ea261cbbc
neutral_legacy_multipliers,Neutral legacy multipliers,recording_disjoint,Within-participant recording-disjoint,arithmetic,Arithmetic,4,1494,2,337,2,329,2,0.5,0.5,1.5510254535545134,0d28b9a2db89f96e7c51423176dc36e67d0caac0e0475215ffa3402ea261cbbc
neutral_legacy_multipliers,Neutral legacy multipliers,recording_disjoint,Within-participant recording-disjoint,arithmetic,Arithmetic,4,1547,1,340,2,326,2,0.5,0.5,2.2434515804580815,0d28b9a2db89f96e7c51423176dc36e67d0caac0e0475215ffa3402ea261cbbc
neutral_legacy_multipliers,Neutral legacy multipliers,recording_disjoint,Within-participant recording-disjoint,arithmetic,Arithmetic,4,1547,2,326,2,340,2,0.5,0.5,9.935085837080356,0d28b9a2db89f96e7c51423176dc36e67d0caac0e0475215ffa3402ea261cbbc
neutral_legacy_multipliers,Neutral legacy multipliers,recording_disjoint,Within-participant recording-disjoint,arithmetic,Arithmetic,5,1335,1,385,2,442,2,0.5,0.5,3.578537479407721,0d28b9a2db89f96e7c51423176dc36e67d0caac0e0475215ffa3402ea261cbbc
neutral_legacy_multipliers,Neutral legacy multipliers,recording_disjoint,Within-participant recording-disjoint,arithmetic,Arithmetic,5,1335,2,442,2,385,2,0.5,0.5,2.7796570701034367,0d28b9a2db89f96e7c51423176dc36e67d0caac0e0475215ffa3402ea261cbbc
neutral_legacy_multipliers,Neutral legacy multipliers,recording_disjoint,Within-participant recording-disjoint,arithmetic,Arithmetic,5,1388,1,351,2,476,2,0.5,0.5,6.63409564028262,0d28b9a2db89f96e7c51423176dc36e67d0caac0e0475215ffa3402ea261cbbc
neutral_legacy_multipliers,Neutral legacy multipliers,recording_disjoint,Within-participant recording-disjoint,arithmetic,Arithmetic,5,1388,2,476,2,351,2,0.5,0.5,2.3619926804180205,0d28b9a2db89f96e7c51423176dc36e67d0caac0e0475215ffa3402ea261cbbc
neutral_legacy_multipliers,Neutral legacy multipliers,recording_disjoint,Within-participant recording-disjoint,arithmetic,Arithmetic,5,1441,1,351,2,476,2,0.5,0.5,6.63409564028262,0d28b9a2db89f96e7c51423176dc36e67d0caac0e0475215ffa3402ea261cbbc
neutral_legacy_multipliers,Neutral legacy multipliers,recording_disjoint,Within-participant recording-disjoint,arithmetic,Arithmetic,5,1441,2,476,2,351,2,0.5,0.5,2.3619926804180205,0d28b9a2db89f96e7c51423176dc36e67d0caac0e0475215ffa3402ea261cbbc
neutral_legacy_multipliers,Neutral legacy multipliers,recording_disjoint,Within-participant recording-disjoint,arithmetic,Arithmetic,5,1494,1,351,2,476,2,0.5,0.5,6.63409564028262,0d28b9a2db89f96e7c51423176dc36e67d0caac0e0475215ffa3402ea261cbbc
neutral_legacy_multipliers,Neutral legacy multipliers,recording_disjoint,Within-participant recording-disjoint,arithmetic,Arithmetic,5,1494,2,476,2,351,2,0.5,0.5,2.3619926804180205,0d28b9a2db89f96e7c51423176dc36e67d0caac0e0475215ffa3402ea261cbbc
neutral_legacy_multipliers,Neutral legacy multipliers,recording_disjoint,Within-participant recording-disjoint,arithmetic,Arithmetic,5,1547,1,385,2,442,2,0.5,0.5,3.578537479407721,0d28b9a2db89f96e7c51423176dc36e67d0caac0e0475215ffa3402ea261cbbc
neutral_legacy_multipliers,Neutral legacy multipliers,recording_disjoint,Within-participant recording-disjoint,arithmetic,Arithmetic,5,1547,2,442,2,385,2,0.5,0.5,2.7796570701034367,0d28b9a2db89f96e7c51423176dc36e67d0caac0e0475215ffa3402ea261cbbc
neutral_legacy_multipliers,Neutral legacy multipliers,recording_disjoint,Within-participant recording-disjoint,arithmetic,Arithmetic,6,1335,1,310,2,280,2,0.5,0.5,1.040054150404213,0d28b9a2db89f96e7c51423176dc36e67d0caac0e0475215ffa3402ea261cbbc
neutral_legacy_multipliers,Neutral legacy multipliers,recording_disjoint,Within-participant recording-disjoint,arithmetic,Arithmetic,6,1335,2,280,2,310,2,0.5,0.5,3.0503763329563407,0d28b9a2db89f96e7c51423176dc36e67d0caac0e0475215ffa3402ea261cbbc
neutral_legacy_multipliers,Neutral legacy multipliers,recording_disjoint,Within-participant recording-disjoint,arithmetic,Arithmetic,6,1388,1,249,2,341,2,0.5,0.5,3.306930416190859,0d28b9a2db89f96e7c51423176dc36e67d0caac0e0475215ffa3402ea261cbbc
neutral_legacy_multipliers,Neutral legacy multipliers,recording_disjoint,Within-participant recording-disjoint,arithmetic,Arithmetic,6,1388,2,341,2,249,2,0.5,0.5,3.6718381970724017,0d28b9a2db89f96e7c51423176dc36e67d0caac0e0475215ffa3402ea261cbbc
neutral_legacy_multipliers,Neutral legacy multipliers,recording_disjoint,Within-participant recording-disjoint,arithmetic,Arithmetic,6,1441,1,249,2,341,2,0.5,0.5,3.306930416190859,0d28b9a2db89f96e7c51423176dc36e67d0caac0e0475215ffa3402ea261cbbc
neutral_legacy_multipliers,Neutral legacy multipliers,recording_disjoint,Within-participant recording-disjoint,arithmetic,Arithmetic,6,1441,2,341,2,249,2,0.5,0.5,3.6718381970724017,0d28b9a2db89f96e7c51423176dc36e67d0caac0e0475215ffa3402ea261cbbc
neutral_legacy_multipliers,Neutral legacy multipliers,recording_disjoint,Within-participant recording-disjoint,arithmetic,Arithmetic,6,1494,1,249,2,341,2,0.5,0.5,3.306930416190859,0d28b9a2db89f96e7c51423176dc36e67d0caac0e0475215ffa3402ea261cbbc
neutral_legacy_multipliers,Neutral legacy multipliers,recording_disjoint,Within-participant recording-disjoint,arithmetic,Arithmetic,6,1494,2,341,2,249,2,0.5,0.5,3.6718381970724017,0d28b9a2db89f96e7c51423176dc36e67d0caac0e0475215ffa3402ea261cbbc
neutral_legacy_multipliers,Neutral legacy multipliers,recording_disjoint,Within-participant recording-disjoint,arithmetic,Arithmetic,6,1547,1,310,2,280,2,0.5,0.5,1.040054150404213,0d28b9a2db89f96e7c51423176dc36e67d0caac0e0475215ffa3402ea261cbbc
neutral_legacy_multipliers,Neutral legacy multipliers,recording_disjoint,Within-participant recording-disjoint,arithmetic,Arithmetic,6,1547,2,280,2,310,2,0.5,0.5,3.0503763329563407,0d28b9a2db89f96e7c51423176dc36e67d0caac0e0475215ffa3402ea261cbbc
neutral_legacy_multipliers,Neutral legacy multipliers,recording_disjoint,Within-participant recording-disjoint,arithmetic,Arithmetic,7,1335,1,138,2,215,2,1.0,1.0,0.0866517059843303,0d28b9a2db89f96e7c51423176dc36e67d0caac0e0475215ffa3402ea261cbbc
neutral_legacy_multipliers,Neutral legacy multipliers,recording_disjoint,Within-participant recording-disjoint,arithmetic,Arithmetic,7,1335,2,215,2,138,2,0.5,0.5,3.3669393865088866,0d28b9a2db89f96e7c51423176dc36e67d0caac0e0475215ffa3402ea261cbbc
neutral_legacy_multipliers,Neutral legacy multipliers,recording_disjoint,Within-participant recording-disjoint,arithmetic,Arithmetic,7,1388,1,82,2,271,2,0.5,0.5,1.9444619571886121,0d28b9a2db89f96e7c51423176dc36e67d0caac0e0475215ffa3402ea261cbbc
neutral_legacy_multipliers,Neutral legacy multipliers,recording_disjoint,Within-participant recording-disjoint,arithmetic,Arithmetic,7,1388,2,271,2,82,2,0.5,0.5,2.7914872247360996,0d28b9a2db89f96e7c51423176dc36e67d0caac0e0475215ffa3402ea261cbbc
neutral_legacy_multipliers,Neutral legacy multipliers,recording_disjoint,Within-participant recording-disjoint,arithmetic,Arithmetic,7,1441,1,82,2,271,2,0.5,0.5,1.9444619571886121,0d28b9a2db89f96e7c51423176dc36e67d0caac0e0475215ffa3402ea261cbbc
neutral_legacy_multipliers,Neutral legacy multipliers,recording_disjoint,Within-participant recording-disjoint,arithmetic,Arithmetic,7,1441,2,271,2,82,2,0.5,0.5,2.7914872247360996,0d28b9a2db89f96e7c51423176dc36e67d0caac0e0475215ffa3402ea261cbbc
neutral_legacy_multipliers,Neutral legacy multipliers,recording_disjoint,Within-participant recording-disjoint,arithmetic,Arithmetic,7,1494,1,82,2,271,2,0.5,0.5,1.9444619571886121,0d28b9a2db89f96e7c51423176dc36e67d0caac0e0475215ffa3402ea261cbbc
neutral_legacy_multipliers,Neutral legacy multipliers,recording_disjoint,Within-participant recording-disjoint,arithmetic,Arithmetic,7,1494,2,271,2,82,2,0.5,0.5,2.7914872247360996,0d28b9a2db89f96e7c51423176dc36e67d0caac0e0475215ffa3402ea261cbbc
neutral_legacy_multipliers,Neutral legacy multipliers,recording_disjoint,Within-participant recording-disjoint,arithmetic,Arithmetic,7,1547,1,138,2,215,2,1.0,1.0,0.0866517059843303,0d28b9a2db89f96e7c51423176dc36e67d0caac0e0475215ffa3402ea261cbbc
neutral_legacy_multipliers,Neutral legacy multipliers,recording_disjoint,Within-participant recording-disjoint,arithmetic,Arithmetic,7,1547,2,215,2,138,2,0.5,0.5,3.3669393865088866,0d28b9a2db89f96e7c51423176dc36e67d0caac0e0475215ffa3402ea261cbbc
neutral_legacy_multipliers,Neutral legacy multipliers,recording_disjoint,Within-participant recording-disjoint,arithmetic,Arithmetic,8,1335,1,589,2,449,2,1.0,1.0,0.41123093957460305,0d28b9a2db89f96e7c51423176dc36e67d0caac0e0475215ffa3402ea261cbbc
neutral_legacy_multipliers,Neutral legacy multipliers,recording_disjoint,Within-participant recording-disjoint,arithmetic,Arithmetic,8,1335,2,449,2,589,2,0.5,0.5,2.0158601812199204,0d28b9a2db89f96e7c51423176dc36e67d0caac0e0475215ffa3402ea261cbbc
neutral_legacy_multipliers,Neutral legacy multipliers,recording_disjoint,Within-participant recording-disjoint,arithmetic,Arithmetic,8,1388,1,537,2,501,2,0.5,0.5,0.6063390836863729,0d28b9a2db89f96e7c51423176dc36e67d0caac0e0475215ffa3402ea261cbbc
neutral_legacy_multipliers,Neutral legacy multipliers,recording_disjoint,Within-participant recording-disjoint,arithmetic,Arithmetic,8,1388,2,501,2,537,2,0.5,0.5,2.2687136949965803,0d28b9a2db89f96e7c51423176dc36e67d0caac0e0475215ffa3402ea261cbbc
neutral_legacy_multipliers,Neutral legacy multipliers,recording_disjoint,Within-participant recording-disjoint,arithmetic,Arithmetic,8,1441,1,537,2,501,2,0.5,0.5,0.6063390836863729,0d28b9a2db89f96e7c51423176dc36e67d0caac0e0475215ffa3402ea261cbbc
neutral_legacy_multipliers,Neutral legacy multipliers,recording_disjoint,Within-participant recording-disjoint,arithmetic,Arithmetic,8,1441,2,501,2,537,2,0.5,0.5,2.2687136949965803,0d28b9a2db89f96e7c51423176dc36e67d0caac0e0475215ffa3402ea261cbbc
neutral_legacy_multipliers,Neutral legacy multipliers,recording_disjoint,Within-participant recording-disjoint,arithmetic,Arithmetic,8,1494,1,537,2,501,2,0.5,0.5,0.6063390836863729,0d28b9a2db89f96e7c51423176dc36e67d0caac0e0475215ffa3402ea261cbbc
neutral_legacy_multipliers,Neutral legacy multipliers,recording_disjoint,Within-participant recording-disjoint,arithmetic,Arithmetic,8,1494,2,501,2,537,2,0.5,0.5,2.2687136949965803,0d28b9a2db89f96e7c51423176dc36e67d0caac0e0475215ffa3402ea261cbbc
neutral_legacy_multipliers,Neutral legacy multipliers,recording_disjoint,Within-participant recording-disjoint,arithmetic,Arithmetic,8,1547,1,589,2,449,2,1.0,1.0,0.41123093957460305,0d28b9a2db89f96e7c51423176dc36e67d0caac0e0475215ffa3402ea261cbbc
neutral_legacy_multipliers,Neutral legacy multipliers,recording_disjoint,Within-participant recording-disjoint,arithmetic,Arithmetic,8,1547,2,449,2,589,2,0.5,0.5,2.0158601812199204,0d28b9a2db89f96e7c51423176dc36e67d0caac0e0475215ffa3402ea261cbbc
neutral_legacy_multipliers,Neutral legacy multipliers,recording_disjoint,Within-participant recording-disjoint,arithmetic,Arithmetic,9,1335,1,547,2,532,2,1.0,1.0,0.4451081328031481,0d28b9a2db89f96e7c51423176dc36e67d0caac0e0475215ffa3402ea261cbbc
neutral_legacy_multipliers,Neutral legacy multipliers,recording_disjoint,Within-participant recording-disjoint,arithmetic,Arithmetic,9,1335,2,532,2,547,2,0.5,0.5,2.90150695963334,0d28b9a2db89f96e7c51423176dc36e67d0caac0e0475215ffa3402ea261cbbc
neutral_legacy_multipliers,Neutral legacy multipliers,recording_disjoint,Within-participant recording-disjoint,arithmetic,Arithmetic,9,1388,1,243,2,836,2,0.5,0.5,0.8631660483011802,0d28b9a2db89f96e7c51423176dc36e67d0caac0e0475215ffa3402ea261cbbc
neutral_legacy_multipliers,Neutral legacy multipliers,recording_disjoint,Within-participant recording-disjoint,arithmetic,Arithmetic,9,1388,2,836,2,243,2,0.5,0.5,3.523411258784172,0d28b9a2db89f96e7c51423176dc36e67d0caac0e0475215ffa3402ea261cbbc
neutral_legacy_multipliers,Neutral legacy multipliers,recording_disjoint,Within-participant recording-disjoint,arithmetic,Arithmetic,9,1441,1,243,2,836,2,0.5,0.5,0.8631660483011802,0d28b9a2db89f96e7c51423176dc36e67d0caac0e0475215ffa3402ea261cbbc
neutral_legacy_multipliers,Neutral legacy multipliers,recording_disjoint,Within-participant recording-disjoint,arithmetic,Arithmetic,9,1441,2,836,2,243,2,0.5,0.5,3.523411258784172,0d28b9a2db89f96e7c51423176dc36e67d0caac0e0475215ffa3402ea261cbbc
neutral_legacy_multipliers,Neutral legacy multipliers,recording_disjoint,Within-participant recording-disjoint,arithmetic,Arithmetic,9,1494,1,243,2,836,2,0.5,0.5,0.8631660483011802,0d28b9a2db89f96e7c51423176dc36e67d0caac0e0475215ffa3402ea261cbbc
neutral_legacy_multipliers,Neutral legacy multipliers,recording_disjoint,Within-participant recording-disjoint,arithmetic,Arithmetic,9,1494,2,836,2,243,2,0.5,0.5,3.523411258784172,0d28b9a2db89f96e7c51423176dc36e67d0caac0e0475215ffa3402ea261cbbc
neutral_legacy_multipliers,Neutral legacy multipliers,recording_disjoint,Within-participant recording-disjoint,arithmetic,Arithmetic,9,1547,1,547,2,532,2,1.0,1.0,0.4451081328031481,0d28b9a2db89f96e7c51423176dc36e67d0caac0e0475215ffa3402ea261cbbc
neutral_legacy_multipliers,Neutral legacy multipliers,recording_disjoint,Within-participant recording-disjoint,arithmetic,Arithmetic,9,1547,2,532,2,547,2,0.5,0.5,2.90150695963334,0d28b9a2db89f96e7c51423176dc36e67d0caac0e0475215ffa3402ea261cbbc
neutral_legacy_multipliers,Neutral legacy multipliers,recording_disjoint,Within-participant recording-disjoint,arithmetic,Arithmetic,10,1335,1,241,2,297,2,0.5,0.5,5.191979967403938,0d28b9a2db89f96e7c51423176dc36e67d0caac0e0475215ffa3402ea261cbbc
neutral_legacy_multipliers,Neutral legacy multipliers,recording_disjoint,Within-participant recording-disjoint,arithmetic,Arithmetic,10,1335,2,297,2,241,2,0.5,0.5,1.788181969181863,0d28b9a2db89f96e7c51423176dc36e67d0caac0e0475215ffa3402ea261cbbc
neutral_legacy_multipliers,Neutral legacy multipliers,recording_disjoint,Within-participant recording-disjoint,arithmetic,Arithmetic,10,1388,1,208,2,330,2,0.5,0.5,0.5625059880586039,0d28b9a2db89f96e7c51423176dc36e67d0caac0e0475215ffa3402ea261cbbc
neutral_legacy_multipliers,Neutral legacy multipliers,recording_disjoint,Within-participant recording-disjoint,arithmetic,Arithmetic,10,1388,2,330,2,208,2,0.5,0.5,1.7578671239667354,0d28b9a2db89f96e7c51423176dc36e67d0caac0e0475215ffa3402ea261cbbc
neutral_legacy_multipliers,Neutral legacy multipliers,recording_disjoint,Within-participant recording-disjoint,arithmetic,Arithmetic,10,1441,1,208,2,330,2,0.5,0.5,0.5625059880586039,0d28b9a2db89f96e7c51423176dc36e67d0caac0e0475215ffa3402ea261cbbc
neutral_legacy_multipliers,Neutral legacy multipliers,recording_disjoint,Within-participant recording-disjoint,arithmetic,Arithmetic,10,1441,2,330,2,208,2,0.5,0.5,1.7578671239667354,0d28b9a2db89f96e7c51423176dc36e67d0caac0e0475215ffa3402ea261cbbc
neutral_legacy_multipliers,Neutral legacy multipliers,recording_disjoint,Within-participant recording-disjoint,arithmetic,Arithmetic,10,1494,1,208,2,330,2,0.5,0.5,0.5625059880586039,0d28b9a2db89f96e7c51423176dc36e67d0caac0e0475215ffa3402ea261cbbc
neutral_legacy_multipliers,Neutral legacy multipliers,recording_disjoint,Within-participant recording-disjoint,arithmetic,Arithmetic,10,1494,2,330,2,208,2,0.5,0.5,1.7578671239667354,0d28b9a2db89f96e7c51423176dc36e67d0caac0e0475215ffa3402ea261cbbc
neutral_legacy_multipliers,Neutral legacy multipliers,recording_disjoint,Within-participant recording-disjoint,arithmetic,Arithmetic,10,1547,1,241,2,297,2,0.5,0.5,5.191979967403938,0d28b9a2db89f96e7c51423176dc36e67d0caac0e0475215ffa3402ea261cbbc
neutral_legacy_multipliers,Neutral legacy multipliers,recording_disjoint,Within-participant recording-disjoint,arithmetic,Arithmetic,10,1547,2,297,2,241,2,0.5,0.5,1.788181969181863,0d28b9a2db89f96e7c51423176dc36e67d0caac0e0475215ffa3402ea261cbbc
neutral_legacy_multipliers,Neutral legacy multipliers,recording_disjoint,Within-participant recording-disjoint,arithmetic,Arithmetic,11,1335,1,366,2,406,2,0.5,0.5,7.260900890117581,0d28b9a2db89f96e7c51423176dc36e67d0caac0e0475215ffa3402ea261cbbc
neutral_legacy_multipliers,Neutral legacy multipliers,recording_disjoint,Within-participant recording-disjoint,arithmetic,Arithmetic,11,1335,2,406,2,366,2,0.5,0.5,2.8904138673162603,0d28b9a2db89f96e7c51423176dc36e67d0caac0e0475215ffa3402ea261cbbc
neutral_legacy_multipliers,Neutral legacy multipliers,recording_disjoint,Within-participant recording-disjoint,arithmetic,Arithmetic,11,1388,1,317,2,455,2,0.5,0.5,5.784220040682068,0d28b9a2db89f96e7c51423176dc36e67d0caac0e0475215ffa3402ea261cbbc
neutral_legacy_multipliers,Neutral legacy multipliers,recording_disjoint,Within-participant recording-disjoint,arithmetic,Arithmetic,11,1388,2,455,2,317,2,0.5,0.5,2.8250570973696876,0d28b9a2db89f96e7c51423176dc36e67d0caac0e0475215ffa3402ea261cbbc
neutral_legacy_multipliers,Neutral legacy multipliers,recording_disjoint,Within-participant recording-disjoint,arithmetic,Arithmetic,11,1441,1,317,2,455,2,0.5,0.5,5.784220040682068,0d28b9a2db89f96e7c51423176dc36e67d0caac0e0475215ffa3402ea261cbbc
neutral_legacy_multipliers,Neutral legacy multipliers,recording_disjoint,Within-participant recording-disjoint,arithmetic,Arithmetic,11,1441,2,455,2,317,2,0.5,0.5,2.8250570973696876,0d28b9a2db89f96e7c51423176dc36e67d0caac0e0475215ffa3402ea261cbbc
neutral_legacy_multipliers,Neutral legacy multipliers,recording_disjoint,Within-participant recording-disjoint,arithmetic,Arithmetic,11,1494,1,317,2,455,2,0.5,0.5,5.784220040682068,0d28b9a2db89f96e7c51423176dc36e67d0caac0e0475215ffa3402ea261cbbc
neutral_legacy_multipliers,Neutral legacy multipliers,recording_disjoint,Within-participant recording-disjoint,arithmetic,Arithmetic,11,1494,2,455,2,317,2,0.5,0.5,2.8250570973696876,0d28b9a2db89f96e7c51423176dc36e67d0caac0e0475215ffa3402ea261cbbc
neutral_legacy_multipliers,Neutral legacy multipliers,recording_disjoint,Within-participant recording-disjoint,arithmetic,Arithmetic,11,1547,1,366,2,406,2,0.5,0.5,7.260900890117581,0d28b9a2db89f96e7c51423176dc36e67d0caac0e0475215ffa3402ea261cbbc
neutral_legacy_multipliers,Neutral legacy multipliers,recording_disjoint,Within-participant recording-disjoint,arithmetic,Arithmetic,11,1547,2,406,2,366,2,0.5,0.5,2.8904138673162603,0d28b9a2db89f96e7c51423176dc36e67d0caac0e0475215ffa3402ea261cbbc
neutral_legacy_multipliers,Neutral legacy multipliers,recording_disjoint,Within-participant recording-disjoint,arithmetic,Arithmetic,12,1335,1,335,2,320,2,0.5,0.5,1.2157892369346093,0d28b9a2db89f96e7c51423176dc36e67d0caac0e0475215ffa3402ea261cbbc
neutral_legacy_multipliers,Neutral legacy multipliers,recording_disjoint,Within-participant recording-disjoint,arithmetic,Arithmetic,12,1335,2,320,2,335,2,0.5,0.5,3.2272272908379556,0d28b9a2db89f96e7c51423176dc36e67d0caac0e0475215ffa3402ea261cbbc
neutral_legacy_multipliers,Neutral legacy multipliers,recording_disjoint,Within-participant recording-disjoint,arithmetic,Arithmetic,12,1388,1,251,2,404,2,0.5,0.5,3.806844157108384,0d28b9a2db89f96e7c51423176dc36e67d0caac0e0475215ffa3402ea261cbbc
neutral_legacy_multipliers,Neutral legacy multipliers,recording_disjoint,Within-participant recording-disjoint,arithmetic,Arithmetic,12,1388,2,404,2,251,2,0.5,0.5,2.3671509969450373,0d28b9a2db89f96e7c51423176dc36e67d0caac0e0475215ffa3402ea261cbbc
neutral_legacy_multipliers,Neutral legacy multipliers,recording_disjoint,Within-participant recording-disjoint,arithmetic,Arithmetic,12,1441,1,251,2,404,2,0.5,0.5,3.806844157108384,0d28b9a2db89f96e7c51423176dc36e67d0caac0e0475215ffa3402ea261cbbc
neutral_legacy_multipliers,Neutral legacy multipliers,recording_disjoint,Within-participant recording-disjoint,arithmetic,Arithmetic,12,1441,2,404,2,251,2,0.5,0.5,2.3671509969450373,0d28b9a2db89f96e7c51423176dc36e67d0caac0e0475215ffa3402ea261cbbc
neutral_legacy_multipliers,Neutral legacy multipliers,recording_disjoint,Within-participant recording-disjoint,arithmetic,Arithmetic,12,1494,1,251,2,404,2,0.5,0.5,3.806844157108384,0d28b9a2db89f96e7c51423176dc36e67d0caac0e0475215ffa3402ea261cbbc
neutral_legacy_multipliers,Neutral legacy multipliers,recording_disjoint,Within-participant recording-disjoint,arithmetic,Arithmetic,12,1494,2,404,2,251,2,0.5,0.5,2.3671509969450373,0d28b9a2db89f96e7c51423176dc36e67d0caac0e0475215ffa3402ea261cbbc
neutral_legacy_multipliers,Neutral legacy multipliers,recording_disjoint,Within-participant recording-disjoint,arithmetic,Arithmetic,12,1547,1,335,2,320,2,0.5,0.5,1.2157892369346093,0d28b9a2db89f96e7c51423176dc36e67d0caac0e0475215ffa3402ea261cbbc
neutral_legacy_multipliers,Neutral legacy multipliers,recording_disjoint,Within-participant recording-disjoint,arithmetic,Arithmetic,12,1547,2,320,2,335,2,0.5,0.5,3.2272272908379556,0d28b9a2db89f96e7c51423176dc36e67d0caac0e0475215ffa3402ea261cbbc
neutral_legacy_multipliers,Neutral legacy multipliers,recording_disjoint,Within-participant recording-disjoint,arithmetic,Arithmetic,13,1335,1,345,2,325,2,0.5,0.5,0.5743645638801235,0d28b9a2db89f96e7c51423176dc36e67d0caac0e0475215ffa3402ea261cbbc
neutral_legacy_multipliers,Neutral legacy multipliers,recording_disjoint,Within-participant recording-disjoint,arithmetic,Arithmetic,13,1335,2,325,2,345,2,0.5,0.5,3.3683754385426026,0d28b9a2db89f96e7c51423176dc36e67d0caac0e0475215ffa3402ea261cbbc
neutral_legacy_multipliers,Neutral legacy multipliers,recording_disjoint,Within-participant recording-disjoint,arithmetic,Arithmetic,13,1388,1,287,2,383,2,0.5,0.5,3.413390761682055,0d28b9a2db89f96e7c51423176dc36e67d0caac0e0475215ffa3402ea261cbbc
neutral_legacy_multipliers,Neutral legacy multipliers,recording_disjoint,Within-participant recording-disjoint,arithmetic,Arithmetic,13,1388,2,383,2,287,2,0.5,0.5,2.965143819746493,0d28b9a2db89f96e7c51423176dc36e67d0caac0e0475215ffa3402ea261cbbc
neutral_legacy_multipliers,Neutral legacy multipliers,recording_disjoint,Within-participant recording-disjoint,arithmetic,Arithmetic,13,1441,1,287,2,383,2,0.5,0.5,3.413390761682055,0d28b9a2db89f96e7c51423176dc36e67d0caac0e0475215ffa3402ea261cbbc
neutral_legacy_multipliers,Neutral legacy multipliers,recording_disjoint,Within-participant recording-disjoint,arithmetic,Arithmetic,13,1441,2,383,2,287,2,0.5,0.5,2.965143819746493,0d28b9a2db89f96e7c51423176dc36e67d0caac0e0475215ffa3402ea261cbbc
neutral_legacy_multipliers,Neutral legacy multipliers,recording_disjoint,Within-participant recording-disjoint,arithmetic,Arithmetic,13,1494,1,287,2,383,2,0.5,0.5,3.413390761682055,0d28b9a2db89f96e7c51423176dc36e67d0caac0e0475215ffa3402ea261cbbc
neutral_legacy_multipliers,Neutral legacy multipliers,recording_disjoint,Within-participant recording-disjoint,arithmetic,Arithmetic,13,1494,2,383,2,287,2,0.5,0.5,2.965143819746493,0d28b9a2db89f96e7c51423176dc36e67d0caac0e0475215ffa3402ea261cbbc
neutral_legacy_multipliers,Neutral legacy multipliers,recording_disjoint,Within-participant recording-disjoint,arithmetic,Arithmetic,13,1547,1,345,2,325,2,0.5,0.5,0.5743645638801235,0d28b9a2db89f96e7c51423176dc36e67d0caac0e0475215ffa3402ea261cbbc
neutral_legacy_multipliers,Neutral legacy multipliers,recording_disjoint,Within-participant recording-disjoint,arithmetic,Arithmetic,13,1547,2,325,2,345,2,0.5,0.5,3.3683754385426026,0d28b9a2db89f96e7c51423176dc36e67d0caac0e0475215ffa3402ea261cbbc
neutral_legacy_multipliers,Neutral legacy multipliers,recording_disjoint,Within-participant recording-disjoint,arithmetic,Arithmetic,14,1335,1,284,2,310,2,0.0,0.0,15.572620757781706,0d28b9a2db89f96e7c51423176dc36e67d0caac0e0475215ffa3402ea261cbbc
neutral_legacy_multipliers,Neutral legacy multipliers,recording_disjoint,Within-participant recording-disjoint,arithmetic,Arithmetic,14,1335,2,310,2,284,2,0.5,0.5,4.546939520513273,0d28b9a2db89f96e7c51423176dc36e67d0caac0e0475215ffa3402ea261cbbc
neutral_legacy_multipliers,Neutral legacy multipliers,recording_disjoint,Within-participant recording-disjoint,arithmetic,Arithmetic,14,1388,1,269,2,325,2,0.5,0.5,2.664552689684679,0d28b9a2db89f96e7c51423176dc36e67d0caac0e0475215ffa3402ea261cbbc
neutral_legacy_multipliers,Neutral legacy multipliers,recording_disjoint,Within-participant recording-disjoint,arithmetic,Arithmetic,14,1388,2,325,2,269,2,0.5,0.5,5.694149631471318,0d28b9a2db89f96e7c51423176dc36e67d0caac0e0475215ffa3402ea261cbbc
neutral_legacy_multipliers,Neutral legacy multipliers,recording_disjoint,Within-participant recording-disjoint,arithmetic,Arithmetic,14,1441,1,269,2,325,2,0.5,0.5,2.664552689684679,0d28b9a2db89f96e7c51423176dc36e67d0caac0e0475215ffa3402ea261cbbc
neutral_legacy_multipliers,Neutral legacy multipliers,recording_disjoint,Within-participant recording-disjoint,arithmetic,Arithmetic,14,1441,2,325,2,269,2,0.5,0.5,5.694149631471318,0d28b9a2db89f96e7c51423176dc36e67d0caac0e0475215ffa3402ea261cbbc
neutral_legacy_multipliers,Neutral legacy multipliers,recording_disjoint,Within-participant recording-disjoint,arithmetic,Arithmetic,14,1494,1,269,2,325,2,0.5,0.5,2.664552689684679,0d28b9a2db89f96e7c51423176dc36e67d0caac0e0475215ffa3402ea261cbbc
neutral_legacy_multipliers,Neutral legacy multipliers,recording_disjoint,Within-participant recording-disjoint,arithmetic,Arithmetic,14,1494,2,325,2,269,2,0.5,0.5,5.694149631471318,0d28b9a2db89f96e7c51423176dc36e67d0caac0e0475215ffa3402ea261cbbc
neutral_legacy_multipliers,Neutral legacy multipliers,recording_disjoint,Within-participant recording-disjoint,arithmetic,Arithmetic,14,1547,1,284,2,310,2,0.0,0.0,15.572620757781706,0d28b9a2db89f96e7c51423176dc36e67d0caac0e0475215ffa3402ea261cbbc
neutral_legacy_multipliers,Neutral legacy multipliers,recording_disjoint,Within-participant recording-disjoint,arithmetic,Arithmetic,14,1547,2,310,2,284,2,0.5,0.5,4.546939520513273,0d28b9a2db89f96e7c51423176dc36e67d0caac0e0475215ffa3402ea261cbbc
neutral_legacy_multipliers,Neutral legacy multipliers,recording_disjoint,Within-participant recording-disjoint,arithmetic,Arithmetic,15,1335,1,432,2,295,2,1.0,1.0,0.13953235953333232,0d28b9a2db89f96e7c51423176dc36e67d0caac0e0475215ffa3402ea261cbbc
neutral_legacy_multipliers,Neutral legacy multipliers,recording_disjoint,Within-participant recording-disjoint,arithmetic,Arithmetic,15,1335,2,295,2,432,2,0.5,0.5,3.944088070874255,0d28b9a2db89f96e7c51423176dc36e67d0caac0e0475215ffa3402ea261cbbc
neutral_legacy_multipliers,Neutral legacy multipliers,recording_disjoint,Within-participant recording-disjoint,arithmetic,Arithmetic,15,1388,1,314,2,413,2,1.0,1.0,0.0014087218804222617,0d28b9a2db89f96e7c51423176dc36e67d0caac0e0475215ffa3402ea261cbbc
neutral_legacy_multipliers,Neutral legacy multipliers,recording_disjoint,Within-participant recording-disjoint,arithmetic,Arithmetic,15,1388,2,413,2,314,2,0.5,0.5,4.214370268721997,0d28b9a2db89f96e7c51423176dc36e67d0caac0e0475215ffa3402ea261cbbc
neutral_legacy_multipliers,Neutral legacy multipliers,recording_disjoint,Within-participant recording-disjoint,arithmetic,Arithmetic,15,1441,1,314,2,413,2,1.0,1.0,0.0014087218804222617,0d28b9a2db89f96e7c51423176dc36e67d0caac0e0475215ffa3402ea261cbbc
neutral_legacy_multipliers,Neutral legacy multipliers,recording_disjoint,Within-participant recording-disjoint,arithmetic,Arithmetic,15,1441,2,413,2,314,2,0.5,0.5,4.214370268721997,0d28b9a2db89f96e7c51423176dc36e67d0caac0e0475215ffa3402ea261cbbc
neutral_legacy_multipliers,Neutral legacy multipliers,recording_disjoint,Within-participant recording-disjoint,arithmetic,Arithmetic,15,1494,1,314,2,413,2,1.0,1.0,0.0014087218804222617,0d28b9a2db89f96e7c51423176dc36e67d0caac0e0475215ffa3402ea261cbbc
neutral_legacy_multipliers,Neutral legacy multipliers,recording_disjoint,Within-participant recording-disjoint,arithmetic,Arithmetic,15,1494,2,413,2,314,2,0.5,0.5,4.214370268721997,0d28b9a2db89f96e7c51423176dc36e67d0caac0e0475215ffa3402ea261cbbc
neutral_legacy_multipliers,Neutral legacy multipliers,recording_disjoint,Within-participant recording-disjoint,arithmetic,Arithmetic,15,1547,1,432,2,295,2,1.0,1.0,0.13953235953333232,0d28b9a2db89f96e7c51423176dc36e67d0caac0e0475215ffa3402ea261cbbc
neutral_legacy_multipliers,Neutral legacy multipliers,recording_disjoint,Within-participant recording-disjoint,arithmetic,Arithmetic,15,1547,2,295,2,432,2,0.5,0.5,3.944088070874255,0d28b9a2db89f96e7c51423176dc36e67d0caac0e0475215ffa3402ea261cbbc
neutral_legacy_multipliers,Neutral legacy multipliers,participant_disjoint_loso,Participant-disjoint LOSO,arithmetic,Arithmetic,1,,1,10066,56,696,4,0.75,0.75,0.4953752966295781,0d28b9a2db89f96e7c51423176dc36e67d0caac0e0475215ffa3402ea261cbbc
neutral_legacy_multipliers,Neutral legacy multipliers,participant_disjoint_loso,Participant-disjoint LOSO,arithmetic,Arithmetic,2,,2,9774,56,988,4,0.5,0.5,2.261408945172199,0d28b9a2db89f96e7c51423176dc36e67d0caac0e0475215ffa3402ea261cbbc
neutral_legacy_multipliers,Neutral legacy multipliers,participant_disjoint_loso,Participant-disjoint LOSO,arithmetic,Arithmetic,3,,3,10193,56,569,4,0.75,0.75,0.3949920301528561,0d28b9a2db89f96e7c51423176dc36e67d0caac0e0475215ffa3402ea261cbbc
neutral_legacy_multipliers,Neutral legacy multipliers,participant_disjoint_loso,Participant-disjoint LOSO,arithmetic,Arithmetic,4,,4,10096,56,666,4,0.5,0.5,1.6682216077548264,0d28b9a2db89f96e7c51423176dc36e67d0caac0e0475215ffa3402ea261cbbc
neutral_legacy_multipliers,Neutral legacy multipliers,participant_disjoint_loso,Participant-disjoint LOSO,arithmetic,Arithmetic,5,,5,9935,56,827,4,0.5,0.5,0.8486980807366524,0d28b9a2db89f96e7c51423176dc36e67d0caac0e0475215ffa3402ea261cbbc
neutral_legacy_multipliers,Neutral legacy multipliers,participant_disjoint_loso,Participant-disjoint LOSO,arithmetic,Arithmetic,6,,6,10172,56,590,4,0.5,0.5,4.343871468414614,0d28b9a2db89f96e7c51423176dc36e67d0caac0e0475215ffa3402ea261cbbc
neutral_legacy_multipliers,Neutral legacy multipliers,participant_disjoint_loso,Participant-disjoint LOSO,arithmetic,Arithmetic,7,,7,10409,56,353,4,0.5,0.5,1.564824230307778,0d28b9a2db89f96e7c51423176dc36e67d0caac0e0475215ffa3402ea261cbbc
neutral_legacy_multipliers,Neutral legacy multipliers,participant_disjoint_loso,Participant-disjoint LOSO,arithmetic,Arithmetic,8,,8,9724,56,1038,4,0.5,0.5,0.9823108091230753,0d28b9a2db89f96e7c51423176dc36e67d0caac0e0475215ffa3402ea261cbbc
neutral_legacy_multipliers,Neutral legacy multipliers,participant_disjoint_loso,Participant-disjoint LOSO,arithmetic,Arithmetic,9,,9,9683,56,1079,4,0.5,0.5,1.1752842919079252,0d28b9a2db89f96e7c51423176dc36e67d0caac0e0475215ffa3402ea261cbbc
neutral_legacy_multipliers,Neutral legacy multipliers,participant_disjoint_loso,Participant-disjoint LOSO,arithmetic,Arithmetic,10,,10,10224,56,538,4,0.5,0.5,0.5343053693498887,0d28b9a2db89f96e7c51423176dc36e67d0caac0e0475215ffa3402ea261cbbc
neutral_legacy_multipliers,Neutral legacy multipliers,participant_disjoint_loso,Participant-disjoint LOSO,arithmetic,Arithmetic,11,,11,9990,56,772,4,0.75,0.75,0.5570247538174202,0d28b9a2db89f96e7c51423176dc36e67d0caac0e0475215ffa3402ea261cbbc
neutral_legacy_multipliers,Neutral legacy multipliers,participant_disjoint_loso,Participant-disjoint LOSO,arithmetic,Arithmetic,12,,12,10107,56,655,4,0.5,0.5,0.8422963387454246,0d28b9a2db89f96e7c51423176dc36e67d0caac0e0475215ffa3402ea261cbbc
neutral_legacy_multipliers,Neutral legacy multipliers,participant_disjoint_loso,Participant-disjoint LOSO,arithmetic,Arithmetic,13,,13,10092,56,670,4,0.75,0.75,0.4150317934451443,0d28b9a2db89f96e7c51423176dc36e67d0caac0e0475215ffa3402ea261cbbc
neutral_legacy_multipliers,Neutral legacy multipliers,participant_disjoint_loso,Participant-disjoint LOSO,arithmetic,Arithmetic,14,,14,10168,56,594,4,0.75,0.75,0.8749733355932736,0d28b9a2db89f96e7c51423176dc36e67d0caac0e0475215ffa3402ea261cbbc
neutral_legacy_multipliers,Neutral legacy multipliers,participant_disjoint_loso,Participant-disjoint LOSO,arithmetic,Arithmetic,15,,15,10035,56,727,4,0.5,0.5,2.2950346576498215,0d28b9a2db89f96e7c51423176dc36e67d0caac0e0475215ffa3402ea261cbbc
neutral_legacy_multipliers,Neutral legacy multipliers,recording_disjoint,Within-participant recording-disjoint,stroop,Stroop,1,1335,1,357,2,296,2,0.5,0.5,2.0995976991824925,0d28b9a2db89f96e7c51423176dc36e67d0caac0e0475215ffa3402ea261cbbc
neutral_legacy_multipliers,Neutral legacy multipliers,recording_disjoint,Within-participant recording-disjoint,stroop,Stroop,1,1335,2,296,2,357,2,0.5,0.5,3.753737746037677,0d28b9a2db89f96e7c51423176dc36e67d0caac0e0475215ffa3402ea261cbbc
neutral_legacy_multipliers,Neutral legacy multipliers,recording_disjoint,Within-participant recording-disjoint,stroop,Stroop,1,1388,1,287,2,366,2,0.0,0.0,4.6710703484256015,0d28b9a2db89f96e7c51423176dc36e67d0caac0e0475215ffa3402ea261cbbc
neutral_legacy_multipliers,Neutral legacy multipliers,recording_disjoint,Within-participant recording-disjoint,stroop,Stroop,1,1388,2,366,2,287,2,0.5,0.5,2.193360395163338,0d28b9a2db89f96e7c51423176dc36e67d0caac0e0475215ffa3402ea261cbbc
neutral_legacy_multipliers,Neutral legacy multipliers,recording_disjoint,Within-participant recording-disjoint,stroop,Stroop,1,1441,1,287,2,366,2,0.0,0.0,4.6710703484256015,0d28b9a2db89f96e7c51423176dc36e67d0caac0e0475215ffa3402ea261cbbc
neutral_legacy_multipliers,Neutral legacy multipliers,recording_disjoint,Within-participant recording-disjoint,stroop,Stroop,1,1441,2,366,2,287,2,0.5,0.5,2.193360395163338,0d28b9a2db89f96e7c51423176dc36e67d0caac0e0475215ffa3402ea261cbbc
neutral_legacy_multipliers,Neutral legacy multipliers,recording_disjoint,Within-participant recording-disjoint,stroop,Stroop,1,1494,1,287,2,366,2,0.0,0.0,4.6710703484256015,0d28b9a2db89f96e7c51423176dc36e67d0caac0e0475215ffa3402ea261cbbc
neutral_legacy_multipliers,Neutral legacy multipliers,recording_disjoint,Within-participant recording-disjoint,stroop,Stroop,1,1494,2,366,2,287,2,0.5,0.5,2.193360395163338,0d28b9a2db89f96e7c51423176dc36e67d0caac0e0475215ffa3402ea261cbbc
neutral_legacy_multipliers,Neutral legacy multipliers,recording_disjoint,Within-participant recording-disjoint,stroop,Stroop,1,1547,1,357,2,296,2,0.5,0.5,2.0995976991824925,0d28b9a2db89f96e7c51423176dc36e67d0caac0e0475215ffa3402ea261cbbc
neutral_legacy_multipliers,Neutral legacy multipliers,recording_disjoint,Within-participant recording-disjoint,stroop,Stroop,1,1547,2,296,2,357,2,0.5,0.5,3.753737746037677,0d28b9a2db89f96e7c51423176dc36e67d0caac0e0475215ffa3402ea261cbbc
neutral_legacy_multipliers,Neutral legacy multipliers,recording_disjoint,Within-participant recording-disjoint,stroop,Stroop,2,1335,1,303,2,556,2,1.0,1.0,0.0831034757116955,0d28b9a2db89f96e7c51423176dc36e67d0caac0e0475215ffa3402ea261cbbc
neutral_legacy_multipliers,Neutral legacy multipliers,recording_disjoint,Within-participant recording-disjoint,stroop,Stroop,2,1335,2,556,2,303,2,0.5,0.5,2.520964339542612,0d28b9a2db89f96e7c51423176dc36e67d0caac0e0475215ffa3402ea261cbbc
neutral_legacy_multipliers,Neutral legacy multipliers,recording_disjoint,Within-participant recording-disjoint,stroop,Stroop,2,1388,1,201,2,658,2,1.0,1.0,0.08240546763457933,0d28b9a2db89f96e7c51423176dc36e67d0caac0e0475215ffa3402ea261cbbc
neutral_legacy_multipliers,Neutral legacy multipliers,recording_disjoint,Within-participant recording-disjoint,stroop,Stroop,2,1388,2,658,2,201,2,0.5,0.5,2.5465221732463243,0d28b9a2db89f96e7c51423176dc36e67d0caac0e0475215ffa3402ea261cbbc
neutral_legacy_multipliers,Neutral legacy multipliers,recording_disjoint,Within-participant recording-disjoint,stroop,Stroop,2,1441,1,201,2,658,2,1.0,1.0,0.08240546763457933,0d28b9a2db89f96e7c51423176dc36e67d0caac0e0475215ffa3402ea261cbbc
neutral_legacy_multipliers,Neutral legacy multipliers,recording_disjoint,Within-participant recording-disjoint,stroop,Stroop,2,1441,2,658,2,201,2,0.5,0.5,2.5465221732463243,0d28b9a2db89f96e7c51423176dc36e67d0caac0e0475215ffa3402ea261cbbc
neutral_legacy_multipliers,Neutral legacy multipliers,recording_disjoint,Within-participant recording-disjoint,stroop,Stroop,2,1494,1,201,2,658,2,1.0,1.0,0.08240546763457933,0d28b9a2db89f96e7c51423176dc36e67d0caac0e0475215ffa3402ea261cbbc
neutral_legacy_multipliers,Neutral legacy multipliers,recording_disjoint,Within-participant recording-disjoint,stroop,Stroop,2,1494,2,658,2,201,2,0.5,0.5,2.5465221732463243,0d28b9a2db89f96e7c51423176dc36e67d0caac0e0475215ffa3402ea261cbbc
neutral_legacy_multipliers,Neutral legacy multipliers,recording_disjoint,Within-participant recording-disjoint,stroop,Stroop,2,1547,1,303,2,556,2,1.0,1.0,0.0831034757116955,0d28b9a2db89f96e7c51423176dc36e67d0caac0e0475215ffa3402ea261cbbc
neutral_legacy_multipliers,Neutral legacy multipliers,recording_disjoint,Within-participant recording-disjoint,stroop,Stroop,2,1547,2,556,2,303,2,0.5,0.5,2.520964339542612,0d28b9a2db89f96e7c51423176dc36e67d0caac0e0475215ffa3402ea261cbbc
neutral_legacy_multipliers,Neutral legacy multipliers,recording_disjoint,Within-participant recording-disjoint,stroop,Stroop,3,1335,1,287,2,283,2,0.5,0.5,3.5345063960070897,0d28b9a2db89f96e7c51423176dc36e67d0caac0e0475215ffa3402ea261cbbc
neutral_legacy_multipliers,Neutral legacy multipliers,recording_disjoint,Within-participant recording-disjoint,stroop,Stroop,3,1335,2,283,2,287,2,0.5,0.5,1.9847577529180878,0d28b9a2db89f96e7c51423176dc36e67d0caac0e0475215ffa3402ea261cbbc
neutral_legacy_multipliers,Neutral legacy multipliers,recording_disjoint,Within-participant recording-disjoint,stroop,Stroop,3,1388,1,229,2,341,2,0.5,0.5,2.110174356041955,0d28b9a2db89f96e7c51423176dc36e67d0caac0e0475215ffa3402ea261cbbc
neutral_legacy_multipliers,Neutral legacy multipliers,recording_disjoint,Within-participant recording-disjoint,stroop,Stroop,3,1388,2,341,2,229,2,1.0,1.0,0.23973818287948429,0d28b9a2db89f96e7c51423176dc36e67d0caac0e0475215ffa3402ea261cbbc
neutral_legacy_multipliers,Neutral legacy multipliers,recording_disjoint,Within-participant recording-disjoint,stroop,Stroop,3,1441,1,229,2,341,2,0.5,0.5,2.110174356041955,0d28b9a2db89f96e7c51423176dc36e67d0caac0e0475215ffa3402ea261cbbc
neutral_legacy_multipliers,Neutral legacy multipliers,recording_disjoint,Within-participant recording-disjoint,stroop,Stroop,3,1441,2,341,2,229,2,1.0,1.0,0.23973818287948429,0d28b9a2db89f96e7c51423176dc36e67d0caac0e0475215ffa3402ea261cbbc
neutral_legacy_multipliers,Neutral legacy multipliers,recording_disjoint,Within-participant recording-disjoint,stroop,Stroop,3,1494,1,229,2,341,2,0.5,0.5,2.110174356041955,0d28b9a2db89f96e7c51423176dc36e67d0caac0e0475215ffa3402ea261cbbc
neutral_legacy_multipliers,Neutral legacy multipliers,recording_disjoint,Within-participant recording-disjoint,stroop,Stroop,3,1494,2,341,2,229,2,1.0,1.0,0.23973818287948429,0d28b9a2db89f96e7c51423176dc36e67d0caac0e0475215ffa3402ea261cbbc
neutral_legacy_multipliers,Neutral legacy multipliers,recording_disjoint,Within-participant recording-disjoint,stroop,Stroop,3,1547,1,287,2,283,2,0.5,0.5,3.5345063960070897,0d28b9a2db89f96e7c51423176dc36e67d0caac0e0475215ffa3402ea261cbbc
neutral_legacy_multipliers,Neutral legacy multipliers,recording_disjoint,Within-participant recording-disjoint,stroop,Stroop,3,1547,2,283,2,287,2,0.5,0.5,1.9847577529180878,0d28b9a2db89f96e7c51423176dc36e67d0caac0e0475215ffa3402ea261cbbc
neutral_legacy_multipliers,Neutral legacy multipliers,recording_disjoint,Within-participant recording-disjoint,stroop,Stroop,4,1335,1,281,2,178,2,0.5,0.5,0.9115815053921409,0d28b9a2db89f96e7c51423176dc36e67d0caac0e0475215ffa3402ea261cbbc
neutral_legacy_multipliers,Neutral legacy multipliers,recording_disjoint,Within-participant recording-disjoint,stroop,Stroop,4,1335,2,178,2,281,2,0.5,0.5,1.940374831443164,0d28b9a2db89f96e7c51423176dc36e67d0caac0e0475215ffa3402ea261cbbc
neutral_legacy_multipliers,Neutral legacy multipliers,recording_disjoint,Within-participant recording-disjoint,stroop,Stroop,4,1388,1,151,2,308,2,1.0,1.0,0.008018945869326045,0d28b9a2db89f96e7c51423176dc36e67d0caac0e0475215ffa3402ea261cbbc
neutral_legacy_multipliers,Neutral legacy multipliers,recording_disjoint,Within-participant recording-disjoint,stroop,Stroop,4,1388,2,308,2,151,2,0.5,0.5,1.7178512905747059,0d28b9a2db89f96e7c51423176dc36e67d0caac0e0475215ffa3402ea261cbbc
neutral_legacy_multipliers,Neutral legacy multipliers,recording_disjoint,Within-participant recording-disjoint,stroop,Stroop,4,1441,1,151,2,308,2,1.0,1.0,0.008018945869326045,0d28b9a2db89f96e7c51423176dc36e67d0caac0e0475215ffa3402ea261cbbc
neutral_legacy_multipliers,Neutral legacy multipliers,recording_disjoint,Within-participant recording-disjoint,stroop,Stroop,4,1441,2,308,2,151,2,0.5,0.5,1.7178512905747059,0d28b9a2db89f96e7c51423176dc36e67d0caac0e0475215ffa3402ea261cbbc
neutral_legacy_multipliers,Neutral legacy multipliers,recording_disjoint,Within-participant recording-disjoint,stroop,Stroop,4,1494,1,151,2,308,2,1.0,1.0,0.008018945869326045,0d28b9a2db89f96e7c51423176dc36e67d0caac0e0475215ffa3402ea261cbbc
neutral_legacy_multipliers,Neutral legacy multipliers,recording_disjoint,Within-participant recording-disjoint,stroop,Stroop,4,1494,2,308,2,151,2,0.5,0.5,1.7178512905747059,0d28b9a2db89f96e7c51423176dc36e67d0caac0e0475215ffa3402ea261cbbc
neutral_legacy_multipliers,Neutral legacy multipliers,recording_disjoint,Within-participant recording-disjoint,stroop,Stroop,4,1547,1,281,2,178,2,0.5,0.5,0.9115815053921409,0d28b9a2db89f96e7c51423176dc36e67d0caac0e0475215ffa3402ea261cbbc
neutral_legacy_multipliers,Neutral legacy multipliers,recording_disjoint,Within-participant recording-disjoint,stroop,Stroop,4,1547,2,178,2,281,2,0.5,0.5,1.940374831443164,0d28b9a2db89f96e7c51423176dc36e67d0caac0e0475215ffa3402ea261cbbc
neutral_legacy_multipliers,Neutral legacy multipliers,recording_disjoint,Within-participant recording-disjoint,stroop,Stroop,5,1335,1,308,2,352,2,1.0,1.0,0.0009665767023576057,0d28b9a2db89f96e7c51423176dc36e67d0caac0e0475215ffa3402ea261cbbc
neutral_legacy_multipliers,Neutral legacy multipliers,recording_disjoint,Within-participant recording-disjoint,stroop,Stroop,5,1335,2,352,2,308,2,0.5,0.5,1.5143986369162006,0d28b9a2db89f96e7c51423176dc36e67d0caac0e0475215ffa3402ea261cbbc
neutral_legacy_multipliers,Neutral legacy multipliers,recording_disjoint,Within-participant recording-disjoint,stroop,Stroop,5,1388,1,245,2,415,2,1.0,1.0,0.07518229984213111,0d28b9a2db89f96e7c51423176dc36e67d0caac0e0475215ffa3402ea261cbbc
neutral_legacy_multipliers,Neutral legacy multipliers,recording_disjoint,Within-participant recording-disjoint,stroop,Stroop,5,1388,2,415,2,245,2,0.5,0.5,1.8899732245515644,0d28b9a2db89f96e7c51423176dc36e67d0caac0e0475215ffa3402ea261cbbc
neutral_legacy_multipliers,Neutral legacy multipliers,recording_disjoint,Within-participant recording-disjoint,stroop,Stroop,5,1441,1,245,2,415,2,1.0,1.0,0.07518229984213111,0d28b9a2db89f96e7c51423176dc36e67d0caac0e0475215ffa3402ea261cbbc
neutral_legacy_multipliers,Neutral legacy multipliers,recording_disjoint,Within-participant recording-disjoint,stroop,Stroop,5,1441,2,415,2,245,2,0.5,0.5,1.8899732245515644,0d28b9a2db89f96e7c51423176dc36e67d0caac0e0475215ffa3402ea261cbbc
neutral_legacy_multipliers,Neutral legacy multipliers,recording_disjoint,Within-participant recording-disjoint,stroop,Stroop,5,1494,1,245,2,415,2,1.0,1.0,0.07518229984213111,0d28b9a2db89f96e7c51423176dc36e67d0caac0e0475215ffa3402ea261cbbc
neutral_legacy_multipliers,Neutral legacy multipliers,recording_disjoint,Within-participant recording-disjoint,stroop,Stroop,5,1494,2,415,2,245,2,0.5,0.5,1.8899732245515644,0d28b9a2db89f96e7c51423176dc36e67d0caac0e0475215ffa3402ea261cbbc
neutral_legacy_multipliers,Neutral legacy multipliers,recording_disjoint,Within-participant recording-disjoint,stroop,Stroop,5,1547,1,308,2,352,2,1.0,1.0,0.0009665767023576057,0d28b9a2db89f96e7c51423176dc36e67d0caac0e0475215ffa3402ea261cbbc
neutral_legacy_multipliers,Neutral legacy multipliers,recording_disjoint,Within-participant recording-disjoint,stroop,Stroop,5,1547,2,352,2,308,2,0.5,0.5,1.5143986369162006,0d28b9a2db89f96e7c51423176dc36e67d0caac0e0475215ffa3402ea261cbbc
neutral_legacy_multipliers,Neutral legacy multipliers,recording_disjoint,Within-participant recording-disjoint,stroop,Stroop,6,1335,1,280,2,261,2,0.0,0.0,17.181696383866157,0d28b9a2db89f96e7c51423176dc36e67d0caac0e0475215ffa3402ea261cbbc
neutral_legacy_multipliers,Neutral legacy multipliers,recording_disjoint,Within-participant recording-disjoint,stroop,Stroop,6,1335,2,261,2,280,2,0.5,0.5,2.936200341786908,0d28b9a2db89f96e7c51423176dc36e67d0caac0e0475215ffa3402ea261cbbc
neutral_legacy_multipliers,Neutral legacy multipliers,recording_disjoint,Within-participant recording-disjoint,stroop,Stroop,6,1388,1,230,2,311,2,0.5,0.5,3.0375593732673503,0d28b9a2db89f96e7c51423176dc36e67d0caac0e0475215ffa3402ea261cbbc
neutral_legacy_multipliers,Neutral legacy multipliers,recording_disjoint,Within-participant recording-disjoint,stroop,Stroop,6,1388,2,311,2,230,2,0.0,0.0,20.401401949545857,0d28b9a2db89f96e7c51423176dc36e67d0caac0e0475215ffa3402ea261cbbc
neutral_legacy_multipliers,Neutral legacy multipliers,recording_disjoint,Within-participant recording-disjoint,stroop,Stroop,6,1441,1,230,2,311,2,0.5,0.5,3.0375593732673503,0d28b9a2db89f96e7c51423176dc36e67d0caac0e0475215ffa3402ea261cbbc
neutral_legacy_multipliers,Neutral legacy multipliers,recording_disjoint,Within-participant recording-disjoint,stroop,Stroop,6,1441,2,311,2,230,2,0.0,0.0,20.401401949545857,0d28b9a2db89f96e7c51423176dc36e67d0caac0e0475215ffa3402ea261cbbc
neutral_legacy_multipliers,Neutral legacy multipliers,recording_disjoint,Within-participant recording-disjoint,stroop,Stroop,6,1494,1,230,2,311,2,0.5,0.5,3.0375593732673503,0d28b9a2db89f96e7c51423176dc36e67d0caac0e0475215ffa3402ea261cbbc
neutral_legacy_multipliers,Neutral legacy multipliers,recording_disjoint,Within-participant recording-disjoint,stroop,Stroop,6,1494,2,311,2,230,2,0.0,0.0,20.401401949545857,0d28b9a2db89f96e7c51423176dc36e67d0caac0e0475215ffa3402ea261cbbc
neutral_legacy_multipliers,Neutral legacy multipliers,recording_disjoint,Within-participant recording-disjoint,stroop,Stroop,6,1547,1,280,2,261,2,0.0,0.0,17.181696383866157,0d28b9a2db89f96e7c51423176dc36e67d0caac0e0475215ffa3402ea261cbbc
neutral_legacy_multipliers,Neutral legacy multipliers,recording_disjoint,Within-participant recording-disjoint,stroop,Stroop,6,1547,2,261,2,280,2,0.5,0.5,2.936200341786908,0d28b9a2db89f96e7c51423176dc36e67d0caac0e0475215ffa3402ea261cbbc
neutral_legacy_multipliers,Neutral legacy multipliers,recording_disjoint,Within-participant recording-disjoint,stroop,Stroop,7,1335,1,276,2,265,2,1.0,1.0,0.28851071921412397,0d28b9a2db89f96e7c51423176dc36e67d0caac0e0475215ffa3402ea261cbbc
neutral_legacy_multipliers,Neutral legacy multipliers,recording_disjoint,Within-participant recording-disjoint,stroop,Stroop,7,1335,2,265,2,276,2,0.5,0.5,3.475411551708343,0d28b9a2db89f96e7c51423176dc36e67d0caac0e0475215ffa3402ea261cbbc
neutral_legacy_multipliers,Neutral legacy multipliers,recording_disjoint,Within-participant recording-disjoint,stroop,Stroop,7,1388,1,193,2,348,2,1.0,1.0,0.41865588957537514,0d28b9a2db89f96e7c51423176dc36e67d0caac0e0475215ffa3402ea261cbbc
neutral_legacy_multipliers,Neutral legacy multipliers,recording_disjoint,Within-participant recording-disjoint,stroop,Stroop,7,1388,2,348,2,193,2,0.5,0.5,3.5322255447751463,0d28b9a2db89f96e7c51423176dc36e67d0caac0e0475215ffa3402ea261cbbc
neutral_legacy_multipliers,Neutral legacy multipliers,recording_disjoint,Within-participant recording-disjoint,stroop,Stroop,7,1441,1,193,2,348,2,1.0,1.0,0.41865588957537514,0d28b9a2db89f96e7c51423176dc36e67d0caac0e0475215ffa3402ea261cbbc
neutral_legacy_multipliers,Neutral legacy multipliers,recording_disjoint,Within-participant recording-disjoint,stroop,Stroop,7,1441,2,348,2,193,2,0.5,0.5,3.5322255447751463,0d28b9a2db89f96e7c51423176dc36e67d0caac0e0475215ffa3402ea261cbbc
neutral_legacy_multipliers,Neutral legacy multipliers,recording_disjoint,Within-participant recording-disjoint,stroop,Stroop,7,1494,1,193,2,348,2,1.0,1.0,0.41865588957537514,0d28b9a2db89f96e7c51423176dc36e67d0caac0e0475215ffa3402ea261cbbc
neutral_legacy_multipliers,Neutral legacy multipliers,recording_disjoint,Within-participant recording-disjoint,stroop,Stroop,7,1494,2,348,2,193,2,0.5,0.5,3.5322255447751463,0d28b9a2db89f96e7c51423176dc36e67d0caac0e0475215ffa3402ea261cbbc
neutral_legacy_multipliers,Neutral legacy multipliers,recording_disjoint,Within-participant recording-disjoint,stroop,Stroop,7,1547,1,276,2,265,2,1.0,1.0,0.28851071921412397,0d28b9a2db89f96e7c51423176dc36e67d0caac0e0475215ffa3402ea261cbbc
neutral_legacy_multipliers,Neutral legacy multipliers,recording_disjoint,Within-participant recording-disjoint,stroop,Stroop,7,1547,2,265,2,276,2,0.5,0.5,3.475411551708343,0d28b9a2db89f96e7c51423176dc36e67d0caac0e0475215ffa3402ea261cbbc
neutral_legacy_multipliers,Neutral legacy multipliers,recording_disjoint,Within-participant recording-disjoint,stroop,Stroop,8,1335,1,396,2,350,2,0.5,0.5,1.1621139970793468,0d28b9a2db89f96e7c51423176dc36e67d0caac0e0475215ffa3402ea261cbbc
neutral_legacy_multipliers,Neutral legacy multipliers,recording_disjoint,Within-participant recording-disjoint,stroop,Stroop,8,1335,2,350,2,396,2,0.5,0.5,1.8270978216921572,0d28b9a2db89f96e7c51423176dc36e67d0caac0e0475215ffa3402ea261cbbc
neutral_legacy_multipliers,Neutral legacy multipliers,recording_disjoint,Within-participant recording-disjoint,stroop,Stroop,8,1388,1,322,2,424,2,0.5,0.5,0.6522026130034146,0d28b9a2db89f96e7c51423176dc36e67d0caac0e0475215ffa3402ea261cbbc
neutral_legacy_multipliers,Neutral legacy multipliers,recording_disjoint,Within-participant recording-disjoint,stroop,Stroop,8,1388,2,424,2,322,2,0.5,0.5,2.1982506894976406,0d28b9a2db89f96e7c51423176dc36e67d0caac0e0475215ffa3402ea261cbbc
neutral_legacy_multipliers,Neutral legacy multipliers,recording_disjoint,Within-participant recording-disjoint,stroop,Stroop,8,1441,1,322,2,424,2,0.5,0.5,0.6522026130034146,0d28b9a2db89f96e7c51423176dc36e67d0caac0e0475215ffa3402ea261cbbc
neutral_legacy_multipliers,Neutral legacy multipliers,recording_disjoint,Within-participant recording-disjoint,stroop,Stroop,8,1441,2,424,2,322,2,0.5,0.5,2.1982506894976406,0d28b9a2db89f96e7c51423176dc36e67d0caac0e0475215ffa3402ea261cbbc
neutral_legacy_multipliers,Neutral legacy multipliers,recording_disjoint,Within-participant recording-disjoint,stroop,Stroop,8,1494,1,322,2,424,2,0.5,0.5,0.6522026130034146,0d28b9a2db89f96e7c51423176dc36e67d0caac0e0475215ffa3402ea261cbbc
neutral_legacy_multipliers,Neutral legacy multipliers,recording_disjoint,Within-participant recording-disjoint,stroop,Stroop,8,1494,2,424,2,322,2,0.5,0.5,2.1982506894976406,0d28b9a2db89f96e7c51423176dc36e67d0caac0e0475215ffa3402ea261cbbc
neutral_legacy_multipliers,Neutral legacy multipliers,recording_disjoint,Within-participant recording-disjoint,stroop,Stroop,8,1547,1,396,2,350,2,0.5,0.5,1.1621139970793468,0d28b9a2db89f96e7c51423176dc36e67d0caac0e0475215ffa3402ea261cbbc
neutral_legacy_multipliers,Neutral legacy multipliers,recording_disjoint,Within-participant recording-disjoint,stroop,Stroop,8,1547,2,350,2,396,2,0.5,0.5,1.8270978216921572,0d28b9a2db89f96e7c51423176dc36e67d0caac0e0475215ffa3402ea261cbbc
neutral_legacy_multipliers,Neutral legacy multipliers,recording_disjoint,Within-participant recording-disjoint,stroop,Stroop,9,1335,1,353,2,520,2,0.5,0.5,1.8266354441427937,0d28b9a2db89f96e7c51423176dc36e67d0caac0e0475215ffa3402ea261cbbc
neutral_legacy_multipliers,Neutral legacy multipliers,recording_disjoint,Within-participant recording-disjoint,stroop,Stroop,9,1335,2,520,2,353,2,0.5,0.5,2.3125170506134514,0d28b9a2db89f96e7c51423176dc36e67d0caac0e0475215ffa3402ea261cbbc
neutral_legacy_multipliers,Neutral legacy multipliers,recording_disjoint,Within-participant recording-disjoint,stroop,Stroop,9,1388,1,270,2,603,2,0.0,0.0,6.932156351024715,0d28b9a2db89f96e7c51423176dc36e67d0caac0e0475215ffa3402ea261cbbc
neutral_legacy_multipliers,Neutral legacy multipliers,recording_disjoint,Within-participant recording-disjoint,stroop,Stroop,9,1388,2,603,2,270,2,0.5,0.5,2.1119911020452986,0d28b9a2db89f96e7c51423176dc36e67d0caac0e0475215ffa3402ea261cbbc
neutral_legacy_multipliers,Neutral legacy multipliers,recording_disjoint,Within-participant recording-disjoint,stroop,Stroop,9,1441,1,270,2,603,2,0.0,0.0,6.932156351024715,0d28b9a2db89f96e7c51423176dc36e67d0caac0e0475215ffa3402ea261cbbc
neutral_legacy_multipliers,Neutral legacy multipliers,recording_disjoint,Within-participant recording-disjoint,stroop,Stroop,9,1441,2,603,2,270,2,0.5,0.5,2.1119911020452986,0d28b9a2db89f96e7c51423176dc36e67d0caac0e0475215ffa3402ea261cbbc
neutral_legacy_multipliers,Neutral legacy multipliers,recording_disjoint,Within-participant recording-disjoint,stroop,Stroop,9,1494,1,270,2,603,2,0.0,0.0,6.932156351024715,0d28b9a2db89f96e7c51423176dc36e67d0caac0e0475215ffa3402ea261cbbc
neutral_legacy_multipliers,Neutral legacy multipliers,recording_disjoint,Within-participant recording-disjoint,stroop,Stroop,9,1494,2,603,2,270,2,0.5,0.5,2.1119911020452986,0d28b9a2db89f96e7c51423176dc36e67d0caac0e0475215ffa3402ea261cbbc
neutral_legacy_multipliers,Neutral legacy multipliers,recording_disjoint,Within-participant recording-disjoint,stroop,Stroop,9,1547,1,353,2,520,2,0.5,0.5,1.8266354441427937,0d28b9a2db89f96e7c51423176dc36e67d0caac0e0475215ffa3402ea261cbbc
neutral_legacy_multipliers,Neutral legacy multipliers,recording_disjoint,Within-participant recording-disjoint,stroop,Stroop,9,1547,2,520,2,353,2,0.5,0.5,2.3125170506134514,0d28b9a2db89f96e7c51423176dc36e67d0caac0e0475215ffa3402ea261cbbc
neutral_legacy_multipliers,Neutral legacy multipliers,recording_disjoint,Within-participant recording-disjoint,stroop,Stroop,10,1335,1,325,2,268,2,0.5,0.5,3.655448865496686,0d28b9a2db89f96e7c51423176dc36e67d0caac0e0475215ffa3402ea261cbbc
neutral_legacy_multipliers,Neutral legacy multipliers,recording_disjoint,Within-participant recording-disjoint,stroop,Stroop,10,1335,2,268,2,325,2,0.5,0.5,1.0447272810862163,0d28b9a2db89f96e7c51423176dc36e67d0caac0e0475215ffa3402ea261cbbc
neutral_legacy_multipliers,Neutral legacy multipliers,recording_disjoint,Within-participant recording-disjoint,stroop,Stroop,10,1388,1,201,2,392,2,0.0,0.0,5.193724163425046,0d28b9a2db89f96e7c51423176dc36e67d0caac0e0475215ffa3402ea261cbbc
neutral_legacy_multipliers,Neutral legacy multipliers,recording_disjoint,Within-participant recording-disjoint,stroop,Stroop,10,1388,2,392,2,201,2,0.5,0.5,2.2315121505485944,0d28b9a2db89f96e7c51423176dc36e67d0caac0e0475215ffa3402ea261cbbc
neutral_legacy_multipliers,Neutral legacy multipliers,recording_disjoint,Within-participant recording-disjoint,stroop,Stroop,10,1441,1,201,2,392,2,0.0,0.0,5.193724163425046,0d28b9a2db89f96e7c51423176dc36e67d0caac0e0475215ffa3402ea261cbbc
neutral_legacy_multipliers,Neutral legacy multipliers,recording_disjoint,Within-participant recording-disjoint,stroop,Stroop,10,1441,2,392,2,201,2,0.5,0.5,2.2315121505485944,0d28b9a2db89f96e7c51423176dc36e67d0caac0e0475215ffa3402ea261cbbc
neutral_legacy_multipliers,Neutral legacy multipliers,recording_disjoint,Within-participant recording-disjoint,stroop,Stroop,10,1494,1,201,2,392,2,0.0,0.0,5.193724163425046,0d28b9a2db89f96e7c51423176dc36e67d0caac0e0475215ffa3402ea261cbbc
neutral_legacy_multipliers,Neutral legacy multipliers,recording_disjoint,Within-participant recording-disjoint,stroop,Stroop,10,1494,2,392,2,201,2,0.5,0.5,2.2315121505485944,0d28b9a2db89f96e7c51423176dc36e67d0caac0e0475215ffa3402ea261cbbc
neutral_legacy_multipliers,Neutral legacy multipliers,recording_disjoint,Within-participant recording-disjoint,stroop,Stroop,10,1547,1,325,2,268,2,0.5,0.5,3.655448865496686,0d28b9a2db89f96e7c51423176dc36e67d0caac0e0475215ffa3402ea261cbbc
neutral_legacy_multipliers,Neutral legacy multipliers,recording_disjoint,Within-participant recording-disjoint,stroop,Stroop,10,1547,2,268,2,325,2,0.5,0.5,1.0447272810862163,0d28b9a2db89f96e7c51423176dc36e67d0caac0e0475215ffa3402ea261cbbc
neutral_legacy_multipliers,Neutral legacy multipliers,recording_disjoint,Within-participant recording-disjoint,stroop,Stroop,11,1335,1,298,2,374,2,1.0,1.0,0.033587471935294745,0d28b9a2db89f96e7c51423176dc36e67d0caac0e0475215ffa3402ea261cbbc
neutral_legacy_multipliers,Neutral legacy multipliers,recording_disjoint,Within-participant recording-disjoint,stroop,Stroop,11,1335,2,374,2,298,2,0.5,0.5,2.762789028177864,0d28b9a2db89f96e7c51423176dc36e67d0caac0e0475215ffa3402ea261cbbc
neutral_legacy_multipliers,Neutral legacy multipliers,recording_disjoint,Within-participant recording-disjoint,stroop,Stroop,11,1388,1,243,2,429,2,1.0,1.0,0.06602461094658989,0d28b9a2db89f96e7c51423176dc36e67d0caac0e0475215ffa3402ea261cbbc
neutral_legacy_multipliers,Neutral legacy multipliers,recording_disjoint,Within-participant recording-disjoint,stroop,Stroop,11,1388,2,429,2,243,2,0.5,0.5,2.778132896145344,0d28b9a2db89f96e7c51423176dc36e67d0caac0e0475215ffa3402ea261cbbc
neutral_legacy_multipliers,Neutral legacy multipliers,recording_disjoint,Within-participant recording-disjoint,stroop,Stroop,11,1441,1,243,2,429,2,1.0,1.0,0.06602461094658989,0d28b9a2db89f96e7c51423176dc36e67d0caac0e0475215ffa3402ea261cbbc
neutral_legacy_multipliers,Neutral legacy multipliers,recording_disjoint,Within-participant recording-disjoint,stroop,Stroop,11,1441,2,429,2,243,2,0.5,0.5,2.778132896145344,0d28b9a2db89f96e7c51423176dc36e67d0caac0e0475215ffa3402ea261cbbc
neutral_legacy_multipliers,Neutral legacy multipliers,recording_disjoint,Within-participant recording-disjoint,stroop,Stroop,11,1494,1,243,2,429,2,1.0,1.0,0.06602461094658989,0d28b9a2db89f96e7c51423176dc36e67d0caac0e0475215ffa3402ea261cbbc
neutral_legacy_multipliers,Neutral legacy multipliers,recording_disjoint,Within-participant recording-disjoint,stroop,Stroop,11,1494,2,429,2,243,2,0.5,0.5,2.778132896145344,0d28b9a2db89f96e7c51423176dc36e67d0caac0e0475215ffa3402ea261cbbc
neutral_legacy_multipliers,Neutral legacy multipliers,recording_disjoint,Within-participant recording-disjoint,stroop,Stroop,11,1547,1,298,2,374,2,1.0,1.0,0.033587471935294745,0d28b9a2db89f96e7c51423176dc36e67d0caac0e0475215ffa3402ea261cbbc
neutral_legacy_multipliers,Neutral legacy multipliers,recording_disjoint,Within-participant recording-disjoint,stroop,Stroop,11,1547,2,374,2,298,2,0.5,0.5,2.762789028177864,0d28b9a2db89f96e7c51423176dc36e67d0caac0e0475215ffa3402ea261cbbc
neutral_legacy_multipliers,Neutral legacy multipliers,recording_disjoint,Within-participant recording-disjoint,stroop,Stroop,12,1335,1,312,2,311,2,0.5,0.5,1.4147275035158684,0d28b9a2db89f96e7c51423176dc36e67d0caac0e0475215ffa3402ea261cbbc
neutral_legacy_multipliers,Neutral legacy multipliers,recording_disjoint,Within-participant recording-disjoint,stroop,Stroop,12,1335,2,311,2,312,2,0.5,0.5,2.7149804453090383,0d28b9a2db89f96e7c51423176dc36e67d0caac0e0475215ffa3402ea261cbbc
neutral_legacy_multipliers,Neutral legacy multipliers,recording_disjoint,Within-participant recording-disjoint,stroop,Stroop,12,1388,1,249,2,374,2,0.0,0.0,1.6538028079275586,0d28b9a2db89f96e7c51423176dc36e67d0caac0e0475215ffa3402ea261cbbc
neutral_legacy_multipliers,Neutral legacy multipliers,recording_disjoint,Within-participant recording-disjoint,stroop,Stroop,12,1388,2,374,2,249,2,0.5,0.5,3.0364068015913137,0d28b9a2db89f96e7c51423176dc36e67d0caac0e0475215ffa3402ea261cbbc
neutral_legacy_multipliers,Neutral legacy multipliers,recording_disjoint,Within-participant recording-disjoint,stroop,Stroop,12,1441,1,249,2,374,2,0.0,0.0,1.6538028079275586,0d28b9a2db89f96e7c51423176dc36e67d0caac0e0475215ffa3402ea261cbbc
neutral_legacy_multipliers,Neutral legacy multipliers,recording_disjoint,Within-participant recording-disjoint,stroop,Stroop,12,1441,2,374,2,249,2,0.5,0.5,3.0364068015913137,0d28b9a2db89f96e7c51423176dc36e67d0caac0e0475215ffa3402ea261cbbc
neutral_legacy_multipliers,Neutral legacy multipliers,recording_disjoint,Within-participant recording-disjoint,stroop,Stroop,12,1494,1,249,2,374,2,0.0,0.0,1.6538028079275586,0d28b9a2db89f96e7c51423176dc36e67d0caac0e0475215ffa3402ea261cbbc
neutral_legacy_multipliers,Neutral legacy multipliers,recording_disjoint,Within-participant recording-disjoint,stroop,Stroop,12,1494,2,374,2,249,2,0.5,0.5,3.0364068015913137,0d28b9a2db89f96e7c51423176dc36e67d0caac0e0475215ffa3402ea261cbbc
neutral_legacy_multipliers,Neutral legacy multipliers,recording_disjoint,Within-participant recording-disjoint,stroop,Stroop,12,1547,1,312,2,311,2,0.5,0.5,1.4147275035158684,0d28b9a2db89f96e7c51423176dc36e67d0caac0e0475215ffa3402ea261cbbc
neutral_legacy_multipliers,Neutral legacy multipliers,recording_disjoint,Within-participant recording-disjoint,stroop,Stroop,12,1547,2,311,2,312,2,0.5,0.5,2.7149804453090383,0d28b9a2db89f96e7c51423176dc36e67d0caac0e0475215ffa3402ea261cbbc
neutral_legacy_multipliers,Neutral legacy multipliers,recording_disjoint,Within-participant recording-disjoint,stroop,Stroop,13,1335,1,271,2,302,2,0.0,0.0,3.92905553896907,0d28b9a2db89f96e7c51423176dc36e67d0caac0e0475215ffa3402ea261cbbc
neutral_legacy_multipliers,Neutral legacy multipliers,recording_disjoint,Within-participant recording-disjoint,stroop,Stroop,13,1335,2,302,2,271,2,0.5,0.5,6.576349697355444,0d28b9a2db89f96e7c51423176dc36e67d0caac0e0475215ffa3402ea261cbbc
neutral_legacy_multipliers,Neutral legacy multipliers,recording_disjoint,Within-participant recording-disjoint,stroop,Stroop,13,1388,1,213,2,360,2,0.5,0.5,5.758084670193781,0d28b9a2db89f96e7c51423176dc36e67d0caac0e0475215ffa3402ea261cbbc
neutral_legacy_multipliers,Neutral legacy multipliers,recording_disjoint,Within-participant recording-disjoint,stroop,Stroop,13,1388,2,360,2,213,2,0.5,0.5,3.8718379195047934,0d28b9a2db89f96e7c51423176dc36e67d0caac0e0475215ffa3402ea261cbbc
neutral_legacy_multipliers,Neutral legacy multipliers,recording_disjoint,Within-participant recording-disjoint,stroop,Stroop,13,1441,1,213,2,360,2,0.5,0.5,5.758084670193781,0d28b9a2db89f96e7c51423176dc36e67d0caac0e0475215ffa3402ea261cbbc
neutral_legacy_multipliers,Neutral legacy multipliers,recording_disjoint,Within-participant recording-disjoint,stroop,Stroop,13,1441,2,360,2,213,2,0.5,0.5,3.8718379195047934,0d28b9a2db89f96e7c51423176dc36e67d0caac0e0475215ffa3402ea261cbbc
neutral_legacy_multipliers,Neutral legacy multipliers,recording_disjoint,Within-participant recording-disjoint,stroop,Stroop,13,1494,1,213,2,360,2,0.5,0.5,5.758084670193781,0d28b9a2db89f96e7c51423176dc36e67d0caac0e0475215ffa3402ea261cbbc
neutral_legacy_multipliers,Neutral legacy multipliers,recording_disjoint,Within-participant recording-disjoint,stroop,Stroop,13,1494,2,360,2,213,2,0.5,0.5,3.8718379195047934,0d28b9a2db89f96e7c51423176dc36e67d0caac0e0475215ffa3402ea261cbbc
neutral_legacy_multipliers,Neutral legacy multipliers,recording_disjoint,Within-participant recording-disjoint,stroop,Stroop,13,1547,1,271,2,302,2,0.0,0.0,3.92905553896907,0d28b9a2db89f96e7c51423176dc36e67d0caac0e0475215ffa3402ea261cbbc
neutral_legacy_multipliers,Neutral legacy multipliers,recording_disjoint,Within-participant recording-disjoint,stroop,Stroop,13,1547,2,302,2,271,2,0.5,0.5,6.576349697355444,0d28b9a2db89f96e7c51423176dc36e67d0caac0e0475215ffa3402ea261cbbc
neutral_legacy_multipliers,Neutral legacy multipliers,participant_disjoint_loso,Participant-disjoint LOSO,stroop,Stroop,1,,1,7710,48,653,4,0.5,0.5,1.504038151297015,0d28b9a2db89f96e7c51423176dc36e67d0caac0e0475215ffa3402ea261cbbc
neutral_legacy_multipliers,Neutral legacy multipliers,participant_disjoint_loso,Participant-disjoint LOSO,stroop,Stroop,2,,2,7504,48,859,4,0.5,0.5,1.1746748718284865,0d28b9a2db89f96e7c51423176dc36e67d0caac0e0475215ffa3402ea261cbbc
neutral_legacy_multipliers,Neutral legacy multipliers,participant_disjoint_loso,Participant-disjoint LOSO,stroop,Stroop,3,,3,7793,48,570,4,0.75,0.75,0.26733182520464255,0d28b9a2db89f96e7c51423176dc36e67d0caac0e0475215ffa3402ea261cbbc
neutral_legacy_multipliers,Neutral legacy multipliers,participant_disjoint_loso,Participant-disjoint LOSO,stroop,Stroop,4,,4,7904,48,459,4,0.5,0.5,1.0632353723490084,0d28b9a2db89f96e7c51423176dc36e67d0caac0e0475215ffa3402ea261cbbc
neutral_legacy_multipliers,Neutral legacy multipliers,participant_disjoint_loso,Participant-disjoint LOSO,stroop,Stroop,5,,5,7703,48,660,4,0.75,0.75,0.4583011719708922,0d28b9a2db89f96e7c51423176dc36e67d0caac0e0475215ffa3402ea261cbbc
neutral_legacy_multipliers,Neutral legacy multipliers,participant_disjoint_loso,Participant-disjoint LOSO,stroop,Stroop,6,,6,7822,48,541,4,0.5,0.5,1.954936656453295,0d28b9a2db89f96e7c51423176dc36e67d0caac0e0475215ffa3402ea261cbbc
neutral_legacy_multipliers,Neutral legacy multipliers,participant_disjoint_loso,Participant-disjoint LOSO,stroop,Stroop,7,,7,7822,48,541,4,0.25,0.25,2.4007373522648727,0d28b9a2db89f96e7c51423176dc36e67d0caac0e0475215ffa3402ea261cbbc
neutral_legacy_multipliers,Neutral legacy multipliers,participant_disjoint_loso,Participant-disjoint LOSO,stroop,Stroop,8,,8,7617,48,746,4,0.75,0.75,0.5607471815356149,0d28b9a2db89f96e7c51423176dc36e67d0caac0e0475215ffa3402ea261cbbc
neutral_legacy_multipliers,Neutral legacy multipliers,participant_disjoint_loso,Participant-disjoint LOSO,stroop,Stroop,9,,9,7490,48,873,4,1.0,1.0,0.32616710852830827,0d28b9a2db89f96e7c51423176dc36e67d0caac0e0475215ffa3402ea261cbbc
neutral_legacy_multipliers,Neutral legacy multipliers,participant_disjoint_loso,Participant-disjoint LOSO,stroop,Stroop,10,,10,7770,48,593,4,0.5,0.5,4.794677374633637,0d28b9a2db89f96e7c51423176dc36e67d0caac0e0475215ffa3402ea261cbbc
neutral_legacy_multipliers,Neutral legacy multipliers,participant_disjoint_loso,Participant-disjoint LOSO,stroop,Stroop,11,,11,7691,48,672,4,0.75,0.75,0.47534697435658113,0d28b9a2db89f96e7c51423176dc36e67d0caac0e0475215ffa3402ea261cbbc
neutral_legacy_multipliers,Neutral legacy multipliers,participant_disjoint_loso,Participant-disjoint LOSO,stroop,Stroop,12,,12,7740,48,623,4,0.5,0.5,0.7997950848699514,0d28b9a2db89f96e7c51423176dc36e67d0caac0e0475215ffa3402ea261cbbc
neutral_legacy_multipliers,Neutral legacy multipliers,participant_disjoint_loso,Participant-disjoint LOSO,stroop,Stroop,13,,13,7790,48,573,4,0.5,0.5,0.7938463614965279,0d28b9a2db89f96e7c51423176dc36e67d0caac0e0475215ffa3402ea261cbbc
neutral_legacy_multipliers,Neutral legacy multipliers,cross_task,Within-participant cross-task transfer,arithmetic_to_stroop,Arithmetic to Stroop,1,,1,696,4,496,3,0.3333333333333333,0.25,1.1087140409505278,0d28b9a2db89f96e7c51423176dc36e67d0caac0e0475215ffa3402ea261cbbc
neutral_legacy_multipliers,Neutral legacy multipliers,cross_task,Within-participant cross-task transfer,arithmetic_to_stroop,Arithmetic to Stroop,2,,2,988,4,409,3,0.6666666666666666,0.5,2.522972186377167,0d28b9a2db89f96e7c51423176dc36e67d0caac0e0475215ffa3402ea261cbbc
neutral_legacy_multipliers,Neutral legacy multipliers,cross_task,Within-participant cross-task transfer,arithmetic_to_stroop,Arithmetic to Stroop,3,,3,569,4,389,3,0.6666666666666666,0.75,0.25443461273153445,0d28b9a2db89f96e7c51423176dc36e67d0caac0e0475215ffa3402ea261cbbc
neutral_legacy_multipliers,Neutral legacy multipliers,cross_task,Within-participant cross-task transfer,arithmetic_to_stroop,Arithmetic to Stroop,4,,4,666,4,343,3,0.6666666666666666,0.5,2.564061671902885,0d28b9a2db89f96e7c51423176dc36e67d0caac0e0475215ffa3402ea261cbbc
neutral_legacy_multipliers,Neutral legacy multipliers,cross_task,Within-participant cross-task transfer,arithmetic_to_stroop,Arithmetic to Stroop,5,,5,827,4,416,3,0.6666666666666666,0.5,1.4459594332707304,0d28b9a2db89f96e7c51423176dc36e67d0caac0e0475215ffa3402ea261cbbc
neutral_legacy_multipliers,Neutral legacy multipliers,cross_task,Within-participant cross-task transfer,arithmetic_to_stroop,Arithmetic to Stroop,6,,6,590,4,391,3,0.3333333333333333,0.25,8.215409477124195,0d28b9a2db89f96e7c51423176dc36e67d0caac0e0475215ffa3402ea261cbbc
neutral_legacy_multipliers,Neutral legacy multipliers,cross_task,Within-participant cross-task transfer,arithmetic_to_stroop,Arithmetic to Stroop,7,,7,353,4,372,3,0.6666666666666666,0.5,1.0953277401833932,0d28b9a2db89f96e7c51423176dc36e67d0caac0e0475215ffa3402ea261cbbc
neutral_legacy_multipliers,Neutral legacy multipliers,cross_task,Within-participant cross-task transfer,arithmetic_to_stroop,Arithmetic to Stroop,8,,8,1038,4,556,3,0.6666666666666666,0.5,1.0588553930166342,0d28b9a2db89f96e7c51423176dc36e67d0caac0e0475215ffa3402ea261cbbc
neutral_legacy_multipliers,Neutral legacy multipliers,cross_task,Within-participant cross-task transfer,arithmetic_to_stroop,Arithmetic to Stroop,9,,9,1079,4,463,3,0.6666666666666666,0.5,2.7168501679354295,0d28b9a2db89f96e7c51423176dc36e67d0caac0e0475215ffa3402ea261cbbc
neutral_legacy_multipliers,Neutral legacy multipliers,cross_task,Within-participant cross-task transfer,arithmetic_to_stroop,Arithmetic to Stroop,10,,10,538,4,408,3,0.6666666666666666,0.5,0.5130043697113166,0d28b9a2db89f96e7c51423176dc36e67d0caac0e0475215ffa3402ea261cbbc
neutral_legacy_multipliers,Neutral legacy multipliers,cross_task,Within-participant cross-task transfer,arithmetic_to_stroop,Arithmetic to Stroop,11,,11,772,4,428,3,0.3333333333333333,0.5,2.8654973851394687,0d28b9a2db89f96e7c51423176dc36e67d0caac0e0475215ffa3402ea261cbbc
neutral_legacy_multipliers,Neutral legacy multipliers,cross_task,Within-participant cross-task transfer,arithmetic_to_stroop,Arithmetic to Stroop,12,,12,655,4,438,3,0.6666666666666666,0.5,2.151222821621166,0d28b9a2db89f96e7c51423176dc36e67d0caac0e0475215ffa3402ea261cbbc
neutral_legacy_multipliers,Neutral legacy multipliers,cross_task,Within-participant cross-task transfer,arithmetic_to_stroop,Arithmetic to Stroop,13,,13,670,4,393,3,1.0,1.0,0.013266936687571966,0d28b9a2db89f96e7c51423176dc36e67d0caac0e0475215ffa3402ea261cbbc
neutral_legacy_multipliers,Neutral legacy multipliers,cross_task,Within-participant cross-task transfer,stroop_to_arithmetic,Stroop to Arithmetic,1,,1,653,4,539,3,0.3333333333333333,0.5,0.7945959618413738,0d28b9a2db89f96e7c51423176dc36e67d0caac0e0475215ffa3402ea261cbbc
neutral_legacy_multipliers,Neutral legacy multipliers,cross_task,Within-participant cross-task transfer,stroop_to_arithmetic,Stroop to Arithmetic,2,,2,859,4,538,3,0.3333333333333333,0.25,1.107734471811616,0d28b9a2db89f96e7c51423176dc36e67d0caac0e0475215ffa3402ea261cbbc
neutral_legacy_multipliers,Neutral legacy multipliers,cross_task,Within-participant cross-task transfer,stroop_to_arithmetic,Stroop to Arithmetic,3,,3,570,4,388,3,0.6666666666666666,0.5,3.2209899752824733,0d28b9a2db89f96e7c51423176dc36e67d0caac0e0475215ffa3402ea261cbbc
neutral_legacy_multipliers,Neutral legacy multipliers,cross_task,Within-participant cross-task transfer,stroop_to_arithmetic,Stroop to Arithmetic,4,,4,459,4,550,3,1.0,1.0,0.19588641977156487,0d28b9a2db89f96e7c51423176dc36e67d0caac0e0475215ffa3402ea261cbbc
neutral_legacy_multipliers,Neutral legacy multipliers,cross_task,Within-participant cross-task transfer,stroop_to_arithmetic,Stroop to Arithmetic,5,,5,660,4,583,3,0.0,0.0,2.5711115020298565,0d28b9a2db89f96e7c51423176dc36e67d0caac0e0475215ffa3402ea261cbbc
neutral_legacy_multipliers,Neutral legacy multipliers,cross_task,Within-participant cross-task transfer,stroop_to_arithmetic,Stroop to Arithmetic,6,,6,541,4,440,3,1.0,1.0,0.3551167993715975,0d28b9a2db89f96e7c51423176dc36e67d0caac0e0475215ffa3402ea261cbbc
neutral_legacy_multipliers,Neutral legacy multipliers,cross_task,Within-participant cross-task transfer,stroop_to_arithmetic,Stroop to Arithmetic,7,,7,541,4,184,3,0.3333333333333333,0.25,1.289675085462113,0d28b9a2db89f96e7c51423176dc36e67d0caac0e0475215ffa3402ea261cbbc
neutral_legacy_multipliers,Neutral legacy multipliers,cross_task,Within-participant cross-task transfer,stroop_to_arithmetic,Stroop to Arithmetic,8,,8,746,4,848,3,0.3333333333333333,0.25,0.5760750171461867,0d28b9a2db89f96e7c51423176dc36e67d0caac0e0475215ffa3402ea261cbbc
neutral_legacy_multipliers,Neutral legacy multipliers,cross_task,Within-participant cross-task transfer,stroop_to_arithmetic,Stroop to Arithmetic,9,,9,873,4,669,3,0.3333333333333333,0.25,0.8659224788682399,0d28b9a2db89f96e7c51423176dc36e67d0caac0e0475215ffa3402ea261cbbc
neutral_legacy_multipliers,Neutral legacy multipliers,cross_task,Within-participant cross-task transfer,stroop_to_arithmetic,Stroop to Arithmetic,10,,10,593,4,353,3,0.3333333333333333,0.5,0.9736554641989725,0d28b9a2db89f96e7c51423176dc36e67d0caac0e0475215ffa3402ea261cbbc
neutral_legacy_multipliers,Neutral legacy multipliers,cross_task,Within-participant cross-task transfer,stroop_to_arithmetic,Stroop to Arithmetic,11,,11,672,4,528,3,0.0,0.0,1.2555281231402422,0d28b9a2db89f96e7c51423176dc36e67d0caac0e0475215ffa3402ea261cbbc
neutral_legacy_multipliers,Neutral legacy multipliers,cross_task,Within-participant cross-task transfer,stroop_to_arithmetic,Stroop to Arithmetic,12,,12,623,4,470,3,0.0,0.0,1.0019553182520855,0d28b9a2db89f96e7c51423176dc36e67d0caac0e0475215ffa3402ea261cbbc
neutral_legacy_multipliers,Neutral legacy multipliers,cross_task,Within-participant cross-task transfer,stroop_to_arithmetic,Stroop to Arithmetic,13,,13,573,4,490,3,0.6666666666666666,0.75,0.5784027398895989,0d28b9a2db89f96e7c51423176dc36e67d0caac0e0475215ffa3402ea261cbbc
