dataset,setting,setting_display,comparison_family,subject,method,method_display,n_recordings,n_class_0,n_class_1,tn,fp,fn,tp,accuracy,balanced_accuracy,sensitivity,specificity,precision,f1,auroc,pr_auc,average_precision,log_loss,brier_score
openbci,cross_task_bidirectional,Bidirectional cross-task,complete_settings_39_posthoc,1,always_fuse,Always fused,6,2,4,0,2,1,3,0.5,0.375,0.75,0,0.59999999999999998,0.66666666666666663,0.5,0.73124999999999996,0.77083333333333326,0.68076199500368195,0.24426719825687651
openbci,cross_task_bidirectional,Bidirectional cross-task,complete_settings_39_posthoc,1,always_nn,Always neural,6,2,4,1,1,2,2,0.5,0.5,0.5,0.5,0.66666666666666663,0.5714285714285714,0.5,0.73124999999999996,0.77083333333333326,1.2103329511746799,0.39275745824207881
openbci,cross_task_bidirectional,Bidirectional cross-task,complete_settings_39_posthoc,1,cbsf,CB-SF,6,2,4,0,2,1,3,0.5,0.375,0.75,0,0.59999999999999998,0.66666666666666663,0.5,0.73124999999999996,0.77083333333333326,0.67804920880786312,0.24347041733994304
openbci,cross_task_bidirectional,Bidirectional cross-task,complete_settings_39_posthoc,1,dasf_clean,DASF,6,2,4,0,2,1,3,0.5,0.375,0.75,0,0.59999999999999998,0.66666666666666663,0.25,0.65000000000000002,0.69166666666666665,1.2390592088488497,0.40692301228230349
openbci,cross_task_bidirectional,Bidirectional cross-task,complete_settings_39_posthoc,1,eeg_conformer,EEG-Conformer,6,2,4,0,2,0,4,0.66666666666666663,0.5,1,0,0.66666666666666663,0.80000000000000004,0.625,0.76666666666666661,0.8041666666666667,0.68014157436450695,0.20761546503712405
openbci,cross_task_bidirectional,Bidirectional cross-task,complete_settings_39_posthoc,1,eegnet,EEGNet,6,2,4,1,1,0,4,0.83333333333333337,0.75,1,0.5,0.80000000000000004,0.88888888888888884,1,1,1,0.430788523515863,0.13282003059983422
openbci,cross_task_bidirectional,Bidirectional cross-task,complete_settings_39_posthoc,1,equal_blend_050,Equal blend (50%),6,2,4,0,2,1,3,0.5,0.375,0.75,0,0.59999999999999998,0.66666666666666663,0.5,0.73124999999999996,0.77083333333333326,0.67912279445096646,0.24519473747767018
openbci,cross_task_bidirectional,Bidirectional cross-task,complete_settings_39_posthoc,1,extra_trees,Extra Trees,6,2,4,1,1,0,4,0.83333333333333337,0.75,1,0.5,0.80000000000000004,0.88888888888888884,0.625,0.76666666666666661,0.8041666666666667,0.59496664598797888,0.204999126208495
openbci,cross_task_bidirectional,Bidirectional cross-task,complete_settings_39_posthoc,1,fixed_blend_010,Fixed blend (10%),6,2,4,1,1,2,2,0.5,0.5,0.5,0.5,0.66666666666666663,0.5714285714285714,0.5,0.73124999999999996,0.77083333333333326,0.71997201838898039,0.2680791394015728
openbci,cross_task_bidirectional,Bidirectional cross-task,complete_settings_39_posthoc,1,fixed_blend_025,Fixed blend (25%),6,2,4,1,1,1,3,0.66666666666666663,0.625,0.75,0.5,0.75,0.75,0.5,0.73124999999999996,0.77083333333333326,0.69202409278955956,0.2532986147853924
openbci,cross_task_bidirectional,Bidirectional cross-task,complete_settings_39_posthoc,1,rf,Random forest,6,2,4,1,1,1,3,0.66666666666666663,0.625,0.75,0.5,0.75,0.75,0.625,0.76666666666666661,0.8041666666666667,0.60014722437355272,0.20539852423739502
openbci,cross_task_bidirectional,Bidirectional cross-task,complete_settings_39_posthoc,1,riemann_mdm,Riemannian MDM,6,2,4,1,1,0,4,0.83333333333333337,0.75,1,0.5,0.80000000000000004,0.88888888888888884,0.625,0.76666666666666661,0.8041666666666667,0.50537354680744151,0.16111874310115357
openbci,cross_task_bidirectional,Bidirectional cross-task,complete_settings_39_posthoc,1,riemann_ts_logreg,Riemannian TS-LR,6,2,4,0,2,0,4,0.66666666666666663,0.5,1,0,0.66666666666666663,0.80000000000000004,0.625,0.76666666666666661,0.8041666666666667,0.90841713588724515,0.26032885998710048
openbci,cross_task_bidirectional,Bidirectional cross-task,complete_settings_39_posthoc,1,stack_recording,OOF recording-level stacking,6,2,4,1,1,1,3,0.66666666666666663,0.625,0.75,0.5,0.75,0.75,0.5,0.73124999999999996,0.77083333333333326,1.0991435593851075,0.30107173580714747
openbci,cross_task_bidirectional,Bidirectional cross-task,complete_settings_39_posthoc,2,always_fuse,Always fused,6,2,4,1,1,2,2,0.5,0.5,0.5,0.5,0.66666666666666663,0.5714285714285714,0.625,0.8354166666666667,0.85416666666666663,0.77151415839642556,0.28597406560082178
openbci,cross_task_bidirectional,Bidirectional cross-task,complete_settings_39_posthoc,2,always_nn,Always neural,6,2,4,0,2,1,3,0.5,0.375,0.75,0,0.59999999999999998,0.66666666666666663,0.625,0.8354166666666667,0.85416666666666663,1.072347795990229,0.37008929083229497
openbci,cross_task_bidirectional,Bidirectional cross-task,complete_settings_39_posthoc,2,cbsf,CB-SF,6,2,4,1,1,2,2,0.5,0.5,0.5,0.5,0.66666666666666663,0.5714285714285714,0.625,0.8354166666666667,0.85416666666666663,0.74811984178178559,0.27461487924173833
openbci,cross_task_bidirectional,Bidirectional cross-task,complete_settings_39_posthoc,2,dasf_clean,DASF,6,2,4,0,2,1,3,0.5,0.375,0.75,0,0.59999999999999998,0.66666666666666663,0.5,0.73124999999999996,0.77083333333333326,0.99693398635328467,0.3485835228437511
openbci,cross_task_bidirectional,Bidirectional cross-task,complete_settings_39_posthoc,2,eeg_conformer,EEG-Conformer,6,2,4,2,0,2,2,0.66666666666666663,0.75,0.5,1,1,0.66666666666666663,0.75,0.87083333333333335,0.88749999999999996,0.80572864124355625,0.28832103833367584
openbci,cross_task_bidirectional,Bidirectional cross-task,complete_settings_39_posthoc,2,eegnet,EEGNet,6,2,4,0,2,0,4,0.66666666666666663,0.5,1,0,0.66666666666666663,0.80000000000000004,0.25,0.50416666666666665,0.60833333333333328,1.8146221187299025,0.31342284172516727
openbci,cross_task_bidirectional,Bidirectional cross-task,complete_settings_39_posthoc,2,equal_blend_050,Equal blend (50%),6,2,4,1,1,2,2,0.5,0.5,0.5,0.5,0.66666666666666663,0.5714285714285714,0.625,0.8354166666666667,0.85416666666666663,0.73551044217652084,0.26925586905662019
openbci,cross_task_bidirectional,Bidirectional cross-task,complete_settings_39_posthoc,2,extra_trees,Extra Trees,6,2,4,2,0,3,1,0.5,0.625,0.25,1,1,0.40000000000000002,0.875,0.94374999999999998,0.94999999999999996,0.67874090238943052,0.24297647243782561
openbci,cross_task_bidirectional,Bidirectional cross-task,complete_settings_39_posthoc,2,fixed_blend_010,Fixed blend (10%),6,2,4,0,2,1,3,0.5,0.375,0.75,0,0.59999999999999998,0.66666666666666663,0.625,0.8354166666666667,0.85416666666666663,0.78636252536296991,0.29134959163731783
openbci,cross_task_bidirectional,Bidirectional cross-task,complete_settings_39_posthoc,2,fixed_blend_025,Fixed blend (25%),6,2,4,1,1,2,2,0.5,0.5,0.5,0.5,0.66666666666666663,0.5714285714285714,0.625,0.8354166666666667,0.85416666666666663,0.74699105315068426,0.27513269824707193
openbci,cross_task_bidirectional,Bidirectional cross-task,complete_settings_39_posthoc,2,rf,Random forest,6,2,4,2,0,3,1,0.5,0.625,0.25,1,1,0.40000000000000002,0.625,0.76666666666666661,0.8041666666666667,0.87542377613836297,0.32951422729942875
openbci,cross_task_bidirectional,Bidirectional cross-task,complete_settings_39_posthoc,2,riemann_mdm,Riemannian MDM,6,2,4,0,2,0,4,0.66666666666666663,0.5,1,0,0.66666666666666663,0.80000000000000004,0.625,0.8354166666666667,0.85416666666666663,0.66627347169028273,0.23663004257999501
openbci,cross_task_bidirectional,Bidirectional cross-task,complete_settings_39_posthoc,2,riemann_ts_logreg,Riemannian TS-LR,6,2,4,1,1,2,2,0.5,0.5,0.5,0.5,0.66666666666666663,0.5714285714285714,0.625,0.76666666666666661,0.8041666666666667,1.7461922889888515,0.34145031147521338
openbci,cross_task_bidirectional,Bidirectional cross-task,complete_settings_39_posthoc,2,stack_recording,OOF recording-level stacking,6,2,4,1,1,2,2,0.5,0.5,0.5,0.5,0.66666666666666663,0.5714285714285714,0.5,0.73124999999999996,0.77083333333333326,1.3959104450210085,0.40774385552735043
openbci,cross_task_bidirectional,Bidirectional cross-task,complete_settings_39_posthoc,3,always_fuse,Always fused,6,2,4,1,1,2,2,0.5,0.5,0.5,0.5,0.66666666666666663,0.5714285714285714,0.625,0.76666666666666661,0.8041666666666667,1.1470718785216933,0.28492044047513893
openbci,cross_task_bidirectional,Bidirectional cross-task,complete_settings_39_posthoc,3,always_nn,Always neural,6,2,4,1,1,0,4,0.83333333333333337,0.75,1,0.5,0.80000000000000004,0.88888888888888884,0.625,0.76666666666666661,0.8041666666666667,4.2385850663808329,0.21957766585907137
openbci,cross_task_bidirectional,Bidirectional cross-task,complete_settings_39_posthoc,3,cbsf,CB-SF,6,2,4,1,1,1,3,0.66666666666666663,0.625,0.75,0.5,0.75,0.75,0.625,0.76666666666666661,0.8041666666666667,1.1777181607220617,0.27257392408305919
openbci,cross_task_bidirectional,Bidirectional cross-task,complete_settings_39_posthoc,3,dasf_clean,DASF,6,2,4,1,1,2,2,0.5,0.5,0.5,0.5,0.66666666666666663,0.5714285714285714,0.625,0.76666666666666661,0.8041666666666667,1.1470718785216933,0.28492044047513893
openbci,cross_task_bidirectional,Bidirectional cross-task,complete_settings_39_posthoc,3,eeg_conformer,EEG-Conformer,6,2,4,1,1,1,3,0.66666666666666663,0.625,0.75,0.5,0.75,0.75,0.75,0.87083333333333335,0.88749999999999996,0.54304588705229961,0.18475811438535647
openbci,cross_task_bidirectional,Bidirectional cross-task,complete_settings_39_posthoc,3,eegnet,EEGNet,6,2,4,0,2,0,4,0.66666666666666663,0.5,1,0,0.66666666666666663,0.80000000000000004,0.5,0.57916666666666661,0.6791666666666667,0.92519839938001935,0.26412731568267855
openbci,cross_task_bidirectional,Bidirectional cross-task,complete_settings_39_posthoc,3,equal_blend_050,Equal blend (50%),6,2,4,1,1,1,3,0.66666666666666663,0.625,0.75,0.5,0.75,0.75,0.625,0.76666666666666661,0.8041666666666667,1.2240699519091367,0.25549264152533452
openbci,cross_task_bidirectional,Bidirectional cross-task,complete_settings_39_posthoc,3,extra_trees,Extra Trees,6,2,4,1,1,0,4,0.83333333333333337,0.75,1,0.5,0.80000000000000004,0.88888888888888884,0.625,0.76666666666666661,0.8041666666666667,0.68514375744139711,0.20569968953622295
openbci,cross_task_bidirectional,Bidirectional cross-task,complete_settings_39_posthoc,3,fixed_blend_010,Fixed blend (10%),6,2,4,1,1,1,3,0.66666666666666663,0.625,0.75,0.5,0.75,0.75,0.625,0.76666666666666661,0.8041666666666667,1.4349070399602601,0.23064393799375973
openbci,cross_task_bidirectional,Bidirectional cross-task,complete_settings_39_posthoc,3,fixed_blend_025,Fixed blend (25%),6,2,4,1,1,1,3,0.66666666666666663,0.625,0.75,0.5,0.75,0.75,0.625,0.76666666666666661,0.8041666666666667,1.3076964035117038,0.24105766923547831
openbci,cross_task_bidirectional,Bidirectional cross-task,complete_settings_39_posthoc,3,rf,Random forest,6,2,4,1,1,0,4,0.83333333333333337,0.75,1,0.5,0.80000000000000004,0.88888888888888884,0.625,0.76666666666666661,0.8041666666666667,0.66826466102715065,0.1904192386105783
openbci,cross_task_bidirectional,Bidirectional cross-task,complete_settings_39_posthoc,3,riemann_mdm,Riemannian MDM,6,2,4,1,1,0,4,0.83333333333333337,0.75,1,0.5,0.80000000000000004,0.88888888888888884,0.75,0.87083333333333335,0.88749999999999996,0.58618467593927936,0.2009285649255356
openbci,cross_task_bidirectional,Bidirectional cross-task,complete_settings_39_posthoc,3,riemann_ts_logreg,Riemannian TS-LR,6,2,4,1,1,1,3,0.66666666666666663,0.625,0.75,0.5,0.75,0.75,0.5,0.57916666666666661,0.6791666666666667,1.7646320174248495,0.33942758474596851
openbci,cross_task_bidirectional,Bidirectional cross-task,complete_settings_39_posthoc,3,stack_recording,OOF recording-level stacking,6,2,4,1,1,2,2,0.5,0.5,0.5,0.5,0.66666666666666663,0.5714285714285714,0.375,0.69166666666666665,0.73333333333333328,1.4423862640525933,0.31946767599174941
openbci,cross_task_bidirectional,Bidirectional cross-task,complete_settings_39_posthoc,4,always_fuse,Always fused,6,2,4,1,1,0,4,0.83333333333333337,0.75,1,0.5,0.80000000000000004,0.88888888888888884,0.625,0.76666666666666661,0.8041666666666667,1.4249352672006841,0.23634823597514623
openbci,cross_task_bidirectional,Bidirectional cross-task,complete_settings_39_posthoc,4,always_nn,Always neural,6,2,4,1,1,0,4,0.83333333333333337,0.75,1,0.5,0.80000000000000004,0.88888888888888884,0.625,0.76666666666666661,0.8041666666666667,1.9006159284221693,0.16666333627737803
openbci,cross_task_bidirectional,Bidirectional cross-task,complete_settings_39_posthoc,4,cbsf,CB-SF,6,2,4,1,1,0,4,0.83333333333333337,0.75,1,0.5,0.80000000000000004,0.88888888888888884,0.625,0.76666666666666661,0.8041666666666667,1.2939995965475191,0.1753446178176383
openbci,cross_task_bidirectional,Bidirectional cross-task,complete_settings_39_posthoc,4,dasf_clean,DASF,6,2,4,1,1,0,4,0.83333333333333337,0.75,1,0.5,0.80000000000000004,0.88888888888888884,0.75,0.87083333333333335,0.88749999999999996,1.1928097200111247,0.16640668027827771
openbci,cross_task_bidirectional,Bidirectional cross-task,complete_settings_39_posthoc,4,eeg_conformer,EEG-Conformer,6,2,4,1,1,0,4,0.83333333333333337,0.75,1,0.5,0.80000000000000004,0.88888888888888884,0.75,0.87083333333333335,0.88749999999999996,1.1994912640792912,0.21924801343351549
openbci,cross_task_bidirectional,Bidirectional cross-task,complete_settings_39_posthoc,4,eegnet,EEGNet,6,2,4,1,1,1,3,0.66666666666666663,0.625,0.75,0.5,0.75,0.75,0.75,0.87083333333333335,0.88749999999999996,1.5697156714234914,0.24934304536194074
openbci,cross_task_bidirectional,Bidirectional cross-task,complete_settings_39_posthoc,4,equal_blend_050,Equal blend (50%),6,2,4,1,1,0,4,0.83333333333333337,0.75,1,0.5,0.80000000000000004,0.88888888888888884,0.625,0.76666666666666661,0.8041666666666667,1.4758953559529371,0.20996694333741539
openbci,cross_task_bidirectional,Bidirectional cross-task,complete_settings_39_posthoc,4,extra_trees,Extra Trees,6,2,4,1,1,0,4,0.83333333333333337,0.75,1,0.5,0.80000000000000004,0.88888888888888884,0.75,0.87083333333333335,0.88749999999999996,1.3189444340421566,0.23064896337785287
openbci,cross_task_bidirectional,Bidirectional cross-task,complete_settings_39_posthoc,4,fixed_blend_010,Fixed blend (10%),6,2,4,1,1,0,4,0.83333333333333337,0.75,1,0.5,0.80000000000000004,0.88888888888888884,0.625,0.76666666666666661,0.8041666666666667,1.6244126489103372,0.18307300203371987
openbci,cross_task_bidirectional,Bidirectional cross-task,complete_settings_39_posthoc,4,fixed_blend_025,Fixed blend (25%),6,2,4,1,1,0,4,0.83333333333333337,0.75,1,0.5,0.80000000000000004,0.88888888888888884,0.625,0.76666666666666661,0.8041666666666667,1.5364931667297741,0.19481849775310026
openbci,cross_task_bidirectional,Bidirectional cross-task,complete_settings_39_posthoc,4,rf,Random forest,6,2,4,1,1,0,4,0.83333333333333337,0.75,1,0.5,0.80000000000000004,0.88888888888888884,0.625,0.76666666666666661,0.8041666666666667,1.6628252069874776,0.22479056732522448
openbci,cross_task_bidirectional,Bidirectional cross-task,complete_settings_39_posthoc,4,riemann_mdm,Riemannian MDM,6,2,4,1,1,0,4,0.83333333333333337,0.75,1,0.5,0.80000000000000004,0.88888888888888884,0.75,0.87083333333333335,0.88749999999999996,0.9665351835118523,0.18793078480655045
openbci,cross_task_bidirectional,Bidirectional cross-task,complete_settings_39_posthoc,4,riemann_ts_logreg,Riemannian TS-LR,6,2,4,1,1,2,2,0.5,0.5,0.5,0.5,0.66666666666666663,0.5714285714285714,0.5,0.57916666666666661,0.6791666666666667,3.8980012377162923,0.49460502500291925
openbci,cross_task_bidirectional,Bidirectional cross-task,complete_settings_39_posthoc,4,stack_recording,OOF recording-level stacking,6,2,4,1,1,2,2,0.5,0.5,0.5,0.5,0.66666666666666663,0.5714285714285714,0.625,0.76666666666666661,0.8041666666666667,0.92722839002082746,0.32727142768172024
openbci,cross_task_bidirectional,Bidirectional cross-task,complete_settings_39_posthoc,5,always_fuse,Always fused,6,2,4,1,1,2,2,0.5,0.5,0.5,0.5,0.66666666666666663,0.5714285714285714,0.25,0.50416666666666665,0.60833333333333328,0.92047084362862996,0.35000092086590939
openbci,cross_task_bidirectional,Bidirectional cross-task,complete_settings_39_posthoc,5,always_nn,Always neural,6,2,4,0,2,2,2,0.33333333333333331,0.25,0.5,0,0.5,0.5,0,0.44166666666666671,0.52500000000000002,3.8095804454032596,0.62605666716430575
openbci,cross_task_bidirectional,Bidirectional cross-task,complete_settings_39_posthoc,5,cbsf,CB-SF,6,2,4,0,2,2,2,0.33333333333333331,0.25,0.5,0,0.5,0.5,0.25,0.50416666666666665,0.60833333333333328,0.99298599136864585,0.3819164483203778
openbci,cross_task_bidirectional,Bidirectional cross-task,complete_settings_39_posthoc,5,dasf_clean,DASF,6,2,4,0,2,2,2,0.33333333333333331,0.25,0.5,0,0.5,0.5,0,0.44166666666666671,0.52500000000000002,3.8095804454032596,0.62605666716430586
openbci,cross_task_bidirectional,Bidirectional cross-task,complete_settings_39_posthoc,5,eeg_conformer,EEG-Conformer,6,2,4,0,2,2,2,0.33333333333333331,0.25,0.5,0,0.5,0.5,0.125,0.46250000000000002,0.56666666666666665,1.8481725135678495,0.55124552193333187
openbci,cross_task_bidirectional,Bidirectional cross-task,complete_settings_39_posthoc,5,eegnet,EEGNet,6,2,4,0,2,0,4,0.66666666666666663,0.5,1,0,0.66666666666666663,0.80000000000000004,0.5,0.73124999999999996,0.77083333333333326,0.66184509100321409,0.23428267966930449
openbci,cross_task_bidirectional,Bidirectional cross-task,complete_settings_39_posthoc,5,equal_blend_050,Equal blend (50%),6,2,4,0,2,2,2,0.33333333333333331,0.25,0.5,0,0.5,0.5,0,0.44166666666666671,0.52500000000000002,1.1047757960943656,0.42750319529812564
openbci,cross_task_bidirectional,Bidirectional cross-task,complete_settings_39_posthoc,5,extra_trees,Extra Trees,6,2,4,0,2,1,3,0.5,0.375,0.75,0,0.59999999999999998,0.66666666666666663,0,0.44166666666666671,0.52500000000000002,1.1032143277288107,0.40945918444190532
openbci,cross_task_bidirectional,Bidirectional cross-task,complete_settings_39_posthoc,5,fixed_blend_010,Fixed blend (10%),6,2,4,0,2,2,2,0.33333333333333331,0.25,0.5,0,0.5,0.5,0,0.44166666666666671,0.52500000000000002,1.5502981063995571,0.54139117900155898
openbci,cross_task_bidirectional,Bidirectional cross-task,complete_settings_39_posthoc,5,fixed_blend_025,Fixed blend (25%),6,2,4,0,2,2,2,0.33333333333333331,0.25,0.5,0,0.5,0.5,0,0.44166666666666671,0.52500000000000002,1.2955095354438655,0.4876583677519144
openbci,cross_task_bidirectional,Bidirectional cross-task,complete_settings_39_posthoc,5,rf,Random forest,6,2,4,0,2,3,1,0.16666666666666666,0.125,0.25,0,0.33333333333333331,0.2857142857142857,0,0.44166666666666671,0.52500000000000002,1.483789241135721,0.51909577487602931
openbci,cross_task_bidirectional,Bidirectional cross-task,complete_settings_39_posthoc,5,riemann_mdm,Riemannian MDM,6,2,4,0,2,1,3,0.5,0.375,0.75,0,0.59999999999999998,0.66666666666666663,0.375,0.54374999999999996,0.64583333333333326,1.0474531349190921,0.34052479677933961
openbci,cross_task_bidirectional,Bidirectional cross-task,complete_settings_39_posthoc,5,riemann_ts_logreg,Riemannian TS-LR,6,2,4,0,2,1,3,0.5,0.375,0.75,0,0.59999999999999998,0.66666666666666663,0.5,0.73124999999999996,0.77083333333333326,0.73878419052534161,0.25069620639351331
openbci,cross_task_bidirectional,Bidirectional cross-task,complete_settings_39_posthoc,5,stack_recording,OOF recording-level stacking,6,2,4,1,1,2,2,0.5,0.5,0.5,0.5,0.66666666666666663,0.5714285714285714,0.25,0.50416666666666665,0.60833333333333328,3.3165860897888599,0.5179709813499539
openbci,cross_task_bidirectional,Bidirectional cross-task,complete_settings_39_posthoc,6,always_fuse,Always fused,6,2,4,1,1,2,2,0.5,0.5,0.5,0.5,0.66666666666666663,0.5714285714285714,0.25,0.50416666666666665,0.60833333333333328,0.92518304045162914,0.34882028341175747
openbci,cross_task_bidirectional,Bidirectional cross-task,complete_settings_39_posthoc,6,always_nn,Always neural,6,2,4,1,1,1,3,0.66666666666666663,0.625,0.75,0.5,0.75,0.75,0.875,0.94374999999999998,0.94999999999999996,0.48730897153375441,0.16571884123901195
openbci,cross_task_bidirectional,Bidirectional cross-task,complete_settings_39_posthoc,6,cbsf,CB-SF,6,2,4,1,1,2,2,0.5,0.5,0.5,0.5,0.66666666666666663,0.5714285714285714,0.375,0.69166666666666665,0.73333333333333328,0.75550141111982361,0.28012535307168868
openbci,cross_task_bidirectional,Bidirectional cross-task,complete_settings_39_posthoc,6,dasf_clean,DASF,6,2,4,2,0,3,1,0.5,0.625,0.25,1,1,0.40000000000000002,0.5,0.79583333333333339,0.81666666666666665,0.82491087853166223,0.30211749329798376
openbci,cross_task_bidirectional,Bidirectional cross-task,complete_settings_39_posthoc,6,eeg_conformer,EEG-Conformer,6,2,4,0,2,0,4,0.66666666666666663,0.5,1,0,0.66666666666666663,0.80000000000000004,1,1,1,0.55687595663153544,0.20224078860892281
openbci,cross_task_bidirectional,Bidirectional cross-task,complete_settings_39_posthoc,6,eegnet,EEGNet,6,2,4,1,1,3,1,0.33333333333333331,0.375,0.25,0.5,0.5,0.33333333333333331,0.125,0.46250000000000002,0.56666666666666665,0.70113004718589023,0.25399001373193592
openbci,cross_task_bidirectional,Bidirectional cross-task,complete_settings_39_posthoc,6,equal_blend_050,Equal blend (50%),6,2,4,2,0,0,4,1,1,1,1,1,1,1,1,1,0.63611289907236379,0.22182184020377915
openbci,cross_task_bidirectional,Bidirectional cross-task,complete_settings_39_posthoc,6,extra_trees,Extra Trees,6,2,4,1,1,1,3,0.66666666666666663,0.625,0.75,0.5,0.75,0.75,0.625,0.8354166666666667,0.85416666666666663,0.64458673467473426,0.22632264456680506
openbci,cross_task_bidirectional,Bidirectional cross-task,complete_settings_39_posthoc,6,fixed_blend_010,Fixed blend (10%),6,2,4,1,1,1,3,0.66666666666666663,0.625,0.75,0.5,0.75,0.75,0.875,0.94374999999999998,0.94999999999999996,0.50886259479534479,0.16486337534040302
openbci,cross_task_bidirectional,Bidirectional cross-task,complete_settings_39_posthoc,6,fixed_blend_025,Fixed blend (25%),6,2,4,1,1,1,3,0.66666666666666663,0.625,0.75,0.5,0.75,0.75,0.875,0.94374999999999998,0.94999999999999996,0.55872322610911385,0.18488655614551808
openbci,cross_task_bidirectional,Bidirectional cross-task,complete_settings_39_posthoc,6,rf,Random forest,6,2,4,1,1,2,2,0.5,0.5,0.5,0.5,0.66666666666666663,0.5714285714285714,0.375,0.69166666666666665,0.73333333333333328,0.70277297016940077,0.25491005536547523
openbci,cross_task_bidirectional,Bidirectional cross-task,complete_settings_39_posthoc,6,riemann_mdm,Riemannian MDM,6,2,4,1,1,3,1,0.33333333333333331,0.375,0.25,0.5,0.5,0.33333333333333331,0.375,0.69166666666666665,0.73333333333333328,2.7786190234860015,0.5454716914010761
openbci,cross_task_bidirectional,Bidirectional cross-task,complete_settings_39_posthoc,6,riemann_ts_logreg,Riemannian TS-LR,6,2,4,1,1,3,1,0.33333333333333331,0.375,0.25,0.5,0.5,0.33333333333333331,0.5,0.73124999999999996,0.77083333333333326,2.8500718451651008,0.57796144589242215
openbci,cross_task_bidirectional,Bidirectional cross-task,complete_settings_39_posthoc,6,stack_recording,OOF recording-level stacking,6,2,4,1,1,2,2,0.5,0.5,0.5,0.5,0.66666666666666663,0.5714285714285714,0.25,0.50416666666666665,0.60833333333333328,0.98388588901244367,0.37263992687532793
openbci,cross_task_bidirectional,Bidirectional cross-task,complete_settings_39_posthoc,7,always_fuse,Always fused,6,2,4,1,1,0,4,0.83333333333333337,0.75,1,0.5,0.80000000000000004,0.88888888888888884,0.5,0.57916666666666661,0.6791666666666667,0.68120723617027668,0.24349860633217557
openbci,cross_task_bidirectional,Bidirectional cross-task,complete_settings_39_posthoc,7,always_nn,Always neural,6,2,4,0,2,0,4,0.66666666666666663,0.5,1,0,0.66666666666666663,0.80000000000000004,0.5,0.73124999999999996,0.77083333333333326,1.185323696086245,0.31199306010338457
openbci,cross_task_bidirectional,Bidirectional cross-task,complete_settings_39_posthoc,7,cbsf,CB-SF,6,2,4,0,2,0,4,0.66666666666666663,0.5,1,0,0.66666666666666663,0.80000000000000004,0.625,0.76666666666666661,0.8041666666666667,0.86612386771728955,0.2594308050216465
openbci,cross_task_bidirectional,Bidirectional cross-task,complete_settings_39_posthoc,7,dasf_clean,DASF,6,2,4,0,2,0,4,0.66666666666666663,0.5,1,0,0.66666666666666663,0.80000000000000004,0.5,0.73124999999999996,0.77083333333333326,1.1853236960862465,0.31199306010338462
openbci,cross_task_bidirectional,Bidirectional cross-task,complete_settings_39_posthoc,7,eeg_conformer,EEG-Conformer,6,2,4,0,2,0,4,0.66666666666666663,0.5,1,0,0.66666666666666663,0.80000000000000004,0.75,0.87083333333333335,0.88749999999999996,1.6865701832417939,0.32854275584229309
openbci,cross_task_bidirectional,Bidirectional cross-task,complete_settings_39_posthoc,7,eegnet,EEGNet,6,2,4,1,1,0,4,0.83333333333333337,0.75,1,0.5,0.80000000000000004,0.88888888888888884,0.75,0.87083333333333335,0.88749999999999996,0.804694797245182,0.25991715288474787
openbci,cross_task_bidirectional,Bidirectional cross-task,complete_settings_39_posthoc,7,equal_blend_050,Equal blend (50%),6,2,4,0,2,0,4,0.66666666666666663,0.5,1,0,0.66666666666666663,0.80000000000000004,0.625,0.76666666666666661,0.8041666666666667,0.66406924488962848,0.23113102617717873
openbci,cross_task_bidirectional,Bidirectional cross-task,complete_settings_39_posthoc,7,extra_trees,Extra Trees,6,2,4,1,1,0,4,0.83333333333333337,0.75,1,0.5,0.80000000000000004,0.88888888888888884,0.875,0.94374999999999998,0.94999999999999996,0.58160398356597798,0.19551458350717565
openbci,cross_task_bidirectional,Bidirectional cross-task,complete_settings_39_posthoc,7,fixed_blend_010,Fixed blend (10%),6,2,4,0,2,0,4,0.66666666666666663,0.5,1,0,0.66666666666666663,0.80000000000000004,0.5,0.73124999999999996,0.77083333333333326,0.8675363299648805,0.2793331086603123
openbci,cross_task_bidirectional,Bidirectional cross-task,complete_settings_39_posthoc,7,fixed_blend_025,Fixed blend (25%),6,2,4,0,2,0,4,0.66666666666666663,0.5,1,0,0.66666666666666663,0.80000000000000004,0.5,0.73124999999999996,0.77083333333333326,0.73875936696333,0.25298977833491781
openbci,cross_task_bidirectional,Bidirectional cross-task,complete_settings_39_posthoc,7,rf,Random forest,6,2,4,1,1,1,3,0.66666666666666663,0.625,0.75,0.5,0.75,0.75,0.875,0.94374999999999998,0.94999999999999996,0.61782786484692198,0.21330431340002468
openbci,cross_task_bidirectional,Bidirectional cross-task,complete_settings_39_posthoc,7,riemann_mdm,Riemannian MDM,6,2,4,0,2,0,4,0.66666666666666663,0.5,1,0,0.66666666666666663,0.80000000000000004,0.75,0.87083333333333335,0.88749999999999996,2.5272970101326027,0.23353349233524137
openbci,cross_task_bidirectional,Bidirectional cross-task,complete_settings_39_posthoc,7,riemann_ts_logreg,Riemannian TS-LR,6,2,4,1,1,2,2,0.5,0.5,0.5,0.5,0.66666666666666663,0.5714285714285714,0.75,0.87083333333333335,0.88749999999999996,2.3807199611469048,0.41808282243510558
openbci,cross_task_bidirectional,Bidirectional cross-task,complete_settings_39_posthoc,7,stack_recording,OOF recording-level stacking,6,2,4,0,2,0,4,0.66666666666666663,0.5,1,0,0.66666666666666663,0.80000000000000004,0.5,0.73124999999999996,0.77083333333333326,1.2266556310914385,0.29282609509893759
openbci,cross_task_bidirectional,Bidirectional cross-task,complete_settings_39_posthoc,8,always_fuse,Always fused,6,2,4,1,1,2,2,0.5,0.5,0.5,0.5,0.66666666666666663,0.5714285714285714,0.625,0.8354166666666667,0.85416666666666663,0.70748324909593496,0.25664473582549507
openbci,cross_task_bidirectional,Bidirectional cross-task,complete_settings_39_posthoc,8,always_nn,Always neural,6,2,4,0,2,0,4,0.66666666666666663,0.5,1,0,0.66666666666666663,0.80000000000000004,0.5,0.73124999999999996,0.77083333333333326,1.1440786464224462,0.29804318382119538
openbci,cross_task_bidirectional,Bidirectional cross-task,complete_settings_39_posthoc,8,cbsf,CB-SF,6,2,4,1,1,1,3,0.66666666666666663,0.625,0.75,0.5,0.75,0.75,0.375,0.54374999999999996,0.64583333333333326,0.69214027737033235,0.24909097047353945
openbci,cross_task_bidirectional,Bidirectional cross-task,complete_settings_39_posthoc,8,dasf_clean,DASF,6,2,4,0,2,0,4,0.66666666666666663,0.5,1,0,0.66666666666666663,0.80000000000000004,0.5,0.73124999999999996,0.77083333333333326,1.1440786464224459,0.29804318382119532
openbci,cross_task_bidirectional,Bidirectional cross-task,complete_settings_39_posthoc,8,eeg_conformer,EEG-Conformer,6,2,4,0,2,1,3,0.5,0.375,0.75,0,0.59999999999999998,0.66666666666666663,0.625,0.8354166666666667,0.85416666666666663,0.71501039309409464,0.26067631760577398
openbci,cross_task_bidirectional,Bidirectional cross-task,complete_settings_39_posthoc,8,eegnet,EEGNet,6,2,4,0,2,3,1,0.16666666666666666,0.125,0.25,0,0.33333333333333331,0.2857142857142857,0.25,0.65000000000000002,0.69166666666666665,0.88803623146117883,0.34433827591612309
openbci,cross_task_bidirectional,Bidirectional cross-task,complete_settings_39_posthoc,8,equal_blend_050,Equal blend (50%),6,2,4,1,1,1,3,0.66666666666666663,0.625,0.75,0.5,0.75,0.75,0.375,0.54374999999999996,0.64583333333333326,0.67898076582899758,0.2422367166733963
openbci,cross_task_bidirectional,Bidirectional cross-task,complete_settings_39_posthoc,8,extra_trees,Extra Trees,6,2,4,1,1,1,3,0.66666666666666663,0.625,0.75,0.5,0.75,0.75,0.75,0.90833333333333333,0.91666666666666663,0.60091882291267684,0.2062972043894459
openbci,cross_task_bidirectional,Bidirectional cross-task,complete_settings_39_posthoc,8,fixed_blend_010,Fixed blend (10%),6,2,4,1,1,1,3,0.66666666666666663,0.625,0.75,0.5,0.75,0.75,0.375,0.54374999999999996,0.64583333333333326,0.70271396361719252,0.24448471766389504
openbci,cross_task_bidirectional,Bidirectional cross-task,complete_settings_39_posthoc,8,fixed_blend_025,Fixed blend (25%),6,2,4,1,1,1,3,0.66666666666666663,0.625,0.75,0.5,0.75,0.75,0.375,0.54374999999999996,0.64583333333333326,0.68059577793048842,0.2407483084237749
openbci,cross_task_bidirectional,Bidirectional cross-task,complete_settings_39_posthoc,8,rf,Random forest,6,2,4,1,1,1,3,0.66666666666666663,0.625,0.75,0.5,0.75,0.75,0.5,0.73124999999999996,0.77083333333333326,0.61188758681308164,0.21152376319638946
openbci,cross_task_bidirectional,Bidirectional cross-task,complete_settings_39_posthoc,8,riemann_mdm,Riemannian MDM,6,2,4,1,1,2,2,0.5,0.5,0.5,0.5,0.66666666666666663,0.5714285714285714,0.375,0.54374999999999996,0.64583333333333326,0.74255316754042333,0.27411106696224735
openbci,cross_task_bidirectional,Bidirectional cross-task,complete_settings_39_posthoc,8,riemann_ts_logreg,Riemannian TS-LR,6,2,4,1,1,4,0,0.16666666666666666,0.25,0,0.5,0,0,0,0.44166666666666671,0.52500000000000002,1.2710861996625911,0.45179847029231462
openbci,cross_task_bidirectional,Bidirectional cross-task,complete_settings_39_posthoc,8,stack_recording,OOF recording-level stacking,6,2,4,1,1,1,3,0.66666666666666663,0.625,0.75,0.5,0.75,0.75,0.375,0.54374999999999996,0.64583333333333326,0.96589504231894985,0.29919903464819475
openbci,cross_task_bidirectional,Bidirectional cross-task,complete_settings_39_posthoc,9,always_fuse,Always fused,6,2,4,0,2,0,4,0.66666666666666663,0.5,1,0,0.66666666666666663,0.80000000000000004,0.625,0.76666666666666661,0.8041666666666667,0.65998466094726072,0.23357893413241229
openbci,cross_task_bidirectional,Bidirectional cross-task,complete_settings_39_posthoc,9,always_nn,Always neural,6,2,4,0,2,1,3,0.5,0.375,0.75,0,0.59999999999999998,0.66666666666666663,0.5,0.73124999999999996,0.77083333333333326,1.1152163585084478,0.34586716536745826
openbci,cross_task_bidirectional,Bidirectional cross-task,complete_settings_39_posthoc,9,cbsf,CB-SF,6,2,4,0,2,0,4,0.66666666666666663,0.5,1,0,0.66666666666666663,0.80000000000000004,0.375,0.69166666666666665,0.73333333333333328,0.66771972435438043,0.23750082365859346
openbci,cross_task_bidirectional,Bidirectional cross-task,complete_settings_39_posthoc,9,dasf_clean,DASF,6,2,4,0,2,0,4,0.66666666666666663,0.5,1,0,0.66666666666666663,0.80000000000000004,0.625,0.76666666666666661,0.8041666666666667,0.65998466094726072,0.23357893413241229
openbci,cross_task_bidirectional,Bidirectional cross-task,complete_settings_39_posthoc,9,eeg_conformer,EEG-Conformer,6,2,4,0,2,0,4,0.66666666666666663,0.5,1,0,0.66666666666666663,0.80000000000000004,0.25,0.65000000000000002,0.69166666666666665,1.3898370670831826,0.33120596642598904
openbci,cross_task_bidirectional,Bidirectional cross-task,complete_settings_39_posthoc,9,eegnet,EEGNet,6,2,4,0,2,0,4,0.66666666666666663,0.5,1,0,0.66666666666666663,0.80000000000000004,0.625,0.76666666666666661,0.8041666666666667,0.68760770765784451,0.23683345919709067
openbci,cross_task_bidirectional,Bidirectional cross-task,complete_settings_39_posthoc,9,equal_blend_050,Equal blend (50%),6,2,4,0,2,0,4,0.66666666666666663,0.5,1,0,0.66666666666666663,0.80000000000000004,0.375,0.69166666666666665,0.73333333333333328,0.68719443775994493,0.24684838650754823
openbci,cross_task_bidirectional,Bidirectional cross-task,complete_settings_39_posthoc,9,extra_trees,Extra Trees,6,2,4,0,2,0,4,0.66666666666666663,0.5,1,0,0.66666666666666663,0.80000000000000004,0.375,0.54374999999999996,0.64583333333333326,0.7341138613397894,0.25838431275396562
openbci,cross_task_bidirectional,Bidirectional cross-task,complete_settings_39_posthoc,9,fixed_blend_010,Fixed blend (10%),6,2,4,0,2,1,3,0.5,0.375,0.75,0,0.59999999999999998,0.66666666666666663,0.5,0.73124999999999996,0.77083333333333326,0.81501071497194622,0.29048270139037918
openbci,cross_task_bidirectional,Bidirectional cross-task,complete_settings_39_posthoc,9,fixed_blend_025,Fixed blend (25%),6,2,4,0,2,1,3,0.5,0.375,0.75,0,0.59999999999999998,0.66666666666666663,0.375,0.69166666666666665,0.73333333333333328,0.73795694726589289,0.26731829488849979
openbci,cross_task_bidirectional,Bidirectional cross-task,complete_settings_39_posthoc,9,rf,Random forest,6,2,4,0,2,1,3,0.5,0.375,0.75,0,0.59999999999999998,0.66666666666666663,0.375,0.54374999999999996,0.64583333333333326,0.77798925034493527,0.2739410559484633
openbci,cross_task_bidirectional,Bidirectional cross-task,complete_settings_39_posthoc,9,riemann_mdm,Riemannian MDM,6,2,4,0,2,0,4,0.66666666666666663,0.5,1,0,0.66666666666666663,0.80000000000000004,0.25,0.65000000000000002,0.69166666666666665,1.1580660594987338,0.31274127792342571
openbci,cross_task_bidirectional,Bidirectional cross-task,complete_settings_39_posthoc,9,riemann_ts_logreg,Riemannian TS-LR,6,2,4,1,1,1,3,0.66666666666666663,0.625,0.75,0.5,0.75,0.75,0.75,0.87083333333333335,0.88749999999999996,1.4886466681557946,0.26806520484287694
openbci,cross_task_bidirectional,Bidirectional cross-task,complete_settings_39_posthoc,9,stack_recording,OOF recording-level stacking,6,2,4,0,2,1,3,0.5,0.375,0.75,0,0.59999999999999998,0.66666666666666663,0.5,0.73124999999999996,0.77083333333333326,0.74503451308408908,0.27261634100675158
openbci,cross_task_bidirectional,Bidirectional cross-task,complete_settings_39_posthoc,10,always_fuse,Always fused,6,2,4,1,1,3,1,0.33333333333333331,0.375,0.25,0.5,0.5,0.33333333333333331,0.5,0.57916666666666661,0.6791666666666667,0.73065879306817927,0.26882702386257101
openbci,cross_task_bidirectional,Bidirectional cross-task,complete_settings_39_posthoc,10,always_nn,Always neural,6,2,4,1,1,1,3,0.66666666666666663,0.625,0.75,0.5,0.75,0.75,0.5,0.73124999999999996,0.77083333333333326,0.68096760193943273,0.24673801441696253
openbci,cross_task_bidirectional,Bidirectional cross-task,complete_settings_39_posthoc,10,cbsf,CB-SF,6,2,4,1,1,2,2,0.5,0.5,0.5,0.5,0.66666666666666663,0.5714285714285714,0.5,0.57916666666666661,0.6791666666666667,0.71039193373318332,0.25856261642081257
openbci,cross_task_bidirectional,Bidirectional cross-task,complete_settings_39_posthoc,10,dasf_clean,DASF,6,2,4,1,1,3,1,0.33333333333333331,0.375,0.25,0.5,0.5,0.33333333333333331,0.5,0.57916666666666661,0.6791666666666667,0.73065879306817927,0.26882702386257101
openbci,cross_task_bidirectional,Bidirectional cross-task,complete_settings_39_posthoc,10,eeg_conformer,EEG-Conformer,6,2,4,1,1,0,4,0.83333333333333337,0.75,1,0.5,0.80000000000000004,0.88888888888888884,0.875,0.94374999999999998,0.94999999999999996,0.44027365657515211,0.14478725275564405
openbci,cross_task_bidirectional,Bidirectional cross-task,complete_settings_39_posthoc,10,eegnet,EEGNet,6,2,4,1,1,1,3,0.66666666666666663,0.625,0.75,0.5,0.75,0.75,0.75,0.87083333333333335,0.88749999999999996,0.65475897660416049,0.23144400007576446
openbci,cross_task_bidirectional,Bidirectional cross-task,complete_settings_39_posthoc,10,equal_blend_050,Equal blend (50%),6,2,4,1,1,2,2,0.5,0.5,0.5,0.5,0.66666666666666663,0.5714285714285714,0.5,0.73124999999999996,0.77083333333333326,0.68969681730649901,0.2482349970146179
openbci,cross_task_bidirectional,Bidirectional cross-task,complete_settings_39_posthoc,10,extra_trees,Extra Trees,6,2,4,1,1,3,1,0.33333333333333331,0.375,0.25,0.5,0.5,0.33333333333333331,0.5,0.73124999999999996,0.77083333333333326,0.76823376737471272,0.28714245947804112
openbci,cross_task_bidirectional,Bidirectional cross-task,complete_settings_39_posthoc,10,fixed_blend_010,Fixed blend (10%),6,2,4,1,1,1,3,0.66666666666666663,0.625,0.75,0.5,0.75,0.75,0.5,0.73124999999999996,0.77083333333333326,0.6781544241853048,0.24423492031475288
openbci,cross_task_bidirectional,Bidirectional cross-task,complete_settings_39_posthoc,10,fixed_blend_025,Fixed blend (25%),6,2,4,1,1,1,3,0.66666666666666663,0.625,0.75,0.5,0.75,0.75,0.5,0.73124999999999996,0.77083333333333326,0.67974642636398819,0.24401343491560581
openbci,cross_task_bidirectional,Bidirectional cross-task,complete_settings_39_posthoc,10,rf,Random forest,6,2,4,1,1,2,2,0.5,0.5,0.5,0.5,0.66666666666666663,0.5714285714285714,0.625,0.76666666666666661,0.8041666666666667,0.71587668835733975,0.2619966391827297
openbci,cross_task_bidirectional,Bidirectional cross-task,complete_settings_39_posthoc,10,riemann_mdm,Riemannian MDM,6,2,4,1,1,2,2,0.5,0.5,0.5,0.5,0.66666666666666663,0.5714285714285714,0.75,0.87083333333333335,0.88749999999999996,3.7908166940040355,0.4220302316390902
openbci,cross_task_bidirectional,Bidirectional cross-task,complete_settings_39_posthoc,10,riemann_ts_logreg,Riemannian TS-LR,6,2,4,1,1,2,2,0.5,0.5,0.5,0.5,0.66666666666666663,0.5714285714285714,0.625,0.8354166666666667,0.85416666666666663,1.022167835472912,0.35040065874809551
openbci,cross_task_bidirectional,Bidirectional cross-task,complete_settings_39_posthoc,10,stack_recording,OOF recording-level stacking,6,2,4,2,0,2,2,0.66666666666666663,0.75,0.5,1,1,0.66666666666666663,0.75,0.87083333333333335,0.88749999999999996,0.70008855020297478,0.25369887158664789
openbci,cross_task_bidirectional,Bidirectional cross-task,complete_settings_39_posthoc,11,always_fuse,Always fused,6,2,4,2,0,3,1,0.5,0.625,0.25,1,1,0.40000000000000002,0.5,0.79583333333333339,0.81666666666666665,0.94565160950087279,0.35023920274750919
openbci,cross_task_bidirectional,Bidirectional cross-task,complete_settings_39_posthoc,11,always_nn,Always neural,6,2,4,2,0,4,0,0.33333333333333331,0.5,0,1,,0,0.25,0.50416666666666665,0.60833333333333328,4.4171294601324584,0.60998981839841859
openbci,cross_task_bidirectional,Bidirectional cross-task,complete_settings_39_posthoc,11,cbsf,CB-SF,6,2,4,2,0,4,0,0.33333333333333331,0.5,0,1,,0,0.25,0.50416666666666665,0.60833333333333328,1.3677160024907977,0.43343838631922732
openbci,cross_task_bidirectional,Bidirectional cross-task,complete_settings_39_posthoc,11,dasf_clean,DASF,6,2,4,2,0,4,0,0.33333333333333331,0.5,0,1,,0,0.25,0.50416666666666665,0.60833333333333328,4.417129460132462,0.60998981839841859
openbci,cross_task_bidirectional,Bidirectional cross-task,complete_settings_39_posthoc,11,eeg_conformer,EEG-Conformer,6,2,4,1,1,4,0,0.16666666666666666,0.25,0,0.5,0,0,0.25,0.50416666666666665,0.60833333333333328,2.5478917545360233,0.51875639316536359
openbci,cross_task_bidirectional,Bidirectional cross-task,complete_settings_39_posthoc,11,eegnet,EEGNet,6,2,4,0,2,2,2,0.33333333333333331,0.25,0.5,0,0.5,0.5,0.25,0.50416666666666665,0.60833333333333328,1.864126276112841,0.38871372494327289
openbci,cross_task_bidirectional,Bidirectional cross-task,complete_settings_39_posthoc,11,equal_blend_050,Equal blend (50%),6,2,4,2,0,4,0,0.33333333333333331,0.5,0,1,,0,0.25,0.50416666666666665,0.60833333333333328,1.2041058496955228,0.43792725349784511
openbci,cross_task_bidirectional,Bidirectional cross-task,complete_settings_39_posthoc,11,extra_trees,Extra Trees,6,2,4,1,1,4,0,0.16666666666666666,0.25,0,0.5,0,0,0.375,0.54374999999999996,0.64583333333333326,0.87990204131699212,0.33728643669862352
openbci,cross_task_bidirectional,Bidirectional cross-task,complete_settings_39_posthoc,11,fixed_blend_010,Fixed blend (10%),6,2,4,2,0,4,0,0.33333333333333331,0.5,0,1,,0,0.25,0.50416666666666665,0.60833333333333328,1.7237559246763066,0.54664282558523436
openbci,cross_task_bidirectional,Bidirectional cross-task,complete_settings_39_posthoc,11,fixed_blend_025,Fixed blend (25%),6,2,4,2,0,4,0,0.33333333333333331,0.5,0,1,,0,0.25,0.50416666666666665,0.60833333333333328,1.4401412708922823,0.49742616144357849
openbci,cross_task_bidirectional,Bidirectional cross-task,complete_settings_39_posthoc,11,rf,Random forest,6,2,4,2,0,4,0,0.33333333333333331,0.5,0,1,,0,0,0.44166666666666671,0.52500000000000002,1.0936566771661431,0.42350866079101968
openbci,cross_task_bidirectional,Bidirectional cross-task,complete_settings_39_posthoc,11,riemann_mdm,Riemannian MDM,6,2,4,0,2,0,4,0.66666666666666663,0.5,1,0,0.66666666666666663,0.80000000000000004,0.125,0.46250000000000002,0.56666666666666665,0.69699255538125404,0.2469606011731309
openbci,cross_task_bidirectional,Bidirectional cross-task,complete_settings_39_posthoc,11,riemann_ts_logreg,Riemannian TS-LR,6,2,4,0,2,1,3,0.5,0.375,0.75,0,0.59999999999999998,0.66666666666666663,0.25,0.50416666666666665,0.60833333333333328,1.2570328678478104,0.37269397235344659
openbci,cross_task_bidirectional,Bidirectional cross-task,complete_settings_39_posthoc,11,stack_recording,OOF recording-level stacking,6,2,4,1,1,2,2,0.5,0.5,0.5,0.5,0.66666666666666663,0.5714285714285714,0.5,0.79583333333333339,0.81666666666666665,3.841113454816238,0.41864461737994069
openbci,cross_task_bidirectional,Bidirectional cross-task,complete_settings_39_posthoc,12,always_fuse,Always fused,6,2,4,1,1,3,1,0.33333333333333331,0.375,0.25,0.5,0.5,0.33333333333333331,0.25,0.65000000000000002,0.69166666666666665,0.73718137260569361,0.27173312230669977
openbci,cross_task_bidirectional,Bidirectional cross-task,complete_settings_39_posthoc,12,always_nn,Always neural,6,2,4,0,2,0,4,0.66666666666666663,0.5,1,0,0.66666666666666663,0.80000000000000004,0.5,0.79583333333333339,0.81666666666666665,0.88297800798201243,0.27858310199759861
openbci,cross_task_bidirectional,Bidirectional cross-task,complete_settings_39_posthoc,12,cbsf,CB-SF,6,2,4,0,2,0,4,0.66666666666666663,0.5,1,0,0.66666666666666663,0.80000000000000004,0.25,0.65000000000000002,0.69166666666666665,0.69276968679781747,0.24979561020555643
openbci,cross_task_bidirectional,Bidirectional cross-task,complete_settings_39_posthoc,12,dasf_clean,DASF,6,2,4,1,1,3,1,0.33333333333333331,0.375,0.25,0.5,0.5,0.33333333333333331,0.25,0.65000000000000002,0.69166666666666665,0.73718137260569361,0.27173312230669977
openbci,cross_task_bidirectional,Bidirectional cross-task,complete_settings_39_posthoc,12,eeg_conformer,EEG-Conformer,6,2,4,0,2,2,2,0.33333333333333331,0.25,0.5,0,0.5,0.5,0.25,0.50416666666666665,0.60833333333333328,1.1163881264420761,0.32014362049206785
openbci,cross_task_bidirectional,Bidirectional cross-task,complete_settings_39_posthoc,12,eegnet,EEGNet,6,2,4,0,2,0,4,0.66666666666666663,0.5,1,0,0.66666666666666663,0.80000000000000004,0.5,0.79583333333333339,0.81666666666666665,0.6748537119696425,0.24089522101542726
openbci,cross_task_bidirectional,Bidirectional cross-task,complete_settings_39_posthoc,12,equal_blend_050,Equal blend (50%),6,2,4,0,2,0,4,0.66666666666666663,0.5,1,0,0.66666666666666663,0.80000000000000004,0.375,0.69166666666666665,0.73333333333333328,0.66224575812305109,0.23474663936797002
openbci,cross_task_bidirectional,Bidirectional cross-task,complete_settings_39_posthoc,12,extra_trees,Extra Trees,6,2,4,0,2,0,4,0.66666666666666663,0.5,1,0,0.66666666666666663,0.80000000000000004,0.625,0.8354166666666667,0.85416666666666663,0.61416089262607454,0.21369882960289943
openbci,cross_task_bidirectional,Bidirectional cross-task,complete_settings_39_posthoc,12,fixed_blend_010,Fixed blend (10%),6,2,4,0,2,0,4,0.66666666666666663,0.5,1,0,0.66666666666666663,0.80000000000000004,0.5,0.79583333333333339,0.81666666666666665,0.71364942456378122,0.25148496336662668
openbci,cross_task_bidirectional,Bidirectional cross-task,complete_settings_39_posthoc,12,fixed_blend_025,Fixed blend (25%),6,2,4,0,2,0,4,0.66666666666666663,0.5,1,0,0.66666666666666663,0.80000000000000004,0.375,0.69166666666666665,0.73333333333333328,0.67102232793559902,0.23811673816973131
openbci,cross_task_bidirectional,Bidirectional cross-task,complete_settings_39_posthoc,12,rf,Random forest,6,2,4,0,2,0,4,0.66666666666666663,0.5,1,0,0.66666666666666663,0.80000000000000004,0.625,0.8354166666666667,0.85416666666666663,0.64063368959295752,0.22478479323483644
openbci,cross_task_bidirectional,Bidirectional cross-task,complete_settings_39_posthoc,12,riemann_mdm,Riemannian MDM,6,2,4,0,2,0,4,0.66666666666666663,0.5,1,0,0.66666666666666663,0.80000000000000004,0.5,0.73124999999999996,0.77083333333333326,0.63027380387611132,0.21924267444787915
openbci,cross_task_bidirectional,Bidirectional cross-task,complete_settings_39_posthoc,12,riemann_ts_logreg,Riemannian TS-LR,6,2,4,0,2,0,4,0.66666666666666663,0.5,1,0,0.66666666666666663,0.80000000000000004,0.5,0.79583333333333339,0.81666666666666665,1.1716476379212641,0.3148539434815289
openbci,cross_task_bidirectional,Bidirectional cross-task,complete_settings_39_posthoc,12,stack_recording,OOF recording-level stacking,6,2,4,1,1,4,0,0.16666666666666666,0.25,0,0.5,0,0,0.125,0.46250000000000002,0.56666666666666665,0.75391420853867575,0.28015321959856454
openbci,cross_task_bidirectional,Bidirectional cross-task,complete_settings_39_posthoc,13,always_fuse,Always fused,6,2,4,0,2,1,3,0.5,0.375,0.75,0,0.59999999999999998,0.66666666666666663,0,0.44166666666666671,0.52500000000000002,0.83130558006467703,0.31609835100700695
openbci,cross_task_bidirectional,Bidirectional cross-task,complete_settings_39_posthoc,13,always_nn,Always neural,6,2,4,1,1,1,3,0.66666666666666663,0.625,0.75,0.5,0.75,0.75,0.875,0.94374999999999998,0.94999999999999996,0.51326090550793746,0.1878487349530101
openbci,cross_task_bidirectional,Bidirectional cross-task,complete_settings_39_posthoc,13,cbsf,CB-SF,6,2,4,0,2,1,3,0.5,0.375,0.75,0,0.59999999999999998,0.66666666666666663,0.25,0.50416666666666665,0.60833333333333328,0.72847530150988116,0.26730727323357811
openbci,cross_task_bidirectional,Bidirectional cross-task,complete_settings_39_posthoc,13,dasf_clean,DASF,6,2,4,0,2,1,3,0.5,0.375,0.75,0,0.59999999999999998,0.66666666666666663,0,0.44166666666666671,0.52500000000000002,0.83130558006467703,0.31609835100700695
openbci,cross_task_bidirectional,Bidirectional cross-task,complete_settings_39_posthoc,13,eeg_conformer,EEG-Conformer,6,2,4,0,2,0,4,0.66666666666666663,0.5,1,0,0.66666666666666663,0.80000000000000004,1,1,1,0.63796553825146451,0.23491680984467303
openbci,cross_task_bidirectional,Bidirectional cross-task,complete_settings_39_posthoc,13,eegnet,EEGNet,6,2,4,0,2,0,4,0.66666666666666663,0.5,1,0,0.66666666666666663,0.80000000000000004,0.5,0.73124999999999996,0.77083333333333326,1.4657243364719961,0.27223999595253429
openbci,cross_task_bidirectional,Bidirectional cross-task,complete_settings_39_posthoc,13,equal_blend_050,Equal blend (50%),6,2,4,1,1,1,3,0.66666666666666663,0.625,0.75,0.5,0.75,0.75,0.625,0.76666666666666661,0.8041666666666667,0.63189983826238294,0.2202318879190025
openbci,cross_task_bidirectional,Bidirectional cross-task,complete_settings_39_posthoc,13,extra_trees,Extra Trees,6,2,4,1,1,1,3,0.66666666666666663,0.625,0.75,0.5,0.75,0.75,0.75,0.90833333333333333,0.91666666666666663,0.54961798633154502,0.18910947791283317
openbci,cross_task_bidirectional,Bidirectional cross-task,complete_settings_39_posthoc,13,fixed_blend_010,Fixed blend (10%),6,2,4,1,1,1,3,0.66666666666666663,0.625,0.75,0.5,0.75,0.75,0.875,0.94374999999999998,0.94999999999999996,0.52910533670053195,0.17937967556159018
openbci,cross_task_bidirectional,Bidirectional cross-task,complete_settings_39_posthoc,13,fixed_blend_025,Fixed blend (25%),6,2,4,1,1,1,3,0.66666666666666663,0.625,0.75,0.5,0.75,0.75,0.75,0.87083333333333335,0.88749999999999996,0.56558614736499324,0.19104004913663089
openbci,cross_task_bidirectional,Bidirectional cross-task,complete_settings_39_posthoc,13,rf,Random forest,6,2,4,2,0,1,3,0.83333333333333337,0.875,0.75,1,1,0.8571428571428571,0.75,0.90833333333333333,0.91666666666666663,0.57585210034900125,0.20133967078027096
openbci,cross_task_bidirectional,Bidirectional cross-task,complete_settings_39_posthoc,13,riemann_mdm,Riemannian MDM,6,2,4,0,2,0,4,0.66666666666666663,0.5,1,0,0.66666666666666663,0.80000000000000004,0.625,0.76666666666666661,0.8041666666666667,0.89277001106338494,0.27689375848525988
openbci,cross_task_bidirectional,Bidirectional cross-task,complete_settings_39_posthoc,13,riemann_ts_logreg,Riemannian TS-LR,6,2,4,0,2,0,4,0.66666666666666663,0.5,1,0,0.66666666666666663,0.80000000000000004,1,1,1,0.4703882879577912,0.1758086831701389
openbci,cross_task_bidirectional,Bidirectional cross-task,complete_settings_39_posthoc,13,stack_recording,OOF recording-level stacking,6,2,4,0,2,2,2,0.33333333333333331,0.25,0.5,0,0.5,0.5,0,0.44166666666666671,0.52500000000000002,1.0381931659439274,0.39091028780381715
openbci,loso_arithmetic,Arithmetic LOSO,complete_settings_39_posthoc,1,always_fuse,Always fused,4,2,2,0,2,0,2,0.5,0.5,1,0,0.5,0.66666666666666663,0.25,0.33333333333333331,0.5,0.72555688325303846,0.26566946969074817
openbci,loso_arithmetic,Arithmetic LOSO,complete_settings_39_posthoc,1,always_nn,Always neural,4,2,2,0,2,0,2,0.5,0.5,1,0,0.5,0.66666666666666663,0.5,0.70833333333333326,0.75,1.0450170731776556,0.37532560520697927
openbci,loso_arithmetic,Arithmetic LOSO,complete_settings_39_posthoc,1,cbsf,CB-SF,4,2,2,0,2,0,2,0.5,0.5,1,0,0.5,0.66666666666666663,0.5,0.70833333333333326,0.75,0.7918100836811508,0.29529462344173579
openbci,loso_arithmetic,Arithmetic LOSO,complete_settings_39_posthoc,1,dasf_clean,DASF,4,2,2,0,2,0,2,0.5,0.5,1,0,0.5,0.66666666666666663,0.5,0.70833333333333326,0.75,1.0450170731776562,0.37532560520697933
openbci,loso_arithmetic,Arithmetic LOSO,complete_settings_39_posthoc,1,eeg_conformer,EEG-Conformer,4,2,2,0,2,0,2,0.5,0.5,1,0,0.5,0.66666666666666663,0,0.29166666666666663,0.41666666666666663,0.82099303404627599,0.30839989419240121
openbci,loso_arithmetic,Arithmetic LOSO,complete_settings_39_posthoc,1,eegnet,EEGNet,4,2,2,0,2,0,2,0.5,0.5,1,0,0.5,0.66666666666666663,0.75,0.79166666666666663,0.83333333333333326,0.76843356777519112,0.28510541973468162
openbci,loso_arithmetic,Arithmetic LOSO,complete_settings_39_posthoc,1,equal_blend_050,Equal blend (50%),4,2,2,0,2,0,2,0.5,0.5,1,0,0.5,0.66666666666666663,0.5,0.70833333333333326,0.75,0.8009410257381212,0.29910343937048933
openbci,loso_arithmetic,Arithmetic LOSO,complete_settings_39_posthoc,1,extra_trees,Extra Trees,4,2,2,1,1,2,0,0.25,0.25,0,0.5,0,0,0,0.29166666666666663,0.41666666666666663,0.76181522949174962,0.28408428433044808
openbci,loso_arithmetic,Arithmetic LOSO,complete_settings_39_posthoc,1,fixed_blend_010,Fixed blend (10%),4,2,2,0,2,0,2,0.5,0.5,1,0,0.5,0.66666666666666663,0.5,0.70833333333333326,0.75,0.94167057711998159,0.34926199607192665
openbci,loso_arithmetic,Arithmetic LOSO,complete_settings_39_posthoc,1,fixed_blend_025,Fixed blend (25%),4,2,2,0,2,0,2,0.5,0.5,1,0,0.5,0.66666666666666663,0.5,0.70833333333333326,0.75,0.86950026050878315,0.3255292089423571
openbci,loso_arithmetic,Arithmetic LOSO,complete_settings_39_posthoc,1,rf,Random forest,4,2,2,0,2,2,0,0,0,0,0,0,0,0,0.29166666666666663,0.41666666666666663,0.77655437562348695,0.29154342209205009
openbci,loso_arithmetic,Arithmetic LOSO,complete_settings_39_posthoc,1,riemann_mdm,Riemannian MDM,4,2,2,1,1,0,2,0.75,0.75,1,0.5,0.66666666666666663,0.80000000000000004,1,1,1,0.44462537607779801,0.13364588645389489
openbci,loso_arithmetic,Arithmetic LOSO,complete_settings_39_posthoc,1,riemann_ts_logreg,Riemannian TS-LR,4,2,2,0,2,0,2,0.5,0.5,1,0,0.5,0.66666666666666663,0.5,0.70833333333333326,0.75,1.0062123561940886,0.36697849006608896
openbci,loso_arithmetic,Arithmetic LOSO,complete_settings_39_posthoc,1,stack_recording,OOF recording-level stacking,4,2,2,0,2,0,2,0.5,0.5,1,0,0.5,0.66666666666666663,0.5,0.70833333333333326,0.75,0.88299607262759572,0.32895171522873284
openbci,loso_arithmetic,Arithmetic LOSO,complete_settings_39_posthoc,2,always_fuse,Always fused,4,2,2,2,0,0,2,1,1,1,1,1,1,1,1,1,0.60336641225692389,0.20532345765288992
openbci,loso_arithmetic,Arithmetic LOSO,complete_settings_39_posthoc,2,always_nn,Always neural,4,2,2,2,0,0,2,1,1,1,1,1,1,1,1,1,0.33994891297913077,0.093649802777423782
openbci,loso_arithmetic,Arithmetic LOSO,complete_settings_39_posthoc,2,cbsf,CB-SF,4,2,2,2,0,0,2,1,1,1,1,1,1,1,1,1,0.57424702445369968,0.1910395208201574
openbci,loso_arithmetic,Arithmetic LOSO,complete_settings_39_posthoc,2,dasf_clean,DASF,4,2,2,2,0,0,2,1,1,1,1,1,1,1,1,1,0.33994891297912971,0.093649802777423491
openbci,loso_arithmetic,Arithmetic LOSO,complete_settings_39_posthoc,2,eeg_conformer,EEG-Conformer,4,2,2,2,0,2,0,0.5,0.5,0,1,,0,0.75,0.79166666666666663,0.83333333333333326,1.0613315153239764,0.33714009049119859
openbci,loso_arithmetic,Arithmetic LOSO,complete_settings_39_posthoc,2,eegnet,EEGNet,4,2,2,2,0,2,0,0.5,0.5,0,1,,0,0.75,0.79166666666666663,0.83333333333333326,0.69308152255912958,0.25043749557484907
openbci,loso_arithmetic,Arithmetic LOSO,complete_settings_39_posthoc,2,equal_blend_050,Equal blend (50%),4,2,2,2,0,0,2,1,1,1,1,1,1,1,1,1,0.52581243025014412,0.1677645532003279
openbci,loso_arithmetic,Arithmetic LOSO,complete_settings_39_posthoc,2,extra_trees,Extra Trees,4,2,2,2,0,2,0,0.5,0.5,0,1,,0,1,1,1,0.65755752034774517,0.23336905564090876
openbci,loso_arithmetic,Arithmetic LOSO,complete_settings_39_posthoc,2,fixed_blend_010,Fixed blend (10%),4,2,2,2,0,0,2,1,1,1,1,1,1,1,1,1,0.423029179125888,0.12208806959694582
openbci,loso_arithmetic,Arithmetic LOSO,complete_settings_39_posthoc,2,fixed_blend_025,Fixed blend (25%),4,2,2,2,0,0,2,1,1,1,1,1,1,1,1,1,0.47221019720814844,0.14309516829878802
openbci,loso_arithmetic,Arithmetic LOSO,complete_settings_39_posthoc,2,rf,Random forest,4,2,2,2,0,2,0,0.5,0.5,0,1,,0,1,1,1,0.66572061021837747,0.23781675684451695
openbci,loso_arithmetic,Arithmetic LOSO,complete_settings_39_posthoc,2,riemann_mdm,Riemannian MDM,4,2,2,2,0,2,0,0.5,0.5,0,1,,0,0.25,0.33333333333333331,0.5,1.582876894683017,0.45708046064466079
openbci,loso_arithmetic,Arithmetic LOSO,complete_settings_39_posthoc,2,riemann_ts_logreg,Riemannian TS-LR,4,2,2,2,0,2,0,0.5,0.5,0,1,,0,1,1,1,1.0930807818691355,0.38875238846344551
openbci,loso_arithmetic,Arithmetic LOSO,complete_settings_39_posthoc,2,stack_recording,OOF recording-level stacking,4,2,2,2,0,0,2,1,1,1,1,1,1,1,1,1,0.4861454963685104,0.14920470784606338
openbci,loso_arithmetic,Arithmetic LOSO,complete_settings_39_posthoc,3,always_fuse,Always fused,4,2,2,1,1,0,2,0.75,0.75,1,0.5,0.66666666666666663,0.80000000000000004,0.75,0.79166666666666663,0.83333333333333326,0.59867464392840164,0.20401513571750038
openbci,loso_arithmetic,Arithmetic LOSO,complete_settings_39_posthoc,3,always_nn,Always neural,4,2,2,1,1,1,1,0.5,0.5,0.5,0.5,0.5,0.5,0.75,0.79166666666666663,0.83333333333333326,0.49693979192851279,0.17489979433375366
openbci,loso_arithmetic,Arithmetic LOSO,complete_settings_39_posthoc,3,cbsf,CB-SF,4,2,2,1,1,0,2,0.75,0.75,1,0.5,0.66666666666666663,0.80000000000000004,0.75,0.79166666666666663,0.83333333333333326,0.58602133304972714,0.19889596941100068
openbci,loso_arithmetic,Arithmetic LOSO,complete_settings_39_posthoc,3,dasf_clean,DASF,4,2,2,1,1,1,1,0.5,0.5,0.5,0.5,0.5,0.5,0.75,0.79166666666666663,0.83333333333333326,0.49693979192851268,0.17489979433375358
openbci,loso_arithmetic,Arithmetic LOSO,complete_settings_39_posthoc,3,eeg_conformer,EEG-Conformer,4,2,2,1,1,0,2,0.75,0.75,1,0.5,0.66666666666666663,0.80000000000000004,1,1,1,0.3617960099377891,0.11541296881611907
openbci,loso_arithmetic,Arithmetic LOSO,complete_settings_39_posthoc,3,eegnet,EEGNet,4,2,2,1,1,0,2,0.75,0.75,1,0.5,0.66666666666666663,0.80000000000000004,0.5,0.41666666666666663,0.58333333333333326,0.63634969477841119,0.21718462401298505
openbci,loso_arithmetic,Arithmetic LOSO,complete_settings_39_posthoc,3,equal_blend_050,Equal blend (50%),4,2,2,1,1,0,2,0.75,0.75,1,0.5,0.66666666666666663,0.80000000000000004,0.75,0.79166666666666663,0.83333333333333326,0.5661770349925217,0.19216397769030225
openbci,loso_arithmetic,Arithmetic LOSO,complete_settings_39_posthoc,3,extra_trees,Extra Trees,4,2,2,1,1,0,2,0.75,0.75,1,0.5,0.66666666666666663,0.80000000000000004,0.5,0.41666666666666663,0.58333333333333326,0.62127398621092067,0.21476030337624671
openbci,loso_arithmetic,Arithmetic LOSO,complete_settings_39_posthoc,3,fixed_blend_010,Fixed blend (10%),4,2,2,1,1,1,1,0.5,0.5,0.5,0.5,0.5,0.5,0.75,0.79166666666666663,0.83333333333333326,0.5284934162257835,0.1831094465687978
openbci,loso_arithmetic,Arithmetic LOSO,complete_settings_39_posthoc,3,fixed_blend_025,Fixed blend (25%),4,2,2,1,1,1,1,0.5,0.5,0.5,0.5,0.5,0.5,0.75,0.79166666666666663,0.83333333333333326,0.54628074938610427,0.18704612217343586
openbci,loso_arithmetic,Arithmetic LOSO,complete_settings_39_posthoc,3,rf,Random forest,4,2,2,1,1,0,2,0.75,0.75,1,0.5,0.66666666666666663,0.80000000000000004,0.5,0.41666666666666663,0.58333333333333326,0.57129363568216207,0.19299449970872451
openbci,loso_arithmetic,Arithmetic LOSO,complete_settings_39_posthoc,3,riemann_mdm,Riemannian MDM,4,2,2,1,1,1,1,0.5,0.5,0.5,0.5,0.5,0.5,0.5,0.41666666666666663,0.58333333333333326,0.65879900023560367,0.23456565029479848
openbci,loso_arithmetic,Arithmetic LOSO,complete_settings_39_posthoc,3,riemann_ts_logreg,Riemannian TS-LR,4,2,2,0,2,0,2,0.5,0.5,1,0,0.5,0.66666666666666663,0.5,0.41666666666666663,0.58333333333333326,0.80901505201234736,0.3001936615132233
openbci,loso_arithmetic,Arithmetic LOSO,complete_settings_39_posthoc,3,stack_recording,OOF recording-level stacking,4,2,2,1,1,0,2,0.75,0.75,1,0.5,0.66666666666666663,0.80000000000000004,0.75,0.79166666666666663,0.83333333333333326,0.52120771219041107,0.17285150215562031
openbci,loso_arithmetic,Arithmetic LOSO,complete_settings_39_posthoc,4,always_fuse,Always fused,4,2,2,1,1,1,1,0.5,0.5,0.5,0.5,0.5,0.5,0.5,0.41666666666666663,0.58333333333333326,0.73312303053992123,0.26926701562945432
openbci,loso_arithmetic,Arithmetic LOSO,complete_settings_39_posthoc,4,always_nn,Always neural,4,2,2,1,1,2,0,0.25,0.25,0,0.5,0,0,0.5,0.41666666666666663,0.58333333333333326,1.0227955840470822,0.41155724334191301
openbci,loso_arithmetic,Arithmetic LOSO,complete_settings_39_posthoc,4,cbsf,CB-SF,4,2,2,1,1,2,0,0.25,0.25,0,0.5,0,0,0.5,0.41666666666666663,0.58333333333333326,0.76173856383240601,0.28370802507340598
openbci,loso_arithmetic,Arithmetic LOSO,complete_settings_39_posthoc,4,dasf_clean,DASF,4,2,2,1,1,2,0,0.25,0.25,0,0.5,0,0,0.5,0.41666666666666663,0.58333333333333326,1.0227955840470819,0.4115572433419129
openbci,loso_arithmetic,Arithmetic LOSO,complete_settings_39_posthoc,4,eeg_conformer,EEG-Conformer,4,2,2,2,0,2,0,0.5,0.5,0,1,,0,0,0.29166666666666663,0.41666666666666663,1.9347391161747809,0.53330862836936799
openbci,loso_arithmetic,Arithmetic LOSO,complete_settings_39_posthoc,4,eegnet,EEGNet,4,2,2,1,1,2,0,0.25,0.25,0,0.5,0,0,0,0.29166666666666663,0.41666666666666663,1.0667189417766494,0.40575021512710202
openbci,loso_arithmetic,Arithmetic LOSO,complete_settings_39_posthoc,4,equal_blend_050,Equal blend (50%),4,2,2,1,1,2,0,0.25,0.25,0,0.5,0,0,0.5,0.41666666666666663,0.58333333333333326,0.81332529978013812,0.31017259300508337
openbci,loso_arithmetic,Arithmetic LOSO,complete_settings_39_posthoc,4,extra_trees,Extra Trees,4,2,2,1,1,2,0,0.25,0.25,0,0.5,0,0,0,0.29166666666666663,0.41666666666666663,0.93752966958246553,0.35726043596947299
openbci,loso_arithmetic,Arithmetic LOSO,complete_settings_39_posthoc,4,fixed_blend_010,Fixed blend (10%),4,2,2,1,1,2,0,0.25,0.25,0,0.5,0,0,0.5,0.41666666666666663,0.58333333333333326,0.95973960757476329,0.38167788675284725
openbci,loso_arithmetic,Arithmetic LOSO,complete_settings_39_posthoc,4,fixed_blend_025,Fixed blend (25%),4,2,2,1,1,2,0,0.25,0.25,0,0.5,0,0,0.5,0.41666666666666663,0.58333333333333326,0.88929582634666637,0.34821269954277667
openbci,loso_arithmetic,Arithmetic LOSO,complete_settings_39_posthoc,4,rf,Random forest,4,2,2,1,1,2,0,0.25,0.25,0,0.5,0,0,0,0.29166666666666663,0.41666666666666663,0.84276840303475453,0.32321477250920649
openbci,loso_arithmetic,Arithmetic LOSO,complete_settings_39_posthoc,4,riemann_mdm,Riemannian MDM,4,2,2,0,2,0,2,0.5,0.5,1,0,0.5,0.66666666666666663,1,1,1,0.78900687599492658,0.29488182054739537
openbci,loso_arithmetic,Arithmetic LOSO,complete_settings_39_posthoc,4,riemann_ts_logreg,Riemannian TS-LR,4,2,2,0,2,0,2,0.5,0.5,1,0,0.5,0.66666666666666663,0.5,0.41666666666666663,0.58333333333333326,1.809457564043369,0.41539360755866822
openbci,loso_arithmetic,Arithmetic LOSO,complete_settings_39_posthoc,4,stack_recording,OOF recording-level stacking,4,2,2,1,1,2,0,0.25,0.25,0,0.5,0,0,0.5,0.41666666666666663,0.58333333333333326,0.77051009082232103,0.29621451614348299
openbci,loso_arithmetic,Arithmetic LOSO,complete_settings_39_posthoc,5,always_fuse,Always fused,4,2,2,2,0,1,1,0.75,0.75,0.5,1,1,0.66666666666666663,0.75,0.79166666666666663,0.83333333333333326,0.59467160611833958,0.20454260739163371
openbci,loso_arithmetic,Arithmetic LOSO,complete_settings_39_posthoc,5,always_nn,Always neural,4,2,2,2,0,1,1,0.75,0.75,0.5,1,1,0.66666666666666663,0.75,0.79166666666666663,0.83333333333333326,0.85216126730476627,0.27080713789595295
openbci,loso_arithmetic,Arithmetic LOSO,complete_settings_39_posthoc,5,cbsf,CB-SF,4,2,2,2,0,1,1,0.75,0.75,0.5,1,1,0.66666666666666663,0.75,0.79166666666666663,0.83333333333333326,0.57374571804867991,0.19892255862992803
openbci,loso_arithmetic,Arithmetic LOSO,complete_settings_39_posthoc,5,dasf_clean,DASF,4,2,2,2,0,1,1,0.75,0.75,0.5,1,1,0.66666666666666663,0.75,0.79166666666666663,0.83333333333333326,0.59467160611833958,0.20454260739163371
openbci,loso_arithmetic,Arithmetic LOSO,complete_settings_39_posthoc,5,eeg_conformer,EEG-Conformer,4,2,2,2,0,1,1,0.75,0.75,0.5,1,1,0.66666666666666663,0.75,0.79166666666666663,0.83333333333333326,0.46973826229236593,0.16087881666882628
openbci,loso_arithmetic,Arithmetic LOSO,complete_settings_39_posthoc,5,eegnet,EEGNet,4,2,2,1,1,1,1,0.5,0.5,0.5,0.5,0.5,0.5,0.75,0.79166666666666663,0.83333333333333326,0.63775196010149915,0.22535503842990484
openbci,loso_arithmetic,Arithmetic LOSO,complete_settings_39_posthoc,5,equal_blend_050,Equal blend (50%),4,2,2,2,0,1,1,0.75,0.75,0.5,1,1,0.66666666666666663,0.75,0.79166666666666663,0.83333333333333326,0.57314273284055683,0.19968023286467398
openbci,loso_arithmetic,Arithmetic LOSO,complete_settings_39_posthoc,5,extra_trees,Extra Trees,4,2,2,2,0,2,0,0.5,0.5,0,1,,0,0.75,0.79166666666666663,0.83333333333333326,0.6321817685353982,0.22279504570407821
openbci,loso_arithmetic,Arithmetic LOSO,complete_settings_39_posthoc,5,fixed_blend_010,Fixed blend (10%),4,2,2,2,0,1,1,0.75,0.75,0.5,1,1,0.66666666666666663,0.75,0.79166666666666663,0.83333333333333326,0.63058028862496451,0.22388851250136943
openbci,loso_arithmetic,Arithmetic LOSO,complete_settings_39_posthoc,5,fixed_blend_025,Fixed blend (25%),4,2,2,2,0,1,1,0.75,0.75,0.5,1,1,0.66666666666666663,0.75,0.79166666666666663,0.83333333333333326,0.58775402120386999,0.2083223176664433
openbci,loso_arithmetic,Arithmetic LOSO,complete_settings_39_posthoc,5,rf,Random forest,4,2,2,2,0,2,0,0.5,0.5,0,1,,0,1,1,1,0.63775302899495157,0.22712084862868118
openbci,loso_arithmetic,Arithmetic LOSO,complete_settings_39_posthoc,5,riemann_mdm,Riemannian MDM,4,2,2,2,0,2,0,0.5,0.5,0,1,,0,0.5,0.41666666666666663,0.58333333333333326,0.93570869377095578,0.35559461424260691
openbci,loso_arithmetic,Arithmetic LOSO,complete_settings_39_posthoc,5,riemann_ts_logreg,Riemannian TS-LR,4,2,2,1,1,1,1,0.5,0.5,0.5,0.5,0.5,0.5,0.75,0.79166666666666663,0.83333333333333326,0.67167798989429151,0.24395607876140013
openbci,loso_arithmetic,Arithmetic LOSO,complete_settings_39_posthoc,5,stack_recording,OOF recording-level stacking,4,2,2,2,0,1,1,0.75,0.75,0.5,1,1,0.66666666666666663,0.75,0.79166666666666663,0.83333333333333326,0.56110092781614618,0.20083902587597946
openbci,loso_arithmetic,Arithmetic LOSO,complete_settings_39_posthoc,6,always_fuse,Always fused,4,2,2,1,1,0,2,0.75,0.75,1,0.5,0.66666666666666663,0.80000000000000004,0.5,0.41666666666666663,0.58333333333333326,0.66250407490803942,0.23496650553545503
openbci,loso_arithmetic,Arithmetic LOSO,complete_settings_39_posthoc,6,always_nn,Always neural,4,2,2,2,0,2,0,0.5,0.5,0,1,,0,0.5,0.41666666666666663,0.58333333333333326,1.9639335522399151,0.48016068570201986
openbci,loso_arithmetic,Arithmetic LOSO,complete_settings_39_posthoc,6,cbsf,CB-SF,4,2,2,2,0,2,0,0.5,0.5,0,1,,0,0.5,0.41666666666666663,0.58333333333333326,0.67803706801979802,0.24386347191497365
openbci,loso_arithmetic,Arithmetic LOSO,complete_settings_39_posthoc,6,dasf_clean,DASF,4,2,2,2,0,2,0,0.5,0.5,0,1,,0,0.5,0.41666666666666663,0.58333333333333326,1.9639335522399248,0.4801606857020202
openbci,loso_arithmetic,Arithmetic LOSO,complete_settings_39_posthoc,6,eeg_conformer,EEG-Conformer,4,2,2,2,0,2,0,0.5,0.5,0,1,,0,0.5,0.41666666666666663,0.58333333333333326,0.7500087412850085,0.27857713815890384
openbci,loso_arithmetic,Arithmetic LOSO,complete_settings_39_posthoc,6,eegnet,EEGNet,4,2,2,1,1,0,2,0.75,0.75,1,0.5,0.66666666666666663,0.80000000000000004,0.5,0.41666666666666663,0.58333333333333326,0.67163789880139502,0.23797647726723437
openbci,loso_arithmetic,Arithmetic LOSO,complete_settings_39_posthoc,6,equal_blend_050,Equal blend (50%),4,2,2,2,0,2,0,0.5,0.5,0,1,,0,0.5,0.41666666666666663,0.58333333333333326,0.77355817775217739,0.2885592092332348
openbci,loso_arithmetic,Arithmetic LOSO,complete_settings_39_posthoc,6,extra_trees,Extra Trees,4,2,2,0,2,0,2,0.5,0.5,1,0,0.5,0.66666666666666663,0.5,0.41666666666666663,0.58333333333333326,0.79007826172772477,0.29115282817075078
openbci,loso_arithmetic,Arithmetic LOSO,complete_settings_39_posthoc,6,fixed_blend_010,Fixed blend (10%),4,2,2,2,0,2,0,0.5,0.5,0,1,,0,0.5,0.41666666666666663,0.58333333333333326,1.2334638281761232,0.41522180263640984
openbci,loso_arithmetic,Arithmetic LOSO,complete_settings_39_posthoc,6,fixed_blend_025,Fixed blend (25%),4,2,2,2,0,2,0,0.5,0.5,0,1,,0,0.5,0.41666666666666663,0.58333333333333326,0.96890513648436705,0.35668270095029936
openbci,loso_arithmetic,Arithmetic LOSO,complete_settings_39_posthoc,6,rf,Random forest,4,2,2,0,2,0,2,0.5,0.5,1,0,0.5,0.66666666666666663,0.5,0.41666666666666663,0.58333333333333326,0.88527482666176005,0.31987279877849123
openbci,loso_arithmetic,Arithmetic LOSO,complete_settings_39_posthoc,6,riemann_mdm,Riemannian MDM,4,2,2,0,2,0,2,0.5,0.5,1,0,0.5,0.66666666666666663,0.75,0.79166666666666663,0.83333333333333326,0.75926682192431461,0.28074681002218455
openbci,loso_arithmetic,Arithmetic LOSO,complete_settings_39_posthoc,6,riemann_ts_logreg,Riemannian TS-LR,4,2,2,2,0,2,0,0.5,0.5,0,1,,0,1,1,1,1.3760263616949069,0.43626037621532876
openbci,loso_arithmetic,Arithmetic LOSO,complete_settings_39_posthoc,6,stack_recording,OOF recording-level stacking,4,2,2,2,0,2,0,0.5,0.5,0,1,,0,0.5,0.41666666666666663,0.58333333333333326,0.8206718865892022,0.3116382626251844
openbci,loso_arithmetic,Arithmetic LOSO,complete_settings_39_posthoc,7,always_fuse,Always fused,4,2,2,2,0,2,0,0.5,0.5,0,1,,0,1,1,1,0.61583683007092993,0.21493487718668333
openbci,loso_arithmetic,Arithmetic LOSO,complete_settings_39_posthoc,7,always_nn,Always neural,4,2,2,2,0,2,0,0.5,0.5,0,1,,0,1,1,1,1.6593354202209061,0.46302922552945447
openbci,loso_arithmetic,Arithmetic LOSO,complete_settings_39_posthoc,7,cbsf,CB-SF,4,2,2,2,0,2,0,0.5,0.5,0,1,,0,1,1,1,1.2725012357042673,0.42166005202135237
openbci,loso_arithmetic,Arithmetic LOSO,complete_settings_39_posthoc,7,dasf_clean,DASF,4,2,2,2,0,2,0,0.5,0.5,0,1,,0,1,1,1,1.6593354202209079,0.46302922552945458
openbci,loso_arithmetic,Arithmetic LOSO,complete_settings_39_posthoc,7,eeg_conformer,EEG-Conformer,4,2,2,2,0,2,0,0.5,0.5,0,1,,0,0.25,0.33333333333333331,0.5,2.3146403800503608,0.489537301217567
openbci,loso_arithmetic,Arithmetic LOSO,complete_settings_39_posthoc,7,eegnet,EEGNet,4,2,2,2,0,2,0,0.5,0.5,0,1,,0,0.5,0.41666666666666663,0.58333333333333326,0.73702865520125749,0.27440999698277935
openbci,loso_arithmetic,Arithmetic LOSO,complete_settings_39_posthoc,7,equal_blend_050,Equal blend (50%),4,2,2,2,0,2,0,0.5,0.5,0,1,,0,1,1,1,0.77628717116176182,0.29201571004758575
openbci,loso_arithmetic,Arithmetic LOSO,complete_settings_39_posthoc,7,extra_trees,Extra Trees,4,2,2,2,0,2,0,0.5,0.5,0,1,,0,0.75,0.79166666666666663,0.83333333333333326,0.72656185284552877,0.26945873475938925
openbci,loso_arithmetic,Arithmetic LOSO,complete_settings_39_posthoc,7,fixed_blend_010,Fixed blend (10%),4,2,2,2,0,2,0,0.5,0.5,0,1,,0,1,1,1,1.2155859303889334,0.41241982072300837
openbci,loso_arithmetic,Arithmetic LOSO,complete_settings_39_posthoc,7,fixed_blend_025,Fixed blend (25%),4,2,2,2,0,2,0,0.5,0.5,0,1,,0,1,1,1,0.9728161233024839,0.35883899578191536
openbci,loso_arithmetic,Arithmetic LOSO,complete_settings_39_posthoc,7,rf,Random forest,4,2,2,2,0,2,0,0.5,0.5,0,1,,0,0.75,0.79166666666666663,0.83333333333333326,0.59793930957830532,0.21246057094875526
openbci,loso_arithmetic,Arithmetic LOSO,complete_settings_39_posthoc,7,riemann_mdm,Riemannian MDM,4,2,2,1,1,0,2,0.75,0.75,1,0.5,0.66666666666666663,0.80000000000000004,1,1,1,0.6886883924450441,0.23610555673595837
openbci,loso_arithmetic,Arithmetic LOSO,complete_settings_39_posthoc,7,riemann_ts_logreg,Riemannian TS-LR,4,2,2,1,1,2,0,0.25,0.25,0,0.5,0,0,0.5,0.41666666666666663,0.58333333333333326,1.0374032690573931,0.39307006424477164
openbci,loso_arithmetic,Arithmetic LOSO,complete_settings_39_posthoc,7,stack_recording,OOF recording-level stacking,4,2,2,2,0,2,0,0.5,0.5,0,1,,0,1,1,1,1.0930121931543588,0.38992693631112973
openbci,loso_arithmetic,Arithmetic LOSO,complete_settings_39_posthoc,8,always_fuse,Always fused,4,2,2,1,1,0,2,0.75,0.75,1,0.5,0.66666666666666663,0.80000000000000004,1,1,1,0.6126121080165956,0.21077525523401081
openbci,loso_arithmetic,Arithmetic LOSO,complete_settings_39_posthoc,8,always_nn,Always neural,4,2,2,1,1,0,2,0.75,0.75,1,0.5,0.66666666666666663,0.80000000000000004,1,1,1,0.446297405833043,0.15276045885978559
openbci,loso_arithmetic,Arithmetic LOSO,complete_settings_39_posthoc,8,cbsf,CB-SF,4,2,2,1,1,0,2,0.75,0.75,1,0.5,0.66666666666666663,0.80000000000000004,1,1,1,0.57007495535190322,0.19117844179613891
openbci,loso_arithmetic,Arithmetic LOSO,complete_settings_39_posthoc,8,dasf_clean,DASF,4,2,2,1,1,0,2,0.75,0.75,1,0.5,0.66666666666666663,0.80000000000000004,1,1,1,0.44629740583304278,0.15276045885978556
openbci,loso_arithmetic,Arithmetic LOSO,complete_settings_39_posthoc,8,eeg_conformer,EEG-Conformer,4,2,2,2,0,0,2,1,1,1,1,1,1,1,1,1,0.38072430315596367,0.10857069452041353
openbci,loso_arithmetic,Arithmetic LOSO,complete_settings_39_posthoc,8,eegnet,EEGNet,4,2,2,1,1,0,2,0.75,0.75,1,0.5,0.66666666666666663,0.80000000000000004,1,1,1,0.54218412658043025,0.17682458705438475
openbci,loso_arithmetic,Arithmetic LOSO,complete_settings_39_posthoc,8,equal_blend_050,Equal blend (50%),4,2,2,1,1,0,2,0.75,0.75,1,0.5,0.66666666666666663,0.80000000000000004,1,1,1,0.54635408628840643,0.18114442414903656
openbci,loso_arithmetic,Arithmetic LOSO,complete_settings_39_posthoc,8,extra_trees,Extra Trees,4,2,2,0,2,0,2,0.5,0.5,1,0,0.5,0.66666666666666663,1,1,1,0.66732303613439437,0.23920835898385376
openbci,loso_arithmetic,Arithmetic LOSO,complete_settings_39_posthoc,8,fixed_blend_010,Fixed blend (10%),4,2,2,1,1,0,2,0.75,0.75,1,0.5,0.66666666666666663,0.80000000000000004,1,1,1,0.48763396212321097,0.16192005805864396
openbci,loso_arithmetic,Arithmetic LOSO,complete_settings_39_posthoc,8,fixed_blend_025,Fixed blend (25%),4,2,2,1,1,0,2,0.75,0.75,1,0.5,0.66666666666666663,0.80000000000000004,1,1,1,0.51316275931407573,0.16904561217288247
openbci,loso_arithmetic,Arithmetic LOSO,complete_settings_39_posthoc,8,rf,Random forest,4,2,2,0,2,0,2,0.5,0.5,1,0,0.5,0.66666666666666663,1,1,1,0.69063598002843518,0.25135111891732526
openbci,loso_arithmetic,Arithmetic LOSO,complete_settings_39_posthoc,8,riemann_mdm,Riemannian MDM,4,2,2,2,0,2,0,0.5,0.5,0,1,,0,0.5,0.41666666666666663,0.58333333333333326,0.80439489737286252,0.29972939678595001
openbci,loso_arithmetic,Arithmetic LOSO,complete_settings_39_posthoc,8,riemann_ts_logreg,Riemannian TS-LR,4,2,2,0,2,0,2,0.5,0.5,1,0,0.5,0.66666666666666663,0.5,0.70833333333333326,0.75,1.0002308688440513,0.3646929086469296
openbci,loso_arithmetic,Arithmetic LOSO,complete_settings_39_posthoc,8,stack_recording,OOF recording-level stacking,4,2,2,1,1,0,2,0.75,0.75,1,0.5,0.66666666666666663,0.80000000000000004,1,1,1,0.52665954783328106,0.1733489297830354
openbci,loso_arithmetic,Arithmetic LOSO,complete_settings_39_posthoc,9,always_fuse,Always fused,4,2,2,2,0,2,0,0.5,0.5,0,1,,0,0.5,0.41666666666666663,0.58333333333333326,0.74380852389138108,0.27835050390582
openbci,loso_arithmetic,Arithmetic LOSO,complete_settings_39_posthoc,9,always_nn,Always neural,4,2,2,2,0,2,0,0.5,0.5,0,1,,0,0.5,0.41666666666666663,0.58333333333333326,2.7855747864844931,0.4961405965355567
openbci,loso_arithmetic,Arithmetic LOSO,complete_settings_39_posthoc,9,cbsf,CB-SF,4,2,2,2,0,2,0,0.5,0.5,0,1,,0,0.5,0.41666666666666663,0.58333333333333326,1.0549337926801359,0.38016432455762339
openbci,loso_arithmetic,Arithmetic LOSO,complete_settings_39_posthoc,9,dasf_clean,DASF,4,2,2,2,0,2,0,0.5,0.5,0,1,,0,0.5,0.41666666666666663,0.58333333333333326,2.7855747864845091,0.49614059653555687
openbci,loso_arithmetic,Arithmetic LOSO,complete_settings_39_posthoc,9,eeg_conformer,EEG-Conformer,4,2,2,2,0,2,0,0.5,0.5,0,1,,0,0.75,0.79166666666666663,0.83333333333333326,1.6398262678849711,0.46230079372289212
openbci,loso_arithmetic,Arithmetic LOSO,complete_settings_39_posthoc,9,eegnet,EEGNet,4,2,2,2,0,2,0,0.5,0.5,0,1,,0,0.75,0.79166666666666663,0.83333333333333326,0.74815168924053754,0.28158099850275475
openbci,loso_arithmetic,Arithmetic LOSO,complete_settings_39_posthoc,9,equal_blend_050,Equal blend (50%),4,2,2,2,0,2,0,0.5,0.5,0,1,,0,0.5,0.41666666666666663,0.58333333333333326,0.97518955338381219,0.35963521550398492
openbci,loso_arithmetic,Arithmetic LOSO,complete_settings_39_posthoc,9,extra_trees,Extra Trees,4,2,2,2,0,2,0,0.5,0.5,0,1,,0,0.75,0.79166666666666663,0.83333333333333326,0.82228312729963271,0.31174776067356469
openbci,loso_arithmetic,Arithmetic LOSO,complete_settings_39_posthoc,9,fixed_blend_010,Fixed blend (10%),4,2,2,2,0,2,0,0.5,0.5,0,1,,0,0.5,0.41666666666666663,0.58333333333333326,1.5423309771121092,0.45457316456983865
openbci,loso_arithmetic,Arithmetic LOSO,complete_settings_39_posthoc,9,fixed_blend_025,Fixed blend (25%),4,2,2,2,0,2,0,0.5,0.5,0,1,,0,0.5,0.41666666666666663,0.58333333333333326,1.2240919966146486,0.4143730703793454
openbci,loso_arithmetic,Arithmetic LOSO,complete_settings_39_posthoc,9,rf,Random forest,4,2,2,2,0,2,0,0.5,0.5,0,1,,0,0.5,0.41666666666666663,0.58333333333333326,0.91832644764527127,0.34394807227574703
openbci,loso_arithmetic,Arithmetic LOSO,complete_settings_39_posthoc,9,riemann_mdm,Riemannian MDM,4,2,2,2,0,2,0,0.5,0.5,0,1,,0,0.75,0.79166666666666663,0.83333333333333326,0.95529308749849684,0.34731880255492509
openbci,loso_arithmetic,Arithmetic LOSO,complete_settings_39_posthoc,9,riemann_ts_logreg,Riemannian TS-LR,4,2,2,2,0,2,0,0.5,0.5,0,1,,0,0.5,0.41666666666666663,0.58333333333333326,0.91612961147951921,0.34010607295504303
openbci,loso_arithmetic,Arithmetic LOSO,complete_settings_39_posthoc,9,stack_recording,OOF recording-level stacking,4,2,2,2,0,2,0,0.5,0.5,0,1,,0,0.5,0.41666666666666663,0.58333333333333326,2.3149781625691581,0.4901888860714661
openbci,loso_arithmetic,Arithmetic LOSO,complete_settings_39_posthoc,10,always_fuse,Always fused,4,2,2,1,1,0,2,0.75,0.75,1,0.5,0.66666666666666663,0.80000000000000004,0.5,0.41666666666666663,0.58333333333333326,0.59095239864336568,0.19999857949402253
openbci,loso_arithmetic,Arithmetic LOSO,complete_settings_39_posthoc,10,always_nn,Always neural,4,2,2,1,1,0,2,0.75,0.75,1,0.5,0.66666666666666663,0.80000000000000004,0.5,0.41666666666666663,0.58333333333333326,0.58270794217373556,0.19837004320250548
openbci,loso_arithmetic,Arithmetic LOSO,complete_settings_39_posthoc,10,cbsf,CB-SF,4,2,2,1,1,0,2,0.75,0.75,1,0.5,0.66666666666666663,0.80000000000000004,0.5,0.41666666666666663,0.58333333333333326,0.56715589779266473,0.18962750549954502
openbci,loso_arithmetic,Arithmetic LOSO,complete_settings_39_posthoc,10,dasf_clean,DASF,4,2,2,1,1,0,2,0.75,0.75,1,0.5,0.66666666666666663,0.80000000000000004,0.5,0.41666666666666663,0.58333333333333326,0.58270794217373578,0.19837004320250551
openbci,loso_arithmetic,Arithmetic LOSO,complete_settings_39_posthoc,10,eeg_conformer,EEG-Conformer,4,2,2,1,1,0,2,0.75,0.75,1,0.5,0.66666666666666663,0.80000000000000004,0.75,0.79166666666666663,0.83333333333333326,0.61405842476819583,0.2081612638983838
openbci,loso_arithmetic,Arithmetic LOSO,complete_settings_39_posthoc,10,eegnet,EEGNet,4,2,2,1,1,0,2,0.75,0.75,1,0.5,0.66666666666666663,0.80000000000000004,1,1,1,0.59054576458184183,0.19986543031458726
openbci,loso_arithmetic,Arithmetic LOSO,complete_settings_39_posthoc,10,equal_blend_050,Equal blend (50%),4,2,2,1,1,0,2,0.75,0.75,1,0.5,0.66666666666666663,0.80000000000000004,0.5,0.41666666666666663,0.58333333333333326,0.56935469730665145,0.19046466128913486
openbci,loso_arithmetic,Arithmetic LOSO,complete_settings_39_posthoc,10,extra_trees,Extra Trees,4,2,2,2,0,2,0,0.5,0.5,0,1,,0,0.5,0.41666666666666663,0.58333333333333326,0.6271589284288358,0.22303842910337396
openbci,loso_arithmetic,Arithmetic LOSO,complete_settings_39_posthoc,10,fixed_blend_010,Fixed blend (10%),4,2,2,1,1,0,2,0.75,0.75,1,0.5,0.66666666666666663,0.80000000000000004,0.5,0.41666666666666663,0.58333333333333326,0.57369648024190689,0.19252583045048111
openbci,loso_arithmetic,Arithmetic LOSO,complete_settings_39_posthoc,10,fixed_blend_025,Fixed blend (25%),4,2,2,1,1,0,2,0.75,0.75,1,0.5,0.66666666666666663,0.80000000000000004,0.5,0.41666666666666663,0.58333333333333326,0.56771900313816259,0.18990313109799464
openbci,loso_arithmetic,Arithmetic LOSO,complete_settings_39_posthoc,10,rf,Random forest,4,2,2,1,1,0,2,0.75,0.75,1,0.5,0.66666666666666663,0.80000000000000004,0.75,0.79166666666666663,0.83333333333333326,0.57307304121445635,0.19437649671313884
openbci,loso_arithmetic,Arithmetic LOSO,complete_settings_39_posthoc,10,riemann_mdm,Riemannian MDM,4,2,2,0,2,0,2,0.5,0.5,1,0,0.5,0.66666666666666663,0.5,0.41666666666666663,0.58333333333333326,0.74889518233754415,0.27618627683751001
openbci,loso_arithmetic,Arithmetic LOSO,complete_settings_39_posthoc,10,riemann_ts_logreg,Riemannian TS-LR,4,2,2,0,2,0,2,0.5,0.5,1,0,0.5,0.66666666666666663,0.5,0.41666666666666663,0.58333333333333326,0.69693908281771044,0.25178061242755739
openbci,loso_arithmetic,Arithmetic LOSO,complete_settings_39_posthoc,10,stack_recording,OOF recording-level stacking,4,2,2,1,1,0,2,0.75,0.75,1,0.5,0.66666666666666663,0.80000000000000004,0.5,0.41666666666666663,0.58333333333333326,0.531783457649874,0.18353781117508927
openbci,loso_arithmetic,Arithmetic LOSO,complete_settings_39_posthoc,11,always_fuse,Always fused,4,2,2,2,0,2,0,0.5,0.5,0,1,,0,1,1,1,0.63058194704110537,0.22094411411433784
openbci,loso_arithmetic,Arithmetic LOSO,complete_settings_39_posthoc,11,always_nn,Always neural,4,2,2,2,0,2,0,0.5,0.5,0,1,,0,1,1,1,0.68980495302771105,0.26818344753130863
openbci,loso_arithmetic,Arithmetic LOSO,complete_settings_39_posthoc,11,cbsf,CB-SF,4,2,2,2,0,2,0,0.5,0.5,0,1,,0,1,1,1,0.62354699458215579,0.22063252163997793
openbci,loso_arithmetic,Arithmetic LOSO,complete_settings_39_posthoc,11,dasf_clean,DASF,4,2,2,2,0,2,0,0.5,0.5,0,1,,0,1,1,1,0.68980495302771205,0.26818344753130902
openbci,loso_arithmetic,Arithmetic LOSO,complete_settings_39_posthoc,11,eeg_conformer,EEG-Conformer,4,2,2,1,1,0,2,0.75,0.75,1,0.5,0.66666666666666663,0.80000000000000004,1,1,1,0.49736974423494018,0.17445701689487417
openbci,loso_arithmetic,Arithmetic LOSO,complete_settings_39_posthoc,11,eegnet,EEGNet,4,2,2,1,1,0,2,0.75,0.75,1,0.5,0.66666666666666663,0.80000000000000004,1,1,1,0.5002584975438289,0.16427545199926338
openbci,loso_arithmetic,Arithmetic LOSO,complete_settings_39_posthoc,11,equal_blend_050,Equal blend (50%),4,2,2,2,0,2,0,0.5,0.5,0,1,,0,1,1,1,0.62421454389477371,0.22252447757432892
openbci,loso_arithmetic,Arithmetic LOSO,complete_settings_39_posthoc,11,extra_trees,Extra Trees,4,2,2,1,1,0,2,0.75,0.75,1,0.5,0.66666666666666663,0.80000000000000004,0.75,0.79166666666666663,0.83333333333333326,0.56392480384596866,0.18786550175634073
openbci,loso_arithmetic,Arithmetic LOSO,complete_settings_39_posthoc,11,fixed_blend_010,Fixed blend (10%),4,2,2,2,0,2,0,0.5,0.5,0,1,,0,1,1,1,0.65288142132792459,0.2454690465754181
openbci,loso_arithmetic,Arithmetic LOSO,complete_settings_39_posthoc,11,fixed_blend_025,Fixed blend (25%),4,2,2,2,0,2,0,0.5,0.5,0,1,,0,1,1,1,0.63417347835630422,0.23208711793930709
openbci,loso_arithmetic,Arithmetic LOSO,complete_settings_39_posthoc,11,rf,Random forest,4,2,2,1,1,0,2,0.75,0.75,1,0.5,0.66666666666666663,0.80000000000000004,0.75,0.79166666666666663,0.83333333333333326,0.54303042585850569,0.17935235743625011
openbci,loso_arithmetic,Arithmetic LOSO,complete_settings_39_posthoc,11,riemann_mdm,Riemannian MDM,4,2,2,0,2,0,2,0.5,0.5,1,0,0.5,0.66666666666666663,0,0.29166666666666663,0.41666666666666663,0.93405291440486393,0.34685756520457983
openbci,loso_arithmetic,Arithmetic LOSO,complete_settings_39_posthoc,11,riemann_ts_logreg,Riemannian TS-LR,4,2,2,2,0,2,0,0.5,0.5,0,1,,0,0.75,0.79166666666666663,0.83333333333333326,0.68143582111361223,0.24450220232326397
openbci,loso_arithmetic,Arithmetic LOSO,complete_settings_39_posthoc,11,stack_recording,OOF recording-level stacking,4,2,2,2,0,2,0,0.5,0.5,0,1,,0,1,1,1,0.58066080529596142,0.21483750036164409
openbci,loso_arithmetic,Arithmetic LOSO,complete_settings_39_posthoc,12,always_fuse,Always fused,4,2,2,0,2,0,2,0.5,0.5,1,0,0.5,0.66666666666666663,0.25,0.33333333333333331,0.5,0.76569062835328272,0.28374465302109242
openbci,loso_arithmetic,Arithmetic LOSO,complete_settings_39_posthoc,12,always_nn,Always neural,4,2,2,0,2,0,2,0.5,0.5,1,0,0.5,0.66666666666666663,0.5,0.41666666666666663,0.58333333333333326,1.8803625051177573,0.47080710224030015
openbci,loso_arithmetic,Arithmetic LOSO,complete_settings_39_posthoc,12,cbsf,CB-SF,4,2,2,0,2,0,2,0.5,0.5,1,0,0.5,0.66666666666666663,0.25,0.33333333333333331,0.5,0.81013492512697338,0.3019657610718065
openbci,loso_arithmetic,Arithmetic LOSO,complete_settings_39_posthoc,12,dasf_clean,DASF,4,2,2,0,2,0,2,0.5,0.5,1,0,0.5,0.66666666666666663,0.5,0.41666666666666663,0.58333333333333326,1.8803625051177768,0.4708071022403007
openbci,loso_arithmetic,Arithmetic LOSO,complete_settings_39_posthoc,12,eeg_conformer,EEG-Conformer,4,2,2,1,1,0,2,0.75,0.75,1,0.5,0.66666666666666663,0.80000000000000004,1,1,1,0.464367584356288,0.15387501190352984
openbci,loso_arithmetic,Arithmetic LOSO,complete_settings_39_posthoc,12,eegnet,EEGNet,4,2,2,1,1,0,2,0.75,0.75,1,0.5,0.66666666666666663,0.80000000000000004,1,1,1,0.51657691815187978,0.16936370835408113
openbci,loso_arithmetic,Arithmetic LOSO,complete_settings_39_posthoc,12,equal_blend_050,Equal blend (50%),4,2,2,0,2,0,2,0.5,0.5,1,0,0.5,0.66666666666666663,0.5,0.41666666666666663,0.58333333333333326,0.91700277595183322,0.33986590317484183
openbci,loso_arithmetic,Arithmetic LOSO,complete_settings_39_posthoc,12,extra_trees,Extra Trees,4,2,2,1,1,0,2,0.75,0.75,1,0.5,0.66666666666666663,0.80000000000000004,0.75,0.79166666666666663,0.83333333333333326,0.57146824616242142,0.19116884943202755
openbci,loso_arithmetic,Arithmetic LOSO,complete_settings_39_posthoc,12,fixed_blend_010,Fixed blend (10%),4,2,2,0,2,0,2,0.5,0.5,1,0,0.5,0.66666666666666663,0.5,0.41666666666666663,0.58333333333333326,1.3258140039897475,0.42835825477382161
openbci,loso_arithmetic,Arithmetic LOSO,complete_settings_39_posthoc,12,fixed_blend_025,Fixed blend (25%),4,2,2,0,2,0,2,0.5,0.5,1,0,0.5,0.66666666666666663,0.5,0.41666666666666663,0.58333333333333326,1.0984651090461137,0.3882737260512733
openbci,loso_arithmetic,Arithmetic LOSO,complete_settings_39_posthoc,12,rf,Random forest,4,2,2,1,1,0,2,0.75,0.75,1,0.5,0.66666666666666663,0.80000000000000004,0.75,0.79166666666666663,0.83333333333333326,0.55689250916699939,0.18460480807006585
openbci,loso_arithmetic,Arithmetic LOSO,complete_settings_39_posthoc,12,riemann_mdm,Riemannian MDM,4,2,2,2,0,2,0,0.5,0.5,0,1,,0,0.5,0.41666666666666663,0.58333333333333326,0.73899646207058223,0.27337657779099356
openbci,loso_arithmetic,Arithmetic LOSO,complete_settings_39_posthoc,12,riemann_ts_logreg,Riemannian TS-LR,4,2,2,2,0,2,0,0.5,0.5,0,1,,0,1,1,1,0.65026583732715326,0.23095509095875924
openbci,loso_arithmetic,Arithmetic LOSO,complete_settings_39_posthoc,12,stack_recording,OOF recording-level stacking,4,2,2,0,2,0,2,0.5,0.5,1,0,0.5,0.66666666666666663,0.5,0.41666666666666663,0.58333333333333326,1.2984860890525369,0.42066685281893973
openbci,loso_arithmetic,Arithmetic LOSO,complete_settings_39_posthoc,13,always_fuse,Always fused,4,2,2,1,1,1,1,0.5,0.5,0.5,0.5,0.5,0.5,0.75,0.79166666666666663,0.83333333333333326,0.59936822503175069,0.20727050884114184
openbci,loso_arithmetic,Arithmetic LOSO,complete_settings_39_posthoc,13,always_nn,Always neural,4,2,2,1,1,1,1,0.5,0.5,0.5,0.5,0.5,0.5,0.5,0.41666666666666663,0.58333333333333326,0.85780149003846451,0.3172808137484458
openbci,loso_arithmetic,Arithmetic LOSO,complete_settings_39_posthoc,13,cbsf,CB-SF,4,2,2,1,1,1,1,0.5,0.5,0.5,0.5,0.5,0.5,0.75,0.79166666666666663,0.83333333333333326,0.58187083109828064,0.20443197849021333
openbci,loso_arithmetic,Arithmetic LOSO,complete_settings_39_posthoc,13,dasf_clean,DASF,4,2,2,1,1,1,1,0.5,0.5,0.5,0.5,0.5,0.5,0.5,0.41666666666666663,0.58333333333333326,0.85780149003846928,0.31728081374844724
openbci,loso_arithmetic,Arithmetic LOSO,complete_settings_39_posthoc,13,eeg_conformer,EEG-Conformer,4,2,2,1,1,0,2,0.75,0.75,1,0.5,0.66666666666666663,0.80000000000000004,1,1,1,0.57229652211806037,0.19569113994592852
openbci,loso_arithmetic,Arithmetic LOSO,complete_settings_39_posthoc,13,eegnet,EEGNet,4,2,2,2,0,2,0,0.5,0.5,0,1,,0,0.5,0.41666666666666663,0.58333333333333326,0.79610279124267547,0.30315734621948559
openbci,loso_arithmetic,Arithmetic LOSO,complete_settings_39_posthoc,13,equal_blend_050,Equal blend (50%),4,2,2,1,1,1,1,0.5,0.5,0.5,0.5,0.5,0.5,0.75,0.79166666666666663,0.83333333333333326,0.58099388907012428,0.20491731517696093
openbci,loso_arithmetic,Arithmetic LOSO,complete_settings_39_posthoc,13,extra_trees,Extra Trees,4,2,2,2,0,2,0,0.5,0.5,0,1,,0,0.5,0.41666666666666663,0.58333333333333326,0.65945047695224035,0.24027779677292177
openbci,loso_arithmetic,Arithmetic LOSO,complete_settings_39_posthoc,13,fixed_blend_010,Fixed blend (10%),4,2,2,1,1,1,1,0.5,0.5,0.5,0.5,0.5,0.5,0.75,0.79166666666666663,0.83333333333333326,0.60901340750574118,0.22690041719494444
openbci,loso_arithmetic,Arithmetic LOSO,complete_settings_39_posthoc,13,fixed_blend_025,Fixed blend (25%),4,2,2,1,1,1,1,0.5,0.5,0.5,0.5,0.5,0.5,0.75,0.79166666666666663,0.83333333333333326,0.58526468582852142,0.21214942151211616
openbci,loso_arithmetic,Arithmetic LOSO,complete_settings_39_posthoc,13,rf,Random forest,4,2,2,2,0,2,0,0.5,0.5,0,1,,0,0.5,0.41666666666666663,0.58333333333333326,0.66965214483472602,0.24287693029051588
openbci,loso_arithmetic,Arithmetic LOSO,complete_settings_39_posthoc,13,riemann_mdm,Riemannian MDM,4,2,2,2,0,2,0,0.5,0.5,0,1,,0,0.75,0.79166666666666663,0.83333333333333326,0.71938968196350572,0.26079259418444495
openbci,loso_arithmetic,Arithmetic LOSO,complete_settings_39_posthoc,13,riemann_ts_logreg,Riemannian TS-LR,4,2,2,1,1,0,2,0.75,0.75,1,0.5,0.66666666666666663,0.80000000000000004,0.75,0.79166666666666663,0.83333333333333326,0.61869320117695648,0.21376686648952692
openbci,loso_arithmetic,Arithmetic LOSO,complete_settings_39_posthoc,13,stack_recording,OOF recording-level stacking,4,2,2,1,1,1,1,0.5,0.5,0.5,0.5,0.5,0.5,0.5,0.41666666666666663,0.58333333333333326,0.69424704923902569,0.2681337159945742
openbci,loso_arithmetic,Arithmetic LOSO,complete_settings_39_posthoc,14,always_fuse,Always fused,4,2,2,1,1,0,2,0.75,0.75,1,0.5,0.66666666666666663,0.80000000000000004,1,1,1,0.53488368989664514,0.17647868734454683
openbci,loso_arithmetic,Arithmetic LOSO,complete_settings_39_posthoc,14,always_nn,Always neural,4,2,2,1,1,0,2,0.75,0.75,1,0.5,0.66666666666666663,0.80000000000000004,1,1,1,0.43597900282179186,0.15443055370544614
openbci,loso_arithmetic,Arithmetic LOSO,complete_settings_39_posthoc,14,cbsf,CB-SF,4,2,2,1,1,0,2,0.75,0.75,1,0.5,0.66666666666666663,0.80000000000000004,1,1,1,0.50289072307859339,0.16362706229629664
openbci,loso_arithmetic,Arithmetic LOSO,complete_settings_39_posthoc,14,dasf_clean,DASF,4,2,2,1,1,0,2,0.75,0.75,1,0.5,0.66666666666666663,0.80000000000000004,1,1,1,0.43597900282179186,0.15443055370544614
openbci,loso_arithmetic,Arithmetic LOSO,complete_settings_39_posthoc,14,eeg_conformer,EEG-Conformer,4,2,2,1,1,0,2,0.75,0.75,1,0.5,0.66666666666666663,0.80000000000000004,1,1,1,0.89305955027093875,0.25572240927411688
openbci,loso_arithmetic,Arithmetic LOSO,complete_settings_39_posthoc,14,eegnet,EEGNet,4,2,2,1,1,0,2,0.75,0.75,1,0.5,0.66666666666666663,0.80000000000000004,0.75,0.79166666666666663,0.83333333333333326,0.53950703102298103,0.17961251598874686
openbci,loso_arithmetic,Arithmetic LOSO,complete_settings_39_posthoc,14,equal_blend_050,Equal blend (50%),4,2,2,1,1,0,2,0.75,0.75,1,0.5,0.66666666666666663,0.80000000000000004,1,1,1,0.46553775475973086,0.15180539448698815
openbci,loso_arithmetic,Arithmetic LOSO,complete_settings_39_posthoc,14,extra_trees,Extra Trees,4,2,2,2,0,2,0,0.5,0.5,0,1,,0,1,1,1,0.56953325337946448,0.20117238236241414
openbci,loso_arithmetic,Arithmetic LOSO,complete_settings_39_posthoc,14,fixed_blend_010,Fixed blend (10%),4,2,2,1,1,0,2,0.75,0.75,1,0.5,0.66666666666666663,0.80000000000000004,1,1,1,0.43800348493042546,0.15131265803158248
openbci,loso_arithmetic,Arithmetic LOSO,complete_settings_39_posthoc,14,fixed_blend_025,Fixed blend (25%),4,2,2,1,1,0,2,0.75,0.75,1,0.5,0.66666666666666663,0.80000000000000004,1,1,1,0.44487935165173775,0.14924557895346169
openbci,loso_arithmetic,Arithmetic LOSO,complete_settings_39_posthoc,14,rf,Random forest,4,2,2,2,0,2,0,0.5,0.5,0,1,,0,1,1,1,0.546589234284799,0.19170253612884497
openbci,loso_arithmetic,Arithmetic LOSO,complete_settings_39_posthoc,14,riemann_mdm,Riemannian MDM,4,2,2,0,2,0,2,0.5,0.5,1,0,0.5,0.66666666666666663,0.5,0.41666666666666663,0.58333333333333326,1.5363267611163269,0.37501269102967305
openbci,loso_arithmetic,Arithmetic LOSO,complete_settings_39_posthoc,14,riemann_ts_logreg,Riemannian TS-LR,4,2,2,0,2,0,2,0.5,0.5,1,0,0.5,0.66666666666666663,0.75,0.79166666666666663,0.83333333333333326,0.80200422779445513,0.29302472939323365
openbci,loso_arithmetic,Arithmetic LOSO,complete_settings_39_posthoc,14,stack_recording,OOF recording-level stacking,4,2,2,1,1,0,2,0.75,0.75,1,0.5,0.66666666666666663,0.80000000000000004,1,1,1,0.44448191368962542,0.15227109378481202
openbci,loso_arithmetic,Arithmetic LOSO,complete_settings_39_posthoc,15,always_fuse,Always fused,4,2,2,2,0,2,0,0.5,0.5,0,1,,0,0.5,0.41666666666666663,0.58333333333333326,0.62271692235571008,0.21857702506085858
openbci,loso_arithmetic,Arithmetic LOSO,complete_settings_39_posthoc,15,always_nn,Always neural,4,2,2,2,0,2,0,0.5,0.5,0,1,,0,0.5,0.41666666666666663,0.58333333333333326,0.99622801361230762,0.3672909001439002
openbci,loso_arithmetic,Arithmetic LOSO,complete_settings_39_posthoc,15,cbsf,CB-SF,4,2,2,2,0,2,0,0.5,0.5,0,1,,0,0.5,0.41666666666666663,0.58333333333333326,0.6579799336394474,0.23797950544426116
openbci,loso_arithmetic,Arithmetic LOSO,complete_settings_39_posthoc,15,dasf_clean,DASF,4,2,2,2,0,2,0,0.5,0.5,0,1,,0,0.5,0.41666666666666663,0.58333333333333326,0.99622801361230828,0.36729090014390042
openbci,loso_arithmetic,Arithmetic LOSO,complete_settings_39_posthoc,15,eeg_conformer,EEG-Conformer,4,2,2,1,1,0,2,0.75,0.75,1,0.5,0.66666666666666663,0.80000000000000004,0.75,0.79166666666666663,0.83333333333333326,1.2565213149104735,0.24671450121534061
openbci,loso_arithmetic,Arithmetic LOSO,complete_settings_39_posthoc,15,eegnet,EEGNet,4,2,2,1,1,0,2,0.75,0.75,1,0.5,0.66666666666666663,0.80000000000000004,1,1,1,0.48995737551906759,0.16350481188377669
openbci,loso_arithmetic,Arithmetic LOSO,complete_settings_39_posthoc,15,equal_blend_050,Equal blend (50%),4,2,2,2,0,2,0,0.5,0.5,0,1,,0,0.5,0.41666666666666663,0.58333333333333326,0.71153082820471991,0.26492393061901248
openbci,loso_arithmetic,Arithmetic LOSO,complete_settings_39_posthoc,15,extra_trees,Extra Trees,4,2,2,2,0,2,0,0.5,0.5,0,1,,0,1,1,1,0.59673747071907202,0.21148711776217921
openbci,loso_arithmetic,Arithmetic LOSO,complete_settings_39_posthoc,15,fixed_blend_010,Fixed blend (10%),4,2,2,2,0,2,0,0.5,0.5,0,1,,0,0.5,0.41666666666666663,0.58333333333333326,0.88911263250110961,0.33550667777476645
openbci,loso_arithmetic,Arithmetic LOSO,complete_settings_39_posthoc,15,fixed_blend_025,Fixed blend (25%),4,2,2,2,0,2,0,0.5,0.5,0,1,,0,0.5,0.41666666666666663,0.58333333333333326,0.79972635778627299,0.30324644485778174
openbci,loso_arithmetic,Arithmetic LOSO,complete_settings_39_posthoc,15,rf,Random forest,4,2,2,2,0,2,0,0.5,0.5,0,1,,0,1,1,1,0.62121314642003611,0.22823314388244109
openbci,loso_arithmetic,Arithmetic LOSO,complete_settings_39_posthoc,15,riemann_mdm,Riemannian MDM,4,2,2,2,0,2,0,0.5,0.5,0,1,,0,1,1,1,0.66034936999732907,0.23711768247284121
openbci,loso_arithmetic,Arithmetic LOSO,complete_settings_39_posthoc,15,riemann_ts_logreg,Riemannian TS-LR,4,2,2,0,2,0,2,0.5,0.5,1,0,0.5,0.66666666666666663,1,1,1,1.7818049644336731,0.44816543407775017
openbci,loso_arithmetic,Arithmetic LOSO,complete_settings_39_posthoc,15,stack_recording,OOF recording-level stacking,4,2,2,2,0,2,0,0.5,0.5,0,1,,0,0.5,0.41666666666666663,0.58333333333333326,0.68524149835579129,0.26333976680024185
openbci,loso_stroop,Stroop LOSO,complete_settings_39_posthoc,1,always_fuse,Always fused,4,2,2,2,0,2,0,0.5,0.5,0,1,,0,0.25,0.33333333333333331,0.5,0.78051284599743331,0.29111893615297491
openbci,loso_stroop,Stroop LOSO,complete_settings_39_posthoc,1,always_nn,Always neural,4,2,2,2,0,2,0,0.5,0.5,0,1,,0,0.25,0.33333333333333331,0.5,3.2889772945273816,0.49843320308464301
openbci,loso_stroop,Stroop LOSO,complete_settings_39_posthoc,1,cbsf,CB-SF,4,2,2,2,0,2,0,0.5,0.5,0,1,,0,0,0.29166666666666663,0.41666666666666663,1.7081072375545479,0.47177414503847542
openbci,loso_stroop,Stroop LOSO,complete_settings_39_posthoc,1,dasf_clean,DASF,4,2,2,2,0,2,0,0.5,0.5,0,1,,0,0.25,0.33333333333333331,0.5,3.2889772945273918,0.49843320308464301
openbci,loso_stroop,Stroop LOSO,complete_settings_39_posthoc,1,eeg_conformer,EEG-Conformer,4,2,2,2,0,2,0,0.5,0.5,0,1,,0,0.75,0.79166666666666663,0.83333333333333326,0.91924111847283752,0.31758238058204591
openbci,loso_stroop,Stroop LOSO,complete_settings_39_posthoc,1,eegnet,EEGNet,4,2,2,1,1,0,2,0.75,0.75,1,0.5,0.66666666666666663,0.80000000000000004,0.75,0.79166666666666663,0.83333333333333326,0.64379869870663498,0.22573797700098819
openbci,loso_stroop,Stroop LOSO,complete_settings_39_posthoc,1,equal_blend_050,Equal blend (50%),4,2,2,2,0,2,0,0.5,0.5,0,1,,0,0.25,0.33333333333333331,0.5,0.97899758590621655,0.36348710168748066
openbci,loso_stroop,Stroop LOSO,complete_settings_39_posthoc,1,extra_trees,Extra Trees,4,2,2,1,1,2,0,0.25,0.25,0,0.5,0,0,0.5,0.41666666666666663,0.58333333333333326,0.65870514940226255,0.23301630419808866
openbci,loso_stroop,Stroop LOSO,complete_settings_39_posthoc,1,fixed_blend_010,Fixed blend (10%),4,2,2,2,0,2,0,0.5,0.5,0,1,,0,0,0.29166666666666663,0.41666666666666663,1.5240900121701044,0.45820777946191021
openbci,loso_stroop,Stroop LOSO,complete_settings_39_posthoc,1,fixed_blend_025,Fixed blend (25%),4,2,2,2,0,2,0,0.5,0.5,0,1,,0,0,0.29166666666666663,0.41666666666666663,1.2070560447043412,0.41691391446703552
openbci,loso_stroop,Stroop LOSO,complete_settings_39_posthoc,1,rf,Random forest,4,2,2,1,1,0,2,0.75,0.75,1,0.5,0.66666666666666663,0.80000000000000004,0.5,0.41666666666666663,0.58333333333333326,0.65858182853986791,0.23309620025183264
openbci,loso_stroop,Stroop LOSO,complete_settings_39_posthoc,1,riemann_mdm,Riemannian MDM,4,2,2,2,0,1,1,0.75,0.75,0.5,1,1,0.66666666666666663,1,1,1,0.41400032789798519,0.13624322253504537
openbci,loso_stroop,Stroop LOSO,complete_settings_39_posthoc,1,riemann_ts_logreg,Riemannian TS-LR,4,2,2,0,2,0,2,0.5,0.5,1,0,0.5,0.66666666666666663,0.5,0.70833333333333326,0.75,0.70310676057661992,0.25502230381834173
openbci,loso_stroop,Stroop LOSO,complete_settings_39_posthoc,1,stack_recording,OOF recording-level stacking,4,2,2,2,0,2,0,0.5,0.5,0,1,,0,0.25,0.33333333333333331,0.5,1.3728025951975038,0.43777326486212242
openbci,loso_stroop,Stroop LOSO,complete_settings_39_posthoc,2,always_fuse,Always fused,4,2,2,2,0,2,0,0.5,0.5,0,1,,0,1,1,1,0.69988636107881996,0.25562626292121171
openbci,loso_stroop,Stroop LOSO,complete_settings_39_posthoc,2,always_nn,Always neural,4,2,2,2,0,2,0,0.5,0.5,0,1,,0,0.75,0.79166666666666663,0.83333333333333326,3.5277676541622798,0.49824802016246472
openbci,loso_stroop,Stroop LOSO,complete_settings_39_posthoc,2,cbsf,CB-SF,4,2,2,2,0,2,0,0.5,0.5,0,1,,0,1,1,1,3.1230835108207899,0.49716797485227471
openbci,loso_stroop,Stroop LOSO,complete_settings_39_posthoc,2,dasf_clean,DASF,4,2,2,2,0,2,0,0.5,0.5,0,1,,0,0.75,0.79166666666666663,0.83333333333333326,3.5277676541622798,0.49824802016246472
openbci,loso_stroop,Stroop LOSO,complete_settings_39_posthoc,2,eeg_conformer,EEG-Conformer,4,2,2,2,0,2,0,0.5,0.5,0,1,,0,1,1,1,1.2957517163084304,0.42549486106331047
openbci,loso_stroop,Stroop LOSO,complete_settings_39_posthoc,2,eegnet,EEGNet,4,2,2,2,0,2,0,0.5,0.5,0,1,,0,1,1,1,0.77437024398229393,0.29741757220401233
openbci,loso_stroop,Stroop LOSO,complete_settings_39_posthoc,2,equal_blend_050,Equal blend (50%),4,2,2,2,0,2,0,0.5,0.5,0,1,,0,1,1,1,0.85358275494735636,0.31923773828436508
openbci,loso_stroop,Stroop LOSO,complete_settings_39_posthoc,2,extra_trees,Extra Trees,4,2,2,2,0,2,0,0.5,0.5,0,1,,0,1,1,1,0.77730387290849112,0.29182176645925872
openbci,loso_stroop,Stroop LOSO,complete_settings_39_posthoc,2,fixed_blend_010,Fixed blend (10%),4,2,2,2,0,2,0,0.5,0.5,0,1,,0,1,1,1,1.2964163753826172,0.42321216519284094
openbci,loso_stroop,Stroop LOSO,complete_settings_39_posthoc,2,fixed_blend_025,Fixed blend (25%),4,2,2,2,0,2,0,0.5,0.5,0,1,,0,1,1,1,1.0351897750914394,0.37302186064482135
openbci,loso_stroop,Stroop LOSO,complete_settings_39_posthoc,2,rf,Random forest,4,2,2,2,0,2,0,0.5,0.5,0,1,,0,1,1,1,0.82693615359527883,0.31003284078234128
openbci,loso_stroop,Stroop LOSO,complete_settings_39_posthoc,2,riemann_mdm,Riemannian MDM,4,2,2,2,0,2,0,0.5,0.5,0,1,,0,0.25,0.33333333333333331,0.5,3.4485922704216656,0.49886069192054627
openbci,loso_stroop,Stroop LOSO,complete_settings_39_posthoc,2,riemann_ts_logreg,Riemannian TS-LR,4,2,2,2,0,2,0,0.5,0.5,0,1,,0,1,1,1,1.5485730951159571,0.45505260612681997
openbci,loso_stroop,Stroop LOSO,complete_settings_39_posthoc,2,stack_recording,OOF recording-level stacking,4,2,2,2,0,2,0,0.5,0.5,0,1,,0,0.75,0.79166666666666663,0.83333333333333326,1.2603050934979951,0.410581850732678
openbci,loso_stroop,Stroop LOSO,complete_settings_39_posthoc,3,always_fuse,Always fused,4,2,2,1,1,0,2,0.75,0.75,1,0.5,0.66666666666666663,0.80000000000000004,1,1,1,0.52792920751040895,0.17022312647457663
openbci,loso_stroop,Stroop LOSO,complete_settings_39_posthoc,3,always_nn,Always neural,4,2,2,1,1,0,2,0.75,0.75,1,0.5,0.66666666666666663,0.80000000000000004,1,1,1,0.27721881843662738,0.096358436891207253
openbci,loso_stroop,Stroop LOSO,complete_settings_39_posthoc,3,cbsf,CB-SF,4,2,2,1,1,0,2,0.75,0.75,1,0.5,0.66666666666666663,0.80000000000000004,1,1,1,0.28550677546849501,0.097195020952241279
openbci,loso_stroop,Stroop LOSO,complete_settings_39_posthoc,3,dasf_clean,DASF,4,2,2,1,1,0,2,0.75,0.75,1,0.5,0.66666666666666663,0.80000000000000004,1,1,1,0.27721881843662732,0.096358436891207239
openbci,loso_stroop,Stroop LOSO,complete_settings_39_posthoc,3,eeg_conformer,EEG-Conformer,4,2,2,1,1,0,2,0.75,0.75,1,0.5,0.66666666666666663,0.80000000000000004,1,1,1,0.40574795846804745,0.13997968519369566
openbci,loso_stroop,Stroop LOSO,complete_settings_39_posthoc,3,eegnet,EEGNet,4,2,2,1,1,0,2,0.75,0.75,1,0.5,0.66666666666666663,0.80000000000000004,0.75,0.79166666666666663,0.83333333333333326,0.54388518371089867,0.18365375116263799
openbci,loso_stroop,Stroop LOSO,complete_settings_39_posthoc,3,equal_blend_050,Equal blend (50%),4,2,2,1,1,0,2,0.75,0.75,1,0.5,0.66666666666666663,0.80000000000000004,1,1,1,0.4061866551122934,0.12186981592794492
openbci,loso_stroop,Stroop LOSO,complete_settings_39_posthoc,3,extra_trees,Extra Trees,4,2,2,2,0,0,2,1,1,1,1,1,1,1,1,1,0.43474846153002317,0.1326848020370347
openbci,loso_stroop,Stroop LOSO,complete_settings_39_posthoc,3,fixed_blend_010,Fixed blend (10%),4,2,2,1,1,0,2,0.75,0.75,1,0.5,0.66666666666666663,0.80000000000000004,1,1,1,0.31281596858609284,0.10038170897654218
openbci,loso_stroop,Stroop LOSO,complete_settings_39_posthoc,3,fixed_blend_025,Fixed blend (25%),4,2,2,1,1,0,2,0.75,0.75,1,0.5,0.66666666666666663,0.80000000000000004,1,1,1,0.34955685330164243,0.10663206482242552
openbci,loso_stroop,Stroop LOSO,complete_settings_39_posthoc,3,rf,Random forest,4,2,2,1,1,0,2,0.75,0.75,1,0.5,0.66666666666666663,0.80000000000000004,1,1,1,0.42774414576960185,0.13746769342058765
openbci,loso_stroop,Stroop LOSO,complete_settings_39_posthoc,3,riemann_mdm,Riemannian MDM,4,2,2,2,0,2,0,0.5,0.5,0,1,,0,0.5,0.70833333333333326,0.75,1.3149129091036715,0.41795689644824507
openbci,loso_stroop,Stroop LOSO,complete_settings_39_posthoc,3,riemann_ts_logreg,Riemannian TS-LR,4,2,2,2,0,1,1,0.75,0.75,0.5,1,1,0.66666666666666663,0.75,0.79166666666666663,0.83333333333333326,0.61140813999932153,0.21259232790104882
openbci,loso_stroop,Stroop LOSO,complete_settings_39_posthoc,3,stack_recording,OOF recording-level stacking,4,2,2,1,1,0,2,0.75,0.75,1,0.5,0.66666666666666663,0.80000000000000004,1,1,1,0.39869520316503554,0.13173381481075139
openbci,loso_stroop,Stroop LOSO,complete_settings_39_posthoc,4,always_fuse,Always fused,4,2,2,1,1,2,0,0.25,0.25,0,0.5,0,0,0.5,0.41666666666666663,0.58333333333333326,0.73599915378374603,0.27146104260114789
openbci,loso_stroop,Stroop LOSO,complete_settings_39_posthoc,4,always_nn,Always neural,4,2,2,2,0,2,0,0.5,0.5,0,1,,0,0.5,0.41666666666666663,0.58333333333333326,1.8003799558044449,0.49024202359764946
openbci,loso_stroop,Stroop LOSO,complete_settings_39_posthoc,4,cbsf,CB-SF,4,2,2,2,0,2,0,0.5,0.5,0,1,,0,0.5,0.41666666666666663,0.58333333333333326,0.8608891605919895,0.32639650441049073
openbci,loso_stroop,Stroop LOSO,complete_settings_39_posthoc,4,dasf_clean,DASF,4,2,2,2,0,2,0,0.5,0.5,0,1,,0,0.5,0.41666666666666663,0.58333333333333326,1.8003799558044502,0.49024202359764979
openbci,loso_stroop,Stroop LOSO,complete_settings_39_posthoc,4,eeg_conformer,EEG-Conformer,4,2,2,0,2,0,2,0.5,0.5,1,0,0.5,0.66666666666666663,0,0.29166666666666663,0.41666666666666663,1.6316717919978354,0.46007354408765011
openbci,loso_stroop,Stroop LOSO,complete_settings_39_posthoc,4,eegnet,EEGNet,4,2,2,0,2,0,2,0.5,0.5,1,0,0.5,0.66666666666666663,0.5,0.70833333333333326,0.75,1.2912863503397418,0.42481811443707174
openbci,loso_stroop,Stroop LOSO,complete_settings_39_posthoc,4,equal_blend_050,Equal blend (50%),4,2,2,2,0,2,0,0.5,0.5,0,1,,0,0.5,0.41666666666666663,0.58333333333333326,0.82339335138469938,0.31140079873446158
openbci,loso_stroop,Stroop LOSO,complete_settings_39_posthoc,4,extra_trees,Extra Trees,4,2,2,2,0,2,0,0.5,0.5,0,1,,0,0.75,0.79166666666666663,0.83333333333333326,0.71258994208159931,0.26033812484368823
openbci,loso_stroop,Stroop LOSO,complete_settings_39_posthoc,4,fixed_blend_010,Fixed blend (10%),4,2,2,2,0,2,0,0.5,0.5,0,1,,0,0.5,0.41666666666666663,0.58333333333333326,1.1206962279848312,0.4034112585073546
openbci,loso_stroop,Stroop LOSO,complete_settings_39_posthoc,4,fixed_blend_025,Fixed blend (25%),4,2,2,2,0,2,0,0.5,0.5,0,1,,0,0.5,0.41666666666666663,0.58333333333333326,0.94636271371659397,0.35643099500416159
openbci,loso_stroop,Stroop LOSO,complete_settings_39_posthoc,4,rf,Random forest,4,2,2,2,0,2,0,0.5,0.5,0,1,,0,0.75,0.79166666666666663,0.83333333333333326,0.74809151271377217,0.27633421351157056
openbci,loso_stroop,Stroop LOSO,complete_settings_39_posthoc,4,riemann_mdm,Riemannian MDM,4,2,2,0,2,0,2,0.5,0.5,1,0,0.5,0.66666666666666663,0,0.29166666666666663,0.41666666666666663,1.2263960702072487,0.41400981658932146
openbci,loso_stroop,Stroop LOSO,complete_settings_39_posthoc,4,riemann_ts_logreg,Riemannian TS-LR,4,2,2,0,2,0,2,0.5,0.5,1,0,0.5,0.66666666666666663,0,0.29166666666666663,0.41666666666666663,4.1190133554830402,0.49971968714020187
openbci,loso_stroop,Stroop LOSO,complete_settings_39_posthoc,4,stack_recording,OOF recording-level stacking,4,2,2,1,1,2,0,0.25,0.25,0,0.5,0,0,0.5,0.41666666666666663,0.58333333333333326,0.90340006544930562,0.34785235803696024
openbci,loso_stroop,Stroop LOSO,complete_settings_39_posthoc,5,always_fuse,Always fused,4,2,2,1,1,0,2,0.75,0.75,1,0.5,0.66666666666666663,0.80000000000000004,1,1,1,0.53540501482278458,0.17499160133808142
openbci,loso_stroop,Stroop LOSO,complete_settings_39_posthoc,5,always_nn,Always neural,4,2,2,1,1,0,2,0.75,0.75,1,0.5,0.66666666666666663,0.80000000000000004,1,1,1,0.3969558153595435,0.14623024283746264
openbci,loso_stroop,Stroop LOSO,complete_settings_39_posthoc,5,cbsf,CB-SF,4,2,2,1,1,0,2,0.75,0.75,1,0.5,0.66666666666666663,0.80000000000000004,1,1,1,0.41293792343275521,0.13877519143352207
openbci,loso_stroop,Stroop LOSO,complete_settings_39_posthoc,5,dasf_clean,DASF,4,2,2,1,1,0,2,0.75,0.75,1,0.5,0.66666666666666663,0.80000000000000004,1,1,1,0.39695581535954361,0.14623024283746267
openbci,loso_stroop,Stroop LOSO,complete_settings_39_posthoc,5,eeg_conformer,EEG-Conformer,4,2,2,1,1,0,2,0.75,0.75,1,0.5,0.66666666666666663,0.80000000000000004,1,1,1,0.56918626049341114,0.19436908065305389
openbci,loso_stroop,Stroop LOSO,complete_settings_39_posthoc,5,eegnet,EEGNet,4,2,2,1,1,0,2,0.75,0.75,1,0.5,0.66666666666666663,0.80000000000000004,1,1,1,0.85499295366135508,0.2564317726684589
openbci,loso_stroop,Stroop LOSO,complete_settings_39_posthoc,5,equal_blend_050,Equal blend (50%),4,2,2,1,1,0,2,0.75,0.75,1,0.5,0.66666666666666663,0.80000000000000004,1,1,1,0.4467160448588206,0.14317197233384488
openbci,loso_stroop,Stroop LOSO,complete_settings_39_posthoc,5,extra_trees,Extra Trees,4,2,2,1,1,0,2,0.75,0.75,1,0.5,0.66666666666666663,0.80000000000000004,1,1,1,0.54039435604167674,0.18110810285123613
openbci,loso_stroop,Stroop LOSO,complete_settings_39_posthoc,5,fixed_blend_010,Fixed blend (10%),4,2,2,1,1,0,2,0.75,0.75,1,0.5,0.66666666666666663,0.80000000000000004,1,1,1,0.40212406064301504,0.14110256890920089
openbci,loso_stroop,Stroop LOSO,complete_settings_39_posthoc,5,fixed_blend_025,Fixed blend (25%),4,2,2,1,1,0,2,0.75,0.75,1,0.5,0.66666666666666663,0.80000000000000004,1,1,1,0.41519366864127105,0.13870599073449474
openbci,loso_stroop,Stroop LOSO,complete_settings_39_posthoc,5,rf,Random forest,4,2,2,2,0,1,1,0.75,0.75,0.5,1,1,0.66666666666666663,0.75,0.79166666666666663,0.83333333333333326,0.54989726985757725,0.18846812642401489
openbci,loso_stroop,Stroop LOSO,complete_settings_39_posthoc,5,riemann_mdm,Riemannian MDM,4,2,2,2,0,2,0,0.5,0.5,0,1,,0,0.75,0.79166666666666663,0.83333333333333326,0.98249150883037539,0.36263602939371758
openbci,loso_stroop,Stroop LOSO,complete_settings_39_posthoc,5,riemann_ts_logreg,Riemannian TS-LR,4,2,2,1,1,0,2,0.75,0.75,1,0.5,0.66666666666666663,0.80000000000000004,1,1,1,0.38597497058550362,0.12203626720191246
openbci,loso_stroop,Stroop LOSO,complete_settings_39_posthoc,5,stack_recording,OOF recording-level stacking,4,2,2,1,1,0,2,0.75,0.75,1,0.5,0.66666666666666663,0.80000000000000004,1,1,1,0.44172188203068463,0.15375284644199952
openbci,loso_stroop,Stroop LOSO,complete_settings_39_posthoc,6,always_fuse,Always fused,4,2,2,1,1,1,1,0.5,0.5,0.5,0.5,0.5,0.5,0.25,0.33333333333333331,0.5,0.75351172868922167,0.27887154583532903
openbci,loso_stroop,Stroop LOSO,complete_settings_39_posthoc,6,always_nn,Always neural,4,2,2,1,1,1,1,0.5,0.5,0.5,0.5,0.5,0.5,0.25,0.33333333333333331,0.5,1.63707448747202,0.46674130074926262
openbci,loso_stroop,Stroop LOSO,complete_settings_39_posthoc,6,cbsf,CB-SF,4,2,2,1,1,1,1,0.5,0.5,0.5,0.5,0.5,0.5,0.25,0.33333333333333331,0.5,1.004579757685885,0.37328750010083595
openbci,loso_stroop,Stroop LOSO,complete_settings_39_posthoc,6,dasf_clean,DASF,4,2,2,1,1,1,1,0.5,0.5,0.5,0.5,0.5,0.5,0.25,0.33333333333333331,0.5,1.6370744874720213,0.46674130074926273
openbci,loso_stroop,Stroop LOSO,complete_settings_39_posthoc,6,eeg_conformer,EEG-Conformer,4,2,2,0,2,0,2,0.5,0.5,1,0,0.5,0.66666666666666663,0.75,0.79166666666666663,0.83333333333333326,1.4925247194868334,0.44946914355312001
openbci,loso_stroop,Stroop LOSO,complete_settings_39_posthoc,6,eegnet,EEGNet,4,2,2,0,2,0,2,0.5,0.5,1,0,0.5,0.66666666666666663,0.5,0.70833333333333326,0.75,1.2343165461321526,0.41624908352040324
openbci,loso_stroop,Stroop LOSO,complete_settings_39_posthoc,6,equal_blend_050,Equal blend (50%),4,2,2,1,1,1,1,0.5,0.5,0.5,0.5,0.5,0.5,0.25,0.33333333333333331,0.5,0.93518498727219013,0.35162535206037088
openbci,loso_stroop,Stroop LOSO,complete_settings_39_posthoc,6,extra_trees,Extra Trees,4,2,2,1,1,1,1,0.5,0.5,0.5,0.5,0.5,0.5,0.25,0.33333333333333331,0.5,0.79220680643312824,0.29276067442001397
openbci,loso_stroop,Stroop LOSO,complete_settings_39_posthoc,6,fixed_blend_010,Fixed blend (10%),4,2,2,1,1,1,1,0.5,0.5,0.5,0.5,0.5,0.5,0.25,0.33333333333333331,0.5,1.321785886034051,0.43883917006494783
openbci,loso_stroop,Stroop LOSO,complete_settings_39_posthoc,6,fixed_blend_025,Fixed blend (25%),4,2,2,1,1,1,1,0.5,0.5,0.5,0.5,0.5,0.5,0.25,0.33333333333333331,0.5,1.1155672847491969,0.40184166271977034
openbci,loso_stroop,Stroop LOSO,complete_settings_39_posthoc,6,rf,Random forest,4,2,2,0,2,0,2,0.5,0.5,1,0,0.5,0.66666666666666663,0.5,0.70833333333333326,0.75,0.88637609008518481,0.32969416136447155
openbci,loso_stroop,Stroop LOSO,complete_settings_39_posthoc,6,riemann_mdm,Riemannian MDM,4,2,2,0,2,0,2,0.5,0.5,1,0,0.5,0.66666666666666663,0.5,0.70833333333333326,0.75,2.1069383126624937,0.48962136877323287
openbci,loso_stroop,Stroop LOSO,complete_settings_39_posthoc,6,riemann_ts_logreg,Riemannian TS-LR,4,2,2,1,1,0,2,0.75,0.75,1,0.5,0.66666666666666663,0.80000000000000004,1,1,1,0.42743207471959327,0.1431665202054461
openbci,loso_stroop,Stroop LOSO,complete_settings_39_posthoc,6,stack_recording,OOF recording-level stacking,4,2,2,1,1,1,1,0.5,0.5,0.5,0.5,0.5,0.5,0.25,0.33333333333333331,0.5,0.86142800369208405,0.32389107960263347
openbci,loso_stroop,Stroop LOSO,complete_settings_39_posthoc,7,always_fuse,Always fused,4,2,2,2,0,2,0,0.5,0.5,0,1,,0,1,1,1,0.64873771240874178,0.23207077509912968
openbci,loso_stroop,Stroop LOSO,complete_settings_39_posthoc,7,always_nn,Always neural,4,2,2,2,0,2,0,0.5,0.5,0,1,,0,1,1,1,3.1480413893013028,0.49722857275398358
openbci,loso_stroop,Stroop LOSO,complete_settings_39_posthoc,7,cbsf,CB-SF,4,2,2,2,0,2,0,0.5,0.5,0,1,,0,1,1,1,2.8785906623058848,0.49595732953099436
openbci,loso_stroop,Stroop LOSO,complete_settings_39_posthoc,7,dasf_clean,DASF,4,2,2,2,0,2,0,0.5,0.5,0,1,,0,1,1,1,3.1480413893013184,0.4972285727539838
openbci,loso_stroop,Stroop LOSO,complete_settings_39_posthoc,7,eeg_conformer,EEG-Conformer,4,2,2,1,1,0,2,0.75,0.75,1,0.5,0.66666666666666663,0.80000000000000004,1,1,1,0.47384767244619369,0.16847828234922296
openbci,loso_stroop,Stroop LOSO,complete_settings_39_posthoc,7,eegnet,EEGNet,4,2,2,1,1,0,2,0.75,0.75,1,0.5,0.66666666666666663,0.80000000000000004,0.75,0.79166666666666663,0.83333333333333326,0.52007346052093151,0.17762404409090221
openbci,loso_stroop,Stroop LOSO,complete_settings_39_posthoc,7,equal_blend_050,Equal blend (50%),4,2,2,2,0,2,0,0.5,0.5,0,1,,0,1,1,1,0.85663769518072685,0.32143086886444211
openbci,loso_stroop,Stroop LOSO,complete_settings_39_posthoc,7,extra_trees,Extra Trees,4,2,2,2,0,2,0,0.5,0.5,0,1,,0,1,1,1,0.63559048447139233,0.23112228288532471
openbci,loso_stroop,Stroop LOSO,complete_settings_39_posthoc,7,fixed_blend_010,Fixed blend (10%),4,2,2,2,0,2,0,0.5,0.5,0,1,,0,1,1,1,1.4235569522032017,0.44107272947324394
openbci,loso_stroop,Stroop LOSO,complete_settings_39_posthoc,7,fixed_blend_025,Fixed blend (25%),4,2,2,2,0,2,0,0.5,0.5,0,1,,0,1,1,1,1.0985456721741924,0.38886649742155632
openbci,loso_stroop,Stroop LOSO,complete_settings_39_posthoc,7,rf,Random forest,4,2,2,2,0,2,0,0.5,0.5,0,1,,0,1,1,1,0.62741759929895768,0.22878045531174679
openbci,loso_stroop,Stroop LOSO,complete_settings_39_posthoc,7,riemann_mdm,Riemannian MDM,4,2,2,1,1,0,2,0.75,0.75,1,0.5,0.66666666666666663,0.80000000000000004,1,1,1,0.99297498248118632,0.25500286942612366
openbci,loso_stroop,Stroop LOSO,complete_settings_39_posthoc,7,riemann_ts_logreg,Riemannian TS-LR,4,2,2,2,0,2,0,0.5,0.5,0,1,,0,0.5,0.41666666666666663,0.58333333333333326,2.3071517412410412,0.50793171880512122
openbci,loso_stroop,Stroop LOSO,complete_settings_39_posthoc,7,stack_recording,OOF recording-level stacking,4,2,2,2,0,2,0,0.5,0.5,0,1,,0,1,1,1,0.89979225209859781,0.3362048705805315
openbci,loso_stroop,Stroop LOSO,complete_settings_39_posthoc,8,always_fuse,Always fused,4,2,2,1,1,0,2,0.75,0.75,1,0.5,0.66666666666666663,0.80000000000000004,1,1,1,0.60215843555851345,0.20494774160936491
openbci,loso_stroop,Stroop LOSO,complete_settings_39_posthoc,8,always_nn,Always neural,4,2,2,2,0,0,2,1,1,1,1,1,1,1,1,1,0.33330632316850284,0.095407088802177561
openbci,loso_stroop,Stroop LOSO,complete_settings_39_posthoc,8,cbsf,CB-SF,4,2,2,2,0,0,2,1,1,1,1,1,1,1,1,1,0.33582211532882555,0.095782983083301451
openbci,loso_stroop,Stroop LOSO,complete_settings_39_posthoc,8,dasf_clean,DASF,4,2,2,2,0,0,2,1,1,1,1,1,1,1,1,1,0.33330632316850267,0.095407088802177506
openbci,loso_stroop,Stroop LOSO,complete_settings_39_posthoc,8,eeg_conformer,EEG-Conformer,4,2,2,2,0,1,1,0.75,0.75,0.5,1,1,0.66666666666666663,0.75,0.79166666666666663,0.83333333333333326,0.6911531381250221,0.22085607943554661
openbci,loso_stroop,Stroop LOSO,complete_settings_39_posthoc,8,eegnet,EEGNet,4,2,2,2,0,0,2,1,1,1,1,1,1,1,1,1,0.50434736106720834,0.15764977804131408
openbci,loso_stroop,Stroop LOSO,complete_settings_39_posthoc,8,equal_blend_050,Equal blend (50%),4,2,2,2,0,0,2,1,1,1,1,1,1,1,1,1,0.48869176634083433,0.15128292790144396
openbci,loso_stroop,Stroop LOSO,complete_settings_39_posthoc,8,extra_trees,Extra Trees,4,2,2,2,0,2,0,0.5,0.5,0,1,,0,0.75,0.79166666666666663,0.83333333333333326,0.68476558595672166,0.24666685241642816
openbci,loso_stroop,Stroop LOSO,complete_settings_39_posthoc,8,fixed_blend_010,Fixed blend (10%),4,2,2,2,0,0,2,1,1,1,1,1,1,1,1,1,0.37902709491266123,0.10779345402194651
openbci,loso_stroop,Stroop LOSO,complete_settings_39_posthoc,8,fixed_blend_025,Fixed blend (25%),4,2,2,2,0,0,2,1,1,1,1,1,1,1,1,1,0.4254385046662178,0.12473922039538266
openbci,loso_stroop,Stroop LOSO,complete_settings_39_posthoc,8,rf,Random forest,4,2,2,2,0,2,0,0.5,0.5,0,1,,0,0,0.29166666666666663,0.41666666666666663,0.92783444349053745,0.34653232752346441
openbci,loso_stroop,Stroop LOSO,complete_settings_39_posthoc,8,riemann_mdm,Riemannian MDM,4,2,2,2,0,2,0,0.5,0.5,0,1,,0,0.75,0.79166666666666663,0.83333333333333326,0.9850866622845792,0.35814764496129403
openbci,loso_stroop,Stroop LOSO,complete_settings_39_posthoc,8,riemann_ts_logreg,Riemannian TS-LR,4,2,2,0,2,0,2,0.5,0.5,1,0,0.5,0.66666666666666663,0.75,0.79166666666666663,0.83333333333333326,0.82531560017142469,0.29795825682051397
openbci,loso_stroop,Stroop LOSO,complete_settings_39_posthoc,8,stack_recording,OOF recording-level stacking,4,2,2,1,1,0,2,0.75,0.75,1,0.5,0.66666666666666663,0.80000000000000004,1,1,1,0.47995172810918968,0.14938162604729338
openbci,loso_stroop,Stroop LOSO,complete_settings_39_posthoc,9,always_fuse,Always fused,4,2,2,1,1,0,2,0.75,0.75,1,0.5,0.66666666666666663,0.80000000000000004,1,1,1,0.5143104082797807,0.16818360178854713
openbci,loso_stroop,Stroop LOSO,complete_settings_39_posthoc,9,always_nn,Always neural,4,2,2,2,0,1,1,0.75,0.75,0.5,1,1,0.66666666666666663,0.75,0.79166666666666663,0.83333333333333326,0.41666174718252147,0.14331768854000276
openbci,loso_stroop,Stroop LOSO,complete_settings_39_posthoc,9,cbsf,CB-SF,4,2,2,1,1,1,1,0.5,0.5,0.5,0.5,0.5,0.5,0.75,0.79166666666666663,0.83333333333333326,0.45373720697491743,0.15813739595262202
openbci,loso_stroop,Stroop LOSO,complete_settings_39_posthoc,9,dasf_clean,DASF,4,2,2,2,0,1,1,0.75,0.75,0.5,1,1,0.66666666666666663,0.75,0.79166666666666663,0.83333333333333326,0.41666174718252036,0.14331768854000226
openbci,loso_stroop,Stroop LOSO,complete_settings_39_posthoc,9,eeg_conformer,EEG-Conformer,4,2,2,2,0,1,1,0.75,0.75,0.5,1,1,0.66666666666666663,1,1,1,0.37404545054233784,0.12008960923820233
openbci,loso_stroop,Stroop LOSO,complete_settings_39_posthoc,9,eegnet,EEGNet,4,2,2,2,0,1,1,0.75,0.75,0.5,1,1,0.66666666666666663,1,1,1,0.40672832862224928,0.13402911885452709
openbci,loso_stroop,Stroop LOSO,complete_settings_39_posthoc,9,equal_blend_050,Equal blend (50%),4,2,2,1,1,0,2,0.75,0.75,1,0.5,0.66666666666666663,0.80000000000000004,0.75,0.79166666666666663,0.83333333333333326,0.48459211248375617,0.16120187959347346
openbci,loso_stroop,Stroop LOSO,complete_settings_39_posthoc,9,extra_trees,Extra Trees,4,2,2,2,0,2,0,0.5,0.5,0,1,,0,1,1,1,0.62573943064658522,0.2329919175916888
openbci,loso_stroop,Stroop LOSO,complete_settings_39_posthoc,9,fixed_blend_010,Fixed blend (10%),4,2,2,1,1,1,1,0.5,0.5,0.5,0.5,0.5,0.5,0.75,0.79166666666666663,0.83333333333333326,0.45752431372825358,0.15872868939881712
openbci,loso_stroop,Stroop LOSO,complete_settings_39_posthoc,9,fixed_blend_025,Fixed blend (25%),4,2,2,1,1,1,1,0.5,0.5,0.5,0.5,0.5,0.5,0.75,0.79166666666666663,0.83333333333333326,0.46935646414651389,0.15963943043267451
openbci,loso_stroop,Stroop LOSO,complete_settings_39_posthoc,9,rf,Random forest,4,2,2,2,0,2,0,0.5,0.5,0,1,,0,1,1,1,0.71718041756350637,0.27506169341389286
openbci,loso_stroop,Stroop LOSO,complete_settings_39_posthoc,9,riemann_mdm,Riemannian MDM,4,2,2,2,0,2,0,0.5,0.5,0,1,,0,1,1,1,1.8249055195971962,0.4722760133207321
openbci,loso_stroop,Stroop LOSO,complete_settings_39_posthoc,9,riemann_ts_logreg,Riemannian TS-LR,4,2,2,0,2,0,2,0.5,0.5,1,0,0.5,0.66666666666666663,1,1,1,0.60237938360903087,0.20833872557294361
openbci,loso_stroop,Stroop LOSO,complete_settings_39_posthoc,9,stack_recording,OOF recording-level stacking,4,2,2,1,1,0,2,0.75,0.75,1,0.5,0.66666666666666663,0.80000000000000004,0.75,0.79166666666666663,0.83333333333333326,0.44676926829377062,0.15211575969584226
openbci,loso_stroop,Stroop LOSO,complete_settings_39_posthoc,10,always_fuse,Always fused,4,2,2,2,0,2,0,0.5,0.5,0,1,,0,1,1,1,0.6050659450110013,0.21075962450669083
openbci,loso_stroop,Stroop LOSO,complete_settings_39_posthoc,10,always_nn,Always neural,4,2,2,2,0,2,0,0.5,0.5,0,1,,0,1,1,1,2.5109765531292627,0.47748454182007688
openbci,loso_stroop,Stroop LOSO,complete_settings_39_posthoc,10,cbsf,CB-SF,4,2,2,2,0,2,0,0.5,0.5,0,1,,0,1,1,1,2.4199302907302447,0.47577344086298379
openbci,loso_stroop,Stroop LOSO,complete_settings_39_posthoc,10,dasf_clean,DASF,4,2,2,2,0,2,0,0.5,0.5,0,1,,0,1,1,1,2.5109765531293187,0.47748454182007727
openbci,loso_stroop,Stroop LOSO,complete_settings_39_posthoc,10,eeg_conformer,EEG-Conformer,4,2,2,2,0,2,0,0.5,0.5,0,1,,0,0.5,0.41666666666666663,0.58333333333333326,1.5271233101737662,0.45264456046253343
openbci,loso_stroop,Stroop LOSO,complete_settings_39_posthoc,10,eegnet,EEGNet,4,2,2,2,0,2,0,0.5,0.5,0,1,,0,0.5,0.41666666666666663,0.58333333333333326,1.1132210965848703,0.3660363363733391
openbci,loso_stroop,Stroop LOSO,complete_settings_39_posthoc,10,equal_blend_050,Equal blend (50%),4,2,2,2,0,2,0,0.5,0.5,0,1,,0,1,1,1,0.76752494961266804,0.28665377327900893
openbci,loso_stroop,Stroop LOSO,complete_settings_39_posthoc,10,extra_trees,Extra Trees,4,2,2,2,0,2,0,0.5,0.5,0,1,,0,0.75,0.79166666666666663,0.83333333333333326,0.631762882121642,0.22477190774830716
openbci,loso_stroop,Stroop LOSO,complete_settings_39_posthoc,10,fixed_blend_010,Fixed blend (10%),4,2,2,2,0,2,0,0.5,0.5,0,1,,0,1,1,1,1.2343676539638526,0.40430673960987173
openbci,loso_stroop,Stroop LOSO,complete_settings_39_posthoc,10,fixed_blend_025,Fixed blend (25%),4,2,2,2,0,2,0,0.5,0.5,0,1,,0,1,1,1,0.96627759179052997,0.35063271857141926
openbci,loso_stroop,Stroop LOSO,complete_settings_39_posthoc,10,rf,Random forest,4,2,2,2,0,2,0,0.5,0.5,0,1,,0,0.75,0.79166666666666663,0.83333333333333326,0.64705512954060607,0.23052728005511675
openbci,loso_stroop,Stroop LOSO,complete_settings_39_posthoc,10,riemann_mdm,Riemannian MDM,4,2,2,0,2,0,2,0.5,0.5,1,0,0.5,0.66666666666666663,1,1,1,0.67041293781595457,0.2640080190526265
openbci,loso_stroop,Stroop LOSO,complete_settings_39_posthoc,10,riemann_ts_logreg,Riemannian TS-LR,4,2,2,2,0,2,0,0.5,0.5,0,1,,0,0.5,0.70833333333333326,0.75,2.260156711496379,0.47707534251511896
openbci,loso_stroop,Stroop LOSO,complete_settings_39_posthoc,10,stack_recording,OOF recording-level stacking,4,2,2,2,0,2,0,0.5,0.5,0,1,,0,1,1,1,0.76675604337697334,0.28399161622353852
openbci,loso_stroop,Stroop LOSO,complete_settings_39_posthoc,11,always_fuse,Always fused,4,2,2,1,1,0,2,0.75,0.75,1,0.5,0.66666666666666663,0.80000000000000004,0.5,0.41666666666666663,0.58333333333333326,0.64821604166582891,0.2275851175598595
openbci,loso_stroop,Stroop LOSO,complete_settings_39_posthoc,11,always_nn,Always neural,4,2,2,1,1,0,2,0.75,0.75,1,0.5,0.66666666666666663,0.80000000000000004,1,1,1,0.47598084015983,0.15849207975563517
openbci,loso_stroop,Stroop LOSO,complete_settings_39_posthoc,11,cbsf,CB-SF,4,2,2,1,1,0,2,0.75,0.75,1,0.5,0.66666666666666663,0.80000000000000004,0.75,0.79166666666666663,0.83333333333333326,0.60842957901553496,0.20820432593815474
openbci,loso_stroop,Stroop LOSO,complete_settings_39_posthoc,11,dasf_clean,DASF,4,2,2,1,1,0,2,0.75,0.75,1,0.5,0.66666666666666663,0.80000000000000004,1,1,1,0.47598084015982955,0.15849207975563515
openbci,loso_stroop,Stroop LOSO,complete_settings_39_posthoc,11,eeg_conformer,EEG-Conformer,4,2,2,1,1,0,2,0.75,0.75,1,0.5,0.66666666666666663,0.80000000000000004,0.75,0.79166666666666663,0.83333333333333326,1.1670518793733575,0.2938574383479487
openbci,loso_stroop,Stroop LOSO,complete_settings_39_posthoc,11,eegnet,EEGNet,4,2,2,1,1,0,2,0.75,0.75,1,0.5,0.66666666666666663,0.80000000000000004,0.75,0.79166666666666663,0.83333333333333326,0.6063980301400923,0.20326640286629122
openbci,loso_stroop,Stroop LOSO,complete_settings_39_posthoc,11,equal_blend_050,Equal blend (50%),4,2,2,1,1,0,2,0.75,0.75,1,0.5,0.66666666666666663,0.80000000000000004,0.75,0.79166666666666663,0.83333333333333326,0.5956134462640672,0.20213727122936204
openbci,loso_stroop,Stroop LOSO,complete_settings_39_posthoc,11,extra_trees,Extra Trees,4,2,2,1,1,2,0,0.25,0.25,0,0.5,0,0,0.5,0.41666666666666663,0.58333333333333326,0.65993781981822575,0.23405038395646255
openbci,loso_stroop,Stroop LOSO,complete_settings_39_posthoc,11,fixed_blend_010,Fixed blend (10%),4,2,2,1,1,0,2,0.75,0.75,1,0.5,0.66666666666666663,0.80000000000000004,1,1,1,0.52700125542862464,0.17270426765604746
openbci,loso_stroop,Stroop LOSO,complete_settings_39_posthoc,11,fixed_blend_025,Fixed blend (25%),4,2,2,1,1,0,2,0.75,0.75,1,0.5,0.66666666666666663,0.80000000000000004,1,1,1,0.5597816593285202,0.18594842221570052
openbci,loso_stroop,Stroop LOSO,complete_settings_39_posthoc,11,rf,Random forest,4,2,2,1,1,1,1,0.5,0.5,0.5,0.5,0.5,0.5,0.5,0.41666666666666663,0.58333333333333326,0.63877485578318605,0.2240345712351596
openbci,loso_stroop,Stroop LOSO,complete_settings_39_posthoc,11,riemann_mdm,Riemannian MDM,4,2,2,0,2,0,2,0.5,0.5,1,0,0.5,0.66666666666666663,0.5,0.41666666666666663,0.58333333333333326,1.0315900457555478,0.33404132075704018
openbci,loso_stroop,Stroop LOSO,complete_settings_39_posthoc,11,riemann_ts_logreg,Riemannian TS-LR,4,2,2,1,1,1,1,0.5,0.5,0.5,0.5,0.5,0.5,0.5,0.41666666666666663,0.58333333333333326,0.68114431617920146,0.24495358809239728
openbci,loso_stroop,Stroop LOSO,complete_settings_39_posthoc,11,stack_recording,OOF recording-level stacking,4,2,2,1,1,0,2,0.75,0.75,1,0.5,0.66666666666666663,0.80000000000000004,1,1,1,0.58850689472133266,0.1991309684024038
openbci,loso_stroop,Stroop LOSO,complete_settings_39_posthoc,12,always_fuse,Always fused,4,2,2,0,2,0,2,0.5,0.5,1,0,0.5,0.66666666666666663,0.75,0.79166666666666663,0.83333333333333326,0.70544313556599936,0.25639472110915795
openbci,loso_stroop,Stroop LOSO,complete_settings_39_posthoc,12,always_nn,Always neural,4,2,2,0,2,0,2,0.5,0.5,1,0,0.5,0.66666666666666663,0.75,0.79166666666666663,0.83333333333333326,1.3642109181555802,0.43176813133399411
openbci,loso_stroop,Stroop LOSO,complete_settings_39_posthoc,12,cbsf,CB-SF,4,2,2,0,2,0,2,0.5,0.5,1,0,0.5,0.66666666666666663,0.75,0.79166666666666663,0.83333333333333326,1.1288944164534971,0.39111674793873397
openbci,loso_stroop,Stroop LOSO,complete_settings_39_posthoc,12,dasf_clean,DASF,4,2,2,0,2,0,2,0.5,0.5,1,0,0.5,0.66666666666666663,0.75,0.79166666666666663,0.83333333333333326,1.3642109181555828,0.43176813133399439
openbci,loso_stroop,Stroop LOSO,complete_settings_39_posthoc,12,eeg_conformer,EEG-Conformer,4,2,2,1,1,0,2,0.75,0.75,1,0.5,0.66666666666666663,0.80000000000000004,1,1,1,0.4257499908441561,0.14159296661368131
openbci,loso_stroop,Stroop LOSO,complete_settings_39_posthoc,12,eegnet,EEGNet,4,2,2,1,1,0,2,0.75,0.75,1,0.5,0.66666666666666663,0.80000000000000004,1,1,1,0.41139765214971924,0.13143850131250989
openbci,loso_stroop,Stroop LOSO,complete_settings_39_posthoc,12,equal_blend_050,Equal blend (50%),4,2,2,0,2,0,2,0.5,0.5,1,0,0.5,0.66666666666666663,0.75,0.79166666666666663,0.83333333333333326,0.79346729067464672,0.29451513715466299
openbci,loso_stroop,Stroop LOSO,complete_settings_39_posthoc,12,extra_trees,Extra Trees,4,2,2,1,1,0,2,0.75,0.75,1,0.5,0.66666666666666663,0.80000000000000004,1,1,1,0.59348050454354384,0.20103126414885197
openbci,loso_stroop,Stroop LOSO,complete_settings_39_posthoc,12,fixed_blend_010,Fixed blend (10%),4,2,2,0,2,0,2,0.5,0.5,1,0,0.5,0.66666666666666663,0.75,0.79166666666666663,0.83333333333333326,1.0276202334449425,0.36793070172855058
openbci,loso_stroop,Stroop LOSO,complete_settings_39_posthoc,12,fixed_blend_025,Fixed blend (25%),4,2,2,0,2,0,2,0.5,0.5,1,0,0.5,0.66666666666666663,0.75,0.79166666666666663,0.83333333333333326,0.89502787234444547,0.33047857785317664
openbci,loso_stroop,Stroop LOSO,complete_settings_39_posthoc,12,rf,Random forest,4,2,2,1,1,0,2,0.75,0.75,1,0.5,0.66666666666666663,0.80000000000000004,0.75,0.79166666666666663,0.83333333333333326,0.60744579698446943,0.20798255151013884
openbci,loso_stroop,Stroop LOSO,complete_settings_39_posthoc,12,riemann_mdm,Riemannian MDM,4,2,2,2,0,2,0,0.5,0.5,0,1,,0,0.75,0.79166666666666663,0.83333333333333326,1.2715035525285838,0.4197985343909772
openbci,loso_stroop,Stroop LOSO,complete_settings_39_posthoc,12,riemann_ts_logreg,Riemannian TS-LR,4,2,2,2,0,2,0,0.5,0.5,0,1,,0,0.5,0.41666666666666663,0.58333333333333326,0.61438031479066557,0.21633222196316645
openbci,loso_stroop,Stroop LOSO,complete_settings_39_posthoc,12,stack_recording,OOF recording-level stacking,4,2,2,0,2,0,2,0.5,0.5,1,0,0.5,0.66666666666666663,0.75,0.79166666666666663,0.83333333333333326,1.088921136799393,0.38588896011911078
openbci,loso_stroop,Stroop LOSO,complete_settings_39_posthoc,13,always_fuse,Always fused,4,2,2,1,1,1,1,0.5,0.5,0.5,0.5,0.5,0.5,0.5,0.41666666666666663,0.58333333333333326,0.62165267934636304,0.21673944854276034
openbci,loso_stroop,Stroop LOSO,complete_settings_39_posthoc,13,always_nn,Always neural,4,2,2,2,0,2,0,0.5,0.5,0,1,,0,0.5,0.41666666666666663,0.58333333333333326,0.90058184607438863,0.34457699301274347
openbci,loso_stroop,Stroop LOSO,complete_settings_39_posthoc,13,cbsf,CB-SF,4,2,2,2,0,2,0,0.5,0.5,0,1,,0,0.5,0.41666666666666663,0.58333333333333326,0.64952201920946828,0.23534613788507525
openbci,loso_stroop,Stroop LOSO,complete_settings_39_posthoc,13,dasf_clean,DASF,4,2,2,2,0,2,0,0.5,0.5,0,1,,0,0.5,0.41666666666666663,0.58333333333333326,0.90058184607438907,0.34457699301274364
openbci,loso_stroop,Stroop LOSO,complete_settings_39_posthoc,13,eeg_conformer,EEG-Conformer,4,2,2,2,0,2,0,0.5,0.5,0,1,,0,0.75,0.79166666666666663,0.83333333333333326,1.6023515394440191,0.45252761604233382
openbci,loso_stroop,Stroop LOSO,complete_settings_39_posthoc,13,eegnet,EEGNet,4,2,2,2,0,2,0,0.5,0.5,0,1,,0,0.75,0.79166666666666663,0.83333333333333326,0.78164926472477259,0.2923958259271886
openbci,loso_stroop,Stroop LOSO,complete_settings_39_posthoc,13,equal_blend_050,Equal blend (50%),4,2,2,2,0,2,0,0.5,0.5,0,1,,0,0.5,0.41666666666666663,0.58333333333333326,0.65770325583276534,0.24026367211889654
openbci,loso_stroop,Stroop LOSO,complete_settings_39_posthoc,13,extra_trees,Extra Trees,4,2,2,2,0,2,0,0.5,0.5,0,1,,0,0.5,0.41666666666666663,0.58333333333333326,0.71731449384363466,0.26567543343293559
openbci,loso_stroop,Stroop LOSO,complete_settings_39_posthoc,13,fixed_blend_010,Fixed blend (10%),4,2,2,2,0,2,0,0.5,0.5,0,1,,0,0.5,0.41666666666666663,0.58333333333333326,0.77220125776018667,0.29711729888376248
openbci,loso_stroop,Stroop LOSO,complete_settings_39_posthoc,13,fixed_blend_025,Fixed blend (25%),4,2,2,2,0,2,0,0.5,0.5,0,1,,0,0.5,0.41666666666666663,0.58333333333333326,0.70752918158302491,0.26731071500676662
openbci,loso_stroop,Stroop LOSO,complete_settings_39_posthoc,13,rf,Random forest,4,2,2,2,0,2,0,0.5,0.5,0,1,,0,0.25,0.33333333333333331,0.5,0.7569338469770831,0.27987337699461762
openbci,loso_stroop,Stroop LOSO,complete_settings_39_posthoc,13,riemann_mdm,Riemannian MDM,4,2,2,2,0,2,0,0.5,0.5,0,1,,0,0.25,0.33333333333333331,0.5,2.4711230971052291,0.48911618761489151
openbci,loso_stroop,Stroop LOSO,complete_settings_39_posthoc,13,riemann_ts_logreg,Riemannian TS-LR,4,2,2,2,0,1,1,0.75,0.75,0.5,1,1,0.66666666666666663,1,1,1,0.52050173322664617,0.1740816547507528
openbci,loso_stroop,Stroop LOSO,complete_settings_39_posthoc,13,stack_recording,OOF recording-level stacking,4,2,2,1,1,0,2,0.75,0.75,1,0.5,0.66666666666666663,0.80000000000000004,0.5,0.41666666666666663,0.58333333333333326,0.58137484017755658,0.20281324554108063
openbci,cross_task_arithmetic_to_stroop,Arithmetic to Stroop,direction_specific_26_posthoc,1,always_fuse,Always fused,3,1,2,0,1,1,1,0.33333333333333331,0.25,0.5,0,0.5,0.5,0.5,0.79166666666666663,0.83333333333333326,0.68414933039536052,0.24645298709699595
openbci,cross_task_arithmetic_to_stroop,Arithmetic to Stroop,direction_specific_26_posthoc,1,always_nn,Always neural,3,1,2,0,1,1,1,0.33333333333333331,0.25,0.5,0,0.5,0.5,0.5,0.79166666666666663,0.83333333333333326,1.8007437580856998,0.57176461514785049
openbci,cross_task_arithmetic_to_stroop,Arithmetic to Stroop,direction_specific_26_posthoc,1,cbsf,CB-SF,3,1,2,0,1,1,1,0.33333333333333331,0.25,0.5,0,0.5,0.5,0.5,0.79166666666666663,0.83333333333333326,0.69126746730102828,0.25105653044203174
openbci,cross_task_arithmetic_to_stroop,Arithmetic to Stroop,direction_specific_26_posthoc,1,dasf_clean,DASF,3,1,2,0,1,1,1,0.33333333333333331,0.25,0.5,0,0.5,0.5,0.5,0.79166666666666663,0.83333333333333326,1.8007437580856955,0.57176461514784993
openbci,cross_task_arithmetic_to_stroop,Arithmetic to Stroop,direction_specific_26_posthoc,1,eeg_conformer,EEG-Conformer,3,1,2,0,1,0,2,0.66666666666666663,0.5,1,0,0.66666666666666663,0.80000000000000004,0.5,0.79166666666666663,0.83333333333333326,0.98967894983308347,0.29988614832628857
openbci,cross_task_arithmetic_to_stroop,Arithmetic to Stroop,direction_specific_26_posthoc,1,eegnet,EEGNet,3,1,2,0,1,0,2,0.66666666666666663,0.5,1,0,0.66666666666666663,0.80000000000000004,1,1,1,0.54639619663094907,0.18719927531553437
openbci,cross_task_arithmetic_to_stroop,Arithmetic to Stroop,direction_specific_26_posthoc,1,equal_blend_050,Equal blend (50%),3,1,2,0,1,1,1,0.33333333333333331,0.25,0.5,0,0.5,0.5,0.5,0.79166666666666663,0.83333333333333326,0.71053651183242106,0.26301067215418389
openbci,cross_task_arithmetic_to_stroop,Arithmetic to Stroop,direction_specific_26_posthoc,1,extra_trees,Extra Trees,3,1,2,0,1,0,2,0.66666666666666663,0.5,1,0,0.66666666666666663,0.80000000000000004,0.5,0.79166666666666663,0.83333333333333326,0.62004460890922142,0.22055184489600996
openbci,cross_task_arithmetic_to_stroop,Arithmetic to Stroop,direction_specific_26_posthoc,1,fixed_blend_010,Fixed blend (10%),3,1,2,0,1,1,1,0.33333333333333331,0.25,0.5,0,0.5,0.5,0.5,0.79166666666666663,0.83333333333333326,0.81560817863471724,0.32031905608208733
openbci,cross_task_arithmetic_to_stroop,Arithmetic to Stroop,direction_specific_26_posthoc,1,fixed_blend_025,Fixed blend (25%),3,1,2,0,1,1,1,0.33333333333333331,0.25,0.5,0,0.5,0.5,0.5,0.79166666666666663,0.83333333333333326,0.75066830022534148,0.28632046957004575
openbci,cross_task_arithmetic_to_stroop,Arithmetic to Stroop,direction_specific_26_posthoc,1,rf,Random forest,3,1,2,0,1,0,2,0.66666666666666663,0.5,1,0,0.66666666666666663,0.80000000000000004,0.5,0.79166666666666663,0.83333333333333326,0.63395450432491007,0.22323661535328598
openbci,cross_task_arithmetic_to_stroop,Arithmetic to Stroop,direction_specific_26_posthoc,1,riemann_mdm,Riemannian MDM,3,1,2,0,1,0,2,0.66666666666666663,0.5,1,0,0.66666666666666663,0.80000000000000004,0.5,0.79166666666666663,0.83333333333333326,0.72058072539333728,0.25528830793135043
openbci,cross_task_arithmetic_to_stroop,Arithmetic to Stroop,direction_specific_26_posthoc,1,riemann_ts_logreg,Riemannian TS-LR,3,1,2,0,1,0,2,0.66666666666666663,0.5,1,0,0.66666666666666663,0.80000000000000004,0.5,0.79166666666666663,0.83333333333333326,1.2444724603737904,0.32484013123158689
openbci,cross_task_arithmetic_to_stroop,Arithmetic to Stroop,direction_specific_26_posthoc,1,stack_recording,OOF recording-level stacking,3,1,2,1,0,1,1,0.66666666666666663,0.75,0.5,1,1,0.66666666666666663,0.5,0.79166666666666663,0.83333333333333326,1.5074819086253266,0.35508118304772912
openbci,cross_task_arithmetic_to_stroop,Arithmetic to Stroop,direction_specific_26_posthoc,2,always_fuse,Always fused,3,1,2,0,1,0,2,0.66666666666666663,0.5,1,0,0.66666666666666663,0.80000000000000004,1,1,1,0.64875326920699661,0.22794108782248459
openbci,cross_task_arithmetic_to_stroop,Arithmetic to Stroop,direction_specific_26_posthoc,2,always_nn,Always neural,3,1,2,0,1,0,2,0.66666666666666663,0.5,1,0,0.66666666666666663,0.80000000000000004,1,1,1,0.79958088848088638,0.27095262379957202
openbci,cross_task_arithmetic_to_stroop,Arithmetic to Stroop,direction_specific_26_posthoc,2,cbsf,CB-SF,3,1,2,0,1,0,2,0.66666666666666663,0.5,1,0,0.66666666666666663,0.80000000000000004,1,1,1,0.61917568148720215,0.21383017894683279
openbci,cross_task_arithmetic_to_stroop,Arithmetic to Stroop,direction_specific_26_posthoc,2,dasf_clean,DASF,3,1,2,0,1,0,2,0.66666666666666663,0.5,1,0,0.66666666666666663,0.80000000000000004,1,1,1,0.64875326920699661,0.22794108782248459
openbci,cross_task_arithmetic_to_stroop,Arithmetic to Stroop,direction_specific_26_posthoc,2,eeg_conformer,EEG-Conformer,3,1,2,1,0,2,0,0.33333333333333331,0.5,0,1,,0,1,1,1,1.2024246198330311,0.45472333416067218
openbci,cross_task_arithmetic_to_stroop,Arithmetic to Stroop,direction_specific_26_posthoc,2,eegnet,EEGNet,3,1,2,0,1,0,2,0.66666666666666663,0.5,1,0,0.66666666666666663,0.80000000000000004,0,0.41666666666666663,0.58333333333333326,2.8221136502483222,0.33319476935378695
openbci,cross_task_arithmetic_to_stroop,Arithmetic to Stroop,direction_specific_26_posthoc,2,equal_blend_050,Equal blend (50%),3,1,2,0,1,0,2,0.66666666666666663,0.5,1,0,0.66666666666666663,0.80000000000000004,1,1,1,0.59185267527616447,0.20271507981156553
openbci,cross_task_arithmetic_to_stroop,Arithmetic to Stroop,direction_specific_26_posthoc,2,extra_trees,Extra Trees,3,1,2,1,0,1,1,0.66666666666666663,0.75,0.5,1,1,0.66666666666666663,1,1,1,0.64880733866660423,0.22790806195722904
openbci,cross_task_arithmetic_to_stroop,Arithmetic to Stroop,direction_specific_26_posthoc,2,fixed_blend_010,Fixed blend (10%),3,1,2,0,1,0,2,0.66666666666666663,0.5,1,0,0.66666666666666663,0.80000000000000004,1,1,1,0.63049833306417946,0.22408963874950152
openbci,cross_task_arithmetic_to_stroop,Arithmetic to Stroop,direction_specific_26_posthoc,2,fixed_blend_025,Fixed blend (25%),3,1,2,0,1,0,2,0.66666666666666663,0.5,1,0,0.66666666666666663,0.80000000000000004,1,1,1,0.5935813494313269,0.20686295467202606
openbci,cross_task_arithmetic_to_stroop,Arithmetic to Stroop,direction_specific_26_posthoc,2,rf,Random forest,3,1,2,1,0,1,1,0.66666666666666663,0.75,0.5,1,1,0.66666666666666663,0.5,0.79166666666666663,0.83333333333333326,0.68253783663803047,0.24470091837050481
openbci,cross_task_arithmetic_to_stroop,Arithmetic to Stroop,direction_specific_26_posthoc,2,riemann_mdm,Riemannian MDM,3,1,2,0,1,0,2,0.66666666666666663,0.5,1,0,0.66666666666666663,0.80000000000000004,0.5,0.79166666666666663,0.83333333333333326,0.65115353189992109,0.22867026637123264
openbci,cross_task_arithmetic_to_stroop,Arithmetic to Stroop,direction_specific_26_posthoc,2,riemann_ts_logreg,Riemannian TS-LR,3,1,2,0,1,0,2,0.66666666666666663,0.5,1,0,0.66666666666666663,0.80000000000000004,0.5,0.79166666666666663,0.83333333333333326,2.607299971041809,0.33306724100365742
openbci,cross_task_arithmetic_to_stroop,Arithmetic to Stroop,direction_specific_26_posthoc,2,stack_recording,OOF recording-level stacking,3,1,2,0,1,0,2,0.66666666666666663,0.5,1,0,0.66666666666666663,0.80000000000000004,0.5,0.79166666666666663,0.83333333333333326,0.65913208205650131,0.2330871969887657
openbci,cross_task_arithmetic_to_stroop,Arithmetic to Stroop,direction_specific_26_posthoc,3,always_fuse,Always fused,3,1,2,1,0,2,0,0.33333333333333331,0.5,0,1,,0,1,1,1,0.67229267351313216,0.24085344592895486
openbci,cross_task_arithmetic_to_stroop,Arithmetic to Stroop,direction_specific_26_posthoc,3,always_nn,Always neural,3,1,2,1,0,0,2,1,1,1,1,1,1,1,1,1,0.35400836269871278,0.10582199840220247
openbci,cross_task_arithmetic_to_stroop,Arithmetic to Stroop,direction_specific_26_posthoc,3,cbsf,CB-SF,3,1,2,1,0,1,1,0.66666666666666663,0.75,0.5,1,1,0.66666666666666663,1,1,1,0.61735332084490857,0.21529854139339674
openbci,cross_task_arithmetic_to_stroop,Arithmetic to Stroop,direction_specific_26_posthoc,3,dasf_clean,DASF,3,1,2,1,0,2,0,0.33333333333333331,0.5,0,1,,0,1,1,1,0.67229267351313216,0.24085344592895486
openbci,cross_task_arithmetic_to_stroop,Arithmetic to Stroop,direction_specific_26_posthoc,3,eeg_conformer,EEG-Conformer,3,1,2,1,0,1,1,0.66666666666666663,0.75,0.5,1,1,0.66666666666666663,1,1,1,0.45925356911440546,0.15116989446450171
openbci,cross_task_arithmetic_to_stroop,Arithmetic to Stroop,direction_specific_26_posthoc,3,eegnet,EEGNet,3,1,2,0,1,0,2,0.66666666666666663,0.5,1,0,0.66666666666666663,0.80000000000000004,1,1,1,0.60800711659893414,0.21112305511207749
openbci,cross_task_arithmetic_to_stroop,Arithmetic to Stroop,direction_specific_26_posthoc,3,equal_blend_050,Equal blend (50%),3,1,2,1,0,1,1,0.66666666666666663,0.75,0.5,1,1,0.66666666666666663,1,1,1,0.5374151655307261,0.17977128941254883
openbci,cross_task_arithmetic_to_stroop,Arithmetic to Stroop,direction_specific_26_posthoc,3,extra_trees,Extra Trees,3,1,2,1,0,0,2,1,1,1,1,1,1,1,1,1,0.40517022572711503,0.11416589129646158
openbci,cross_task_arithmetic_to_stroop,Arithmetic to Stroop,direction_specific_26_posthoc,3,fixed_blend_010,Fixed blend (10%),3,1,2,1,0,1,1,0.66666666666666663,0.75,0.5,1,1,0.66666666666666663,1,1,1,0.41181058862537312,0.12837118412449114
openbci,cross_task_arithmetic_to_stroop,Arithmetic to Stroop,direction_specific_26_posthoc,3,fixed_blend_025,Fixed blend (25%),3,1,2,1,0,1,1,0.66666666666666663,0.75,0.5,1,1,0.66666666666666663,1,1,1,0.46563564516282047,0.14982701386272149
openbci,cross_task_arithmetic_to_stroop,Arithmetic to Stroop,direction_specific_26_posthoc,3,rf,Random forest,3,1,2,1,0,0,2,1,1,1,1,1,1,1,1,1,0.31349828974999633,0.078103096382197715
openbci,cross_task_arithmetic_to_stroop,Arithmetic to Stroop,direction_specific_26_posthoc,3,riemann_mdm,Riemannian MDM,3,1,2,1,0,0,2,1,1,1,1,1,1,1,1,1,0.61914592170764593,0.21336057596698269
openbci,cross_task_arithmetic_to_stroop,Arithmetic to Stroop,direction_specific_26_posthoc,3,riemann_ts_logreg,Riemannian TS-LR,3,1,2,1,0,1,1,0.66666666666666663,0.75,0.5,1,1,0.66666666666666663,1,1,1,1.3523150705158666,0.34647833813759427
openbci,cross_task_arithmetic_to_stroop,Arithmetic to Stroop,direction_specific_26_posthoc,3,stack_recording,OOF recording-level stacking,3,1,2,1,0,2,0,0.33333333333333331,0.5,0,1,,0,0,0.41666666666666663,0.58333333333333326,0.80916722685388487,0.30691897493321679
openbci,cross_task_arithmetic_to_stroop,Arithmetic to Stroop,direction_specific_26_posthoc,4,always_fuse,Always fused,3,1,2,0,1,0,2,0.66666666666666663,0.5,1,0,0.66666666666666663,0.80000000000000004,0.5,0.79166666666666663,0.83333333333333326,2.3849662324160525,0.33281257060866581
openbci,cross_task_arithmetic_to_stroop,Arithmetic to Stroop,direction_specific_26_posthoc,4,always_nn,Always neural,3,1,2,0,1,0,2,0.66666666666666663,0.5,1,0,0.66666666666666663,0.80000000000000004,0.5,0.79166666666666663,0.83333333333333326,3.8005786492381408,0.33332588260686646
openbci,cross_task_arithmetic_to_stroop,Arithmetic to Stroop,direction_specific_26_posthoc,4,cbsf,CB-SF,3,1,2,0,1,0,2,0.66666666666666663,0.5,1,0,0.66666666666666663,0.80000000000000004,0.5,0.79166666666666663,0.83333333333333326,2.4646279594905613,0.33292328262191145
openbci,cross_task_arithmetic_to_stroop,Arithmetic to Stroop,direction_specific_26_posthoc,4,dasf_clean,DASF,3,1,2,0,1,0,2,0.66666666666666663,0.5,1,0,0.66666666666666663,0.80000000000000004,0.5,0.79166666666666663,0.83333333333333326,2.3849662324160525,0.33281257060866581
openbci,cross_task_arithmetic_to_stroop,Arithmetic to Stroop,direction_specific_26_posthoc,4,eeg_conformer,EEG-Conformer,3,1,2,0,1,0,2,0.66666666666666663,0.5,1,0,0.66666666666666663,0.80000000000000004,1,1,1,2.0072730351735113,0.33171604468939703
openbci,cross_task_arithmetic_to_stroop,Arithmetic to Stroop,direction_specific_26_posthoc,4,eegnet,EEGNet,3,1,2,0,1,0,2,0.66666666666666663,0.5,1,0,0.66666666666666663,0.80000000000000004,1,1,1,2.6559838715218769,0.33310244603641587
openbci,cross_task_arithmetic_to_stroop,Arithmetic to Stroop,direction_specific_26_posthoc,4,equal_blend_050,Equal blend (50%),3,1,2,0,1,0,2,0.66666666666666663,0.5,1,0,0.66666666666666663,0.80000000000000004,0.5,0.79166666666666663,0.83333333333333326,2.6122971765679708,0.33307004912147031
openbci,cross_task_arithmetic_to_stroop,Arithmetic to Stroop,direction_specific_26_posthoc,4,extra_trees,Extra Trees,3,1,2,0,1,0,2,0.66666666666666663,0.5,1,0,0.66666666666666663,0.80000000000000004,1,1,1,2.1976055627712276,0.3324198544257404
openbci,cross_task_arithmetic_to_stroop,Arithmetic to Stroop,direction_specific_26_posthoc,4,fixed_blend_010,Fixed blend (10%),3,1,2,0,1,0,2,0.66666666666666663,0.5,1,0,0.66666666666666663,0.80000000000000004,0.5,0.79166666666666663,0.83333333333333326,3.0678896052316129,0.33326621905900317
openbci,cross_task_arithmetic_to_stroop,Arithmetic to Stroop,direction_specific_26_posthoc,4,fixed_blend_025,Fixed blend (25%),3,1,2,0,1,0,2,0.66666666666666663,0.5,1,0,0.66666666666666663,0.80000000000000004,0.5,0.79166666666666663,0.83333333333333326,2.8168511002631522,0.3331908057054902
openbci,cross_task_arithmetic_to_stroop,Arithmetic to Stroop,direction_specific_26_posthoc,4,rf,Random forest,3,1,2,0,1,0,2,0.66666666666666663,0.5,1,0,0.66666666666666663,0.80000000000000004,0.5,0.79166666666666663,0.83333333333333326,2.9116502495455734,0.3332298239007106
openbci,cross_task_arithmetic_to_stroop,Arithmetic to Stroop,direction_specific_26_posthoc,4,riemann_mdm,Riemannian MDM,3,1,2,0,1,0,2,0.66666666666666663,0.5,1,0,0.66666666666666663,0.80000000000000004,1,1,1,1.7028958087672346,0.32930928550040217
openbci,cross_task_arithmetic_to_stroop,Arithmetic to Stroop,direction_specific_26_posthoc,4,riemann_ts_logreg,Riemannian TS-LR,3,1,2,0,1,0,2,0.66666666666666663,0.5,1,0,0.66666666666666663,0.80000000000000004,0,0.41666666666666663,0.58333333333333326,1.174620573952966,0.32272256595095516
openbci,cross_task_arithmetic_to_stroop,Arithmetic to Stroop,direction_specific_26_posthoc,4,stack_recording,OOF recording-level stacking,3,1,2,0,1,0,2,0.66666666666666663,0.5,1,0,0.66666666666666663,0.80000000000000004,0.5,0.79166666666666663,0.83333333333333326,0.85426225745054263,0.29272717776394436
openbci,cross_task_arithmetic_to_stroop,Arithmetic to Stroop,direction_specific_26_posthoc,5,always_fuse,Always fused,3,1,2,1,0,0,2,1,1,1,1,1,1,1,1,1,0.6096842411696286,0.20837851902072671
openbci,cross_task_arithmetic_to_stroop,Arithmetic to Stroop,direction_specific_26_posthoc,5,always_nn,Always neural,3,1,2,0,1,0,2,0.66666666666666663,0.5,1,0,0.66666666666666663,0.80000000000000004,0,0.41666666666666663,0.58333333333333326,1.7556815316400816,0.37585130192819327
openbci,cross_task_arithmetic_to_stroop,Arithmetic to Stroop,direction_specific_26_posthoc,5,cbsf,CB-SF,3,1,2,0,1,0,2,0.66666666666666663,0.5,1,0,0.66666666666666663,0.80000000000000004,1,1,1,0.65740364032974008,0.23221046935149467
openbci,cross_task_arithmetic_to_stroop,Arithmetic to Stroop,direction_specific_26_posthoc,5,dasf_clean,DASF,3,1,2,0,1,0,2,0.66666666666666663,0.5,1,0,0.66666666666666663,0.80000000000000004,0,0.41666666666666663,0.58333333333333326,1.7556815316400813,0.37585130192819322
openbci,cross_task_arithmetic_to_stroop,Arithmetic to Stroop,direction_specific_26_posthoc,5,eeg_conformer,EEG-Conformer,3,1,2,0,1,0,2,0.66666666666666663,0.5,1,0,0.66666666666666663,0.80000000000000004,0.5,0.79166666666666663,0.83333333333333326,0.66723998341002566,0.23468424174616084
openbci,cross_task_arithmetic_to_stroop,Arithmetic to Stroop,direction_specific_26_posthoc,5,eegnet,EEGNet,3,1,2,0,1,0,2,0.66666666666666663,0.5,1,0,0.66666666666666663,0.80000000000000004,0.5,0.79166666666666663,0.83333333333333326,0.66985967995274454,0.23838083006516322
openbci,cross_task_arithmetic_to_stroop,Arithmetic to Stroop,direction_specific_26_posthoc,5,equal_blend_050,Equal blend (50%),3,1,2,0,1,0,2,0.66666666666666663,0.5,1,0,0.66666666666666663,0.80000000000000004,0,0.41666666666666663,0.58333333333333326,0.75647042282635202,0.27739071029363316
openbci,cross_task_arithmetic_to_stroop,Arithmetic to Stroop,direction_specific_26_posthoc,5,extra_trees,Extra Trees,3,1,2,0,1,0,2,0.66666666666666663,0.5,1,0,0.66666666666666663,0.80000000000000004,0,0.41666666666666663,0.58333333333333326,0.98906465751664385,0.33944096791497819
openbci,cross_task_arithmetic_to_stroop,Arithmetic to Stroop,direction_specific_26_posthoc,5,fixed_blend_010,Fixed blend (10%),3,1,2,0,1,0,2,0.66666666666666663,0.5,1,0,0.66666666666666663,0.80000000000000004,0,0.41666666666666663,0.58333333333333326,1.0817532663627589,0.35547975269434473
openbci,cross_task_arithmetic_to_stroop,Arithmetic to Stroop,direction_specific_26_posthoc,5,fixed_blend_025,Fixed blend (25%),3,1,2,0,1,0,2,0.66666666666666663,0.5,1,0,0.66666666666666663,0.80000000000000004,0,0.41666666666666663,0.58333333333333326,0.89988319071317247,0.32391560767434008
openbci,cross_task_arithmetic_to_stroop,Arithmetic to Stroop,direction_specific_26_posthoc,5,rf,Random forest,3,1,2,0,1,1,1,0.33333333333333331,0.25,0.5,0,0.5,0.5,0,0.41666666666666663,0.58333333333333326,1.2636137110266505,0.40725515985187383
openbci,cross_task_arithmetic_to_stroop,Arithmetic to Stroop,direction_specific_26_posthoc,5,riemann_mdm,Riemannian MDM,3,1,2,0,1,0,2,0.66666666666666663,0.5,1,0,0.66666666666666663,0.80000000000000004,1,1,1,0.6341225020272957,0.22339354425529825
openbci,cross_task_arithmetic_to_stroop,Arithmetic to Stroop,direction_specific_26_posthoc,5,riemann_ts_logreg,Riemannian TS-LR,3,1,2,0,1,0,2,0.66666666666666663,0.5,1,0,0.66666666666666663,0.80000000000000004,0.5,0.79166666666666663,0.83333333333333326,0.86807135092089138,0.28755835301539945
openbci,cross_task_arithmetic_to_stroop,Arithmetic to Stroop,direction_specific_26_posthoc,5,stack_recording,OOF recording-level stacking,3,1,2,1,0,0,2,1,1,1,1,1,1,1,1,1,0.37446415475990064,0.098334458321500937
openbci,cross_task_arithmetic_to_stroop,Arithmetic to Stroop,direction_specific_26_posthoc,6,always_fuse,Always fused,3,1,2,0,1,0,2,0.66666666666666663,0.5,1,0,0.66666666666666663,0.80000000000000004,0,0.41666666666666663,0.58333333333333326,0.69702203995906975,0.25117064628012986
openbci,cross_task_arithmetic_to_stroop,Arithmetic to Stroop,direction_specific_26_posthoc,6,always_nn,Always neural,3,1,2,1,0,1,1,0.66666666666666663,0.75,0.5,1,1,0.66666666666666663,1,1,1,0.49647771611913621,0.15776506605258256
openbci,cross_task_arithmetic_to_stroop,Arithmetic to Stroop,direction_specific_26_posthoc,6,cbsf,CB-SF,3,1,2,0,1,0,2,0.66666666666666663,0.5,1,0,0.66666666666666663,0.80000000000000004,0.5,0.79166666666666663,0.83333333333333326,0.6616801138274383,0.23442673741627032
openbci,cross_task_arithmetic_to_stroop,Arithmetic to Stroop,direction_specific_26_posthoc,6,dasf_clean,DASF,3,1,2,1,0,1,1,0.66666666666666663,0.75,0.5,1,1,0.66666666666666663,1,1,1,0.4964777161191361,0.15776506605258253
openbci,cross_task_arithmetic_to_stroop,Arithmetic to Stroop,direction_specific_26_posthoc,6,eeg_conformer,EEG-Conformer,3,1,2,0,1,0,2,0.66666666666666663,0.5,1,0,0.66666666666666663,0.80000000000000004,1,1,1,0.4578345414424137,0.17214104424018858
openbci,cross_task_arithmetic_to_stroop,Arithmetic to Stroop,direction_specific_26_posthoc,6,eegnet,EEGNet,3,1,2,1,0,1,1,0.66666666666666663,0.75,0.5,1,1,0.66666666666666663,0.5,0.79166666666666663,0.83333333333333326,0.68968327727091816,0.24826814226236937
openbci,cross_task_arithmetic_to_stroop,Arithmetic to Stroop,direction_specific_26_posthoc,6,equal_blend_050,Equal blend (50%),3,1,2,1,0,0,2,1,1,1,1,1,1,1,1,1,0.61404057921603006,0.21111100432982732
openbci,cross_task_arithmetic_to_stroop,Arithmetic to Stroop,direction_specific_26_posthoc,6,extra_trees,Extra Trees,3,1,2,1,0,1,1,0.66666666666666663,0.75,0.5,1,1,0.66666666666666663,0.5,0.79166666666666663,0.83333333333333326,0.63158697957275445,0.22004898938243247
openbci,cross_task_arithmetic_to_stroop,Arithmetic to Stroop,direction_specific_26_posthoc,6,fixed_blend_010,Fixed blend (10%),3,1,2,1,0,1,1,0.66666666666666663,0.75,0.5,1,1,0.66666666666666663,1,1,1,0.53728535837569968,0.17514806565721205
openbci,cross_task_arithmetic_to_stroop,Arithmetic to Stroop,direction_specific_26_posthoc,6,fixed_blend_025,Fixed blend (25%),3,1,2,1,0,1,1,0.66666666666666663,0.75,0.5,1,1,0.66666666666666663,1,1,1,0.57170917559833623,0.19080901561748109
openbci,cross_task_arithmetic_to_stroop,Arithmetic to Stroop,direction_specific_26_posthoc,6,rf,Random forest,3,1,2,1,0,1,1,0.66666666666666663,0.75,0.5,1,1,0.66666666666666663,0.5,0.79166666666666663,0.83333333333333326,0.60913615513540986,0.20928750765101534
openbci,cross_task_arithmetic_to_stroop,Arithmetic to Stroop,direction_specific_26_posthoc,6,riemann_mdm,Riemannian MDM,3,1,2,0,1,1,1,0.33333333333333331,0.25,0.5,0,0.5,0.5,0.5,0.79166666666666663,0.83333333333333326,1.242767550877756,0.42651171170872076
openbci,cross_task_arithmetic_to_stroop,Arithmetic to Stroop,direction_specific_26_posthoc,6,riemann_ts_logreg,Riemannian TS-LR,3,1,2,0,1,1,1,0.33333333333333331,0.25,0.5,0,0.5,0.5,0.5,0.79166666666666663,0.83333333333333326,4.3435434913514017,0.65864799769943694
openbci,cross_task_arithmetic_to_stroop,Arithmetic to Stroop,direction_specific_26_posthoc,6,stack_recording,OOF recording-level stacking,3,1,2,0,1,0,2,0.66666666666666663,0.5,1,0,0.66666666666666663,0.80000000000000004,0,0.41666666666666663,0.58333333333333326,0.77267558900309241,0.28030651485441177
openbci,cross_task_arithmetic_to_stroop,Arithmetic to Stroop,direction_specific_26_posthoc,7,always_fuse,Always fused,3,1,2,1,0,0,2,1,1,1,1,1,1,1,1,1,0.67323845963116957,0.24004860393672758
openbci,cross_task_arithmetic_to_stroop,Arithmetic to Stroop,direction_specific_26_posthoc,7,always_nn,Always neural,3,1,2,0,1,0,2,0.66666666666666663,0.5,1,0,0.66666666666666663,0.80000000000000004,1,1,1,0.99173811942317258,0.29908602615751717
openbci,cross_task_arithmetic_to_stroop,Arithmetic to Stroop,direction_specific_26_posthoc,7,cbsf,CB-SF,3,1,2,0,1,0,2,0.66666666666666663,0.5,1,0,0.66666666666666663,0.80000000000000004,1,1,1,0.59246409434050917,0.20449056317314182
openbci,cross_task_arithmetic_to_stroop,Arithmetic to Stroop,direction_specific_26_posthoc,7,dasf_clean,DASF,3,1,2,0,1,0,2,0.66666666666666663,0.5,1,0,0.66666666666666663,0.80000000000000004,1,1,1,0.99173811942317391,0.29908602615751728
openbci,cross_task_arithmetic_to_stroop,Arithmetic to Stroop,direction_specific_26_posthoc,7,eeg_conformer,EEG-Conformer,3,1,2,0,1,0,2,0.66666666666666663,0.5,1,0,0.66666666666666663,0.80000000000000004,1,1,1,1.5188918456698426,0.32631553778741246
openbci,cross_task_arithmetic_to_stroop,Arithmetic to Stroop,direction_specific_26_posthoc,7,eegnet,EEGNet,3,1,2,0,1,0,2,0.66666666666666663,0.5,1,0,0.66666666666666663,0.80000000000000004,1,1,1,0.97235776745126679,0.29778946542272333
openbci,cross_task_arithmetic_to_stroop,Arithmetic to Stroop,direction_specific_26_posthoc,7,equal_blend_050,Equal blend (50%),3,1,2,0,1,0,2,0.66666666666666663,0.5,1,0,0.66666666666666663,0.80000000000000004,1,1,1,0.59097173187426477,0.20314241756299686
openbci,cross_task_arithmetic_to_stroop,Arithmetic to Stroop,direction_specific_26_posthoc,7,extra_trees,Extra Trees,3,1,2,1,0,0,2,1,1,1,1,1,1,1,1,1,0.55717442932751882,0.18339397892212192
openbci,cross_task_arithmetic_to_stroop,Arithmetic to Stroop,direction_specific_26_posthoc,7,fixed_blend_010,Fixed blend (10%),3,1,2,0,1,0,2,0.66666666666666663,0.5,1,0,0.66666666666666663,0.80000000000000004,1,1,1,0.73122371575196754,0.25521814757857564
openbci,cross_task_arithmetic_to_stroop,Arithmetic to Stroop,direction_specific_26_posthoc,7,fixed_blend_025,Fixed blend (25%),3,1,2,0,1,0,2,0.66666666666666663,0.5,1,0,0.66666666666666663,0.80000000000000004,1,1,1,0.63230433237898198,0.22369469859956093
openbci,cross_task_arithmetic_to_stroop,Arithmetic to Stroop,direction_specific_26_posthoc,7,rf,Random forest,3,1,2,1,0,1,1,0.66666666666666663,0.75,0.5,1,1,0.66666666666666663,1,1,1,0.61000927161586083,0.21001910529894388
openbci,cross_task_arithmetic_to_stroop,Arithmetic to Stroop,direction_specific_26_posthoc,7,riemann_mdm,Riemannian MDM,3,1,2,0,1,0,2,0.66666666666666663,0.5,1,0,0.66666666666666663,0.80000000000000004,1,1,1,4.7199913281072741,0.33333286093318842
openbci,cross_task_arithmetic_to_stroop,Arithmetic to Stroop,direction_specific_26_posthoc,7,riemann_ts_logreg,Riemannian TS-LR,3,1,2,0,1,0,2,0.66666666666666663,0.5,1,0,0.66666666666666663,0.80000000000000004,1,1,1,2.6758373127247022,0.33311578535640901
openbci,cross_task_arithmetic_to_stroop,Arithmetic to Stroop,direction_specific_26_posthoc,7,stack_recording,OOF recording-level stacking,3,1,2,0,1,0,2,0.66666666666666663,0.5,1,0,0.66666666666666663,0.80000000000000004,0.5,0.79166666666666663,0.83333333333333326,0.73963454625173586,0.25617415797509419
openbci,cross_task_arithmetic_to_stroop,Arithmetic to Stroop,direction_specific_26_posthoc,8,always_fuse,Always fused,3,1,2,0,1,0,2,0.66666666666666663,0.5,1,0,0.66666666666666663,0.80000000000000004,1,1,1,0.67345888996630165,0.24016306041406468
openbci,cross_task_arithmetic_to_stroop,Arithmetic to Stroop,direction_specific_26_posthoc,8,always_nn,Always neural,3,1,2,0,1,0,2,0.66666666666666663,0.5,1,0,0.66666666666666663,0.80000000000000004,0,0.41666666666666663,0.58333333333333326,1.5989980818815666,0.32790065292323911
openbci,cross_task_arithmetic_to_stroop,Arithmetic to Stroop,direction_specific_26_posthoc,8,cbsf,CB-SF,3,1,2,0,1,0,2,0.66666666666666663,0.5,1,0,0.66666666666666663,0.80000000000000004,0,0.41666666666666663,0.58333333333333326,0.67481997708017916,0.2407962485193639
openbci,cross_task_arithmetic_to_stroop,Arithmetic to Stroop,direction_specific_26_posthoc,8,dasf_clean,DASF,3,1,2,0,1,0,2,0.66666666666666663,0.5,1,0,0.66666666666666663,0.80000000000000004,0,0.41666666666666663,0.58333333333333326,1.5989980818815661,0.32790065292323911
openbci,cross_task_arithmetic_to_stroop,Arithmetic to Stroop,direction_specific_26_posthoc,8,eeg_conformer,EEG-Conformer,3,1,2,0,1,0,2,0.66666666666666663,0.5,1,0,0.66666666666666663,0.80000000000000004,0.5,0.79166666666666663,0.83333333333333326,0.69902402531564567,0.24603822746171625
openbci,cross_task_arithmetic_to_stroop,Arithmetic to Stroop,direction_specific_26_posthoc,8,eegnet,EEGNet,3,1,2,0,1,2,0,0,0,0,0,0,0,0,0.41666666666666663,0.58333333333333326,1.030439119170387,0.41292002753411211
openbci,cross_task_arithmetic_to_stroop,Arithmetic to Stroop,direction_specific_26_posthoc,8,equal_blend_050,Equal blend (50%),3,1,2,0,1,0,2,0.66666666666666663,0.5,1,0,0.66666666666666663,0.80000000000000004,0,0.41666666666666663,0.58333333333333326,0.68936646169439608,0.24688297567649078
openbci,cross_task_arithmetic_to_stroop,Arithmetic to Stroop,direction_specific_26_posthoc,8,extra_trees,Extra Trees,3,1,2,0,1,0,2,0.66666666666666663,0.5,1,0,0.66666666666666663,0.80000000000000004,1,1,1,0.60322077034008281,0.2075286530581387
openbci,cross_task_arithmetic_to_stroop,Arithmetic to Stroop,direction_specific_26_posthoc,8,fixed_blend_010,Fixed blend (10%),3,1,2,0,1,0,2,0.66666666666666663,0.5,1,0,0.66666666666666663,0.80000000000000004,0,0.41666666666666663,0.58333333333333326,0.80241490364111201,0.27826535303810562
openbci,cross_task_arithmetic_to_stroop,Arithmetic to Stroop,direction_specific_26_posthoc,8,fixed_blend_025,Fixed blend (25%),3,1,2,0,1,0,2,0.66666666666666663,0.5,1,0,0.66666666666666663,0.80000000000000004,0,0.41666666666666663,0.58333333333333326,0.72982782111442324,0.26059046838386357
openbci,cross_task_arithmetic_to_stroop,Arithmetic to Stroop,direction_specific_26_posthoc,8,rf,Random forest,3,1,2,0,1,0,2,0.66666666666666663,0.5,1,0,0.66666666666666663,0.80000000000000004,0,0.41666666666666663,0.58333333333333326,0.6548088501021444,0.23049179382920373
openbci,cross_task_arithmetic_to_stroop,Arithmetic to Stroop,direction_specific_26_posthoc,8,riemann_mdm,Riemannian MDM,3,1,2,0,1,1,1,0.33333333333333331,0.25,0.5,0,0.5,0.5,0,0.41666666666666663,0.58333333333333326,0.74514776588890363,0.27545701141994333
openbci,cross_task_arithmetic_to_stroop,Arithmetic to Stroop,direction_specific_26_posthoc,8,riemann_ts_logreg,Riemannian TS-LR,3,1,2,0,1,2,0,0,0,0,0,0,0,0,0.41666666666666663,0.58333333333333326,1.6559878982295289,0.5632155121130612
openbci,cross_task_arithmetic_to_stroop,Arithmetic to Stroop,direction_specific_26_posthoc,8,stack_recording,OOF recording-level stacking,3,1,2,0,1,0,2,0.66666666666666663,0.5,1,0,0.66666666666666663,0.80000000000000004,0,0.41666666666666663,0.58333333333333326,0.80077258900221493,0.27292815910845897
openbci,cross_task_arithmetic_to_stroop,Arithmetic to Stroop,direction_specific_26_posthoc,9,always_fuse,Always fused,3,1,2,0,1,0,2,0.66666666666666663,0.5,1,0,0.66666666666666663,0.80000000000000004,1,1,1,0.67743639877208339,0.24214709566901313
openbci,cross_task_arithmetic_to_stroop,Arithmetic to Stroop,direction_specific_26_posthoc,9,always_nn,Always neural,3,1,2,0,1,0,2,0.66666666666666663,0.5,1,0,0.66666666666666663,0.80000000000000004,0.5,0.79166666666666663,0.83333333333333326,1.3406175018011108,0.35234318770313627
openbci,cross_task_arithmetic_to_stroop,Arithmetic to Stroop,direction_specific_26_posthoc,9,cbsf,CB-SF,3,1,2,0,1,0,2,0.66666666666666663,0.5,1,0,0.66666666666666663,0.80000000000000004,0.5,0.79166666666666663,0.83333333333333326,0.68026068883778468,0.24368692915540482
openbci,cross_task_arithmetic_to_stroop,Arithmetic to Stroop,direction_specific_26_posthoc,9,dasf_clean,DASF,3,1,2,0,1,0,2,0.66666666666666663,0.5,1,0,0.66666666666666663,0.80000000000000004,1,1,1,0.67743639877208339,0.24214709566901313
openbci,cross_task_arithmetic_to_stroop,Arithmetic to Stroop,direction_specific_26_posthoc,9,eeg_conformer,EEG-Conformer,3,1,2,0,1,0,2,0.66666666666666663,0.5,1,0,0.66666666666666663,0.80000000000000004,0.5,0.79166666666666663,0.83333333333333326,1.4239899054923617,0.32404845505353191
openbci,cross_task_arithmetic_to_stroop,Arithmetic to Stroop,direction_specific_26_posthoc,9,eegnet,EEGNet,3,1,2,0,1,0,2,0.66666666666666663,0.5,1,0,0.66666666666666663,0.80000000000000004,1,1,1,0.59297668416664673,0.20192822811862532
openbci,cross_task_arithmetic_to_stroop,Arithmetic to Stroop,direction_specific_26_posthoc,9,equal_blend_050,Equal blend (50%),3,1,2,0,1,0,2,0.66666666666666663,0.5,1,0,0.66666666666666663,0.80000000000000004,0.5,0.79166666666666663,0.83333333333333326,0.69840926005913662,0.25199229406184004
openbci,cross_task_arithmetic_to_stroop,Arithmetic to Stroop,direction_specific_26_posthoc,9,extra_trees,Extra Trees,3,1,2,0,1,0,2,0.66666666666666663,0.5,1,0,0.66666666666666663,0.80000000000000004,0,0.41666666666666663,0.58333333333333326,0.79389396268678591,0.26958339223182942
openbci,cross_task_arithmetic_to_stroop,Arithmetic to Stroop,direction_specific_26_posthoc,9,fixed_blend_010,Fixed blend (10%),3,1,2,0,1,0,2,0.66666666666666663,0.5,1,0,0.66666666666666663,0.80000000000000004,0.5,0.79166666666666663,0.83333333333333326,0.89657075320982793,0.31064573600578821
openbci,cross_task_arithmetic_to_stroop,Arithmetic to Stroop,direction_specific_26_posthoc,9,fixed_blend_025,Fixed blend (25%),3,1,2,0,1,0,2,0.66666666666666663,0.5,1,0,0.66666666666666663,0.80000000000000004,0.5,0.79166666666666663,0.83333333333333326,0.77427325291939642,0.28012238466344624
openbci,cross_task_arithmetic_to_stroop,Arithmetic to Stroop,direction_specific_26_posthoc,9,rf,Random forest,3,1,2,0,1,0,2,0.66666666666666663,0.5,1,0,0.66666666666666663,0.80000000000000004,0,0.41666666666666663,0.58333333333333326,0.83857386879554008,0.27757358477602739
openbci,cross_task_arithmetic_to_stroop,Arithmetic to Stroop,direction_specific_26_posthoc,9,riemann_mdm,Riemannian MDM,3,1,2,0,1,0,2,0.66666666666666663,0.5,1,0,0.66666666666666663,0.80000000000000004,0,0.41666666666666663,0.58333333333333326,1.192753382420874,0.3145070556918354
openbci,cross_task_arithmetic_to_stroop,Arithmetic to Stroop,direction_specific_26_posthoc,9,riemann_ts_logreg,Riemannian TS-LR,3,1,2,0,1,0,2,0.66666666666666663,0.5,1,0,0.66666666666666663,0.80000000000000004,1,1,1,2.4166254782866186,0.33285992836033168
openbci,cross_task_arithmetic_to_stroop,Arithmetic to Stroop,direction_specific_26_posthoc,9,stack_recording,OOF recording-level stacking,3,1,2,0,1,0,2,0.66666666666666663,0.5,1,0,0.66666666666666663,0.80000000000000004,0.5,0.79166666666666663,0.83333333333333326,0.7602053995761594,0.27695525936438709
openbci,cross_task_arithmetic_to_stroop,Arithmetic to Stroop,direction_specific_26_posthoc,10,always_fuse,Always fused,3,1,2,0,1,1,1,0.33333333333333331,0.25,0.5,0,0.5,0.5,0,0.41666666666666663,0.58333333333333326,0.74634679323841757,0.27653132005437325
openbci,cross_task_arithmetic_to_stroop,Arithmetic to Stroop,direction_specific_26_posthoc,10,always_nn,Always neural,3,1,2,0,1,0,2,0.66666666666666663,0.5,1,0,0.66666666666666663,0.80000000000000004,0.5,0.79166666666666663,0.83333333333333326,0.60601500762320215,0.21373920142121836
openbci,cross_task_arithmetic_to_stroop,Arithmetic to Stroop,direction_specific_26_posthoc,10,cbsf,CB-SF,3,1,2,0,1,0,2,0.66666666666666663,0.5,1,0,0.66666666666666663,0.80000000000000004,0,0.41666666666666663,0.58333333333333326,0.70099689890810557,0.25388137363488023
openbci,cross_task_arithmetic_to_stroop,Arithmetic to Stroop,direction_specific_26_posthoc,10,dasf_clean,DASF,3,1,2,0,1,1,1,0.33333333333333331,0.25,0.5,0,0.5,0.5,0,0.41666666666666663,0.58333333333333326,0.74634679323841757,0.27653132005437325
openbci,cross_task_arithmetic_to_stroop,Arithmetic to Stroop,direction_specific_26_posthoc,10,eeg_conformer,EEG-Conformer,3,1,2,0,1,0,2,0.66666666666666663,0.5,1,0,0.66666666666666663,0.80000000000000004,1,1,1,0.41975255573065323,0.14311063603362417
openbci,cross_task_arithmetic_to_stroop,Arithmetic to Stroop,direction_specific_26_posthoc,10,eegnet,EEGNet,3,1,2,0,1,0,2,0.66666666666666663,0.5,1,0,0.66666666666666663,0.80000000000000004,0.5,0.79166666666666663,0.83333333333333326,0.67713522274907645,0.24204701216372956
openbci,cross_task_arithmetic_to_stroop,Arithmetic to Stroop,direction_specific_26_posthoc,10,equal_blend_050,Equal blend (50%),3,1,2,0,1,0,2,0.66666666666666663,0.5,1,0,0.66666666666666663,0.80000000000000004,0.5,0.79166666666666663,0.83333333333333326,0.6500245266039627,0.22885156370145412
openbci,cross_task_arithmetic_to_stroop,Arithmetic to Stroop,direction_specific_26_posthoc,10,extra_trees,Extra Trees,3,1,2,0,1,1,1,0.33333333333333331,0.25,0.5,0,0.5,0.5,0.5,0.79166666666666663,0.83333333333333326,0.72943847498154224,0.26923823845736422
openbci,cross_task_arithmetic_to_stroop,Arithmetic to Stroop,direction_specific_26_posthoc,10,fixed_blend_010,Fixed blend (10%),3,1,2,0,1,0,2,0.66666666666666663,0.5,1,0,0.66666666666666663,0.80000000000000004,0.5,0.79166666666666663,0.83333333333333326,0.60743345728852471,0.21190703675585773
openbci,cross_task_arithmetic_to_stroop,Arithmetic to Stroop,direction_specific_26_posthoc,10,fixed_blend_025,Fixed blend (25%),3,1,2,0,1,0,2,0.66666666666666663,0.5,1,0,0.66666666666666663,0.80000000000000004,0.5,0.79166666666666663,0.83333333333333326,0.61922091077426966,0.21539302302751986
openbci,cross_task_arithmetic_to_stroop,Arithmetic to Stroop,direction_specific_26_posthoc,10,rf,Random forest,3,1,2,0,1,0,2,0.66666666666666663,0.5,1,0,0.66666666666666663,0.80000000000000004,0.5,0.79166666666666663,0.83333333333333326,0.617059826561283,0.21713658649166367
openbci,cross_task_arithmetic_to_stroop,Arithmetic to Stroop,direction_specific_26_posthoc,10,riemann_mdm,Riemannian MDM,3,1,2,0,1,0,2,0.66666666666666663,0.5,1,0,0.66666666666666663,0.80000000000000004,1,1,1,0.52081118678196792,0.17742803940615359
openbci,cross_task_arithmetic_to_stroop,Arithmetic to Stroop,direction_specific_26_posthoc,10,riemann_ts_logreg,Riemannian TS-LR,3,1,2,0,1,0,2,0.66666666666666663,0.5,1,0,0.66666666666666663,0.80000000000000004,1,1,1,0.40359560932501354,0.16374754269441963
openbci,cross_task_arithmetic_to_stroop,Arithmetic to Stroop,direction_specific_26_posthoc,10,stack_recording,OOF recording-level stacking,3,1,2,1,0,1,1,0.66666666666666663,0.75,0.5,1,1,0.66666666666666663,0.5,0.79166666666666663,0.83333333333333326,0.73870316275859149,0.2726140327909482
openbci,cross_task_arithmetic_to_stroop,Arithmetic to Stroop,direction_specific_26_posthoc,11,always_fuse,Always fused,3,1,2,1,0,1,1,0.66666666666666663,0.75,0.5,1,1,0.66666666666666663,1,1,1,0.68169536748353499,0.24427576261658046
openbci,cross_task_arithmetic_to_stroop,Arithmetic to Stroop,direction_specific_26_posthoc,11,always_nn,Always neural,3,1,2,1,0,2,0,0.33333333333333331,0.5,0,1,,0,0,0.41666666666666663,0.58333333333333326,1.4606276677261449,0.55367247317889479
openbci,cross_task_arithmetic_to_stroop,Arithmetic to Stroop,direction_specific_26_posthoc,11,cbsf,CB-SF,3,1,2,1,0,2,0,0.33333333333333331,0.5,0,1,,0,0,0.41666666666666663,0.58333333333333326,0.76237097012858934,0.2844653210173051
openbci,cross_task_arithmetic_to_stroop,Arithmetic to Stroop,direction_specific_26_posthoc,11,dasf_clean,DASF,3,1,2,1,0,2,0,0.33333333333333331,0.5,0,1,,0,0,0.41666666666666663,0.58333333333333326,1.4606276677261449,0.55367247317889479
openbci,cross_task_arithmetic_to_stroop,Arithmetic to Stroop,direction_specific_26_posthoc,11,eeg_conformer,EEG-Conformer,3,1,2,0,1,2,0,0,0,0,0,0,0,0,0.41666666666666663,0.58333333333333326,0.94854819803321544,0.37374562714657872
openbci,cross_task_arithmetic_to_stroop,Arithmetic to Stroop,direction_specific_26_posthoc,11,eegnet,EEGNet,3,1,2,0,1,0,2,0.66666666666666663,0.5,1,0,0.66666666666666663,0.80000000000000004,0,0.41666666666666663,0.58333333333333326,2.7540969923367418,0.39196056456069978
openbci,cross_task_arithmetic_to_stroop,Arithmetic to Stroop,direction_specific_26_posthoc,11,equal_blend_050,Equal blend (50%),3,1,2,1,0,2,0,0.33333333333333331,0.5,0,1,,0,0,0.41666666666666663,0.58333333333333326,0.9105236638088674,0.35546217179145506
openbci,cross_task_arithmetic_to_stroop,Arithmetic to Stroop,direction_specific_26_posthoc,11,extra_trees,Extra Trees,3,1,2,0,1,2,0,0,0,0,0,0,0,0,0.41666666666666663,0.58333333333333326,0.8477616491492449,0.32517237487674772
openbci,cross_task_arithmetic_to_stroop,Arithmetic to Stroop,direction_specific_26_posthoc,11,fixed_blend_010,Fixed blend (10%),3,1,2,1,0,2,0,0.33333333333333331,0.5,0,1,,0,0,0.41666666666666663,0.58333333333333326,1.2554003608677873,0.49280052068018909
openbci,cross_task_arithmetic_to_stroop,Arithmetic to Stroop,direction_specific_26_posthoc,11,fixed_blend_025,Fixed blend (25%),3,1,2,1,0,2,0,0.33333333333333331,0.5,0,1,,0,0,0.41666666666666663,0.58333333333333326,1.0874452310089087,0.43145730693338796
openbci,cross_task_arithmetic_to_stroop,Arithmetic to Stroop,direction_specific_26_posthoc,11,rf,Random forest,3,1,2,1,0,2,0,0.33333333333333331,0.5,0,1,,0,0,0.41666666666666663,0.58333333333333326,1.2079890338425521,0.46779855080359173
openbci,cross_task_arithmetic_to_stroop,Arithmetic to Stroop,direction_specific_26_posthoc,11,riemann_mdm,Riemannian MDM,3,1,2,0,1,0,2,0.66666666666666663,0.5,1,0,0.66666666666666663,0.80000000000000004,0,0.41666666666666663,0.58333333333333326,0.75468650615237542,0.27048047474263565
openbci,cross_task_arithmetic_to_stroop,Arithmetic to Stroop,direction_specific_26_posthoc,11,riemann_ts_logreg,Riemannian TS-LR,3,1,2,0,1,0,2,0.66666666666666663,0.5,1,0,0.66666666666666663,0.80000000000000004,0,0.41666666666666663,0.58333333333333326,1.4116509383342535,0.3334846881522891
openbci,cross_task_arithmetic_to_stroop,Arithmetic to Stroop,direction_specific_26_posthoc,11,stack_recording,OOF recording-level stacking,3,1,2,0,1,0,2,0.66666666666666663,0.5,1,0,0.66666666666666663,0.80000000000000004,1,1,1,0.52812847940046537,0.17079217214727357
openbci,cross_task_arithmetic_to_stroop,Arithmetic to Stroop,direction_specific_26_posthoc,12,always_fuse,Always fused,3,1,2,1,0,2,0,0.33333333333333331,0.5,0,1,,0,0,0.41666666666666663,0.58333333333333326,0.77798585572136503,0.2918514777630461
openbci,cross_task_arithmetic_to_stroop,Arithmetic to Stroop,direction_specific_26_posthoc,12,always_nn,Always neural,3,1,2,0,1,0,2,0.66666666666666663,0.5,1,0,0.66666666666666663,0.80000000000000004,1,1,1,1.0642637774116117,0.30536831981022189
openbci,cross_task_arithmetic_to_stroop,Arithmetic to Stroop,direction_specific_26_posthoc,12,cbsf,CB-SF,3,1,2,0,1,0,2,0.66666666666666663,0.5,1,0,0.66666666666666663,0.80000000000000004,0.5,0.79166666666666663,0.83333333333333326,0.69576011163860307,0.25128281354622278
openbci,cross_task_arithmetic_to_stroop,Arithmetic to Stroop,direction_specific_26_posthoc,12,dasf_clean,DASF,3,1,2,1,0,2,0,0.33333333333333331,0.5,0,1,,0,0,0.41666666666666663,0.58333333333333326,0.77798585572136503,0.2918514777630461
openbci,cross_task_arithmetic_to_stroop,Arithmetic to Stroop,direction_specific_26_posthoc,12,eeg_conformer,EEG-Conformer,3,1,2,0,1,2,0,0,0,0,0,0,0,0,0.41666666666666663,0.58333333333333326,0.82812474142235037,0.3168400221902925
openbci,cross_task_arithmetic_to_stroop,Arithmetic to Stroop,direction_specific_26_posthoc,12,eegnet,EEGNet,3,1,2,0,1,0,2,0.66666666666666663,0.5,1,0,0.66666666666666663,0.80000000000000004,0.5,0.79166666666666663,0.83333333333333326,0.68671143025989512,0.24678862779495858
openbci,cross_task_arithmetic_to_stroop,Arithmetic to Stroop,direction_specific_26_posthoc,12,equal_blend_050,Equal blend (50%),3,1,2,0,1,0,2,0.66666666666666663,0.5,1,0,0.66666666666666663,0.80000000000000004,0.5,0.79166666666666663,0.83333333333333326,0.63999034022866963,0.223930037070983
openbci,cross_task_arithmetic_to_stroop,Arithmetic to Stroop,direction_specific_26_posthoc,12,extra_trees,Extra Trees,3,1,2,0,1,0,2,0.66666666666666663,0.5,1,0,0.66666666666666663,0.80000000000000004,1,1,1,0.63012557721216289,0.2215045894231118
openbci,cross_task_arithmetic_to_stroop,Arithmetic to Stroop,direction_specific_26_posthoc,12,fixed_blend_010,Fixed blend (10%),3,1,2,0,1,0,2,0.66666666666666663,0.5,1,0,0.66666666666666663,0.80000000000000004,1,1,1,0.73542485461124629,0.2548719651161559
openbci,cross_task_arithmetic_to_stroop,Arithmetic to Stroop,direction_specific_26_posthoc,12,fixed_blend_025,Fixed blend (25%),3,1,2,0,1,0,2,0.66666666666666663,0.5,1,0,0.66666666666666663,0.80000000000000004,0.5,0.79166666666666663,0.83333333333333326,0.65617221561006089,0.23039455522233218
openbci,cross_task_arithmetic_to_stroop,Arithmetic to Stroop,direction_specific_26_posthoc,12,rf,Random forest,3,1,2,0,1,0,2,0.66666666666666663,0.5,1,0,0.66666666666666663,0.80000000000000004,1,1,1,0.65258511852819279,0.23068388069657372
openbci,cross_task_arithmetic_to_stroop,Arithmetic to Stroop,direction_specific_26_posthoc,12,riemann_mdm,Riemannian MDM,3,1,2,0,1,0,2,0.66666666666666663,0.5,1,0,0.66666666666666663,0.80000000000000004,1,1,1,0.56570099607988122,0.1882936663253075
openbci,cross_task_arithmetic_to_stroop,Arithmetic to Stroop,direction_specific_26_posthoc,12,riemann_ts_logreg,Riemannian TS-LR,3,1,2,0,1,0,2,0.66666666666666663,0.5,1,0,0.66666666666666663,0.80000000000000004,1,1,1,1.1838543716216461,0.31418830161272876
openbci,cross_task_arithmetic_to_stroop,Arithmetic to Stroop,direction_specific_26_posthoc,12,stack_recording,OOF recording-level stacking,3,1,2,0,1,2,0,0,0,0,0,0,0,0,0.41666666666666663,0.58333333333333326,0.78314640470325525,0.29457303993725614
openbci,cross_task_arithmetic_to_stroop,Arithmetic to Stroop,direction_specific_26_posthoc,13,always_fuse,Always fused,3,1,2,0,1,1,1,0.33333333333333331,0.25,0.5,0,0.5,0.5,0,0.41666666666666663,0.58333333333333326,0.9473132301073669,0.37117644290459789
openbci,cross_task_arithmetic_to_stroop,Arithmetic to Stroop,direction_specific_26_posthoc,13,always_nn,Always neural,3,1,2,0,1,0,2,0.66666666666666663,0.5,1,0,0.66666666666666663,0.80000000000000004,1,1,1,0.42609605725392408,0.16855586828828725
openbci,cross_task_arithmetic_to_stroop,Arithmetic to Stroop,direction_specific_26_posthoc,13,cbsf,CB-SF,3,1,2,0,1,1,1,0.33333333333333331,0.25,0.5,0,0.5,0.5,0,0.41666666666666663,0.58333333333333326,0.78139593587125455,0.29339683050157772
openbci,cross_task_arithmetic_to_stroop,Arithmetic to Stroop,direction_specific_26_posthoc,13,dasf_clean,DASF,3,1,2,0,1,1,1,0.33333333333333331,0.25,0.5,0,0.5,0.5,0,0.41666666666666663,0.58333333333333326,0.9473132301073669,0.37117644290459789
openbci,cross_task_arithmetic_to_stroop,Arithmetic to Stroop,direction_specific_26_posthoc,13,eeg_conformer,EEG-Conformer,3,1,2,0,1,0,2,0.66666666666666663,0.5,1,0,0.66666666666666663,0.80000000000000004,1,1,1,0.6737501250439194,0.24394437909207878
openbci,cross_task_arithmetic_to_stroop,Arithmetic to Stroop,direction_specific_26_posthoc,13,eegnet,EEGNet,3,1,2,0,1,0,2,0.66666666666666663,0.5,1,0,0.66666666666666663,0.80000000000000004,0.5,0.79166666666666663,0.83333333333333326,2.317606935455117,0.33269708946184817
openbci,cross_task_arithmetic_to_stroop,Arithmetic to Stroop,direction_specific_26_posthoc,13,equal_blend_050,Equal blend (50%),3,1,2,0,1,0,2,0.66666666666666663,0.5,1,0,0.66666666666666663,0.80000000000000004,0.5,0.79166666666666663,0.83333333333333326,0.64081624917423097,0.22523838795315779
openbci,cross_task_arithmetic_to_stroop,Arithmetic to Stroop,direction_specific_26_posthoc,13,extra_trees,Extra Trees,3,1,2,0,1,0,2,0.66666666666666663,0.5,1,0,0.66666666666666663,0.80000000000000004,1,1,1,0.41049439092868184,0.13028855364152075
openbci,cross_task_arithmetic_to_stroop,Arithmetic to Stroop,direction_specific_26_posthoc,13,fixed_blend_010,Fixed blend (10%),3,1,2,0,1,0,2,0.66666666666666663,0.5,1,0,0.66666666666666663,0.80000000000000004,1,1,1,0.49067386750813252,0.16829357546018051
openbci,cross_task_arithmetic_to_stroop,Arithmetic to Stroop,direction_specific_26_posthoc,13,fixed_blend_025,Fixed blend (25%),3,1,2,0,1,0,2,0.66666666666666663,0.5,1,0,0.66666666666666663,0.80000000000000004,1,1,1,0.54717802246013347,0.18514821663533895
openbci,cross_task_arithmetic_to_stroop,Arithmetic to Stroop,direction_specific_26_posthoc,13,rf,Random forest,3,1,2,1,0,0,2,1,1,1,1,1,1,1,1,1,0.37629679016823309,0.11521941327156264
openbci,cross_task_arithmetic_to_stroop,Arithmetic to Stroop,direction_specific_26_posthoc,13,riemann_mdm,Riemannian MDM,3,1,2,0,1,0,2,0.66666666666666663,0.5,1,0,0.66666666666666663,0.80000000000000004,0.5,0.79166666666666663,0.83333333333333326,1.0892731835909266,0.30755181003582011
openbci,cross_task_arithmetic_to_stroop,Arithmetic to Stroop,direction_specific_26_posthoc,13,riemann_ts_logreg,Riemannian TS-LR,3,1,2,0,1,0,2,0.66666666666666663,0.5,1,0,0.66666666666666663,0.80000000000000004,1,1,1,0.52381111147164539,0.20257693733717766
openbci,cross_task_arithmetic_to_stroop,Arithmetic to Stroop,direction_specific_26_posthoc,13,stack_recording,OOF recording-level stacking,3,1,2,0,1,2,0,0,0,0,0,0,0,0,0.41666666666666663,0.58333333333333326,1.3320958659479174,0.50701989706126438
openbci,cross_task_stroop_to_arithmetic,Stroop to Arithmetic,direction_specific_26_posthoc,1,always_fuse,Always fused,3,1,2,0,1,0,2,0.66666666666666663,0.5,1,0,0.66666666666666663,0.80000000000000004,0,0.41666666666666663,0.58333333333333326,0.67737465961200327,0.24208140941675696
openbci,cross_task_stroop_to_arithmetic,Stroop to Arithmetic,direction_specific_26_posthoc,1,always_nn,Always neural,3,1,2,1,0,1,1,0.66666666666666663,0.75,0.5,1,1,0.66666666666666663,1,1,1,0.61992214426365977,0.21375030133630726
openbci,cross_task_stroop_to_arithmetic,Stroop to Arithmetic,direction_specific_26_posthoc,1,cbsf,CB-SF,3,1,2,0,1,0,2,0.66666666666666663,0.5,1,0,0.66666666666666663,0.80000000000000004,1,1,1,0.66483095031469785,0.23588430423785436
openbci,cross_task_stroop_to_arithmetic,Stroop to Arithmetic,direction_specific_26_posthoc,1,dasf_clean,DASF,3,1,2,0,1,0,2,0.66666666666666663,0.5,1,0,0.66666666666666663,0.80000000000000004,0,0.41666666666666663,0.58333333333333326,0.67737465961200327,0.24208140941675696
openbci,cross_task_stroop_to_arithmetic,Stroop to Arithmetic,direction_specific_26_posthoc,1,eeg_conformer,EEG-Conformer,3,1,2,0,1,0,2,0.66666666666666663,0.5,1,0,0.66666666666666663,0.80000000000000004,1,1,1,0.37060419889593038,0.11534478174795949
openbci,cross_task_stroop_to_arithmetic,Stroop to Arithmetic,direction_specific_26_posthoc,1,eegnet,EEGNet,3,1,2,1,0,0,2,1,1,1,1,1,1,1,1,1,0.31518085040077698,0.078440785884134057
openbci,cross_task_stroop_to_arithmetic,Stroop to Arithmetic,direction_specific_26_posthoc,1,equal_blend_050,Equal blend (50%),3,1,2,0,1,0,2,0.66666666666666663,0.5,1,0,0.66666666666666663,0.80000000000000004,1,1,1,0.64770907706951186,0.22737880280115649
openbci,cross_task_stroop_to_arithmetic,Stroop to Arithmetic,direction_specific_26_posthoc,1,extra_trees,Extra Trees,3,1,2,1,0,0,2,1,1,1,1,1,1,1,1,1,0.56988868306673635,0.18944640752098008
openbci,cross_task_stroop_to_arithmetic,Stroop to Arithmetic,direction_specific_26_posthoc,1,fixed_blend_010,Fixed blend (10%),3,1,2,1,0,1,1,0.66666666666666663,0.75,0.5,1,1,0.66666666666666663,1,1,1,0.62433585814324333,0.21583922272105829
openbci,cross_task_stroop_to_arithmetic,Stroop to Arithmetic,direction_specific_26_posthoc,1,fixed_blend_025,Fixed blend (25%),3,1,2,1,0,0,2,1,1,1,1,1,1,1,1,1,0.63337988535377787,0.22027676000073895
openbci,cross_task_stroop_to_arithmetic,Stroop to Arithmetic,direction_specific_26_posthoc,1,rf,Random forest,3,1,2,1,0,1,1,0.66666666666666663,0.75,0.5,1,1,0.66666666666666663,1,1,1,0.56633994442219537,0.18756043312150408
openbci,cross_task_stroop_to_arithmetic,Stroop to Arithmetic,direction_specific_26_posthoc,1,riemann_mdm,Riemannian MDM,3,1,2,1,0,0,2,1,1,1,1,1,1,1,1,1,0.29016636822154573,0.066949178270956658
openbci,cross_task_stroop_to_arithmetic,Stroop to Arithmetic,direction_specific_26_posthoc,1,riemann_ts_logreg,Riemannian TS-LR,3,1,2,0,1,0,2,0.66666666666666663,0.5,1,0,0.66666666666666663,0.80000000000000004,1,1,1,0.57236181140069975,0.19581758874261401
openbci,cross_task_stroop_to_arithmetic,Stroop to Arithmetic,direction_specific_26_posthoc,1,stack_recording,OOF recording-level stacking,3,1,2,0,1,0,2,0.66666666666666663,0.5,1,0,0.66666666666666663,0.80000000000000004,0,0.41666666666666663,0.58333333333333326,0.6908052101448886,0.24706228856656595
openbci,cross_task_stroop_to_arithmetic,Stroop to Arithmetic,direction_specific_26_posthoc,2,always_fuse,Always fused,3,1,2,1,0,2,0,0.33333333333333331,0.5,0,1,,0,0.5,0.79166666666666663,0.83333333333333326,0.89427504758585463,0.34400704337915894
openbci,cross_task_stroop_to_arithmetic,Stroop to Arithmetic,direction_specific_26_posthoc,2,always_nn,Always neural,3,1,2,0,1,1,1,0.33333333333333331,0.25,0.5,0,0.5,0.5,0.5,0.79166666666666663,0.83333333333333326,1.3451147034995714,0.46922595786501781
openbci,cross_task_stroop_to_arithmetic,Stroop to Arithmetic,direction_specific_26_posthoc,2,cbsf,CB-SF,3,1,2,1,0,2,0,0.33333333333333331,0.5,0,1,,0,0.5,0.79166666666666663,0.83333333333333326,0.87706400207636914,0.33539957953664384
openbci,cross_task_stroop_to_arithmetic,Stroop to Arithmetic,direction_specific_26_posthoc,2,dasf_clean,DASF,3,1,2,0,1,1,1,0.33333333333333331,0.25,0.5,0,0.5,0.5,0.5,0.79166666666666663,0.83333333333333326,1.3451147034995727,0.4692259578650177
openbci,cross_task_stroop_to_arithmetic,Stroop to Arithmetic,direction_specific_26_posthoc,2,eeg_conformer,EEG-Conformer,3,1,2,1,0,0,2,1,1,1,1,1,1,1,1,1,0.4090326626540815,0.1219187425066795
openbci,cross_task_stroop_to_arithmetic,Stroop to Arithmetic,direction_specific_26_posthoc,2,eegnet,EEGNet,3,1,2,0,1,0,2,0.66666666666666663,0.5,1,0,0.66666666666666663,0.80000000000000004,0,0.41666666666666663,0.58333333333333326,0.80713058721148301,0.29365091409654759
openbci,cross_task_stroop_to_arithmetic,Stroop to Arithmetic,direction_specific_26_posthoc,2,equal_blend_050,Equal blend (50%),3,1,2,1,0,2,0,0.33333333333333331,0.5,0,1,,0,0.5,0.79166666666666663,0.83333333333333326,0.87916820907687721,0.33579665830167493
openbci,cross_task_stroop_to_arithmetic,Stroop to Arithmetic,direction_specific_26_posthoc,2,extra_trees,Extra Trees,3,1,2,1,0,2,0,0.33333333333333331,0.5,0,1,,0,1,1,1,0.70867446611225693,0.25804488291842215
openbci,cross_task_stroop_to_arithmetic,Stroop to Arithmetic,direction_specific_26_posthoc,2,fixed_blend_010,Fixed blend (10%),3,1,2,0,1,1,1,0.33333333333333331,0.25,0.5,0,0.5,0.5,0.5,0.79166666666666663,0.83333333333333326,0.94222671766176003,0.35860954452513411
openbci,cross_task_stroop_to_arithmetic,Stroop to Arithmetic,direction_specific_26_posthoc,2,fixed_blend_025,Fixed blend (25%),3,1,2,1,0,2,0,0.33333333333333331,0.5,0,1,,0,0.5,0.79166666666666663,0.83333333333333326,0.90040075687004162,0.34340244182211793
openbci,cross_task_stroop_to_arithmetic,Stroop to Arithmetic,direction_specific_26_posthoc,2,rf,Random forest,3,1,2,1,0,2,0,0.33333333333333331,0.5,0,1,,0,1,1,1,1.0683097156386951,0.41432753622835267
openbci,cross_task_stroop_to_arithmetic,Stroop to Arithmetic,direction_specific_26_posthoc,2,riemann_mdm,Riemannian MDM,3,1,2,0,1,0,2,0.66666666666666663,0.5,1,0,0.66666666666666663,0.80000000000000004,0.5,0.79166666666666663,0.83333333333333326,0.68139341148064425,0.24458981878875741
openbci,cross_task_stroop_to_arithmetic,Stroop to Arithmetic,direction_specific_26_posthoc,2,riemann_ts_logreg,Riemannian TS-LR,3,1,2,1,0,2,0,0.33333333333333331,0.5,0,1,,0,1,1,1,0.88508460693589452,0.34983338194676933
openbci,cross_task_stroop_to_arithmetic,Stroop to Arithmetic,direction_specific_26_posthoc,2,stack_recording,OOF recording-level stacking,3,1,2,1,0,2,0,0.33333333333333331,0.5,0,1,,0,0.5,0.79166666666666663,0.83333333333333326,2.1326888079855162,0.58240051406593529
openbci,cross_task_stroop_to_arithmetic,Stroop to Arithmetic,direction_specific_26_posthoc,3,always_fuse,Always fused,3,1,2,0,1,0,2,0.66666666666666663,0.5,1,0,0.66666666666666663,0.80000000000000004,0.5,0.79166666666666663,0.83333333333333326,1.6218510835302544,0.32898743502132305
openbci,cross_task_stroop_to_arithmetic,Stroop to Arithmetic,direction_specific_26_posthoc,3,always_nn,Always neural,3,1,2,0,1,0,2,0.66666666666666663,0.5,1,0,0.66666666666666663,0.80000000000000004,0.5,0.79166666666666663,0.83333333333333326,8.1231617700629535,0.33333333331594028
openbci,cross_task_stroop_to_arithmetic,Stroop to Arithmetic,direction_specific_26_posthoc,3,cbsf,CB-SF,3,1,2,0,1,0,2,0.66666666666666663,0.5,1,0,0.66666666666666663,0.80000000000000004,0.5,0.79166666666666663,0.83333333333333326,1.7380830005992152,0.32984930677272156
openbci,cross_task_stroop_to_arithmetic,Stroop to Arithmetic,direction_specific_26_posthoc,3,dasf_clean,DASF,3,1,2,0,1,0,2,0.66666666666666663,0.5,1,0,0.66666666666666663,0.80000000000000004,0.5,0.79166666666666663,0.83333333333333326,1.6218510835302544,0.32898743502132305
openbci,cross_task_stroop_to_arithmetic,Stroop to Arithmetic,direction_specific_26_posthoc,3,eeg_conformer,EEG-Conformer,3,1,2,0,1,0,2,0.66666666666666663,0.5,1,0,0.66666666666666663,0.80000000000000004,0.5,0.79166666666666663,0.83333333333333326,0.62683820499019383,0.2183463343062112
openbci,cross_task_stroop_to_arithmetic,Stroop to Arithmetic,direction_specific_26_posthoc,3,eegnet,EEGNet,3,1,2,0,1,0,2,0.66666666666666663,0.5,1,0,0.66666666666666663,0.80000000000000004,0,0.41666666666666663,0.58333333333333326,1.2423896821611047,0.31713157625327959
openbci,cross_task_stroop_to_arithmetic,Stroop to Arithmetic,direction_specific_26_posthoc,3,equal_blend_050,Equal blend (50%),3,1,2,0,1,0,2,0.66666666666666663,0.5,1,0,0.66666666666666663,0.80000000000000004,0.5,0.79166666666666663,0.83333333333333326,1.9107247382875474,0.33121399363812032
openbci,cross_task_stroop_to_arithmetic,Stroop to Arithmetic,direction_specific_26_posthoc,3,extra_trees,Extra Trees,3,1,2,0,1,0,2,0.66666666666666663,0.5,1,0,0.66666666666666663,0.80000000000000004,0.5,0.79166666666666663,0.83333333333333326,0.96511728915567951,0.29723348777598424
openbci,cross_task_stroop_to_arithmetic,Stroop to Arithmetic,direction_specific_26_posthoc,3,fixed_blend_010,Fixed blend (10%),3,1,2,0,1,0,2,0.66666666666666663,0.5,1,0,0.66666666666666663,0.80000000000000004,0.5,0.79166666666666663,0.83333333333333326,2.4580034912951469,0.33291669186302836
openbci,cross_task_stroop_to_arithmetic,Stroop to Arithmetic,direction_specific_26_posthoc,3,fixed_blend_025,Fixed blend (25%),3,1,2,0,1,0,2,0.66666666666666663,0.5,1,0,0.66666666666666663,0.80000000000000004,0.5,0.79166666666666663,0.83333333333333326,2.1497571618605873,0.33228832460823504
openbci,cross_task_stroop_to_arithmetic,Stroop to Arithmetic,direction_specific_26_posthoc,3,rf,Random forest,3,1,2,0,1,0,2,0.66666666666666663,0.5,1,0,0.66666666666666663,0.80000000000000004,0.5,0.79166666666666663,0.83333333333333326,1.0230310323043048,0.3027353808389589
openbci,cross_task_stroop_to_arithmetic,Stroop to Arithmetic,direction_specific_26_posthoc,3,riemann_mdm,Riemannian MDM,3,1,2,0,1,0,2,0.66666666666666663,0.5,1,0,0.66666666666666663,0.80000000000000004,1,1,1,0.55322343017091258,0.18849655388408851
openbci,cross_task_stroop_to_arithmetic,Stroop to Arithmetic,direction_specific_26_posthoc,3,riemann_ts_logreg,Riemannian TS-LR,3,1,2,0,1,0,2,0.66666666666666663,0.5,1,0,0.66666666666666663,0.80000000000000004,0,0.41666666666666663,0.58333333333333326,2.1769489643338322,0.33237683135434287
openbci,cross_task_stroop_to_arithmetic,Stroop to Arithmetic,direction_specific_26_posthoc,3,stack_recording,OOF recording-level stacking,3,1,2,0,1,0,2,0.66666666666666663,0.5,1,0,0.66666666666666663,0.80000000000000004,0.5,0.79166666666666663,0.83333333333333326,2.0756053012513016,0.33201637705028203
openbci,cross_task_stroop_to_arithmetic,Stroop to Arithmetic,direction_specific_26_posthoc,4,always_fuse,Always fused,3,1,2,1,0,0,2,1,1,1,1,1,1,1,1,1,0.46490430198531524,0.13988390134162665
openbci,cross_task_stroop_to_arithmetic,Stroop to Arithmetic,direction_specific_26_posthoc,4,always_nn,Always neural,3,1,2,1,0,0,2,1,1,1,1,1,1,1,1,1,0.00065320760619727765,7.8994788955088431e-07
openbci,cross_task_stroop_to_arithmetic,Stroop to Arithmetic,direction_specific_26_posthoc,4,cbsf,CB-SF,3,1,2,1,0,0,2,1,1,1,1,1,1,1,1,1,0.1233712336044767,0.017765953013365105
openbci,cross_task_stroop_to_arithmetic,Stroop to Arithmetic,direction_specific_26_posthoc,4,dasf_clean,DASF,3,1,2,1,0,0,2,1,1,1,1,1,1,1,1,1,0.00065320760619727765,7.8994788955088431e-07
openbci,cross_task_stroop_to_arithmetic,Stroop to Arithmetic,direction_specific_26_posthoc,4,eeg_conformer,EEG-Conformer,3,1,2,1,0,0,2,1,1,1,1,1,1,1,1,1,0.39170949298507041,0.10677998217763396
openbci,cross_task_stroop_to_arithmetic,Stroop to Arithmetic,direction_specific_26_posthoc,4,eegnet,EEGNet,3,1,2,1,0,1,1,0.66666666666666663,0.75,0.5,1,1,0.66666666666666663,1,1,1,0.48344747132510585,0.16558364468746559
openbci,cross_task_stroop_to_arithmetic,Stroop to Arithmetic,direction_specific_26_posthoc,4,equal_blend_050,Equal blend (50%),3,1,2,1,0,0,2,1,1,1,1,1,1,1,1,1,0.33949353533790377,0.086863837553360454
openbci,cross_task_stroop_to_arithmetic,Stroop to Arithmetic,direction_specific_26_posthoc,4,extra_trees,Extra Trees,3,1,2,1,0,0,2,1,1,1,1,1,1,1,1,1,0.44028330531308529,0.12887807232996529
openbci,cross_task_stroop_to_arithmetic,Stroop to Arithmetic,direction_specific_26_posthoc,4,fixed_blend_010,Fixed blend (10%),3,1,2,1,0,0,2,1,1,1,1,1,1,1,1,1,0.18093569258906092,0.032879785008436628
openbci,cross_task_stroop_to_arithmetic,Stroop to Arithmetic,direction_specific_26_posthoc,4,fixed_blend_025,Fixed blend (25%),3,1,2,1,0,0,2,1,1,1,1,1,1,1,1,1,0.25613523319639619,0.056446189800710339
openbci,cross_task_stroop_to_arithmetic,Stroop to Arithmetic,direction_specific_26_posthoc,4,rf,Random forest,3,1,2,1,0,0,2,1,1,1,1,1,1,1,1,1,0.41400016442938137,0.11635131074973837
openbci,cross_task_stroop_to_arithmetic,Stroop to Arithmetic,direction_specific_26_posthoc,4,riemann_mdm,Riemannian MDM,3,1,2,1,0,0,2,1,1,1,1,1,1,1,1,1,0.23017455825646982,0.046552284112698739
openbci,cross_task_stroop_to_arithmetic,Stroop to Arithmetic,direction_specific_26_posthoc,4,riemann_ts_logreg,Riemannian TS-LR,3,1,2,1,0,2,0,0.33333333333333331,0.5,0,1,,0,1,1,1,6.6213819014796185,0.66648748405488323
openbci,cross_task_stroop_to_arithmetic,Stroop to Arithmetic,direction_specific_26_posthoc,4,stack_recording,OOF recording-level stacking,3,1,2,1,0,2,0,0.33333333333333331,0.5,0,1,,0,1,1,1,1.0001945225911122,0.36181567759949612
openbci,cross_task_stroop_to_arithmetic,Stroop to Arithmetic,direction_specific_26_posthoc,5,always_fuse,Always fused,3,1,2,0,1,2,0,0,0,0,0,0,0,0,0.41666666666666663,0.58333333333333326,1.2312574460876311,0.49162332271109205
openbci,cross_task_stroop_to_arithmetic,Stroop to Arithmetic,direction_specific_26_posthoc,5,always_nn,Always neural,3,1,2,0,1,2,0,0,0,0,0,0,0,0,0.41666666666666663,0.58333333333333326,5.8634793591664369,0.87626203240041833
openbci,cross_task_stroop_to_arithmetic,Stroop to Arithmetic,direction_specific_26_posthoc,5,cbsf,CB-SF,3,1,2,0,1,2,0,0,0,0,0,0,0,0,0.41666666666666663,0.58333333333333326,1.3285683424075518,0.5316224272892609
openbci,cross_task_stroop_to_arithmetic,Stroop to Arithmetic,direction_specific_26_posthoc,5,dasf_clean,DASF,3,1,2,0,1,2,0,0,0,0,0,0,0,0,0.41666666666666663,0.58333333333333326,5.8634793591664378,0.87626203240041856
openbci,cross_task_stroop_to_arithmetic,Stroop to Arithmetic,direction_specific_26_posthoc,5,eeg_conformer,EEG-Conformer,3,1,2,0,1,2,0,0,0,0,0,0,0,0,0.41666666666666663,0.58333333333333326,3.0291050437256732,0.86780680212050287
openbci,cross_task_stroop_to_arithmetic,Stroop to Arithmetic,direction_specific_26_posthoc,5,eegnet,EEGNet,3,1,2,0,1,0,2,0.66666666666666663,0.5,1,0,0.66666666666666663,0.80000000000000004,0.5,0.79166666666666663,0.83333333333333326,0.65383050205368365,0.23018452927344576
openbci,cross_task_stroop_to_arithmetic,Stroop to Arithmetic,direction_specific_26_posthoc,5,equal_blend_050,Equal blend (50%),3,1,2,0,1,2,0,0,0,0,0,0,0,0,0.41666666666666663,0.58333333333333326,1.4530811693623793,0.57761568030261812
openbci,cross_task_stroop_to_arithmetic,Stroop to Arithmetic,direction_specific_26_posthoc,5,extra_trees,Extra Trees,3,1,2,0,1,1,1,0.33333333333333331,0.25,0.5,0,0.5,0.5,0,0.41666666666666663,0.58333333333333326,1.2173639979409778,0.47947740096883235
openbci,cross_task_stroop_to_arithmetic,Stroop to Arithmetic,direction_specific_26_posthoc,5,fixed_blend_010,Fixed blend (10%),3,1,2,0,1,2,0,0,0,0,0,0,0,0,0.41666666666666663,0.58333333333333326,2.0188429464363549,0.72730260530877333
openbci,cross_task_stroop_to_arithmetic,Stroop to Arithmetic,direction_specific_26_posthoc,5,fixed_blend_025,Fixed blend (25%),3,1,2,0,1,2,0,0,0,0,0,0,0,0,0.41666666666666663,0.58333333333333326,1.6911358801745582,0.65140112782948878
openbci,cross_task_stroop_to_arithmetic,Stroop to Arithmetic,direction_specific_26_posthoc,5,rf,Random forest,3,1,2,0,1,2,0,0,0,0,0,0,0,0,0.41666666666666663,0.58333333333333326,1.703964771244791,0.63093638990018486
openbci,cross_task_stroop_to_arithmetic,Stroop to Arithmetic,direction_specific_26_posthoc,5,riemann_mdm,Riemannian MDM,3,1,2,0,1,1,1,0.33333333333333331,0.25,0.5,0,0.5,0.5,0,0.41666666666666663,0.58333333333333326,1.4607837678108886,0.45765604930338083
openbci,cross_task_stroop_to_arithmetic,Stroop to Arithmetic,direction_specific_26_posthoc,5,riemann_ts_logreg,Riemannian TS-LR,3,1,2,0,1,1,1,0.33333333333333331,0.25,0.5,0,0.5,0.5,0.5,0.79166666666666663,0.83333333333333326,0.60949703012979195,0.2138340597716272
openbci,cross_task_stroop_to_arithmetic,Stroop to Arithmetic,direction_specific_26_posthoc,5,stack_recording,OOF recording-level stacking,3,1,2,0,1,2,0,0,0,0,0,0,0,0,0.41666666666666663,0.58333333333333326,6.2587080248178184,0.93760750437840679
openbci,cross_task_stroop_to_arithmetic,Stroop to Arithmetic,direction_specific_26_posthoc,6,always_fuse,Always fused,3,1,2,1,0,2,0,0.33333333333333331,0.5,0,1,,0,0,0.41666666666666663,0.58333333333333326,1.1533440409441884,0.44646992054338508
openbci,cross_task_stroop_to_arithmetic,Stroop to Arithmetic,direction_specific_26_posthoc,6,always_nn,Always neural,3,1,2,0,1,0,2,0.66666666666666663,0.5,1,0,0.66666666666666663,0.80000000000000004,1,1,1,0.4781402269483726,0.17367261642544132
openbci,cross_task_stroop_to_arithmetic,Stroop to Arithmetic,direction_specific_26_posthoc,6,cbsf,CB-SF,3,1,2,1,0,2,0,0.33333333333333331,0.5,0,1,,0,0,0.41666666666666663,0.58333333333333326,0.84932270841220869,0.32582396872710706
openbci,cross_task_stroop_to_arithmetic,Stroop to Arithmetic,direction_specific_26_posthoc,6,dasf_clean,DASF,3,1,2,1,0,2,0,0.33333333333333331,0.5,0,1,,0,0,0.41666666666666663,0.58333333333333326,1.1533440409441884,0.44646992054338508
openbci,cross_task_stroop_to_arithmetic,Stroop to Arithmetic,direction_specific_26_posthoc,6,eeg_conformer,EEG-Conformer,3,1,2,0,1,0,2,0.66666666666666663,0.5,1,0,0.66666666666666663,0.80000000000000004,1,1,1,0.65591737182065735,0.23234053297765708
openbci,cross_task_stroop_to_arithmetic,Stroop to Arithmetic,direction_specific_26_posthoc,6,eegnet,EEGNet,3,1,2,0,1,2,0,0,0,0,0,0,0,0,0.41666666666666663,0.58333333333333326,0.71257681710086207,0.2597118852015024
openbci,cross_task_stroop_to_arithmetic,Stroop to Arithmetic,direction_specific_26_posthoc,6,equal_blend_050,Equal blend (50%),3,1,2,1,0,0,2,1,1,1,1,1,1,1,1,1,0.65818521892869741,0.23253267607773098
openbci,cross_task_stroop_to_arithmetic,Stroop to Arithmetic,direction_specific_26_posthoc,6,extra_trees,Extra Trees,3,1,2,0,1,0,2,0.66666666666666663,0.5,1,0,0.66666666666666663,0.80000000000000004,0.5,0.79166666666666663,0.83333333333333326,0.65758648977671419,0.2325962997511776
openbci,cross_task_stroop_to_arithmetic,Stroop to Arithmetic,direction_specific_26_posthoc,6,fixed_blend_010,Fixed blend (10%),3,1,2,0,1,0,2,0.66666666666666663,0.5,1,0,0.66666666666666663,0.80000000000000004,1,1,1,0.48043983121498962,0.15457868502359401
openbci,cross_task_stroop_to_arithmetic,Stroop to Arithmetic,direction_specific_26_posthoc,6,fixed_blend_025,Fixed blend (25%),3,1,2,0,1,0,2,0.66666666666666663,0.5,1,0,0.66666666666666663,0.80000000000000004,1,1,1,0.54573727661989146,0.17896409667355506
openbci,cross_task_stroop_to_arithmetic,Stroop to Arithmetic,direction_specific_26_posthoc,6,rf,Random forest,3,1,2,0,1,1,1,0.33333333333333331,0.25,0.5,0,0.5,0.5,0,0.41666666666666663,0.58333333333333326,0.79640978520339167,0.30053260307993507
openbci,cross_task_stroop_to_arithmetic,Stroop to Arithmetic,direction_specific_26_posthoc,6,riemann_mdm,Riemannian MDM,3,1,2,1,0,2,0,0.33333333333333331,0.5,0,1,,0,0,0.41666666666666663,0.58333333333333326,4.3144704960942457,0.66443167109343149
openbci,cross_task_stroop_to_arithmetic,Stroop to Arithmetic,direction_specific_26_posthoc,6,riemann_ts_logreg,Riemannian TS-LR,3,1,2,1,0,2,0,0.33333333333333331,0.5,0,1,,0,1,1,1,1.3566001989788001,0.49727489408540743
openbci,cross_task_stroop_to_arithmetic,Stroop to Arithmetic,direction_specific_26_posthoc,6,stack_recording,OOF recording-level stacking,3,1,2,1,0,2,0,0.33333333333333331,0.5,0,1,,0,0,0.41666666666666663,0.58333333333333326,1.195096189021795,0.46497333889624409
openbci,cross_task_stroop_to_arithmetic,Stroop to Arithmetic,direction_specific_26_posthoc,7,always_fuse,Always fused,3,1,2,0,1,0,2,0.66666666666666663,0.5,1,0,0.66666666666666663,0.80000000000000004,0,0.41666666666666663,0.58333333333333326,0.68917601270938356,0.24694860872762359
openbci,cross_task_stroop_to_arithmetic,Stroop to Arithmetic,direction_specific_26_posthoc,7,always_nn,Always neural,3,1,2,0,1,0,2,0.66666666666666663,0.5,1,0,0.66666666666666663,0.80000000000000004,0.5,0.79166666666666663,0.83333333333333326,1.3789092727493175,0.32490009404925196
openbci,cross_task_stroop_to_arithmetic,Stroop to Arithmetic,direction_specific_26_posthoc,7,cbsf,CB-SF,3,1,2,0,1,0,2,0.66666666666666663,0.5,1,0,0.66666666666666663,0.80000000000000004,0.5,0.79166666666666663,0.83333333333333326,1.1397836410940696,0.31437104687015116
openbci,cross_task_stroop_to_arithmetic,Stroop to Arithmetic,direction_specific_26_posthoc,7,dasf_clean,DASF,3,1,2,0,1,0,2,0.66666666666666663,0.5,1,0,0.66666666666666663,0.80000000000000004,0.5,0.79166666666666663,0.83333333333333326,1.3789092727493193,0.32490009404925202
openbci,cross_task_stroop_to_arithmetic,Stroop to Arithmetic,direction_specific_26_posthoc,7,eeg_conformer,EEG-Conformer,3,1,2,0,1,0,2,0.66666666666666663,0.5,1,0,0.66666666666666663,0.80000000000000004,1,1,1,1.8542485208137451,0.33076997389717372
openbci,cross_task_stroop_to_arithmetic,Stroop to Arithmetic,direction_specific_26_posthoc,7,eegnet,EEGNet,3,1,2,1,0,0,2,1,1,1,1,1,1,1,1,1,0.637031827039097,0.22204484034677241
openbci,cross_task_stroop_to_arithmetic,Stroop to Arithmetic,direction_specific_26_posthoc,7,equal_blend_050,Equal blend (50%),3,1,2,0,1,0,2,0.66666666666666663,0.5,1,0,0.66666666666666663,0.80000000000000004,0.5,0.79166666666666663,0.83333333333333326,0.7371667579049922,0.25911963479136069
openbci,cross_task_stroop_to_arithmetic,Stroop to Arithmetic,direction_specific_26_posthoc,7,extra_trees,Extra Trees,3,1,2,0,1,0,2,0.66666666666666663,0.5,1,0,0.66666666666666663,0.80000000000000004,1,1,1,0.60603353780443714,0.20763518809222939
openbci,cross_task_stroop_to_arithmetic,Stroop to Arithmetic,direction_specific_26_posthoc,7,fixed_blend_010,Fixed blend (10%),3,1,2,0,1,0,2,0.66666666666666663,0.5,1,0,0.66666666666666663,0.80000000000000004,0.5,0.79166666666666663,0.83333333333333326,1.0038489441777934,0.30344806974204902
openbci,cross_task_stroop_to_arithmetic,Stroop to Arithmetic,direction_specific_26_posthoc,7,fixed_blend_025,Fixed blend (25%),3,1,2,0,1,0,2,0.66666666666666663,0.5,1,0,0.66666666666666663,0.80000000000000004,0.5,0.79166666666666663,0.83333333333333326,0.84521440154767802,0.28228485807027465
openbci,cross_task_stroop_to_arithmetic,Stroop to Arithmetic,direction_specific_26_posthoc,7,rf,Random forest,3,1,2,0,1,0,2,0.66666666666666663,0.5,1,0,0.66666666666666663,0.80000000000000004,1,1,1,0.62564645807798314,0.21658952150110553
openbci,cross_task_stroop_to_arithmetic,Stroop to Arithmetic,direction_specific_26_posthoc,7,riemann_mdm,Riemannian MDM,3,1,2,0,1,0,2,0.66666666666666663,0.5,1,0,0.66666666666666663,0.80000000000000004,1,1,1,0.3346026921579312,0.1337341237372944
openbci,cross_task_stroop_to_arithmetic,Stroop to Arithmetic,direction_specific_26_posthoc,7,riemann_ts_logreg,Riemannian TS-LR,3,1,2,1,0,2,0,0.33333333333333331,0.5,0,1,,0,1,1,1,2.0856026095691078,0.5030498595138021
openbci,cross_task_stroop_to_arithmetic,Stroop to Arithmetic,direction_specific_26_posthoc,7,stack_recording,OOF recording-level stacking,3,1,2,0,1,0,2,0.66666666666666663,0.5,1,0,0.66666666666666663,0.80000000000000004,0.5,0.79166666666666663,0.83333333333333326,1.7136767159311412,0.32947803222278099
openbci,cross_task_stroop_to_arithmetic,Stroop to Arithmetic,direction_specific_26_posthoc,8,always_fuse,Always fused,3,1,2,1,0,2,0,0.33333333333333331,0.5,0,1,,0,0.5,0.79166666666666663,0.83333333333333326,0.74150760822556849,0.27312641123692544
openbci,cross_task_stroop_to_arithmetic,Stroop to Arithmetic,direction_specific_26_posthoc,8,always_nn,Always neural,3,1,2,0,1,0,2,0.66666666666666663,0.5,1,0,0.66666666666666663,0.80000000000000004,0.5,0.79166666666666663,0.83333333333333326,0.68915921096332566,0.26818571471915165
openbci,cross_task_stroop_to_arithmetic,Stroop to Arithmetic,direction_specific_26_posthoc,8,cbsf,CB-SF,3,1,2,1,0,1,1,0.66666666666666663,0.75,0.5,1,1,0.66666666666666663,0.5,0.79166666666666663,0.83333333333333326,0.70946057766048554,0.25738569242771497
openbci,cross_task_stroop_to_arithmetic,Stroop to Arithmetic,direction_specific_26_posthoc,8,dasf_clean,DASF,3,1,2,0,1,0,2,0.66666666666666663,0.5,1,0,0.66666666666666663,0.80000000000000004,0.5,0.79166666666666663,0.83333333333333326,0.68915921096332544,0.26818571471915148
openbci,cross_task_stroop_to_arithmetic,Stroop to Arithmetic,direction_specific_26_posthoc,8,eeg_conformer,EEG-Conformer,3,1,2,0,1,1,1,0.33333333333333331,0.25,0.5,0,0.5,0.5,0.5,0.79166666666666663,0.83333333333333326,0.73099676087254395,0.27531440774983174
openbci,cross_task_stroop_to_arithmetic,Stroop to Arithmetic,direction_specific_26_posthoc,8,eegnet,EEGNet,3,1,2,0,1,1,1,0.33333333333333331,0.25,0.5,0,0.5,0.5,0.5,0.79166666666666663,0.83333333333333326,0.74563334375197066,0.27575652429813408
openbci,cross_task_stroop_to_arithmetic,Stroop to Arithmetic,direction_specific_26_posthoc,8,equal_blend_050,Equal blend (50%),3,1,2,1,0,1,1,0.66666666666666663,0.75,0.5,1,1,0.66666666666666663,0.5,0.79166666666666663,0.83333333333333326,0.66859506996359874,0.23759045767030176
openbci,cross_task_stroop_to_arithmetic,Stroop to Arithmetic,direction_specific_26_posthoc,8,extra_trees,Extra Trees,3,1,2,1,0,1,1,0.66666666666666663,0.75,0.5,1,1,0.66666666666666663,0.5,0.79166666666666663,0.83333333333333326,0.59861687548527087,0.20506575572075322
openbci,cross_task_stroop_to_arithmetic,Stroop to Arithmetic,direction_specific_26_posthoc,8,fixed_blend_010,Fixed blend (10%),3,1,2,1,0,1,1,0.66666666666666663,0.75,0.5,1,1,0.66666666666666663,0.5,0.79166666666666663,0.83333333333333326,0.60301302359327291,0.21070408228968443
openbci,cross_task_stroop_to_arithmetic,Stroop to Arithmetic,direction_specific_26_posthoc,8,fixed_blend_025,Fixed blend (25%),3,1,2,1,0,1,1,0.66666666666666663,0.75,0.5,1,1,0.66666666666666663,0.5,0.79166666666666663,0.83333333333333326,0.63136373474655383,0.22090614846368625
openbci,cross_task_stroop_to_arithmetic,Stroop to Arithmetic,direction_specific_26_posthoc,8,rf,Random forest,3,1,2,1,0,1,1,0.66666666666666663,0.75,0.5,1,1,0.66666666666666663,0.5,0.79166666666666663,0.83333333333333326,0.56896632352401877,0.19255573256357519
openbci,cross_task_stroop_to_arithmetic,Stroop to Arithmetic,direction_specific_26_posthoc,8,riemann_mdm,Riemannian MDM,3,1,2,1,0,1,1,0.66666666666666663,0.75,0.5,1,1,0.66666666666666663,0.5,0.79166666666666663,0.83333333333333326,0.73995856919194303,0.27276512250455126
openbci,cross_task_stroop_to_arithmetic,Stroop to Arithmetic,direction_specific_26_posthoc,8,riemann_ts_logreg,Riemannian TS-LR,3,1,2,1,0,2,0,0.33333333333333331,0.5,0,1,,0,0,0.41666666666666663,0.58333333333333326,0.88618450109565339,0.34038142847156805
openbci,cross_task_stroop_to_arithmetic,Stroop to Arithmetic,direction_specific_26_posthoc,8,stack_recording,OOF recording-level stacking,3,1,2,1,0,1,1,0.66666666666666663,0.75,0.5,1,1,0.66666666666666663,0.5,0.79166666666666663,0.83333333333333326,1.1310174956356847,0.32546991018793059
openbci,cross_task_stroop_to_arithmetic,Stroop to Arithmetic,direction_specific_26_posthoc,9,always_fuse,Always fused,3,1,2,0,1,0,2,0.66666666666666663,0.5,1,0,0.66666666666666663,0.80000000000000004,0.5,0.79166666666666663,0.83333333333333326,0.64253292312243804,0.22501077259581148
openbci,cross_task_stroop_to_arithmetic,Stroop to Arithmetic,direction_specific_26_posthoc,9,always_nn,Always neural,3,1,2,0,1,1,1,0.33333333333333331,0.25,0.5,0,0.5,0.5,0.5,0.79166666666666663,0.83333333333333326,0.88981521521578466,0.3393911430317802
openbci,cross_task_stroop_to_arithmetic,Stroop to Arithmetic,direction_specific_26_posthoc,9,cbsf,CB-SF,3,1,2,0,1,0,2,0.66666666666666663,0.5,1,0,0.66666666666666663,0.80000000000000004,0.5,0.79166666666666663,0.83333333333333326,0.65517875987097618,0.23131471816178215
openbci,cross_task_stroop_to_arithmetic,Stroop to Arithmetic,direction_specific_26_posthoc,9,dasf_clean,DASF,3,1,2,0,1,0,2,0.66666666666666663,0.5,1,0,0.66666666666666663,0.80000000000000004,0.5,0.79166666666666663,0.83333333333333326,0.64253292312243804,0.22501077259581148
openbci,cross_task_stroop_to_arithmetic,Stroop to Arithmetic,direction_specific_26_posthoc,9,eeg_conformer,EEG-Conformer,3,1,2,0,1,0,2,0.66666666666666663,0.5,1,0,0.66666666666666663,0.80000000000000004,0,0.41666666666666663,0.58333333333333326,1.3556842286740036,0.33836347779844628
openbci,cross_task_stroop_to_arithmetic,Stroop to Arithmetic,direction_specific_26_posthoc,9,eegnet,EEGNet,3,1,2,0,1,0,2,0.66666666666666663,0.5,1,0,0.66666666666666663,0.80000000000000004,0.5,0.79166666666666663,0.83333333333333326,0.78223873114904219,0.27173869027555603
openbci,cross_task_stroop_to_arithmetic,Stroop to Arithmetic,direction_specific_26_posthoc,9,equal_blend_050,Equal blend (50%),3,1,2,0,1,0,2,0.66666666666666663,0.5,1,0,0.66666666666666663,0.80000000000000004,0.5,0.79166666666666663,0.83333333333333326,0.67597961546075336,0.24170447895325631
openbci,cross_task_stroop_to_arithmetic,Stroop to Arithmetic,direction_specific_26_posthoc,9,extra_trees,Extra Trees,3,1,2,0,1,0,2,0.66666666666666663,0.5,1,0,0.66666666666666663,0.80000000000000004,0.5,0.79166666666666663,0.83333333333333326,0.67433375999279299,0.24718523327610173
openbci,cross_task_stroop_to_arithmetic,Stroop to Arithmetic,direction_specific_26_posthoc,9,fixed_blend_010,Fixed blend (10%),3,1,2,0,1,1,1,0.33333333333333331,0.25,0.5,0,0.5,0.5,0.5,0.79166666666666663,0.83333333333333326,0.73345067673406428,0.27031966677497016
openbci,cross_task_stroop_to_arithmetic,Stroop to Arithmetic,direction_specific_26_posthoc,9,fixed_blend_025,Fixed blend (25%),3,1,2,0,1,1,1,0.33333333333333331,0.25,0.5,0,0.5,0.5,0.5,0.79166666666666663,0.83333333333333326,0.70164064161238959,0.25451420511355333
openbci,cross_task_stroop_to_arithmetic,Stroop to Arithmetic,direction_specific_26_posthoc,9,rf,Random forest,3,1,2,0,1,1,1,0.33333333333333331,0.25,0.5,0,0.5,0.5,0.5,0.79166666666666663,0.83333333333333326,0.71740463189433035,0.27030852712089914
openbci,cross_task_stroop_to_arithmetic,Stroop to Arithmetic,direction_specific_26_posthoc,9,riemann_mdm,Riemannian MDM,3,1,2,0,1,0,2,0.66666666666666663,0.5,1,0,0.66666666666666663,0.80000000000000004,0.5,0.79166666666666663,0.83333333333333326,1.1233787365765935,0.31097550015501602
openbci,cross_task_stroop_to_arithmetic,Stroop to Arithmetic,direction_specific_26_posthoc,9,riemann_ts_logreg,Riemannian TS-LR,3,1,2,1,0,1,1,0.66666666666666663,0.75,0.5,1,1,0.66666666666666663,1,1,1,0.56066785802496977,0.20327048132542222
openbci,cross_task_stroop_to_arithmetic,Stroop to Arithmetic,direction_specific_26_posthoc,9,stack_recording,OOF recording-level stacking,3,1,2,0,1,1,1,0.33333333333333331,0.25,0.5,0,0.5,0.5,0.5,0.79166666666666663,0.83333333333333326,0.72986362659201909,0.26827742264911608
openbci,cross_task_stroop_to_arithmetic,Stroop to Arithmetic,direction_specific_26_posthoc,10,always_fuse,Always fused,3,1,2,1,0,2,0,0.33333333333333331,0.5,0,1,,0,1,1,1,0.71497079289794119,0.26112272767076877
openbci,cross_task_stroop_to_arithmetic,Stroop to Arithmetic,direction_specific_26_posthoc,10,always_nn,Always neural,3,1,2,1,0,1,1,0.66666666666666663,0.75,0.5,1,1,0.66666666666666663,0.5,0.79166666666666663,0.83333333333333326,0.75592019625566331,0.27973682741270667
openbci,cross_task_stroop_to_arithmetic,Stroop to Arithmetic,direction_specific_26_posthoc,10,cbsf,CB-SF,3,1,2,1,0,2,0,0.33333333333333331,0.5,0,1,,0,1,1,1,0.71978696855826119,0.26324385920674498
openbci,cross_task_stroop_to_arithmetic,Stroop to Arithmetic,direction_specific_26_posthoc,10,dasf_clean,DASF,3,1,2,1,0,2,0,0.33333333333333331,0.5,0,1,,0,1,1,1,0.71497079289794119,0.26112272767076877
openbci,cross_task_stroop_to_arithmetic,Stroop to Arithmetic,direction_specific_26_posthoc,10,eeg_conformer,EEG-Conformer,3,1,2,1,0,0,2,1,1,1,1,1,1,1,1,1,0.46079475741965076,0.14646386947766393
openbci,cross_task_stroop_to_arithmetic,Stroop to Arithmetic,direction_specific_26_posthoc,10,eegnet,EEGNet,3,1,2,1,0,1,1,0.66666666666666663,0.75,0.5,1,1,0.66666666666666663,1,1,1,0.63238273045924442,0.22084098798779939
openbci,cross_task_stroop_to_arithmetic,Stroop to Arithmetic,direction_specific_26_posthoc,10,equal_blend_050,Equal blend (50%),3,1,2,1,0,2,0,0.33333333333333331,0.5,0,1,,0,0.5,0.79166666666666663,0.83333333333333326,0.72936910800903532,0.26761843032778171
openbci,cross_task_stroop_to_arithmetic,Stroop to Arithmetic,direction_specific_26_posthoc,10,extra_trees,Extra Trees,3,1,2,1,0,2,0,0.33333333333333331,0.5,0,1,,0,0.5,0.79166666666666663,0.83333333333333326,0.80702905976788308,0.30504668049871803
openbci,cross_task_stroop_to_arithmetic,Stroop to Arithmetic,direction_specific_26_posthoc,10,fixed_blend_010,Fixed blend (10%),3,1,2,1,0,1,1,0.66666666666666663,0.75,0.5,1,1,0.66666666666666663,0.5,0.79166666666666663,0.83333333333333326,0.74887539108208501,0.27656280387364801
openbci,cross_task_stroop_to_arithmetic,Stroop to Arithmetic,direction_specific_26_posthoc,10,fixed_blend_025,Fixed blend (25%),3,1,2,1,0,1,1,0.66666666666666663,0.75,0.5,1,1,0.66666666666666663,0.5,0.79166666666666663,0.83333333333333326,0.7402719419537066,0.27263384680369174
openbci,cross_task_stroop_to_arithmetic,Stroop to Arithmetic,direction_specific_26_posthoc,10,rf,Random forest,3,1,2,1,0,2,0,0.33333333333333331,0.5,0,1,,0,1,1,1,0.8146935501533964,0.30685669187379577
openbci,cross_task_stroop_to_arithmetic,Stroop to Arithmetic,direction_specific_26_posthoc,10,riemann_mdm,Riemannian MDM,3,1,2,1,0,2,0,0.33333333333333331,0.5,0,1,,0,1,1,1,7.0608222012261024,0.6666324238720267
openbci,cross_task_stroop_to_arithmetic,Stroop to Arithmetic,direction_specific_26_posthoc,10,riemann_ts_logreg,Riemannian TS-LR,3,1,2,1,0,2,0,0.33333333333333331,0.5,0,1,,0,0.5,0.79166666666666663,0.83333333333333326,1.6407400616208101,0.53705377480177141
openbci,cross_task_stroop_to_arithmetic,Stroop to Arithmetic,direction_specific_26_posthoc,10,stack_recording,OOF recording-level stacking,3,1,2,1,0,1,1,0.66666666666666663,0.75,0.5,1,1,0.66666666666666663,1,1,1,0.66147393764735796,0.2347837103823476
openbci,cross_task_stroop_to_arithmetic,Stroop to Arithmetic,direction_specific_26_posthoc,11,always_fuse,Always fused,3,1,2,1,0,2,0,0.33333333333333331,0.5,0,1,,0,0,0.41666666666666663,0.58333333333333326,1.2096078515182107,0.45620264287843798
openbci,cross_task_stroop_to_arithmetic,Stroop to Arithmetic,direction_specific_26_posthoc,11,always_nn,Always neural,3,1,2,1,0,2,0,0.33333333333333331,0.5,0,1,,0,0,0.41666666666666663,0.58333333333333326,7.3736312525387744,0.6663071636179424
openbci,cross_task_stroop_to_arithmetic,Stroop to Arithmetic,direction_specific_26_posthoc,11,cbsf,CB-SF,3,1,2,1,0,2,0,0.33333333333333331,0.5,0,1,,0,0,0.41666666666666663,0.58333333333333326,1.9730610348530064,0.58241145162114949
openbci,cross_task_stroop_to_arithmetic,Stroop to Arithmetic,direction_specific_26_posthoc,11,dasf_clean,DASF,3,1,2,1,0,2,0,0.33333333333333331,0.5,0,1,,0,0,0.41666666666666663,0.58333333333333326,7.3736312525387788,0.6663071636179424
openbci,cross_task_stroop_to_arithmetic,Stroop to Arithmetic,direction_specific_26_posthoc,11,eeg_conformer,EEG-Conformer,3,1,2,1,0,2,0,0.33333333333333331,0.5,0,1,,0,0,0.41666666666666663,0.58333333333333326,4.1472353110388314,0.66376715918414841
openbci,cross_task_stroop_to_arithmetic,Stroop to Arithmetic,direction_specific_26_posthoc,11,eegnet,EEGNet,3,1,2,0,1,2,0,0,0,0,0,0,0,0,0.41666666666666663,0.58333333333333326,0.97415555988893987,0.38546688532584605
openbci,cross_task_stroop_to_arithmetic,Stroop to Arithmetic,direction_specific_26_posthoc,11,equal_blend_050,Equal blend (50%),3,1,2,1,0,2,0,0.33333333333333331,0.5,0,1,,0,0,0.41666666666666663,0.58333333333333326,1.4976880355821784,0.52039233520423511
openbci,cross_task_stroop_to_arithmetic,Stroop to Arithmetic,direction_specific_26_posthoc,11,extra_trees,Extra Trees,3,1,2,1,0,2,0,0.33333333333333331,0.5,0,1,,0,0.5,0.79166666666666663,0.83333333333333326,0.91204243348473957,0.34940049852049926
openbci,cross_task_stroop_to_arithmetic,Stroop to Arithmetic,direction_specific_26_posthoc,11,fixed_blend_010,Fixed blend (10%),3,1,2,1,0,2,0,0.33333333333333331,0.5,0,1,,0,0,0.41666666666666663,0.58333333333333326,2.1921114884848256,0.60048513049027952
openbci,cross_task_stroop_to_arithmetic,Stroop to Arithmetic,direction_specific_26_posthoc,11,fixed_blend_025,Fixed blend (25%),3,1,2,1,0,2,0,0.33333333333333331,0.5,0,1,,0,0,0.41666666666666663,0.58333333333333326,1.7928373107756563,0.56339501595376906
openbci,cross_task_stroop_to_arithmetic,Stroop to Arithmetic,direction_specific_26_posthoc,11,rf,Random forest,3,1,2,1,0,2,0,0.33333333333333331,0.5,0,1,,0,0,0.41666666666666663,0.58333333333333326,0.97932432048973406,0.37921877077844751
openbci,cross_task_stroop_to_arithmetic,Stroop to Arithmetic,direction_specific_26_posthoc,11,riemann_mdm,Riemannian MDM,3,1,2,0,1,0,2,0.66666666666666663,0.5,1,0,0.66666666666666663,0.80000000000000004,0.5,0.79166666666666663,0.83333333333333326,0.63929860461013266,0.22344072760362613
openbci,cross_task_stroop_to_arithmetic,Stroop to Arithmetic,direction_specific_26_posthoc,11,riemann_ts_logreg,Riemannian TS-LR,3,1,2,0,1,1,1,0.33333333333333331,0.25,0.5,0,0.5,0.5,0,0.41666666666666663,0.58333333333333326,1.1024147973613672,0.41190325655460408
openbci,cross_task_stroop_to_arithmetic,Stroop to Arithmetic,direction_specific_26_posthoc,11,stack_recording,OOF recording-level stacking,3,1,2,1,0,2,0,0.33333333333333331,0.5,0,1,,0,0,0.41666666666666663,0.58333333333333326,7.1540984302320103,0.66649706261260777
openbci,cross_task_stroop_to_arithmetic,Stroop to Arithmetic,direction_specific_26_posthoc,12,always_fuse,Always fused,3,1,2,0,1,1,1,0.33333333333333331,0.25,0.5,0,0.5,0.5,0.5,0.79166666666666663,0.83333333333333326,0.69637688949002208,0.2516147668503535
openbci,cross_task_stroop_to_arithmetic,Stroop to Arithmetic,direction_specific_26_posthoc,12,always_nn,Always neural,3,1,2,0,1,0,2,0.66666666666666663,0.5,1,0,0.66666666666666663,0.80000000000000004,0,0.41666666666666663,0.58333333333333326,0.70169223855241336,0.25179788418497534
openbci,cross_task_stroop_to_arithmetic,Stroop to Arithmetic,direction_specific_26_posthoc,12,cbsf,CB-SF,3,1,2,0,1,0,2,0.66666666666666663,0.5,1,0,0.66666666666666663,0.80000000000000004,0,0.41666666666666663,0.58333333333333326,0.6897792619570321,0.24830840686489011
openbci,cross_task_stroop_to_arithmetic,Stroop to Arithmetic,direction_specific_26_posthoc,12,dasf_clean,DASF,3,1,2,0,1,1,1,0.33333333333333331,0.25,0.5,0,0.5,0.5,0.5,0.79166666666666663,0.83333333333333326,0.69637688949002208,0.2516147668503535
openbci,cross_task_stroop_to_arithmetic,Stroop to Arithmetic,direction_specific_26_posthoc,12,eeg_conformer,EEG-Conformer,3,1,2,0,1,0,2,0.66666666666666663,0.5,1,0,0.66666666666666663,0.80000000000000004,0,0.41666666666666663,0.58333333333333326,1.4046515114618019,0.32344721879384319
openbci,cross_task_stroop_to_arithmetic,Stroop to Arithmetic,direction_specific_26_posthoc,12,eegnet,EEGNet,3,1,2,0,1,0,2,0.66666666666666663,0.5,1,0,0.66666666666666663,0.80000000000000004,0.5,0.79166666666666663,0.83333333333333326,0.66299599367938999,0.23500181423589597
openbci,cross_task_stroop_to_arithmetic,Stroop to Arithmetic,direction_specific_26_posthoc,12,equal_blend_050,Equal blend (50%),3,1,2,0,1,0,2,0.66666666666666663,0.5,1,0,0.66666666666666663,0.80000000000000004,0,0.41666666666666663,0.58333333333333326,0.68450117601743232,0.2455632416649571
openbci,cross_task_stroop_to_arithmetic,Stroop to Arithmetic,direction_specific_26_posthoc,12,extra_trees,Extra Trees,3,1,2,0,1,0,2,0.66666666666666663,0.5,1,0,0.66666666666666663,0.80000000000000004,0.5,0.79166666666666663,0.83333333333333326,0.59819620803998619,0.20589306978268709
openbci,cross_task_stroop_to_arithmetic,Stroop to Arithmetic,direction_specific_26_posthoc,12,fixed_blend_010,Fixed blend (10%),3,1,2,0,1,0,2,0.66666666666666663,0.5,1,0,0.66666666666666663,0.80000000000000004,0,0.41666666666666663,0.58333333333333326,0.69187399451631615,0.24809796161709738
openbci,cross_task_stroop_to_arithmetic,Stroop to Arithmetic,direction_specific_26_posthoc,12,fixed_blend_025,Fixed blend (25%),3,1,2,0,1,0,2,0.66666666666666663,0.5,1,0,0.66666666666666663,0.80000000000000004,0,0.41666666666666663,0.58333333333333326,0.68587244026113714,0.24583892111713043
openbci,cross_task_stroop_to_arithmetic,Stroop to Arithmetic,direction_specific_26_posthoc,12,rf,Random forest,3,1,2,0,1,0,2,0.66666666666666663,0.5,1,0,0.66666666666666663,0.80000000000000004,0.5,0.79166666666666663,0.83333333333333326,0.62868226065772237,0.2188857057730991
openbci,cross_task_stroop_to_arithmetic,Stroop to Arithmetic,direction_specific_26_posthoc,12,riemann_mdm,Riemannian MDM,3,1,2,0,1,0,2,0.66666666666666663,0.5,1,0,0.66666666666666663,0.80000000000000004,0.5,0.79166666666666663,0.83333333333333326,0.69484661167234141,0.25019168257045082
openbci,cross_task_stroop_to_arithmetic,Stroop to Arithmetic,direction_specific_26_posthoc,12,riemann_ts_logreg,Riemannian TS-LR,3,1,2,0,1,0,2,0.66666666666666663,0.5,1,0,0.66666666666666663,0.80000000000000004,0,0.41666666666666663,0.58333333333333326,1.159440904220882,0.31551958535032898
openbci,cross_task_stroop_to_arithmetic,Stroop to Arithmetic,direction_specific_26_posthoc,12,stack_recording,OOF recording-level stacking,3,1,2,1,0,2,0,0.33333333333333331,0.5,0,1,,0,0,0.41666666666666663,0.58333333333333326,0.72468201237409613,0.26573339925987294
openbci,cross_task_stroop_to_arithmetic,Stroop to Arithmetic,direction_specific_26_posthoc,13,always_fuse,Always fused,3,1,2,0,1,0,2,0.66666666666666663,0.5,1,0,0.66666666666666663,0.80000000000000004,0,0.41666666666666663,0.58333333333333326,0.71529793002198694,0.2610202591094159
openbci,cross_task_stroop_to_arithmetic,Stroop to Arithmetic,direction_specific_26_posthoc,13,always_nn,Always neural,3,1,2,1,0,1,1,0.66666666666666663,0.75,0.5,1,1,0.66666666666666663,1,1,1,0.60042575376195073,0.20714160161773298
openbci,cross_task_stroop_to_arithmetic,Stroop to Arithmetic,direction_specific_26_posthoc,13,cbsf,CB-SF,3,1,2,0,1,0,2,0.66666666666666663,0.5,1,0,0.66666666666666663,0.80000000000000004,0.5,0.79166666666666663,0.83333333333333326,0.67555466714850787,0.24121771596557851
openbci,cross_task_stroop_to_arithmetic,Stroop to Arithmetic,direction_specific_26_posthoc,13,dasf_clean,DASF,3,1,2,0,1,0,2,0.66666666666666663,0.5,1,0,0.66666666666666663,0.80000000000000004,0,0.41666666666666663,0.58333333333333326,0.71529793002198694,0.2610202591094159
openbci,cross_task_stroop_to_arithmetic,Stroop to Arithmetic,direction_specific_26_posthoc,13,eeg_conformer,EEG-Conformer,3,1,2,0,1,0,2,0.66666666666666663,0.5,1,0,0.66666666666666663,0.80000000000000004,1,1,1,0.60218095145900963,0.22588924059726742
openbci,cross_task_stroop_to_arithmetic,Stroop to Arithmetic,direction_specific_26_posthoc,13,eegnet,EEGNet,3,1,2,0,1,0,2,0.66666666666666663,0.5,1,0,0.66666666666666663,0.80000000000000004,0.5,0.79166666666666663,0.83333333333333326,0.61384173748887538,0.21178290244322043
openbci,cross_task_stroop_to_arithmetic,Stroop to Arithmetic,direction_specific_26_posthoc,13,equal_blend_050,Equal blend (50%),3,1,2,1,0,1,1,0.66666666666666663,0.75,0.5,1,1,0.66666666666666663,1,1,1,0.62298342735053502,0.21522538788484721
openbci,cross_task_stroop_to_arithmetic,Stroop to Arithmetic,direction_specific_26_posthoc,13,extra_trees,Extra Trees,3,1,2,1,0,1,1,0.66666666666666663,0.75,0.5,1,1,0.66666666666666663,0.5,0.79166666666666663,0.83333333333333326,0.68874158173440836,0.24793040218414561
openbci,cross_task_stroop_to_arithmetic,Stroop to Arithmetic,direction_specific_26_posthoc,13,fixed_blend_010,Fixed blend (10%),3,1,2,1,0,1,1,0.66666666666666663,0.75,0.5,1,1,0.66666666666666663,1,1,1,0.56753680589293143,0.19046577566299991
openbci,cross_task_stroop_to_arithmetic,Stroop to Arithmetic,direction_specific_26_posthoc,13,fixed_blend_025,Fixed blend (25%),3,1,2,1,0,1,1,0.66666666666666663,0.75,0.5,1,1,0.66666666666666663,1,1,1,0.58399427226985301,0.19693188163792277
openbci,cross_task_stroop_to_arithmetic,Stroop to Arithmetic,direction_specific_26_posthoc,13,rf,Random forest,3,1,2,1,0,1,1,0.66666666666666663,0.75,0.5,1,1,0.66666666666666663,0.5,0.79166666666666663,0.83333333333333326,0.77540741052976936,0.28745992828897932
openbci,cross_task_stroop_to_arithmetic,Stroop to Arithmetic,direction_specific_26_posthoc,13,riemann_mdm,Riemannian MDM,3,1,2,0,1,0,2,0.66666666666666663,0.5,1,0,0.66666666666666663,0.80000000000000004,1,1,1,0.69626683853584315,0.24623570693469965
openbci,cross_task_stroop_to_arithmetic,Stroop to Arithmetic,direction_specific_26_posthoc,13,riemann_ts_logreg,Riemannian TS-LR,3,1,2,0,1,0,2,0.66666666666666663,0.5,1,0,0.66666666666666663,0.80000000000000004,1,1,1,0.41696546444393712,0.14904042900310019
openbci,cross_task_stroop_to_arithmetic,Stroop to Arithmetic,direction_specific_26_posthoc,13,stack_recording,OOF recording-level stacking,3,1,2,0,1,0,2,0.66666666666666663,0.5,1,0,0.66666666666666663,0.80000000000000004,0,0.41666666666666663,0.58333333333333326,0.74429046593993764,0.27480067854636991
