dataset,setting,setting_display,comparison_family,method,method_display,metric,higher_is_better,n_participants,participant_macro_mean,participant_standard_deviation,participant_median,ci95_percentile_low,ci95_percentile_high,ci95_width
openbci,cross_task_arithmetic_to_stroop,Arithmetic to Stroop,direction_specific_26_posthoc,always_fuse,Always fused,accuracy,True,13,0.58974358974358965,0.24167035069399473,0.66666666666666663,0.46153846153846145,0.71794871794871795,0.2564102564102565
openbci,cross_task_arithmetic_to_stroop,Arithmetic to Stroop,direction_specific_26_posthoc,always_fuse,Always fused,balanced_accuracy,True,13,0.53846153846153844,0.24677405839641228,0.5,0.42307692307692307,0.67307692307692313,0.25000000000000006
openbci,cross_task_arithmetic_to_stroop,Arithmetic to Stroop,direction_specific_26_posthoc,always_fuse,Always fused,sensitivity,True,13,0.69230769230769229,0.38397382389415224,1,0.5,0.88461538461538458,0.38461538461538458
openbci,cross_task_arithmetic_to_stroop,Arithmetic to Stroop,direction_specific_26_posthoc,always_fuse,Always fused,specificity,True,13,0.38461538461538464,0.50636968354183332,0,0.15384615384615385,0.61538461538461542,0.46153846153846156
openbci,cross_task_arithmetic_to_stroop,Arithmetic to Stroop,direction_specific_26_posthoc,always_fuse,Always fused,precision,True,11,0.71212121212121204,0.19847906537954926,0.66666666666666663,0.60606060606060608,0.83333333333333326,0.22727272727272718
openbci,cross_task_arithmetic_to_stroop,Arithmetic to Stroop,direction_specific_26_posthoc,always_fuse,Always fused,f1,True,13,0.6282051282051283,0.32456413902629527,0.80000000000000004,0.44615384615384612,0.7846153846153846,0.33846153846153848
openbci,cross_task_arithmetic_to_stroop,Arithmetic to Stroop,direction_specific_26_posthoc,always_fuse,Always fused,auroc,True,13,0.61538461538461542,0.46340434799814922,1,0.38461538461538464,0.84615384615384615,0.46153846153846151
openbci,cross_task_arithmetic_to_stroop,Arithmetic to Stroop,direction_specific_26_posthoc,always_fuse,Always fused,pr_auc,True,13,0.78846153846153832,0.26866737449801775,1,0.64102564102564108,0.92307692307692291,0.28205128205128183
openbci,cross_task_arithmetic_to_stroop,Arithmetic to Stroop,direction_specific_26_posthoc,always_fuse,Always fused,average_precision,True,13,0.84615384615384626,0.19198691194707615,1,0.74358974358974372,0.94230769230769229,0.19871794871794857
openbci,cross_task_arithmetic_to_stroop,Arithmetic to Stroop,direction_specific_26_posthoc,always_fuse,Always fused,log_loss,False,13,0.83648790627542147,0.47261720624733694,0.68169536748353499,0.67594070990287336,1.1133394300217079,0.43739872011883452
openbci,cross_task_arithmetic_to_stroop,Arithmetic to Stroop,direction_specific_26_posthoc,always_fuse,Always fused,brier_score,False,13,0.26260023231664315,0.045221619375245478,0.24427576261658046,0.24137031379214297,0.28778362592248841,0.046413312130345441
openbci,cross_task_arithmetic_to_stroop,Arithmetic to Stroop,direction_specific_26_posthoc,always_nn,Always neural,accuracy,True,13,0.64102564102564108,0.16451603893094152,0.66666666666666663,0.5641025641025641,0.71794871794871795,0.15384615384615385
openbci,cross_task_arithmetic_to_stroop,Arithmetic to Stroop,direction_specific_26_posthoc,always_nn,Always neural,balanced_accuracy,True,13,0.53846153846153844,0.17218430793029862,0.5,0.46153846153846156,0.63461538461538458,0.17307692307692302
openbci,cross_task_arithmetic_to_stroop,Arithmetic to Stroop,direction_specific_26_posthoc,always_nn,Always neural,sensitivity,True,13,0.84615384615384615,0.31521258597805757,1,0.65384615384615385,1,0.34615384615384615
openbci,cross_task_arithmetic_to_stroop,Arithmetic to Stroop,direction_specific_26_posthoc,always_nn,Always neural,specificity,True,13,0.23076923076923078,0.4385290096535146,0,0,0.46153846153846156,0.46153846153846156
openbci,cross_task_arithmetic_to_stroop,Arithmetic to Stroop,direction_specific_26_posthoc,always_nn,Always neural,precision,True,12,0.70833333333333337,0.14433756729740643,0.66666666666666663,0.63888888888888895,0.80555555555555536,0.16666666666666641
openbci,cross_task_arithmetic_to_stroop,Arithmetic to Stroop,direction_specific_26_posthoc,always_nn,Always neural,f1,True,13,0.72051282051282051,0.24249416241101313,0.80000000000000004,0.58205128205128198,0.82051282051282071,0.23846153846153872
openbci,cross_task_arithmetic_to_stroop,Arithmetic to Stroop,direction_specific_26_posthoc,always_nn,Always neural,auroc,True,13,0.61538461538461542,0.41602514716892186,0.5,0.38461538461538464,0.80769230769230771,0.42307692307692307
openbci,cross_task_arithmetic_to_stroop,Arithmetic to Stroop,direction_specific_26_posthoc,always_nn,Always neural,pr_auc,True,13,0.80128205128205121,0.23823828120702736,0.79166666666666663,0.66666666666666674,0.91987179487179482,0.25320512820512808
openbci,cross_task_arithmetic_to_stroop,Arithmetic to Stroop,direction_specific_26_posthoc,always_nn,Always neural,average_precision,True,13,0.85256410256410264,0.17062604684879704,0.83333333333333326,0.7564102564102565,0.93589743589743601,0.17948717948717952
openbci,cross_task_arithmetic_to_stroop,Arithmetic to Stroop,direction_specific_26_posthoc,always_nn,Always neural,log_loss,False,13,1.268879009183338,0.91298190352102715,1.0642637774116117,0.84796303849084109,1.7924332028528993,0.94447016436205822
openbci,cross_task_arithmetic_to_stroop,Arithmetic to Stroop,direction_specific_26_posthoc,always_nn,Always neural,brier_score,False,13,0.31047286287844478,0.13865122035956776,0.30536831981022189,0.24133071724402405,0.38454743594662538,0.14321671870260133
openbci,cross_task_arithmetic_to_stroop,Arithmetic to Stroop,direction_specific_26_posthoc,cbsf,CB-SF,accuracy,True,13,0.58974358974358976,0.14617633655117152,0.66666666666666663,0.51282051282051277,0.66666666666666663,0.15384615384615385
openbci,cross_task_arithmetic_to_stroop,Arithmetic to Stroop,direction_specific_26_posthoc,cbsf,CB-SF,balanced_accuracy,True,13,0.48076923076923078,0.12338702919820613,0.5,0.42307692307692307,0.53846153846153844,0.11538461538461536
openbci,cross_task_arithmetic_to_stroop,Arithmetic to Stroop,direction_specific_26_posthoc,cbsf,CB-SF,sensitivity,True,13,0.80769230769230771,0.32522181779399545,1,0.61538461538461542,0.96153846153846156,0.34615384615384615
openbci,cross_task_arithmetic_to_stroop,Arithmetic to Stroop,direction_specific_26_posthoc,cbsf,CB-SF,specificity,True,13,0.15384615384615385,0.37553380809940534,0,0,0.38461538461538464,0.38461538461538464
openbci,cross_task_arithmetic_to_stroop,Arithmetic to Stroop,direction_specific_26_posthoc,cbsf,CB-SF,precision,True,12,0.66666666666666663,0.12309149097933272,0.66666666666666663,0.61111111111111116,0.73611111111111116,0.125
openbci,cross_task_arithmetic_to_stroop,Arithmetic to Stroop,direction_specific_26_posthoc,cbsf,CB-SF,f1,True,13,0.68205128205128207,0.23397348085539471,0.80000000000000004,0.5461538461538461,0.7794871794871796,0.2333333333333335
openbci,cross_task_arithmetic_to_stroop,Arithmetic to Stroop,direction_specific_26_posthoc,cbsf,CB-SF,auroc,True,13,0.5,0.40824829046386302,0.5,0.26923076923076922,0.69230769230769229,0.42307692307692307
openbci,cross_task_arithmetic_to_stroop,Arithmetic to Stroop,direction_specific_26_posthoc,cbsf,CB-SF,pr_auc,True,13,0.7403846153846152,0.2418544805117113,0.79166666666666663,0.60897435897435903,0.86217948717948711,0.25320512820512808
openbci,cross_task_arithmetic_to_stroop,Arithmetic to Stroop,direction_specific_26_posthoc,cbsf,CB-SF,average_precision,True,13,0.80769230769230782,0.17140694816821717,0.83333333333333326,0.71153846153846156,0.89743589743589736,0.18589743589743579
openbci,cross_task_arithmetic_to_stroop,Arithmetic to Stroop,direction_specific_26_posthoc,cbsf,CB-SF,log_loss,False,13,0.81535206616045408,0.49839548909935322,0.68026068883778468,0.65585703139874429,1.0993519492648429,0.44349491786609863
openbci,cross_task_arithmetic_to_stroop,Arithmetic to Stroop,direction_specific_26_posthoc,cbsf,CB-SF,brier_score,False,13,0.25013429382460262,0.035627845342046487,0.24368692915540482,0.23266258318759664,0.26987060458964079,0.037208021402044156
openbci,cross_task_arithmetic_to_stroop,Arithmetic to Stroop,direction_specific_26_posthoc,dasf_clean,DASF,accuracy,True,13,0.51282051282051266,0.1729581738875903,0.66666666666666663,0.43589743589743579,0.58974358974358987,0.15384615384615408
openbci,cross_task_arithmetic_to_stroop,Arithmetic to Stroop,direction_specific_26_posthoc,dasf_clean,DASF,balanced_accuracy,True,13,0.46153846153846156,0.13867504905630729,0.5,0.38461538461538464,0.53846153846153844,0.1538461538461538
openbci,cross_task_arithmetic_to_stroop,Arithmetic to Stroop,direction_specific_26_posthoc,dasf_clean,DASF,sensitivity,True,13,0.61538461538461542,0.41602514716892186,0.5,0.38461538461538464,0.80769230769230771,0.42307692307692307
openbci,cross_task_arithmetic_to_stroop,Arithmetic to Stroop,direction_specific_26_posthoc,dasf_clean,DASF,specificity,True,13,0.30769230769230771,0.48038446141526137,0,0.076923076923076927,0.53846153846153844,0.46153846153846151
openbci,cross_task_arithmetic_to_stroop,Arithmetic to Stroop,direction_specific_26_posthoc,dasf_clean,DASF,precision,True,10,0.65000000000000002,0.14593250596181886,0.66666666666666663,0.56666666666666665,0.75,0.18333333333333335
openbci,cross_task_arithmetic_to_stroop,Arithmetic to Stroop,direction_specific_26_posthoc,dasf_clean,DASF,f1,True,13,0.53589743589743588,0.32927010708353627,0.66666666666666663,0.35384615384615381,0.6974358974358974,0.34358974358974359
openbci,cross_task_arithmetic_to_stroop,Arithmetic to Stroop,direction_specific_26_posthoc,dasf_clean,DASF,auroc,True,13,0.46153846153846156,0.47703679372151431,0.5,0.23076923076923078,0.69230769230769229,0.46153846153846151
openbci,cross_task_arithmetic_to_stroop,Arithmetic to Stroop,direction_specific_26_posthoc,dasf_clean,DASF,pr_auc,True,13,0.69871794871794868,0.28113621471640976,0.79166666666666663,0.55128205128205132,0.84935897435897423,0.29807692307692291
openbci,cross_task_arithmetic_to_stroop,Arithmetic to Stroop,direction_specific_26_posthoc,dasf_clean,DASF,average_precision,True,13,0.78205128205128216,0.19993766834959151,0.83333333333333326,0.6794871794871794,0.88461538461538458,0.20512820512820518
openbci,cross_task_arithmetic_to_stroop,Arithmetic to Stroop,direction_specific_26_posthoc,dasf_clean,DASF,log_loss,False,13,1.1507201021424012,0.58529627313104537,0.9473132301073669,0.86449239284151269,1.4724114898805873,0.60791909703907465
openbci,cross_task_arithmetic_to_stroop,Arithmetic to Stroop,direction_specific_26_posthoc,dasf_clean,DASF,brier_score,False,13,0.32841181354918558,0.12016408620675971,0.29908602615751728,0.27029706274660492,0.3952853959489892,0.12498833320238428
openbci,cross_task_arithmetic_to_stroop,Arithmetic to Stroop,direction_specific_26_posthoc,eeg_conformer,EEG-Conformer,accuracy,True,13,0.53846153846153855,0.25598254926276814,0.66666666666666663,0.38461538461538464,0.66666666666666663,0.28205128205128199
openbci,cross_task_arithmetic_to_stroop,Arithmetic to Stroop,direction_specific_26_posthoc,eeg_conformer,EEG-Conformer,balanced_accuracy,True,13,0.44230769230769229,0.20801257358446093,0.5,0.32692307692307693,0.53846153846153844,0.21153846153846151
openbci,cross_task_arithmetic_to_stroop,Arithmetic to Stroop,direction_specific_26_posthoc,eeg_conformer,EEG-Conformer,sensitivity,True,13,0.73076923076923073,0.4385290096535146,1,0.5,0.92307692307692313,0.42307692307692313
openbci,cross_task_arithmetic_to_stroop,Arithmetic to Stroop,direction_specific_26_posthoc,eeg_conformer,EEG-Conformer,specificity,True,13,0.15384615384615385,0.37553380809940534,0,0,0.38461538461538464,0.38461538461538464
openbci,cross_task_arithmetic_to_stroop,Arithmetic to Stroop,direction_specific_26_posthoc,eeg_conformer,EEG-Conformer,precision,True,12,0.58333333333333337,0.28867513459481292,0.66666666666666663,0.41666666666666669,0.72222222222222221,0.30555555555555552
openbci,cross_task_arithmetic_to_stroop,Arithmetic to Stroop,direction_specific_26_posthoc,eeg_conformer,EEG-Conformer,f1,True,13,0.60512820512820509,0.34690327231359513,0.80000000000000004,0.42051282051282052,0.7794871794871796,0.35897435897435909
openbci,cross_task_arithmetic_to_stroop,Arithmetic to Stroop,direction_specific_26_posthoc,eeg_conformer,EEG-Conformer,auroc,True,13,0.69230769230769229,0.38397382389415224,1,0.5,0.88461538461538458,0.38461538461538458
openbci,cross_task_arithmetic_to_stroop,Arithmetic to Stroop,direction_specific_26_posthoc,eeg_conformer,EEG-Conformer,pr_auc,True,13,0.84615384615384603,0.21339992950919626,1,0.72756410256410242,0.95192307692307676,0.22435897435897434
openbci,cross_task_arithmetic_to_stroop,Arithmetic to Stroop,direction_specific_26_posthoc,eeg_conformer,EEG-Conformer,average_precision,True,13,0.8846153846153848,0.15417965988212431,1,0.80128205128205121,0.96153846153846156,0.16025641025641035
openbci,cross_task_arithmetic_to_stroop,Arithmetic to Stroop,direction_specific_26_posthoc,eeg_conformer,EEG-Conformer,log_loss,False,13,0.94582969965495833,0.47692856294217423,0.82812474142235037,0.7134225142625924,1.2031468945950001,0.48972438033240773
openbci,cross_task_arithmetic_to_stroop,Arithmetic to Stroop,direction_specific_26_posthoc,eeg_conformer,EEG-Conformer,brier_score,False,13,0.27833566095326484,0.090953029438793756,0.29988614832628857,0.23147317251889055,0.32603808267545792,0.094564910156567372
openbci,cross_task_arithmetic_to_stroop,Arithmetic to Stroop,direction_specific_26_posthoc,eegnet,EEGNet,accuracy,True,13,0.61538461538461542,0.1849000654084097,0.66666666666666663,0.51282051282051289,0.66666666666666663,0.15384615384615374
openbci,cross_task_arithmetic_to_stroop,Arithmetic to Stroop,direction_specific_26_posthoc,eegnet,EEGNet,balanced_accuracy,True,13,0.48076923076923078,0.16012815380508716,0.5,0.38461538461538464,0.55769230769230771,0.17307692307692307
openbci,cross_task_arithmetic_to_stroop,Arithmetic to Stroop,direction_specific_26_posthoc,eegnet,EEGNet,sensitivity,True,13,0.88461538461538458,0.299572344757639,1,0.69230769230769229,1,0.30769230769230771
openbci,cross_task_arithmetic_to_stroop,Arithmetic to Stroop,direction_specific_26_posthoc,eegnet,EEGNet,specificity,True,13,0.076923076923076927,0.27735009811261457,0,0,0.23076923076923078,0.23076923076923078
openbci,cross_task_arithmetic_to_stroop,Arithmetic to Stroop,direction_specific_26_posthoc,eegnet,EEGNet,precision,True,13,0.64102564102564108,0.21350420507344955,0.66666666666666663,0.51282051282051289,0.7435897435897435,0.23076923076923062
openbci,cross_task_arithmetic_to_stroop,Arithmetic to Stroop,direction_specific_26_posthoc,eegnet,EEGNet,f1,True,13,0.72820512820512817,0.22188007849009167,0.80000000000000004,0.59487179487179487,0.80000000000000016,0.20512820512820529
openbci,cross_task_arithmetic_to_stroop,Arithmetic to Stroop,direction_specific_26_posthoc,eegnet,EEGNet,auroc,True,13,0.57692307692307687,0.40032038451271784,0.5,0.34615384615384615,0.76923076923076927,0.42307692307692313
openbci,cross_task_arithmetic_to_stroop,Arithmetic to Stroop,direction_specific_26_posthoc,eegnet,EEGNet,pr_auc,True,13,0.78525641025641002,0.23064306855230896,0.79166666666666663,0.66346153846153844,0.90384615384615374,0.24038461538461531
openbci,cross_task_arithmetic_to_stroop,Arithmetic to Stroop,direction_specific_26_posthoc,eegnet,EEGNet,average_precision,True,13,0.83974358974358987,0.16478640236548164,0.83333333333333326,0.75,0.92307692307692313,0.17307692307692313
openbci,cross_task_arithmetic_to_stroop,Arithmetic to Stroop,direction_specific_26_posthoc,eegnet,EEGNet,log_loss,False,13,1.3094898418317595,0.93828689015433175,0.68968327727091816,0.8409579239891728,1.8058859005412136,0.96492797655204077
openbci,cross_task_arithmetic_to_stroop,Arithmetic to Stroop,direction_specific_26_posthoc,eegnet,EEGNet,brier_score,False,13,0.28287688716938797,0.072785077061041092,0.24826814226236937,0.2461625485817624,0.32195902826519518,0.075796479683432783
openbci,cross_task_arithmetic_to_stroop,Arithmetic to Stroop,direction_specific_26_posthoc,equal_blend_050,Equal blend (50%),accuracy,True,13,0.64102564102564108,0.16451603893094152,0.66666666666666663,0.5641025641025641,0.71794871794871795,0.15384615384615385
openbci,cross_task_arithmetic_to_stroop,Arithmetic to Stroop,direction_specific_26_posthoc,equal_blend_050,Equal blend (50%),balanced_accuracy,True,13,0.53846153846153844,0.17218430793029862,0.5,0.46153846153846156,0.63461538461538458,0.17307692307692302
openbci,cross_task_arithmetic_to_stroop,Arithmetic to Stroop,direction_specific_26_posthoc,equal_blend_050,Equal blend (50%),sensitivity,True,13,0.84615384615384615,0.31521258597805757,1,0.65384615384615385,1,0.34615384615384615
openbci,cross_task_arithmetic_to_stroop,Arithmetic to Stroop,direction_specific_26_posthoc,equal_blend_050,Equal blend (50%),specificity,True,13,0.23076923076923078,0.4385290096535146,0,0,0.46153846153846156,0.46153846153846156
openbci,cross_task_arithmetic_to_stroop,Arithmetic to Stroop,direction_specific_26_posthoc,equal_blend_050,Equal blend (50%),precision,True,12,0.70833333333333337,0.14433756729740643,0.66666666666666663,0.63888888888888895,0.79166666666666663,0.15277777777777768
openbci,cross_task_arithmetic_to_stroop,Arithmetic to Stroop,direction_specific_26_posthoc,equal_blend_050,Equal blend (50%),f1,True,13,0.72051282051282051,0.24249416241101313,0.80000000000000004,0.57435897435897432,0.82307692307692315,0.24871794871794883
openbci,cross_task_arithmetic_to_stroop,Arithmetic to Stroop,direction_specific_26_posthoc,equal_blend_050,Equal blend (50%),auroc,True,13,0.53846153846153844,0.37977726265637501,0.5,0.34615384615384615,0.73076923076923073,0.38461538461538458
openbci,cross_task_arithmetic_to_stroop,Arithmetic to Stroop,direction_specific_26_posthoc,equal_blend_050,Equal blend (50%),pr_auc,True,13,0.76923076923076905,0.22153673654955208,0.79166666666666663,0.65064102564102566,0.875,0.22435897435897434
openbci,cross_task_arithmetic_to_stroop,Arithmetic to Stroop,direction_specific_26_posthoc,equal_blend_050,Equal blend (50%),average_precision,True,13,0.82692307692307709,0.15760629298902884,0.83333333333333326,0.7435897435897435,0.90384615384615397,0.16025641025641046
openbci,cross_task_arithmetic_to_stroop,Arithmetic to Stroop,direction_specific_26_posthoc,equal_blend_050,Equal blend (50%),log_loss,False,13,0.81867036651486091,0.54685075572093733,0.6500245266039627,0.63225519286221954,1.1396248480962863,0.50736965523406674
openbci,cross_task_arithmetic_to_stroop,Arithmetic to Stroop,direction_specific_26_posthoc,equal_blend_050,Equal blend (50%),brier_score,False,13,0.24635143484166203,0.051152565345012523,0.22885156370145412,0.22188316722692483,0.27447800539666828,0.052594838169743446
openbci,cross_task_arithmetic_to_stroop,Arithmetic to Stroop,direction_specific_26_posthoc,extra_trees,Extra Trees,accuracy,True,13,0.64102564102564108,0.25318484177091666,0.66666666666666663,0.51282051282051277,0.76923076923076905,0.25641025641025628
openbci,cross_task_arithmetic_to_stroop,Arithmetic to Stroop,direction_specific_26_posthoc,extra_trees,Extra Trees,balanced_accuracy,True,13,0.55769230769230771,0.27298210704958442,0.5,0.42307692307692307,0.69230769230769229,0.26923076923076922
openbci,cross_task_arithmetic_to_stroop,Arithmetic to Stroop,direction_specific_26_posthoc,extra_trees,Extra Trees,sensitivity,True,13,0.80769230769230771,0.32522181779399545,1,0.61538461538461542,0.96153846153846156,0.34615384615384615
openbci,cross_task_arithmetic_to_stroop,Arithmetic to Stroop,direction_specific_26_posthoc,extra_trees,Extra Trees,specificity,True,13,0.30769230769230771,0.48038446141526137,0,0.076923076923076927,0.53846153846153844,0.46153846153846151
openbci,cross_task_arithmetic_to_stroop,Arithmetic to Stroop,direction_specific_26_posthoc,extra_trees,Extra Trees,precision,True,13,0.70512820512820507,0.27347088471412234,0.66666666666666663,0.55128205128205132,0.84615384615384603,0.29487179487179471
openbci,cross_task_arithmetic_to_stroop,Arithmetic to Stroop,direction_specific_26_posthoc,extra_trees,Extra Trees,f1,True,13,0.72564102564102562,0.25391521118856675,0.80000000000000004,0.57692307692307687,0.83846153846153859,0.26153846153846172
openbci,cross_task_arithmetic_to_stroop,Arithmetic to Stroop,direction_specific_26_posthoc,extra_trees,Extra Trees,auroc,True,13,0.65384615384615385,0.42742520713255516,1,0.42307692307692307,0.84615384615384615,0.42307692307692307
openbci,cross_task_arithmetic_to_stroop,Arithmetic to Stroop,direction_specific_26_posthoc,extra_trees,Extra Trees,pr_auc,True,13,0.81730769230769229,0.24446326170773866,1,0.68269230769230771,0.93910256410256399,0.25641025641025628
openbci,cross_task_arithmetic_to_stroop,Arithmetic to Stroop,direction_specific_26_posthoc,extra_trees,Extra Trees,average_precision,True,13,0.86538461538461542,0.17525927069861946,1,0.76923076923076927,0.95512820512820507,0.18589743589743579
openbci,cross_task_arithmetic_to_stroop,Arithmetic to Stroop,direction_specific_26_posthoc,extra_trees,Extra Trees,log_loss,False,13,0.77418374059919881,0.45693132534160069,0.63158697957275445,0.59020195642843454,1.0500379753302393,0.45983601890180481
openbci,cross_task_arithmetic_to_stroop,Arithmetic to Stroop,direction_specific_26_posthoc,extra_trees,Extra Trees,brier_score,False,13,0.23548041465259126,0.071029804398856422,0.2215045894231118,0.19873619569927697,0.2724435898432227,0.073707394143945726
openbci,cross_task_arithmetic_to_stroop,Arithmetic to Stroop,direction_specific_26_posthoc,fixed_blend_010,Fixed blend (10%),accuracy,True,13,0.61538461538461542,0.12517793603313512,0.66666666666666663,0.53846153846153844,0.66666666666666663,0.12820512820512819
openbci,cross_task_arithmetic_to_stroop,Arithmetic to Stroop,direction_specific_26_posthoc,fixed_blend_010,Fixed blend (10%),balanced_accuracy,True,13,0.51923076923076927,0.12338702919820611,0.5,0.46153846153846156,0.57692307692307687,0.11538461538461531
openbci,cross_task_arithmetic_to_stroop,Arithmetic to Stroop,direction_specific_26_posthoc,fixed_blend_010,Fixed blend (10%),sensitivity,True,13,0.80769230769230771,0.32522181779399545,1,0.61538461538461542,0.96153846153846156,0.34615384615384615
openbci,cross_task_arithmetic_to_stroop,Arithmetic to Stroop,direction_specific_26_posthoc,fixed_blend_010,Fixed blend (10%),specificity,True,13,0.23076923076923078,0.4385290096535146,0,0,0.46153846153846156,0.46153846153846156
openbci,cross_task_arithmetic_to_stroop,Arithmetic to Stroop,direction_specific_26_posthoc,fixed_blend_010,Fixed blend (10%),precision,True,12,0.70833333333333337,0.14433756729740643,0.66666666666666663,0.63888888888888895,0.79166666666666652,0.15277777777777757
openbci,cross_task_arithmetic_to_stroop,Arithmetic to Stroop,direction_specific_26_posthoc,fixed_blend_010,Fixed blend (10%),f1,True,13,0.69487179487179496,0.22764745072888876,0.80000000000000004,0.56153846153846154,0.78974358974358994,0.22820512820512839
openbci,cross_task_arithmetic_to_stroop,Arithmetic to Stroop,direction_specific_26_posthoc,fixed_blend_010,Fixed blend (10%),auroc,True,13,0.61538461538461542,0.41602514716892186,0.5,0.38461538461538464,0.80769230769230771,0.42307692307692307
openbci,cross_task_arithmetic_to_stroop,Arithmetic to Stroop,direction_specific_26_posthoc,fixed_blend_010,Fixed blend (10%),pr_auc,True,13,0.80128205128205121,0.23823828120702736,0.79166666666666663,0.66666666666666674,0.91987179487179482,0.25320512820512808
openbci,cross_task_arithmetic_to_stroop,Arithmetic to Stroop,direction_specific_26_posthoc,fixed_blend_010,Fixed blend (10%),average_precision,True,13,0.85256410256410264,0.17062604684879704,0.83333333333333326,0.7564102564102565,0.93589743589743601,0.17948717948717952
openbci,cross_task_arithmetic_to_stroop,Arithmetic to Stroop,direction_specific_26_posthoc,fixed_blend_010,Fixed blend (10%),log_loss,False,13,0.92799901870561052,0.68415335450864412,0.73542485461124629,0.6554638724908789,1.3297610519693142,0.67429717947843526
openbci,cross_task_arithmetic_to_stroop,Arithmetic to Stroop,direction_specific_26_posthoc,fixed_blend_010,Fixed blend (10%),brier_score,False,13,0.26989817315396097,0.095973720845347582,0.25521814757857564,0.22237290254990713,0.32239536612488268,0.10002246357497555
openbci,cross_task_arithmetic_to_stroop,Arithmetic to Stroop,direction_specific_26_posthoc,fixed_blend_025,Fixed blend (25%),accuracy,True,13,0.61538461538461542,0.12517793603313512,0.66666666666666663,0.53846153846153844,0.66666666666666663,0.12820512820512819
openbci,cross_task_arithmetic_to_stroop,Arithmetic to Stroop,direction_specific_26_posthoc,fixed_blend_025,Fixed blend (25%),balanced_accuracy,True,13,0.51923076923076927,0.12338702919820611,0.5,0.46153846153846156,0.57692307692307687,0.11538461538461531
openbci,cross_task_arithmetic_to_stroop,Arithmetic to Stroop,direction_specific_26_posthoc,fixed_blend_025,Fixed blend (25%),sensitivity,True,13,0.80769230769230771,0.32522181779399545,1,0.61538461538461542,0.96153846153846156,0.34615384615384615
openbci,cross_task_arithmetic_to_stroop,Arithmetic to Stroop,direction_specific_26_posthoc,fixed_blend_025,Fixed blend (25%),specificity,True,13,0.23076923076923078,0.4385290096535146,0,0,0.46153846153846156,0.46153846153846156
openbci,cross_task_arithmetic_to_stroop,Arithmetic to Stroop,direction_specific_26_posthoc,fixed_blend_025,Fixed blend (25%),precision,True,12,0.70833333333333337,0.14433756729740643,0.66666666666666663,0.63888888888888895,0.79166666666666663,0.15277777777777768
openbci,cross_task_arithmetic_to_stroop,Arithmetic to Stroop,direction_specific_26_posthoc,fixed_blend_025,Fixed blend (25%),f1,True,13,0.69487179487179496,0.22764745072888876,0.80000000000000004,0.55897435897435899,0.78974358974358994,0.23076923076923095
openbci,cross_task_arithmetic_to_stroop,Arithmetic to Stroop,direction_specific_26_posthoc,fixed_blend_025,Fixed blend (25%),auroc,True,13,0.57692307692307687,0.40032038451271784,0.5,0.38461538461538464,0.76923076923076927,0.38461538461538464
openbci,cross_task_arithmetic_to_stroop,Arithmetic to Stroop,direction_specific_26_posthoc,fixed_blend_025,Fixed blend (25%),pr_auc,True,13,0.78525641025641013,0.23064306855230893,0.79166666666666663,0.65064102564102566,0.90384615384615374,0.25320512820512808
openbci,cross_task_arithmetic_to_stroop,Arithmetic to Stroop,direction_specific_26_posthoc,fixed_blend_025,Fixed blend (25%),average_precision,True,13,0.83974358974358987,0.16478640236548164,0.83333333333333326,0.75624999999999998,0.92307692307692313,0.16682692307692315
openbci,cross_task_arithmetic_to_stroop,Arithmetic to Stroop,direction_specific_26_posthoc,fixed_blend_025,Fixed blend (25%),log_loss,False,13,0.85728850366617892,0.61084483348208818,0.65617221561006089,0.63008255945661673,1.2213398989856823,0.59125733952906556
openbci,cross_task_arithmetic_to_stroop,Arithmetic to Stroop,direction_specific_26_posthoc,fixed_blend_025,Fixed blend (25%),brier_score,False,13,0.25520973235135036,0.075925171751077006,0.23039455522233218,0.21844354537330138,0.2961209641755026,0.07767741880220122
openbci,cross_task_arithmetic_to_stroop,Arithmetic to Stroop,direction_specific_26_posthoc,rf,Random forest,accuracy,True,13,0.66666666666666674,0.19245008972987526,0.66666666666666663,0.5641025641025641,0.76923076923076927,0.20512820512820518
openbci,cross_task_arithmetic_to_stroop,Arithmetic to Stroop,direction_specific_26_posthoc,rf,Random forest,balanced_accuracy,True,13,0.61538461538461542,0.2192645048267573,0.5,0.5,0.73076923076923073,0.23076923076923073
openbci,cross_task_arithmetic_to_stroop,Arithmetic to Stroop,direction_specific_26_posthoc,rf,Random forest,sensitivity,True,13,0.76923076923076927,0.33011264588676237,1,0.57692307692307687,0.92307692307692313,0.34615384615384626
openbci,cross_task_arithmetic_to_stroop,Arithmetic to Stroop,direction_specific_26_posthoc,rf,Random forest,specificity,True,13,0.46153846153846156,0.51887452166277082,0,0.23076923076923078,0.76923076923076927,0.53846153846153855
openbci,cross_task_arithmetic_to_stroop,Arithmetic to Stroop,direction_specific_26_posthoc,rf,Random forest,precision,True,12,0.79166666666666663,0.18969672765983203,0.66666666666666663,0.69444444444444453,0.88888888888888884,0.19444444444444431
openbci,cross_task_arithmetic_to_stroop,Arithmetic to Stroop,direction_specific_26_posthoc,rf,Random forest,f1,True,13,0.7153846153846154,0.25335357543961012,0.80000000000000004,0.56666666666666676,0.82820512820512837,0.26153846153846161
openbci,cross_task_arithmetic_to_stroop,Arithmetic to Stroop,direction_specific_26_posthoc,rf,Random forest,auroc,True,13,0.5,0.40824829046386302,0.5,0.26923076923076922,0.73076923076923073,0.46153846153846151
openbci,cross_task_arithmetic_to_stroop,Arithmetic to Stroop,direction_specific_26_posthoc,rf,Random forest,pr_auc,True,13,0.74038461538461542,0.24185448051171132,0.79166666666666663,0.60897435897435903,0.86217948717948711,0.25320512820512808
openbci,cross_task_arithmetic_to_stroop,Arithmetic to Stroop,direction_specific_26_posthoc,rf,Random forest,average_precision,True,13,0.80769230769230771,0.17140694816821717,0.83333333333333326,0.71794871794871784,0.89102564102564108,0.17307692307692324
openbci,cross_task_arithmetic_to_stroop,Arithmetic to Stroop,direction_specific_26_posthoc,rf,Random forest,log_loss,False,13,0.87474719277187496,0.66930907078622492,0.65258511852819279,0.60296529371034413,1.2800439285638494,0.67707863485350528
openbci,cross_task_arithmetic_to_stroop,Arithmetic to Stroop,direction_specific_26_posthoc,rf,Random forest,brier_score,False,13,0.24959507974439654,0.10543526657843837,0.23049179382920373,0.19682452287581709,0.30614631438372802,0.10932179150791094
openbci,cross_task_arithmetic_to_stroop,Arithmetic to Stroop,direction_specific_26_posthoc,riemann_mdm,Riemannian MDM,accuracy,True,13,0.64102564102564108,0.16451603893094152,0.66666666666666663,0.5641025641025641,0.71794871794871795,0.15384615384615385
openbci,cross_task_arithmetic_to_stroop,Arithmetic to Stroop,direction_specific_26_posthoc,riemann_mdm,Riemannian MDM,balanced_accuracy,True,13,0.5,0.17677669529663689,0.5,0.42307692307692307,0.59615384615384615,0.17307692307692307
openbci,cross_task_arithmetic_to_stroop,Arithmetic to Stroop,direction_specific_26_posthoc,riemann_mdm,Riemannian MDM,sensitivity,True,13,0.92307692307692313,0.18776690404970267,1,0.80769230769230771,1,0.19230769230769229
openbci,cross_task_arithmetic_to_stroop,Arithmetic to Stroop,direction_specific_26_posthoc,riemann_mdm,Riemannian MDM,specificity,True,13,0.076923076923076927,0.27735009811261457,0,0,0.23076923076923078,0.23076923076923078
openbci,cross_task_arithmetic_to_stroop,Arithmetic to Stroop,direction_specific_26_posthoc,riemann_mdm,Riemannian MDM,precision,True,13,0.66666666666666663,0.11785113019775792,0.66666666666666663,0.61538461538461542,0.73076923076923073,0.11538461538461531
openbci,cross_task_arithmetic_to_stroop,Arithmetic to Stroop,direction_specific_26_posthoc,riemann_mdm,Riemannian MDM,f1,True,13,0.76923076923076938,0.1315587028960544,0.80000000000000004,0.69999999999999996,0.83076923076923093,0.13076923076923097
openbci,cross_task_arithmetic_to_stroop,Arithmetic to Stroop,direction_specific_26_posthoc,riemann_mdm,Riemannian MDM,auroc,True,13,0.61538461538461542,0.41602514716892192,0.5,0.38461538461538464,0.80769230769230771,0.42307692307692307
openbci,cross_task_arithmetic_to_stroop,Arithmetic to Stroop,direction_specific_26_posthoc,riemann_mdm,Riemannian MDM,pr_auc,True,13,0.8012820512820511,0.23823828120702736,0.79166666666666663,0.66666666666666674,0.91987179487179482,0.25320512820512808
openbci,cross_task_arithmetic_to_stroop,Arithmetic to Stroop,direction_specific_26_posthoc,riemann_mdm,Riemannian MDM,average_precision,True,13,0.85256410256410264,0.17062604684879704,0.83333333333333326,0.7564102564102565,0.93589743589743601,0.17948717948717952
openbci,cross_task_arithmetic_to_stroop,Arithmetic to Stroop,direction_specific_26_posthoc,riemann_mdm,Riemannian MDM,log_loss,False,13,1.1660792607457993,1.1217522957574988,0.74514776588890363,0.73662081436886395,1.8486353589141828,1.1120145445453189
openbci,cross_task_arithmetic_to_stroop,Arithmetic to Stroop,direction_specific_26_posthoc,riemann_mdm,Riemannian MDM,brier_score,False,13,0.27258343156068232,0.069467666904155526,0.27048047474263565,0.23769477716111651,0.31044761376956531,0.072752836608448807
openbci,cross_task_arithmetic_to_stroop,Arithmetic to Stroop,direction_specific_26_posthoc,riemann_ts_logreg,Riemannian TS-LR,accuracy,True,13,0.58974358974358987,0.19971489650509267,0.66666666666666663,0.46153846153846162,0.66666666666666663,0.20512820512820501
openbci,cross_task_arithmetic_to_stroop,Arithmetic to Stroop,direction_specific_26_posthoc,riemann_ts_logreg,Riemannian TS-LR,balanced_accuracy,True,13,0.46153846153846156,0.17218430793029865,0.5,0.36538461538461536,0.53846153846153844,0.17307692307692307
openbci,cross_task_arithmetic_to_stroop,Arithmetic to Stroop,direction_specific_26_posthoc,riemann_ts_logreg,Riemannian TS-LR,sensitivity,True,13,0.84615384615384615,0.31521258597805757,1,0.65384615384615385,1,0.34615384615384615
openbci,cross_task_arithmetic_to_stroop,Arithmetic to Stroop,direction_specific_26_posthoc,riemann_ts_logreg,Riemannian TS-LR,specificity,True,13,0.076923076923076927,0.27735009811261457,0,0,0.23076923076923078,0.23076923076923078
openbci,cross_task_arithmetic_to_stroop,Arithmetic to Stroop,direction_specific_26_posthoc,riemann_ts_logreg,Riemannian TS-LR,precision,True,13,0.6282051282051283,0.21681454519599691,0.66666666666666663,0.50000000000000011,0.73076923076923062,0.2307692307692305
openbci,cross_task_arithmetic_to_stroop,Arithmetic to Stroop,direction_specific_26_posthoc,riemann_ts_logreg,Riemannian TS-LR,f1,True,13,0.70512820512820518,0.22926862533740322,0.80000000000000004,0.56923076923076921,0.80000000000000016,0.23076923076923095
openbci,cross_task_arithmetic_to_stroop,Arithmetic to Stroop,direction_specific_26_posthoc,riemann_ts_logreg,Riemannian TS-LR,auroc,True,13,0.61538461538461542,0.41602514716892192,0.5,0.38461538461538464,0.80769230769230771,0.42307692307692307
openbci,cross_task_arithmetic_to_stroop,Arithmetic to Stroop,direction_specific_26_posthoc,riemann_ts_logreg,Riemannian TS-LR,pr_auc,True,13,0.80128205128205121,0.23823828120702736,0.79166666666666663,0.66666666666666674,0.91987179487179482,0.25320512820512808
openbci,cross_task_arithmetic_to_stroop,Arithmetic to Stroop,direction_specific_26_posthoc,riemann_ts_logreg,Riemannian TS-LR,average_precision,True,13,0.85256410256410264,0.17062604684879701,0.83333333333333326,0.7564102564102565,0.93589743589743601,0.17948717948717952
openbci,cross_task_arithmetic_to_stroop,Arithmetic to Stroop,direction_specific_26_posthoc,riemann_ts_logreg,Riemannian TS-LR,log_loss,False,13,1.6816681260115485,1.0795465632285255,1.3523150705158666,1.156493544460796,2.2771237197922449,1.1206301753314489
openbci,cross_task_arithmetic_to_stroop,Arithmetic to Stroop,direction_specific_26_posthoc,riemann_ts_logreg,Riemannian TS-LR,brier_score,False,13,0.34742333251269591,0.13063017699038917,0.33285992836033168,0.28505867262101842,0.42146658119383373,0.13640790857281532
openbci,cross_task_arithmetic_to_stroop,Arithmetic to Stroop,direction_specific_26_posthoc,stack_recording,OOF recording-level stacking,accuracy,True,13,0.5641025641025641,0.28495013808837011,0.66666666666666663,0.41025641025641024,0.69230769230769229,0.28205128205128205
openbci,cross_task_arithmetic_to_stroop,Arithmetic to Stroop,direction_specific_26_posthoc,stack_recording,OOF recording-level stacking,balanced_accuracy,True,13,0.5,0.27003086243366087,0.5,0.36538461538461536,0.63461538461538458,0.26923076923076922
openbci,cross_task_arithmetic_to_stroop,Arithmetic to Stroop,direction_specific_26_posthoc,stack_recording,OOF recording-level stacking,sensitivity,True,13,0.69230769230769229,0.43485924631145201,1,0.46153846153846156,0.88461538461538458,0.42307692307692302
openbci,cross_task_arithmetic_to_stroop,Arithmetic to Stroop,direction_specific_26_posthoc,stack_recording,OOF recording-level stacking,specificity,True,13,0.30769230769230771,0.48038446141526137,0,0.076923076923076927,0.53846153846153844,0.46153846153846151
openbci,cross_task_arithmetic_to_stroop,Arithmetic to Stroop,direction_specific_26_posthoc,stack_recording,OOF recording-level stacking,precision,True,12,0.63888888888888895,0.33206830663187398,0.66666666666666663,0.44444444444444442,0.80555555555555547,0.36111111111111105
openbci,cross_task_arithmetic_to_stroop,Arithmetic to Stroop,direction_specific_26_posthoc,stack_recording,OOF recording-level stacking,f1,True,13,0.61025641025641031,0.35678207255052391,0.80000000000000004,0.41025641025641024,0.77948717948717972,0.36923076923076947
openbci,cross_task_arithmetic_to_stroop,Arithmetic to Stroop,direction_specific_26_posthoc,stack_recording,OOF recording-level stacking,auroc,True,13,0.38461538461538464,0.36250552604099212,0.5,0.19230769230769232,0.57692307692307687,0.38461538461538458
openbci,cross_task_arithmetic_to_stroop,Arithmetic to Stroop,direction_specific_26_posthoc,stack_recording,OOF recording-level stacking,pr_auc,True,13,0.6794871794871794,0.22846142454935911,0.79166666666666663,0.56089743589743601,0.79807692307692291,0.23717948717948689
openbci,cross_task_arithmetic_to_stroop,Arithmetic to Stroop,direction_specific_26_posthoc,stack_recording,OOF recording-level stacking,average_precision,True,13,0.76282051282051289,0.15901226457383813,0.83333333333333326,0.6794871794871794,0.84615384615384626,0.16666666666666685
openbci,cross_task_arithmetic_to_stroop,Arithmetic to Stroop,direction_specific_26_posthoc,stack_recording,OOF recording-level stacking,log_loss,False,13,0.81998997433766041,0.29809745586986691,0.77267558900309241,0.6760593679612007,0.98817384253677287,0.31211447457557218
openbci,cross_task_arithmetic_to_stroop,Arithmetic to Stroop,direction_specific_26_posthoc,stack_recording,OOF recording-level stacking,brier_score,False,13,0.27827017109955776,0.094006396873589013,0.27695525936438709,0.23013966635941671,0.32897202678107401,0.0988323604216573
openbci,cross_task_bidirectional,Bidirectional cross-task,complete_settings_39_posthoc,always_fuse,Always fused,accuracy,True,13,0.53846153846153844,0.15446811599938309,0.5,0.46153846153846145,0.61538461538461542,0.15384615384615397
openbci,cross_task_bidirectional,Bidirectional cross-task,complete_settings_39_posthoc,always_fuse,Always fused,balanced_accuracy,True,13,0.50961538461538458,0.1297186304156927,0.5,0.44230769230769229,0.57692307692307687,0.13461538461538458
openbci,cross_task_bidirectional,Bidirectional cross-task,complete_settings_39_posthoc,always_fuse,Always fused,sensitivity,True,13,0.59615384615384615,0.28022426915890253,0.5,0.46153846153846156,0.75,0.28846153846153844
openbci,cross_task_bidirectional,Bidirectional cross-task,complete_settings_39_posthoc,always_fuse,Always fused,specificity,True,13,0.42307692307692307,0.27735009811261452,0.5,0.26923076923076922,0.57692307692307687,0.30769230769230765
openbci,cross_task_bidirectional,Bidirectional cross-task,complete_settings_39_posthoc,always_fuse,Always fused,precision,True,13,0.67692307692307685,0.13220677924612068,0.66666666666666663,0.61282051282051275,0.75128205128205139,0.13846153846153864
openbci,cross_task_bidirectional,Bidirectional cross-task,complete_settings_39_posthoc,always_fuse,Always fused,f1,True,13,0.60268620268620265,0.18303290234903991,0.5714285714285714,0.50866910866910853,0.69719169719169716,0.18852258852258863
openbci,cross_task_bidirectional,Bidirectional cross-task,complete_settings_39_posthoc,always_fuse,Always fused,auroc,True,13,0.45192307692307693,0.20115850364760518,0.5,0.33653846153846156,0.54807692307692313,0.21153846153846156
openbci,cross_task_bidirectional,Bidirectional cross-task,complete_settings_39_posthoc,always_fuse,Always fused,pr_auc,True,13,0.67355769230769225,0.13730095182147362,0.73124999999999996,0.60160256410256396,0.74391025641025643,0.14230769230769247
openbci,cross_task_bidirectional,Bidirectional cross-task,complete_settings_39_posthoc,always_fuse,Always fused,average_precision,True,13,0.73076923076923073,0.10597784399959936,0.77083333333333326,0.67339743589743584,0.78557692307692306,0.11217948717948723
openbci,cross_task_bidirectional,Bidirectional cross-task,complete_settings_39_posthoc,always_fuse,Always fused,log_loss,False,13,0.85872382189658769,0.22072040839990367,0.77151415839642556,0.75510350579357233,0.98644630916422271,0.23134280337065039
openbci,cross_task_bidirectional,Bidirectional cross-task,complete_settings_39_posthoc,always_fuse,Always fused,brier_score,False,13,0.28391931698457845,0.043914144670990224,0.27173312230669977,0.2617518934337027,0.30734820879166036,0.045596315357957662
openbci,cross_task_bidirectional,Bidirectional cross-task,complete_settings_39_posthoc,always_nn,Always neural,accuracy,True,13,0.60256410256410264,0.16012815380508716,0.66666666666666663,0.51282051282051289,0.67948717948717952,0.16666666666666663
openbci,cross_task_bidirectional,Bidirectional cross-task,complete_settings_39_posthoc,always_nn,Always neural,balanced_accuracy,True,13,0.52884615384615385,0.14571881950858084,0.5,0.45192307692307693,0.60576923076923073,0.1538461538461538
openbci,cross_task_bidirectional,Bidirectional cross-task,complete_settings_39_posthoc,always_nn,Always neural,sensitivity,True,13,0.75,0.28867513459481287,0.75,0.57692307692307687,0.88461538461538458,0.30769230769230771
openbci,cross_task_bidirectional,Bidirectional cross-task,complete_settings_39_posthoc,always_nn,Always neural,specificity,True,13,0.30769230769230771,0.32522181779399545,0.5,0.15384615384615385,0.46153846153846156,0.30769230769230771
openbci,cross_task_bidirectional,Bidirectional cross-task,complete_settings_39_posthoc,always_nn,Always neural,precision,True,12,0.68472222222222212,0.090021976366641887,0.66666666666666663,0.63468749999999985,0.7319444444444444,0.097256944444444549
openbci,cross_task_bidirectional,Bidirectional cross-task,complete_settings_39_posthoc,always_nn,Always neural,f1,True,13,0.67942612942612945,0.23311445064663752,0.75,0.54432234432234428,0.78120421245421245,0.23688186813186818
openbci,cross_task_bidirectional,Bidirectional cross-task,complete_settings_39_posthoc,always_nn,Always neural,auroc,True,13,0.52884615384615385,0.22909381126292863,0.5,0.40384615384615385,0.64423076923076927,0.24038461538461542
openbci,cross_task_bidirectional,Bidirectional cross-task,complete_settings_39_posthoc,always_nn,Always neural,pr_auc,True,13,0.74262820512820515,0.14188763247474301,0.73124999999999996,0.66650641025641022,0.81282451923076926,0.14631810897435904
openbci,cross_task_bidirectional,Bidirectional cross-task,complete_settings_39_posthoc,always_nn,Always neural,average_precision,True,13,0.78205128205128183,0.11571267465979287,0.77083333333333326,0.71891025641025641,0.83878205128205119,0.11987179487179478
openbci,cross_task_bidirectional,Bidirectional cross-task,complete_settings_39_posthoc,always_nn,Always neural,log_loss,False,13,1.7429019873449154,1.4267798808006489,1.1440786464224462,1.0638028756628783,2.5402785827826269,1.4764757071197485
openbci,cross_task_bidirectional,Bidirectional cross-task,complete_settings_39_posthoc,always_nn,Always neural,brier_score,False,13,0.32460971835939756,0.14956952983198635,0.29804318382119538,0.25367089179925206,0.40723635135876757,0.1535654595595155
openbci,cross_task_bidirectional,Bidirectional cross-task,complete_settings_39_posthoc,cbsf,CB-SF,accuracy,True,13,0.5641025641025641,0.14495308210381733,0.5,0.48717948717948717,0.64102564102564108,0.15384615384615391
openbci,cross_task_bidirectional,Bidirectional cross-task,complete_settings_39_posthoc,cbsf,CB-SF,balanced_accuracy,True,13,0.5,0.125,0.5,0.43269230769230771,0.56730769230769229,0.13461538461538458
openbci,cross_task_bidirectional,Bidirectional cross-task,complete_settings_39_posthoc,cbsf,CB-SF,sensitivity,True,13,0.69230769230769229,0.29143763901716163,0.75,0.53846153846153844,0.82692307692307687,0.28846153846153844
openbci,cross_task_bidirectional,Bidirectional cross-task,complete_settings_39_posthoc,cbsf,CB-SF,specificity,True,13,0.30769230769230771,0.32522181779399545,0.5,0.15384615384615385,0.46153846153846156,0.30769230769230771
openbci,cross_task_bidirectional,Bidirectional cross-task,complete_settings_39_posthoc,cbsf,CB-SF,precision,True,12,0.66666666666666663,0.078817010931151246,0.66666666666666663,0.62222222222222223,0.70694444444444449,0.084722222222222254
openbci,cross_task_bidirectional,Bidirectional cross-task,complete_settings_39_posthoc,cbsf,CB-SF,f1,True,13,0.64126984126984121,0.22502834288604806,0.66666666666666663,0.51116605616605615,0.74225274725274726,0.23108669108669111
openbci,cross_task_bidirectional,Bidirectional cross-task,complete_settings_39_posthoc,cbsf,CB-SF,auroc,True,13,0.43269230769230771,0.15824052610682293,0.375,0.35576923076923078,0.51923076923076927,0.16346153846153849
openbci,cross_task_bidirectional,Bidirectional cross-task,complete_settings_39_posthoc,cbsf,CB-SF,pr_auc,True,13,0.65657051282051271,0.11720129904511831,0.69166666666666665,0.59599358974358974,0.71682692307692308,0.12083333333333335
openbci,cross_task_bidirectional,Bidirectional cross-task,complete_settings_39_posthoc,cbsf,CB-SF,average_precision,True,13,0.7189102564102563,0.085418620990775865,0.73333333333333328,0.67500000000000004,0.76410256410256416,0.089102564102564119
openbci,cross_task_bidirectional,Bidirectional cross-task,complete_settings_39_posthoc,cbsf,CB-SF,log_loss,False,13,0.87474700033241404,0.2502183605859129,0.74811984178178559,0.75376353500175564,1.0148638687125986,0.26110033371084296
openbci,cross_task_bidirectional,Bidirectional cross-task,complete_settings_39_posthoc,cbsf,CB-SF,brier_score,False,13,0.27562862501595381,0.065045380263924063,0.2594308050216465,0.24500265899588258,0.3120665656528,0.067063906656917416
openbci,cross_task_bidirectional,Bidirectional cross-task,complete_settings_39_posthoc,dasf_clean,DASF,accuracy,True,13,0.51282051282051277,0.15901226457383807,0.5,0.43589743589743579,0.58974358974358987,0.15384615384615408
openbci,cross_task_bidirectional,Bidirectional cross-task,complete_settings_39_posthoc,dasf_clean,DASF,balanced_accuracy,True,13,0.46153846153846156,0.12894418390956053,0.5,0.39423076923076922,0.52884615384615385,0.13461538461538464
openbci,cross_task_bidirectional,Bidirectional cross-task,complete_settings_39_posthoc,dasf_clean,DASF,sensitivity,True,13,0.61538461538461542,0.3478413284007375,0.75,0.42307692307692307,0.78846153846153844,0.36538461538461536
openbci,cross_task_bidirectional,Bidirectional cross-task,complete_settings_39_posthoc,dasf_clean,DASF,specificity,True,13,0.30769230769230771,0.38397382389415224,0,0.11538461538461539,0.5,0.38461538461538458
openbci,cross_task_bidirectional,Bidirectional cross-task,complete_settings_39_posthoc,dasf_clean,DASF,precision,True,12,0.64722222222222225,0.14174834246858969,0.6333333333333333,0.57777777777777783,0.73055555555555551,0.15277777777777768
openbci,cross_task_bidirectional,Bidirectional cross-task,complete_settings_39_posthoc,dasf_clean,DASF,f1,True,13,0.57130647130647128,0.25151632328639928,0.66666666666666663,0.43333333333333335,0.6952380952380951,0.26190476190476175
openbci,cross_task_bidirectional,Bidirectional cross-task,complete_settings_39_posthoc,dasf_clean,DASF,auroc,True,13,0.40384615384615385,0.23470863006212836,0.5,0.27884615384615385,0.51923076923076927,0.24038461538461542
openbci,cross_task_bidirectional,Bidirectional cross-task,complete_settings_39_posthoc,dasf_clean,DASF,pr_auc,True,13,0.6661858974358974,0.13746094206984522,0.73124999999999996,0.59198717948717949,0.73605769230769225,0.14407051282051275
openbci,cross_task_bidirectional,Bidirectional cross-task,complete_settings_39_posthoc,dasf_clean,DASF,average_precision,True,13,0.71891025641025641,0.11221176275620438,0.77083333333333326,0.65832532051282067,0.77628205128205119,0.11795673076923052
openbci,cross_task_bidirectional,Bidirectional cross-task,complete_settings_39_posthoc,dasf_clean,DASF,log_loss,False,13,1.45507910207668,1.202970832385853,1.1440786464224459,0.93160200581822206,2.1884623706745598,1.2568603648563377
openbci,cross_task_bidirectional,Bidirectional cross-task,complete_settings_39_posthoc,dasf_clean,DASF,brier_score,False,13,0.34194394692103458,0.1347828798404577,0.30211749329798376,0.27895091216116125,0.4190102788990876,0.14005936673792635
openbci,cross_task_bidirectional,Bidirectional cross-task,complete_settings_39_posthoc,eeg_conformer,EEG-Conformer,accuracy,True,13,0.58974358974358976,0.19971489650509269,0.66666666666666663,0.47435897435897445,0.67948717948717952,0.20512820512820507
openbci,cross_task_bidirectional,Bidirectional cross-task,complete_settings_39_posthoc,eeg_conformer,EEG-Conformer,balanced_accuracy,True,13,0.5,0.1839950180484968,0.5,0.40384615384615385,0.59615384615384615,0.19230769230769229
openbci,cross_task_bidirectional,Bidirectional cross-task,complete_settings_39_posthoc,eeg_conformer,EEG-Conformer,sensitivity,True,13,0.76923076923076927,0.31393899456374053,1,0.59615384615384615,0.92307692307692313,0.32692307692307698
openbci,cross_task_bidirectional,Bidirectional cross-task,complete_settings_39_posthoc,eeg_conformer,EEG-Conformer,specificity,True,13,0.23076923076923078,0.33011264588676237,0,0.076923076923076927,0.42307692307692307,0.34615384615384615
openbci,cross_task_bidirectional,Bidirectional cross-task,complete_settings_39_posthoc,eeg_conformer,EEG-Conformer,precision,True,13,0.63717948717948714,0.23215514509915861,0.66666666666666663,0.50512820512820522,0.74615384615384606,0.24102564102564084
openbci,cross_task_bidirectional,Bidirectional cross-task,complete_settings_39_posthoc,eeg_conformer,EEG-Conformer,f1,True,13,0.68162393162393164,0.24008512524329698,0.80000000000000004,0.54145299145299153,0.78975427350427352,0.24830128205128199
openbci,cross_task_bidirectional,Bidirectional cross-task,complete_settings_39_posthoc,eeg_conformer,EEG-Conformer,auroc,True,13,0.61538461538461542,0.29957234475763905,0.75,0.45192307692307693,0.76923076923076927,0.31730769230769235
openbci,cross_task_bidirectional,Bidirectional cross-task,complete_settings_39_posthoc,eeg_conformer,EEG-Conformer,pr_auc,True,13,0.78076923076923077,0.18923799791265128,0.87083333333333335,0.67820512820512835,0.87564102564102564,0.19743589743589729
openbci,cross_task_bidirectional,Bidirectional cross-task,complete_settings_39_posthoc,eeg_conformer,EEG-Conformer,average_precision,True,13,0.81794871794871782,0.15042748321551055,0.88749999999999996,0.73685897435897429,0.89198717948717932,0.15512820512820502
openbci,cross_task_bidirectional,Bidirectional cross-task,complete_settings_39_posthoc,eeg_conformer,EEG-Conformer,log_loss,False,13,1.0897994273971403,0.62968425875901335,0.80572864124355625,0.78860640634115375,1.4332900446819083,0.64468363834075459
openbci,cross_task_bidirectional,Bidirectional cross-task,complete_settings_39_posthoc,eeg_conformer,EEG-Conformer,brier_score,False,13,0.29172754291259473,0.12253782150020008,0.26067631760577398,0.23344297049839011,0.35855063781260915,0.12510766731421905
openbci,cross_task_bidirectional,Bidirectional cross-task,complete_settings_39_posthoc,eegnet,EEGNet,accuracy,True,13,0.60256410256410264,0.19882131306757467,0.66666666666666663,0.49999999999999994,0.6923076923076924,0.19230769230769246
openbci,cross_task_bidirectional,Bidirectional cross-task,complete_settings_39_posthoc,eegnet,EEGNet,balanced_accuracy,True,13,0.5,0.17677669529663689,0.5,0.40384615384615385,0.58653846153846156,0.18269230769230771
openbci,cross_task_bidirectional,Bidirectional cross-task,complete_settings_39_posthoc,eegnet,EEGNet,sensitivity,True,13,0.80769230769230771,0.29143763901716163,1,0.65384615384615385,0.94230769230769229,0.28846153846153844
openbci,cross_task_bidirectional,Bidirectional cross-task,complete_settings_39_posthoc,eegnet,EEGNet,specificity,True,13,0.19230769230769232,0.25318484177091666,0,0.076923076923076927,0.30769230769230771,0.23076923076923078
openbci,cross_task_bidirectional,Bidirectional cross-task,complete_settings_39_posthoc,eegnet,EEGNet,precision,True,13,0.64871794871794874,0.13289189745901145,0.66666666666666663,0.57435897435897432,0.71282051282051273,0.13846153846153841
openbci,cross_task_bidirectional,Bidirectional cross-task,complete_settings_39_posthoc,eegnet,EEGNet,f1,True,13,0.70744810744810749,0.20035675602904057,0.80000000000000004,0.59523351648351652,0.80299145299145325,0.20775793650793672
openbci,cross_task_bidirectional,Bidirectional cross-task,complete_settings_39_posthoc,eegnet,EEGNet,auroc,True,13,0.51923076923076927,0.25436887710768713,0.5,0.38461538461538464,0.65384615384615385,0.26923076923076922
openbci,cross_task_bidirectional,Bidirectional cross-task,complete_settings_39_posthoc,eegnet,EEGNet,pr_auc,True,13,0.71826923076923066,0.16807812458823937,0.73124999999999996,0.62868589743589753,0.80593349358974342,0.17724759615384589
openbci,cross_task_bidirectional,Bidirectional cross-task,complete_settings_39_posthoc,eegnet,EEGNet,average_precision,True,13,0.76762820512820518,0.1308929650701034,0.77083333333333326,0.70064102564102559,0.83429487179487183,0.13365384615384623
openbci,cross_task_bidirectional,Bidirectional cross-task,complete_settings_39_posthoc,eegnet,EEGNet,log_loss,False,13,1.0110078375970175,0.48790988574890004,0.804694797245182,0.7778062343942207,1.2792921508491912,0.50148591645497054
openbci,cross_task_bidirectional,Bidirectional cross-task,complete_settings_39_posthoc,eegnet,EEGNet,brier_score,False,13,0.26325905821198636,0.061417892363308434,0.25399001373193592,0.23221836963103476,0.29528260394203448,0.063064234310999723
openbci,cross_task_bidirectional,Bidirectional cross-task,complete_settings_39_posthoc,equal_blend_050,Equal blend (50%),accuracy,True,13,0.61538461538461542,0.1849000654084097,0.66666666666666663,0.52564102564102555,0.71794871794871784,0.19230769230769229
openbci,cross_task_bidirectional,Bidirectional cross-task,complete_settings_39_posthoc,equal_blend_050,Equal blend (50%),balanced_accuracy,True,13,0.55769230769230771,0.18125276302049603,0.5,0.47115384615384615,0.65384615384615385,0.18269230769230771
openbci,cross_task_bidirectional,Bidirectional cross-task,complete_settings_39_posthoc,equal_blend_050,Equal blend (50%),sensitivity,True,13,0.73076923076923073,0.29688554299767722,0.75,0.57692307692307687,0.86538461538461542,0.28846153846153855
openbci,cross_task_bidirectional,Bidirectional cross-task,complete_settings_39_posthoc,equal_blend_050,Equal blend (50%),specificity,True,13,0.38461538461538464,0.36250552604099212,0.5,0.19230769230769232,0.57692307692307687,0.38461538461538458
openbci,cross_task_bidirectional,Bidirectional cross-task,complete_settings_39_posthoc,equal_blend_050,Equal blend (50%),precision,True,12,0.70694444444444449,0.12153445147620857,0.66666666666666663,0.64583333333333337,0.77916666666666667,0.1333333333333333
openbci,cross_task_bidirectional,Bidirectional cross-task,complete_settings_39_posthoc,equal_blend_050,Equal blend (50%),f1,True,13,0.68064713064713067,0.24537087774905936,0.75,0.5391819291819292,0.79340811965811964,0.25422619047619044
openbci,cross_task_bidirectional,Bidirectional cross-task,complete_settings_39_posthoc,equal_blend_050,Equal blend (50%),auroc,True,13,0.5,0.23935677693908453,0.5,0.375,0.625,0.25
openbci,cross_task_bidirectional,Bidirectional cross-task,complete_settings_39_posthoc,equal_blend_050,Equal blend (50%),pr_auc,True,13,0.71057692307692311,0.1461317916614589,0.73124999999999996,0.63349358974358982,0.78766025641025628,0.15416666666666645
openbci,cross_task_bidirectional,Bidirectional cross-task,complete_settings_39_posthoc,equal_blend_050,Equal blend (50%),average_precision,True,13,0.7583333333333333,0.11802287129259374,0.77083333333333326,0.69615384615384623,0.8179567307692307,0.12180288461538447
openbci,cross_task_bidirectional,Bidirectional cross-task,complete_settings_39_posthoc,equal_blend_050,Equal blend (50%),log_loss,False,13,0.8518215347324859,0.28994630859693538,0.68719443775994493,0.71221293472257441,1.016111125925955,0.30389819120338057
openbci,cross_task_bidirectional,Bidirectional cross-task,complete_settings_39_posthoc,equal_blend_050,Equal blend (50%),brier_score,False,13,0.26850708723511568,0.074576716626879078,0.24519473747767018,0.23507151863705092,0.31335945909994511,0.078287940462894196
openbci,cross_task_bidirectional,Bidirectional cross-task,complete_settings_39_posthoc,extra_trees,Extra Trees,accuracy,True,13,0.62820512820512819,0.20586140332494912,0.66666666666666663,0.51282051282051289,0.73076923076923073,0.21794871794871784
openbci,cross_task_bidirectional,Bidirectional cross-task,complete_settings_39_posthoc,extra_trees,Extra Trees,balanced_accuracy,True,13,0.57692307692307687,0.16566203625577663,0.625,0.49038461538461536,0.66346153846153844,0.17307692307692307
openbci,cross_task_bidirectional,Bidirectional cross-task,complete_settings_39_posthoc,extra_trees,Extra Trees,sensitivity,True,13,0.73076923076923073,0.3455300647426004,0.75,0.53846153846153844,0.90384615384615385,0.36538461538461542
openbci,cross_task_bidirectional,Bidirectional cross-task,complete_settings_39_posthoc,extra_trees,Extra Trees,specificity,True,13,0.42307692307692307,0.27735009811261452,0.5,0.26923076923076922,0.57692307692307687,0.30769230769230765
openbci,cross_task_bidirectional,Bidirectional cross-task,complete_settings_39_posthoc,extra_trees,Extra Trees,precision,True,13,0.68333333333333346,0.23736594657320287,0.75,0.54871794871794866,0.78974358974358982,0.24102564102564117
openbci,cross_task_bidirectional,Bidirectional cross-task,complete_settings_39_posthoc,extra_trees,Extra Trees,f1,True,13,0.67735042735042739,0.27066316152839676,0.75,0.52307692307692311,0.8042735042735043,0.2811965811965812
openbci,cross_task_bidirectional,Bidirectional cross-task,complete_settings_39_posthoc,extra_trees,Extra Trees,auroc,True,13,0.59615384615384615,0.24019223070763068,0.625,0.46153846153846156,0.71153846153846156,0.25
openbci,cross_task_bidirectional,Bidirectional cross-task,complete_settings_39_posthoc,extra_trees,Extra Trees,pr_auc,True,13,0.77227564102564095,0.16558325079897632,0.8354166666666667,0.68236778846153834,0.85336538461538458,0.17099759615384624
openbci,cross_task_bidirectional,Bidirectional cross-task,complete_settings_39_posthoc,extra_trees,Extra Trees,average_precision,True,13,0.80961538461538451,0.13184262828265608,0.85416666666666663,0.73589743589743584,0.87243589743589733,0.1365384615384615
openbci,cross_task_bidirectional,Bidirectional cross-task,complete_settings_39_posthoc,extra_trees,Extra Trees,log_loss,False,13,0.75031908905632905,0.22721782967776041,0.67874090238943052,0.64591946616723317,0.88310247707600309,0.23718301090876992
openbci,cross_task_bidirectional,Bidirectional cross-task,complete_settings_39_posthoc,extra_trees,Extra Trees,brier_score,False,13,0.24673379883939164,0.064052946259754509,0.22632264456680506,0.21720651812222957,0.2836432983680402,0.066436780245810623
openbci,cross_task_bidirectional,Bidirectional cross-task,complete_settings_39_posthoc,fixed_blend_010,Fixed blend (10%),accuracy,True,13,0.58974358974358976,0.14617633655117152,0.66666666666666663,0.51282051282051277,0.66666666666666663,0.15384615384615385
openbci,cross_task_bidirectional,Bidirectional cross-task,complete_settings_39_posthoc,fixed_blend_010,Fixed blend (10%),balanced_accuracy,True,13,0.52884615384615385,0.13649105352479221,0.5,0.46153846153846156,0.59615384615384615,0.13461538461538458
openbci,cross_task_bidirectional,Bidirectional cross-task,complete_settings_39_posthoc,fixed_blend_010,Fixed blend (10%),sensitivity,True,13,0.71153846153846156,0.26704700440952817,0.75,0.55769230769230771,0.82740384615383911,0.2697115384615314
openbci,cross_task_bidirectional,Bidirectional cross-task,complete_settings_39_posthoc,fixed_blend_010,Fixed blend (10%),specificity,True,13,0.34615384615384615,0.31521258597805757,0.5,0.19230769230769232,0.5,0.30769230769230771
openbci,cross_task_bidirectional,Bidirectional cross-task,complete_settings_39_posthoc,fixed_blend_010,Fixed blend (10%),precision,True,12,0.6875,0.087364613875274222,0.70833333333333326,0.63750000000000007,0.7319444444444444,0.094444444444444331
openbci,cross_task_bidirectional,Bidirectional cross-task,complete_settings_39_posthoc,fixed_blend_010,Fixed blend (10%),f1,True,13,0.66489621489621498,0.22377672323487122,0.75,0.53241758241758241,0.76019688644688654,0.22777930402930413
openbci,cross_task_bidirectional,Bidirectional cross-task,complete_settings_39_posthoc,fixed_blend_010,Fixed blend (10%),auroc,True,13,0.51923076923076927,0.23299540547907588,0.5,0.39423076923076922,0.63461538461538458,0.24038461538461536
openbci,cross_task_bidirectional,Bidirectional cross-task,complete_settings_39_posthoc,fixed_blend_010,Fixed blend (10%),pr_auc,True,13,0.72820512820512817,0.15228918570476724,0.73124999999999996,0.6463141025641026,0.80560897435897438,0.15929487179487178
openbci,cross_task_bidirectional,Bidirectional cross-task,complete_settings_39_posthoc,fixed_blend_010,Fixed blend (10%),average_precision,True,13,0.77243589743589725,0.12175817598339514,0.77083333333333326,0.70800480769230756,0.83302083333333321,0.12501602564102565
openbci,cross_task_bidirectional,Bidirectional cross-task,complete_settings_39_posthoc,fixed_blend_010,Fixed blend (10%),log_loss,False,13,0.97344161942287633,0.43867781123014055,0.78636252536296991,0.76091669564868791,1.2166896668996121,0.4557729712509242
openbci,cross_task_bidirectional,Bidirectional cross-task,complete_settings_39_posthoc,fixed_blend_010,Fixed blend (10%),brier_score,False,13,0.28580331830393252,0.12176908324464231,0.25148496336662668,0.22900703237095998,0.35695065040645618,0.1279436180354962
openbci,cross_task_bidirectional,Bidirectional cross-task,complete_settings_39_posthoc,fixed_blend_025,Fixed blend (25%),accuracy,True,13,0.60256410256410264,0.14495308210381733,0.66666666666666663,0.52564102564102566,0.6794871794871794,0.15384615384615374
openbci,cross_task_bidirectional,Bidirectional cross-task,complete_settings_39_posthoc,fixed_blend_025,Fixed blend (25%),balanced_accuracy,True,13,0.54807692307692313,0.13048848067834798,0.625,0.47115384615384615,0.61538461538461542,0.14423076923076927
openbci,cross_task_bidirectional,Bidirectional cross-task,complete_settings_39_posthoc,fixed_blend_025,Fixed blend (25%),sensitivity,True,13,0.71153846153846156,0.26704700440952817,0.75,0.55769230769230771,0.82692307692307687,0.26923076923076916
openbci,cross_task_bidirectional,Bidirectional cross-task,complete_settings_39_posthoc,fixed_blend_025,Fixed blend (25%),specificity,True,13,0.38461538461538464,0.29957234475763905,0.5,0.23076923076923078,0.53846153846153844,0.30769230769230765
openbci,cross_task_bidirectional,Bidirectional cross-task,complete_settings_39_posthoc,fixed_blend_025,Fixed blend (25%),precision,True,12,0.69999999999999984,0.084387274640268614,0.75,0.65138888888888891,0.7416666666666667,0.09027777777777779
openbci,cross_task_bidirectional,Bidirectional cross-task,complete_settings_39_posthoc,fixed_blend_025,Fixed blend (25%),f1,True,13,0.67130647130647136,0.22502177562148762,0.75,0.54139194139194136,0.76752136752136757,0.22612942612942621
openbci,cross_task_bidirectional,Bidirectional cross-task,complete_settings_39_posthoc,fixed_blend_025,Fixed blend (25%),auroc,True,13,0.49038461538461536,0.22512460936909975,0.5,0.375,0.60576923076923073,0.23076923076923073
openbci,cross_task_bidirectional,Bidirectional cross-task,complete_settings_39_posthoc,fixed_blend_025,Fixed blend (25%),pr_auc,True,13,0.71153846153846156,0.1433711174979852,0.73124999999999996,0.63621394230769224,0.78189102564102564,0.1456770833333334
openbci,cross_task_bidirectional,Bidirectional cross-task,complete_settings_39_posthoc,fixed_blend_025,Fixed blend (25%),average_precision,True,13,0.75833333333333308,0.11479147761629925,0.77083333333333326,0.69775641025641022,0.81698717948717936,0.11923076923076914
openbci,cross_task_bidirectional,Bidirectional cross-task,complete_settings_39_posthoc,fixed_blend_025,Fixed blend (25%),log_loss,False,13,0.89624967249625176,0.35539212414125132,0.73795694726589289,0.72476432204814523,1.0905120366122687,0.36574771456412347
openbci,cross_task_bidirectional,Bidirectional cross-task,complete_settings_39_posthoc,fixed_blend_025,Fixed blend (25%),brier_score,False,13,0.27450039763317036,0.10081035902633682,0.24401343491560581,0.22857669949810716,0.33311486121529288,0.10453816171718572
openbci,cross_task_bidirectional,Bidirectional cross-task,complete_settings_39_posthoc,rf,Random forest,accuracy,True,13,0.58974358974358965,0.19971489650509272,0.66666666666666663,0.48717948717948717,0.69230769230769229,0.20512820512820512
openbci,cross_task_bidirectional,Bidirectional cross-task,complete_settings_39_posthoc,rf,Random forest,balanced_accuracy,True,13,0.56730769230769229,0.18829957718813592,0.625,0.46153846153846156,0.66346153846153844,0.20192307692307687
openbci,cross_task_bidirectional,Bidirectional cross-task,complete_settings_39_posthoc,rf,Random forest,sensitivity,True,13,0.63461538461538458,0.31648105221364581,0.75,0.46153846153846156,0.78846153846153844,0.32692307692307687
openbci,cross_task_bidirectional,Bidirectional cross-task,complete_settings_39_posthoc,rf,Random forest,specificity,True,13,0.5,0.35355339059327379,0.5,0.30769230769230771,0.69230769230769229,0.38461538461538458
openbci,cross_task_bidirectional,Bidirectional cross-task,complete_settings_39_posthoc,rf,Random forest,precision,True,12,0.7319444444444444,0.17659208450483929,0.75,0.63333333333333341,0.82499999999999984,0.19166666666666643
openbci,cross_task_bidirectional,Bidirectional cross-task,complete_settings_39_posthoc,rf,Random forest,f1,True,13,0.62924297924297923,0.26367145956682325,0.75,0.47973137973137975,0.75586080586080584,0.27612942612942609
openbci,cross_task_bidirectional,Bidirectional cross-task,complete_settings_39_posthoc,rf,Random forest,auroc,True,13,0.50961538461538458,0.26250763114670861,0.625,0.36538461538461536,0.63461538461538458,0.26923076923076922
openbci,cross_task_bidirectional,Bidirectional cross-task,complete_settings_39_posthoc,rf,Random forest,pr_auc,True,13,0.72083333333333333,0.15723301886761004,0.76666666666666661,0.6349358974358974,0.79839743589743573,0.16346153846153832
openbci,cross_task_bidirectional,Bidirectional cross-task,complete_settings_39_posthoc,rf,Random forest,average_precision,True,13,0.76474358974358958,0.13015543797393958,0.8041666666666667,0.69262820512820511,0.82949519230769231,0.1368669871794872
openbci,cross_task_bidirectional,Bidirectional cross-task,complete_settings_39_posthoc,rf,Random forest,log_loss,False,13,0.84822668748477292,0.35263826841703716,0.70277297016940077,0.68502782257440931,1.0455848710693425,0.3605570484949332
openbci,cross_task_bidirectional,Bidirectional cross-task,complete_settings_39_posthoc,rf,Random forest,brier_score,False,13,0.27188671417291271,0.09804737007714856,0.22479056732522448,0.2268828222479759,0.32938723628849281,0.10250441404051691
openbci,cross_task_bidirectional,Bidirectional cross-task,complete_settings_39_posthoc,riemann_mdm,Riemannian MDM,accuracy,True,13,0.64102564102564108,0.14978617237881953,0.66666666666666663,0.5641025641025641,0.71794871794871795,0.15384615384615385
openbci,cross_task_bidirectional,Bidirectional cross-task,complete_settings_39_posthoc,riemann_mdm,Riemannian MDM,balanced_accuracy,True,13,0.53846153846153844,0.12894418390956053,0.5,0.48052884615384639,0.61538461538461542,0.13485576923076903
openbci,cross_task_bidirectional,Bidirectional cross-task,complete_settings_39_posthoc,riemann_mdm,Riemannian MDM,sensitivity,True,13,0.84615384615384615,0.26097696135669596,1,0.69230769230769229,0.96153846153846156,0.26923076923076927
openbci,cross_task_bidirectional,Bidirectional cross-task,complete_settings_39_posthoc,riemann_mdm,Riemannian MDM,specificity,True,13,0.23076923076923078,0.25943726083138546,0,0.11538461538461539,0.38461538461538464,0.26923076923076927
openbci,cross_task_bidirectional,Bidirectional cross-task,complete_settings_39_posthoc,riemann_mdm,Riemannian MDM,precision,True,13,0.67948717948717952,0.083376057423980854,0.66666666666666663,0.63589743589743586,0.72307692307692295,0.087179487179487092
openbci,cross_task_bidirectional,Bidirectional cross-task,complete_settings_39_posthoc,riemann_mdm,Riemannian MDM,f1,True,13,0.73919413919413934,0.16219419172943697,0.80000000000000004,0.64786324786324778,0.8166056166056167,0.16874236874236892
openbci,cross_task_bidirectional,Bidirectional cross-task,complete_settings_39_posthoc,riemann_mdm,Riemannian MDM,auroc,True,13,0.52884615384615385,0.21135627352641881,0.625,0.41346153846153844,0.63461538461538458,0.22115384615384615
openbci,cross_task_bidirectional,Bidirectional cross-task,complete_settings_39_posthoc,riemann_mdm,Riemannian MDM,pr_auc,True,13,0.72884615384615392,0.14198760153127452,0.76666666666666661,0.65352163461538459,0.80144230769230773,0.14792067307692314
openbci,cross_task_bidirectional,Bidirectional cross-task,complete_settings_39_posthoc,riemann_mdm,Riemannian MDM,average_precision,True,13,0.77435897435897449,0.10956625017147469,0.8041666666666667,0.7173076923076922,0.83012820512820507,0.11282051282051286
openbci,cross_task_bidirectional,Bidirectional cross-task,complete_settings_39_posthoc,riemann_mdm,Riemannian MDM,log_loss,False,13,1.3068621798346536,1.0377282469470126,0.89277001106338494,0.82482858272250503,1.9001141344071699,1.0752855516846649
openbci,cross_task_bidirectional,Bidirectional cross-task,complete_settings_39_posthoc,riemann_mdm,Riemannian MDM,brier_score,False,13,0.28139367127384035,0.10531186050284184,0.2469606011731309,0.23102254091062385,0.34013157064537258,0.10910902973474873
openbci,cross_task_bidirectional,Bidirectional cross-task,complete_settings_39_posthoc,riemann_ts_logreg,Riemannian TS-LR,accuracy,True,13,0.52564102564102566,0.14978617237881953,0.5,0.44871794871794862,0.58974358974358987,0.14102564102564125
openbci,cross_task_bidirectional,Bidirectional cross-task,complete_settings_39_posthoc,riemann_ts_logreg,Riemannian TS-LR,balanced_accuracy,True,13,0.47115384615384615,0.10400628679223047,0.5,0.41346153846153844,0.51923076923076927,0.10576923076923084
openbci,cross_task_bidirectional,Bidirectional cross-task,complete_settings_39_posthoc,riemann_ts_logreg,Riemannian TS-LR,sensitivity,True,13,0.63461538461538458,0.29957234475763905,0.75,0.48076923076923078,0.78846153846153844,0.30769230769230765
openbci,cross_task_bidirectional,Bidirectional cross-task,complete_settings_39_posthoc,riemann_ts_logreg,Riemannian TS-LR,specificity,True,13,0.30769230769230771,0.25318484177091666,0.5,0.19230769230769232,0.42307692307692307,0.23076923076923075
openbci,cross_task_bidirectional,Bidirectional cross-task,complete_settings_39_posthoc,riemann_ts_logreg,Riemannian TS-LR,precision,True,13,0.6051282051282052,0.1927367009612749,0.66666666666666663,0.49487179487179483,0.68076923076923079,0.18589743589743596
openbci,cross_task_bidirectional,Bidirectional cross-task,complete_settings_39_posthoc,riemann_ts_logreg,Riemannian TS-LR,f1,True,13,0.60402930402930399,0.22510261499665024,0.66666666666666663,0.47673076923076924,0.70624084249084218,0.22951007326007294
openbci,cross_task_bidirectional,Bidirectional cross-task,complete_settings_39_posthoc,riemann_ts_logreg,Riemannian TS-LR,auroc,True,13,0.54807692307692313,0.24226826093487824,0.5,0.42307692307692307,0.66346153846153844,0.24038461538461536
openbci,cross_task_bidirectional,Bidirectional cross-task,complete_settings_39_posthoc,riemann_ts_logreg,Riemannian TS-LR,pr_auc,True,13,0.7286858974358974,0.16081109933335891,0.76666666666666661,0.64326923076923082,0.8112179487179485,0.16794871794871769
openbci,cross_task_bidirectional,Bidirectional cross-task,complete_settings_39_posthoc,riemann_ts_logreg,Riemannian TS-LR,average_precision,True,13,0.77596153846153848,0.12725004827631611,0.8041666666666667,0.70769230769230773,0.84102564102564092,0.13333333333333319
openbci,cross_task_bidirectional,Bidirectional cross-task,complete_settings_39_posthoc,riemann_ts_logreg,Riemannian TS-LR,log_loss,False,13,1.6129067826055963,0.94652484808726056,1.2710861996625911,1.1622097751692051,2.1451256365314748,0.98291586136226972
openbci,cross_task_bidirectional,Bidirectional cross-task,complete_settings_39_posthoc,riemann_ts_logreg,Riemannian TS-LR,brier_score,False,13,0.35509024529389571,0.1097086190775618,0.34145031147521338,0.30026642555577554,0.41499924154459972,0.11473281598882418
openbci,cross_task_bidirectional,Bidirectional cross-task,complete_settings_39_posthoc,stack_recording,OOF recording-level stacking,accuracy,True,13,0.51282051282051289,0.14371941641709604,0.5,0.43589743589743585,0.57692307692307698,0.14102564102564114
openbci,cross_task_bidirectional,Bidirectional cross-task,complete_settings_39_posthoc,stack_recording,OOF recording-level stacking,balanced_accuracy,True,13,0.49038461538461536,0.13939544376911944,0.5,0.42307692307692307,0.55769230769230771,0.13461538461538464
openbci,cross_task_bidirectional,Bidirectional cross-task,complete_settings_39_posthoc,stack_recording,OOF recording-level stacking,sensitivity,True,13,0.55769230769230771,0.23170217399907458,0.5,0.42307692307692307,0.67307692307692313,0.25000000000000006
openbci,cross_task_bidirectional,Bidirectional cross-task,complete_settings_39_posthoc,stack_recording,OOF recording-level stacking,specificity,True,13,0.42307692307692307,0.27735009811261452,0.5,0.26923076923076922,0.57692307692307687,0.30769230769230765
openbci,cross_task_bidirectional,Bidirectional cross-task,complete_settings_39_posthoc,stack_recording,OOF recording-level stacking,precision,True,13,0.63589743589743586,0.22161508943040828,0.66666666666666663,0.5064102564102565,0.73717948717948723,0.23076923076923073
openbci,cross_task_bidirectional,Bidirectional cross-task,complete_settings_39_posthoc,stack_recording,OOF recording-level stacking,f1,True,13,0.58168498168498173,0.1967286899569492,0.5714285714285714,0.46298992673992678,0.66776556776556761,0.20477564102564083
openbci,cross_task_bidirectional,Bidirectional cross-task,complete_settings_39_posthoc,stack_recording,OOF recording-level stacking,auroc,True,13,0.40384615384615385,0.20510316353559174,0.5,0.28846153846153844,0.50961538461538458,0.22115384615384615
openbci,cross_task_bidirectional,Bidirectional cross-task,complete_settings_39_posthoc,stack_recording,OOF recording-level stacking,pr_auc,True,13,0.65432692307692308,0.14257384563837072,0.73124999999999996,0.57900641025641031,0.72612179487179485,0.14711538461538454
openbci,cross_task_bidirectional,Bidirectional cross-task,complete_settings_39_posthoc,stack_recording,OOF recording-level stacking,average_precision,True,13,0.7137820512820513,0.11048064990236525,0.77083333333333326,0.65641025641025641,0.77019230769230751,0.1137820512820511
openbci,cross_task_bidirectional,Bidirectional cross-task,complete_settings_39_posthoc,stack_recording,OOF recording-level stacking,log_loss,False,13,1.418156554098241,0.99174617323041425,1.0381931659439274,0.97352743031437883,2.0026785063324133,1.0291510760180345
openbci,cross_task_bidirectional,Bidirectional cross-task,complete_settings_39_posthoc,stack_recording,OOF recording-level stacking,brier_score,False,13,0.34263185156585407,0.075041227549252507,0.31946767599174941,0.30650477374767698,0.3842206858177048,0.077715912070027815
openbci,cross_task_stroop_to_arithmetic,Stroop to Arithmetic,direction_specific_26_posthoc,always_fuse,Always fused,accuracy,True,13,0.48717948717948717,0.2587500086020616,0.33333333333333331,0.35897435897435892,0.61538461538461542,0.2564102564102565
openbci,cross_task_stroop_to_arithmetic,Stroop to Arithmetic,direction_specific_26_posthoc,always_fuse,Always fused,balanced_accuracy,True,13,0.48076923076923078,0.21557912462564408,0.5,0.36538461538461536,0.59615384615384615,0.23076923076923078
openbci,cross_task_stroop_to_arithmetic,Stroop to Arithmetic,direction_specific_26_posthoc,always_fuse,Always fused,sensitivity,True,13,0.5,0.5,0.5,0.23076923076923078,0.76923076923076927,0.53846153846153855
openbci,cross_task_stroop_to_arithmetic,Stroop to Arithmetic,direction_specific_26_posthoc,always_fuse,Always fused,specificity,True,13,0.46153846153846156,0.51887452166277082,0,0.23076923076923078,0.69230769230769229,0.46153846153846151
openbci,cross_task_stroop_to_arithmetic,Stroop to Arithmetic,direction_specific_26_posthoc,always_fuse,Always fused,precision,True,8,0.60416666666666663,0.28083633600203445,0.66666666666666663,0.39583333333333331,0.77083333333333326,0.37499999999999994
openbci,cross_task_stroop_to_arithmetic,Stroop to Arithmetic,direction_specific_26_posthoc,always_fuse,Always fused,f1,True,13,0.42307692307692307,0.42062224967668665,0.5,0.20000000000000001,0.63846153846153852,0.43846153846153851
openbci,cross_task_stroop_to_arithmetic,Stroop to Arithmetic,direction_specific_26_posthoc,always_fuse,Always fused,auroc,True,13,0.34615384615384615,0.37553380809940534,0.5,0.15384615384615385,0.53846153846153844,0.38461538461538458
openbci,cross_task_stroop_to_arithmetic,Stroop to Arithmetic,direction_specific_26_posthoc,always_fuse,Always fused,pr_auc,True,13,0.65064102564102555,0.23664469622349929,0.79166666666666663,0.53205128205128216,0.78205128205128183,0.24999999999999967
openbci,cross_task_stroop_to_arithmetic,Stroop to Arithmetic,direction_specific_26_posthoc,always_fuse,Always fused,average_precision,True,13,0.74358974358974372,0.16478640236548164,0.83333333333333326,0.66025641025641013,0.82692307692307709,0.16666666666666696
openbci,cross_task_stroop_to_arithmetic,Stroop to Arithmetic,direction_specific_26_posthoc,always_fuse,Always fused,log_loss,False,13,0.88095973751775358,0.32540997231080909,0.71529793002198694,0.72620823177892657,1.0581371501383987,0.33192891835947214
openbci,cross_task_stroop_to_arithmetic,Stroop to Arithmetic,direction_specific_26_posthoc,always_fuse,Always fused,brier_score,False,13,0.30523840165251376,0.10348756239508708,0.26112272767076877,0.25277061903525616,0.3607840487401367,0.10801342970488054
openbci,cross_task_stroop_to_arithmetic,Stroop to Arithmetic,direction_specific_26_posthoc,always_nn,Always neural,accuracy,True,13,0.5641025641025641,0.25035587206627025,0.66666666666666663,0.43589743589743585,0.69230769230769229,0.25641025641025644
openbci,cross_task_stroop_to_arithmetic,Stroop to Arithmetic,direction_specific_26_posthoc,always_nn,Always neural,balanced_accuracy,True,13,0.51923076923076927,0.25943726083138535,0.5,0.38461538461538464,0.65384615384615385,0.26923076923076922
openbci,cross_task_stroop_to_arithmetic,Stroop to Arithmetic,direction_specific_26_posthoc,always_nn,Always neural,sensitivity,True,13,0.65384615384615385,0.37553380809940534,0.5,0.46153846153846156,0.84615384615384615,0.38461538461538458
openbci,cross_task_stroop_to_arithmetic,Stroop to Arithmetic,direction_specific_26_posthoc,always_nn,Always neural,specificity,True,13,0.38461538461538464,0.50636968354183332,0,0.15384615384615385,0.61538461538461542,0.46153846153846156
openbci,cross_task_stroop_to_arithmetic,Stroop to Arithmetic,direction_specific_26_posthoc,always_nn,Always neural,precision,True,12,0.69444444444444431,0.29157646512850627,0.66666666666666663,0.52777777777777779,0.84722222222222221,0.31944444444444442
openbci,cross_task_stroop_to_arithmetic,Stroop to Arithmetic,direction_specific_26_posthoc,always_nn,Always neural,f1,True,13,0.61538461538461542,0.30417325247524235,0.66666666666666663,0.44358974358974357,0.75897435897435916,0.3153846153846156
openbci,cross_task_stroop_to_arithmetic,Stroop to Arithmetic,direction_specific_26_posthoc,always_nn,Always neural,auroc,True,13,0.53846153846153844,0.37977726265637496,0.5,0.34615384615384615,0.73076923076923073,0.38461538461538458
openbci,cross_task_stroop_to_arithmetic,Stroop to Arithmetic,direction_specific_26_posthoc,always_nn,Always neural,pr_auc,True,13,0.76923076923076905,0.22153673654955208,0.79166666666666663,0.65064102564102566,0.87499999999999989,0.22435897435897423
openbci,cross_task_stroop_to_arithmetic,Stroop to Arithmetic,direction_specific_26_posthoc,always_nn,Always neural,average_precision,True,13,0.82692307692307687,0.15760629298902884,0.83333333333333326,0.7435897435897435,0.90384615384615397,0.16025641025641046
openbci,cross_task_stroop_to_arithmetic,Stroop to Arithmetic,direction_specific_26_posthoc,always_nn,Always neural,log_loss,False,13,2.216924965506494,2.8556874468564097,0.75592019625566331,0.83110116522430044,3.828048035953926,2.9969468707296256
openbci,cross_task_stroop_to_arithmetic,Stroop to Arithmetic,direction_specific_26_posthoc,always_nn,Always neural,brier_score,False,13,0.33874657384035045,0.22443043381864175,0.27973682741270667,0.2314323391182839,0.46189067896633063,0.23045833984804673
openbci,cross_task_stroop_to_arithmetic,Stroop to Arithmetic,direction_specific_26_posthoc,cbsf,CB-SF,accuracy,True,13,0.53846153846153844,0.2559825492627682,0.66666666666666663,0.41025641025641019,0.66666666666666663,0.25641025641025644
openbci,cross_task_stroop_to_arithmetic,Stroop to Arithmetic,direction_specific_26_posthoc,cbsf,CB-SF,balanced_accuracy,True,13,0.51923076923076927,0.21557912462564408,0.5,0.40384615384615385,0.63461538461538458,0.23076923076923073
openbci,cross_task_stroop_to_arithmetic,Stroop to Arithmetic,direction_specific_26_posthoc,cbsf,CB-SF,sensitivity,True,13,0.57692307692307687,0.49354811679282456,1,0.30769230769230771,0.84615384615384615,0.53846153846153844
openbci,cross_task_stroop_to_arithmetic,Stroop to Arithmetic,direction_specific_26_posthoc,cbsf,CB-SF,specificity,True,13,0.46153846153846156,0.51887452166277082,0,0.23076923076923078,0.69230769230769229,0.46153846153846151
openbci,cross_task_stroop_to_arithmetic,Stroop to Arithmetic,direction_specific_26_posthoc,cbsf,CB-SF,precision,True,9,0.66666666666666663,0.28867513459481292,0.66666666666666663,0.48148148148148145,0.81481481481481477,0.33333333333333331
openbci,cross_task_stroop_to_arithmetic,Stroop to Arithmetic,direction_specific_26_posthoc,cbsf,CB-SF,f1,True,13,0.49743589743589739,0.41509961733021672,0.80000000000000004,0.27692307692307688,0.70769230769230773,0.43076923076923085
openbci,cross_task_stroop_to_arithmetic,Stroop to Arithmetic,direction_specific_26_posthoc,cbsf,CB-SF,auroc,True,13,0.46153846153846156,0.37977726265637501,0.5,0.26923076923076922,0.65384615384615385,0.38461538461538464
openbci,cross_task_stroop_to_arithmetic,Stroop to Arithmetic,direction_specific_26_posthoc,cbsf,CB-SF,pr_auc,True,13,0.72435897435897434,0.22982132599117491,0.79166666666666663,0.60576923076923084,0.84294871794871784,0.237179487179487
openbci,cross_task_stroop_to_arithmetic,Stroop to Arithmetic,direction_specific_26_posthoc,cbsf,CB-SF,average_precision,True,13,0.79487179487179493,0.16178755723235852,0.83333333333333326,0.71153846153846156,0.8782051282051283,0.16666666666666674
openbci,cross_task_stroop_to_arithmetic,Stroop to Arithmetic,direction_specific_26_posthoc,cbsf,CB-SF,log_loss,False,13,0.93414193450437355,0.49704923227022724,0.71978696855826119,0.6837534535333547,1.1986671182126702,0.51491366467931554
openbci,cross_task_stroop_to_arithmetic,Stroop to Arithmetic,direction_specific_26_posthoc,cbsf,CB-SF,brier_score,False,13,0.30112295620730495,0.13969765495605602,0.26324385920674498,0.22936339970634403,0.37535721514564502,0.14599381543930098
openbci,cross_task_stroop_to_arithmetic,Stroop to Arithmetic,direction_specific_26_posthoc,dasf_clean,DASF,accuracy,True,13,0.51282051282051277,0.2587500086020616,0.66666666666666663,0.38461538461538453,0.64102564102564108,0.25641025641025655
openbci,cross_task_stroop_to_arithmetic,Stroop to Arithmetic,direction_specific_26_posthoc,dasf_clean,DASF,balanced_accuracy,True,13,0.46153846153846156,0.22467925856822926,0.5,0.34615384615384615,0.57692307692307687,0.23076923076923073
openbci,cross_task_stroop_to_arithmetic,Stroop to Arithmetic,direction_specific_26_posthoc,dasf_clean,DASF,sensitivity,True,13,0.61538461538461542,0.46340434799814922,1,0.34615384615384615,0.84615384615384615,0.5
openbci,cross_task_stroop_to_arithmetic,Stroop to Arithmetic,direction_specific_26_posthoc,dasf_clean,DASF,specificity,True,13,0.30769230769230771,0.48038446141526137,0,0.076923076923076927,0.53846153846153844,0.46153846153846151
openbci,cross_task_stroop_to_arithmetic,Stroop to Arithmetic,direction_specific_26_posthoc,dasf_clean,DASF,precision,True,10,0.59999999999999998,0.25092421756969363,0.66666666666666663,0.43333333333333329,0.73333333333333328,0.29999999999999999
openbci,cross_task_stroop_to_arithmetic,Stroop to Arithmetic,direction_specific_26_posthoc,dasf_clean,DASF,f1,True,13,0.52307692307692311,0.38547340192254981,0.80000000000000004,0.30769230769230771,0.72307692307692306,0.41538461538461535
openbci,cross_task_stroop_to_arithmetic,Stroop to Arithmetic,direction_specific_26_posthoc,dasf_clean,DASF,auroc,True,13,0.38461538461538464,0.36250552604099212,0.5,0.19230769230769232,0.57692307692307687,0.38461538461538458
openbci,cross_task_stroop_to_arithmetic,Stroop to Arithmetic,direction_specific_26_posthoc,dasf_clean,DASF,pr_auc,True,13,0.6794871794871794,0.22846142454935911,0.79166666666666663,0.56089743589743601,0.79807692307692313,0.23717948717948711
openbci,cross_task_stroop_to_arithmetic,Stroop to Arithmetic,direction_specific_26_posthoc,dasf_clean,DASF,average_precision,True,13,0.76282051282051289,0.1590122645738381,0.83333333333333326,0.6794871794871794,0.84615384615384615,0.16666666666666674
openbci,cross_task_stroop_to_arithmetic,Stroop to Arithmetic,direction_specific_26_posthoc,dasf_clean,DASF,log_loss,False,13,1.7594381020109588,2.2179845415824047,0.71529793002198694,0.77792317118611487,3.0442021209270123,2.2662789497408973
openbci,cross_task_stroop_to_arithmetic,Stroop to Arithmetic,direction_specific_26_posthoc,dasf_clean,DASF,brier_score,False,13,0.35547608029288358,0.22044706294781563,0.26818571471915148,0.2484959991637043,0.47791374661535574,0.22941774745165144
openbci,cross_task_stroop_to_arithmetic,Stroop to Arithmetic,direction_specific_26_posthoc,eeg_conformer,EEG-Conformer,accuracy,True,13,0.64102564102564108,0.28743883283419214,0.66666666666666663,0.48717948717948717,0.7698717948717857,0.28269230769229853
openbci,cross_task_stroop_to_arithmetic,Stroop to Arithmetic,direction_specific_26_posthoc,eeg_conformer,EEG-Conformer,balanced_accuracy,True,13,0.55769230769230771,0.29143763901716163,0.5,0.40384615384615385,0.71153846153846156,0.30769230769230771
openbci,cross_task_stroop_to_arithmetic,Stroop to Arithmetic,direction_specific_26_posthoc,eeg_conformer,EEG-Conformer,sensitivity,True,13,0.80769230769230771,0.38397382389415224,1,0.57692307692307687,1,0.42307692307692313
openbci,cross_task_stroop_to_arithmetic,Stroop to Arithmetic,direction_specific_26_posthoc,eeg_conformer,EEG-Conformer,specificity,True,13,0.30769230769230771,0.48038446141526137,0,0.076923076923076927,0.53846153846153844,0.46153846153846151
openbci,cross_task_stroop_to_arithmetic,Stroop to Arithmetic,direction_specific_26_posthoc,eeg_conformer,EEG-Conformer,precision,True,12,0.68055555555555547,0.27022561966232128,0.66666666666666663,0.52777777777777779,0.81944444444444431,0.29166666666666652
openbci,cross_task_stroop_to_arithmetic,Stroop to Arithmetic,direction_specific_26_posthoc,eeg_conformer,EEG-Conformer,f1,True,13,0.70000000000000007,0.33665016461206926,0.80000000000000004,0.50769230769230766,0.85384615384615392,0.34615384615384626
openbci,cross_task_stroop_to_arithmetic,Stroop to Arithmetic,direction_specific_26_posthoc,eeg_conformer,EEG-Conformer,auroc,True,13,0.61538461538461542,0.46340434799814922,1,0.38461538461538464,0.84615384615384615,0.46153846153846151
openbci,cross_task_stroop_to_arithmetic,Stroop to Arithmetic,direction_specific_26_posthoc,eeg_conformer,EEG-Conformer,pr_auc,True,13,0.78846153846153844,0.26866737449801775,1,0.64102564102564108,0.92307692307692291,0.28205128205128183
openbci,cross_task_stroop_to_arithmetic,Stroop to Arithmetic,direction_specific_26_posthoc,eeg_conformer,EEG-Conformer,average_precision,True,13,0.84615384615384615,0.19198691194707615,1,0.7435897435897435,0.94230769230769229,0.19871794871794879
openbci,cross_task_stroop_to_arithmetic,Stroop to Arithmetic,direction_specific_26_posthoc,eeg_conformer,EEG-Conformer,log_loss,False,13,1.2337691551393226,1.1628389907743863,0.65591737182065735,0.6915999204932225,1.9079696233208572,1.2163697028276346
openbci,cross_task_stroop_to_arithmetic,Stroop to Arithmetic,direction_specific_26_posthoc,eeg_conformer,EEG-Conformer,brier_score,False,13,0.30511942487192456,0.22387188115595791,0.23234053297765708,0.20144741820433656,0.43387019959766016,0.23242278139332359
openbci,cross_task_stroop_to_arithmetic,Stroop to Arithmetic,direction_specific_26_posthoc,eegnet,EEGNet,accuracy,True,13,0.58974358974358987,0.30893623199876613,0.66666666666666663,0.4102564102564103,0.7435897435897435,0.3333333333333332
openbci,cross_task_stroop_to_arithmetic,Stroop to Arithmetic,direction_specific_26_posthoc,eegnet,EEGNet,balanced_accuracy,True,13,0.51923076923076927,0.31393899456374053,0.5,0.34615384615384615,0.67355769230768536,0.32740384615383922
openbci,cross_task_stroop_to_arithmetic,Stroop to Arithmetic,direction_specific_26_posthoc,eegnet,EEGNet,sensitivity,True,13,0.73076923076923073,0.38812501290309237,1,0.5,0.92307692307692313,0.42307692307692313
openbci,cross_task_stroop_to_arithmetic,Stroop to Arithmetic,direction_specific_26_posthoc,eegnet,EEGNet,specificity,True,13,0.30769230769230771,0.48038446141526137,0,0.076923076923076927,0.53846153846153844,0.46153846153846151
openbci,cross_task_stroop_to_arithmetic,Stroop to Arithmetic,direction_specific_26_posthoc,eegnet,EEGNet,precision,True,13,0.65384615384615385,0.33652319867709457,0.66666666666666663,0.47435897435897439,0.82051282051282048,0.34615384615384609
openbci,cross_task_stroop_to_arithmetic,Stroop to Arithmetic,direction_specific_26_posthoc,eegnet,EEGNet,f1,True,13,0.66410256410256407,0.32216327194323963,0.80000000000000004,0.4794871794871795,0.81794871794871804,0.33846153846153854
openbci,cross_task_stroop_to_arithmetic,Stroop to Arithmetic,direction_specific_26_posthoc,eegnet,EEGNet,auroc,True,13,0.5,0.40824829046386302,0.5,0.26923076923076922,0.73076923076923073,0.46153846153846151
openbci,cross_task_stroop_to_arithmetic,Stroop to Arithmetic,direction_specific_26_posthoc,eegnet,EEGNet,pr_auc,True,13,0.7403846153846152,0.24185448051171132,0.79166666666666663,0.60897435897435903,0.862179487179487,0.25320512820512797
openbci,cross_task_stroop_to_arithmetic,Stroop to Arithmetic,direction_specific_26_posthoc,eegnet,EEGNet,average_precision,True,13,0.80769230769230782,0.17140694816821717,0.83333333333333326,0.71794871794871784,0.89743589743589736,0.17948717948717952
openbci,cross_task_stroop_to_arithmetic,Stroop to Arithmetic,direction_specific_26_posthoc,eegnet,EEGNet,log_loss,False,13,0.71252583336227515,0.22402212698848012,0.66299599367938999,0.59942283264201468,0.83463682625452174,0.23521399361250706
openbci,cross_task_stroop_to_arithmetic,Stroop to Arithmetic,direction_specific_26_posthoc,eegnet,EEGNet,brier_score,False,13,0.24364122925458459,0.074013819172245865,0.23500181423589597,0.20387797657607001,0.28123142070175272,0.077353444125682708
openbci,cross_task_stroop_to_arithmetic,Stroop to Arithmetic,direction_specific_26_posthoc,equal_blend_050,Equal blend (50%),accuracy,True,13,0.58974358974358976,0.27735009811261457,0.66666666666666663,0.43589743589743585,0.71794871794871795,0.2820512820512821
openbci,cross_task_stroop_to_arithmetic,Stroop to Arithmetic,direction_specific_26_posthoc,equal_blend_050,Equal blend (50%),balanced_accuracy,True,13,0.57692307692307687,0.25788836781912106,0.5,0.44230769230769229,0.71153846153846156,0.26923076923076927
openbci,cross_task_stroop_to_arithmetic,Stroop to Arithmetic,direction_specific_26_posthoc,equal_blend_050,Equal blend (50%),sensitivity,True,13,0.61538461538461542,0.46340434799814922,1,0.38461538461538464,0.84615384615384615,0.46153846153846151
openbci,cross_task_stroop_to_arithmetic,Stroop to Arithmetic,direction_specific_26_posthoc,equal_blend_050,Equal blend (50%),specificity,True,13,0.53846153846153844,0.51887452166277082,1,0.30769230769230771,0.76923076923076927,0.46153846153846156
openbci,cross_task_stroop_to_arithmetic,Stroop to Arithmetic,direction_specific_26_posthoc,equal_blend_050,Equal blend (50%),precision,True,10,0.73333333333333328,0.30631219449089381,0.66666666666666663,0.53333333333333333,0.8999999999999998,0.36666666666666647
openbci,cross_task_stroop_to_arithmetic,Stroop to Arithmetic,direction_specific_26_posthoc,equal_blend_050,Equal blend (50%),f1,True,13,0.5641025641025641,0.40333368651535006,0.80000000000000004,0.3487179487179487,0.76410256410256416,0.41538461538461546
openbci,cross_task_stroop_to_arithmetic,Stroop to Arithmetic,direction_specific_26_posthoc,equal_blend_050,Equal blend (50%),auroc,True,13,0.53846153846153844,0.37977726265637496,0.5,0.34615384615384615,0.73076923076923073,0.38461538461538458
openbci,cross_task_stroop_to_arithmetic,Stroop to Arithmetic,direction_specific_26_posthoc,equal_blend_050,Equal blend (50%),pr_auc,True,13,0.76923076923076905,0.22153673654955208,0.79166666666666663,0.65064102564102555,0.875,0.22435897435897445
openbci,cross_task_stroop_to_arithmetic,Stroop to Arithmetic,direction_specific_26_posthoc,equal_blend_050,Equal blend (50%),average_precision,True,13,0.82692307692307687,0.15760629298902884,0.83333333333333326,0.7435897435897435,0.90384615384615397,0.16025641025641046
openbci,cross_task_stroop_to_arithmetic,Stroop to Arithmetic,direction_specific_26_posthoc,equal_blend_050,Equal blend (50%),log_loss,False,13,0.8849727029501111,0.44730918021336002,0.68450117601743232,0.67369309560788093,1.1399272988613518,0.46623420325347087
openbci,cross_task_stroop_to_arithmetic,Stroop to Arithmetic,direction_specific_26_posthoc,equal_blend_050,Equal blend (50%),brier_score,False,13,0.29066273962856931,0.12980159549175072,0.2455632416649571,0.22886520875930025,0.36503994754129876,0.13617473878199851
openbci,cross_task_stroop_to_arithmetic,Stroop to Arithmetic,direction_specific_26_posthoc,extra_trees,Extra Trees,accuracy,True,13,0.61538461538461542,0.22957907724039817,0.66666666666666663,0.51217948717948758,0.7435897435897435,0.23141025641025592
openbci,cross_task_stroop_to_arithmetic,Stroop to Arithmetic,direction_specific_26_posthoc,extra_trees,Extra Trees,balanced_accuracy,True,13,0.59615384615384615,0.217429623155726,0.5,0.5,0.71153846153846156,0.21153846153846156
openbci,cross_task_stroop_to_arithmetic,Stroop to Arithmetic,direction_specific_26_posthoc,extra_trees,Extra Trees,sensitivity,True,13,0.65384615384615385,0.42742520713255522,1,0.42307692307692307,0.84615384615384615,0.42307692307692307
openbci,cross_task_stroop_to_arithmetic,Stroop to Arithmetic,direction_specific_26_posthoc,extra_trees,Extra Trees,specificity,True,13,0.53846153846153844,0.51887452166277082,1,0.30769230769230771,0.76923076923076927,0.46153846153846156
openbci,cross_task_stroop_to_arithmetic,Stroop to Arithmetic,direction_specific_26_posthoc,extra_trees,Extra Trees,precision,True,10,0.78333333333333333,0.19325030145473429,0.66666666666666663,0.66666666666666674,0.90000000000000002,0.23333333333333328
openbci,cross_task_stroop_to_arithmetic,Stroop to Arithmetic,direction_specific_26_posthoc,extra_trees,Extra Trees,f1,True,13,0.60256410256410253,0.36728774128778774,0.80000000000000004,0.39999999999999997,0.7794871794871796,0.37948717948717964
openbci,cross_task_stroop_to_arithmetic,Stroop to Arithmetic,direction_specific_26_posthoc,extra_trees,Extra Trees,auroc,True,13,0.61538461538461542,0.299572344757639,0.5,0.46153846153846156,0.76923076923076927,0.30769230769230771
openbci,cross_task_stroop_to_arithmetic,Stroop to Arithmetic,direction_specific_26_posthoc,extra_trees,Extra Trees,pr_auc,True,13,0.82692307692307676,0.15760629298902881,0.79166666666666663,0.73717948717948711,0.90384615384615374,0.16666666666666663
openbci,cross_task_stroop_to_arithmetic,Stroop to Arithmetic,direction_specific_26_posthoc,extra_trees,Extra Trees,average_precision,True,13,0.86538461538461553,0.11556254088025607,0.83333333333333326,0.80128205128205132,0.92307692307692324,0.12179487179487192
openbci,cross_task_stroop_to_arithmetic,Stroop to Arithmetic,direction_specific_26_posthoc,extra_trees,Extra Trees,log_loss,False,13,0.72645443751345917,0.20448831151355268,0.67433375999279299,0.62962740764355118,0.84017525167145646,0.21054784402790527
openbci,cross_task_stroop_to_arithmetic,Stroop to Arithmetic,direction_specific_26_posthoc,extra_trees,Extra Trees,brier_score,False,13,0.25798718302619206,0.087296667912269074,0.24718523327610173,0.21604939416961175,0.30702123638291073,0.090971842213298987
openbci,cross_task_stroop_to_arithmetic,Stroop to Arithmetic,direction_specific_26_posthoc,fixed_blend_010,Fixed blend (10%),accuracy,True,13,0.5641025641025641,0.25035587206627025,0.66666666666666663,0.43589743589743585,0.69230769230769229,0.25641025641025644
openbci,cross_task_stroop_to_arithmetic,Stroop to Arithmetic,direction_specific_26_posthoc,fixed_blend_010,Fixed blend (10%),balanced_accuracy,True,13,0.53846153846153844,0.26704700440952822,0.5,0.40384615384615385,0.67307692307692313,0.26923076923076927
openbci,cross_task_stroop_to_arithmetic,Stroop to Arithmetic,direction_specific_26_posthoc,fixed_blend_010,Fixed blend (10%),sensitivity,True,13,0.61538461538461542,0.36250552604099212,0.5,0.42307692307692307,0.80769230769230771,0.38461538461538464
openbci,cross_task_stroop_to_arithmetic,Stroop to Arithmetic,direction_specific_26_posthoc,fixed_blend_010,Fixed blend (10%),specificity,True,13,0.46153846153846156,0.51887452166277082,0,0.23076923076923078,0.76923076923076927,0.53846153846153855
openbci,cross_task_stroop_to_arithmetic,Stroop to Arithmetic,direction_specific_26_posthoc,fixed_blend_010,Fixed blend (10%),precision,True,12,0.72222222222222232,0.30429030972509225,0.66666666666666663,0.54166666666666663,0.87499999999999989,0.33333333333333326
openbci,cross_task_stroop_to_arithmetic,Stroop to Arithmetic,direction_specific_26_posthoc,fixed_blend_010,Fixed blend (10%),f1,True,13,0.6051282051282052,0.29964366301713236,0.66666666666666663,0.43583333333333335,0.74615384615384606,0.31032051282051271
openbci,cross_task_stroop_to_arithmetic,Stroop to Arithmetic,direction_specific_26_posthoc,fixed_blend_010,Fixed blend (10%),auroc,True,13,0.53846153846153844,0.37977726265637496,0.5,0.34615384615384615,0.73076923076923073,0.38461538461538458
openbci,cross_task_stroop_to_arithmetic,Stroop to Arithmetic,direction_specific_26_posthoc,fixed_blend_010,Fixed blend (10%),pr_auc,True,13,0.76923076923076905,0.22153673654955208,0.79166666666666663,0.65064102564102566,0.87820512820512819,0.22756410256410253
openbci,cross_task_stroop_to_arithmetic,Stroop to Arithmetic,direction_specific_26_posthoc,fixed_blend_010,Fixed blend (10%),average_precision,True,13,0.82692307692307687,0.15760629298902884,0.83333333333333326,0.7435897435897435,0.90384615384615397,0.16025641025641046
openbci,cross_task_stroop_to_arithmetic,Stroop to Arithmetic,direction_specific_26_posthoc,fixed_blend_010,Fixed blend (10%),log_loss,False,13,1.018884220140142,0.7210681310068926,0.73345067673406428,0.67258010234583432,1.4167007057732699,0.74412060342743558
openbci,cross_task_stroop_to_arithmetic,Stroop to Arithmetic,direction_specific_26_posthoc,fixed_blend_010,Fixed blend (10%),brier_score,False,13,0.30170846345390412,0.18281377576688054,0.27031966677497016,0.21420343536451478,0.40474448119557377,0.19054104583105899
openbci,cross_task_stroop_to_arithmetic,Stroop to Arithmetic,direction_specific_26_posthoc,fixed_blend_025,Fixed blend (25%),accuracy,True,13,0.58974358974358976,0.27735009811261457,0.66666666666666663,0.4358974358974359,0.71794871794871795,0.28205128205128205
openbci,cross_task_stroop_to_arithmetic,Stroop to Arithmetic,direction_specific_26_posthoc,fixed_blend_025,Fixed blend (25%),balanced_accuracy,True,13,0.57692307692307687,0.27735009811261457,0.5,0.42307692307692307,0.71153846153846156,0.28846153846153849
openbci,cross_task_stroop_to_arithmetic,Stroop to Arithmetic,direction_specific_26_posthoc,fixed_blend_025,Fixed blend (25%),sensitivity,True,13,0.61538461538461542,0.41602514716892186,0.5,0.38461538461538464,0.80769230769230771,0.42307692307692307
openbci,cross_task_stroop_to_arithmetic,Stroop to Arithmetic,direction_specific_26_posthoc,fixed_blend_025,Fixed blend (25%),specificity,True,13,0.53846153846153844,0.51887452166277082,1,0.23076923076923078,0.76923076923076927,0.53846153846153855
openbci,cross_task_stroop_to_arithmetic,Stroop to Arithmetic,direction_specific_26_posthoc,fixed_blend_025,Fixed blend (25%),precision,True,11,0.74242424242424254,0.31058758259892888,0.66666666666666663,0.54545454545454553,0.90909090909090895,0.36363636363636342
openbci,cross_task_stroop_to_arithmetic,Stroop to Arithmetic,direction_specific_26_posthoc,fixed_blend_025,Fixed blend (25%),f1,True,13,0.59230769230769231,0.36315333108804315,0.66666666666666663,0.39230769230769236,0.77435897435897438,0.38205128205128203
openbci,cross_task_stroop_to_arithmetic,Stroop to Arithmetic,direction_specific_26_posthoc,fixed_blend_025,Fixed blend (25%),auroc,True,13,0.53846153846153844,0.37977726265637496,0.5,0.34615384615384615,0.73076923076923073,0.38461538461538458
openbci,cross_task_stroop_to_arithmetic,Stroop to Arithmetic,direction_specific_26_posthoc,fixed_blend_025,Fixed blend (25%),pr_auc,True,13,0.76923076923076905,0.22153673654955208,0.79166666666666663,0.65064102564102555,0.87499999999999989,0.22435897435897434
openbci,cross_task_stroop_to_arithmetic,Stroop to Arithmetic,direction_specific_26_posthoc,fixed_blend_025,Fixed blend (25%),average_precision,True,13,0.82692307692307687,0.15760629298902884,0.83333333333333326,0.7435897435897435,0.90384615384615397,0.16025641025641046
openbci,cross_task_stroop_to_arithmetic,Stroop to Arithmetic,direction_specific_26_posthoc,fixed_blend_025,Fixed blend (25%),log_loss,False,13,0.93521084132632515,0.56757649631017126,0.70164064161238959,0.66603446905845309,1.255267875097374,0.58923340603892094
openbci,cross_task_stroop_to_arithmetic,Stroop to Arithmetic,direction_specific_26_posthoc,fixed_blend_025,Fixed blend (25%),brier_score,False,13,0.29379106291499035,0.15773204165016408,0.25451420511355333,0.2177364091902925,0.3797704334424884,0.1620340242521959
openbci,cross_task_stroop_to_arithmetic,Stroop to Arithmetic,direction_specific_26_posthoc,rf,Random forest,accuracy,True,13,0.51282051282051277,0.2587500086020616,0.66666666666666663,0.38461538461538453,0.64102564102564108,0.25641025641025655
openbci,cross_task_stroop_to_arithmetic,Stroop to Arithmetic,direction_specific_26_posthoc,rf,Random forest,balanced_accuracy,True,13,0.51923076923076927,0.25943726083138541,0.5,0.38461538461538464,0.65384615384615385,0.26923076923076922
openbci,cross_task_stroop_to_arithmetic,Stroop to Arithmetic,direction_specific_26_posthoc,rf,Random forest,sensitivity,True,13,0.5,0.40824829046386302,0.5,0.30769230769230771,0.69230769230769229,0.38461538461538458
openbci,cross_task_stroop_to_arithmetic,Stroop to Arithmetic,direction_specific_26_posthoc,rf,Random forest,specificity,True,13,0.53846153846153844,0.51887452166277082,1,0.23076923076923078,0.76923076923076927,0.53846153846153855
openbci,cross_task_stroop_to_arithmetic,Stroop to Arithmetic,direction_specific_26_posthoc,rf,Random forest,precision,True,10,0.69999999999999996,0.32203059435976528,0.66666666666666663,0.5,0.86666666666666681,0.36666666666666681
openbci,cross_task_stroop_to_arithmetic,Stroop to Arithmetic,direction_specific_26_posthoc,rf,Random forest,f1,True,13,0.49230769230769234,0.36544084137792882,0.66666666666666663,0.29230769230769227,0.67692307692307696,0.38461538461538469
openbci,cross_task_stroop_to_arithmetic,Stroop to Arithmetic,direction_specific_26_posthoc,rf,Random forest,auroc,True,13,0.57692307692307687,0.40032038451271784,0.5,0.38461538461538464,0.76923076923076927,0.38461538461538464
openbci,cross_task_stroop_to_arithmetic,Stroop to Arithmetic,direction_specific_26_posthoc,rf,Random forest,pr_auc,True,13,0.78525641025641002,0.23064306855230896,0.79166666666666663,0.66666666666666663,0.90384615384615374,0.23717948717948711
openbci,cross_task_stroop_to_arithmetic,Stroop to Arithmetic,direction_specific_26_posthoc,rf,Random forest,average_precision,True,13,0.83974358974358987,0.16478640236548164,0.83333333333333326,0.75,0.92307692307692313,0.17307692307692313
openbci,cross_task_stroop_to_arithmetic,Stroop to Arithmetic,direction_specific_26_posthoc,rf,Random forest,log_loss,False,13,0.82170618219767033,0.32778185911718899,0.77540741052976936,0.67229082495553627,1.0069024234476436,0.33461159849210731
openbci,cross_task_stroop_to_arithmetic,Stroop to Arithmetic,direction_specific_26_posthoc,rf,Random forest,brier_score,False,13,0.29417834860142889,0.1294117858801595,0.28745992828897932,0.23424803375164807,0.36864316015839044,0.13439512640674237
openbci,cross_task_stroop_to_arithmetic,Stroop to Arithmetic,direction_specific_26_posthoc,riemann_mdm,Riemannian MDM,accuracy,True,13,0.64102564102564108,0.21350420507344955,0.66666666666666663,0.53846153846153844,0.74358974358974372,0.20512820512820529
openbci,cross_task_stroop_to_arithmetic,Stroop to Arithmetic,direction_specific_26_posthoc,riemann_mdm,Riemannian MDM,balanced_accuracy,True,13,0.57692307692307687,0.21371260356627764,0.5,0.48076923076923078,0.69230769230769229,0.21153846153846151
openbci,cross_task_stroop_to_arithmetic,Stroop to Arithmetic,direction_specific_26_posthoc,riemann_mdm,Riemannian MDM,sensitivity,True,13,0.76923076923076927,0.38812501290309243,1,0.53846153846153844,0.96153846153846156,0.42307692307692313
openbci,cross_task_stroop_to_arithmetic,Stroop to Arithmetic,direction_specific_26_posthoc,riemann_mdm,Riemannian MDM,specificity,True,13,0.38461538461538464,0.50636968354183332,0,0.15384615384615385,0.61538461538461542,0.46153846153846156
openbci,cross_task_stroop_to_arithmetic,Stroop to Arithmetic,direction_specific_26_posthoc,riemann_mdm,Riemannian MDM,precision,True,11,0.74242424242424232,0.17262091355910444,0.66666666666666663,0.65151515151515149,0.8484848484848484,0.19696969696969691
openbci,cross_task_stroop_to_arithmetic,Stroop to Arithmetic,direction_specific_26_posthoc,riemann_mdm,Riemannian MDM,f1,True,13,0.67435897435897429,0.32436657536447122,0.80000000000000004,0.49230769230769228,0.82307692307692326,0.33076923076923098
openbci,cross_task_stroop_to_arithmetic,Stroop to Arithmetic,direction_specific_26_posthoc,riemann_mdm,Riemannian MDM,auroc,True,13,0.65384615384615385,0.37553380809940534,0.5,0.46153846153846156,0.84615384615384615,0.38461538461538458
openbci,cross_task_stroop_to_arithmetic,Stroop to Arithmetic,direction_specific_26_posthoc,riemann_mdm,Riemannian MDM,pr_auc,True,13,0.83012820512820495,0.20865359998409996,0.79166666666666663,0.71153846153846156,0.93589743589743568,0.22435897435897412
openbci,cross_task_stroop_to_arithmetic,Stroop to Arithmetic,direction_specific_26_posthoc,riemann_mdm,Riemannian MDM,average_precision,True,13,0.87179487179487181,0.150675118891579,0.83333333333333326,0.78846153846153855,0.9423076923076924,0.15384615384615385
openbci,cross_task_stroop_to_arithmetic,Stroop to Arithmetic,direction_specific_26_posthoc,riemann_mdm,Riemannian MDM,log_loss,False,13,1.4476450989235077,1.990922570246255,0.69484661167234141,0.60295293369090175,2.6536417508422425,2.0506888171513409
openbci,cross_task_stroop_to_arithmetic,Stroop to Arithmetic,direction_specific_26_posthoc,riemann_mdm,Riemannian MDM,brier_score,False,13,0.29020391098699838,0.19677160022400039,0.24623570693469965,0.19604983251953678,0.39841387101375508,0.2023640384942183
openbci,cross_task_stroop_to_arithmetic,Stroop to Arithmetic,direction_specific_26_posthoc,riemann_ts_logreg,Riemannian TS-LR,accuracy,True,13,0.46153846153846156,0.16878989451394444,0.33333333333333331,0.38461538461538453,0.5641025641025641,0.17948717948717957
openbci,cross_task_stroop_to_arithmetic,Stroop to Arithmetic,direction_specific_26_posthoc,riemann_ts_logreg,Riemannian TS-LR,balanced_accuracy,True,13,0.48076923076923078,0.12338702919820613,0.5,0.42307692307692307,0.53846153846153844,0.11538461538461536
openbci,cross_task_stroop_to_arithmetic,Stroop to Arithmetic,direction_specific_26_posthoc,riemann_ts_logreg,Riemannian TS-LR,sensitivity,True,13,0.42307692307692307,0.44935851713645852,0.5,0.19230769230769232,0.65384615384615385,0.46153846153846156
openbci,cross_task_stroop_to_arithmetic,Stroop to Arithmetic,direction_specific_26_posthoc,riemann_ts_logreg,Riemannian TS-LR,specificity,True,13,0.53846153846153844,0.51887452166277082,1,0.23076923076923078,0.76923076923076927,0.53846153846153855
openbci,cross_task_stroop_to_arithmetic,Stroop to Arithmetic,direction_specific_26_posthoc,riemann_ts_logreg,Riemannian TS-LR,precision,True,7,0.66666666666666663,0.16666666666666666,0.66666666666666663,0.5714285714285714,0.7857142857142857,0.2142857142857143
openbci,cross_task_stroop_to_arithmetic,Stroop to Arithmetic,direction_specific_26_posthoc,riemann_ts_logreg,Riemannian TS-LR,f1,True,13,0.37435897435897431,0.3744511653255671,0.5,0.18461538461538465,0.56923076923076921,0.38461538461538458
openbci,cross_task_stroop_to_arithmetic,Stroop to Arithmetic,direction_specific_26_posthoc,riemann_ts_logreg,Riemannian TS-LR,auroc,True,13,0.61538461538461542,0.46340434799814917,1,0.38365384615384707,0.84615384615384615,0.46249999999999908
openbci,cross_task_stroop_to_arithmetic,Stroop to Arithmetic,direction_specific_26_posthoc,riemann_ts_logreg,Riemannian TS-LR,pr_auc,True,13,0.78846153846153832,0.26866737449801775,1,0.64102564102564108,0.92307692307692291,0.28205128205128183
openbci,cross_task_stroop_to_arithmetic,Stroop to Arithmetic,direction_specific_26_posthoc,riemann_ts_logreg,Riemannian TS-LR,average_precision,True,13,0.84615384615384626,0.19198691194707615,1,0.74358974358974372,0.94230769230769229,0.19871794871794857
openbci,cross_task_stroop_to_arithmetic,Stroop to Arithmetic,direction_specific_26_posthoc,riemann_ts_logreg,Riemannian TS-LR,log_loss,False,13,1.5441454391996434,1.6274351301139347,1.1024147973613672,0.89898199720881622,2.5097804264084091,1.6107984291995929
openbci,cross_task_stroop_to_arithmetic,Stroop to Arithmetic,direction_specific_26_posthoc,riemann_ts_logreg,Riemannian TS-LR,brier_score,False,13,0.36275715807509545,0.15486650785235984,0.34038142847156805,0.28422517019724769,0.44513344119442921,0.16090827099718152
openbci,cross_task_stroop_to_arithmetic,Stroop to Arithmetic,direction_specific_26_posthoc,stack_recording,OOF recording-level stacking,accuracy,True,13,0.46153846153846156,0.21681454519599697,0.33333333333333331,0.35897435897435892,0.5641025641025641,0.20512820512820518
openbci,cross_task_stroop_to_arithmetic,Stroop to Arithmetic,direction_specific_26_posthoc,stack_recording,OOF recording-level stacking,balanced_accuracy,True,13,0.48076923076923078,0.18988863132818751,0.5,0.38461538461538464,0.57692307692307687,0.19230769230769224
openbci,cross_task_stroop_to_arithmetic,Stroop to Arithmetic,direction_specific_26_posthoc,stack_recording,OOF recording-level stacking,sensitivity,True,13,0.42307692307692307,0.44935851713645852,0.5,0.19230769230769232,0.65384615384615385,0.46153846153846156
openbci,cross_task_stroop_to_arithmetic,Stroop to Arithmetic,direction_specific_26_posthoc,stack_recording,OOF recording-level stacking,specificity,True,13,0.53846153846153844,0.51887452166277082,1,0.23076923076923078,0.76923076923076927,0.53846153846153855
openbci,cross_task_stroop_to_arithmetic,Stroop to Arithmetic,direction_specific_26_posthoc,stack_recording,OOF recording-level stacking,precision,True,8,0.64583333333333326,0.3141819814380154,0.66666666666666663,0.43749999999999994,0.83333333333333326,0.39583333333333331
openbci,cross_task_stroop_to_arithmetic,Stroop to Arithmetic,direction_specific_26_posthoc,stack_recording,OOF recording-level stacking,f1,True,13,0.38717948717948719,0.38189063334998913,0.5,0.18974358974358976,0.58974358974358976,0.40000000000000002
openbci,cross_task_stroop_to_arithmetic,Stroop to Arithmetic,direction_specific_26_posthoc,stack_recording,OOF recording-level stacking,auroc,True,13,0.34615384615384615,0.3755338080994054,0.5,0.15384615384615385,0.53846153846153844,0.38461538461538458
openbci,cross_task_stroop_to_arithmetic,Stroop to Arithmetic,direction_specific_26_posthoc,stack_recording,OOF recording-level stacking,pr_auc,True,13,0.65064102564102555,0.23664469622349929,0.79166666666666663,0.53205128205128216,0.77243589743589725,0.24038461538461509
openbci,cross_task_stroop_to_arithmetic,Stroop to Arithmetic,direction_specific_26_posthoc,stack_recording,OOF recording-level stacking,average_precision,True,13,0.74358974358974372,0.16478640236548164,0.83333333333333326,0.66025641025641013,0.82692307692307709,0.16666666666666696
openbci,cross_task_stroop_to_arithmetic,Stroop to Arithmetic,direction_specific_26_posthoc,stack_recording,OOF recording-level stacking,log_loss,False,13,2.0163231338588217,2.1511219543691005,1.1310174956356847,1.0369160844220768,3.2876130254958986,2.250696941073822
openbci,cross_task_stroop_to_arithmetic,Stroop to Arithmetic,direction_specific_26_posthoc,stack_recording,OOF recording-level stacking,brier_score,False,13,0.4069935320321505,0.2072127858119982,0.32947803222278099,0.31104059907704679,0.52671230398657831,0.21567170490953153
openbci,loso_arithmetic,Arithmetic LOSO,complete_settings_39_posthoc,always_fuse,Always fused,accuracy,True,15,0.6333333333333333,0.15998511835554613,0.5,0.56666666666666665,0.71666666666666667,0.15000000000000002
openbci,loso_arithmetic,Arithmetic LOSO,complete_settings_39_posthoc,always_fuse,Always fused,balanced_accuracy,True,15,0.6333333333333333,0.15998511835554613,0.5,0.56666666666666665,0.71666666666666667,0.15000000000000002
openbci,loso_arithmetic,Arithmetic LOSO,complete_settings_39_posthoc,always_fuse,Always fused,sensitivity,True,15,0.6333333333333333,0.44185755084426848,1,0.40000000000000002,0.83333333333333337,0.43333333333333335
openbci,loso_arithmetic,Arithmetic LOSO,complete_settings_39_posthoc,always_fuse,Always fused,specificity,True,15,0.6333333333333333,0.35186577527449842,0.5,0.46666666666666667,0.80000000000000004,0.33333333333333337
openbci,loso_arithmetic,Arithmetic LOSO,complete_settings_39_posthoc,always_fuse,Always fused,precision,True,11,0.66666666666666663,0.18257418583505539,0.66666666666666663,0.57575757575757569,0.77272727272727271,0.19696969696969702
openbci,loso_arithmetic,Arithmetic LOSO,complete_settings_39_posthoc,always_fuse,Always fused,f1,True,15,0.53333333333333333,0.3552329886011098,0.66666666666666663,0.35333333333333333,0.69999999999999996,0.34666666666666662
openbci,loso_arithmetic,Arithmetic LOSO,complete_settings_39_posthoc,always_fuse,Always fused,auroc,True,15,0.68333333333333335,0.27494588212089682,0.75,0.55000000000000004,0.81666666666666665,0.26666666666666661
openbci,loso_arithmetic,Arithmetic LOSO,complete_settings_39_posthoc,always_fuse,Always fused,pr_auc,True,15,0.67500000000000004,0.28486978367456534,0.79166666666666663,0.53333333333333333,0.81666666666666643,0.2833333333333331
openbci,loso_arithmetic,Arithmetic LOSO,complete_settings_39_posthoc,always_fuse,Always fused,average_precision,True,15,0.76111111111111118,0.20621943416287181,0.83333333333333326,0.66111111111111109,0.86111111111111116,0.20000000000000007
openbci,loso_arithmetic,Arithmetic LOSO,complete_settings_39_posthoc,always_fuse,Always fused,log_loss,False,15,0.64228986162036217,0.068099653427246096,0.61583683007092993,0.61111170255839875,0.67735864912742794,0.066246946569029186
openbci,loso_arithmetic,Arithmetic LOSO,complete_settings_39_posthoc,always_fuse,Always fused,brier_score,False,15,0.2263238930546797,0.032606901228023046,0.21493487718668333,0.2108820268719285,0.24253213525672621,0.031650108384797704
openbci,loso_arithmetic,Arithmetic LOSO,complete_settings_39_posthoc,always_nn,Always neural,accuracy,True,15,0.58333333333333337,0.1809367161139365,0.5,0.5,0.66666666666666663,0.16666666666666663
openbci,loso_arithmetic,Arithmetic LOSO,complete_settings_39_posthoc,always_nn,Always neural,balanced_accuracy,True,15,0.58333333333333337,0.1809367161139365,0.5,0.5,0.66666666666666663,0.16666666666666663
openbci,loso_arithmetic,Arithmetic LOSO,complete_settings_39_posthoc,always_nn,Always neural,sensitivity,True,15,0.5,0.46291004988627571,0.5,0.26666666666666666,0.73333333333333328,0.46666666666666662
openbci,loso_arithmetic,Arithmetic LOSO,complete_settings_39_posthoc,always_nn,Always neural,specificity,True,15,0.66666666666666663,0.36187343222787294,0.5,0.5,0.83333333333333337,0.33333333333333337
openbci,loso_arithmetic,Arithmetic LOSO,complete_settings_39_posthoc,always_nn,Always neural,precision,True,10,0.59999999999999998,0.2854496128592251,0.58333333333333326,0.43333333333333329,0.75,0.31666666666666671
openbci,loso_arithmetic,Arithmetic LOSO,complete_settings_39_posthoc,always_nn,Always neural,f1,True,15,0.42666666666666669,0.3801002374061222,0.5,0.24000000000000002,0.61333333333333329,0.37333333333333329
openbci,loso_arithmetic,Arithmetic LOSO,complete_settings_39_posthoc,always_nn,Always neural,auroc,True,15,0.69999999999999996,0.23528098702858008,0.5,0.58333333333333337,0.81666666666666665,0.23333333333333328
openbci,loso_arithmetic,Arithmetic LOSO,complete_settings_39_posthoc,always_nn,Always neural,pr_auc,True,15,0.68055555555555547,0.27033684651192225,0.70833333333333326,0.55277777777777781,0.81388888888888877,0.26111111111111096
openbci,loso_arithmetic,Arithmetic LOSO,complete_settings_39_posthoc,always_nn,Always neural,average_precision,True,15,0.76666666666666683,0.19210612146613631,0.75,0.67222222222222228,0.86111111111111116,0.18888888888888888
openbci,loso_arithmetic,Arithmetic LOSO,complete_settings_39_posthoc,always_nn,Always neural,log_loss,False,15,1.0703258467338184,0.70109377174654841,0.85780149003846451,0.74985700012172818,1.4395096048566816,0.68965260473495338
openbci,loso_arithmetic,Arithmetic LOSO,complete_settings_39_posthoc,always_nn,Always neural,brier_score,False,15,0.31297956071698307,0.13638045493734646,0.3172808137484458,0.24536622728764537,0.3791066062644658,0.13374037897682042
openbci,loso_arithmetic,Arithmetic LOSO,complete_settings_39_posthoc,cbsf,CB-SF,accuracy,True,15,0.59999999999999998,0.18419709940325185,0.5,0.51666666666666672,0.69999999999999996,0.18333333333333324
openbci,loso_arithmetic,Arithmetic LOSO,complete_settings_39_posthoc,cbsf,CB-SF,balanced_accuracy,True,15,0.59999999999999998,0.18419709940325185,0.5,0.51666666666666672,0.68333333333333335,0.16666666666666663
openbci,loso_arithmetic,Arithmetic LOSO,complete_settings_39_posthoc,cbsf,CB-SF,sensitivity,True,15,0.53333333333333333,0.48057505236162745,0.5,0.29999999999999999,0.76666666666666672,0.46666666666666673
openbci,loso_arithmetic,Arithmetic LOSO,complete_settings_39_posthoc,cbsf,CB-SF,specificity,True,15,0.66666666666666663,0.36187343222787294,0.5,0.5,0.83333333333333337,0.33333333333333337
openbci,loso_arithmetic,Arithmetic LOSO,complete_settings_39_posthoc,cbsf,CB-SF,precision,True,10,0.6166666666666667,0.28382310609877337,0.66666666666666663,0.43333333333333329,0.78333333333333333,0.35000000000000003
openbci,loso_arithmetic,Arithmetic LOSO,complete_settings_39_posthoc,cbsf,CB-SF,f1,True,15,0.44666666666666666,0.39194265858547167,0.66666666666666663,0.25111111111111112,0.63555555555555554,0.38444444444444442
openbci,loso_arithmetic,Arithmetic LOSO,complete_settings_39_posthoc,cbsf,CB-SF,auroc,True,15,0.69999999999999996,0.25354627641855498,0.75,0.56666666666666665,0.81666666666666665,0.25
openbci,loso_arithmetic,Arithmetic LOSO,complete_settings_39_posthoc,cbsf,CB-SF,pr_auc,True,15,0.69999999999999996,0.26874192494328497,0.79166666666666663,0.56666666666666676,0.82777777777777783,0.26111111111111107
openbci,loso_arithmetic,Arithmetic LOSO,complete_settings_39_posthoc,cbsf,CB-SF,average_precision,True,15,0.7777777777777779,0.19330733267966033,0.83333333333333326,0.68333333333333335,0.87222222222222223,0.18888888888888888
openbci,loso_arithmetic,Arithmetic LOSO,complete_settings_39_posthoc,cbsf,CB-SF,log_loss,False,15,0.70711260534265885,0.21002042723901612,0.62354699458215579,0.61560610468459509,0.81991263238847145,0.20430652770387636
openbci,loso_arithmetic,Arithmetic LOSO,complete_settings_39_posthoc,cbsf,CB-SF,brier_score,False,15,0.24819942147389445,0.074944061835934869,0.22063252163997793,0.21535075289248656,0.28741032215000306,0.072059569257516498
openbci,loso_arithmetic,Arithmetic LOSO,complete_settings_39_posthoc,dasf_clean,DASF,accuracy,True,15,0.58333333333333337,0.1809367161139365,0.5,0.5,0.66666666666666663,0.16666666666666663
openbci,loso_arithmetic,Arithmetic LOSO,complete_settings_39_posthoc,dasf_clean,DASF,balanced_accuracy,True,15,0.58333333333333337,0.1809367161139365,0.5,0.5,0.66666666666666663,0.16666666666666663
openbci,loso_arithmetic,Arithmetic LOSO,complete_settings_39_posthoc,dasf_clean,DASF,sensitivity,True,15,0.5,0.46291004988627571,0.5,0.26666666666666666,0.73333333333333328,0.46666666666666662
openbci,loso_arithmetic,Arithmetic LOSO,complete_settings_39_posthoc,dasf_clean,DASF,specificity,True,15,0.66666666666666663,0.36187343222787294,0.5,0.5,0.83333333333333337,0.33333333333333337
openbci,loso_arithmetic,Arithmetic LOSO,complete_settings_39_posthoc,dasf_clean,DASF,precision,True,10,0.59999999999999998,0.2854496128592251,0.58333333333333326,0.41666666666666669,0.76666666666666661,0.34999999999999992
openbci,loso_arithmetic,Arithmetic LOSO,complete_settings_39_posthoc,dasf_clean,DASF,f1,True,15,0.42666666666666669,0.3801002374061222,0.5,0.23999999999999996,0.60666666666666669,0.3666666666666667
openbci,loso_arithmetic,Arithmetic LOSO,complete_settings_39_posthoc,dasf_clean,DASF,auroc,True,15,0.69999999999999996,0.23528098702858008,0.5,0.58333333333333337,0.81666666666666665,0.23333333333333328
openbci,loso_arithmetic,Arithmetic LOSO,complete_settings_39_posthoc,dasf_clean,DASF,pr_auc,True,15,0.68055555555555547,0.27033684651192225,0.70833333333333326,0.5527777777777777,0.81666666666666654,0.26388888888888884
openbci,loso_arithmetic,Arithmetic LOSO,complete_settings_39_posthoc,dasf_clean,DASF,average_precision,True,15,0.76666666666666683,0.19210612146613631,0.75,0.67222222222222228,0.86111111111111116,0.18888888888888888
openbci,loso_arithmetic,Arithmetic LOSO,complete_settings_39_posthoc,dasf_clean,DASF,log_loss,False,15,1.0531598693213933,0.70991376670165751,0.85780149003846928,0.73470070834453316,1.4192792027888388,0.68457849444430563
openbci,loso_arithmetic,Arithmetic LOSO,complete_settings_39_posthoc,dasf_clean,DASF,brier_score,False,15,0.30856192535002869,0.13889413386543328,0.31728081374844724,0.2404735074495464,0.37636066445479044,0.13588715700524404
openbci,loso_arithmetic,Arithmetic LOSO,complete_settings_39_posthoc,eeg_conformer,EEG-Conformer,accuracy,True,15,0.66666666666666663,0.15430334996209194,0.75,0.59999999999999998,0.75,0.15000000000000002
openbci,loso_arithmetic,Arithmetic LOSO,complete_settings_39_posthoc,eeg_conformer,EEG-Conformer,balanced_accuracy,True,15,0.66666666666666663,0.15430334996209194,0.75,0.59999999999999998,0.75,0.15000000000000002
openbci,loso_arithmetic,Arithmetic LOSO,complete_settings_39_posthoc,eeg_conformer,EEG-Conformer,sensitivity,True,15,0.6333333333333333,0.48057505236162751,1,0.40000000000000002,0.8666666666666667,0.46666666666666667
openbci,loso_arithmetic,Arithmetic LOSO,complete_settings_39_posthoc,eeg_conformer,EEG-Conformer,specificity,True,15,0.69999999999999996,0.31622776601683794,0.5,0.53333333333333333,0.8666666666666667,0.33333333333333337
openbci,loso_arithmetic,Arithmetic LOSO,complete_settings_39_posthoc,eeg_conformer,EEG-Conformer,precision,True,10,0.71666666666666667,0.15811388300841897,0.66666666666666663,0.6333333333333333,0.81666666666666665,0.18333333333333335
openbci,loso_arithmetic,Arithmetic LOSO,complete_settings_39_posthoc,eeg_conformer,EEG-Conformer,f1,True,15,0.52888888888888885,0.39397580029353479,0.80000000000000004,0.32888888888888884,0.71111111111111114,0.3822222222222223
openbci,loso_arithmetic,Arithmetic LOSO,complete_settings_39_posthoc,eeg_conformer,EEG-Conformer,auroc,True,15,0.69999999999999996,0.35606981658898623,0.75,0.51666666666666672,0.8666666666666667,0.34999999999999998
openbci,loso_arithmetic,Arithmetic LOSO,complete_settings_39_posthoc,eeg_conformer,EEG-Conformer,pr_auc,True,15,0.75277777777777777,0.27882738207484037,0.79166666666666663,0.61388888888888882,0.88333333333333319,0.26944444444444438
openbci,loso_arithmetic,Arithmetic LOSO,complete_settings_39_posthoc,eeg_conformer,EEG-Conformer,average_precision,True,15,0.80555555555555558,0.21972806666519248,0.83333333333333326,0.69444444444444442,0.91111111111111109,0.21666666666666667
openbci,loso_arithmetic,Arithmetic LOSO,complete_settings_39_posthoc,eeg_conformer,EEG-Conformer,log_loss,False,15,0.93543138472069254,0.60165262783947937,0.7500087412850085,0.65885010488723217,1.2463810620157665,0.58753095712853431
openbci,loso_arithmetic,Arithmetic LOSO,complete_settings_39_posthoc,eeg_conformer,EEG-Conformer,brier_score,False,15,0.26858317795265757,0.13498752160472635,0.24671450121534061,0.20651711839158443,0.33609588661618567,0.12957876822460124
openbci,loso_arithmetic,Arithmetic LOSO,complete_settings_39_posthoc,eegnet,EEGNet,accuracy,True,15,0.6166666666666667,0.15998511835554613,0.75,0.53333333333333333,0.68333333333333335,0.15000000000000002
openbci,loso_arithmetic,Arithmetic LOSO,complete_settings_39_posthoc,eegnet,EEGNet,balanced_accuracy,True,15,0.6166666666666667,0.15998511835554613,0.75,0.53333333333333333,0.68333333333333335,0.15000000000000002
openbci,loso_arithmetic,Arithmetic LOSO,complete_settings_39_posthoc,eegnet,EEGNet,sensitivity,True,15,0.6333333333333333,0.48057505236162751,1,0.40000000000000002,0.8666666666666667,0.46666666666666667
openbci,loso_arithmetic,Arithmetic LOSO,complete_settings_39_posthoc,eegnet,EEGNet,specificity,True,15,0.59999999999999998,0.28030595529069408,0.5,0.46666666666666667,0.73333333333333328,0.26666666666666661
openbci,loso_arithmetic,Arithmetic LOSO,complete_settings_39_posthoc,eegnet,EEGNet,precision,True,11,0.5757575757575758,0.2022599587389726,0.66666666666666663,0.45454545454545453,0.66666666666666674,0.21212121212121221
openbci,loso_arithmetic,Arithmetic LOSO,complete_settings_39_posthoc,eegnet,EEGNet,f1,True,15,0.50444444444444447,0.37772642041198112,0.80000000000000004,0.31327777777777777,0.68444444444444452,0.37116666666666676
openbci,loso_arithmetic,Arithmetic LOSO,complete_settings_39_posthoc,eegnet,EEGNet,auroc,True,15,0.71666666666666667,0.28136571693556883,0.75,0.56666666666666665,0.84999999999999998,0.28333333333333333
openbci,loso_arithmetic,Arithmetic LOSO,complete_settings_39_posthoc,eegnet,EEGNet,pr_auc,True,15,0.72777777777777763,0.26298927694558155,0.79166666666666663,0.59444444444444444,0.85277777777777763,0.25833333333333319
openbci,loso_arithmetic,Arithmetic LOSO,complete_settings_39_posthoc,eegnet,EEGNet,average_precision,True,15,0.79444444444444451,0.19636242272441301,0.83333333333333326,0.69444444444444453,0.88888888888888895,0.19444444444444442
openbci,loso_arithmetic,Arithmetic LOSO,complete_settings_39_posthoc,eegnet,EEGNet,log_loss,False,15,0.66228576232511849,0.15114729287668333,0.63775196010149915,0.59443974967800273,0.74215127116713986,0.14771152148913713
openbci,loso_arithmetic,Arithmetic LOSO,complete_settings_39_posthoc,eegnet,EEGNet,brier_score,False,15,0.23562694116310778,0.066972531353086506,0.22535503842990484,0.20498899118171371,0.2691093761440837,0.064120384962369992
openbci,loso_arithmetic,Arithmetic LOSO,complete_settings_39_posthoc,equal_blend_050,Equal blend (50%),accuracy,True,15,0.59999999999999998,0.18419709940325185,0.5,0.51666666666666672,0.69999999999999996,0.18333333333333324
openbci,loso_arithmetic,Arithmetic LOSO,complete_settings_39_posthoc,equal_blend_050,Equal blend (50%),balanced_accuracy,True,15,0.59999999999999998,0.18419709940325185,0.5,0.51666666666666672,0.68333333333333335,0.16666666666666663
openbci,loso_arithmetic,Arithmetic LOSO,complete_settings_39_posthoc,equal_blend_050,Equal blend (50%),sensitivity,True,15,0.53333333333333333,0.48057505236162745,0.5,0.29999999999999999,0.76666666666666672,0.46666666666666673
openbci,loso_arithmetic,Arithmetic LOSO,complete_settings_39_posthoc,equal_blend_050,Equal blend (50%),specificity,True,15,0.66666666666666663,0.36187343222787294,0.5,0.5,0.83333333333333337,0.33333333333333337
openbci,loso_arithmetic,Arithmetic LOSO,complete_settings_39_posthoc,equal_blend_050,Equal blend (50%),precision,True,10,0.6166666666666667,0.28382310609877337,0.66666666666666663,0.45000000000000001,0.76666666666666672,0.31666666666666671
openbci,loso_arithmetic,Arithmetic LOSO,complete_settings_39_posthoc,equal_blend_050,Equal blend (50%),f1,True,15,0.44666666666666666,0.39194265858547167,0.66666666666666663,0.2533333333333333,0.6333333333333333,0.38
openbci,loso_arithmetic,Arithmetic LOSO,complete_settings_39_posthoc,equal_blend_050,Equal blend (50%),auroc,True,15,0.71666666666666667,0.22886885410853172,0.75,0.59999999999999998,0.83333333333333337,0.23333333333333339
openbci,loso_arithmetic,Arithmetic LOSO,complete_settings_39_posthoc,equal_blend_050,Equal blend (50%),pr_auc,True,15,0.70555555555555549,0.26138115046824978,0.79166666666666663,0.57777777777777783,0.83333333333333315,0.25555555555555531
openbci,loso_arithmetic,Arithmetic LOSO,complete_settings_39_posthoc,equal_blend_050,Equal blend (50%),average_precision,True,15,0.78333333333333344,0.18580583823930166,0.83333333333333326,0.69444444444444442,0.87222222222222223,0.17777777777777781
openbci,loso_arithmetic,Arithmetic LOSO,complete_settings_39_posthoc,equal_blend_050,Equal blend (50%),log_loss,False,15,0.68129480009169829,0.15396261085025914,0.62421454389477371,0.60601168707289743,0.7586629371909368,0.15265125011803937
openbci,loso_arithmetic,Arithmetic LOSO,complete_settings_39_posthoc,equal_blend_050,Equal blend (50%),brier_score,False,15,0.24431606915906573,0.066800734219934002,0.22252447757432892,0.21325500340789491,0.27789200163465927,0.064636998226764358
openbci,loso_arithmetic,Arithmetic LOSO,complete_settings_39_posthoc,extra_trees,Extra Trees,accuracy,True,15,0.51666666666666672,0.1484042099261659,0.5,0.45000000000000001,0.58333333333333337,0.13333333333333336
openbci,loso_arithmetic,Arithmetic LOSO,complete_settings_39_posthoc,extra_trees,Extra Trees,balanced_accuracy,True,15,0.51666666666666672,0.1484042099261659,0.5,0.45000000000000001,0.58333333333333337,0.13333333333333336
openbci,loso_arithmetic,Arithmetic LOSO,complete_settings_39_posthoc,extra_trees,Extra Trees,sensitivity,True,15,0.33333333333333331,0.48795003647426666,0,0.13333333333333333,0.59999999999999998,0.46666666666666667
openbci,loso_arithmetic,Arithmetic LOSO,complete_settings_39_posthoc,extra_trees,Extra Trees,specificity,True,15,0.69999999999999996,0.36839419880650365,1,0.5,0.8666666666666667,0.3666666666666667
openbci,loso_arithmetic,Arithmetic LOSO,complete_settings_39_posthoc,extra_trees,Extra Trees,precision,True,7,0.42857142857142849,0.30210898905832184,0.5,0.21428571428571427,0.61904761904761896,0.40476190476190466
openbci,loso_arithmetic,Arithmetic LOSO,complete_settings_39_posthoc,extra_trees,Extra Trees,f1,True,15,0.24888888888888888,0.3664212743067059,0,0.088888888888888878,0.43555555555555553,0.34666666666666668
openbci,loso_arithmetic,Arithmetic LOSO,complete_settings_39_posthoc,extra_trees,Extra Trees,auroc,True,15,0.65000000000000002,0.3245876505000504,0.75,0.48333333333333334,0.80000000000000004,0.31666666666666671
openbci,loso_arithmetic,Arithmetic LOSO,complete_settings_39_posthoc,extra_trees,Extra Trees,pr_auc,True,15,0.68055555555555558,0.27398200226682329,0.79166666666666663,0.54444444444444451,0.81388888888888866,0.26944444444444415
openbci,loso_arithmetic,Arithmetic LOSO,complete_settings_39_posthoc,extra_trees,Extra Trees,average_precision,True,15,0.75555555555555542,0.2100327512883565,0.83333333333333326,0.65000000000000002,0.85555555555555574,0.20555555555555571
openbci,loso_arithmetic,Arithmetic LOSO,complete_settings_39_posthoc,extra_trees,Extra Trees,log_loss,False,15,0.68032517544423743,0.10741963714265561,0.65755752034774517,0.6322484479602114,0.7345486091489819,0.1023001611887705
openbci,loso_arithmetic,Arithmetic LOSO,complete_settings_39_posthoc,extra_trees,Extra Trees,brier_score,False,15,0.24525645898653137,0.048254996062892207,0.23336905564090876,0.22288240665604531,0.27000051258445945,0.047118105928414145
openbci,loso_arithmetic,Arithmetic LOSO,complete_settings_39_posthoc,fixed_blend_010,Fixed blend (10%),accuracy,True,15,0.58333333333333337,0.1809367161139365,0.5,0.5,0.66666666666666663,0.16666666666666663
openbci,loso_arithmetic,Arithmetic LOSO,complete_settings_39_posthoc,fixed_blend_010,Fixed blend (10%),balanced_accuracy,True,15,0.58333333333333337,0.1809367161139365,0.5,0.5,0.68333333333333335,0.18333333333333335
openbci,loso_arithmetic,Arithmetic LOSO,complete_settings_39_posthoc,fixed_blend_010,Fixed blend (10%),sensitivity,True,15,0.5,0.46291004988627571,0.5,0.26666666666666666,0.73333333333333328,0.46666666666666662
openbci,loso_arithmetic,Arithmetic LOSO,complete_settings_39_posthoc,fixed_blend_010,Fixed blend (10%),specificity,True,15,0.66666666666666663,0.36187343222787294,0.5,0.46666666666666667,0.83333333333333337,0.3666666666666667
openbci,loso_arithmetic,Arithmetic LOSO,complete_settings_39_posthoc,fixed_blend_010,Fixed blend (10%),precision,True,10,0.59999999999999998,0.2854496128592251,0.58333333333333326,0.43333333333333329,0.76666666666666661,0.33333333333333331
openbci,loso_arithmetic,Arithmetic LOSO,complete_settings_39_posthoc,fixed_blend_010,Fixed blend (10%),f1,True,15,0.42666666666666669,0.3801002374061222,0.5,0.2421666666666667,0.61111111111111105,0.36894444444444435
openbci,loso_arithmetic,Arithmetic LOSO,complete_settings_39_posthoc,fixed_blend_010,Fixed blend (10%),auroc,True,15,0.71666666666666667,0.22886885410853172,0.75,0.59999999999999998,0.83333333333333337,0.23333333333333339
openbci,loso_arithmetic,Arithmetic LOSO,complete_settings_39_posthoc,fixed_blend_010,Fixed blend (10%),pr_auc,True,15,0.70555555555555549,0.26138115046824978,0.79166666666666663,0.57777777777777783,0.83333333333333326,0.25555555555555542
openbci,loso_arithmetic,Arithmetic LOSO,complete_settings_39_posthoc,fixed_blend_010,Fixed blend (10%),average_precision,True,15,0.78333333333333344,0.18580583823930166,0.83333333333333326,0.69444444444444442,0.87222222222222223,0.17777777777777781
openbci,loso_arithmetic,Arithmetic LOSO,complete_settings_39_posthoc,fixed_blend_010,Fixed blend (10%),log_loss,False,15,0.83006994646457422,0.35962047978056416,0.65288142132792459,0.66112039540595624,1.0105036209443565,0.34938322553840029
openbci,loso_arithmetic,Arithmetic LOSO,complete_settings_39_posthoc,fixed_blend_010,Fixed blend (10%),brier_score,False,15,0.28561557615205346,0.11516725029308157,0.2454690465754181,0.22897495003377222,0.34218132241142546,0.11320637237765324
openbci,loso_arithmetic,Arithmetic LOSO,complete_settings_39_posthoc,fixed_blend_025,Fixed blend (25%),accuracy,True,15,0.58333333333333337,0.1809367161139365,0.5,0.5,0.66666666666666663,0.16666666666666663
openbci,loso_arithmetic,Arithmetic LOSO,complete_settings_39_posthoc,fixed_blend_025,Fixed blend (25%),balanced_accuracy,True,15,0.58333333333333337,0.1809367161139365,0.5,0.5,0.66666666666666663,0.16666666666666663
openbci,loso_arithmetic,Arithmetic LOSO,complete_settings_39_posthoc,fixed_blend_025,Fixed blend (25%),sensitivity,True,15,0.5,0.46291004988627571,0.5,0.26666666666666666,0.73333333333333328,0.46666666666666662
openbci,loso_arithmetic,Arithmetic LOSO,complete_settings_39_posthoc,fixed_blend_025,Fixed blend (25%),specificity,True,15,0.66666666666666663,0.36187343222787294,0.5,0.46666666666666667,0.83333333333333337,0.3666666666666667
openbci,loso_arithmetic,Arithmetic LOSO,complete_settings_39_posthoc,fixed_blend_025,Fixed blend (25%),precision,True,10,0.59999999999999998,0.2854496128592251,0.58333333333333326,0.41666666666666669,0.76666666666666661,0.34999999999999992
openbci,loso_arithmetic,Arithmetic LOSO,complete_settings_39_posthoc,fixed_blend_025,Fixed blend (25%),f1,True,15,0.42666666666666669,0.3801002374061222,0.5,0.23999999999999996,0.61111111111111105,0.37111111111111106
openbci,loso_arithmetic,Arithmetic LOSO,complete_settings_39_posthoc,fixed_blend_025,Fixed blend (25%),auroc,True,15,0.71666666666666667,0.22886885410853172,0.75,0.59999999999999998,0.83333333333333337,0.23333333333333339
openbci,loso_arithmetic,Arithmetic LOSO,complete_settings_39_posthoc,fixed_blend_025,Fixed blend (25%),pr_auc,True,15,0.70555555555555549,0.26138115046824978,0.79166666666666663,0.57777777777777783,0.83333333333333326,0.25555555555555542
openbci,loso_arithmetic,Arithmetic LOSO,complete_settings_39_posthoc,fixed_blend_025,Fixed blend (25%),average_precision,True,15,0.78333333333333344,0.18580583823930166,0.83333333333333326,0.69444444444444442,0.87222222222222223,0.17777777777777781
openbci,loso_arithmetic,Arithmetic LOSO,complete_settings_39_posthoc,fixed_blend_025,Fixed blend (25%),log_loss,False,15,0.74494967041175064,0.24603922775455367,0.63417347835630422,0.62844824435838631,0.86731294331086906,0.23886469895248275
openbci,loso_arithmetic,Arithmetic LOSO,complete_settings_39_posthoc,fixed_blend_025,Fixed blend (25%),brier_score,False,15,0.2657367544213452,0.093745572791286591,0.23208711793930709,0.21978262562560022,0.31125536420223826,0.091472738576638041
openbci,loso_arithmetic,Arithmetic LOSO,complete_settings_39_posthoc,rf,Random forest,accuracy,True,15,0.51666666666666672,0.19970215917949508,0.5,0.41666666666666669,0.59999999999999998,0.18333333333333329
openbci,loso_arithmetic,Arithmetic LOSO,complete_settings_39_posthoc,rf,Random forest,balanced_accuracy,True,15,0.51666666666666672,0.19970215917949508,0.5,0.41666666666666669,0.59999999999999998,0.18333333333333329
openbci,loso_arithmetic,Arithmetic LOSO,complete_settings_39_posthoc,rf,Random forest,sensitivity,True,15,0.40000000000000002,0.50709255283710997,0,0.13333333333333333,0.66666666666666663,0.53333333333333333
openbci,loso_arithmetic,Arithmetic LOSO,complete_settings_39_posthoc,rf,Random forest,specificity,True,15,0.6333333333333333,0.39940431835899015,0.5,0.43333333333333335,0.83333333333333337,0.40000000000000002
openbci,loso_arithmetic,Arithmetic LOSO,complete_settings_39_posthoc,rf,Random forest,precision,True,8,0.45833333333333331,0.29209152729488802,0.58333333333333326,0.25,0.625,0.375
openbci,loso_arithmetic,Arithmetic LOSO,complete_settings_39_posthoc,rf,Random forest,f1,True,15,0.30222222222222223,0.38533981430261333,0,0.10666666666666667,0.49777777777777776,0.39111111111111108
openbci,loso_arithmetic,Arithmetic LOSO,complete_settings_39_posthoc,rf,Random forest,auroc,True,15,0.66666666666666663,0.33629635456727458,0.75,0.5,0.81666666666666665,0.31666666666666665
openbci,loso_arithmetic,Arithmetic LOSO,complete_settings_39_posthoc,rf,Random forest,pr_auc,True,15,0.69444444444444442,0.28507285804077243,0.79166666666666663,0.55277777777777781,0.83333333333333326,0.28055555555555545
openbci,loso_arithmetic,Arithmetic LOSO,complete_settings_39_posthoc,rf,Random forest,average_precision,True,15,0.76666666666666672,0.21867203826154896,0.83333333333333326,0.65555555555555556,0.87222222222222212,0.21666666666666656
openbci,loso_arithmetic,Arithmetic LOSO,complete_settings_39_posthoc,rf,Random forest,log_loss,False,15,0.67311447461646856,0.12575661117867762,0.63775302899495157,0.61544358716644432,0.73774276829641849,0.12229918112997418
openbci,loso_arithmetic,Arithmetic LOSO,complete_settings_39_posthoc,rf,Random forest,brier_score,False,15,0.24143127554831698,0.05432089372566886,0.22823314388244109,0.21613044513778662,0.26955179303647064,0.053421347898684024
openbci,loso_arithmetic,Arithmetic LOSO,complete_settings_39_posthoc,riemann_mdm,Riemannian MDM,accuracy,True,15,0.53333333333333333,0.08796644381862459,0.5,0.5,0.58333333333333337,0.08333333333333337
openbci,loso_arithmetic,Arithmetic LOSO,complete_settings_39_posthoc,riemann_mdm,Riemannian MDM,balanced_accuracy,True,15,0.53333333333333333,0.08796644381862459,0.5,0.5,0.58333333333333337,0.08333333333333337
openbci,loso_arithmetic,Arithmetic LOSO,complete_settings_39_posthoc,riemann_mdm,Riemannian MDM,sensitivity,True,15,0.5,0.5,0.5,0.26666666666666666,0.73333333333333328,0.46666666666666662
openbci,loso_arithmetic,Arithmetic LOSO,complete_settings_39_posthoc,riemann_mdm,Riemannian MDM,specificity,True,15,0.56666666666666665,0.45773770821706344,0.5,0.33333333333333331,0.80000000000000004,0.46666666666666673
openbci,loso_arithmetic,Arithmetic LOSO,complete_settings_39_posthoc,riemann_mdm,Riemannian MDM,precision,True,8,0.54166666666666663,0.077151674981045942,0.5,0.5,0.60416666666666663,0.10416666666666663
openbci,loso_arithmetic,Arithmetic LOSO,complete_settings_39_posthoc,riemann_mdm,Riemannian MDM,f1,True,15,0.36222222222222228,0.35698620903216055,0.5,0.18666666666666665,0.5377777777777778,0.35111111111111115
openbci,loso_arithmetic,Arithmetic LOSO,complete_settings_39_posthoc,riemann_mdm,Riemannian MDM,auroc,True,15,0.6333333333333333,0.29680841985233186,0.5,0.48333333333333334,0.78333333333333333,0.29999999999999999
openbci,loso_arithmetic,Arithmetic LOSO,complete_settings_39_posthoc,riemann_mdm,Riemannian MDM,pr_auc,True,15,0.6333333333333333,0.28048286029744302,0.41666666666666663,0.50277777777777788,0.76944444444444438,0.2666666666666665
openbci,loso_arithmetic,Arithmetic LOSO,complete_settings_39_posthoc,riemann_mdm,Riemannian MDM,average_precision,True,15,0.72777777777777786,0.20765763439299101,0.58333333333333326,0.62777777777777777,0.82777777777777795,0.20000000000000018
openbci,loso_arithmetic,Arithmetic LOSO,complete_settings_39_posthoc,riemann_mdm,Riemannian MDM,log_loss,False,15,0.86377802745954457,0.3102203925334997,0.75926682192431461,0.7290755940285677,1.02200793312919,0.29293233910062233
openbci,loso_arithmetic,Arithmetic LOSO,complete_settings_39_posthoc,riemann_mdm,Riemannian MDM,brier_score,False,15,0.29393415905349446,0.0758178390790816,0.28074681002218455,0.25760845008683025,0.33085825734519114,0.073249807258360888
openbci,loso_arithmetic,Arithmetic LOSO,complete_settings_39_posthoc,riemann_ts_logreg,Riemannian TS-LR,accuracy,True,15,0.5,0.094491118252306799,0.5,0.45000000000000001,0.55000000000000004,0.10000000000000003
openbci,loso_arithmetic,Arithmetic LOSO,complete_settings_39_posthoc,riemann_ts_logreg,Riemannian TS-LR,balanced_accuracy,True,15,0.5,0.094491118252306799,0.5,0.45000000000000001,0.55000000000000004,0.10000000000000003
openbci,loso_arithmetic,Arithmetic LOSO,complete_settings_39_posthoc,riemann_ts_logreg,Riemannian TS-LR,sensitivity,True,15,0.56666666666666665,0.49521520093601251,1,0.33333333333333331,0.80000000000000004,0.46666666666666673
openbci,loso_arithmetic,Arithmetic LOSO,complete_settings_39_posthoc,riemann_ts_logreg,Riemannian TS-LR,specificity,True,15,0.43333333333333335,0.45773770821706344,0.5,0.20000000000000001,0.66666666666666663,0.46666666666666662
openbci,loso_arithmetic,Arithmetic LOSO,complete_settings_39_posthoc,riemann_ts_logreg,Riemannian TS-LR,precision,True,10,0.46666666666666662,0.17213259316477408,0.5,0.34999999999999998,0.55000000000000004,0.20000000000000007
openbci,loso_arithmetic,Arithmetic LOSO,complete_settings_39_posthoc,riemann_ts_logreg,Riemannian TS-LR,f1,True,15,0.39777777777777779,0.3409758793002084,0.66666666666666663,0.22222222222222221,0.56000000000000005,0.33777777777777784
openbci,loso_arithmetic,Arithmetic LOSO,complete_settings_39_posthoc,riemann_ts_logreg,Riemannian TS-LR,auroc,True,15,0.69999999999999996,0.21547290184283369,0.75,0.59999999999999998,0.80000000000000004,0.20000000000000007
openbci,loso_arithmetic,Arithmetic LOSO,complete_settings_39_posthoc,riemann_ts_logreg,Riemannian TS-LR,pr_auc,True,15,0.71111111111111103,0.23804066834967463,0.79166666666666663,0.59444444444444444,0.8222222222222223,0.22777777777777786
openbci,loso_arithmetic,Arithmetic LOSO,complete_settings_39_posthoc,riemann_ts_logreg,Riemannian TS-LR,average_precision,True,15,0.78333333333333333,0.16903085094570336,0.83333333333333326,0.70000000000000007,0.8666666666666667,0.16666666666666663
openbci,loso_arithmetic,Arithmetic LOSO,complete_settings_39_posthoc,riemann_ts_logreg,Riemannian TS-LR,log_loss,False,15,0.99669179931684415,0.38445870769306978,0.91612961147951921,0.82339973914435416,1.1986503418488992,0.37525060270454502
openbci,loso_arithmetic,Arithmetic LOSO,complete_settings_39_posthoc,riemann_ts_logreg,Riemannian TS-LR,brier_score,False,15,0.32877323893966603,0.079746909077183625,0.34010607295504303,0.29000105500010187,0.36705244695240996,0.07705139195230809
openbci,loso_arithmetic,Arithmetic LOSO,complete_settings_39_posthoc,stack_recording,OOF recording-level stacking,accuracy,True,15,0.59999999999999998,0.18419709940325185,0.5,0.51666666666666672,0.69999999999999996,0.18333333333333324
openbci,loso_arithmetic,Arithmetic LOSO,complete_settings_39_posthoc,stack_recording,OOF recording-level stacking,balanced_accuracy,True,15,0.59999999999999998,0.18419709940325185,0.5,0.51666666666666672,0.68333333333333335,0.16666666666666663
openbci,loso_arithmetic,Arithmetic LOSO,complete_settings_39_posthoc,stack_recording,OOF recording-level stacking,sensitivity,True,15,0.53333333333333333,0.48057505236162745,0.5,0.29999999999999999,0.76666666666666672,0.46666666666666673
openbci,loso_arithmetic,Arithmetic LOSO,complete_settings_39_posthoc,stack_recording,OOF recording-level stacking,specificity,True,15,0.66666666666666663,0.36187343222787294,0.5,0.5,0.83333333333333337,0.33333333333333337
openbci,loso_arithmetic,Arithmetic LOSO,complete_settings_39_posthoc,stack_recording,OOF recording-level stacking,precision,True,10,0.6166666666666667,0.28382310609877337,0.66666666666666663,0.44958333333333361,0.78333333333333333,0.33374999999999971
openbci,loso_arithmetic,Arithmetic LOSO,complete_settings_39_posthoc,stack_recording,OOF recording-level stacking,f1,True,15,0.44666666666666666,0.39194265858547167,0.66666666666666663,0.24444444444444441,0.6333333333333333,0.3888888888888889
openbci,loso_arithmetic,Arithmetic LOSO,complete_settings_39_posthoc,stack_recording,OOF recording-level stacking,auroc,True,15,0.69999999999999996,0.23528098702858008,0.5,0.58333333333333337,0.81666666666666665,0.23333333333333328
openbci,loso_arithmetic,Arithmetic LOSO,complete_settings_39_posthoc,stack_recording,OOF recording-level stacking,pr_auc,True,15,0.68055555555555547,0.27033684651192225,0.70833333333333326,0.55277777777777781,0.81111111111111112,0.2583333333333333
openbci,loso_arithmetic,Arithmetic LOSO,complete_settings_39_posthoc,stack_recording,OOF recording-level stacking,average_precision,True,15,0.76666666666666683,0.19210612146613631,0.75,0.67222222222222228,0.86111111111111127,0.18888888888888899
openbci,loso_arithmetic,Arithmetic LOSO,complete_settings_39_posthoc,stack_recording,OOF recording-level stacking,log_loss,False,15,0.81414552688358666,0.47909892467228266,0.68524149835579129,0.61796044838382069,1.0790265917552837,0.46106614337146301
openbci,loso_arithmetic,Arithmetic LOSO,complete_settings_39_posthoc,stack_recording,OOF recording-level stacking,brier_score,False,15,0.26773008153173306,0.10486918047599988,0.26333976680024185,0.21733227704953173,0.32149504431150899,0.10416276726197726
openbci,loso_stroop,Stroop LOSO,complete_settings_39_posthoc,always_fuse,Always fused,accuracy,True,13,0.57692307692307687,0.15760629298902878,0.5,0.5,0.65384615384615385,0.15384615384615385
openbci,loso_stroop,Stroop LOSO,complete_settings_39_posthoc,always_fuse,Always fused,balanced_accuracy,True,13,0.57692307692307687,0.15760629298902878,0.5,0.5,0.65384615384615385,0.15384615384615385
openbci,loso_stroop,Stroop LOSO,complete_settings_39_posthoc,always_fuse,Always fused,sensitivity,True,13,0.53846153846153844,0.47703679372151431,0.5,0.30769230769230771,0.76923076923076927,0.46153846153846156
openbci,loso_stroop,Stroop LOSO,complete_settings_39_posthoc,always_fuse,Always fused,specificity,True,13,0.61538461538461542,0.29957234475763905,0.5,0.46153846153846156,0.76923076923076927,0.30769230769230771
openbci,loso_stroop,Stroop LOSO,complete_settings_39_posthoc,always_fuse,Always fused,precision,True,9,0.53703703703703698,0.21695137988629595,0.66666666666666663,0.38888888888888884,0.64814814814814814,0.2592592592592593
openbci,loso_stroop,Stroop LOSO,complete_settings_39_posthoc,always_fuse,Always fused,f1,True,13,0.4358974358974359,0.37353703234072327,0.5,0.23846153846153845,0.62307692307692319,0.38461538461538475
openbci,loso_stroop,Stroop LOSO,complete_settings_39_posthoc,always_fuse,Always fused,auroc,True,13,0.75,0.30618621784789724,1,0.59615384615384615,0.90384615384615385,0.30769230769230771
openbci,loso_stroop,Stroop LOSO,complete_settings_39_posthoc,always_fuse,Always fused,pr_auc,True,13,0.74679487179487158,0.30545841501723819,1,0.58333333333333326,0.90064102564102555,0.31730769230769229
openbci,loso_stroop,Stroop LOSO,complete_settings_39_posthoc,always_fuse,Always fused,average_precision,True,13,0.8141025641025641,0.22348731775333744,1,0.69230769230769229,0.92948717948717952,0.23717948717948723
openbci,loso_stroop,Stroop LOSO,complete_settings_39_posthoc,always_fuse,Always fused,log_loss,False,13,0.64452528228604955,0.087501556232859809,0.64821604166582891,0.59856252249662956,0.69011626178289986,0.091553739286270308
openbci,loso_stroop,Stroop LOSO,complete_settings_39_posthoc,always_fuse,Always fused,brier_score,False,13,0.22761334965683322,0.041559739200382965,0.2275851175598595,0.20582968728568532,0.24889646220918696,0.043066774923501638
openbci,loso_stroop,Stroop LOSO,complete_settings_39_posthoc,always_nn,Always neural,accuracy,True,13,0.61538461538461542,0.16505632294338121,0.5,0.53846153846153844,0.71153846153846156,0.17307692307692313
openbci,loso_stroop,Stroop LOSO,complete_settings_39_posthoc,always_nn,Always neural,balanced_accuracy,True,13,0.61538461538461542,0.16505632294338121,0.5,0.53846153846153844,0.71153846153846156,0.17307692307692313
openbci,loso_stroop,Stroop LOSO,complete_settings_39_posthoc,always_nn,Always neural,sensitivity,True,13,0.46153846153846156,0.47703679372151431,0.5,0.23076923076923078,0.69230769230769229,0.46153846153846151
openbci,loso_stroop,Stroop LOSO,complete_settings_39_posthoc,always_nn,Always neural,specificity,True,13,0.76923076923076927,0.33011264588676237,1,0.57692307692307687,0.92307692307692313,0.34615384615384626
openbci,loso_stroop,Stroop LOSO,complete_settings_39_posthoc,always_nn,Always neural,precision,True,7,0.7142857142857143,0.20892772350933625,0.66666666666666663,0.5714285714285714,0.8571428571428571,0.2857142857142857
openbci,loso_stroop,Stroop LOSO,complete_settings_39_posthoc,always_nn,Always neural,f1,True,13,0.40256410256410258,0.40333368651535012,0.5,0.19224358974358977,0.61025641025641031,0.41801282051282052
openbci,loso_stroop,Stroop LOSO,complete_settings_39_posthoc,always_nn,Always neural,auroc,True,13,0.75,0.28867513459481287,0.75,0.59615384615384615,0.88461538461538458,0.28846153846153844
openbci,loso_stroop,Stroop LOSO,complete_settings_39_posthoc,always_nn,Always neural,pr_auc,True,13,0.75961538461538458,0.2811362147164097,0.79166666666666663,0.60576923076923073,0.90064102564102555,0.29487179487179482
openbci,loso_stroop,Stroop LOSO,complete_settings_39_posthoc,always_nn,Always neural,average_precision,True,13,0.8205128205128206,0.20650910729556554,0.83333333333333326,0.71153846153846156,0.92307692307692313,0.21153846153846156
openbci,loso_stroop,Stroop LOSO,complete_settings_39_posthoc,always_nn,Always neural,log_loss,False,13,1.5444718186872068,1.2181527868184356,1.3642109181555802,0.92868881566026018,2.1839953623186794,1.2553065466584192
openbci,loso_stroop,Stroop LOSO,complete_settings_39_posthoc,always_nn,Always neural,brier_score,False,13,0.33419448641086952,0.17530193666928648,0.43176813133399411,0.24209494188784519,0.42347239374391571,0.18137745185607052
openbci,loso_stroop,Stroop LOSO,complete_settings_39_posthoc,cbsf,CB-SF,accuracy,True,13,0.59615384615384615,0.16261090889699775,0.5,0.51923076923076927,0.69230769230769229,0.17307692307692302
openbci,loso_stroop,Stroop LOSO,complete_settings_39_posthoc,cbsf,CB-SF,balanced_accuracy,True,13,0.59615384615384615,0.16261090889699775,0.5,0.51923076923076927,0.69230769230769229,0.17307692307692302
openbci,loso_stroop,Stroop LOSO,complete_settings_39_posthoc,cbsf,CB-SF,sensitivity,True,13,0.46153846153846156,0.47703679372151431,0.5,0.23076923076923078,0.73076923076923073,0.49999999999999994
openbci,loso_stroop,Stroop LOSO,complete_settings_39_posthoc,cbsf,CB-SF,specificity,True,13,0.73076923076923073,0.33011264588676237,1,0.53846153846153844,0.88461538461538458,0.34615384615384615
openbci,loso_stroop,Stroop LOSO,complete_settings_39_posthoc,cbsf,CB-SF,precision,True,7,0.6428571428571429,0.17817416127494962,0.66666666666666663,0.54761904761904756,0.7857142857142857,0.23809523809523814
openbci,loso_stroop,Stroop LOSO,complete_settings_39_posthoc,cbsf,CB-SF,f1,True,13,0.38974358974358975,0.39683577520005991,0.5,0.17948717948717946,0.59493589743589648,0.41544871794871702
openbci,loso_stroop,Stroop LOSO,complete_settings_39_posthoc,cbsf,CB-SF,auroc,True,13,0.73076923076923073,0.33011264588676237,0.75,0.53846153846153844,0.88461538461538458,0.34615384615384615
openbci,loso_stroop,Stroop LOSO,complete_settings_39_posthoc,cbsf,CB-SF,pr_auc,True,13,0.75641025641025628,0.28658578167175403,0.79166666666666663,0.59615384615384626,0.90064102564102555,0.30448717948717929
openbci,loso_stroop,Stroop LOSO,complete_settings_39_posthoc,cbsf,CB-SF,average_precision,True,13,0.8141025641025641,0.21824703063676809,0.83333333333333326,0.69230769230769229,0.92307692307692313,0.23076923076923084
openbci,loso_stroop,Stroop LOSO,complete_settings_39_posthoc,cbsf,CB-SF,log_loss,False,13,1.220771588890218,0.99278269122853946,0.8608891605919895,0.7443004211774602,1.769410504366276,1.0251100831888158
openbci,loso_stroop,Stroop LOSO,complete_settings_39_posthoc,cbsf,CB-SF,brier_score,False,13,0.30499343830613118,0.15633365668884583,0.32639650441049073,0.22418700979206632,0.38538205243786905,0.16119504264580273
openbci,loso_stroop,Stroop LOSO,complete_settings_39_posthoc,dasf_clean,DASF,accuracy,True,13,0.61538461538461542,0.16505632294338121,0.5,0.53846153846153844,0.71153846153846156,0.17307692307692313
openbci,loso_stroop,Stroop LOSO,complete_settings_39_posthoc,dasf_clean,DASF,balanced_accuracy,True,13,0.61538461538461542,0.16505632294338121,0.5,0.53846153846153844,0.71153846153846156,0.17307692307692313
openbci,loso_stroop,Stroop LOSO,complete_settings_39_posthoc,dasf_clean,DASF,sensitivity,True,13,0.46153846153846156,0.47703679372151431,0.5,0.23076923076923078,0.73076923076923073,0.49999999999999994
openbci,loso_stroop,Stroop LOSO,complete_settings_39_posthoc,dasf_clean,DASF,specificity,True,13,0.76923076923076927,0.33011264588676237,1,0.57692307692307687,0.92307692307692313,0.34615384615384626
openbci,loso_stroop,Stroop LOSO,complete_settings_39_posthoc,dasf_clean,DASF,precision,True,7,0.7142857142857143,0.20892772350933625,0.66666666666666663,0.5714285714285714,0.8571428571428571,0.2857142857142857
openbci,loso_stroop,Stroop LOSO,complete_settings_39_posthoc,dasf_clean,DASF,f1,True,13,0.40256410256410258,0.40333368651535012,0.5,0.19230769230769232,0.61538461538461542,0.42307692307692313
openbci,loso_stroop,Stroop LOSO,complete_settings_39_posthoc,dasf_clean,DASF,auroc,True,13,0.75,0.28867513459481287,0.75,0.59615384615384615,0.88461538461538458,0.28846153846153844
openbci,loso_stroop,Stroop LOSO,complete_settings_39_posthoc,dasf_clean,DASF,pr_auc,True,13,0.75961538461538458,0.2811362147164097,0.79166666666666663,0.60897435897435892,0.90064102564102555,0.29166666666666663
openbci,loso_stroop,Stroop LOSO,complete_settings_39_posthoc,dasf_clean,DASF,average_precision,True,13,0.8205128205128206,0.20650910729556554,0.83333333333333326,0.70512820512820507,0.92307692307692313,0.21794871794871806
openbci,loso_stroop,Stroop LOSO,complete_settings_39_posthoc,dasf_clean,DASF,log_loss,False,13,1.5444718186872135,1.2181527868184425,1.3642109181555828,0.92795129706331081,2.2028878380162196,1.2749365409529088
openbci,loso_stroop,Stroop LOSO,complete_settings_39_posthoc,dasf_clean,DASF,brier_score,False,13,0.33419448641086957,0.17530193666928659,0.43176813133399439,0.24092408885451821,0.42311313162141484,0.18218904276689663
openbci,loso_stroop,Stroop LOSO,complete_settings_39_posthoc,eeg_conformer,EEG-Conformer,accuracy,True,13,0.63461538461538458,0.1297186304156927,0.75,0.55769230769230771,0.69230769230769229,0.13461538461538458
openbci,loso_stroop,Stroop LOSO,complete_settings_39_posthoc,eeg_conformer,EEG-Conformer,balanced_accuracy,True,13,0.63461538461538458,0.1297186304156927,0.75,0.57692307692307687,0.69230769230769229,0.11538461538461542
openbci,loso_stroop,Stroop LOSO,complete_settings_39_posthoc,eeg_conformer,EEG-Conformer,sensitivity,True,13,0.61538461538461542,0.46340434799814917,1,0.38461538461538464,0.84615384615384615,0.46153846153846151
openbci,loso_stroop,Stroop LOSO,complete_settings_39_posthoc,eeg_conformer,EEG-Conformer,specificity,True,13,0.65384615384615385,0.3755338080994054,0.5,0.46153846153846156,0.84615384615384615,0.38461538461538458
openbci,loso_stroop,Stroop LOSO,complete_settings_39_posthoc,eeg_conformer,EEG-Conformer,precision,True,9,0.70370370370370372,0.18215107011950002,0.66666666666666663,0.59259259259259256,0.81481481481481477,0.22222222222222221
openbci,loso_stroop,Stroop LOSO,complete_settings_39_posthoc,eeg_conformer,EEG-Conformer,f1,True,13,0.51282051282051289,0.36043658237549908,0.66666666666666663,0.3282051282051282,0.68717948717948718,0.35897435897435898
openbci,loso_stroop,Stroop LOSO,complete_settings_39_posthoc,eeg_conformer,EEG-Conformer,auroc,True,13,0.78846153846153844,0.28588593744843283,0.75,0.63461538461538458,0.92307692307692313,0.28846153846153855
openbci,loso_stroop,Stroop LOSO,complete_settings_39_posthoc,eeg_conformer,EEG-Conformer,pr_auc,True,13,0.82051282051282037,0.23098058341455874,0.79166666666666663,0.6891025641025641,0.93589743589743568,0.24679487179487158
openbci,loso_stroop,Stroop LOSO,complete_settings_39_posthoc,eeg_conformer,EEG-Conformer,average_precision,True,13,0.85897435897435903,0.18125276302049606,0.83333333333333326,0.75641025641025628,0.94246794871794648,0.1860576923076902
openbci,loso_stroop,Stroop LOSO,complete_settings_39_posthoc,eeg_conformer,EEG-Conformer,log_loss,False,13,0.96734204201355756,0.5019005017094732,0.91924111847283752,0.70733500773181401,1.2318254884983371,0.52449048076652305
openbci,loso_stroop,Stroop LOSO,complete_settings_39_posthoc,eeg_conformer,EEG-Conformer,brier_score,False,13,0.29515501904787267,0.13787280456493475,0.2938574383479487,0.22324605622147273,0.36775017447791147,0.14450411825643875
openbci,loso_stroop,Stroop LOSO,complete_settings_39_posthoc,eegnet,EEGNet,accuracy,True,13,0.67307692307692313,0.15760629298902878,0.75,0.59615384615384615,0.75,0.15384615384615385
openbci,loso_stroop,Stroop LOSO,complete_settings_39_posthoc,eegnet,EEGNet,balanced_accuracy,True,13,0.67307692307692313,0.15760629298902878,0.75,0.59615384615384615,0.75,0.15384615384615385
openbci,loso_stroop,Stroop LOSO,complete_settings_39_posthoc,eegnet,EEGNet,sensitivity,True,13,0.73076923076923073,0.4385290096535146,1,0.5,0.92307692307692313,0.42307692307692313
openbci,loso_stroop,Stroop LOSO,complete_settings_39_posthoc,eegnet,EEGNet,specificity,True,13,0.61538461538461542,0.36250552604099212,0.5,0.42307692307692307,0.80769230769230771,0.38461538461538464
openbci,loso_stroop,Stroop LOSO,complete_settings_39_posthoc,eegnet,EEGNet,precision,True,10,0.69999999999999996,0.17213259316477408,0.66666666666666663,0.59999999999999998,0.80000000000000004,0.20000000000000007
openbci,loso_stroop,Stroop LOSO,complete_settings_39_posthoc,eegnet,EEGNet,f1,True,13,0.59999999999999998,0.35276684147527876,0.80000000000000004,0.40512820512820513,0.76923076923076905,0.36410256410256392
openbci,loso_stroop,Stroop LOSO,complete_settings_39_posthoc,eegnet,EEGNet,auroc,True,13,0.78846153846153844,0.20016019225635892,0.75,0.69230769230769229,0.88461538461538458,0.19230769230769229
openbci,loso_stroop,Stroop LOSO,complete_settings_39_posthoc,eegnet,EEGNet,pr_auc,True,13,0.83012820512820495,0.17134200899249447,0.79166666666666663,0.73397435897435892,0.91346153846153832,0.1794871794871794
openbci,loso_stroop,Stroop LOSO,complete_settings_39_posthoc,eegnet,EEGNet,average_precision,True,13,0.86538461538461553,0.1297186304156927,0.83333333333333326,0.79487179487179493,0.92948717948717952,0.13461538461538458
openbci,loso_stroop,Stroop LOSO,complete_settings_39_posthoc,eegnet,EEGNet,log_loss,False,13,0.74511270541099384,0.30164459897840679,0.64379869870663498,0.59199561640806875,0.90549850847611935,0.3135028920680506
openbci,loso_stroop,Stroop LOSO,complete_settings_39_posthoc,eegnet,EEGNet,brier_score,False,13,0.25128832911228033,0.10172577566283635,0.22573797700098819,0.20071376657779769,0.30535064365337966,0.10463687707558197
openbci,loso_stroop,Stroop LOSO,complete_settings_39_posthoc,equal_blend_050,Equal blend (50%),accuracy,True,13,0.61538461538461542,0.16505632294338121,0.5,0.53846153846153844,0.71153846153846156,0.17307692307692313
openbci,loso_stroop,Stroop LOSO,complete_settings_39_posthoc,equal_blend_050,Equal blend (50%),balanced_accuracy,True,13,0.61538461538461542,0.16505632294338121,0.5,0.53846153846153844,0.71153846153846156,0.17307692307692313
openbci,loso_stroop,Stroop LOSO,complete_settings_39_posthoc,equal_blend_050,Equal blend (50%),sensitivity,True,13,0.5,0.5,0.5,0.23076923076923078,0.76923076923076927,0.53846153846153855
openbci,loso_stroop,Stroop LOSO,complete_settings_39_posthoc,equal_blend_050,Equal blend (50%),specificity,True,13,0.73076923076923073,0.33011264588676237,1,0.53846153846153844,0.88461538461538458,0.34615384615384615
openbci,loso_stroop,Stroop LOSO,complete_settings_39_posthoc,equal_blend_050,Equal blend (50%),precision,True,7,0.66666666666666663,0.16666666666666666,0.66666666666666663,0.5714285714285714,0.7857142857142857,0.2142857142857143
openbci,loso_stroop,Stroop LOSO,complete_settings_39_posthoc,equal_blend_050,Equal blend (50%),f1,True,13,0.4128205128205128,0.41220690182786834,0.5,0.20000000000000001,0.62820512820512819,0.42820512820512818
openbci,loso_stroop,Stroop LOSO,complete_settings_39_posthoc,equal_blend_050,Equal blend (50%),auroc,True,13,0.75,0.28867513459481287,0.75,0.59615384615384615,0.88461538461538458,0.28846153846153844
openbci,loso_stroop,Stroop LOSO,complete_settings_39_posthoc,equal_blend_050,Equal blend (50%),pr_auc,True,13,0.75961538461538447,0.28113621471640976,0.79166666666666663,0.60897435897435903,0.90064102564102555,0.29166666666666652
openbci,loso_stroop,Stroop LOSO,complete_settings_39_posthoc,equal_blend_050,Equal blend (50%),average_precision,True,13,0.8205128205128206,0.20650910729556554,0.83333333333333326,0.71153846153846156,0.92307692307692313,0.21153846153846156
openbci,loso_stroop,Stroop LOSO,complete_settings_39_posthoc,equal_blend_050,Equal blend (50%),log_loss,False,13,0.69909937660546473,0.19663886685974727,0.76752494961266804,0.59627641960119782,0.8020845680756149,0.20580814847441709
openbci,loso_stroop,Stroop LOSO,complete_settings_39_posthoc,equal_blend_050,Equal blend (50%),brier_score,False,13,0.2514060237822891,0.085643689056467104,0.28665377327900893,0.20763032135037668,0.29420554130638532,0.086575219956008642
openbci,loso_stroop,Stroop LOSO,complete_settings_39_posthoc,extra_trees,Extra Trees,accuracy,True,13,0.53846153846153844,0.20016019225635892,0.5,0.44230769230769229,0.65384615384615385,0.21153846153846156
openbci,loso_stroop,Stroop LOSO,complete_settings_39_posthoc,extra_trees,Extra Trees,balanced_accuracy,True,13,0.53846153846153844,0.20016019225635892,0.5,0.44230769230769229,0.63461538461538458,0.19230769230769229
openbci,loso_stroop,Stroop LOSO,complete_settings_39_posthoc,extra_trees,Extra Trees,sensitivity,True,13,0.26923076923076922,0.4385290096535146,0,0.076923076923076927,0.5,0.42307692307692307
openbci,loso_stroop,Stroop LOSO,complete_settings_39_posthoc,extra_trees,Extra Trees,specificity,True,13,0.80769230769230771,0.25318484177091666,1,0.65384615384615385,0.92307692307692313,0.26923076923076927
openbci,loso_stroop,Stroop LOSO,complete_settings_39_posthoc,extra_trees,Extra Trees,precision,True,6,0.47222222222222215,0.4002314145406195,0.58333333333333326,0.19444444444444442,0.75,0.55555555555555558
openbci,loso_stroop,Stroop LOSO,complete_settings_39_posthoc,extra_trees,Extra Trees,f1,True,13,0.23846153846153845,0.38630398552276063,0,0.061538461538461542,0.45384615384615379,0.39230769230769225
openbci,loso_stroop,Stroop LOSO,complete_settings_39_posthoc,extra_trees,Extra Trees,auroc,True,13,0.76923076923076927,0.25943726083138541,0.75,0.63461538461538458,0.90384615384615385,0.26923076923076927
openbci,loso_stroop,Stroop LOSO,complete_settings_39_posthoc,extra_trees,Extra Trees,pr_auc,True,13,0.76602564102564097,0.27138750010579932,0.79166666666666663,0.6217948717948717,0.90384615384615385,0.28205128205128216
openbci,loso_stroop,Stroop LOSO,complete_settings_39_posthoc,extra_trees,Extra Trees,average_precision,True,13,0.82692307692307709,0.19679591580780453,0.83333333333333326,0.71794871794871795,0.92307692307692313,0.20512820512820518
openbci,loso_stroop,Stroop LOSO,complete_settings_39_posthoc,extra_trees,Extra Trees,log_loss,False,13,0.6511184453691482,0.095269177806582492,0.65870514940226255,0.59995873790666443,0.69848419963627495,0.09852546172961052
openbci,loso_stroop,Stroop LOSO,complete_settings_39_posthoc,extra_trees,Extra Trees,brier_score,False,13,0.2329261397684092,0.043668587429825011,0.23301630419808866,0.20889569866252866,0.25430788602352422,0.04541218736099556
openbci,loso_stroop,Stroop LOSO,complete_settings_39_posthoc,fixed_blend_010,Fixed blend (10%),accuracy,True,13,0.59615384615384615,0.16261090889699775,0.5,0.51923076923076927,0.69230769230769229,0.17307692307692302
openbci,loso_stroop,Stroop LOSO,complete_settings_39_posthoc,fixed_blend_010,Fixed blend (10%),balanced_accuracy,True,13,0.59615384615384615,0.16261090889699775,0.5,0.51923076923076927,0.69230769230769229,0.17307692307692302
openbci,loso_stroop,Stroop LOSO,complete_settings_39_posthoc,fixed_blend_010,Fixed blend (10%),sensitivity,True,13,0.46153846153846156,0.47703679372151431,0.5,0.23076923076923078,0.69230769230769229,0.46153846153846151
openbci,loso_stroop,Stroop LOSO,complete_settings_39_posthoc,fixed_blend_010,Fixed blend (10%),specificity,True,13,0.73076923076923073,0.33011264588676237,1,0.53846153846153844,0.88461538461538458,0.34615384615384615
openbci,loso_stroop,Stroop LOSO,complete_settings_39_posthoc,fixed_blend_010,Fixed blend (10%),precision,True,7,0.6428571428571429,0.17817416127494962,0.66666666666666663,0.54761904761904756,0.7857142857142857,0.23809523809523814
openbci,loso_stroop,Stroop LOSO,complete_settings_39_posthoc,fixed_blend_010,Fixed blend (10%),f1,True,13,0.38974358974358975,0.39683577520005991,0.5,0.18974358974358976,0.59743589743589742,0.40769230769230769
openbci,loso_stroop,Stroop LOSO,complete_settings_39_posthoc,fixed_blend_010,Fixed blend (10%),auroc,True,13,0.75,0.338501600193165,1,0.55769230769230771,0.90384615384615385,0.34615384615384615
openbci,loso_stroop,Stroop LOSO,complete_settings_39_posthoc,fixed_blend_010,Fixed blend (10%),pr_auc,True,13,0.77243589743589725,0.29443890093152841,1,0.61217948717948723,0.91995192307692186,0.30777243589743464
openbci,loso_stroop,Stroop LOSO,complete_settings_39_posthoc,fixed_blend_010,Fixed blend (10%),average_precision,True,13,0.82692307692307687,0.22428264879991625,1,0.70512820512820507,0.93589743589743601,0.23076923076923095
openbci,loso_stroop,Stroop LOSO,complete_settings_39_posthoc,fixed_blend_010,Fixed blend (10%),log_loss,False,13,0.90763286863403347,0.44628197462166586,1.0276202334449425,0.67336385322516401,1.1374808824034279,0.46411702917826392
openbci,loso_stroop,Stroop LOSO,complete_settings_39_posthoc,fixed_blend_010,Fixed blend (10%),brier_score,False,13,0.30113911783731051,0.14252765048714977,0.36793070172855058,0.22434159428774555,0.37365175552036622,0.14931016123262067
openbci,loso_stroop,Stroop LOSO,complete_settings_39_posthoc,fixed_blend_025,Fixed blend (25%),accuracy,True,13,0.59615384615384615,0.16261090889699775,0.5,0.51923076923076927,0.69230769230769229,0.17307692307692302
openbci,loso_stroop,Stroop LOSO,complete_settings_39_posthoc,fixed_blend_025,Fixed blend (25%),balanced_accuracy,True,13,0.59615384615384615,0.16261090889699775,0.5,0.51923076923076927,0.69230769230769229,0.17307692307692302
openbci,loso_stroop,Stroop LOSO,complete_settings_39_posthoc,fixed_blend_025,Fixed blend (25%),sensitivity,True,13,0.46153846153846156,0.47703679372151431,0.5,0.23076923076923078,0.73076923076923073,0.49999999999999994
openbci,loso_stroop,Stroop LOSO,complete_settings_39_posthoc,fixed_blend_025,Fixed blend (25%),specificity,True,13,0.73076923076923073,0.33011264588676237,1,0.53846153846153844,0.88461538461538458,0.34615384615384615
openbci,loso_stroop,Stroop LOSO,complete_settings_39_posthoc,fixed_blend_025,Fixed blend (25%),precision,True,7,0.6428571428571429,0.17817416127494962,0.66666666666666663,0.54761904761904756,0.7857142857142857,0.23809523809523814
openbci,loso_stroop,Stroop LOSO,complete_settings_39_posthoc,fixed_blend_025,Fixed blend (25%),f1,True,13,0.38974358974358975,0.39683577520005991,0.5,0.18974358974358976,0.59743589743589742,0.40769230769230769
openbci,loso_stroop,Stroop LOSO,complete_settings_39_posthoc,fixed_blend_025,Fixed blend (25%),auroc,True,13,0.75,0.338501600193165,1,0.55769230769230771,0.90384615384615385,0.34615384615384615
openbci,loso_stroop,Stroop LOSO,complete_settings_39_posthoc,fixed_blend_025,Fixed blend (25%),pr_auc,True,13,0.77243589743589725,0.29443890093152841,1,0.61538461538461542,0.91666666666666674,0.30128205128205132
openbci,loso_stroop,Stroop LOSO,complete_settings_39_posthoc,fixed_blend_025,Fixed blend (25%),average_precision,True,13,0.82692307692307687,0.22428264879991625,1,0.70512820512820507,0.93589743589743601,0.23076923076923095
openbci,loso_stroop,Stroop LOSO,complete_settings_39_posthoc,fixed_blend_025,Fixed blend (25%),log_loss,False,13,0.78391409894137931,0.30704369080696015,0.89502787234444547,0.62036879493233432,0.9419840310691836,0.32161523613684928
openbci,loso_stroop,Stroop LOSO,complete_settings_39_posthoc,fixed_blend_025,Fixed blend (25%),brier_score,False,13,0.27701246694533732,0.11725266818232519,0.33047857785317664,0.21508256118791524,0.3367117624385973,0.12162920125068205
openbci,loso_stroop,Stroop LOSO,complete_settings_39_posthoc,rf,Random forest,accuracy,True,13,0.57692307692307687,0.12009611535381537,0.5,0.51923076923076927,0.63461538461538458,0.11538461538461531
openbci,loso_stroop,Stroop LOSO,complete_settings_39_posthoc,rf,Random forest,balanced_accuracy,True,13,0.57692307692307687,0.12009611535381537,0.5,0.51923076923076927,0.63461538461538458,0.11538461538461531
openbci,loso_stroop,Stroop LOSO,complete_settings_39_posthoc,rf,Random forest,sensitivity,True,13,0.38461538461538464,0.46340434799814922,0,0.15384615384615385,0.61538461538461542,0.46153846153846156
openbci,loso_stroop,Stroop LOSO,complete_settings_39_posthoc,rf,Random forest,specificity,True,13,0.76923076923076927,0.33011264588676237,1,0.57692307692307687,0.92307692307692313,0.34615384615384626
openbci,loso_stroop,Stroop LOSO,complete_settings_39_posthoc,rf,Random forest,precision,True,6,0.66666666666666663,0.18257418583505536,0.66666666666666663,0.55555555555555547,0.80555555555555547,0.25
openbci,loso_stroop,Stroop LOSO,complete_settings_39_posthoc,rf,Random forest,f1,True,13,0.32564102564102565,0.3742038081426885,0,0.13846153846153847,0.52307692307692311,0.38461538461538464
openbci,loso_stroop,Stroop LOSO,complete_settings_39_posthoc,rf,Random forest,auroc,True,13,0.67307692307692313,0.31266021533992816,0.75,0.5,0.82692307692307687,0.32692307692307687
openbci,loso_stroop,Stroop LOSO,complete_settings_39_posthoc,rf,Random forest,pr_auc,True,13,0.71794871794871795,0.26633760412908158,0.79166666666666663,0.57371794871794868,0.85256410256410242,0.27884615384615374
openbci,loso_stroop,Stroop LOSO,complete_settings_39_posthoc,rf,Random forest,average_precision,True,13,0.78205128205128216,0.20281143614815866,0.83333333333333326,0.67307692307692313,0.88461538461538458,0.21153846153846145
openbci,loso_stroop,Stroop LOSO,complete_settings_39_posthoc,rf,Random forest,log_loss,False,13,0.69386685309227913,0.13749954461829242,0.65858182853986791,0.62311213761132311,0.76675888119000501,0.1436467435786819
openbci,loso_stroop,Stroop LOSO,complete_settings_39_posthoc,rf,Random forest,brier_score,False,13,0.25137580706145812,0.058784591116935424,0.23309620025183264,0.22095460842954701,0.2811351865299147,0.060180578100367699
openbci,loso_stroop,Stroop LOSO,complete_settings_39_posthoc,riemann_mdm,Riemannian MDM,accuracy,True,13,0.53846153846153844,0.093883452024851335,0.5,0.5,0.59615384615384615,0.096153846153846145
openbci,loso_stroop,Stroop LOSO,complete_settings_39_posthoc,riemann_mdm,Riemannian MDM,balanced_accuracy,True,13,0.53846153846153844,0.093883452024851335,0.5,0.5,0.59615384615384615,0.096153846153846145
openbci,loso_stroop,Stroop LOSO,complete_settings_39_posthoc,riemann_mdm,Riemannian MDM,sensitivity,True,13,0.42307692307692307,0.49354811679282456,0,0.15384615384615385,0.69230769230769229,0.53846153846153844
openbci,loso_stroop,Stroop LOSO,complete_settings_39_posthoc,riemann_mdm,Riemannian MDM,specificity,True,13,0.65384615384615385,0.47366546671567089,1,0.38461538461538464,0.88461538461538458,0.49999999999999994
openbci,loso_stroop,Stroop LOSO,complete_settings_39_posthoc,riemann_mdm,Riemannian MDM,precision,True,6,0.61111111111111105,0.20184335693983282,0.5,0.5,0.77777777777777768,0.27777777777777768
openbci,loso_stroop,Stroop LOSO,complete_settings_39_posthoc,riemann_mdm,Riemannian MDM,f1,True,13,0.31794871794871793,0.35916966603939288,0,0.15384615384615385,0.51282051282051289,0.35897435897435903
openbci,loso_stroop,Stroop LOSO,complete_settings_39_posthoc,riemann_mdm,Riemannian MDM,auroc,True,13,0.63461538461538458,0.33253108588058811,0.75,0.46153846153846156,0.80769230769230771,0.34615384615384615
openbci,loso_stroop,Stroop LOSO,complete_settings_39_posthoc,riemann_mdm,Riemannian MDM,pr_auc,True,13,0.70512820512820507,0.27399940992304461,0.79166666666666663,0.55769230769230771,0.84294871794871795,0.28525641025641024
openbci,loso_stroop,Stroop LOSO,complete_settings_39_posthoc,riemann_mdm,Riemannian MDM,average_precision,True,13,0.76923076923076927,0.21014172398537176,0.83333333333333326,0.65384615384615385,0.87820512820512819,0.22435897435897434
openbci,loso_stroop,Stroop LOSO,complete_settings_39_posthoc,riemann_mdm,Riemannian MDM,log_loss,False,13,1.4416098612839785,0.82704681937781799,1.2263960702072487,1.052254663892717,1.9133614444173359,0.86110678052461886
openbci,loso_stroop,Stroop LOSO,complete_settings_39_posthoc,riemann_mdm,Riemannian MDM,brier_score,False,13,0.37782450886029184,0.10880897887626222,0.41400981658932146,0.31875269006206886,0.43109679159367087,0.11234410153160201
openbci,loso_stroop,Stroop LOSO,complete_settings_39_posthoc,riemann_ts_logreg,Riemannian TS-LR,accuracy,True,13,0.57692307692307687,0.12009611535381537,0.5,0.51923076923076927,0.63461538461538458,0.11538461538461531
openbci,loso_stroop,Stroop LOSO,complete_settings_39_posthoc,riemann_ts_logreg,Riemannian TS-LR,balanced_accuracy,True,13,0.57692307692307687,0.12009611535381537,0.5,0.51923076923076927,0.63461538461538458,0.11538461538461531
openbci,loso_stroop,Stroop LOSO,complete_settings_39_posthoc,riemann_ts_logreg,Riemannian TS-LR,sensitivity,True,13,0.57692307692307687,0.44935851713645852,0.5,0.34615384615384615,0.80769230769230771,0.46153846153846156
openbci,loso_stroop,Stroop LOSO,complete_settings_39_posthoc,riemann_ts_logreg,Riemannian TS-LR,specificity,True,13,0.57692307692307687,0.44935851713645852,0.5,0.34615384615384615,0.80769230769230771,0.46153846153846156
openbci,loso_stroop,Stroop LOSO,complete_settings_39_posthoc,riemann_ts_logreg,Riemannian TS-LR,precision,True,9,0.64814814814814814,0.21154925294066412,0.5,0.53703703703703698,0.77777777777777779,0.24074074074074081
openbci,loso_stroop,Stroop LOSO,complete_settings_39_posthoc,riemann_ts_logreg,Riemannian TS-LR,f1,True,13,0.46923076923076928,0.33346151381618416,0.66666666666666663,0.29487179487179482,0.63333333333333341,0.33846153846153859
openbci,loso_stroop,Stroop LOSO,complete_settings_39_posthoc,riemann_ts_logreg,Riemannian TS-LR,auroc,True,13,0.69230769230769229,0.30879210498742371,0.75,0.51923076923076927,0.84615384615384615,0.32692307692307687
openbci,loso_stroop,Stroop LOSO,complete_settings_39_posthoc,riemann_ts_logreg,Riemannian TS-LR,pr_auc,True,13,0.73397435897435892,0.26762980448879803,0.79166666666666663,0.58974358974358976,0.8685897435897435,0.27884615384615374
openbci,loso_stroop,Stroop LOSO,complete_settings_39_posthoc,riemann_ts_logreg,Riemannian TS-LR,average_precision,True,13,0.79487179487179493,0.20303081039957946,0.83333333333333326,0.6858974358974359,0.89743589743589736,0.21153846153846145
openbci,loso_stroop,Stroop LOSO,complete_settings_39_posthoc,riemann_ts_logreg,Riemannian TS-LR,log_loss,False,13,1.2005029382457251,1.0960579236178944,0.68114431617920146,0.70312471008466171,1.8164230875984082,1.1132983775137464
openbci,loso_stroop,Stroop LOSO,complete_settings_39_posthoc,riemann_ts_logreg,Riemannian TS-LR,brier_score,False,13,0.29340470930106044,0.14088345821104853,0.24495358809239728,0.22375853539980317,0.36989897631704932,0.14614044091724615
openbci,loso_stroop,Stroop LOSO,complete_settings_39_posthoc,stack_recording,OOF recording-level stacking,accuracy,True,13,0.59615384615384615,0.16261090889699772,0.5,0.5,0.67307692307692313,0.17307692307692313
openbci,loso_stroop,Stroop LOSO,complete_settings_39_posthoc,stack_recording,OOF recording-level stacking,balanced_accuracy,True,13,0.59615384615384615,0.16261090889699772,0.5,0.5,0.67307692307692313,0.17307692307692313
openbci,loso_stroop,Stroop LOSO,complete_settings_39_posthoc,stack_recording,OOF recording-level stacking,sensitivity,True,13,0.57692307692307687,0.49354811679282456,1,0.30769230769230771,0.84615384615384615,0.53846153846153844
openbci,loso_stroop,Stroop LOSO,complete_settings_39_posthoc,stack_recording,OOF recording-level stacking,specificity,True,13,0.61538461538461542,0.29957234475763905,0.5,0.46153846153846156,0.76923076923076927,0.30769230769230771
openbci,loso_stroop,Stroop LOSO,complete_settings_39_posthoc,stack_recording,OOF recording-level stacking,precision,True,9,0.55555555555555558,0.22047927592204922,0.66666666666666663,0.40740740740740733,0.66666666666666663,0.2592592592592593
openbci,loso_stroop,Stroop LOSO,complete_settings_39_posthoc,stack_recording,OOF recording-level stacking,f1,True,13,0.45897435897435901,0.38685671721985088,0.66666666666666663,0.26134615384615406,0.65641025641025641,0.39506410256410235
openbci,loso_stroop,Stroop LOSO,complete_settings_39_posthoc,stack_recording,OOF recording-level stacking,auroc,True,13,0.75,0.28867513459481287,0.75,0.59615384615384615,0.88461538461538458,0.28846153846153844
openbci,loso_stroop,Stroop LOSO,complete_settings_39_posthoc,stack_recording,OOF recording-level stacking,pr_auc,True,13,0.75961538461538458,0.2811362147164097,0.79166666666666663,0.60576923076923073,0.90064102564102555,0.29487179487179482
openbci,loso_stroop,Stroop LOSO,complete_settings_39_posthoc,stack_recording,OOF recording-level stacking,average_precision,True,13,0.8205128205128206,0.20650910729556554,0.83333333333333326,0.71153846153846156,0.92307692307692313,0.21153846153846156
openbci,loso_stroop,Stroop LOSO,complete_settings_39_posthoc,stack_recording,OOF recording-level stacking,log_loss,False,13,0.7761865389699556,0.32284587148839883,0.76675604337697334,0.61442569128449076,0.95195597267102605,0.33753028138653529
openbci,loso_stroop,Stroop LOSO,complete_settings_39_posthoc,stack_recording,OOF recording-level stacking,brier_score,False,13,0.27039325085361121,0.11011219986096987,0.28399161622353852,0.2135400110316438,0.3285564823357105,0.1150164713040667
