dataset,protocol,subject,direction,recording_id,method,true_label,p0,p1,pred_label,correct,n_windows,ensemble_size
openbci,cross_task,1,arithmetic_to_stroop,stroop:s01:r0,always_fuse,0.0,0.8160814927453827,0.1839185072546174,0.0,1.0,157.0,5.0
openbci,cross_task,1,arithmetic_to_stroop,stroop:s01:r0,always_nn,0.0,0.9995019081629394,0.0004980918370606,0.0,1.0,157.0,5.0
openbci,cross_task,1,arithmetic_to_stroop,stroop:s01:r0,cbsf,0.0,0.9991882685178052,0.0008117314821947,0.0,1.0,157.0,5.0
openbci,cross_task,1,arithmetic_to_stroop,stroop:s01:r0,dasf_clean,0.0,0.9995019081629394,0.0004980918370606675,0.0,1.0,157.0,5.0
openbci,cross_task,1,arithmetic_to_stroop,stroop:s01:r0,eeg_conformer,0.0,0.9969940149840919,0.00300598501590813,0.0,1.0,157.0,5.0
openbci,cross_task,1,arithmetic_to_stroop,stroop:s01:r0,eegnet,0.0,0.984247950629365,0.015752049370634978,0.0,1.0,157.0,5.0
openbci,cross_task,1,arithmetic_to_stroop,stroop:s01:r0,equal_blend_050,0.0,0.9045296568021814,0.0954703431978185,0.0,1.0,157.0,5.0
openbci,cross_task,1,arithmetic_to_stroop,stroop:s01:r0,extra_trees,0.0,0.9980274453789272,0.0019725546210727,0.0,1.0,157.0,5.0
openbci,cross_task,1,arithmetic_to_stroop,stroop:s01:r0,fixed_blend_010,0.0,0.9782470587154076,0.0217529412845922,0.0,1.0,157.0,5.0
openbci,cross_task,1,arithmetic_to_stroop,stroop:s01:r0,fixed_blend_025,0.0,0.9499138783350362,0.0500861216649638,0.0,1.0,157.0,5.0
openbci,cross_task,1,arithmetic_to_stroop,stroop:s01:r0,rf,0.0,0.9924016995397736,0.0075983004602263,0.0,1.0,157.0,5.0
openbci,cross_task,1,arithmetic_to_stroop,stroop:s01:r0,riemann_mdm,0.0,0.9967050914293122,0.0032949085706877987,0.0,1.0,157.0,5.0
openbci,cross_task,1,arithmetic_to_stroop,stroop:s01:r0,riemann_ts_logreg,0.0,0.9997445915494978,0.0002554084505021846,0.0,1.0,157.0,5.0
openbci,cross_task,1,arithmetic_to_stroop,stroop:s01:r0,stack_recording,0.0,0.7709704046145516,0.2290295953854484,0.0,1.0,157.0,5.0
openbci,cross_task,1,arithmetic_to_stroop,stroop:s01:r1,always_fuse,0.0,0.4735295515109523,0.5264704484890477,1.0,0.0,148.0,5.0
openbci,cross_task,1,arithmetic_to_stroop,stroop:s01:r1,always_nn,0.0,0.0341043027136429,0.965895697286357,1.0,0.0,148.0,5.0
openbci,cross_task,1,arithmetic_to_stroop,stroop:s01:r1,cbsf,0.0,0.03536468727652,0.96463531272348,1.0,0.0,148.0,5.0
openbci,cross_task,1,arithmetic_to_stroop,stroop:s01:r1,dasf_clean,0.0,0.03410430271364297,0.965895697286357,1.0,0.0,148.0,5.0
openbci,cross_task,1,arithmetic_to_stroop,stroop:s01:r1,eeg_conformer,0.0,0.008826722785249994,0.99117327721475,1.0,0.0,148.0,5.0
openbci,cross_task,1,arithmetic_to_stroop,stroop:s01:r1,eegnet,0.0,0.2918489050990535,0.7081510949009465,1.0,0.0,148.0,5.0
openbci,cross_task,1,arithmetic_to_stroop,stroop:s01:r1,equal_blend_050,0.0,0.2916905983124839,0.7083094016875161,1.0,0.0,148.0,5.0
openbci,cross_task,1,arithmetic_to_stroop,stroop:s01:r1,extra_trees,0.0,0.2489376580088278,0.7510623419911722,1.0,0.0,148.0,5.0
openbci,cross_task,1,arithmetic_to_stroop,stroop:s01:r1,fixed_blend_010,0.0,0.1102794582930333,0.8897205417069667,1.0,0.0,148.0,5.0
openbci,cross_task,1,arithmetic_to_stroop,stroop:s01:r1,fixed_blend_025,0.0,0.1866915230450727,0.8133084769549273,1.0,0.0,148.0,5.0
openbci,cross_task,1,arithmetic_to_stroop,stroop:s01:r1,rf,0.0,0.244928694972227,0.7550713050277729,1.0,0.0,148.0,5.0
openbci,cross_task,1,arithmetic_to_stroop,stroop:s01:r1,riemann_mdm,0.0,0.1497300699568071,0.8502699300431928,1.0,0.0,148.0,5.0
openbci,cross_task,1,arithmetic_to_stroop,stroop:s01:r1,riemann_ts_logreg,0.0,0.007990588697060933,0.9920094113029391,1.0,0.0,148.0,5.0
openbci,cross_task,1,arithmetic_to_stroop,stroop:s01:r1,stack_recording,0.0,0.3818892505221006,0.6181107494778993,1.0,0.0,148.0,5.0
openbci,cross_task,1,arithmetic_to_stroop,stroop:s01:r2,always_fuse,1.0,0.5105251183547519,0.4894748816452482,0.0,0.0,139.0,5.0
openbci,cross_task,1,arithmetic_to_stroop,stroop:s01:r2,always_nn,1.0,0.1705711870214265,0.8294288129785735,1.0,1.0,139.0,5.0
openbci,cross_task,1,arithmetic_to_stroop,stroop:s01:r2,cbsf,1.0,0.171407082821114,0.8285929171788861,1.0,1.0,139.0,5.0
openbci,cross_task,1,arithmetic_to_stroop,stroop:s01:r2,dasf_clean,1.0,0.1705711870214265,0.8294288129785735,1.0,1.0,139.0,5.0
openbci,cross_task,1,arithmetic_to_stroop,stroop:s01:r2,eeg_conformer,1.0,0.1393737111224475,0.8606262888775524,1.0,1.0,139.0,5.0
openbci,cross_task,1,arithmetic_to_stroop,stroop:s01:r2,eegnet,1.0,0.3898649707451637,0.6101350292548364,1.0,1.0,139.0,5.0
openbci,cross_task,1,arithmetic_to_stroop,stroop:s01:r2,equal_blend_050,1.0,0.3962129957764358,0.6037870042235641,1.0,1.0,139.0,5.0
openbci,cross_task,1,arithmetic_to_stroop,stroop:s01:r2,extra_trees,1.0,0.3613453251071309,0.6386546748928692,1.0,1.0,139.0,5.0
openbci,cross_task,1,arithmetic_to_stroop,stroop:s01:r2,fixed_blend_010,1.0,0.2538289951142654,0.7461710048857347,1.0,1.0,139.0,5.0
openbci,cross_task,1,arithmetic_to_stroop,stroop:s01:r2,fixed_blend_025,1.0,0.3207173515915489,0.6792826484084512,1.0,1.0,139.0,5.0
openbci,cross_task,1,arithmetic_to_stroop,stroop:s01:r2,rf,1.0,0.3758132126533431,0.6241867873466569,1.0,1.0,139.0,5.0
openbci,cross_task,1,arithmetic_to_stroop,stroop:s01:r2,riemann_mdm,1.0,0.1744217761358435,0.8255782238641566,1.0,1.0,139.0,5.0
openbci,cross_task,1,arithmetic_to_stroop,stroop:s01:r2,riemann_ts_logreg,1.0,0.03774334497305516,0.9622566550269448,1.0,1.0,139.0,5.0
openbci,cross_task,1,arithmetic_to_stroop,stroop:s01:r2,stack_recording,1.0,0.4500586839626634,0.5499413160373365,1.0,1.0,139.0,5.0
openbci,cross_task,1,arithmetic_to_stroop,stroop:s01:r3,always_fuse,1.0,0.4211854459155211,0.5788145540844789,1.0,1.0,209.0,5.0
openbci,cross_task,1,arithmetic_to_stroop,stroop:s01:r3,always_nn,1.0,0.010187800539966,0.989812199460034,1.0,1.0,209.0,5.0
openbci,cross_task,1,arithmetic_to_stroop,stroop:s01:r3,cbsf,1.0,0.0112088765179854,0.9887911234820146,1.0,1.0,209.0,5.0
openbci,cross_task,1,arithmetic_to_stroop,stroop:s01:r3,dasf_clean,1.0,0.01018780053996604,0.989812199460034,1.0,1.0,209.0,5.0
openbci,cross_task,1,arithmetic_to_stroop,stroop:s01:r3,eeg_conformer,1.0,0.04551377575297763,0.9544862242470225,1.0,1.0,209.0,5.0
openbci,cross_task,1,arithmetic_to_stroop,stroop:s01:r3,eegnet,1.0,0.0978722991825966,0.9021277008174035,1.0,1.0,209.0,5.0
openbci,cross_task,1,arithmetic_to_stroop,stroop:s01:r3,equal_blend_050,1.0,0.2350449864934805,0.7649550135065195,1.0,1.0,209.0,5.0
openbci,cross_task,1,arithmetic_to_stroop,stroop:s01:r3,extra_trees,1.0,0.1152931089190404,0.8847068910809596,1.0,1.0,209.0,5.0
openbci,cross_task,1,arithmetic_to_stroop,stroop:s01:r3,fixed_blend_010,1.0,0.0683450842340436,0.9316549157659564,1.0,1.0,209.0,5.0
openbci,cross_task,1,arithmetic_to_stroop,stroop:s01:r3,fixed_blend_025,1.0,0.1349334058570676,0.8650665941429323,1.0,1.0,209.0,5.0
openbci,cross_task,1,arithmetic_to_stroop,stroop:s01:r3,rf,1.0,0.1175477793864367,0.8824522206135633,1.0,1.0,209.0,5.0
openbci,cross_task,1,arithmetic_to_stroop,stroop:s01:r3,riemann_mdm,1.0,0.023981299625734986,0.976018700374265,1.0,1.0,209.0,5.0
openbci,cross_task,1,arithmetic_to_stroop,stroop:s01:r3,riemann_ts_logreg,1.0,0.0145091974609659,0.9854908025390341,1.0,1.0,209.0,5.0
openbci,cross_task,1,arithmetic_to_stroop,stroop:s01:r3,stack_recording,1.0,0.3385001762241433,0.6614998237758567,1.0,1.0,209.0,5.0
openbci,cross_task,1,stroop_to_arithmetic,arithmetic:s01:r0,always_fuse,0.0,0.4505412805501442,0.5494587194498558,1.0,0.0,157.0,5.0
openbci,cross_task,1,stroop_to_arithmetic,arithmetic:s01:r0,always_nn,0.0,0.9999999528581942,4.7141805792838886e-08,0.0,1.0,157.0,5.0
openbci,cross_task,1,stroop_to_arithmetic,arithmetic:s01:r0,cbsf,0.0,0.999945305351376,5.469464862406171e-05,0.0,1.0,157.0,5.0
openbci,cross_task,1,stroop_to_arithmetic,arithmetic:s01:r0,dasf_clean,0.0,0.9999999528581942,4.7141805792838886e-08,0.0,1.0,157.0,5.0
openbci,cross_task,1,stroop_to_arithmetic,arithmetic:s01:r0,eeg_conformer,0.0,0.9794204152763752,0.0205795847236247,0.0,1.0,157.0,5.0
openbci,cross_task,1,stroop_to_arithmetic,arithmetic:s01:r0,eegnet,0.0,0.992763951552838,0.007236048447161959,0.0,1.0,157.0,5.0
openbci,cross_task,1,stroop_to_arithmetic,arithmetic:s01:r0,equal_blend_050,0.0,0.7220234074177051,0.2779765925822949,0.0,1.0,157.0,5.0
openbci,cross_task,1,stroop_to_arithmetic,arithmetic:s01:r0,extra_trees,0.0,0.9998853971910562,0.0001146028089438,0.0,1.0,157.0,5.0
openbci,cross_task,1,stroop_to_arithmetic,arithmetic:s01:r0,fixed_blend_010,0.0,0.9406680986624024,0.0593319013375976,0.0,1.0,157.0,5.0
openbci,cross_task,1,stroop_to_arithmetic,arithmetic:s01:r0,fixed_blend_025,0.0,0.8575750471609148,0.1424249528390852,0.0,1.0,157.0,5.0
openbci,cross_task,1,stroop_to_arithmetic,arithmetic:s01:r0,rf,0.0,0.9992871326113444,0.0007128673886557,0.0,1.0,157.0,5.0
openbci,cross_task,1,stroop_to_arithmetic,arithmetic:s01:r0,riemann_mdm,0.0,0.9983766633852419,0.001623336614758032,0.0,1.0,157.0,5.0
openbci,cross_task,1,stroop_to_arithmetic,arithmetic:s01:r0,riemann_ts_logreg,0.0,0.9975059873018259,0.0024940126981740245,0.0,1.0,157.0,5.0
openbci,cross_task,1,stroop_to_arithmetic,arithmetic:s01:r0,stack_recording,0.0,0.8556072009862509,0.1443927990137491,0.0,1.0,157.0,5.0
openbci,cross_task,1,stroop_to_arithmetic,arithmetic:s01:r1,always_fuse,0.0,0.4743212001720577,0.5256787998279423,1.0,0.0,152.0,5.0
openbci,cross_task,1,stroop_to_arithmetic,arithmetic:s01:r1,always_nn,0.0,0.675693609746803,0.3243063902531969,0.0,1.0,152.0,5.0
openbci,cross_task,1,stroop_to_arithmetic,arithmetic:s01:r1,cbsf,0.0,0.5844013493240654,0.4155986506759345,0.0,1.0,152.0,5.0
openbci,cross_task,1,stroop_to_arithmetic,arithmetic:s01:r1,dasf_clean,0.0,0.675693609746803,0.32430639025319696,0.0,1.0,152.0,5.0
openbci,cross_task,1,stroop_to_arithmetic,arithmetic:s01:r1,eeg_conformer,0.0,0.1172374182479073,0.8827625817520928,1.0,0.0,152.0,5.0
openbci,cross_task,1,stroop_to_arithmetic,arithmetic:s01:r1,eegnet,0.0,0.451629993741932,0.548370006258068,1.0,0.0,152.0,5.0
openbci,cross_task,1,stroop_to_arithmetic,arithmetic:s01:r1,equal_blend_050,0.0,0.4681164923607534,0.5318835076392465,1.0,0.0,152.0,5.0
openbci,cross_task,1,stroop_to_arithmetic,arithmetic:s01:r1,extra_trees,0.0,0.4516205008821068,0.5483794991178931,1.0,0.0,152.0,5.0
openbci,cross_task,1,stroop_to_arithmetic,arithmetic:s01:r1,fixed_blend_010,0.0,0.4553413873504235,0.5446586126495765,1.0,0.0,152.0,5.0
openbci,cross_task,1,stroop_to_arithmetic,arithmetic:s01:r1,fixed_blend_025,0.0,0.4614683655194483,0.5385316344805517,1.0,0.0,152.0,5.0
openbci,cross_task,1,stroop_to_arithmetic,arithmetic:s01:r1,rf,0.0,0.4947082211815337,0.5052917788184663,1.0,0.0,152.0,5.0
openbci,cross_task,1,stroop_to_arithmetic,arithmetic:s01:r1,riemann_mdm,0.0,0.7082190122021816,0.2917809877978184,0.0,1.0,152.0,5.0
openbci,cross_task,1,stroop_to_arithmetic,arithmetic:s01:r1,riemann_ts_logreg,0.0,0.13321802499684102,0.866781975003159,1.0,0.0,152.0,5.0
openbci,cross_task,1,stroop_to_arithmetic,arithmetic:s01:r1,stack_recording,0.0,0.5046505258117907,0.4953494741882093,0.0,1.0,152.0,5.0
openbci,cross_task,1,stroop_to_arithmetic,arithmetic:s01:r2,always_fuse,1.0,0.4700694026812307,0.5299305973187693,1.0,1.0,169.0,5.0
openbci,cross_task,1,stroop_to_arithmetic,arithmetic:s01:r2,always_nn,1.0,0.3335324766242613,0.6664675233757388,1.0,1.0,169.0,5.0
openbci,cross_task,1,stroop_to_arithmetic,arithmetic:s01:r2,cbsf,1.0,0.3253105179412419,0.674689482058758,1.0,1.0,169.0,5.0
openbci,cross_task,1,stroop_to_arithmetic,arithmetic:s01:r2,dasf_clean,1.0,0.3335324766242613,0.6664675233757388,1.0,1.0,169.0,5.0
openbci,cross_task,1,stroop_to_arithmetic,arithmetic:s01:r2,eeg_conformer,1.0,0.2656876750839059,0.7343123249160941,1.0,1.0,169.0,5.0
openbci,cross_task,1,stroop_to_arithmetic,arithmetic:s01:r2,eegnet,1.0,0.30549033729958436,0.6945096627004156,1.0,1.0,169.0,5.0
openbci,cross_task,1,stroop_to_arithmetic,arithmetic:s01:r2,equal_blend_050,1.0,0.4157778982844197,0.5842221017155803,1.0,1.0,169.0,5.0
openbci,cross_task,1,stroop_to_arithmetic,arithmetic:s01:r2,extra_trees,1.0,0.410365177296105,0.589634822703895,1.0,1.0,169.0,5.0
openbci,cross_task,1,stroop_to_arithmetic,arithmetic:s01:r2,fixed_blend_010,1.0,0.3460331278681713,0.6539668721318287,1.0,1.0,169.0,5.0
openbci,cross_task,1,stroop_to_arithmetic,arithmetic:s01:r2,fixed_blend_025,1.0,0.3785999148215698,0.6214000851784303,1.0,1.0,169.0,5.0
openbci,cross_task,1,stroop_to_arithmetic,arithmetic:s01:r2,rf,1.0,0.4905929924965743,0.5094070075034258,1.0,1.0,169.0,5.0
openbci,cross_task,1,stroop_to_arithmetic,arithmetic:s01:r2,riemann_mdm,1.0,0.3153518503362821,0.684648149663718,1.0,1.0,169.0,5.0
openbci,cross_task,1,stroop_to_arithmetic,arithmetic:s01:r2,riemann_ts_logreg,1.0,0.3514911501916713,0.6485088498083287,1.0,1.0,169.0,5.0
openbci,cross_task,1,stroop_to_arithmetic,arithmetic:s01:r2,stack_recording,1.0,0.457121075076065,0.542878924923935,1.0,1.0,169.0,5.0
openbci,cross_task,1,stroop_to_arithmetic,arithmetic:s01:r3,always_fuse,1.0,0.4555442150713547,0.5444557849286454,1.0,1.0,218.0,5.0
openbci,cross_task,1,stroop_to_arithmetic,arithmetic:s01:r3,always_nn,1.0,0.0291752164660559,0.970824783533944,1.0,1.0,218.0,5.0
openbci,cross_task,1,stroop_to_arithmetic,arithmetic:s01:r3,cbsf,1.0,0.0299001453879302,0.9700998546120698,1.0,1.0,218.0,5.0
openbci,cross_task,1,stroop_to_arithmetic,arithmetic:s01:r3,dasf_clean,1.0,0.02917521646605596,0.970824783533944,1.0,1.0,218.0,5.0
openbci,cross_task,1,stroop_to_arithmetic,arithmetic:s01:r3,eeg_conformer,1.0,0.13120500347057676,0.8687949965294233,1.0,1.0,218.0,5.0
openbci,cross_task,1,stroop_to_arithmetic,arithmetic:s01:r3,eegnet,1.0,0.17990879407659174,0.8200912059234082,1.0,1.0,218.0,5.0
openbci,cross_task,1,stroop_to_arithmetic,arithmetic:s01:r3,equal_blend_050,1.0,0.3185941417813585,0.6814058582186414,1.0,1.0,218.0,5.0
openbci,cross_task,1,stroop_to_arithmetic,arithmetic:s01:r3,extra_trees,1.0,0.2885199199928092,0.7114800800071907,1.0,1.0,218.0,5.0
openbci,cross_task,1,stroop_to_arithmetic,arithmetic:s01:r3,fixed_blend_010,1.0,0.1513408926286521,0.8486591073713478,1.0,1.0,218.0,5.0
openbci,cross_task,1,stroop_to_arithmetic,arithmetic:s01:r3,fixed_blend_025,1.0,0.2288776734780385,0.7711223265219614,1.0,1.0,218.0,5.0
openbci,cross_task,1,stroop_to_arithmetic,arithmetic:s01:r3,rf,1.0,0.3751168953642305,0.6248831046357695,1.0,1.0,218.0,5.0
openbci,cross_task,1,stroop_to_arithmetic,arithmetic:s01:r3,riemann_mdm,1.0,0.14664812609817127,0.8533518739018289,1.0,1.0,218.0,5.0
openbci,cross_task,1,stroop_to_arithmetic,arithmetic:s01:r3,riemann_ts_logreg,1.0,0.135284806551794,0.864715193448206,1.0,1.0,218.0,5.0
openbci,cross_task,1,stroop_to_arithmetic,arithmetic:s01:r3,stack_recording,1.0,0.3667039789703106,0.6332960210296894,1.0,1.0,218.0,5.0
openbci,cross_task,2,arithmetic_to_stroop,stroop:s02:r0,always_fuse,0.0,0.6217163291839685,0.3782836708160315,0.0,1.0,450.0,5.0
openbci,cross_task,2,arithmetic_to_stroop,stroop:s02:r0,always_nn,0.0,0.9993870595287782,0.0006129404712217,0.0,1.0,450.0,5.0
openbci,cross_task,2,arithmetic_to_stroop,stroop:s02:r0,cbsf,0.0,0.99927119333455,0.00072880666545,0.0,1.0,450.0,5.0
openbci,cross_task,2,arithmetic_to_stroop,stroop:s02:r0,dasf_clean,0.0,0.9993870595287782,0.0006129404712217919,0.0,1.0,450.0,5.0
openbci,cross_task,2,arithmetic_to_stroop,stroop:s02:r0,eeg_conformer,0.0,0.9968504571672019,0.0031495428327980917,0.0,1.0,450.0,5.0
openbci,cross_task,2,arithmetic_to_stroop,stroop:s02:r0,eegnet,0.0,0.9740951495287637,0.02590485047123629,0.0,1.0,450.0,5.0
openbci,cross_task,2,arithmetic_to_stroop,stroop:s02:r0,equal_blend_050,0.0,0.8292292173881671,0.1707707826118328,0.0,1.0,450.0,5.0
openbci,cross_task,2,arithmetic_to_stroop,stroop:s02:r0,extra_trees,0.0,0.9998359737589934,0.0001640262410067,0.0,1.0,450.0,5.0
openbci,cross_task,2,arithmetic_to_stroop,stroop:s02:r0,fixed_blend_010,0.0,0.9623662214832586,0.0376337785167414,0.0,1.0,450.0,5.0
openbci,cross_task,2,arithmetic_to_stroop,stroop:s02:r0,fixed_blend_025,0.0,0.9130047657019746,0.0869952342980253,0.0,1.0,450.0,5.0
openbci,cross_task,2,arithmetic_to_stroop,stroop:s02:r0,rf,0.0,0.999780074535226,0.0002199254647739,0.0,1.0,450.0,5.0
openbci,cross_task,2,arithmetic_to_stroop,stroop:s02:r0,riemann_mdm,0.0,0.7475446872732306,0.2524553127267694,0.0,1.0,450.0,5.0
openbci,cross_task,2,arithmetic_to_stroop,stroop:s02:r0,riemann_ts_logreg,0.0,0.9998735744862457,0.00012642551375427265,0.0,1.0,450.0,5.0
openbci,cross_task,2,arithmetic_to_stroop,stroop:s02:r0,stack_recording,0.0,0.7753746297309974,0.2246253702690026,0.0,1.0,450.0,5.0
openbci,cross_task,2,arithmetic_to_stroop,stroop:s02:r1,always_fuse,0.0,0.4754234306435057,0.5245765693564943,1.0,0.0,95.0,5.0
openbci,cross_task,2,arithmetic_to_stroop,stroop:s02:r1,always_nn,0.0,0.3816925524921039,0.6183074475078961,1.0,0.0,95.0,5.0
openbci,cross_task,2,arithmetic_to_stroop,stroop:s02:r1,cbsf,0.0,0.3817630022812074,0.6182369977187926,1.0,0.0,95.0,5.0
openbci,cross_task,2,arithmetic_to_stroop,stroop:s02:r1,dasf_clean,0.0,0.3816925524921039,0.6183074475078961,1.0,0.0,95.0,5.0
openbci,cross_task,2,arithmetic_to_stroop,stroop:s02:r1,eeg_conformer,0.0,0.5565646363466364,0.44343536365336367,0.0,1.0,95.0,5.0
openbci,cross_task,2,arithmetic_to_stroop,stroop:s02:r1,eegnet,0.0,0.2976111071819629,0.7023888928180372,1.0,0.0,95.0,5.0
openbci,cross_task,2,arithmetic_to_stroop,stroop:s02:r1,equal_blend_050,0.0,0.4512474108587027,0.5487525891412973,1.0,0.0,95.0,5.0
openbci,cross_task,2,arithmetic_to_stroop,stroop:s02:r1,extra_trees,0.0,0.59467076322565,0.4053292367743499,0.0,1.0,95.0,5.0
openbci,cross_task,2,arithmetic_to_stroop,stroop:s02:r1,fixed_blend_010,0.0,0.415143118508383,0.584856881491617,1.0,0.0,95.0,5.0
openbci,cross_task,2,arithmetic_to_stroop,stroop:s02:r1,fixed_blend_025,0.0,0.4331005088356208,0.5668994911643792,1.0,0.0,95.0,5.0
openbci,cross_task,2,arithmetic_to_stroop,stroop:s02:r1,rf,0.0,0.6315163224133548,0.3684836775866453,0.0,1.0,95.0,5.0
openbci,cross_task,2,arithmetic_to_stroop,stroop:s02:r1,riemann_mdm,0.0,0.2777225556447384,0.7222774443552615,1.0,0.0,95.0,5.0
openbci,cross_task,2,arithmetic_to_stroop,stroop:s02:r1,riemann_ts_logreg,0.0,0.0003623177124520427,0.999637682287548,1.0,0.0,95.0,5.0
openbci,cross_task,2,arithmetic_to_stroop,stroop:s02:r1,stack_recording,0.0,0.5017345563473716,0.4982654436526284,0.0,1.0,95.0,5.0
openbci,cross_task,2,arithmetic_to_stroop,stroop:s02:r2,always_fuse,1.0,0.5113217028297723,0.4886782971702276,0.0,0.0,106.0,5.0
openbci,cross_task,2,arithmetic_to_stroop,stroop:s02:r2,always_nn,1.0,0.1663940374529813,0.8336059625470186,1.0,1.0,106.0,5.0
openbci,cross_task,2,arithmetic_to_stroop,stroop:s02:r2,cbsf,1.0,0.166616868912491,0.8333831310875089,1.0,1.0,106.0,5.0
openbci,cross_task,2,arithmetic_to_stroop,stroop:s02:r2,dasf_clean,1.0,0.16639403745298137,0.8336059625470186,1.0,1.0,106.0,5.0
openbci,cross_task,2,arithmetic_to_stroop,stroop:s02:r2,eeg_conformer,1.0,0.14544543091083198,0.854554569089168,1.0,1.0,106.0,5.0
openbci,cross_task,2,arithmetic_to_stroop,stroop:s02:r2,eegnet,1.0,0.19122730971987367,0.8087726902801263,1.0,1.0,106.0,5.0
openbci,cross_task,2,arithmetic_to_stroop,stroop:s02:r2,equal_blend_050,1.0,0.3864107749055316,0.6135892250944682,1.0,1.0,106.0,5.0
openbci,cross_task,2,arithmetic_to_stroop,stroop:s02:r2,extra_trees,1.0,0.4965625121850492,0.5034374878149507,1.0,1.0,106.0,5.0
openbci,cross_task,2,arithmetic_to_stroop,stroop:s02:r2,fixed_blend_010,1.0,0.2509638948133497,0.7490361051866503,1.0,1.0,106.0,5.0
openbci,cross_task,2,arithmetic_to_stroop,stroop:s02:r2,fixed_blend_025,1.0,0.3124316273860075,0.6875683726139925,1.0,1.0,106.0,5.0
openbci,cross_task,2,arithmetic_to_stroop,stroop:s02:r2,rf,1.0,0.499773942422862,0.5002260575771379,1.0,1.0,106.0,5.0
openbci,cross_task,2,arithmetic_to_stroop,stroop:s02:r2,riemann_mdm,1.0,0.2984242886358783,0.7015757113641217,1.0,1.0,106.0,5.0
openbci,cross_task,2,arithmetic_to_stroop,stroop:s02:r2,riemann_ts_logreg,1.0,0.003791048914345648,0.9962089510856543,1.0,1.0,106.0,5.0
openbci,cross_task,2,arithmetic_to_stroop,stroop:s02:r2,stack_recording,1.0,0.4537701801056074,0.5462298198943926,1.0,1.0,106.0,5.0
openbci,cross_task,2,arithmetic_to_stroop,stroop:s02:r3,always_fuse,1.0,0.5412439827436555,0.4587560172563444,0.0,0.0,208.0,5.0
openbci,cross_task,2,arithmetic_to_stroop,stroop:s02:r3,always_nn,1.0,0.0400073503276263,0.9599926496723736,1.0,1.0,208.0,5.0
openbci,cross_task,2,arithmetic_to_stroop,stroop:s02:r3,cbsf,1.0,0.0402585347689265,0.9597414652310734,1.0,1.0,208.0,5.0
openbci,cross_task,2,arithmetic_to_stroop,stroop:s02:r3,dasf_clean,1.0,0.040007350327626305,0.9599926496723737,1.0,1.0,208.0,5.0
openbci,cross_task,2,arithmetic_to_stroop,stroop:s02:r3,eeg_conformer,1.0,0.072259610791563,0.927740389208437,1.0,1.0,208.0,5.0
openbci,cross_task,2,arithmetic_to_stroop,stroop:s02:r3,eegnet,1.0,0.24194568351101328,0.7580543164889867,1.0,1.0,208.0,5.0
openbci,cross_task,2,arithmetic_to_stroop,stroop:s02:r3,equal_blend_050,1.0,0.3397562299666129,0.6602437700333871,1.0,1.0,208.0,5.0
openbci,cross_task,2,arithmetic_to_stroop,stroop:s02:r3,extra_trees,1.0,0.3842149957732419,0.6157850042267581,1.0,1.0,208.0,5.0
openbci,cross_task,2,arithmetic_to_stroop,stroop:s02:r3,fixed_blend_010,1.0,0.1398482083239928,0.8601517916760071,1.0,1.0,208.0,5.0
openbci,cross_task,2,arithmetic_to_stroop,stroop:s02:r3,fixed_blend_025,1.0,0.2259030668481467,0.7740969331518532,1.0,1.0,208.0,5.0
openbci,cross_task,2,arithmetic_to_stroop,stroop:s02:r3,rf,1.0,0.3647273606221028,0.6352726393778971,1.0,1.0,208.0,5.0
openbci,cross_task,2,arithmetic_to_stroop,stroop:s02:r3,riemann_mdm,1.0,0.2424992061682157,0.7575007938317844,1.0,1.0,208.0,5.0
openbci,cross_task,2,arithmetic_to_stroop,stroop:s02:r3,riemann_ts_logreg,1.0,0.0003222499407799445,0.99967775005922,1.0,1.0,208.0,5.0
openbci,cross_task,2,arithmetic_to_stroop,stroop:s02:r3,stack_recording,1.0,0.3901015240839126,0.6098984759160874,1.0,1.0,208.0,5.0
openbci,cross_task,2,stroop_to_arithmetic,arithmetic:s02:r0,always_fuse,0.0,0.8494023698746334,0.1505976301253666,0.0,1.0,450.0,5.0
openbci,cross_task,2,stroop_to_arithmetic,arithmetic:s02:r0,always_nn,0.0,0.9999999973926132,2.6073867767169315e-09,0.0,1.0,450.0,5.0
openbci,cross_task,2,stroop_to_arithmetic,arithmetic:s02:r0,cbsf,0.0,0.9996963402465348,0.0003036597534651,0.0,1.0,450.0,5.0
openbci,cross_task,2,stroop_to_arithmetic,arithmetic:s02:r0,dasf_clean,0.0,0.9999999973926132,2.6073867767169315e-09,0.0,1.0,450.0,5.0
openbci,cross_task,2,stroop_to_arithmetic,arithmetic:s02:r0,eeg_conformer,0.0,0.9983200455020342,0.0016799544979658617,0.0,1.0,450.0,5.0
openbci,cross_task,2,stroop_to_arithmetic,arithmetic:s02:r0,eegnet,0.0,0.9768277648455561,0.023172235154443832,0.0,1.0,450.0,5.0
openbci,cross_task,2,stroop_to_arithmetic,arithmetic:s02:r0,equal_blend_050,0.0,0.9253603621355824,0.0746396378644177,0.0,1.0,450.0,5.0
openbci,cross_task,2,stroop_to_arithmetic,arithmetic:s02:r0,extra_trees,0.0,0.9996413441044206,0.0003586558955793,0.0,1.0,450.0,5.0
openbci,cross_task,2,stroop_to_arithmetic,arithmetic:s02:r0,fixed_blend_010,0.0,0.985154910703978,0.0148450892960221,0.0,1.0,450.0,5.0
openbci,cross_task,2,stroop_to_arithmetic,arithmetic:s02:r0,fixed_blend_025,0.0,0.9628198981226442,0.0371801018773557,0.0,1.0,450.0,5.0
openbci,cross_task,2,stroop_to_arithmetic,arithmetic:s02:r0,rf,0.0,0.9999920837636256,7.916236374371499e-06,0.0,1.0,450.0,5.0
openbci,cross_task,2,stroop_to_arithmetic,arithmetic:s02:r0,riemann_mdm,0.0,0.8538055203348079,0.14619447966519214,0.0,1.0,450.0,5.0
openbci,cross_task,2,stroop_to_arithmetic,arithmetic:s02:r0,riemann_ts_logreg,0.0,0.9980632394621077,0.0019367605378922447,0.0,1.0,450.0,5.0
openbci,cross_task,2,stroop_to_arithmetic,arithmetic:s02:r0,stack_recording,0.0,0.8533752098571732,0.1466247901428267,0.0,1.0,450.0,5.0
openbci,cross_task,2,stroop_to_arithmetic,arithmetic:s02:r1,always_fuse,0.0,0.5451733725468744,0.4548266274531257,0.0,1.0,132.0,5.0
openbci,cross_task,2,stroop_to_arithmetic,arithmetic:s02:r1,always_nn,0.0,0.0045849434908128,0.995415056509187,1.0,0.0,132.0,5.0
openbci,cross_task,2,stroop_to_arithmetic,arithmetic:s02:r1,cbsf,0.0,0.0219326067861431,0.9780673932138568,1.0,0.0,132.0,5.0
openbci,cross_task,2,stroop_to_arithmetic,arithmetic:s02:r1,dasf_clean,0.0,0.004584943490812861,0.995415056509187,1.0,0.0,132.0,5.0
openbci,cross_task,2,stroop_to_arithmetic,arithmetic:s02:r1,eeg_conformer,0.0,0.0725670921584631,0.9274329078415369,1.0,0.0,132.0,5.0
openbci,cross_task,2,stroop_to_arithmetic,arithmetic:s02:r1,eegnet,0.0,0.17978068592190624,0.8202193140780938,1.0,0.0,132.0,5.0
openbci,cross_task,2,stroop_to_arithmetic,arithmetic:s02:r1,equal_blend_050,0.0,0.3756742031427751,0.6243257968572249,1.0,0.0,132.0,5.0
openbci,cross_task,2,stroop_to_arithmetic,arithmetic:s02:r1,extra_trees,0.0,0.445567331149907,0.554432668850093,1.0,0.0,132.0,5.0
openbci,cross_task,2,stroop_to_arithmetic,arithmetic:s02:r1,fixed_blend_010,0.0,0.1648686925409185,0.8351313074590816,1.0,0.0,132.0,5.0
openbci,cross_task,2,stroop_to_arithmetic,arithmetic:s02:r1,fixed_blend_025,0.0,0.2646544715889807,0.7353455284110193,1.0,0.0,132.0,5.0
openbci,cross_task,2,stroop_to_arithmetic,arithmetic:s02:r1,rf,0.0,0.4832302203452857,0.5167697796547143,1.0,0.0,132.0,5.0
openbci,cross_task,2,stroop_to_arithmetic,arithmetic:s02:r1,riemann_mdm,0.0,0.3068357882290803,0.6931642117709197,1.0,0.0,132.0,5.0
openbci,cross_task,2,stroop_to_arithmetic,arithmetic:s02:r1,riemann_ts_logreg,0.0,0.4847635686725421,0.5152364313274579,1.0,0.0,132.0,5.0
openbci,cross_task,2,stroop_to_arithmetic,arithmetic:s02:r1,stack_recording,0.0,0.2886310495553781,0.7113689504446219,1.0,0.0,132.0,5.0
openbci,cross_task,2,stroop_to_arithmetic,arithmetic:s02:r2,always_fuse,1.0,0.5259485724043614,0.4740514275956385,0.0,0.0,136.0,5.0
openbci,cross_task,2,stroop_to_arithmetic,arithmetic:s02:r2,always_nn,1.0,0.0134547055083456,0.9865452944916544,1.0,1.0,136.0,5.0
openbci,cross_task,2,stroop_to_arithmetic,arithmetic:s02:r2,cbsf,1.0,0.0433181574555679,0.956681842544432,1.0,1.0,136.0,5.0
openbci,cross_task,2,stroop_to_arithmetic,arithmetic:s02:r2,dasf_clean,1.0,0.013454705508345663,0.9865452944916543,1.0,1.0,136.0,5.0
openbci,cross_task,2,stroop_to_arithmetic,arithmetic:s02:r2,eeg_conformer,1.0,0.11615127380514292,0.8838487261948571,1.0,1.0,136.0,5.0
openbci,cross_task,2,stroop_to_arithmetic,arithmetic:s02:r2,eegnet,1.0,0.27231456072474586,0.7276854392752541,1.0,1.0,136.0,5.0
openbci,cross_task,2,stroop_to_arithmetic,arithmetic:s02:r2,equal_blend_050,1.0,0.3824306777312616,0.6175693222687384,1.0,1.0,136.0,5.0
openbci,cross_task,2,stroop_to_arithmetic,arithmetic:s02:r2,extra_trees,1.0,0.3659100337122935,0.6340899662877064,1.0,1.0,136.0,5.0
openbci,cross_task,2,stroop_to_arithmetic,arithmetic:s02:r2,fixed_blend_010,1.0,0.1970717680193937,0.8029282319806063,1.0,1.0,136.0,5.0
openbci,cross_task,2,stroop_to_arithmetic,arithmetic:s02:r2,fixed_blend_025,1.0,0.2863426168788163,0.7136573831211838,1.0,1.0,136.0,5.0
openbci,cross_task,2,stroop_to_arithmetic,arithmetic:s02:r2,rf,1.0,0.4096470440078513,0.5903529559921488,1.0,1.0,136.0,5.0
openbci,cross_task,2,stroop_to_arithmetic,arithmetic:s02:r2,riemann_mdm,1.0,0.25668600979123796,0.743313990208762,1.0,1.0,136.0,5.0
openbci,cross_task,2,stroop_to_arithmetic,arithmetic:s02:r2,riemann_ts_logreg,1.0,0.18810734720508995,0.81189265279491,1.0,1.0,136.0,5.0
openbci,cross_task,2,stroop_to_arithmetic,arithmetic:s02:r2,stack_recording,1.0,0.3227419852892798,0.6772580147107202,1.0,1.0,136.0,5.0
openbci,cross_task,2,stroop_to_arithmetic,arithmetic:s02:r3,always_fuse,1.0,0.5920933048166576,0.4079066951833425,0.0,0.0,270.0,5.0
openbci,cross_task,2,stroop_to_arithmetic,arithmetic:s02:r3,always_nn,1.0,0.0884722206083055,0.9115277793916944,1.0,1.0,270.0,5.0
openbci,cross_task,2,stroop_to_arithmetic,arithmetic:s02:r3,cbsf,1.0,0.1552241734320498,0.8447758265679501,1.0,1.0,270.0,5.0
openbci,cross_task,2,stroop_to_arithmetic,arithmetic:s02:r3,dasf_clean,1.0,0.08847222060830556,0.9115277793916945,1.0,1.0,270.0,5.0
openbci,cross_task,2,stroop_to_arithmetic,arithmetic:s02:r3,eeg_conformer,1.0,0.13522935084016144,0.8647706491598386,1.0,1.0,270.0,5.0
openbci,cross_task,2,stroop_to_arithmetic,arithmetic:s02:r3,eegnet,1.0,0.1678167208468442,0.8321832791531557,1.0,1.0,270.0,5.0
openbci,cross_task,2,stroop_to_arithmetic,arithmetic:s02:r3,equal_blend_050,1.0,0.4826149963876806,0.5173850036123193,1.0,1.0,270.0,5.0
openbci,cross_task,2,stroop_to_arithmetic,arithmetic:s02:r3,extra_trees,1.0,0.5183571228867936,0.4816428771132064,0.0,0.0,270.0,5.0
openbci,cross_task,2,stroop_to_arithmetic,arithmetic:s02:r3,fixed_blend_010,1.0,0.3376603962428561,0.6623396037571438,1.0,1.0,270.0,5.0
openbci,cross_task,2,stroop_to_arithmetic,arithmetic:s02:r3,fixed_blend_025,1.0,0.4108391337569704,0.5891608662430297,1.0,1.0,270.0,5.0
openbci,cross_task,2,stroop_to_arithmetic,arithmetic:s02:r3,rf,1.0,0.6307747051284484,0.3692252948715517,0.0,0.0,270.0,5.0
openbci,cross_task,2,stroop_to_arithmetic,arithmetic:s02:r3,riemann_mdm,1.0,0.419688104417391,0.580311895582609,1.0,1.0,270.0,5.0
openbci,cross_task,2,stroop_to_arithmetic,arithmetic:s02:r3,riemann_ts_logreg,1.0,0.1524873266209055,0.8475126733790945,1.0,1.0,270.0,5.0
openbci,cross_task,2,stroop_to_arithmetic,arithmetic:s02:r3,stack_recording,1.0,0.3832517739469452,0.6167482260530548,1.0,1.0,270.0,5.0
openbci,cross_task,3,arithmetic_to_stroop,stroop:s03:r0,always_fuse,0.0,6.497540554437825e-05,0.9999350245944556,1.0,0.0,181.0,5.0
openbci,cross_task,3,arithmetic_to_stroop,stroop:s03:r0,always_nn,0.0,0.9993361674651232,0.0006638325348769,0.0,1.0,181.0,5.0
openbci,cross_task,3,arithmetic_to_stroop,stroop:s03:r0,cbsf,0.0,0.9992103012753636,0.0007896987246362,0.0,1.0,181.0,5.0
openbci,cross_task,3,arithmetic_to_stroop,stroop:s03:r0,dasf_clean,0.0,0.9993361674651231,0.0006638325348769617,0.0,1.0,181.0,5.0
openbci,cross_task,3,arithmetic_to_stroop,stroop:s03:r0,eeg_conformer,0.0,0.9894865113917907,0.010513488608209361,0.0,1.0,181.0,5.0
openbci,cross_task,3,arithmetic_to_stroop,stroop:s03:r0,eegnet,0.0,0.9861771111781087,0.013822888821891264,0.0,1.0,181.0,5.0
openbci,cross_task,3,arithmetic_to_stroop,stroop:s03:r0,equal_blend_050,0.0,0.5032829394365061,0.4967170605634938,0.0,1.0,181.0,5.0
openbci,cross_task,3,arithmetic_to_stroop,stroop:s03:r0,extra_trees,0.0,0.9999973297031312,2.670296868867971e-06,0.0,1.0,181.0,5.0
openbci,cross_task,3,arithmetic_to_stroop,stroop:s03:r0,fixed_blend_010,0.0,0.8963612199960631,0.1036387800039368,0.0,1.0,181.0,5.0
openbci,cross_task,3,arithmetic_to_stroop,stroop:s03:r0,fixed_blend_025,0.0,0.7487514824178075,0.2512485175821924,0.0,1.0,181.0,5.0
openbci,cross_task,3,arithmetic_to_stroop,stroop:s03:r0,rf,0.0,0.9999685984854702,3.1401514529783946e-05,0.0,1.0,181.0,5.0
openbci,cross_task,3,arithmetic_to_stroop,stroop:s03:r0,riemann_mdm,0.0,0.8368026772214749,0.163197322778525,0.0,1.0,181.0,5.0
openbci,cross_task,3,arithmetic_to_stroop,stroop:s03:r0,riemann_ts_logreg,0.0,0.999492705258127,0.0005072947418730612,0.0,1.0,181.0,5.0
openbci,cross_task,3,arithmetic_to_stroop,stroop:s03:r0,stack_recording,0.0,0.8619781887584512,0.1380218112415487,0.0,1.0,181.0,5.0
openbci,cross_task,3,arithmetic_to_stroop,stroop:s03:r1,always_fuse,0.0,0.6434419558274149,0.3565580441725851,0.0,1.0,127.0,5.0
openbci,cross_task,3,arithmetic_to_stroop,stroop:s03:r1,always_nn,0.0,0.8341425767384946,0.1658574232615055,0.0,1.0,127.0,5.0
openbci,cross_task,3,arithmetic_to_stroop,stroop:s03:r1,cbsf,0.0,0.8341293184316884,0.1658706815683117,0.0,1.0,127.0,5.0
openbci,cross_task,3,arithmetic_to_stroop,stroop:s03:r1,dasf_clean,0.0,0.8341425767384946,0.1658574232615055,0.0,1.0,127.0,5.0
openbci,cross_task,3,arithmetic_to_stroop,stroop:s03:r1,eeg_conformer,0.0,0.04863955383526086,0.9513604461647391,1.0,0.0,127.0,5.0
openbci,cross_task,3,arithmetic_to_stroop,stroop:s03:r1,eegnet,0.0,0.1022429528647071,0.8977570471352929,1.0,0.0,127.0,5.0
openbci,cross_task,3,arithmetic_to_stroop,stroop:s03:r1,equal_blend_050,0.0,0.7280916766663315,0.2719083233336685,0.0,1.0,127.0,5.0
openbci,cross_task,3,arithmetic_to_stroop,stroop:s03:r1,extra_trees,0.0,0.5066836536559957,0.4933163463440043,0.0,1.0,127.0,5.0
openbci,cross_task,3,arithmetic_to_stroop,stroop:s03:r1,fixed_blend_010,0.0,0.8082363449929704,0.1917636550070296,0.0,1.0,127.0,5.0
openbci,cross_task,3,arithmetic_to_stroop,stroop:s03:r1,fixed_blend_025,0.0,0.7755969441643171,0.2244030558356828,0.0,1.0,127.0,5.0
openbci,cross_task,3,arithmetic_to_stroop,stroop:s03:r1,rf,0.0,0.4412265490856262,0.5587734509143737,1.0,0.0,127.0,5.0
openbci,cross_task,3,arithmetic_to_stroop,stroop:s03:r1,riemann_mdm,0.0,0.5289358990076132,0.4710641009923868,0.0,1.0,127.0,5.0
openbci,cross_task,3,arithmetic_to_stroop,stroop:s03:r1,riemann_ts_logreg,0.0,0.9133233524849327,0.08667664751506723,0.0,1.0,127.0,5.0
openbci,cross_task,3,arithmetic_to_stroop,stroop:s03:r1,stack_recording,0.0,0.5846127208879774,0.4153872791120225,0.0,1.0,127.0,5.0
openbci,cross_task,3,arithmetic_to_stroop,stroop:s03:r2,always_fuse,1.0,0.6332929213337721,0.3667070786662278,0.0,0.0,102.0,5.0
openbci,cross_task,3,arithmetic_to_stroop,stroop:s03:r2,always_nn,1.0,0.4392632352485706,0.5607367647514294,1.0,1.0,102.0,5.0
openbci,cross_task,3,arithmetic_to_stroop,stroop:s03:r2,cbsf,1.0,0.4392760340430106,0.5607239659569894,1.0,1.0,102.0,5.0
openbci,cross_task,3,arithmetic_to_stroop,stroop:s03:r2,dasf_clean,1.0,0.4392632352485706,0.5607367647514294,1.0,1.0,102.0,5.0
openbci,cross_task,3,arithmetic_to_stroop,stroop:s03:r2,eeg_conformer,1.0,0.08096464460024896,0.919035355399751,1.0,1.0,102.0,5.0
openbci,cross_task,3,arithmetic_to_stroop,stroop:s03:r2,eegnet,1.0,0.2846527642947824,0.7153472357052176,1.0,1.0,102.0,5.0
openbci,cross_task,3,arithmetic_to_stroop,stroop:s03:r2,equal_blend_050,1.0,0.54276104100165,0.4572389589983499,0.0,0.0,102.0,5.0
openbci,cross_task,3,arithmetic_to_stroop,stroop:s03:r2,extra_trees,1.0,0.3215567393786732,0.6784432606213268,1.0,1.0,102.0,5.0
openbci,cross_task,3,arithmetic_to_stroop,stroop:s03:r2,fixed_blend_010,1.0,0.4646136021011005,0.5353863978988995,1.0,1.0,102.0,5.0
openbci,cross_task,3,arithmetic_to_stroop,stroop:s03:r2,fixed_blend_025,1.0,0.4964190291720614,0.5035809708279385,1.0,1.0,102.0,5.0
openbci,cross_task,3,arithmetic_to_stroop,stroop:s03:r2,rf,1.0,0.2813474732114721,0.718652526788528,1.0,1.0,102.0,5.0
openbci,cross_task,3,arithmetic_to_stroop,stroop:s03:r2,riemann_mdm,1.0,0.46589734013247064,0.5341026598675294,1.0,1.0,102.0,5.0
openbci,cross_task,3,arithmetic_to_stroop,stroop:s03:r2,riemann_ts_logreg,1.0,0.5676802991982834,0.4323197008017166,0.0,0.0,102.0,5.0
openbci,cross_task,3,arithmetic_to_stroop,stroop:s03:r2,stack_recording,1.0,0.5101916233115464,0.4898083766884536,0.0,0.0,102.0,5.0
openbci,cross_task,3,arithmetic_to_stroop,stroop:s03:r3,always_fuse,1.0,0.5917594455426216,0.4082405544573784,0.0,0.0,160.0,5.0
openbci,cross_task,3,arithmetic_to_stroop,stroop:s03:r3,always_nn,1.0,0.2532127052363873,0.7467872947636127,1.0,1.0,160.0,5.0
openbci,cross_task,3,arithmetic_to_stroop,stroop:s03:r3,cbsf,1.0,0.2532644343946817,0.7467355656053182,1.0,1.0,160.0,5.0
openbci,cross_task,3,arithmetic_to_stroop,stroop:s03:r3,dasf_clean,1.0,0.25321270523638734,0.7467872947636127,1.0,1.0,160.0,5.0
openbci,cross_task,3,arithmetic_to_stroop,stroop:s03:r3,eeg_conformer,1.0,0.04019876039108884,0.9598012396089111,1.0,1.0,160.0,5.0
openbci,cross_task,3,arithmetic_to_stroop,stroop:s03:r3,eegnet,1.0,0.12750231879443644,0.8724976812055635,1.0,1.0,160.0,5.0
openbci,cross_task,3,arithmetic_to_stroop,stroop:s03:r3,equal_blend_050,1.0,0.4623082720712619,0.537691727928738,1.0,1.0,160.0,5.0
openbci,cross_task,3,arithmetic_to_stroop,stroop:s03:r3,extra_trees,1.0,0.273500871125468,0.726499128874532,1.0,1.0,160.0,5.0
openbci,cross_task,3,arithmetic_to_stroop,stroop:s03:r3,fixed_blend_010,1.0,0.3233937233192079,0.676606276680792,1.0,1.0,160.0,5.0
openbci,cross_task,3,arithmetic_to_stroop,stroop:s03:r3,fixed_blend_025,1.0,0.385926421224509,0.614073578775491,1.0,1.0,160.0,5.0
openbci,cross_task,3,arithmetic_to_stroop,stroop:s03:r3,rf,1.0,0.2734213010059738,0.7265786989940263,1.0,1.0,160.0,5.0
openbci,cross_task,3,arithmetic_to_stroop,stroop:s03:r3,riemann_mdm,1.0,0.47047219455455347,0.5295278054454465,1.0,1.0,160.0,5.0
openbci,cross_task,3,arithmetic_to_stroop,stroop:s03:r3,riemann_ts_logreg,1.0,0.14750174518441034,0.8524982548155897,1.0,1.0,160.0,5.0
openbci,cross_task,3,arithmetic_to_stroop,stroop:s03:r3,stack_recording,1.0,0.4784459609063225,0.5215540390936775,1.0,1.0,160.0,5.0
openbci,cross_task,3,stroop_to_arithmetic,arithmetic:s03:r0,always_fuse,0.0,0.999999999958712,4.128804936740613e-11,0.0,1.0,181.0,5.0
openbci,cross_task,3,stroop_to_arithmetic,arithmetic:s03:r0,always_nn,0.0,0.9999999973242144,2.6757854373084203e-09,0.0,1.0,181.0,5.0
openbci,cross_task,3,stroop_to_arithmetic,arithmetic:s03:r0,cbsf,0.0,0.9999999988639152,1.1360846841094995e-09,0.0,1.0,181.0,5.0
openbci,cross_task,3,stroop_to_arithmetic,arithmetic:s03:r0,dasf_clean,0.0,0.9999999999587119,4.128804936740613e-11,0.0,1.0,181.0,5.0
openbci,cross_task,3,stroop_to_arithmetic,arithmetic:s03:r0,eeg_conformer,0.0,0.9623776091044659,0.03762239089553414,0.0,1.0,181.0,5.0
openbci,cross_task,3,stroop_to_arithmetic,arithmetic:s03:r0,eegnet,0.0,0.9644741026571477,0.035525897342852227,0.0,1.0,181.0,5.0
openbci,cross_task,3,stroop_to_arithmetic,arithmetic:s03:r0,equal_blend_050,0.0,0.9999999981654472,1.834552823463792e-09,0.0,1.0,181.0,5.0
openbci,cross_task,3,stroop_to_arithmetic,arithmetic:s03:r0,extra_trees,0.0,0.9999780912372646,2.1908762735475668e-05,0.0,1.0,181.0,5.0
openbci,cross_task,3,stroop_to_arithmetic,arithmetic:s03:r0,fixed_blend_010,0.0,0.9999999973524262,2.647573815675009e-09,0.0,1.0,181.0,5.0
openbci,cross_task,3,stroop_to_arithmetic,arithmetic:s03:r0,fixed_blend_025,0.0,0.999999997603652,2.396347853747682e-09,0.0,1.0,181.0,5.0
openbci,cross_task,3,stroop_to_arithmetic,arithmetic:s03:r0,rf,0.0,0.9999927889543844,7.211045615688886e-06,0.0,1.0,181.0,5.0
openbci,cross_task,3,stroop_to_arithmetic,arithmetic:s03:r0,riemann_mdm,0.0,0.6739055329893738,0.3260944670106262,0.0,1.0,181.0,5.0
openbci,cross_task,3,stroop_to_arithmetic,arithmetic:s03:r0,riemann_ts_logreg,0.0,0.9987840055390236,0.0012159944609763317,0.0,1.0,181.0,5.0
openbci,cross_task,3,stroop_to_arithmetic,arithmetic:s03:r0,stack_recording,0.0,0.7940043187901757,0.2059956812098242,0.0,1.0,181.0,5.0
openbci,cross_task,3,stroop_to_arithmetic,arithmetic:s03:r1,always_fuse,0.0,0.0001756130057761,0.9998243869942236,1.0,0.0,91.0,5.0
openbci,cross_task,3,stroop_to_arithmetic,arithmetic:s03:r1,always_nn,0.0,3.0078129023913955e-10,0.9999999996992188,1.0,0.0,91.0,5.0
openbci,cross_task,3,stroop_to_arithmetic,arithmetic:s03:r1,cbsf,0.0,0.0001014320557709,0.999898567944229,1.0,0.0,91.0,5.0
openbci,cross_task,3,stroop_to_arithmetic,arithmetic:s03:r1,dasf_clean,0.0,0.000175613005776193,0.9998243869942237,1.0,0.0,91.0,5.0
openbci,cross_task,3,stroop_to_arithmetic,arithmetic:s03:r1,eeg_conformer,0.0,0.31531789029630614,0.6846821097036939,1.0,0.0,91.0,5.0
openbci,cross_task,3,stroop_to_arithmetic,arithmetic:s03:r1,eegnet,0.0,0.3702561477646246,0.6297438522353753,1.0,0.0,91.0,5.0
openbci,cross_task,3,stroop_to_arithmetic,arithmetic:s03:r1,equal_blend_050,0.0,6.429356425696863e-05,0.999935706435743,1.0,0.0,91.0,5.0
openbci,cross_task,3,stroop_to_arithmetic,arithmetic:s03:r1,extra_trees,0.0,0.0431761384422152,0.9568238615577848,1.0,0.0,91.0,5.0
openbci,cross_task,3,stroop_to_arithmetic,arithmetic:s03:r1,fixed_blend_010,0.0,1.2442465115800692e-05,0.9999875575348842,1.0,0.0,91.0,5.0
openbci,cross_task,3,stroop_to_arithmetic,arithmetic:s03:r1,fixed_blend_025,0.0,3.124844609858106e-05,0.9999687515539014,1.0,0.0,91.0,5.0
openbci,cross_task,3,stroop_to_arithmetic,arithmetic:s03:r1,rf,0.0,0.0160990288750735,0.9839009711249264,1.0,0.0,91.0,5.0
openbci,cross_task,3,stroop_to_arithmetic,arithmetic:s03:r1,riemann_mdm,0.0,0.3361640525501735,0.6638359474498265,1.0,0.0,91.0,5.0
openbci,cross_task,3,stroop_to_arithmetic,arithmetic:s03:r1,riemann_ts_logreg,0.0,0.004683185819669408,0.9953168141803306,1.0,0.0,91.0,5.0
openbci,cross_task,3,stroop_to_arithmetic,arithmetic:s03:r1,stack_recording,0.0,0.1266412903390743,0.8733587096609257,1.0,0.0,91.0,5.0
openbci,cross_task,3,stroop_to_arithmetic,arithmetic:s03:r2,always_fuse,1.0,0.010151747343468,0.989848252656532,1.0,1.0,137.0,5.0
openbci,cross_task,3,stroop_to_arithmetic,arithmetic:s03:r2,always_nn,1.0,2.9201676865272937e-08,0.9999999707983231,1.0,1.0,137.0,5.0
openbci,cross_task,3,stroop_to_arithmetic,arithmetic:s03:r2,cbsf,1.0,0.0029125366083331,0.9970874633916668,1.0,1.0,137.0,5.0
openbci,cross_task,3,stroop_to_arithmetic,arithmetic:s03:r2,dasf_clean,1.0,0.010151747343468095,0.989848252656532,1.0,1.0,137.0,5.0
openbci,cross_task,3,stroop_to_arithmetic,arithmetic:s03:r2,eeg_conformer,1.0,0.385067756189772,0.6149322438102279,1.0,1.0,137.0,5.0
openbci,cross_task,3,stroop_to_arithmetic,arithmetic:s03:r2,eegnet,1.0,0.21123569498401357,0.7887643050159865,1.0,1.0,137.0,5.0
openbci,cross_task,3,stroop_to_arithmetic,arithmetic:s03:r2,equal_blend_050,1.0,0.0018084111905731,0.9981915888094268,1.0,1.0,137.0,5.0
openbci,cross_task,3,stroop_to_arithmetic,arithmetic:s03:r2,extra_trees,1.0,0.1367032679272975,0.8632967320727024,1.0,1.0,137.0,5.0
openbci,cross_task,3,stroop_to_arithmetic,arithmetic:s03:r2,fixed_blend_010,1.0,0.0003946896963475,0.9996053103036524,1.0,1.0,137.0,5.0
openbci,cross_task,3,stroop_to_arithmetic,arithmetic:s03:r2,fixed_blend_025,1.0,0.0009119390935357,0.9990880609064642,1.0,1.0,137.0,5.0
openbci,cross_task,3,stroop_to_arithmetic,arithmetic:s03:r2,rf,1.0,0.0711985167366208,0.9288014832633792,1.0,1.0,137.0,5.0
openbci,cross_task,3,stroop_to_arithmetic,arithmetic:s03:r2,riemann_mdm,1.0,0.21207978094420957,0.7879202190557905,1.0,1.0,137.0,5.0
openbci,cross_task,3,stroop_to_arithmetic,arithmetic:s03:r2,riemann_ts_logreg,1.0,0.000908238018854883,0.9990917619811451,1.0,1.0,137.0,5.0
openbci,cross_task,3,stroop_to_arithmetic,arithmetic:s03:r2,stack_recording,1.0,0.107944759277094,0.892055240722906,1.0,1.0,137.0,5.0
openbci,cross_task,3,stroop_to_arithmetic,arithmetic:s03:r3,always_fuse,1.0,6.679510810460444e-05,0.9999332048918952,1.0,1.0,160.0,5.0
openbci,cross_task,3,stroop_to_arithmetic,arithmetic:s03:r3,always_nn,1.0,3.1713123648909927e-10,0.9999999996828688,1.0,1.0,160.0,5.0
openbci,cross_task,3,stroop_to_arithmetic,arithmetic:s03:r3,cbsf,1.0,3.341899746034577e-05,0.9999665810025395,1.0,1.0,160.0,5.0
openbci,cross_task,3,stroop_to_arithmetic,arithmetic:s03:r3,dasf_clean,1.0,6.679510810460444e-05,0.9999332048918953,1.0,1.0,160.0,5.0
openbci,cross_task,3,stroop_to_arithmetic,arithmetic:s03:r3,eeg_conformer,1.0,0.3080663975155563,0.6919336024844437,1.0,1.0,160.0,5.0
openbci,cross_task,3,stroop_to_arithmetic,arithmetic:s03:r3,eegnet,1.0,0.30359051807081905,0.696409481929181,1.0,1.0,160.0,5.0
openbci,cross_task,3,stroop_to_arithmetic,arithmetic:s03:r3,equal_blend_050,1.0,2.151375811856442e-05,0.9999784862418816,1.0,1.0,160.0,5.0
openbci,cross_task,3,stroop_to_arithmetic,arithmetic:s03:r3,extra_trees,1.0,0.0357450987865518,0.964254901213448,1.0,1.0,160.0,5.0
openbci,cross_task,3,stroop_to_arithmetic,arithmetic:s03:r3,fixed_blend_010,1.0,4.78518469412557e-06,0.9999952148153058,1.0,1.0,160.0,5.0
openbci,cross_task,3,stroop_to_arithmetic,arithmetic:s03:r3,fixed_blend_025,1.0,1.1048341758886395e-05,0.9999889516582412,1.0,1.0,160.0,5.0
openbci,cross_task,3,stroop_to_arithmetic,arithmetic:s03:r3,rf,1.0,0.0012991944441619,0.998700805555838,1.0,1.0,160.0,5.0
openbci,cross_task,3,stroop_to_arithmetic,arithmetic:s03:r3,riemann_mdm,1.0,0.35927634606765246,0.6407236539323476,1.0,1.0,160.0,5.0
openbci,cross_task,3,stroop_to_arithmetic,arithmetic:s03:r3,riemann_ts_logreg,1.0,0.0037363716664893607,0.9962636283335107,1.0,1.0,160.0,5.0
openbci,cross_task,3,stroop_to_arithmetic,arithmetic:s03:r3,stack_recording,1.0,0.1314746329388142,0.8685253670611858,1.0,1.0,160.0,5.0
openbci,cross_task,4,arithmetic_to_stroop,stroop:s04:r0,always_fuse,0.0,0.9999834981849997,1.650181500040151e-05,0.0,1.0,116.0,5.0
openbci,cross_task,4,arithmetic_to_stroop,stroop:s04:r0,always_nn,0.0,0.9952249777389414,0.0047750222610587,0.0,1.0,116.0,5.0
openbci,cross_task,4,arithmetic_to_stroop,stroop:s04:r0,cbsf,0.0,0.9990252821157828,0.000974717884217,0.0,1.0,116.0,5.0
openbci,cross_task,4,arithmetic_to_stroop,stroop:s04:r0,dasf_clean,0.0,0.9999834981849997,1.650181500040151e-05,0.0,1.0,116.0,5.0
openbci,cross_task,4,arithmetic_to_stroop,stroop:s04:r0,eeg_conformer,0.0,0.9982689547319572,0.0017310452680427528,0.0,1.0,116.0,5.0
openbci,cross_task,4,arithmetic_to_stroop,stroop:s04:r0,eegnet,0.0,0.9999988192006388,1.1807993611657645e-06,0.0,1.0,116.0,5.0
openbci,cross_task,4,arithmetic_to_stroop,stroop:s04:r0,equal_blend_050,0.0,0.9976205263603104,0.0023794736396896,0.0,1.0,116.0,5.0
openbci,cross_task,4,arithmetic_to_stroop,stroop:s04:r0,extra_trees,0.0,0.9999992750246596,7.249753402966276e-07,0.0,1.0,116.0,5.0
openbci,cross_task,4,arithmetic_to_stroop,stroop:s04:r0,fixed_blend_010,0.0,0.9957082510051398,0.0042917489948601,0.0,1.0,116.0,5.0
openbci,cross_task,4,arithmetic_to_stroop,stroop:s04:r0,fixed_blend_025,0.0,0.9964290207642922,0.0035709792357079,0.0,1.0,116.0,5.0
openbci,cross_task,4,arithmetic_to_stroop,stroop:s04:r0,rf,0.0,0.9990667553147202,0.0009332446852797,0.0,1.0,116.0,5.0
openbci,cross_task,4,arithmetic_to_stroop,stroop:s04:r0,riemann_mdm,0.0,0.03529833173174969,0.9647016682682502,1.0,0.0,116.0,5.0
openbci,cross_task,4,arithmetic_to_stroop,stroop:s04:r0,riemann_ts_logreg,0.0,0.9901550013885936,0.00984499861140642,0.0,1.0,116.0,5.0
openbci,cross_task,4,arithmetic_to_stroop,stroop:s04:r0,stack_recording,0.0,0.3825312042516726,0.6174687957483274,1.0,0.0,116.0,5.0
openbci,cross_task,4,arithmetic_to_stroop,stroop:s04:r1,always_fuse,0.0,0.000220428387777,0.999779571612223,1.0,0.0,89.0,5.0
openbci,cross_task,4,arithmetic_to_stroop,stroop:s04:r1,always_nn,0.0,7.354014433152642e-06,0.9999926459855668,1.0,0.0,89.0,5.0
openbci,cross_task,4,arithmetic_to_stroop,stroop:s04:r1,cbsf,0.0,0.0001751297369785,0.9998248702630214,1.0,0.0,89.0,5.0
openbci,cross_task,4,arithmetic_to_stroop,stroop:s04:r1,dasf_clean,0.0,0.00022042838777705339,0.999779571612223,1.0,0.0,89.0,5.0
openbci,cross_task,4,arithmetic_to_stroop,stroop:s04:r1,eeg_conformer,0.0,0.00539517140956842,0.9946048285904315,1.0,0.0,89.0,5.0
openbci,cross_task,4,arithmetic_to_stroop,stroop:s04:r1,eegnet,0.0,0.003181725662397617,0.9968182743376024,1.0,0.0,89.0,5.0
openbci,cross_task,4,arithmetic_to_stroop,stroop:s04:r1,equal_blend_050,0.0,0.0001146285548903,0.9998853714451096,1.0,0.0,89.0,5.0
openbci,cross_task,4,arithmetic_to_stroop,stroop:s04:r1,extra_trees,0.0,0.0008806821724122,0.9991193178275878,1.0,0.0,89.0,5.0
openbci,cross_task,4,arithmetic_to_stroop,stroop:s04:r1,fixed_blend_010,0.0,3.218237952223348e-05,0.9999678176204778,1.0,0.0,89.0,5.0
openbci,cross_task,4,arithmetic_to_stroop,stroop:s04:r1,fixed_blend_025,0.0,6.387014854649802e-05,0.9999361298514536,1.0,0.0,89.0,5.0
openbci,cross_task,4,arithmetic_to_stroop,stroop:s04:r1,rf,0.0,0.0005351254911188,0.9994648745088812,1.0,0.0,89.0,5.0
openbci,cross_task,4,arithmetic_to_stroop,stroop:s04:r1,riemann_mdm,0.0,0.01084186965830106,0.9891581303416989,1.0,0.0,89.0,5.0
openbci,cross_task,4,arithmetic_to_stroop,stroop:s04:r1,riemann_ts_logreg,0.0,0.05547747274399212,0.9445225272560079,1.0,0.0,89.0,5.0
openbci,cross_task,4,arithmetic_to_stroop,stroop:s04:r1,stack_recording,0.0,0.2685370314362184,0.7314629685637816,1.0,0.0,89.0,5.0
openbci,cross_task,4,arithmetic_to_stroop,stroop:s04:r2,always_fuse,1.0,0.0005129418598154,0.9994870581401846,1.0,1.0,62.0,5.0
openbci,cross_task,4,arithmetic_to_stroop,stroop:s04:r2,always_nn,1.0,1.5289848540361764e-05,0.9999847101514596,1.0,1.0,62.0,5.0
openbci,cross_task,4,arithmetic_to_stroop,stroop:s04:r2,cbsf,1.0,0.0004243324610686,0.9995756675389312,1.0,1.0,62.0,5.0
openbci,cross_task,4,arithmetic_to_stroop,stroop:s04:r2,dasf_clean,1.0,0.0005129418598154747,0.9994870581401846,1.0,1.0,62.0,5.0
openbci,cross_task,4,arithmetic_to_stroop,stroop:s04:r2,eeg_conformer,1.0,0.0018582128771788041,0.9981417871228212,1.0,1.0,62.0,5.0
openbci,cross_task,4,arithmetic_to_stroop,stroop:s04:r2,eegnet,1.0,5.539466086811648e-06,0.9999944605339132,1.0,1.0,62.0,5.0
openbci,cross_task,4,arithmetic_to_stroop,stroop:s04:r2,equal_blend_050,1.0,0.0002854223293966,0.9997145776706032,1.0,1.0,62.0,5.0
openbci,cross_task,4,arithmetic_to_stroop,stroop:s04:r2,extra_trees,1.0,0.0008331663963176,0.9991668336036824,1.0,1.0,62.0,5.0
openbci,cross_task,4,arithmetic_to_stroop,stroop:s04:r2,fixed_blend_010,1.0,7.871118228751467e-05,0.9999212888177124,1.0,1.0,62.0,5.0
openbci,cross_task,4,arithmetic_to_stroop,stroop:s04:r2,fixed_blend_025,1.0,0.0001601595691318,0.9998398404308684,1.0,1.0,62.0,5.0
openbci,cross_task,4,arithmetic_to_stroop,stroop:s04:r2,rf,1.0,0.004553777363802,0.995446222636198,1.0,1.0,62.0,5.0
openbci,cross_task,4,arithmetic_to_stroop,stroop:s04:r2,riemann_mdm,1.0,0.0012299410437578294,0.9987700589562422,1.0,1.0,62.0,5.0
openbci,cross_task,4,arithmetic_to_stroop,stroop:s04:r2,riemann_ts_logreg,1.0,0.18003175246716413,0.8199682475328358,1.0,1.0,62.0,5.0
openbci,cross_task,4,arithmetic_to_stroop,stroop:s04:r2,stack_recording,1.0,0.2725359924888219,0.7274640075111781,1.0,1.0,62.0,5.0
openbci,cross_task,4,arithmetic_to_stroop,stroop:s04:r3,always_fuse,1.0,0.0002876485502385,0.9997123514497614,1.0,1.0,192.0,5.0
openbci,cross_task,4,arithmetic_to_stroop,stroop:s04:r3,always_nn,1.0,1.0760597408207182e-05,0.9999892394025918,1.0,1.0,192.0,5.0
openbci,cross_task,4,arithmetic_to_stroop,stroop:s04:r3,cbsf,1.0,0.0002342945061212,0.9997657054938788,1.0,1.0,192.0,5.0
openbci,cross_task,4,arithmetic_to_stroop,stroop:s04:r3,dasf_clean,1.0,0.00028764855023854846,0.9997123514497614,1.0,1.0,192.0,5.0
openbci,cross_task,4,arithmetic_to_stroop,stroop:s04:r3,eeg_conformer,1.0,0.0025107373737115277,0.9974892626262886,1.0,1.0,192.0,5.0
openbci,cross_task,4,arithmetic_to_stroop,stroop:s04:r3,eegnet,1.0,1.2282974697272131e-05,0.9999877170253026,1.0,1.0,192.0,5.0
openbci,cross_task,4,arithmetic_to_stroop,stroop:s04:r3,equal_blend_050,1.0,0.0001578089039174,0.9998421910960826,1.0,1.0,192.0,5.0
openbci,cross_task,4,arithmetic_to_stroop,stroop:s04:r3,extra_trees,1.0,0.0001116316970901,0.99988836830291,1.0,1.0,192.0,5.0
openbci,cross_task,4,arithmetic_to_stroop,stroop:s04:r3,fixed_blend_010,1.0,4.668229174086039e-05,0.9999533177082592,1.0,1.0,192.0,5.0
openbci,cross_task,4,arithmetic_to_stroop,stroop:s04:r3,fixed_blend_025,1.0,9.048882395738036e-05,0.9999095111760428,1.0,1.0,192.0,5.0
openbci,cross_task,4,arithmetic_to_stroop,stroop:s04:r3,rf,1.0,0.0001298828859031,0.9998701171140968,1.0,1.0,192.0,5.0
openbci,cross_task,4,arithmetic_to_stroop,stroop:s04:r3,riemann_mdm,1.0,0.0037231707734818524,0.9962768292265182,1.0,1.0,192.0,5.0
openbci,cross_task,4,arithmetic_to_stroop,stroop:s04:r3,riemann_ts_logreg,1.0,0.22344282512663777,0.7765571748733622,1.0,1.0,192.0,5.0
openbci,cross_task,4,arithmetic_to_stroop,stroop:s04:r3,stack_recording,1.0,0.2750168609553396,0.7249831390446604,1.0,1.0,192.0,5.0
openbci,cross_task,4,stroop_to_arithmetic,arithmetic:s04:r0,always_fuse,0.0,0.956971255768468,0.0430287442315321,0.0,1.0,116.0,5.0
openbci,cross_task,4,stroop_to_arithmetic,arithmetic:s04:r0,always_nn,0.0,0.999999999998625,1.375000826218429e-12,0.0,1.0,116.0,5.0
openbci,cross_task,4,stroop_to_arithmetic,arithmetic:s04:r0,cbsf,0.0,0.993443667841753,0.006556332158247,0.0,1.0,116.0,5.0
openbci,cross_task,4,stroop_to_arithmetic,arithmetic:s04:r0,dasf_clean,0.0,0.999999999998625,1.3750008262184287e-12,0.0,1.0,116.0,5.0
openbci,cross_task,4,stroop_to_arithmetic,arithmetic:s04:r0,eeg_conformer,0.0,0.9992989433756586,0.000701056624341438,0.0,1.0,116.0,5.0
openbci,cross_task,4,stroop_to_arithmetic,arithmetic:s04:r0,eegnet,0.0,0.9999999927005566,7.299443385048795e-09,0.0,1.0,116.0,5.0
openbci,cross_task,4,stroop_to_arithmetic,arithmetic:s04:r0,equal_blend_050,0.0,0.9784915852514215,0.0215084147485784,0.0,1.0,116.0,5.0
openbci,cross_task,4,stroop_to_arithmetic,arithmetic:s04:r0,extra_trees,0.0,0.9999999916189344,8.381065682961997e-09,0.0,1.0,116.0,5.0
openbci,cross_task,4,stroop_to_arithmetic,arithmetic:s04:r0,fixed_blend_010,0.0,0.9956992108267586,0.0043007891732413,0.0,1.0,116.0,5.0
openbci,cross_task,4,stroop_to_arithmetic,arithmetic:s04:r0,fixed_blend_025,0.0,0.9892472168246728,0.0107527831753271,0.0,1.0,116.0,5.0
openbci,cross_task,4,stroop_to_arithmetic,arithmetic:s04:r0,rf,0.0,0.9999998844967812,1.1550321877322933e-07,0.0,1.0,116.0,5.0
openbci,cross_task,4,stroop_to_arithmetic,arithmetic:s04:r0,riemann_mdm,0.0,0.7823119695904587,0.21768803040954124,0.0,1.0,116.0,5.0
openbci,cross_task,4,stroop_to_arithmetic,arithmetic:s04:r0,riemann_ts_logreg,0.0,0.9788147422627579,0.021185257737242117,0.0,1.0,116.0,5.0
openbci,cross_task,4,stroop_to_arithmetic,arithmetic:s04:r0,stack_recording,0.0,0.8227932122146226,0.1772067877853774,0.0,1.0,116.0,5.0
openbci,cross_task,4,stroop_to_arithmetic,arithmetic:s04:r1,always_fuse,0.0,0.7868340779929899,0.2131659220070102,0.0,1.0,119.0,5.0
openbci,cross_task,4,stroop_to_arithmetic,arithmetic:s04:r1,always_nn,0.0,0.4252175717123606,0.5747824282876394,1.0,0.0,119.0,5.0
openbci,cross_task,4,stroop_to_arithmetic,arithmetic:s04:r1,cbsf,0.0,0.5446065690691967,0.4553934309308033,0.0,1.0,119.0,5.0
openbci,cross_task,4,stroop_to_arithmetic,arithmetic:s04:r1,dasf_clean,0.0,0.4252175717123606,0.5747824282876394,1.0,0.0,119.0,5.0
openbci,cross_task,4,stroop_to_arithmetic,arithmetic:s04:r1,eeg_conformer,0.0,0.1474134065214111,0.8525865934785889,1.0,0.0,119.0,5.0
openbci,cross_task,4,stroop_to_arithmetic,arithmetic:s04:r1,eegnet,0.0,0.8033270583130717,0.1966729416869282,0.0,1.0,119.0,5.0
openbci,cross_task,4,stroop_to_arithmetic,arithmetic:s04:r1,equal_blend_050,0.0,0.6620187097450715,0.3379812902549285,0.0,1.0,119.0,5.0
openbci,cross_task,4,stroop_to_arithmetic,arithmetic:s04:r1,extra_trees,0.0,0.5483845772484137,0.4516154227515863,0.0,1.0,119.0,5.0
openbci,cross_task,4,stroop_to_arithmetic,arithmetic:s04:r1,fixed_blend_010,0.0,0.5110700955762135,0.4889299044237864,0.0,1.0,119.0,5.0
openbci,cross_task,4,stroop_to_arithmetic,arithmetic:s04:r1,fixed_blend_025,0.0,0.5880017366574678,0.411998263342532,0.0,1.0,119.0,5.0
openbci,cross_task,4,stroop_to_arithmetic,arithmetic:s04:r1,rf,0.0,0.6467015875345545,0.3532984124654454,0.0,1.0,119.0,5.0
openbci,cross_task,4,stroop_to_arithmetic,arithmetic:s04:r1,riemann_mdm,0.0,0.8079555320219761,0.19204446797802394,0.0,1.0,119.0,5.0
openbci,cross_task,4,stroop_to_arithmetic,arithmetic:s04:r1,riemann_ts_logreg,0.0,0.999999765440995,2.3455900497267048e-07,0.0,1.0,119.0,5.0
openbci,cross_task,4,stroop_to_arithmetic,arithmetic:s04:r1,stack_recording,0.0,0.4412531602672068,0.5587468397327932,1.0,0.0,119.0,5.0
openbci,cross_task,4,stroop_to_arithmetic,arithmetic:s04:r2,always_fuse,1.0,0.4635579561834897,0.5364420438165102,1.0,1.0,210.0,5.0
openbci,cross_task,4,stroop_to_arithmetic,arithmetic:s04:r2,always_nn,1.0,0.0096735747382221,0.9903264252617778,1.0,1.0,210.0,5.0
openbci,cross_task,4,stroop_to_arithmetic,arithmetic:s04:r2,cbsf,1.0,0.3129075024387067,0.6870924975612932,1.0,1.0,210.0,5.0
openbci,cross_task,4,stroop_to_arithmetic,arithmetic:s04:r2,dasf_clean,1.0,0.009673574738222161,0.9903264252617778,1.0,1.0,210.0,5.0
openbci,cross_task,4,stroop_to_arithmetic,arithmetic:s04:r2,eeg_conformer,1.0,0.0049859357769231425,0.9950140642230768,1.0,1.0,210.0,5.0
openbci,cross_task,4,stroop_to_arithmetic,arithmetic:s04:r2,eegnet,1.0,0.5645469235960455,0.4354530764039545,0.0,0.0,210.0,5.0
openbci,cross_task,4,stroop_to_arithmetic,arithmetic:s04:r2,equal_blend_050,1.0,0.4004478188282048,0.5995521811717952,1.0,1.0,210.0,5.0
openbci,cross_task,4,stroop_to_arithmetic,arithmetic:s04:r2,extra_trees,1.0,0.3052559624096408,0.6947440375903593,1.0,1.0,210.0,5.0
openbci,cross_task,4,stroop_to_arithmetic,arithmetic:s04:r2,fixed_blend_010,1.0,0.2856324492960401,0.7143675507039599,1.0,1.0,210.0,5.0
openbci,cross_task,4,stroop_to_arithmetic,arithmetic:s04:r2,fixed_blend_025,1.0,0.3472212830920351,0.6527787169079649,1.0,1.0,210.0,5.0
openbci,cross_task,4,stroop_to_arithmetic,arithmetic:s04:r2,rf,1.0,0.3968314744451783,0.6031685255548216,1.0,1.0,210.0,5.0
openbci,cross_task,4,stroop_to_arithmetic,arithmetic:s04:r2,riemann_mdm,1.0,0.26510198178953526,0.7348980182104647,1.0,1.0,210.0,5.0
openbci,cross_task,4,stroop_to_arithmetic,arithmetic:s04:r2,riemann_ts_logreg,1.0,0.999648585649473,0.00035141435052703804,0.0,0.0,210.0,5.0
openbci,cross_task,4,stroop_to_arithmetic,arithmetic:s04:r2,stack_recording,1.0,0.3269202552814632,0.6730797447185368,1.0,1.0,210.0,5.0
openbci,cross_task,4,stroop_to_arithmetic,arithmetic:s04:r3,always_fuse,1.0,0.3697890154327768,0.6302109845672232,1.0,1.0,221.0,5.0
openbci,cross_task,4,stroop_to_arithmetic,arithmetic:s04:r3,always_nn,1.0,0.0004902245235447,0.9995097754764553,1.0,1.0,221.0,5.0
openbci,cross_task,4,stroop_to_arithmetic,arithmetic:s04:r3,cbsf,1.0,0.1663859439906538,0.8336140560093461,1.0,1.0,221.0,5.0
openbci,cross_task,4,stroop_to_arithmetic,arithmetic:s04:r3,dasf_clean,1.0,0.0004902245235447893,0.9995097754764553,1.0,1.0,221.0,5.0
openbci,cross_task,4,stroop_to_arithmetic,arithmetic:s04:r3,eeg_conformer,1.0,0.003481584193145423,0.9965184158068546,1.0,1.0,221.0,5.0
openbci,cross_task,4,stroop_to_arithmetic,arithmetic:s04:r3,eegnet,1.0,0.3583004609536128,0.6416995390463873,1.0,1.0,221.0,5.0
openbci,cross_task,4,stroop_to_arithmetic,arithmetic:s04:r3,equal_blend_050,1.0,0.2756440273473221,0.7243559726526779,1.0,1.0,221.0,5.0
openbci,cross_task,4,stroop_to_arithmetic,arithmetic:s04:r3,extra_trees,1.0,0.3289832242996909,0.6710167757003092,1.0,1.0,221.0,5.0
openbci,cross_task,4,stroop_to_arithmetic,arithmetic:s04:r3,fixed_blend_010,1.0,0.1382543771873386,0.8617456228126614,1.0,1.0,221.0,5.0
openbci,cross_task,4,stroop_to_arithmetic,arithmetic:s04:r3,fixed_blend_025,1.0,0.2058653964719594,0.7941346035280406,1.0,1.0,221.0,5.0
openbci,cross_task,4,stroop_to_arithmetic,arithmetic:s04:r3,rf,1.0,0.3116301799028414,0.6883698200971586,1.0,1.0,221.0,5.0
openbci,cross_task,4,stroop_to_arithmetic,arithmetic:s04:r3,riemann_mdm,1.0,0.32919950559801187,0.6708004944019882,1.0,1.0,221.0,5.0
openbci,cross_task,4,stroop_to_arithmetic,arithmetic:s04:r3,riemann_ts_logreg,1.0,0.9989682715484623,0.0010317284515376256,0.0,0.0,221.0,5.0
openbci,cross_task,4,stroop_to_arithmetic,arithmetic:s04:r3,stack_recording,1.0,0.2502783342038215,0.7497216657961785,1.0,1.0,221.0,5.0
openbci,cross_task,5,arithmetic_to_stroop,stroop:s05:r0,always_fuse,0.0,0.1146634513381651,0.8853365486618349,1.0,0.0,244.0,5.0
openbci,cross_task,5,arithmetic_to_stroop,stroop:s05:r0,always_nn,0.0,0.9975118996339176,0.0024881003660824,0.0,1.0,244.0,5.0
openbci,cross_task,5,arithmetic_to_stroop,stroop:s05:r0,cbsf,0.0,0.9975118978331484,0.0024881021668516,0.0,1.0,244.0,5.0
openbci,cross_task,5,arithmetic_to_stroop,stroop:s05:r0,dasf_clean,0.0,0.9975118996339176,0.0024881003660824825,0.0,1.0,244.0,5.0
openbci,cross_task,5,arithmetic_to_stroop,stroop:s05:r0,eeg_conformer,0.0,0.9246924239625669,0.07530757603743306,0.0,1.0,244.0,5.0
openbci,cross_task,5,arithmetic_to_stroop,stroop:s05:r0,eegnet,0.0,0.5756609575542293,0.4243390424457707,0.0,1.0,244.0,5.0
openbci,cross_task,5,arithmetic_to_stroop,stroop:s05:r0,equal_blend_050,0.0,0.5693162713050952,0.4306837286949048,0.0,1.0,244.0,5.0
openbci,cross_task,5,arithmetic_to_stroop,stroop:s05:r0,extra_trees,0.0,0.9999995299267598,4.700732402613199e-07,0.0,1.0,244.0,5.0
openbci,cross_task,5,arithmetic_to_stroop,stroop:s05:r0,fixed_blend_010,0.0,0.9081285667458312,0.0918714332541687,0.0,1.0,244.0,5.0
openbci,cross_task,5,arithmetic_to_stroop,stroop:s05:r0,fixed_blend_025,0.0,0.780178384332543,0.2198216156674568,0.0,1.0,244.0,5.0
openbci,cross_task,5,arithmetic_to_stroop,stroop:s05:r0,rf,0.0,0.9999999545791208,4.5420879081954095e-08,0.0,1.0,244.0,5.0
openbci,cross_task,5,arithmetic_to_stroop,stroop:s05:r0,riemann_mdm,0.0,0.9716308599914057,0.02836914000859429,0.0,1.0,244.0,5.0
openbci,cross_task,5,arithmetic_to_stroop,stroop:s05:r0,riemann_ts_logreg,0.0,0.9998057092640258,0.00019429073597422778,0.0,1.0,244.0,5.0
openbci,cross_task,5,arithmetic_to_stroop,stroop:s05:r0,stack_recording,0.0,0.7753344550478479,0.224665544952152,0.0,1.0,244.0,5.0
openbci,cross_task,5,arithmetic_to_stroop,stroop:s05:r1,always_fuse,0.0,0.5498341810258514,0.4501658189741487,0.0,1.0,137.0,5.0
openbci,cross_task,5,arithmetic_to_stroop,stroop:s05:r1,always_nn,0.0,0.0461961282964136,0.9538038717035864,1.0,0.0,137.0,5.0
openbci,cross_task,5,arithmetic_to_stroop,stroop:s05:r1,cbsf,0.0,0.0461961310654527,0.9538038689345472,1.0,0.0,137.0,5.0
openbci,cross_task,5,arithmetic_to_stroop,stroop:s05:r1,dasf_clean,0.0,0.046196128296413654,0.9538038717035864,1.0,0.0,137.0,5.0
openbci,cross_task,5,arithmetic_to_stroop,stroop:s05:r1,eeg_conformer,0.0,0.40600829693561385,0.5939917030643861,1.0,0.0,137.0,5.0
openbci,cross_task,5,arithmetic_to_stroop,stroop:s05:r1,eegnet,0.0,0.4440664063635599,0.5559335936364401,1.0,0.0,137.0,5.0
openbci,cross_task,5,arithmetic_to_stroop,stroop:s05:r1,equal_blend_050,0.0,0.3499422862482121,0.6500577137517879,1.0,0.0,137.0,5.0
openbci,cross_task,5,arithmetic_to_stroop,stroop:s05:r1,extra_trees,0.0,0.1372402272099525,0.8627597727900475,1.0,0.0,137.0,5.0
openbci,cross_task,5,arithmetic_to_stroop,stroop:s05:r1,fixed_blend_010,0.0,0.1479434455510622,0.8520565544489377,1.0,0.0,137.0,5.0
openbci,cross_task,5,arithmetic_to_stroop,stroop:s05:r1,fixed_blend_025,0.0,0.2366096548368972,0.7633903451631028,1.0,0.0,137.0,5.0
openbci,cross_task,5,arithmetic_to_stroop,stroop:s05:r1,rf,0.0,0.1164813177929949,0.883518682207005,1.0,0.0,137.0,5.0
openbci,cross_task,5,arithmetic_to_stroop,stroop:s05:r1,riemann_mdm,0.0,0.23106894749147391,0.7689310525085261,1.0,0.0,137.0,5.0
openbci,cross_task,5,arithmetic_to_stroop,stroop:s05:r1,riemann_ts_logreg,0.0,0.15024170086267916,0.8497582991373208,1.0,0.0,137.0,5.0
openbci,cross_task,5,arithmetic_to_stroop,stroop:s05:r1,stack_recording,0.0,0.3909881825671082,0.6090118174328918,1.0,0.0,137.0,5.0
openbci,cross_task,5,arithmetic_to_stroop,stroop:s05:r2,always_fuse,1.0,0.4848264988158391,0.5151735011841608,1.0,1.0,108.0,5.0
openbci,cross_task,5,arithmetic_to_stroop,stroop:s05:r2,always_nn,1.0,0.1194799030143717,0.8805200969856283,1.0,1.0,108.0,5.0
openbci,cross_task,5,arithmetic_to_stroop,stroop:s05:r2,cbsf,1.0,0.1194799053904288,0.8805200946095711,1.0,1.0,108.0,5.0
openbci,cross_task,5,arithmetic_to_stroop,stroop:s05:r2,dasf_clean,1.0,0.11947990301437171,0.8805200969856283,1.0,1.0,108.0,5.0
openbci,cross_task,5,arithmetic_to_stroop,stroop:s05:r2,eeg_conformer,1.0,0.3924988326867706,0.6075011673132293,1.0,1.0,108.0,5.0
openbci,cross_task,5,arithmetic_to_stroop,stroop:s05:r2,eegnet,1.0,0.4481287336300076,0.5518712663699925,1.0,1.0,108.0,5.0
openbci,cross_task,5,arithmetic_to_stroop,stroop:s05:r2,equal_blend_050,1.0,0.3472146145584303,0.6527853854415697,1.0,1.0,108.0,5.0
openbci,cross_task,5,arithmetic_to_stroop,stroop:s05:r2,extra_trees,1.0,0.2348746054694115,0.7651253945305884,1.0,1.0,108.0,5.0
openbci,cross_task,5,arithmetic_to_stroop,stroop:s05:r2,fixed_blend_010,1.0,0.1999192217549018,0.8000807782450983,1.0,1.0,108.0,5.0
openbci,cross_task,5,arithmetic_to_stroop,stroop:s05:r2,fixed_blend_025,1.0,0.2656459142203804,0.7343540857796196,1.0,1.0,108.0,5.0
openbci,cross_task,5,arithmetic_to_stroop,stroop:s05:r2,rf,1.0,0.181266772369086,0.818733227630914,1.0,1.0,108.0,5.0
openbci,cross_task,5,arithmetic_to_stroop,stroop:s05:r2,riemann_mdm,1.0,0.17174899656764286,0.8282510034323571,1.0,1.0,108.0,5.0
openbci,cross_task,5,arithmetic_to_stroop,stroop:s05:r2,riemann_ts_logreg,1.0,0.061513288649151884,0.9384867113508482,1.0,1.0,108.0,5.0
openbci,cross_task,5,arithmetic_to_stroop,stroop:s05:r2,stack_recording,1.0,0.4376310258611521,0.5623689741388479,1.0,1.0,108.0,5.0
openbci,cross_task,5,arithmetic_to_stroop,stroop:s05:r3,always_fuse,1.0,0.4391638873939276,0.5608361126060724,1.0,1.0,171.0,5.0
openbci,cross_task,5,arithmetic_to_stroop,stroop:s05:r3,always_nn,1.0,0.2946779638368047,0.7053220361631953,1.0,1.0,171.0,5.0
openbci,cross_task,5,arithmetic_to_stroop,stroop:s05:r3,cbsf,1.0,0.2946779655698518,0.7053220344301481,1.0,1.0,171.0,5.0
openbci,cross_task,5,arithmetic_to_stroop,stroop:s05:r3,dasf_clean,1.0,0.2946779638368047,0.7053220361631953,1.0,1.0,171.0,5.0
openbci,cross_task,5,arithmetic_to_stroop,stroop:s05:r3,eeg_conformer,1.0,0.34682884069916126,0.6531711593008388,1.0,1.0,171.0,5.0
openbci,cross_task,5,arithmetic_to_stroop,stroop:s05:r3,eegnet,1.0,0.4337875056771461,0.5662124943228539,1.0,1.0,171.0,5.0
openbci,cross_task,5,arithmetic_to_stroop,stroop:s05:r3,equal_blend_050,1.0,0.4002909668683432,0.5997090331316568,1.0,1.0,171.0,5.0
openbci,cross_task,5,arithmetic_to_stroop,stroop:s05:r3,extra_trees,1.0,0.3524929814156807,0.6475070185843194,1.0,1.0,171.0,5.0
openbci,cross_task,5,arithmetic_to_stroop,stroop:s05:r3,fixed_blend_010,1.0,0.3409586134982439,0.6590413865017561,1.0,1.0,171.0,5.0
openbci,cross_task,5,arithmetic_to_stroop,stroop:s05:r3,fixed_blend_025,1.0,0.3697592018712757,0.6302407981287242,1.0,1.0,171.0,5.0
openbci,cross_task,5,arithmetic_to_stroop,stroop:s05:r3,rf,1.0,0.3863625839603232,0.6136374160396768,1.0,1.0,171.0,5.0
openbci,cross_task,5,arithmetic_to_stroop,stroop:s05:r3,riemann_mdm,1.0,0.1703545120463216,0.8296454879536784,1.0,1.0,171.0,5.0
openbci,cross_task,5,arithmetic_to_stroop,stroop:s05:r3,riemann_ts_logreg,1.0,0.19973225351133872,0.8002677464886612,1.0,1.0,171.0,5.0
openbci,cross_task,5,arithmetic_to_stroop,stroop:s05:r3,stack_recording,1.0,0.4880091950711019,0.511990804928898,1.0,1.0,171.0,5.0
openbci,cross_task,5,stroop_to_arithmetic,arithmetic:s05:r0,always_fuse,0.0,0.8811680582736563,0.1188319417263436,0.0,1.0,244.0,5.0
openbci,cross_task,5,stroop_to_arithmetic,arithmetic:s05:r0,always_nn,0.0,0.999999975802633,2.4197367031608642e-08,0.0,1.0,244.0,5.0
openbci,cross_task,5,stroop_to_arithmetic,arithmetic:s05:r0,cbsf,0.0,0.9988787976537132,0.0011212023462866,0.0,1.0,244.0,5.0
openbci,cross_task,5,stroop_to_arithmetic,arithmetic:s05:r0,dasf_clean,0.0,0.999999975802633,2.4197367031608642e-08,0.0,1.0,244.0,5.0
openbci,cross_task,5,stroop_to_arithmetic,arithmetic:s05:r0,eeg_conformer,0.0,0.9974048829600964,0.002595117039903499,0.0,1.0,244.0,5.0
openbci,cross_task,5,stroop_to_arithmetic,arithmetic:s05:r0,eegnet,0.0,0.9999427025697406,5.7297430259424365e-05,0.0,1.0,244.0,5.0
openbci,cross_task,5,stroop_to_arithmetic,arithmetic:s05:r0,equal_blend_050,0.0,0.9407001422142508,0.0592998577857492,0.0,1.0,244.0,5.0
openbci,cross_task,5,stroop_to_arithmetic,arithmetic:s05:r0,extra_trees,0.0,0.9999999261117272,7.388827279975894e-08,0.0,1.0,244.0,5.0
openbci,cross_task,5,stroop_to_arithmetic,arithmetic:s05:r0,fixed_blend_010,0.0,0.9880525751811952,0.0119474248188048,0.0,1.0,244.0,5.0
openbci,cross_task,5,stroop_to_arithmetic,arithmetic:s05:r0,fixed_blend_025,0.0,0.9703078040967664,0.0296921959032337,0.0,1.0,244.0,5.0
openbci,cross_task,5,stroop_to_arithmetic,arithmetic:s05:r0,rf,0.0,0.9999999819218828,1.8078117373779383e-08,0.0,1.0,244.0,5.0
openbci,cross_task,5,stroop_to_arithmetic,arithmetic:s05:r0,riemann_mdm,0.0,0.9981248433848255,0.001875156615174415,0.0,1.0,244.0,5.0
openbci,cross_task,5,stroop_to_arithmetic,arithmetic:s05:r0,riemann_ts_logreg,0.0,0.9996866205526845,0.0003133794473154896,0.0,1.0,244.0,5.0
openbci,cross_task,5,stroop_to_arithmetic,arithmetic:s05:r0,stack_recording,0.0,0.8751706676026995,0.1248293323973005,0.0,1.0,244.0,5.0
openbci,cross_task,5,stroop_to_arithmetic,arithmetic:s05:r1,always_fuse,0.0,0.3500453833859617,0.6499546166140383,1.0,0.0,153.0,5.0
openbci,cross_task,5,stroop_to_arithmetic,arithmetic:s05:r1,always_nn,0.0,0.0008759138563365,0.9991240861436634,1.0,0.0,153.0,5.0
openbci,cross_task,5,stroop_to_arithmetic,arithmetic:s05:r1,cbsf,0.0,0.0195803630063368,0.9804196369936632,1.0,0.0,153.0,5.0
openbci,cross_task,5,stroop_to_arithmetic,arithmetic:s05:r1,dasf_clean,0.0,0.0008759138563365508,0.9991240861436634,1.0,0.0,153.0,5.0
openbci,cross_task,5,stroop_to_arithmetic,arithmetic:s05:r1,eeg_conformer,0.0,0.03125691616523987,0.96874308383476,1.0,0.0,153.0,5.0
openbci,cross_task,5,stroop_to_arithmetic,arithmetic:s05:r1,eegnet,0.0,0.22023495950712796,0.779765040492872,1.0,0.0,153.0,5.0
openbci,cross_task,5,stroop_to_arithmetic,arithmetic:s05:r1,equal_blend_050,0.0,0.2220657099083367,0.7779342900916633,1.0,0.0,153.0,5.0
openbci,cross_task,5,stroop_to_arithmetic,arithmetic:s05:r1,extra_trees,0.0,0.2860427934712466,0.7139572065287534,1.0,0.0,153.0,5.0
openbci,cross_task,5,stroop_to_arithmetic,arithmetic:s05:r1,fixed_blend_010,0.0,0.0808877770994007,0.9191122229005992,1.0,0.0,153.0,5.0
openbci,cross_task,5,stroop_to_arithmetic,arithmetic:s05:r1,fixed_blend_025,0.0,0.143037213903607,0.856962786096393,1.0,0.0,153.0,5.0
openbci,cross_task,5,stroop_to_arithmetic,arithmetic:s05:r1,rf,0.0,0.3130766348431397,0.6869233651568603,1.0,0.0,153.0,5.0
openbci,cross_task,5,stroop_to_arithmetic,arithmetic:s05:r1,riemann_mdm,0.0,0.059870083465557625,0.9401299165344424,1.0,0.0,153.0,5.0
openbci,cross_task,5,stroop_to_arithmetic,arithmetic:s05:r1,riemann_ts_logreg,0.0,0.07412590905042621,0.9258740909495738,1.0,0.0,153.0,5.0
openbci,cross_task,5,stroop_to_arithmetic,arithmetic:s05:r1,stack_recording,0.0,0.2379635359462839,0.7620364640537161,1.0,0.0,153.0,5.0
openbci,cross_task,5,stroop_to_arithmetic,arithmetic:s05:r2,always_fuse,1.0,0.5996221104523839,0.4003778895476161,0.0,0.0,198.0,5.0
openbci,cross_task,5,stroop_to_arithmetic,arithmetic:s05:r2,always_nn,1.0,0.5355644410103149,0.4644355589896852,0.0,0.0,198.0,5.0
openbci,cross_task,5,stroop_to_arithmetic,arithmetic:s05:r2,cbsf,1.0,0.6864426256678046,0.3135573743321954,0.0,0.0,198.0,5.0
openbci,cross_task,5,stroop_to_arithmetic,arithmetic:s05:r2,dasf_clean,1.0,0.5355644410103149,0.4644355589896852,0.0,0.0,198.0,5.0
openbci,cross_task,5,stroop_to_arithmetic,arithmetic:s05:r2,eeg_conformer,1.0,0.04764459144149852,0.9523554085585015,1.0,1.0,198.0,5.0
openbci,cross_task,5,stroop_to_arithmetic,arithmetic:s05:r2,eegnet,1.0,0.20363741430652005,0.7963625856934798,1.0,1.0,198.0,5.0
openbci,cross_task,5,stroop_to_arithmetic,arithmetic:s05:r2,equal_blend_050,1.0,0.625783577488367,0.374216422511633,0.0,0.0,198.0,5.0
openbci,cross_task,5,stroop_to_arithmetic,arithmetic:s05:r2,extra_trees,1.0,0.473364112684719,0.526635887315281,1.0,1.0,198.0,5.0
openbci,cross_task,5,stroop_to_arithmetic,arithmetic:s05:r2,fixed_blend_010,1.0,0.6685073366905768,0.3314926633094232,0.0,0.0,198.0,5.0
openbci,cross_task,5,stroop_to_arithmetic,arithmetic:s05:r2,fixed_blend_025,1.0,0.6473790970407803,0.3526209029592196,0.0,0.0,198.0,5.0
openbci,cross_task,5,stroop_to_arithmetic,arithmetic:s05:r2,rf,1.0,0.5360597989584098,0.4639402010415901,0.0,0.0,198.0,5.0
openbci,cross_task,5,stroop_to_arithmetic,arithmetic:s05:r2,riemann_mdm,1.0,0.6328589683367839,0.36714103166321604,0.0,0.0,198.0,5.0
openbci,cross_task,5,stroop_to_arithmetic,arithmetic:s05:r2,riemann_ts_logreg,1.0,0.00794143113609444,0.9920585688639056,1.0,1.0,198.0,5.0
openbci,cross_task,5,stroop_to_arithmetic,arithmetic:s05:r2,stack_recording,1.0,0.4749663396975754,0.5250336603024246,1.0,1.0,198.0,5.0
openbci,cross_task,5,stroop_to_arithmetic,arithmetic:s05:r3,always_fuse,1.0,0.6386772694055602,0.3613227305944398,0.0,0.0,232.0,5.0
openbci,cross_task,5,stroop_to_arithmetic,arithmetic:s05:r3,always_nn,1.0,0.9604928577589724,0.0395071422410276,0.0,0.0,232.0,5.0
openbci,cross_task,5,stroop_to_arithmetic,arithmetic:s05:r3,cbsf,1.0,0.7640048918464666,0.2359951081535334,0.0,0.0,232.0,5.0
openbci,cross_task,5,stroop_to_arithmetic,arithmetic:s05:r3,dasf_clean,1.0,0.9604928577589723,0.039507142241027665,0.0,0.0,232.0,5.0
openbci,cross_task,5,stroop_to_arithmetic,arithmetic:s05:r3,eeg_conformer,1.0,0.1803958560639078,0.8196041439360923,1.0,1.0,232.0,5.0
openbci,cross_task,5,stroop_to_arithmetic,arithmetic:s05:r3,eegnet,1.0,0.2773251559266218,0.7226748440733782,1.0,1.0,232.0,5.0
openbci,cross_task,5,stroop_to_arithmetic,arithmetic:s05:r3,equal_blend_050,1.0,0.6511591027163901,0.3488408972836098,0.0,0.0,232.0,5.0
openbci,cross_task,5,stroop_to_arithmetic,arithmetic:s05:r3,extra_trees,1.0,0.6365018679682743,0.3634981320317256,0.0,0.0,232.0,5.0
openbci,cross_task,5,stroop_to_arithmetic,arithmetic:s05:r3,fixed_blend_010,1.0,0.6934811830436172,0.3065188169563827,0.0,0.0,232.0,5.0
openbci,cross_task,5,stroop_to_arithmetic,arithmetic:s05:r3,fixed_blend_025,1.0,0.6685421111616192,0.3314578888383808,0.0,0.0,232.0,5.0
openbci,cross_task,5,stroop_to_arithmetic,arithmetic:s05:r3,rf,1.0,0.7400764044781789,0.2599235955218212,0.0,0.0,232.0,5.0
openbci,cross_task,5,stroop_to_arithmetic,arithmetic:s05:r3,riemann_mdm,1.0,0.1709482633191127,0.8290517366808873,1.0,1.0,232.0,5.0
openbci,cross_task,5,stroop_to_arithmetic,arithmetic:s05:r3,riemann_ts_logreg,1.0,0.23826762027656773,0.7617323797234323,1.0,1.0,232.0,5.0
openbci,cross_task,5,stroop_to_arithmetic,arithmetic:s05:r3,stack_recording,1.0,0.5911643987094204,0.4088356012905795,0.0,0.0,232.0,5.0
openbci,cross_task,6,arithmetic_to_stroop,stroop:s06:r0,always_fuse,0.0,0.2553860196666051,0.7446139803333949,1.0,0.0,150.0,5.0
openbci,cross_task,6,arithmetic_to_stroop,stroop:s06:r0,always_nn,0.0,0.9903639790163196,0.0096360209836805,0.0,1.0,150.0,5.0
openbci,cross_task,6,arithmetic_to_stroop,stroop:s06:r0,cbsf,0.0,0.9899585952556458,0.0100414047443542,0.0,1.0,150.0,5.0
openbci,cross_task,6,arithmetic_to_stroop,stroop:s06:r0,dasf_clean,0.0,0.9903639790163195,0.0096360209836805,0.0,1.0,150.0,5.0
openbci,cross_task,6,arithmetic_to_stroop,stroop:s06:r0,eeg_conformer,0.0,0.9339421440041573,0.06605785599584264,0.0,1.0,150.0,5.0
openbci,cross_task,6,arithmetic_to_stroop,stroop:s06:r0,eegnet,0.0,0.49934937003954527,0.5006506299604547,1.0,0.0,150.0,5.0
openbci,cross_task,6,arithmetic_to_stroop,stroop:s06:r0,equal_blend_050,0.0,0.6309352507955618,0.3690647492044381,0.0,1.0,150.0,5.0
openbci,cross_task,6,arithmetic_to_stroop,stroop:s06:r0,extra_trees,0.0,0.9823380757810412,0.0176619242189588,0.0,1.0,150.0,5.0
openbci,cross_task,6,arithmetic_to_stroop,stroop:s06:r0,fixed_blend_010,0.0,0.9043238266386812,0.0956761733613187,0.0,1.0,150.0,5.0
openbci,cross_task,6,arithmetic_to_stroop,stroop:s06:r0,fixed_blend_025,0.0,0.8003936521600754,0.1996063478399245,0.0,1.0,150.0,5.0
openbci,cross_task,6,arithmetic_to_stroop,stroop:s06:r0,rf,0.0,0.9817207182492312,0.0182792817507688,0.0,1.0,150.0,5.0
openbci,cross_task,6,arithmetic_to_stroop,stroop:s06:r0,riemann_mdm,0.0,0.7583419108064553,0.2416580891935447,0.0,1.0,150.0,5.0
openbci,cross_task,6,arithmetic_to_stroop,stroop:s06:r0,riemann_ts_logreg,0.0,0.998817690720749,0.001182309279251033,0.0,1.0,150.0,5.0
openbci,cross_task,6,arithmetic_to_stroop,stroop:s06:r0,stack_recording,0.0,0.7258791272067979,0.2741208727932021,0.0,1.0,150.0,5.0
openbci,cross_task,6,arithmetic_to_stroop,stroop:s06:r1,always_fuse,0.0,0.5180646283550394,0.4819353716449606,0.0,1.0,119.0,5.0
openbci,cross_task,6,arithmetic_to_stroop,stroop:s06:r1,always_nn,0.0,0.2534873996760924,0.7465126003239075,1.0,0.0,119.0,5.0
openbci,cross_task,6,arithmetic_to_stroop,stroop:s06:r1,cbsf,0.0,0.2535927261786037,0.7464072738213963,1.0,0.0,119.0,5.0
openbci,cross_task,6,arithmetic_to_stroop,stroop:s06:r1,dasf_clean,0.0,0.25348739967609246,0.7465126003239075,1.0,0.0,119.0,5.0
openbci,cross_task,6,arithmetic_to_stroop,stroop:s06:r1,eeg_conformer,0.0,0.4313031865877619,0.568696813412238,1.0,0.0,119.0,5.0
openbci,cross_task,6,arithmetic_to_stroop,stroop:s06:r1,eegnet,0.0,0.4905942000570527,0.5094057999429473,1.0,0.0,119.0,5.0
openbci,cross_task,6,arithmetic_to_stroop,stroop:s06:r1,equal_blend_050,0.0,0.4129775697992136,0.5870224302007864,1.0,0.0,119.0,5.0
openbci,cross_task,6,arithmetic_to_stroop,stroop:s06:r1,extra_trees,0.0,0.5415930436118354,0.4584069563881647,0.0,1.0,119.0,5.0
openbci,cross_task,6,arithmetic_to_stroop,stroop:s06:r1,fixed_blend_010,0.0,0.2996049214520641,0.7003950785479358,1.0,0.0,119.0,5.0
openbci,cross_task,6,arithmetic_to_stroop,stroop:s06:r1,fixed_blend_025,0.0,0.3491257959835209,0.6508742040164791,1.0,0.0,119.0,5.0
openbci,cross_task,6,arithmetic_to_stroop,stroop:s06:r1,rf,0.0,0.4850346189688653,0.5149653810311347,1.0,0.0,119.0,5.0
openbci,cross_task,6,arithmetic_to_stroop,stroop:s06:r1,riemann_mdm,0.0,0.4448050097967592,0.5551949902032408,1.0,0.0,119.0,5.0
openbci,cross_task,6,arithmetic_to_stroop,stroop:s06:r1,riemann_ts_logreg,0.0,0.13998792744345212,0.8600120725565479,1.0,0.0,119.0,5.0
openbci,cross_task,6,arithmetic_to_stroop,stroop:s06:r1,stack_recording,0.0,0.4764278276459089,0.523572172354091,1.0,0.0,119.0,5.0
openbci,cross_task,6,arithmetic_to_stroop,stroop:s06:r2,always_fuse,1.0,0.2400617799905361,0.7599382200094639,1.0,1.0,111.0,5.0
openbci,cross_task,6,arithmetic_to_stroop,stroop:s06:r2,always_nn,1.0,0.6346786107950533,0.3653213892049467,0.0,0.0,111.0,5.0
openbci,cross_task,6,arithmetic_to_stroop,stroop:s06:r2,cbsf,1.0,0.6345946043295174,0.3654053956704827,0.0,0.0,111.0,5.0
openbci,cross_task,6,arithmetic_to_stroop,stroop:s06:r2,dasf_clean,1.0,0.6346786107950533,0.3653213892049467,0.0,0.0,111.0,5.0
openbci,cross_task,6,arithmetic_to_stroop,stroop:s06:r2,eeg_conformer,1.0,0.22582706084909993,0.7741729391509001,1.0,1.0,111.0,5.0
openbci,cross_task,6,arithmetic_to_stroop,stroop:s06:r2,eegnet,1.0,0.4971828972304992,0.5028171027695008,1.0,1.0,111.0,5.0
openbci,cross_task,6,arithmetic_to_stroop,stroop:s06:r2,equal_blend_050,1.0,0.4354800642877772,0.5645199357122227,1.0,1.0,111.0,5.0
openbci,cross_task,6,arithmetic_to_stroop,stroop:s06:r2,extra_trees,1.0,0.5828178125900806,0.4171821874099194,0.0,0.0,111.0,5.0
openbci,cross_task,6,arithmetic_to_stroop,stroop:s06:r2,fixed_blend_010,1.0,0.5913419571942756,0.4086580428057244,0.0,0.0,111.0,5.0
openbci,cross_task,6,arithmetic_to_stroop,stroop:s06:r2,fixed_blend_025,1.0,0.5308716886771396,0.4691283113228604,0.0,0.0,111.0,5.0
openbci,cross_task,6,arithmetic_to_stroop,stroop:s06:r2,rf,1.0,0.5055224256803221,0.494477574319678,0.0,0.0,111.0,5.0
openbci,cross_task,6,arithmetic_to_stroop,stroop:s06:r2,riemann_mdm,1.0,0.9219756493161092,0.07802435068389077,0.0,0.0,111.0,5.0
openbci,cross_task,6,arithmetic_to_stroop,stroop:s06:r2,riemann_ts_logreg,1.0,0.999999999775003,2.2499695278719108e-10,0.0,0.0,111.0,5.0
openbci,cross_task,6,arithmetic_to_stroop,stroop:s06:r2,stack_recording,1.0,0.5704958469304581,0.4295041530695419,0.0,0.0,111.0,5.0
openbci,cross_task,6,arithmetic_to_stroop,stroop:s06:r3,always_fuse,1.0,0.3191940881412572,0.6808059118587427,1.0,1.0,161.0,5.0
openbci,cross_task,6,arithmetic_to_stroop,stroop:s06:r3,always_nn,1.0,0.318471262815595,0.681528737184405,1.0,1.0,161.0,5.0
openbci,cross_task,6,arithmetic_to_stroop,stroop:s06:r3,cbsf,1.0,0.3184123437059014,0.6815876562940986,1.0,1.0,161.0,5.0
openbci,cross_task,6,arithmetic_to_stroop,stroop:s06:r3,dasf_clean,1.0,0.318471262815595,0.681528737184405,1.0,1.0,161.0,5.0
openbci,cross_task,6,arithmetic_to_stroop,stroop:s06:r3,eeg_conformer,1.0,0.23317081003465792,0.7668291899653421,1.0,1.0,161.0,5.0
openbci,cross_task,6,arithmetic_to_stroop,stroop:s06:r3,eegnet,1.0,0.4877343201070649,0.512265679892935,1.0,1.0,161.0,5.0
openbci,cross_task,6,arithmetic_to_stroop,stroop:s06:r3,equal_blend_050,1.0,0.3659776577447542,0.6340223422552458,1.0,1.0,161.0,5.0
openbci,cross_task,6,arithmetic_to_stroop,stroop:s06:r3,extra_trees,1.0,0.3531448236885751,0.646855176311425,1.0,1.0,161.0,5.0
openbci,cross_task,6,arithmetic_to_stroop,stroop:s06:r3,fixed_blend_010,1.0,0.3372225276422965,0.6627774723577035,1.0,1.0,161.0,5.0
openbci,cross_task,6,arithmetic_to_stroop,stroop:s06:r3,fixed_blend_025,1.0,0.3539328082195575,0.6460671917804425,1.0,1.0,161.0,5.0
openbci,cross_task,6,arithmetic_to_stroop,stroop:s06:r3,rf,1.0,0.3423792044736405,0.6576207955263593,1.0,1.0,161.0,5.0
openbci,cross_task,6,arithmetic_to_stroop,stroop:s06:r3,riemann_mdm,1.0,0.34796922148211296,0.652030778517887,1.0,1.0,161.0,5.0
openbci,cross_task,6,arithmetic_to_stroop,stroop:s06:r3,riemann_ts_logreg,1.0,0.010730917869819109,0.9892690821301809,1.0,1.0,161.0,5.0
openbci,cross_task,6,arithmetic_to_stroop,stroop:s06:r3,stack_recording,1.0,0.5068966865470415,0.4931033134529585,0.0,0.0,161.0,5.0
openbci,cross_task,6,stroop_to_arithmetic,arithmetic:s06:r0,always_fuse,0.0,0.2183516147676395,0.7816483852323605,1.0,0.0,150.0,5.0
openbci,cross_task,6,stroop_to_arithmetic,arithmetic:s06:r0,always_nn,0.0,0.9888848165444748,0.011115183455525,0.0,1.0,150.0,5.0
openbci,cross_task,6,stroop_to_arithmetic,arithmetic:s06:r0,cbsf,0.0,0.988884545699154,0.0111154543008459,0.0,1.0,150.0,5.0
openbci,cross_task,6,stroop_to_arithmetic,arithmetic:s06:r0,dasf_clean,0.0,0.9888848165444749,0.011115183455525044,0.0,1.0,150.0,5.0
openbci,cross_task,6,stroop_to_arithmetic,arithmetic:s06:r0,eeg_conformer,0.0,0.6963680576392861,0.303631942360714,0.0,1.0,150.0,5.0
openbci,cross_task,6,stroop_to_arithmetic,arithmetic:s06:r0,eegnet,0.0,0.6020459344652842,0.3979540655347158,0.0,1.0,150.0,5.0
openbci,cross_task,6,stroop_to_arithmetic,arithmetic:s06:r0,equal_blend_050,0.0,0.6021731745660326,0.3978268254339674,0.0,1.0,150.0,5.0
openbci,cross_task,6,stroop_to_arithmetic,arithmetic:s06:r0,extra_trees,0.0,0.9893319184438372,0.0106680815561627,0.0,1.0,150.0,5.0
openbci,cross_task,6,stroop_to_arithmetic,arithmetic:s06:r0,fixed_blend_010,0.0,0.9038041204853686,0.0961958795146313,0.0,1.0,150.0,5.0
openbci,cross_task,6,stroop_to_arithmetic,arithmetic:s06:r0,fixed_blend_025,0.0,0.7895016013839317,0.2104983986160683,0.0,1.0,150.0,5.0
openbci,cross_task,6,stroop_to_arithmetic,arithmetic:s06:r0,rf,0.0,0.9835443448973574,0.0164556551026425,0.0,1.0,150.0,5.0
openbci,cross_task,6,stroop_to_arithmetic,arithmetic:s06:r0,riemann_mdm,0.0,0.9992857081578592,0.0007142918421409165,0.0,1.0,150.0,5.0
openbci,cross_task,6,stroop_to_arithmetic,arithmetic:s06:r0,riemann_ts_logreg,0.0,0.9972583212652298,0.0027416787347700755,0.0,1.0,150.0,5.0
openbci,cross_task,6,stroop_to_arithmetic,arithmetic:s06:r0,stack_recording,0.0,0.6384854258801564,0.3615145741198436,0.0,1.0,150.0,5.0
openbci,cross_task,6,stroop_to_arithmetic,arithmetic:s06:r1,always_fuse,0.0,0.727192313088734,0.272807686911266,0.0,1.0,119.0,5.0
openbci,cross_task,6,stroop_to_arithmetic,arithmetic:s06:r1,always_nn,0.0,0.181613492999977,0.818386507000023,1.0,0.0,119.0,5.0
openbci,cross_task,6,stroop_to_arithmetic,arithmetic:s06:r1,cbsf,0.0,0.1816150872169542,0.8183849127830457,1.0,0.0,119.0,5.0
openbci,cross_task,6,stroop_to_arithmetic,arithmetic:s06:r1,dasf_clean,0.0,0.18161349299997706,0.818386507000023,1.0,0.0,119.0,5.0
openbci,cross_task,6,stroop_to_arithmetic,arithmetic:s06:r1,eeg_conformer,0.0,0.29675363765190377,0.7032463623480962,1.0,0.0,119.0,5.0
openbci,cross_task,6,stroop_to_arithmetic,arithmetic:s06:r1,eegnet,0.0,0.4771733511006425,0.5228266488993574,1.0,0.0,119.0,5.0
openbci,cross_task,6,stroop_to_arithmetic,arithmetic:s06:r1,equal_blend_050,0.0,0.5220461957417752,0.4779538042582247,0.0,1.0,119.0,5.0
openbci,cross_task,6,stroop_to_arithmetic,arithmetic:s06:r1,extra_trees,0.0,0.4134998629215449,0.586500137078455,1.0,0.0,119.0,5.0
openbci,cross_task,6,stroop_to_arithmetic,arithmetic:s06:r1,fixed_blend_010,0.0,0.3282199894212717,0.6717800105787283,1.0,0.0,119.0,5.0
openbci,cross_task,6,stroop_to_arithmetic,arithmetic:s06:r1,fixed_blend_025,0.0,0.4165086787342267,0.5834913212657732,1.0,0.0,119.0,5.0
openbci,cross_task,6,stroop_to_arithmetic,arithmetic:s06:r1,rf,0.0,0.3270375015115184,0.6729624984884816,1.0,0.0,119.0,5.0
openbci,cross_task,6,stroop_to_arithmetic,arithmetic:s06:r1,riemann_mdm,0.0,0.9956679142945788,0.004332085705421244,0.0,1.0,119.0,5.0
openbci,cross_task,6,stroop_to_arithmetic,arithmetic:s06:r1,riemann_ts_logreg,0.0,0.955351833550666,0.04464816644933397,0.0,1.0,119.0,5.0
openbci,cross_task,6,stroop_to_arithmetic,arithmetic:s06:r1,stack_recording,0.0,0.4079241634719808,0.5920758365280192,1.0,0.0,119.0,5.0
openbci,cross_task,6,stroop_to_arithmetic,arithmetic:s06:r2,always_fuse,1.0,0.6423520912494385,0.3576479087505615,0.0,0.0,130.0,5.0
openbci,cross_task,6,stroop_to_arithmetic,arithmetic:s06:r2,always_nn,1.0,0.1038059235720527,0.8961940764279472,1.0,1.0,130.0,5.0
openbci,cross_task,6,stroop_to_arithmetic,arithmetic:s06:r2,cbsf,1.0,0.1038067986681439,0.896193201331856,1.0,1.0,130.0,5.0
openbci,cross_task,6,stroop_to_arithmetic,arithmetic:s06:r2,dasf_clean,1.0,0.10380592357205275,0.8961940764279472,1.0,1.0,130.0,5.0
openbci,cross_task,6,stroop_to_arithmetic,arithmetic:s06:r2,eeg_conformer,1.0,0.3260591185884107,0.6739408814115894,1.0,1.0,130.0,5.0
openbci,cross_task,6,stroop_to_arithmetic,arithmetic:s06:r2,eegnet,1.0,0.5309284867564118,0.46907151324358826,0.0,0.0,130.0,5.0
openbci,cross_task,6,stroop_to_arithmetic,arithmetic:s06:r2,equal_blend_050,1.0,0.4312377912219802,0.5687622087780198,1.0,1.0,130.0,5.0
openbci,cross_task,6,stroop_to_arithmetic,arithmetic:s06:r2,extra_trees,1.0,0.4976796986900444,0.5023203013099555,1.0,1.0,130.0,5.0
openbci,cross_task,6,stroop_to_arithmetic,arithmetic:s06:r2,fixed_blend_010,1.0,0.2235250261128991,0.7764749738871008,1.0,1.0,130.0,5.0
openbci,cross_task,6,stroop_to_arithmetic,arithmetic:s06:r2,fixed_blend_025,1.0,0.3165769740207692,0.6834230259792308,1.0,1.0,130.0,5.0
openbci,cross_task,6,stroop_to_arithmetic,arithmetic:s06:r2,rf,1.0,0.5791528959538513,0.4208471040461485,0.0,0.0,130.0,5.0
openbci,cross_task,6,stroop_to_arithmetic,arithmetic:s06:r2,riemann_mdm,1.0,0.9989013204227396,0.0010986795772604417,0.0,0.0,130.0,5.0
openbci,cross_task,6,stroop_to_arithmetic,arithmetic:s06:r2,riemann_ts_logreg,1.0,0.26710927995583494,0.7328907200441651,1.0,1.0,130.0,5.0
openbci,cross_task,6,stroop_to_arithmetic,arithmetic:s06:r2,stack_recording,1.0,0.3913591876885128,0.6086408123114871,1.0,1.0,130.0,5.0
openbci,cross_task,6,stroop_to_arithmetic,arithmetic:s06:r3,always_fuse,1.0,0.6804176482012612,0.3195823517987387,0.0,0.0,191.0,5.0
openbci,cross_task,6,stroop_to_arithmetic,arithmetic:s06:r3,always_nn,1.0,0.1064962854053806,0.8935037145946194,1.0,1.0,191.0,5.0
openbci,cross_task,6,stroop_to_arithmetic,arithmetic:s06:r3,cbsf,1.0,0.1064970277799419,0.893502972220058,1.0,1.0,191.0,5.0
openbci,cross_task,6,stroop_to_arithmetic,arithmetic:s06:r3,dasf_clean,1.0,0.10649628540538061,0.8935037145946194,1.0,1.0,191.0,5.0
openbci,cross_task,6,stroop_to_arithmetic,arithmetic:s06:r3,eeg_conformer,1.0,0.21373075497254204,0.7862692450274579,1.0,1.0,191.0,5.0
openbci,cross_task,6,stroop_to_arithmetic,arithmetic:s06:r3,eegnet,1.0,0.4978376007344544,0.5021623992655456,1.0,1.0,191.0,5.0
openbci,cross_task,6,stroop_to_arithmetic,arithmetic:s06:r3,equal_blend_050,1.0,0.4470910351649149,0.552908964835085,1.0,1.0,191.0,5.0
openbci,cross_task,6,stroop_to_arithmetic,arithmetic:s06:r3,extra_trees,1.0,0.3972944663976022,0.6027055336023979,1.0,1.0,191.0,5.0
openbci,cross_task,6,stroop_to_arithmetic,arithmetic:s06:r3,fixed_blend_010,1.0,0.2262382868089772,0.7737617131910228,1.0,1.0,191.0,5.0
openbci,cross_task,6,stroop_to_arithmetic,arithmetic:s06:r3,fixed_blend_025,1.0,0.3234496468732102,0.6765503531267898,1.0,1.0,191.0,5.0
openbci,cross_task,6,stroop_to_arithmetic,arithmetic:s06:r3,rf,1.0,0.4166119591651633,0.5833880408348366,1.0,1.0,191.0,5.0
openbci,cross_task,6,stroop_to_arithmetic,arithmetic:s06:r3,riemann_mdm,1.0,0.997609511781169,0.002390488218831001,0.0,0.0,191.0,5.0
openbci,cross_task,6,stroop_to_arithmetic,arithmetic:s06:r3,riemann_ts_logreg,1.0,0.4209831443271392,0.5790168556728609,1.0,1.0,191.0,5.0
openbci,cross_task,6,stroop_to_arithmetic,arithmetic:s06:r3,stack_recording,1.0,0.3902020458321181,0.6097979541678819,1.0,1.0,191.0,5.0
openbci,cross_task,7,arithmetic_to_stroop,stroop:s07:r0,always_fuse,0.0,0.7420450071304299,0.2579549928695701,0.0,1.0,169.0,5.0
openbci,cross_task,7,arithmetic_to_stroop,stroop:s07:r0,always_nn,0.0,0.9999464728301276,5.352716987219287e-05,0.0,1.0,169.0,5.0
openbci,cross_task,7,arithmetic_to_stroop,stroop:s07:r0,cbsf,0.0,0.7947609460640871,0.2052390539359129,0.0,1.0,169.0,5.0
openbci,cross_task,7,arithmetic_to_stroop,stroop:s07:r0,dasf_clean,0.0,0.9999464728301277,5.352716987219287e-05,0.0,1.0,169.0,5.0
openbci,cross_task,7,arithmetic_to_stroop,stroop:s07:r0,eeg_conformer,0.0,0.9954294473363436,0.004570552663656274,0.0,1.0,169.0,5.0
openbci,cross_task,7,arithmetic_to_stroop,stroop:s07:r0,eegnet,0.0,0.9943728680758307,0.005627131924169295,0.0,1.0,169.0,5.0
openbci,cross_task,7,arithmetic_to_stroop,stroop:s07:r0,equal_blend_050,0.0,0.8723124084500199,0.1276875915499801,0.0,1.0,169.0,5.0
openbci,cross_task,7,arithmetic_to_stroop,stroop:s07:r0,extra_trees,0.0,0.9999999997204208,2.7957909633263303e-10,0.0,1.0,169.0,5.0
openbci,cross_task,7,arithmetic_to_stroop,stroop:s07:r0,fixed_blend_010,0.0,0.9741420866289092,0.0258579133710909,0.0,1.0,169.0,5.0
openbci,cross_task,7,arithmetic_to_stroop,stroop:s07:r0,fixed_blend_025,0.0,0.9360366308543162,0.0639633691456837,0.0,1.0,169.0,5.0
openbci,cross_task,7,arithmetic_to_stroop,stroop:s07:r0,rf,0.0,0.999998192418259,1.807581740969496e-06,0.0,1.0,169.0,5.0
openbci,cross_task,7,arithmetic_to_stroop,stroop:s07:r0,riemann_mdm,0.0,0.9999999425680185,5.7431981439841384e-08,0.0,1.0,169.0,5.0
openbci,cross_task,7,arithmetic_to_stroop,stroop:s07:r0,riemann_ts_logreg,0.0,0.9999672725168132,3.272748318688853e-05,0.0,1.0,169.0,5.0
openbci,cross_task,7,arithmetic_to_stroop,stroop:s07:r0,stack_recording,0.0,0.8321927974267381,0.1678072025732619,0.0,1.0,169.0,5.0
openbci,cross_task,7,arithmetic_to_stroop,stroop:s07:r1,always_fuse,0.0,0.4794583873651204,0.5205416126348796,1.0,0.0,97.0,5.0
openbci,cross_task,7,arithmetic_to_stroop,stroop:s07:r1,always_nn,0.0,0.1083425560462444,0.8916574439537555,1.0,0.0,97.0,5.0
openbci,cross_task,7,arithmetic_to_stroop,stroop:s07:r1,cbsf,0.0,0.4201664524990488,0.5798335475009512,1.0,0.0,97.0,5.0
openbci,cross_task,7,arithmetic_to_stroop,stroop:s07:r1,dasf_clean,0.0,0.10834255604624449,0.8916574439537555,1.0,0.0,97.0,5.0
openbci,cross_task,7,arithmetic_to_stroop,stroop:s07:r1,eeg_conformer,0.0,0.00446723285083219,0.9955327671491678,1.0,0.0,97.0,5.0
openbci,cross_task,7,arithmetic_to_stroop,stroop:s07:r1,eegnet,0.0,0.7945801071791281,0.20541989282087192,0.0,1.0,97.0,5.0
openbci,cross_task,7,arithmetic_to_stroop,stroop:s07:r1,equal_blend_050,0.0,0.3267307203446724,0.6732692796553276,1.0,0.0,97.0,5.0
openbci,cross_task,7,arithmetic_to_stroop,stroop:s07:r1,extra_trees,0.0,0.5063533201588064,0.4936466798411936,0.0,1.0,97.0,5.0
openbci,cross_task,7,arithmetic_to_stroop,stroop:s07:r1,fixed_blend_010,0.0,0.1730324212119958,0.8269675787880042,1.0,0.0,97.0,5.0
openbci,cross_task,7,arithmetic_to_stroop,stroop:s07:r1,fixed_blend_025,0.0,0.2383736643195208,0.7616263356804791,1.0,0.0,97.0,5.0
openbci,cross_task,7,arithmetic_to_stroop,stroop:s07:r1,rf,0.0,0.6479176396072032,0.3520823603927969,0.0,1.0,97.0,5.0
openbci,cross_task,7,arithmetic_to_stroop,stroop:s07:r1,riemann_mdm,0.0,7.450772926945065e-05,0.9999254922707306,1.0,0.0,97.0,5.0
openbci,cross_task,7,arithmetic_to_stroop,stroop:s07:r1,riemann_ts_logreg,0.0,0.002351737960074165,0.9976482620399257,1.0,0.0,97.0,5.0
openbci,cross_task,7,arithmetic_to_stroop,stroop:s07:r1,stack_recording,0.0,0.434203311016666,0.565796688983334,1.0,0.0,97.0,5.0
openbci,cross_task,7,arithmetic_to_stroop,stroop:s07:r2,always_fuse,1.0,0.4653616086777392,0.5346383913222609,1.0,1.0,96.0,5.0
openbci,cross_task,7,arithmetic_to_stroop,stroop:s07:r2,always_nn,1.0,0.0403558574944796,0.9596441425055204,1.0,1.0,96.0,5.0
openbci,cross_task,7,arithmetic_to_stroop,stroop:s07:r2,cbsf,1.0,0.3897284916648367,0.6102715083351633,1.0,1.0,96.0,5.0
openbci,cross_task,7,arithmetic_to_stroop,stroop:s07:r2,dasf_clean,1.0,0.04035585749447966,0.9596441425055203,1.0,1.0,96.0,5.0
openbci,cross_task,7,arithmetic_to_stroop,stroop:s07:r2,eeg_conformer,1.0,0.004909934163619943,0.99509006583638,1.0,1.0,96.0,5.0
openbci,cross_task,7,arithmetic_to_stroop,stroop:s07:r2,eegnet,1.0,0.4698091410820005,0.5301908589179994,1.0,1.0,96.0,5.0
openbci,cross_task,7,arithmetic_to_stroop,stroop:s07:r2,equal_blend_050,1.0,0.2739029562306656,0.7260970437693345,1.0,1.0,96.0,5.0
openbci,cross_task,7,arithmetic_to_stroop,stroop:s07:r2,extra_trees,1.0,0.2606092949798128,0.7393907050201872,1.0,1.0,96.0,5.0
openbci,cross_task,7,arithmetic_to_stroop,stroop:s07:r2,fixed_blend_010,1.0,0.103195839502903,0.8968041604970969,1.0,1.0,96.0,5.0
openbci,cross_task,7,arithmetic_to_stroop,stroop:s07:r2,fixed_blend_025,1.0,0.1716948903564242,0.8283051096435757,1.0,1.0,96.0,5.0
openbci,cross_task,7,arithmetic_to_stroop,stroop:s07:r2,rf,1.0,0.3263587970349737,0.6736412029650262,1.0,1.0,96.0,5.0
openbci,cross_task,7,arithmetic_to_stroop,stroop:s07:r2,riemann_mdm,1.0,4.838528647800767e-08,0.9999999516147134,1.0,1.0,96.0,5.0
openbci,cross_task,7,arithmetic_to_stroop,stroop:s07:r2,riemann_ts_logreg,1.0,9.376583938610368e-05,0.9999062341606139,1.0,1.0,96.0,5.0
openbci,cross_task,7,arithmetic_to_stroop,stroop:s07:r2,stack_recording,1.0,0.393228909594307,0.606771090405693,1.0,1.0,96.0,5.0
openbci,cross_task,7,arithmetic_to_stroop,stroop:s07:r3,always_fuse,1.0,0.4432743045942394,0.5567256954057606,1.0,1.0,179.0,5.0
openbci,cross_task,7,arithmetic_to_stroop,stroop:s07:r3,always_nn,1.0,0.0449067853026102,0.9550932146973898,1.0,1.0,179.0,5.0
openbci,cross_task,7,arithmetic_to_stroop,stroop:s07:r3,cbsf,1.0,0.373748448029546,0.626251551970454,1.0,1.0,179.0,5.0
openbci,cross_task,7,arithmetic_to_stroop,stroop:s07:r3,dasf_clean,1.0,0.044906785302610205,0.9550932146973898,1.0,1.0,179.0,5.0
openbci,cross_task,7,arithmetic_to_stroop,stroop:s07:r3,eeg_conformer,1.0,0.003864361002853676,0.9961356389971464,1.0,1.0,179.0,5.0
openbci,cross_task,7,arithmetic_to_stroop,stroop:s07:r3,eegnet,1.0,0.5985200469045172,0.4014799530954828,0.0,0.0,179.0,5.0
openbci,cross_task,7,arithmetic_to_stroop,stroop:s07:r3,equal_blend_050,1.0,0.2666166090814777,0.7333833909185223,1.0,1.0,179.0,5.0
openbci,cross_task,7,arithmetic_to_stroop,stroop:s07:r3,extra_trees,1.0,0.4003914314199004,0.5996085685800996,1.0,1.0,179.0,5.0
openbci,cross_task,7,arithmetic_to_stroop,stroop:s07:r3,fixed_blend_010,1.0,0.1047617004084827,0.8952382995915172,1.0,1.0,179.0,5.0
openbci,cross_task,7,arithmetic_to_stroop,stroop:s07:r3,fixed_blend_025,1.0,0.1704490168084215,0.8295509831915785,1.0,1.0,179.0,5.0
openbci,cross_task,7,arithmetic_to_stroop,stroop:s07:r3,rf,1.0,0.5098333189750642,0.4901666810249357,0.0,0.0,179.0,5.0
openbci,cross_task,7,arithmetic_to_stroop,stroop:s07:r3,riemann_mdm,1.0,1.0626909420547036e-07,0.9999998937309058,1.0,1.0,179.0,5.0
openbci,cross_task,7,arithmetic_to_stroop,stroop:s07:r3,riemann_ts_logreg,1.0,0.00012779339767920872,0.9998722066023208,1.0,1.0,179.0,5.0
openbci,cross_task,7,arithmetic_to_stroop,stroop:s07:r3,stack_recording,1.0,0.3991447748784043,0.6008552251215957,1.0,1.0,179.0,5.0
openbci,cross_task,7,stroop_to_arithmetic,arithmetic:s07:r0,always_fuse,0.0,0.554438168977437,0.4455618310225629,0.0,1.0,169.0,5.0
openbci,cross_task,7,stroop_to_arithmetic,arithmetic:s07:r0,always_nn,0.0,0.9999991802528612,8.197471387563342e-07,0.0,1.0,169.0,5.0
openbci,cross_task,7,stroop_to_arithmetic,arithmetic:s07:r0,cbsf,0.0,0.6473478240667331,0.3526521759332669,0.0,1.0,169.0,5.0
openbci,cross_task,7,stroop_to_arithmetic,arithmetic:s07:r0,dasf_clean,0.0,0.9999991802528613,8.197471387563342e-07,0.0,1.0,169.0,5.0
openbci,cross_task,7,stroop_to_arithmetic,arithmetic:s07:r0,eeg_conformer,0.0,0.9965005018167771,0.0034994981832229795,0.0,1.0,169.0,5.0
openbci,cross_task,7,stroop_to_arithmetic,arithmetic:s07:r0,eegnet,0.0,0.5828317307796488,0.4171682692203513,0.0,1.0,169.0,5.0
openbci,cross_task,7,stroop_to_arithmetic,arithmetic:s07:r0,equal_blend_050,0.0,0.7819682759275269,0.2180317240724731,0.0,1.0,169.0,5.0
openbci,cross_task,7,stroop_to_arithmetic,arithmetic:s07:r0,extra_trees,0.0,0.9999999759836794,2.4016320661938683e-08,0.0,1.0,169.0,5.0
openbci,cross_task,7,stroop_to_arithmetic,arithmetic:s07:r0,fixed_blend_010,0.0,0.9567962421937132,0.0432037578062868,0.0,1.0,169.0,5.0
openbci,cross_task,7,stroop_to_arithmetic,arithmetic:s07:r0,fixed_blend_025,0.0,0.8916714583791061,0.1083285416208938,0.0,1.0,169.0,5.0
openbci,cross_task,7,stroop_to_arithmetic,arithmetic:s07:r0,rf,0.0,0.9999993109438984,6.890561016010954e-07,0.0,1.0,169.0,5.0
openbci,cross_task,7,stroop_to_arithmetic,arithmetic:s07:r0,riemann_mdm,0.0,0.9999999988878858,1.1121142222645016e-09,0.0,1.0,169.0,5.0
openbci,cross_task,7,stroop_to_arithmetic,arithmetic:s07:r0,riemann_ts_logreg,0.0,0.9999999299965492,7.000345078226553e-08,0.0,1.0,169.0,5.0
openbci,cross_task,7,stroop_to_arithmetic,arithmetic:s07:r0,stack_recording,0.0,0.8779136685724145,0.1220863314275855,0.0,1.0,169.0,5.0
openbci,cross_task,7,stroop_to_arithmetic,arithmetic:s07:r1,always_fuse,0.0,0.2044274296495653,0.7955725703504347,1.0,0.0,36.0,5.0
openbci,cross_task,7,stroop_to_arithmetic,arithmetic:s07:r1,always_nn,0.0,1.6477369669170232e-05,0.9999835226303307,1.0,0.0,36.0,5.0
openbci,cross_task,7,stroop_to_arithmetic,arithmetic:s07:r1,cbsf,0.0,0.1635416513615052,0.8364583486384948,1.0,0.0,36.0,5.0
openbci,cross_task,7,stroop_to_arithmetic,arithmetic:s07:r1,dasf_clean,0.0,1.6477369669170232e-05,0.9999835226303307,1.0,0.0,36.0,5.0
openbci,cross_task,7,stroop_to_arithmetic,arithmetic:s07:r1,eeg_conformer,0.0,0.0033029214194248203,0.9966970785805752,1.0,0.0,36.0,5.0
openbci,cross_task,7,stroop_to_arithmetic,arithmetic:s07:r1,eegnet,0.0,0.5103645378185563,0.4896354621814437,0.0,1.0,36.0,5.0
openbci,cross_task,7,stroop_to_arithmetic,arithmetic:s07:r1,equal_blend_050,0.0,0.1022284734080974,0.8977715265919025,1.0,0.0,36.0,5.0
openbci,cross_task,7,stroop_to_arithmetic,arithmetic:s07:r1,extra_trees,0.0,0.3495242520646511,0.6504757479353489,1.0,0.0,36.0,5.0
openbci,cross_task,7,stroop_to_arithmetic,arithmetic:s07:r1,fixed_blend_010,0.0,0.0204972470030546,0.9795027529969452,1.0,0.0,36.0,5.0
openbci,cross_task,7,stroop_to_arithmetic,arithmetic:s07:r1,fixed_blend_025,0.0,0.0511442049093776,0.9488557950906223,1.0,0.0,36.0,5.0
openbci,cross_task,7,stroop_to_arithmetic,arithmetic:s07:r1,rf,0.0,0.351560596065065,0.6484394039349349,1.0,0.0,36.0,5.0
openbci,cross_task,7,stroop_to_arithmetic,arithmetic:s07:r1,riemann_mdm,0.0,0.6520163236274354,0.3479836763725646,0.0,1.0,36.0,5.0
openbci,cross_task,7,stroop_to_arithmetic,arithmetic:s07:r1,riemann_ts_logreg,0.0,0.9899331805229701,0.010066819477029901,0.0,1.0,36.0,5.0
openbci,cross_task,7,stroop_to_arithmetic,arithmetic:s07:r1,stack_recording,0.0,0.142463777468335,0.857536222531665,1.0,0.0,36.0,5.0
openbci,cross_task,7,stroop_to_arithmetic,arithmetic:s07:r2,always_fuse,1.0,0.201637502164917,0.798362497835083,1.0,1.0,46.0,5.0
openbci,cross_task,7,stroop_to_arithmetic,arithmetic:s07:r2,always_nn,1.0,2.221377554922635e-05,0.9999777862244508,1.0,1.0,46.0,5.0
openbci,cross_task,7,stroop_to_arithmetic,arithmetic:s07:r2,cbsf,1.0,0.1612977068265817,0.8387022931734183,1.0,1.0,46.0,5.0
openbci,cross_task,7,stroop_to_arithmetic,arithmetic:s07:r2,dasf_clean,1.0,2.221377554922635e-05,0.9999777862244509,1.0,1.0,46.0,5.0
openbci,cross_task,7,stroop_to_arithmetic,arithmetic:s07:r2,eeg_conformer,1.0,0.0030695997907506352,0.9969304002092494,1.0,1.0,46.0,5.0
openbci,cross_task,7,stroop_to_arithmetic,arithmetic:s07:r2,eegnet,1.0,0.47319420525272643,0.5268057947472736,1.0,1.0,46.0,5.0
openbci,cross_task,7,stroop_to_arithmetic,arithmetic:s07:r2,equal_blend_050,1.0,0.1008203954277545,0.8991796045722454,1.0,1.0,46.0,5.0
openbci,cross_task,7,stroop_to_arithmetic,arithmetic:s07:r2,extra_trees,1.0,0.3008074730226948,0.6991925269773053,1.0,1.0,46.0,5.0
openbci,cross_task,7,stroop_to_arithmetic,arithmetic:s07:r2,fixed_blend_010,1.0,0.0202286426851393,0.9797713573148608,1.0,1.0,46.0,5.0
openbci,cross_task,7,stroop_to_arithmetic,arithmetic:s07:r2,fixed_blend_025,1.0,0.0504454432365935,0.9495545567634064,1.0,1.0,46.0,5.0
openbci,cross_task,7,stroop_to_arithmetic,arithmetic:s07:r2,rf,1.0,0.2999436911645729,0.700056308835427,1.0,1.0,46.0,5.0
openbci,cross_task,7,stroop_to_arithmetic,arithmetic:s07:r2,riemann_mdm,1.0,0.005220928578594851,0.9947790714214052,1.0,1.0,46.0,5.0
openbci,cross_task,7,stroop_to_arithmetic,arithmetic:s07:r2,riemann_ts_logreg,1.0,0.990233497979857,0.009766502020143005,0.0,0.0,46.0,5.0
openbci,cross_task,7,stroop_to_arithmetic,arithmetic:s07:r2,stack_recording,1.0,0.1483892290929583,0.8516107709070416,1.0,1.0,46.0,5.0
openbci,cross_task,7,stroop_to_arithmetic,arithmetic:s07:r3,always_fuse,1.0,0.2027342843814208,0.7972657156185792,1.0,1.0,102.0,5.0
openbci,cross_task,7,stroop_to_arithmetic,arithmetic:s07:r3,always_nn,1.0,1.720758243566756e-05,0.9999827924175644,1.0,1.0,102.0,5.0
openbci,cross_task,7,stroop_to_arithmetic,arithmetic:s07:r3,cbsf,1.0,0.1621663506915943,0.8378336493084056,1.0,1.0,102.0,5.0
openbci,cross_task,7,stroop_to_arithmetic,arithmetic:s07:r3,dasf_clean,1.0,1.720758243566756e-05,0.9999827924175643,1.0,1.0,102.0,5.0
openbci,cross_task,7,stroop_to_arithmetic,arithmetic:s07:r3,eeg_conformer,1.0,0.003998970367436094,0.996001029632564,1.0,1.0,102.0,5.0
openbci,cross_task,7,stroop_to_arithmetic,arithmetic:s07:r3,eegnet,1.0,0.49400365780031086,0.5059963421996891,1.0,1.0,102.0,5.0
openbci,cross_task,7,stroop_to_arithmetic,arithmetic:s07:r3,equal_blend_050,1.0,0.1013448587627073,0.8986551412372926,1.0,1.0,102.0,5.0
openbci,cross_task,7,stroop_to_arithmetic,arithmetic:s07:r3,extra_trees,1.0,0.312017598748567,0.687982401251433,1.0,1.0,102.0,5.0
openbci,cross_task,7,stroop_to_arithmetic,arithmetic:s07:r3,fixed_blend_010,1.0,0.0202905443209357,0.9797094556790642,1.0,1.0,102.0,5.0
openbci,cross_task,7,stroop_to_arithmetic,arithmetic:s07:r3,fixed_blend_025,1.0,0.0506811103654632,0.9493188896345368,1.0,1.0,102.0,5.0
openbci,cross_task,7,stroop_to_arithmetic,arithmetic:s07:r3,rf,1.0,0.3221435865301201,0.6778564134698798,1.0,1.0,102.0,5.0
openbci,cross_task,7,stroop_to_arithmetic,arithmetic:s07:r3,riemann_mdm,1.0,0.0008936124702794674,0.9991063875297205,1.0,1.0,102.0,5.0
openbci,cross_task,7,stroop_to_arithmetic,arithmetic:s07:r3,riemann_ts_logreg,1.0,0.36939759389067506,0.630602406109325,1.0,1.0,102.0,5.0
openbci,cross_task,7,stroop_to_arithmetic,arithmetic:s07:r3,stack_recording,1.0,0.1433748195325578,0.8566251804674422,1.0,1.0,102.0,5.0
openbci,cross_task,8,arithmetic_to_stroop,stroop:s08:r0,always_fuse,0.0,0.7776787270647445,0.2223212729352555,0.0,1.0,190.0,5.0
openbci,cross_task,8,arithmetic_to_stroop,stroop:s08:r0,always_nn,0.0,0.9999996276863914,3.723136086566662e-07,0.0,1.0,190.0,5.0
openbci,cross_task,8,arithmetic_to_stroop,stroop:s08:r0,cbsf,0.0,0.9999991504853508,8.495146490802162e-07,0.0,1.0,190.0,5.0
openbci,cross_task,8,arithmetic_to_stroop,stroop:s08:r0,dasf_clean,0.0,0.9999996276863914,3.723136086566662e-07,0.0,1.0,190.0,5.0
openbci,cross_task,8,arithmetic_to_stroop,stroop:s08:r0,eeg_conformer,0.0,0.9935117105474334,0.006488289452566624,0.0,1.0,190.0,5.0
openbci,cross_task,8,arithmetic_to_stroop,stroop:s08:r0,eegnet,0.0,0.9920750427738789,0.007924957226121118,0.0,1.0,190.0,5.0
openbci,cross_task,8,arithmetic_to_stroop,stroop:s08:r0,equal_blend_050,0.0,0.8889045203020937,0.1110954796979064,0.0,1.0,190.0,5.0
openbci,cross_task,8,arithmetic_to_stroop,stroop:s08:r0,extra_trees,0.0,0.9832549780613592,0.0167450219386407,0.0,1.0,190.0,5.0
openbci,cross_task,8,arithmetic_to_stroop,stroop:s08:r0,fixed_blend_010,0.0,0.9777876127693624,0.0222123872306375,0.0,1.0,190.0,5.0
openbci,cross_task,8,arithmetic_to_stroop,stroop:s08:r0,fixed_blend_025,0.0,0.9444647591816424,0.0555352408183576,0.0,1.0,190.0,5.0
openbci,cross_task,8,arithmetic_to_stroop,stroop:s08:r0,rf,0.0,0.9744227875553874,0.0255772124446125,0.0,1.0,190.0,5.0
openbci,cross_task,8,arithmetic_to_stroop,stroop:s08:r0,riemann_mdm,0.0,0.6900309422058538,0.3099690577941462,0.0,1.0,190.0,5.0
openbci,cross_task,8,arithmetic_to_stroop,stroop:s08:r0,riemann_ts_logreg,0.0,0.9987677070440389,0.001232292955961076,0.0,1.0,190.0,5.0
openbci,cross_task,8,arithmetic_to_stroop,stroop:s08:r0,stack_recording,0.0,0.9047543305850736,0.0952456694149264,0.0,1.0,190.0,5.0
openbci,cross_task,8,arithmetic_to_stroop,stroop:s08:r1,always_fuse,0.0,0.5135319578260448,0.4864680421739553,0.0,1.0,162.0,5.0
openbci,cross_task,8,arithmetic_to_stroop,stroop:s08:r1,always_nn,0.0,0.064335707436416,0.935664292563584,1.0,0.0,162.0,5.0
openbci,cross_task,8,arithmetic_to_stroop,stroop:s08:r1,cbsf,0.0,0.0699112344706227,0.9300887655293774,1.0,0.0,162.0,5.0
openbci,cross_task,8,arithmetic_to_stroop,stroop:s08:r1,dasf_clean,0.0,0.06433570743641603,0.935664292563584,1.0,0.0,162.0,5.0
openbci,cross_task,8,arithmetic_to_stroop,stroop:s08:r1,eeg_conformer,0.0,0.5068238459779596,0.4931761540220405,0.0,1.0,162.0,5.0
openbci,cross_task,8,arithmetic_to_stroop,stroop:s08:r1,eegnet,0.0,0.1562163958744118,0.8437836041255882,1.0,0.0,162.0,5.0
openbci,cross_task,8,arithmetic_to_stroop,stroop:s08:r1,equal_blend_050,0.0,0.4426927013633483,0.5573072986366517,1.0,0.0,162.0,5.0
openbci,cross_task,8,arithmetic_to_stroop,stroop:s08:r1,extra_trees,0.0,0.4653208932611182,0.5346791067388819,1.0,0.0,162.0,5.0
openbci,cross_task,8,arithmetic_to_stroop,stroop:s08:r1,fixed_blend_010,0.0,0.334703665019736,0.665296334980264,1.0,0.0,162.0,5.0
openbci,cross_task,8,arithmetic_to_stroop,stroop:s08:r1,fixed_blend_025,0.0,0.3908576275421372,0.6091423724578626,1.0,0.0,162.0,5.0
openbci,cross_task,8,arithmetic_to_stroop,stroop:s08:r1,rf,0.0,0.5300820594227893,0.4699179405772107,0.0,1.0,162.0,5.0
openbci,cross_task,8,arithmetic_to_stroop,stroop:s08:r1,riemann_mdm,0.0,0.4063833708382789,0.5936166291617211,1.0,0.0,162.0,5.0
openbci,cross_task,8,arithmetic_to_stroop,stroop:s08:r1,riemann_ts_logreg,0.0,0.06781933899052217,0.9321806610094777,1.0,0.0,162.0,5.0
openbci,cross_task,8,arithmetic_to_stroop,stroop:s08:r1,stack_recording,0.0,0.4084737865912545,0.5915262134087454,1.0,0.0,162.0,5.0
openbci,cross_task,8,arithmetic_to_stroop,stroop:s08:r2,always_fuse,1.0,0.4840711373406088,0.5159288626593911,1.0,1.0,160.0,5.0
openbci,cross_task,8,arithmetic_to_stroop,stroop:s08:r2,always_nn,1.0,0.0188426964766243,0.9811573035233756,1.0,1.0,160.0,5.0
openbci,cross_task,8,arithmetic_to_stroop,stroop:s08:r2,cbsf,1.0,0.0205284773812022,0.9794715226187976,1.0,1.0,160.0,5.0
openbci,cross_task,8,arithmetic_to_stroop,stroop:s08:r2,dasf_clean,1.0,0.018842696476624343,0.9811573035233757,1.0,1.0,160.0,5.0
openbci,cross_task,8,arithmetic_to_stroop,stroop:s08:r2,eeg_conformer,1.0,0.38579590286414855,0.6142040971358514,1.0,1.0,160.0,5.0
openbci,cross_task,8,arithmetic_to_stroop,stroop:s08:r2,eegnet,1.0,0.5459105035134121,0.45408949648658786,0.0,0.0,160.0,5.0
openbci,cross_task,8,arithmetic_to_stroop,stroop:s08:r2,equal_blend_050,1.0,0.3926192029537568,0.6073807970462433,1.0,1.0,160.0,5.0
openbci,cross_task,8,arithmetic_to_stroop,stroop:s08:r2,extra_trees,1.0,0.3236448719850845,0.6763551280149155,1.0,1.0,160.0,5.0
openbci,cross_task,8,arithmetic_to_stroop,stroop:s08:r2,fixed_blend_010,1.0,0.2527849160599336,0.7472150839400664,1.0,1.0,160.0,5.0
openbci,cross_task,8,arithmetic_to_stroop,stroop:s08:r2,fixed_blend_025,1.0,0.3246632498869405,0.6753367501130595,1.0,1.0,160.0,5.0
openbci,cross_task,8,arithmetic_to_stroop,stroop:s08:r2,rf,1.0,0.3542530082714833,0.6457469917285167,1.0,1.0,160.0,5.0
openbci,cross_task,8,arithmetic_to_stroop,stroop:s08:r2,riemann_mdm,1.0,0.4702885633346249,0.5297114366653751,1.0,1.0,160.0,5.0
openbci,cross_task,8,arithmetic_to_stroop,stroop:s08:r2,riemann_ts_logreg,1.0,0.6218942825103682,0.3781057174896319,0.0,0.0,160.0,5.0
openbci,cross_task,8,arithmetic_to_stroop,stroop:s08:r2,stack_recording,1.0,0.3609663917571624,0.6390336082428376,1.0,1.0,160.0,5.0
openbci,cross_task,8,arithmetic_to_stroop,stroop:s08:r3,always_fuse,1.0,0.4849176144512571,0.5150823855487429,1.0,1.0,234.0,5.0
openbci,cross_task,8,arithmetic_to_stroop,stroop:s08:r3,always_nn,1.0,0.0265134927690909,0.973486507230909,1.0,1.0,234.0,5.0
openbci,cross_task,8,arithmetic_to_stroop,stroop:s08:r3,cbsf,1.0,0.0276979378905813,0.9723020621094188,1.0,1.0,234.0,5.0
openbci,cross_task,8,arithmetic_to_stroop,stroop:s08:r3,dasf_clean,1.0,0.026513492769090964,0.973486507230909,1.0,1.0,234.0,5.0
openbci,cross_task,8,arithmetic_to_stroop,stroop:s08:r3,eeg_conformer,1.0,0.38245369558349424,0.6175463044165057,1.0,1.0,234.0,5.0
openbci,cross_task,8,arithmetic_to_stroop,stroop:s08:r3,eegnet,1.0,0.6212325508968444,0.3787674491031557,0.0,0.0,234.0,5.0
openbci,cross_task,8,arithmetic_to_stroop,stroop:s08:r3,equal_blend_050,1.0,0.3956150823101897,0.6043849176898102,1.0,1.0,234.0,5.0
openbci,cross_task,8,arithmetic_to_stroop,stroop:s08:r3,extra_trees,1.0,0.3354565838436825,0.6645434161563174,1.0,1.0,234.0,5.0
openbci,cross_task,8,arithmetic_to_stroop,stroop:s08:r3,fixed_blend_010,1.0,0.2613375383316759,0.738662461668324,1.0,1.0,234.0,5.0
openbci,cross_task,8,arithmetic_to_stroop,stroop:s08:r3,fixed_blend_025,1.0,0.3298768704618244,0.6701231295381755,1.0,1.0,234.0,5.0
openbci,cross_task,8,arithmetic_to_stroop,stroop:s08:r3,rf,1.0,0.3637028295377406,0.6362971704622593,1.0,1.0,234.0,5.0
openbci,cross_task,8,arithmetic_to_stroop,stroop:s08:r3,riemann_mdm,1.0,0.5063514878617256,0.4936485121382745,0.0,0.0,234.0,5.0
openbci,cross_task,8,arithmetic_to_stroop,stroop:s08:r3,riemann_ts_logreg,1.0,0.8197948425317753,0.18020515746822474,0.0,0.0,234.0,5.0
openbci,cross_task,8,arithmetic_to_stroop,stroop:s08:r3,stack_recording,1.0,0.3742479152292771,0.6257520847707229,1.0,1.0,234.0,5.0
openbci,cross_task,8,stroop_to_arithmetic,arithmetic:s08:r0,always_fuse,0.0,0.9637108517802886,0.0362891482197114,0.0,1.0,190.0,5.0
openbci,cross_task,8,stroop_to_arithmetic,arithmetic:s08:r0,always_nn,0.0,0.9999997645495042,2.354504957835961e-07,0.0,1.0,190.0,5.0
openbci,cross_task,8,stroop_to_arithmetic,arithmetic:s08:r0,cbsf,0.0,0.9999945879685028,5.412031497190816e-06,0.0,1.0,190.0,5.0
openbci,cross_task,8,stroop_to_arithmetic,arithmetic:s08:r0,dasf_clean,0.0,0.9999997645495042,2.354504957835961e-07,0.0,1.0,190.0,5.0
openbci,cross_task,8,stroop_to_arithmetic,arithmetic:s08:r0,eeg_conformer,0.0,0.9560262299000178,0.04397377009998215,0.0,1.0,190.0,5.0
openbci,cross_task,8,stroop_to_arithmetic,arithmetic:s08:r0,eegnet,0.0,0.7758018950716981,0.22419810492830186,0.0,1.0,190.0,5.0
openbci,cross_task,8,stroop_to_arithmetic,arithmetic:s08:r0,equal_blend_050,0.0,0.981947232593822,0.0180527674061779,0.0,1.0,190.0,5.0
openbci,cross_task,8,stroop_to_arithmetic,arithmetic:s08:r0,extra_trees,0.0,0.9909461074026364,0.0090538925973636,0.0,1.0,190.0,5.0
openbci,cross_task,8,stroop_to_arithmetic,arithmetic:s08:r0,fixed_blend_010,0.0,0.9963947737206096,0.0036052262793904,0.0,1.0,190.0,5.0
openbci,cross_task,8,stroop_to_arithmetic,arithmetic:s08:r0,fixed_blend_025,0.0,0.9909909878276848,0.0090090121723151,0.0,1.0,190.0,5.0
openbci,cross_task,8,stroop_to_arithmetic,arithmetic:s08:r0,rf,0.0,0.9974423105452004,0.0025576894547997,0.0,1.0,190.0,5.0
openbci,cross_task,8,stroop_to_arithmetic,arithmetic:s08:r0,riemann_mdm,0.0,0.7149699143642249,0.28503008563577514,0.0,1.0,190.0,5.0
openbci,cross_task,8,stroop_to_arithmetic,arithmetic:s08:r0,riemann_ts_logreg,0.0,0.9924187191568621,0.007581280843137908,0.0,1.0,190.0,5.0
openbci,cross_task,8,stroop_to_arithmetic,arithmetic:s08:r0,stack_recording,0.0,0.8267708503088012,0.1732291496911989,0.0,1.0,190.0,5.0
openbci,cross_task,8,stroop_to_arithmetic,arithmetic:s08:r1,always_fuse,0.0,0.6193668591771885,0.3806331408228115,0.0,1.0,278.0,5.0
openbci,cross_task,8,stroop_to_arithmetic,arithmetic:s08:r1,always_nn,0.0,0.6223279801177104,0.3776720198822895,0.0,1.0,278.0,5.0
openbci,cross_task,8,stroop_to_arithmetic,arithmetic:s08:r1,cbsf,0.0,0.5630825309324711,0.436917469067529,0.0,1.0,278.0,5.0
openbci,cross_task,8,stroop_to_arithmetic,arithmetic:s08:r1,dasf_clean,0.0,0.6223279801177104,0.3776720198822895,0.0,1.0,278.0,5.0
openbci,cross_task,8,stroop_to_arithmetic,arithmetic:s08:r1,eeg_conformer,0.0,0.32900360155225244,0.6709963984477476,1.0,0.0,278.0,5.0
openbci,cross_task,8,stroop_to_arithmetic,arithmetic:s08:r1,eegnet,0.0,0.4712842462682359,0.528715753731764,1.0,0.0,278.0,5.0
openbci,cross_task,8,stroop_to_arithmetic,arithmetic:s08:r1,equal_blend_050,0.0,0.5912972878404217,0.4087027121595782,0.0,1.0,278.0,5.0
openbci,cross_task,8,stroop_to_arithmetic,arithmetic:s08:r1,extra_trees,0.0,0.50921590419824,0.4907840958017599,0.0,1.0,278.0,5.0
openbci,cross_task,8,stroop_to_arithmetic,arithmetic:s08:r1,fixed_blend_010,0.0,0.5683465368079385,0.4316534631920616,0.0,1.0,278.0,5.0
openbci,cross_task,8,stroop_to_arithmetic,arithmetic:s08:r1,fixed_blend_025,0.0,0.5785150802775826,0.4214849197224173,0.0,1.0,278.0,5.0
openbci,cross_task,8,stroop_to_arithmetic,arithmetic:s08:r1,rf,0.0,0.4742893786105644,0.5257106213894356,1.0,0.0,278.0,5.0
openbci,cross_task,8,stroop_to_arithmetic,arithmetic:s08:r1,riemann_mdm,0.0,0.512126659712361,0.487873340287639,0.0,1.0,278.0,5.0
openbci,cross_task,8,stroop_to_arithmetic,arithmetic:s08:r1,riemann_ts_logreg,0.0,0.7092334799024109,0.29076652009758897,0.0,1.0,278.0,5.0
openbci,cross_task,8,stroop_to_arithmetic,arithmetic:s08:r1,stack_recording,0.0,0.4852912469396594,0.5147087530603406,1.0,0.0,278.0,5.0
openbci,cross_task,8,stroop_to_arithmetic,arithmetic:s08:r2,always_fuse,1.0,0.6109155133059954,0.3890844866940046,0.0,0.0,259.0,5.0
openbci,cross_task,8,stroop_to_arithmetic,arithmetic:s08:r2,always_nn,1.0,0.3240645583616227,0.6759354416383773,1.0,1.0,259.0,5.0
openbci,cross_task,8,stroop_to_arithmetic,arithmetic:s08:r2,cbsf,1.0,0.3267320086076471,0.6732679913923528,1.0,1.0,259.0,5.0
openbci,cross_task,8,stroop_to_arithmetic,arithmetic:s08:r2,dasf_clean,1.0,0.3240645583616227,0.6759354416383773,1.0,1.0,259.0,5.0
openbci,cross_task,8,stroop_to_arithmetic,arithmetic:s08:r2,eeg_conformer,1.0,0.3599369327350073,0.6400630672649927,1.0,1.0,259.0,5.0
openbci,cross_task,8,stroop_to_arithmetic,arithmetic:s08:r2,eegnet,1.0,0.5763508271632949,0.42364917283670506,0.0,0.0,259.0,5.0
openbci,cross_task,8,stroop_to_arithmetic,arithmetic:s08:r2,equal_blend_050,1.0,0.5577004204496303,0.4422995795503697,0.0,0.0,259.0,5.0
openbci,cross_task,8,stroop_to_arithmetic,arithmetic:s08:r2,extra_trees,1.0,0.5240300430139809,0.475969956986019,0.0,0.0,259.0,5.0
openbci,cross_task,8,stroop_to_arithmetic,arithmetic:s08:r2,fixed_blend_010,1.0,0.487886710728882,0.5121132892711179,1.0,1.0,259.0,5.0
openbci,cross_task,8,stroop_to_arithmetic,arithmetic:s08:r2,fixed_blend_025,1.0,0.5239298920089706,0.4760701079910293,0.0,0.0,259.0,5.0
openbci,cross_task,8,stroop_to_arithmetic,arithmetic:s08:r2,rf,1.0,0.5235542812166789,0.476445718783321,0.0,0.0,259.0,5.0
openbci,cross_task,8,stroop_to_arithmetic,arithmetic:s08:r2,riemann_mdm,1.0,0.6051013855304133,0.3948986144695867,0.0,0.0,259.0,5.0
openbci,cross_task,8,stroop_to_arithmetic,arithmetic:s08:r2,riemann_ts_logreg,1.0,0.6019446081883895,0.3980553918116105,0.0,0.0,259.0,5.0
openbci,cross_task,8,stroop_to_arithmetic,arithmetic:s08:r2,stack_recording,1.0,0.4447435239246655,0.5552564760753345,1.0,1.0,259.0,5.0
openbci,cross_task,8,stroop_to_arithmetic,arithmetic:s08:r3,always_fuse,1.0,0.4381239655749997,0.5618760344250003,1.0,1.0,311.0,5.0
openbci,cross_task,8,stroop_to_arithmetic,arithmetic:s08:r3,always_nn,1.0,0.0012269080705283,0.9987730919294716,1.0,1.0,311.0,5.0
openbci,cross_task,8,stroop_to_arithmetic,arithmetic:s08:r3,cbsf,1.0,0.0072875343354343,0.9927124656645656,1.0,1.0,311.0,5.0
openbci,cross_task,8,stroop_to_arithmetic,arithmetic:s08:r3,dasf_clean,1.0,0.0012269080705283554,0.9987730919294716,1.0,1.0,311.0,5.0
openbci,cross_task,8,stroop_to_arithmetic,arithmetic:s08:r3,eeg_conformer,1.0,0.12624730704715412,0.873752692952846,1.0,1.0,311.0,5.0
openbci,cross_task,8,stroop_to_arithmetic,arithmetic:s08:r3,eegnet,1.0,0.5158307948898821,0.4841692051101179,0.0,0.0,311.0,5.0
openbci,cross_task,8,stroop_to_arithmetic,arithmetic:s08:r3,equal_blend_050,1.0,0.3270441910616321,0.6729558089383679,1.0,1.0,311.0,5.0
openbci,cross_task,8,stroop_to_arithmetic,arithmetic:s08:r3,extra_trees,1.0,0.2883633910406318,0.7116366089593682,1.0,1.0,311.0,5.0
openbci,cross_task,8,stroop_to_arithmetic,arithmetic:s08:r3,fixed_blend_010,1.0,0.1689450522326863,0.8310549477673137,1.0,1.0,311.0,5.0
openbci,cross_task,8,stroop_to_arithmetic,arithmetic:s08:r3,fixed_blend_025,1.0,0.2469046130131011,0.7530953869868988,1.0,1.0,311.0,5.0
openbci,cross_task,8,stroop_to_arithmetic,arithmetic:s08:r3,rf,1.0,0.245317323053803,0.7546826769461971,1.0,1.0,311.0,5.0
openbci,cross_task,8,stroop_to_arithmetic,arithmetic:s08:r3,riemann_mdm,1.0,0.45823008430093065,0.5417699156990694,1.0,1.0,311.0,5.0
openbci,cross_task,8,stroop_to_arithmetic,arithmetic:s08:r3,riemann_ts_logreg,1.0,0.5588676130360953,0.4411323869639046,0.0,0.0,311.0,5.0
openbci,cross_task,8,stroop_to_arithmetic,arithmetic:s08:r3,stack_recording,1.0,0.2728807718376808,0.7271192281623192,1.0,1.0,311.0,5.0
openbci,cross_task,9,arithmetic_to_stroop,stroop:s09:r0,always_fuse,0.0,0.3015920044746905,0.6984079955253095,1.0,0.0,410.0,5.0
openbci,cross_task,9,arithmetic_to_stroop,stroop:s09:r0,always_nn,0.0,0.9999700346542492,2.996534575078349e-05,0.0,1.0,410.0,5.0
openbci,cross_task,9,arithmetic_to_stroop,stroop:s09:r0,cbsf,0.0,0.9999699844588285,3.00155411715656e-05,0.0,1.0,410.0,5.0
openbci,cross_task,9,arithmetic_to_stroop,stroop:s09:r0,dasf_clean,0.0,0.9999700346542493,2.9965345750783495e-05,0.0,1.0,410.0,5.0
openbci,cross_task,9,arithmetic_to_stroop,stroop:s09:r0,eeg_conformer,0.0,0.9971814469945947,0.0028185530054053573,0.0,1.0,410.0,5.0
openbci,cross_task,9,arithmetic_to_stroop,stroop:s09:r0,eegnet,0.0,0.6536118679563123,0.34638813204368774,0.0,1.0,410.0,5.0
openbci,cross_task,9,arithmetic_to_stroop,stroop:s09:r0,equal_blend_050,0.0,0.6589990452805046,0.3410009547194954,0.0,1.0,410.0,5.0
openbci,cross_task,9,arithmetic_to_stroop,stroop:s09:r0,extra_trees,0.0,0.9999999416250812,5.837491883513628e-08,0.0,1.0,410.0,5.0
openbci,cross_task,9,arithmetic_to_stroop,stroop:s09:r0,fixed_blend_010,0.0,0.9293942045566096,0.0706057954433903,0.0,1.0,410.0,5.0
openbci,cross_task,9,arithmetic_to_stroop,stroop:s09:r0,fixed_blend_025,0.0,0.8278808284185791,0.1721191715814208,0.0,1.0,410.0,5.0
openbci,cross_task,9,arithmetic_to_stroop,stroop:s09:r0,rf,0.0,0.9999999967407264,3.2592737234840596e-09,0.0,1.0,410.0,5.0
openbci,cross_task,9,arithmetic_to_stroop,stroop:s09:r0,riemann_mdm,0.0,0.9976804474213393,0.0023195525786607186,0.0,1.0,410.0,5.0
openbci,cross_task,9,arithmetic_to_stroop,stroop:s09:r0,riemann_ts_logreg,0.0,0.9996444012789832,0.0003555987210168079,0.0,1.0,410.0,5.0
openbci,cross_task,9,arithmetic_to_stroop,stroop:s09:r0,stack_recording,0.0,0.8676406572508418,0.1323593427491582,0.0,1.0,410.0,5.0
openbci,cross_task,9,arithmetic_to_stroop,stroop:s09:r1,always_fuse,0.0,0.461257430700346,0.5387425692996539,1.0,0.0,160.0,5.0
openbci,cross_task,9,arithmetic_to_stroop,stroop:s09:r1,always_nn,0.0,0.0351181072427719,0.964881892757228,1.0,0.0,160.0,5.0
openbci,cross_task,9,arithmetic_to_stroop,stroop:s09:r1,cbsf,0.0,0.0351181496698714,0.9648818503301286,1.0,0.0,160.0,5.0
openbci,cross_task,9,arithmetic_to_stroop,stroop:s09:r1,dasf_clean,0.0,0.03511810724277199,0.964881892757228,1.0,0.0,160.0,5.0
openbci,cross_task,9,arithmetic_to_stroop,stroop:s09:r1,eeg_conformer,0.0,0.01742633722441309,0.9825736627755869,1.0,0.0,160.0,5.0
openbci,cross_task,9,arithmetic_to_stroop,stroop:s09:r1,eegnet,0.0,0.44242254985952295,0.557577450140477,1.0,0.0,160.0,5.0
openbci,cross_task,9,arithmetic_to_stroop,stroop:s09:r1,equal_blend_050,0.0,0.2933878407841929,0.706612159215807,1.0,0.0,160.0,5.0
openbci,cross_task,9,arithmetic_to_stroop,stroop:s09:r1,extra_trees,0.0,0.1352807625977952,0.8647192374022047,1.0,0.0,160.0,5.0
openbci,cross_task,9,arithmetic_to_stroop,stroop:s09:r1,fixed_blend_010,0.0,0.1171977297446179,0.882802270255382,1.0,0.0,160.0,5.0
openbci,cross_task,9,arithmetic_to_stroop,stroop:s09:r1,fixed_blend_025,0.0,0.1932595395463115,0.8067404604536885,1.0,0.0,160.0,5.0
openbci,cross_task,9,arithmetic_to_stroop,stroop:s09:r1,rf,0.0,0.1113908912273329,0.888609108772667,1.0,0.0,160.0,5.0
openbci,cross_task,9,arithmetic_to_stroop,stroop:s09:r1,riemann_mdm,0.0,0.0397587416266162,0.9602412583733838,1.0,0.0,160.0,5.0
openbci,cross_task,9,arithmetic_to_stroop,stroop:s09:r1,riemann_ts_logreg,0.0,0.013556199929689776,0.9864438000703103,1.0,0.0,160.0,5.0
openbci,cross_task,9,arithmetic_to_stroop,stroop:s09:r1,stack_recording,0.0,0.3863253868633055,0.6136746131366945,1.0,0.0,160.0,5.0
openbci,cross_task,9,arithmetic_to_stroop,stroop:s09:r2,always_fuse,1.0,0.464227166688634,0.535772833311366,1.0,1.0,110.0,5.0
openbci,cross_task,9,arithmetic_to_stroop,stroop:s09:r2,always_nn,1.0,0.1840044194880083,0.8159955805119917,1.0,1.0,110.0,5.0
openbci,cross_task,9,arithmetic_to_stroop,stroop:s09:r2,cbsf,1.0,0.1840044644305458,0.8159955355694543,1.0,1.0,110.0,5.0
openbci,cross_task,9,arithmetic_to_stroop,stroop:s09:r2,dasf_clean,1.0,0.18400441948800833,0.8159955805119917,1.0,1.0,110.0,5.0
openbci,cross_task,9,arithmetic_to_stroop,stroop:s09:r2,eeg_conformer,1.0,0.009315154158184189,0.9906848458418158,1.0,1.0,110.0,5.0
openbci,cross_task,9,arithmetic_to_stroop,stroop:s09:r2,eegnet,1.0,0.411393435362543,0.588606564637457,1.0,1.0,110.0,5.0
openbci,cross_task,9,arithmetic_to_stroop,stroop:s09:r2,equal_blend_050,1.0,0.3860798653627592,0.6139201346372408,1.0,1.0,110.0,5.0
openbci,cross_task,9,arithmetic_to_stroop,stroop:s09:r2,extra_trees,1.0,0.2093951174285714,0.7906048825714286,1.0,1.0,110.0,5.0
openbci,cross_task,9,arithmetic_to_stroop,stroop:s09:r2,fixed_blend_010,1.0,0.2725858389634455,0.7274141610365544,1.0,1.0,110.0,5.0
openbci,cross_task,9,arithmetic_to_stroop,stroop:s09:r2,fixed_blend_025,1.0,0.3287453158604432,0.6712546841395567,1.0,1.0,110.0,5.0
openbci,cross_task,9,arithmetic_to_stroop,stroop:s09:r2,rf,1.0,0.1693305005560854,0.8306694994439145,1.0,1.0,110.0,5.0
openbci,cross_task,9,arithmetic_to_stroop,stroop:s09:r2,riemann_mdm,1.0,0.060743803462723345,0.9392561965372767,1.0,1.0,110.0,5.0
openbci,cross_task,9,arithmetic_to_stroop,stroop:s09:r2,riemann_ts_logreg,1.0,0.0013290006564739714,0.9986709993435261,1.0,1.0,110.0,5.0
openbci,cross_task,9,arithmetic_to_stroop,stroop:s09:r2,stack_recording,1.0,0.4603633096179675,0.5396366903820324,1.0,1.0,110.0,5.0
openbci,cross_task,9,arithmetic_to_stroop,stroop:s09:r3,always_fuse,1.0,0.4647898561113077,0.5352101438886924,1.0,1.0,193.0,5.0
openbci,cross_task,9,arithmetic_to_stroop,stroop:s09:r3,always_nn,1.0,0.0255064983371898,0.97449350166281,1.0,1.0,193.0,5.0
openbci,cross_task,9,arithmetic_to_stroop,stroop:s09:r3,cbsf,1.0,0.025506531797225,0.9744934682027748,1.0,1.0,193.0,5.0
openbci,cross_task,9,arithmetic_to_stroop,stroop:s09:r3,dasf_clean,1.0,0.025506498337189872,0.9744935016628101,1.0,1.0,193.0,5.0
openbci,cross_task,9,arithmetic_to_stroop,stroop:s09:r3,eeg_conformer,1.0,0.029068559539736638,0.9709314404602633,1.0,1.0,193.0,5.0
openbci,cross_task,9,arithmetic_to_stroop,stroop:s09:r3,eegnet,1.0,0.40125524932064505,0.598744750679355,1.0,1.0,193.0,5.0
openbci,cross_task,9,arithmetic_to_stroop,stroop:s09:r3,equal_blend_050,1.0,0.2710692538229133,0.7289307461770868,1.0,1.0,193.0,5.0
openbci,cross_task,9,arithmetic_to_stroop,stroop:s09:r3,extra_trees,1.0,0.1481472730005882,0.8518527269994118,1.0,1.0,193.0,5.0
openbci,cross_task,9,arithmetic_to_stroop,stroop:s09:r3,fixed_blend_010,1.0,0.0929716721189294,0.9070283278810706,1.0,1.0,193.0,5.0
openbci,cross_task,9,arithmetic_to_stroop,stroop:s09:r3,fixed_blend_025,1.0,0.1652639368897827,0.8347360631102172,1.0,1.0,193.0,5.0
openbci,cross_task,9,arithmetic_to_stroop,stroop:s09:r3,rf,1.0,0.1245831747788266,0.8754168252211734,1.0,1.0,193.0,5.0
openbci,cross_task,9,arithmetic_to_stroop,stroop:s09:r3,riemann_mdm,1.0,0.04831820334877377,0.9516817966512262,1.0,1.0,193.0,5.0
openbci,cross_task,9,arithmetic_to_stroop,stroop:s09:r3,riemann_ts_logreg,1.0,0.00024248904494219775,0.9997575109550578,1.0,1.0,193.0,5.0
openbci,cross_task,9,arithmetic_to_stroop,stroop:s09:r3,stack_recording,1.0,0.3731110165234005,0.6268889834765995,1.0,1.0,193.0,5.0
openbci,cross_task,9,stroop_to_arithmetic,arithmetic:s09:r0,always_fuse,0.0,0.8670372153657838,0.132962784634216,0.0,1.0,410.0,5.0
openbci,cross_task,9,stroop_to_arithmetic,arithmetic:s09:r0,always_nn,0.0,0.999769584444402,0.0002304155555978,0.0,1.0,410.0,5.0
openbci,cross_task,9,stroop_to_arithmetic,arithmetic:s09:r0,cbsf,0.0,0.9985322085219996,0.0014677914780005,0.0,1.0,410.0,5.0
openbci,cross_task,9,stroop_to_arithmetic,arithmetic:s09:r0,dasf_clean,0.0,0.9997695844444021,0.00023041555559789832,0.0,1.0,410.0,5.0
openbci,cross_task,9,stroop_to_arithmetic,arithmetic:s09:r0,eeg_conformer,0.0,0.9975628536608884,0.0024371463391115854,0.0,1.0,410.0,5.0
openbci,cross_task,9,stroop_to_arithmetic,arithmetic:s09:r0,eegnet,0.0,0.980509867208218,0.019490132791781987,0.0,1.0,410.0,5.0
openbci,cross_task,9,stroop_to_arithmetic,arithmetic:s09:r0,equal_blend_050,0.0,0.9392628462393372,0.0607371537606628,0.0,1.0,410.0,5.0
openbci,cross_task,9,stroop_to_arithmetic,arithmetic:s09:r0,extra_trees,0.0,0.9999999950909718,4.909028260378753e-09,0.0,1.0,410.0,5.0
openbci,cross_task,9,stroop_to_arithmetic,arithmetic:s09:r0,fixed_blend_010,0.0,0.9869549781390272,0.0130450218609728,0.0,1.0,410.0,5.0
openbci,cross_task,9,stroop_to_arithmetic,arithmetic:s09:r0,fixed_blend_025,0.0,0.9694261996992936,0.0305738003007063,0.0,1.0,410.0,5.0
openbci,cross_task,9,stroop_to_arithmetic,arithmetic:s09:r0,rf,0.0,0.9999999936745017,6.325498388567012e-09,0.0,1.0,410.0,5.0
openbci,cross_task,9,stroop_to_arithmetic,arithmetic:s09:r0,riemann_mdm,0.0,0.996743188013684,0.0032568119863159097,0.0,1.0,410.0,5.0
openbci,cross_task,9,stroop_to_arithmetic,arithmetic:s09:r0,riemann_ts_logreg,0.0,0.9999199683561796,8.003164382039666e-05,0.0,1.0,410.0,5.0
openbci,cross_task,9,stroop_to_arithmetic,arithmetic:s09:r0,stack_recording,0.0,0.7254984339463342,0.2745015660536658,0.0,1.0,410.0,5.0
openbci,cross_task,9,stroop_to_arithmetic,arithmetic:s09:r1,always_fuse,0.0,0.4668978248119456,0.5331021751880544,1.0,0.0,121.0,5.0
openbci,cross_task,9,stroop_to_arithmetic,arithmetic:s09:r1,always_nn,0.0,0.4137351239770109,0.5862648760229892,1.0,0.0,121.0,5.0
openbci,cross_task,9,stroop_to_arithmetic,arithmetic:s09:r1,cbsf,0.0,0.4118874125342709,0.5881125874657289,1.0,0.0,121.0,5.0
openbci,cross_task,9,stroop_to_arithmetic,arithmetic:s09:r1,dasf_clean,0.0,0.4137351239770109,0.5862648760229892,1.0,0.0,121.0,5.0
openbci,cross_task,9,stroop_to_arithmetic,arithmetic:s09:r1,eeg_conformer,0.0,0.5952525382784478,0.4047474617215522,0.0,1.0,121.0,5.0
openbci,cross_task,9,stroop_to_arithmetic,arithmetic:s09:r1,eegnet,0.0,0.16603408236980582,0.8339659176301942,1.0,0.0,121.0,5.0
openbci,cross_task,9,stroop_to_arithmetic,arithmetic:s09:r1,equal_blend_050,0.0,0.4431999248185827,0.5568000751814174,1.0,0.0,121.0,5.0
openbci,cross_task,9,stroop_to_arithmetic,arithmetic:s09:r1,extra_trees,0.0,0.3375992376080738,0.6624007623919261,1.0,0.0,121.0,5.0
openbci,cross_task,9,stroop_to_arithmetic,arithmetic:s09:r1,fixed_blend_010,0.0,0.4150176928011213,0.5849823071988786,1.0,0.0,121.0,5.0
openbci,cross_task,9,stroop_to_arithmetic,arithmetic:s09:r1,fixed_blend_025,0.0,0.4271201474768585,0.5728798525231416,1.0,0.0,121.0,5.0
openbci,cross_task,9,stroop_to_arithmetic,arithmetic:s09:r1,rf,0.0,0.351799559062276,0.6482004409377241,1.0,0.0,121.0,5.0
openbci,cross_task,9,stroop_to_arithmetic,arithmetic:s09:r1,riemann_mdm,0.0,0.04252731147233494,0.957472688527665,1.0,0.0,121.0,5.0
openbci,cross_task,9,stroop_to_arithmetic,arithmetic:s09:r1,riemann_ts_logreg,0.0,0.7599534143119554,0.24004658568804466,0.0,1.0,121.0,5.0
openbci,cross_task,9,stroop_to_arithmetic,arithmetic:s09:r1,stack_recording,0.0,0.4672253315804306,0.5327746684195693,1.0,0.0,121.0,5.0
openbci,cross_task,9,stroop_to_arithmetic,arithmetic:s09:r2,always_fuse,1.0,0.4418749395623518,0.5581250604376482,1.0,1.0,122.0,5.0
openbci,cross_task,9,stroop_to_arithmetic,arithmetic:s09:r2,always_nn,1.0,0.3533346811554153,0.6466653188445848,1.0,1.0,122.0,5.0
openbci,cross_task,9,stroop_to_arithmetic,arithmetic:s09:r2,cbsf,1.0,0.3544269579786109,0.645573042021389,1.0,1.0,122.0,5.0
openbci,cross_task,9,stroop_to_arithmetic,arithmetic:s09:r2,dasf_clean,1.0,0.3533346811554153,0.6466653188445848,1.0,1.0,122.0,5.0
openbci,cross_task,9,stroop_to_arithmetic,arithmetic:s09:r2,eeg_conformer,1.0,0.38404756965293224,0.6159524303470677,1.0,1.0,122.0,5.0
openbci,cross_task,9,stroop_to_arithmetic,arithmetic:s09:r2,eegnet,1.0,0.11736385676170005,0.8826361432382999,1.0,1.0,122.0,5.0
openbci,cross_task,9,stroop_to_arithmetic,arithmetic:s09:r2,equal_blend_050,1.0,0.408644969858266,0.5913550301417341,1.0,1.0,122.0,5.0
openbci,cross_task,9,stroop_to_arithmetic,arithmetic:s09:r2,extra_trees,1.0,0.1665951145740679,0.833404885425932,1.0,1.0,122.0,5.0
openbci,cross_task,9,stroop_to_arithmetic,arithmetic:s09:r2,fixed_blend_010,1.0,0.3680695940275716,0.6319304059724282,1.0,1.0,122.0,5.0
openbci,cross_task,9,stroop_to_arithmetic,arithmetic:s09:r2,fixed_blend_025,1.0,0.3857645941101777,0.6142354058898224,1.0,1.0,122.0,5.0
openbci,cross_task,9,stroop_to_arithmetic,arithmetic:s09:r2,rf,1.0,0.1579963281796089,0.842003671820391,1.0,1.0,122.0,5.0
openbci,cross_task,9,stroop_to_arithmetic,arithmetic:s09:r2,riemann_mdm,1.0,0.01956855778405358,0.9804314422159465,1.0,1.0,122.0,5.0
openbci,cross_task,9,stroop_to_arithmetic,arithmetic:s09:r2,riemann_ts_logreg,1.0,0.38333376467243585,0.616666235327564,1.0,1.0,122.0,5.0
openbci,cross_task,9,stroop_to_arithmetic,arithmetic:s09:r2,stack_recording,1.0,0.4598368824790425,0.5401631175209575,1.0,1.0,122.0,5.0
openbci,cross_task,9,stroop_to_arithmetic,arithmetic:s09:r3,always_fuse,1.0,0.4562243704998108,0.5437756295001891,1.0,1.0,426.0,5.0
openbci,cross_task,9,stroop_to_arithmetic,arithmetic:s09:r3,always_nn,1.0,0.7566394572115952,0.2433605427884047,0.0,0.0,426.0,5.0
openbci,cross_task,9,stroop_to_arithmetic,arithmetic:s09:r3,cbsf,1.0,0.6909749695547159,0.3090250304452841,0.0,0.0,426.0,5.0
openbci,cross_task,9,stroop_to_arithmetic,arithmetic:s09:r3,dasf_clean,1.0,0.7566394572115952,0.24336054278840477,0.0,0.0,426.0,5.0
openbci,cross_task,9,stroop_to_arithmetic,arithmetic:s09:r3,eeg_conformer,1.0,0.6043406837315327,0.39565931626846723,0.0,0.0,426.0,5.0
openbci,cross_task,9,stroop_to_arithmetic,arithmetic:s09:r3,eegnet,1.0,0.33640708138005715,0.6635929186199429,1.0,1.0,426.0,5.0
openbci,cross_task,9,stroop_to_arithmetic,arithmetic:s09:r3,equal_blend_050,1.0,0.4986133795654066,0.5013866204345933,1.0,1.0,426.0,5.0
openbci,cross_task,9,stroop_to_arithmetic,arithmetic:s09:r3,extra_trees,1.0,0.4957226272506205,0.5042773727493794,1.0,1.0,426.0,5.0
openbci,cross_task,9,stroop_to_arithmetic,arithmetic:s09:r3,fixed_blend_010,1.0,0.5757789918731584,0.4242210081268416,0.0,0.0,426.0,5.0
openbci,cross_task,9,stroop_to_arithmetic,arithmetic:s09:r3,fixed_blend_025,1.0,0.5323005611270012,0.4676994388729988,0.0,0.0,426.0,5.0
openbci,cross_task,9,stroop_to_arithmetic,arithmetic:s09:r3,rf,1.0,0.5623004522453304,0.4376995477546697,0.0,0.0,426.0,5.0
openbci,cross_task,9,stroop_to_arithmetic,arithmetic:s09:r3,riemann_mdm,1.0,0.09691745314346573,0.9030825468565342,1.0,1.0,426.0,5.0
openbci,cross_task,9,stroop_to_arithmetic,arithmetic:s09:r3,riemann_ts_logreg,1.0,0.18781372139927938,0.8121862786007207,1.0,1.0,426.0,5.0
openbci,cross_task,9,stroop_to_arithmetic,arithmetic:s09:r3,stack_recording,1.0,0.5200821836047786,0.4799178163952214,0.0,0.0,426.0,5.0
openbci,cross_task,10,arithmetic_to_stroop,stroop:s10:r0,always_fuse,0.0,0.1589399665420365,0.8410600334579634,1.0,0.0,185.0,5.0
openbci,cross_task,10,arithmetic_to_stroop,stroop:s10:r0,always_nn,0.0,0.9929267086988232,0.0070732913011769,0.0,1.0,185.0,5.0
openbci,cross_task,10,arithmetic_to_stroop,stroop:s10:r0,cbsf,0.0,0.9915086714196822,0.0084913285803177,0.0,1.0,185.0,5.0
openbci,cross_task,10,arithmetic_to_stroop,stroop:s10:r0,dasf_clean,0.0,0.9929267086988232,0.0070732913011769235,0.0,1.0,185.0,5.0
openbci,cross_task,10,arithmetic_to_stroop,stroop:s10:r0,eeg_conformer,0.0,0.9469981964147266,0.053001803585273385,0.0,1.0,185.0,5.0
openbci,cross_task,10,arithmetic_to_stroop,stroop:s10:r0,eegnet,0.0,0.969650406595844,0.030349593404155974,0.0,1.0,185.0,5.0
openbci,cross_task,10,arithmetic_to_stroop,stroop:s10:r0,equal_blend_050,0.0,0.5864118244769532,0.4135881755230468,0.0,1.0,185.0,5.0
openbci,cross_task,10,arithmetic_to_stroop,stroop:s10:r0,extra_trees,0.0,0.9994048070656592,0.0005951929343406,0.0,1.0,185.0,5.0
openbci,cross_task,10,arithmetic_to_stroop,stroop:s10:r0,fixed_blend_010,0.0,0.8911789778498957,0.1088210221501042,0.0,1.0,185.0,5.0
openbci,cross_task,10,arithmetic_to_stroop,stroop:s10:r0,fixed_blend_025,0.0,0.7723316189106897,0.2276683810893103,0.0,1.0,185.0,5.0
openbci,cross_task,10,arithmetic_to_stroop,stroop:s10:r0,rf,0.0,0.997205961344372,0.002794038655628,0.0,1.0,185.0,5.0
openbci,cross_task,10,arithmetic_to_stroop,stroop:s10:r0,riemann_mdm,0.0,0.684991427921792,0.315008572078208,0.0,1.0,185.0,5.0
openbci,cross_task,10,arithmetic_to_stroop,stroop:s10:r0,riemann_ts_logreg,0.0,0.9949367857120108,0.005063214287989148,0.0,1.0,185.0,5.0
openbci,cross_task,10,arithmetic_to_stroop,stroop:s10:r0,stack_recording,0.0,0.7415111989875425,0.2584888010124575,0.0,1.0,185.0,5.0
openbci,cross_task,10,arithmetic_to_stroop,stroop:s10:r1,always_fuse,0.0,0.4926109732444466,0.5073890267555533,1.0,0.0,118.0,5.0
openbci,cross_task,10,arithmetic_to_stroop,stroop:s10:r1,always_nn,0.0,0.2659279872534114,0.7340720127465885,1.0,0.0,118.0,5.0
openbci,cross_task,10,arithmetic_to_stroop,stroop:s10:r1,cbsf,0.0,0.2666521728922834,0.7333478271077166,1.0,0.0,118.0,5.0
openbci,cross_task,10,arithmetic_to_stroop,stroop:s10:r1,dasf_clean,0.0,0.26592798725341144,0.7340720127465885,1.0,0.0,118.0,5.0
openbci,cross_task,10,arithmetic_to_stroop,stroop:s10:r1,eeg_conformer,0.0,0.6614037472956447,0.3385962527043553,0.0,1.0,118.0,5.0
openbci,cross_task,10,arithmetic_to_stroop,stroop:s10:r1,eegnet,0.0,0.29651288840693857,0.7034871115930613,1.0,0.0,118.0,5.0
openbci,cross_task,10,arithmetic_to_stroop,stroop:s10:r1,equal_blend_050,0.0,0.4173597637938954,0.5826402362061046,1.0,0.0,118.0,5.0
openbci,cross_task,10,arithmetic_to_stroop,stroop:s10:r1,extra_trees,0.0,0.3043792428528572,0.6956207571471428,1.0,0.0,118.0,5.0
openbci,cross_task,10,arithmetic_to_stroop,stroop:s10:r1,fixed_blend_010,0.0,0.3266679967667307,0.6733320032332692,1.0,0.0,118.0,5.0
openbci,cross_task,10,arithmetic_to_stroop,stroop:s10:r1,fixed_blend_025,0.0,0.3692908155947322,0.6307091844052678,1.0,0.0,118.0,5.0
openbci,cross_task,10,arithmetic_to_stroop,stroop:s10:r1,rf,0.0,0.3096606955264132,0.6903393044735868,1.0,0.0,118.0,5.0
openbci,cross_task,10,arithmetic_to_stroop,stroop:s10:r1,riemann_mdm,0.0,0.39815341250462954,0.6018465874953705,1.0,0.0,118.0,5.0
openbci,cross_task,10,arithmetic_to_stroop,stroop:s10:r1,riemann_ts_logreg,0.0,0.2042572098259573,0.7957427901740426,1.0,0.0,118.0,5.0
openbci,cross_task,10,arithmetic_to_stroop,stroop:s10:r1,stack_recording,0.0,0.4818645399758641,0.5181354600241359,1.0,0.0,118.0,5.0
openbci,cross_task,10,arithmetic_to_stroop,stroop:s10:r2,always_fuse,1.0,0.4863806298523878,0.5136193701476123,1.0,1.0,83.0,5.0
openbci,cross_task,10,arithmetic_to_stroop,stroop:s10:r2,always_nn,1.0,0.1528184996409653,0.8471815003590346,1.0,1.0,83.0,5.0
openbci,cross_task,10,arithmetic_to_stroop,stroop:s10:r2,cbsf,1.0,0.1536756789610403,0.8463243210389597,1.0,1.0,83.0,5.0
openbci,cross_task,10,arithmetic_to_stroop,stroop:s10:r2,dasf_clean,1.0,0.1528184996409653,0.8471815003590346,1.0,1.0,83.0,5.0
openbci,cross_task,10,arithmetic_to_stroop,stroop:s10:r2,eeg_conformer,1.0,0.7628932465333947,0.2371067534666053,0.0,0.0,83.0,5.0
openbci,cross_task,10,arithmetic_to_stroop,stroop:s10:r2,eegnet,1.0,0.5307459333699457,0.46925406663005426,0.0,0.0,83.0,5.0
openbci,cross_task,10,arithmetic_to_stroop,stroop:s10:r2,equal_blend_050,1.0,0.3669526779010368,0.6330473220989631,1.0,1.0,83.0,5.0
openbci,cross_task,10,arithmetic_to_stroop,stroop:s10:r2,extra_trees,1.0,0.277881337928918,0.7221186620710821,1.0,1.0,83.0,5.0
openbci,cross_task,10,arithmetic_to_stroop,stroop:s10:r2,fixed_blend_010,1.0,0.2324843611337553,0.7675156388662447,1.0,1.0,83.0,5.0
openbci,cross_task,10,arithmetic_to_stroop,stroop:s10:r2,fixed_blend_025,1.0,0.2938149710455136,0.7061850289544864,1.0,1.0,83.0,5.0
openbci,cross_task,10,arithmetic_to_stroop,stroop:s10:r2,rf,1.0,0.2549262190973621,0.7450737809026379,1.0,1.0,83.0,5.0
openbci,cross_task,10,arithmetic_to_stroop,stroop:s10:r2,riemann_mdm,1.0,0.4211681145725288,0.5788318854274712,1.0,1.0,83.0,5.0
openbci,cross_task,10,arithmetic_to_stroop,stroop:s10:r2,riemann_ts_logreg,1.0,0.004699873882530023,0.99530012611747,1.0,1.0,83.0,5.0
openbci,cross_task,10,arithmetic_to_stroop,stroop:s10:r2,stack_recording,1.0,0.4528828362804706,0.5471171637195293,1.0,1.0,83.0,5.0
openbci,cross_task,10,arithmetic_to_stroop,stroop:s10:r3,always_fuse,1.0,0.423007105721177,0.5769928942788229,1.0,1.0,207.0,5.0
openbci,cross_task,10,arithmetic_to_stroop,stroop:s10:r3,always_nn,1.0,0.8228169497897883,0.1771830502102118,0.0,0.0,207.0,5.0
openbci,cross_task,10,arithmetic_to_stroop,stroop:s10:r3,cbsf,1.0,0.8200915181685458,0.1799084818314541,0.0,0.0,207.0,5.0
openbci,cross_task,10,arithmetic_to_stroop,stroop:s10:r3,dasf_clean,1.0,0.8228169497897883,0.17718305021021183,0.0,0.0,207.0,5.0
openbci,cross_task,10,arithmetic_to_stroop,stroop:s10:r3,eeg_conformer,1.0,0.2575090577202161,0.7424909422797838,1.0,1.0,207.0,5.0
openbci,cross_task,10,arithmetic_to_stroop,stroop:s10:r3,eegnet,1.0,0.3526150149023319,0.6473849850976682,1.0,1.0,207.0,5.0
openbci,cross_task,10,arithmetic_to_stroop,stroop:s10:r3,equal_blend_050,1.0,0.5629136667424918,0.4370863332575082,0.0,0.0,207.0,5.0
openbci,cross_task,10,arithmetic_to_stroop,stroop:s10:r3,extra_trees,1.0,0.6439824656088404,0.3560175343911596,0.0,0.0,207.0,5.0
openbci,cross_task,10,arithmetic_to_stroop,stroop:s10:r3,fixed_blend_010,1.0,0.7154256187926054,0.2845743812073946,0.0,0.0,207.0,5.0
openbci,cross_task,10,arithmetic_to_stroop,stroop:s10:r3,fixed_blend_025,1.0,0.6464725757854343,0.3535274242145658,0.0,0.0,207.0,5.0
openbci,cross_task,10,arithmetic_to_stroop,stroop:s10:r3,rf,1.0,0.6461545993557398,0.3538454006442601,0.0,0.0,207.0,5.0
openbci,cross_task,10,arithmetic_to_stroop,stroop:s10:r3,riemann_mdm,1.0,0.5460811139542836,0.45391888604571634,0.0,0.0,207.0,5.0
openbci,cross_task,10,arithmetic_to_stroop,stroop:s10:r3,riemann_ts_logreg,1.0,0.9996305889457818,0.00036941105421813643,0.0,0.0,207.0,5.0
openbci,cross_task,10,arithmetic_to_stroop,stroop:s10:r3,stack_recording,1.0,0.5938325371401452,0.4061674628598549,0.0,0.0,207.0,5.0
openbci,cross_task,10,stroop_to_arithmetic,arithmetic:s10:r0,always_fuse,0.0,0.2822994372698524,0.7177005627301476,1.0,0.0,185.0,5.0
openbci,cross_task,10,stroop_to_arithmetic,arithmetic:s10:r0,always_nn,0.0,0.9536275644936348,0.0463724355063652,0.0,1.0,185.0,5.0
openbci,cross_task,10,stroop_to_arithmetic,arithmetic:s10:r0,cbsf,0.0,0.7889785045073707,0.2110214954926292,0.0,1.0,185.0,5.0
openbci,cross_task,10,stroop_to_arithmetic,arithmetic:s10:r0,dasf_clean,0.0,0.9536275644936347,0.04637243550636522,0.0,1.0,185.0,5.0
openbci,cross_task,10,stroop_to_arithmetic,arithmetic:s10:r0,eeg_conformer,0.0,0.857550689220619,0.14244931077938103,0.0,1.0,185.0,5.0
openbci,cross_task,10,stroop_to_arithmetic,arithmetic:s10:r0,eegnet,0.0,0.9572717240066285,0.04272827599337154,0.0,1.0,185.0,5.0
openbci,cross_task,10,stroop_to_arithmetic,arithmetic:s10:r0,equal_blend_050,0.0,0.598990364778221,0.401009635221779,0.0,1.0,185.0,5.0
openbci,cross_task,10,stroop_to_arithmetic,arithmetic:s10:r0,extra_trees,0.0,0.9995350377511568,0.0004649622488431,0.0,1.0,185.0,5.0
openbci,cross_task,10,stroop_to_arithmetic,arithmetic:s10:r0,fixed_blend_010,0.0,0.8581249449574395,0.1418750550425604,0.0,1.0,185.0,5.0
openbci,cross_task,10,stroop_to_arithmetic,arithmetic:s10:r0,fixed_blend_025,0.0,0.7536290043142796,0.2463709956857203,0.0,1.0,185.0,5.0
openbci,cross_task,10,stroop_to_arithmetic,arithmetic:s10:r0,rf,0.0,0.9995866511544648,0.0004133488455353,0.0,1.0,185.0,5.0
openbci,cross_task,10,stroop_to_arithmetic,arithmetic:s10:r0,riemann_mdm,0.0,0.9997276185639664,0.00027238143603358205,0.0,1.0,185.0,5.0
openbci,cross_task,10,stroop_to_arithmetic,arithmetic:s10:r0,riemann_ts_logreg,0.0,0.9927895736660636,0.007210426333936385,0.0,1.0,185.0,5.0
openbci,cross_task,10,stroop_to_arithmetic,arithmetic:s10:r0,stack_recording,0.0,0.592500655508263,0.4074993444917369,0.0,1.0,185.0,5.0
openbci,cross_task,10,stroop_to_arithmetic,arithmetic:s10:r1,always_fuse,0.0,0.5178160730361036,0.4821839269638964,0.0,1.0,96.0,5.0
openbci,cross_task,10,stroop_to_arithmetic,arithmetic:s10:r1,always_nn,0.0,0.4941808186962907,0.5058191813037092,1.0,0.0,96.0,5.0
openbci,cross_task,10,stroop_to_arithmetic,arithmetic:s10:r1,cbsf,0.0,0.5001459709094819,0.4998540290905182,0.0,1.0,96.0,5.0
openbci,cross_task,10,stroop_to_arithmetic,arithmetic:s10:r1,dasf_clean,0.0,0.49418081869629077,0.5058191813037092,1.0,0.0,96.0,5.0
openbci,cross_task,10,stroop_to_arithmetic,arithmetic:s10:r1,eeg_conformer,0.0,0.24098521832269126,0.7590147816773087,1.0,0.0,96.0,5.0
openbci,cross_task,10,stroop_to_arithmetic,arithmetic:s10:r1,eegnet,0.0,0.5932330024943342,0.4067669975056658,0.0,1.0,96.0,5.0
openbci,cross_task,10,stroop_to_arithmetic,arithmetic:s10:r1,equal_blend_050,0.0,0.5073991761816536,0.4926008238183463,0.0,1.0,96.0,5.0
openbci,cross_task,10,stroop_to_arithmetic,arithmetic:s10:r1,extra_trees,0.0,0.610687803468334,0.3893121965316661,0.0,1.0,96.0,5.0
openbci,cross_task,10,stroop_to_arithmetic,arithmetic:s10:r1,fixed_blend_010,0.0,0.4974114445800804,0.5025885554199195,1.0,0.0,96.0,5.0
openbci,cross_task,10,stroop_to_arithmetic,arithmetic:s10:r1,fixed_blend_025,0.0,0.5015417977172699,0.4984582022827301,0.0,1.0,96.0,5.0
openbci,cross_task,10,stroop_to_arithmetic,arithmetic:s10:r1,rf,0.0,0.5986990069704284,0.4013009930295715,0.0,1.0,96.0,5.0
openbci,cross_task,10,stroop_to_arithmetic,arithmetic:s10:r1,riemann_mdm,0.0,0.9995738200836234,0.00042617991637660394,0.0,1.0,96.0,5.0
openbci,cross_task,10,stroop_to_arithmetic,arithmetic:s10:r1,riemann_ts_logreg,0.0,0.8243583764498861,0.1756416235501138,0.0,1.0,96.0,5.0
openbci,cross_task,10,stroop_to_arithmetic,arithmetic:s10:r1,stack_recording,0.0,0.4729671835386915,0.5270328164613085,1.0,0.0,96.0,5.0
openbci,cross_task,10,stroop_to_arithmetic,arithmetic:s10:r2,always_fuse,1.0,0.5153490467415733,0.4846509532584267,0.0,0.0,112.0,5.0
openbci,cross_task,10,stroop_to_arithmetic,arithmetic:s10:r2,always_nn,1.0,0.5004718031009472,0.4995281968990528,0.0,0.0,112.0,5.0
openbci,cross_task,10,stroop_to_arithmetic,arithmetic:s10:r2,cbsf,1.0,0.5048290870160965,0.4951709129839035,0.0,0.0,112.0,5.0
openbci,cross_task,10,stroop_to_arithmetic,arithmetic:s10:r2,dasf_clean,1.0,0.5004718031009472,0.4995281968990528,0.0,0.0,112.0,5.0
openbci,cross_task,10,stroop_to_arithmetic,arithmetic:s10:r2,eeg_conformer,1.0,0.3192595906027426,0.6807404093972573,1.0,1.0,112.0,5.0
openbci,cross_task,10,stroop_to_arithmetic,arithmetic:s10:r2,eegnet,1.0,0.553508228036887,0.44649177196311296,0.0,0.0,112.0,5.0
openbci,cross_task,10,stroop_to_arithmetic,arithmetic:s10:r2,equal_blend_050,1.0,0.5092768367624073,0.4907231632375926,0.0,0.0,112.0,5.0
openbci,cross_task,10,stroop_to_arithmetic,arithmetic:s10:r2,extra_trees,1.0,0.6423728461900221,0.3576271538099778,0.0,0.0,112.0,5.0
openbci,cross_task,10,stroop_to_arithmetic,arithmetic:s10:r2,fixed_blend_010,1.0,0.5029595723592492,0.4970404276407508,0.0,0.0,112.0,5.0
openbci,cross_task,10,stroop_to_arithmetic,arithmetic:s10:r2,fixed_blend_025,1.0,0.505730151775183,0.494269848224817,0.0,0.0,112.0,5.0
openbci,cross_task,10,stroop_to_arithmetic,arithmetic:s10:r2,rf,1.0,0.6827149044701991,0.3172850955298008,0.0,0.0,112.0,5.0
openbci,cross_task,10,stroop_to_arithmetic,arithmetic:s10:r2,riemann_mdm,1.0,0.9994215203895218,0.000578479610478244,0.0,0.0,112.0,5.0
openbci,cross_task,10,stroop_to_arithmetic,arithmetic:s10:r2,riemann_ts_logreg,1.0,0.792381931213352,0.20761806878664796,0.0,0.0,112.0,5.0
openbci,cross_task,10,stroop_to_arithmetic,arithmetic:s10:r2,stack_recording,1.0,0.4739821042590798,0.5260178957409202,1.0,1.0,112.0,5.0
openbci,cross_task,10,stroop_to_arithmetic,arithmetic:s10:r3,always_fuse,1.0,0.512857204526797,0.4871427954732031,0.0,0.0,145.0,5.0
openbci,cross_task,10,stroop_to_arithmetic,arithmetic:s10:r3,always_nn,1.0,0.5534746805057119,0.4465253194942882,0.0,0.0,145.0,5.0
openbci,cross_task,10,stroop_to_arithmetic,arithmetic:s10:r3,cbsf,1.0,0.540663419606703,0.459336580393297,0.0,0.0,145.0,5.0
openbci,cross_task,10,stroop_to_arithmetic,arithmetic:s10:r3,dasf_clean,1.0,0.5534746805057119,0.4465253194942882,0.0,0.0,145.0,5.0
openbci,cross_task,10,stroop_to_arithmetic,arithmetic:s10:r3,eeg_conformer,1.0,0.26278845711922066,0.7372115428807793,1.0,1.0,145.0,5.0
openbci,cross_task,10,stroop_to_arithmetic,arithmetic:s10:r3,eegnet,1.0,0.5501834359052619,0.4498165640947381,0.0,0.0,145.0,5.0
openbci,cross_task,10,stroop_to_arithmetic,arithmetic:s10:r3,equal_blend_050,1.0,0.52806495487429,0.47193504512571,0.0,0.0,145.0,5.0
openbci,cross_task,10,stroop_to_arithmetic,arithmetic:s10:r3,extra_trees,1.0,0.6556982384680851,0.3443017615319149,0.0,0.0,145.0,5.0
openbci,cross_task,10,stroop_to_arithmetic,arithmetic:s10:r3,fixed_blend_010,1.0,0.5460823828975857,0.4539176171024142,0.0,0.0,145.0,5.0
openbci,cross_task,10,stroop_to_arithmetic,arithmetic:s10:r3,fixed_blend_025,1.0,0.5380700526933948,0.4619299473066052,0.0,0.0,145.0,5.0
openbci,cross_task,10,stroop_to_arithmetic,arithmetic:s10:r3,rf,1.0,0.6663115699999098,0.3336884300000902,0.0,0.0,145.0,5.0
openbci,cross_task,10,stroop_to_arithmetic,arithmetic:s10:r3,riemann_mdm,1.0,0.9997313759623574,0.00026862403764252736,0.0,0.0,145.0,5.0
openbci,cross_task,10,stroop_to_arithmetic,arithmetic:s10:r3,riemann_ts_logreg,1.0,0.8214268620992377,0.17857313790076243,0.0,0.0,145.0,5.0
openbci,cross_task,10,stroop_to_arithmetic,arithmetic:s10:r3,stack_recording,1.0,0.4815805575093997,0.5184194424906002,1.0,1.0,145.0,5.0
openbci,cross_task,11,arithmetic_to_stroop,stroop:s11:r0,always_fuse,0.0,0.3394618263126022,0.6605381736873978,1.0,0.0,244.0,5.0
openbci,cross_task,11,arithmetic_to_stroop,stroop:s11:r0,always_nn,0.0,0.9795955084463952,0.0204044915536047,0.0,1.0,244.0,5.0
openbci,cross_task,11,arithmetic_to_stroop,stroop:s11:r0,cbsf,0.0,0.9792682286329624,0.0207317713670376,0.0,1.0,244.0,5.0
openbci,cross_task,11,arithmetic_to_stroop,stroop:s11:r0,dasf_clean,0.0,0.9795955084463952,0.020404491553604787,0.0,1.0,244.0,5.0
openbci,cross_task,11,arithmetic_to_stroop,stroop:s11:r0,eeg_conformer,0.0,0.8226366030846944,0.1773633969153056,0.0,1.0,244.0,5.0
openbci,cross_task,11,arithmetic_to_stroop,stroop:s11:r0,eegnet,0.0,0.9965427856104592,0.003457214389540769,0.0,1.0,244.0,5.0
openbci,cross_task,11,arithmetic_to_stroop,stroop:s11:r0,equal_blend_050,0.0,0.6572393477582403,0.3427606522417596,0.0,1.0,244.0,5.0
openbci,cross_task,11,arithmetic_to_stroop,stroop:s11:r0,extra_trees,0.0,0.9999849765342532,1.5023465746925573e-05,0.0,1.0,244.0,5.0
openbci,cross_task,11,arithmetic_to_stroop,stroop:s11:r0,fixed_blend_010,0.0,0.9049732410833689,0.0950267589166311,0.0,1.0,244.0,5.0
openbci,cross_task,11,arithmetic_to_stroop,stroop:s11:r0,fixed_blend_025,0.0,0.8102555040328691,0.189744495967131,0.0,1.0,244.0,5.0
openbci,cross_task,11,arithmetic_to_stroop,stroop:s11:r0,rf,0.0,0.9999897072467654,1.0292753234643096e-05,0.0,1.0,244.0,5.0
openbci,cross_task,11,arithmetic_to_stroop,stroop:s11:r0,riemann_mdm,0.0,0.8684905714181022,0.13150942858189782,0.0,1.0,244.0,5.0
openbci,cross_task,11,arithmetic_to_stroop,stroop:s11:r0,riemann_ts_logreg,0.0,0.999884707002066,0.00011529299793395442,0.0,1.0,244.0,5.0
openbci,cross_task,11,arithmetic_to_stroop,stroop:s11:r0,stack_recording,0.0,0.6948871768513203,0.3051128231486797,0.0,1.0,244.0,5.0
openbci,cross_task,11,arithmetic_to_stroop,stroop:s11:r1,always_fuse,0.0,0.4984918304598028,0.5015081695401971,1.0,0.0,113.0,5.0
openbci,cross_task,11,arithmetic_to_stroop,stroop:s11:r1,always_nn,0.0,0.4381474928837713,0.5618525071162287,1.0,0.0,113.0,5.0
openbci,cross_task,11,arithmetic_to_stroop,stroop:s11:r1,cbsf,0.0,0.4381820846491394,0.5618179153508606,1.0,0.0,113.0,5.0
openbci,cross_task,11,arithmetic_to_stroop,stroop:s11:r1,dasf_clean,0.0,0.43814749288377136,0.5618525071162287,1.0,0.0,113.0,5.0
openbci,cross_task,11,arithmetic_to_stroop,stroop:s11:r1,eeg_conformer,0.0,0.39913046680606284,0.6008695331939372,1.0,0.0,113.0,5.0
openbci,cross_task,11,arithmetic_to_stroop,stroop:s11:r1,eegnet,0.0,0.005723782954804126,0.9942762170451959,1.0,0.0,113.0,5.0
openbci,cross_task,11,arithmetic_to_stroop,stroop:s11:r1,equal_blend_050,0.0,0.4737371735732908,0.5262628264267092,1.0,0.0,113.0,5.0
openbci,cross_task,11,arithmetic_to_stroop,stroop:s11:r1,extra_trees,0.0,0.3235398215825797,0.6764601784174203,1.0,0.0,113.0,5.0
openbci,cross_task,11,arithmetic_to_stroop,stroop:s11:r1,fixed_blend_010,0.0,0.4482049197116639,0.5517950802883361,1.0,0.0,113.0,5.0
openbci,cross_task,11,arithmetic_to_stroop,stroop:s11:r1,fixed_blend_025,0.0,0.4591649402807792,0.5408350597192207,1.0,0.0,113.0,5.0
openbci,cross_task,11,arithmetic_to_stroop,stroop:s11:r1,rf,0.0,0.546874459467907,0.453125540532093,0.0,1.0,113.0,5.0
openbci,cross_task,11,arithmetic_to_stroop,stroop:s11:r1,riemann_mdm,0.0,0.24856798784746162,0.7514320121525383,1.0,0.0,113.0,5.0
openbci,cross_task,11,arithmetic_to_stroop,stroop:s11:r1,riemann_ts_logreg,0.0,0.013365965880146375,0.9866340341198536,1.0,0.0,113.0,5.0
openbci,cross_task,11,arithmetic_to_stroop,stroop:s11:r1,stack_recording,0.0,0.5161828360416895,0.4838171639583105,0.0,1.0,113.0,5.0
openbci,cross_task,11,arithmetic_to_stroop,stroop:s11:r2,always_fuse,1.0,0.4912078165454272,0.5087921834545728,1.0,1.0,130.0,5.0
openbci,cross_task,11,arithmetic_to_stroop,stroop:s11:r2,always_nn,1.0,0.7333794975782849,0.2666205024217151,0.0,0.0,130.0,5.0
openbci,cross_task,11,arithmetic_to_stroop,stroop:s11:r2,cbsf,1.0,0.7332101357201709,0.2667898642798291,0.0,0.0,130.0,5.0
openbci,cross_task,11,arithmetic_to_stroop,stroop:s11:r2,dasf_clean,1.0,0.7333794975782849,0.2666205024217151,0.0,0.0,130.0,5.0
openbci,cross_task,11,arithmetic_to_stroop,stroop:s11:r2,eeg_conformer,1.0,0.423369555238989,0.5766304447610111,1.0,1.0,130.0,5.0
openbci,cross_task,11,arithmetic_to_stroop,stroop:s11:r2,eegnet,1.0,0.5746802625220666,0.42531973747793345,0.0,0.0,130.0,5.0
openbci,cross_task,11,arithmetic_to_stroop,stroop:s11:r2,equal_blend_050,1.0,0.5865468706886383,0.4134531293113617,0.0,0.0,130.0,5.0
openbci,cross_task,11,arithmetic_to_stroop,stroop:s11:r2,extra_trees,1.0,0.4932805817367325,0.5067194182632675,1.0,1.0,130.0,5.0
openbci,cross_task,11,arithmetic_to_stroop,stroop:s11:r2,fixed_blend_010,1.0,0.6891606579577545,0.3108393420422455,0.0,0.0,130.0,5.0
openbci,cross_task,11,arithmetic_to_stroop,stroop:s11:r2,fixed_blend_025,1.0,0.6441287231060321,0.3558712768939679,0.0,0.0,130.0,5.0
openbci,cross_task,11,arithmetic_to_stroop,stroop:s11:r2,rf,1.0,0.802636745334112,0.1973632546658879,0.0,0.0,130.0,5.0
openbci,cross_task,11,arithmetic_to_stroop,stroop:s11:r2,riemann_mdm,1.0,0.34642800682646113,0.6535719931735389,1.0,1.0,130.0,5.0
openbci,cross_task,11,arithmetic_to_stroop,stroop:s11:r2,riemann_ts_logreg,1.0,0.3183906595226927,0.6816093404773073,1.0,1.0,130.0,5.0
openbci,cross_task,11,arithmetic_to_stroop,stroop:s11:r2,stack_recording,1.0,0.5705664594728206,0.4294335405271794,0.0,0.0,130.0,5.0
openbci,cross_task,11,arithmetic_to_stroop,stroop:s11:r3,always_fuse,1.0,0.4822911111969301,0.5177088888030699,1.0,1.0,185.0,5.0
openbci,cross_task,11,arithmetic_to_stroop,stroop:s11:r3,always_nn,1.0,0.7697685833702457,0.2302314166297543,0.0,0.0,185.0,5.0
openbci,cross_task,11,arithmetic_to_stroop,stroop:s11:r3,cbsf,1.0,0.769568108361783,0.230431891638217,0.0,0.0,185.0,5.0
openbci,cross_task,11,arithmetic_to_stroop,stroop:s11:r3,dasf_clean,1.0,0.7697685833702457,0.23023141662975435,0.0,0.0,185.0,5.0
openbci,cross_task,11,arithmetic_to_stroop,stroop:s11:r3,eeg_conformer,1.0,0.3689237438172935,0.6310762561827066,1.0,1.0,185.0,5.0
openbci,cross_task,11,arithmetic_to_stroop,stroop:s11:r3,eegnet,1.0,0.5158097577526631,0.4841902422473368,0.0,0.0,185.0,5.0
openbci,cross_task,11,arithmetic_to_stroop,stroop:s11:r3,equal_blend_050,1.0,0.5982714551821193,0.4017285448178807,0.0,0.0,185.0,5.0
openbci,cross_task,11,arithmetic_to_stroop,stroop:s11:r3,extra_trees,1.0,0.5011329897987432,0.4988670102012568,0.0,0.0,185.0,5.0
openbci,cross_task,11,arithmetic_to_stroop,stroop:s11:r3,fixed_blend_010,1.0,0.7182570494482851,0.2817429505517149,0.0,0.0,185.0,5.0
openbci,cross_task,11,arithmetic_to_stroop,stroop:s11:r3,fixed_blend_025,1.0,0.6662171252364274,0.3337828747635725,0.0,0.0,185.0,5.0
openbci,cross_task,11,arithmetic_to_stroop,stroop:s11:r3,rf,1.0,0.7420636497886841,0.2579363502113159,0.0,0.0,185.0,5.0
openbci,cross_task,11,arithmetic_to_stroop,stroop:s11:r3,riemann_mdm,1.0,0.3302808757324792,0.6697191242675208,1.0,1.0,185.0,5.0
openbci,cross_task,11,arithmetic_to_stroop,stroop:s11:r3,riemann_ts_logreg,1.0,0.29854470368018693,0.7014552963198131,1.0,1.0,185.0,5.0
openbci,cross_task,11,arithmetic_to_stroop,stroop:s11:r3,stack_recording,1.0,0.5794237386082955,0.4205762613917044,0.0,0.0,185.0,5.0
openbci,cross_task,11,stroop_to_arithmetic,arithmetic:s11:r0,always_fuse,0.0,0.915824038622528,0.0841759613774718,0.0,1.0,244.0,5.0
openbci,cross_task,11,stroop_to_arithmetic,arithmetic:s11:r0,always_nn,0.0,0.9999999998378998,1.621002056028293e-10,0.0,1.0,244.0,5.0
openbci,cross_task,11,stroop_to_arithmetic,arithmetic:s11:r0,cbsf,0.0,0.993276809742302,0.0067231902576978,0.0,1.0,244.0,5.0
openbci,cross_task,11,stroop_to_arithmetic,arithmetic:s11:r0,dasf_clean,0.0,0.9999999998378998,1.621002056028293e-10,0.0,1.0,244.0,5.0
openbci,cross_task,11,stroop_to_arithmetic,arithmetic:s11:r0,eeg_conformer,0.0,0.9981570561424152,0.0018429438575847132,0.0,1.0,244.0,5.0
openbci,cross_task,11,stroop_to_arithmetic,arithmetic:s11:r0,eegnet,0.0,0.9037085730329875,0.09629142696701246,0.0,1.0,244.0,5.0
openbci,cross_task,11,stroop_to_arithmetic,arithmetic:s11:r0,equal_blend_050,0.0,0.9584315475853364,0.0415684524146636,0.0,1.0,244.0,5.0
openbci,cross_task,11,stroop_to_arithmetic,arithmetic:s11:r0,extra_trees,0.0,0.9999879348628756,1.2065137124374712e-05,0.0,1.0,244.0,5.0
openbci,cross_task,11,stroop_to_arithmetic,arithmetic:s11:r0,fixed_blend_010,0.0,0.9917579422713124,0.0082420577286874,0.0,1.0,244.0,5.0
openbci,cross_task,11,stroop_to_arithmetic,arithmetic:s11:r0,fixed_blend_025,0.0,0.9793301475503003,0.0206698524496995,0.0,1.0,244.0,5.0
openbci,cross_task,11,stroop_to_arithmetic,arithmetic:s11:r0,rf,0.0,0.9999823512465368,1.764875346307479e-05,0.0,1.0,244.0,5.0
openbci,cross_task,11,stroop_to_arithmetic,arithmetic:s11:r0,riemann_mdm,0.0,0.8713405121052903,0.1286594878947097,0.0,1.0,244.0,5.0
openbci,cross_task,11,stroop_to_arithmetic,arithmetic:s11:r0,riemann_ts_logreg,0.0,0.9999993743651385,6.256348613849157e-07,0.0,1.0,244.0,5.0
openbci,cross_task,11,stroop_to_arithmetic,arithmetic:s11:r0,stack_recording,0.0,0.8984437978794524,0.1015562021205476,0.0,1.0,244.0,5.0
openbci,cross_task,11,stroop_to_arithmetic,arithmetic:s11:r1,always_fuse,0.0,0.5635716987472101,0.43642830125279,0.0,1.0,155.0,5.0
openbci,cross_task,11,stroop_to_arithmetic,arithmetic:s11:r1,always_nn,0.0,0.5797836282752881,0.420216371724712,0.0,1.0,155.0,5.0
openbci,cross_task,11,stroop_to_arithmetic,arithmetic:s11:r1,cbsf,0.0,0.4515024222652207,0.5484975777347794,1.0,0.0,155.0,5.0
openbci,cross_task,11,stroop_to_arithmetic,arithmetic:s11:r1,dasf_clean,0.0,0.5797836282752881,0.420216371724712,0.0,1.0,155.0,5.0
openbci,cross_task,11,stroop_to_arithmetic,arithmetic:s11:r1,eeg_conformer,0.0,0.9609975273197304,0.03900247268026966,0.0,1.0,155.0,5.0
openbci,cross_task,11,stroop_to_arithmetic,arithmetic:s11:r1,eegnet,0.0,0.19619868239614596,0.8038013176038541,1.0,0.0,155.0,5.0
openbci,cross_task,11,stroop_to_arithmetic,arithmetic:s11:r1,equal_blend_050,0.0,0.5210310445342117,0.4789689554657882,0.0,1.0,155.0,5.0
openbci,cross_task,11,stroop_to_arithmetic,arithmetic:s11:r1,extra_trees,0.0,0.5350704757711601,0.4649295242288398,0.0,1.0,155.0,5.0
openbci,cross_task,11,stroop_to_arithmetic,arithmetic:s11:r1,fixed_blend_010,0.0,0.4583327923135737,0.5416672076864263,1.0,0.0,155.0,5.0
openbci,cross_task,11,stroop_to_arithmetic,arithmetic:s11:r1,fixed_blend_025,0.0,0.4912964987406242,0.5087035012593758,1.0,0.0,155.0,5.0
openbci,cross_task,11,stroop_to_arithmetic,arithmetic:s11:r1,rf,0.0,0.5426835795966739,0.457316420403326,0.0,1.0,155.0,5.0
openbci,cross_task,11,stroop_to_arithmetic,arithmetic:s11:r1,riemann_mdm,0.0,0.3236304400942977,0.6763695599057024,1.0,0.0,155.0,5.0
openbci,cross_task,11,stroop_to_arithmetic,arithmetic:s11:r1,riemann_ts_logreg,0.0,0.20207890372204335,0.7979210962779567,1.0,0.0,155.0,5.0
openbci,cross_task,11,stroop_to_arithmetic,arithmetic:s11:r1,stack_recording,0.0,0.4981924175328071,0.5018075824671929,1.0,0.0,155.0,5.0
openbci,cross_task,11,stroop_to_arithmetic,arithmetic:s11:r2,always_fuse,1.0,0.5875153852174336,0.4124846147825664,0.0,0.0,162.0,5.0
openbci,cross_task,11,stroop_to_arithmetic,arithmetic:s11:r2,always_nn,1.0,0.9269507711741912,0.0730492288258086,0.0,0.0,162.0,5.0
openbci,cross_task,11,stroop_to_arithmetic,arithmetic:s11:r2,cbsf,1.0,0.6046427640632909,0.395357235936709,0.0,0.0,162.0,5.0
openbci,cross_task,11,stroop_to_arithmetic,arithmetic:s11:r2,dasf_clean,1.0,0.9269507711741913,0.07304922882580862,0.0,0.0,162.0,5.0
openbci,cross_task,11,stroop_to_arithmetic,arithmetic:s11:r2,eeg_conformer,1.0,0.9733289063573645,0.026671093642635535,0.0,0.0,162.0,5.0
openbci,cross_task,11,stroop_to_arithmetic,arithmetic:s11:r2,eegnet,1.0,0.34060240322498453,0.6593975967750155,1.0,1.0,162.0,5.0
openbci,cross_task,11,stroop_to_arithmetic,arithmetic:s11:r2,equal_blend_050,1.0,0.5873199197518559,0.412680080248144,0.0,0.0,162.0,5.0
openbci,cross_task,11,stroop_to_arithmetic,arithmetic:s11:r2,extra_trees,1.0,0.495976167430489,0.504023832569511,1.0,1.0,162.0,5.0
openbci,cross_task,11,stroop_to_arithmetic,arithmetic:s11:r2,fixed_blend_010,1.0,0.6024160498755156,0.3975839501244844,0.0,0.0,162.0,5.0
openbci,cross_task,11,stroop_to_arithmetic,arithmetic:s11:r2,fixed_blend_025,1.0,0.5928929559429953,0.4071070440570047,0.0,0.0,162.0,5.0
openbci,cross_task,11,stroop_to_arithmetic,arithmetic:s11:r2,rf,1.0,0.5242122987081334,0.4757877012918666,0.0,0.0,162.0,5.0
openbci,cross_task,11,stroop_to_arithmetic,arithmetic:s11:r2,riemann_mdm,1.0,0.3288334507078976,0.6711665492921024,1.0,1.0,162.0,5.0
openbci,cross_task,11,stroop_to_arithmetic,arithmetic:s11:r2,riemann_ts_logreg,1.0,0.5089365830080528,0.49106341699194733,0.0,0.0,162.0,5.0
openbci,cross_task,11,stroop_to_arithmetic,arithmetic:s11:r2,stack_recording,1.0,0.5919449135414917,0.4080550864585083,0.0,0.0,162.0,5.0
openbci,cross_task,11,stroop_to_arithmetic,arithmetic:s11:r3,always_fuse,1.0,0.7701044802592494,0.2298955197407506,0.0,0.0,211.0,5.0
openbci,cross_task,11,stroop_to_arithmetic,arithmetic:s11:r3,always_nn,1.0,0.9999979431932996,2.0568067003994206e-06,0.0,0.0,211.0,5.0
openbci,cross_task,11,stroop_to_arithmetic,arithmetic:s11:r3,cbsf,1.0,0.9679060185306256,0.0320939814693743,0.0,0.0,211.0,5.0
openbci,cross_task,11,stroop_to_arithmetic,arithmetic:s11:r3,dasf_clean,1.0,0.9999979431932997,2.0568067003994206e-06,0.0,0.0,211.0,5.0
openbci,cross_task,11,stroop_to_arithmetic,arithmetic:s11:r3,eeg_conformer,1.0,0.9962309433847589,0.003769056615241031,0.0,0.0,211.0,5.0
openbci,cross_task,11,stroop_to_arithmetic,arithmetic:s11:r3,eegnet,1.0,0.5625992215605212,0.4374007784394787,0.0,0.0,211.0,5.0
openbci,cross_task,11,stroop_to_arithmetic,arithmetic:s11:r3,equal_blend_050,1.0,0.8659755121694653,0.1340244878305346,0.0,0.0,211.0,5.0
openbci,cross_task,11,stroop_to_arithmetic,arithmetic:s11:r3,extra_trees,1.0,0.7026068871045074,0.2973931128954926,0.0,0.0,211.0,5.0
openbci,cross_task,11,stroop_to_arithmetic,arithmetic:s11:r3,fixed_blend_010,1.0,0.9622974603298204,0.0377025396701795,0.0,0.0,211.0,5.0
openbci,cross_task,11,stroop_to_arithmetic,arithmetic:s11:r3,fixed_blend_025,1.0,0.9222143974006384,0.0777856025993616,0.0,0.0,211.0,5.0
openbci,cross_task,11,stroop_to_arithmetic,arithmetic:s11:r3,rf,1.0,0.6896760855340852,0.3103239144659149,0.0,0.0,211.0,5.0
openbci,cross_task,11,stroop_to_arithmetic,arithmetic:s11:r3,riemann_mdm,1.0,0.3237830333981424,0.6762169666018575,1.0,1.0,211.0,5.0
openbci,cross_task,11,stroop_to_arithmetic,arithmetic:s11:r3,riemann_ts_logreg,1.0,0.6482827790776656,0.35171722092233426,0.0,0.0,211.0,5.0
openbci,cross_task,11,stroop_to_arithmetic,arithmetic:s11:r3,stack_recording,1.0,0.8952604610342066,0.1047395389657933,0.0,0.0,211.0,5.0
openbci,cross_task,12,arithmetic_to_stroop,stroop:s12:r0,always_fuse,0.0,4.210238893951712e-06,0.999995789761106,1.0,0.0,185.0,5.0
openbci,cross_task,12,arithmetic_to_stroop,stroop:s12:r0,always_nn,0.0,0.9999775728901018,2.2427109898196037e-05,0.0,1.0,185.0,5.0
openbci,cross_task,12,arithmetic_to_stroop,stroop:s12:r0,cbsf,0.0,0.999977512783958,2.24872160420384e-05,0.0,1.0,185.0,5.0
openbci,cross_task,12,arithmetic_to_stroop,stroop:s12:r0,dasf_clean,0.0,0.9999775728901018,2.2427109898196033e-05,0.0,1.0,185.0,5.0
openbci,cross_task,12,arithmetic_to_stroop,stroop:s12:r0,eeg_conformer,0.0,0.9518668201429429,0.048133179857057166,0.0,1.0,185.0,5.0
openbci,cross_task,12,arithmetic_to_stroop,stroop:s12:r0,eegnet,0.0,0.9981145778286767,0.0018854221713232784,0.0,1.0,185.0,5.0
openbci,cross_task,12,arithmetic_to_stroop,stroop:s12:r0,equal_blend_050,0.0,0.4968199225785674,0.5031800774214327,1.0,0.0,185.0,5.0
openbci,cross_task,12,arithmetic_to_stroop,stroop:s12:r0,extra_trees,0.0,0.9997884155623836,0.0002115844376162,0.0,1.0,185.0,5.0
openbci,cross_task,12,arithmetic_to_stroop,stroop:s12:r0,fixed_blend_010,0.0,0.8957756439871946,0.1042243560128053,0.0,1.0,185.0,5.0
openbci,cross_task,12,arithmetic_to_stroop,stroop:s12:r0,fixed_blend_025,0.0,0.7456214269978116,0.2543785730021884,0.0,1.0,185.0,5.0
openbci,cross_task,12,arithmetic_to_stroop,stroop:s12:r0,rf,0.0,0.996214312544555,0.0037856874554449,0.0,1.0,185.0,5.0
openbci,cross_task,12,arithmetic_to_stroop,stroop:s12:r0,riemann_mdm,0.0,0.695967190236256,0.30403280976374397,0.0,1.0,185.0,5.0
openbci,cross_task,12,arithmetic_to_stroop,stroop:s12:r0,riemann_ts_logreg,0.0,0.9983136294058533,0.0016863705941467123,0.0,1.0,185.0,5.0
openbci,cross_task,12,arithmetic_to_stroop,stroop:s12:r0,stack_recording,0.0,0.9350000873799782,0.0649999126200217,0.0,1.0,185.0,5.0
openbci,cross_task,12,arithmetic_to_stroop,stroop:s12:r1,always_fuse,0.0,0.405748457961708,0.594251542038292,1.0,0.0,123.0,5.0
openbci,cross_task,12,arithmetic_to_stroop,stroop:s12:r1,always_nn,0.0,0.0022228573428809,0.997777142657119,1.0,0.0,123.0,5.0
openbci,cross_task,12,arithmetic_to_stroop,stroop:s12:r1,cbsf,0.0,0.0022229506619535,0.9977770493380465,1.0,0.0,123.0,5.0
openbci,cross_task,12,arithmetic_to_stroop,stroop:s12:r1,dasf_clean,0.0,0.002222857342880941,0.997777142657119,1.0,0.0,123.0,5.0
openbci,cross_task,12,arithmetic_to_stroop,stroop:s12:r1,eeg_conformer,0.0,0.13410154833111212,0.8658984516688879,1.0,0.0,123.0,5.0
openbci,cross_task,12,arithmetic_to_stroop,stroop:s12:r1,eegnet,0.0,0.5475122208313622,0.4524877791686379,0.0,1.0,123.0,5.0
openbci,cross_task,12,arithmetic_to_stroop,stroop:s12:r1,equal_blend_050,0.0,0.2393477649700602,0.7606522350299398,1.0,0.0,123.0,5.0
openbci,cross_task,12,arithmetic_to_stroop,stroop:s12:r1,extra_trees,0.0,0.25070588720827,0.74929411279173,1.0,0.0,123.0,5.0
openbci,cross_task,12,arithmetic_to_stroop,stroop:s12:r1,fixed_blend_010,0.0,0.0798142538901703,0.9201857461098296,1.0,0.0,123.0,5.0
openbci,cross_task,12,arithmetic_to_stroop,stroop:s12:r1,fixed_blend_025,0.0,0.1471519890300908,0.8528480109699091,1.0,0.0,123.0,5.0
openbci,cross_task,12,arithmetic_to_stroop,stroop:s12:r1,rf,0.0,0.2373322358809693,0.7626677641190307,1.0,0.0,123.0,5.0
openbci,cross_task,12,arithmetic_to_stroop,stroop:s12:r1,riemann_mdm,0.0,0.45924151084645837,0.5407584891535417,1.0,0.0,123.0,5.0
openbci,cross_task,12,arithmetic_to_stroop,stroop:s12:r1,riemann_ts_logreg,0.0,0.371082758038147,0.628917241961853,1.0,0.0,123.0,5.0
openbci,cross_task,12,arithmetic_to_stroop,stroop:s12:r1,stack_recording,0.0,0.2769754270074673,0.7230245729925326,1.0,0.0,123.0,5.0
openbci,cross_task,12,arithmetic_to_stroop,stroop:s12:r2,always_fuse,1.0,0.5064289859923976,0.4935710140076023,0.0,0.0,126.0,5.0
openbci,cross_task,12,arithmetic_to_stroop,stroop:s12:r2,always_nn,1.0,0.0006648125067734,0.9993351874932266,1.0,1.0,126.0,5.0
openbci,cross_task,12,arithmetic_to_stroop,stroop:s12:r2,cbsf,1.0,0.0006648957418098,0.9993351042581902,1.0,1.0,126.0,5.0
openbci,cross_task,12,arithmetic_to_stroop,stroop:s12:r2,dasf_clean,1.0,0.0006648125067734335,0.9993351874932266,1.0,1.0,126.0,5.0
openbci,cross_task,12,arithmetic_to_stroop,stroop:s12:r2,eeg_conformer,1.0,0.1442625951124167,0.8557374048875832,1.0,1.0,126.0,5.0
openbci,cross_task,12,arithmetic_to_stroop,stroop:s12:r2,eegnet,1.0,0.4899916990158143,0.5100083009841857,1.0,1.0,126.0,5.0
openbci,cross_task,12,arithmetic_to_stroop,stroop:s12:r2,equal_blend_050,1.0,0.2780947504708255,0.7219052495291746,1.0,1.0,126.0,5.0
openbci,cross_task,12,arithmetic_to_stroop,stroop:s12:r2,extra_trees,1.0,0.2021273578036649,0.7978726421963351,1.0,1.0,126.0,5.0
openbci,cross_task,12,arithmetic_to_stroop,stroop:s12:r2,fixed_blend_010,1.0,0.0773018813002106,0.9226981186997892,1.0,1.0,126.0,5.0
openbci,cross_task,12,arithmetic_to_stroop,stroop:s12:r2,fixed_blend_025,1.0,0.1592983229661239,0.8407016770338761,1.0,1.0,126.0,5.0
openbci,cross_task,12,arithmetic_to_stroop,stroop:s12:r2,rf,1.0,0.2032842898664454,0.7967157101335546,1.0,1.0,126.0,5.0
openbci,cross_task,12,arithmetic_to_stroop,stroop:s12:r2,riemann_mdm,1.0,0.37627061177798843,0.6237293882220116,1.0,1.0,126.0,5.0
openbci,cross_task,12,arithmetic_to_stroop,stroop:s12:r2,riemann_ts_logreg,1.0,0.2370644936823975,0.7629355063176025,1.0,1.0,126.0,5.0
openbci,cross_task,12,arithmetic_to_stroop,stroop:s12:r2,stack_recording,1.0,0.2331050234509879,0.7668949765490121,1.0,1.0,126.0,5.0
openbci,cross_task,12,arithmetic_to_stroop,stroop:s12:r3,always_fuse,1.0,0.5287674444636161,0.4712325555363839,0.0,0.0,189.0,5.0
openbci,cross_task,12,arithmetic_to_stroop,stroop:s12:r3,always_nn,1.0,0.0012781228526588,0.9987218771473412,1.0,1.0,189.0,5.0
openbci,cross_task,12,arithmetic_to_stroop,stroop:s12:r3,cbsf,1.0,0.0012782838668383,0.9987217161331616,1.0,1.0,189.0,5.0
openbci,cross_task,12,arithmetic_to_stroop,stroop:s12:r3,dasf_clean,1.0,0.0012781228526588333,0.9987218771473412,1.0,1.0,189.0,5.0
openbci,cross_task,12,arithmetic_to_stroop,stroop:s12:r3,eeg_conformer,1.0,0.13627906752083113,0.8637209324791689,1.0,1.0,189.0,5.0
openbci,cross_task,12,arithmetic_to_stroop,stroop:s12:r3,eegnet,1.0,0.16373220204488956,0.8362677979551105,1.0,1.0,189.0,5.0
openbci,cross_task,12,arithmetic_to_stroop,stroop:s12:r3,equal_blend_050,1.0,0.3048789282476239,0.695121071752376,1.0,1.0,189.0,5.0
openbci,cross_task,12,arithmetic_to_stroop,stroop:s12:r3,extra_trees,1.0,0.2001671327229933,0.7998328672770066,1.0,1.0,189.0,5.0
openbci,cross_task,12,arithmetic_to_stroop,stroop:s12:r3,fixed_blend_010,1.0,0.0980186392594209,0.901981360740579,1.0,1.0,189.0,5.0
openbci,cross_task,12,arithmetic_to_stroop,stroop:s12:r3,fixed_blend_025,1.0,0.1859897120489566,0.8140102879510432,1.0,1.0,189.0,5.0
openbci,cross_task,12,arithmetic_to_stroop,stroop:s12:r3,rf,1.0,0.1743145210168992,0.8256854789831009,1.0,1.0,189.0,5.0
openbci,cross_task,12,arithmetic_to_stroop,stroop:s12:r3,riemann_mdm,1.0,0.3788952815392541,0.6211047184607459,1.0,1.0,189.0,5.0
openbci,cross_task,12,arithmetic_to_stroop,stroop:s12:r3,riemann_ts_logreg,1.0,0.014970579915544286,0.9850294200844557,1.0,1.0,189.0,5.0
openbci,cross_task,12,arithmetic_to_stroop,stroop:s12:r3,stack_recording,1.0,0.2524513413608464,0.7475486586391535,1.0,1.0,189.0,5.0
openbci,cross_task,12,stroop_to_arithmetic,arithmetic:s12:r0,always_fuse,0.0,0.6996505976802185,0.3003494023197815,0.0,1.0,185.0,5.0
openbci,cross_task,12,stroop_to_arithmetic,arithmetic:s12:r0,always_nn,0.0,0.9888780647243992,0.0111219352756008,0.0,1.0,185.0,5.0
openbci,cross_task,12,stroop_to_arithmetic,arithmetic:s12:r0,cbsf,0.0,0.9721707754158038,0.0278292245841962,0.0,1.0,185.0,5.0
openbci,cross_task,12,stroop_to_arithmetic,arithmetic:s12:r0,dasf_clean,0.0,0.9888780647243991,0.011121935275600828,0.0,1.0,185.0,5.0
openbci,cross_task,12,stroop_to_arithmetic,arithmetic:s12:r0,eeg_conformer,0.0,0.9930258237042533,0.006974176295746662,0.0,1.0,185.0,5.0
openbci,cross_task,12,stroop_to_arithmetic,arithmetic:s12:r0,eegnet,0.0,0.5313053045089239,0.4686946954910761,0.0,1.0,185.0,5.0
openbci,cross_task,12,stroop_to_arithmetic,arithmetic:s12:r0,equal_blend_050,0.0,0.8323545048495239,0.167645495150476,0.0,1.0,185.0,5.0
openbci,cross_task,12,stroop_to_arithmetic,arithmetic:s12:r0,extra_trees,0.0,0.998869025552212,0.001130974447788,0.0,1.0,185.0,5.0
openbci,cross_task,12,stroop_to_arithmetic,arithmetic:s12:r0,fixed_blend_010,0.0,0.9501351763042925,0.0498648236957076,0.0,1.0,185.0,5.0
openbci,cross_task,12,stroop_to_arithmetic,arithmetic:s12:r0,fixed_blend_025,0.0,0.9033862733843508,0.0966137266156491,0.0,1.0,185.0,5.0
openbci,cross_task,12,stroop_to_arithmetic,arithmetic:s12:r0,rf,0.0,0.9986381244127082,0.0013618755872919,0.0,1.0,185.0,5.0
openbci,cross_task,12,stroop_to_arithmetic,arithmetic:s12:r0,riemann_mdm,0.0,0.803950100576702,0.19604989942329792,0.0,1.0,185.0,5.0
openbci,cross_task,12,stroop_to_arithmetic,arithmetic:s12:r0,riemann_ts_logreg,0.0,0.9960109506200738,0.003989049379926152,0.0,1.0,185.0,5.0
openbci,cross_task,12,stroop_to_arithmetic,arithmetic:s12:r0,stack_recording,0.0,0.6167249355717837,0.3832750644282163,0.0,1.0,185.0,5.0
openbci,cross_task,12,stroop_to_arithmetic,arithmetic:s12:r1,always_fuse,0.0,0.515305221278169,0.484694778721831,0.0,1.0,116.0,5.0
openbci,cross_task,12,stroop_to_arithmetic,arithmetic:s12:r1,always_nn,0.0,0.2939709395181962,0.7060290604818037,1.0,0.0,116.0,5.0
openbci,cross_task,12,stroop_to_arithmetic,arithmetic:s12:r1,cbsf,0.0,0.3079258266150905,0.6920741733849095,1.0,0.0,116.0,5.0
openbci,cross_task,12,stroop_to_arithmetic,arithmetic:s12:r1,dasf_clean,0.0,0.29397093951819625,0.7060290604818037,1.0,0.0,116.0,5.0
openbci,cross_task,12,stroop_to_arithmetic,arithmetic:s12:r1,eeg_conformer,0.0,0.023238838709519954,0.97676116129048,1.0,0.0,116.0,5.0
openbci,cross_task,12,stroop_to_arithmetic,arithmetic:s12:r1,eegnet,0.0,0.48020373505697633,0.5197962649430237,1.0,0.0,116.0,5.0
openbci,cross_task,12,stroop_to_arithmetic,arithmetic:s12:r1,equal_blend_050,0.0,0.4212967758422393,0.5787032241577608,1.0,0.0,116.0,5.0
openbci,cross_task,12,stroop_to_arithmetic,arithmetic:s12:r1,extra_trees,0.0,0.4415690627101341,0.5584309372898658,1.0,0.0,116.0,5.0
openbci,cross_task,12,stroop_to_arithmetic,arithmetic:s12:r1,fixed_blend_010,0.0,0.3276333241777593,0.6723666758222405,1.0,0.0,116.0,5.0
openbci,cross_task,12,stroop_to_arithmetic,arithmetic:s12:r1,fixed_blend_025,0.0,0.367013556648372,0.632986443351628,1.0,0.0,116.0,5.0
openbci,cross_task,12,stroop_to_arithmetic,arithmetic:s12:r1,rf,0.0,0.4090337677329124,0.5909662322670877,1.0,0.0,116.0,5.0
openbci,cross_task,12,stroop_to_arithmetic,arithmetic:s12:r1,riemann_mdm,0.0,0.34883736030229806,0.6511626396977019,1.0,0.0,116.0,5.0
openbci,cross_task,12,stroop_to_arithmetic,arithmetic:s12:r1,riemann_ts_logreg,0.0,0.18580350267925977,0.8141964973207403,1.0,0.0,116.0,5.0
openbci,cross_task,12,stroop_to_arithmetic,arithmetic:s12:r1,stack_recording,0.0,0.4420224038187715,0.5579775961812284,1.0,0.0,116.0,5.0
openbci,cross_task,12,stroop_to_arithmetic,arithmetic:s12:r2,always_fuse,1.0,0.520556848267883,0.479443151732117,0.0,0.0,135.0,5.0
openbci,cross_task,12,stroop_to_arithmetic,arithmetic:s12:r2,always_nn,1.0,0.3466579947578533,0.6533420052421467,1.0,1.0,135.0,5.0
openbci,cross_task,12,stroop_to_arithmetic,arithmetic:s12:r2,cbsf,1.0,0.3575811910115541,0.6424188089884457,1.0,1.0,135.0,5.0
openbci,cross_task,12,stroop_to_arithmetic,arithmetic:s12:r2,dasf_clean,1.0,0.3466579947578533,0.6533420052421467,1.0,1.0,135.0,5.0
openbci,cross_task,12,stroop_to_arithmetic,arithmetic:s12:r2,eeg_conformer,1.0,0.03745842154804014,0.9625415784519599,1.0,1.0,135.0,5.0
openbci,cross_task,12,stroop_to_arithmetic,arithmetic:s12:r2,eegnet,1.0,0.461299058413583,0.538700941586417,1.0,1.0,135.0,5.0
openbci,cross_task,12,stroop_to_arithmetic,arithmetic:s12:r2,equal_blend_050,1.0,0.4476032973350757,0.5523967026649242,1.0,1.0,135.0,5.0
openbci,cross_task,12,stroop_to_arithmetic,arithmetic:s12:r2,extra_trees,1.0,0.4507420273533737,0.5492579726466262,1.0,1.0,135.0,5.0
openbci,cross_task,12,stroop_to_arithmetic,arithmetic:s12:r2,fixed_blend_010,1.0,0.3733445359613774,0.6266554640386225,1.0,1.0,135.0,5.0
openbci,cross_task,12,stroop_to_arithmetic,arithmetic:s12:r2,fixed_blend_025,1.0,0.4048357358751938,0.5951642641248062,1.0,1.0,135.0,5.0
openbci,cross_task,12,stroop_to_arithmetic,arithmetic:s12:r2,rf,1.0,0.4524543665697521,0.5475456334302479,1.0,1.0,135.0,5.0
openbci,cross_task,12,stroop_to_arithmetic,arithmetic:s12:r2,riemann_mdm,1.0,0.3431148360362906,0.6568851639637093,1.0,1.0,135.0,5.0
openbci,cross_task,12,stroop_to_arithmetic,arithmetic:s12:r2,riemann_ts_logreg,1.0,0.3620545770418241,0.6379454229581759,1.0,1.0,135.0,5.0
openbci,cross_task,12,stroop_to_arithmetic,arithmetic:s12:r2,stack_recording,1.0,0.4501505867338408,0.5498494132661592,1.0,1.0,135.0,5.0
openbci,cross_task,12,stroop_to_arithmetic,arithmetic:s12:r3,always_fuse,1.0,0.5035515710549944,0.4964484289450055,0.0,0.0,219.0,5.0
openbci,cross_task,12,stroop_to_arithmetic,arithmetic:s12:r3,always_nn,1.0,0.4521181618550337,0.5478818381449662,1.0,1.0,219.0,5.0
openbci,cross_task,12,stroop_to_arithmetic,arithmetic:s12:r3,cbsf,1.0,0.4431245010229103,0.5568754989770897,1.0,1.0,219.0,5.0
openbci,cross_task,12,stroop_to_arithmetic,arithmetic:s12:r3,dasf_clean,1.0,0.45211816185503373,0.5478818381449662,1.0,1.0,219.0,5.0
openbci,cross_task,12,stroop_to_arithmetic,arithmetic:s12:r3,eeg_conformer,1.0,0.04405615579505546,0.9559438442049445,1.0,1.0,219.0,5.0
openbci,cross_task,12,stroop_to_arithmetic,arithmetic:s12:r3,eegnet,1.0,0.4697053367261327,0.5302946632738673,1.0,1.0,219.0,5.0
openbci,cross_task,12,stroop_to_arithmetic,arithmetic:s12:r3,equal_blend_050,1.0,0.4673218815237233,0.5326781184762767,1.0,1.0,219.0,5.0
openbci,cross_task,12,stroop_to_arithmetic,arithmetic:s12:r3,extra_trees,1.0,0.3318032930042449,0.6681967069957551,1.0,1.0,219.0,5.0
openbci,cross_task,12,stroop_to_arithmetic,arithmetic:s12:r3,fixed_blend_010,1.0,0.4415460114091789,0.5584539885908211,1.0,1.0,219.0,5.0
openbci,cross_task,12,stroop_to_arithmetic,arithmetic:s12:r3,fixed_blend_025,1.0,0.4493241575157302,0.5506758424842697,1.0,1.0,219.0,5.0
openbci,cross_task,12,stroop_to_arithmetic,arithmetic:s12:r3,rf,1.0,0.3961618788655233,0.6038381211344767,1.0,1.0,219.0,5.0
openbci,cross_task,12,stroop_to_arithmetic,arithmetic:s12:r3,riemann_mdm,1.0,0.47693072931549313,0.5230692706845069,1.0,1.0,219.0,5.0
openbci,cross_task,12,stroop_to_arithmetic,arithmetic:s12:r3,riemann_ts_logreg,1.0,0.1309938056349443,0.8690061943650557,1.0,1.0,219.0,5.0
openbci,cross_task,12,stroop_to_arithmetic,arithmetic:s12:r3,stack_recording,1.0,0.4666225077485415,0.5333774922514585,1.0,1.0,219.0,5.0
openbci,cross_task,13,arithmetic_to_stroop,stroop:s13:r0,always_fuse,0.0,0.6161414292829254,0.3838585707170747,0.0,1.0,180.0,5.0
openbci,cross_task,13,arithmetic_to_stroop,stroop:s13:r0,always_nn,0.0,0.9999967157509608,3.284249039025664e-06,0.0,1.0,180.0,5.0
openbci,cross_task,13,arithmetic_to_stroop,stroop:s13:r0,cbsf,0.0,0.9998383263743524,0.0001616736256473,0.0,1.0,180.0,5.0
openbci,cross_task,13,arithmetic_to_stroop,stroop:s13:r0,dasf_clean,0.0,0.9999967157509609,3.284249039025664e-06,0.0,1.0,180.0,5.0
openbci,cross_task,13,arithmetic_to_stroop,stroop:s13:r0,eeg_conformer,0.0,0.993361583682238,0.00663841631776204,0.0,1.0,180.0,5.0
openbci,cross_task,13,arithmetic_to_stroop,stroop:s13:r0,eegnet,0.0,0.9983319936414108,0.0016680063585891925,0.0,1.0,180.0,5.0
openbci,cross_task,13,arithmetic_to_stroop,stroop:s13:r0,equal_blend_050,0.0,0.8088782133835118,0.1911217866164882,0.0,1.0,180.0,5.0
openbci,cross_task,13,arithmetic_to_stroop,stroop:s13:r0,extra_trees,0.0,0.9999867745439648,1.3225456035321256e-05,0.0,1.0,180.0,5.0
openbci,cross_task,13,arithmetic_to_stroop,stroop:s13:r0,fixed_blend_010,0.0,0.9618109898825248,0.0381890101174752,0.0,1.0,180.0,5.0
openbci,cross_task,13,arithmetic_to_stroop,stroop:s13:r0,fixed_blend_025,0.0,0.9045463541898292,0.0954536458101707,0.0,1.0,180.0,5.0
openbci,cross_task,13,arithmetic_to_stroop,stroop:s13:r0,rf,0.0,0.9996047873460198,0.0003952126539802,0.0,1.0,180.0,5.0
openbci,cross_task,13,arithmetic_to_stroop,stroop:s13:r0,riemann_mdm,0.0,0.9980321498955476,0.001967850104452364,0.0,1.0,180.0,5.0
openbci,cross_task,13,arithmetic_to_stroop,stroop:s13:r0,riemann_ts_logreg,0.0,0.999981346853792,1.8653146207966848e-05,0.0,1.0,180.0,5.0
openbci,cross_task,13,arithmetic_to_stroop,stroop:s13:r0,stack_recording,0.0,0.8791643968167001,0.1208356031832998,0.0,1.0,180.0,5.0
openbci,cross_task,13,arithmetic_to_stroop,stroop:s13:r1,always_fuse,0.0,0.5699234811510985,0.4300765188489014,0.0,1.0,91.0,5.0
openbci,cross_task,13,arithmetic_to_stroop,stroop:s13:r1,always_nn,0.0,0.9662183101409566,0.0337816898590432,0.0,1.0,91.0,5.0
openbci,cross_task,13,arithmetic_to_stroop,stroop:s13:r1,cbsf,0.0,0.932813617023368,0.067186382976632,0.0,1.0,91.0,5.0
openbci,cross_task,13,arithmetic_to_stroop,stroop:s13:r1,dasf_clean,0.0,0.9662183101409566,0.033781689859043264,0.0,1.0,91.0,5.0
openbci,cross_task,13,arithmetic_to_stroop,stroop:s13:r1,eeg_conformer,0.0,0.024632325516281275,0.9753676744837186,1.0,0.0,91.0,5.0
openbci,cross_task,13,arithmetic_to_stroop,stroop:s13:r1,eegnet,0.0,0.012143739370916031,0.987856260629084,1.0,0.0,91.0,5.0
openbci,cross_task,13,arithmetic_to_stroop,stroop:s13:r1,equal_blend_050,0.0,0.6299210819255372,0.3700789180744627,0.0,1.0,91.0,5.0
openbci,cross_task,13,arithmetic_to_stroop,stroop:s13:r1,extra_trees,0.0,0.3339273118405031,0.6660726881594968,1.0,0.0,91.0,5.0
openbci,cross_task,13,arithmetic_to_stroop,stroop:s13:r1,fixed_blend_010,0.0,0.7392582414904266,0.2607417585095732,0.0,1.0,91.0,5.0
openbci,cross_task,13,arithmetic_to_stroop,stroop:s13:r1,fixed_blend_025,0.0,0.6807613702745925,0.3192386297254075,0.0,1.0,91.0,5.0
openbci,cross_task,13,arithmetic_to_stroop,stroop:s13:r1,rf,0.0,0.2994123332519499,0.7005876667480502,1.0,0.0,91.0,5.0
openbci,cross_task,13,arithmetic_to_stroop,stroop:s13:r1,riemann_mdm,0.0,0.051662756174123456,0.9483372438258766,1.0,0.0,91.0,5.0
openbci,cross_task,13,arithmetic_to_stroop,stroop:s13:r1,riemann_ts_logreg,0.0,0.09790069692138281,0.9020993030786172,1.0,0.0,91.0,5.0
openbci,cross_task,13,arithmetic_to_stroop,stroop:s13:r1,stack_recording,0.0,0.637204786008846,0.362795213991154,0.0,1.0,91.0,5.0
openbci,cross_task,13,arithmetic_to_stroop,stroop:s13:r2,always_fuse,1.0,0.4811367995174888,0.5188632004825111,1.0,1.0,122.0,5.0
openbci,cross_task,13,arithmetic_to_stroop,stroop:s13:r2,always_nn,1.0,0.0152122102831505,0.9847877897168494,1.0,1.0,122.0,5.0
openbci,cross_task,13,arithmetic_to_stroop,stroop:s13:r2,cbsf,1.0,0.0601069769015253,0.9398930230984748,1.0,1.0,122.0,5.0
openbci,cross_task,13,arithmetic_to_stroop,stroop:s13:r2,dasf_clean,1.0,0.015212210283150581,0.9847877897168494,1.0,1.0,122.0,5.0
openbci,cross_task,13,arithmetic_to_stroop,stroop:s13:r2,eeg_conformer,1.0,0.053051574174145,0.946948425825855,1.0,1.0,122.0,5.0
openbci,cross_task,13,arithmetic_to_stroop,stroop:s13:r2,eegnet,1.0,0.029923140954967006,0.970076859045033,1.0,1.0,122.0,5.0
openbci,cross_task,13,arithmetic_to_stroop,stroop:s13:r2,equal_blend_050,1.0,0.3955559295669026,0.6044440704330973,1.0,1.0,122.0,5.0
openbci,cross_task,13,arithmetic_to_stroop,stroop:s13:r2,extra_trees,1.0,0.1083388537802637,0.8916611462197362,1.0,1.0,122.0,5.0
openbci,cross_task,13,arithmetic_to_stroop,stroop:s13:r2,fixed_blend_010,1.0,0.2648338630218215,0.7351661369781786,1.0,1.0,122.0,5.0
openbci,cross_task,13,arithmetic_to_stroop,stroop:s13:r2,fixed_blend_025,1.0,0.332017911970301,0.667982088029699,1.0,1.0,122.0,5.0
openbci,cross_task,13,arithmetic_to_stroop,stroop:s13:r2,rf,1.0,0.0845665305705234,0.9154334694294765,1.0,1.0,122.0,5.0
openbci,cross_task,13,arithmetic_to_stroop,stroop:s13:r2,riemann_mdm,1.0,0.0650881779943203,0.9349118220056798,1.0,1.0,122.0,5.0
openbci,cross_task,13,arithmetic_to_stroop,stroop:s13:r2,riemann_ts_logreg,1.0,0.051550241315201785,0.9484497586847982,1.0,1.0,122.0,5.0
openbci,cross_task,13,arithmetic_to_stroop,stroop:s13:r2,stack_recording,1.0,0.3598114537345168,0.6401885462654832,1.0,1.0,122.0,5.0
openbci,cross_task,13,arithmetic_to_stroop,stroop:s13:r3,always_fuse,1.0,0.4276330661197609,0.5723669338802391,1.0,1.0,180.0,5.0
openbci,cross_task,13,arithmetic_to_stroop,stroop:s13:r3,always_nn,1.0,5.416869633587192e-06,0.9999945831303664,1.0,1.0,180.0,5.0
openbci,cross_task,13,arithmetic_to_stroop,stroop:s13:r3,cbsf,1.0,0.0061749491524988,0.9938250508475012,1.0,1.0,180.0,5.0
openbci,cross_task,13,arithmetic_to_stroop,stroop:s13:r3,dasf_clean,1.0,5.416869633587192e-06,0.9999945831303664,1.0,1.0,180.0,5.0
openbci,cross_task,13,arithmetic_to_stroop,stroop:s13:r3,eeg_conformer,1.0,0.012525348018579163,0.9874746519814209,1.0,1.0,180.0,5.0
openbci,cross_task,13,arithmetic_to_stroop,stroop:s13:r3,eegnet,1.0,0.0003344404721766171,0.9996655595278234,1.0,1.0,180.0,5.0
openbci,cross_task,13,arithmetic_to_stroop,stroop:s13:r3,equal_blend_050,1.0,0.3111439762885868,0.6888560237114132,1.0,1.0,180.0,5.0
openbci,cross_task,13,arithmetic_to_stroop,stroop:s13:r3,extra_trees,1.0,0.1281357074061316,0.8718642925938683,1.0,1.0,180.0,5.0
openbci,cross_task,13,arithmetic_to_stroop,stroop:s13:r3,fixed_blend_010,1.0,0.1487819569289658,0.8512180430710341,1.0,1.0,180.0,5.0
openbci,cross_task,13,arithmetic_to_stroop,stroop:s13:r3,fixed_blend_025,1.0,0.2278007132362241,0.7721992867637758,1.0,1.0,180.0,5.0
openbci,cross_task,13,arithmetic_to_stroop,stroop:s13:r3,rf,1.0,0.1084572674230193,0.8915427325769807,1.0,1.0,180.0,5.0
openbci,cross_task,13,arithmetic_to_stroop,stroop:s13:r3,riemann_mdm,1.0,0.05910386477474244,0.9408961352252576,1.0,1.0,180.0,5.0
openbci,cross_task,13,arithmetic_to_stroop,stroop:s13:r3,riemann_ts_logreg,1.0,0.006174131253766542,0.9938258687462334,1.0,1.0,180.0,5.0
openbci,cross_task,13,arithmetic_to_stroop,stroop:s13:r3,stack_recording,1.0,0.1428215775883587,0.8571784224116412,1.0,1.0,180.0,5.0
openbci,cross_task,13,stroop_to_arithmetic,arithmetic:s13:r0,always_fuse,0.0,0.8431141646017556,0.1568858353982444,0.0,1.0,180.0,5.0
openbci,cross_task,13,stroop_to_arithmetic,arithmetic:s13:r0,always_nn,0.0,0.9984992224562496,0.0015007775437504,0.0,1.0,180.0,5.0
openbci,cross_task,13,stroop_to_arithmetic,arithmetic:s13:r0,cbsf,0.0,0.996023841376652,0.0039761586233481,0.0,1.0,180.0,5.0
openbci,cross_task,13,stroop_to_arithmetic,arithmetic:s13:r0,dasf_clean,0.0,0.9984992224562496,0.0015007775437504472,0.0,1.0,180.0,5.0
openbci,cross_task,13,stroop_to_arithmetic,arithmetic:s13:r0,eeg_conformer,0.0,0.9930547433766311,0.006945256623368839,0.0,1.0,180.0,5.0
openbci,cross_task,13,stroop_to_arithmetic,arithmetic:s13:r0,eegnet,0.0,0.9992377143626048,0.0007622856373952046,0.0,1.0,180.0,5.0
openbci,cross_task,13,stroop_to_arithmetic,arithmetic:s13:r0,equal_blend_050,0.0,0.921150934002516,0.0788490659974838,0.0,1.0,180.0,5.0
openbci,cross_task,13,stroop_to_arithmetic,arithmetic:s13:r0,extra_trees,0.0,0.9999997638479964,2.361520035669633e-07,0.0,1.0,180.0,5.0
openbci,cross_task,13,stroop_to_arithmetic,arithmetic:s13:r0,fixed_blend_010,0.0,0.9818587848034122,0.0181412151965879,0.0,1.0,180.0,5.0
openbci,cross_task,13,stroop_to_arithmetic,arithmetic:s13:r0,fixed_blend_025,0.0,0.9590815017088522,0.0409184982911477,0.0,1.0,180.0,5.0
openbci,cross_task,13,stroop_to_arithmetic,arithmetic:s13:r0,rf,0.0,0.9999927054633584,7.294536641777553e-06,0.0,1.0,180.0,5.0
openbci,cross_task,13,stroop_to_arithmetic,arithmetic:s13:r0,riemann_mdm,0.0,0.9997482403793375,0.00025175962066253477,0.0,1.0,180.0,5.0
openbci,cross_task,13,stroop_to_arithmetic,arithmetic:s13:r0,riemann_ts_logreg,0.0,0.9999411449568816,5.885504311841212e-05,0.0,1.0,180.0,5.0
openbci,cross_task,13,stroop_to_arithmetic,arithmetic:s13:r0,stack_recording,0.0,0.6733732735011229,0.3266267264988772,0.0,1.0,180.0,5.0
openbci,cross_task,13,stroop_to_arithmetic,arithmetic:s13:r1,always_fuse,0.0,0.3602542368212537,0.6397457631787462,1.0,0.0,142.0,5.0
openbci,cross_task,13,stroop_to_arithmetic,arithmetic:s13:r1,always_nn,0.0,0.8320127174726923,0.1679872825273077,0.0,1.0,142.0,5.0
openbci,cross_task,13,stroop_to_arithmetic,arithmetic:s13:r1,cbsf,0.0,0.8168455692354029,0.1831544307645972,0.0,1.0,142.0,5.0
openbci,cross_task,13,stroop_to_arithmetic,arithmetic:s13:r1,dasf_clean,0.0,0.8320127174726923,0.16798728252730774,0.0,1.0,142.0,5.0
openbci,cross_task,13,stroop_to_arithmetic,arithmetic:s13:r1,eeg_conformer,0.0,0.14557472064730448,0.8544252793526956,1.0,0.0,142.0,5.0
openbci,cross_task,13,stroop_to_arithmetic,arithmetic:s13:r1,eegnet,0.0,0.5814284223024644,0.4185715776975357,0.0,1.0,142.0,5.0
openbci,cross_task,13,stroop_to_arithmetic,arithmetic:s13:r1,equal_blend_050,0.0,0.55923982568463,0.4407601743153699,0.0,1.0,142.0,5.0
openbci,cross_task,13,stroop_to_arithmetic,arithmetic:s13:r1,extra_trees,0.0,0.4944725617768665,0.5055274382231335,1.0,0.0,142.0,5.0
openbci,cross_task,13,stroop_to_arithmetic,arithmetic:s13:r1,fixed_blend_010,0.0,0.7471781437998919,0.252821856200108,0.0,1.0,142.0,5.0
openbci,cross_task,13,stroop_to_arithmetic,arithmetic:s13:r1,fixed_blend_025,0.0,0.666247084930956,0.3337529150690441,0.0,1.0,142.0,5.0
openbci,cross_task,13,stroop_to_arithmetic,arithmetic:s13:r1,rf,0.0,0.5874967461658522,0.4125032538341477,0.0,1.0,142.0,5.0
openbci,cross_task,13,stroop_to_arithmetic,arithmetic:s13:r1,riemann_mdm,0.0,0.1844677762786458,0.8155322237213541,1.0,0.0,142.0,5.0
openbci,cross_task,13,stroop_to_arithmetic,arithmetic:s13:r1,riemann_ts_logreg,0.0,0.34860640474671256,0.6513935952532875,1.0,0.0,142.0,5.0
openbci,cross_task,13,stroop_to_arithmetic,arithmetic:s13:r1,stack_recording,0.0,0.5435159563049397,0.4564840436950604,0.0,1.0,142.0,5.0
openbci,cross_task,13,stroop_to_arithmetic,arithmetic:s13:r2,always_fuse,1.0,0.4583600738600227,0.5416399261399772,1.0,1.0,145.0,5.0
openbci,cross_task,13,stroop_to_arithmetic,arithmetic:s13:r2,always_nn,1.0,0.8420854085424693,0.1579145914575307,0.0,0.0,145.0,5.0
openbci,cross_task,13,stroop_to_arithmetic,arithmetic:s13:r2,cbsf,1.0,0.8228860169202219,0.177113983079778,0.0,0.0,145.0,5.0
openbci,cross_task,13,stroop_to_arithmetic,arithmetic:s13:r2,dasf_clean,1.0,0.8420854085424693,0.15791459145753073,0.0,0.0,145.0,5.0
openbci,cross_task,13,stroop_to_arithmetic,arithmetic:s13:r2,eeg_conformer,1.0,0.09399202311975718,0.9060079768802428,1.0,1.0,145.0,5.0
openbci,cross_task,13,stroop_to_arithmetic,arithmetic:s13:r2,eegnet,1.0,0.41728788774272463,0.5827121122572753,1.0,1.0,145.0,5.0
openbci,cross_task,13,stroop_to_arithmetic,arithmetic:s13:r2,equal_blend_050,1.0,0.5949454457914836,0.4050545542085164,0.0,0.0,145.0,5.0
openbci,cross_task,13,stroop_to_arithmetic,arithmetic:s13:r2,extra_trees,1.0,0.5994899024266263,0.4005100975733737,0.0,0.0,145.0,5.0
openbci,cross_task,13,stroop_to_arithmetic,arithmetic:s13:r2,fixed_blend_010,1.0,0.7500775245984204,0.2499224754015796,0.0,0.0,145.0,5.0
openbci,cross_task,13,stroop_to_arithmetic,arithmetic:s13:r2,fixed_blend_025,1.0,0.6787699351674633,0.3212300648325366,0.0,0.0,145.0,5.0
openbci,cross_task,13,stroop_to_arithmetic,arithmetic:s13:r2,rf,1.0,0.6931063765283267,0.3068936234716733,0.0,0.0,145.0,5.0
openbci,cross_task,13,stroop_to_arithmetic,arithmetic:s13:r2,riemann_mdm,1.0,0.17851810858015169,0.8214818914198484,1.0,1.0,145.0,5.0
openbci,cross_task,13,stroop_to_arithmetic,arithmetic:s13:r2,riemann_ts_logreg,1.0,0.33159612772121094,0.6684038722787891,1.0,1.0,145.0,5.0
openbci,cross_task,13,stroop_to_arithmetic,arithmetic:s13:r2,stack_recording,1.0,0.5399146579247821,0.4600853420752179,0.0,0.0,145.0,5.0
openbci,cross_task,13,stroop_to_arithmetic,arithmetic:s13:r3,always_fuse,1.0,0.4269532951894839,0.573046704810516,1.0,1.0,203.0,5.0
openbci,cross_task,13,stroop_to_arithmetic,arithmetic:s13:r3,always_nn,1.0,0.4894962905775073,0.5105037094224926,1.0,1.0,203.0,5.0
openbci,cross_task,13,stroop_to_arithmetic,arithmetic:s13:r3,cbsf,1.0,0.4789141654460336,0.5210858345539664,1.0,1.0,203.0,5.0
openbci,cross_task,13,stroop_to_arithmetic,arithmetic:s13:r3,dasf_clean,1.0,0.4894962905775073,0.5105037094224926,1.0,1.0,203.0,5.0
openbci,cross_task,13,stroop_to_arithmetic,arithmetic:s13:r3,eeg_conformer,1.0,0.06711163873760266,0.9328883612623974,1.0,1.0,203.0,5.0
openbci,cross_task,13,stroop_to_arithmetic,arithmetic:s13:r3,eegnet,1.0,0.2893734175590764,0.7106265824409236,1.0,1.0,203.0,5.0
openbci,cross_task,13,stroop_to_arithmetic,arithmetic:s13:r3,equal_blend_050,1.0,0.4433564277536693,0.5566435722463307,1.0,1.0,203.0,5.0
openbci,cross_task,13,stroop_to_arithmetic,arithmetic:s13:r3,extra_trees,1.0,0.4064983973220322,0.5935016026779678,1.0,1.0,203.0,5.0
openbci,cross_task,13,stroop_to_arithmetic,arithmetic:s13:r3,fixed_blend_010,1.0,0.4565235928043097,0.5434764071956903,1.0,1.0,203.0,5.0
openbci,cross_task,13,stroop_to_arithmetic,arithmetic:s13:r3,fixed_blend_025,1.0,0.4480453071830894,0.5519546928169105,1.0,1.0,203.0,5.0
openbci,cross_task,13,stroop_to_arithmetic,arithmetic:s13:r3,rf,1.0,0.4505435205827384,0.5494564794172616,1.0,1.0,203.0,5.0
openbci,cross_task,13,stroop_to_arithmetic,arithmetic:s13:r3,riemann_mdm,1.0,0.09351781855791763,0.9064821814420824,1.0,1.0,203.0,5.0
openbci,cross_task,13,stroop_to_arithmetic,arithmetic:s13:r3,riemann_ts_logreg,1.0,0.11644508779137372,0.8835549122086263,1.0,1.0,203.0,5.0
openbci,cross_task,13,stroop_to_arithmetic,arithmetic:s13:r3,stack_recording,1.0,0.4818435898193162,0.5181564101806838,1.0,1.0,203.0,5.0
openbci,cross_task,14,arithmetic_to_stroop,stroop:s14:r0,always_fuse,0.0,0.8409807259499323,0.1590192740500677,0.0,1.0,155.0,5.0
openbci,cross_task,14,arithmetic_to_stroop,stroop:s14:r0,always_nn,0.0,0.999638664016134,0.0003613359838658,0.0,1.0,155.0,5.0
openbci,cross_task,14,arithmetic_to_stroop,stroop:s14:r0,cbsf,0.0,0.9994018754857544,0.0005981245142456,0.0,1.0,155.0,5.0
openbci,cross_task,14,arithmetic_to_stroop,stroop:s14:r0,dasf_clean,0.0,0.9996386640161341,0.00036133598386588027,0.0,1.0,155.0,5.0
openbci,cross_task,14,arithmetic_to_stroop,stroop:s14:r0,eeg_conformer,0.0,0.9700518271587146,0.02994817284128535,0.0,1.0,155.0,5.0
openbci,cross_task,14,arithmetic_to_stroop,stroop:s14:r0,eegnet,0.0,0.5582957384131788,0.4417042615868212,0.0,1.0,155.0,5.0
openbci,cross_task,14,arithmetic_to_stroop,stroop:s14:r0,equal_blend_050,0.0,0.9210900721714612,0.0789099278285387,0.0,1.0,155.0,5.0
openbci,cross_task,14,arithmetic_to_stroop,stroop:s14:r0,extra_trees,0.0,0.9999999997956855,2.0431444948263408e-10,0.0,1.0,155.0,5.0
openbci,cross_task,14,arithmetic_to_stroop,stroop:s14:r0,fixed_blend_010,0.0,0.9836960479279258,0.0163039520720742,0.0,1.0,155.0,5.0
openbci,cross_task,14,arithmetic_to_stroop,stroop:s14:r0,fixed_blend_025,0.0,0.9603118193578296,0.0396881806421705,0.0,1.0,155.0,5.0
openbci,cross_task,14,arithmetic_to_stroop,stroop:s14:r0,rf,0.0,0.9999970440497448,2.955950255117428e-06,0.0,1.0,155.0,5.0
openbci,cross_task,14,arithmetic_to_stroop,stroop:s14:r0,riemann_mdm,0.0,0.9999998397790213,1.60220978696743e-07,0.0,1.0,155.0,5.0
openbci,cross_task,14,arithmetic_to_stroop,stroop:s14:r0,riemann_ts_logreg,0.0,0.9995712889046853,0.00042871109531478164,0.0,1.0,155.0,5.0
openbci,cross_task,14,arithmetic_to_stroop,stroop:s14:r0,stack_recording,0.0,0.7773740417651467,0.2226259582348533,0.0,1.0,155.0,5.0
openbci,cross_task,14,arithmetic_to_stroop,stroop:s14:r1,always_fuse,0.0,0.4149293660837054,0.5850706339162945,1.0,0.0,84.0,5.0
openbci,cross_task,14,arithmetic_to_stroop,stroop:s14:r1,always_nn,0.0,0.0014108655661093,0.9985891344338906,1.0,0.0,84.0,5.0
openbci,cross_task,14,arithmetic_to_stroop,stroop:s14:r1,cbsf,0.0,0.0022595193199279,0.997740480680072,1.0,0.0,84.0,5.0
openbci,cross_task,14,arithmetic_to_stroop,stroop:s14:r1,dasf_clean,0.0,0.0014108655661093999,0.9985891344338906,1.0,0.0,84.0,5.0
openbci,cross_task,14,arithmetic_to_stroop,stroop:s14:r1,eeg_conformer,0.0,0.33608112206026713,0.6639188779397329,1.0,0.0,84.0,5.0
openbci,cross_task,14,arithmetic_to_stroop,stroop:s14:r1,eegnet,0.0,0.44077556416337643,0.5592244358366235,1.0,0.0,84.0,5.0
openbci,cross_task,14,arithmetic_to_stroop,stroop:s14:r1,equal_blend_050,0.0,0.2136248514665858,0.7863751485334142,1.0,0.0,84.0,5.0
openbci,cross_task,14,arithmetic_to_stroop,stroop:s14:r1,extra_trees,0.0,0.0007781389244427,0.9992218610755572,1.0,0.0,84.0,5.0
openbci,cross_task,14,arithmetic_to_stroop,stroop:s14:r1,fixed_blend_010,0.0,0.0486614092034994,0.9513385907965004,1.0,0.0,84.0,5.0
openbci,cross_task,14,arithmetic_to_stroop,stroop:s14:r1,fixed_blend_025,0.0,0.1121445727210405,0.8878554272789594,1.0,0.0,84.0,5.0
openbci,cross_task,14,arithmetic_to_stroop,stroop:s14:r1,rf,0.0,0.0011421812922894,0.9988578187077106,1.0,0.0,84.0,5.0
openbci,cross_task,14,arithmetic_to_stroop,stroop:s14:r1,riemann_mdm,0.0,0.036030654700171486,0.9639693452998285,1.0,0.0,84.0,5.0
openbci,cross_task,14,arithmetic_to_stroop,stroop:s14:r1,riemann_ts_logreg,0.0,0.0003274224761374488,0.9996725775238626,1.0,0.0,84.0,5.0
openbci,cross_task,14,arithmetic_to_stroop,stroop:s14:r1,stack_recording,0.0,0.2590328530005318,0.7409671469994682,1.0,0.0,84.0,5.0
openbci,cross_task,14,arithmetic_to_stroop,stroop:s14:r2,always_fuse,1.0,0.4959787381668918,0.5040212618331082,1.0,1.0,95.0,5.0
openbci,cross_task,14,arithmetic_to_stroop,stroop:s14:r2,always_nn,1.0,0.0011527867918196,0.9988472132081804,1.0,1.0,95.0,5.0
openbci,cross_task,14,arithmetic_to_stroop,stroop:s14:r2,cbsf,1.0,0.002366141408509,0.9976338585914908,1.0,1.0,95.0,5.0
openbci,cross_task,14,arithmetic_to_stroop,stroop:s14:r2,dasf_clean,1.0,0.0011527867918196153,0.9988472132081804,1.0,1.0,95.0,5.0
openbci,cross_task,14,arithmetic_to_stroop,stroop:s14:r2,eeg_conformer,1.0,0.34087225052577463,0.6591277494742254,1.0,1.0,95.0,5.0
openbci,cross_task,14,arithmetic_to_stroop,stroop:s14:r2,eegnet,1.0,0.43964824500108435,0.5603517549989157,1.0,1.0,95.0,5.0
openbci,cross_task,14,arithmetic_to_stroop,stroop:s14:r2,equal_blend_050,1.0,0.2622171547275804,0.7377828452724196,1.0,1.0,95.0,5.0
openbci,cross_task,14,arithmetic_to_stroop,stroop:s14:r2,extra_trees,1.0,0.0152473559798877,0.9847526440201124,1.0,1.0,95.0,5.0
openbci,cross_task,14,arithmetic_to_stroop,stroop:s14:r2,fixed_blend_010,1.0,0.0620932445611533,0.9379067554388466,1.0,1.0,95.0,5.0
openbci,cross_task,14,arithmetic_to_stroop,stroop:s14:r2,fixed_blend_025,1.0,0.1404832953871931,0.8595167046128068,1.0,1.0,95.0,5.0
openbci,cross_task,14,arithmetic_to_stroop,stroop:s14:r2,rf,1.0,0.025136312284553,0.974863687715447,1.0,1.0,95.0,5.0
openbci,cross_task,14,arithmetic_to_stroop,stroop:s14:r2,riemann_mdm,1.0,0.04793924932935614,0.9520607506706438,1.0,1.0,95.0,5.0
openbci,cross_task,14,arithmetic_to_stroop,stroop:s14:r2,riemann_ts_logreg,1.0,0.0004919570148587285,0.9995080429851413,1.0,1.0,95.0,5.0
openbci,cross_task,14,arithmetic_to_stroop,stroop:s14:r2,stack_recording,1.0,0.2477454356767,0.7522545643233,1.0,1.0,95.0,5.0
openbci,cross_task,14,arithmetic_to_stroop,stroop:s14:r3,always_fuse,1.0,0.4216897504408752,0.5783102495591248,1.0,1.0,173.0,5.0
openbci,cross_task,14,arithmetic_to_stroop,stroop:s14:r3,always_nn,1.0,0.001526805934393,0.998473194065607,1.0,1.0,173.0,5.0
openbci,cross_task,14,arithmetic_to_stroop,stroop:s14:r3,cbsf,1.0,0.0023515132040032,0.9976484867959968,1.0,1.0,173.0,5.0
openbci,cross_task,14,arithmetic_to_stroop,stroop:s14:r3,dasf_clean,1.0,0.0015268059343930445,0.998473194065607,1.0,1.0,173.0,5.0
openbci,cross_task,14,arithmetic_to_stroop,stroop:s14:r3,eeg_conformer,1.0,0.33120193808935383,0.6687980619106462,1.0,1.0,173.0,5.0
openbci,cross_task,14,arithmetic_to_stroop,stroop:s14:r3,eegnet,1.0,0.43409070352862983,0.5659092964713701,1.0,1.0,173.0,5.0
openbci,cross_task,14,arithmetic_to_stroop,stroop:s14:r3,equal_blend_050,1.0,0.2112692806199738,0.7887307193800261,1.0,1.0,173.0,5.0
openbci,cross_task,14,arithmetic_to_stroop,stroop:s14:r3,extra_trees,1.0,0.0003873541306236,0.9996126458693764,1.0,1.0,173.0,5.0
openbci,cross_task,14,arithmetic_to_stroop,stroop:s14:r3,fixed_blend_010,1.0,0.0462934220305116,0.9537065779694884,1.0,1.0,173.0,5.0
openbci,cross_task,14,arithmetic_to_stroop,stroop:s14:r3,fixed_blend_025,1.0,0.1086027807266714,0.8913972192733286,1.0,1.0,173.0,5.0
openbci,cross_task,14,arithmetic_to_stroop,stroop:s14:r3,rf,1.0,0.0005447412145408,0.9994552587854592,1.0,1.0,173.0,5.0
openbci,cross_task,14,arithmetic_to_stroop,stroop:s14:r3,riemann_mdm,1.0,0.14853405607662382,0.8514659439233763,1.0,1.0,173.0,5.0
openbci,cross_task,14,arithmetic_to_stroop,stroop:s14:r3,riemann_ts_logreg,1.0,0.0014543249325580467,0.998545675067442,1.0,1.0,173.0,5.0
openbci,cross_task,14,arithmetic_to_stroop,stroop:s14:r3,stack_recording,1.0,0.2612002512170014,0.7387997487829986,1.0,1.0,173.0,5.0
openbci,cross_task,14,stroop_to_arithmetic,arithmetic:s14:r0,always_fuse,0.0,0.1657590797667867,0.8342409202332133,1.0,0.0,155.0,5.0
openbci,cross_task,14,stroop_to_arithmetic,arithmetic:s14:r0,always_nn,0.0,0.9972336416778016,0.0027663583221984,0.0,1.0,155.0,5.0
openbci,cross_task,14,stroop_to_arithmetic,arithmetic:s14:r0,cbsf,0.0,0.3627328066328411,0.6372671933671588,1.0,0.0,155.0,5.0
openbci,cross_task,14,stroop_to_arithmetic,arithmetic:s14:r0,dasf_clean,0.0,0.9972336416778016,0.002766358322198462,0.0,1.0,155.0,5.0
openbci,cross_task,14,stroop_to_arithmetic,arithmetic:s14:r0,eeg_conformer,0.0,0.9862704352599084,0.013729564740091576,0.0,1.0,155.0,5.0
openbci,cross_task,14,stroop_to_arithmetic,arithmetic:s14:r0,eegnet,0.0,0.5535948849840027,0.4464051150159973,0.0,1.0,155.0,5.0
openbci,cross_task,14,stroop_to_arithmetic,arithmetic:s14:r0,equal_blend_050,0.0,0.5916867448443573,0.4083132551556427,0.0,1.0,155.0,5.0
openbci,cross_task,14,stroop_to_arithmetic,arithmetic:s14:r0,extra_trees,0.0,0.999999999703626,2.9637407196969247e-10,0.0,1.0,155.0,5.0
openbci,cross_task,14,stroop_to_arithmetic,arithmetic:s14:r0,fixed_blend_010,0.0,0.9122830432252234,0.0877169567747765,0.0,1.0,155.0,5.0
openbci,cross_task,14,stroop_to_arithmetic,arithmetic:s14:r0,fixed_blend_025,0.0,0.7917958838067264,0.2082041161932736,0.0,1.0,155.0,5.0
openbci,cross_task,14,stroop_to_arithmetic,arithmetic:s14:r0,rf,0.0,0.9999999844549498,1.5545050290374793e-08,0.0,1.0,155.0,5.0
openbci,cross_task,14,stroop_to_arithmetic,arithmetic:s14:r0,riemann_mdm,0.0,0.9999988444956495,1.1555043505311575e-06,0.0,1.0,155.0,5.0
openbci,cross_task,14,stroop_to_arithmetic,arithmetic:s14:r0,riemann_ts_logreg,0.0,0.9997172210332588,0.0002827789667412453,0.0,1.0,155.0,5.0
openbci,cross_task,14,stroop_to_arithmetic,arithmetic:s14:r0,stack_recording,0.0,0.690132169437385,0.309867830562615,0.0,1.0,155.0,5.0
openbci,cross_task,14,stroop_to_arithmetic,arithmetic:s14:r1,always_fuse,0.0,0.3992748838154223,0.6007251161845776,1.0,0.0,114.0,5.0
openbci,cross_task,14,stroop_to_arithmetic,arithmetic:s14:r1,always_nn,0.0,0.2288844280527944,0.7711155719472056,1.0,0.0,114.0,5.0
openbci,cross_task,14,stroop_to_arithmetic,arithmetic:s14:r1,cbsf,0.0,0.3640858685878448,0.6359141314121552,1.0,0.0,114.0,5.0
openbci,cross_task,14,stroop_to_arithmetic,arithmetic:s14:r1,dasf_clean,0.0,0.22888442805279446,0.7711155719472056,1.0,0.0,114.0,5.0
openbci,cross_task,14,stroop_to_arithmetic,arithmetic:s14:r1,eeg_conformer,0.0,0.07134301484217685,0.9286569851578232,1.0,0.0,114.0,5.0
openbci,cross_task,14,stroop_to_arithmetic,arithmetic:s14:r1,eegnet,0.0,0.46097804767175476,0.5390219523282452,1.0,0.0,114.0,5.0
openbci,cross_task,14,stroop_to_arithmetic,arithmetic:s14:r1,equal_blend_050,0.0,0.3180304461866545,0.6819695538133455,1.0,0.0,114.0,5.0
openbci,cross_task,14,stroop_to_arithmetic,arithmetic:s14:r1,extra_trees,0.0,0.2061492636557352,0.7938507363442647,1.0,0.0,114.0,5.0
openbci,cross_task,14,stroop_to_arithmetic,arithmetic:s14:r1,fixed_blend_010,0.0,0.2478335863437994,0.7521664136562006,1.0,0.0,114.0,5.0
openbci,cross_task,14,stroop_to_arithmetic,arithmetic:s14:r1,fixed_blend_025,0.0,0.2750051173182549,0.7249948826817451,1.0,0.0,114.0,5.0
openbci,cross_task,14,stroop_to_arithmetic,arithmetic:s14:r1,rf,0.0,0.2640615728171364,0.7359384271828636,1.0,0.0,114.0,5.0
openbci,cross_task,14,stroop_to_arithmetic,arithmetic:s14:r1,riemann_mdm,0.0,2.2176574995058634e-06,0.9999977823425005,1.0,0.0,114.0,5.0
openbci,cross_task,14,stroop_to_arithmetic,arithmetic:s14:r1,riemann_ts_logreg,0.0,0.9892646156588211,0.01073538434117897,0.0,1.0,114.0,5.0
openbci,cross_task,14,stroop_to_arithmetic,arithmetic:s14:r1,stack_recording,0.0,0.4388366656956175,0.5611633343043825,1.0,0.0,114.0,5.0
openbci,cross_task,14,stroop_to_arithmetic,arithmetic:s14:r2,always_fuse,1.0,0.4123282893468187,0.5876717106531812,1.0,1.0,155.0,5.0
openbci,cross_task,14,stroop_to_arithmetic,arithmetic:s14:r2,always_nn,1.0,0.2823522262620017,0.7176477737379982,1.0,1.0,155.0,5.0
openbci,cross_task,14,stroop_to_arithmetic,arithmetic:s14:r2,cbsf,1.0,0.3871455729329377,0.6128544270670623,1.0,1.0,155.0,5.0
openbci,cross_task,14,stroop_to_arithmetic,arithmetic:s14:r2,dasf_clean,1.0,0.28235222626200174,0.7176477737379982,1.0,1.0,155.0,5.0
openbci,cross_task,14,stroop_to_arithmetic,arithmetic:s14:r2,eeg_conformer,1.0,0.07215725275824816,0.9278427472417518,1.0,1.0,155.0,5.0
openbci,cross_task,14,stroop_to_arithmetic,arithmetic:s14:r2,eegnet,1.0,0.4567023962107404,0.5432976037892596,1.0,1.0,155.0,5.0
openbci,cross_task,14,stroop_to_arithmetic,arithmetic:s14:r2,equal_blend_050,1.0,0.3532752973500157,0.6467247026499843,1.0,1.0,155.0,5.0
openbci,cross_task,14,stroop_to_arithmetic,arithmetic:s14:r2,extra_trees,1.0,0.2385021353784102,0.7614978646215899,1.0,1.0,155.0,5.0
openbci,cross_task,14,stroop_to_arithmetic,arithmetic:s14:r2,fixed_blend_010,1.0,0.2983295820797806,0.7016704179202194,1.0,1.0,155.0,5.0
openbci,cross_task,14,stroop_to_arithmetic,arithmetic:s14:r2,fixed_blend_025,1.0,0.3202394364680797,0.6797605635319202,1.0,1.0,155.0,5.0
openbci,cross_task,14,stroop_to_arithmetic,arithmetic:s14:r2,rf,1.0,0.280701696148428,0.719298303851572,1.0,1.0,155.0,5.0
openbci,cross_task,14,stroop_to_arithmetic,arithmetic:s14:r2,riemann_mdm,1.0,1.3323981844570627e-05,0.9999866760181554,1.0,1.0,155.0,5.0
openbci,cross_task,14,stroop_to_arithmetic,arithmetic:s14:r2,riemann_ts_logreg,1.0,0.9990612787284358,0.0009387212715642899,0.0,0.0,155.0,5.0
openbci,cross_task,14,stroop_to_arithmetic,arithmetic:s14:r2,stack_recording,1.0,0.4477956661757312,0.5522043338242688,1.0,1.0,155.0,5.0
openbci,cross_task,14,stroop_to_arithmetic,arithmetic:s14:r3,always_fuse,1.0,0.4849104114729898,0.5150895885270101,1.0,1.0,170.0,5.0
openbci,cross_task,14,stroop_to_arithmetic,arithmetic:s14:r3,always_nn,1.0,0.4068158959653492,0.5931841040346508,1.0,1.0,170.0,5.0
openbci,cross_task,14,stroop_to_arithmetic,arithmetic:s14:r3,cbsf,1.0,0.4702506194756069,0.529749380524393,1.0,1.0,170.0,5.0
openbci,cross_task,14,stroop_to_arithmetic,arithmetic:s14:r3,dasf_clean,1.0,0.4068158959653492,0.5931841040346508,1.0,1.0,170.0,5.0
openbci,cross_task,14,stroop_to_arithmetic,arithmetic:s14:r3,eeg_conformer,1.0,0.12356762364151522,0.8764323763584848,1.0,1.0,170.0,5.0
openbci,cross_task,14,stroop_to_arithmetic,arithmetic:s14:r3,eegnet,1.0,0.4751125881043833,0.5248874118956168,1.0,1.0,170.0,5.0
openbci,cross_task,14,stroop_to_arithmetic,arithmetic:s14:r3,equal_blend_050,1.0,0.4505080706532226,0.5494919293467774,1.0,1.0,170.0,5.0
openbci,cross_task,14,stroop_to_arithmetic,arithmetic:s14:r3,extra_trees,1.0,0.224687497908308,0.775312502091692,1.0,1.0,170.0,5.0
openbci,cross_task,14,stroop_to_arithmetic,arithmetic:s14:r3,fixed_blend_010,1.0,0.4171531673205716,0.5828468326794284,1.0,1.0,170.0,5.0
openbci,cross_task,14,stroop_to_arithmetic,arithmetic:s14:r3,fixed_blend_025,1.0,0.4307706237344962,0.5692293762655037,1.0,1.0,170.0,5.0
openbci,cross_task,14,stroop_to_arithmetic,arithmetic:s14:r3,rf,1.0,0.1630711646108349,0.8369288353891651,1.0,1.0,170.0,5.0
openbci,cross_task,14,stroop_to_arithmetic,arithmetic:s14:r3,riemann_mdm,1.0,0.0011719737902277751,0.9988280262097722,1.0,1.0,170.0,5.0
openbci,cross_task,14,stroop_to_arithmetic,arithmetic:s14:r3,riemann_ts_logreg,1.0,0.13058492293145835,0.8694150770685416,1.0,1.0,170.0,5.0
openbci,cross_task,14,stroop_to_arithmetic,arithmetic:s14:r3,stack_recording,1.0,0.4631722756642109,0.5368277243357891,1.0,1.0,170.0,5.0
openbci,cross_task,15,arithmetic_to_stroop,stroop:s15:r0,always_fuse,0.0,0.6378044785134364,0.3621955214865636,0.0,1.0,165.0,5.0
openbci,cross_task,15,arithmetic_to_stroop,stroop:s15:r0,always_nn,0.0,0.9999999990282404,9.717595545349762e-10,0.0,1.0,165.0,5.0
openbci,cross_task,15,arithmetic_to_stroop,stroop:s15:r0,cbsf,0.0,0.880879402054099,0.119120597945901,0.0,1.0,165.0,5.0
openbci,cross_task,15,arithmetic_to_stroop,stroop:s15:r0,dasf_clean,0.0,0.9999999990282404,9.717595545349762e-10,0.0,1.0,165.0,5.0
openbci,cross_task,15,arithmetic_to_stroop,stroop:s15:r0,eeg_conformer,0.0,0.9987087118108031,0.0012912881891967941,0.0,1.0,165.0,5.0
openbci,cross_task,15,arithmetic_to_stroop,stroop:s15:r0,eegnet,0.0,0.9998253357644837,0.00017466423551628575,0.0,1.0,165.0,5.0
openbci,cross_task,15,arithmetic_to_stroop,stroop:s15:r0,equal_blend_050,0.0,0.8210476691671791,0.1789523308328209,0.0,1.0,165.0,5.0
openbci,cross_task,15,arithmetic_to_stroop,stroop:s15:r0,extra_trees,0.0,0.9999999999551472,4.4852676121355686e-11,0.0,1.0,165.0,5.0
openbci,cross_task,15,arithmetic_to_stroop,stroop:s15:r0,fixed_blend_010,0.0,0.9644575721371028,0.0355424278628971,0.0,1.0,165.0,5.0
openbci,cross_task,15,arithmetic_to_stroop,stroop:s15:r0,fixed_blend_025,0.0,0.9109304262362016,0.0890695737637983,0.0,1.0,165.0,5.0
openbci,cross_task,15,arithmetic_to_stroop,stroop:s15:r0,rf,0.0,0.999999982505543,1.7494456995271625e-08,0.0,1.0,165.0,5.0
openbci,cross_task,15,arithmetic_to_stroop,stroop:s15:r0,riemann_mdm,0.0,0.9999999999093405,9.065952803163251e-11,0.0,1.0,165.0,5.0
openbci,cross_task,15,arithmetic_to_stroop,stroop:s15:r0,riemann_ts_logreg,0.0,0.9999980223814743,1.9776185256548904e-06,0.0,1.0,165.0,5.0
openbci,cross_task,15,arithmetic_to_stroop,stroop:s15:r0,stack_recording,0.0,0.9632260696318564,0.0367739303681434,0.0,1.0,165.0,5.0
openbci,cross_task,15,arithmetic_to_stroop,stroop:s15:r1,always_fuse,0.0,0.1285395168478982,0.8714604831521017,1.0,0.0,109.0,5.0
openbci,cross_task,15,arithmetic_to_stroop,stroop:s15:r1,always_nn,0.0,1.9292238079519957e-08,0.999999980707762,1.0,0.0,109.0,5.0
openbci,cross_task,15,arithmetic_to_stroop,stroop:s15:r1,cbsf,0.0,0.0465121422483444,0.9534878577516556,1.0,0.0,109.0,5.0
openbci,cross_task,15,arithmetic_to_stroop,stroop:s15:r1,dasf_clean,0.0,1.9292238079519954e-08,0.999999980707762,1.0,0.0,109.0,5.0
openbci,cross_task,15,arithmetic_to_stroop,stroop:s15:r1,eeg_conformer,0.0,0.0017917050182698405,0.9982082949817302,1.0,0.0,109.0,5.0
openbci,cross_task,15,arithmetic_to_stroop,stroop:s15:r1,eegnet,0.0,1.1056795342430853e-05,0.9999889432046576,1.0,0.0,109.0,5.0
openbci,cross_task,15,arithmetic_to_stroop,stroop:s15:r1,equal_blend_050,0.0,0.0677275148266826,0.9322724851733172,1.0,0.0,109.0,5.0
openbci,cross_task,15,arithmetic_to_stroop,stroop:s15:r1,extra_trees,0.0,0.025449397830415,0.9745506021695848,1.0,0.0,109.0,5.0
openbci,cross_task,15,arithmetic_to_stroop,stroop:s15:r1,fixed_blend_010,0.0,0.0150421593334176,0.9849578406665824,1.0,0.0,109.0,5.0
openbci,cross_task,15,arithmetic_to_stroop,stroop:s15:r1,fixed_blend_025,0.0,0.0355055100807488,0.9644944899192512,1.0,0.0,109.0,5.0
openbci,cross_task,15,arithmetic_to_stroop,stroop:s15:r1,rf,0.0,0.0009955996999717,0.999004400300028,1.0,0.0,109.0,5.0
openbci,cross_task,15,arithmetic_to_stroop,stroop:s15:r1,riemann_mdm,0.0,0.0003905752967830708,0.9996094247032169,1.0,0.0,109.0,5.0
openbci,cross_task,15,arithmetic_to_stroop,stroop:s15:r1,riemann_ts_logreg,0.0,5.4311037498449924e-05,0.9999456889625016,1.0,0.0,109.0,5.0
openbci,cross_task,15,arithmetic_to_stroop,stroop:s15:r1,stack_recording,0.0,0.0519310262151403,0.9480689737848595,1.0,0.0,109.0,5.0
openbci,cross_task,15,arithmetic_to_stroop,stroop:s15:r2,always_fuse,1.0,0.1305120342266332,0.8694879657733667,1.0,1.0,134.0,5.0
openbci,cross_task,15,arithmetic_to_stroop,stroop:s15:r2,always_nn,1.0,1.3710648710891176e-08,0.9999999862893512,1.0,1.0,134.0,5.0
openbci,cross_task,15,arithmetic_to_stroop,stroop:s15:r2,cbsf,1.0,0.0450725387753208,0.9549274612246792,1.0,1.0,134.0,5.0
openbci,cross_task,15,arithmetic_to_stroop,stroop:s15:r2,dasf_clean,1.0,1.3710648710891176e-08,0.9999999862893513,1.0,1.0,134.0,5.0
openbci,cross_task,15,arithmetic_to_stroop,stroop:s15:r2,eeg_conformer,1.0,0.0017715803272849008,0.998228419672715,1.0,1.0,134.0,5.0
openbci,cross_task,15,arithmetic_to_stroop,stroop:s15:r2,eegnet,1.0,4.523609302477116e-06,0.9999954763906975,1.0,1.0,134.0,5.0
openbci,cross_task,15,arithmetic_to_stroop,stroop:s15:r2,equal_blend_050,1.0,0.0666359355653633,0.9333640644346366,1.0,1.0,134.0,5.0
openbci,cross_task,15,arithmetic_to_stroop,stroop:s15:r2,extra_trees,1.0,0.0304868275356434,0.9695131724643564,1.0,1.0,134.0,5.0
openbci,cross_task,15,arithmetic_to_stroop,stroop:s15:r2,fixed_blend_010,1.0,0.0140705894525222,0.9859294105474776,1.0,1.0,134.0,5.0
openbci,cross_task,15,arithmetic_to_stroop,stroop:s15:r2,fixed_blend_025,1.0,0.0340734841383956,0.9659265158616044,1.0,1.0,134.0,5.0
openbci,cross_task,15,arithmetic_to_stroop,stroop:s15:r2,rf,1.0,0.0009536937135664,0.9990463062864336,1.0,1.0,134.0,5.0
openbci,cross_task,15,arithmetic_to_stroop,stroop:s15:r2,riemann_mdm,1.0,0.000979967489921969,0.9990200325100781,1.0,1.0,134.0,5.0
openbci,cross_task,15,arithmetic_to_stroop,stroop:s15:r2,riemann_ts_logreg,1.0,6.631802533011935e-06,0.999993368197467,1.0,1.0,134.0,5.0
openbci,cross_task,15,arithmetic_to_stroop,stroop:s15:r2,stack_recording,1.0,0.0518647652339975,0.9481352347660024,1.0,1.0,134.0,5.0
openbci,cross_task,15,arithmetic_to_stroop,stroop:s15:r3,always_fuse,1.0,0.7564431858149535,0.2435568141850465,0.0,0.0,173.0,5.0
openbci,cross_task,15,arithmetic_to_stroop,stroop:s15:r3,always_nn,1.0,0.9994641338324252,0.0005358661675748,0.0,0.0,173.0,5.0
openbci,cross_task,15,arithmetic_to_stroop,stroop:s15:r3,cbsf,1.0,0.8772165931979997,0.1227834068020001,0.0,0.0,173.0,5.0
openbci,cross_task,15,arithmetic_to_stroop,stroop:s15:r3,dasf_clean,1.0,0.9994641338324252,0.0005358661675748327,0.0,0.0,173.0,5.0
openbci,cross_task,15,arithmetic_to_stroop,stroop:s15:r3,eeg_conformer,1.0,0.9964552932945248,0.003544706705475211,0.0,0.0,173.0,5.0
openbci,cross_task,15,arithmetic_to_stroop,stroop:s15:r3,eegnet,1.0,0.6420670300703831,0.35793296992961693,0.0,0.0,173.0,5.0
openbci,cross_task,15,arithmetic_to_stroop,stroop:s15:r3,equal_blend_050,1.0,0.8420499201130385,0.1579500798869615,0.0,0.0,173.0,5.0
openbci,cross_task,15,arithmetic_to_stroop,stroop:s15:r3,extra_trees,1.0,0.7007672614193536,0.2992327385806464,0.0,0.0,173.0,5.0
openbci,cross_task,15,arithmetic_to_stroop,stroop:s15:r3,fixed_blend_010,1.0,0.94230064635251,0.05769935364749,0.0,0.0,173.0,5.0
openbci,cross_task,15,arithmetic_to_stroop,stroop:s15:r3,fixed_blend_025,1.0,0.8975295321142506,0.1024704678857494,0.0,0.0,173.0,5.0
openbci,cross_task,15,arithmetic_to_stroop,stroop:s15:r3,rf,1.0,0.5428844967528748,0.4571155032471252,0.0,0.0,173.0,5.0
openbci,cross_task,15,arithmetic_to_stroop,stroop:s15:r3,riemann_mdm,1.0,0.9999999997774417,2.2255829679731332e-10,0.0,0.0,173.0,5.0
openbci,cross_task,15,arithmetic_to_stroop,stroop:s15:r3,riemann_ts_logreg,1.0,0.04356232658449527,0.9564376734155048,1.0,1.0,173.0,5.0
openbci,cross_task,15,arithmetic_to_stroop,stroop:s15:r3,stack_recording,1.0,0.855090493859979,0.144909506140021,0.0,0.0,173.0,5.0
openbci,cross_task,15,stroop_to_arithmetic,arithmetic:s15:r0,always_fuse,0.0,1.2978568451114247e-11,0.9999999999870216,1.0,0.0,165.0,5.0
openbci,cross_task,15,stroop_to_arithmetic,arithmetic:s15:r0,always_nn,0.0,0.9996761739125372,0.0003238260874628,0.0,1.0,165.0,5.0
openbci,cross_task,15,stroop_to_arithmetic,arithmetic:s15:r0,cbsf,0.0,0.9996761739062604,0.0003238260937395,0.0,1.0,165.0,5.0
openbci,cross_task,15,stroop_to_arithmetic,arithmetic:s15:r0,dasf_clean,0.0,0.9996761739125372,0.00032382608746283134,0.0,1.0,165.0,5.0
openbci,cross_task,15,stroop_to_arithmetic,arithmetic:s15:r0,eeg_conformer,0.0,0.9844572184785835,0.015542781521416577,0.0,1.0,165.0,5.0
openbci,cross_task,15,stroop_to_arithmetic,arithmetic:s15:r0,eegnet,0.0,0.5289141271294467,0.4710858728705533,0.0,1.0,165.0,5.0
openbci,cross_task,15,stroop_to_arithmetic,arithmetic:s15:r0,equal_blend_050,0.0,0.4997334688861622,0.5002665311138378,1.0,0.0,165.0,5.0
openbci,cross_task,15,stroop_to_arithmetic,arithmetic:s15:r0,extra_trees,0.0,0.9999999997631344,2.3686561781412794e-10,0.0,1.0,165.0,5.0
openbci,cross_task,15,stroop_to_arithmetic,arithmetic:s15:r0,fixed_blend_010,0.0,0.8994297450416352,0.1005702549583648,0.0,1.0,165.0,5.0
openbci,cross_task,15,stroop_to_arithmetic,arithmetic:s15:r0,fixed_blend_025,0.0,0.7495407486784987,0.2504592513215012,0.0,1.0,165.0,5.0
openbci,cross_task,15,stroop_to_arithmetic,arithmetic:s15:r0,rf,0.0,0.999994569633716,5.430366283953328e-06,0.0,1.0,165.0,5.0
openbci,cross_task,15,stroop_to_arithmetic,arithmetic:s15:r0,riemann_mdm,0.0,0.9999999657708118,3.422918806334761e-08,0.0,1.0,165.0,5.0
openbci,cross_task,15,stroop_to_arithmetic,arithmetic:s15:r0,riemann_ts_logreg,0.0,0.9993339416998211,0.0006660583001788928,0.0,1.0,165.0,5.0
openbci,cross_task,15,stroop_to_arithmetic,arithmetic:s15:r0,stack_recording,0.0,0.8525972959622852,0.1474027040377148,0.0,1.0,165.0,5.0
openbci,cross_task,15,stroop_to_arithmetic,arithmetic:s15:r1,always_fuse,0.0,0.150508837604968,0.849491162395032,1.0,0.0,184.0,5.0
openbci,cross_task,15,stroop_to_arithmetic,arithmetic:s15:r1,always_nn,0.0,0.3318211949016594,0.6681788050983406,1.0,0.0,184.0,5.0
openbci,cross_task,15,stroop_to_arithmetic,arithmetic:s15:r1,cbsf,0.0,0.3318211949030605,0.6681788050969395,1.0,0.0,184.0,5.0
openbci,cross_task,15,stroop_to_arithmetic,arithmetic:s15:r1,dasf_clean,0.0,0.3318211949016594,0.6681788050983406,1.0,0.0,184.0,5.0
openbci,cross_task,15,stroop_to_arithmetic,arithmetic:s15:r1,eeg_conformer,0.0,0.553740479906435,0.44625952009356484,0.0,1.0,184.0,5.0
openbci,cross_task,15,stroop_to_arithmetic,arithmetic:s15:r1,eegnet,0.0,0.4603304024555621,0.5396695975444379,1.0,0.0,184.0,5.0
openbci,cross_task,15,stroop_to_arithmetic,arithmetic:s15:r1,equal_blend_050,0.0,0.3504071366024829,0.6495928633975171,1.0,0.0,184.0,5.0
openbci,cross_task,15,stroop_to_arithmetic,arithmetic:s15:r1,extra_trees,0.0,0.5564963269720893,0.4435036730279106,0.0,1.0,184.0,5.0
openbci,cross_task,15,stroop_to_arithmetic,arithmetic:s15:r1,fixed_blend_010,0.0,0.3540912229129641,0.6459087770870359,1.0,0.0,184.0,5.0
openbci,cross_task,15,stroop_to_arithmetic,arithmetic:s15:r1,fixed_blend_025,0.0,0.3608592501808711,0.6391407498191289,1.0,0.0,184.0,5.0
openbci,cross_task,15,stroop_to_arithmetic,arithmetic:s15:r1,rf,0.0,0.6321978458531786,0.3678021541468214,0.0,1.0,184.0,5.0
openbci,cross_task,15,stroop_to_arithmetic,arithmetic:s15:r1,riemann_mdm,0.0,0.999999993862312,6.1376879697584504e-09,0.0,1.0,184.0,5.0
openbci,cross_task,15,stroop_to_arithmetic,arithmetic:s15:r1,riemann_ts_logreg,0.0,0.9716606806903966,0.02833931930960335,0.0,1.0,184.0,5.0
openbci,cross_task,15,stroop_to_arithmetic,arithmetic:s15:r1,stack_recording,0.0,0.4786963378304831,0.5213036621695168,1.0,0.0,184.0,5.0
openbci,cross_task,15,stroop_to_arithmetic,arithmetic:s15:r2,always_fuse,1.0,0.0295010139233964,0.9704989860766036,1.0,1.0,130.0,5.0
openbci,cross_task,15,stroop_to_arithmetic,arithmetic:s15:r2,always_nn,1.0,0.5437574703026078,0.4562425296973922,0.0,0.0,130.0,5.0
openbci,cross_task,15,stroop_to_arithmetic,arithmetic:s15:r2,cbsf,1.0,0.5437574703013313,0.4562425296986687,0.0,0.0,130.0,5.0
openbci,cross_task,15,stroop_to_arithmetic,arithmetic:s15:r2,dasf_clean,1.0,0.5437574703026078,0.45624252969739226,0.0,0.0,130.0,5.0
openbci,cross_task,15,stroop_to_arithmetic,arithmetic:s15:r2,eeg_conformer,1.0,0.5129675141763995,0.4870324858236006,0.0,0.0,130.0,5.0
openbci,cross_task,15,stroop_to_arithmetic,arithmetic:s15:r2,eegnet,1.0,0.459456661123848,0.540543338876152,1.0,1.0,130.0,5.0
openbci,cross_task,15,stroop_to_arithmetic,arithmetic:s15:r2,equal_blend_050,1.0,0.3573030201053988,0.6426969798946012,1.0,1.0,130.0,5.0
openbci,cross_task,15,stroop_to_arithmetic,arithmetic:s15:r2,extra_trees,1.0,0.7180684938126176,0.2819315061873824,0.0,0.0,130.0,5.0
openbci,cross_task,15,stroop_to_arithmetic,arithmetic:s15:r2,fixed_blend_010,1.0,0.5072545598168934,0.4927454401831066,0.0,0.0,130.0,5.0
openbci,cross_task,15,stroop_to_arithmetic,arithmetic:s15:r2,fixed_blend_025,1.0,0.4508455973412532,0.5491544026587468,1.0,1.0,130.0,5.0
openbci,cross_task,15,stroop_to_arithmetic,arithmetic:s15:r2,rf,1.0,0.7584433735908894,0.2415566264091106,0.0,0.0,130.0,5.0
openbci,cross_task,15,stroop_to_arithmetic,arithmetic:s15:r2,riemann_mdm,1.0,0.9999999333806321,6.661936796726586e-08,0.0,0.0,130.0,5.0
openbci,cross_task,15,stroop_to_arithmetic,arithmetic:s15:r2,riemann_ts_logreg,1.0,0.8768362835941096,0.12316371640589038,0.0,0.0,130.0,5.0
openbci,cross_task,15,stroop_to_arithmetic,arithmetic:s15:r2,stack_recording,1.0,0.5318502659360613,0.4681497340639386,0.0,0.0,130.0,5.0
openbci,cross_task,15,stroop_to_arithmetic,arithmetic:s15:r3,always_fuse,1.0,0.2371452655006972,0.7628547344993027,1.0,1.0,248.0,5.0
openbci,cross_task,15,stroop_to_arithmetic,arithmetic:s15:r3,always_nn,1.0,0.2375767737523829,0.762423226247617,1.0,1.0,248.0,5.0
openbci,cross_task,15,stroop_to_arithmetic,arithmetic:s15:r3,cbsf,1.0,0.237576773757268,0.762423226242732,1.0,1.0,248.0,5.0
openbci,cross_task,15,stroop_to_arithmetic,arithmetic:s15:r3,dasf_clean,1.0,0.2375767737523829,0.762423226247617,1.0,1.0,248.0,5.0
openbci,cross_task,15,stroop_to_arithmetic,arithmetic:s15:r3,eeg_conformer,1.0,0.510741749329355,0.48925825067064505,0.0,0.0,248.0,5.0
openbci,cross_task,15,stroop_to_arithmetic,arithmetic:s15:r3,eegnet,1.0,0.4591017721516715,0.5408982278483284,1.0,1.0,248.0,5.0
openbci,cross_task,15,stroop_to_arithmetic,arithmetic:s15:r3,equal_blend_050,1.0,0.3640505812457217,0.6359494187542782,1.0,1.0,248.0,5.0
openbci,cross_task,15,stroop_to_arithmetic,arithmetic:s15:r3,extra_trees,1.0,0.420100208410569,0.579899791589431,1.0,1.0,248.0,5.0
openbci,cross_task,15,stroop_to_arithmetic,arithmetic:s15:r3,fixed_blend_010,1.0,0.2926218619316438,0.7073781380683563,1.0,1.0,248.0,5.0
openbci,cross_task,15,stroop_to_arithmetic,arithmetic:s15:r3,fixed_blend_025,1.0,0.330552466246905,0.669447533753095,1.0,1.0,248.0,5.0
openbci,cross_task,15,stroop_to_arithmetic,arithmetic:s15:r3,rf,1.0,0.4211878338721471,0.5788121661278529,1.0,1.0,248.0,5.0
openbci,cross_task,15,stroop_to_arithmetic,arithmetic:s15:r3,riemann_mdm,1.0,0.9999999597300537,4.026994618434889e-08,0.0,0.0,248.0,5.0
openbci,cross_task,15,stroop_to_arithmetic,arithmetic:s15:r3,riemann_ts_logreg,1.0,0.6359310709591885,0.36406892904081145,0.0,0.0,248.0,5.0
openbci,cross_task,15,stroop_to_arithmetic,arithmetic:s15:r3,stack_recording,1.0,0.4553170677350709,0.544682932264929,1.0,1.0,248.0,5.0
openbci,loso,1,arithmetic,arithmetic:s01:r0,always_fuse,0.0,0.5283306850944677,0.4716693149055324,0.0,1.0,157.0,5.0
openbci,loso,1,arithmetic,arithmetic:s01:r0,always_nn,0.0,0.8721903118161227,0.1278096881838773,0.0,1.0,157.0,5.0
openbci,loso,1,arithmetic,arithmetic:s01:r0,cbsf,0.0,0.8187724265167692,0.1812275734832307,0.0,1.0,157.0,5.0
openbci,loso,1,arithmetic,arithmetic:s01:r0,dasf_clean,0.0,0.8721903118161227,0.1278096881838773,0.0,1.0,157.0,5.0
openbci,loso,1,arithmetic,arithmetic:s01:r0,eeg_conformer,0.0,0.1310720297815305,0.8689279702184695,1.0,0.0,157.0,5.0
openbci,loso,1,arithmetic,arithmetic:s01:r0,eegnet,0.0,0.20356715161391378,0.7964328483860862,1.0,0.0,157.0,5.0
openbci,loso,1,arithmetic,arithmetic:s01:r0,equal_blend_050,0.0,0.63811659434478,0.36188340565522,0.0,1.0,157.0,5.0
openbci,loso,1,arithmetic,arithmetic:s01:r0,extra_trees,0.0,0.5128498953847985,0.4871501046152015,0.0,1.0,157.0,5.0
openbci,loso,1,arithmetic,arithmetic:s01:r0,fixed_blend_010,0.0,0.7755650831125322,0.2244349168874678,0.0,1.0,157.0,5.0
openbci,loso,1,arithmetic,arithmetic:s01:r0,fixed_blend_025,0.0,0.7112295387429305,0.2887704612570695,0.0,1.0,157.0,5.0
openbci,loso,1,arithmetic,arithmetic:s01:r0,rf,0.0,0.5133583691755381,0.4866416308244619,0.0,1.0,157.0,5.0
openbci,loso,1,arithmetic,arithmetic:s01:r0,riemann_mdm,0.0,0.7084877814572204,0.29151221854277964,0.0,1.0,157.0,5.0
openbci,loso,1,arithmetic,arithmetic:s01:r0,riemann_ts_logreg,0.0,0.32210005790071655,0.6778999420992834,1.0,0.0,157.0,5.0
openbci,loso,1,arithmetic,arithmetic:s01:r0,stack_recording,0.0,0.5985492679143494,0.4014507320856507,0.0,1.0,157.0,5.0
openbci,loso,1,arithmetic,arithmetic:s01:r1,always_fuse,0.0,0.4071194978659631,0.5928805021340369,1.0,0.0,152.0,5.0
openbci,loso,1,arithmetic,arithmetic:s01:r1,always_nn,0.0,0.2144375081637883,0.7855624918362116,1.0,0.0,152.0,5.0
openbci,loso,1,arithmetic,arithmetic:s01:r1,cbsf,0.0,0.2255981183933042,0.7744018816066958,1.0,0.0,152.0,5.0
openbci,loso,1,arithmetic,arithmetic:s01:r1,dasf_clean,0.0,0.21443750816378834,0.7855624918362116,1.0,0.0,152.0,5.0
openbci,loso,1,arithmetic,arithmetic:s01:r1,eeg_conformer,0.0,0.12546007188614947,0.8745399281138506,1.0,0.0,152.0,5.0
openbci,loso,1,arithmetic,arithmetic:s01:r1,eegnet,0.0,0.2408286737842442,0.7591713262157558,1.0,0.0,152.0,5.0
openbci,loso,1,arithmetic,arithmetic:s01:r1,equal_blend_050,0.0,0.3234550596444695,0.6765449403555304,1.0,0.0,152.0,5.0
openbci,loso,1,arithmetic,arithmetic:s01:r1,extra_trees,0.0,0.5197197433416101,0.4802802566583898,0.0,1.0,152.0,5.0
openbci,loso,1,arithmetic,arithmetic:s01:r1,fixed_blend_010,0.0,0.2419451753557136,0.7580548246442864,1.0,0.0,152.0,5.0
openbci,loso,1,arithmetic,arithmetic:s01:r1,fixed_blend_025,0.0,0.2754679824803627,0.7245320175196373,1.0,0.0,152.0,5.0
openbci,loso,1,arithmetic,arithmetic:s01:r1,rf,0.0,0.5093350615581352,0.4906649384418647,0.0,1.0,152.0,5.0
openbci,loso,1,arithmetic,arithmetic:s01:r1,riemann_mdm,0.0,0.37921075401093146,0.6207892459890686,1.0,0.0,152.0,5.0
openbci,loso,1,arithmetic,arithmetic:s01:r1,riemann_ts_logreg,0.0,0.21326722998990427,0.7867327700100958,1.0,0.0,152.0,5.0
openbci,loso,1,arithmetic,arithmetic:s01:r1,stack_recording,0.0,0.3139754156802486,0.6860245843197513,1.0,0.0,152.0,5.0
openbci,loso,1,arithmetic,arithmetic:s01:r2,always_fuse,1.0,0.4145603297397647,0.5854396702602352,1.0,1.0,169.0,5.0
openbci,loso,1,arithmetic,arithmetic:s01:r2,always_nn,1.0,0.1932173906596253,0.8067826093403746,1.0,1.0,169.0,5.0
openbci,loso,1,arithmetic,arithmetic:s01:r2,cbsf,1.0,0.2082258834827058,0.7917741165172942,1.0,1.0,169.0,5.0
openbci,loso,1,arithmetic,arithmetic:s01:r2,dasf_clean,1.0,0.19321739065962532,0.8067826093403746,1.0,1.0,169.0,5.0
openbci,loso,1,arithmetic,arithmetic:s01:r2,eeg_conformer,1.0,0.167668068706191,0.832331931293809,1.0,1.0,169.0,5.0
openbci,loso,1,arithmetic,arithmetic:s01:r2,eegnet,1.0,0.21831594338874544,0.7816840566112546,1.0,1.0,169.0,5.0
openbci,loso,1,arithmetic,arithmetic:s01:r2,equal_blend_050,1.0,0.3234184807060309,0.6765815192939691,1.0,1.0,169.0,5.0
openbci,loso,1,arithmetic,arithmetic:s01:r2,extra_trees,1.0,0.5301045477263602,0.4698954522736399,0.0,0.0,169.0,5.0
openbci,loso,1,arithmetic,arithmetic:s01:r2,fixed_blend_010,1.0,0.229018030092105,0.7709819699078949,1.0,1.0,169.0,5.0
openbci,loso,1,arithmetic,arithmetic:s01:r2,fixed_blend_025,1.0,0.2690847167328073,0.7309152832671926,1.0,1.0,169.0,5.0
openbci,loso,1,arithmetic,arithmetic:s01:r2,rf,1.0,0.547501902848187,0.452498097151813,0.0,0.0,169.0,5.0
openbci,loso,1,arithmetic,arithmetic:s01:r2,riemann_mdm,1.0,0.25928147893401565,0.7407185210659843,1.0,1.0,169.0,5.0
openbci,loso,1,arithmetic,arithmetic:s01:r2,riemann_ts_logreg,1.0,0.19591664432939418,0.8040833556706058,1.0,1.0,169.0,5.0
openbci,loso,1,arithmetic,arithmetic:s01:r2,stack_recording,1.0,0.3045122671541915,0.6954877328458084,1.0,1.0,169.0,5.0
openbci,loso,1,arithmetic,arithmetic:s01:r3,always_fuse,1.0,0.4361718543283127,0.5638281456716874,1.0,1.0,218.0,5.0
openbci,loso,1,arithmetic,arithmetic:s01:r3,always_nn,1.0,0.3429775848057079,0.657022415194292,1.0,1.0,218.0,5.0
openbci,loso,1,arithmetic,arithmetic:s01:r3,cbsf,1.0,0.354955453433108,0.6450445465668919,1.0,1.0,218.0,5.0
openbci,loso,1,arithmetic,arithmetic:s01:r3,dasf_clean,1.0,0.34297758480570795,0.657022415194292,1.0,1.0,218.0,5.0
openbci,loso,1,arithmetic,arithmetic:s01:r3,eeg_conformer,1.0,0.2124456114621427,0.7875543885378573,1.0,1.0,218.0,5.0
openbci,loso,1,arithmetic,arithmetic:s01:r3,eegnet,1.0,0.23360940374190506,0.7663905962580949,1.0,1.0,218.0,5.0
openbci,loso,1,arithmetic,arithmetic:s01:r3,equal_blend_050,1.0,0.4093397798833406,0.5906602201166594,1.0,1.0,218.0,5.0
openbci,loso,1,arithmetic,arithmetic:s01:r3,extra_trees,1.0,0.5709419404246495,0.4290580595753504,0.0,0.0,218.0,5.0
openbci,loso,1,arithmetic,arithmetic:s01:r3,fixed_blend_010,1.0,0.3679964934671479,0.6320035065328521,1.0,1.0,218.0,5.0
openbci,loso,1,arithmetic,arithmetic:s01:r3,fixed_blend_025,1.0,0.3880871630248009,0.611912836975199,1.0,1.0,218.0,5.0
openbci,loso,1,arithmetic,arithmetic:s01:r3,rf,1.0,0.570661400072662,0.429338599927338,0.0,0.0,218.0,5.0
openbci,loso,1,arithmetic,arithmetic:s01:r3,riemann_mdm,1.0,0.24634556129897547,0.7536544387010246,1.0,1.0,218.0,5.0
openbci,loso,1,arithmetic,arithmetic:s01:r3,riemann_ts_logreg,1.0,0.22828258275668553,0.7717174172433146,1.0,1.0,218.0,5.0
openbci,loso,1,arithmetic,arithmetic:s01:r3,stack_recording,1.0,0.3676733190693604,0.6323266809306396,1.0,1.0,218.0,5.0
openbci,loso,2,arithmetic,arithmetic:s02:r0,always_fuse,0.0,0.5838197441523547,0.4161802558476453,0.0,1.0,450.0,5.0
openbci,loso,2,arithmetic,arithmetic:s02:r0,always_nn,0.0,0.8771346627304303,0.1228653372695697,0.0,1.0,450.0,5.0
openbci,loso,2,arithmetic,arithmetic:s02:r0,cbsf,0.0,0.5959700240366894,0.4040299759633105,0.0,1.0,450.0,5.0
openbci,loso,2,arithmetic,arithmetic:s02:r0,dasf_clean,0.0,0.5838197441523547,0.4161802558476453,0.0,1.0,450.0,5.0
openbci,loso,2,arithmetic,arithmetic:s02:r0,eeg_conformer,0.0,0.9341427597672328,0.06585724023276722,0.0,1.0,450.0,5.0
openbci,loso,2,arithmetic,arithmetic:s02:r0,eegnet,0.0,0.5960475263905158,0.4039524736094841,0.0,1.0,450.0,5.0
openbci,loso,2,arithmetic,arithmetic:s02:r0,equal_blend_050,0.0,0.6225923835677675,0.3774076164322325,0.0,1.0,450.0,5.0
openbci,loso,2,arithmetic,arithmetic:s02:r0,extra_trees,0.0,0.6485669013502076,0.3514330986497924,0.0,1.0,450.0,5.0
openbci,loso,2,arithmetic,arithmetic:s02:r0,fixed_blend_010,0.0,0.718307936453393,0.281692063546607,0.0,1.0,450.0,5.0
openbci,loso,2,arithmetic,arithmetic:s02:r0,fixed_blend_025,0.0,0.66385263871643,0.33614736128357,0.0,1.0,450.0,5.0
openbci,loso,2,arithmetic,arithmetic:s02:r0,rf,0.0,0.6886479491307039,0.311352050869296,0.0,1.0,450.0,5.0
openbci,loso,2,arithmetic,arithmetic:s02:r0,riemann_mdm,0.0,0.9276321516887035,0.07236784831129654,0.0,1.0,450.0,5.0
openbci,loso,2,arithmetic,arithmetic:s02:r0,riemann_ts_logreg,0.0,0.9278616388684313,0.0721383611315687,0.0,1.0,450.0,5.0
openbci,loso,2,arithmetic,arithmetic:s02:r0,stack_recording,0.0,0.6104766882835797,0.3895233117164202,0.0,1.0,450.0,5.0
openbci,loso,2,arithmetic,arithmetic:s02:r1,always_fuse,0.0,0.5431043632834429,0.456895636716557,0.0,1.0,132.0,5.0
openbci,loso,2,arithmetic,arithmetic:s02:r1,always_nn,0.0,0.6102668694062876,0.3897331305937124,0.0,1.0,132.0,5.0
openbci,loso,2,arithmetic,arithmetic:s02:r1,cbsf,0.0,0.5443665040362795,0.4556334959637204,0.0,1.0,132.0,5.0
openbci,loso,2,arithmetic,arithmetic:s02:r1,dasf_clean,0.0,0.5431043632834429,0.45689563671655703,0.0,1.0,132.0,5.0
openbci,loso,2,arithmetic,arithmetic:s02:r1,eeg_conformer,0.0,0.9750560233203166,0.02494397667968341,0.0,1.0,132.0,5.0
openbci,loso,2,arithmetic,arithmetic:s02:r1,eegnet,0.0,0.7470580251375919,0.2529419748624081,0.0,1.0,132.0,5.0
openbci,loso,2,arithmetic,arithmetic:s02:r1,equal_blend_050,0.0,0.5501233638666008,0.4498766361333992,0.0,1.0,132.0,5.0
openbci,loso,2,arithmetic,arithmetic:s02:r1,extra_trees,0.0,0.5499842338606347,0.4500157661393653,0.0,1.0,132.0,5.0
openbci,loso,2,arithmetic,arithmetic:s02:r1,fixed_blend_010,0.0,0.5802533547831011,0.4197466452168988,0.0,1.0,132.0,5.0
openbci,loso,2,arithmetic,arithmetic:s02:r1,fixed_blend_025,0.0,0.56270817464157,0.4372918253584301,0.0,1.0,132.0,5.0
openbci,loso,2,arithmetic,arithmetic:s02:r1,rf,0.0,0.628993032392165,0.3710069676078351,0.0,1.0,132.0,5.0
openbci,loso,2,arithmetic,arithmetic:s02:r1,riemann_mdm,0.0,0.9457083468965324,0.05429165310346762,0.0,1.0,132.0,5.0
openbci,loso,2,arithmetic,arithmetic:s02:r1,riemann_ts_logreg,0.0,0.9084142709555378,0.09158572904446219,0.0,1.0,132.0,5.0
openbci,loso,2,arithmetic,arithmetic:s02:r1,stack_recording,0.0,0.4778589256534603,0.5221410743465397,1.0,0.0,132.0,5.0
openbci,loso,2,arithmetic,arithmetic:s02:r2,always_fuse,1.0,0.475798046707259,0.524201953292741,1.0,1.0,136.0,5.0
openbci,loso,2,arithmetic,arithmetic:s02:r2,always_nn,1.0,0.2964508533805952,0.7035491466194047,1.0,1.0,136.0,5.0
openbci,loso,2,arithmetic,arithmetic:s02:r2,cbsf,1.0,0.4462977048447115,0.5537022951552885,1.0,1.0,136.0,5.0
openbci,loso,2,arithmetic,arithmetic:s02:r2,dasf_clean,1.0,0.47579804670725906,0.524201953292741,1.0,1.0,136.0,5.0
openbci,loso,2,arithmetic,arithmetic:s02:r2,eeg_conformer,1.0,0.9337886968083534,0.06621130319164659,0.0,0.0,136.0,5.0
openbci,loso,2,arithmetic,arithmetic:s02:r2,eegnet,1.0,0.6737498597842155,0.32625014021578447,0.0,0.0,136.0,5.0
openbci,loso,2,arithmetic,arithmetic:s02:r2,equal_blend_050,1.0,0.4000996536955594,0.5999003463044407,1.0,1.0,136.0,5.0
openbci,loso,2,arithmetic,arithmetic:s02:r2,extra_trees,1.0,0.5449656061982274,0.4550343938017725,0.0,0.0,136.0,5.0
openbci,loso,2,arithmetic,arithmetic:s02:r2,fixed_blend_010,1.0,0.3237238513343993,0.6762761486656006,1.0,1.0,136.0,5.0
openbci,loso,2,arithmetic,arithmetic:s02:r2,fixed_blend_025,1.0,0.3558695906524627,0.6441304093475373,1.0,1.0,136.0,5.0
openbci,loso,2,arithmetic,arithmetic:s02:r2,rf,1.0,0.5974302433820057,0.4025697566179944,0.0,0.0,136.0,5.0
openbci,loso,2,arithmetic,arithmetic:s02:r2,riemann_mdm,1.0,0.9499428254110399,0.05005717458896006,0.0,0.0,136.0,5.0
openbci,loso,2,arithmetic,arithmetic:s02:r2,riemann_ts_logreg,1.0,0.8692520508222087,0.13074794917779128,0.0,0.0,136.0,5.0
openbci,loso,2,arithmetic,arithmetic:s02:r2,stack_recording,1.0,0.3620994637785865,0.6379005362214135,1.0,1.0,136.0,5.0
openbci,loso,2,arithmetic,arithmetic:s02:r3,always_fuse,1.0,0.450351172473308,0.5496488275266919,1.0,1.0,270.0,5.0
openbci,loso,2,arithmetic,arithmetic:s02:r3,always_nn,1.0,0.2471136766666693,0.7528863233333306,1.0,1.0,270.0,5.0
openbci,loso,2,arithmetic,arithmetic:s02:r3,cbsf,1.0,0.4188648043750159,0.5811351956249842,1.0,1.0,270.0,5.0
openbci,loso,2,arithmetic,arithmetic:s02:r3,dasf_clean,1.0,0.450351172473308,0.5496488275266919,1.0,1.0,270.0,5.0
openbci,loso,2,arithmetic,arithmetic:s02:r3,eeg_conformer,1.0,0.6652944398652427,0.33470556013475716,0.0,0.0,270.0,5.0
openbci,loso,2,arithmetic,arithmetic:s02:r3,eegnet,1.0,0.5208084075655562,0.47919159243444376,0.0,0.0,270.0,5.0
openbci,loso,2,arithmetic,arithmetic:s02:r3,equal_blend_050,1.0,0.3682190211980582,0.6317809788019417,1.0,1.0,270.0,5.0
openbci,loso,2,arithmetic,arithmetic:s02:r3,extra_trees,1.0,0.5127413385392997,0.4872586614607002,0.0,0.0,270.0,5.0
openbci,loso,2,arithmetic,arithmetic:s02:r3,fixed_blend_010,1.0,0.2801039000732037,0.7198960999267963,1.0,1.0,270.0,5.0
openbci,loso,2,arithmetic,arithmetic:s02:r3,fixed_blend_025,1.0,0.3179137846550176,0.6820862153449824,1.0,1.0,270.0,5.0
openbci,loso,2,arithmetic,arithmetic:s02:r3,rf,1.0,0.5397883741912795,0.4602116258087205,0.0,0.0,270.0,5.0
openbci,loso,2,arithmetic,arithmetic:s02:r3,riemann_mdm,1.0,0.928578011784464,0.07142198821553612,0.0,0.0,270.0,5.0
openbci,loso,2,arithmetic,arithmetic:s02:r3,riemann_ts_logreg,1.0,0.8380020182340236,0.16199798176597632,0.0,0.0,270.0,5.0
openbci,loso,2,arithmetic,arithmetic:s02:r3,stack_recording,1.0,0.340271817739545,0.6597281822604549,1.0,1.0,270.0,5.0
openbci,loso,3,arithmetic,arithmetic:s03:r0,always_fuse,0.0,0.5805490638753267,0.4194509361246732,0.0,1.0,181.0,5.0
openbci,loso,3,arithmetic,arithmetic:s03:r0,always_nn,0.0,0.7323397291011565,0.2676602708988434,0.0,1.0,181.0,5.0
openbci,loso,3,arithmetic,arithmetic:s03:r0,cbsf,0.0,0.5892831043147712,0.4107168956852288,0.0,1.0,181.0,5.0
openbci,loso,3,arithmetic,arithmetic:s03:r0,dasf_clean,0.0,0.7323397291011565,0.2676602708988434,0.0,1.0,181.0,5.0
openbci,loso,3,arithmetic,arithmetic:s03:r0,eeg_conformer,0.0,0.9024754590660939,0.09752454093390603,0.0,1.0,181.0,5.0
openbci,loso,3,arithmetic,arithmetic:s03:r0,eegnet,0.0,0.6081949500271123,0.3918050499728876,0.0,1.0,181.0,5.0
openbci,loso,3,arithmetic,arithmetic:s03:r0,equal_blend_050,0.0,0.6078569489890105,0.3921430510109894,0.0,1.0,181.0,5.0
openbci,loso,3,arithmetic,arithmetic:s03:r0,extra_trees,0.0,0.630964284829371,0.369035715170629,0.0,1.0,181.0,5.0
openbci,loso,3,arithmetic,arithmetic:s03:r0,fixed_blend_010,0.0,0.6609387418473885,0.3390612581526114,0.0,1.0,181.0,5.0
openbci,loso,3,arithmetic,arithmetic:s03:r0,fixed_blend_025,0.0,0.632912623996505,0.367087376003495,0.0,1.0,181.0,5.0
openbci,loso,3,arithmetic,arithmetic:s03:r0,rf,0.0,0.747253031820104,0.252746968179896,0.0,1.0,181.0,5.0
openbci,loso,3,arithmetic,arithmetic:s03:r0,riemann_mdm,0.0,0.6737698969175832,0.3262301030824169,0.0,1.0,181.0,5.0
openbci,loso,3,arithmetic,arithmetic:s03:r0,riemann_ts_logreg,0.0,0.25491575087738905,0.7450842491226108,1.0,0.0,181.0,5.0
openbci,loso,3,arithmetic,arithmetic:s03:r0,stack_recording,0.0,0.5183747723470093,0.4816252276529906,0.0,1.0,181.0,5.0
openbci,loso,3,arithmetic,arithmetic:s03:r1,always_fuse,0.0,0.5069528433210814,0.4930471566789186,0.0,1.0,91.0,5.0
openbci,loso,3,arithmetic,arithmetic:s03:r1,always_nn,0.0,0.9857750580080852,0.0142249419919147,0.0,1.0,91.0,5.0
openbci,loso,3,arithmetic,arithmetic:s03:r1,cbsf,0.0,0.5829782212834148,0.4170217787165852,0.0,1.0,91.0,5.0
openbci,loso,3,arithmetic,arithmetic:s03:r1,dasf_clean,0.0,0.9857750580080852,0.014224941991914743,0.0,1.0,91.0,5.0
openbci,loso,3,arithmetic,arithmetic:s03:r1,eeg_conformer,0.0,0.2472029629056559,0.7527970370943442,1.0,0.0,91.0,5.0
openbci,loso,3,arithmetic,arithmetic:s03:r1,eegnet,0.0,0.22319367732530865,0.7768063226746914,1.0,0.0,91.0,5.0
openbci,loso,3,arithmetic,arithmetic:s03:r1,equal_blend_050,0.0,0.7028929612215381,0.2971070387784619,0.0,1.0,91.0,5.0
openbci,loso,3,arithmetic,arithmetic:s03:r1,extra_trees,0.0,0.735246428478513,0.2647535715214871,0.0,1.0,91.0,5.0
openbci,loso,3,arithmetic,arithmetic:s03:r1,fixed_blend_010,0.0,0.9005409708137895,0.0994590291862105,0.0,1.0,91.0,5.0
openbci,loso,3,arithmetic,arithmetic:s03:r1,fixed_blend_025,0.0,0.8169811947904414,0.1830188052095586,0.0,1.0,91.0,5.0
openbci,loso,3,arithmetic,arithmetic:s03:r1,rf,0.0,0.6249243811337903,0.3750756188662097,0.0,1.0,91.0,5.0
openbci,loso,3,arithmetic,arithmetic:s03:r1,riemann_mdm,0.0,0.42653603630586023,0.5734639636941397,1.0,0.0,91.0,5.0
openbci,loso,3,arithmetic,arithmetic:s03:r1,riemann_ts_logreg,0.0,0.49801590489173114,0.5019840951082688,1.0,0.0,91.0,5.0
openbci,loso,3,arithmetic,arithmetic:s03:r1,stack_recording,0.0,0.7386275890606632,0.2613724109393368,0.0,1.0,91.0,5.0
openbci,loso,3,arithmetic,arithmetic:s03:r2,always_fuse,1.0,0.4383113253033238,0.5616886746966762,1.0,1.0,137.0,5.0
openbci,loso,3,arithmetic,arithmetic:s03:r2,always_nn,1.0,0.4641110973472688,0.5358889026527313,1.0,1.0,137.0,5.0
openbci,loso,3,arithmetic,arithmetic:s03:r2,cbsf,1.0,0.4326545062833059,0.5673454937166941,1.0,1.0,137.0,5.0
openbci,loso,3,arithmetic,arithmetic:s03:r2,dasf_clean,1.0,0.4641110973472688,0.5358889026527313,1.0,1.0,137.0,5.0
openbci,loso,3,arithmetic,arithmetic:s03:r2,eeg_conformer,1.0,0.14448284103080866,0.8555171589691913,1.0,1.0,137.0,5.0
openbci,loso,3,arithmetic,arithmetic:s03:r2,eegnet,1.0,0.26311731753758855,0.7368826824624114,1.0,1.0,137.0,5.0
openbci,loso,3,arithmetic,arithmetic:s03:r2,equal_blend_050,1.0,0.4231515179686917,0.5768484820313082,1.0,1.0,137.0,5.0
openbci,loso,3,arithmetic,arithmetic:s03:r2,extra_trees,1.0,0.5254638441605781,0.4745361558394219,0.0,0.0,137.0,5.0
openbci,loso,3,arithmetic,arithmetic:s03:r2,fixed_blend_010,1.0,0.4232964442806222,0.5767035557193779,1.0,1.0,137.0,5.0
openbci,loso,3,arithmetic,arithmetic:s03:r2,fixed_blend_025,1.0,0.4176894976213741,0.5823105023786259,1.0,1.0,137.0,5.0
openbci,loso,3,arithmetic,arithmetic:s03:r2,rf,1.0,0.4993750295024709,0.5006249704975291,1.0,1.0,137.0,5.0
openbci,loso,3,arithmetic,arithmetic:s03:r2,riemann_mdm,1.0,0.4327141315098221,0.5672858684901779,1.0,1.0,137.0,5.0
openbci,loso,3,arithmetic,arithmetic:s03:r2,riemann_ts_logreg,1.0,0.3866013556338475,0.6133986443661525,1.0,1.0,137.0,5.0
openbci,loso,3,arithmetic,arithmetic:s03:r2,stack_recording,1.0,0.417380101187669,0.582619898812331,1.0,1.0,137.0,5.0
openbci,loso,3,arithmetic,arithmetic:s03:r3,always_fuse,1.0,0.5165200097067381,0.483479990293262,0.0,0.0,160.0,5.0
openbci,loso,3,arithmetic,arithmetic:s03:r3,always_nn,1.0,0.9845910321595968,0.015408967840403,0.0,0.0,160.0,5.0
openbci,loso,3,arithmetic,arithmetic:s03:r3,cbsf,1.0,0.5942542546448503,0.4057457453551498,0.0,0.0,160.0,5.0
openbci,loso,3,arithmetic,arithmetic:s03:r3,dasf_clean,1.0,0.9845910321595969,0.015408967840403066,0.0,0.0,160.0,5.0
openbci,loso,3,arithmetic,arithmetic:s03:r3,eeg_conformer,1.0,0.2801590471717786,0.7198409528282215,1.0,1.0,160.0,5.0
openbci,loso,3,arithmetic,arithmetic:s03:r3,eegnet,1.0,0.23888258069153712,0.7611174193084629,1.0,1.0,160.0,5.0
openbci,loso,3,arithmetic,arithmetic:s03:r3,equal_blend_050,1.0,0.7155377875091287,0.2844622124908714,0.0,0.0,160.0,5.0
openbci,loso,3,arithmetic,arithmetic:s03:r3,extra_trees,1.0,0.729101370896056,0.2708986291039441,0.0,0.0,160.0,5.0
openbci,loso,3,arithmetic,arithmetic:s03:r3,fixed_blend_010,1.0,0.9067877019131328,0.0932122980868671,0.0,0.0,160.0,5.0
openbci,loso,3,arithmetic,arithmetic:s03:r3,fixed_blend_025,1.0,0.8275968693586614,0.1724031306413385,0.0,0.0,160.0,5.0
openbci,loso,3,arithmetic,arithmetic:s03:r3,rf,1.0,0.6308863145183211,0.3691136854816789,0.0,0.0,160.0,5.0
openbci,loso,3,arithmetic,arithmetic:s03:r3,riemann_mdm,1.0,0.49455612210404637,0.5054438778959536,1.0,1.0,160.0,5.0
openbci,loso,3,arithmetic,arithmetic:s03:r3,riemann_ts_logreg,1.0,0.42565584788802463,0.5743441521119754,1.0,1.0,160.0,5.0
openbci,loso,3,arithmetic,arithmetic:s03:r3,stack_recording,1.0,0.7344836241497142,0.2655163758502857,0.0,0.0,160.0,5.0
openbci,loso,4,arithmetic,arithmetic:s04:r0,always_fuse,0.0,0.3386940151894535,0.6613059848105465,1.0,0.0,116.0,5.0
openbci,loso,4,arithmetic,arithmetic:s04:r0,always_nn,0.0,0.0625886545113086,0.9374113454886914,1.0,0.0,116.0,5.0
openbci,loso,4,arithmetic,arithmetic:s04:r0,cbsf,0.0,0.299986024215756,0.700013975784244,1.0,0.0,116.0,5.0
openbci,loso,4,arithmetic,arithmetic:s04:r0,dasf_clean,0.0,0.06258865451130863,0.9374113454886914,1.0,0.0,116.0,5.0
openbci,loso,4,arithmetic,arithmetic:s04:r0,eeg_conformer,0.0,0.988092927470271,0.011907072529729015,0.0,1.0,116.0,5.0
openbci,loso,4,arithmetic,arithmetic:s04:r0,eegnet,0.0,0.4985964889788482,0.5014035110211518,1.0,0.0,116.0,5.0
openbci,loso,4,arithmetic,arithmetic:s04:r0,equal_blend_050,0.0,0.2348926222006399,0.7651073777993601,1.0,0.0,116.0,5.0
openbci,loso,4,arithmetic,arithmetic:s04:r0,extra_trees,0.0,0.177530292004466,0.8224697079955341,1.0,0.0,116.0,5.0
openbci,loso,4,arithmetic,arithmetic:s04:r0,fixed_blend_010,0.0,0.1134556231126051,0.8865443768873948,1.0,0.0,116.0,5.0
openbci,loso,4,arithmetic,arithmetic:s04:r0,fixed_blend_025,0.0,0.1668710366015617,0.8331289633984383,1.0,0.0,116.0,5.0
openbci,loso,4,arithmetic,arithmetic:s04:r0,rf,0.0,0.3153484450647582,0.6846515549352419,1.0,0.0,116.0,5.0
openbci,loso,4,arithmetic,arithmetic:s04:r0,riemann_mdm,0.0,0.3232634248153937,0.6767365751846063,1.0,0.0,116.0,5.0
openbci,loso,4,arithmetic,arithmetic:s04:r0,riemann_ts_logreg,0.0,0.013119490187809146,0.9868805098121909,1.0,0.0,116.0,5.0
openbci,loso,4,arithmetic,arithmetic:s04:r0,stack_recording,0.0,0.1689068761948117,0.8310931238051883,1.0,0.0,116.0,5.0
openbci,loso,4,arithmetic,arithmetic:s04:r1,always_fuse,0.0,0.5072702964348322,0.4927297035651677,0.0,1.0,119.0,5.0
openbci,loso,4,arithmetic,arithmetic:s04:r1,always_nn,0.0,0.8275517551938035,0.1724482448061964,0.0,1.0,119.0,5.0
openbci,loso,4,arithmetic,arithmetic:s04:r1,cbsf,0.0,0.5594593734265041,0.4405406265734958,0.0,1.0,119.0,5.0
openbci,loso,4,arithmetic,arithmetic:s04:r1,dasf_clean,0.0,0.8275517551938035,0.17244824480619644,0.0,1.0,119.0,5.0
openbci,loso,4,arithmetic,arithmetic:s04:r1,eeg_conformer,0.0,0.9572500663589828,0.04274993364101723,0.0,1.0,119.0,5.0
openbci,loso,4,arithmetic,arithmetic:s04:r1,eegnet,0.0,0.8328374008001255,0.16716259919987456,0.0,1.0,119.0,5.0
openbci,loso,4,arithmetic,arithmetic:s04:r1,equal_blend_050,0.0,0.6405653761751895,0.3594346238248106,0.0,1.0,119.0,5.0
openbci,loso,4,arithmetic,arithmetic:s04:r1,extra_trees,0.0,0.5018000598887912,0.4981999401112089,0.0,1.0,119.0,5.0
openbci,loso,4,arithmetic,arithmetic:s04:r1,fixed_blend_010,0.0,0.7739670622497734,0.2260329377502265,0.0,1.0,119.0,5.0
openbci,loso,4,arithmetic,arithmetic:s04:r1,fixed_blend_025,0.0,0.7175892698098949,0.2824107301901051,0.0,1.0,119.0,5.0
openbci,loso,4,arithmetic,arithmetic:s04:r1,rf,0.0,0.5034809350265828,0.4965190649734171,0.0,1.0,119.0,5.0
openbci,loso,4,arithmetic,arithmetic:s04:r1,riemann_mdm,0.0,0.5229146531354565,0.4770853468645435,0.0,1.0,119.0,5.0
openbci,loso,4,arithmetic,arithmetic:s04:r1,riemann_ts_logreg,0.0,0.21095484571073156,0.7890451542892685,1.0,0.0,119.0,5.0
openbci,loso,4,arithmetic,arithmetic:s04:r1,stack_recording,0.0,0.5954335028400795,0.4045664971599206,0.0,1.0,119.0,5.0
openbci,loso,4,arithmetic,arithmetic:s04:r2,always_fuse,1.0,0.4879456127099013,0.5120543872900987,1.0,1.0,210.0,5.0
openbci,loso,4,arithmetic,arithmetic:s04:r2,always_nn,1.0,0.6841332733627549,0.3158667266372451,0.0,0.0,210.0,5.0
openbci,loso,4,arithmetic,arithmetic:s04:r2,cbsf,1.0,0.5206902808015712,0.4793097191984288,0.0,0.0,210.0,5.0
openbci,loso,4,arithmetic,arithmetic:s04:r2,dasf_clean,1.0,0.6841332733627549,0.31586672663724513,0.0,0.0,210.0,5.0
openbci,loso,4,arithmetic,arithmetic:s04:r2,eeg_conformer,1.0,0.9923559303965426,0.007644069603457351,0.0,0.0,210.0,5.0
openbci,loso,4,arithmetic,arithmetic:s04:r2,eegnet,1.0,0.9410214261678613,0.05897857383213869,0.0,0.0,210.0,5.0
openbci,loso,4,arithmetic,arithmetic:s04:r2,equal_blend_050,1.0,0.5718222855302821,0.4281777144697177,0.0,0.0,210.0,5.0
openbci,loso,4,arithmetic,arithmetic:s04:r2,extra_trees,1.0,0.5528866699619509,0.4471133300380491,0.0,0.0,210.0,5.0
openbci,loso,4,arithmetic,arithmetic:s04:r2,fixed_blend_010,1.0,0.6556721338936486,0.3443278661063513,0.0,0.0,210.0,5.0
openbci,loso,4,arithmetic,arithmetic:s04:r2,fixed_blend_025,1.0,0.6207137871832766,0.3792862128167232,0.0,0.0,210.0,5.0
openbci,loso,4,arithmetic,arithmetic:s04:r2,rf,1.0,0.5622577935042873,0.4377422064957126,0.0,0.0,210.0,5.0
openbci,loso,4,arithmetic,arithmetic:s04:r2,riemann_mdm,1.0,0.19243109032177846,0.8075689096782216,1.0,1.0,210.0,5.0
openbci,loso,4,arithmetic,arithmetic:s04:r2,riemann_ts_logreg,1.0,0.011640591414895438,0.9883594085851046,1.0,1.0,210.0,5.0
openbci,loso,4,arithmetic,arithmetic:s04:r2,stack_recording,1.0,0.5052420919494686,0.4947579080505314,0.0,0.0,210.0,5.0
openbci,loso,4,arithmetic,arithmetic:s04:r3,always_fuse,1.0,0.4734208029356515,0.5265791970643485,1.0,1.0,221.0,5.0
openbci,loso,4,arithmetic,arithmetic:s04:r3,always_nn,1.0,0.6386289689915441,0.361371031008456,0.0,0.0,221.0,5.0
openbci,loso,4,arithmetic,arithmetic:s04:r3,cbsf,1.0,0.5032042274539121,0.4967957725460879,0.0,0.0,221.0,5.0
openbci,loso,4,arithmetic,arithmetic:s04:r3,dasf_clean,1.0,0.6386289689915441,0.361371031008456,0.0,0.0,221.0,5.0
openbci,loso,4,arithmetic,arithmetic:s04:r3,eeg_conformer,1.0,0.991038954821109,0.008961045178890886,0.0,0.0,221.0,5.0
openbci,loso,4,arithmetic,arithmetic:s04:r3,eegnet,1.0,0.909144167563184,0.09085583243681604,0.0,0.0,221.0,5.0
openbci,loso,4,arithmetic,arithmetic:s04:r3,equal_blend_050,1.0,0.5486642449705229,0.4513357550294771,0.0,0.0,221.0,5.0
openbci,loso,4,arithmetic,arithmetic:s04:r3,extra_trees,1.0,0.5219688759479111,0.4780311240520888,0.0,0.0,221.0,5.0
openbci,loso,4,arithmetic,arithmetic:s04:r3,fixed_blend_010,1.0,0.6179672195556112,0.3820327804443888,0.0,0.0,221.0,5.0
openbci,loso,4,arithmetic,arithmetic:s04:r3,fixed_blend_025,1.0,0.5901776626820856,0.4098223373179143,0.0,0.0,221.0,5.0
openbci,loso,4,arithmetic,arithmetic:s04:r3,rf,1.0,0.5276393113277698,0.4723606886722302,0.0,0.0,221.0,5.0
openbci,loso,4,arithmetic,arithmetic:s04:r3,riemann_mdm,1.0,0.28044200428903043,0.7195579957109696,1.0,1.0,221.0,5.0
openbci,loso,4,arithmetic,arithmetic:s04:r3,riemann_ts_logreg,1.0,0.01537476347127962,0.9846252365287204,1.0,1.0,221.0,5.0
openbci,loso,4,arithmetic,arithmetic:s04:r3,stack_recording,1.0,0.4813500925492945,0.5186499074507055,1.0,1.0,221.0,5.0
openbci,loso,5,arithmetic,arithmetic:s05:r0,always_fuse,0.0,0.735387924541403,0.264612075458597,0.0,1.0,244.0,5.0
openbci,loso,5,arithmetic,arithmetic:s05:r0,always_nn,0.0,0.9996147334314018,0.0003852665685981,0.0,1.0,244.0,5.0
openbci,loso,5,arithmetic,arithmetic:s05:r0,cbsf,0.0,0.8142283964657373,0.1857716035342626,0.0,1.0,244.0,5.0
openbci,loso,5,arithmetic,arithmetic:s05:r0,dasf_clean,0.0,0.9996147334314018,0.00038526656859814046,0.0,1.0,244.0,5.0
openbci,loso,5,arithmetic,arithmetic:s05:r0,eeg_conformer,0.0,0.9817510066175684,0.018248993382431626,0.0,1.0,244.0,5.0
openbci,loso,5,arithmetic,arithmetic:s05:r0,eegnet,0.0,0.8112683704753076,0.18873162952469236,0.0,1.0,244.0,5.0
openbci,loso,5,arithmetic,arithmetic:s05:r0,equal_blend_050,0.0,0.8628077138359563,0.1371922861640436,0.0,1.0,244.0,5.0
openbci,loso,5,arithmetic,arithmetic:s05:r0,extra_trees,0.0,0.776270156123364,0.2237298438766359,0.0,1.0,244.0,5.0
openbci,loso,5,arithmetic,arithmetic:s05:r0,fixed_blend_010,0.0,0.9677186556053922,0.0322813443946078,0.0,1.0,244.0,5.0
openbci,loso,5,arithmetic,arithmetic:s05:r0,fixed_blend_025,0.0,0.9273771305024522,0.0726228694975477,0.0,1.0,244.0,5.0
openbci,loso,5,arithmetic,arithmetic:s05:r0,rf,0.0,0.7888748974358667,0.2111251025641332,0.0,1.0,244.0,5.0
openbci,loso,5,arithmetic,arithmetic:s05:r0,riemann_mdm,0.0,0.9249152269809348,0.07508477301906516,0.0,1.0,244.0,5.0
openbci,loso,5,arithmetic,arithmetic:s05:r0,riemann_ts_logreg,0.0,0.8021697999696208,0.1978302000303793,0.0,1.0,244.0,5.0
openbci,loso,5,arithmetic,arithmetic:s05:r0,stack_recording,0.0,0.9247063686064316,0.0752936313935683,0.0,1.0,244.0,5.0
openbci,loso,5,arithmetic,arithmetic:s05:r1,always_fuse,0.0,0.5370218468834643,0.4629781531165357,0.0,1.0,153.0,5.0
openbci,loso,5,arithmetic,arithmetic:s05:r1,always_nn,0.0,0.8868551801781492,0.1131448198218507,0.0,1.0,153.0,5.0
openbci,loso,5,arithmetic,arithmetic:s05:r1,cbsf,0.0,0.604867490483331,0.395132509516669,0.0,1.0,153.0,5.0
openbci,loso,5,arithmetic,arithmetic:s05:r1,dasf_clean,0.0,0.8868551801781492,0.11314481982185078,0.0,1.0,153.0,5.0
openbci,loso,5,arithmetic,arithmetic:s05:r1,eeg_conformer,0.0,0.4857384774842145,0.5142615225157855,1.0,0.0,153.0,5.0
openbci,loso,5,arithmetic,arithmetic:s05:r1,eegnet,0.0,0.4417809640715578,0.5582190359284422,1.0,0.0,153.0,5.0
openbci,loso,5,arithmetic,arithmetic:s05:r1,equal_blend_050,0.0,0.6516102764784121,0.348389723521588,0.0,1.0,153.0,5.0
openbci,loso,5,arithmetic,arithmetic:s05:r1,extra_trees,0.0,0.629051189611682,0.3709488103883179,0.0,1.0,153.0,5.0
openbci,loso,5,arithmetic,arithmetic:s05:r1,fixed_blend_010,0.0,0.7918447057878667,0.2081552942121333,0.0,1.0,153.0,5.0
openbci,loso,5,arithmetic,arithmetic:s05:r1,fixed_blend_025,0.0,0.7266660982357102,0.2733339017642898,0.0,1.0,153.0,5.0
openbci,loso,5,arithmetic,arithmetic:s05:r1,rf,0.0,0.6425407660662661,0.3574592339337339,0.0,1.0,153.0,5.0
openbci,loso,5,arithmetic,arithmetic:s05:r1,riemann_mdm,0.0,0.5017045685972361,0.498295431402764,0.0,1.0,153.0,5.0
openbci,loso,5,arithmetic,arithmetic:s05:r1,riemann_ts_logreg,0.0,0.40423343558249947,0.5957665644175005,1.0,0.0,153.0,5.0
openbci,loso,5,arithmetic,arithmetic:s05:r1,stack_recording,0.0,0.5997900984041702,0.4002099015958297,0.0,1.0,153.0,5.0
openbci,loso,5,arithmetic,arithmetic:s05:r2,always_fuse,1.0,0.5367546018586073,0.4632453981413926,0.0,0.0,198.0,5.0
openbci,loso,5,arithmetic,arithmetic:s05:r2,always_nn,1.0,0.9156137889354812,0.0843862110645189,0.0,0.0,198.0,5.0
openbci,loso,5,arithmetic,arithmetic:s05:r2,cbsf,1.0,0.6103025928175171,0.3896974071824829,0.0,0.0,198.0,5.0
openbci,loso,5,arithmetic,arithmetic:s05:r2,dasf_clean,1.0,0.9156137889354811,0.08438621106451893,0.0,0.0,198.0,5.0
openbci,loso,5,arithmetic,arithmetic:s05:r2,eeg_conformer,1.0,0.7566255847455418,0.24337441525445824,0.0,0.0,198.0,5.0
openbci,loso,5,arithmetic,arithmetic:s05:r2,eegnet,1.0,0.6197472886598038,0.38025271134019617,0.0,0.0,198.0,5.0
openbci,loso,5,arithmetic,arithmetic:s05:r2,equal_blend_050,1.0,0.6604953955342735,0.3395046044657265,0.0,0.0,198.0,5.0
openbci,loso,5,arithmetic,arithmetic:s05:r2,extra_trees,1.0,0.642354913357512,0.3576450866424879,0.0,0.0,198.0,5.0
openbci,loso,5,arithmetic,arithmetic:s05:r2,fixed_blend_010,1.0,0.8068050134444533,0.1931949865555466,0.0,0.0,198.0,5.0
openbci,loso,5,arithmetic,arithmetic:s05:r2,fixed_blend_025,1.0,0.7396353734892389,0.2603646265107611,0.0,0.0,198.0,5.0
openbci,loso,5,arithmetic,arithmetic:s05:r2,rf,1.0,0.6402259298006033,0.3597740701993967,0.0,0.0,198.0,5.0
openbci,loso,5,arithmetic,arithmetic:s05:r2,riemann_mdm,1.0,0.7640301086038997,0.23596989139610033,0.0,0.0,198.0,5.0
openbci,loso,5,arithmetic,arithmetic:s05:r2,riemann_ts_logreg,1.0,0.6138290939438182,0.38617090605618165,0.0,0.0,198.0,5.0
openbci,loso,5,arithmetic,arithmetic:s05:r2,stack_recording,1.0,0.626560469402529,0.373439530597471,0.0,0.0,198.0,5.0
openbci,loso,5,arithmetic,arithmetic:s05:r3,always_fuse,1.0,0.4933242636985847,0.5066757363014153,1.0,1.0,232.0,5.0
openbci,loso,5,arithmetic,arithmetic:s05:r3,always_nn,1.0,0.5857221037826206,0.4142778962173795,0.0,0.0,232.0,5.0
openbci,loso,5,arithmetic,arithmetic:s05:r3,cbsf,1.0,0.5068753435248969,0.493124656475103,0.0,0.0,232.0,5.0
openbci,loso,5,arithmetic,arithmetic:s05:r3,dasf_clean,1.0,0.5857221037826206,0.41427789621737954,0.0,0.0,232.0,5.0
openbci,loso,5,arithmetic,arithmetic:s05:r3,eeg_conformer,1.0,0.3963161333298978,0.6036838666701021,1.0,1.0,232.0,5.0
openbci,loso,5,arithmetic,arithmetic:s05:r3,eegnet,1.0,0.48265521639915376,0.5173447836008462,1.0,1.0,232.0,5.0
openbci,loso,5,arithmetic,arithmetic:s05:r3,equal_blend_050,1.0,0.5165617490620756,0.4834382509379243,0.0,0.0,232.0,5.0
openbci,loso,5,arithmetic,arithmetic:s05:r3,extra_trees,1.0,0.5397876645757512,0.4602123354242487,0.0,0.0,232.0,5.0
openbci,loso,5,arithmetic,arithmetic:s05:r3,fixed_blend_010,1.0,0.551631357771734,0.448368642228266,0.0,0.0,232.0,5.0
openbci,loso,5,arithmetic,arithmetic:s05:r3,fixed_blend_025,1.0,0.5337534347814807,0.4662465652185193,0.0,0.0,232.0,5.0
openbci,loso,5,arithmetic,arithmetic:s05:r3,rf,1.0,0.5790125286122354,0.4209874713877646,0.0,0.0,232.0,5.0
openbci,loso,5,arithmetic,arithmetic:s05:r3,riemann_mdm,1.0,0.6374480658678838,0.36255193413211606,0.0,0.0,232.0,5.0
openbci,loso,5,arithmetic,arithmetic:s05:r3,riemann_ts_logreg,1.0,0.36734784981807667,0.6326521501819233,1.0,1.0,232.0,5.0
openbci,loso,5,arithmetic,arithmetic:s05:r3,stack_recording,1.0,0.4481711019705003,0.5518288980294996,1.0,1.0,232.0,5.0
openbci,loso,6,arithmetic,arithmetic:s06:r0,always_fuse,0.0,0.6209711467489875,0.3790288532510125,0.0,1.0,150.0,5.0
openbci,loso,6,arithmetic,arithmetic:s06:r0,always_nn,0.0,0.998436200912519,0.001563799087481,0.0,1.0,150.0,5.0
openbci,loso,6,arithmetic,arithmetic:s06:r0,cbsf,0.0,0.998302336916624,0.0016976630833759,0.0,1.0,150.0,5.0
openbci,loso,6,arithmetic,arithmetic:s06:r0,dasf_clean,0.0,0.998436200912519,0.0015637990874810125,0.0,1.0,150.0,5.0
openbci,loso,6,arithmetic,arithmetic:s06:r0,eeg_conformer,0.0,0.27203692472277957,0.7279630752772204,1.0,0.0,150.0,5.0
openbci,loso,6,arithmetic,arithmetic:s06:r0,eegnet,0.0,0.44191077020901215,0.5580892297909879,1.0,0.0,150.0,5.0
openbci,loso,6,arithmetic,arithmetic:s06:r0,equal_blend_050,0.0,0.8067634775810383,0.1932365224189616,0.0,1.0,150.0,5.0
openbci,loso,6,arithmetic,arithmetic:s06:r0,extra_trees,0.0,0.4549648381951631,0.5450351618048368,1.0,0.0,150.0,5.0
openbci,loso,6,arithmetic,arithmetic:s06:r0,fixed_blend_010,0.0,0.9562106600806536,0.0437893399193462,0.0,1.0,150.0,5.0
openbci,loso,6,arithmetic,arithmetic:s06:r0,fixed_blend_025,0.0,0.8996787440908932,0.1003212559091067,0.0,1.0,150.0,5.0
openbci,loso,6,arithmetic,arithmetic:s06:r0,rf,0.0,0.4532244110816521,0.5467755889183479,1.0,0.0,150.0,5.0
openbci,loso,6,arithmetic,arithmetic:s06:r0,riemann_mdm,0.0,0.549976496889111,0.45002350311088896,0.0,1.0,150.0,5.0
openbci,loso,6,arithmetic,arithmetic:s06:r0,riemann_ts_logreg,0.0,0.8586179035651832,0.14138209643481686,0.0,1.0,150.0,5.0
openbci,loso,6,arithmetic,arithmetic:s06:r0,stack_recording,0.0,0.8762246747635769,0.123775325236423,0.0,1.0,150.0,5.0
openbci,loso,6,arithmetic,arithmetic:s06:r1,always_fuse,0.0,0.5109090125497239,0.4890909874502761,0.0,1.0,119.0,5.0
openbci,loso,6,arithmetic,arithmetic:s06:r1,always_nn,0.0,0.9888060779925568,0.0111939220074431,0.0,1.0,119.0,5.0
openbci,loso,6,arithmetic,arithmetic:s06:r1,cbsf,0.0,0.9886750683049,0.0113249316950999,0.0,1.0,119.0,5.0
openbci,loso,6,arithmetic,arithmetic:s06:r1,dasf_clean,0.0,0.9888060779925568,0.011193922007443145,0.0,1.0,119.0,5.0
openbci,loso,6,arithmetic,arithmetic:s06:r1,eeg_conformer,0.0,0.23379655541125482,0.7662034445887452,1.0,0.0,119.0,5.0
openbci,loso,6,arithmetic,arithmetic:s06:r1,eegnet,0.0,0.3214230141162253,0.6785769858837747,1.0,0.0,119.0,5.0
openbci,loso,6,arithmetic,arithmetic:s06:r1,equal_blend_050,0.0,0.7416087924680903,0.2583912075319097,0.0,1.0,119.0,5.0
openbci,loso,6,arithmetic,arithmetic:s06:r1,extra_trees,0.0,0.3427611511444301,0.6572388488555698,1.0,0.0,119.0,5.0
openbci,loso,6,arithmetic,arithmetic:s06:r1,fixed_blend_010,0.0,0.9310070662412466,0.0689929337587534,0.0,1.0,119.0,5.0
openbci,loso,6,arithmetic,arithmetic:s06:r1,fixed_blend_025,0.0,0.8584033594440774,0.1415966405559225,0.0,1.0,119.0,5.0
openbci,loso,6,arithmetic,arithmetic:s06:r1,rf,0.0,0.2831742391239129,0.716825760876087,1.0,0.0,119.0,5.0
openbci,loso,6,arithmetic,arithmetic:s06:r1,riemann_mdm,0.0,0.45197910653922824,0.5480208934607717,1.0,0.0,119.0,5.0
openbci,loso,6,arithmetic,arithmetic:s06:r1,riemann_ts_logreg,0.0,0.7620190450413882,0.23798095495861193,0.0,1.0,119.0,5.0
openbci,loso,6,arithmetic,arithmetic:s06:r1,stack_recording,0.0,0.7755654816878493,0.2244345183121506,0.0,1.0,119.0,5.0
openbci,loso,6,arithmetic,arithmetic:s06:r2,always_fuse,1.0,0.546014576183292,0.453985423816708,0.0,0.0,130.0,5.0
openbci,loso,6,arithmetic,arithmetic:s06:r2,always_nn,1.0,0.9916744734729444,0.0083255265270556,0.0,0.0,130.0,5.0
openbci,loso,6,arithmetic,arithmetic:s06:r2,cbsf,1.0,0.9915856170697064,0.0084143829302936,0.0,0.0,130.0,5.0
openbci,loso,6,arithmetic,arithmetic:s06:r2,dasf_clean,1.0,0.9916744734729444,0.008325526527055677,0.0,0.0,130.0,5.0
openbci,loso,6,arithmetic,arithmetic:s06:r2,eeg_conformer,1.0,0.24773436581766867,0.7522656341823314,1.0,1.0,130.0,5.0
openbci,loso,6,arithmetic,arithmetic:s06:r2,eegnet,1.0,0.36138462087889733,0.6386153791211027,1.0,1.0,130.0,5.0
openbci,loso,6,arithmetic,arithmetic:s06:r2,equal_blend_050,1.0,0.765889703892054,0.2341102961079459,0.0,0.0,130.0,5.0
openbci,loso,6,arithmetic,arithmetic:s06:r2,extra_trees,1.0,0.434955590659561,0.565044409340439,1.0,1.0,130.0,5.0
openbci,loso,6,arithmetic,arithmetic:s06:r2,fixed_blend_010,1.0,0.9427228017146714,0.0572771982853285,0.0,0.0,130.0,5.0
openbci,loso,6,arithmetic,arithmetic:s06:r2,fixed_blend_025,1.0,0.875929931499479,0.124070068500521,0.0,0.0,130.0,5.0
openbci,loso,6,arithmetic,arithmetic:s06:r2,rf,1.0,0.3817405402568842,0.6182594597431157,1.0,1.0,130.0,5.0
openbci,loso,6,arithmetic,arithmetic:s06:r2,riemann_mdm,1.0,0.41909614953830665,0.5809038504616933,1.0,1.0,130.0,5.0
openbci,loso,6,arithmetic,arithmetic:s06:r2,riemann_ts_logreg,1.0,0.738841713223086,0.261158286776914,0.0,0.0,130.0,5.0
openbci,loso,6,arithmetic,arithmetic:s06:r2,stack_recording,1.0,0.794842180182336,0.205157819817664,0.0,0.0,130.0,5.0
openbci,loso,6,arithmetic,arithmetic:s06:r3,always_fuse,1.0,0.5293047227334061,0.4706952772665939,0.0,0.0,191.0,5.0
openbci,loso,6,arithmetic,arithmetic:s06:r3,always_nn,1.0,0.9853756880848362,0.0146243119151637,0.0,0.0,191.0,5.0
openbci,loso,6,arithmetic,arithmetic:s06:r3,cbsf,1.0,0.9852134091246654,0.0147865908753347,0.0,0.0,191.0,5.0
openbci,loso,6,arithmetic,arithmetic:s06:r3,dasf_clean,1.0,0.9853756880848362,0.014624311915163751,0.0,0.0,191.0,5.0
openbci,loso,6,arithmetic,arithmetic:s06:r3,eeg_conformer,1.0,0.2414826516518259,0.7585173483481741,1.0,1.0,191.0,5.0
openbci,loso,6,arithmetic,arithmetic:s06:r3,eegnet,1.0,0.35728901582038247,0.6427109841796176,1.0,1.0,191.0,5.0
openbci,loso,6,arithmetic,arithmetic:s06:r3,equal_blend_050,1.0,0.7473208042133082,0.2526791957866918,0.0,0.0,191.0,5.0
openbci,loso,6,arithmetic,arithmetic:s06:r3,extra_trees,1.0,0.4026187441554871,0.5973812558445128,1.0,1.0,191.0,5.0
openbci,loso,6,arithmetic,arithmetic:s06:r3,fixed_blend_010,1.0,0.927636785201872,0.072363214798128,0.0,0.0,191.0,5.0
openbci,loso,6,arithmetic,arithmetic:s06:r3,fixed_blend_025,1.0,0.8582093291804549,0.141790670819545,0.0,0.0,191.0,5.0
openbci,loso,6,arithmetic,arithmetic:s06:r3,rf,1.0,0.3604078358495696,0.6395921641504304,1.0,1.0,191.0,5.0
openbci,loso,6,arithmetic,arithmetic:s06:r3,riemann_mdm,1.0,0.4485390441965978,0.5514609558034022,1.0,1.0,191.0,5.0
openbci,loso,6,arithmetic,arithmetic:s06:r3,riemann_ts_logreg,1.0,0.7292067965357575,0.27079320346424257,0.0,0.0,191.0,5.0
openbci,loso,6,arithmetic,arithmetic:s06:r3,stack_recording,1.0,0.7600407424822778,0.2399592575177221,0.0,0.0,191.0,5.0
openbci,loso,7,arithmetic,arithmetic:s07:r0,always_fuse,0.0,0.7592021729848126,0.2407978270151873,0.0,1.0,169.0,5.0
openbci,loso,7,arithmetic,arithmetic:s07:r0,always_nn,0.0,0.99950079780512,0.00049920219488,0.0,1.0,169.0,5.0
openbci,loso,7,arithmetic,arithmetic:s07:r0,cbsf,0.0,0.8075267765414078,0.1924732234585921,0.0,1.0,169.0,5.0
openbci,loso,7,arithmetic,arithmetic:s07:r0,dasf_clean,0.0,0.9995007978051199,0.0004992021948800272,0.0,1.0,169.0,5.0
openbci,loso,7,arithmetic,arithmetic:s07:r0,eeg_conformer,0.0,0.9741039402264218,0.025896059773578308,0.0,1.0,169.0,5.0
openbci,loso,7,arithmetic,arithmetic:s07:r0,eegnet,0.0,0.7056631651049898,0.29433683489501017,0.0,1.0,169.0,5.0
openbci,loso,7,arithmetic,arithmetic:s07:r0,equal_blend_050,0.0,0.8720598708014733,0.1279401291985267,0.0,1.0,169.0,5.0
openbci,loso,7,arithmetic,arithmetic:s07:r0,extra_trees,0.0,0.841847637934235,0.158152362065765,0.0,1.0,169.0,5.0
openbci,loso,7,arithmetic,arithmetic:s07:r0,fixed_blend_010,0.0,0.968030049645279,0.0319699503547211,0.0,1.0,169.0,5.0
openbci,loso,7,arithmetic,arithmetic:s07:r0,fixed_blend_025,0.0,0.9305351182070636,0.0694648817929364,0.0,1.0,169.0,5.0
openbci,loso,7,arithmetic,arithmetic:s07:r0,rf,0.0,0.8701008639773627,0.1298991360226372,0.0,1.0,169.0,5.0
openbci,loso,7,arithmetic,arithmetic:s07:r0,riemann_mdm,0.0,0.5706181900598533,0.4293818099401468,0.0,1.0,169.0,5.0
openbci,loso,7,arithmetic,arithmetic:s07:r0,riemann_ts_logreg,0.0,0.5402192532191213,0.45978074678087866,0.0,1.0,169.0,5.0
openbci,loso,7,arithmetic,arithmetic:s07:r0,stack_recording,0.0,0.947356017872713,0.052643982127287,0.0,1.0,169.0,5.0
openbci,loso,7,arithmetic,arithmetic:s07:r1,always_fuse,0.0,0.5741507043978145,0.4258492956021856,0.0,1.0,36.0,5.0
openbci,loso,7,arithmetic,arithmetic:s07:r1,always_nn,0.0,0.9602484614220111,0.0397515385779888,0.0,1.0,36.0,5.0
openbci,loso,7,arithmetic,arithmetic:s07:r1,cbsf,0.0,0.6464760215721631,0.3535239784278369,0.0,1.0,36.0,5.0
openbci,loso,7,arithmetic,arithmetic:s07:r1,dasf_clean,0.0,0.9602484614220113,0.03975153857798882,0.0,1.0,36.0,5.0
openbci,loso,7,arithmetic,arithmetic:s07:r1,eeg_conformer,0.0,0.40748406520536434,0.5925159347946357,1.0,0.0,36.0,5.0
openbci,loso,7,arithmetic,arithmetic:s07:r1,eegnet,0.0,0.3285139119323811,0.6714860880676189,1.0,0.0,36.0,5.0
openbci,loso,7,arithmetic,arithmetic:s07:r1,equal_blend_050,0.0,0.7448073677277964,0.2551926322722036,0.0,1.0,36.0,5.0
openbci,loso,7,arithmetic,arithmetic:s07:r1,extra_trees,0.0,0.7732585724468456,0.2267414275531543,0.0,1.0,36.0,5.0
openbci,loso,7,arithmetic,arithmetic:s07:r1,fixed_blend_010,0.0,0.8997309489719753,0.1002690510280247,0.0,1.0,36.0,5.0
openbci,loso,7,arithmetic,arithmetic:s07:r1,fixed_blend_025,0.0,0.8368563419629818,0.1631436580370183,0.0,1.0,36.0,5.0
openbci,loso,7,arithmetic,arithmetic:s07:r1,rf,0.0,0.6671222848439431,0.3328777151560568,0.0,1.0,36.0,5.0
openbci,loso,7,arithmetic,arithmetic:s07:r1,riemann_mdm,0.0,0.15048498831840912,0.8495150116815908,1.0,0.0,36.0,5.0
openbci,loso,7,arithmetic,arithmetic:s07:r1,riemann_ts_logreg,0.0,0.8754736217434219,0.12452637825657807,0.0,1.0,36.0,5.0
openbci,loso,7,arithmetic,arithmetic:s07:r1,stack_recording,0.0,0.7386625094906276,0.2613374905093723,0.0,1.0,36.0,5.0
openbci,loso,7,arithmetic,arithmetic:s07:r2,always_fuse,1.0,0.535477931045067,0.464522068954933,0.0,0.0,46.0,5.0
openbci,loso,7,arithmetic,arithmetic:s07:r2,always_nn,1.0,0.8970618528455316,0.1029381471544683,0.0,0.0,46.0,5.0
openbci,loso,7,arithmetic,arithmetic:s07:r2,cbsf,1.0,0.5928604016086153,0.4071395983913847,0.0,0.0,46.0,5.0
openbci,loso,7,arithmetic,arithmetic:s07:r2,dasf_clean,1.0,0.8970618528455316,0.10293814715446833,0.0,0.0,46.0,5.0
openbci,loso,7,arithmetic,arithmetic:s07:r2,eeg_conformer,1.0,0.8282491979825312,0.17175080201746884,0.0,0.0,46.0,5.0
openbci,loso,7,arithmetic,arithmetic:s07:r2,eegnet,1.0,0.3474883339027717,0.6525116660972283,1.0,1.0,46.0,5.0
openbci,loso,7,arithmetic,arithmetic:s07:r2,equal_blend_050,1.0,0.675196984930761,0.324803015069239,0.0,0.0,46.0,5.0
openbci,loso,7,arithmetic,arithmetic:s07:r2,extra_trees,1.0,0.6784240113624012,0.3215759886375987,0.0,0.0,46.0,5.0
openbci,loso,7,arithmetic,arithmetic:s07:r2,fixed_blend_010,1.0,0.8274922462151217,0.1725077537848783,0.0,0.0,46.0,5.0
openbci,loso,7,arithmetic,arithmetic:s07:r2,fixed_blend_025,1.0,0.7608258535914155,0.2391741464085845,0.0,0.0,46.0,5.0
openbci,loso,7,arithmetic,arithmetic:s07:r2,rf,1.0,0.6143078529531635,0.3856921470468365,0.0,0.0,46.0,5.0
openbci,loso,7,arithmetic,arithmetic:s07:r2,riemann_mdm,1.0,0.09137115846619147,0.9086288415338085,1.0,1.0,46.0,5.0
openbci,loso,7,arithmetic,arithmetic:s07:r2,riemann_ts_logreg,1.0,0.9238286200984663,0.07617137990153368,0.0,0.0,46.0,5.0
openbci,loso,7,arithmetic,arithmetic:s07:r2,stack_recording,1.0,0.6487868015748994,0.3512131984251006,0.0,0.0,46.0,5.0
openbci,loso,7,arithmetic,arithmetic:s07:r3,always_fuse,1.0,0.5860780282951941,0.4139219717048059,0.0,0.0,102.0,5.0
openbci,loso,7,arithmetic,arithmetic:s07:r3,always_nn,1.0,0.9797136269722612,0.0202863730277386,0.0,0.0,102.0,5.0
openbci,loso,7,arithmetic,arithmetic:s07:r3,cbsf,1.0,0.6641006542069875,0.3358993457930125,0.0,0.0,102.0,5.0
openbci,loso,7,arithmetic,arithmetic:s07:r3,dasf_clean,1.0,0.9797136269722613,0.020286373027738697,0.0,0.0,102.0,5.0
openbci,loso,7,arithmetic,arithmetic:s07:r3,eeg_conformer,1.0,0.18313877919376723,0.8168612208062327,1.0,1.0,102.0,5.0
openbci,loso,7,arithmetic,arithmetic:s07:r3,eegnet,1.0,0.41372489315865696,0.586275106841343,1.0,1.0,102.0,5.0
openbci,loso,7,arithmetic,arithmetic:s07:r3,equal_blend_050,1.0,0.7689324012553124,0.2310675987446875,0.0,0.0,102.0,5.0
openbci,loso,7,arithmetic,arithmetic:s07:r3,extra_trees,1.0,0.7624261232264935,0.2375738767735065,0.0,0.0,102.0,5.0
openbci,loso,7,arithmetic,arithmetic:s07:r3,fixed_blend_010,1.0,0.9264006135391784,0.0735993864608215,0.0,0.0,102.0,5.0
openbci,loso,7,arithmetic,arithmetic:s07:r3,fixed_blend_025,1.0,0.864449712099068,0.135550287900932,0.0,0.0,102.0,5.0
openbci,loso,7,arithmetic,arithmetic:s07:r3,rf,1.0,0.5916685975264693,0.4083314024735307,0.0,0.0,102.0,5.0
openbci,loso,7,arithmetic,arithmetic:s07:r3,riemann_mdm,1.0,0.0835547240906642,0.9164452759093358,1.0,1.0,102.0,5.0
openbci,loso,7,arithmetic,arithmetic:s07:r3,riemann_ts_logreg,1.0,0.8599636381832884,0.1400363618167116,0.0,0.0,102.0,5.0
openbci,loso,7,arithmetic,arithmetic:s07:r3,stack_recording,1.0,0.7900512335509251,0.2099487664490748,0.0,0.0,102.0,5.0
openbci,loso,8,arithmetic,arithmetic:s08:r0,always_fuse,0.0,0.5926047693441808,0.4073952306558192,0.0,1.0,190.0,5.0
openbci,loso,8,arithmetic,arithmetic:s08:r0,always_nn,0.0,0.9619085636944088,0.0380914363055913,0.0,1.0,190.0,5.0
openbci,loso,8,arithmetic,arithmetic:s08:r0,cbsf,0.0,0.9544868774408856,0.0455131225591144,0.0,1.0,190.0,5.0
openbci,loso,8,arithmetic,arithmetic:s08:r0,dasf_clean,0.0,0.9619085636944087,0.038091436305591364,0.0,1.0,190.0,5.0
openbci,loso,8,arithmetic,arithmetic:s08:r0,eeg_conformer,0.0,0.5208074816716617,0.4791925183283383,0.0,1.0,190.0,5.0
openbci,loso,8,arithmetic,arithmetic:s08:r0,eegnet,0.0,0.5929055273624286,0.4070944726375713,0.0,1.0,190.0,5.0
openbci,loso,8,arithmetic,arithmetic:s08:r0,equal_blend_050,0.0,0.7143247042835795,0.2856752957164205,0.0,1.0,190.0,5.0
openbci,loso,8,arithmetic,arithmetic:s08:r0,extra_trees,0.0,0.4612292446006474,0.5387707553993525,1.0,0.0,190.0,5.0
openbci,loso,8,arithmetic,arithmetic:s08:r0,fixed_blend_010,0.0,0.8659393336714982,0.1340606663285017,0.0,1.0,190.0,5.0
openbci,loso,8,arithmetic,arithmetic:s08:r0,fixed_blend_025,0.0,0.7960877485861986,0.2039122514138014,0.0,1.0,190.0,5.0
openbci,loso,8,arithmetic,arithmetic:s08:r0,rf,0.0,0.462392434128528,0.537607565871472,1.0,0.0,190.0,5.0
openbci,loso,8,arithmetic,arithmetic:s08:r0,riemann_mdm,0.0,0.7457763605009179,0.25422363949908205,0.0,1.0,190.0,5.0
openbci,loso,8,arithmetic,arithmetic:s08:r0,riemann_ts_logreg,0.0,0.21665661890827226,0.7833433810917276,1.0,0.0,190.0,5.0
openbci,loso,8,arithmetic,arithmetic:s08:r0,stack_recording,0.0,0.7029830946054111,0.2970169053945889,0.0,1.0,190.0,5.0
openbci,loso,8,arithmetic,arithmetic:s08:r1,always_fuse,0.0,0.3877530211667158,0.6122469788332842,1.0,0.0,278.0,5.0
openbci,loso,8,arithmetic,arithmetic:s08:r1,always_nn,0.0,0.2931684321485248,0.7068315678514752,1.0,0.0,278.0,5.0
openbci,loso,8,arithmetic,arithmetic:s08:r1,cbsf,0.0,0.2932138725300137,0.7067861274699864,1.0,0.0,278.0,5.0
openbci,loso,8,arithmetic,arithmetic:s08:r1,dasf_clean,0.0,0.29316843214852484,0.7068315678514752,1.0,0.0,278.0,5.0
openbci,loso,8,arithmetic,arithmetic:s08:r1,eeg_conformer,0.0,0.36462189094885405,0.6353781090511459,1.0,0.0,278.0,5.0
openbci,loso,8,arithmetic,arithmetic:s08:r1,eegnet,0.0,0.4074507831268749,0.5925492168731251,1.0,0.0,278.0,5.0
openbci,loso,8,arithmetic,arithmetic:s08:r1,equal_blend_050,0.0,0.3431481840273999,0.6568518159726001,1.0,0.0,278.0,5.0
openbci,loso,8,arithmetic,arithmetic:s08:r1,extra_trees,0.0,0.3241779113977137,0.6758220886022862,1.0,0.0,278.0,5.0
openbci,loso,8,arithmetic,arithmetic:s08:r1,fixed_blend_010,0.0,0.3015199966664652,0.6984800033335348,1.0,0.0,278.0,5.0
openbci,loso,8,arithmetic,arithmetic:s08:r1,fixed_blend_025,0.0,0.3176854256662261,0.6823145743337738,1.0,0.0,278.0,5.0
openbci,loso,8,arithmetic,arithmetic:s08:r1,rf,0.0,0.2601557624197814,0.7398442375802187,1.0,0.0,278.0,5.0
openbci,loso,8,arithmetic,arithmetic:s08:r1,riemann_mdm,0.0,0.5752537010655047,0.42474629893449534,0.0,1.0,278.0,5.0
openbci,loso,8,arithmetic,arithmetic:s08:r1,riemann_ts_logreg,0.0,0.19897907089715391,0.8010209291028461,1.0,0.0,278.0,5.0
openbci,loso,8,arithmetic,arithmetic:s08:r1,stack_recording,0.0,0.3531147850116026,0.6468852149883974,1.0,0.0,278.0,5.0
openbci,loso,8,arithmetic,arithmetic:s08:r2,always_fuse,1.0,0.4039408163682039,0.5960591836317961,1.0,1.0,259.0,5.0
openbci,loso,8,arithmetic,arithmetic:s08:r2,always_nn,1.0,0.322348688409402,0.677651311590598,1.0,1.0,259.0,5.0
openbci,loso,8,arithmetic,arithmetic:s08:r2,cbsf,1.0,0.3221977893314471,0.6778022106685528,1.0,1.0,259.0,5.0
openbci,loso,8,arithmetic,arithmetic:s08:r2,dasf_clean,1.0,0.322348688409402,0.677651311590598,1.0,1.0,259.0,5.0
openbci,loso,8,arithmetic,arithmetic:s08:r2,eeg_conformer,1.0,0.25536878878645886,0.7446312112135411,1.0,1.0,259.0,5.0
openbci,loso,8,arithmetic,arithmetic:s08:r2,eegnet,1.0,0.37665912577775074,0.6233408742222493,1.0,1.0,259.0,5.0
openbci,loso,8,arithmetic,arithmetic:s08:r2,equal_blend_050,1.0,0.3655102315136894,0.6344897684863104,1.0,1.0,259.0,5.0
openbci,loso,8,arithmetic,arithmetic:s08:r2,extra_trees,1.0,0.335852396936591,0.664147603063409,1.0,1.0,259.0,5.0
openbci,loso,8,arithmetic,arithmetic:s08:r2,fixed_blend_010,1.0,0.3282164589313309,0.6717835410686691,1.0,1.0,259.0,5.0
openbci,loso,8,arithmetic,arithmetic:s08:r2,fixed_blend_025,1.0,0.3426928670939256,0.6573071329060745,1.0,1.0,259.0,5.0
openbci,loso,8,arithmetic,arithmetic:s08:r2,rf,1.0,0.2914469247708903,0.7085530752291096,1.0,1.0,259.0,5.0
openbci,loso,8,arithmetic,arithmetic:s08:r2,riemann_mdm,1.0,0.712099984308573,0.28790001569142704,0.0,0.0,259.0,5.0
openbci,loso,8,arithmetic,arithmetic:s08:r2,riemann_ts_logreg,1.0,0.22120242738121101,0.778797572618789,1.0,1.0,259.0,5.0
openbci,loso,8,arithmetic,arithmetic:s08:r2,stack_recording,1.0,0.3650815246986233,0.6349184753013767,1.0,1.0,259.0,5.0
openbci,loso,8,arithmetic,arithmetic:s08:r3,always_fuse,1.0,0.3532369463666765,0.6467630536333234,1.0,1.0,311.0,5.0
openbci,loso,8,arithmetic,arithmetic:s08:r3,always_nn,1.0,0.1791563760300198,0.8208436239699801,1.0,1.0,311.0,5.0
openbci,loso,8,arithmetic,arithmetic:s08:r3,cbsf,1.0,0.1796782870939542,0.8203217129060457,1.0,1.0,311.0,5.0
openbci,loso,8,arithmetic,arithmetic:s08:r3,dasf_clean,1.0,0.17915637603001985,0.8208436239699801,1.0,1.0,311.0,5.0
openbci,loso,8,arithmetic,arithmetic:s08:r3,eeg_conformer,1.0,0.2086270208347182,0.7913729791652818,1.0,1.0,311.0,5.0
openbci,loso,8,arithmetic,arithmetic:s08:r3,eegnet,1.0,0.30245166959723896,0.6975483304027611,1.0,1.0,311.0,5.0
openbci,loso,8,arithmetic,arithmetic:s08:r3,equal_blend_050,1.0,0.2738603384151062,0.7261396615848937,1.0,1.0,311.0,5.0
openbci,loso,8,arithmetic,arithmetic:s08:r3,extra_trees,1.0,0.2714214556542998,0.7285785443457001,1.0,1.0,311.0,5.0
openbci,loso,8,arithmetic,arithmetic:s08:r3,fixed_blend_010,1.0,0.2007918654140966,0.7992081345859033,1.0,1.0,311.0,5.0
openbci,loso,8,arithmetic,arithmetic:s08:r3,fixed_blend_025,1.0,0.2299228140657438,0.7700771859342562,1.0,1.0,311.0,5.0
openbci,loso,8,arithmetic,arithmetic:s08:r3,rf,1.0,0.199584307904638,0.8004156920953619,1.0,1.0,311.0,5.0
openbci,loso,8,arithmetic,arithmetic:s08:r3,riemann_mdm,1.0,0.5847398845064372,0.41526011549356273,0.0,0.0,311.0,5.0
openbci,loso,8,arithmetic,arithmetic:s08:r3,riemann_ts_logreg,1.0,0.15211464929399052,0.8478853507060095,1.0,1.0,311.0,5.0
openbci,loso,8,arithmetic,arithmetic:s08:r3,stack_recording,1.0,0.3023824719697825,0.6976175280302175,1.0,1.0,311.0,5.0
openbci,loso,9,arithmetic,arithmetic:s09:r0,always_fuse,0.0,0.8666737433993116,0.1333262566006883,0.0,1.0,410.0,5.0
openbci,loso,9,arithmetic,arithmetic:s09:r0,always_nn,0.0,0.9999952986901932,4.701309806776592e-06,0.0,1.0,410.0,5.0
openbci,loso,9,arithmetic,arithmetic:s09:r0,cbsf,0.0,0.999856374669866,0.0001436253301339,0.0,1.0,410.0,5.0
openbci,loso,9,arithmetic,arithmetic:s09:r0,dasf_clean,0.0,0.9999952986901932,4.7013098067765916e-06,0.0,1.0,410.0,5.0
openbci,loso,9,arithmetic,arithmetic:s09:r0,eeg_conformer,0.0,0.9705590267388672,0.02944097326113267,0.0,1.0,410.0,5.0
openbci,loso,9,arithmetic,arithmetic:s09:r0,eegnet,0.0,0.9479363298003104,0.052063670199689494,0.0,1.0,410.0,5.0
openbci,loso,9,arithmetic,arithmetic:s09:r0,equal_blend_050,0.0,0.9273560544599964,0.0726439455400035,0.0,1.0,410.0,5.0
openbci,loso,9,arithmetic,arithmetic:s09:r0,extra_trees,0.0,0.9487218569046304,0.0512781430953697,0.0,1.0,410.0,5.0
openbci,loso,9,arithmetic,arithmetic:s09:r0,fixed_blend_010,0.0,0.9816242318960452,0.0183757681039547,0.0,1.0,410.0,5.0
openbci,loso,9,arithmetic,arithmetic:s09:r0,fixed_blend_025,0.0,0.9599770119835612,0.0400229880164388,0.0,1.0,410.0,5.0
openbci,loso,9,arithmetic,arithmetic:s09:r0,rf,0.0,0.9765492174726716,0.0234507825273284,0.0,1.0,410.0,5.0
openbci,loso,9,arithmetic,arithmetic:s09:r0,riemann_mdm,0.0,0.9412046333364583,0.058795366663541695,0.0,1.0,410.0,5.0
openbci,loso,9,arithmetic,arithmetic:s09:r0,riemann_ts_logreg,0.0,0.7026919352397146,0.2973080647602854,0.0,1.0,410.0,5.0
openbci,loso,9,arithmetic,arithmetic:s09:r0,stack_recording,0.0,0.9946724674730644,0.0053275325269357,0.0,1.0,410.0,5.0
openbci,loso,9,arithmetic,arithmetic:s09:r1,always_fuse,0.0,0.7209127590751604,0.2790872409248395,0.0,1.0,121.0,5.0
openbci,loso,9,arithmetic,arithmetic:s09:r1,always_nn,0.0,0.9934592149218808,0.0065407850781192,0.0,1.0,121.0,5.0
openbci,loso,9,arithmetic,arithmetic:s09:r1,cbsf,0.0,0.9928563974715404,0.0071436025284596,0.0,1.0,121.0,5.0
openbci,loso,9,arithmetic,arithmetic:s09:r1,dasf_clean,0.0,0.9934592149218807,0.0065407850781192805,0.0,1.0,121.0,5.0
openbci,loso,9,arithmetic,arithmetic:s09:r1,eeg_conformer,0.0,0.8219952739074723,0.17800472609252768,0.0,1.0,121.0,5.0
openbci,loso,9,arithmetic,arithmetic:s09:r1,eegnet,0.0,0.5342408685402946,0.4657591314597055,0.0,1.0,121.0,5.0
openbci,loso,9,arithmetic,arithmetic:s09:r1,equal_blend_050,0.0,0.8429729976281078,0.1570270023718922,0.0,1.0,121.0,5.0
openbci,loso,9,arithmetic,arithmetic:s09:r1,extra_trees,0.0,0.742025194213031,0.257974805786969,0.0,1.0,121.0,5.0
openbci,loso,9,arithmetic,arithmetic:s09:r1,fixed_blend_010,0.0,0.951692214283706,0.0483077857162938,0.0,1.0,121.0,5.0
openbci,loso,9,arithmetic,arithmetic:s09:r1,fixed_blend_025,0.0,0.9082092239588868,0.091790776041113,0.0,1.0,121.0,5.0
openbci,loso,9,arithmetic,arithmetic:s09:r1,rf,0.0,0.8403676973788189,0.1596323026211811,0.0,1.0,121.0,5.0
openbci,loso,9,arithmetic,arithmetic:s09:r1,riemann_mdm,0.0,0.8154834878984553,0.18451651210154468,0.0,1.0,121.0,5.0
openbci,loso,9,arithmetic,arithmetic:s09:r1,riemann_ts_logreg,0.0,0.7399170974014617,0.2600829025985382,0.0,1.0,121.0,5.0
openbci,loso,9,arithmetic,arithmetic:s09:r1,stack_recording,0.0,0.8717986649841416,0.1282013350158583,0.0,1.0,121.0,5.0
openbci,loso,9,arithmetic,arithmetic:s09:r2,always_fuse,1.0,0.7250103215533443,0.2749896784466556,0.0,0.0,122.0,5.0
openbci,loso,9,arithmetic,arithmetic:s09:r2,always_nn,1.0,0.997147160273428,0.0028528397265719,0.0,0.0,122.0,5.0
openbci,loso,9,arithmetic,arithmetic:s09:r2,cbsf,1.0,0.9967025127009448,0.0032974872990553,0.0,0.0,122.0,5.0
openbci,loso,9,arithmetic,arithmetic:s09:r2,dasf_clean,1.0,0.9971471602734281,0.002852839726571933,0.0,0.0,122.0,5.0
openbci,loso,9,arithmetic,arithmetic:s09:r2,eeg_conformer,1.0,0.722152666800736,0.277847333199264,0.0,0.0,122.0,5.0
openbci,loso,9,arithmetic,arithmetic:s09:r2,eegnet,1.0,0.43260300430537385,0.5673969956946261,1.0,1.0,122.0,5.0
openbci,loso,9,arithmetic,arithmetic:s09:r2,equal_blend_050,1.0,0.8531335687924687,0.1468664312075313,0.0,0.0,122.0,5.0
openbci,loso,9,arithmetic,arithmetic:s09:r2,extra_trees,1.0,0.7579269672670842,0.2420730327329157,0.0,0.0,122.0,5.0
openbci,loso,9,arithmetic,arithmetic:s09:r2,fixed_blend_010,1.0,0.9620163836788042,0.0379836163211958,0.0,0.0,122.0,5.0
openbci,loso,9,arithmetic,arithmetic:s09:r2,fixed_blend_025,1.0,0.9196992023158552,0.0803007976841447,0.0,0.0,122.0,5.0
openbci,loso,9,arithmetic,arithmetic:s09:r2,rf,1.0,0.8281760146895186,0.1718239853104813,0.0,0.0,122.0,5.0
openbci,loso,9,arithmetic,arithmetic:s09:r2,riemann_mdm,1.0,0.7300427000713707,0.2699572999286293,0.0,0.0,122.0,5.0
openbci,loso,9,arithmetic,arithmetic:s09:r2,riemann_ts_logreg,1.0,0.7157972682553586,0.28420273174464145,0.0,0.0,122.0,5.0
openbci,loso,9,arithmetic,arithmetic:s09:r2,stack_recording,1.0,0.9080248781497025,0.0919751218502976,0.0,0.0,122.0,5.0
openbci,loso,9,arithmetic,arithmetic:s09:r3,always_fuse,1.0,0.7631584108437336,0.2368415891562663,0.0,0.0,426.0,5.0
openbci,loso,9,arithmetic,arithmetic:s09:r3,always_nn,1.0,0.998895395325856,0.001104604674144,0.0,0.0,426.0,5.0
openbci,loso,9,arithmetic,arithmetic:s09:r3,cbsf,1.0,0.9975322311108132,0.0024677688891867,0.0,0.0,426.0,5.0
openbci,loso,9,arithmetic,arithmetic:s09:r3,dasf_clean,1.0,0.998895395325856,0.0011046046741440083,0.0,0.0,426.0,5.0
openbci,loso,9,arithmetic,arithmetic:s09:r3,eeg_conformer,1.0,0.8416291745353236,0.15837082546467646,0.0,0.0,426.0,5.0
openbci,loso,9,arithmetic,arithmetic:s09:r3,eegnet,1.0,0.6409891428043233,0.35901085719567677,0.0,0.0,426.0,5.0
openbci,loso,9,arithmetic,arithmetic:s09:r3,equal_blend_050,1.0,0.8714394239651634,0.1285605760348365,0.0,0.0,426.0,5.0
openbci,loso,9,arithmetic,arithmetic:s09:r3,extra_trees,1.0,0.8102878172525456,0.1897121827474543,0.0,0.0,426.0,5.0
openbci,loso,9,arithmetic,arithmetic:s09:r3,fixed_blend_010,1.0,0.9639677286284534,0.0360322713715466,0.0,0.0,426.0,5.0
openbci,loso,9,arithmetic,arithmetic:s09:r3,fixed_blend_025,1.0,0.927562815796038,0.0724371842039619,0.0,0.0,426.0,5.0
openbci,loso,9,arithmetic,arithmetic:s09:r3,rf,1.0,0.8932975866357535,0.1067024133642464,0.0,0.0,426.0,5.0
openbci,loso,9,arithmetic,arithmetic:s09:r3,riemann_mdm,1.0,0.8557865847555559,0.14421341524444398,0.0,0.0,426.0,5.0
openbci,loso,9,arithmetic,arithmetic:s09:r3,riemann_ts_logreg,1.0,0.7451144228968846,0.2548855771031155,0.0,0.0,426.0,5.0
openbci,loso,9,arithmetic,arithmetic:s09:r3,stack_recording,1.0,0.9388947763649792,0.0611052236350206,0.0,0.0,426.0,5.0
openbci,loso,10,arithmetic,arithmetic:s10:r0,always_fuse,0.0,0.7458246745763076,0.2541753254236923,0.0,1.0,185.0,5.0
openbci,loso,10,arithmetic,arithmetic:s10:r0,always_nn,0.0,0.999789601983322,0.000210398016678,0.0,1.0,185.0,5.0
openbci,loso,10,arithmetic,arithmetic:s10:r0,cbsf,0.0,0.8076065653088635,0.1923934346911365,0.0,1.0,185.0,5.0
openbci,loso,10,arithmetic,arithmetic:s10:r0,dasf_clean,0.0,0.999789601983322,0.00021039801667805188,0.0,1.0,185.0,5.0
openbci,loso,10,arithmetic,arithmetic:s10:r0,eeg_conformer,0.0,0.12940820177505755,0.8705917982249425,1.0,0.0,185.0,5.0
openbci,loso,10,arithmetic,arithmetic:s10:r0,eegnet,0.0,0.4864831847493924,0.5135168152506076,1.0,0.0,185.0,5.0
openbci,loso,10,arithmetic,arithmetic:s10:r0,equal_blend_050,0.0,0.8508056463445678,0.1491943536554322,0.0,1.0,185.0,5.0
openbci,loso,10,arithmetic,arithmetic:s10:r0,extra_trees,0.0,0.7879438709882961,0.2120561290117039,0.0,1.0,185.0,5.0
openbci,loso,10,arithmetic,arithmetic:s10:r0,fixed_blend_010,0.0,0.9559069246577307,0.0440930753422693,0.0,1.0,185.0,5.0
openbci,loso,10,arithmetic,arithmetic:s10:r0,fixed_blend_025,0.0,0.911871638143858,0.0881283618561422,0.0,1.0,185.0,5.0
openbci,loso,10,arithmetic,arithmetic:s10:r0,rf,0.0,0.7601142119380753,0.2398857880619247,0.0,1.0,185.0,5.0
openbci,loso,10,arithmetic,arithmetic:s10:r0,riemann_mdm,0.0,0.37676419979447795,0.623235800205522,1.0,0.0,185.0,5.0
openbci,loso,10,arithmetic,arithmetic:s10:r0,riemann_ts_logreg,0.0,0.8534503680860154,0.14654963191398468,0.0,1.0,185.0,5.0
openbci,loso,10,arithmetic,arithmetic:s10:r0,stack_recording,0.0,0.9465655075939048,0.0534344924060951,0.0,1.0,185.0,5.0
openbci,loso,10,arithmetic,arithmetic:s10:r1,always_fuse,0.0,0.4719616700396533,0.5280383299603466,1.0,0.0,96.0,5.0
openbci,loso,10,arithmetic,arithmetic:s10:r1,always_nn,0.0,0.8439828814477044,0.1560171185522955,0.0,1.0,96.0,5.0
openbci,loso,10,arithmetic,arithmetic:s10:r1,cbsf,0.0,0.5369974809246061,0.4630025190753939,0.0,1.0,96.0,5.0
openbci,loso,10,arithmetic,arithmetic:s10:r1,dasf_clean,0.0,0.8439828814477044,0.15601711855229558,0.0,1.0,96.0,5.0
openbci,loso,10,arithmetic,arithmetic:s10:r1,eeg_conformer,0.0,0.13427856784202977,0.8657214321579703,1.0,0.0,96.0,5.0
openbci,loso,10,arithmetic,arithmetic:s10:r1,eegnet,0.0,0.2502583013931595,0.7497416986068405,1.0,0.0,96.0,5.0
openbci,loso,10,arithmetic,arithmetic:s10:r1,equal_blend_050,0.0,0.5843703381886008,0.4156296618113992,0.0,1.0,96.0,5.0
openbci,loso,10,arithmetic,arithmetic:s10:r1,extra_trees,0.0,0.530938353343661,0.469061646656339,0.0,1.0,96.0,5.0
openbci,loso,10,arithmetic,arithmetic:s10:r1,fixed_blend_010,0.0,0.7247023506954011,0.2752976493045989,0.0,1.0,96.0,5.0
openbci,loso,10,arithmetic,arithmetic:s10:r1,fixed_blend_025,0.0,0.6587183515756788,0.3412816484243212,0.0,1.0,96.0,5.0
openbci,loso,10,arithmetic,arithmetic:s10:r1,rf,0.0,0.4245198448426485,0.5754801551573514,1.0,0.0,96.0,5.0
openbci,loso,10,arithmetic,arithmetic:s10:r1,riemann_mdm,0.0,0.46738955702168034,0.5326104429783196,1.0,0.0,96.0,5.0
openbci,loso,10,arithmetic,arithmetic:s10:r1,riemann_ts_logreg,0.0,0.8659990006443076,0.13400099935569237,0.0,1.0,96.0,5.0
openbci,loso,10,arithmetic,arithmetic:s10:r1,stack_recording,0.0,0.5741455465037022,0.4258544534962977,0.0,1.0,96.0,5.0
openbci,loso,10,arithmetic,arithmetic:s10:r2,always_fuse,1.0,0.4977850332949241,0.5022149667050759,1.0,1.0,112.0,5.0
openbci,loso,10,arithmetic,arithmetic:s10:r2,always_nn,1.0,0.9306796003668673,0.0693203996331328,0.0,0.0,112.0,5.0
openbci,loso,10,arithmetic,arithmetic:s10:r2,cbsf,1.0,0.5873811411277676,0.4126188588722323,0.0,0.0,112.0,5.0
openbci,loso,10,arithmetic,arithmetic:s10:r2,dasf_clean,1.0,0.9306796003668671,0.0693203996331328,0.0,0.0,112.0,5.0
openbci,loso,10,arithmetic,arithmetic:s10:r2,eeg_conformer,1.0,0.10111542123201295,0.898884578767987,1.0,1.0,112.0,5.0
openbci,loso,10,arithmetic,arithmetic:s10:r2,eegnet,1.0,0.2395199184523102,0.7604800815476899,1.0,1.0,112.0,5.0
openbci,loso,10,arithmetic,arithmetic:s10:r2,equal_blend_050,1.0,0.6517113880552902,0.3482886119447099,0.0,0.0,112.0,5.0
openbci,loso,10,arithmetic,arithmetic:s10:r2,extra_trees,1.0,0.5296086084483175,0.4703913915516826,0.0,0.0,112.0,5.0
openbci,loso,10,arithmetic,arithmetic:s10:r2,fixed_blend_010,1.0,0.8283069345257786,0.1716930654742214,0.0,0.0,112.0,5.0
openbci,loso,10,arithmetic,arithmetic:s10:r2,fixed_blend_025,1.0,0.7489303436298415,0.2510696563701586,0.0,0.0,112.0,5.0
openbci,loso,10,arithmetic,arithmetic:s10:r2,rf,1.0,0.4115289123356854,0.5884710876643146,1.0,1.0,112.0,5.0
openbci,loso,10,arithmetic,arithmetic:s10:r2,riemann_mdm,1.0,0.4485239846478571,0.5514760153521429,1.0,1.0,112.0,5.0
openbci,loso,10,arithmetic,arithmetic:s10:r2,riemann_ts_logreg,1.0,0.8589408418279001,0.14105915817209996,0.0,0.0,112.0,5.0
openbci,loso,10,arithmetic,arithmetic:s10:r2,stack_recording,1.0,0.6546872103866405,0.3453127896133595,0.0,0.0,112.0,5.0
openbci,loso,10,arithmetic,arithmetic:s10:r3,always_fuse,1.0,0.5159027655947217,0.4840972344052782,0.0,0.0,145.0,5.0
openbci,loso,10,arithmetic,arithmetic:s10:r3,always_nn,1.0,0.9607169599129308,0.0392830400870692,0.0,0.0,145.0,5.0
openbci,loso,10,arithmetic,arithmetic:s10:r3,cbsf,1.0,0.6013404662248244,0.3986595337751756,0.0,0.0,145.0,5.0
openbci,loso,10,arithmetic,arithmetic:s10:r3,dasf_clean,1.0,0.9607169599129307,0.03928304008706926,0.0,0.0,145.0,5.0
openbci,loso,10,arithmetic,arithmetic:s10:r3,eeg_conformer,1.0,0.10633206173353825,0.8936679382664617,1.0,1.0,145.0,5.0
openbci,loso,10,arithmetic,arithmetic:s10:r3,eegnet,1.0,0.22022321773780093,0.779776782262199,1.0,1.0,145.0,5.0
openbci,loso,10,arithmetic,arithmetic:s10:r3,equal_blend_050,1.0,0.6630570413173442,0.3369429586826558,0.0,0.0,145.0,5.0
openbci,loso,10,arithmetic,arithmetic:s10:r3,extra_trees,1.0,0.5601875571198788,0.4398124428801213,0.0,0.0,145.0,5.0
openbci,loso,10,arithmetic,arithmetic:s10:r3,fixed_blend_010,1.0,0.8370047607034007,0.1629952392965993,0.0,0.0,145.0,5.0
openbci,loso,10,arithmetic,arithmetic:s10:r3,fixed_blend_025,1.0,0.7575306645328853,0.2424693354671146,0.0,0.0,145.0,5.0
openbci,loso,10,arithmetic,arithmetic:s10:r3,rf,1.0,0.4340969989441685,0.5659030010558316,1.0,1.0,145.0,5.0
openbci,loso,10,arithmetic,arithmetic:s10:r3,riemann_mdm,1.0,0.4568839831047412,0.5431160168952588,1.0,1.0,145.0,5.0
openbci,loso,10,arithmetic,arithmetic:s10:r3,riemann_ts_logreg,1.0,0.8636024024593705,0.13639759754062955,0.0,0.0,145.0,5.0
openbci,loso,10,arithmetic,arithmetic:s10:r3,stack_recording,1.0,0.7036978071857067,0.2963021928142932,0.0,0.0,145.0,5.0
openbci,loso,11,arithmetic,arithmetic:s11:r0,always_fuse,0.0,0.6244403044108942,0.3755596955891057,0.0,1.0,244.0,5.0
openbci,loso,11,arithmetic,arithmetic:s11:r0,always_nn,0.0,0.9707015765689684,0.0292984234310317,0.0,1.0,244.0,5.0
openbci,loso,11,arithmetic,arithmetic:s11:r0,cbsf,0.0,0.856207844804024,0.143792155195976,0.0,1.0,244.0,5.0
openbci,loso,11,arithmetic,arithmetic:s11:r0,dasf_clean,0.0,0.9707015765689683,0.0292984234310317,0.0,1.0,244.0,5.0
openbci,loso,11,arithmetic,arithmetic:s11:r0,eeg_conformer,0.0,0.8361672526299271,0.1638327473700728,0.0,1.0,244.0,5.0
openbci,loso,11,arithmetic,arithmetic:s11:r0,eegnet,0.0,0.6241656846040414,0.37583431539595863,0.0,1.0,244.0,5.0
openbci,loso,11,arithmetic,arithmetic:s11:r0,equal_blend_050,0.0,0.6919555324538833,0.3080444675461167,0.0,1.0,244.0,5.0
openbci,loso,11,arithmetic,arithmetic:s11:r0,extra_trees,0.0,0.6775792915870432,0.3224207084129568,0.0,1.0,244.0,5.0
openbci,loso,11,arithmetic,arithmetic:s11:r0,fixed_blend_010,0.0,0.8148292514834888,0.185170748516511,0.0,1.0,244.0,5.0
openbci,loso,11,arithmetic,arithmetic:s11:r0,fixed_blend_025,0.0,0.7500518134628102,0.2499481865371896,0.0,1.0,244.0,5.0
openbci,loso,11,arithmetic,arithmetic:s11:r0,rf,0.0,0.7479668558548289,0.2520331441451711,0.0,1.0,244.0,5.0
openbci,loso,11,arithmetic,arithmetic:s11:r0,riemann_mdm,0.0,0.17708259793845374,0.8229174020615463,1.0,0.0,244.0,5.0
openbci,loso,11,arithmetic,arithmetic:s11:r0,riemann_ts_logreg,0.0,0.5486133273534108,0.4513866726465891,0.0,1.0,244.0,5.0
openbci,loso,11,arithmetic,arithmetic:s11:r0,stack_recording,0.0,0.766089680722988,0.233910319277012,0.0,1.0,244.0,5.0
openbci,loso,11,arithmetic,arithmetic:s11:r1,always_fuse,0.0,0.4293027073365504,0.5706972926634495,1.0,0.0,155.0,5.0
openbci,loso,11,arithmetic,arithmetic:s11:r1,always_nn,0.0,0.0776199718746372,0.9223800281253628,1.0,0.0,155.0,5.0
openbci,loso,11,arithmetic,arithmetic:s11:r1,cbsf,0.0,0.1071955559817076,0.8928044440182923,1.0,0.0,155.0,5.0
openbci,loso,11,arithmetic,arithmetic:s11:r1,dasf_clean,0.0,0.0776199718746372,0.9223800281253628,1.0,0.0,155.0,5.0
openbci,loso,11,arithmetic,arithmetic:s11:r1,eeg_conformer,0.0,0.29155458547771546,0.7084454145222846,1.0,0.0,155.0,5.0
openbci,loso,11,arithmetic,arithmetic:s11:r1,eegnet,0.0,0.3015474487609758,0.6984525512390243,1.0,0.0,155.0,5.0
openbci,loso,11,arithmetic,arithmetic:s11:r1,equal_blend_050,0.0,0.2748124120379141,0.7251875879620858,1.0,0.0,155.0,5.0
openbci,loso,11,arithmetic,arithmetic:s11:r1,extra_trees,0.0,0.2995190002450678,0.7004809997549323,1.0,0.0,155.0,5.0
openbci,loso,11,arithmetic,arithmetic:s11:r1,fixed_blend_010,0.0,0.131030744541159,0.868969255458841,1.0,0.0,155.0,5.0
openbci,loso,11,arithmetic,arithmetic:s11:r1,fixed_blend_025,0.0,0.1897962599703382,0.8102037400296618,1.0,0.0,155.0,5.0
openbci,loso,11,arithmetic,arithmetic:s11:r1,rf,0.0,0.3651425872484367,0.6348574127515633,1.0,0.0,155.0,5.0
openbci,loso,11,arithmetic,arithmetic:s11:r1,riemann_mdm,0.0,0.2551263477725199,0.74487365222748,1.0,0.0,155.0,5.0
openbci,loso,11,arithmetic,arithmetic:s11:r1,riemann_ts_logreg,0.0,0.5047565301226,0.4952434698774,0.0,1.0,155.0,5.0
openbci,loso,11,arithmetic,arithmetic:s11:r1,stack_recording,0.0,0.2203126113852892,0.7796873886147108,1.0,0.0,155.0,5.0
openbci,loso,11,arithmetic,arithmetic:s11:r2,always_fuse,1.0,0.4282249490455266,0.5717750509544735,1.0,1.0,162.0,5.0
openbci,loso,11,arithmetic,arithmetic:s11:r2,always_nn,1.0,0.0882465367098756,0.9117534632901244,1.0,1.0,162.0,5.0
openbci,loso,11,arithmetic,arithmetic:s11:r2,cbsf,1.0,0.1153863268209187,0.8846136731790812,1.0,1.0,162.0,5.0
openbci,loso,11,arithmetic,arithmetic:s11:r2,dasf_clean,1.0,0.0882465367098756,0.9117534632901244,1.0,1.0,162.0,5.0
openbci,loso,11,arithmetic,arithmetic:s11:r2,eeg_conformer,1.0,0.255024507135755,0.744975492864245,1.0,1.0,162.0,5.0
openbci,loso,11,arithmetic,arithmetic:s11:r2,eegnet,1.0,0.2079371018728704,0.7920628981271296,1.0,1.0,162.0,5.0
openbci,loso,11,arithmetic,arithmetic:s11:r2,equal_blend_050,1.0,0.276832260082131,0.723167739917869,1.0,1.0,162.0,5.0
openbci,loso,11,arithmetic,arithmetic:s11:r2,extra_trees,1.0,0.2687128805081772,0.7312871194918227,1.0,1.0,162.0,5.0
openbci,loso,11,arithmetic,arithmetic:s11:r2,fixed_blend_010,1.0,0.1379934719341241,0.8620065280658759,1.0,1.0,162.0,5.0
openbci,loso,11,arithmetic,arithmetic:s11:r2,fixed_blend_025,1.0,0.1943592694519725,0.8056407305480274,1.0,1.0,162.0,5.0
openbci,loso,11,arithmetic,arithmetic:s11:r2,rf,1.0,0.3119946998192585,0.6880053001807416,1.0,1.0,162.0,5.0
openbci,loso,11,arithmetic,arithmetic:s11:r2,riemann_mdm,1.0,0.3132329333405344,0.6867670666594655,1.0,1.0,162.0,5.0
openbci,loso,11,arithmetic,arithmetic:s11:r2,riemann_ts_logreg,1.0,0.5519039683756787,0.44809603162432127,0.0,0.0,162.0,5.0
openbci,loso,11,arithmetic,arithmetic:s11:r2,stack_recording,1.0,0.229967878242517,0.7700321217574829,1.0,1.0,162.0,5.0
openbci,loso,11,arithmetic,arithmetic:s11:r3,always_fuse,1.0,0.4506754437160751,0.549324556283925,1.0,1.0,211.0,5.0
openbci,loso,11,arithmetic,arithmetic:s11:r3,always_nn,1.0,0.0926752388495695,0.9073247611504304,1.0,1.0,211.0,5.0
openbci,loso,11,arithmetic,arithmetic:s11:r3,cbsf,1.0,0.1271390532965946,0.8728609467034054,1.0,1.0,211.0,5.0
openbci,loso,11,arithmetic,arithmetic:s11:r3,dasf_clean,1.0,0.09267523884956956,0.9073247611504305,1.0,1.0,211.0,5.0
openbci,loso,11,arithmetic,arithmetic:s11:r3,eeg_conformer,1.0,0.23399785162245107,0.7660021483775489,1.0,1.0,211.0,5.0
openbci,loso,11,arithmetic,arithmetic:s11:r3,eegnet,1.0,0.2210951336460741,0.7789048663539259,1.0,1.0,211.0,5.0
openbci,loso,11,arithmetic,arithmetic:s11:r3,equal_blend_050,1.0,0.296313968369997,0.7036860316300029,1.0,1.0,211.0,5.0
openbci,loso,11,arithmetic,arithmetic:s11:r3,extra_trees,1.0,0.2850720178098362,0.7149279821901637,1.0,1.0,211.0,5.0
openbci,loso,11,arithmetic,arithmetic:s11:r3,fixed_blend_010,1.0,0.151751845771352,0.848248154228648,1.0,1.0,211.0,5.0
openbci,loso,11,arithmetic,arithmetic:s11:r3,fixed_blend_025,1.0,0.2111200444675546,0.7888799555324453,1.0,1.0,211.0,5.0
openbci,loso,11,arithmetic,arithmetic:s11:r3,rf,1.0,0.3797675801649027,0.6202324198350971,1.0,1.0,211.0,5.0
openbci,loso,11,arithmetic,arithmetic:s11:r3,riemann_mdm,1.0,0.2677034152741959,0.7322965847258042,1.0,1.0,211.0,5.0
openbci,loso,11,arithmetic,arithmetic:s11:r3,riemann_ts_logreg,1.0,0.5104029867246149,0.48959701327538496,0.0,0.0,211.0,5.0
openbci,loso,11,arithmetic,arithmetic:s11:r3,stack_recording,1.0,0.2352199422275935,0.7647800577724064,1.0,1.0,211.0,5.0
openbci,loso,12,arithmetic,arithmetic:s12:r0,always_fuse,0.0,0.4085169659113076,0.5914830340886924,1.0,0.0,185.0,5.0
openbci,loso,12,arithmetic,arithmetic:s12:r0,always_nn,0.0,0.1136298736192261,0.886370126380774,1.0,0.0,185.0,5.0
openbci,loso,12,arithmetic,arithmetic:s12:r0,cbsf,0.0,0.3651842075902347,0.6348157924097654,1.0,0.0,185.0,5.0
openbci,loso,12,arithmetic,arithmetic:s12:r0,dasf_clean,0.0,0.11362987361922612,0.886370126380774,1.0,0.0,185.0,5.0
openbci,loso,12,arithmetic,arithmetic:s12:r0,eeg_conformer,0.0,0.49739694339502366,0.5026030566049763,1.0,0.0,185.0,5.0
openbci,loso,12,arithmetic,arithmetic:s12:r0,eegnet,0.0,0.7105439442911651,0.2894560557088349,0.0,1.0,185.0,5.0
openbci,loso,12,arithmetic,arithmetic:s12:r0,equal_blend_050,0.0,0.294356239536051,0.7056437604639489,1.0,0.0,185.0,5.0
openbci,loso,12,arithmetic,arithmetic:s12:r0,extra_trees,0.0,0.6795415063405367,0.3204584936594633,0.0,1.0,185.0,5.0
openbci,loso,12,arithmetic,arithmetic:s12:r0,fixed_blend_010,0.0,0.1680375596092626,0.8319624403907374,1.0,0.0,185.0,5.0
openbci,loso,12,arithmetic,arithmetic:s12:r0,fixed_blend_025,0.0,0.2233018693199793,0.7766981306800208,1.0,0.0,185.0,5.0
openbci,loso,12,arithmetic,arithmetic:s12:r0,rf,0.0,0.7509591827968157,0.2490408172031842,0.0,1.0,185.0,5.0
openbci,loso,12,arithmetic,arithmetic:s12:r0,riemann_mdm,0.0,0.7242521008067583,0.27574789919324166,0.0,1.0,185.0,5.0
openbci,loso,12,arithmetic,arithmetic:s12:r0,riemann_ts_logreg,0.0,0.6092546966321991,0.39074530336780094,0.0,1.0,185.0,5.0
openbci,loso,12,arithmetic,arithmetic:s12:r0,stack_recording,0.0,0.233983777260226,0.766016222739774,1.0,0.0,185.0,5.0
openbci,loso,12,arithmetic,arithmetic:s12:r1,always_fuse,0.0,0.420902295061051,0.579097704938949,1.0,0.0,116.0,5.0
openbci,loso,12,arithmetic,arithmetic:s12:r1,always_nn,0.0,0.1320736994907281,0.8679263005092719,1.0,0.0,116.0,5.0
openbci,loso,12,arithmetic,arithmetic:s12:r1,cbsf,0.0,0.3708742388008805,0.6291257611991194,1.0,0.0,116.0,5.0
openbci,loso,12,arithmetic,arithmetic:s12:r1,dasf_clean,0.0,0.13207369949072814,0.8679263005092719,1.0,0.0,116.0,5.0
openbci,loso,12,arithmetic,arithmetic:s12:r1,eeg_conformer,0.0,0.18621647723898635,0.8137835227610137,1.0,0.0,116.0,5.0
openbci,loso,12,arithmetic,arithmetic:s12:r1,eegnet,0.0,0.33354191731448457,0.6664580826855155,1.0,0.0,116.0,5.0
openbci,loso,12,arithmetic,arithmetic:s12:r1,equal_blend_050,0.0,0.2931731869704428,0.7068268130295572,1.0,0.0,116.0,5.0
openbci,loso,12,arithmetic,arithmetic:s12:r1,extra_trees,0.0,0.4037439286521451,0.5962560713478549,1.0,0.0,116.0,5.0
openbci,loso,12,arithmetic,arithmetic:s12:r1,fixed_blend_010,0.0,0.172564716098631,0.827435283901369,1.0,0.0,116.0,5.0
openbci,loso,12,arithmetic,arithmetic:s12:r1,fixed_blend_025,0.0,0.2219257232990667,0.7780742767009332,1.0,0.0,116.0,5.0
openbci,loso,12,arithmetic,arithmetic:s12:r1,rf,0.0,0.4530518093972574,0.5469481906027426,1.0,0.0,116.0,5.0
openbci,loso,12,arithmetic,arithmetic:s12:r1,riemann_mdm,0.0,0.44084157643382443,0.5591584235661755,1.0,0.0,116.0,5.0
openbci,loso,12,arithmetic,arithmetic:s12:r1,riemann_ts_logreg,0.0,0.4485327511538457,0.5514672488461542,1.0,0.0,116.0,5.0
openbci,loso,12,arithmetic,arithmetic:s12:r1,stack_recording,0.0,0.2467117759292137,0.7532882240707862,1.0,0.0,116.0,5.0
openbci,loso,12,arithmetic,arithmetic:s12:r2,always_fuse,1.0,0.3931829186200126,0.6068170813799874,1.0,1.0,135.0,5.0
openbci,loso,12,arithmetic,arithmetic:s12:r2,always_nn,1.0,0.0736667274296501,0.9263332725703498,1.0,1.0,135.0,5.0
openbci,loso,12,arithmetic,arithmetic:s12:r2,cbsf,1.0,0.3374626334188062,0.6625373665811938,1.0,1.0,135.0,5.0
openbci,loso,12,arithmetic,arithmetic:s12:r2,dasf_clean,1.0,0.07366672742965018,0.9263332725703498,1.0,1.0,135.0,5.0
openbci,loso,12,arithmetic,arithmetic:s12:r2,eeg_conformer,1.0,0.1445280023319827,0.8554719976680173,1.0,1.0,135.0,5.0
openbci,loso,12,arithmetic,arithmetic:s12:r2,eegnet,1.0,0.33434838661384,0.66565161338616,1.0,1.0,135.0,5.0
openbci,loso,12,arithmetic,arithmetic:s12:r2,equal_blend_050,1.0,0.2512621582590583,0.7487378417409417,1.0,1.0,135.0,5.0
openbci,loso,12,arithmetic,arithmetic:s12:r2,extra_trees,1.0,0.4259936679791151,0.5740063320208848,1.0,1.0,135.0,5.0
openbci,loso,12,arithmetic,arithmetic:s12:r2,fixed_blend_010,1.0,0.1191471290502895,0.8808528709497105,1.0,1.0,135.0,5.0
openbci,loso,12,arithmetic,arithmetic:s12:r2,fixed_blend_025,1.0,0.1729277458172118,0.8270722541827882,1.0,1.0,135.0,5.0
openbci,loso,12,arithmetic,arithmetic:s12:r2,rf,1.0,0.4750098880250946,0.5249901119749054,1.0,1.0,135.0,5.0
openbci,loso,12,arithmetic,arithmetic:s12:r2,riemann_mdm,1.0,0.4619231368635539,0.538076863136446,1.0,1.0,135.0,5.0
openbci,loso,12,arithmetic,arithmetic:s12:r2,riemann_ts_logreg,1.0,0.5028774424405833,0.4971225575594167,0.0,0.0,135.0,5.0
openbci,loso,12,arithmetic,arithmetic:s12:r2,stack_recording,1.0,0.202216937047772,0.797783062952228,1.0,1.0,135.0,5.0
openbci,loso,12,arithmetic,arithmetic:s12:r3,always_fuse,1.0,0.4229651341739525,0.5770348658260475,1.0,1.0,219.0,5.0
openbci,loso,12,arithmetic,arithmetic:s12:r3,always_nn,1.0,0.0745965527537489,0.9254034472462512,1.0,1.0,219.0,5.0
openbci,loso,12,arithmetic,arithmetic:s12:r3,cbsf,1.0,0.358959311418692,0.641040688581308,1.0,1.0,219.0,5.0
openbci,loso,12,arithmetic,arithmetic:s12:r3,dasf_clean,1.0,0.0745965527537489,0.9254034472462511,1.0,1.0,219.0,5.0
openbci,loso,12,arithmetic,arithmetic:s12:r3,eeg_conformer,1.0,0.11339658340125543,0.8866034165987445,1.0,1.0,219.0,5.0
openbci,loso,12,arithmetic,arithmetic:s12:r3,eegnet,1.0,0.2955538880254908,0.7044461119745091,1.0,1.0,219.0,5.0
openbci,loso,12,arithmetic,arithmetic:s12:r3,equal_blend_050,1.0,0.2613204715954066,0.7386795284045933,1.0,1.0,219.0,5.0
openbci,loso,12,arithmetic,arithmetic:s12:r3,extra_trees,1.0,0.3425352202540163,0.6574647797459837,1.0,1.0,219.0,5.0
openbci,loso,12,arithmetic,arithmetic:s12:r3,fixed_blend_010,1.0,0.1182745530589573,0.8817254469410426,1.0,1.0,219.0,5.0
openbci,loso,12,arithmetic,arithmetic:s12:r3,fixed_blend_025,1.0,0.1749845736571045,0.8250154263428956,1.0,1.0,219.0,5.0
openbci,loso,12,arithmetic,arithmetic:s12:r3,rf,1.0,0.4266726313537751,0.5733273686462249,1.0,1.0,219.0,5.0
openbci,loso,12,arithmetic,arithmetic:s12:r3,riemann_mdm,1.0,0.6146130625159445,0.3853869374840555,0.0,0.0,219.0,5.0
openbci,loso,12,arithmetic,arithmetic:s12:r3,riemann_ts_logreg,1.0,0.5226012315009915,0.4773987684990085,0.0,0.0,219.0,5.0
openbci,loso,12,arithmetic,arithmetic:s12:r3,stack_recording,1.0,0.2050012586155473,0.7949987413844527,1.0,1.0,219.0,5.0
openbci,loso,13,arithmetic,arithmetic:s13:r0,always_fuse,0.0,0.6646060040212,0.3353939959788,0.0,1.0,180.0,5.0
openbci,loso,13,arithmetic,arithmetic:s13:r0,always_nn,0.0,0.998463896972944,0.0015361030270559,0.0,1.0,180.0,5.0
openbci,loso,13,arithmetic,arithmetic:s13:r0,cbsf,0.0,0.9568225951722408,0.0431774048277591,0.0,1.0,180.0,5.0
openbci,loso,13,arithmetic,arithmetic:s13:r0,dasf_clean,0.0,0.998463896972944,0.0015361030270559476,0.0,1.0,180.0,5.0
openbci,loso,13,arithmetic,arithmetic:s13:r0,eeg_conformer,0.0,0.944335832489335,0.05566416751066506,0.0,1.0,180.0,5.0
openbci,loso,13,arithmetic,arithmetic:s13:r0,eegnet,0.0,0.8577061972424477,0.14229380275755232,0.0,1.0,180.0,5.0
openbci,loso,13,arithmetic,arithmetic:s13:r0,equal_blend_050,0.0,0.8152408484618542,0.1847591515381458,0.0,1.0,180.0,5.0
openbci,loso,13,arithmetic,arithmetic:s13:r0,extra_trees,0.0,0.8363847858515113,0.1636152141484887,0.0,1.0,180.0,5.0
openbci,loso,13,arithmetic,arithmetic:s13:r0,fixed_blend_010,0.0,0.9514259414077096,0.0485740585922905,0.0,1.0,180.0,5.0
openbci,loso,13,arithmetic,arithmetic:s13:r0,fixed_blend_025,0.0,0.8969543612302532,0.1030456387697468,0.0,1.0,180.0,5.0
openbci,loso,13,arithmetic,arithmetic:s13:r0,rf,0.0,0.7870123709353614,0.2129876290646387,0.0,1.0,180.0,5.0
openbci,loso,13,arithmetic,arithmetic:s13:r0,riemann_mdm,0.0,0.7675301059208667,0.23246989407913335,0.0,1.0,180.0,5.0
openbci,loso,13,arithmetic,arithmetic:s13:r0,riemann_ts_logreg,0.0,0.4962802001435424,0.5037197998564577,1.0,0.0,180.0,5.0
openbci,loso,13,arithmetic,arithmetic:s13:r0,stack_recording,0.0,0.8920975222069844,0.1079024777930156,0.0,1.0,180.0,5.0
openbci,loso,13,arithmetic,arithmetic:s13:r1,always_fuse,0.0,0.4490452834353861,0.5509547165646138,1.0,0.0,142.0,5.0
openbci,loso,13,arithmetic,arithmetic:s13:r1,always_nn,0.0,0.4669768267130961,0.5330231732869041,1.0,0.0,142.0,5.0
openbci,loso,13,arithmetic,arithmetic:s13:r1,cbsf,0.0,0.4429101030575971,0.557089896942403,1.0,0.0,142.0,5.0
openbci,loso,13,arithmetic,arithmetic:s13:r1,dasf_clean,0.0,0.4669768267130961,0.5330231732869041,1.0,0.0,142.0,5.0
openbci,loso,13,arithmetic,arithmetic:s13:r1,eeg_conformer,0.0,0.4496910115247015,0.5503089884752985,1.0,0.0,142.0,5.0
openbci,loso,13,arithmetic,arithmetic:s13:r1,eegnet,0.0,0.610280736730402,0.38971926326959794,0.0,1.0,142.0,5.0
openbci,loso,13,arithmetic,arithmetic:s13:r1,equal_blend_050,0.0,0.4396421709239984,0.5603578290760016,1.0,0.0,142.0,5.0
openbci,loso,13,arithmetic,arithmetic:s13:r1,extra_trees,0.0,0.5864366003105859,0.413563399689414,0.0,1.0,142.0,5.0
openbci,loso,13,arithmetic,arithmetic:s13:r1,fixed_blend_010,0.0,0.4416354296765173,0.5583645703234826,1.0,0.0,142.0,5.0
openbci,loso,13,arithmetic,arithmetic:s13:r1,fixed_blend_025,0.0,0.4369000460585993,0.5630999539414007,1.0,0.0,142.0,5.0
openbci,loso,13,arithmetic,arithmetic:s13:r1,rf,0.0,0.5702835197691959,0.4297164802308041,0.0,1.0,142.0,5.0
openbci,loso,13,arithmetic,arithmetic:s13:r1,riemann_mdm,0.0,0.5533971158940675,0.4466028841059325,0.0,1.0,142.0,5.0
openbci,loso,13,arithmetic,arithmetic:s13:r1,riemann_ts_logreg,0.0,0.433439751023438,0.566560248976562,1.0,0.0,142.0,5.0
openbci,loso,13,arithmetic,arithmetic:s13:r1,stack_recording,0.0,0.3962371013980846,0.6037628986019153,1.0,0.0,142.0,5.0
openbci,loso,13,arithmetic,arithmetic:s13:r2,always_fuse,1.0,0.4581922417404317,0.5418077582595683,1.0,1.0,145.0,5.0
openbci,loso,13,arithmetic,arithmetic:s13:r2,always_nn,1.0,0.5089406909469958,0.4910593090530042,0.0,0.0,145.0,5.0
openbci,loso,13,arithmetic,arithmetic:s13:r2,cbsf,1.0,0.4615878465237263,0.5384121534762736,1.0,1.0,145.0,5.0
openbci,loso,13,arithmetic,arithmetic:s13:r2,dasf_clean,1.0,0.5089406909469958,0.4910593090530042,0.0,0.0,145.0,5.0
openbci,loso,13,arithmetic,arithmetic:s13:r2,eeg_conformer,1.0,0.5162801164066663,0.4837198835933337,0.0,0.0,145.0,5.0
openbci,loso,13,arithmetic,arithmetic:s13:r2,eegnet,1.0,0.663597866621101,0.336402133378899,0.0,0.0,145.0,5.0
openbci,loso,13,arithmetic,arithmetic:s13:r2,equal_blend_050,1.0,0.4522554062073289,0.547744593792671,1.0,1.0,145.0,5.0
openbci,loso,13,arithmetic,arithmetic:s13:r2,extra_trees,1.0,0.6524805281616952,0.3475194718383046,0.0,0.0,145.0,5.0
openbci,loso,13,arithmetic,arithmetic:s13:r2,fixed_blend_010,1.0,0.4599509212991464,0.5400490787008536,1.0,1.0,145.0,5.0
openbci,loso,13,arithmetic,arithmetic:s13:r2,fixed_blend_025,1.0,0.4524817265229069,0.547518273477093,1.0,1.0,145.0,5.0
openbci,loso,13,arithmetic,arithmetic:s13:r2,rf,1.0,0.6384324422640598,0.36156755773594,0.0,0.0,145.0,5.0
openbci,loso,13,arithmetic,arithmetic:s13:r2,riemann_mdm,1.0,0.4622303302971477,0.5377696697028523,1.0,1.0,145.0,5.0
openbci,loso,13,arithmetic,arithmetic:s13:r2,riemann_ts_logreg,1.0,0.3521359656472261,0.647864034352774,1.0,1.0,145.0,5.0
openbci,loso,13,arithmetic,arithmetic:s13:r2,stack_recording,1.0,0.4119664455663577,0.5880335544336422,1.0,1.0,145.0,5.0
openbci,loso,13,arithmetic,arithmetic:s13:r3,always_fuse,1.0,0.4346545588393133,0.5653454411606866,1.0,1.0,203.0,5.0
openbci,loso,13,arithmetic,arithmetic:s13:r3,always_nn,1.0,0.3416442779364025,0.6583557220635975,1.0,1.0,203.0,5.0
openbci,loso,13,arithmetic,arithmetic:s13:r3,cbsf,1.0,0.304112632704011,0.695887367295989,1.0,1.0,203.0,5.0
openbci,loso,13,arithmetic,arithmetic:s13:r3,dasf_clean,1.0,0.34164427793640256,0.6583557220635975,1.0,1.0,203.0,5.0
openbci,loso,13,arithmetic,arithmetic:s13:r3,eeg_conformer,1.0,0.36729465897046926,0.6327053410295308,1.0,1.0,203.0,5.0
openbci,loso,13,arithmetic,arithmetic:s13:r3,eegnet,1.0,0.6326091233026471,0.367390876697353,0.0,0.0,203.0,5.0
openbci,loso,13,arithmetic,arithmetic:s13:r3,equal_blend_050,1.0,0.3694478729271666,0.6305521270728334,1.0,1.0,203.0,5.0
openbci,loso,13,arithmetic,arithmetic:s13:r3,extra_trees,1.0,0.6060585274494595,0.3939414725505406,0.0,0.0,203.0,5.0
openbci,loso,13,arithmetic,arithmetic:s13:r3,fixed_blend_010,1.0,0.3060870457203835,0.6939129542796165,1.0,1.0,203.0,5.0
openbci,loso,13,arithmetic,arithmetic:s13:r3,fixed_blend_025,1.0,0.3309110444954113,0.6690889555045887,1.0,1.0,203.0,5.0
openbci,loso,13,arithmetic,arithmetic:s13:r3,rf,1.0,0.5932403370423935,0.4067596629576065,0.0,0.0,203.0,5.0
openbci,loso,13,arithmetic,arithmetic:s13:r3,riemann_mdm,1.0,0.6621937341895755,0.33780626581042444,0.0,0.0,203.0,5.0
openbci,loso,13,arithmetic,arithmetic:s13:r3,riemann_ts_logreg,1.0,0.45458390304601315,0.5454160969539869,1.0,1.0,203.0,5.0
openbci,loso,13,arithmetic,arithmetic:s13:r3,stack_recording,1.0,0.3495197104805441,0.6504802895194559,1.0,1.0,203.0,5.0
openbci,loso,14,arithmetic,arithmetic:s14:r0,always_fuse,0.0,0.8193628624353366,0.1806371375646634,0.0,1.0,155.0,5.0
openbci,loso,14,arithmetic,arithmetic:s14:r0,always_nn,0.0,0.9999847868276196,1.5213172380456038e-05,0.0,1.0,155.0,5.0
openbci,loso,14,arithmetic,arithmetic:s14:r0,cbsf,0.0,0.867877102623947,0.1321228973760529,0.0,1.0,155.0,5.0
openbci,loso,14,arithmetic,arithmetic:s14:r0,dasf_clean,0.0,0.9999847868276196,1.5213172380456038e-05,0.0,1.0,155.0,5.0
openbci,loso,14,arithmetic,arithmetic:s14:r0,eeg_conformer,0.0,0.9719573021148744,0.028042697885125596,0.0,1.0,155.0,5.0
openbci,loso,14,arithmetic,arithmetic:s14:r0,eegnet,0.0,0.7174191538360082,0.28258084616399176,0.0,1.0,155.0,5.0
openbci,loso,14,arithmetic,arithmetic:s14:r0,equal_blend_050,0.0,0.906242055758152,0.0937579442418479,0.0,1.0,155.0,5.0
openbci,loso,14,arithmetic,arithmetic:s14:r0,extra_trees,0.0,0.904556437031566,0.0954435629684341,0.0,1.0,155.0,5.0
openbci,loso,14,arithmetic,arithmetic:s14:r0,fixed_blend_010,0.0,0.9782600467982044,0.0217399532017955,0.0,1.0,155.0,5.0
openbci,loso,14,arithmetic,arithmetic:s14:r0,fixed_blend_025,0.0,0.9504656328454212,0.0495343671545787,0.0,1.0,155.0,5.0
openbci,loso,14,arithmetic,arithmetic:s14:r0,rf,0.0,0.9328042326737715,0.0671957673262284,0.0,1.0,155.0,5.0
openbci,loso,14,arithmetic,arithmetic:s14:r0,riemann_mdm,0.0,0.259403293497352,0.740596706502648,1.0,0.0,155.0,5.0
openbci,loso,14,arithmetic,arithmetic:s14:r0,riemann_ts_logreg,0.0,0.2213953895543339,0.7786046104456661,1.0,0.0,155.0,5.0
openbci,loso,14,arithmetic,arithmetic:s14:r0,stack_recording,0.0,0.9753256124831502,0.0246743875168498,0.0,1.0,155.0,5.0
openbci,loso,14,arithmetic,arithmetic:s14:r1,always_fuse,0.0,0.4163130939432742,0.5836869060567258,1.0,0.0,114.0,5.0
openbci,loso,14,arithmetic,arithmetic:s14:r1,always_nn,0.0,0.260741140862532,0.739258859137468,1.0,0.0,114.0,5.0
openbci,loso,14,arithmetic,arithmetic:s14:r1,cbsf,0.0,0.3750401970005101,0.6249598029994899,1.0,0.0,114.0,5.0
openbci,loso,14,arithmetic,arithmetic:s14:r1,dasf_clean,0.0,0.260741140862532,0.739258859137468,1.0,0.0,114.0,5.0
openbci,loso,14,arithmetic,arithmetic:s14:r1,eeg_conformer,0.0,0.570531769139793,0.429468230860207,0.0,1.0,114.0,5.0
openbci,loso,14,arithmetic,arithmetic:s14:r1,eegnet,0.0,0.3738202039878069,0.6261797960121931,1.0,0.0,114.0,5.0
openbci,loso,14,arithmetic,arithmetic:s14:r1,equal_blend_050,0.0,0.3417003093221342,0.6582996906778658,1.0,0.0,114.0,5.0
openbci,loso,14,arithmetic,arithmetic:s14:r1,extra_trees,0.0,0.5563037961660309,0.4436962038339691,0.0,1.0,114.0,5.0
openbci,loso,14,arithmetic,arithmetic:s14:r1,fixed_blend_010,0.0,0.2778517489219499,0.72214825107805,1.0,0.0,114.0,5.0
openbci,loso,14,arithmetic,arithmetic:s14:r1,fixed_blend_025,0.0,0.3024941379518109,0.6975058620481892,1.0,0.0,114.0,5.0
openbci,loso,14,arithmetic,arithmetic:s14:r1,rf,0.0,0.5578287769556025,0.4421712230443975,0.0,1.0,114.0,5.0
openbci,loso,14,arithmetic,arithmetic:s14:r1,riemann_mdm,0.0,0.00857395016736718,0.9914260498326328,1.0,0.0,114.0,5.0
openbci,loso,14,arithmetic,arithmetic:s14:r1,riemann_ts_logreg,0.0,0.14267425119508864,0.8573257488049114,1.0,0.0,114.0,5.0
openbci,loso,14,arithmetic,arithmetic:s14:r1,stack_recording,0.0,0.3308442689806997,0.6691557310193003,1.0,0.0,114.0,5.0
openbci,loso,14,arithmetic,arithmetic:s14:r2,always_fuse,1.0,0.4041023715897799,0.59589762841022,1.0,1.0,155.0,5.0
openbci,loso,14,arithmetic,arithmetic:s14:r2,always_nn,1.0,0.2391093685016503,0.7608906314983496,1.0,1.0,155.0,5.0
openbci,loso,14,arithmetic,arithmetic:s14:r2,cbsf,1.0,0.3601935871736492,0.6398064128263509,1.0,1.0,155.0,5.0
openbci,loso,14,arithmetic,arithmetic:s14:r2,dasf_clean,1.0,0.23910936850165035,0.7608906314983496,1.0,1.0,155.0,5.0
openbci,loso,14,arithmetic,arithmetic:s14:r2,eeg_conformer,1.0,0.5555487190832049,0.44445128091679503,0.0,0.0,155.0,5.0
openbci,loso,14,arithmetic,arithmetic:s14:r2,eegnet,1.0,0.40907660550306424,0.5909233944969358,1.0,1.0,155.0,5.0
openbci,loso,14,arithmetic,arithmetic:s14:r2,equal_blend_050,1.0,0.3248311035087853,0.6751688964912147,1.0,1.0,155.0,5.0
openbci,loso,14,arithmetic,arithmetic:s14:r2,extra_trees,1.0,0.5306202621044536,0.4693797378955464,0.0,0.0,155.0,5.0
openbci,loso,14,arithmetic,arithmetic:s14:r2,fixed_blend_010,1.0,0.2572406404569167,0.7427593595430834,1.0,1.0,155.0,5.0
openbci,loso,14,arithmetic,arithmetic:s14:r2,fixed_blend_025,1.0,0.2833229398034177,0.7166770601965823,1.0,1.0,155.0,5.0
openbci,loso,14,arithmetic,arithmetic:s14:r2,rf,1.0,0.4994049456567276,0.5005950543432722,1.0,1.0,155.0,5.0
openbci,loso,14,arithmetic,arithmetic:s14:r2,riemann_mdm,1.0,0.010895287417225312,0.9891047125827747,1.0,1.0,155.0,5.0
openbci,loso,14,arithmetic,arithmetic:s14:r2,riemann_ts_logreg,1.0,0.158585489132376,0.841414510867624,1.0,1.0,155.0,5.0
openbci,loso,14,arithmetic,arithmetic:s14:r2,stack_recording,1.0,0.3210900273847866,0.6789099726152134,1.0,1.0,155.0,5.0
openbci,loso,14,arithmetic,arithmetic:s14:r3,always_fuse,1.0,0.4028797591169755,0.5971202408830245,1.0,1.0,170.0,5.0
openbci,loso,14,arithmetic,arithmetic:s14:r3,always_nn,1.0,0.1890671288920712,0.8109328711079288,1.0,1.0,170.0,5.0
openbci,loso,14,arithmetic,arithmetic:s14:r3,cbsf,1.0,0.3468546434645561,0.653145356535444,1.0,1.0,170.0,5.0
openbci,loso,14,arithmetic,arithmetic:s14:r3,dasf_clean,1.0,0.18906712889207125,0.8109328711079288,1.0,1.0,170.0,5.0
openbci,loso,14,arithmetic,arithmetic:s14:r3,eeg_conformer,1.0,0.5687970182149417,0.4312029817850583,0.0,0.0,170.0,5.0
openbci,loso,14,arithmetic,arithmetic:s14:r3,eegnet,1.0,0.3263731298269455,0.6736268701730544,1.0,1.0,170.0,5.0
openbci,loso,14,arithmetic,arithmetic:s14:r3,equal_blend_050,1.0,0.3014685214874401,0.6985314785125599,1.0,1.0,170.0,5.0
openbci,loso,14,arithmetic,arithmetic:s14:r3,extra_trees,1.0,0.5535690005066364,0.4464309994933636,0.0,0.0,170.0,5.0
openbci,loso,14,arithmetic,arithmetic:s14:r3,fixed_blend_010,1.0,0.2134314775425,0.7865685224575,1.0,1.0,170.0,5.0
openbci,loso,14,arithmetic,arithmetic:s14:r3,fixed_blend_025,1.0,0.2477243377154681,0.7522756622845319,1.0,1.0,170.0,5.0
openbci,loso,14,arithmetic,arithmetic:s14:r3,rf,1.0,0.5420495499863622,0.4579504500136377,0.0,0.0,170.0,5.0
openbci,loso,14,arithmetic,arithmetic:s14:r3,riemann_mdm,1.0,0.017040140144501836,0.9829598598554982,1.0,1.0,170.0,5.0
openbci,loso,14,arithmetic,arithmetic:s14:r3,riemann_ts_logreg,1.0,0.06075666072577342,0.9392433392742265,1.0,1.0,170.0,5.0
openbci,loso,14,arithmetic,arithmetic:s14:r3,stack_recording,1.0,0.2987616240303764,0.7012383759696236,1.0,1.0,170.0,5.0
openbci,loso,15,arithmetic,arithmetic:s15:r0,always_fuse,0.0,0.8138581578998608,0.1861418421001391,0.0,1.0,165.0,5.0
openbci,loso,15,arithmetic,arithmetic:s15:r0,always_nn,0.0,0.9999441509731848,5.5849026815403454e-05,0.0,1.0,165.0,5.0
openbci,loso,15,arithmetic,arithmetic:s15:r0,cbsf,0.0,0.8521929818107505,0.1478070181892494,0.0,1.0,165.0,5.0
openbci,loso,15,arithmetic,arithmetic:s15:r0,dasf_clean,0.0,0.9999441509731847,5.5849026815403454e-05,0.0,1.0,165.0,5.0
openbci,loso,15,arithmetic,arithmetic:s15:r0,eeg_conformer,0.0,0.9873203245583096,0.01267967544169039,0.0,1.0,165.0,5.0
openbci,loso,15,arithmetic,arithmetic:s15:r0,eegnet,0.0,0.8157481172765559,0.18425188272344403,0.0,1.0,165.0,5.0
openbci,loso,15,arithmetic,arithmetic:s15:r0,equal_blend_050,0.0,0.9057041137438776,0.0942958862561223,0.0,1.0,165.0,5.0
openbci,loso,15,arithmetic,arithmetic:s15:r0,extra_trees,0.0,0.8743884083556538,0.1256115916443461,0.0,1.0,165.0,5.0
openbci,loso,15,arithmetic,arithmetic:s15:r0,fixed_blend_010,0.0,0.9795150597344542,0.0204849402655458,0.0,1.0,165.0,5.0
openbci,loso,15,arithmetic,arithmetic:s15:r0,fixed_blend_025,0.0,0.9515446066493002,0.0484553933506998,0.0,1.0,165.0,5.0
openbci,loso,15,arithmetic,arithmetic:s15:r0,rf,0.0,0.9408756475937772,0.059124352406223,0.0,1.0,165.0,5.0
openbci,loso,15,arithmetic,arithmetic:s15:r0,riemann_mdm,0.0,0.7336859161533751,0.2663140838466249,0.0,1.0,165.0,5.0
openbci,loso,15,arithmetic,arithmetic:s15:r0,riemann_ts_logreg,0.0,0.5053723560266612,0.4946276439733388,0.0,1.0,165.0,5.0
openbci,loso,15,arithmetic,arithmetic:s15:r0,stack_recording,0.0,0.966638096923584,0.033361903076416,0.0,1.0,165.0,5.0
openbci,loso,15,arithmetic,arithmetic:s15:r1,always_fuse,0.0,0.4808342277045774,0.5191657722954225,1.0,0.0,184.0,5.0
openbci,loso,15,arithmetic,arithmetic:s15:r1,always_nn,0.0,0.4477263311078233,0.5522736688921768,1.0,0.0,184.0,5.0
openbci,loso,15,arithmetic,arithmetic:s15:r1,cbsf,0.0,0.4727488950997245,0.5272511049002755,1.0,0.0,184.0,5.0
openbci,loso,15,arithmetic,arithmetic:s15:r1,dasf_clean,0.0,0.4477263311078233,0.5522736688921768,1.0,0.0,184.0,5.0
openbci,loso,15,arithmetic,arithmetic:s15:r1,eeg_conformer,0.0,0.7180170417391389,0.28198295826086095,0.0,1.0,184.0,5.0
openbci,loso,15,arithmetic,arithmetic:s15:r1,eegnet,0.0,0.4553127449110539,0.544687255088946,1.0,0.0,184.0,5.0
openbci,loso,15,arithmetic,arithmetic:s15:r1,equal_blend_050,0.0,0.4615056496860931,0.5384943503139068,1.0,0.0,184.0,5.0
openbci,loso,15,arithmetic,arithmetic:s15:r1,extra_trees,0.0,0.5502455253803493,0.4497544746196507,0.0,1.0,184.0,5.0
openbci,loso,15,arithmetic,arithmetic:s15:r1,fixed_blend_010,0.0,0.4485447964544824,0.5514552035455176,1.0,0.0,184.0,5.0
openbci,loso,15,arithmetic,arithmetic:s15:r1,fixed_blend_025,0.0,0.4526119137944616,0.5473880862055384,1.0,0.0,184.0,5.0
openbci,loso,15,arithmetic,arithmetic:s15:r1,rf,0.0,0.5968245846877794,0.4031754153122205,0.0,1.0,184.0,5.0
openbci,loso,15,arithmetic,arithmetic:s15:r1,riemann_mdm,0.0,0.6224577090613884,0.3775422909386115,0.0,1.0,184.0,5.0
openbci,loso,15,arithmetic,arithmetic:s15:r1,riemann_ts_logreg,0.0,0.154012950542929,0.845987049457071,1.0,0.0,184.0,5.0
openbci,loso,15,arithmetic,arithmetic:s15:r1,stack_recording,0.0,0.4130530837196229,0.5869469162803771,1.0,0.0,184.0,5.0
openbci,loso,15,arithmetic,arithmetic:s15:r2,always_fuse,1.0,0.479707833299148,0.520292166700852,1.0,1.0,130.0,5.0
openbci,loso,15,arithmetic,arithmetic:s15:r2,always_nn,1.0,0.4597210575000924,0.5402789424999077,1.0,1.0,130.0,5.0
openbci,loso,15,arithmetic,arithmetic:s15:r2,cbsf,1.0,0.4742322447888316,0.5257677552111685,1.0,1.0,130.0,5.0
openbci,loso,15,arithmetic,arithmetic:s15:r2,dasf_clean,1.0,0.4597210575000924,0.5402789424999077,1.0,1.0,130.0,5.0
openbci,loso,15,arithmetic,arithmetic:s15:r2,eeg_conformer,1.0,0.7855265168897074,0.2144734831102926,0.0,0.0,130.0,5.0
openbci,loso,15,arithmetic,arithmetic:s15:r2,eegnet,1.0,0.3858714968392156,0.6141285031607844,1.0,1.0,130.0,5.0
openbci,loso,15,arithmetic,arithmetic:s15:r2,equal_blend_050,1.0,0.4664536147404386,0.5335463852595613,1.0,1.0,130.0,5.0
openbci,loso,15,arithmetic,arithmetic:s15:r2,extra_trees,1.0,0.5238750517252192,0.4761249482747807,0.0,0.0,130.0,5.0
openbci,loso,15,arithmetic,arithmetic:s15:r2,fixed_blend_010,1.0,0.4583706856456639,0.541629314354336,1.0,1.0,130.0,5.0
openbci,loso,15,arithmetic,arithmetic:s15:r2,fixed_blend_025,1.0,0.4604284641098975,0.5395715358901024,1.0,1.0,130.0,5.0
openbci,loso,15,arithmetic,arithmetic:s15:r2,rf,1.0,0.5681931661663758,0.4318068338336241,0.0,0.0,130.0,5.0
openbci,loso,15,arithmetic,arithmetic:s15:r2,riemann_mdm,1.0,0.5305549130539399,0.46944508694606013,0.0,0.0,130.0,5.0
openbci,loso,15,arithmetic,arithmetic:s15:r2,riemann_ts_logreg,1.0,0.12425920968279522,0.8757407903172048,1.0,1.0,130.0,5.0
openbci,loso,15,arithmetic,arithmetic:s15:r2,stack_recording,1.0,0.4171916155119001,0.5828083844880999,1.0,1.0,130.0,5.0
openbci,loso,15,arithmetic,arithmetic:s15:r3,always_fuse,1.0,0.4751416522884928,0.5248583477115072,1.0,1.0,248.0,5.0
openbci,loso,15,arithmetic,arithmetic:s15:r3,always_nn,1.0,0.4560617853837114,0.5439382146162886,1.0,1.0,248.0,5.0
openbci,loso,15,arithmetic,arithmetic:s15:r3,cbsf,1.0,0.4714924261883171,0.5285075738116829,1.0,1.0,248.0,5.0
openbci,loso,15,arithmetic,arithmetic:s15:r3,dasf_clean,1.0,0.45606178538371145,0.5439382146162886,1.0,1.0,248.0,5.0
openbci,loso,15,arithmetic,arithmetic:s15:r3,eeg_conformer,1.0,0.7926664977389111,0.20733350226108893,0.0,0.0,248.0,5.0
openbci,loso,15,arithmetic,arithmetic:s15:r3,eegnet,1.0,0.34746044491725087,0.6525395550827491,1.0,1.0,248.0,5.0
openbci,loso,15,arithmetic,arithmetic:s15:r3,equal_blend_050,1.0,0.4657555205910196,0.5342444794089802,1.0,1.0,248.0,5.0
openbci,loso,15,arithmetic,arithmetic:s15:r3,extra_trees,1.0,0.5372012821929114,0.4627987178070886,0.0,0.0,248.0,5.0
openbci,loso,15,arithmetic,arithmetic:s15:r3,fixed_blend_010,1.0,0.457082072013235,0.5429179279867651,1.0,1.0,248.0,5.0
openbci,loso,15,arithmetic,arithmetic:s15:r3,fixed_blend_025,1.0,0.4602835226597135,0.5397164773402864,1.0,1.0,248.0,5.0
openbci,loso,15,arithmetic,arithmetic:s15:r3,rf,1.0,0.5708909565177632,0.4291090434822368,0.0,0.0,248.0,5.0
openbci,loso,15,arithmetic,arithmetic:s15:r3,riemann_mdm,1.0,0.5269263350622887,0.4730736649377113,0.0,0.0,248.0,5.0
openbci,loso,15,arithmetic,arithmetic:s15:r3,riemann_ts_logreg,1.0,0.106962516132193,0.893037483867807,1.0,1.0,248.0,5.0
openbci,loso,15,arithmetic,arithmetic:s15:r3,stack_recording,1.0,0.415555114514243,0.584444885485757,1.0,1.0,248.0,5.0
