fold,held_out_subject,maximum_nearest_train_raw_overlap_fraction,mean_nearest_train_raw_overlap_fraction,overlapping_participants,overlapping_recordings,participant_overlap_rate,recording_accuracy,recording_auroc,recording_average_precision,recording_balanced_accuracy,recording_brier_score,recording_f1,recording_fn,recording_fp,recording_log_loss,recording_n,recording_n_class_0,recording_n_class_1,recording_overlap_rate,recording_pr_auc,recording_precision,recording_sensitivity,recording_specificity,recording_tn,recording_tp,split_seed,strategy,strategy_display,task,train_participants,train_recordings,train_windows,validation_participants,validation_recordings,validation_windows,validation_windows_with_raw_overlap_fraction,window_accuracy,window_auroc,window_average_precision,window_balanced_accuracy,window_brier_score,window_f1,window_fn,window_fp,window_log_loss,window_n,window_n_class_0,window_n_class_1,window_pr_auc,window_precision,window_sensitivity,window_specificity,window_tn,window_tp
1,1,0,0,0,0,0,0.75,1,1,0.75,0.16105114449175281,0.80000000000000004,0,1,0.49685689159474633,4,2,2,0,1,0.66666666666666663,1,0.5,1,2,,participant_disjoint,Participant-disjoint split,arithmetic,14,56,10066,1,4,696,0,0.53304597701149425,0.56150121672813025,0.63779379004962888,0.52433456260505262,0.30046905249359074,0.58912768647281921,154,171,1.0327242958067693,696,309,387,0.63704929125031828,0.57673267326732669,0.6020671834625323,0.44660194174757284,138,233
2,2,0,0,0,0,0,0.5,0.5,0.58333333333333326,0.5,0.48790697260792315,0.66666666666666663,0,2,2.2659452569872034,4,2,2,0,0.41666666666666663,0.5,1,0,0,2,,participant_disjoint,Participant-disjoint split,arithmetic,14,56,9774,1,4,988,0,0.42813765182186236,0.4264003859631304,0.34228611108451445,0.5138599698677907,0.52858440725452793,0.58849235251274579,2,563,2.8922240181514458,988,582,406,0.34126560725879374,0.41778697001034126,0.99507389162561577,0.032646048109965638,19,404
3,3,0,0,0,0,0,0.75,1,1,0.75,0.14040008647508256,0.80000000000000004,0,1,0.39476715392400602,4,2,2,0,1,0.66666666666666663,1,0.5,1,2,,participant_disjoint,Participant-disjoint split,arithmetic,14,56,10193,1,4,569,0,0.81546572934973638,0.88656169538522478,0.8736454234326464,0.81100836799366216,0.1357084928162216,0.83771251931993818,26,79,0.42595031634508185,569,272,297,0.87315538340471877,0.77428571428571424,0.91245791245791241,0.7095588235294118,193,271
4,4,0,0,0,0,0,0.5,0.5,0.58333333333333326,0.5,0.43966140628168804,0.66666666666666663,0,2,1.5959921219273703,4,2,2,0,0.41666666666666663,0.5,1,0,0,2,,participant_disjoint,Participant-disjoint split,arithmetic,14,56,10096,1,4,666,0,0.71321321321321318,0.35482055585723454,0.52644327629480747,0.60909808954929157,0.27849899918776028,0.81292850146914786,16,175,3.2201664176216154,666,235,431,0.52539939159013815,0.70338983050847459,0.96287703016241299,0.25531914893617019,60,415
5,5,0,0,0,0,0,0.5,0.75,0.83333333333333326,0.5,0.30954476615409671,0,2,0,0.8528801803271453,4,2,2,0,0.79166666666666663,,0,1,2,0,,participant_disjoint,Participant-disjoint split,arithmetic,14,56,9935,1,4,827,0,0.55501813784764209,0.7571026887704293,0.68650951077179423,0.56803350711733347,0.34931071738403668,0.3611111111111111,326,42,1.2539096833484664,827,397,430,0.68465105661017756,0.71232876712328763,0.24186046511627907,0.89420654911838793,355,104
6,6,0,0,0,0,0,0.5,0.5,0.58333333333333326,0.5,0.4998106235020533,0,2,0,4.3123353826490671,4,2,2,0,0.41666666666666663,,0,1,2,0,,participant_disjoint,Participant-disjoint split,arithmetic,14,56,10172,1,4,590,0,0.45932203389830506,0.5234918759916154,0.54161236929124013,0.50311526479750779,0.53790104358187507,0.01238390092879257,319,0,4.6671336731599382,590,269,321,0.54006055376903339,1,0.0062305295950155761,1,269,2
7,7,0,0,0,0,0,0.5,0.5,0.75,0.5,0.38669922581650429,0,2,0,1.4665081619365603,4,2,2,0,0.70833333333333326,,0,1,2,0,,participant_disjoint,Participant-disjoint split,arithmetic,14,56,10409,1,4,353,0,0.56940509915014159,0.62600527356624913,0.50120030624668921,0.51372775214238631,0.32256383796091348,0.24752475247524752,123,29,1.196116543464576,353,205,148,0.49550268929291924,0.46296296296296297,0.16891891891891891,0.85853658536585364,176,25
8,8,0,0,0,0,0,0.5,1,1,0.5,0.36537352216445979,0.66666666666666663,0,2,0.98926718798585622,4,2,2,0,1,0.5,1,0,0,2,,participant_disjoint,Participant-disjoint split,arithmetic,14,56,9724,1,4,1038,0,0.5684007707129094,0.72034038086669661,0.73767056388044705,0.52385290148448049,0.31399971064989385,0.71318822023047379,13,435,0.97827233500788113,1038,468,570,0.7364282995888094,0.561491935483871,0.97719298245614039,0.070512820512820512,33,557
9,9,0,0,0,0,0,0.5,0.75,0.83333333333333326,0.5,0.4007996407602985,0,2,0,1.1941311003217583,4,2,2,0,0.79166666666666663,,0,1,2,0,,participant_disjoint,Participant-disjoint split,arithmetic,14,56,9683,1,4,1079,0,0.45412418906394808,0.60598375190729525,0.52144148558426928,0.46004989896490572,0.41235149852658071,0.13509544787077826,502,87,1.5963408265836003,1079,531,548,0.52045933187401117,0.34586466165413532,0.083941605839416053,0.83615819209039544,444,46
10,10,0,0,0,0,0,0.5,0.75,0.83333333333333326,0.5,0.1851344165701892,0.5,1,1,0.52503279654250834,4,2,2,0,0.79166666666666663,0.5,0.5,0.5,1,1,,participant_disjoint,Participant-disjoint split,arithmetic,14,56,10224,1,4,538,0,0.6598513011152416,0.68591882797679227,0.57007371718155886,0.65792680393813097,0.26671758115868016,0.63326653306613223,99,84,0.91523220310027353,538,281,257,0.56713715533037856,0.65289256198347112,0.61478599221789887,0.70106761565836295,197,158
11,11,0,0,0,0,0,0.75,1,1,0.75,0.18720880532931244,0.80000000000000004,0,1,0.55987921035294963,4,2,2,0,1,0.66666666666666663,1,0.5,1,2,,participant_disjoint,Participant-disjoint split,arithmetic,14,56,9990,1,4,772,0,0.68652849740932642,0.70254053363972935,0.58985757117039217,0.6947328105787256,0.23436993029069791,0.74309978768577489,23,219,0.7223817231561348,772,399,373,0.58762728645163953,0.61511423550087874,0.93833780160857905,0.45112781954887216,180,350
12,12,0,0,0,0,0,0.5,0.75,0.83333333333333326,0.5,0.28971887482761893,0.66666666666666663,0,2,0.87822114659401962,4,2,2,0,0.79166666666666663,0.5,1,0,0,2,,participant_disjoint,Participant-disjoint split,arithmetic,14,56,10107,1,4,655,0,0.64122137404580148,0.70653377630121816,0.67174932061692039,0.61336505433864519,0.27542668008012261,0.74260679079956193,15,220,0.92090859319235618,655,301,354,0.66949843315044744,0.6064400715563506,0.9576271186440678,0.26910299003322258,81,339
13,13,0,0,0,0,0,0.75,1,1,0.75,0.14442951999090414,0.80000000000000004,0,1,0.41285121138298897,4,2,2,0,1,0.66666666666666663,1,0.5,1,2,,participant_disjoint,Participant-disjoint split,arithmetic,14,56,10092,1,4,670,0,0.72537313432835826,0.80177768258727777,0.79428068774993554,0.72101449275362328,0.1949900729260875,0.75916230366492143,58,126,0.62248059703194858,670,322,348,0.79375346455529616,0.69711538461538458,0.83333333333333337,0.60869565217391308,196,290
14,14,0,0,0,0,0,0.75,0.5,0.58333333333333326,0.75,0.23186544242902909,0.80000000000000004,0,1,0.83686761873364168,4,2,2,0,0.41666666666666663,0.66666666666666663,1,0.5,1,2,,participant_disjoint,Participant-disjoint split,arithmetic,14,56,10168,1,4,594,0,0.79461279461279466,0.73728338575922225,0.70801639742733302,0.77675722047469264,0.18820910924357862,0.83733333333333337,11,111,0.72551892947466179,594,269,325,0.70704501146602838,0.73882352941176466,0.96615384615384614,0.58736059479553904,158,314
15,15,0,0,0,0,0,0.5,0.75,0.83333333333333326,0.5,0.4467658188994349,0.66666666666666663,0,2,2.2942443886315673,4,2,2,0,0.79166666666666663,0.5,1,0,0,2,,participant_disjoint,Participant-disjoint split,arithmetic,14,56,10035,1,4,727,0,0.54883081155433289,0.76654386683039977,0.66870940222765884,0.53063552705386519,0.40483776071817601,0.6945996275605214,5,323,2.3724425789904577,727,349,378,0.66720134784179441,0.53591954022988508,0.98677248677248675,0.074498567335243557,26,373
1,1,0.94117647058823528,0.94047619047619047,1,4,1,1,1,1,1,0.00075823276222517541,1,0,0,0.019439468729348788,4,2,2,1,1,1,1,1,2,2,1335,random_window,Random-window split,arithmetic,1,4,612,1,4,84,1,0.9642857142857143,0.99942495687176547,0.9995567375886526,0.96808510638297873,0.024083818763499538,0.96703296703296704,3,0,0.084237164476612392,84,37,47,0.99955202203108506,1,0.93617021276595747,1,37,44
2,1,0.94117647058823528,0.94047619047619047,1,4,1,1,1,1,1,0.00019832485613784011,1,0,0,0.010823083303973026,4,2,2,1,1,1,1,1,2,2,1335,random_window,Random-window split,arithmetic,1,4,612,1,4,84,1,1,1,1,1,0.009595854563881007,1,0,0,0.053195601624938006,84,37,47,1,1,1,1,37,47
1,1,0.94117647058823528,0.93837535014005591,1,4,1,1,1,1,1,0.00043476550995583623,1,0,0,0.014791359235733458,4,2,2,1,1,1,1,1,2,2,1388,random_window,Random-window split,arithmetic,1,4,612,1,4,84,1,1,1,1,1,0.0058840584446250418,1,0,0,0.042580828840535476,84,37,47,1,1,1,1,37,47
2,1,0.94117647058823528,0.93907563025210072,1,4,1,1,1,1,1,0.00024006640569731763,1,0,0,0.011632849482093421,4,2,2,1,1,1,1,1,2,2,1388,random_window,Random-window split,arithmetic,1,4,612,1,4,84,1,0.97619047619047616,0.98964922369177688,0.99389571072883676,0.97584818861414613,0.030658279981978547,0.97872340425531912,1,1,0.11831395880243102,84,37,47,0.99384593621254558,0.97872340425531912,0.97872340425531912,0.97297297297297303,36,46
1,1,0.94117647058823528,0.94117647058823517,1,4,1,1,1,1,1,0.001298654617348726,1,0,0,0.02740476073696204,4,2,2,1,1,1,1,1,2,2,1441,random_window,Random-window split,arithmetic,1,4,612,1,4,84,1,0.97619047619047616,0.9942495687176538,0.99626726390444209,0.97584818861414613,0.025025249955384524,0.97872340425531912,1,1,0.10265469976977666,84,37,47,0.99623393590358877,0.97872340425531912,0.97872340425531912,0.97297297297297303,36,46
2,1,0.94117647058823528,0.94047619047619047,1,4,1,1,1,1,1,0.0019156549228912145,1,0,0,0.031663247449977283,4,2,2,1,1,1,1,1,2,2,1441,random_window,Random-window split,arithmetic,1,4,612,1,4,84,1,0.95238095238095233,0.98964922369177688,0.99221783839215771,0.95457159286946525,0.041379395898865752,0.95652173913043481,3,1,0.13564637837564536,84,37,47,0.99213660795127701,0.97777777777777775,0.93617021276595747,0.97297297297297303,36,44
1,1,0.94117647058823528,0.93907563025210072,1,4,1,1,1,1,1,0.00034111754448325741,1,0,0,0.012996361742026282,4,2,2,1,1,1,1,1,2,2,1494,random_window,Random-window split,arithmetic,1,4,612,1,4,84,1,0.98809523809523814,0.99827487061529607,0.99872340425531925,0.9893617021276595,0.021983433924543903,0.989247311827957,1,0,0.087008529077520005,84,37,47,0.99871037776812854,1,0.97872340425531912,1,37,46
2,1,0.94117647058823528,0.93977591036414565,1,4,1,1,1,1,1,0.00016310055398324359,1,0,0,0.0093346367148578954,4,2,2,1,1,1,1,1,2,2,1494,random_window,Random-window split,arithmetic,1,4,612,1,4,84,1,0.98809523809523814,0.99942495687176547,0.9995567375886526,0.9893617021276595,0.01363339293072185,0.989247311827957,1,0,0.059177512112118379,84,37,47,0.99955202203108506,1,0.97872340425531912,1,37,46
1,1,0.94117647058823528,0.94117647058823517,1,4,1,1,1,1,1,0.00028278004246301195,1,0,0,0.011770465768705279,4,2,2,1,1,1,1,1,2,2,1547,random_window,Random-window split,arithmetic,1,4,612,1,4,84,1,0.98809523809523814,0.99942495687176547,0.9995567375886526,0.98648648648648651,0.0137350070763506,0.98947368421052628,0,1,0.060173894781010311,84,37,47,0.99955202203108506,0.97916666666666663,1,0.97297297297297303,36,47
2,1,0.94117647058823528,0.94047619047619047,1,4,1,1,1,1,1,0.00097498904249850905,1,0,0,0.02194471692214402,4,2,2,1,1,1,1,1,2,2,1547,random_window,Random-window split,arithmetic,1,4,612,1,4,84,1,1,1,1,1,0.0081360457429969658,1,0,0,0.047343461831598523,84,37,47,1,1,1,1,37,47
1,2,0.94117647058823528,0.94018783984181897,1,4,1,1,1,1,1,0.00047623778611168965,1,0,0,0.013956604837725662,4,2,2,1,1,1,1,1,2,2,1335,random_window,Random-window split,arithmetic,1,4,869,1,4,119,1,1,1,1.0000000000000002,1,0.003035657909148642,1,0,0,0.021026300614105348,119,70,49,1.0000000000000002,1,1,1,70,49
2,2,0.94117647058823528,0.94068215521502718,1,4,1,1,1,1,1,0.00057329125575176956,1,0,0,0.014089859975595885,4,2,2,1,1,1,1,1,2,2,1335,random_window,Random-window split,arithmetic,1,4,869,1,4,119,1,1,1,1.0000000000000002,1,0.0021111552504036297,1,0,0,0.014291955474532192,119,70,49,1.0000000000000002,1,1,1,70,49
1,2,0.94117647058823528,0.93969352446861087,1,4,1,1,1,1,1,0.0021640603778987967,1,0,0,0.034011105716964085,4,2,2,1,1,1,1,1,2,2,1388,random_window,Random-window split,arithmetic,1,4,869,1,4,119,1,0.99159663865546221,0.98746355685131193,0.99046140195208543,0.98979591836734693,0.013465814557008553,0.98969072164948457,1,0,0.11432182166001266,119,70,49,0.99040899207270128,1,0.97959183673469385,1,70,48
2,2,0.94117647058823528,0.94068215521502718,1,4,1,1,1,1,1,0.00011256071157772867,1,0,0,0.0074642106140820176,4,2,2,1,1,1,1,1,2,2,1388,random_window,Random-window split,arithmetic,1,4,869,1,4,119,1,1,1,1.0000000000000002,1,0.00095901915019338927,1,0,0,0.011653285911762994,119,70,49,1.0000000000000002,1,1,1,70,49
1,2,0.94117647058823528,0.94018783984181897,1,4,1,1,1,1,1,0.0021881072670359505,1,0,0,0.027510157587792142,4,2,2,1,1,1,1,1,2,2,1441,random_window,Random-window split,arithmetic,1,4,869,1,4,119,1,1,1,1.0000000000000002,1,0.0023190242514511505,1,0,0,0.020494485652796945,119,70,49,1.0000000000000002,1,1,1,70,49
2,2,0.94117647058823528,0.93919920909540278,1,4,1,1,1,1,1,0.00065794268090115687,1,0,0,0.01665845581245631,4,2,2,1,1,1,1,1,2,2,1441,random_window,Random-window split,arithmetic,1,4,869,1,4,119,1,1,1,1.0000000000000002,1,0.0011781155517123529,1,0,0,0.014812932415322028,119,70,49,1.0000000000000002,1,1,1,70,49
1,2,0.94117647058823528,0.94018783984181897,1,4,1,1,1,1,1,0.00096607571360119533,1,0,0,0.01969441345543416,4,2,2,1,1,1,1,1,2,2,1494,random_window,Random-window split,arithmetic,1,4,869,1,4,119,1,0.99159663865546221,0.9900874635568514,0.9771739521408076,0.99285714285714288,0.0096549032001577301,0.98989898989898994,0,1,0.097303320004225757,119,70,49,0.97674027867141988,0.97999999999999998,1,0.98571428571428577,69,49
2,2,0.94117647058823528,0.94018783984181897,1,4,1,1,1,1,1,0.00033941274026728739,1,0,0,0.012051549618331475,4,2,2,1,1,1,1,1,2,2,1494,random_window,Random-window split,arithmetic,1,4,869,1,4,119,1,1,1,1.0000000000000002,1,0.0031298681315654595,1,0,0,0.023002738988238871,119,70,49,1.0000000000000002,1,1,1,70,49
1,2,0.94117647058823528,0.94068215521502718,1,4,1,1,1,1,1,0.00028018264487415356,1,0,0,0.011354943450818137,4,2,2,1,1,1,1,1,2,2,1547,random_window,Random-window split,arithmetic,1,4,869,1,4,119,1,1,1,1.0000000000000002,1,0.0031793231003248578,1,0,0,0.020527802903816558,119,70,49,1.0000000000000002,1,1,1,70,49
2,2,0.94117647058823528,0.94068215521502718,1,4,1,1,1,1,1,0.0003017896488354538,1,0,0,0.012475035333447251,4,2,2,1,1,1,1,1,2,2,1547,random_window,Random-window split,arithmetic,1,4,869,1,4,119,1,1,1,1.0000000000000002,1,0.0012355111766263066,1,0,0,0.015631538626722744,119,70,49,1.0000000000000002,1,1,1,70,49
1,3,0.94117647058823528,0.94032395566922411,1,4,1,1,1,1,1,7.1359845050315767e-05,1,0,0,0.0054610373126933297,4,2,2,1,1,1,1,1,2,2,1335,random_window,Random-window split,arithmetic,1,4,500,1,4,69,1,1,1,1,1,0.00044624629356336586,1,0,0,0.0078202817134006026,69,33,36,1,1,1,1,33,36
2,3,0.94117647058823528,0.94117647058823528,1,4,1,1,1,1,1,0.00010266125287967637,1,0,0,0.0073047516913963637,4,2,2,1,1,1,1,1,2,2,1335,random_window,Random-window split,arithmetic,1,4,500,1,4,69,1,1,1,1,1,0.0027393805728858959,1,0,0,0.021483196521161561,69,33,36,1,1,1,1,33,36
1,3,0.94117647058823528,0.93776641091219093,1,4,1,1,1,1,1,0.0011967202914272806,1,0,0,0.019238418614124925,4,2,2,1,1,1,1,1,2,2,1388,random_window,Random-window split,arithmetic,1,4,500,1,4,69,1,0.97101449275362317,0.99915824915824913,0.99924924924924929,0.96969696969696972,0.014183153494609611,0.97297297297297303,0,2,0.047510804808148351,69,33,36,0.99923882215548887,0.94736842105263153,1,0.93939393939393945,31,36
2,3,0.94117647058823528,0.94117647058823528,1,4,1,1,1,1,1,6.3197437346423181e-05,1,0,0,0.0057131843872246409,4,2,2,1,1,1,1,1,2,2,1388,random_window,Random-window split,arithmetic,1,4,500,1,4,69,1,1,1,1,1,0.00078025057215413702,1,0,0,0.012727203228098427,69,33,36,1,1,1,1,33,36
1,3,0.94117647058823528,0.94032395566922411,1,4,1,1,1,1,1,7.2648876298054126e-05,1,0,0,0.0054630221939606137,4,2,2,1,1,1,1,1,2,2,1441,random_window,Random-window split,arithmetic,1,4,500,1,4,69,1,0.98550724637681164,1,1,0.98484848484848486,0.0066747580319899847,0.98630136986301364,0,1,0.026913165441853872,69,33,36,1,0.97297297297297303,1,0.96969696969696972,32,36
2,3,0.94117647058823528,0.94032395566922411,1,4,1,1,1,1,1,0.00082348093413443172,1,0,0,0.015844915805806593,4,2,2,1,1,1,1,1,2,2,1441,random_window,Random-window split,arithmetic,1,4,500,1,4,69,1,1,1,1,1,0.0026054004893881423,1,0,0,0.015474709506401696,69,33,36,1,1,1,1,33,36
1,3,0.94117647058823528,0.94117647058823528,1,4,1,1,1,1,1,6.6582581642255309e-05,1,0,0,0.0056623907578027995,4,2,2,1,1,1,1,1,2,2,1494,random_window,Random-window split,arithmetic,1,4,500,1,4,69,1,1,1,1,1,0.00088910475107790835,1,0,0,0.013177432483870969,69,33,36,1,1,1,1,33,36
2,3,0.94117647058823528,0.94032395566922411,1,4,1,1,1,1,1,1.8886845772542695e-05,1,0,0,0.0031660034018001944,4,2,2,1,1,1,1,1,2,2,1494,random_window,Random-window split,arithmetic,1,4,500,1,4,69,1,1,1,1,1,0.00076091312244246936,1,0,0,0.011430107539843437,69,33,36,1,1,1,1,33,36
1,3,0.94117647058823528,0.94117647058823528,1,4,1,1,1,1,1,0.00024589684197629332,1,0,0,0.0089108089891856528,4,2,2,1,1,1,1,1,2,2,1547,random_window,Random-window split,arithmetic,1,4,500,1,4,69,1,1,1,1,1,0.0031622380032080856,1,0,0,0.022707171129436772,69,33,36,1,1,1,1,33,36
2,3,0.94117647058823528,0.94117647058823528,1,4,1,1,1,1,1,5.0206876847850317e-05,1,0,0,0.005151893409490702,4,2,2,1,1,1,1,1,2,2,1547,random_window,Random-window split,arithmetic,1,4,500,1,4,69,1,1,1,1,1,0.00091042628730677319,1,0,0,0.016428597189509158,69,33,36,1,1,1,1,33,36
1,4,0.94117647058823528,0.94044117647058845,1,4,1,1,1,1,1,2.2257587802014741e-08,1,0,0,0.00012950813879893699,4,2,2,1,1,1,1,1,2,2,1335,random_window,Random-window split,arithmetic,1,4,586,1,4,80,1,0.98750000000000004,1,1,0.99038461538461542,0.012338726485942425,0.99029126213592233,1,0,0.056467009079177899,80,28,52,1,1,0.98076923076923073,1,28,51
2,4,0.94117647058823528,0.94117647058823528,1,4,1,1,1,1,1,6.7318189147370304e-08,1,0,0,0.00017374352527757759,4,2,2,1,1,1,1,1,2,2,1335,random_window,Random-window split,arithmetic,1,4,586,1,4,80,1,1,1,1,1,3.3821359531010053e-05,1,0,0,0.0015041944267327756,80,28,52,1,1,1,1,28,52
1,4,0.94117647058823528,0.94044117647058845,1,4,1,1,1,1,1,6.7509189351254885e-08,1,0,0,0.00018294756173402069,4,2,2,1,1,1,1,1,2,2,1388,random_window,Random-window split,arithmetic,1,4,586,1,4,80,1,1,1,1,1,0.00019578978006032214,1,0,0,0.0034794145965596907,80,28,52,1,1,1,1,28,52
2,4,0.94117647058823528,0.94044117647058845,1,4,1,1,1,1,1,1.1055153245999047e-08,1,0,0,7.1807261775977752e-05,4,2,2,1,1,1,1,1,2,2,1388,random_window,Random-window split,arithmetic,1,4,586,1,4,80,1,1,1,1,1,6.4571063045664046e-06,1,0,0,0.00077878203073605563,80,28,52,1,1,1,1,28,52
1,4,0.94117647058823528,0.94117647058823528,1,4,1,1,1,1,1,1.7695676736783322e-08,1,0,0,0.00010887496420384845,4,2,2,1,1,1,1,1,2,2,1441,random_window,Random-window split,arithmetic,1,4,586,1,4,80,1,1,1,1,1,0.00032055243031156653,1,0,0,0.0044998835536878227,80,28,52,1,1,1,1,28,52
2,4,0.94117647058823528,0.93970588235294128,1,4,1,1,1,1,1,5.7344038185266237e-07,1,0,0,0.00042585817500383091,4,2,2,1,1,1,1,1,2,2,1441,random_window,Random-window split,arithmetic,1,4,586,1,4,80,1,1,1,1,1,0.00041139578369989106,1,0,0,0.004591623674665056,80,28,52,1,1,1,1,28,52
1,4,0.94117647058823528,0.94117647058823528,1,4,1,1,1,1,1,2.0856817303729088e-08,1,0,0,9.8062392019061077e-05,4,2,2,1,1,1,1,1,2,2,1494,random_window,Random-window split,arithmetic,1,4,586,1,4,80,1,1,1,1,1,2.5899539077520233e-05,1,0,0,0.0011640948342717936,80,28,52,1,1,1,1,28,52
2,4,0.94117647058823528,0.93970588235294128,1,4,1,1,1,1,1,6.9014241814369238e-08,1,0,0,0.00016144415132966341,4,2,2,1,1,1,1,1,2,2,1494,random_window,Random-window split,arithmetic,1,4,586,1,4,80,1,1,1,1,1,7.6077969247810901e-05,1,0,0,0.0021037452449449092,80,28,52,1,1,1,1,28,52
1,4,0.94117647058823528,0.94044117647058845,1,4,1,1,1,1,1,6.0089794543678167e-08,1,0,0,0.00015570989290665402,4,2,2,1,1,1,1,1,2,2,1547,random_window,Random-window split,arithmetic,1,4,586,1,4,80,1,1,1,1,1,2.2951426821384881e-05,1,0,0,0.0016925316320808835,80,28,52,1,1,1,1,28,52
2,4,0.94117647058823528,0.94117647058823528,1,4,1,1,1,1,1,6.0422519355894273e-08,1,0,0,0.00016764678581309691,4,2,2,1,1,1,1,1,2,2,1547,random_window,Random-window split,arithmetic,1,4,586,1,4,80,1,1,1,1,1,2.8137424477436292e-05,1,0,0,0.0013865488548948819,80,28,52,1,1,1,1,28,52
1,5,0.94117647058823528,0.93999999999999995,1,4,1,1,1,1,1,0.0010104563322392522,1,0,0,0.017470924774398308,4,2,2,1,1,1,1,1,2,2,1335,random_window,Random-window split,arithmetic,1,4,727,1,4,100,1,0.98999999999999999,1,1.0000000000000002,0.98958333333333326,0.0097121639830124954,0.99047619047619051,0,1,0.04557315364062154,100,48,52,1.0000000000000002,0.98113207547169812,1,0.97916666666666663,47,52
2,5,0.94117647058823528,0.94117647058823517,1,4,1,1,1,1,1,0.00020245125108232749,1,0,0,0.0076967173508303939,4,2,2,1,1,1,1,1,2,2,1335,random_window,Random-window split,arithmetic,1,4,727,1,4,100,1,0.98999999999999999,0.9983974358974359,0.99862637362637385,0.99038461538461542,0.012960664836843005,0.99029126213592233,1,0,0.049710170914660769,100,48,52,0.99861388611388624,1,0.98076923076923073,1,48,51
1,5,0.94117647058823528,0.93764705882352939,1,4,1,1,1,1,1,0.00097213567461324488,1,0,0,0.016684384770143286,4,2,2,1,1,1,1,1,2,2,1388,random_window,Random-window split,arithmetic,1,4,727,1,4,100,1,0.97999999999999998,0.99919871794871795,0.99926733281232571,0.97916666666666674,0.017122560209171567,0.98113207547169812,0,2,0.064185041248826735,100,48,52,0.99926021821031652,0.96296296296296291,1,0.95833333333333337,46,52
2,5,0.94117647058823528,0.93882352941176461,1,4,1,1,1,1,1,0.00053160293837427536,1,0,0,0.012754598302574574,4,2,2,1,1,1,1,1,2,2,1388,random_window,Random-window split,arithmetic,1,4,727,1,4,100,1,1,1,1.0000000000000002,1,0.0050141484140174162,1,0,0,0.034561302812954817,100,48,52,1.0000000000000002,1,1,1,48,52
1,5,0.94117647058823528,0.93941176470588228,1,4,1,1,1,1,1,0.00036566916989852737,1,0,0,0.010402175521525754,4,2,2,1,1,1,1,1,2,2,1441,random_window,Random-window split,arithmetic,1,4,727,1,4,100,1,0.98999999999999999,0.99879807692307687,0.99889025890584004,0.98958333333333326,0.010564689053647294,0.99047619047619051,0,1,0.045076110446281244,100,48,52,0.99887937356476597,0.98113207547169812,1,0.97916666666666663,47,52
2,5,0.94117647058823528,0.94058823529411772,1,4,1,1,1,1,1,0.00014508749837771026,1,0,0,0.0071026527301384593,4,2,2,1,1,1,1,1,2,2,1441,random_window,Random-window split,arithmetic,1,4,727,1,4,100,1,1,1,1.0000000000000002,1,0.0065562952469565804,1,0,0,0.039804146111284758,100,48,52,1.0000000000000002,1,1,1,48,52
1,5,0.94117647058823528,0.93882352941176461,1,4,1,1,1,1,1,0.00015001897176500657,1,0,0,0.0074502455934351329,4,2,2,1,1,1,1,1,2,2,1494,random_window,Random-window split,arithmetic,1,4,727,1,4,100,1,0.98999999999999999,1,1.0000000000000002,0.99038461538461542,0.013008271930834725,0.99029126213592233,1,0,0.05346409647160362,100,48,52,1.0000000000000002,1,0.98076923076923073,1,48,51
2,5,0.94117647058823528,0.94058823529411772,1,4,1,1,1,1,1,0.0002098598763818411,1,0,0,0.0078151665428403631,4,2,2,1,1,1,1,1,2,2,1494,random_window,Random-window split,arithmetic,1,4,727,1,4,100,1,1,1,1.0000000000000002,1,0.0036265942785909957,1,0,0,0.024617150618482957,100,48,52,1.0000000000000002,1,1,1,48,52
1,5,0.94117647058823528,0.94058823529411772,1,4,1,1,1,1,1,0.00068534227160573825,1,0,0,0.01363938535760177,4,2,2,1,1,1,1,1,2,2,1547,random_window,Random-window split,arithmetic,1,4,727,1,4,100,1,0.97999999999999998,0.99919871794871795,0.99928774928774944,0.97996794871794868,0.013480697931124767,0.98076923076923073,1,1,0.048096506976982208,100,48,52,0.99928102994140744,0.98076923076923073,0.98076923076923073,0.97916666666666663,47,51
2,5,0.94117647058823528,0.93941176470588228,1,4,1,1,1,1,1,0.00020363847487122436,1,0,0,0.0085372754145054061,4,2,2,1,1,1,1,1,2,2,1547,random_window,Random-window split,arithmetic,1,4,727,1,4,100,1,0.98999999999999999,1,1.0000000000000002,0.98958333333333326,0.0094561739777148119,0.99047619047619051,0,1,0.046672587046784154,100,48,52,1.0000000000000002,0.98113207547169812,1,0.97916666666666663,47,52
1,6,0.94117647058823528,0.94034797017398486,1,4,1,1,1,1,1,9.7137200222577316e-05,1,0,0,0.0074373878156298737,4,2,2,1,1,1,1,1,2,2,1335,random_window,Random-window split,arithmetic,1,4,519,1,4,71,1,0.971830985915493,0.99439102564102566,0.99592373438527304,0.97155448717948723,0.024299667499646949,0.97435897435897434,1,1,0.088308106573613765,71,32,39,0.99587623352805543,0.97435897435897434,0.97435897435897434,0.96875,31,38
2,6,0.94117647058823528,0.93703396851698406,1,4,1,1,1,1,1,3.0534107715286244e-05,1,0,0,0.0048101896907519681,4,2,2,1,1,1,1,1,2,2,1335,random_window,Random-window split,arithmetic,1,4,519,1,4,71,1,0.971830985915493,0.9983974358974359,0.99870151216305081,0.97155448717948723,0.018082450905713254,0.97435897435897434,1,1,0.067987684085322825,71,32,39,0.99868464306723437,0.97435897435897434,0.97435897435897434,0.96875,31,38
1,6,0.94117647058823528,0.94117647058823517,1,4,1,1,1,1,1,0.0017982458480521736,1,0,0,0.024610710818409178,4,2,2,1,1,1,1,1,2,2,1388,random_window,Random-window split,arithmetic,1,4,519,1,4,71,1,0.95774647887323938,0.99118589743589747,0.99296399723229012,0.953125,0.038729497034114907,0.96296296296296291,0,3,0.12664731965302103,71,32,39,0.99287375483435536,0.9285714285714286,1,0.90625,29,39
2,6,0.94117647058823528,0.94117647058823517,1,4,1,1,1,1,1,0.00088506638826227812,1,0,0,0.019209182368833427,4,2,2,1,1,1,1,1,2,2,1388,random_window,Random-window split,arithmetic,1,4,519,1,4,71,1,0.9859154929577465,0.99919871794871795,0.99935897435897447,0.984375,0.016525434708094189,0.98734177215189878,0,1,0.069334914114391702,71,32,39,0.99935075608152546,0.97499999999999998,1,0.96875,31,39
1,6,0.94117647058823528,0.94117647058823517,1,4,1,1,1,1,1,0.0001659439772895796,1,0,0,0.0086039400355168941,4,2,2,1,1,1,1,1,2,2,1441,random_window,Random-window split,arithmetic,1,4,519,1,4,71,1,0.9859154929577465,0.99759615384615385,0.99802674833039218,0.984375,0.020976463374601531,0.98734177215189878,0,1,0.083752620156150023,71,32,39,0.9980007608044047,0.97499999999999998,1,0.96875,31,39
2,6,0.94117647058823528,0.93951946975973466,1,4,1,1,1,1,1,0.00024188119746744211,1,0,0,0.011523989774526721,4,2,2,1,1,1,1,1,2,2,1441,random_window,Random-window split,arithmetic,1,4,519,1,4,71,1,1,1,1,1,0.010930830957114911,1,0,0,0.05606995566806254,71,32,39,1,1,1,1,32,39
1,6,0.94117647058823528,0.94117647058823517,1,4,1,1,1,1,1,0.000375524433117433,1,0,0,0.013093858240028355,4,2,2,1,1,1,1,1,2,2,1494,random_window,Random-window split,arithmetic,1,4,519,1,4,71,1,1,1,1,1,0.0041320432765977978,1,0,0,0.036442539170029535,71,32,39,1,1,1,1,32,39
2,6,0.94117647058823528,0.94117647058823517,1,4,1,1,1,1,1,0.00083154998549242768,1,0,0,0.017800590725811527,4,2,2,1,1,1,1,1,2,2,1494,random_window,Random-window split,arithmetic,1,4,519,1,4,71,1,1,1,1,1,0.0084351616282491177,1,0,0,0.05260173763264641,71,32,39,1,1,1,1,32,39
1,6,0.94117647058823528,0.94034797017398486,1,4,1,1,1,1,1,0.0001030873448016447,1,0,0,0.0078629632283627147,4,2,2,1,1,1,1,1,2,2,1547,random_window,Random-window split,arithmetic,1,4,519,1,4,71,1,0.9859154929577465,1,1,0.984375,0.0074191040811007148,0.98734177215189878,0,1,0.04209600444922653,71,32,39,1,0.97499999999999998,1,0.96875,31,39
2,6,0.94117647058823528,0.94117647058823517,1,4,1,1,1,1,1,7.3727142985930612e-05,1,0,0,0.0068749336220904466,4,2,2,1,1,1,1,1,2,2,1547,random_window,Random-window split,arithmetic,1,4,519,1,4,71,1,0.9859154929577465,1,1,0.984375,0.0095031339276995478,0.98734177215189878,0,1,0.049032866677066231,71,32,39,1,0.97499999999999998,1,0.96875,31,39
1,7,0.94117647058823528,0.93980848153214758,1,4,1,1,1,1,1,0.0013014712753232657,1,0,0,0.024781510619702664,4,2,2,1,1,1,1,1,2,2,1335,random_window,Random-window split,arithmetic,1,4,310,1,4,43,1,1,1,1,1,0.0014042434803818577,1,0,0,0.017792267261793213,43,25,18,1,1,1,1,25,18
2,7,0.94117647058823528,0.93980848153214758,1,4,1,1,1,1,1,0.018250242702990409,1,0,0,0.082171985345055473,4,2,2,1,1,1,1,1,2,2,1335,random_window,Random-window split,arithmetic,1,4,310,1,4,43,1,0.95348837209302328,1,1,0.95999999999999996,0.022022288449664251,0.94736842105263153,0,2,0.063457368092638411,43,25,18,1,0.90000000000000002,1,0.92000000000000004,23,18
1,7,0.94117647058823528,0.94117647058823506,1,4,1,1,1,1,1,3.8309645441990784e-05,1,0,0,0.0042262407390278953,4,2,2,1,1,1,1,1,2,2,1388,random_window,Random-window split,arithmetic,1,4,310,1,4,43,1,0.97674418604651159,1,1,0.97999999999999998,0.0079832763974644269,0.97297297297297303,0,1,0.023840402554907967,43,25,18,1,0.94736842105263153,1,0.95999999999999996,24,18
2,7,0.94117647058823528,0.94117647058823506,1,4,1,1,1,1,1,0.0027192865758726321,1,0,0,0.028569404817273381,4,2,2,1,1,1,1,1,2,2,1388,random_window,Random-window split,arithmetic,1,4,310,1,4,43,1,0.93023255813953487,0.95777777777777773,0.88122415438591917,0.93999999999999995,0.055808569524921817,0.92307692307692313,0,3,0.3809688391036784,43,25,18,0.86868006267516074,0.8571428571428571,1,0.88,22,18
1,7,0.94117647058823528,0.94117647058823506,1,4,1,1,1,1,1,0.0015257857350752825,1,0,0,0.022462095558521366,4,2,2,1,1,1,1,1,2,2,1441,random_window,Random-window split,arithmetic,1,4,310,1,4,43,1,1,1,1,1,0.0056419670977397854,1,0,0,0.024544321764469426,43,25,18,1,1,1,1,25,18
2,7,0.94117647058823528,0.93980848153214758,1,4,1,1,1,1,1,4.7715910538797619e-05,1,0,0,0.0052622188660599745,4,2,2,1,1,1,1,1,2,2,1441,random_window,Random-window split,arithmetic,1,4,310,1,4,43,1,1,1,1,1,0.0010630795790213337,1,0,0,0.013307142292175498,43,25,18,1,1,1,1,25,18
1,7,0.94117647058823528,0.94117647058823506,1,4,1,1,1,1,1,0.00018959197516862697,1,0,0,0.010205863050723905,4,2,2,1,1,1,1,1,2,2,1494,random_window,Random-window split,arithmetic,1,4,310,1,4,43,1,1,1,1,1,0.0061023207640965443,1,0,0,0.029547429734856537,43,25,18,1,1,1,1,25,18
2,7,0.94117647058823528,0.94117647058823506,1,4,1,1,1,1,1,0.011228139800359077,1,0,0,0.061083483441108956,4,2,2,1,1,1,1,1,2,2,1494,random_window,Random-window split,arithmetic,1,4,310,1,4,43,1,0.95348837209302328,1,1,0.95999999999999996,0.020282605473211236,0.94736842105263153,0,2,0.066329284139003131,43,25,18,1,0.90000000000000002,1,0.92000000000000004,23,18
1,7,0.94117647058823528,0.94117647058823506,1,4,1,1,1,1,1,0.00013519494596811807,1,0,0,0.0075508181762049395,4,2,2,1,1,1,1,1,2,2,1547,random_window,Random-window split,arithmetic,1,4,310,1,4,43,1,1,1,1,1,0.0088992578586825997,1,0,0,0.040135446537342821,43,25,18,1,1,1,1,25,18
2,7,0.94117647058823528,0.93980848153214758,1,4,1,1,1,1,1,0.0015554772756614875,1,0,0,0.021427778110319824,4,2,2,1,1,1,1,1,2,2,1547,random_window,Random-window split,arithmetic,1,4,310,1,4,43,1,0.95348837209302328,1,1,0.95999999999999996,0.020459000555085205,0.94736842105263153,0,2,0.063932543325979044,43,25,18,1,0.90000000000000002,1,0.92000000000000004,23,18
1,8,0.94117647058823528,0.94023529411764706,1,4,1,1,1,1,1,0.00093887421057115646,1,0,0,0.023394665549927654,4,2,2,1,1,1,1,1,2,2,1335,random_window,Random-window split,arithmetic,1,4,913,1,4,125,1,0.96799999999999997,0.99508281573498969,0.99626961125720503,0.96765010351966874,0.032528514601459085,0.97101449275362317,2,2,0.12138002282782075,125,56,69,0.9962439052216473,0.97101449275362317,0.97101449275362317,0.9642857142857143,54,67
2,8,0.94117647058823528,0.94070588235294117,1,4,1,1,1,1,1,0.0013381611886376372,1,0,0,0.030215745300252804,4,2,2,1,1,1,1,1,2,2,1335,random_window,Random-window split,arithmetic,1,4,913,1,4,125,1,0.92800000000000005,0.98240165631469989,0.98729731304769441,0.93310041407867494,0.055781996669768921,0.93129770992366412,8,1,0.18840530462734861,125,56,69,0.9872135240973906,0.9838709677419355,0.88405797101449279,0.9821428571428571,55,61
1,8,0.94117647058823528,0.93929411764705883,1,4,1,1,1,1,1,0.0022741449741999764,1,0,0,0.035372570728470228,4,2,2,1,1,1,1,1,2,2,1388,random_window,Random-window split,arithmetic,1,4,913,1,4,125,1,0.95999999999999996,0.98706004140786752,0.98902093795395651,0.95872153209109734,0.046568102544066563,0.96402877697841727,2,3,0.15686979107798507,125,56,69,0.98893531962622949,0.95714285714285718,0.97101449275362317,0.9464285714285714,53,67
2,8,0.94117647058823528,0.94023529411764706,1,4,1,1,1,1,1,0.0013789341006752698,1,0,0,0.029823267125664833,4,2,2,1,1,1,1,1,2,2,1388,random_window,Random-window split,arithmetic,1,4,913,1,4,125,1,0.95999999999999996,0.99430641821946175,0.99555190221375012,0.95872153209109734,0.036552677515288519,0.96402877697841727,2,3,0.13519947017163225,125,56,69,0.9955203721993795,0.95714285714285718,0.97101449275362317,0.9464285714285714,53,67
1,8,0.94117647058823528,0.94023529411764706,1,4,1,1,1,1,1,0.00087598119703906959,1,0,0,0.024101116781550639,4,2,2,1,1,1,1,1,2,2,1441,random_window,Random-window split,arithmetic,1,4,913,1,4,125,1,0.96799999999999997,0.98938923395445144,0.99087607306075576,0.9693322981366459,0.038939336585772248,0.97058823529411764,3,1,0.13922687716150184,125,56,69,0.99080296381338662,0.9850746268656716,0.95652173913043481,0.9821428571428571,55,66
2,8,0.94117647058823528,0.94070588235294117,1,4,1,1,1,1,1,0.002584249036525545,1,0,0,0.036646839985799616,4,2,2,1,1,1,1,1,2,2,1441,random_window,Random-window split,arithmetic,1,4,913,1,4,125,1,0.92000000000000004,0.98240165631469978,0.98590924538153191,0.920807453416149,0.05663656727427565,0.92647058823529416,6,4,0.18015929967611541,125,56,69,0.98580577399119418,0.94029850746268662,0.91304347826086951,0.9285714285714286,52,63
1,8,0.94117647058823528,0.93976470588235295,1,4,1,1,1,1,1,0.00084213641158689234,1,0,0,0.022454375853393296,4,2,2,1,1,1,1,1,2,2,1494,random_window,Random-window split,arithmetic,1,4,913,1,4,125,1,0.94399999999999995,0.99120082815734989,0.99319121991312909,0.94591097308488614,0.042429397118142753,0.94814814814814818,5,2,0.14329279456853067,125,56,69,0.99314318818219949,0.96969696969696972,0.92753623188405798,0.9642857142857143,54,64
2,8,0.94117647058823528,0.93976470588235295,1,4,1,1,1,1,1,0.0016105402295854684,1,0,0,0.032023944986515354,4,2,2,1,1,1,1,1,2,2,1494,random_window,Random-window split,arithmetic,1,4,913,1,4,125,1,0.88800000000000001,0.96842650103519667,0.97567627939024082,0.88845755693581785,0.07512626108275347,0.8970588235294118,8,6,0.22835390126517213,125,56,69,0.97550284041324409,0.91044776119402981,0.88405797101449279,0.8928571428571429,50,61
1,8,0.94117647058823528,0.94070588235294117,1,4,1,1,1,1,1,0.006116248345189236,1,0,0,0.050582796564342419,4,2,2,1,1,1,1,1,2,2,1547,random_window,Random-window split,arithmetic,1,4,913,1,4,125,1,0.93600000000000005,0.97515527950310554,0.97740693844038196,0.93530020703933747,0.058951203595132798,0.94202898550724634,4,4,0.20435614231009872,125,56,69,0.97721238568593416,0.94202898550724634,0.94202898550724634,0.9285714285714286,52,65
2,8,0.94117647058823528,0.93929411764705883,1,4,1,1,1,1,1,0.00081840068294928474,1,0,0,0.022508192725686636,4,2,2,1,1,1,1,1,2,2,1547,random_window,Random-window split,arithmetic,1,4,913,1,4,125,1,0.94399999999999995,0.98861283643892339,0.99170246521787575,0.94254658385093171,0.045625686640271244,0.94964028776978415,3,4,0.15336448669988637,125,56,69,0.9916474070282103,0.94285714285714284,0.95652173913043481,0.9285714285714286,52,66
1,9,0.94117647058823528,0.94072398190045259,1,4,1,1,1,1,1,0.00073638072521235124,1,0,0,0.015513415504953894,4,2,2,1,1,1,1,1,2,2,1335,random_window,Random-window split,arithmetic,1,4,949,1,4,130,1,0.98461538461538467,0.99834280303030298,0.99854711498547111,0.98461174242424243,0.012616143202230116,0.98484848484848486,1,1,0.050898930046059457,130,64,66,0.9985370255062036,0.98484848484848486,0.98484848484848486,0.984375,63,65
2,9,0.94117647058823528,0.93936651583710418,1,4,1,1,1,1,1,0.00063704535865570175,1,0,0,0.017962691442921237,4,2,2,1,1,1,1,1,2,2,1335,random_window,Random-window split,arithmetic,1,4,949,1,4,130,1,0.98461538461538467,0.99976325757575757,0.99977385798281315,0.98461174242424243,0.0070734492117183407,0.98484848484848486,1,1,0.029119129387546475,130,64,66,0.9997721447857133,0.98484848484848486,0.98484848484848486,0.984375,63,65
1,9,0.94117647058823528,0.93936651583710418,1,4,1,1,1,1,1,0.00066491940400395847,1,0,0,0.015536563152010067,4,2,2,1,1,1,1,1,2,2,1388,random_window,Random-window split,arithmetic,1,4,949,1,4,130,1,0.98461538461538467,0.99928977272727271,0.99934123847167322,0.98461174242424243,0.011975618833582348,0.98484848484848486,1,1,0.041613264004003767,130,64,66,0.99933639463690616,0.98484848484848486,0.98484848484848486,0.984375,63,65
2,9,0.94117647058823528,0.94072398190045259,1,4,1,1,1,1,1,0.0005755658368879887,1,0,0,0.017415882209874591,4,2,2,1,1,1,1,1,2,2,1388,random_window,Random-window split,arithmetic,1,4,949,1,4,130,1,0.98461538461538467,0.99928977272727271,0.99932479879003933,0.98461174242424243,0.012765257643700088,0.98484848484848486,1,1,0.045683120443031563,130,64,66,0.99931970726128283,0.98484848484848486,0.98484848484848486,0.984375,63,65
1,9,0.94117647058823528,0.93981900452488698,1,4,1,1,1,1,1,0.00063102453734487161,1,0,0,0.016589835124015302,4,2,2,1,1,1,1,1,2,2,1441,random_window,Random-window split,arithmetic,1,4,949,1,4,130,1,1,1,1,1,0.0031322061965579242,1,0,0,0.022536363476866487,130,64,66,1,1,1,1,64,66
2,9,0.94117647058823528,0.94027149321266978,1,4,1,1,1,1,1,0.00023810957713514766,1,0,0,0.011112621516902892,4,2,2,1,1,1,1,1,2,2,1441,random_window,Random-window split,arithmetic,1,4,949,1,4,130,1,1,1,1,1,0.0024036860946577343,1,0,0,0.019413553912702997,130,64,66,1,1,1,1,64,66
1,9,0.94117647058823528,0.94027149321266978,1,4,1,1,1,1,1,0.0004293144906040496,1,0,0,0.015089442787469954,4,2,2,1,1,1,1,1,2,2,1494,random_window,Random-window split,arithmetic,1,4,949,1,4,130,1,1,1,1,1,0.0032379642298369427,1,0,0,0.023217625405514593,130,64,66,1,1,1,1,64,66
2,9,0.94117647058823528,0.93981900452488698,1,4,1,1,1,1,1,0.00023379682684577277,1,0,0,0.010899314765603596,4,2,2,1,1,1,1,1,2,2,1494,random_window,Random-window split,arithmetic,1,4,949,1,4,130,1,1,1,1,1,0.0012442578265152928,1,0,0,0.015058427700234855,130,64,66,1,1,1,1,64,66
1,9,0.94117647058823528,0.93981900452488698,1,4,1,1,1,1,1,0.00036167040755190674,1,0,0,0.013835685541820091,4,2,2,1,1,1,1,1,2,2,1547,random_window,Random-window split,arithmetic,1,4,949,1,4,130,1,0.98461538461538467,0.99976325757575757,0.99977385798281315,0.98461174242424243,0.0084694917084652422,0.98484848484848486,1,1,0.033413263890690763,130,64,66,0.9997721447857133,0.98484848484848486,0.98484848484848486,0.984375,63,65
2,9,0.94117647058823528,0.94072398190045259,1,4,1,1,1,1,1,0.00014269890725986865,1,0,0,0.0088575949022166103,4,2,2,1,1,1,1,1,2,2,1547,random_window,Random-window split,arithmetic,1,4,949,1,4,130,1,0.97692307692307689,0.99952651515151514,0.99955436720142599,0.97679924242424243,0.0090770351138776736,0.97744360902255634,1,2,0.037916806223600136,130,64,66,0.99955104158352626,0.97014925373134331,0.98484848484848486,0.96875,62,65
1,10,0.94117647058823528,0.94117647058823539,1,4,1,1,1,1,1,0.00029536304740076152,1,0,0,0.014835346089958299,4,2,2,1,1,1,1,1,2,2,1335,random_window,Random-window split,arithmetic,1,4,473,1,4,65,1,1,1,1,1,0.0058483521668396456,1,0,0,0.042666170317238399,65,34,31,1,1,1,1,34,31
2,10,0.94117647058823528,0.94117647058823539,1,4,1,1,1,1,1,0.0054800407112483547,1,0,0,0.047861686204465931,4,2,2,1,1,1,1,1,2,2,1335,random_window,Random-window split,arithmetic,1,4,473,1,4,65,1,0.9538461538461539,0.99146110056925996,0.98993893295841695,0.95445920303605314,0.039753202144140756,0.95238095238095233,1,2,0.14182783899193985,65,34,31,0.98975663390124802,0.9375,0.967741935483871,0.94117647058823528,32,30
1,10,0.94117647058823528,0.93936651583710418,1,4,1,1,1,1,1,0.00025282939748754791,1,0,0,0.01102513046462059,4,2,2,1,1,1,1,1,2,2,1388,random_window,Random-window split,arithmetic,1,4,473,1,4,65,1,1,1,1,1,0.0040428368041462966,1,0,0,0.032668059246165074,65,34,31,1,1,1,1,34,31
2,10,0.94117647058823528,0.94117647058823539,1,4,1,1,1,1,1,0.0011323206093942712,1,0,0,0.025089837540873954,4,2,2,1,1,1,1,1,2,2,1388,random_window,Random-window split,arithmetic,1,4,473,1,4,65,1,0.96923076923076923,0.99335863377609102,0.99338081273565149,0.967741935483871,0.031569236295721712,0.96666666666666667,2,0,0.11172517462638297,65,34,31,0.99328077638680101,1,0.93548387096774188,1,34,29
1,10,0.94117647058823528,0.94117647058823539,1,4,1,1,1,1,1,0.0019924718033444387,1,0,0,0.031683619757131118,4,2,2,1,1,1,1,1,2,2,1441,random_window,Random-window split,arithmetic,1,4,473,1,4,65,1,0.9538461538461539,0.98861480075901331,0.98572604673290798,0.95445920303605314,0.03500715570952706,0.95238095238095233,1,2,0.12995877820520088,65,34,31,0.98544774153134584,0.9375,0.967741935483871,0.94117647058823528,32,30
2,10,0.94117647058823528,0.94027149321266978,1,4,1,1,1,1,1,0.0049113021797399748,1,0,0,0.04492086299443155,4,2,2,1,1,1,1,1,2,2,1441,random_window,Random-window split,arithmetic,1,4,473,1,4,65,1,0.9538461538461539,1,1,0.95588235294117641,0.02717873412066181,0.9538461538461539,0,3,0.10193792253643545,65,34,31,1,0.91176470588235292,1,0.91176470588235292,31,31
1,10,0.94117647058823528,0.93936651583710418,1,4,1,1,1,1,1,0.0027702302296332562,1,0,0,0.034803866871387437,4,2,2,1,1,1,1,1,2,2,1494,random_window,Random-window split,arithmetic,1,4,473,1,4,65,1,0.96923076923076923,0.99905123339658441,0.998991935483871,0.96916508538899437,0.020860469500635342,0.967741935483871,1,1,0.080693345644261769,65,34,31,0.99897567637877205,0.967741935483871,0.967741935483871,0.97058823529411764,33,30
2,10,0.94117647058823528,0.93936651583710418,1,4,1,1,1,1,1,0.00053171867602201835,1,0,0,0.016501295313988612,4,2,2,1,1,1,1,1,2,2,1494,random_window,Random-window split,arithmetic,1,4,473,1,4,65,1,0.98461538461538467,1,1,0.98529411764705888,0.013503296605650699,0.98412698412698407,0,1,0.060664930885543908,65,34,31,1,0.96875,1,0.97058823529411764,33,31
1,10,0.94117647058823528,0.94117647058823539,1,4,1,1,1,1,1,0.0014759908608797797,1,0,0,0.028220051226968489,4,2,2,1,1,1,1,1,2,2,1547,random_window,Random-window split,arithmetic,1,4,473,1,4,65,1,0.98461538461538467,1,1,0.98529411764705888,0.015883895455277193,0.98412698412698407,0,1,0.074946779094086063,65,34,31,1,0.96875,1,0.97058823529411764,33,31
2,10,0.94117647058823528,0.94117647058823539,1,4,1,1,1,1,1,0.002985728120624372,1,0,0,0.03410367352101782,4,2,2,1,1,1,1,1,2,2,1547,random_window,Random-window split,arithmetic,1,4,473,1,4,65,1,0.98461538461538467,0.99810246679316883,0.99804496578690127,0.9838709677419355,0.017566439717476082,0.98360655737704916,1,0,0.074555269996800816,65,34,31,0.99801441837732163,1,0.967741935483871,1,34,30
1,11,0.94117647058823528,0.9399114484503478,1,4,1,1,1,1,1,0.0056769588417258481,1,0,0,0.049519263588566363,4,2,2,1,1,1,1,1,2,2,1335,random_window,Random-window split,arithmetic,1,4,679,1,4,93,1,0.967741935483871,0.98657407407407405,0.98047019752291431,0.96805555555555556,0.031092039553799036,0.96703296703296704,1,2,0.13049526668664674,93,48,45,0.98014265910013776,0.95652173913043481,0.97777777777777775,0.95833333333333337,46,44
2,11,0.94117647058823528,0.9399114484503478,1,4,1,1,1,1,1,0.0032967692110465385,1,0,0,0.042379808634521801,4,2,2,1,1,1,1,1,2,2,1335,random_window,Random-window split,arithmetic,1,4,679,1,4,93,1,0.967741935483871,0.98287037037037039,0.97496440438897303,0.96875,0.033656063730415159,0.967741935483871,0,3,0.14063297547144352,93,48,45,0.97453543865578929,0.9375,1,0.9375,45,45
1,11,0.94117647058823528,0.93738140417457283,1,4,1,1,1,1,1,0.028870865474416321,1,0,0,0.11112545802009835,4,2,2,1,1,1,1,1,2,2,1388,random_window,Random-window split,arithmetic,1,4,679,1,4,93,1,0.956989247311828,0.93472222222222223,0.83684413610239039,0.95833333333333326,0.055128604147669166,0.95744680851063835,0,4,0.39646655980702938,93,48,45,0.82368303327742221,0.91836734693877553,1,0.91666666666666663,44,45
2,11,0.94117647058823528,0.94117647058823517,1,4,1,1,1,1,1,0.0036658961613815857,1,0,0,0.037241423005348384,4,2,2,1,1,1,1,1,2,2,1388,random_window,Random-window split,arithmetic,1,4,679,1,4,93,1,0.978494623655914,1,1,0.97916666666666674,0.017264353932447993,0.97826086956521741,0,2,0.071537816217199471,93,48,45,1,0.95744680851063835,1,0.95833333333333337,46,45
1,11,0.94117647058823528,0.93927893738140411,1,4,1,1,1,1,1,0.0053710367613899234,1,0,0,0.049222519122064885,4,2,2,1,1,1,1,1,2,2,1441,random_window,Random-window split,arithmetic,1,4,679,1,4,93,1,0.92473118279569888,0.9824074074074074,0.98324667311545444,0.92569444444444449,0.048170978837163266,0.92473118279569888,2,5,0.17551192570233501,93,48,45,0.98307082416780911,0.89583333333333337,0.9555555555555556,0.89583333333333337,43,43
2,11,0.94117647058823528,0.94054395951929159,1,4,1,1,1,1,1,0.00088882185179271788,1,0,0,0.024663342790353017,4,2,2,1,1,1,1,1,2,2,1441,random_window,Random-window split,arithmetic,1,4,679,1,4,93,1,0.94623655913978499,0.9912037037037037,0.99019557642232459,0.94652777777777786,0.034535004701050982,0.94505494505494503,2,3,0.11965559749024236,93,48,45,0.99007735662588037,0.93478260869565222,0.9555555555555556,0.9375,45,43
1,11,0.94117647058823528,0.93864642631246031,1,4,1,1,1,1,1,0.0071264551769115638,1,0,0,0.057137550477487899,4,2,2,1,1,1,1,1,2,2,1494,random_window,Random-window split,arithmetic,1,4,679,1,4,93,1,0.978494623655914,0.99722222222222223,0.99710053562659196,0.97916666666666674,0.025037030461751174,0.97826086956521741,0,2,0.098253115781121628,93,48,45,0.99706829836031208,0.95744680851063835,1,0.95833333333333337,46,45
2,11,0.94117647058823528,0.93927893738140411,1,4,1,1,1,1,1,0.0017733208011566398,1,0,0,0.032326095656104135,4,2,2,1,1,1,1,1,2,2,1494,random_window,Random-window split,arithmetic,1,4,679,1,4,93,1,0.956989247311828,0.9819444444444444,0.98690476190476206,0.95694444444444449,0.036533954690790599,0.9555555555555556,2,2,0.16498932868834676,93,48,45,0.9868027864154626,0.9555555555555556,0.9555555555555556,0.95833333333333337,46,43
1,11,0.94117647058823528,0.94054395951929159,1,4,1,1,1,1,1,0.0038040735865648503,1,0,0,0.042125400336912359,4,2,2,1,1,1,1,1,2,2,1547,random_window,Random-window split,arithmetic,1,4,679,1,4,93,1,0.967741935483871,0.99583333333333335,0.99564717220514343,0.96805555555555556,0.026614610714939591,0.96703296703296704,1,2,0.094752710777137802,93,48,45,0.99559869271323831,0.95652173913043481,0.97777777777777775,0.95833333333333337,46,44
2,11,0.94117647058823528,0.94117647058823517,1,4,1,1,1,1,1,0.0027576682773967614,1,0,0,0.036498759322793936,4,2,2,1,1,1,1,1,2,2,1547,random_window,Random-window split,arithmetic,1,4,679,1,4,93,1,0.94623655913978499,0.98750000000000004,0.99026286482511061,0.94652777777777786,0.035826978529216222,0.94505494505494503,2,3,0.14087888630464773,93,48,45,0.99018014283032552,0.93478260869565222,0.9555555555555556,0.9375,45,43
1,12,0.94117647058823528,0.94043186895011155,1,4,1,1,1,1,1,0.00088851821340658942,1,0,0,0.02182020048077004,4,2,2,1,1,1,1,1,2,2,1335,random_window,Random-window split,arithmetic,1,4,576,1,4,79,1,1,1,1.0000000000000002,1,0.0052571110407876667,1,0,0,0.038125849828149788,79,36,43,1.0000000000000002,1,1,1,36,43
2,12,0.94117647058823528,0.93373045420699907,1,4,1,1,1,1,1,0.00053913827547261237,1,0,0,0.017193097578643849,4,2,2,1,1,1,1,1,2,2,1335,random_window,Random-window split,arithmetic,1,4,576,1,4,79,1,1,1,1.0000000000000002,1,0.012241959561540894,1,0,0,0.065114387304115492,79,36,43,1.0000000000000002,1,1,1,36,43
1,12,0.94117647058823528,0.93819806403574058,1,4,1,1,1,1,1,0.003451871864460253,1,0,0,0.039425085721759547,4,2,2,1,1,1,1,1,2,2,1388,random_window,Random-window split,arithmetic,1,4,576,1,4,79,1,1,1,1.0000000000000002,1,0.0096511858326598851,1,0,0,0.056980587725327089,79,36,43,1.0000000000000002,1,1,1,36,43
2,12,0.94117647058823528,0.9389426656738642,1,4,1,1,1,1,1,0.0015163077462216677,1,0,0,0.028221808744986789,4,2,2,1,1,1,1,1,2,2,1388,random_window,Random-window split,arithmetic,1,4,576,1,4,79,1,0.96202531645569622,0.97028423772609829,0.93853417010613471,0.960594315245478,0.034387380545921872,0.96551724137931039,1,2,0.21374423266957693,79,36,43,0.93489699331505349,0.95454545454545459,0.97674418604651159,0.94444444444444442,34,42
1,12,0.94117647058823528,0.93968726731198793,1,4,1,1,1,1,1,0.0005290156487242517,1,0,0,0.015542311165136035,4,2,2,1,1,1,1,1,2,2,1441,random_window,Random-window split,arithmetic,1,4,576,1,4,79,1,0.98734177215189878,1,1.0000000000000002,0.98611111111111116,0.006434979857974807,0.9885057471264368,0,1,0.033562931932933422,79,36,43,1.0000000000000002,0.97727272727272729,1,0.97222222222222221,35,43
2,12,0.94117647058823528,0.93819806403574058,1,4,1,1,1,1,1,0.0014486467706392731,1,0,0,0.022589139693109012,4,2,2,1,1,1,1,1,2,2,1441,random_window,Random-window split,arithmetic,1,4,576,1,4,79,1,0.98734177215189878,1,1.0000000000000002,0.98611111111111116,0.008586629428555332,0.9885057471264368,0,1,0.046032200538764161,79,36,43,1.0000000000000002,0.97727272727272729,1,0.97222222222222221,35,43
1,12,0.94117647058823528,0.9389426656738642,1,4,1,1,1,1,1,0.00085589086316608396,1,0,0,0.019335143767389283,4,2,2,1,1,1,1,1,2,2,1494,random_window,Random-window split,arithmetic,1,4,576,1,4,79,1,0.98734177215189878,0.99741602067183466,0.9978097010606346,0.98611111111111116,0.013912004707453339,0.9885057471264368,0,1,0.060415143317273982,79,36,43,0.99778327399932376,0.97727272727272729,1,0.97222222222222221,35,43
2,12,0.94117647058823528,0.93968726731198793,1,4,1,1,1,1,1,0.00027987416360759654,1,0,0,0.011805051147989673,4,2,2,1,1,1,1,1,2,2,1494,random_window,Random-window split,arithmetic,1,4,576,1,4,79,1,1,1,1.0000000000000002,1,0.0015500804482782105,1,0,0,0.019917479216175468,79,36,43,1.0000000000000002,1,1,1,36,43
1,12,0.94117647058823528,0.94117647058823506,1,4,1,1,1,1,1,0.0020114226421393713,1,0,0,0.031349759000281932,4,2,2,1,1,1,1,1,2,2,1547,random_window,Random-window split,arithmetic,1,4,576,1,4,79,1,0.96202531645569622,0.98514211886304903,0.98712706026267505,0.95833333333333326,0.039657823016798606,0.9662921348314607,0,3,0.13728839318640518,79,36,43,0.98696694573331456,0.93478260869565222,1,0.91666666666666663,33,43
2,12,0.94117647058823528,0.93968726731198793,1,4,1,1,1,1,1,0.00070088458904467809,1,0,0,0.017885211130393566,4,2,2,1,1,1,1,1,2,2,1547,random_window,Random-window split,arithmetic,1,4,576,1,4,79,1,0.97468354430379744,0.99741602067183466,0.9978097010606346,0.97222222222222221,0.018925176151628212,0.97727272727272729,0,2,0.073576565329528373,79,36,43,0.99778327399932376,0.9555555555555556,1,0.94444444444444442,34,43
1,13,0.94117647058823528,0.93754538852578062,1,4,1,1,1,1,1,5.6708677492278376e-05,1,0,0,0.0057159763685429412,4,2,2,1,1,1,1,1,2,2,1335,random_window,Random-window split,arithmetic,1,4,589,1,4,81,1,1,1,1,1,0.00095950156210021661,1,0,0,0.015784665458822074,81,39,42,1,1,1,1,39,42
2,13,0.94117647058823528,0.93972403776325353,1,4,1,1,1,1,1,6.8168598292622649e-06,1,0,0,0.0022294653043210665,4,2,2,1,1,1,1,1,2,2,1335,random_window,Random-window split,arithmetic,1,4,589,1,4,81,1,1,1,1,1,0.00066339690608402347,1,0,0,0.011913193957471983,81,39,42,1,1,1,1,39,42
1,13,0.94117647058823528,0.93972403776325353,1,4,1,1,1,1,1,1.7710519095762019e-05,1,0,0,0.0036864181067693016,4,2,2,1,1,1,1,1,2,2,1388,random_window,Random-window split,arithmetic,1,4,589,1,4,81,1,1,1,1,1,0.0029550977196731963,1,0,0,0.023218193070013132,81,39,42,1,1,1,1,39,42
2,13,0.94117647058823528,0.94045025417574446,1,4,1,1,1,1,1,2.2708897466045147e-06,1,0,0,0.001212550355702627,4,2,2,1,1,1,1,1,2,2,1388,random_window,Random-window split,arithmetic,1,4,589,1,4,81,1,1,1,1,1,0.00035829133344704971,1,0,0,0.010431059241106211,81,39,42,1,1,1,1,39,42
1,13,0.94117647058823528,0.94045025417574446,1,4,1,1,1,1,1,1.5165439049858079e-05,1,0,0,0.0032312361517672509,4,2,2,1,1,1,1,1,2,2,1441,random_window,Random-window split,arithmetic,1,4,589,1,4,81,1,1,1,1,1,0.0014816711012382792,1,0,0,0.017245690120816781,81,39,42,1,1,1,1,39,42
2,13,0.94117647058823528,0.93972403776325353,1,4,1,1,1,1,1,1.1699239122802501e-05,1,0,0,0.0024405859240814501,4,2,2,1,1,1,1,1,2,2,1441,random_window,Random-window split,arithmetic,1,4,589,1,4,81,1,1,1,1,1,0.0022397917537936209,1,0,0,0.017035835500864738,81,39,42,1,1,1,1,39,42
1,13,0.94117647058823528,0.93827160493827155,1,4,1,1,1,1,1,2.4733977166750637e-05,1,0,0,0.0035570833015884443,4,2,2,1,1,1,1,1,2,2,1494,random_window,Random-window split,arithmetic,1,4,589,1,4,81,1,0.96296296296296291,0.99755799755799757,0.99781032920567803,0.96153846153846156,0.028846219990037267,0.96551724137931039,0,3,0.093322235517902141,81,39,42,0.99778456132276727,0.93333333333333335,1,0.92307692307692313,36,42
2,13,0.94117647058823528,0.93972403776325353,1,4,1,1,1,1,1,2.1529324070878636e-05,1,0,0,0.0030244721941500271,4,2,2,1,1,1,1,1,2,2,1494,random_window,Random-window split,arithmetic,1,4,589,1,4,81,1,0.97530864197530864,1,1,0.97435897435897434,0.011626122361954518,0.97674418604651159,0,2,0.037661183926885618,81,39,42,1,0.95454545454545459,1,0.94871794871794868,37,42
1,13,0.94117647058823528,0.93972403776325353,1,4,1,1,1,1,1,5.6376606516505212e-06,1,0,0,0.0017224535815887143,4,2,2,1,1,1,1,1,2,2,1547,random_window,Random-window split,arithmetic,1,4,589,1,4,81,1,1,1,1,1,0.00092467077733693109,1,0,0,0.0159886223203526,81,39,42,1,1,1,1,39,42
2,13,0.94117647058823528,0.94117647058823528,1,4,1,1,1,1,1,8.000657424912828e-06,1,0,0,0.0022706531582743191,4,2,2,1,1,1,1,1,2,2,1547,random_window,Random-window split,arithmetic,1,4,589,1,4,81,1,1,1,1,1,0.0010795075247900254,1,0,0,0.017333703237872863,81,39,42,1,1,1,1,39,42
1,14,0.94117647058823528,0.94035947712418322,1,4,1,1,1,1,1,0.0033660663976616116,1,0,0,0.040097787539476994,4,2,2,1,1,1,1,1,2,2,1335,random_window,Random-window split,arithmetic,1,4,522,1,4,72,1,0.95833333333333337,0.99145299145299148,0.99268411280359536,0.95687645687645695,0.03399373545795286,0.96202531645569622,1,2,0.11636293966529479,72,33,39,0.99258647942045264,0.94999999999999996,0.97435897435897434,0.93939393939393945,31,38
2,14,0.94117647058823528,0.93954248366013082,1,4,1,1,1,1,1,0.00035153958509274405,1,0,0,0.013330943175216612,4,2,2,1,1,1,1,1,2,2,1335,random_window,Random-window split,arithmetic,1,4,522,1,4,72,1,0.98611111111111116,1,1,0.98484848484848486,0.010630397173470418,0.98734177215189878,0,1,0.048559462337985262,72,33,39,1,0.97499999999999998,1,0.96969696969696972,32,39
1,14,0.94117647058823528,0.94117647058823528,1,4,1,1,1,1,1,0.000956726055190851,1,0,0,0.021407407904906934,4,2,2,1,1,1,1,1,2,2,1388,random_window,Random-window split,arithmetic,1,4,522,1,4,72,1,0.97222222222222221,0.99922299922299929,0.99935897435897436,0.97202797202797209,0.016431118716989518,0.97435897435897434,1,1,0.06314396523004312,72,33,39,0.99935075608152535,0.97435897435897434,0.97435897435897434,0.96969696969696972,32,38
2,14,0.94117647058823528,0.94117647058823528,1,4,1,1,1,1,1,0.0024593369811708289,1,0,0,0.030811724145510141,4,2,2,1,1,1,1,1,2,2,1388,random_window,Random-window split,arithmetic,1,4,522,1,4,72,1,0.98611111111111116,1,1,0.98484848484848486,0.01026723309030904,0.98734177215189878,0,1,0.05175020295742816,72,33,39,1,0.97499999999999998,1,0.96969696969696972,32,39
1,14,0.94117647058823528,0.94117647058823528,1,4,1,1,1,1,1,0.00032920035395550383,1,0,0,0.01275812638561321,4,2,2,1,1,1,1,1,2,2,1441,random_window,Random-window split,arithmetic,1,4,522,1,4,72,1,0.95833333333333337,0.99689199689199692,0.99741699223283109,0.9592074592074592,0.022016370189170176,0.96103896103896103,2,1,0.071229388022337525,72,33,39,0.99738358821256035,0.97368421052631582,0.94871794871794868,0.96969696969696972,32,37
2,14,0.94117647058823528,0.94035947712418322,1,4,1,1,1,1,1,0.00058321574436056352,1,0,0,0.016990252147865696,4,2,2,1,1,1,1,1,2,2,1441,random_window,Random-window split,arithmetic,1,4,522,1,4,72,1,1,1,1,1,0.011437463144090882,1,0,0,0.053615213841155356,72,33,39,1,1,1,1,33,39
1,14,0.94117647058823528,0.94117647058823528,1,4,1,1,1,1,1,0.00027454033078395582,1,0,0,0.011885433822991773,4,2,2,1,1,1,1,1,2,2,1494,random_window,Random-window split,arithmetic,1,4,522,1,4,72,1,1,1,1,1,0.0047775143064687255,1,0,0,0.034187626581327853,72,33,39,1,1,1,1,33,39
2,14,0.94117647058823528,0.94035947712418322,1,4,1,1,1,1,1,0.00077600976991729694,1,0,0,0.018790215555749584,4,2,2,1,1,1,1,1,2,2,1494,random_window,Random-window split,arithmetic,1,4,522,1,4,72,1,1,1,1,1,0.0080462501938927764,1,0,0,0.043271628033606055,72,33,39,1,1,1,1,33,39
1,14,0.94117647058823528,0.94035947712418322,1,4,1,1,1,1,1,0.00087637678870186478,1,0,0,0.020891827059918336,4,2,2,1,1,1,1,1,2,2,1547,random_window,Random-window split,arithmetic,1,4,522,1,4,72,1,1,1,1,1,0.0070865370780547471,1,0,0,0.045546512838753918,72,33,39,1,1,1,1,33,39
2,14,0.94117647058823528,0.94035947712418322,1,4,1,1,1,1,1,0.0020261655475756458,1,0,0,0.029986221388399504,4,2,2,1,1,1,1,1,2,2,1547,random_window,Random-window split,arithmetic,1,4,522,1,4,72,1,0.98611111111111116,0.99766899766899775,0.99802674833039207,0.98484848484848486,0.020813207464280208,0.98734177215189878,0,1,0.080452455278785362,72,33,39,0.99800076080440459,0.97499999999999998,1,0.96969696969696972,32,39
1,15,0.94117647058823528,0.93983957219251346,1,4,1,1,1,1,1,0.0004760835728200494,1,0,0,0.015995437030449686,4,2,2,1,1,1,1,1,2,2,1335,random_window,Random-window split,arithmetic,1,4,639,1,4,88,1,1,1,0.99999999999999989,1,0.001290036747601314,1,0,0,0.019938426544433594,88,42,46,0.99999999999999989,1,1,1,42,46
2,15,0.94117647058823528,0.94117647058823539,1,4,1,1,1,1,1,0.00044985627399265365,1,0,0,0.015587526853894572,4,2,2,1,1,1,1,1,2,2,1335,random_window,Random-window split,arithmetic,1,4,639,1,4,88,1,1,1,0.99999999999999989,1,0.0030289860217496602,1,0,0,0.031482113704276192,88,42,46,0.99999999999999989,1,1,1,42,46
1,15,0.94117647058823528,0.93983957219251346,1,4,1,1,1,1,1,0.00028795112229808235,1,0,0,0.012418629224540042,4,2,2,1,1,1,1,1,2,2,1388,random_window,Random-window split,arithmetic,1,4,639,1,4,88,1,1,1,0.99999999999999989,1,0.0017529679895962934,1,0,0,0.020858141543391086,88,42,46,0.99999999999999989,1,1,1,42,46
2,15,0.94117647058823528,0.94117647058823539,1,4,1,1,1,1,1,0.00042351225171491141,1,0,0,0.014524693823915868,4,2,2,1,1,1,1,1,2,2,1388,random_window,Random-window split,arithmetic,1,4,639,1,4,88,1,1,1,0.99999999999999989,1,0.0012943548967817001,1,0,0,0.019535857242281244,88,42,46,0.99999999999999989,1,1,1,42,46
1,15,0.94117647058823528,0.93983957219251346,1,4,1,1,1,1,1,0.00033174591273269096,1,0,0,0.013688407405918559,4,2,2,1,1,1,1,1,2,2,1441,random_window,Random-window split,arithmetic,1,4,639,1,4,88,1,1,1,0.99999999999999989,1,0.0018341059944648357,1,0,0,0.022779719356301444,88,42,46,0.99999999999999989,1,1,1,42,46
2,15,0.94117647058823528,0.93983957219251346,1,4,1,1,1,1,1,0.00057895937898264722,1,0,0,0.017469526578599105,4,2,2,1,1,1,1,1,2,2,1441,random_window,Random-window split,arithmetic,1,4,639,1,4,88,1,1,1,0.99999999999999989,1,0.0028549666349816632,1,0,0,0.028611978089474414,88,42,46,0.99999999999999989,1,1,1,42,46
1,15,0.94117647058823528,0.93983957219251346,1,4,1,1,1,1,1,0.00043064902770272983,1,0,0,0.015335599817063448,4,2,2,1,1,1,1,1,2,2,1494,random_window,Random-window split,arithmetic,1,4,639,1,4,88,1,1,1,0.99999999999999989,1,0.0016433545059904642,1,0,0,0.022489777690753481,88,42,46,0.99999999999999989,1,1,1,42,46
2,15,0.94117647058823528,0.93983957219251346,1,4,1,1,1,1,1,0.00031087109165268815,1,0,0,0.013312722865561004,4,2,2,1,1,1,1,1,2,2,1494,random_window,Random-window split,arithmetic,1,4,639,1,4,88,1,1,1,0.99999999999999989,1,0.0013232510797688618,1,0,0,0.01924536656116629,88,42,46,0.99999999999999989,1,1,1,42,46
1,15,0.94117647058823528,0.94050802139037448,1,4,1,1,1,1,1,0.00021232674501934107,1,0,0,0.011013489990210876,4,2,2,1,1,1,1,1,2,2,1547,random_window,Random-window split,arithmetic,1,4,639,1,4,88,1,1,1,0.99999999999999989,1,0.00076464012823551804,1,0,0,0.015974433783191078,88,42,46,0.99999999999999989,1,1,1,42,46
2,15,0.94117647058823528,0.94117647058823539,1,4,1,1,1,1,1,0.00070452868830114476,1,0,0,0.018635324938741499,4,2,2,1,1,1,1,1,2,2,1547,random_window,Random-window split,arithmetic,1,4,639,1,4,88,1,1,1,0.99999999999999989,1,0.0019637151815440198,1,0,0,0.023104159271620382,88,42,46,0.99999999999999989,1,1,1,42,46
1,1,0,0,1,0,1,1,1,1,1,0.10257559496030109,1,0,0,0.30167173976713935,2,1,1,0,1,1,1,1,1,1,1335,recording_disjoint,Recording-disjoint split,arithmetic,1,2,370,1,2,326,0,0.62576687116564422,0.76813779067576227,0.68472367312178339,0.63046018166057372,0.30671912563278375,0.5821917808219178,84,38,1.3312716915105474,326,157,169,0.68058151851263637,0.69105691056910568,0.50295857988165682,0.7579617834394905,119,85
2,1,0,0,1,0,1,0.5,1,1,0.5,0.47390945616820734,0.66666666666666663,0,1,1.8166086222003452,2,1,1,0,1,0.5,1,0,0,1,1335,recording_disjoint,Recording-disjoint split,arithmetic,1,2,326,1,2,370,0,0.64054054054054055,0.82058788025108642,0.87834855990726768,0.57245895702559157,0.3286415538469703,0.75774134790528236,10,123,1.8222029222237111,370,152,218,0.87801664995987361,0.62839879154078548,0.95412844036697253,0.19078947368421054,29,208
1,1,0,0,1,0,1,1,1,1,1,0.00020715175165486762,1,0,0,0.010723110475179412,2,1,1,0,1,1,1,1,1,1,1388,recording_disjoint,Recording-disjoint split,arithmetic,1,2,321,1,2,375,0,0.7493333333333333,0.77482031204347579,0.72616841486470451,0.73806462922924099,0.20482557349947961,0.78923766816143492,42,52,1.287611255976773,375,157,218,0.72310726347772758,0.77192982456140347,0.80733944954128445,0.66878980891719741,105,176
2,1,0,0,1,0,1,0.5,1,1,0.5,0.34792266875827638,0.66666666666666663,0,1,0.90340538165976469,2,1,1,0,1,0.5,1,0,0,1,1388,recording_disjoint,Recording-disjoint split,arithmetic,1,2,375,1,2,321,0,0.60436137071651086,0.68140766116474627,0.65026321225020389,0.59084008097165985,0.3333207242191028,0.69249394673123488,26,101,1.7197870291661226,321,152,169,0.64609690907915596,0.58606557377049184,0.84615384615384615,0.33552631578947367,51,143
1,1,0,0,1,0,1,1,1,1,1,0.00020715175165486762,1,0,0,0.010723110475179412,2,1,1,0,1,1,1,1,1,1,1441,recording_disjoint,Recording-disjoint split,arithmetic,1,2,321,1,2,375,0,0.7493333333333333,0.77482031204347579,0.72616841486470451,0.73806462922924099,0.20482557349947961,0.78923766816143492,42,52,1.287611255976773,375,157,218,0.72310726347772758,0.77192982456140347,0.80733944954128445,0.66878980891719741,105,176
2,1,0,0,1,0,1,0.5,1,1,0.5,0.34792266875827638,0.66666666666666663,0,1,0.90340538165976469,2,1,1,0,1,0.5,1,0,0,1,1441,recording_disjoint,Recording-disjoint split,arithmetic,1,2,375,1,2,321,0,0.60436137071651086,0.68140766116474627,0.65026321225020389,0.59084008097165985,0.3333207242191028,0.69249394673123488,26,101,1.7197870291661226,321,152,169,0.64609690907915596,0.58606557377049184,0.84615384615384615,0.33552631578947367,51,143
1,1,0,0,1,0,1,1,1,1,1,0.00020715175165486762,1,0,0,0.010723110475179412,2,1,1,0,1,1,1,1,1,1,1494,recording_disjoint,Recording-disjoint split,arithmetic,1,2,321,1,2,375,0,0.7493333333333333,0.77482031204347579,0.72616841486470451,0.73806462922924099,0.20482557349947961,0.78923766816143492,42,52,1.287611255976773,375,157,218,0.72310726347772758,0.77192982456140347,0.80733944954128445,0.66878980891719741,105,176
2,1,0,0,1,0,1,0.5,1,1,0.5,0.34792266875827638,0.66666666666666663,0,1,0.90340538165976469,2,1,1,0,1,0.5,1,0,0,1,1494,recording_disjoint,Recording-disjoint split,arithmetic,1,2,375,1,2,321,0,0.60436137071651086,0.68140766116474627,0.65026321225020389,0.59084008097165985,0.3333207242191028,0.69249394673123488,26,101,1.7197870291661226,321,152,169,0.64609690907915596,0.58606557377049184,0.84615384615384615,0.33552631578947367,51,143
1,1,0,0,1,0,1,1,1,1,1,0.10257559496030109,1,0,0,0.30167173976713935,2,1,1,0,1,1,1,1,1,1,1547,recording_disjoint,Recording-disjoint split,arithmetic,1,2,370,1,2,326,0,0.62576687116564422,0.76813779067576227,0.68472367312178339,0.63046018166057372,0.30671912563278375,0.5821917808219178,84,38,1.3312716915105474,326,157,169,0.68058151851263637,0.69105691056910568,0.50295857988165682,0.7579617834394905,119,85
2,1,0,0,1,0,1,0.5,1,1,0.5,0.47390945616820734,0.66666666666666663,0,1,1.8166086222003452,2,1,1,0,1,0.5,1,0,0,1,1547,recording_disjoint,Recording-disjoint split,arithmetic,1,2,326,1,2,370,0,0.64054054054054055,0.82058788025108642,0.87834855990726768,0.57245895702559157,0.3286415538469703,0.75774134790528236,10,123,1.8222029222237111,370,152,218,0.87801664995987361,0.62839879154078548,0.95412844036697253,0.19078947368421054,29,208
1,2,0,0,1,0,1,0.5,1,1,0.5,0.44326453879453864,0,1,0,1.4200550220599799,2,1,1,0,1,,0,1,1,0,1335,recording_disjoint,Recording-disjoint split,arithmetic,1,2,402,1,2,586,0,0.75085324232081907,0.86004901960784319,0.49924464320043055,0.50941176470588234,0.20631528840512903,0.098765432098765427,128,18,0.93696597628159761,586,450,136,0.49544481332676177,0.30769230769230771,0.058823529411764705,0.95999999999999996,432,8
2,2,0,0,1,0,1,0.5,1,1,0.5,0.49750944802888764,0.66666666666666663,0,1,2.9972970014800331,2,1,1,0,1,0.5,1,0,0,1,1335,recording_disjoint,Recording-disjoint split,arithmetic,1,2,586,1,2,402,0,0.67412935323383083,0.60990460157126825,0.7696452312222648,0.5057239057239058,0.31217136209445712,0.80418535127055302,1,130,1.9909597020260394,402,132,270,0.76900794842933062,0.67418546365914789,0.99629629629629635,0.015151515151515152,2,269
1,2,0,0,1,0,1,0.5,0,0.5,0.5,0.37377219704693959,0,1,0,1.0344873921886688,2,1,1,0,0.25,,0,1,1,0,1388,recording_disjoint,Recording-disjoint split,arithmetic,1,2,268,1,2,720,0,0.41944444444444445,0.4527818930041152,0.34314260169299626,0.4022222222222222,0.50660153482096548,0.30100334448160537,180,238,3.1588120737316325,720,450,270,0.34103369822947516,0.27439024390243905,0.33333333333333331,0.47111111111111109,212,90
2,2,0,0,1,0,1,0.5,0,0.5,0.5,0.47662305903096625,0.66666666666666663,0,1,1.8773333660546938,2,1,1,0,0.25,0.5,1,0,0,1,1388,recording_disjoint,Recording-disjoint split,arithmetic,1,2,720,1,2,268,0,0.51865671641791045,0.44774955436720143,0.44739690242447971,0.51158645276292336,0.42292459353015016,0.67506297229219148,2,127,1.9673945325831732,268,132,136,0.44413547896689909,0.51340996168582376,0.98529411764705888,0.03787878787878788,5,134
1,2,0,0,1,0,1,0.5,0,0.5,0.5,0.37377219704693959,0,1,0,1.0344873921886688,2,1,1,0,0.25,,0,1,1,0,1441,recording_disjoint,Recording-disjoint split,arithmetic,1,2,268,1,2,720,0,0.41944444444444445,0.4527818930041152,0.34314260169299626,0.4022222222222222,0.50660153482096548,0.30100334448160537,180,238,3.1588120737316325,720,450,270,0.34103369822947516,0.27439024390243905,0.33333333333333331,0.47111111111111109,212,90
2,2,0,0,1,0,1,0.5,0,0.5,0.5,0.47662305903096625,0.66666666666666663,0,1,1.8773333660546938,2,1,1,0,0.25,0.5,1,0,0,1,1441,recording_disjoint,Recording-disjoint split,arithmetic,1,2,720,1,2,268,0,0.51865671641791045,0.44774955436720143,0.44739690242447971,0.51158645276292336,0.42292459353015016,0.67506297229219148,2,127,1.9673945325831732,268,132,136,0.44413547896689909,0.51340996168582376,0.98529411764705888,0.03787878787878788,5,134
1,2,0,0,1,0,1,0.5,0,0.5,0.5,0.37377219704693959,0,1,0,1.0344873921886688,2,1,1,0,0.25,,0,1,1,0,1494,recording_disjoint,Recording-disjoint split,arithmetic,1,2,268,1,2,720,0,0.41944444444444445,0.4527818930041152,0.34314260169299626,0.4022222222222222,0.50660153482096548,0.30100334448160537,180,238,3.1588120737316325,720,450,270,0.34103369822947516,0.27439024390243905,0.33333333333333331,0.47111111111111109,212,90
2,2,0,0,1,0,1,0.5,0,0.5,0.5,0.47662305903096625,0.66666666666666663,0,1,1.8773333660546938,2,1,1,0,0.25,0.5,1,0,0,1,1494,recording_disjoint,Recording-disjoint split,arithmetic,1,2,720,1,2,268,0,0.51865671641791045,0.44774955436720143,0.44739690242447971,0.51158645276292336,0.42292459353015016,0.67506297229219148,2,127,1.9673945325831732,268,132,136,0.44413547896689909,0.51340996168582376,0.98529411764705888,0.03787878787878788,5,134
1,2,0,0,1,0,1,0.5,1,1,0.5,0.44326453879453864,0,1,0,1.4200550220599799,2,1,1,0,1,,0,1,1,0,1547,recording_disjoint,Recording-disjoint split,arithmetic,1,2,402,1,2,586,0,0.75085324232081907,0.86004901960784319,0.49924464320043055,0.50941176470588234,0.20631528840512903,0.098765432098765427,128,18,0.93696597628159761,586,450,136,0.49544481332676177,0.30769230769230771,0.058823529411764705,0.95999999999999996,432,8
2,2,0,0,1,0,1,0.5,1,1,0.5,0.49750944802888764,0.66666666666666663,0,1,2.9972970014800331,2,1,1,0,1,0.5,1,0,0,1,1547,recording_disjoint,Recording-disjoint split,arithmetic,1,2,586,1,2,402,0,0.67412935323383083,0.60990460157126825,0.7696452312222648,0.5057239057239058,0.31217136209445712,0.80418535127055302,1,130,1.9909597020260394,402,132,270,0.76900794842933062,0.67418546365914789,0.99629629629629635,0.015151515151515152,2,269
1,3,0,0,1,0,1,0.5,0,0.5,0.5,0.49957686535711837,0.66666666666666663,0,1,3.8819090518238508,2,1,1,0,0.25,0.5,1,0,0,1,1335,recording_disjoint,Recording-disjoint split,arithmetic,1,2,251,1,2,318,0,0.46540880503144655,0.43364116627011329,0.36054696780318773,0.52683792394241236,0.5024892933742181,0.61009174311926606,4,166,4.5512143574629764,318,181,137,0.35786429500803008,0.44481605351170567,0.97080291970802923,0.082872928176795577,15,133
2,3,0,0,1,0,1,0.5,0,0.5,0.5,0.48776916432012096,0.66666666666666663,0,1,2.201498271609176,2,1,1,0,0.25,0.5,1,0,0,1,1335,recording_disjoint,Recording-disjoint split,arithmetic,1,2,318,1,2,251,0,0.64143426294820716,0.47342032967032965,0.58770597378651868,0.50549450549450547,0.30925186113858355,0.78048780487804881,0,90,1.6524948978041254,251,91,160,0.58284640495977635,0.64000000000000001,1,0.01098901098901099,1,160
1,3,0,0,1,0,1,0.5,1,1,0.5,0.41977201208236553,0,1,0,1.245329718338803,2,1,1,0,1,,0,1,1,0,1388,recording_disjoint,Recording-disjoint split,arithmetic,1,2,228,1,2,341,0,0.39589442815249265,0.58950276243093924,0.46536011827709822,0.38054212707182317,0.48231902516596925,0.16935483870967741,139,67,1.7104090137586458,341,181,160,0.46258779993646898,0.23863636363636365,0.13125000000000001,0.62983425414364635,114,21
2,3,0,0,1,0,1,0.5,0,0.5,0.5,0.49961222954742335,0.66666666666666663,0,1,3.9160332443393022,2,1,1,0,0.25,0.5,1,0,0,1,1388,recording_disjoint,Recording-disjoint split,arithmetic,1,2,341,1,2,228,0,0.59649122807017541,0.19667923317558353,0.43461898169738716,0.49635036496350365,0.40057641798539895,0.74725274725274726,1,91,3.1417562601697648,228,91,137,0.4316201799167948,0.59911894273127753,0.99270072992700731,0,0,136
1,3,0,0,1,0,1,0.5,1,1,0.5,0.41977201208236553,0,1,0,1.245329718338803,2,1,1,0,1,,0,1,1,0,1441,recording_disjoint,Recording-disjoint split,arithmetic,1,2,228,1,2,341,0,0.39589442815249265,0.58950276243093924,0.46536011827709822,0.38054212707182317,0.48231902516596925,0.16935483870967741,139,67,1.7104090137586458,341,181,160,0.46258779993646898,0.23863636363636365,0.13125000000000001,0.62983425414364635,114,21
2,3,0,0,1,0,1,0.5,0,0.5,0.5,0.49961222954742335,0.66666666666666663,0,1,3.9160332443393022,2,1,1,0,0.25,0.5,1,0,0,1,1441,recording_disjoint,Recording-disjoint split,arithmetic,1,2,341,1,2,228,0,0.59649122807017541,0.19667923317558353,0.43461898169738716,0.49635036496350365,0.40057641798539895,0.74725274725274726,1,91,3.1417562601697648,228,91,137,0.4316201799167948,0.59911894273127753,0.99270072992700731,0,0,136
1,3,0,0,1,0,1,0.5,1,1,0.5,0.41977201208236553,0,1,0,1.245329718338803,2,1,1,0,1,,0,1,1,0,1494,recording_disjoint,Recording-disjoint split,arithmetic,1,2,228,1,2,341,0,0.39589442815249265,0.58950276243093924,0.46536011827709822,0.38054212707182317,0.48231902516596925,0.16935483870967741,139,67,1.7104090137586458,341,181,160,0.46258779993646898,0.23863636363636365,0.13125000000000001,0.62983425414364635,114,21
2,3,0,0,1,0,1,0.5,0,0.5,0.5,0.49961222954742335,0.66666666666666663,0,1,3.9160332443393022,2,1,1,0,0.25,0.5,1,0,0,1,1494,recording_disjoint,Recording-disjoint split,arithmetic,1,2,341,1,2,228,0,0.59649122807017541,0.19667923317558353,0.43461898169738716,0.49635036496350365,0.40057641798539895,0.74725274725274726,1,91,3.1417562601697648,228,91,137,0.4316201799167948,0.59911894273127753,0.99270072992700731,0,0,136
1,3,0,0,1,0,1,0.5,0,0.5,0.5,0.49957686535711837,0.66666666666666663,0,1,3.8819090518238508,2,1,1,0,0.25,0.5,1,0,0,1,1547,recording_disjoint,Recording-disjoint split,arithmetic,1,2,251,1,2,318,0,0.46540880503144655,0.43364116627011329,0.36054696780318773,0.52683792394241236,0.5024892933742181,0.61009174311926606,4,166,4.5512143574629764,318,181,137,0.35786429500803008,0.44481605351170567,0.97080291970802923,0.082872928176795577,15,133
2,3,0,0,1,0,1,0.5,0,0.5,0.5,0.48776916432012096,0.66666666666666663,0,1,2.201498271609176,2,1,1,0,0.25,0.5,1,0,0,1,1547,recording_disjoint,Recording-disjoint split,arithmetic,1,2,318,1,2,251,0,0.64143426294820716,0.47342032967032965,0.58770597378651868,0.50549450549450547,0.30925186113858355,0.78048780487804881,0,90,1.6524948978041254,251,91,160,0.58284640495977635,0.64000000000000001,1,0.01098901098901099,1,160
1,4,0,0,1,0,1,0.5,1,1,0.5,0.48875120533004185,0.66666666666666663,0,1,2.241263814315507,2,1,1,0,1,0.5,1,0,0,1,1335,recording_disjoint,Recording-disjoint split,arithmetic,1,2,340,1,2,326,0,0.64723926380368102,0.99339080459770113,0.99675656516388267,0.50431034482758619,0.34071594224970347,0.78504672897196259,0,115,1.6024402574217598,326,116,210,0.99674963175937881,0.64615384615384619,1,0.0086206896551724137,1,210
2,4,0,0,1,0,1,0.5,0,0.5,0.5,0.49999999802003647,0.66666666666666663,0,1,9.9921313120112067,2,1,1,0,0.25,0.5,1,0,0,1,1335,recording_disjoint,Recording-disjoint split,arithmetic,1,2,326,1,2,340,0,0.68823529411764706,0.19316323814593708,0.48264290026106377,0.57401422107304467,0.30200275281810313,0.7992424242424242,10,96,7.8637540663487711,340,119,221,0.48106558691494666,0.68729641693811072,0.95475113122171951,0.19327731092436976,23,211
1,4,0,0,1,0,1,0.5,1,1,0.5,0.49141553627399476,0.66666666666666663,0,1,2.3770603927014804,2,1,1,0,1,0.5,1,0,0,1,1388,recording_disjoint,Recording-disjoint split,arithmetic,1,2,329,1,2,337,0,0.65875370919881304,0.92549539709783113,0.97000463164955297,0.51250195038227486,0.33248896324913058,0.79052823315118392,4,111,1.8051041242739219,337,116,221,0.96995096534837144,0.66158536585365857,0.98190045248868774,0.043103448275862072,5,217
2,4,0,0,1,0,1,0.5,1,1,0.5,0.4584017026517675,0.66666666666666663,0,1,1.5791203300268633,2,1,1,0,1,0.5,1,0,0,1,1388,recording_disjoint,Recording-disjoint split,arithmetic,1,2,337,1,2,329,0,0.79331306990881456,0.47899159663865543,0.56527313789511147,0.72521008403361342,0.19943311654460286,0.8571428571428571,6,62,5.2396103929591842,329,119,210,0.56343490260099371,0.76691729323308266,0.97142857142857142,0.47899159663865548,57,204
1,4,0,0,1,0,1,0.5,1,1,0.5,0.49141553627399476,0.66666666666666663,0,1,2.3770603927014804,2,1,1,0,1,0.5,1,0,0,1,1441,recording_disjoint,Recording-disjoint split,arithmetic,1,2,329,1,2,337,0,0.65875370919881304,0.92549539709783113,0.97000463164955297,0.51250195038227486,0.33248896324913058,0.79052823315118392,4,111,1.8051041242739219,337,116,221,0.96995096534837144,0.66158536585365857,0.98190045248868774,0.043103448275862072,5,217
2,4,0,0,1,0,1,0.5,1,1,0.5,0.4584017026517675,0.66666666666666663,0,1,1.5791203300268633,2,1,1,0,1,0.5,1,0,0,1,1441,recording_disjoint,Recording-disjoint split,arithmetic,1,2,337,1,2,329,0,0.79331306990881456,0.47899159663865543,0.56527313789511147,0.72521008403361342,0.19943311654460286,0.8571428571428571,6,62,5.2396103929591842,329,119,210,0.56343490260099371,0.76691729323308266,0.97142857142857142,0.47899159663865548,57,204
1,4,0,0,1,0,1,0.5,1,1,0.5,0.49141553627399476,0.66666666666666663,0,1,2.3770603927014804,2,1,1,0,1,0.5,1,0,0,1,1494,recording_disjoint,Recording-disjoint split,arithmetic,1,2,329,1,2,337,0,0.65875370919881304,0.92549539709783113,0.97000463164955297,0.51250195038227486,0.33248896324913058,0.79052823315118392,4,111,1.8051041242739219,337,116,221,0.96995096534837144,0.66158536585365857,0.98190045248868774,0.043103448275862072,5,217
2,4,0,0,1,0,1,0.5,1,1,0.5,0.4584017026517675,0.66666666666666663,0,1,1.5791203300268633,2,1,1,0,1,0.5,1,0,0,1,1494,recording_disjoint,Recording-disjoint split,arithmetic,1,2,337,1,2,329,0,0.79331306990881456,0.47899159663865543,0.56527313789511147,0.72521008403361342,0.19943311654460286,0.8571428571428571,6,62,5.2396103929591842,329,119,210,0.56343490260099371,0.76691729323308266,0.97142857142857142,0.47899159663865548,57,204
1,4,0,0,1,0,1,0.5,1,1,0.5,0.48875120533004185,0.66666666666666663,0,1,2.241263814315507,2,1,1,0,1,0.5,1,0,0,1,1547,recording_disjoint,Recording-disjoint split,arithmetic,1,2,340,1,2,326,0,0.64723926380368102,0.99339080459770113,0.99675656516388267,0.50431034482758619,0.34071594224970347,0.78504672897196259,0,115,1.6024402574217598,326,116,210,0.99674963175937881,0.64615384615384619,1,0.0086206896551724137,1,210
2,4,0,0,1,0,1,0.5,0,0.5,0.5,0.49999999802003647,0.66666666666666663,0,1,9.9921313120112067,2,1,1,0,0.25,0.5,1,0,0,1,1547,recording_disjoint,Recording-disjoint split,arithmetic,1,2,326,1,2,340,0,0.68823529411764706,0.19316323814593708,0.48264290026106377,0.57401422107304467,0.30200275281810313,0.7992424242424242,10,96,7.8637540663487711,340,119,221,0.48106558691494666,0.68729641693811072,0.95475113122171951,0.19327731092436976,23,211
1,5,0,0,1,0,1,0.5,0,0.5,0.5,0.50079808435385154,0.66666666666666663,0,1,3.6016830088364507,2,1,1,0,0.25,0.5,1,0,0,1,1335,recording_disjoint,Recording-disjoint split,arithmetic,1,2,385,1,2,442,0,0.28054298642533937,0.39987994701109453,0.50760251716653038,0.30789451896009273,0.67167723096986198,0.41544117647058826,85,233,5.5215637656078282,442,244,198,0.50635957781886898,0.32658959537572252,0.57070707070707072,0.045081967213114756,11,113
2,5,0,0,1,0,1,0.5,0,0.5,0.5,0.49592869408730067,0.66666666666666663,0,1,2.7512532573329116,2,1,1,0,0.25,0.5,1,0,0,1,1335,recording_disjoint,Recording-disjoint split,arithmetic,1,2,442,1,2,385,0,0.61558441558441557,0.28437006986702729,0.47756188858048582,0.5163398692810458,0.38047695514283608,0.75816993464052285,0,148,2.2357011943977527,385,153,232,0.47514401933511696,0.61052631578947369,1,0.032679738562091505,5,232
1,5,0,0,1,0,1,0.5,0,0.5,0.5,0.50029293041405876,0.66666666666666663,0,1,6.6814295846765974,2,1,1,0,0.25,0.5,1,0,0,1,1388,recording_disjoint,Recording-disjoint split,arithmetic,1,2,351,1,2,476,0,0.45378151260504201,0.25374505370265688,0.35053884954402237,0.46021763708309782,0.50668036001152184,0.56081081081081086,66,194,7.6631133901435238,476,244,232,0.3492289366871752,0.46111111111111114,0.71551724137931039,0.20491803278688525,50,166
2,5,0,0,1,0,1,0.5,1,1,0.5,0.49121960163583495,0.66666666666666663,0,1,2.3663200807624487,2,1,1,0,1,0.5,1,0,0,1,1388,recording_disjoint,Recording-disjoint split,arithmetic,1,2,476,1,2,351,0,0.5641025641025641,0.66155014194229889,0.80235924054648411,0.50148544266191331,0.42335147064813067,0.7192660550458716,2,151,2.0872136173910047,351,153,198,0.8019355213660524,0.56484149855907784,0.98989898989898994,0.013071895424836602,2,196
1,5,0,0,1,0,1,0.5,0,0.5,0.5,0.50029293041405876,0.66666666666666663,0,1,6.6814295846765974,2,1,1,0,0.25,0.5,1,0,0,1,1441,recording_disjoint,Recording-disjoint split,arithmetic,1,2,351,1,2,476,0,0.45378151260504201,0.25374505370265688,0.35053884954402237,0.46021763708309782,0.50668036001152184,0.56081081081081086,66,194,7.6631133901435238,476,244,232,0.3492289366871752,0.46111111111111114,0.71551724137931039,0.20491803278688525,50,166
2,5,0,0,1,0,1,0.5,1,1,0.5,0.49121960163583495,0.66666666666666663,0,1,2.3663200807624487,2,1,1,0,1,0.5,1,0,0,1,1441,recording_disjoint,Recording-disjoint split,arithmetic,1,2,476,1,2,351,0,0.5641025641025641,0.66155014194229889,0.80235924054648411,0.50148544266191331,0.42335147064813067,0.7192660550458716,2,151,2.0872136173910047,351,153,198,0.8019355213660524,0.56484149855907784,0.98989898989898994,0.013071895424836602,2,196
1,5,0,0,1,0,1,0.5,0,0.5,0.5,0.50029293041405876,0.66666666666666663,0,1,6.6814295846765974,2,1,1,0,0.25,0.5,1,0,0,1,1494,recording_disjoint,Recording-disjoint split,arithmetic,1,2,351,1,2,476,0,0.45378151260504201,0.25374505370265688,0.35053884954402237,0.46021763708309782,0.50668036001152184,0.56081081081081086,66,194,7.6631133901435238,476,244,232,0.3492289366871752,0.46111111111111114,0.71551724137931039,0.20491803278688525,50,166
2,5,0,0,1,0,1,0.5,1,1,0.5,0.49121960163583495,0.66666666666666663,0,1,2.3663200807624487,2,1,1,0,1,0.5,1,0,0,1,1494,recording_disjoint,Recording-disjoint split,arithmetic,1,2,476,1,2,351,0,0.5641025641025641,0.66155014194229889,0.80235924054648411,0.50148544266191331,0.42335147064813067,0.7192660550458716,2,151,2.0872136173910047,351,153,198,0.8019355213660524,0.56484149855907784,0.98989898989898994,0.013071895424836602,2,196
1,5,0,0,1,0,1,0.5,0,0.5,0.5,0.50079808435385154,0.66666666666666663,0,1,3.6016830088364507,2,1,1,0,0.25,0.5,1,0,0,1,1547,recording_disjoint,Recording-disjoint split,arithmetic,1,2,385,1,2,442,0,0.28054298642533937,0.39987994701109453,0.50760251716653038,0.30789451896009273,0.67167723096986198,0.41544117647058826,85,233,5.5215637656078282,442,244,198,0.50635957781886898,0.32658959537572252,0.57070707070707072,0.045081967213114756,11,113
2,5,0,0,1,0,1,0.5,0,0.5,0.5,0.49592869408730067,0.66666666666666663,0,1,2.7512532573329116,2,1,1,0,0.25,0.5,1,0,0,1,1547,recording_disjoint,Recording-disjoint split,arithmetic,1,2,442,1,2,385,0,0.61558441558441557,0.28437006986702729,0.47756188858048582,0.5163398692810458,0.38047695514283608,0.75816993464052285,0,148,2.2357011943977527,385,153,232,0.47514401933511696,0.61052631578947369,1,0.032679738562091505,5,232
1,6,0,0,1,0,1,0.5,1,1,0.5,0.35568383915071444,0.66666666666666663,0,1,0.93926084234459495,2,1,1,0,1,0.5,1,0,0,1,1335,recording_disjoint,Recording-disjoint split,arithmetic,1,2,310,1,2,280,0,0.61071428571428577,0.63482051282051288,0.53346186138332063,0.62641025641025638,0.34547412448749026,0.66869300911854102,20,89,1.844662529449133,280,150,130,0.52873447947342822,0.55276381909547734,0.84615384615384615,0.40666666666666668,61,110
2,6,0,0,1,0,1,0.5,0,0.5,0.5,0.49772495408656131,0.66666666666666663,0,1,3.0425655582642834,2,1,1,0,0.25,0.5,1,0,0,1,1335,recording_disjoint,Recording-disjoint split,arithmetic,1,2,280,1,2,310,0,0.58709677419354833,0.43358704738439879,0.58393527970763093,0.48752694795195567,0.39908349326716808,0.73221757322175729,16,112,3.1741638416423248,310,119,191,0.58104158308589227,0.6097560975609756,0.91623036649214662,0.058823529411764705,7,175
1,6,0,0,1,0,1,0.5,0,0.5,0.5,0.50445533419179167,0.66666666666666663,0,1,3.2912182669320664,2,1,1,0,0.25,0.5,1,0,0,1,1388,recording_disjoint,Recording-disjoint split,arithmetic,1,2,249,1,2,341,0,0.40469208211143692,0.30356020942408368,0.43738691141943781,0.36698080279232115,0.53504443029241799,0.56155507559395246,61,142,3.8998834182009063,341,150,191,0.43461651163718951,0.47794117647058826,0.68062827225130895,0.053333333333333337,8,130
2,6,0,0,1,0,1,0.5,0,0.5,0.5,0.49935190050837147,0.66666666666666663,0,1,3.662349568553946,2,1,1,0,0.25,0.5,1,0,0,1,1388,recording_disjoint,Recording-disjoint split,arithmetic,1,2,341,1,2,249,0,0.5381526104417671,0.27110536522301232,0.39988184604639954,0.51716224951519074,0.45497992329577874,0.69168900804289546,1,114,3.5502185309344023,249,119,130,0.39472651750094562,0.53086419753086422,0.99230769230769234,0.042016806722689079,5,129
1,6,0,0,1,0,1,0.5,0,0.5,0.5,0.50445533419179167,0.66666666666666663,0,1,3.2912182669320664,2,1,1,0,0.25,0.5,1,0,0,1,1441,recording_disjoint,Recording-disjoint split,arithmetic,1,2,249,1,2,341,0,0.40469208211143692,0.30356020942408368,0.43738691141943781,0.36698080279232115,0.53504443029241799,0.56155507559395246,61,142,3.8998834182009063,341,150,191,0.43461651163718951,0.47794117647058826,0.68062827225130895,0.053333333333333337,8,130
2,6,0,0,1,0,1,0.5,0,0.5,0.5,0.49935190050837147,0.66666666666666663,0,1,3.662349568553946,2,1,1,0,0.25,0.5,1,0,0,1,1441,recording_disjoint,Recording-disjoint split,arithmetic,1,2,341,1,2,249,0,0.5381526104417671,0.27110536522301232,0.39988184604639954,0.51716224951519074,0.45497992329577874,0.69168900804289546,1,114,3.5502185309344023,249,119,130,0.39472651750094562,0.53086419753086422,0.99230769230769234,0.042016806722689079,5,129
1,6,0,0,1,0,1,0.5,0,0.5,0.5,0.50445533419179167,0.66666666666666663,0,1,3.2912182669320664,2,1,1,0,0.25,0.5,1,0,0,1,1494,recording_disjoint,Recording-disjoint split,arithmetic,1,2,249,1,2,341,0,0.40469208211143692,0.30356020942408368,0.43738691141943781,0.36698080279232115,0.53504443029241799,0.56155507559395246,61,142,3.8998834182009063,341,150,191,0.43461651163718951,0.47794117647058826,0.68062827225130895,0.053333333333333337,8,130
2,6,0,0,1,0,1,0.5,0,0.5,0.5,0.49935190050837147,0.66666666666666663,0,1,3.662349568553946,2,1,1,0,0.25,0.5,1,0,0,1,1494,recording_disjoint,Recording-disjoint split,arithmetic,1,2,341,1,2,249,0,0.5381526104417671,0.27110536522301232,0.39988184604639954,0.51716224951519074,0.45497992329577874,0.69168900804289546,1,114,3.5502185309344023,249,119,130,0.39472651750094562,0.53086419753086422,0.99230769230769234,0.042016806722689079,5,129
1,6,0,0,1,0,1,0.5,1,1,0.5,0.35568383915071444,0.66666666666666663,0,1,0.93926084234459495,2,1,1,0,1,0.5,1,0,0,1,1547,recording_disjoint,Recording-disjoint split,arithmetic,1,2,310,1,2,280,0,0.61071428571428577,0.63482051282051288,0.53346186138332063,0.62641025641025638,0.34547412448749026,0.66869300911854102,20,89,1.844662529449133,280,150,130,0.52873447947342822,0.55276381909547734,0.84615384615384615,0.40666666666666668,61,110
2,6,0,0,1,0,1,0.5,0,0.5,0.5,0.49772495408656131,0.66666666666666663,0,1,3.0425655582642834,2,1,1,0,0.25,0.5,1,0,0,1,1547,recording_disjoint,Recording-disjoint split,arithmetic,1,2,280,1,2,310,0,0.58709677419354833,0.43358704738439879,0.58393527970763093,0.48752694795195567,0.39908349326716808,0.73221757322175729,16,112,3.1741638416423248,310,119,191,0.58104158308589227,0.6097560975609756,0.91623036649214662,0.058823529411764705,7,175
1,7,0,0,1,0,1,1,1,1,1,0.01357610640366564,1,0,0,0.090031937563622183,2,1,1,0,1,1,1,1,1,1,1335,recording_disjoint,Recording-disjoint split,arithmetic,1,2,138,1,2,215,0,0.87906976744186049,0.94970414201183428,0.68763362379471205,0.79650115770517105,0.093486033015295497,0.69767441860465118,16,10,0.44078796419665311,215,169,46,0.67448137357424875,0.75,0.65217391304347827,0.94082840236686394,159,30
2,7,0,0,1,0,1,0.5,1,1,0.5,0.49871149246231672,0.66666666666666663,0,1,3.3268469782936325,2,1,1,0,1,0.5,1,0,0,1,1335,recording_disjoint,Recording-disjoint split,arithmetic,1,2,215,1,2,138,0,0.72463768115942029,0.87445533769063188,0.95939047471602446,0.49019607843137253,0.27146177998061771,0.84033613445378152,2,36,1.7842934753065876,138,36,102,0.95920042668635375,0.73529411764705888,0.98039215686274506,0,0,100
1,7,0,0,1,0,1,0.5,0,0.5,0.5,0.49211254940779908,0.66666666666666663,0,1,2.2827878684872176,2,1,1,0,0.25,0.5,1,0,0,1,1388,recording_disjoint,Recording-disjoint split,arithmetic,1,2,82,1,2,271,0,0.56088560885608851,0.55180415361410828,0.36407940262665595,0.57991066248984802,0.37954035198371872,0.52964426877470361,35,84,5.1514404847582069,271,169,102,0.36555484068352689,0.44370860927152317,0.65686274509803921,0.50295857988165682,85,67
2,7,0,0,1,0,1,0.5,1,1,0.5,0.49615995113562922,0.66666666666666663,0,1,2.780976800835631,2,1,1,0,1,0.5,1,0,0,1,1388,recording_disjoint,Recording-disjoint split,arithmetic,1,2,271,1,2,82,0,0.56097560975609762,0.56400966183574874,0.60926865857770918,0.5,0.42618838553518157,0.71875,0,36,2.448097590191237,82,36,46,0.60221888791238198,0.56097560975609762,1,0,0,46
1,7,0,0,1,0,1,0.5,0,0.5,0.5,0.49211254940779908,0.66666666666666663,0,1,2.2827878684872176,2,1,1,0,0.25,0.5,1,0,0,1,1441,recording_disjoint,Recording-disjoint split,arithmetic,1,2,82,1,2,271,0,0.56088560885608851,0.55180415361410828,0.36407940262665595,0.57991066248984802,0.37954035198371872,0.52964426877470361,35,84,5.1514404847582069,271,169,102,0.36555484068352689,0.44370860927152317,0.65686274509803921,0.50295857988165682,85,67
2,7,0,0,1,0,1,0.5,1,1,0.5,0.49615995113562922,0.66666666666666663,0,1,2.780976800835631,2,1,1,0,1,0.5,1,0,0,1,1441,recording_disjoint,Recording-disjoint split,arithmetic,1,2,271,1,2,82,0,0.56097560975609762,0.56400966183574874,0.60926865857770918,0.5,0.42618838553518157,0.71875,0,36,2.448097590191237,82,36,46,0.60221888791238198,0.56097560975609762,1,0,0,46
1,7,0,0,1,0,1,0.5,0,0.5,0.5,0.49211254940779908,0.66666666666666663,0,1,2.2827878684872176,2,1,1,0,0.25,0.5,1,0,0,1,1494,recording_disjoint,Recording-disjoint split,arithmetic,1,2,82,1,2,271,0,0.56088560885608851,0.55180415361410828,0.36407940262665595,0.57991066248984802,0.37954035198371872,0.52964426877470361,35,84,5.1514404847582069,271,169,102,0.36555484068352689,0.44370860927152317,0.65686274509803921,0.50295857988165682,85,67
2,7,0,0,1,0,1,0.5,1,1,0.5,0.49615995113562922,0.66666666666666663,0,1,2.780976800835631,2,1,1,0,1,0.5,1,0,0,1,1494,recording_disjoint,Recording-disjoint split,arithmetic,1,2,271,1,2,82,0,0.56097560975609762,0.56400966183574874,0.60926865857770918,0.5,0.42618838553518157,0.71875,0,36,2.448097590191237,82,36,46,0.60221888791238198,0.56097560975609762,1,0,0,46
1,7,0,0,1,0,1,1,1,1,1,0.01357610640366564,1,0,0,0.090031937563622183,2,1,1,0,1,1,1,1,1,1,1547,recording_disjoint,Recording-disjoint split,arithmetic,1,2,138,1,2,215,0,0.87906976744186049,0.94970414201183428,0.68763362379471205,0.79650115770517105,0.093486033015295497,0.69767441860465118,16,10,0.44078796419665311,215,169,46,0.67448137357424875,0.75,0.65217391304347827,0.94082840236686394,159,30
2,7,0,0,1,0,1,0.5,1,1,0.5,0.49871149246231672,0.66666666666666663,0,1,3.3268469782936325,2,1,1,0,1,0.5,1,0,0,1,1547,recording_disjoint,Recording-disjoint split,arithmetic,1,2,215,1,2,138,0,0.72463768115942029,0.87445533769063188,0.95939047471602446,0.49019607843137253,0.27146177998061771,0.84033613445378152,2,36,1.7842934753065876,138,36,102,0.95920042668635375,0.73529411764705888,0.98039215686274506,0,0,100
1,8,0,0,1,0,1,1,1,1,1,0.089618441665943613,1,0,0,0.35473282772494985,2,1,1,0,1,1,1,1,1,1,1335,recording_disjoint,Recording-disjoint split,arithmetic,1,2,589,1,2,449,0,0.5278396436525612,0.53629343629343629,0.54735846517195674,0.52413127413127414,0.4025532413606962,0.57258064516129037,117,95,2.0823524703331371,449,190,259,0.54524825124681464,0.59915611814345993,0.54826254826254828,0.5,95,142
2,8,0,0,1,0,1,0.5,1,1,0.5,0.48291189942646062,0.66666666666666663,0,1,2.0334168682181439,2,1,1,0,1,0.5,1,0,0,1,1335,recording_disjoint,Recording-disjoint split,arithmetic,1,2,449,1,2,589,0,0.55178268251273344,0.5481505470864465,0.58340149660131824,0.52613407666150036,0.41556588475327566,0.69863013698630139,5,259,2.1215262648282867,589,278,311,0.58147687252112445,0.54159292035398232,0.98392282958199362,0.0683453237410072,19,306
1,8,0,0,1,0,1,0.5,1,1,0.5,0.20826221900795319,0,1,0,0.60508372360280571,2,1,1,0,1,,0,1,1,0,1388,recording_disjoint,Recording-disjoint split,arithmetic,1,2,537,1,2,501,0,0.46906187624750501,0.50529700456930104,0.6090991271925339,0.47303266204095451,0.42309458270358857,0.51636363636363636,169,97,1.8325591089186908,501,190,311,0.60608880742714533,0.59414225941422594,0.45659163987138263,0.48947368421052634,93,142
2,8,0,0,1,0,1,0.5,1,1,0.5,0.489353336456608,0.66666666666666663,0,1,2.2703694679120141,2,1,1,0,1,0.5,1,0,0,1,1388,recording_disjoint,Recording-disjoint split,arithmetic,1,2,501,1,2,537,0,0.50837988826815639,0.60356656759534455,0.58229327061665614,0.52478403377683958,0.46761642065758285,0.65979381443298968,3,261,2.4317585087759355,537,278,259,0.57880831917404341,0.49516441005802708,0.98841698841698844,0.061151079136690649,17,256
1,8,0,0,1,0,1,0.5,1,1,0.5,0.20826221900795319,0,1,0,0.60508372360280571,2,1,1,0,1,,0,1,1,0,1441,recording_disjoint,Recording-disjoint split,arithmetic,1,2,537,1,2,501,0,0.46906187624750501,0.50529700456930104,0.6090991271925339,0.47303266204095451,0.42309458270358857,0.51636363636363636,169,97,1.8325591089186908,501,190,311,0.60608880742714533,0.59414225941422594,0.45659163987138263,0.48947368421052634,93,142
2,8,0,0,1,0,1,0.5,1,1,0.5,0.489353336456608,0.66666666666666663,0,1,2.2703694679120141,2,1,1,0,1,0.5,1,0,0,1,1441,recording_disjoint,Recording-disjoint split,arithmetic,1,2,501,1,2,537,0,0.50837988826815639,0.60356656759534455,0.58229327061665614,0.52478403377683958,0.46761642065758285,0.65979381443298968,3,261,2.4317585087759355,537,278,259,0.57880831917404341,0.49516441005802708,0.98841698841698844,0.061151079136690649,17,256
1,8,0,0,1,0,1,0.5,1,1,0.5,0.20826221900795319,0,1,0,0.60508372360280571,2,1,1,0,1,,0,1,1,0,1494,recording_disjoint,Recording-disjoint split,arithmetic,1,2,537,1,2,501,0,0.46906187624750501,0.50529700456930104,0.6090991271925339,0.47303266204095451,0.42309458270358857,0.51636363636363636,169,97,1.8325591089186908,501,190,311,0.60608880742714533,0.59414225941422594,0.45659163987138263,0.48947368421052634,93,142
2,8,0,0,1,0,1,0.5,1,1,0.5,0.489353336456608,0.66666666666666663,0,1,2.2703694679120141,2,1,1,0,1,0.5,1,0,0,1,1494,recording_disjoint,Recording-disjoint split,arithmetic,1,2,501,1,2,537,0,0.50837988826815639,0.60356656759534455,0.58229327061665614,0.52478403377683958,0.46761642065758285,0.65979381443298968,3,261,2.4317585087759355,537,278,259,0.57880831917404341,0.49516441005802708,0.98841698841698844,0.061151079136690649,17,256
1,8,0,0,1,0,1,1,1,1,1,0.089618441665943613,1,0,0,0.35473282772494985,2,1,1,0,1,1,1,1,1,1,1547,recording_disjoint,Recording-disjoint split,arithmetic,1,2,589,1,2,449,0,0.5278396436525612,0.53629343629343629,0.54735846517195674,0.52413127413127414,0.4025532413606962,0.57258064516129037,117,95,2.0823524703331371,449,190,259,0.54524825124681464,0.59915611814345993,0.54826254826254828,0.5,95,142
2,8,0,0,1,0,1,0.5,1,1,0.5,0.48291189942646062,0.66666666666666663,0,1,2.0334168682181439,2,1,1,0,1,0.5,1,0,0,1,1547,recording_disjoint,Recording-disjoint split,arithmetic,1,2,449,1,2,589,0,0.55178268251273344,0.5481505470864465,0.58340149660131824,0.52613407666150036,0.41556588475327566,0.69863013698630139,5,259,2.1215262648282867,589,278,311,0.58147687252112445,0.54159292035398232,0.98392282958199362,0.0683453237410072,19,306
1,9,0,0,1,0,1,1,1,1,1,0.17127553604331716,1,0,0,0.53335146374532549,2,1,1,0,1,1,1,1,1,1,1335,recording_disjoint,Recording-disjoint split,arithmetic,1,2,547,1,2,532,0,0.59210526315789469,0.57397041183526587,0.2383441128735479,0.57415033986405439,0.37055318484885935,0.37822349570200575,56,161,3.6889258336888711,532,410,122,0.23652084674228474,0.29074889867841408,0.54098360655737709,0.60731707317073169,249,66
2,9,0,0,1,0,1,0.5,0,0.5,0.5,0.49722676826416556,0.66666666666666663,0,1,2.9062872300890499,2,1,1,0,0.25,0.5,1,0,0,1,1335,recording_disjoint,Recording-disjoint split,arithmetic,1,2,532,1,2,547,0,0.61425959780621575,0.34867884995925968,0.71586350142841737,0.40028324215264033,0.32221521983324125,0.75995449374288959,92,119,1.6137749865586277,547,121,426,0.71457884220000767,0.73730684326710816,0.784037558685446,0.016528925619834711,2,334
1,9,0,0,1,0,1,0.5,1,1,0.5,0.33644326670667829,0,1,0,0.85829145905607163,2,1,1,0,1,,0,1,1,0,1388,recording_disjoint,Recording-disjoint split,arithmetic,1,2,243,1,2,836,0,0.63277511961722488,0.78598419787014773,0.73559344291391981,0.63692316500629798,0.31362059177806506,0.53834586466165413,247,60,1.7360732218533264,836,410,426,0.73458402852363647,0.7489539748953975,0.42018779342723006,0.85365853658536583,350,179
2,9,0,0,1,0,1,0.5,1,1,0.5,0.49909839760779123,0.66666666666666663,0,1,3.5056679986282484,2,1,1,0,1,0.5,1,0,0,1,1388,recording_disjoint,Recording-disjoint split,arithmetic,1,2,836,1,2,243,0,0.50205761316872433,0.50873865329901091,0.50959267910719808,0.5,0.49631406869326872,0.66849315068493154,0,121,3.4919237294312531,243,121,122,0.50488762528558206,0.50205761316872433,1,0,0,122
1,9,0,0,1,0,1,0.5,1,1,0.5,0.33644326670667829,0,1,0,0.85829145905607163,2,1,1,0,1,,0,1,1,0,1441,recording_disjoint,Recording-disjoint split,arithmetic,1,2,243,1,2,836,0,0.63277511961722488,0.78598419787014773,0.73559344291391981,0.63692316500629798,0.31362059177806506,0.53834586466165413,247,60,1.7360732218533264,836,410,426,0.73458402852363647,0.7489539748953975,0.42018779342723006,0.85365853658536583,350,179
2,9,0,0,1,0,1,0.5,1,1,0.5,0.49909839760779123,0.66666666666666663,0,1,3.5056679986282484,2,1,1,0,1,0.5,1,0,0,1,1441,recording_disjoint,Recording-disjoint split,arithmetic,1,2,836,1,2,243,0,0.50205761316872433,0.50873865329901091,0.50959267910719808,0.5,0.49631406869326872,0.66849315068493154,0,121,3.4919237294312531,243,121,122,0.50488762528558206,0.50205761316872433,1,0,0,122
1,9,0,0,1,0,1,0.5,1,1,0.5,0.33644326670667829,0,1,0,0.85829145905607163,2,1,1,0,1,,0,1,1,0,1494,recording_disjoint,Recording-disjoint split,arithmetic,1,2,243,1,2,836,0,0.63277511961722488,0.78598419787014773,0.73559344291391981,0.63692316500629798,0.31362059177806506,0.53834586466165413,247,60,1.7360732218533264,836,410,426,0.73458402852363647,0.7489539748953975,0.42018779342723006,0.85365853658536583,350,179
2,9,0,0,1,0,1,0.5,1,1,0.5,0.49909839760779123,0.66666666666666663,0,1,3.5056679986282484,2,1,1,0,1,0.5,1,0,0,1,1494,recording_disjoint,Recording-disjoint split,arithmetic,1,2,836,1,2,243,0,0.50205761316872433,0.50873865329901091,0.50959267910719808,0.5,0.49631406869326872,0.66849315068493154,0,121,3.4919237294312531,243,121,122,0.50488762528558206,0.50205761316872433,1,0,0,122
1,9,0,0,1,0,1,1,1,1,1,0.17127553604331716,1,0,0,0.53335146374532549,2,1,1,0,1,1,1,1,1,1,1547,recording_disjoint,Recording-disjoint split,arithmetic,1,2,547,1,2,532,0,0.59210526315789469,0.57397041183526587,0.2383441128735479,0.57415033986405439,0.37055318484885935,0.37822349570200575,56,161,3.6889258336888711,532,410,122,0.23652084674228474,0.29074889867841408,0.54098360655737709,0.60731707317073169,249,66
2,9,0,0,1,0,1,0.5,0,0.5,0.5,0.49722676826416556,0.66666666666666663,0,1,2.9062872300890499,2,1,1,0,0.25,0.5,1,0,0,1,1547,recording_disjoint,Recording-disjoint split,arithmetic,1,2,532,1,2,547,0,0.61425959780621575,0.34867884995925968,0.71586350142841737,0.40028324215264033,0.32221521983324125,0.75995449374288959,92,119,1.6137749865586277,547,121,426,0.71457884220000767,0.73730684326710816,0.784037558685446,0.016528925619834711,2,334
1,10,0,0,1,0,1,0.5,0,0.5,0.5,0.58104761154221796,0.66666666666666663,0,1,5.2463626648610511,2,1,1,0,0.25,0.5,1,0,0,1,1335,recording_disjoint,Recording-disjoint split,arithmetic,1,2,241,1,2,297,0,0.36363636363636365,0.24749034749034748,0.26134796922048387,0.40111003861003863,0.60125007916845252,0.3961661341853035,50,139,7.5470347361420309,297,185,112,0.259176414279918,0.30845771144278605,0.5535714285714286,0.24864864864864866,46,62
2,10,0,0,1,0,1,0.5,1,1,0.5,0.47427046953200208,0.66666666666666663,0,1,1.8298352773758606,2,1,1,0,1,0.5,1,0,0,1,1335,recording_disjoint,Recording-disjoint split,arithmetic,1,2,297,1,2,241,0,0.53526970954356845,0.52435344827586206,0.71795672257008847,0.44658764367816089,0.39024885248405627,0.69565217391304346,17,95,1.6112594293172842,241,96,145,0.71689482883754718,0.57399103139013452,0.88275862068965516,0.010416666666666666,1,128
1,10,0,0,1,0,1,0.5,1,1,0.5,0.2174437464260037,0.66666666666666663,0,1,0.60167440398062433,2,1,1,0,1,0.5,1,0,0,1,1388,recording_disjoint,Recording-disjoint split,arithmetic,1,2,208,1,2,330,0,0.5696969696969697,0.56715750232991613,0.45381361219099353,0.58117427772600183,0.36741858669563049,0.57988165680473369,47,95,1.855990903859686,330,185,145,0.45024606710156889,0.50777202072538863,0.67586206896551726,0.48648648648648651,90,98
2,10,0,0,1,0,1,0.5,1,1,0.5,0.47117337906771384,0.66666666666666663,0,1,1.7716399885199265,2,1,1,0,1,0.5,1,0,0,1,1388,recording_disjoint,Recording-disjoint split,arithmetic,1,2,330,1,2,208,0,0.5625,0.57096354166666663,0.58698218600709318,0.52604166666666663,0.38366423159151358,0.71111111111111114,0,91,1.6969068790501682,208,96,112,0.58365449380662526,0.55172413793103448,1,0.052083333333333336,5,112
1,10,0,0,1,0,1,0.5,1,1,0.5,0.2174437464260037,0.66666666666666663,0,1,0.60167440398062433,2,1,1,0,1,0.5,1,0,0,1,1441,recording_disjoint,Recording-disjoint split,arithmetic,1,2,208,1,2,330,0,0.5696969696969697,0.56715750232991613,0.45381361219099353,0.58117427772600183,0.36741858669563049,0.57988165680473369,47,95,1.855990903859686,330,185,145,0.45024606710156889,0.50777202072538863,0.67586206896551726,0.48648648648648651,90,98
2,10,0,0,1,0,1,0.5,1,1,0.5,0.47117337906771384,0.66666666666666663,0,1,1.7716399885199265,2,1,1,0,1,0.5,1,0,0,1,1441,recording_disjoint,Recording-disjoint split,arithmetic,1,2,330,1,2,208,0,0.5625,0.57096354166666663,0.58698218600709318,0.52604166666666663,0.38366423159151358,0.71111111111111114,0,91,1.6969068790501682,208,96,112,0.58365449380662526,0.55172413793103448,1,0.052083333333333336,5,112
1,10,0,0,1,0,1,0.5,1,1,0.5,0.2174437464260037,0.66666666666666663,0,1,0.60167440398062433,2,1,1,0,1,0.5,1,0,0,1,1494,recording_disjoint,Recording-disjoint split,arithmetic,1,2,208,1,2,330,0,0.5696969696969697,0.56715750232991613,0.45381361219099353,0.58117427772600183,0.36741858669563049,0.57988165680473369,47,95,1.855990903859686,330,185,145,0.45024606710156889,0.50777202072538863,0.67586206896551726,0.48648648648648651,90,98
2,10,0,0,1,0,1,0.5,1,1,0.5,0.47117337906771384,0.66666666666666663,0,1,1.7716399885199265,2,1,1,0,1,0.5,1,0,0,1,1494,recording_disjoint,Recording-disjoint split,arithmetic,1,2,330,1,2,208,0,0.5625,0.57096354166666663,0.58698218600709318,0.52604166666666663,0.38366423159151358,0.71111111111111114,0,91,1.6969068790501682,208,96,112,0.58365449380662526,0.55172413793103448,1,0.052083333333333336,5,112
1,10,0,0,1,0,1,0.5,0,0.5,0.5,0.58104761154221796,0.66666666666666663,0,1,5.2463626648610511,2,1,1,0,0.25,0.5,1,0,0,1,1547,recording_disjoint,Recording-disjoint split,arithmetic,1,2,241,1,2,297,0,0.36363636363636365,0.24749034749034748,0.26134796922048387,0.40111003861003863,0.60125007916845252,0.3961661341853035,50,139,7.5470347361420309,297,185,112,0.259176414279918,0.30845771144278605,0.5535714285714286,0.24864864864864866,46,62
2,10,0,0,1,0,1,0.5,1,1,0.5,0.47427046953200208,0.66666666666666663,0,1,1.8298352773758606,2,1,1,0,1,0.5,1,0,0,1,1547,recording_disjoint,Recording-disjoint split,arithmetic,1,2,297,1,2,241,0,0.53526970954356845,0.52435344827586206,0.71795672257008847,0.44658764367816089,0.39024885248405627,0.69565217391304346,17,95,1.6112594293172842,241,96,145,0.71689482883754718,0.57399103139013452,0.88275862068965516,0.010416666666666666,1,128
1,11,0,0,1,0,1,0.5,0,0.5,0.5,0.54481208941971249,0.66666666666666663,0,1,7.2096865586516241,2,1,1,0,0.25,0.5,1,0,0,1,1335,recording_disjoint,Recording-disjoint split,arithmetic,1,2,366,1,2,406,0,0.39408866995073893,0.25268164339202592,0.27936819596666213,0.43574175268164339,0.57017507531244427,0.45814977973568283,58,188,10.003490772742509,406,244,162,0.27779663198825588,0.35616438356164382,0.64197530864197527,0.22950819672131148,56,104
2,11,0,0,1,0,1,0.5,1,1,0.5,0.49693746668623773,0.66666666666666663,0,1,2.8941178750462293,2,1,1,0,1,0.5,1,0,0,1,1335,recording_disjoint,Recording-disjoint split,arithmetic,1,2,406,1,2,366,0,0.57650273224043713,0.57245069561229167,0.60495521381267414,0.5,0.40696872139569806,0.73136915077989606,0,155,2.4617051760955815,366,155,211,0.60133074254640095,0.57650273224043713,1,0,0,211
1,11,0,0,1,0,1,0.5,0,0.5,0.5,0.55707753160250451,0.66666666666666663,0,1,5.7088289932193881,2,1,1,0,0.25,0.5,1,0,0,1,1388,recording_disjoint,Recording-disjoint split,arithmetic,1,2,317,1,2,455,0,0.36483516483516482,0.2198352886333618,0.32177052723414806,0.37830199673685028,0.57103764876967078,0.45161290322580644,92,197,6.8811204420590286,455,244,211,0.32040024004218931,0.37658227848101267,0.56398104265402849,0.19262295081967212,47,119
2,11,0,0,1,0,1,0.5,1,1,0.5,0.49654642682725619,0.66666666666666663,0,1,2.8341684238236309,2,1,1,0,1,0.5,1,0,0,1,1388,recording_disjoint,Recording-disjoint split,arithmetic,1,2,455,1,2,317,0,0.53312302839116721,0.5082835523695739,0.49548676107027534,0.52258064516129032,0.45303538643076202,0.68644067796610164,0,148,2.8132939855514429,317,155,162,0.4914323122238643,0.52258064516129032,1,0.045161290322580643,7,162
1,11,0,0,1,0,1,0.5,0,0.5,0.5,0.55707753160250451,0.66666666666666663,0,1,5.7088289932193881,2,1,1,0,0.25,0.5,1,0,0,1,1441,recording_disjoint,Recording-disjoint split,arithmetic,1,2,317,1,2,455,0,0.36483516483516482,0.2198352886333618,0.32177052723414806,0.37830199673685028,0.57103764876967078,0.45161290322580644,92,197,6.8811204420590286,455,244,211,0.32040024004218931,0.37658227848101267,0.56398104265402849,0.19262295081967212,47,119
2,11,0,0,1,0,1,0.5,1,1,0.5,0.49654642682725619,0.66666666666666663,0,1,2.8341684238236309,2,1,1,0,1,0.5,1,0,0,1,1441,recording_disjoint,Recording-disjoint split,arithmetic,1,2,455,1,2,317,0,0.53312302839116721,0.5082835523695739,0.49548676107027534,0.52258064516129032,0.45303538643076202,0.68644067796610164,0,148,2.8132939855514429,317,155,162,0.4914323122238643,0.52258064516129032,1,0.045161290322580643,7,162
1,11,0,0,1,0,1,0.5,0,0.5,0.5,0.55707753160250451,0.66666666666666663,0,1,5.7088289932193881,2,1,1,0,0.25,0.5,1,0,0,1,1494,recording_disjoint,Recording-disjoint split,arithmetic,1,2,317,1,2,455,0,0.36483516483516482,0.2198352886333618,0.32177052723414806,0.37830199673685028,0.57103764876967078,0.45161290322580644,92,197,6.8811204420590286,455,244,211,0.32040024004218931,0.37658227848101267,0.56398104265402849,0.19262295081967212,47,119
2,11,0,0,1,0,1,0.5,1,1,0.5,0.49654642682725619,0.66666666666666663,0,1,2.8341684238236309,2,1,1,0,1,0.5,1,0,0,1,1494,recording_disjoint,Recording-disjoint split,arithmetic,1,2,455,1,2,317,0,0.53312302839116721,0.5082835523695739,0.49548676107027534,0.52258064516129032,0.45303538643076202,0.68644067796610164,0,148,2.8132939855514429,317,155,162,0.4914323122238643,0.52258064516129032,1,0.045161290322580643,7,162
1,11,0,0,1,0,1,0.5,0,0.5,0.5,0.54481208941971249,0.66666666666666663,0,1,7.2096865586516241,2,1,1,0,0.25,0.5,1,0,0,1,1547,recording_disjoint,Recording-disjoint split,arithmetic,1,2,366,1,2,406,0,0.39408866995073893,0.25268164339202592,0.27936819596666213,0.43574175268164339,0.57017507531244427,0.45814977973568283,58,188,10.003490772742509,406,244,162,0.27779663198825588,0.35616438356164382,0.64197530864197527,0.22950819672131148,56,104
2,11,0,0,1,0,1,0.5,1,1,0.5,0.49693746668623773,0.66666666666666663,0,1,2.8941178750462293,2,1,1,0,1,0.5,1,0,0,1,1547,recording_disjoint,Recording-disjoint split,arithmetic,1,2,406,1,2,366,0,0.57650273224043713,0.57245069561229167,0.60495521381267414,0.5,0.40696872139569806,0.73136915077989606,0,155,2.4617051760955815,366,155,211,0.60133074254640095,0.57650273224043713,1,0,0,211
1,12,0,0,1,0,1,0.5,0,0.5,0.5,0.42900723758248926,0,1,0,1.1624236430348387,2,1,1,0,0.25,,0,1,1,0,1335,recording_disjoint,Recording-disjoint split,arithmetic,1,2,335,1,2,320,0,0.40937499999999999,0.37681681681681678,0.33228405868487942,0.36906906906906911,0.44690084616067588,0.13698630136986301,120,69,1.5507122617040623,320,185,135,0.32963913178457394,0.17857142857142858,0.1111111111111111,0.62702702702702706,116,15
2,12,0,0,1,0,1,0.5,0,0.5,0.5,0.49854350437514539,0.66666666666666663,0,1,3.2466533262907871,2,1,1,0,0.25,0.5,1,0,0,1,1335,recording_disjoint,Recording-disjoint split,arithmetic,1,2,320,1,2,335,0,0.63283582089552237,0.25141709966934339,0.54113616376600338,0.48401826484018262,0.35988320070660068,0.77513711151736742,7,116,2.3141434207157014,335,116,219,0.53894829010017298,0.64634146341463417,0.96803652968036524,0,0,212
1,12,0,0,1,0,1,0.5,0,0.5,0.5,0.58260477878946393,0.66666666666666663,0,1,3.7482958882088302,2,1,1,0,0.25,0.5,1,0,0,1,1388,recording_disjoint,Recording-disjoint split,arithmetic,1,2,251,1,2,404,0,0.31683168316831684,0.15774404541527826,0.36920586190109617,0.29937060348019251,0.59009954074048609,0.44578313253012047,108,168,4.0102007016780812,404,185,219,0.36761999238991555,0.39784946236559138,0.50684931506849318,0.091891891891891897,17,111
2,12,0,0,1,0,1,0.5,0,0.5,0.5,0.49123180827890967,0.66666666666666663,0,1,2.3457370957177939,2,1,1,0,0.25,0.5,1,0,0,1,1388,recording_disjoint,Recording-disjoint split,arithmetic,1,2,404,1,2,251,0,0.46613545816733065,0.3322477650063857,0.47917739367608742,0.43333333333333335,0.47830644338952238,0.63586956521739135,18,116,2.2912347489872555,251,116,135,0.47566207946247974,0.50214592274678116,0.8666666666666667,0,0,117
1,12,0,0,1,0,1,0.5,0,0.5,0.5,0.58260477878946393,0.66666666666666663,0,1,3.7482958882088302,2,1,1,0,0.25,0.5,1,0,0,1,1441,recording_disjoint,Recording-disjoint split,arithmetic,1,2,251,1,2,404,0,0.31683168316831684,0.15774404541527826,0.36920586190109617,0.29937060348019251,0.59009954074048609,0.44578313253012047,108,168,4.0102007016780812,404,185,219,0.36761999238991555,0.39784946236559138,0.50684931506849318,0.091891891891891897,17,111
2,12,0,0,1,0,1,0.5,0,0.5,0.5,0.49123180827890967,0.66666666666666663,0,1,2.3457370957177939,2,1,1,0,0.25,0.5,1,0,0,1,1441,recording_disjoint,Recording-disjoint split,arithmetic,1,2,404,1,2,251,0,0.46613545816733065,0.3322477650063857,0.47917739367608742,0.43333333333333335,0.47830644338952238,0.63586956521739135,18,116,2.2912347489872555,251,116,135,0.47566207946247974,0.50214592274678116,0.8666666666666667,0,0,117
1,12,0,0,1,0,1,0.5,0,0.5,0.5,0.58260477878946393,0.66666666666666663,0,1,3.7482958882088302,2,1,1,0,0.25,0.5,1,0,0,1,1494,recording_disjoint,Recording-disjoint split,arithmetic,1,2,251,1,2,404,0,0.31683168316831684,0.15774404541527826,0.36920586190109617,0.29937060348019251,0.59009954074048609,0.44578313253012047,108,168,4.0102007016780812,404,185,219,0.36761999238991555,0.39784946236559138,0.50684931506849318,0.091891891891891897,17,111
2,12,0,0,1,0,1,0.5,0,0.5,0.5,0.49123180827890967,0.66666666666666663,0,1,2.3457370957177939,2,1,1,0,0.25,0.5,1,0,0,1,1494,recording_disjoint,Recording-disjoint split,arithmetic,1,2,404,1,2,251,0,0.46613545816733065,0.3322477650063857,0.47917739367608742,0.43333333333333335,0.47830644338952238,0.63586956521739135,18,116,2.2912347489872555,251,116,135,0.47566207946247974,0.50214592274678116,0.8666666666666667,0,0,117
1,12,0,0,1,0,1,0.5,0,0.5,0.5,0.42900723758248926,0,1,0,1.1624236430348387,2,1,1,0,0.25,,0,1,1,0,1547,recording_disjoint,Recording-disjoint split,arithmetic,1,2,335,1,2,320,0,0.40937499999999999,0.37681681681681678,0.33228405868487942,0.36906906906906911,0.44690084616067588,0.13698630136986301,120,69,1.5507122617040623,320,185,135,0.32963913178457394,0.17857142857142858,0.1111111111111111,0.62702702702702706,116,15
2,12,0,0,1,0,1,0.5,0,0.5,0.5,0.49854350437514539,0.66666666666666663,0,1,3.2466533262907871,2,1,1,0,0.25,0.5,1,0,0,1,1547,recording_disjoint,Recording-disjoint split,arithmetic,1,2,320,1,2,335,0,0.63283582089552237,0.25141709966934339,0.54113616376600338,0.48401826484018262,0.35988320070660068,0.77513711151736742,7,116,2.3141434207157014,335,116,219,0.53894829010017298,0.64634146341463417,0.96803652968036524,0,0,212
1,13,0,0,1,0,1,0.5,1,1,0.5,0.22271614029006748,0.66666666666666663,0,1,0.57916108799295563,2,1,1,0,1,0.5,1,0,0,1,1335,recording_disjoint,Recording-disjoint split,arithmetic,1,2,345,1,2,325,0,0.56615384615384612,0.70597701149425274,0.67887046244639915,0.5882183908045977,0.31202275856107237,0.61994609164420489,30,111,1.0195123690388241,325,180,145,0.67655473302998559,0.50884955752212391,0.7931034482758621,0.38333333333333336,69,115
2,13,0,0,1,0,1,0.5,1,1,0.5,0.49884123198310304,0.66666666666666663,0,1,3.3801686259468955,2,1,1,0,1,0.5,1,0,0,1,1335,recording_disjoint,Recording-disjoint split,arithmetic,1,2,325,1,2,345,0,0.60579710144927534,0.4571220426004301,0.57900471370216056,0.52112676056338025,0.38423300219650558,0.74907749077490771,0,136,2.8330238969691788,345,142,203,0.57718805421595509,0.59882005899705015,1,0.042253521126760563,6,203
1,13,0,0,1,0,1,0.5,0,0.5,0.5,0.52393385958285232,0.66666666666666663,0,1,3.4315872643802292,2,1,1,0,0.25,0.5,1,0,0,1,1388,recording_disjoint,Recording-disjoint split,arithmetic,1,2,287,1,2,383,0,0.48302872062663188,0.24296661193212918,0.38449501138555786,0.46479200875752597,0.48664833805721541,0.61176470588235299,47,151,4.2804675335964602,383,180,203,0.38285319755416902,0.50814332247557004,0.76847290640394084,0.16111111111111112,29,156
2,13,0,0,1,0,1,0.5,0,0.5,0.5,0.49739173392357777,0.66666666666666663,0,1,2.9739305427689997,2,1,1,0,0.25,0.5,1,0,0,1,1388,recording_disjoint,Recording-disjoint split,arithmetic,1,2,383,1,2,287,0,0.51916376306620204,0.38508984944147645,0.43614751245639716,0.51423020883924231,0.46171968190504459,0.67452830188679247,2,136,3.0193416850736039,287,142,145,0.43211183016211629,0.51254480286738346,0.98620689655172411,0.042253521126760563,6,143
1,13,0,0,1,0,1,0.5,0,0.5,0.5,0.52393385958285232,0.66666666666666663,0,1,3.4315872643802292,2,1,1,0,0.25,0.5,1,0,0,1,1441,recording_disjoint,Recording-disjoint split,arithmetic,1,2,287,1,2,383,0,0.48302872062663188,0.24296661193212918,0.38449501138555786,0.46479200875752597,0.48664833805721541,0.61176470588235299,47,151,4.2804675335964602,383,180,203,0.38285319755416902,0.50814332247557004,0.76847290640394084,0.16111111111111112,29,156
2,13,0,0,1,0,1,0.5,0,0.5,0.5,0.49739173392357777,0.66666666666666663,0,1,2.9739305427689997,2,1,1,0,0.25,0.5,1,0,0,1,1441,recording_disjoint,Recording-disjoint split,arithmetic,1,2,383,1,2,287,0,0.51916376306620204,0.38508984944147645,0.43614751245639716,0.51423020883924231,0.46171968190504459,0.67452830188679247,2,136,3.0193416850736039,287,142,145,0.43211183016211629,0.51254480286738346,0.98620689655172411,0.042253521126760563,6,143
1,13,0,0,1,0,1,0.5,0,0.5,0.5,0.52393385958285232,0.66666666666666663,0,1,3.4315872643802292,2,1,1,0,0.25,0.5,1,0,0,1,1494,recording_disjoint,Recording-disjoint split,arithmetic,1,2,287,1,2,383,0,0.48302872062663188,0.24296661193212918,0.38449501138555786,0.46479200875752597,0.48664833805721541,0.61176470588235299,47,151,4.2804675335964602,383,180,203,0.38285319755416902,0.50814332247557004,0.76847290640394084,0.16111111111111112,29,156
2,13,0,0,1,0,1,0.5,0,0.5,0.5,0.49739173392357777,0.66666666666666663,0,1,2.9739305427689997,2,1,1,0,0.25,0.5,1,0,0,1,1494,recording_disjoint,Recording-disjoint split,arithmetic,1,2,383,1,2,287,0,0.51916376306620204,0.38508984944147645,0.43614751245639716,0.51423020883924231,0.46171968190504459,0.67452830188679247,2,136,3.0193416850736039,287,142,145,0.43211183016211629,0.51254480286738346,0.98620689655172411,0.042253521126760563,6,143
1,13,0,0,1,0,1,0.5,1,1,0.5,0.22271614029006748,0.66666666666666663,0,1,0.57916108799295563,2,1,1,0,1,0.5,1,0,0,1,1547,recording_disjoint,Recording-disjoint split,arithmetic,1,2,345,1,2,325,0,0.56615384615384612,0.70597701149425274,0.67887046244639915,0.5882183908045977,0.31202275856107237,0.61994609164420489,30,111,1.0195123690388241,325,180,145,0.67655473302998559,0.50884955752212391,0.7931034482758621,0.38333333333333336,69,115
2,13,0,0,1,0,1,0.5,1,1,0.5,0.49884123198310304,0.66666666666666663,0,1,3.3801686259468955,2,1,1,0,1,0.5,1,0,0,1,1547,recording_disjoint,Recording-disjoint split,arithmetic,1,2,325,1,2,345,0,0.60579710144927534,0.4571220426004301,0.57900471370216056,0.52112676056338025,0.38423300219650558,0.74907749077490771,0,136,2.8330238969691788,345,142,203,0.57718805421595509,0.59882005899705015,1,0.042253521126760563,6,203
1,14,0,0,1,0,1,0,0,0.5,0,0.97938684232162143,0,1,1,15.572285159557151,2,1,1,0,0.25,0,0,0,0,0,1335,recording_disjoint,Recording-disjoint split,arithmetic,1,2,284,1,2,310,0,0.12903225806451613,0,0.30846312122258018,0.12903225806451613,0.84715935074329884,0.22857142857142856,115,155,15.874075002296403,310,155,155,0.30685021799677376,0.20512820512820512,0.25806451612903225,0,0,40
2,14,0,0,1,0,1,0.5,0,0.5,0.5,0.49990251411830966,0.66666666666666663,0,1,4.5479533112552746,2,1,1,0,0.25,0.5,1,0,0,1,1335,recording_disjoint,Recording-disjoint split,arithmetic,1,2,310,1,2,284,0,0.59859154929577463,0.021826625386996919,0.3930314639847432,0.5,0.4013984882059245,0.74889867841409696,0,114,3.6556117700388699,284,114,170,0.39122723932314662,0.59859154929577463,1,0,0,170
1,14,0,0,1,0,1,0.5,1,1,0.5,0.49846757026241895,0.66666666666666663,0,1,3.2400676256366983,2,1,1,0,1,0.5,1,0,0,1,1388,recording_disjoint,Recording-disjoint split,arithmetic,1,2,269,1,2,325,0,0.5938461538461538,0.72652751423149908,0.73540551552132927,0.57447817836812143,0.39591397424833752,0.7191489361702128,1,131,3.9333749080004061,325,155,170,0.73427164936406586,0.56333333333333335,0.99411764705882355,0.15483870967741936,24,169
2,14,0,0,1,0,1,0.5,0,0.5,0.5,0.49998852496291724,0.66666666666666663,0,1,5.6876682818249185,2,1,1,0,0.25,0.5,1,0,0,1,1388,recording_disjoint,Recording-disjoint split,arithmetic,1,2,325,1,2,269,0,0.57620817843866168,0.49524617996604414,0.59339966181532677,0.5,0.42376038021385287,0.73113207547169812,0,114,4.8207980456234267,269,114,155,0.58953777931602103,0.57620817843866168,1,0,0,155
1,14,0,0,1,0,1,0.5,1,1,0.5,0.49846757026241895,0.66666666666666663,0,1,3.2400676256366983,2,1,1,0,1,0.5,1,0,0,1,1441,recording_disjoint,Recording-disjoint split,arithmetic,1,2,269,1,2,325,0,0.5938461538461538,0.72652751423149908,0.73540551552132927,0.57447817836812143,0.39591397424833752,0.7191489361702128,1,131,3.9333749080004061,325,155,170,0.73427164936406586,0.56333333333333335,0.99411764705882355,0.15483870967741936,24,169
2,14,0,0,1,0,1,0.5,0,0.5,0.5,0.49998852496291724,0.66666666666666663,0,1,5.6876682818249185,2,1,1,0,0.25,0.5,1,0,0,1,1441,recording_disjoint,Recording-disjoint split,arithmetic,1,2,325,1,2,269,0,0.57620817843866168,0.49524617996604414,0.59339966181532677,0.5,0.42376038021385287,0.73113207547169812,0,114,4.8207980456234267,269,114,155,0.58953777931602103,0.57620817843866168,1,0,0,155
1,14,0,0,1,0,1,0.5,1,1,0.5,0.49846757026241895,0.66666666666666663,0,1,3.2400676256366983,2,1,1,0,1,0.5,1,0,0,1,1494,recording_disjoint,Recording-disjoint split,arithmetic,1,2,269,1,2,325,0,0.5938461538461538,0.72652751423149908,0.73540551552132927,0.57447817836812143,0.39591397424833752,0.7191489361702128,1,131,3.9333749080004061,325,155,170,0.73427164936406586,0.56333333333333335,0.99411764705882355,0.15483870967741936,24,169
2,14,0,0,1,0,1,0.5,0,0.5,0.5,0.49998852496291724,0.66666666666666663,0,1,5.6876682818249185,2,1,1,0,0.25,0.5,1,0,0,1,1494,recording_disjoint,Recording-disjoint split,arithmetic,1,2,325,1,2,269,0,0.57620817843866168,0.49524617996604414,0.59339966181532677,0.5,0.42376038021385287,0.73113207547169812,0,114,4.8207980456234267,269,114,155,0.58953777931602103,0.57620817843866168,1,0,0,155
1,14,0,0,1,0,1,0,0,0.5,0,0.97938684232162143,0,1,1,15.572285159557151,2,1,1,0,0.25,0,0,0,0,0,1547,recording_disjoint,Recording-disjoint split,arithmetic,1,2,284,1,2,310,0,0.12903225806451613,0,0.30846312122258018,0.12903225806451613,0.84715935074329884,0.22857142857142856,115,155,15.874075002296403,310,155,155,0.30685021799677376,0.20512820512820512,0.25806451612903225,0,0,40
2,14,0,0,1,0,1,0.5,0,0.5,0.5,0.49990251411830966,0.66666666666666663,0,1,4.5479533112552746,2,1,1,0,0.25,0.5,1,0,0,1,1547,recording_disjoint,Recording-disjoint split,arithmetic,1,2,310,1,2,284,0,0.59859154929577463,0.021826625386996919,0.3930314639847432,0.5,0.4013984882059245,0.74889867841409696,0,114,3.6556117700388699,284,114,170,0.39122723932314662,0.59859154929577463,1,0,0,170
1,15,0,0,1,0,1,1,1,1,1,0.030400662999917345,1,0,0,0.1415657207168935,2,1,1,0,1,1,1,1,1,1,1335,recording_disjoint,Recording-disjoint split,arithmetic,1,2,432,1,2,295,0,0.89830508474576276,0.95813519813519821,0.92467697609993627,0.89603729603729598,0.085547372718110776,0.88372093023255816,16,14,0.26211408374660033,295,165,130,0.92414804013889074,0.890625,0.87692307692307692,0.91515151515151516,151,114
2,15,0,0,1,0,1,0.5,1,1,0.5,0.49967676310950759,0.66666666666666663,0,1,4.0185616829186124,2,1,1,0,1,0.5,1,0,0,1,1335,recording_disjoint,Recording-disjoint split,arithmetic,1,2,295,1,2,432,0,0.57407407407407407,0.39809782608695649,0.48545252483713042,0.5,0.41045401147166499,0.72941176470588232,0,184,3.4326440199869865,432,184,248,0.48279173392375024,0.57407407407407407,1,0,0,248
1,15,0,0,1,0,1,1,1,1,1,3.8277759769197568e-06,1,0,0,0.0013853510040221996,2,1,1,0,1,1,1,1,1,1,1388,recording_disjoint,Recording-disjoint split,arithmetic,1,2,314,1,2,413,0,0.97578692493946728,0.99821603128054737,0.99874018360674888,0.97679618768328447,0.015770165973292505,0.97967479674796742,7,3,0.052564359744763027,413,165,248,0.9987374663231593,0.98770491803278693,0.97177419354838712,0.98181818181818181,162,241
2,15,0,0,1,0,1,0.5,1,1,0.5,0.49981147137375603,0.66666666666666663,0,1,4.2881251005704755,2,1,1,0,1,0.5,1,0,0,1,1388,recording_disjoint,Recording-disjoint split,arithmetic,1,2,413,1,2,314,0,0.4140127388535032,0.44113712374581943,0.35169961248528958,0.5,0.5680753894290792,0.5855855855855856,0,184,5.0359004366186149,314,184,130,0.34866450470523841,0.4140127388535032,1,0,0,130
1,15,0,0,1,0,1,1,1,1,1,3.8277759769197568e-06,1,0,0,0.0013853510040221996,2,1,1,0,1,1,1,1,1,1,1441,recording_disjoint,Recording-disjoint split,arithmetic,1,2,314,1,2,413,0,0.97578692493946728,0.99821603128054737,0.99874018360674888,0.97679618768328447,0.015770165973292505,0.97967479674796742,7,3,0.052564359744763027,413,165,248,0.9987374663231593,0.98770491803278693,0.97177419354838712,0.98181818181818181,162,241
2,15,0,0,1,0,1,0.5,1,1,0.5,0.49981147137375603,0.66666666666666663,0,1,4.2881251005704755,2,1,1,0,1,0.5,1,0,0,1,1441,recording_disjoint,Recording-disjoint split,arithmetic,1,2,413,1,2,314,0,0.4140127388535032,0.44113712374581943,0.35169961248528958,0.5,0.5680753894290792,0.5855855855855856,0,184,5.0359004366186149,314,184,130,0.34866450470523841,0.4140127388535032,1,0,0,130
1,15,0,0,1,0,1,1,1,1,1,3.8277759769197568e-06,1,0,0,0.0013853510040221996,2,1,1,0,1,1,1,1,1,1,1494,recording_disjoint,Recording-disjoint split,arithmetic,1,2,314,1,2,413,0,0.97578692493946728,0.99821603128054737,0.99874018360674888,0.97679618768328447,0.015770165973292505,0.97967479674796742,7,3,0.052564359744763027,413,165,248,0.9987374663231593,0.98770491803278693,0.97177419354838712,0.98181818181818181,162,241
2,15,0,0,1,0,1,0.5,1,1,0.5,0.49981147137375603,0.66666666666666663,0,1,4.2881251005704755,2,1,1,0,1,0.5,1,0,0,1,1494,recording_disjoint,Recording-disjoint split,arithmetic,1,2,413,1,2,314,0,0.4140127388535032,0.44113712374581943,0.35169961248528958,0.5,0.5680753894290792,0.5855855855855856,0,184,5.0359004366186149,314,184,130,0.34866450470523841,0.4140127388535032,1,0,0,130
1,15,0,0,1,0,1,1,1,1,1,0.030400662999917345,1,0,0,0.1415657207168935,2,1,1,0,1,1,1,1,1,1,1547,recording_disjoint,Recording-disjoint split,arithmetic,1,2,432,1,2,295,0,0.89830508474576276,0.95813519813519821,0.92467697609993627,0.89603729603729598,0.085547372718110776,0.88372093023255816,16,14,0.26211408374660033,295,165,130,0.92414804013889074,0.890625,0.87692307692307692,0.91515151515151516,151,114
2,15,0,0,1,0,1,0.5,1,1,0.5,0.49967676310950759,0.66666666666666663,0,1,4.0185616829186124,2,1,1,0,1,0.5,1,0,0,1,1547,recording_disjoint,Recording-disjoint split,arithmetic,1,2,295,1,2,432,0,0.57407407407407407,0.39809782608695649,0.48545252483713042,0.5,0.41045401147166499,0.72941176470588232,0,184,3.4326440199869865,432,184,248,0.48279173392375024,0.57407407407407407,1,0,0,248
1,1,0,0,0,0,0,0.5,0.25,0.5,0.5,0.48053482201495179,0,2,0,1.4920088970781062,4,2,2,0,0.33333333333333331,,0,1,2,0,,participant_disjoint,Participant-disjoint split,stroop,12,48,7710,1,4,653,0,0.37519142419601836,0.3163369135104579,0.42025538353283437,0.39718296589410212,0.53493469511343505,0.097345132743362831,326,82,2.3619388695418966,653,305,348,0.42295059240822047,0.21153846153846154,0.063218390804597707,0.73114754098360657,223,22
2,2,0,0,0,0,0,0.5,0.5,0.75,0.5,0.40645855962998939,0.66666666666666663,0,2,1.1662319590071062,4,2,2,0,0.70833333333333326,0.5,1,0,0,2,,participant_disjoint,Participant-disjoint split,stroop,12,48,7504,1,4,859,0,0.4458672875436554,0.46014141296090683,0.31764345670390937,0.52078244609361302,0.48274150049929698,0.51329243353783227,63,413,2.2013378799542243,859,545,314,0.31633176690435671,0.37801204819277107,0.79936305732484081,0.24220183486238533,132,251
3,3,0,0,0,0,0,0.75,1,1,0.75,0.090599657020943844,0.80000000000000004,0,1,0.26549092727047213,4,2,2,0,1,0.66666666666666663,1,0.5,1,2,,participant_disjoint,Participant-disjoint split,stroop,12,48,7793,1,4,570,0,0.83157894736842108,0.96131158917418469,0.9582619160370649,0.8418756815703381,0.11067135048279071,0.84105960264900659,8,88,0.35100665762540029,570,308,262,0.95818050490960616,0.74269005847953218,0.96946564885496178,0.7142857142857143,220,254
4,4,0,0,0,0,0,0.5,0.75,0.83333333333333326,0.5,0.34537173510906033,0,2,0,1.1392203623882353,4,2,2,0,0.79166666666666663,,0,1,2,0,,participant_disjoint,Participant-disjoint split,stroop,12,48,7904,1,4,459,0,0.58387799564270149,0.6586710197810639,0.72061629737269972,0.6089590935279432,0.31772027676618952,0.49868766404199477,159,32,1.2230075383955268,459,205,254,0.71966140367108311,0.74803149606299213,0.37401574803149606,0.84390243902439022,173,95
5,5,0,0,0,0,0,0.75,1,1,0.75,0.17167270532105924,0.80000000000000004,0,1,0.4560185751389742,4,2,2,0,1,0.66666666666666663,1,0.5,1,2,,participant_disjoint,Participant-disjoint split,stroop,12,48,7703,1,4,660,0,0.81515151515151518,0.9139596797712114,0.82701430928371455,0.83653656196201287,0.13944948487758294,0.81681681681681684,7,115,0.50376291887849511,660,381,279,0.82602880920351174,0.70284237726098187,0.97491039426523296,0.69816272965879267,266,272
6,6,0,0,0,0,0,0.5,0.5,0.75,0.5,0.48122350881815301,0.66666666666666663,0,2,1.9661086293837962,4,2,2,0,0.70833333333333326,0.5,1,0,0,2,,participant_disjoint,Participant-disjoint split,stroop,12,48,7822,1,4,541,0,0.49907578558225507,0.56858189372403234,0.69379036632748259,0.49644653400393612,0.44603647718569256,0.66082603254067585,8,263,2.027806034075923,541,269,272,0.69334516192772622,0.50094876660341559,0.97058823529411764,0.022304832713754646,6,264
7,7,0,0,0,0,0,0.25,0.5,0.58333333333333326,0.25,0.61928094487883412,0,2,1,2.3461042240762024,4,2,2,0,0.41666666666666663,0,0,0.5,1,0,,participant_disjoint,Participant-disjoint split,stroop,12,48,7822,1,4,541,0,0.24029574861367836,0.24244702665755297,0.36553968946217263,0.24436090225563908,0.65924605342937748,0,275,136,2.6506214648459072,541,266,275,0.36439705837764202,0,0,0.48872180451127817,130,0
8,8,0,0,0,0,0,0.75,0.75,0.83333333333333326,0.75,0.19338039567009163,0.66666666666666663,1,0,0.5645463958316651,4,2,2,0,0.79166666666666663,1,0.5,1,2,1,,participant_disjoint,Participant-disjoint split,stroop,12,48,7617,1,4,746,0,0.65147453083109919,0.67684298569450851,0.68579705055086571,0.65581737425011533,0.24778160397742913,0.63687150837988826,166,94,0.74638954949295,746,352,394,0.68439249315513073,0.70807453416149069,0.57868020304568524,0.73295454545454541,258,228
9,9,0,0,0,0,0,1,1,1,1,0.082398044563865389,1,0,0,0.32245068149866485,4,2,2,0,1,1,1,1,2,2,,participant_disjoint,Participant-disjoint split,stroop,12,48,7490,1,4,873,0,0.57044673539518898,0.62393607781830818,0.43581986784836141,0.5721122112211221,0.31990932464289118,0.48275862068965519,128,247,1.0872780371154682,873,570,303,0.43462265656099208,0.41469194312796209,0.57755775577557755,0.56666666666666665,323,175
10,10,0,0,0,0,0,0.5,0.25,0.5,0.5,0.49953924645966685,0,2,0,4.6773053624906922,4,2,2,0,0.33333333333333331,,0,1,2,0,,participant_disjoint,Participant-disjoint split,stroop,12,48,7770,1,4,593,0,0.51939291736930859,0.28706043018094907,0.41249194894100227,0.50862068965517238,0.47681053945477914,0.033898305084745763,285,0,5.1106230518993145,593,303,290,0.41133477523159745,1,0.017241379310344827,1,303,5
11,11,0,0,0,0,0,0.75,0.75,0.83333333333333326,0.75,0.16327834893706575,0.80000000000000004,0,1,0.4692070812405677,4,2,2,0,0.79166666666666663,0.66666666666666663,1,0.5,1,2,,participant_disjoint,Participant-disjoint split,stroop,12,48,7691,1,4,672,0,0.78273809523809523,0.81579298386021071,0.71019910195406133,0.7899159663865547,0.16432748546611611,0.7960893854748603,30,116,0.49124772426371732,672,357,315,0.70880188493287122,0.71072319201995016,0.90476190476190477,0.67507002801120453,241,285
12,12,0,0,0,0,0,0.5,0.75,0.83333333333333326,0.5,0.304979617136236,0.66666666666666663,0,2,0.8373751039931796,4,2,2,0,0.79166666666666663,0.5,1,0,0,2,,participant_disjoint,Participant-disjoint split,stroop,12,48,7740,1,4,623,0,0.61958266452648481,0.63553906411049277,0.56977852430983555,0.61699134199134198,0.29811849589708367,0.69260700389105057,48,189,1.1981554739456057,623,308,315,0.56759006840799608,0.58552631578947367,0.84761904761904761,0.38636363636363635,119,267
13,13,0,0,0,0,0,0.5,0.75,0.83333333333333326,0.5,0.29961674926428977,0,2,0,0.77560590886624337,4,2,2,0,0.79166666666666663,,0,1,2,0,,participant_disjoint,Participant-disjoint split,stroop,12,48,7790,1,4,573,0,0.54275741710296688,0.7367244202243346,0.65982243890200132,0.55770264656288948,0.33568219453437048,0.39351851851851855,217,45,1.1243105468814552,573,271,302,0.65800214474271079,0.65384615384615385,0.2814569536423841,0.83394833948339486,226,85
1,1,0.94117647058823528,0.93968726731198793,1,4,1,1,1,1,1,0.013547183358906815,1,0,0,0.084421733328880436,4,2,2,1,1,1,1,1,2,2,1335,random_window,Random-window split,stroop,1,4,574,1,4,79,1,0.92405063291139244,0.9935649935649935,0.99463724632070349,0.92213642213642211,0.039174680025470393,0.93023255813953487,2,4,0.13899965110247672,79,37,42,0.99457530166703045,0.90909090909090906,0.95238095238095233,0.89189189189189189,33,40
2,1,0.94117647058823528,0.93819806403574058,1,4,1,1,1,1,1,0.020392117170829897,1,0,0,0.11735628735493518,4,2,2,1,1,1,1,1,2,2,1335,random_window,Random-window split,stroop,1,4,574,1,4,79,1,0.87341772151898733,0.96589446589446593,0.97400387820521028,0.8712998712998713,0.076514297776462487,0.88372093023255816,4,6,0.24589766376304739,79,37,42,0.97372324412688938,0.86363636363636365,0.90476190476190477,0.83783783783783783,31,38
1,1,0.94117647058823528,0.93819806403574058,1,4,1,1,1,1,1,0.02790155586517774,1,0,0,0.13880821073829314,4,2,2,1,1,1,1,1,2,2,1388,random_window,Random-window split,stroop,1,4,574,1,4,79,1,0.83544303797468356,0.92342342342342343,0.94188873771726567,0.83236808236808235,0.11521368220984865,0.85057471264367812,5,8,0.37112093974789356,79,37,42,0.94124581582826294,0.82222222222222219,0.88095238095238093,0.78378378378378377,29,37
2,1,0.94117647058823528,0.93968726731198793,1,4,1,1,1,1,1,0.013433690422221803,1,0,0,0.098166088317732991,4,2,2,1,1,1,1,1,2,2,1388,random_window,Random-window split,stroop,1,4,574,1,4,79,1,0.92405063291139244,0.97104247104247099,0.97812821626053703,0.92696267696267698,0.06994367572161872,0.92500000000000004,5,1,0.22880559673604958,79,37,42,0.9778957384290986,0.97368421052631582,0.88095238095238093,0.97297297297297303,36,37
1,1,0.94117647058823528,0.94117647058823506,1,4,1,1,1,1,1,0.0067896303195444443,1,0,0,0.069893697159026588,4,2,2,1,1,1,1,1,2,2,1441,random_window,Random-window split,stroop,1,4,574,1,4,79,1,0.92405063291139244,0.98970398970398965,0.99088908405658682,0.92535392535392536,0.046162206018185777,0.92682926829268297,4,2,0.1642904422285647,79,37,42,0.99077674318052544,0.94999999999999996,0.90476190476190477,0.94594594594594594,35,38
2,1,0.94117647058823528,0.93819806403574058,1,4,1,1,1,1,1,0.033594140441819992,1,0,0,0.15314245413491054,4,2,2,1,1,1,1,1,2,2,1441,random_window,Random-window split,stroop,1,4,574,1,4,79,1,0.91139240506329111,0.96267696267696268,0.96266134609275078,0.90862290862290862,0.073930448916499705,0.91954022988505746,2,5,0.2446839972248509,79,37,42,0.96211253507849082,0.88888888888888884,0.95238095238095233,0.86486486486486491,32,40
1,1,0.94117647058823528,0.9389426656738642,1,4,1,1,1,1,1,0.013143127674143721,1,0,0,0.092001411013843168,4,2,2,1,1,1,1,1,2,2,1494,random_window,Random-window split,stroop,1,4,574,1,4,79,1,0.96202531645569622,0.98391248391248398,0.98411822652256609,0.96106821106821105,0.045447104323956218,0.96470588235294119,1,2,0.1727516529968639,79,37,42,0.98389241152992768,0.95348837209302328,0.97619047619047616,0.94594594594594594,35,41
2,1,0.94117647058823528,0.94043186895011155,1,4,1,1,1,1,1,0.025573963935538114,1,0,0,0.13754259641585842,4,2,2,1,1,1,1,1,2,2,1494,random_window,Random-window split,stroop,1,4,574,1,4,79,1,0.86075949367088611,0.94787644787644787,0.95353160370247181,0.86422136422136431,0.097341473187103095,0.86075949367088611,8,3,0.32539875981385658,79,37,42,0.95287815005243603,0.91891891891891897,0.80952380952380953,0.91891891891891897,34,34
1,1,0.94117647058823528,0.94117647058823506,1,4,1,1,1,1,1,0.01602756267669499,1,0,0,0.10589661137223955,4,2,2,1,1,1,1,1,2,2,1547,random_window,Random-window split,stroop,1,4,574,1,4,79,1,0.89873417721518989,0.98326898326898327,0.98585912201938519,0.89832689832689838,0.060950157976954793,0.90476190476190477,4,4,0.21026919157745916,79,37,42,0.98569256123549887,0.90476190476190477,0.90476190476190477,0.89189189189189189,33,38
2,1,0.94117647058823528,0.93968726731198793,1,4,1,1,1,1,1,0.0033985036852138694,1,0,0,0.047768862097977489,4,2,2,1,1,1,1,1,2,2,1547,random_window,Random-window split,stroop,1,4,574,1,4,79,1,0.94936708860759489,0.98519948519948519,0.98546307752544393,0.94916344916344908,0.046547759889695568,0.95238095238095233,2,2,0.16150874431531687,79,37,42,0.98525889840171976,0.95238095238095233,0.95238095238095233,0.94594594594594594,35,40
1,2,0.94117647058823528,0.940610859728507,1,4,1,1,1,1,1,0.00083256996276299749,1,0,0,0.01592537050882966,4,2,2,1,1,1,1,1,2,2,1335,random_window,Random-window split,stroop,1,4,755,1,4,104,1,0.99038461538461542,1,1,0.99242424242424243,0.0041288577153482465,0.98701298701298701,0,1,0.021928946272028568,104,66,38,1,0.97435897435897434,1,0.98484848484848486,65,38
2,2,0.94117647058823528,0.94117647058823539,1,4,1,1,1,1,1,0.00044468167247544994,1,0,0,0.013731627997461797,4,2,2,1,1,1,1,1,2,2,1335,random_window,Random-window split,stroop,1,4,755,1,4,104,1,1,1,1,1,0.0035391285941680879,1,0,0,0.022969660412331214,104,66,38,1,1,1,1,66,38
1,2,0.94117647058823528,0.940610859728507,1,4,1,1,1,1,1,0.0012466499586463457,1,0,0,0.020555985308968329,4,2,2,1,1,1,1,1,2,2,1388,random_window,Random-window split,stroop,1,4,755,1,4,104,1,1,1,1,1,0.0010292785529191215,1,0,0,0.012071505179531226,104,66,38,1,1,1,1,66,38
2,2,0.94117647058823528,0.940610859728507,1,4,1,1,1,1,1,0.00046062956441582565,1,0,0,0.013593341329982996,4,2,2,1,1,1,1,1,2,2,1388,random_window,Random-window split,stroop,1,4,755,1,4,104,1,1,1,1,1,0.0041237328734669556,1,0,0,0.025303299885648514,104,66,38,1,1,1,1,66,38
1,2,0.94117647058823528,0.94117647058823539,1,4,1,1,1,1,1,0.00012446783737861701,1,0,0,0.007071461914394569,4,2,2,1,1,1,1,1,2,2,1441,random_window,Random-window split,stroop,1,4,755,1,4,104,1,1,1,1,1,0.0012137230398929397,1,0,0,0.013624313132002613,104,66,38,1,1,1,1,66,38
2,2,0.94117647058823528,0.940610859728507,1,4,1,1,1,1,1,0.00022881986739282413,1,0,0,0.0091167975998572848,4,2,2,1,1,1,1,1,2,2,1441,random_window,Random-window split,stroop,1,4,755,1,4,104,1,1,1,1,1,0.0010089431752300655,1,0,0,0.013104305496995353,104,66,38,1,1,1,1,66,38
1,2,0.94117647058823528,0.93834841628959276,1,4,1,1,1,1,1,0.0005890894727410233,1,0,0,0.016082948291533068,4,2,2,1,1,1,1,1,2,2,1494,random_window,Random-window split,stroop,1,4,755,1,4,104,1,1,1,1,1,0.0022259458360873803,1,0,0,0.01838526425564694,104,66,38,1,1,1,1,66,38
2,2,0.94117647058823528,0.94004524886877838,1,4,1,1,1,1,1,0.00086065145766287725,1,0,0,0.017322548382862075,4,2,2,1,1,1,1,1,2,2,1494,random_window,Random-window split,stroop,1,4,755,1,4,104,1,1,1,1,1,0.0018556391450960858,1,0,0,0.017364419701875428,104,66,38,1,1,1,1,66,38
1,2,0.94117647058823528,0.94004524886877838,1,4,1,1,1,1,1,0.0025956209273331923,1,0,0,0.029043543280110752,4,2,2,1,1,1,1,1,2,2,1547,random_window,Random-window split,stroop,1,4,755,1,4,104,1,0.99038461538461542,1,1,0.99242424242424243,0.0041914568819905384,0.98701298701298701,0,1,0.02432251143630473,104,66,38,1,0.97435897435897434,1,0.98484848484848486,65,38
2,2,0.94117647058823528,0.94117647058823539,1,4,1,1,1,1,1,0.00025783358331775175,1,0,0,0.01094688913646377,4,2,2,1,1,1,1,1,2,2,1547,random_window,Random-window split,stroop,1,4,755,1,4,104,1,1,1,1,1,0.002982714048201481,1,0,0,0.020137581281829606,104,66,38,1,1,1,1,66,38
1,3,0.94117647058823528,0.93947144075021294,1,4,1,1,1,1,1,6.5866395081228506e-06,1,0,0,0.0015442051260450042,4,2,2,1,1,1,1,1,2,2,1335,random_window,Random-window split,stroop,1,4,501,1,4,69,1,0.98550724637681164,0.99915540540540548,0.99905303030303028,0.984375,0.014224999090284692,0.98412698412698407,1,0,0.068748804265060137,69,37,32,0.99903823390151514,1,0.96875,1,37,31
2,3,0.94117647058823528,0.94117647058823528,1,4,1,1,1,1,1,1.827026859161768e-05,1,0,0,0.0024140112709827356,4,2,2,1,1,1,1,1,2,2,1335,random_window,Random-window split,stroop,1,4,501,1,4,69,1,0.98550724637681164,0.99915540540540548,0.99905303030303028,0.984375,0.013833308946414555,0.98412698412698407,1,0,0.049200627944787516,69,37,32,0.99903823390151514,1,0.96875,1,37,31
1,3,0.94117647058823528,0.93861892583120188,1,4,1,1,1,1,1,1.4230137588059316e-06,1,0,0,0.00097426244170620931,4,2,2,1,1,1,1,1,2,2,1388,random_window,Random-window split,stroop,1,4,501,1,4,69,1,1,1,1,1,2.9811690081260635e-05,1,0,0,0.0028729848844463142,69,37,32,1,1,1,1,37,32
2,3,0.94117647058823528,0.94032395566922411,1,4,1,1,1,1,1,1.9314352262685737e-06,1,0,0,0.00095802773902575115,4,2,2,1,1,1,1,1,2,2,1388,random_window,Random-window split,stroop,1,4,501,1,4,69,1,1,1,1,1,1.5242943639737187e-05,1,0,0,0.0016938588233253618,69,37,32,1,1,1,1,37,32
1,3,0.94117647058823528,0.94032395566922411,1,4,1,1,1,1,1,1.8267755995485372e-06,1,0,0,0.0010282838029839372,4,2,2,1,1,1,1,1,2,2,1441,random_window,Random-window split,stroop,1,4,501,1,4,69,1,1,1,1,1,0.0001447167664700313,1,0,0,0.0043987075503978453,69,37,32,1,1,1,1,37,32
2,3,0.94117647058823528,0.93947144075021294,1,4,1,1,1,1,1,1.9379427300277644e-06,1,0,0,0.00095751086777659934,4,2,2,1,1,1,1,1,2,2,1441,random_window,Random-window split,stroop,1,4,501,1,4,69,1,1,1,1,1,2.0794844512410074e-05,1,0,0,0.0022932840349772759,69,37,32,1,1,1,1,37,32
1,3,0.94117647058823528,0.93947144075021294,1,4,1,1,1,1,1,2.249757790543046e-06,1,0,0,0.0010847246764978792,4,2,2,1,1,1,1,1,2,2,1494,random_window,Random-window split,stroop,1,4,501,1,4,69,1,1,1,1,1,0.00041298678102919608,1,0,0,0.0053189759810714343,69,37,32,1,1,1,1,37,32
2,3,0.94117647058823528,0.94032395566922411,1,4,1,1,1,1,1,1.9143163758293027e-06,1,0,0,0.0010943931777656379,4,2,2,1,1,1,1,1,2,2,1494,random_window,Random-window split,stroop,1,4,501,1,4,69,1,1,1,1,1,4.0681009746379965e-05,1,0,0,0.0032334991824163302,69,37,32,1,1,1,1,37,32
1,3,0.94117647058823528,0.94117647058823528,1,4,1,1,1,1,1,7.9053612526292756e-07,1,0,0,0.00067016082996145399,4,2,2,1,1,1,1,1,2,2,1547,random_window,Random-window split,stroop,1,4,501,1,4,69,1,1,1,1,1,2.5741611733258917e-05,1,0,0,0.0023208996558138038,69,37,32,1,1,1,1,37,32
2,3,0.94117647058823528,0.94032395566922411,1,4,1,1,1,1,1,2.9180112868312869e-05,1,0,0,0.0029635925779066068,4,2,2,1,1,1,1,1,2,2,1547,random_window,Random-window split,stroop,1,4,501,1,4,69,1,1,1,1,1,0.00052881103409373241,1,0,0,0.006635992858506746,69,37,32,1,1,1,1,37,32
1,4,0.94117647058823528,0.93907563025210095,1,4,1,1,1,1,1,1.4263555024578028e-05,1,0,0,0.0027268591128597535,4,2,2,1,1,1,1,1,2,2,1335,random_window,Random-window split,stroop,1,4,403,1,4,56,1,1,1,1,1,0.00381626001349311,1,0,0,0.024716695866362666,56,25,31,1,1,1,1,25,31
2,4,0.94117647058823528,0.94012605042016817,1,4,1,1,1,1,1,3.0486560486900794e-06,1,0,0,0.0011858628746704628,4,2,2,1,1,1,1,1,2,2,1335,random_window,Random-window split,stroop,1,4,403,1,4,56,1,1,1,1,1,0.0052082903432030059,1,0,0,0.021373764935424939,56,25,31,1,1,1,1,25,31
1,4,0.94117647058823528,0.94117647058823539,1,4,1,1,1,1,1,2.7404119569408412e-06,1,0,0,0.0012628377019414147,4,2,2,1,1,1,1,1,2,2,1388,random_window,Random-window split,stroop,1,4,403,1,4,56,1,1,1,1,1,0.00088042899538067604,1,0,0,0.01143316494628833,56,25,31,1,1,1,1,25,31
2,4,0.94117647058823528,0.94117647058823539,1,4,1,1,1,1,1,1.3629691972694214e-06,1,0,0,0.00080578247445220442,4,2,2,1,1,1,1,1,2,2,1388,random_window,Random-window split,stroop,1,4,403,1,4,56,1,1,1,1,1,0.0026164677570360254,1,0,0,0.015343525710620093,56,25,31,1,1,1,1,25,31
1,4,0.94117647058823528,0.94012605042016817,1,4,1,1,1,1,1,1.9553297411124669e-06,1,0,0,0.00093703101724768273,4,2,2,1,1,1,1,1,2,2,1441,random_window,Random-window split,stroop,1,4,403,1,4,56,1,1,1,1,1,0.00092530742788053449,1,0,0,0.011404293974290146,56,25,31,1,1,1,1,25,31
2,4,0.94117647058823528,0.93907563025210095,1,4,1,1,1,1,1,9.3903578387973331e-07,1,0,0,0.00071256737639537396,4,2,2,1,1,1,1,1,2,2,1441,random_window,Random-window split,stroop,1,4,403,1,4,56,1,1,1,1,1,0.0019829118812882069,1,0,0,0.01604552566738613,56,25,31,1,1,1,1,25,31
1,4,0.94117647058823528,0.94117647058823539,1,4,1,1,1,1,1,4.9718620939303465e-07,1,0,0,0.00054426539818668116,4,2,2,1,1,1,1,1,2,2,1494,random_window,Random-window split,stroop,1,4,403,1,4,56,1,1,1,1,1,0.0040689794490410599,1,0,0,0.019919805994888223,56,25,31,1,1,1,1,25,31
2,4,0.94117647058823528,0.94012605042016817,1,4,1,1,1,1,1,3.820707791983927e-05,1,0,0,0.0040701225541248604,4,2,2,1,1,1,1,1,2,2,1494,random_window,Random-window split,stroop,1,4,403,1,4,56,1,1,1,1,1,0.0015924229374661696,1,0,0,0.015754934610689091,56,25,31,1,1,1,1,25,31
1,4,0.94117647058823528,0.94117647058823539,1,4,1,1,1,1,1,1.3367233227886315e-05,1,0,0,0.00246207452573246,4,2,2,1,1,1,1,1,2,2,1547,random_window,Random-window split,stroop,1,4,403,1,4,56,1,1,1,1,1,0.0013900944896242746,1,0,0,0.013525463370414496,56,25,31,1,1,1,1,25,31
2,4,0.94117647058823528,0.94012605042016817,1,4,1,1,1,1,1,2.6442598199528107e-06,1,0,0,0.0011896381851759473,4,2,2,1,1,1,1,1,2,2,1547,random_window,Random-window split,stroop,1,4,403,1,4,56,1,1,1,1,1,0.0046448515834494582,1,0,0,0.022562607754132529,56,25,31,1,1,1,1,25,31
1,5,0.94117647058823528,0.94044117647058845,1,4,1,1,1,1,1,7.2964576085736504e-06,1,0,0,0.0019837996084056879,4,2,2,1,1,1,1,1,2,2,1335,random_window,Random-window split,stroop,1,4,580,1,4,80,1,1,1,1,1,0.00019406048396226991,1,0,0,0.0059287629336545241,80,46,34,1,1,1,1,46,34
2,5,0.94117647058823528,0.94044117647058845,1,4,1,1,1,1,1,5.4545831294616189e-06,1,0,0,0.0017920851794326893,4,2,2,1,1,1,1,1,2,2,1335,random_window,Random-window split,stroop,1,4,580,1,4,80,1,1,1,1,1,0.00015397442552149263,1,0,0,0.0050571829792623478,80,46,34,1,1,1,1,46,34
1,5,0.94117647058823528,0.936029411764706,1,4,1,1,1,1,1,5.7170617213588815e-05,1,0,0,0.0046570295473495633,4,2,2,1,1,1,1,1,2,2,1388,random_window,Random-window split,stroop,1,4,580,1,4,80,1,0.97499999999999998,1,1,0.97826086956521741,0.017207795348369616,0.97142857142857142,0,2,0.051878057979249693,80,46,34,1,0.94444444444444442,1,0.95652173913043481,44,34
2,5,0.94117647058823528,0.9375,1,4,1,1,1,1,1,1.8783076726689417e-05,1,0,0,0.002628594635442049,4,2,2,1,1,1,1,1,2,2,1388,random_window,Random-window split,stroop,1,4,580,1,4,80,1,1,1,1,1,0.0028879873098455124,1,0,0,0.013267401206239159,80,46,34,1,1,1,1,46,34
1,5,0.94117647058823528,0.93897058823529422,1,4,1,1,1,1,1,1.5029429037023415e-05,1,0,0,0.0031211740555564032,4,2,2,1,1,1,1,1,2,2,1441,random_window,Random-window split,stroop,1,4,580,1,4,80,1,1,1,1,1,0.00042934403758710938,1,0,0,0.0084986307088621618,80,46,34,1,1,1,1,46,34
2,5,0.94117647058823528,0.94044117647058845,1,4,1,1,1,1,1,9.0952175381640572e-06,1,0,0,0.0020768007469976345,4,2,2,1,1,1,1,1,2,2,1441,random_window,Random-window split,stroop,1,4,580,1,4,80,1,1,1,1,1,0.00010080298645002633,1,0,0,0.0045474712915109985,80,46,34,1,1,1,1,46,34
1,5,0.94117647058823528,0.93676470588235305,1,4,1,1,1,1,1,3.6174066141003856e-06,1,0,0,0.0012216498596999774,4,2,2,1,1,1,1,1,2,2,1494,random_window,Random-window split,stroop,1,4,580,1,4,80,1,1,1,1,1,3.0096324956947237e-05,1,0,0,0.0023022247044931338,80,46,34,1,1,1,1,46,34
2,5,0.94117647058823528,0.94117647058823528,1,4,1,1,1,1,1,1.5610822506117022e-05,1,0,0,0.0026350014797356549,4,2,2,1,1,1,1,1,2,2,1494,random_window,Random-window split,stroop,1,4,580,1,4,80,1,1,1,1,1,0.00063351843599171388,1,0,0,0.0094441549267871294,80,46,34,1,1,1,1,46,34
1,5,0.94117647058823528,0.94044117647058845,1,4,1,1,1,1,1,1.6517397644231702e-05,1,0,0,0.0027890416551774465,4,2,2,1,1,1,1,1,2,2,1547,random_window,Random-window split,stroop,1,4,580,1,4,80,1,1,1,1,1,0.00018246470050233099,1,0,0,0.0052318115744907617,80,46,34,1,1,1,1,46,34
2,5,0.94117647058823528,0.94044117647058845,1,4,1,1,1,1,1,2.5832159539052993e-06,1,0,0,0.0013737084239504489,4,2,2,1,1,1,1,1,2,2,1547,random_window,Random-window split,stroop,1,4,580,1,4,80,1,1,1,1,1,0.0021178674242378873,1,0,0,0.010223857155608909,80,46,34,1,1,1,1,46,34
1,6,0.94117647058823528,0.94027149321266978,1,4,1,1,1,1,1,3.6904999971491656e-05,1,0,0,0.0046424336501947397,4,2,2,1,1,1,1,1,2,2,1335,random_window,Random-window split,stroop,1,4,476,1,4,65,1,1,1,1,1,0.0018032000504585824,1,0,0,0.019485587019108817,65,32,33,1,1,1,1,32,33
2,6,0.94117647058823528,0.94117647058823539,1,4,1,1,1,1,1,3.3814444413748713e-05,1,0,0,0.0036569623087525623,4,2,2,1,1,1,1,1,2,2,1335,random_window,Random-window split,stroop,1,4,476,1,4,65,1,1,1,1,1,0.0059411484089776194,1,0,0,0.034398819372118195,65,32,33,1,1,1,1,32,33
1,6,0.94117647058823528,0.94027149321266978,1,4,1,1,1,1,1,0.00017957484349056467,1,0,0,0.0079612319393811276,4,2,2,1,1,1,1,1,2,2,1388,random_window,Random-window split,stroop,1,4,476,1,4,65,1,0.96923076923076923,0.99905303030303028,0.99910873440285208,0.96969696969696972,0.02001623311247611,0.96875,2,0,0.074371483551778306,65,32,33,0.99909523037865289,1,0.93939393939393945,1,32,31
2,6,0.94117647058823528,0.94027149321266978,1,4,1,1,1,1,1,0.00013030654839351645,1,0,0,0.0066984105288614374,4,2,2,1,1,1,1,1,2,2,1388,random_window,Random-window split,stroop,1,4,476,1,4,65,1,0.98461538461538467,0.99715909090909094,0.99747474747474751,0.98484848484848486,0.016579738839524554,0.98461538461538467,1,0,0.070481541695579741,65,32,33,0.99743867243867246,1,0.96969696969696972,1,32,32
1,6,0.94117647058823528,0.94117647058823539,1,4,1,1,1,1,1,1.859747964386362e-05,1,0,0,0.0029551325656279447,4,2,2,1,1,1,1,1,2,2,1441,random_window,Random-window split,stroop,1,4,476,1,4,65,1,0.98461538461538467,1,1,0.98484848484848486,0.0065409472680207385,0.98461538461538467,1,0,0.027910846202292106,65,32,33,1,1,0.96969696969696972,1,32,32
2,6,0.94117647058823528,0.93846153846153846,1,4,1,1,1,1,1,8.0416463017700946e-05,1,0,0,0.0050972985785754342,4,2,2,1,1,1,1,1,2,2,1441,random_window,Random-window split,stroop,1,4,476,1,4,65,1,1,1,1,1,0.0016765361308580006,1,0,0,0.02144483918128428,65,32,33,1,1,1,1,32,33
1,6,0.94117647058823528,0.94117647058823539,1,4,1,1,1,1,1,1.929512464170076e-05,1,0,0,0.0031424839887885031,4,2,2,1,1,1,1,1,2,2,1494,random_window,Random-window split,stroop,1,4,476,1,4,65,1,1,1,1,1,0.00092941733558245135,1,0,0,0.014917675601844507,65,32,33,1,1,1,1,32,33
2,6,0.94117647058823528,0.94027149321266978,1,4,1,1,1,1,1,3.4604584407582259e-05,1,0,0,0.0035587604731398604,4,2,2,1,1,1,1,1,2,2,1494,random_window,Random-window split,stroop,1,4,476,1,4,65,1,1,1,1,1,0.0022007448754817163,1,0,0,0.022130309418816094,65,32,33,1,1,1,1,32,33
1,6,0.94117647058823528,0.94027149321266978,1,4,1,1,1,1,1,7.5211018667303511e-05,1,0,0,0.004820434959212562,4,2,2,1,1,1,1,1,2,2,1547,random_window,Random-window split,stroop,1,4,476,1,4,65,1,1,1,1,1,0.0015820502119475476,1,0,0,0.017802475887231221,65,32,33,1,1,1,1,32,33
2,6,0.94117647058823528,0.94117647058823539,1,4,1,1,1,1,1,3.8670070997590816e-05,1,0,0,0.0037434371260672413,4,2,2,1,1,1,1,1,2,2,1547,random_window,Random-window split,stroop,1,4,476,1,4,65,1,1,1,1,1,0.00082870085341753654,1,0,0,0.015147026219933107,65,32,33,1,1,1,1,32,33
1,7,0.94117647058823528,0.94027149321266978,1,4,1,1,1,1,1,0.001445162286214213,1,0,0,0.024972264462740146,4,2,2,1,1,1,1,1,2,2,1335,random_window,Random-window split,stroop,1,4,476,1,4,65,1,0.98461538461538467,0.99905303030303028,0.99910873440285208,0.984375,0.015709975632497195,0.9850746268656716,0,1,0.067762368077389126,65,32,33,0.99909523037865289,0.97058823529411764,1,0.96875,31,33
2,7,0.94117647058823528,0.94117647058823539,1,4,1,1,1,1,1,0.0024865561748833665,1,0,0,0.027730735890458987,4,2,2,1,1,1,1,1,2,2,1335,random_window,Random-window split,stroop,1,4,476,1,4,65,1,0.96923076923076923,0.99905303030303028,0.99910873440285208,0.96875,0.020698531396373544,0.97058823529411764,0,2,0.075289477752063724,65,32,33,0.99909523037865289,0.94285714285714284,1,0.9375,30,33
1,7,0.94117647058823528,0.94117647058823539,1,4,1,1,1,1,1,9.2743944365658308e-05,1,0,0,0.0059657884682055417,4,2,2,1,1,1,1,1,2,2,1388,random_window,Random-window split,stroop,1,4,476,1,4,65,1,1,1,1,1,0.0026854664275150707,1,0,0,0.021966028914013669,65,32,33,1,1,1,1,32,33
2,7,0.94117647058823528,0.94117647058823539,1,4,1,1,1,1,1,6.2136966500188139e-05,1,0,0,0.0066151234535208681,4,2,2,1,1,1,1,1,2,2,1388,random_window,Random-window split,stroop,1,4,476,1,4,65,1,1,1,1,1,0.0075934524326675846,1,0,0,0.038513918412476915,65,32,33,1,1,1,1,32,33
1,7,0.94117647058823528,0.94117647058823539,1,4,1,1,1,1,1,0.00015834952946284703,1,0,0,0.0090227681399066544,4,2,2,1,1,1,1,1,2,2,1441,random_window,Random-window split,stroop,1,4,476,1,4,65,1,0.98461538461538467,1,1,0.98484848484848486,0.01113875853584532,0.98461538461538467,1,0,0.046973432809963578,65,32,33,1,1,0.96969696969696972,1,32,32
2,7,0.94117647058823528,0.93936651583710418,1,4,1,1,1,1,1,0.00041482308639261846,1,0,0,0.013663673549876574,4,2,2,1,1,1,1,1,2,2,1441,random_window,Random-window split,stroop,1,4,476,1,4,65,1,1,1,1,1,0.0078646086392168101,1,0,0,0.047773424801371714,65,32,33,1,1,1,1,32,33
1,7,0.94117647058823528,0.94027149321266978,1,4,1,1,1,1,1,0.00077821858056276454,1,0,0,0.01760351616932353,4,2,2,1,1,1,1,1,2,2,1494,random_window,Random-window split,stroop,1,4,476,1,4,65,1,0.98461538461538467,0.99905303030303028,0.99910873440285208,0.984375,0.015484181660384675,0.9850746268656716,0,1,0.059446427955108239,65,32,33,0.99909523037865289,0.97058823529411764,1,0.96875,31,33
2,7,0.94117647058823528,0.93936651583710418,1,4,1,1,1,1,1,0.00035094765244578869,1,0,0,0.013434921234713021,4,2,2,1,1,1,1,1,2,2,1494,random_window,Random-window split,stroop,1,4,476,1,4,65,1,0.98461538461538467,0.98579545454545459,0.98271302020297724,0.984375,0.019788184013229744,0.9850746268656716,0,1,0.099630630982068119,65,32,33,0.9823612048356819,0.97058823529411764,1,0.96875,31,33
1,7,0.94117647058823528,0.94117647058823539,1,4,1,1,1,1,1,0.0020036590410516457,1,0,0,0.025479219934524809,4,2,2,1,1,1,1,1,2,2,1547,random_window,Random-window split,stroop,1,4,476,1,4,65,1,1,1,1,1,0.0057903199147041938,1,0,0,0.039672497214233951,65,32,33,1,1,1,1,32,33
2,7,0.94117647058823528,0.94117647058823539,1,4,1,1,1,1,1,0.00064181433677219573,1,0,0,0.016858588926214238,4,2,2,1,1,1,1,1,2,2,1547,random_window,Random-window split,stroop,1,4,476,1,4,65,1,0.98461538461538467,0.99810606060606055,0.9982683982683983,0.98484848484848486,0.014099180711222355,0.98461538461538467,1,0,0.058420850977506683,65,32,33,0.99824293353705118,1,0.96969696969696972,1,32,32
1,8,0.94117647058823528,0.93986928104575174,1,4,1,1,1,1,1,0.00090038030321279146,1,0,0,0.021267491411033745,4,2,2,1,1,1,1,1,2,2,1335,random_window,Random-window split,stroop,1,4,656,1,4,90,1,0.98888888888888893,0.99950396825396826,0.99957482993197289,0.98809523809523814,0.014555799803213677,0.98969072164948457,0,1,0.071497705451564877,90,42,48,0.9995704010770976,0.97959183673469385,1,0.97619047619047616,41,48
2,8,0.94117647058823528,0.94117647058823528,1,4,1,1,1,1,1,0.0013718318570405332,1,0,0,0.032085382281643468,4,2,2,1,1,1,1,1,2,2,1335,random_window,Random-window split,stroop,1,4,656,1,4,90,1,0.93333333333333335,0.97073412698412698,0.98180236755841765,0.93452380952380953,0.053940262825511134,0.93617021276595747,4,2,0.24241457583792916,90,42,48,0.9816513871353203,0.95652173913043481,0.91666666666666663,0.95238095238095233,40,44
1,8,0.94117647058823528,0.93986928104575174,1,4,1,1,1,1,1,0.001073049687267425,1,0,0,0.028473713605634464,4,2,2,1,1,1,1,1,2,2,1388,random_window,Random-window split,stroop,1,4,656,1,4,90,1,0.97777777777777775,0.9955357142857143,0.99581953542931156,0.97619047619047616,0.028877161396494867,0.97959183673469385,0,2,0.11672942367011152,90,42,48,0.99577170379665847,0.95999999999999996,1,0.95238095238095233,40,48
2,8,0.94117647058823528,0.94052287581699356,1,4,1,1,1,1,1,0.00034372156395751839,1,0,0,0.014617860931249661,4,2,2,1,1,1,1,1,2,2,1388,random_window,Random-window split,stroop,1,4,656,1,4,90,1,0.96666666666666667,0.9990079365079364,0.99916666666666676,0.96577380952380953,0.018273944583469384,0.96907216494845361,1,2,0.074168733958927299,90,42,48,0.99915816326530615,0.95918367346938771,0.97916666666666663,0.95238095238095233,40,47
1,8,0.94117647058823528,0.93986928104575174,1,4,1,1,1,1,1,0.004296737400028546,1,0,0,0.042557273145137443,4,2,2,1,1,1,1,1,2,2,1441,random_window,Random-window split,stroop,1,4,656,1,4,90,1,0.92222222222222228,0.98958333333333337,0.9915733606796433,0.91815476190476186,0.04842819044044868,0.93069306930693074,1,6,0.15263485096728527,90,42,48,0.99149038080883423,0.8867924528301887,0.97916666666666663,0.8571428571428571,36,47
2,8,0.94117647058823528,0.93986928104575174,1,4,1,1,1,1,1,0.0022782079762178197,1,0,0,0.032744285228726029,4,2,2,1,1,1,1,1,2,2,1441,random_window,Random-window split,stroop,1,4,656,1,4,90,1,0.94444444444444442,0.99603174603174605,0.99665645424836613,0.94345238095238093,0.028380981649915201,0.94845360824742264,2,3,0.10060043084119094,90,42,48,0.99662220961079473,0.93877551020408168,0.95833333333333337,0.9285714285714286,39,46
1,8,0.94117647058823528,0.93986928104575174,1,4,1,1,1,1,1,0.00088029435759141893,1,0,0,0.025192911126191597,4,2,2,1,1,1,1,1,2,2,1494,random_window,Random-window split,stroop,1,4,656,1,4,90,1,0.94444444444444442,0.99305555555555558,0.99426728118783758,0.94494047619047616,0.03668626234784611,0.94736842105263153,3,2,0.12496326652812456,90,42,48,0.99420957566049517,0.95744680851063835,0.9375,0.95238095238095233,40,45
2,8,0.94117647058823528,0.93986928104575174,1,4,1,1,1,1,1,0.020167745907924476,1,0,0,0.11656025071952475,4,2,2,1,1,1,1,1,2,2,1494,random_window,Random-window split,stroop,1,4,656,1,4,90,1,0.92222222222222228,0.94791666666666674,0.97063912482832548,0.92261904761904767,0.060597686414532691,0.9263157894736842,4,3,0.75024665555844161,90,42,48,0.97041541398022368,0.93617021276595747,0.91666666666666663,0.9285714285714286,39,44
1,8,0.94117647058823528,0.94052287581699345,1,4,1,1,1,1,1,0.0017604591357024463,1,0,0,0.03215052078620776,4,2,2,1,1,1,1,1,2,2,1547,random_window,Random-window split,stroop,1,4,656,1,4,90,1,0.92222222222222228,0.98313492063492058,0.98800121753246761,0.92113095238095233,0.052633003496324209,0.92783505154639179,3,4,0.17836682057734293,90,42,48,0.98789621417399731,0.91836734693877553,0.9375,0.90476190476190477,38,45
2,8,0.94117647058823528,0.93986928104575174,1,4,1,1,1,1,1,0.00059921396620794538,1,0,0,0.020176099957813151,4,2,2,1,1,1,1,1,2,2,1547,random_window,Random-window split,stroop,1,4,656,1,4,90,1,0.94444444444444442,0.99007936507936511,0.9914843669813922,0.9419642857142857,0.0421274154695968,0.9494949494949495,1,4,0.13831792749671154,90,42,48,0.99139491518715761,0.92156862745098034,0.97916666666666663,0.90476190476190477,38,47
1,9,0.94117647058823528,0.94005602240896369,1,4,1,1,1,1,1,0.00057721101641063685,1,0,0,0.017365733804123276,4,2,2,1,1,1,1,1,2,2,1335,random_window,Random-window split,stroop,1,4,768,1,4,105,1,0.95238095238095233,0.99476650563607083,0.98983313506657133,0.96376811594202905,0.030859962485922605,0.93506493506493504,0,5,0.099866396357979254,105,69,36,0.98968508463069182,0.87804878048780488,1,0.92753623188405798,64,36
2,9,0.94117647058823528,0.94117647058823528,1,4,1,1,1,1,1,0.00015346032184868118,1,0,0,0.010315498274131783,4,2,2,1,1,1,1,1,2,2,1335,random_window,Random-window split,stroop,1,4,768,1,4,105,1,0.98095238095238091,0.99959742351046699,0.99924924924924929,0.97886473429951693,0.017149919049169231,0.97222222222222221,1,1,0.067189591391782641,105,69,36,0.99923882215548887,0.97222222222222221,0.97222222222222221,0.98550724637681164,68,35
1,9,0.94117647058823528,0.93949579831932784,1,4,1,1,1,1,1,0.00010384369575242193,1,0,0,0.0073984162069653837,4,2,2,1,1,1,1,1,2,2,1388,random_window,Random-window split,stroop,1,4,768,1,4,105,1,0.99047619047619051,1,1,0.99275362318840576,0.010440343753305716,0.98630136986301364,0,1,0.049905948465251676,105,69,36,1,0.97297297297297303,1,0.98550724637681164,68,36
2,9,0.94117647058823528,0.94005602240896369,1,4,1,1,1,1,1,8.6672047654442241e-05,1,0,0,0.0074445077666097795,4,2,2,1,1,1,1,1,2,2,1388,random_window,Random-window split,stroop,1,4,768,1,4,105,1,0.99047619047619051,0.99919484702093397,0.99847764431097774,0.99275362318840576,0.010732112875710135,0.98630136986301364,0,1,0.047598823592602708,105,69,36,0.99845619428952759,0.97297297297297303,1,0.98550724637681164,68,36
1,9,0.94117647058823528,0.94061624649859954,1,4,1,1,1,1,1,5.9505384825242283e-05,1,0,0,0.0055333986813049449,4,2,2,1,1,1,1,1,2,2,1441,random_window,Random-window split,stroop,1,4,768,1,4,105,1,0.98095238095238091,0.99718196457326902,0.99426113630829793,0.97886473429951693,0.016063888280273792,0.97222222222222221,1,1,0.059254419136441298,105,69,36,0.9941735487207104,0.97222222222222221,0.97222222222222221,0.98550724637681164,68,35
2,9,0.94117647058823528,0.94117647058823528,1,4,1,1,1,1,1,0.0033923770595270866,1,0,0,0.037697495878038043,4,2,2,1,1,1,1,1,2,2,1441,random_window,Random-window split,stroop,1,4,768,1,4,105,1,0.95238095238095233,0.99637681159420288,0.99287513492229662,0.96376811594202905,0.027570906693602178,0.93506493506493504,0,5,0.088733765875261675,105,69,36,0.99276985926877526,0.87804878048780488,1,0.92753623188405798,64,36
1,9,0.94117647058823528,0.94061624649859954,1,4,1,1,1,1,1,0.00062634898491319439,1,0,0,0.020180261258426709,4,2,2,1,1,1,1,1,2,2,1494,random_window,Random-window split,stroop,1,4,768,1,4,105,1,0.95238095238095233,0.99476650563607083,0.99030320963531759,0.9438405797101449,0.03118259416612227,0.92957746478873238,3,2,0.096667399943518056,105,69,36,0.99016853242292469,0.94285714285714284,0.91666666666666663,0.97101449275362317,67,33
2,9,0.94117647058823528,0.94061624649859954,1,4,1,1,1,1,1,3.0697071129698581e-05,1,0,0,0.0037928943286412173,4,2,2,1,1,1,1,1,2,2,1494,random_window,Random-window split,stroop,1,4,768,1,4,105,1,0.97142857142857142,0.99758454106280192,0.99548099866727324,0.97161835748792269,0.018410713382165066,0.95890410958904104,1,2,0.062934786763812423,105,69,36,0.99541781055583944,0.94594594594594594,0.97222222222222221,0.97101449275362317,67,35
1,9,0.94117647058823528,0.94061624649859954,1,4,1,1,1,1,1,0.00015481537942489945,1,0,0,0.0093160676720567773,4,2,2,1,1,1,1,1,2,2,1547,random_window,Random-window split,stroop,1,4,768,1,4,105,1,0.97142857142857142,0.99194847020933985,0.98437670723854942,0.97826086956521741,0.026825179320589216,0.95999999999999996,0,3,0.09291045020823277,105,69,36,0.98414932236482544,0.92307692307692313,1,0.95652173913043481,66,36
2,9,0.94117647058823528,0.94117647058823528,1,4,1,1,1,1,1,0.00017314776698603557,1,0,0,0.010986001194454968,4,2,2,1,1,1,1,1,2,2,1547,random_window,Random-window split,stroop,1,4,768,1,4,105,1,0.99047619047619051,0.99758454106280203,0.99515719365596811,0.99275362318840576,0.013768588502748712,0.98630136986301364,0,1,0.057065192352862559,105,69,36,0.99508454035750848,0.97297297297297303,1,0.98550724637681164,68,36
1,10,0.94117647058823528,0.94035947712418322,1,4,1,1,1,1,1,0.0052134763485031975,1,0,0,0.051372912821825142,4,2,2,1,1,1,1,1,2,2,1335,random_window,Random-window split,stroop,1,4,521,1,4,72,1,0.98611111111111116,1,1,0.98571428571428577,0.018079700933513698,0.98550724637681164,1,0,0.071107026585630492,72,37,35,1,1,0.97142857142857142,1,37,34
2,10,0.94117647058823528,0.94117647058823528,1,4,1,1,1,1,1,0.0019129147577181158,1,0,0,0.030381767096539048,4,2,2,1,1,1,1,1,2,2,1335,random_window,Random-window split,stroop,1,4,521,1,4,72,1,1,1,1,1,0.00573603112163815,1,0,0,0.036467488212332949,72,37,35,1,1,1,1,37,35
1,10,0.94117647058823528,0.93790849673202614,1,4,1,1,1,1,1,0.0046825584407003294,1,0,0,0.049262690028070037,4,2,2,1,1,1,1,1,2,2,1388,random_window,Random-window split,stroop,1,4,521,1,4,72,1,1,1,1,1,0.017518112716095571,1,0,0,0.072910993479589389,72,37,35,1,1,1,1,37,35
2,10,0.94117647058823528,0.94117647058823528,1,4,1,1,1,1,1,0.0013651464973643815,1,0,0,0.026280874680928296,4,2,2,1,1,1,1,1,2,2,1388,random_window,Random-window split,stroop,1,4,521,1,4,72,1,0.98611111111111116,1,1,0.98571428571428577,0.010498763666822159,0.98550724637681164,1,0,0.04752340674992063,72,37,35,1,1,0.97142857142857142,1,37,34
1,10,0.94117647058823528,0.94035947712418322,1,4,1,1,1,1,1,0.00048041937566448167,1,0,0,0.015517571805755127,4,2,2,1,1,1,1,1,2,2,1441,random_window,Random-window split,stroop,1,4,521,1,4,72,1,0.98611111111111116,1,1,0.98571428571428577,0.0088965322089822555,0.98550724637681164,1,0,0.035617542281174121,72,37,35,1,1,0.97142857142857142,1,37,34
2,10,0.94117647058823528,0.94035947712418322,1,4,1,1,1,1,1,0.0014601280621411952,1,0,0,0.027580754816918924,4,2,2,1,1,1,1,1,2,2,1441,random_window,Random-window split,stroop,1,4,521,1,4,72,1,0.95833333333333337,0.9984555984555985,0.9984555984555985,0.95868725868725868,0.018972736102953507,0.95774647887323938,1,2,0.066022655014032247,72,37,35,0.99843414843414846,0.94444444444444442,0.97142857142857142,0.94594594594594594,35,34
1,10,0.94117647058823528,0.93790849673202614,1,4,1,1,1,1,1,0.0015797706276892247,1,0,0,0.029004376589873183,4,2,2,1,1,1,1,1,2,2,1494,random_window,Random-window split,stroop,1,4,521,1,4,72,1,0.98611111111111116,1,1,0.98648648648648651,0.0092247887718017747,0.9859154929577465,0,1,0.042059274585404656,72,37,35,1,0.97222222222222221,1,0.97297297297297303,36,35
2,10,0.94117647058823528,0.93954248366013082,1,4,1,1,1,1,1,0.0022151039625394014,1,0,0,0.029654445753405423,4,2,2,1,1,1,1,1,2,2,1494,random_window,Random-window split,stroop,1,4,521,1,4,72,1,0.98611111111111116,0.99922779922779925,0.99920634920634921,0.98571428571428577,0.013568335530815422,0.98550724637681164,1,0,0.048677681608322303,72,37,35,0.99919501133786848,1,0.97142857142857142,1,37,34
1,10,0.94117647058823528,0.94117647058823528,1,4,1,1,1,1,1,0.0025347668353769975,1,0,0,0.036376695018834081,4,2,2,1,1,1,1,1,2,2,1547,random_window,Random-window split,stroop,1,4,521,1,4,72,1,0.95833333333333337,0.99536679536679529,0.99542775858565336,0.95791505791505793,0.023921465074668861,0.95652173913043481,2,1,0.085152858585569591,72,37,35,0.99536510194404937,0.97058823529411764,0.94285714285714284,0.97297297297297303,36,33
2,10,0.94117647058823528,0.93954248366013082,1,4,1,1,1,1,1,0.0049441284250859264,1,0,0,0.047912239659488133,4,2,2,1,1,1,1,1,2,2,1547,random_window,Random-window split,stroop,1,4,521,1,4,72,1,0.94444444444444442,0.99305019305019293,0.99276574824507158,0.94440154440154434,0.035397939776029952,0.94285714285714284,2,2,0.11390667670126629,72,37,35,0.9926606522346525,0.94285714285714284,0.94285714285714284,0.94594594594594594,35,33
1,11,0.94117647058823528,0.94045025417574446,1,4,1,1,1,1,1,0.00031865980472092222,1,0,0,0.013865337588392219,4,2,2,1,1,1,1,1,2,2,1335,random_window,Random-window split,stroop,1,4,591,1,4,81,1,1,1,1,1,0.005086158612822988,1,0,0,0.030912338858203294,81,43,38,1,1,1,1,43,38
2,11,0.94117647058823528,0.94117647058823528,1,4,1,1,1,1,1,0.00058779036572890076,1,0,0,0.017489325971156745,4,2,2,1,1,1,1,1,2,2,1335,random_window,Random-window split,stroop,1,4,591,1,4,81,1,0.98765432098765427,1,1,0.98837209302325579,0.012166165513426795,0.98701298701298701,0,1,0.054633503830510195,81,43,38,1,0.97435897435897434,1,0.97674418604651159,42,38
1,11,0.94117647058823528,0.93609295570079876,1,4,1,1,1,1,1,0.015397276861269822,1,0,0,0.075028694852717681,4,2,2,1,1,1,1,1,2,2,1388,random_window,Random-window split,stroop,1,4,591,1,4,81,1,0.96296296296296291,0.98102815177478575,0.975231856396788,0.96511627906976738,0.041294120104516802,0.96202531645569622,0,3,0.17100462315987486,81,43,38,0.97483433583428136,0.92682926829268297,1,0.93023255813953487,40,38
2,11,0.94117647058823528,0.94117647058823528,1,4,1,1,1,1,1,0.00027050229450183686,1,0,0,0.012004401628509331,4,2,2,1,1,1,1,1,2,2,1388,random_window,Random-window split,stroop,1,4,591,1,4,81,1,0.97530864197530864,1,1,0.97674418604651159,0.016732244405309845,0.97435897435897434,0,2,0.063140448639251612,81,43,38,1,0.94999999999999996,1,0.95348837209302328,41,38
1,11,0.94117647058823528,0.93972403776325353,1,4,1,1,1,1,1,0.00011409988317921499,1,0,0,0.0089631886650952449,4,2,2,1,1,1,1,1,2,2,1441,random_window,Random-window split,stroop,1,4,591,1,4,81,1,0.97530864197530864,1,1,0.97674418604651159,0.010878484462943755,0.97435897435897434,0,2,0.047546008517375268,81,43,38,1,0.94999999999999996,1,0.95348837209302328,41,38
2,11,0.94117647058823528,0.93972403776325353,1,4,1,1,1,1,1,0.00018421157594614049,1,0,0,0.01009285481227813,4,2,2,1,1,1,1,1,2,2,1441,random_window,Random-window split,stroop,1,4,591,1,4,81,1,1,1,1,1,0.0033349888289520577,1,0,0,0.025488178442966671,81,43,38,1,1,1,1,43,38
1,11,0.94117647058823528,0.93681917211328969,1,4,1,1,1,1,1,0.00049073949125630703,1,0,0,0.015143604074376331,4,2,2,1,1,1,1,1,2,2,1494,random_window,Random-window split,stroop,1,4,591,1,4,81,1,1,1,1,1,0.0028022422515171612,1,0,0,0.021761978282427555,81,43,38,1,1,1,1,43,38
2,11,0.94117647058823528,0.94117647058823528,1,4,1,1,1,1,1,0.00010807797567364431,1,0,0,0.0080644437130299017,4,2,2,1,1,1,1,1,2,2,1494,random_window,Random-window split,stroop,1,4,591,1,4,81,1,1,1,1,1,0.0048851225054926473,1,0,0,0.028981629834553171,81,43,38,1,1,1,1,43,38
1,11,0.94117647058823528,0.94045025417574446,1,4,1,1,1,1,1,0.0012469414626735448,1,0,0,0.022471374698930634,4,2,2,1,1,1,1,1,2,2,1547,random_window,Random-window split,stroop,1,4,591,1,4,81,1,1,1,1,1,0.0059328479719118433,1,0,0,0.035307246466833302,81,43,38,1,1,1,1,43,38
2,11,0.94117647058823528,0.94117647058823528,1,4,1,1,1,1,1,0.00013927359546279735,1,0,0,0.0083789925541105023,4,2,2,1,1,1,1,1,2,2,1547,random_window,Random-window split,stroop,1,4,591,1,4,81,1,0.98765432098765427,1,1,0.98837209302325579,0.01309337341420368,0.98701298701298701,0,1,0.051906965901833663,81,43,38,1,0.97435897435897434,1,0.97674418604651159,42,38
1,12,0.94117647058823528,0.93960784313725487,1,4,1,1,1,1,1,0.00096277286571304767,1,0,0,0.023375138828490152,4,2,2,1,1,1,1,1,2,2,1335,random_window,Random-window split,stroop,1,4,548,1,4,75,1,0.95999999999999996,0.99786628733997151,0.99807445442875475,0.95945945945945943,0.027855994413191601,0.96202531645569622,0,3,0.09696556387999257,75,37,38,0.99805038510911415,0.92682926829268297,1,0.91891891891891897,34,38
2,12,0.94117647058823528,0.93960784313725487,1,4,1,1,1,1,1,0.00021314855170899929,1,0,0,0.012588979547131096,4,2,2,1,1,1,1,1,2,2,1335,random_window,Random-window split,stroop,1,4,548,1,4,75,1,0.94666666666666666,0.99573257467994314,0.99589245115560898,0.94701280227596019,0.031445354683281676,0.94594594594594594,3,1,0.11062941548081727,75,37,38,0.99583750404387505,0.97222222222222221,0.92105263157894735,0.97297297297297303,36,35
1,12,0.94117647058823528,0.93803921568627435,1,4,1,1,1,1,1,0.00045287636227593506,1,0,0,0.016563837699496473,4,2,2,1,1,1,1,1,2,2,1388,random_window,Random-window split,stroop,1,4,548,1,4,75,1,0.93333333333333335,0.9879089615931721,0.98929274602469208,0.9334992887624467,0.045015567957237934,0.93333333333333335,3,2,0.13535862675706217,75,37,38,0.98916091313662646,0.94594594594594594,0.92105263157894735,0.94594594594594594,35,35
2,12,0.94117647058823528,0.93960784313725487,1,4,1,1,1,1,1,0.00062555948828972748,1,0,0,0.018999294563110183,4,2,2,1,1,1,1,1,2,2,1388,random_window,Random-window split,stroop,1,4,548,1,4,75,1,0.93333333333333335,0.99146514935988617,0.99277360066833742,0.93314366998577525,0.038602684884822942,0.93506493506493504,2,3,0.12270895212137252,75,37,38,0.99268887758939095,0.92307692307692313,0.94736842105263153,0.91891891891891897,34,36
1,12,0.94117647058823528,0.94117647058823517,1,4,1,1,1,1,1,0.00057700943631325014,1,0,0,0.017392780415246879,4,2,2,1,1,1,1,1,2,2,1441,random_window,Random-window split,stroop,1,4,548,1,4,75,1,0.95999999999999996,1,0.99999999999999989,0.95945945945945943,0.021561954649761718,0.96202531645569622,0,3,0.07736198897625815,75,37,38,0.99999999999999989,0.92682926829268297,1,0.91891891891891897,34,38
2,12,0.94117647058823528,0.93960784313725487,1,4,1,1,1,1,1,0.0010339783816437917,1,0,0,0.022039374487834523,4,2,2,1,1,1,1,1,2,2,1441,random_window,Random-window split,stroop,1,4,548,1,4,75,1,0.93333333333333335,0.95945945945945954,0.91195801642937402,0.9327880512091038,0.048880086651954605,0.93670886075949367,1,4,0.25935194761341535,75,37,38,0.90547132597828561,0.90243902439024393,0.97368421052631582,0.89189189189189189,33,37
1,12,0.94117647058823528,0.93882352941176461,1,4,1,1,1,1,1,0.0014562506583308938,1,0,0,0.027607664267616933,4,2,2,1,1,1,1,1,2,2,1494,random_window,Random-window split,stroop,1,4,548,1,4,75,1,0.94666666666666666,0.99075391180654337,0.99083904442071558,0.94665718349928873,0.038700158029808245,0.94736842105263153,2,2,0.1283136602186935,75,37,38,0.99071200353833666,0.94736842105263153,0.94736842105263153,0.94594594594594594,35,36
2,12,0.94117647058823528,0.94039215686274513,1,4,1,1,1,1,1,0.00072793657039421568,1,0,0,0.018887530252453197,4,2,2,1,1,1,1,1,2,2,1494,random_window,Random-window split,stroop,1,4,548,1,4,75,1,0.95999999999999996,0.96799431009957326,0.95235544790830717,0.95945945945945943,0.038422944136263626,0.96202531645569622,0,3,0.18401884945766803,75,37,38,0.9511731443232575,0.92682926829268297,1,0.91891891891891897,34,38
1,12,0.94117647058823528,0.94117647058823517,1,4,1,1,1,1,1,0.00021146855628384069,1,0,0,0.01253834968802077,4,2,2,1,1,1,1,1,2,2,1547,random_window,Random-window split,stroop,1,4,548,1,4,75,1,0.95999999999999996,0.98435277382645803,0.97940015960265681,0.95981507823613088,0.031420377213876076,0.96103896103896103,1,2,0.12925151777080232,75,37,38,0.97899855674260527,0.94871794871794868,0.97368421052631582,0.94594594594594594,35,37
2,12,0.94117647058823528,0.94039215686274513,1,4,1,1,1,1,1,0.00042442770962073891,1,0,0,0.016720964134749088,4,2,2,1,1,1,1,1,2,2,1547,random_window,Random-window split,stroop,1,4,548,1,4,75,1,0.98666666666666669,1,0.99999999999999989,0.98684210526315796,0.015968636255020728,0.98666666666666669,1,0,0.068461044820683228,75,37,38,0.99999999999999989,1,0.97368421052631582,1,37,37
1,13,0.94117647058823528,0.94032395566922411,1,4,1,1,1,1,1,0.00011137532894837553,1,0,0,0.0077521451631638958,4,2,2,1,1,1,1,1,2,2,1335,random_window,Random-window split,stroop,1,4,504,1,4,69,1,1,1,1,1,0.0032837273145487744,1,0,0,0.029646546677008147,69,33,36,1,1,1,1,33,36
2,13,0.94117647058823528,0.94117647058823528,1,4,1,1,1,1,1,0.00014113803138691638,1,0,0,0.0084531799085527503,4,2,2,1,1,1,1,1,2,2,1335,random_window,Random-window split,stroop,1,4,504,1,4,69,1,0.97101449275362317,0.99494949494949503,0.9958408611863897,0.97095959595959602,0.024263375162032565,0.97222222222222221,1,1,0.097101703619502711,69,33,36,0.99578749408525835,0.97222222222222221,0.97222222222222221,0.96969696969696972,32,35
1,13,0.94117647058823528,0.93947144075021294,1,4,1,1,1,1,1,0.00021838952911796972,1,0,0,0.010503140893460069,4,2,2,1,1,1,1,1,2,2,1388,random_window,Random-window split,stroop,1,4,504,1,4,69,1,1,1,1,1,0.0058134115122553112,1,0,0,0.029871863919315771,69,33,36,1,1,1,1,33,36
2,13,0.94117647058823528,0.94117647058823528,1,4,1,1,1,1,1,5.7465074223828452e-05,1,0,0,0.005208861921528452,4,2,2,1,1,1,1,1,2,2,1388,random_window,Random-window split,stroop,1,4,504,1,4,69,1,1,1,1,1,0.0011704828568748016,1,0,0,0.016723736757369441,69,33,36,1,1,1,1,33,36
1,13,0.94117647058823528,0.94117647058823528,1,4,1,1,1,1,1,0.00045236035351706015,1,0,0,0.014263986117670656,4,2,2,1,1,1,1,1,2,2,1441,random_window,Random-window split,stroop,1,4,504,1,4,69,1,0.95652173913043481,0.99579124579124589,0.99624285940075419,0.95707070707070707,0.027942075052675985,0.95774647887323938,2,1,0.085655062129622303,69,33,36,0.99619057727932858,0.97142857142857142,0.94444444444444442,0.96969696969696972,32,34
2,13,0.94117647058823528,0.94117647058823528,1,4,1,1,1,1,1,6.6997217498743078e-05,1,0,0,0.0059953443285061256,4,2,2,1,1,1,1,1,2,2,1441,random_window,Random-window split,stroop,1,4,504,1,4,69,1,1,1,1,1,0.00084271127845074055,1,0,0,0.013366862573836175,69,33,36,1,1,1,1,33,36
1,13,0.94117647058823528,0.94117647058823528,1,4,1,1,1,1,1,0.00030709686330165009,1,0,0,0.011266723524455307,4,2,2,1,1,1,1,1,2,2,1494,random_window,Random-window split,stroop,1,4,504,1,4,69,1,0.98550724637681164,0.99074074074074081,0.99035648589981606,0.98484848484848486,0.016011708788717181,0.98630136986301364,0,1,0.078678626419775549,69,33,36,0.9901976732410035,0.97297297297297303,1,0.96969696969696972,32,36
2,13,0.94117647058823528,0.93947144075021294,1,4,1,1,1,1,1,0.00031450650647509189,1,0,0,0.012106238269693417,4,2,2,1,1,1,1,1,2,2,1494,random_window,Random-window split,stroop,1,4,504,1,4,69,1,0.98550724637681164,0.98821548821548821,0.9870195913129215,0.98484848484848486,0.019847546444112903,0.98630136986301364,0,1,0.10747077055819913,69,33,36,0.98679110195399744,0.97297297297297303,1,0.96969696969696972,32,36
1,13,0.94117647058823528,0.94117647058823528,1,4,1,1,1,1,1,0.00023095319676589727,1,0,0,0.010800751763533005,4,2,2,1,1,1,1,1,2,2,1547,random_window,Random-window split,stroop,1,4,504,1,4,69,1,0.98550724637681164,1,1,0.98611111111111116,0.0095365035989545804,0.9859154929577465,1,0,0.042762141202773704,69,33,36,1,1,0.97222222222222221,1,33,35
2,13,0.94117647058823528,0.94117647058823528,1,4,1,1,1,1,1,0.00050987620961858728,1,0,0,0.013052028009971798,4,2,2,1,1,1,1,1,2,2,1547,random_window,Random-window split,stroop,1,4,504,1,4,69,1,1,1,1,1,0.0032528935250727468,1,0,0,0.027510613930395316,69,33,36,1,1,1,1,33,36
1,1,0,0,1,0,1,0.5,1,1,0.5,0.48385932069033477,0,1,0,2.0615057482555712,2,1,1,0,1,,0,1,1,0,1335,recording_disjoint,Recording-disjoint split,stroop,1,2,357,1,2,296,0,0.44256756756756754,0.56999495944645551,0.45844087642485787,0.42915731109380012,0.50648562586757484,0.26008968609865468,110,55,3.8066267345098694,296,157,139,0.45551214863273448,0.34523809523809523,0.20863309352517986,0.64968152866242035,102,29
2,1,0,0,1,0,1,0.5,1,1,0.5,0.49943842677996331,0.66666666666666663,0,1,3.7422708303874699,2,1,1,0,1,0.5,1,0,0,1,1335,recording_disjoint,Recording-disjoint split,stroop,1,2,296,1,2,357,0,0.57422969187675066,0.73577524893314372,0.8263689908652796,0.49043062200956938,0.42002379446247767,0.72953736654804269,4,148,3.129449766524969,357,148,209,0.82588472746164354,0.58073654390934848,0.98086124401913877,0,0,205
1,1,0,0,1,0,1,0,0,0.5,0,0.88726060874183843,0,1,1,4.8389065849173196,2,1,1,0,0.25,0,0,0,0,0,1388,recording_disjoint,Recording-disjoint split,stroop,1,2,287,1,2,366,0,0.27868852459016391,0.15954042605065064,0.39703821255299421,0.26462072958888244,0.65732985095239893,0.36538461538461536,133,131,5.5260886957711097,366,157,209,0.39544254350777708,0.3671497584541063,0.36363636363636365,0.16560509554140126,26,76
2,1,0,0,1,0,1,0.5,0,0.5,0.5,0.48832043795925073,0.66666666666666663,0,1,2.2006285138496615,2,1,1,0,0.25,0.5,1,0,0,1,1388,recording_disjoint,Recording-disjoint split,stroop,1,2,366,1,2,287,0,0.41463414634146339,0.39996111219132802,0.42206986911302347,0.424995139023916,0.50780233405695463,0.55555555555555558,34,134,2.5693875313596535,287,148,139,0.41800203694865079,0.43933054393305437,0.75539568345323738,0.0945945945945946,14,105
1,1,0,0,1,0,1,0,0,0.5,0,0.88726060874183843,0,1,1,4.8389065849173196,2,1,1,0,0.25,0,0,0,0,0,1441,recording_disjoint,Recording-disjoint split,stroop,1,2,287,1,2,366,0,0.27868852459016391,0.15954042605065064,0.39703821255299421,0.26462072958888244,0.65732985095239893,0.36538461538461536,133,131,5.5260886957711097,366,157,209,0.39544254350777708,0.3671497584541063,0.36363636363636365,0.16560509554140126,26,76
2,1,0,0,1,0,1,0.5,0,0.5,0.5,0.48832043795925073,0.66666666666666663,0,1,2.2006285138496615,2,1,1,0,0.25,0.5,1,0,0,1,1441,recording_disjoint,Recording-disjoint split,stroop,1,2,366,1,2,287,0,0.41463414634146339,0.39996111219132802,0.42206986911302347,0.424995139023916,0.50780233405695463,0.55555555555555558,34,134,2.5693875313596535,287,148,139,0.41800203694865079,0.43933054393305437,0.75539568345323738,0.0945945945945946,14,105
1,1,0,0,1,0,1,0,0,0.5,0,0.88726060874183843,0,1,1,4.8389065849173196,2,1,1,0,0.25,0,0,0,0,0,1494,recording_disjoint,Recording-disjoint split,stroop,1,2,287,1,2,366,0,0.27868852459016391,0.15954042605065064,0.39703821255299421,0.26462072958888244,0.65732985095239893,0.36538461538461536,133,131,5.5260886957711097,366,157,209,0.39544254350777708,0.3671497584541063,0.36363636363636365,0.16560509554140126,26,76
2,1,0,0,1,0,1,0.5,0,0.5,0.5,0.48832043795925073,0.66666666666666663,0,1,2.2006285138496615,2,1,1,0,0.25,0.5,1,0,0,1,1494,recording_disjoint,Recording-disjoint split,stroop,1,2,366,1,2,287,0,0.41463414634146339,0.39996111219132802,0.42206986911302347,0.424995139023916,0.50780233405695463,0.55555555555555558,34,134,2.5693875313596535,287,148,139,0.41800203694865079,0.43933054393305437,0.75539568345323738,0.0945945945945946,14,105
1,1,0,0,1,0,1,0.5,1,1,0.5,0.48385932069033477,0,1,0,2.0615057482555712,2,1,1,0,1,,0,1,1,0,1547,recording_disjoint,Recording-disjoint split,stroop,1,2,357,1,2,296,0,0.44256756756756754,0.56999495944645551,0.45844087642485787,0.42915731109380012,0.50648562586757484,0.26008968609865468,110,55,3.8066267345098694,296,157,139,0.45551214863273448,0.34523809523809523,0.20863309352517986,0.64968152866242035,102,29
2,1,0,0,1,0,1,0.5,1,1,0.5,0.49943842677996331,0.66666666666666663,0,1,3.7422708303874699,2,1,1,0,1,0.5,1,0,0,1,1547,recording_disjoint,Recording-disjoint split,stroop,1,2,296,1,2,357,0,0.57422969187675066,0.73577524893314372,0.8263689908652796,0.49043062200956938,0.42002379446247767,0.72953736654804269,4,148,3.129449766524969,357,148,209,0.82588472746164354,0.58073654390934848,0.98086124401913877,0,0,205
1,2,0,0,1,0,1,1,1,1,1,0.006952476855374496,1,0,0,0.086511447293501464,2,1,1,0,1,1,1,1,1,1,1335,recording_disjoint,Recording-disjoint split,stroop,1,2,303,1,2,556,0,0.78417266187050361,0.81136268343815521,0.38136226590280209,0.77651991614255766,0.19232343188050505,0.57446808510638303,25,95,1.388443146934967,556,450,106,0.37721828437464344,0.46022727272727271,0.76415094339622647,0.78888888888888886,355,81
2,2,0,0,1,0,1,0.5,1,1,0.5,0.49388035548406306,0.66666666666666663,0,1,2.5478168682087516,2,1,1,0,1,0.5,1,0,0,1,1335,recording_disjoint,Recording-disjoint split,stroop,1,2,556,1,2,303,0,0.68646864686468645,0.59989878542510122,0.7287553997102606,0.5,0.29728851950258006,0.81409001956947158,0,95,1.6105775654133707,303,95,208,0.72655482350213918,0.68646864686468645,1,0,0,208
1,2,0,0,1,0,1,1,1,1,1,0.0080070501608078184,1,0,0,0.075638343068349642,2,1,1,0,1,1,1,1,1,1,1388,recording_disjoint,Recording-disjoint split,stroop,1,2,201,1,2,658,0,0.78723404255319152,0.82335470085470086,0.51715394520925662,0.79402777777777778,0.17655355997516706,0.70711297071129708,39,101,1.0697194093050464,658,450,208,0.51491472592373466,0.62592592592592589,0.8125,0.77555555555555555,349,169
2,2,0,0,1,0,1,0.5,1,1,0.5,0.4939273982530038,0.66666666666666663,0,1,2.5518370940989374,2,1,1,0,1,0.5,1,0,0,1,1388,recording_disjoint,Recording-disjoint split,stroop,1,2,658,1,2,201,0,0.53233830845771146,0.59255213505461768,0.61008138441810589,0.50580933465739819,0.44593568697662667,0.69078947368421051,1,93,2.4564996208765799,201,95,106,0.60636939461656103,0.53030303030303028,0.99056603773584906,0.021052631578947368,2,105
1,2,0,0,1,0,1,1,1,1,1,0.0080070501608078184,1,0,0,0.075638343068349642,2,1,1,0,1,1,1,1,1,1,1441,recording_disjoint,Recording-disjoint split,stroop,1,2,201,1,2,658,0,0.78723404255319152,0.82335470085470086,0.51715394520925662,0.79402777777777778,0.17655355997516706,0.70711297071129708,39,101,1.0697194093050464,658,450,208,0.51491472592373466,0.62592592592592589,0.8125,0.77555555555555555,349,169
2,2,0,0,1,0,1,0.5,1,1,0.5,0.4939273982530038,0.66666666666666663,0,1,2.5518370940989374,2,1,1,0,1,0.5,1,0,0,1,1441,recording_disjoint,Recording-disjoint split,stroop,1,2,658,1,2,201,0,0.53233830845771146,0.59255213505461768,0.61008138441810589,0.50580933465739819,0.44593568697662667,0.69078947368421051,1,93,2.4564996208765799,201,95,106,0.60636939461656103,0.53030303030303028,0.99056603773584906,0.021052631578947368,2,105
1,2,0,0,1,0,1,1,1,1,1,0.0080070501608078184,1,0,0,0.075638343068349642,2,1,1,0,1,1,1,1,1,1,1494,recording_disjoint,Recording-disjoint split,stroop,1,2,201,1,2,658,0,0.78723404255319152,0.82335470085470086,0.51715394520925662,0.79402777777777778,0.17655355997516706,0.70711297071129708,39,101,1.0697194093050464,658,450,208,0.51491472592373466,0.62592592592592589,0.8125,0.77555555555555555,349,169
2,2,0,0,1,0,1,0.5,1,1,0.5,0.4939273982530038,0.66666666666666663,0,1,2.5518370940989374,2,1,1,0,1,0.5,1,0,0,1,1494,recording_disjoint,Recording-disjoint split,stroop,1,2,658,1,2,201,0,0.53233830845771146,0.59255213505461768,0.61008138441810589,0.50580933465739819,0.44593568697662667,0.69078947368421051,1,93,2.4564996208765799,201,95,106,0.60636939461656103,0.53030303030303028,0.99056603773584906,0.021052631578947368,2,105
1,2,0,0,1,0,1,1,1,1,1,0.006952476855374496,1,0,0,0.086511447293501464,2,1,1,0,1,1,1,1,1,1,1547,recording_disjoint,Recording-disjoint split,stroop,1,2,303,1,2,556,0,0.78417266187050361,0.81136268343815521,0.38136226590280209,0.77651991614255766,0.19232343188050505,0.57446808510638303,25,95,1.388443146934967,556,450,106,0.37721828437464344,0.46022727272727271,0.76415094339622647,0.78888888888888886,355,81
2,2,0,0,1,0,1,0.5,1,1,0.5,0.49388035548406306,0.66666666666666663,0,1,2.5478168682087516,2,1,1,0,1,0.5,1,0,0,1,1547,recording_disjoint,Recording-disjoint split,stroop,1,2,556,1,2,303,0,0.68646864686468645,0.59989878542510122,0.7287553997102606,0.5,0.29728851950258006,0.81409001956947158,0,95,1.6105775654133707,303,95,208,0.72655482350213918,0.68646864686468645,1,0,0,208
1,3,0,0,1,0,1,0.5,0,0.5,0.5,0.50115662901044378,0.66666666666666663,0,1,3.4048230260602832,2,1,1,0,0.25,0.5,1,0,0,1,1335,recording_disjoint,Recording-disjoint split,stroop,1,2,287,1,2,283,0,0.45936395759717313,0.34346224677716386,0.27709091106377554,0.54311558877694721,0.48655127931219272,0.52923076923076928,16,137,4.7846316392051076,283,181,102,0.27472245653931782,0.38565022421524664,0.84313725490196079,0.24309392265193369,44,86
2,3,0,0,1,0,1,0.5,1,1,0.5,0.48103292168455614,0.66666666666666663,0,1,1.9778358414591659,2,1,1,0,1,0.5,1,0,0,1,1335,recording_disjoint,Recording-disjoint split,stroop,1,2,283,1,2,287,0,0.56097560975609762,0.88193897637795271,0.83674378662264792,0.50393700787401574,0.37272792086118783,0.71748878923766812,0,126,1.7932420098442809,287,127,160,0.83244276414521479,0.55944055944055948,1,0.007874015748031496,1,160
1,3,0,0,1,0,1,0.5,1,1,0.5,0.48464230267933872,0.66666666666666663,0,1,2.0842449365272655,2,1,1,0,1,0.5,1,0,0,1,1388,recording_disjoint,Recording-disjoint split,stroop,1,2,229,1,2,341,0,0.5513196480938416,0.88491022099447514,0.86640845385406462,0.57734806629834257,0.41546000678090517,0.67653276955602537,0,153,2.4039616605286462,341,181,160,0.86588697972391893,0.51118210862619806,1,0.15469613259668508,28,160
2,3,0,0,1,0,1,1,1,1,1,0.077202635217713658,1,0,0,0.2558804561941867,2,1,1,0,1,1,1,1,1,1,1388,recording_disjoint,Recording-disjoint split,stroop,1,2,341,1,2,229,0,0.74672489082969429,0.96047552879419473,0.93766404495457134,0.76972363748649064,0.17663780181293279,0.77519379844961245,2,56,0.77530584290739779,229,127,102,0.93516252296518521,0.64102564102564108,0.98039215686274506,0.55905511811023623,71,100
1,3,0,0,1,0,1,0.5,1,1,0.5,0.48464230267933872,0.66666666666666663,0,1,2.0842449365272655,2,1,1,0,1,0.5,1,0,0,1,1441,recording_disjoint,Recording-disjoint split,stroop,1,2,229,1,2,341,0,0.5513196480938416,0.88491022099447514,0.86640845385406462,0.57734806629834257,0.41546000678090517,0.67653276955602537,0,153,2.4039616605286462,341,181,160,0.86588697972391893,0.51118210862619806,1,0.15469613259668508,28,160
2,3,0,0,1,0,1,1,1,1,1,0.077202635217713658,1,0,0,0.2558804561941867,2,1,1,0,1,1,1,1,1,1,1441,recording_disjoint,Recording-disjoint split,stroop,1,2,341,1,2,229,0,0.74672489082969429,0.96047552879419473,0.93766404495457134,0.76972363748649064,0.17663780181293279,0.77519379844961245,2,56,0.77530584290739779,229,127,102,0.93516252296518521,0.64102564102564108,0.98039215686274506,0.55905511811023623,71,100
1,3,0,0,1,0,1,0.5,1,1,0.5,0.48464230267933872,0.66666666666666663,0,1,2.0842449365272655,2,1,1,0,1,0.5,1,0,0,1,1494,recording_disjoint,Recording-disjoint split,stroop,1,2,229,1,2,341,0,0.5513196480938416,0.88491022099447514,0.86640845385406462,0.57734806629834257,0.41546000678090517,0.67653276955602537,0,153,2.4039616605286462,341,181,160,0.86588697972391893,0.51118210862619806,1,0.15469613259668508,28,160
2,3,0,0,1,0,1,1,1,1,1,0.077202635217713658,1,0,0,0.2558804561941867,2,1,1,0,1,1,1,1,1,1,1494,recording_disjoint,Recording-disjoint split,stroop,1,2,341,1,2,229,0,0.74672489082969429,0.96047552879419473,0.93766404495457134,0.76972363748649064,0.17663780181293279,0.77519379844961245,2,56,0.77530584290739779,229,127,102,0.93516252296518521,0.64102564102564108,0.98039215686274506,0.55905511811023623,71,100
1,3,0,0,1,0,1,0.5,0,0.5,0.5,0.50115662901044378,0.66666666666666663,0,1,3.4048230260602832,2,1,1,0,0.25,0.5,1,0,0,1,1547,recording_disjoint,Recording-disjoint split,stroop,1,2,287,1,2,283,0,0.45936395759717313,0.34346224677716386,0.27709091106377554,0.54311558877694721,0.48655127931219272,0.52923076923076928,16,137,4.7846316392051076,283,181,102,0.27472245653931782,0.38565022421524664,0.84313725490196079,0.24309392265193369,44,86
2,3,0,0,1,0,1,0.5,1,1,0.5,0.48103292168455614,0.66666666666666663,0,1,1.9778358414591659,2,1,1,0,1,0.5,1,0,0,1,1547,recording_disjoint,Recording-disjoint split,stroop,1,2,283,1,2,287,0,0.56097560975609762,0.88193897637795271,0.83674378662264792,0.50393700787401574,0.37272792086118783,0.71748878923766812,0,126,1.7932420098442809,287,127,160,0.83244276414521479,0.55944055944055948,1,0.007874015748031496,1,160
1,4,0,0,1,0,1,0.5,1,1,0.5,0.35013822011381995,0,1,0,0.90646667560862981,2,1,1,0,1,,0,1,1,0,1335,recording_disjoint,Recording-disjoint split,stroop,1,2,281,1,2,178,0,0.8932584269662921,0.90308676307007785,0.9230395174755377,0.84677419354838712,0.10753636152910796,0.81904761904761902,19,0,1.826483423603229,178,116,62,0.92273238259730739,1,0.69354838709677424,1,116,43
2,4,0,0,1,0,1,0.5,1,1,0.5,0.47793547619046617,0.66666666666666663,0,1,1.9013036014968063,2,1,1,0,1,0.5,1,0,0,1,1335,recording_disjoint,Recording-disjoint split,stroop,1,2,178,1,2,281,0,0.72241992882562278,0.93779260299625467,0.96782872266017084,0.5617977528089888,0.25827332098840722,0.83116883116883122,0,78,1.2716350638395817,281,89,192,0.96773156770411106,0.71111111111111114,1,0.12359550561797752,11,192
1,4,0,0,1,0,1,1,1,1,1,0.00012744334396377424,1,0,0,0.0080538389231336396,2,1,1,0,1,1,1,1,1,1,1388,recording_disjoint,Recording-disjoint split,stroop,1,2,151,1,2,308,0,0.87012987012987009,0.99919181034482762,0.99949146755422713,0.89583333333333326,0.096125504432482897,0.88372093023255816,40,0,0.31223408915969547,308,116,192,0.99949007969338333,1,0.79166666666666663,1,116,152
2,4,0,0,1,0,1,0.5,1,1,0.5,0.46809476669858241,0.66666666666666663,0,1,1.7171556567267052,2,1,1,0,1,0.5,1,0,0,1,1388,recording_disjoint,Recording-disjoint split,stroop,1,2,308,1,2,151,0,0.41721854304635764,0.72236317506342873,0.68062700574160717,0.48604566872055094,0.52022749384386746,0.55102040816326525,8,80,2.4194022935928388,151,89,62,0.67710428034761816,0.40298507462686567,0.87096774193548387,0.10112359550561797,9,54
1,4,0,0,1,0,1,1,1,1,1,0.00012744334396377424,1,0,0,0.0080538389231336396,2,1,1,0,1,1,1,1,1,1,1441,recording_disjoint,Recording-disjoint split,stroop,1,2,151,1,2,308,0,0.87012987012987009,0.99919181034482762,0.99949146755422713,0.89583333333333326,0.096125504432482897,0.88372093023255816,40,0,0.31223408915969547,308,116,192,0.99949007969338333,1,0.79166666666666663,1,116,152
2,4,0,0,1,0,1,0.5,1,1,0.5,0.46809476669858241,0.66666666666666663,0,1,1.7171556567267052,2,1,1,0,1,0.5,1,0,0,1,1441,recording_disjoint,Recording-disjoint split,stroop,1,2,308,1,2,151,0,0.41721854304635764,0.72236317506342873,0.68062700574160717,0.48604566872055094,0.52022749384386746,0.55102040816326525,8,80,2.4194022935928388,151,89,62,0.67710428034761816,0.40298507462686567,0.87096774193548387,0.10112359550561797,9,54
1,4,0,0,1,0,1,1,1,1,1,0.00012744334396377424,1,0,0,0.0080538389231336396,2,1,1,0,1,1,1,1,1,1,1494,recording_disjoint,Recording-disjoint split,stroop,1,2,151,1,2,308,0,0.87012987012987009,0.99919181034482762,0.99949146755422713,0.89583333333333326,0.096125504432482897,0.88372093023255816,40,0,0.31223408915969547,308,116,192,0.99949007969338333,1,0.79166666666666663,1,116,152
2,4,0,0,1,0,1,0.5,1,1,0.5,0.46809476669858241,0.66666666666666663,0,1,1.7171556567267052,2,1,1,0,1,0.5,1,0,0,1,1494,recording_disjoint,Recording-disjoint split,stroop,1,2,308,1,2,151,0,0.41721854304635764,0.72236317506342873,0.68062700574160717,0.48604566872055094,0.52022749384386746,0.55102040816326525,8,80,2.4194022935928388,151,89,62,0.67710428034761816,0.40298507462686567,0.87096774193548387,0.10112359550561797,9,54
1,4,0,0,1,0,1,0.5,1,1,0.5,0.35013822011381995,0,1,0,0.90646667560862981,2,1,1,0,1,,0,1,1,0,1547,recording_disjoint,Recording-disjoint split,stroop,1,2,281,1,2,178,0,0.8932584269662921,0.90308676307007785,0.9230395174755377,0.84677419354838712,0.10753636152910796,0.81904761904761902,19,0,1.826483423603229,178,116,62,0.92273238259730739,1,0.69354838709677424,1,116,43
2,4,0,0,1,0,1,0.5,1,1,0.5,0.47793547619046617,0.66666666666666663,0,1,1.9013036014968063,2,1,1,0,1,0.5,1,0,0,1,1547,recording_disjoint,Recording-disjoint split,stroop,1,2,178,1,2,281,0,0.72241992882562278,0.93779260299625467,0.96782872266017084,0.5617977528089888,0.25827332098840722,0.83116883116883122,0,78,1.2716350638395817,281,89,192,0.96773156770411106,0.71111111111111114,1,0.12359550561797752,11,192
1,5,0,0,1,0,1,1,1,1,1,1.0187517182270627e-06,1,0,0,0.00096724497828068186,2,1,1,0,1,1,1,1,1,1,1335,recording_disjoint,Recording-disjoint split,stroop,1,2,308,1,2,352,0,0.97727272727272729,0.99840619307832423,0.99642089777475529,0.9758652094717668,0.017972631957851551,0.96330275229357798,3,5,0.065479244222778177,352,244,108,0.99640425777327857,0.95454545454545459,0.97222222222222221,0.97950819672131151,239,105
2,5,0,0,1,0,1,0.5,1,1,0.5,0.45419905368578151,0.66666666666666663,0,1,1.5317392223079442,2,1,1,0,1,0.5,1,0,0,1,1335,recording_disjoint,Recording-disjoint split,stroop,1,2,352,1,2,308,0,0.55519480519480524,0.9514235710931831,0.96628465435823696,0.5,0.3737632934684888,0.71398747390396655,0,137,1.3902058305217131,308,137,171,0.96619508986302027,0.55519480519480524,1,0,0,171
1,5,0,0,1,0,1,1,1,1,1,0.006284382624961473,1,0,0,0.076865691096645317,2,1,1,0,1,1,1,1,1,1,1388,recording_disjoint,Recording-disjoint split,stroop,1,2,245,1,2,415,0,0.81927710843373491,0.90180711341194519,0.84232661014624677,0.83143993864442522,0.13176975720165818,0.80417754569190603,17,58,0.44482929909873786,415,244,171,0.84165866747743001,0.72641509433962259,0.90058479532163738,0.76229508196721307,186,154
2,5,0,0,1,0,1,0.5,1,1,0.5,0.47870458697524454,0.66666666666666663,0,1,1.9201943372362753,2,1,1,0,1,0.5,1,0,0,1,1388,recording_disjoint,Recording-disjoint split,stroop,1,2,415,1,2,245,0,0.44081632653061226,0.95498783454987834,0.95019169662746883,0.5,0.51245127561709003,0.61189801699716717,0,137,2.1627375778325653,245,137,108,0.94997171358166455,0.44081632653061226,1,0,0,108
1,5,0,0,1,0,1,1,1,1,1,0.006284382624961473,1,0,0,0.076865691096645317,2,1,1,0,1,1,1,1,1,1,1441,recording_disjoint,Recording-disjoint split,stroop,1,2,245,1,2,415,0,0.81927710843373491,0.90180711341194519,0.84232661014624677,0.83143993864442522,0.13176975720165818,0.80417754569190603,17,58,0.44482929909873786,415,244,171,0.84165866747743001,0.72641509433962259,0.90058479532163738,0.76229508196721307,186,154
2,5,0,0,1,0,1,0.5,1,1,0.5,0.47870458697524454,0.66666666666666663,0,1,1.9201943372362753,2,1,1,0,1,0.5,1,0,0,1,1441,recording_disjoint,Recording-disjoint split,stroop,1,2,415,1,2,245,0,0.44081632653061226,0.95498783454987834,0.95019169662746883,0.5,0.51245127561709003,0.61189801699716717,0,137,2.1627375778325653,245,137,108,0.94997171358166455,0.44081632653061226,1,0,0,108
1,5,0,0,1,0,1,1,1,1,1,0.006284382624961473,1,0,0,0.076865691096645317,2,1,1,0,1,1,1,1,1,1,1494,recording_disjoint,Recording-disjoint split,stroop,1,2,245,1,2,415,0,0.81927710843373491,0.90180711341194519,0.84232661014624677,0.83143993864442522,0.13176975720165818,0.80417754569190603,17,58,0.44482929909873786,415,244,171,0.84165866747743001,0.72641509433962259,0.90058479532163738,0.76229508196721307,186,154
2,5,0,0,1,0,1,0.5,1,1,0.5,0.47870458697524454,0.66666666666666663,0,1,1.9201943372362753,2,1,1,0,1,0.5,1,0,0,1,1494,recording_disjoint,Recording-disjoint split,stroop,1,2,415,1,2,245,0,0.44081632653061226,0.95498783454987834,0.95019169662746883,0.5,0.51245127561709003,0.61189801699716717,0,137,2.1627375778325653,245,137,108,0.94997171358166455,0.44081632653061226,1,0,0,108
1,5,0,0,1,0,1,1,1,1,1,1.0187517182270627e-06,1,0,0,0.00096724497828068186,2,1,1,0,1,1,1,1,1,1,1547,recording_disjoint,Recording-disjoint split,stroop,1,2,308,1,2,352,0,0.97727272727272729,0.99840619307832423,0.99642089777475529,0.9758652094717668,0.017972631957851551,0.96330275229357798,3,5,0.065479244222778177,352,244,108,0.99640425777327857,0.95454545454545459,0.97222222222222221,0.97950819672131151,239,105
2,5,0,0,1,0,1,0.5,1,1,0.5,0.45419905368578151,0.66666666666666663,0,1,1.5317392223079442,2,1,1,0,1,0.5,1,0,0,1,1547,recording_disjoint,Recording-disjoint split,stroop,1,2,352,1,2,308,0,0.55519480519480524,0.9514235710931831,0.96628465435823696,0.5,0.3737632934684888,0.71398747390396655,0,137,1.3902058305217131,308,137,171,0.96619508986302027,0.55519480519480524,1,0,0,171
1,6,0,0,1,0,1,0,0,0.5,0,0.99997775247948262,0,1,1,17.202867131655015,2,1,1,0,0.25,0,0,0,0,0,1335,recording_disjoint,Recording-disjoint split,stroop,1,2,280,1,2,261,0,0.091954022988505746,0.071831831831831824,0.45175060864716032,0.090540540540540546,0.90327079492604689,0.070588235294117646,102,135,17.13009181139795,261,150,111,0.28183867952279168,0.0625,0.081081081081081086,0.10000000000000001,15,9
2,6,0,0,1,0,1,0.5,0,0.5,0.5,0.49904175490157304,0,1,0,2.9339859642464816,2,1,1,0,0.25,,0,1,1,0,1335,recording_disjoint,Recording-disjoint split,stroop,1,2,261,1,2,280,0,0.42499999999999999,0.034448562033509059,0.37290979219491827,0.5,0.57500322941169346,0,161,0,3.3861337612817781,280,119,161,0.37068545020563121,,0,1,119,0
1,6,0,0,1,0,1,0.5,0,0.5,0.5,0.49773461740868402,0,1,0,3.0449124064609321,2,1,1,0,0.25,,0,1,1,0,1388,recording_disjoint,Recording-disjoint split,stroop,1,2,230,1,2,311,0,0.48231511254019294,0.38587991718426501,0.43116964271132141,0.5,0.51458159845536044,0,161,0,3.1540808644509224,311,150,161,0.42783514821841484,,0,1,150,0
2,6,0,0,1,0,1,0,0,0.5,0,0.99999994395946457,0,1,1,20.396128282337944,2,1,1,0,0.25,0,0,0,0,0,1388,recording_disjoint,Recording-disjoint split,stroop,1,2,311,1,2,230,0,0.065217391304347824,0.046559164206223025,0.47297863934119366,0.065144976909682795,0.92772132067500146,0.061135371179039298,104,111,21.325876013132248,230,119,111,0.28279037390727618,0.059322033898305086,0.063063063063063057,0.067226890756302518,8,7
1,6,0,0,1,0,1,0.5,0,0.5,0.5,0.49773461740868402,0,1,0,3.0449124064609321,2,1,1,0,0.25,,0,1,1,0,1441,recording_disjoint,Recording-disjoint split,stroop,1,2,230,1,2,311,0,0.48231511254019294,0.38587991718426501,0.43116964271132141,0.5,0.51458159845536044,0,161,0,3.1540808644509224,311,150,161,0.42783514821841484,,0,1,150,0
2,6,0,0,1,0,1,0,0,0.5,0,0.99999994395946457,0,1,1,20.396128282337944,2,1,1,0,0.25,0,0,0,0,0,1441,recording_disjoint,Recording-disjoint split,stroop,1,2,311,1,2,230,0,0.065217391304347824,0.046559164206223025,0.47297863934119366,0.065144976909682795,0.92772132067500146,0.061135371179039298,104,111,21.325876013132248,230,119,111,0.28279037390727618,0.059322033898305086,0.063063063063063057,0.067226890756302518,8,7
1,6,0,0,1,0,1,0.5,0,0.5,0.5,0.49773461740868402,0,1,0,3.0449124064609321,2,1,1,0,0.25,,0,1,1,0,1494,recording_disjoint,Recording-disjoint split,stroop,1,2,230,1,2,311,0,0.48231511254019294,0.38587991718426501,0.43116964271132141,0.5,0.51458159845536044,0,161,0,3.1540808644509224,311,150,161,0.42783514821841484,,0,1,150,0
2,6,0,0,1,0,1,0,0,0.5,0,0.99999994395946457,0,1,1,20.396128282337944,2,1,1,0,0.25,0,0,0,0,0,1494,recording_disjoint,Recording-disjoint split,stroop,1,2,311,1,2,230,0,0.065217391304347824,0.046559164206223025,0.47297863934119366,0.065144976909682795,0.92772132067500146,0.061135371179039298,104,111,21.325876013132248,230,119,111,0.28279037390727618,0.059322033898305086,0.063063063063063057,0.067226890756302518,8,7
1,6,0,0,1,0,1,0,0,0.5,0,0.99997775247948262,0,1,1,17.202867131655015,2,1,1,0,0.25,0,0,0,0,0,1547,recording_disjoint,Recording-disjoint split,stroop,1,2,280,1,2,261,0,0.091954022988505746,0.071831831831831824,0.45175060864716032,0.090540540540540546,0.90327079492604689,0.070588235294117646,102,135,17.13009181139795,261,150,111,0.28183867952279168,0.0625,0.081081081081081086,0.10000000000000001,15,9
2,6,0,0,1,0,1,0.5,0,0.5,0.5,0.49904175490157304,0,1,0,2.9339859642464816,2,1,1,0,0.25,,0,1,1,0,1547,recording_disjoint,Recording-disjoint split,stroop,1,2,261,1,2,280,0,0.42499999999999999,0.034448562033509059,0.37290979219491827,0.5,0.57500322941169346,0,161,0,3.3861337612817781,280,119,161,0.37068545020563121,,0,1,119,0
1,7,0,0,1,0,1,1,1,1,1,0.096843814545295878,1,0,0,0.28999815493183229,2,1,1,0,1,1,1,1,1,1,1335,recording_disjoint,Recording-disjoint split,stroop,1,2,276,1,2,265,0,0.82641509433962268,0.9581484220907297,0.86749674950772671,0.77616494082840237,0.14157515126221171,0.71250000000000002,39,7,0.87166009137556055,265,169,96,0.86472182050017921,0.890625,0.59375,0.95857988165680474,162,57
2,7,0,0,1,0,1,0.5,1,1,0.5,0.49914259271316663,0.66666666666666663,0,1,3.5306954213108317,2,1,1,0,1,0.5,1,0,0,1,1335,recording_disjoint,Recording-disjoint split,stroop,1,2,265,1,2,276,0,0.64855072463768115,0.69659621033231578,0.81151018199663982,0.5,0.34868750460479986,0.78681318681318679,0,97,2.4833391122966741,276,97,179,0.81068204823158463,0.64855072463768115,1,0,0,179
1,7,0,0,1,0,1,0.5,1,1,0.5,0.18063708585267457,0.66666666666666663,0,1,0.54855859128652162,2,1,1,0,1,0.5,1,0,0,1,1388,recording_disjoint,Recording-disjoint split,stroop,1,2,193,1,2,348,0,0.65804597701149425,0.65687084724471911,0.55643911075419861,0.65834187299593405,0.29728641107725651,0.66096866096866091,63,56,2.3441996946563339,348,169,179,0.55314345867599402,0.67441860465116277,0.64804469273743015,0.66863905325443784,113,116
2,7,0,0,1,0,1,0.5,1,1,0.5,0.49911926775465021,0.66666666666666663,0,1,3.5173490090513666,2,1,1,0,1,0.5,1,0,0,1,1388,recording_disjoint,Recording-disjoint split,stroop,1,2,348,1,2,193,0,0.46632124352331605,0.67289518900343648,0.68736403927443757,0.4686963058419244,0.51103917091600293,0.63345195729537362,7,96,3.6033964628473054,193,97,96,0.68519269339838751,0.48108108108108111,0.92708333333333337,0.010309278350515464,1,89
1,7,0,0,1,0,1,0.5,1,1,0.5,0.18063708585267457,0.66666666666666663,0,1,0.54855859128652162,2,1,1,0,1,0.5,1,0,0,1,1441,recording_disjoint,Recording-disjoint split,stroop,1,2,193,1,2,348,0,0.65804597701149425,0.65687084724471911,0.55643911075419861,0.65834187299593405,0.29728641107725651,0.66096866096866091,63,56,2.3441996946563339,348,169,179,0.55314345867599402,0.67441860465116277,0.64804469273743015,0.66863905325443784,113,116
2,7,0,0,1,0,1,0.5,1,1,0.5,0.49911926775465021,0.66666666666666663,0,1,3.5173490090513666,2,1,1,0,1,0.5,1,0,0,1,1441,recording_disjoint,Recording-disjoint split,stroop,1,2,348,1,2,193,0,0.46632124352331605,0.67289518900343648,0.68736403927443757,0.4686963058419244,0.51103917091600293,0.63345195729537362,7,96,3.6033964628473054,193,97,96,0.68519269339838751,0.48108108108108111,0.92708333333333337,0.010309278350515464,1,89
1,7,0,0,1,0,1,0.5,1,1,0.5,0.18063708585267457,0.66666666666666663,0,1,0.54855859128652162,2,1,1,0,1,0.5,1,0,0,1,1494,recording_disjoint,Recording-disjoint split,stroop,1,2,193,1,2,348,0,0.65804597701149425,0.65687084724471911,0.55643911075419861,0.65834187299593405,0.29728641107725651,0.66096866096866091,63,56,2.3441996946563339,348,169,179,0.55314345867599402,0.67441860465116277,0.64804469273743015,0.66863905325443784,113,116
2,7,0,0,1,0,1,0.5,1,1,0.5,0.49911926775465021,0.66666666666666663,0,1,3.5173490090513666,2,1,1,0,1,0.5,1,0,0,1,1494,recording_disjoint,Recording-disjoint split,stroop,1,2,348,1,2,193,0,0.46632124352331605,0.67289518900343648,0.68736403927443757,0.4686963058419244,0.51103917091600293,0.63345195729537362,7,96,3.6033964628473054,193,97,96,0.68519269339838751,0.48108108108108111,0.92708333333333337,0.010309278350515464,1,89
1,7,0,0,1,0,1,1,1,1,1,0.096843814545295878,1,0,0,0.28999815493183229,2,1,1,0,1,1,1,1,1,1,1547,recording_disjoint,Recording-disjoint split,stroop,1,2,276,1,2,265,0,0.82641509433962268,0.9581484220907297,0.86749674950772671,0.77616494082840237,0.14157515126221171,0.71250000000000002,39,7,0.87166009137556055,265,169,96,0.86472182050017921,0.890625,0.59375,0.95857988165680474,162,57
2,7,0,0,1,0,1,0.5,1,1,0.5,0.49914259271316663,0.66666666666666663,0,1,3.5306954213108317,2,1,1,0,1,0.5,1,0,0,1,1547,recording_disjoint,Recording-disjoint split,stroop,1,2,265,1,2,276,0,0.64855072463768115,0.69659621033231578,0.81151018199663982,0.5,0.34868750460479986,0.78681318681318679,0,97,2.4833391122966741,276,97,179,0.81068204823158463,0.64855072463768115,1,0,0,179
1,8,0,0,1,0,1,0.5,0,0.5,0.5,0.37404617395329814,0.66666666666666663,0,1,1.0137736031589373,2,1,1,0,0.25,0.5,1,0,0,1,1335,recording_disjoint,Recording-disjoint split,stroop,1,2,396,1,2,350,0,0.50285714285714289,0.48121710526315792,0.40977190102565703,0.50904605263157898,0.44145652868793656,0.51666666666666672,67,107,3.4621980614828241,350,190,160,0.40633114802875692,0.46500000000000002,0.58125000000000004,0.43684210526315792,83,93
2,8,0,0,1,0,1,0.5,1,1,0.5,0.47463693066488793,0.66666666666666663,0,1,1.8337262733302553,2,1,1,0,1,0.5,1,0,0,1,1335,recording_disjoint,Recording-disjoint split,stroop,1,2,350,1,2,396,0,0.59595959595959591,0.63524849635960745,0.71944879739986289,0.51282051282051277,0.38269074344841336,0.73941368078175895,7,153,2.3286607520827647,396,162,234,0.71819982978066377,0.59736842105263155,0.97008547008547008,0.055555555555555552,9,227
1,8,0,0,1,0,1,0.5,1,1,0.5,0.22329002377788384,0.66666666666666663,0,1,0.63799832546858415,2,1,1,0,1,0.5,1,0,0,1,1388,recording_disjoint,Recording-disjoint split,stroop,1,2,322,1,2,424,0,0.535377358490566,0.54457939721097615,0.53375924217318904,0.53205128205128205,0.38242223882807763,0.57266811279826468,102,95,2.2243664880383647,424,190,234,0.53156987994738869,0.58149779735682816,0.5641025641025641,0.5,95,132
2,8,0,0,1,0,1,0.5,0,0.5,0.5,0.48824486794180322,0.66666666666666663,0,1,2.220172892354586,2,1,1,0,0.25,0.5,1,0,0,1,1388,recording_disjoint,Recording-disjoint split,stroop,1,2,424,1,2,322,0,0.453416149068323,0.44691358024691352,0.52205532920642084,0.4560570987654321,0.49306680166253947,0.61572052401746724,19,157,2.3780956136254878,322,162,160,0.51993516637579318,0.47315436241610737,0.88124999999999998,0.030864197530864196,5,141
1,8,0,0,1,0,1,0.5,1,1,0.5,0.22329002377788384,0.66666666666666663,0,1,0.63799832546858415,2,1,1,0,1,0.5,1,0,0,1,1441,recording_disjoint,Recording-disjoint split,stroop,1,2,322,1,2,424,0,0.535377358490566,0.54457939721097615,0.53375924217318904,0.53205128205128205,0.38242223882807763,0.57266811279826468,102,95,2.2243664880383647,424,190,234,0.53156987994738869,0.58149779735682816,0.5641025641025641,0.5,95,132
2,8,0,0,1,0,1,0.5,0,0.5,0.5,0.48824486794180322,0.66666666666666663,0,1,2.220172892354586,2,1,1,0,0.25,0.5,1,0,0,1,1441,recording_disjoint,Recording-disjoint split,stroop,1,2,424,1,2,322,0,0.453416149068323,0.44691358024691352,0.52205532920642084,0.4560570987654321,0.49306680166253947,0.61572052401746724,19,157,2.3780956136254878,322,162,160,0.51993516637579318,0.47315436241610737,0.88124999999999998,0.030864197530864196,5,141
1,8,0,0,1,0,1,0.5,1,1,0.5,0.22329002377788384,0.66666666666666663,0,1,0.63799832546858415,2,1,1,0,1,0.5,1,0,0,1,1494,recording_disjoint,Recording-disjoint split,stroop,1,2,322,1,2,424,0,0.535377358490566,0.54457939721097615,0.53375924217318904,0.53205128205128205,0.38242223882807763,0.57266811279826468,102,95,2.2243664880383647,424,190,234,0.53156987994738869,0.58149779735682816,0.5641025641025641,0.5,95,132
2,8,0,0,1,0,1,0.5,0,0.5,0.5,0.48824486794180322,0.66666666666666663,0,1,2.220172892354586,2,1,1,0,0.25,0.5,1,0,0,1,1494,recording_disjoint,Recording-disjoint split,stroop,1,2,424,1,2,322,0,0.453416149068323,0.44691358024691352,0.52205532920642084,0.4560570987654321,0.49306680166253947,0.61572052401746724,19,157,2.3780956136254878,322,162,160,0.51993516637579318,0.47315436241610737,0.88124999999999998,0.030864197530864196,5,141
1,8,0,0,1,0,1,0.5,0,0.5,0.5,0.37404617395329814,0.66666666666666663,0,1,1.0137736031589373,2,1,1,0,0.25,0.5,1,0,0,1,1547,recording_disjoint,Recording-disjoint split,stroop,1,2,396,1,2,350,0,0.50285714285714289,0.48121710526315792,0.40977190102565703,0.50904605263157898,0.44145652868793656,0.51666666666666672,67,107,3.4621980614828241,350,190,160,0.40633114802875692,0.46500000000000002,0.58125000000000004,0.43684210526315792,83,93
2,8,0,0,1,0,1,0.5,1,1,0.5,0.47463693066488793,0.66666666666666663,0,1,1.8337262733302553,2,1,1,0,1,0.5,1,0,0,1,1547,recording_disjoint,Recording-disjoint split,stroop,1,2,350,1,2,396,0,0.59595959595959591,0.63524849635960745,0.71944879739986289,0.51282051282051277,0.38269074344841336,0.73941368078175895,7,153,2.3286607520827647,396,162,234,0.71819982978066377,0.59736842105263155,0.97008547008547008,0.055555555555555552,9,227
1,9,0,0,1,0,1,0.5,1,1,0.5,0.47308276840729302,0,1,0,1.8006249503762417,2,1,1,0,1,,0,1,1,0,1335,recording_disjoint,Recording-disjoint split,stroop,1,2,353,1,2,520,0,0.82692307692307687,0.96543237250554315,0.90453419175132377,0.59090909090909094,0.14912801145460794,0.30769230769230771,90,0,0.83546902670368484,520,410,110,0.90414850030377303,1,0.18181818181818182,1,410,20
2,9,0,0,1,0,1,0.5,1,1,0.5,0.49014076110250182,0.66666666666666663,0,1,2.3079277226717219,2,1,1,0,1,0.5,1,0,0,1,1335,recording_disjoint,Recording-disjoint split,stroop,1,2,520,1,2,353,0,0.59490084985835689,0.66959196891191708,0.70717631491489819,0.55312499999999998,0.38574285625706933,0.72967863894139884,0,143,2.1901938750190553,353,160,193,0.70573808650132908,0.57440476190476186,1,0.10625,17,193
1,9,0,0,1,0,1,0,0,0.5,0,0.96218928270401594,0,1,1,6.6764498141259123,2,1,1,0,0.25,0,0,0,0,0,1388,recording_disjoint,Recording-disjoint split,stroop,1,2,270,1,2,603,0,0.23217247097844113,0.12123088588398838,0.19313347842742701,0.22694932389738404,0.72886106180557964,0.15045871559633028,152,311,8.6199498497321034,603,410,193,0.19216890362908051,0.11647727272727272,0.21243523316062177,0.24146341463414633,99,41
2,9,0,0,1,0,1,0.5,1,1,0.5,0.48569410858629553,0.66666666666666663,0,1,2.1221058790408605,2,1,1,0,1,0.5,1,0,0,1,1388,recording_disjoint,Recording-disjoint split,stroop,1,2,603,1,2,270,0,0.4777777777777778,0.56874999999999998,0.46812053854326752,0.55937499999999996,0.4942857506391069,0.60941828254847641,0,141,2.6595411587418023,270,160,110,0.46294007816965171,0.43824701195219123,1,0.11874999999999999,19,110
1,9,0,0,1,0,1,0,0,0.5,0,0.96218928270401594,0,1,1,6.6764498141259123,2,1,1,0,0.25,0,0,0,0,0,1441,recording_disjoint,Recording-disjoint split,stroop,1,2,270,1,2,603,0,0.23217247097844113,0.12123088588398838,0.19313347842742701,0.22694932389738404,0.72886106180557964,0.15045871559633028,152,311,8.6199498497321034,603,410,193,0.19216890362908051,0.11647727272727272,0.21243523316062177,0.24146341463414633,99,41
2,9,0,0,1,0,1,0.5,1,1,0.5,0.48569410858629553,0.66666666666666663,0,1,2.1221058790408605,2,1,1,0,1,0.5,1,0,0,1,1441,recording_disjoint,Recording-disjoint split,stroop,1,2,603,1,2,270,0,0.4777777777777778,0.56874999999999998,0.46812053854326752,0.55937499999999996,0.4942857506391069,0.60941828254847641,0,141,2.6595411587418023,270,160,110,0.46294007816965171,0.43824701195219123,1,0.11874999999999999,19,110
1,9,0,0,1,0,1,0,0,0.5,0,0.96218928270401594,0,1,1,6.6764498141259123,2,1,1,0,0.25,0,0,0,0,0,1494,recording_disjoint,Recording-disjoint split,stroop,1,2,270,1,2,603,0,0.23217247097844113,0.12123088588398838,0.19313347842742701,0.22694932389738404,0.72886106180557964,0.15045871559633028,152,311,8.6199498497321034,603,410,193,0.19216890362908051,0.11647727272727272,0.21243523316062177,0.24146341463414633,99,41
2,9,0,0,1,0,1,0.5,1,1,0.5,0.48569410858629553,0.66666666666666663,0,1,2.1221058790408605,2,1,1,0,1,0.5,1,0,0,1,1494,recording_disjoint,Recording-disjoint split,stroop,1,2,603,1,2,270,0,0.4777777777777778,0.56874999999999998,0.46812053854326752,0.55937499999999996,0.4942857506391069,0.60941828254847641,0,141,2.6595411587418023,270,160,110,0.46294007816965171,0.43824701195219123,1,0.11874999999999999,19,110
1,9,0,0,1,0,1,0.5,1,1,0.5,0.47308276840729302,0,1,0,1.8006249503762417,2,1,1,0,1,,0,1,1,0,1547,recording_disjoint,Recording-disjoint split,stroop,1,2,353,1,2,520,0,0.82692307692307687,0.96543237250554315,0.90453419175132377,0.59090909090909094,0.14912801145460794,0.30769230769230771,90,0,0.83546902670368484,520,410,110,0.90414850030377303,1,0.18181818181818182,1,410,20
2,9,0,0,1,0,1,0.5,1,1,0.5,0.49014076110250182,0.66666666666666663,0,1,2.3079277226717219,2,1,1,0,1,0.5,1,0,0,1,1547,recording_disjoint,Recording-disjoint split,stroop,1,2,520,1,2,353,0,0.59490084985835689,0.66959196891191708,0.70717631491489819,0.55312499999999998,0.38574285625706933,0.72967863894139884,0,143,2.1901938750190553,353,160,193,0.70573808650132908,0.57440476190476186,1,0.10625,17,193
1,10,0,0,1,0,1,0.5,1,1,0.5,0.49931048102552789,0,1,0,3.63958594114724,2,1,1,0,1,,0,1,1,0,1335,recording_disjoint,Recording-disjoint split,stroop,1,2,325,1,2,268,0,0.69029850746268662,0.77043308368609564,0.48695555634046939,0.5,0.3061661075140315,0,83,0,2.2581847456640816,268,185,83,0.47741956675672442,,0,1,185,0
2,10,0,0,1,0,1,0.5,1,1,0.5,0.38436270396941835,0.66666666666666663,0,1,1.0468924432523514,2,1,1,0,1,0.5,1,0,0,1,1335,recording_disjoint,Recording-disjoint split,stroop,1,2,268,1,2,325,0,0.7138461538461538,0.94526324408417262,0.97141249888937764,0.60593220338983045,0.23342271923633379,0.81656804733727806,0,93,0.93481611773978079,325,118,207,0.9713468096786545,0.68999999999999995,1,0.21186440677966101,25,207
1,10,0,0,1,0,1,0,0,0.5,0,0.68725769188693198,0,1,1,5.2499734055217626,2,1,1,0,0.25,0,0,0,0,0,1388,recording_disjoint,Recording-disjoint split,stroop,1,2,201,1,2,392,0,0.27806122448979592,0.13040866953910432,0.41648747494970134,0.28971145058101583,0.69866401077513218,0.10725552050473186,190,93,7.6346557296998645,392,185,207,0.41533750569045597,0.15454545454545454,0.082125603864734303,0.49729729729729732,92,17
2,10,0,0,1,0,1,0.5,1,1,0.5,0.48812335599971296,0,1,0,2.2165392618618514,2,1,1,0,1,,0,1,1,0,1388,recording_disjoint,Recording-disjoint split,stroop,1,2,392,1,2,201,0,0.58706467661691542,0.51888911578517449,0.40616673191989727,0.50178680824994892,0.3969196434859385,0.023529411764705882,82,1,1.85780271112433,201,118,83,0.39753539052337239,0.5,0.012048192771084338,0.99152542372881358,117,1
1,10,0,0,1,0,1,0,0,0.5,0,0.68725769188693198,0,1,1,5.2499734055217626,2,1,1,0,0.25,0,0,0,0,0,1441,recording_disjoint,Recording-disjoint split,stroop,1,2,201,1,2,392,0,0.27806122448979592,0.13040866953910432,0.41648747494970134,0.28971145058101583,0.69866401077513218,0.10725552050473186,190,93,7.6346557296998645,392,185,207,0.41533750569045597,0.15454545454545454,0.082125603864734303,0.49729729729729732,92,17
2,10,0,0,1,0,1,0.5,1,1,0.5,0.48812335599971296,0,1,0,2.2165392618618514,2,1,1,0,1,,0,1,1,0,1441,recording_disjoint,Recording-disjoint split,stroop,1,2,392,1,2,201,0,0.58706467661691542,0.51888911578517449,0.40616673191989727,0.50178680824994892,0.3969196434859385,0.023529411764705882,82,1,1.85780271112433,201,118,83,0.39753539052337239,0.5,0.012048192771084338,0.99152542372881358,117,1
1,10,0,0,1,0,1,0,0,0.5,0,0.68725769188693198,0,1,1,5.2499734055217626,2,1,1,0,0.25,0,0,0,0,0,1494,recording_disjoint,Recording-disjoint split,stroop,1,2,201,1,2,392,0,0.27806122448979592,0.13040866953910432,0.41648747494970134,0.28971145058101583,0.69866401077513218,0.10725552050473186,190,93,7.6346557296998645,392,185,207,0.41533750569045597,0.15454545454545454,0.082125603864734303,0.49729729729729732,92,17
2,10,0,0,1,0,1,0.5,1,1,0.5,0.48812335599971296,0,1,0,2.2165392618618514,2,1,1,0,1,,0,1,1,0,1494,recording_disjoint,Recording-disjoint split,stroop,1,2,392,1,2,201,0,0.58706467661691542,0.51888911578517449,0.40616673191989727,0.50178680824994892,0.3969196434859385,0.023529411764705882,82,1,1.85780271112433,201,118,83,0.39753539052337239,0.5,0.012048192771084338,0.99152542372881358,117,1
1,10,0,0,1,0,1,0.5,1,1,0.5,0.49931048102552789,0,1,0,3.63958594114724,2,1,1,0,1,,0,1,1,0,1547,recording_disjoint,Recording-disjoint split,stroop,1,2,325,1,2,268,0,0.69029850746268662,0.77043308368609564,0.48695555634046939,0.5,0.3061661075140315,0,83,0,2.2581847456640816,268,185,83,0.47741956675672442,,0,1,185,0
2,10,0,0,1,0,1,0.5,1,1,0.5,0.38436270396941835,0.66666666666666663,0,1,1.0468924432523514,2,1,1,0,1,0.5,1,0,0,1,1547,recording_disjoint,Recording-disjoint split,stroop,1,2,268,1,2,325,0,0.7138461538461538,0.94526324408417262,0.97141249888937764,0.60593220338983045,0.23342271923633379,0.81656804733727806,0,93,0.93481611773978079,325,118,207,0.9713468096786545,0.68999999999999995,1,0.21186440677966101,25,207
1,11,0,0,1,0,1,1,1,1,1,0.0018616273020453005,1,0,0,0.031480181073606762,2,1,1,0,1,1,1,1,1,1,1335,recording_disjoint,Recording-disjoint split,stroop,1,2,298,1,2,374,0,0.82887700534759357,0.88959646910466583,0.7435123782497608,0.81134930643127356,0.14388514945845471,0.75384615384615383,32,32,0.62910521216503756,374,244,130,0.74137327027967348,0.75384615384615383,0.75384615384615383,0.86885245901639341,212,98
2,11,0,0,1,0,1,0.5,1,1,0.5,0.49609894697996143,0.66666666666666663,0,1,2.7727578993191973,2,1,1,0,1,0.5,1,0,0,1,1335,recording_disjoint,Recording-disjoint split,stroop,1,2,374,1,2,298,0,0.62080536912751683,0.69394881607270986,0.75649751202504278,0.5,0.3712915380806775,0.76604554865424435,0,113,2.1087151918405489,298,113,185,0.75380422888532961,0.62080536912751683,1,0,0,185
1,11,0,0,1,0,1,1,1,1,1,0.006263964498756219,1,0,0,0.059352916183708179,2,1,1,0,1,1,1,1,1,1,1388,recording_disjoint,Recording-disjoint split,stroop,1,2,243,1,2,429,0,0.80186480186480191,0.89271156402303942,0.74533743588584978,0.79183650863978738,0.15278738620813553,0.75783475783475784,52,33,0.78378026741410423,429,244,185,0.74223935790383777,0.8012048192771084,0.7189189189189189,0.86475409836065575,211,133
2,11,0,0,1,0,1,0.5,1,1,0.5,0.49625591845717432,0.66666666666666663,0,1,2.7933235688213292,2,1,1,0,1,0.5,1,0,0,1,1388,recording_disjoint,Recording-disjoint split,stroop,1,2,429,1,2,243,0,0.53497942386831276,0.64751531654186512,0.69059514408940958,0.5,0.45520721656176028,0.69705093833780163,0,113,2.6043701933908365,243,113,130,0.68772860379237655,0.53497942386831276,1,0,0,130
1,11,0,0,1,0,1,1,1,1,1,0.006263964498756219,1,0,0,0.059352916183708179,2,1,1,0,1,1,1,1,1,1,1441,recording_disjoint,Recording-disjoint split,stroop,1,2,243,1,2,429,0,0.80186480186480191,0.89271156402303942,0.74533743588584978,0.79183650863978738,0.15278738620813553,0.75783475783475784,52,33,0.78378026741410423,429,244,185,0.74223935790383777,0.8012048192771084,0.7189189189189189,0.86475409836065575,211,133
2,11,0,0,1,0,1,0.5,1,1,0.5,0.49625591845717432,0.66666666666666663,0,1,2.7933235688213292,2,1,1,0,1,0.5,1,0,0,1,1441,recording_disjoint,Recording-disjoint split,stroop,1,2,429,1,2,243,0,0.53497942386831276,0.64751531654186512,0.69059514408940958,0.5,0.45520721656176028,0.69705093833780163,0,113,2.6043701933908365,243,113,130,0.68772860379237655,0.53497942386831276,1,0,0,130
1,11,0,0,1,0,1,1,1,1,1,0.006263964498756219,1,0,0,0.059352916183708179,2,1,1,0,1,1,1,1,1,1,1494,recording_disjoint,Recording-disjoint split,stroop,1,2,243,1,2,429,0,0.80186480186480191,0.89271156402303942,0.74533743588584978,0.79183650863978738,0.15278738620813553,0.75783475783475784,52,33,0.78378026741410423,429,244,185,0.74223935790383777,0.8012048192771084,0.7189189189189189,0.86475409836065575,211,133
2,11,0,0,1,0,1,0.5,1,1,0.5,0.49625591845717432,0.66666666666666663,0,1,2.7933235688213292,2,1,1,0,1,0.5,1,0,0,1,1494,recording_disjoint,Recording-disjoint split,stroop,1,2,429,1,2,243,0,0.53497942386831276,0.64751531654186512,0.69059514408940958,0.5,0.45520721656176028,0.69705093833780163,0,113,2.6043701933908365,243,113,130,0.68772860379237655,0.53497942386831276,1,0,0,130
1,11,0,0,1,0,1,1,1,1,1,0.0018616273020453005,1,0,0,0.031480181073606762,2,1,1,0,1,1,1,1,1,1,1547,recording_disjoint,Recording-disjoint split,stroop,1,2,298,1,2,374,0,0.82887700534759357,0.88959646910466583,0.7435123782497608,0.81134930643127356,0.14388514945845471,0.75384615384615383,32,32,0.62910521216503756,374,244,130,0.74137327027967348,0.75384615384615383,0.75384615384615383,0.86885245901639341,212,98
2,11,0,0,1,0,1,0.5,1,1,0.5,0.49609894697996143,0.66666666666666663,0,1,2.7727578993191973,2,1,1,0,1,0.5,1,0,0,1,1547,recording_disjoint,Recording-disjoint split,stroop,1,2,374,1,2,298,0,0.62080536912751683,0.69394881607270986,0.75649751202504278,0.5,0.3712915380806775,0.76604554865424435,0,113,2.1087151918405489,298,113,185,0.75380422888532961,0.62080536912751683,1,0,0,185
1,12,0,0,1,0,1,0.5,0,0.5,0.5,0.48658815741591277,0.66666666666666663,0,1,1.5338773373028485,2,1,1,0,0.25,0.5,1,0,0,1,1335,recording_disjoint,Recording-disjoint split,stroop,1,2,312,1,2,311,0,0.47909967845659163,0.4416130416130416,0.34127349770131654,0.50015015015015019,0.43219319565740738,0.48734177215189872,49,113,3.0635461525901375,311,185,126,0.33862552600558526,0.40526315789473683,0.61111111111111116,0.38918918918918921,72,77
2,12,0,0,1,0,1,0.5,0,0.5,0.5,0.49556973042678304,0.66666666666666663,0,1,2.7096355310055675,2,1,1,0,0.25,0.5,1,0,0,1,1335,recording_disjoint,Recording-disjoint split,stroop,1,2,311,1,2,312,0,0.60897435897435892,0.49029982363315694,0.5687142912339862,0.50406504065040647,0.36315279688759527,0.75600000000000001,0,122,2.1732635606665931,312,123,189,0.56521131392259893,0.60771704180064312,1,0.008130081300813009,1,189
1,12,0,0,1,0,1,0,0,0.5,0,0.61600879114890161,0,1,1,1.6723300282458435,2,1,1,0,0.25,0,0,0,0,0,1388,recording_disjoint,Recording-disjoint split,stroop,1,2,249,1,2,374,0,0.39304812834224601,0.34362934362934361,0.3955778218572944,0.3923780923780924,0.52966089627593604,0.43107769423558895,103,124,2.8328641756977007,374,185,189,0.39309940428960022,0.40952380952380951,0.455026455026455,0.32972972972972975,61,86
2,12,0,0,1,0,1,0.5,1,1,0.5,0.49749350161157652,0.66666666666666663,0,1,2.9944312310149486,2,1,1,0,1,0.5,1,0,0,1,1388,recording_disjoint,Recording-disjoint split,stroop,1,2,374,1,2,249,0,0.51004016064257029,0.5073557878435927,0.50392241139372529,0.50435540069686413,0.45693956674186742,0.66847826086956519,3,119,3.0179533943682291,249,123,126,0.50015768153765894,0.50826446280991733,0.97619047619047616,0.032520325203252036,4,123
1,12,0,0,1,0,1,0,0,0.5,0,0.61600879114890161,0,1,1,1.6723300282458435,2,1,1,0,0.25,0,0,0,0,0,1441,recording_disjoint,Recording-disjoint split,stroop,1,2,249,1,2,374,0,0.39304812834224601,0.34362934362934361,0.3955778218572944,0.3923780923780924,0.52966089627593604,0.43107769423558895,103,124,2.8328641756977007,374,185,189,0.39309940428960022,0.40952380952380951,0.455026455026455,0.32972972972972975,61,86
2,12,0,0,1,0,1,0.5,1,1,0.5,0.49749350161157652,0.66666666666666663,0,1,2.9944312310149486,2,1,1,0,1,0.5,1,0,0,1,1441,recording_disjoint,Recording-disjoint split,stroop,1,2,374,1,2,249,0,0.51004016064257029,0.5073557878435927,0.50392241139372529,0.50435540069686413,0.45693956674186742,0.66847826086956519,3,119,3.0179533943682291,249,123,126,0.50015768153765894,0.50826446280991733,0.97619047619047616,0.032520325203252036,4,123
1,12,0,0,1,0,1,0,0,0.5,0,0.61600879114890161,0,1,1,1.6723300282458435,2,1,1,0,0.25,0,0,0,0,0,1494,recording_disjoint,Recording-disjoint split,stroop,1,2,249,1,2,374,0,0.39304812834224601,0.34362934362934361,0.3955778218572944,0.3923780923780924,0.52966089627593604,0.43107769423558895,103,124,2.8328641756977007,374,185,189,0.39309940428960022,0.40952380952380951,0.455026455026455,0.32972972972972975,61,86
2,12,0,0,1,0,1,0.5,1,1,0.5,0.49749350161157652,0.66666666666666663,0,1,2.9944312310149486,2,1,1,0,1,0.5,1,0,0,1,1494,recording_disjoint,Recording-disjoint split,stroop,1,2,374,1,2,249,0,0.51004016064257029,0.5073557878435927,0.50392241139372529,0.50435540069686413,0.45693956674186742,0.66847826086956519,3,119,3.0179533943682291,249,123,126,0.50015768153765894,0.50826446280991733,0.97619047619047616,0.032520325203252036,4,123
1,12,0,0,1,0,1,0.5,0,0.5,0.5,0.48658815741591277,0.66666666666666663,0,1,1.5338773373028485,2,1,1,0,0.25,0.5,1,0,0,1,1547,recording_disjoint,Recording-disjoint split,stroop,1,2,312,1,2,311,0,0.47909967845659163,0.4416130416130416,0.34127349770131654,0.50015015015015019,0.43219319565740738,0.48734177215189872,49,113,3.0635461525901375,311,185,126,0.33862552600558526,0.40526315789473683,0.61111111111111116,0.38918918918918921,72,77
2,12,0,0,1,0,1,0.5,0,0.5,0.5,0.49556973042678304,0.66666666666666663,0,1,2.7096355310055675,2,1,1,0,0.25,0.5,1,0,0,1,1547,recording_disjoint,Recording-disjoint split,stroop,1,2,311,1,2,312,0,0.60897435897435892,0.49029982363315694,0.5687142912339862,0.50406504065040647,0.36315279688759527,0.75600000000000001,0,122,2.1732635606665931,312,123,189,0.56521131392259893,0.60771704180064312,1,0.008130081300813009,1,189
1,13,0,0,1,0,1,0,0,0.5,0,0.81475009096884787,0,1,1,3.8386444696722033,2,1,1,0,0.25,0,0,0,0,0,1335,recording_disjoint,Recording-disjoint split,stroop,1,2,271,1,2,302,0,0.17218543046357615,0.11648451730418942,0.25132424087591704,0.18274134790528232,0.75560650815641139,0.18831168831168832,93,157,4.8166384477121369,302,180,122,0.2491913442562361,0.15591397849462366,0.23770491803278687,0.12777777777777777,23,29
2,13,0,0,1,0,1,0.5,1,1,0.5,0.49999804351672922,0.66666666666666663,0,1,6.5721809300642695,2,1,1,0,1,0.5,1,0,0,1,1335,recording_disjoint,Recording-disjoint split,stroop,1,2,302,1,2,271,0,0.66420664206642066,0.52603785103785106,0.64218005456872218,0.5,0.33365563607331183,0.79822616407982261,0,91,4.4159123952573447,271,91,180,0.63894904788025375,0.66420664206642066,1,0,0,180
1,13,0,0,1,0,1,0.5,0,0.5,0.5,0.50050688362900553,0.66666666666666663,0,1,5.629040963972832,2,1,1,0,0.25,0.5,1,0,0,1,1388,recording_disjoint,Recording-disjoint split,stroop,1,2,213,1,2,360,0,0.3611111111111111,0.16021604938271605,0.33439981377212624,0.3611111111111111,0.62434385454300023,0.53061224489795922,50,180,6.4101582508651314,360,180,180,0.33261221083913267,0.41935483870967744,0.72222222222222221,0,0,130
2,13,0,0,1,0,1,0.5,0,0.5,0.5,0.49970053194885727,0.66666666666666663,0,1,3.8207269895048115,2,1,1,0,0.25,0.5,1,0,0,1,1388,recording_disjoint,Recording-disjoint split,stroop,1,2,360,1,2,213,0,0.54460093896713613,0.35804359574851374,0.46501598330542993,0.48518284993694827,0.41586799889426562,0.69206349206349205,13,84,3.4606483703590527,213,91,122,0.46141918362632262,0.56476683937823835,0.89344262295081966,0.076923076923076927,7,109
1,13,0,0,1,0,1,0.5,0,0.5,0.5,0.50050688362900553,0.66666666666666663,0,1,5.629040963972832,2,1,1,0,0.25,0.5,1,0,0,1,1441,recording_disjoint,Recording-disjoint split,stroop,1,2,213,1,2,360,0,0.3611111111111111,0.16021604938271605,0.33439981377212624,0.3611111111111111,0.62434385454300023,0.53061224489795922,50,180,6.4101582508651314,360,180,180,0.33261221083913267,0.41935483870967744,0.72222222222222221,0,0,130
2,13,0,0,1,0,1,0.5,0,0.5,0.5,0.49970053194885727,0.66666666666666663,0,1,3.8207269895048115,2,1,1,0,0.25,0.5,1,0,0,1,1441,recording_disjoint,Recording-disjoint split,stroop,1,2,360,1,2,213,0,0.54460093896713613,0.35804359574851374,0.46501598330542993,0.48518284993694827,0.41586799889426562,0.69206349206349205,13,84,3.4606483703590527,213,91,122,0.46141918362632262,0.56476683937823835,0.89344262295081966,0.076923076923076927,7,109
1,13,0,0,1,0,1,0.5,0,0.5,0.5,0.50050688362900553,0.66666666666666663,0,1,5.629040963972832,2,1,1,0,0.25,0.5,1,0,0,1,1494,recording_disjoint,Recording-disjoint split,stroop,1,2,213,1,2,360,0,0.3611111111111111,0.16021604938271605,0.33439981377212624,0.3611111111111111,0.62434385454300023,0.53061224489795922,50,180,6.4101582508651314,360,180,180,0.33261221083913267,0.41935483870967744,0.72222222222222221,0,0,130
2,13,0,0,1,0,1,0.5,0,0.5,0.5,0.49970053194885727,0.66666666666666663,0,1,3.8207269895048115,2,1,1,0,0.25,0.5,1,0,0,1,1494,recording_disjoint,Recording-disjoint split,stroop,1,2,360,1,2,213,0,0.54460093896713613,0.35804359574851374,0.46501598330542993,0.48518284993694827,0.41586799889426562,0.69206349206349205,13,84,3.4606483703590527,213,91,122,0.46141918362632262,0.56476683937823835,0.89344262295081966,0.076923076923076927,7,109
1,13,0,0,1,0,1,0,0,0.5,0,0.81475009096884787,0,1,1,3.8386444696722033,2,1,1,0,0.25,0,0,0,0,0,1547,recording_disjoint,Recording-disjoint split,stroop,1,2,271,1,2,302,0,0.17218543046357615,0.11648451730418942,0.25132424087591704,0.18274134790528232,0.75560650815641139,0.18831168831168832,93,157,4.8166384477121369,302,180,122,0.2491913442562361,0.15591397849462366,0.23770491803278687,0.12777777777777777,23,29
2,13,0,0,1,0,1,0.5,1,1,0.5,0.49999804351672922,0.66666666666666663,0,1,6.5721809300642695,2,1,1,0,1,0.5,1,0,0,1,1547,recording_disjoint,Recording-disjoint split,stroop,1,2,302,1,2,271,0,0.66420664206642066,0.52603785103785106,0.64218005456872218,0.5,0.33365563607331183,0.79822616407982261,0,91,4.4159123952573447,271,91,180,0.63894904788025375,0.66420664206642066,1,0,0,180
