correct,fold,held_out_subject,p0,p1,pred_label,recording_id,split_seed,strategy,strategy_display,task,true_label,validation_windows_from_recording
1,1,1,0.63730317307629614,0.36269682692370392,0,arithmetic:s01:r0,,participant_disjoint,Participant-disjoint split,arithmetic,0,157
0,1,1,0.44215928170410945,0.55784071829589055,1,arithmetic:s01:r1,,participant_disjoint,Participant-disjoint split,arithmetic,0,152
1,1,1,0.41726524673982274,0.58273475326017732,1,arithmetic:s01:r2,,participant_disjoint,Participant-disjoint split,arithmetic,1,169
1,1,1,0.16540567275872919,0.83459432724127081,1,arithmetic:s01:r3,,participant_disjoint,Participant-disjoint split,arithmetic,1,218
0,2,2,0.0066335821593614102,0.9933664178406385,1,arithmetic:s02:r0,,participant_disjoint,Participant-disjoint split,arithmetic,0,450
0,2,2,0.017873285948975543,0.98212671405102447,1,arithmetic:s02:r1,,participant_disjoint,Participant-disjoint split,arithmetic,0,132
1,2,2,0.012017496558736804,0.98798250344126326,1,arithmetic:s02:r2,,participant_disjoint,Participant-disjoint split,arithmetic,1,136
1,2,2,0.011564932422996112,0.98843506757700395,1,arithmetic:s02:r3,,participant_disjoint,Participant-disjoint split,arithmetic,1,270
1,3,3,0.9847729937019104,0.01522700629808953,0,arithmetic:s03:r0,,participant_disjoint,Participant-disjoint split,arithmetic,0,181
0,3,3,0.28543972820433444,0.71456027179566561,1,arithmetic:s03:r1,,participant_disjoint,Participant-disjoint split,arithmetic,0,91
1,3,3,0.064660120290991094,0.935339879709009,1,arithmetic:s03:r2,,participant_disjoint,Participant-disjoint split,arithmetic,1,137
1,3,3,0.21584988069208486,0.78415011930791512,1,arithmetic:s03:r3,,participant_disjoint,Participant-disjoint split,arithmetic,1,160
0,4,4,0.016983587284612151,0.98301641271538787,1,arithmetic:s04:r0,,participant_disjoint,Participant-disjoint split,arithmetic,0,116
0,4,4,0.11742071551278152,0.88257928448721845,1,arithmetic:s04:r1,,participant_disjoint,Participant-disjoint split,arithmetic,0,119
1,4,4,0.098125135368686028,0.90187486463131405,1,arithmetic:s04:r2,,participant_disjoint,Participant-disjoint split,arithmetic,1,210
1,4,4,0.061234156006506113,0.93876584399349383,1,arithmetic:s04:r3,,participant_disjoint,Participant-disjoint split,arithmetic,1,221
1,5,5,0.9917278935626842,0.0082721064373157648,0,arithmetic:s05:r0,,participant_disjoint,Participant-disjoint split,arithmetic,0,244
1,5,5,0.84564929758276886,0.15435070241723112,0,arithmetic:s05:r1,,participant_disjoint,Participant-disjoint split,arithmetic,0,153
0,5,5,0.88583657409534333,0.1141634259046566,0,arithmetic:s05:r2,,participant_disjoint,Participant-disjoint split,arithmetic,1,198
0,5,5,0.65542357413340646,0.34457642586659348,0,arithmetic:s05:r3,,participant_disjoint,Participant-disjoint split,arithmetic,1,232
1,6,6,0.99996977429526224,3.022570473778186e-05,0,arithmetic:s06:r0,,participant_disjoint,Participant-disjoint split,arithmetic,0,150
1,6,6,0.99911076963567347,0.00088923036432656585,0,arithmetic:s06:r1,,participant_disjoint,Participant-disjoint split,arithmetic,0,119
0,6,6,0.99987084723695929,0.00012915276304069565,0,arithmetic:s06:r2,,participant_disjoint,Participant-disjoint split,arithmetic,1,130
0,6,6,0.99974996434589802,0.00025003565410204739,0,arithmetic:s06:r3,,participant_disjoint,Participant-disjoint split,arithmetic,1,191
1,7,7,0.97268166836125924,0.02731833163874086,0,arithmetic:s07:r0,,participant_disjoint,Participant-disjoint split,arithmetic,0,169
1,7,7,0.96499929948261531,0.035000700517384652,0,arithmetic:s07:r1,,participant_disjoint,Participant-disjoint split,arithmetic,0,36
0,7,7,0.98770106777367295,0.012298932226327042,0,arithmetic:s07:r2,,participant_disjoint,Participant-disjoint split,arithmetic,1,46
0,7,7,0.75450126819279217,0.24549873180720785,0,arithmetic:s07:r3,,participant_disjoint,Participant-disjoint split,arithmetic,1,102
0,8,8,0.14990853494080589,0.8500914650591942,1,arithmetic:s08:r0,,participant_disjoint,Participant-disjoint split,arithmetic,0,190
0,8,8,0.14520225805797829,0.85479774194202163,1,arithmetic:s08:r1,,participant_disjoint,Participant-disjoint split,arithmetic,0,278
1,8,8,0.074802008755931806,0.9251979912440681,1,arithmetic:s08:r2,,participant_disjoint,Participant-disjoint split,arithmetic,1,259
1,8,8,0.050636642347715102,0.94936335765228486,1,arithmetic:s08:r3,,participant_disjoint,Participant-disjoint split,arithmetic,1,311
1,9,9,0.99817878572144325,0.0018212142785566717,0,arithmetic:s09:r0,,participant_disjoint,Participant-disjoint split,arithmetic,0,410
1,9,9,0.89122436911298386,0.10877563088701617,0,arithmetic:s09:r1,,participant_disjoint,Participant-disjoint split,arithmetic,0,121
0,9,9,0.84065625659799303,0.15934374340200702,0,arithmetic:s09:r2,,participant_disjoint,Participant-disjoint split,arithmetic,1,122
0,9,9,0.94056374934797826,0.059436250652021683,0,arithmetic:s09:r3,,participant_disjoint,Participant-disjoint split,arithmetic,1,426
1,10,10,0.95444851272594355,0.045551487274056321,0,arithmetic:s10:r0,,participant_disjoint,Participant-disjoint split,arithmetic,0,185
0,10,10,0.42950475588557457,0.57049524411442532,1,arithmetic:s10:r1,,participant_disjoint,Participant-disjoint split,arithmetic,0,96
1,10,10,0.37990812658445045,0.62009187341554961,1,arithmetic:s10:r2,,participant_disjoint,Participant-disjoint split,arithmetic,1,112
0,10,10,0.51833166996219104,0.4816683300378089,0,arithmetic:s10:r3,,participant_disjoint,Participant-disjoint split,arithmetic,1,145
1,11,11,0.74421786983018512,0.25578213016981488,0,arithmetic:s11:r0,,participant_disjoint,Participant-disjoint split,arithmetic,0,244
0,11,11,0.22182794364185876,0.77817205635814124,1,arithmetic:s11:r1,,participant_disjoint,Participant-disjoint split,arithmetic,0,155
1,11,11,0.17997218842851642,0.82002781157148363,1,arithmetic:s11:r2,,participant_disjoint,Participant-disjoint split,arithmetic,1,162
1,11,11,0.21323457810269447,0.78676542189730547,1,arithmetic:s11:r3,,participant_disjoint,Participant-disjoint split,arithmetic,1,211
0,12,12,0.45774836791768603,0.54225163208231397,1,arithmetic:s12:r0,,participant_disjoint,Participant-disjoint split,arithmetic,0,185
0,12,12,0.076573794298349832,0.92342620570165013,1,arithmetic:s12:r1,,participant_disjoint,Participant-disjoint split,arithmetic,0,116
1,12,12,0.081277048867388513,0.91872295113261149,1,arithmetic:s12:r2,,participant_disjoint,Participant-disjoint split,arithmetic,1,135
1,12,12,0.074274832651473915,0.92572516734852606,1,arithmetic:s12:r3,,participant_disjoint,Participant-disjoint split,arithmetic,1,219
1,13,13,0.98888189103636981,0.011118108963630172,0,arithmetic:s13:r0,,participant_disjoint,Participant-disjoint split,arithmetic,0,180
0,13,13,0.27543204848999797,0.72456795151000197,1,arithmetic:s13:r1,,participant_disjoint,Participant-disjoint split,arithmetic,0,142
1,13,13,0.18322146128010863,0.81677853871989137,1,arithmetic:s13:r2,,participant_disjoint,Participant-disjoint split,arithmetic,1,145
1,13,13,0.1379334889998457,0.8620665110001543,1,arithmetic:s13:r3,,participant_disjoint,Participant-disjoint split,arithmetic,1,203
1,14,14,0.94676470860735296,0.053235291392647072,0,arithmetic:s14:r0,,participant_disjoint,Participant-disjoint split,arithmetic,0,155
0,14,14,0.04151136554818232,0.95848863445181776,1,arithmetic:s14:r1,,participant_disjoint,Participant-disjoint split,arithmetic,0,114
1,14,14,0.046661126853350367,0.95333887314664967,1,arithmetic:s14:r2,,participant_disjoint,Participant-disjoint split,arithmetic,1,155
1,14,14,0.061237654542948397,0.93876234545705162,1,arithmetic:s14:r3,,participant_disjoint,Participant-disjoint split,arithmetic,1,170
0,15,15,0.11179215861762504,0.88820784138237496,1,arithmetic:s15:r0,,participant_disjoint,Participant-disjoint split,arithmetic,0,165
0,15,15,0.0009267733918813635,0.99907322660811859,1,arithmetic:s15:r1,,participant_disjoint,Participant-disjoint split,arithmetic,0,184
1,15,15,0.0016094125097404126,0.99839058749025955,1,arithmetic:s15:r2,,participant_disjoint,Participant-disjoint split,arithmetic,1,130
1,15,15,0.00045140981132716404,0.99954859018867281,1,arithmetic:s15:r3,,participant_disjoint,Participant-disjoint split,arithmetic,1,248
1,1,1,0.99999950978879804,4.9021120192090508e-07,0,arithmetic:s01:r0,1335,random_window,Random-window split,arithmetic,0,21
1,1,1,0.97272441212098404,0.027275587879015902,0,arithmetic:s01:r1,1335,random_window,Random-window split,arithmetic,0,16
1,1,1,0.047830803051121695,0.95216919694887825,1,arithmetic:s01:r2,1335,random_window,Random-window split,arithmetic,1,18
1,1,1,0.0010897862172361272,0.9989102137827639,1,arithmetic:s01:r3,1335,random_window,Random-window split,arithmetic,1,29
1,2,1,0.99998709615879933,1.2903841200698237e-05,0,arithmetic:s01:r0,1335,random_window,Random-window split,arithmetic,0,22
1,2,1,0.97880778106947275,0.021192218930527248,0,arithmetic:s01:r1,1335,random_window,Random-window split,arithmetic,0,15
1,2,1,0.018227200060200691,0.98177279993979927,1,arithmetic:s01:r2,1335,random_window,Random-window split,arithmetic,1,25
1,2,1,0.0034580764607312301,0.99654192353926874,1,arithmetic:s01:r3,1335,random_window,Random-window split,arithmetic,1,22
1,1,1,0.99999319037570489,6.809624295106011e-06,0,arithmetic:s01:r0,1388,random_window,Random-window split,arithmetic,0,19
1,1,1,0.96088408088637201,0.039115919113628057,0,arithmetic:s01:r1,1388,random_window,Random-window split,arithmetic,0,18
1,1,1,0.013154400264214364,0.98684559973578567,1,arithmetic:s01:r2,1388,random_window,Random-window split,arithmetic,1,26
1,1,1,0.0059973843496400562,0.99400261565035997,1,arithmetic:s01:r3,1388,random_window,Random-window split,arithmetic,1,21
1,2,1,0.99999559631312884,4.4036868711696592e-06,0,arithmetic:s01:r0,1388,random_window,Random-window split,arithmetic,0,18
1,2,1,0.97873189363368396,0.021268106366315993,0,arithmetic:s01:r1,1388,random_window,Random-window split,arithmetic,0,19
1,2,1,0.022413681662775641,0.97758631833722442,1,arithmetic:s01:r2,1388,random_window,Random-window split,arithmetic,1,19
1,2,1,0.0023579926436779574,0.99764200735632202,1,arithmetic:s01:r3,1388,random_window,Random-window split,arithmetic,1,28
1,1,1,0.99999962425908995,3.7574091004627052e-07,0,arithmetic:s01:r0,1441,random_window,Random-window split,arithmetic,0,20
1,1,1,0.94753162346118036,0.052468376538819625,0,arithmetic:s01:r1,1441,random_window,Random-window split,arithmetic,0,17
1,1,1,0.049124327978301727,0.9508756720216982,1,arithmetic:s01:r2,1441,random_window,Random-window split,arithmetic,1,14
1,1,1,0.0053374463289667731,0.99466255367103329,1,arithmetic:s01:r3,1441,random_window,Random-window split,arithmetic,1,33
1,2,1,0.99999947054445526,5.2945554473745723e-07,0,arithmetic:s01:r0,1441,random_window,Random-window split,arithmetic,0,18
1,2,1,0.92389535961134972,0.076104640388650363,0,arithmetic:s01:r1,1441,random_window,Random-window split,arithmetic,0,19
1,2,1,0.043116477497446092,0.95688352250255393,1,arithmetic:s01:r2,1441,random_window,Random-window split,arithmetic,1,16
1,2,1,0.0034165436937012208,0.99658345630629874,1,arithmetic:s01:r3,1441,random_window,Random-window split,arithmetic,1,31
1,1,1,0.99999902080831726,9.7919168264883294e-07,0,arithmetic:s01:r0,1494,random_window,Random-window split,arithmetic,0,19
1,1,1,0.9887157891785251,0.011284210821474929,0,arithmetic:s01:r1,1494,random_window,Random-window split,arithmetic,0,18
1,1,1,0.034783513627157057,0.96521648637284296,1,arithmetic:s01:r2,1494,random_window,Random-window split,arithmetic,1,22
1,1,1,0.0052195730534309696,0.9947804269465691,1,arithmetic:s01:r3,1494,random_window,Random-window split,arithmetic,1,25
1,2,1,0.99999867912804741,1.3208719525897774e-06,0,arithmetic:s01:r0,1494,random_window,Random-window split,arithmetic,0,15
1,2,1,0.97910272656306718,0.020897273436932869,0,arithmetic:s01:r1,1494,random_window,Random-window split,arithmetic,0,22
1,2,1,0.014610200236693032,0.98538979976330687,1,arithmetic:s01:r2,1494,random_window,Random-window split,arithmetic,1,19
1,2,1,0.0014994085947677535,0.99850059140523217,1,arithmetic:s01:r3,1494,random_window,Random-window split,arithmetic,1,28
1,1,1,0.99999983719113827,1.6280886173038522e-07,0,arithmetic:s01:r0,1547,random_window,Random-window split,arithmetic,0,15
1,1,1,0.96893234942913342,0.03106765057086661,0,arithmetic:s01:r1,1547,random_window,Random-window split,arithmetic,0,22
1,1,1,0.012554170611640197,0.98744582938835979,1,arithmetic:s01:r2,1547,random_window,Random-window split,arithmetic,1,23
1,1,1,0.0028834108423708661,0.99711658915762913,1,arithmetic:s01:r3,1547,random_window,Random-window split,arithmetic,1,24
1,2,1,0.99996152433947694,3.8475660523102976e-05,0,arithmetic:s01:r0,1547,random_window,Random-window split,arithmetic,0,23
1,2,1,0.94278146877055324,0.057218531229446708,0,arithmetic:s01:r1,1547,random_window,Random-window split,arithmetic,0,14
1,2,1,0.024734709819131537,0.97526529018086849,1,arithmetic:s01:r2,1547,random_window,Random-window split,arithmetic,1,21
1,2,1,0.0037667630302123905,0.99623323696978761,1,arithmetic:s01:r3,1547,random_window,Random-window split,arithmetic,1,26
1,1,2,0.99993244047553276,6.7559524467268492e-05,0,arithmetic:s02:r0,1335,random_window,Random-window split,arithmetic,0,53
1,1,2,0.95835687601878605,0.041643123981213941,0,arithmetic:s02:r1,1335,random_window,Random-window split,arithmetic,0,17
1,1,2,0.01306874346860403,0.98693125653139602,1,arithmetic:s02:r2,1335,random_window,Random-window split,arithmetic,1,17
1,1,2,6.8915850698249244e-05,0.99993108414930176,1,arithmetic:s02:r3,1335,random_window,Random-window split,arithmetic,1,32
1,2,2,0.99996289001826533,3.7109981734598875e-05,0,arithmetic:s02:r0,1335,random_window,Random-window split,arithmetic,0,60
1,2,2,0.95274186293265051,0.047258137067349479,0,arithmetic:s02:r1,1335,random_window,Random-window split,arithmetic,0,10
1,2,2,0.007733721104749746,0.99226627889525032,1,arithmetic:s02:r2,1335,random_window,Random-window split,arithmetic,1,14
1,2,2,0.00014725710133274743,0.99985274289866721,1,arithmetic:s02:r3,1335,random_window,Random-window split,arithmetic,1,35
1,1,2,0.99995054770417868,4.945229582138229e-05,0,arithmetic:s02:r0,1388,random_window,Random-window split,arithmetic,0,58
1,1,2,0.9295152235070322,0.070484776492967791,0,arithmetic:s02:r1,1388,random_window,Random-window split,arithmetic,0,12
1,1,2,0.060729501156074589,0.93927049884392544,1,arithmetic:s02:r2,1388,random_window,Random-window split,arithmetic,1,12
1,1,2,0.00025107396587025605,0.99974892603412979,1,arithmetic:s02:r3,1388,random_window,Random-window split,arithmetic,1,37
1,2,2,0.9999778239917767,2.2176008223195283e-05,0,arithmetic:s02:r0,1388,random_window,Random-window split,arithmetic,0,56
1,2,2,0.98839492100495774,0.011605078995042237,0,arithmetic:s02:r1,1388,random_window,Random-window split,arithmetic,0,14
1,2,2,0.017762520172536711,0.98223747982746323,1,arithmetic:s02:r2,1388,random_window,Random-window split,arithmetic,1,16
1,2,2,0.00023952698100175913,0.99976047301899817,1,arithmetic:s02:r3,1388,random_window,Random-window split,arithmetic,1,33
1,1,2,0.99993173350770248,6.8266492297491441e-05,0,arithmetic:s02:r0,1441,random_window,Random-window split,arithmetic,0,56
1,1,2,0.90726899303037145,0.092731006969628577,0,arithmetic:s02:r1,1441,random_window,Random-window split,arithmetic,0,14
1,1,2,0.012383318121708181,0.98761668187829177,1,arithmetic:s02:r2,1441,random_window,Random-window split,arithmetic,1,17
1,1,2,0.00019541372802536259,0.99980458627197466,1,arithmetic:s02:r3,1441,random_window,Random-window split,arithmetic,1,32
1,2,2,0.99995900315397113,4.0996846028889718e-05,0,arithmetic:s02:r0,1441,random_window,Random-window split,arithmetic,0,58
1,2,2,0.95135525935362197,0.04864474064637795,0,arithmetic:s02:r1,1441,random_window,Random-window split,arithmetic,0,12
1,2,2,0.016290112582709217,0.98370988741729082,1,arithmetic:s02:r2,1441,random_window,Random-window split,arithmetic,1,16
1,2,2,0.00030080284660933952,0.99969919715339062,1,arithmetic:s02:r3,1441,random_window,Random-window split,arithmetic,1,33
1,1,2,0.99996072618550447,3.9273814495494252e-05,0,arithmetic:s02:r0,1494,random_window,Random-window split,arithmetic,0,57
1,1,2,0.94015865439531066,0.05984134560468924,0,arithmetic:s02:r1,1494,random_window,Random-window split,arithmetic,0,13
1,1,2,0.016831858564501735,0.98316814143549824,1,arithmetic:s02:r2,1494,random_window,Random-window split,arithmetic,1,19
1,1,2,5.661675569113677e-05,0.99994338324430876,1,arithmetic:s02:r3,1494,random_window,Random-window split,arithmetic,1,30
1,2,2,0.99995461655465812,4.5383445341885299e-05,0,arithmetic:s02:r0,1494,random_window,Random-window split,arithmetic,0,53
1,2,2,0.96544346340825915,0.034556536591740898,0,arithmetic:s02:r1,1494,random_window,Random-window split,arithmetic,0,17
1,2,2,0.01278589543595369,0.98721410456404635,1,arithmetic:s02:r2,1494,random_window,Random-window split,arithmetic,1,17
1,2,2,0.00012473209919870357,0.99987526790080139,1,arithmetic:s02:r3,1494,random_window,Random-window split,arithmetic,1,32
1,1,2,0.99997513517929904,2.4864820700970594e-05,0,arithmetic:s02:r0,1547,random_window,Random-window split,arithmetic,0,54
1,1,2,0.96980651325442202,0.030193486745578021,0,arithmetic:s02:r1,1547,random_window,Random-window split,arithmetic,0,16
1,1,2,0.014458691139876387,0.98554130886012359,1,arithmetic:s02:r2,1547,random_window,Random-window split,arithmetic,1,22
1,1,2,0.00017195901712201066,0.99982804098287792,1,arithmetic:s02:r3,1547,random_window,Random-window split,arithmetic,1,27
1,2,2,0.99994564535151542,5.4354648484618023e-05,0,arithmetic:s02:r0,1547,random_window,Random-window split,arithmetic,0,54
1,2,2,0.97609766696665368,0.023902333033346299,0,arithmetic:s02:r1,1547,random_window,Random-window split,arithmetic,0,16
1,2,2,0.025215492303124871,0.97478450769687508,1,arithmetic:s02:r2,1547,random_window,Random-window split,arithmetic,1,18
1,2,2,0.0001142995540393114,0.9998857004459607,1,arithmetic:s02:r3,1547,random_window,Random-window split,arithmetic,1,31
1,1,3,0.99995450988624868,4.5490113751283119e-05,0,arithmetic:s03:r0,1335,random_window,Random-window split,arithmetic,0,23
1,1,3,0.98388383722719908,0.016116162772800886,0,arithmetic:s03:r1,1335,random_window,Random-window split,arithmetic,0,10
1,1,3,0.0004920893656638239,0.99950791063433619,1,arithmetic:s03:r2,1335,random_window,Random-window split,arithmetic,1,24
1,1,3,0.0050462318999031971,0.99495376810009672,1,arithmetic:s03:r3,1335,random_window,Random-window split,arithmetic,1,12
1,2,3,0.99995529517247317,4.4704827526865654e-05,0,arithmetic:s03:r0,1335,random_window,Random-window split,arithmetic,0,23
1,2,3,0.98517982366959078,0.014820176330409279,0,arithmetic:s03:r1,1335,random_window,Random-window split,arithmetic,0,10
1,2,3,0.00033029505831831939,0.99966970494168161,1,arithmetic:s03:r2,1335,random_window,Random-window split,arithmetic,1,20
1,2,3,0.013816522417277389,0.98618347758272262,1,arithmetic:s03:r3,1335,random_window,Random-window split,arithmetic,1,16
1,1,3,0.9998092304209677,0.00019076957903224492,0,arithmetic:s03:r0,1388,random_window,Random-window split,arithmetic,0,23
1,1,3,0.93096141022817902,0.069038589771820952,0,arithmetic:s03:r1,1388,random_window,Random-window split,arithmetic,0,10
1,1,3,0.00074759632180726107,0.99925240367819279,1,arithmetic:s03:r2,1388,random_window,Random-window split,arithmetic,1,15
1,1,3,0.0044675490746803707,0.99553245092531961,1,arithmetic:s03:r3,1388,random_window,Random-window split,arithmetic,1,21
1,2,3,0.99987964712480548,0.00012035287519446188,0,arithmetic:s03:r0,1388,random_window,Random-window split,arithmetic,0,27
1,2,3,0.98701556512731603,0.012984434872683881,0,arithmetic:s03:r1,1388,random_window,Random-window split,arithmetic,0,6
1,2,3,0.00045699773230867697,0.99954300226769133,1,arithmetic:s03:r2,1388,random_window,Random-window split,arithmetic,1,12
1,2,3,0.0091635620083471078,0.990836437991653,1,arithmetic:s03:r3,1388,random_window,Random-window split,arithmetic,1,24
1,1,3,0.9998693547948323,0.00013064520516761381,0,arithmetic:s03:r0,1441,random_window,Random-window split,arithmetic,0,22
1,1,3,0.98342568258244445,0.016574317417555634,0,arithmetic:s03:r1,1441,random_window,Random-window split,arithmetic,0,11
1,1,3,0.0012022388715080498,0.99879776112849195,1,arithmetic:s03:r2,1441,random_window,Random-window split,arithmetic,1,12
1,1,3,0.0037980338150851809,0.99620196618491486,1,arithmetic:s03:r3,1441,random_window,Random-window split,arithmetic,1,24
1,2,3,0.9997069498667337,0.00029305013326639417,0,arithmetic:s03:r0,1441,random_window,Random-window split,arithmetic,0,27
1,2,3,0.9427329190475553,0.057267080952444732,0,arithmetic:s03:r1,1441,random_window,Random-window split,arithmetic,0,6
1,2,3,0.0003381891368798998,0.99966181086312011,1,arithmetic:s03:r2,1441,random_window,Random-window split,arithmetic,1,20
1,2,3,0.0037689422191057955,0.99623105778089427,1,arithmetic:s03:r3,1441,random_window,Random-window split,arithmetic,1,16
1,1,3,0.99970644847200951,0.00029355152799044213,0,arithmetic:s03:r0,1494,random_window,Random-window split,arithmetic,0,25
1,1,3,0.99297963692068247,0.0070203630793175273,0,arithmetic:s03:r1,1494,random_window,Random-window split,arithmetic,0,8
1,1,3,0.00047958493061497356,0.99952041506938505,1,arithmetic:s03:r2,1494,random_window,Random-window split,arithmetic,1,20
1,1,3,0.014721706918639494,0.9852782930813605,1,arithmetic:s03:r3,1494,random_window,Random-window split,arithmetic,1,16
1,2,3,0.99976000155388045,0.00023999844611956124,0,arithmetic:s03:r0,1494,random_window,Random-window split,arithmetic,0,23
1,2,3,0.99513828273915461,0.0048617172608453165,0,arithmetic:s03:r1,1494,random_window,Random-window split,arithmetic,0,10
1,2,3,0.00033103748163715438,0.9996689625183629,1,arithmetic:s03:r2,1494,random_window,Random-window split,arithmetic,1,15
1,2,3,0.0071933235223629721,0.99280667647763698,1,arithmetic:s03:r3,1494,random_window,Random-window split,arithmetic,1,21
1,1,3,0.99984127379240295,0.00015872620759704346,0,arithmetic:s03:r0,1547,random_window,Random-window split,arithmetic,0,18
1,1,3,0.96881720287549922,0.031182797124500807,0,arithmetic:s03:r1,1547,random_window,Random-window split,arithmetic,0,15
1,1,3,0.00048963336480644043,0.99951036663519355,1,arithmetic:s03:r2,1547,random_window,Random-window split,arithmetic,1,18
1,1,3,0.0033099239502574346,0.99669007604974258,1,arithmetic:s03:r3,1547,random_window,Random-window split,arithmetic,1,18
1,2,3,0.99990157535598401,9.8424644015979791e-05,0,arithmetic:s03:r0,1547,random_window,Random-window split,arithmetic,0,18
1,2,3,0.98937819352899314,0.010621806471006801,0,arithmetic:s03:r1,1547,random_window,Random-window split,arithmetic,0,15
1,2,3,0.00041486045587955115,0.99958513954412043,1,arithmetic:s03:r2,1547,random_window,Random-window split,arithmetic,1,13
1,2,3,0.0093713893353908097,0.99062861066460917,1,arithmetic:s03:r3,1547,random_window,Random-window split,arithmetic,1,23
1,1,4,0.99978410740127477,0.00021589259872521719,0,arithmetic:s04:r0,1335,random_window,Random-window split,arithmetic,0,17
1,1,4,0.99980986250056292,0.00019013749943712168,0,arithmetic:s04:r1,1335,random_window,Random-window split,arithmetic,0,11
1,1,4,5.5211307878761599e-05,0.99994478869212133,1,arithmetic:s04:r2,1335,random_window,Random-window split,arithmetic,1,29
1,1,4,5.6746628215651031e-05,0.99994325337178425,1,arithmetic:s04:r3,1335,random_window,Random-window split,arithmetic,1,23
1,2,4,0.99949262529937488,0.00050737470062508139,0,arithmetic:s04:r0,1335,random_window,Random-window split,arithmetic,0,15
1,2,4,0.99993424951520882,6.5750484791171805e-05,0,arithmetic:s04:r1,1335,random_window,Random-window split,arithmetic,0,13
1,2,4,5.3328308354228207e-05,0.99994667169164575,1,arithmetic:s04:r2,1335,random_window,Random-window split,arithmetic,1,27
1,2,4,6.8385927155319021e-05,0.9999316140728447,1,arithmetic:s04:r3,1335,random_window,Random-window split,arithmetic,1,25
1,1,4,0.99950360710580821,0.00049639289419172448,0,arithmetic:s04:r0,1388,random_window,Random-window split,arithmetic,0,16
1,1,4,0.99990203804741007,9.7961952589898217e-05,0,arithmetic:s04:r1,1388,random_window,Random-window split,arithmetic,0,12
1,1,4,0.00011665337904776375,0.99988334662095224,1,arithmetic:s04:r2,1388,random_window,Random-window split,arithmetic,1,20
1,1,4,2.0646961095970639e-05,0.99997935303890406,1,arithmetic:s04:r3,1388,random_window,Random-window split,arithmetic,1,32
1,2,4,0.99979591209223484,0.00020408790776513936,0,arithmetic:s04:r0,1388,random_window,Random-window split,arithmetic,0,11
1,2,4,0.99995906794262057,4.0932057379389408e-05,0,arithmetic:s04:r1,1388,random_window,Random-window split,arithmetic,0,17
1,2,4,2.2404094730620806e-05,0.99997759590526936,1,arithmetic:s04:r2,1388,random_window,Random-window split,arithmetic,1,26
1,2,4,1.9782874058987929e-05,0.99998021712594098,1,arithmetic:s04:r3,1388,random_window,Random-window split,arithmetic,1,26
1,1,4,0.99976477203112968,0.00023522796887027209,0,arithmetic:s04:r0,1441,random_window,Random-window split,arithmetic,0,14
1,1,4,0.99989602128622468,0.00010397871377536833,0,arithmetic:s04:r1,1441,random_window,Random-window split,arithmetic,0,14
1,1,4,4.6374355668841906e-05,0.9999536256443311,1,arithmetic:s04:r2,1441,random_window,Random-window split,arithmetic,1,22
1,1,4,4.9883422358753362e-05,0.99995011657764132,1,arithmetic:s04:r3,1441,random_window,Random-window split,arithmetic,1,30
1,2,4,0.99849057344162739,0.0015094265583726594,0,arithmetic:s04:r0,1441,random_window,Random-window split,arithmetic,0,9
1,2,4,0.99989391563849328,0.00010608436150672397,0,arithmetic:s04:r1,1441,random_window,Random-window split,arithmetic,0,19
1,2,4,5.7066396449504856e-05,0.99994293360355047,1,arithmetic:s04:r2,1441,random_window,Random-window split,arithmetic,1,32
1,2,4,2.9707354811407359e-05,0.99997029264518855,1,arithmetic:s04:r3,1441,random_window,Random-window split,arithmetic,1,20
1,1,4,0.99972367463152922,0.00027632536847075668,0,arithmetic:s04:r0,1494,random_window,Random-window split,arithmetic,0,13
1,1,4,0.9999197998745063,8.0200125493729311e-05,0,arithmetic:s04:r1,1494,random_window,Random-window split,arithmetic,0,15
1,1,4,1.9042146632128716e-05,0.99998095785336794,1,arithmetic:s04:r2,1494,random_window,Random-window split,arithmetic,1,25
1,1,4,1.6640206634872034e-05,0.99998335979336517,1,arithmetic:s04:r3,1494,random_window,Random-window split,arithmetic,1,27
1,2,4,0.99948046293992121,0.00051953706007880883,0,arithmetic:s04:r0,1494,random_window,Random-window split,arithmetic,0,14
1,2,4,0.9999369534850755,6.3046514924433637e-05,0,arithmetic:s04:r1,1494,random_window,Random-window split,arithmetic,0,14
1,2,4,2.2163083597569393e-05,0.99997783691640252,1,arithmetic:s04:r2,1494,random_window,Random-window split,arithmetic,1,23
1,2,4,4.0891871361953443e-05,0.99995910812863809,1,arithmetic:s04:r3,1494,random_window,Random-window split,arithmetic,1,29
1,1,4,0.9995202692750913,0.00047973072490862303,0,arithmetic:s04:r0,1547,random_window,Random-window split,arithmetic,0,12
1,1,4,0.99990602959072816,9.3970409271835128e-05,0,arithmetic:s04:r1,1547,random_window,Random-window split,arithmetic,0,16
1,1,4,1.4871191724281083e-05,0.99998512880827573,1,arithmetic:s04:r2,1547,random_window,Random-window split,arithmetic,1,27
1,1,4,3.4147029026581869e-05,0.9999658529709734,1,arithmetic:s04:r3,1547,random_window,Random-window split,arithmetic,1,25
1,2,4,0.99953123567707924,0.0004687643229207497,0,arithmetic:s04:r0,1547,random_window,Random-window split,arithmetic,0,14
1,2,4,0.99985798257709368,0.00014201742290632181,0,arithmetic:s04:r1,1547,random_window,Random-window split,arithmetic,0,14
1,2,4,2.9747964991210842e-05,0.99997025203500878,1,arithmetic:s04:r2,1547,random_window,Random-window split,arithmetic,1,24
1,2,4,2.9936552075326111e-05,0.99997006344792472,1,arithmetic:s04:r3,1547,random_window,Random-window split,arithmetic,1,28
1,1,5,0.99988924784206135,0.00011075215793864587,0,arithmetic:s05:r0,1335,random_window,Random-window split,arithmetic,0,33
1,1,5,0.93652478625513369,0.06347521374486631,0,arithmetic:s05:r1,1335,random_window,Random-window split,arithmetic,0,15
1,1,5,0.00068942470673456747,0.99931057529326539,1,arithmetic:s05:r2,1335,random_window,Random-window split,arithmetic,1,26
1,1,5,0.0034978559910037298,0.99650214400899628,1,arithmetic:s05:r3,1335,random_window,Random-window split,arithmetic,1,26
1,2,5,0.99977021229068197,0.00022978770931798964,0,arithmetic:s05:r0,1335,random_window,Random-window split,arithmetic,0,33
1,2,5,0.97157735436020076,0.028422645639799276,0,arithmetic:s05:r1,1335,random_window,Random-window split,arithmetic,0,15
1,2,5,0.00040081772382709259,0.99959918227617295,1,arithmetic:s05:r2,1335,random_window,Random-window split,arithmetic,1,32
1,2,5,0.001320894365428787,0.99867910563457118,1,arithmetic:s05:r3,1335,random_window,Random-window split,arithmetic,1,20
1,1,5,0.99991600740672759,8.3992593272446325e-05,0,arithmetic:s05:r0,1388,random_window,Random-window split,arithmetic,0,28
1,1,5,0.93766965117336609,0.062330348826633838,0,arithmetic:s05:r1,1388,random_window,Random-window split,arithmetic,0,20
1,1,5,0.00050232741673634498,0.99949767258326372,1,arithmetic:s05:r2,1388,random_window,Random-window split,arithmetic,1,23
1,1,5,0.0017919056933319297,0.99820809430666801,1,arithmetic:s05:r3,1388,random_window,Random-window split,arithmetic,1,29
1,2,5,0.99980966116896519,0.00019033883103474541,0,arithmetic:s05:r0,1388,random_window,Random-window split,arithmetic,0,29
1,2,5,0.95400576702063966,0.045994232979360401,0,arithmetic:s05:r1,1388,random_window,Random-window split,arithmetic,0,19
1,2,5,0.00046789058315528968,0.99953210941684467,1,arithmetic:s05:r2,1388,random_window,Random-window split,arithmetic,1,20
1,2,5,0.0032691184850066747,0.99673088151499334,1,arithmetic:s05:r3,1388,random_window,Random-window split,arithmetic,1,32
1,1,5,0.99977811161263075,0.00022188838736930642,0,arithmetic:s05:r0,1441,random_window,Random-window split,arithmetic,0,31
1,1,5,0.96181097920737735,0.038189020792622652,0,arithmetic:s05:r1,1441,random_window,Random-window split,arithmetic,0,17
1,1,5,0.00043900250656802377,0.99956099749343197,1,arithmetic:s05:r2,1441,random_window,Random-window split,arithmetic,1,23
1,1,5,0.0020083358378324753,0.99799166416216756,1,arithmetic:s05:r3,1441,random_window,Random-window split,arithmetic,1,29
1,2,5,0.99986947371281598,0.00013052628718399737,0,arithmetic:s05:r0,1441,random_window,Random-window split,arithmetic,0,29
1,2,5,0.97614640615583503,0.023853593844164966,0,arithmetic:s05:r1,1441,random_window,Random-window split,arithmetic,0,19
1,2,5,0.00088188175835208474,0.99911811824164787,1,arithmetic:s05:r2,1441,random_window,Random-window split,arithmetic,1,27
1,2,5,0.0032498156380164219,0.99675018436198359,1,arithmetic:s05:r3,1441,random_window,Random-window split,arithmetic,1,25
1,1,5,0.99941818343521194,0.00058181656478807522,0,arithmetic:s05:r0,1494,random_window,Random-window split,arithmetic,0,35
1,1,5,0.97573849924833855,0.024261500751661481,0,arithmetic:s05:r1,1494,random_window,Random-window split,arithmetic,0,13
1,1,5,0.0019437448251553877,0.99805625517484453,1,arithmetic:s05:r2,1494,random_window,Random-window split,arithmetic,1,27
1,1,5,0.0027090245249489779,0.99729097547505097,1,arithmetic:s05:r3,1494,random_window,Random-window split,arithmetic,1,25
1,2,5,0.99990457800517107,9.5421994828934773e-05,0,arithmetic:s05:r0,1494,random_window,Random-window split,arithmetic,0,29
1,2,5,0.97107508580523327,0.02892491419476672,0,arithmetic:s05:r1,1494,random_window,Random-window split,arithmetic,0,19
1,2,5,0.00015205631140624971,0.99984794368859375,1,arithmetic:s05:r2,1494,random_window,Random-window split,arithmetic,1,22
1,2,5,0.0016603065601904169,0.99833969343980955,1,arithmetic:s05:r3,1494,random_window,Random-window split,arithmetic,1,30
1,1,5,0.99991866818533948,8.1331814660478058e-05,0,arithmetic:s05:r0,1547,random_window,Random-window split,arithmetic,0,35
1,1,5,0.94764499204966957,0.052355007950330497,0,arithmetic:s05:r1,1547,random_window,Random-window split,arithmetic,0,13
1,1,5,0.00016313133156159595,0.99983686866843835,1,arithmetic:s05:r2,1547,random_window,Random-window split,arithmetic,1,26
1,1,5,0.00053758929339292106,0.99946241070660713,1,arithmetic:s05:r3,1547,random_window,Random-window split,arithmetic,1,26
1,2,5,0.99987687427344574,0.00012312572655423509,0,arithmetic:s05:r0,1547,random_window,Random-window split,arithmetic,0,32
1,2,5,0.97176895808484698,0.028231041915153014,0,arithmetic:s05:r1,1547,random_window,Random-window split,arithmetic,0,16
1,2,5,0.0014500359564983247,0.99854996404350171,1,arithmetic:s05:r2,1547,random_window,Random-window split,arithmetic,1,22
1,2,5,0.0039299373595635834,0.9960700626404364,1,arithmetic:s05:r3,1547,random_window,Random-window split,arithmetic,1,30
1,1,6,0.99827724144895946,0.0017227585510405205,0,arithmetic:s06:r0,1335,random_window,Random-window split,arithmetic,0,17
1,1,6,0.98154535843235613,0.01845464156764378,0,arithmetic:s06:r1,1335,random_window,Random-window split,arithmetic,0,15
1,1,6,0.0054142859144447114,0.99458571408555529,1,arithmetic:s06:r2,1335,random_window,Random-window split,arithmetic,1,22
1,1,6,0.0039613907294744708,0.99603860927052557,1,arithmetic:s06:r3,1335,random_window,Random-window split,arithmetic,1,17
1,2,6,0.99877957927720518,0.0012204207227948733,0,arithmetic:s06:r0,1335,random_window,Random-window split,arithmetic,0,17
1,2,6,0.99177243619370214,0.0082275638062979575,0,arithmetic:s06:r1,1335,random_window,Random-window split,arithmetic,0,15
1,2,6,0.0031917912409707779,0.99680820875902931,1,arithmetic:s06:r2,1335,random_window,Random-window split,arithmetic,1,20
1,2,6,0.0065396228184718035,0.99346037718152824,1,arithmetic:s06:r3,1335,random_window,Random-window split,arithmetic,1,19
1,1,6,0.99843152531131696,0.0015684746886830284,0,arithmetic:s06:r0,1388,random_window,Random-window split,arithmetic,0,19
1,1,6,0.91543533255991349,0.084564667440086547,0,arithmetic:s06:r1,1388,random_window,Random-window split,arithmetic,0,13
1,1,6,0.002977392367277894,0.9970226076327221,1,arithmetic:s06:r2,1388,random_window,Random-window split,arithmetic,1,15
1,1,6,0.0055204560317511199,0.99447954396824889,1,arithmetic:s06:r3,1388,random_window,Random-window split,arithmetic,1,24
1,2,6,0.99957204987828763,0.00042795012171235799,0,arithmetic:s06:r0,1388,random_window,Random-window split,arithmetic,0,19
1,2,6,0.94161196746001663,0.058388032539983446,0,arithmetic:s06:r1,1388,random_window,Random-window split,arithmetic,0,13
1,2,6,0.0081610279885169102,0.99183897201148308,1,arithmetic:s06:r2,1388,random_window,Random-window split,arithmetic,1,16
1,2,6,0.0080198310470306882,0.99198016895296937,1,arithmetic:s06:r3,1388,random_window,Random-window split,arithmetic,1,23
1,1,6,0.99961977801746804,0.00038022198253197487,0,arithmetic:s06:r0,1441,random_window,Random-window split,arithmetic,0,16
1,1,6,0.97499217267513283,0.025007827324867088,0,arithmetic:s06:r1,1441,random_window,Random-window split,arithmetic,0,16
1,1,6,0.0038563874463729605,0.99614361255362704,1,arithmetic:s06:r2,1441,random_window,Random-window split,arithmetic,1,11
1,1,6,0.0048340654479853461,0.99516593455201463,1,arithmetic:s06:r3,1441,random_window,Random-window split,arithmetic,1,28
1,2,6,0.99900390477005141,0.00099609522994859251,0,arithmetic:s06:r0,1441,random_window,Random-window split,arithmetic,0,18
1,2,6,0.97091227279434122,0.029087727205658789,0,arithmetic:s06:r1,1441,random_window,Random-window split,arithmetic,0,14
1,2,6,0.0078171738889110595,0.99218282611108888,1,arithmetic:s06:r2,1441,random_window,Random-window split,arithmetic,1,17
1,2,6,0.0077024997606196409,0.99229750023938035,1,arithmetic:s06:r3,1441,random_window,Random-window split,arithmetic,1,22
1,1,6,0.99952585755334888,0.00047414244665114878,0,arithmetic:s06:r0,1494,random_window,Random-window split,arithmetic,0,19
1,1,6,0.96313936591516669,0.036860634084833255,0,arithmetic:s06:r1,1494,random_window,Random-window split,arithmetic,0,13
1,1,6,0.011681444081284256,0.98831855591871576,1,arithmetic:s06:r2,1494,random_window,Random-window split,arithmetic,1,21
1,1,6,0.0025904517848966205,0.99740954821510341,1,arithmetic:s06:r3,1494,random_window,Random-window split,arithmetic,1,18
1,2,6,0.99956748293029107,0.00043251706970895778,0,arithmetic:s06:r0,1494,random_window,Random-window split,arithmetic,0,21
1,2,6,0.94306677776270942,0.056933222237290582,0,arithmetic:s06:r1,1494,random_window,Random-window split,arithmetic,0,11
1,2,6,0.0036768464116598673,0.99632315358834012,1,arithmetic:s06:r2,1494,random_window,Random-window split,arithmetic,1,12
1,2,6,0.0084321928997423828,0.9915678071002576,1,arithmetic:s06:r3,1494,random_window,Random-window split,arithmetic,1,27
1,1,6,0.99950426324174679,0.00049573675825322387,0,arithmetic:s06:r0,1547,random_window,Random-window split,arithmetic,0,14
1,1,6,0.98337412256077539,0.01662587743922456,0,arithmetic:s06:r1,1547,random_window,Random-window split,arithmetic,0,18
1,1,6,0.011301770525603856,0.98869822947439612,1,arithmetic:s06:r2,1547,random_window,Random-window split,arithmetic,1,17
1,1,6,0.0028202493924422718,0.99717975060755781,1,arithmetic:s06:r3,1547,random_window,Random-window split,arithmetic,1,22
1,2,6,0.99846553576529773,0.0015344642347022773,0,arithmetic:s06:r0,1547,random_window,Random-window split,arithmetic,0,13
1,2,6,0.98469426623587597,0.015305733764123941,0,arithmetic:s06:r1,1547,random_window,Random-window split,arithmetic,0,19
1,2,6,0.0064903858273764742,0.99350961417262351,1,arithmetic:s06:r2,1547,random_window,Random-window split,arithmetic,1,15
1,2,6,0.004020372769991439,0.99597962723000855,1,arithmetic:s06:r3,1547,random_window,Random-window split,arithmetic,1,24
1,1,7,0.99999622284763501,3.7771523650530754e-06,0,arithmetic:s07:r0,1335,random_window,Random-window split,arithmetic,0,21
1,1,7,0.93385540796831934,0.066144592031680632,0,arithmetic:s07:r1,1335,random_window,Random-window split,arithmetic,0,4
1,1,7,0.028785204165335615,0.97121479583466441,1,arithmetic:s07:r2,1335,random_window,Random-window split,arithmetic,1,7
1,1,7,0.0014798828158538867,0.99852011718414602,1,arithmetic:s07:r3,1335,random_window,Random-window split,arithmetic,1,11
1,2,7,0.99998717113345581,1.2828866544129856e-05,0,arithmetic:s07:r0,1335,random_window,Random-window split,arithmetic,0,21
1,2,7,0.73010167297468054,0.26989832702531957,0,arithmetic:s07:r1,1335,random_window,Random-window split,arithmetic,0,4
1,2,7,0.012375017574123726,0.98762498242587626,1,arithmetic:s07:r2,1335,random_window,Random-window split,arithmetic,1,5
1,2,7,0.0016500473798018679,0.99834995262019821,1,arithmetic:s07:r3,1335,random_window,Random-window split,arithmetic,1,13
1,1,7,0.99999285827736872,7.1417226312475845e-06,0,arithmetic:s07:r0,1388,random_window,Random-window split,arithmetic,0,22
1,1,7,0.98868619838858018,0.01131380161141974,0,arithmetic:s07:r1,1388,random_window,Random-window split,arithmetic,0,3
1,1,7,0.0049977181344547754,0.99500228186554529,1,arithmetic:s07:r2,1388,random_window,Random-window split,arithmetic,1,5
1,1,7,0.00050915352276067712,0.99949084647723929,1,arithmetic:s07:r3,1388,random_window,Random-window split,arithmetic,1,13
1,2,7,0.99998268950723801,1.731049276207344e-05,0,arithmetic:s07:r0,1388,random_window,Random-window split,arithmetic,0,20
1,2,7,0.8957687591691339,0.10423124083086616,0,arithmetic:s07:r1,1388,random_window,Random-window split,arithmetic,0,5
1,2,7,0.003548973692178551,0.99645102630782145,1,arithmetic:s07:r2,1388,random_window,Random-window split,arithmetic,1,8
1,2,7,0.00063184209069297372,0.99936815790930711,1,arithmetic:s07:r3,1388,random_window,Random-window split,arithmetic,1,10
1,1,7,0.99999037656184941,9.6234381505283382e-06,0,arithmetic:s07:r0,1441,random_window,Random-window split,arithmetic,0,23
1,1,7,0.92213590134791856,0.077864098652081409,0,arithmetic:s07:r1,1441,random_window,Random-window split,arithmetic,0,2
1,1,7,0.0053760339622598496,0.99462396603774017,1,arithmetic:s07:r2,1441,random_window,Random-window split,arithmetic,1,5
1,1,7,0.0033798295261939369,0.99662017047380602,1,arithmetic:s07:r3,1441,random_window,Random-window split,arithmetic,1,13
1,2,7,0.99999259263661644,7.4073633836246083e-06,0,arithmetic:s07:r0,1441,random_window,Random-window split,arithmetic,0,21
1,2,7,0.99001635753924078,0.0099836424607592338,0,arithmetic:s07:r1,1441,random_window,Random-window split,arithmetic,0,4
1,2,7,0.0094248834243601809,0.99057511657563979,1,arithmetic:s07:r2,1441,random_window,Random-window split,arithmetic,1,7
1,2,7,0.0015368939257814024,0.99846310607421862,1,arithmetic:s07:r3,1441,random_window,Random-window split,arithmetic,1,11
1,1,7,0.99999389814972772,6.1018502722161823e-06,0,arithmetic:s07:r0,1494,random_window,Random-window split,arithmetic,0,20
1,1,7,0.97922053363490191,0.02077946636509808,0,arithmetic:s07:r1,1494,random_window,Random-window split,arithmetic,0,5
1,1,7,0.017995317057219989,0.98200468294277998,1,arithmetic:s07:r2,1494,random_window,Random-window split,arithmetic,1,6
1,1,7,0.0016583742140467558,0.99834162578595331,1,arithmetic:s07:r3,1494,random_window,Random-window split,arithmetic,1,12
1,2,7,0.99999204296418975,7.9570358101923462e-06,0,arithmetic:s07:r0,1494,random_window,Random-window split,arithmetic,0,20
1,2,7,0.78812253368756124,0.2118774663124387,0,arithmetic:s07:r1,1494,random_window,Random-window split,arithmetic,0,5
1,2,7,0.0038788481820957936,0.99612115181790428,1,arithmetic:s07:r2,1494,random_window,Random-window split,arithmetic,1,7
1,2,7,0.0023351539400112806,0.99766484605998873,1,arithmetic:s07:r3,1494,random_window,Random-window split,arithmetic,1,11
1,1,7,0.99999632566337171,3.6743366283096621e-06,0,arithmetic:s07:r0,1547,random_window,Random-window split,arithmetic,0,18
1,1,7,0.97741423093530633,0.0225857690646937,0,arithmetic:s07:r1,1547,random_window,Random-window split,arithmetic,0,7
1,1,7,0.002304316367116744,0.9976956836328833,1,arithmetic:s07:r2,1547,random_window,Random-window split,arithmetic,1,5
1,1,7,0.0050351695312358261,0.99496483046876416,1,arithmetic:s07:r3,1547,random_window,Random-window split,arithmetic,1,13
1,2,7,0.99999535003375994,4.6499662400949074e-06,0,arithmetic:s07:r0,1547,random_window,Random-window split,arithmetic,0,19
1,2,7,0.92117356316500798,0.078826436834992075,0,arithmetic:s07:r1,1547,random_window,Random-window split,arithmetic,0,6
1,2,7,0.0027564303072024963,0.99724356969279748,1,arithmetic:s07:r2,1547,random_window,Random-window split,arithmetic,1,7
1,2,7,0.00083906429092465995,0.99916093570907538,1,arithmetic:s07:r3,1547,random_window,Random-window split,arithmetic,1,11
1,1,8,0.99876333524609262,0.0012366647539073944,0,arithmetic:s08:r0,1335,random_window,Random-window split,arithmetic,0,28
1,1,8,0.94390838828316104,0.056091611716838963,0,arithmetic:s08:r1,1335,random_window,Random-window split,arithmetic,0,28
1,1,8,0.014055569027285345,0.98594443097271467,1,arithmetic:s08:r2,1335,random_window,Random-window split,arithmetic,1,34
1,1,8,0.020251903043853912,0.97974809695614606,1,arithmetic:s08:r3,1335,random_window,Random-window split,arithmetic,1,35
1,2,8,0.99984694928295503,0.00015305071704494703,0,arithmetic:s08:r0,1335,random_window,Random-window split,arithmetic,0,27
1,2,8,0.95281056359539495,0.047189436404605101,0,arithmetic:s08:r1,1335,random_window,Random-window split,arithmetic,0,29
1,2,8,0.053022202652281275,0.94697779734771881,1,arithmetic:s08:r2,1335,random_window,Random-window split,arithmetic,1,26
1,2,8,0.017732017588100821,0.98226798241189917,1,arithmetic:s08:r3,1335,random_window,Random-window split,arithmetic,1,43
1,1,8,0.99971104056668114,0.00028895943331890006,0,arithmetic:s08:r0,1388,random_window,Random-window split,arithmetic,0,25
1,1,8,0.91079373074137993,0.089206269258620116,0,arithmetic:s08:r1,1388,random_window,Random-window split,arithmetic,0,31
1,1,8,0.020014458854991774,0.97998554114500824,1,arithmetic:s08:r2,1388,random_window,Random-window split,arithmetic,1,35
1,1,8,0.027169088334837631,0.97283091166516233,1,arithmetic:s08:r3,1388,random_window,Random-window split,arithmetic,1,34
1,2,8,0.9990531120395203,0.00094688796047971301,0,arithmetic:s08:r0,1388,random_window,Random-window split,arithmetic,0,18
1,2,8,0.93515634456861374,0.064843655431386302,0,arithmetic:s08:r1,1388,random_window,Random-window split,arithmetic,0,38
1,2,8,0.021572346812321366,0.97842765318767866,1,arithmetic:s08:r2,1388,random_window,Random-window split,arithmetic,1,33
1,2,8,0.029064996287561321,0.97093500371243868,1,arithmetic:s08:r3,1388,random_window,Random-window split,arithmetic,1,36
1,1,8,0.99901773223674739,0.00098226776325257463,0,arithmetic:s08:r0,1441,random_window,Random-window split,arithmetic,0,25
1,1,8,0.958530747387218,0.04146925261278199,0,arithmetic:s08:r1,1441,random_window,Random-window split,arithmetic,0,31
1,1,8,0.040624628411163183,0.9593753715888369,1,arithmetic:s08:r2,1441,random_window,Random-window split,arithmetic,1,28
1,1,8,0.011528251922548699,0.98847174807745131,1,arithmetic:s08:r3,1441,random_window,Random-window split,arithmetic,1,41
1,2,8,0.9997934202334976,0.00020657976650248421,0,arithmetic:s08:r0,1441,random_window,Random-window split,arithmetic,0,21
1,2,8,0.90408885263389882,0.095911147366101096,0,arithmetic:s08:r1,1441,random_window,Random-window split,arithmetic,0,35
1,2,8,0.03044597688302754,0.96955402311697247,1,arithmetic:s08:r2,1441,random_window,Random-window split,arithmetic,1,27
1,2,8,0.014527483383519762,0.98547251661648017,1,arithmetic:s08:r3,1441,random_window,Random-window split,arithmetic,1,42
1,1,8,0.9997939880793687,0.00020601192063130326,0,arithmetic:s08:r0,1494,random_window,Random-window split,arithmetic,0,30
1,1,8,0.94777539803200583,0.052224601967994215,0,arithmetic:s08:r1,1494,random_window,Random-window split,arithmetic,0,26
1,1,8,0.016142511649334348,0.98385748835066567,1,arithmetic:s08:r2,1494,random_window,Random-window split,arithmetic,1,29
1,1,8,0.019506754532002641,0.98049324546799732,1,arithmetic:s08:r3,1494,random_window,Random-window split,arithmetic,1,40
1,2,8,0.99956593517363168,0.00043406482636827113,0,arithmetic:s08:r0,1494,random_window,Random-window split,arithmetic,0,20
1,2,8,0.93802837356535551,0.061971626434644524,0,arithmetic:s08:r1,1494,random_window,Random-window split,arithmetic,0,36
1,2,8,0.0130316004665589,0.98696839953344107,1,arithmetic:s08:r2,1494,random_window,Random-window split,arithmetic,1,25
1,2,8,0.049311939856319063,0.9506880601436809,1,arithmetic:s08:r3,1494,random_window,Random-window split,arithmetic,1,44
1,1,8,0.99878031534193501,0.0012196846580650132,0,arithmetic:s08:r0,1547,random_window,Random-window split,arithmetic,0,26
1,1,8,0.84600978890788459,0.15399021109211547,0,arithmetic:s08:r1,1547,random_window,Random-window split,arithmetic,0,30
1,1,8,0.0070251395863569635,0.99297486041364313,1,arithmetic:s08:r2,1547,random_window,Random-window split,arithmetic,1,26
1,1,8,0.02647957801192732,0.97352042198807265,1,arithmetic:s08:r3,1547,random_window,Random-window split,arithmetic,1,43
1,2,8,0.99964645117893025,0.00035354882106981183,0,arithmetic:s08:r0,1547,random_window,Random-window split,arithmetic,0,21
1,2,8,0.95045059727076353,0.049549402729236525,0,arithmetic:s08:r1,1547,random_window,Random-window split,arithmetic,0,35
1,2,8,0.025520822906556617,0.97447917709344334,1,arithmetic:s08:r2,1547,random_window,Random-window split,arithmetic,1,30
1,2,8,0.01292370002655434,0.9870762999734457,1,arithmetic:s08:r3,1547,random_window,Random-window split,arithmetic,1,39
1,1,9,0.99999749317465325,2.5068253467500961e-06,0,arithmetic:s09:r0,1335,random_window,Random-window split,arithmetic,0,46
1,1,9,0.94593582433222589,0.054064175667774154,0,arithmetic:s09:r1,1335,random_window,Random-window split,arithmetic,0,18
1,1,9,0.0041587917125979305,0.99584120828740197,1,arithmetic:s09:r2,1335,random_window,Random-window split,arithmetic,1,6
1,1,9,0.0023004902565572794,0.99769950974344279,1,arithmetic:s09:r3,1335,random_window,Random-window split,arithmetic,1,60
1,2,9,0.99999869010028264,1.3098997173205182e-06,0,arithmetic:s09:r0,1335,random_window,Random-window split,arithmetic,0,51
1,2,9,0.9723960111434109,0.027603988856589178,0,arithmetic:s09:r1,1335,random_window,Random-window split,arithmetic,0,13
1,2,9,0.042257999339846683,0.95774200066015325,1,arithmetic:s09:r2,1335,random_window,Random-window split,arithmetic,1,8
1,2,9,0.00068023812432246877,0.9993197618756775,1,arithmetic:s09:r3,1335,random_window,Random-window split,arithmetic,1,58
1,1,9,0.99999067954454357,9.3204554563550382e-06,0,arithmetic:s09:r0,1388,random_window,Random-window split,arithmetic,0,54
1,1,9,0.94928780614562458,0.050712193854375483,0,arithmetic:s09:r1,1388,random_window,Random-window split,arithmetic,0,10
1,1,9,0.0093522664913648565,0.99064773350863511,1,arithmetic:s09:r2,1388,random_window,Random-window split,arithmetic,1,13
1,1,9,0.00069716217315559845,0.99930283782684437,1,arithmetic:s09:r3,1388,random_window,Random-window split,arithmetic,1,53
1,2,9,0.99999929196799342,7.0803200655198193e-07,0,arithmetic:s09:r0,1388,random_window,Random-window split,arithmetic,0,51
1,2,9,0.96380290509046318,0.036197094909536862,0,arithmetic:s09:r1,1388,random_window,Random-window split,arithmetic,0,13
1,2,9,0.031486371042438926,0.9685136289575611,1,arithmetic:s09:r2,1388,random_window,Random-window split,arithmetic,1,18
1,2,9,0.00080131500578197411,0.99919868499421804,1,arithmetic:s09:r3,1388,random_window,Random-window split,arithmetic,1,48
1,1,9,0.99999198168571313,8.0183142868927078e-06,0,arithmetic:s09:r0,1441,random_window,Random-window split,arithmetic,0,56
1,1,9,0.95243787804974245,0.047562121950257517,0,arithmetic:s09:r1,1441,random_window,Random-window split,arithmetic,0,8
1,1,9,0.016127295233052671,0.98387270476694733,1,arithmetic:s09:r2,1441,random_window,Random-window split,arithmetic,1,14
1,1,9,0.0013612454374252664,0.99863875456257478,1,arithmetic:s09:r3,1441,random_window,Random-window split,arithmetic,1,52
1,2,9,0.99999773427276162,2.2657272383507348e-06,0,arithmetic:s09:r0,1441,random_window,Random-window split,arithmetic,0,51
1,2,9,0.97518950847763786,0.024810491522362126,0,arithmetic:s09:r1,1441,random_window,Random-window split,arithmetic,0,13
1,2,9,0.018335982978489849,0.98166401702151018,1,arithmetic:s09:r2,1441,random_window,Random-window split,arithmetic,1,11
1,2,9,0.00081825548479643319,0.99918174451520358,1,arithmetic:s09:r3,1441,random_window,Random-window split,arithmetic,1,55
1,1,9,0.99999952775594014,4.7224405985847425e-07,0,arithmetic:s09:r0,1494,random_window,Random-window split,arithmetic,0,52
1,1,9,0.96963360516746322,0.030366394832536739,0,arithmetic:s09:r1,1494,random_window,Random-window split,arithmetic,0,12
1,1,9,0.028182811514883641,0.97181718848511633,1,arithmetic:s09:r2,1494,random_window,Random-window split,arithmetic,1,15
1,1,9,0.00093228868072653208,0.99906771131927352,1,arithmetic:s09:r3,1494,random_window,Random-window split,arithmetic,1,51
1,2,9,0.99999663053725285,3.3694627471273727e-06,0,arithmetic:s09:r0,1494,random_window,Random-window split,arithmetic,0,53
1,2,9,0.97286037058780639,0.027139629412193642,0,arithmetic:s09:r1,1494,random_window,Random-window split,arithmetic,0,11
1,2,9,0.013946168620530872,0.98605383137946911,1,arithmetic:s09:r2,1494,random_window,Random-window split,arithmetic,1,12
1,2,9,0.0020327794288425415,0.9979672205711575,1,arithmetic:s09:r3,1494,random_window,Random-window split,arithmetic,1,54
1,1,9,0.99999856577285373,1.4342271462044725e-06,0,arithmetic:s09:r0,1547,random_window,Random-window split,arithmetic,0,50
1,1,9,0.97180759066391587,0.028192409336084193,0,arithmetic:s09:r1,1547,random_window,Random-window split,arithmetic,0,14
1,1,9,0.025516002199330583,0.97448399780066941,1,arithmetic:s09:r2,1547,random_window,Random-window split,arithmetic,1,14
1,1,9,0.00089627882996799388,0.9991037211700321,1,arithmetic:s09:r3,1547,random_window,Random-window split,arithmetic,1,52
1,2,9,0.99999741118126306,2.5888187368847948e-06,0,arithmetic:s09:r0,1547,random_window,Random-window split,arithmetic,0,48
1,2,9,0.97949623096969518,0.020503769030304771,0,arithmetic:s09:r1,1547,random_window,Random-window split,arithmetic,0,16
1,2,9,0.01197039225361974,0.98802960774638027,1,arithmetic:s09:r2,1547,random_window,Random-window split,arithmetic,1,13
1,2,9,0.0026647302272253372,0.99733526977277476,1,arithmetic:s09:r3,1547,random_window,Random-window split,arithmetic,1,53
1,1,10,0.99724836377223647,0.0027516362277635129,0,arithmetic:s10:r0,1335,random_window,Random-window split,arithmetic,0,26
1,1,10,0.97465173711467401,0.025348262885325962,0,arithmetic:s10:r1,1335,random_window,Random-window split,arithmetic,0,8
1,1,10,0.0097582834736511161,0.99024171652634885,1,arithmetic:s10:r2,1335,random_window,Random-window split,arithmetic,1,12
1,1,10,0.020883538014842704,0.97911646198515734,1,arithmetic:s10:r3,1335,random_window,Random-window split,arithmetic,1,19
1,2,10,0.9990893909182319,0.000910609081768066,0,arithmetic:s10:r0,1335,random_window,Random-window split,arithmetic,0,19
1,2,10,0.85382555900809887,0.14617444099190116,0,arithmetic:s10:r1,1335,random_window,Random-window split,arithmetic,0,15
1,2,10,0.012048746730023548,0.98795125326997646,1,arithmetic:s10:r2,1335,random_window,Random-window split,arithmetic,1,16
1,2,10,0.020179051985526348,0.97982094801447361,1,arithmetic:s10:r3,1335,random_window,Random-window split,arithmetic,1,15
1,1,10,0.99778129441541952,0.0022187055845804896,0,arithmetic:s10:r0,1388,random_window,Random-window split,arithmetic,0,25
1,1,10,0.99258803472806123,0.0074119652719387826,0,arithmetic:s10:r1,1388,random_window,Random-window split,arithmetic,0,9
1,1,10,0.030670417357651514,0.96932958264234848,1,arithmetic:s10:r2,1388,random_window,Random-window split,arithmetic,1,10
1,1,10,0.0032837791329784049,0.99671622086702161,1,arithmetic:s10:r3,1388,random_window,Random-window split,arithmetic,1,21
1,2,10,0.99920813067723013,0.00079186932276982351,0,arithmetic:s10:r0,1388,random_window,Random-window split,arithmetic,0,22
1,2,10,0.94065645765400485,0.0593435423459951,0,arithmetic:s10:r1,1388,random_window,Random-window split,arithmetic,0,12
1,2,10,0.03097340409652953,0.9690265959034704,1,arithmetic:s10:r2,1388,random_window,Random-window split,arithmetic,1,11
1,2,10,0.0069027241763604053,0.9930972758236396,1,arithmetic:s10:r3,1388,random_window,Random-window split,arithmetic,1,20
1,1,10,0.99800603468833715,0.0019939653116628504,0,arithmetic:s10:r0,1441,random_window,Random-window split,arithmetic,0,23
1,1,10,0.9151480434429109,0.084851956557089214,0,arithmetic:s10:r1,1441,random_window,Random-window split,arithmetic,0,11
1,1,10,0.009792227152847428,0.99020777284715267,1,arithmetic:s10:r2,1441,random_window,Random-window split,arithmetic,1,16
1,1,10,0.025887623906695682,0.97411237609330426,1,arithmetic:s10:r3,1441,random_window,Random-window split,arithmetic,1,15
1,2,10,0.99809878505847915,0.0019012149415209019,0,arithmetic:s10:r0,1441,random_window,Random-window split,arithmetic,0,19
1,2,10,0.86229843424072927,0.13770156575927067,0,arithmetic:s10:r1,1441,random_window,Random-window split,arithmetic,0,15
1,2,10,0.025847330954228261,0.97415266904577169,1,arithmetic:s10:r2,1441,random_window,Random-window split,arithmetic,1,11
1,2,10,0.0034334196792526316,0.99656658032074741,1,arithmetic:s10:r3,1441,random_window,Random-window split,arithmetic,1,20
1,1,10,0.99950331084746824,0.00049668915253182346,0,arithmetic:s10:r0,1494,random_window,Random-window split,arithmetic,0,27
1,1,10,0.89684009783097884,0.10315990216902114,0,arithmetic:s10:r1,1494,random_window,Random-window split,arithmetic,0,7
1,1,10,0.014973970504641396,0.98502602949535867,1,arithmetic:s10:r2,1494,random_window,Random-window split,arithmetic,1,17
1,1,10,0.014645443326266988,0.98535455667373295,1,arithmetic:s10:r3,1494,random_window,Random-window split,arithmetic,1,14
1,2,10,0.99920353054829536,0.00079646945170473021,0,arithmetic:s10:r0,1494,random_window,Random-window split,arithmetic,0,20
1,2,10,0.95642494693456348,0.043575053065436568,0,arithmetic:s10:r1,1494,random_window,Random-window split,arithmetic,0,14
1,2,10,0.013142050039218886,0.98685794996078113,1,arithmetic:s10:r2,1494,random_window,Random-window split,arithmetic,1,13
1,2,10,0.007398757437004494,0.99260124256299553,1,arithmetic:s10:r3,1494,random_window,Random-window split,arithmetic,1,18
1,1,10,0.99724735095326689,0.0027526490467331185,0,arithmetic:s10:r0,1547,random_window,Random-window split,arithmetic,0,21
1,1,10,0.92790926299084875,0.072090737009151182,0,arithmetic:s10:r1,1547,random_window,Random-window split,arithmetic,0,13
1,1,10,0.024131316405857153,0.97586868359414281,1,arithmetic:s10:r2,1547,random_window,Random-window split,arithmetic,1,17
1,1,10,0.010816264269258856,0.98918373573074114,1,arithmetic:s10:r3,1547,random_window,Random-window split,arithmetic,1,14
1,2,10,0.99859817836280607,0.001401821637193903,0,arithmetic:s10:r0,1547,random_window,Random-window split,arithmetic,0,26
1,2,10,0.89166757281346942,0.10833242718653056,0,arithmetic:s10:r1,1547,random_window,Random-window split,arithmetic,0,8
1,2,10,0.010305721154728897,0.98969427884527106,1,arithmetic:s10:r2,1547,random_window,Random-window split,arithmetic,1,13
1,2,10,0.0099410618120505667,0.99005893818794943,1,arithmetic:s10:r3,1547,random_window,Random-window split,arithmetic,1,18
1,1,11,0.9999759246672052,2.4075332794800898e-05,0,arithmetic:s11:r0,1335,random_window,Random-window split,arithmetic,0,33
1,1,11,0.85201693332456196,0.14798306667543795,0,arithmetic:s11:r1,1335,random_window,Random-window split,arithmetic,0,15
1,1,11,0.011467248520357335,0.9885327514796427,1,arithmetic:s11:r2,1335,random_window,Random-window split,arithmetic,1,21
1,1,11,0.026025928916889627,0.9739740710831104,1,arithmetic:s11:r3,1335,random_window,Random-window split,arithmetic,1,24
1,2,11,0.99999734885346214,2.6511465377994941e-06,0,arithmetic:s11:r0,1335,random_window,Random-window split,arithmetic,0,29
1,2,11,0.89225800265865918,0.10774199734134075,0,arithmetic:s11:r1,1335,random_window,Random-window split,arithmetic,0,19
1,2,11,0.033762233759630854,0.96623776624036917,1,arithmetic:s11:r2,1335,random_window,Random-window split,arithmetic,1,25
1,2,11,0.020948756946800904,0.97905124305319902,1,arithmetic:s11:r3,1335,random_window,Random-window split,arithmetic,1,20
1,1,11,0.99999678172277962,3.2182772204652973e-06,0,arithmetic:s11:r0,1388,random_window,Random-window split,arithmetic,0,28
1,1,11,0.66088413156110581,0.33911586843889424,0,arithmetic:s11:r1,1388,random_window,Random-window split,arithmetic,0,20
1,1,11,0.019011756743282076,0.98098824325671796,1,arithmetic:s11:r2,1388,random_window,Random-window split,arithmetic,1,19
1,1,11,0.011065385929863227,0.98893461407013683,1,arithmetic:s11:r3,1388,random_window,Random-window split,arithmetic,1,26
1,2,11,0.99997546750808597,2.4532491914013695e-05,0,arithmetic:s11:r0,1388,random_window,Random-window split,arithmetic,0,28
1,2,11,0.87983159824572321,0.12016840175427673,0,arithmetic:s11:r1,1388,random_window,Random-window split,arithmetic,0,20
1,2,11,0.012237203043098711,0.98776279695690128,1,arithmetic:s11:r2,1388,random_window,Random-window split,arithmetic,1,17
1,2,11,0.0085668036739438846,0.9914331963260562,1,arithmetic:s11:r3,1388,random_window,Random-window split,arithmetic,1,28
1,1,11,0.99998744789198957,1.2552108010396785e-05,0,arithmetic:s11:r0,1441,random_window,Random-window split,arithmetic,0,31
1,1,11,0.8563866183192389,0.14361338168076113,0,arithmetic:s11:r1,1441,random_window,Random-window split,arithmetic,0,17
1,1,11,0.021707611271092084,0.97829238872890789,1,arithmetic:s11:r2,1441,random_window,Random-window split,arithmetic,1,17
1,1,11,0.019700840162882701,0.98029915983711724,1,arithmetic:s11:r3,1441,random_window,Random-window split,arithmetic,1,28
1,2,11,0.99999246245206741,7.5375479325344109e-06,0,arithmetic:s11:r0,1441,random_window,Random-window split,arithmetic,0,30
1,2,11,0.95081389295012786,0.049186107049872196,0,arithmetic:s11:r1,1441,random_window,Random-window split,arithmetic,0,18
1,2,11,0.022914313405126265,0.97708568659487371,1,arithmetic:s11:r2,1441,random_window,Random-window split,arithmetic,1,16
1,2,11,0.024717371721249173,0.9752826282787509,1,arithmetic:s11:r3,1441,random_window,Random-window split,arithmetic,1,29
1,1,11,0.99995703153553706,4.2968464462925646e-05,0,arithmetic:s11:r0,1494,random_window,Random-window split,arithmetic,0,35
1,1,11,0.83477419993712298,0.16522580006287699,0,arithmetic:s11:r1,1494,random_window,Random-window split,arithmetic,0,13
1,1,11,0.030269818742709894,0.96973018125729005,1,arithmetic:s11:r2,1494,random_window,Random-window split,arithmetic,1,21
1,1,11,0.017029149368744188,0.98297085063125578,1,arithmetic:s11:r3,1494,random_window,Random-window split,arithmetic,1,24
1,2,11,0.9999745233412779,2.5476658722151402e-05,0,arithmetic:s11:r0,1494,random_window,Random-window split,arithmetic,0,26
1,2,11,0.92366209686760448,0.076337903132395427,0,arithmetic:s11:r1,1494,random_window,Random-window split,arithmetic,0,22
1,2,11,0.019405491820097601,0.98059450817990235,1,arithmetic:s11:r2,1494,random_window,Random-window split,arithmetic,1,20
1,2,11,0.029820026628686207,0.97017997337131379,1,arithmetic:s11:r3,1494,random_window,Random-window split,arithmetic,1,25
1,1,11,0.99997534222245199,2.465777754795876e-05,0,arithmetic:s11:r0,1547,random_window,Random-window split,arithmetic,0,35
1,1,11,0.88045366429645677,0.11954633570354317,0,arithmetic:s11:r1,1547,random_window,Random-window split,arithmetic,0,13
1,1,11,0.027315041719869641,0.97268495828013035,1,arithmetic:s11:r2,1547,random_window,Random-window split,arithmetic,1,24
1,1,11,0.013373700084529703,0.98662629991547035,1,arithmetic:s11:r3,1547,random_window,Random-window split,arithmetic,1,21
1,2,11,0.99986912684545115,0.00013087315454884398,0,arithmetic:s11:r0,1547,random_window,Random-window split,arithmetic,0,28
1,2,11,0.89866983988120563,0.10133016011879431,0,arithmetic:s11:r1,1547,random_window,Random-window split,arithmetic,0,20
1,2,11,0.016454658642543463,0.98354534135745653,1,arithmetic:s11:r2,1547,random_window,Random-window split,arithmetic,1,21
1,2,11,0.02218330095052011,0.97781669904947999,1,arithmetic:s11:r3,1547,random_window,Random-window split,arithmetic,1,24
1,1,12,0.99993238233211268,6.7617667887324181e-05,0,arithmetic:s12:r0,1335,random_window,Random-window split,arithmetic,0,25
1,1,12,0.95461412699758885,0.045385873002411106,0,arithmetic:s12:r1,1335,random_window,Random-window split,arithmetic,0,11
1,1,12,0.038630562091585358,0.96136943790841467,1,arithmetic:s12:r2,1335,random_window,Random-window split,arithmetic,1,15
1,1,12,0.0013676570383426394,0.99863234296165737,1,arithmetic:s12:r3,1335,random_window,Random-window split,arithmetic,1,28
1,2,12,0.99909285162248207,0.00090714837751791795,0,arithmetic:s12:r0,1335,random_window,Random-window split,arithmetic,0,21
1,2,12,0.96152077564866445,0.038479224351335495,0,arithmetic:s12:r1,1335,random_window,Random-window split,arithmetic,0,15
1,2,12,0.025870072831509296,0.97412992716849067,1,arithmetic:s12:r2,1335,random_window,Random-window split,arithmetic,1,20
1,2,12,0.0024122207037517219,0.99758777929624831,1,arithmetic:s12:r3,1335,random_window,Random-window split,arithmetic,1,23
1,1,12,0.99978881123780994,0.00021118876219006035,0,arithmetic:s12:r0,1388,random_window,Random-window split,arithmetic,0,25
1,1,12,0.88815924550952796,0.11184075449047202,0,arithmetic:s12:r1,1388,random_window,Random-window split,arithmetic,0,11
1,1,12,0.035972783334398822,0.96402721666560121,1,arithmetic:s12:r2,1388,random_window,Random-window split,arithmetic,1,22
1,1,12,0.0022466311059221567,0.99775336889407784,1,arithmetic:s12:r3,1388,random_window,Random-window split,arithmetic,1,21
1,2,12,0.99971995445025041,0.00028004554974951157,0,arithmetic:s12:r0,1388,random_window,Random-window split,arithmetic,0,21
1,2,12,0.93646658402858984,0.063533415971410073,0,arithmetic:s12:r1,1388,random_window,Random-window split,arithmetic,0,15
1,2,12,0.045031867109767275,0.95496813289023275,1,arithmetic:s12:r2,1388,random_window,Random-window split,arithmetic,1,18
1,2,12,0.00088800843958524475,0.99911199156041475,1,arithmetic:s12:r3,1388,random_window,Random-window split,arithmetic,1,25
1,1,12,0.99989053712818188,0.00010946287181805386,0,arithmetic:s12:r0,1441,random_window,Random-window split,arithmetic,0,22
1,1,12,0.98210702927351368,0.017892970726486331,0,arithmetic:s12:r1,1441,random_window,Random-window split,arithmetic,0,14
1,1,12,0.042372043682732861,0.95762795631726716,1,arithmetic:s12:r2,1441,random_window,Random-window split,arithmetic,1,8
1,1,12,0.00070860814727411727,0.99929139185272586,1,arithmetic:s12:r3,1441,random_window,Random-window split,arithmetic,1,35
1,2,12,0.99888525989652632,0.0011147401034736707,0,arithmetic:s12:r0,1441,random_window,Random-window split,arithmetic,0,24
1,2,12,0.92444927902562868,0.075550720974371349,0,arithmetic:s12:r1,1441,random_window,Random-window split,arithmetic,0,12
1,2,12,0.0091163631392209704,0.99088363686077896,1,arithmetic:s12:r2,1441,random_window,Random-window split,arithmetic,1,11
1,2,12,0.0015247689744148807,0.99847523102558511,1,arithmetic:s12:r3,1441,random_window,Random-window split,arithmetic,1,32
1,1,12,0.99990179073307928,9.8209266920684199e-05,0,arithmetic:s12:r0,1494,random_window,Random-window split,arithmetic,0,28
1,1,12,0.94477253285302709,0.05522746714697295,0,arithmetic:s12:r1,1494,random_window,Random-window split,arithmetic,0,8
1,1,12,0.019302808315689167,0.98069719168431091,1,arithmetic:s12:r2,1494,random_window,Random-window split,arithmetic,1,16
1,1,12,0.00093929295856741619,0.99906070704143257,1,arithmetic:s12:r3,1494,random_window,Random-window split,arithmetic,1,27
1,2,12,0.99995156056807699,4.8439431922938037e-05,0,arithmetic:s12:r0,1494,random_window,Random-window split,arithmetic,0,27
1,2,12,0.96960230686622018,0.030397693133779824,0,arithmetic:s12:r1,1494,random_window,Random-window split,arithmetic,0,9
1,2,12,0.013767264411524463,0.98623273558847546,1,arithmetic:s12:r2,1494,random_window,Random-window split,arithmetic,1,15
1,2,12,0.0024365941023375454,0.99756340589766246,1,arithmetic:s12:r3,1494,random_window,Random-window split,arithmetic,1,28
1,1,12,0.99993019624009327,6.9803759906735352e-05,0,arithmetic:s12:r0,1547,random_window,Random-window split,arithmetic,0,18
1,1,12,0.91859269033284652,0.081407309667153482,0,arithmetic:s12:r1,1547,random_window,Random-window split,arithmetic,0,18
1,1,12,0.037605781200526781,0.96239421879947318,1,arithmetic:s12:r2,1547,random_window,Random-window split,arithmetic,1,18
1,1,12,0.002083470433404548,0.99791652956659538,1,arithmetic:s12:r3,1547,random_window,Random-window split,arithmetic,1,25
1,2,12,0.99999471139596596,5.2886040339751697e-06,0,arithmetic:s12:r0,1547,random_window,Random-window split,arithmetic,0,21
1,2,12,0.95089305075940289,0.049106949240597074,0,arithmetic:s12:r1,1547,random_window,Random-window split,arithmetic,0,15
1,2,12,0.019762479943381293,0.98023752005661879,1,arithmetic:s12:r2,1547,random_window,Random-window split,arithmetic,1,13
1,2,12,0.0012207583619444828,0.99877924163805554,1,arithmetic:s12:r3,1547,random_window,Random-window split,arithmetic,1,30
1,1,13,0.99981138877923303,0.00018861122076702897,0,arithmetic:s13:r0,1335,random_window,Random-window split,arithmetic,0,25
1,1,13,0.99091047838577651,0.0090895216142235415,0,arithmetic:s13:r1,1335,random_window,Random-window split,arithmetic,0,14
1,1,13,0.011904839302526067,0.98809516069747394,1,arithmetic:s13:r2,1335,random_window,Random-window split,arithmetic,1,15
1,1,13,0.0015666951784275771,0.99843330482157244,1,arithmetic:s13:r3,1335,random_window,Random-window split,arithmetic,1,27
1,2,13,0.99980513692957662,0.00019486307042335522,0,arithmetic:s13:r0,1335,random_window,Random-window split,arithmetic,0,26
1,2,13,0.99624532014825684,0.0037546798517432015,0,arithmetic:s13:r1,1335,random_window,Random-window split,arithmetic,0,13
1,2,13,0.0031321348435597489,0.99686786515644021,1,arithmetic:s13:r2,1335,random_window,Random-window split,arithmetic,1,22
1,2,13,0.0018225197484545007,0.99817748025154551,1,arithmetic:s13:r3,1335,random_window,Random-window split,arithmetic,1,20
1,1,13,0.99972511047484469,0.0002748895251553251,0,arithmetic:s13:r0,1388,random_window,Random-window split,arithmetic,0,24
1,1,13,0.99611844518892334,0.0038815548110766691,0,arithmetic:s13:r1,1388,random_window,Random-window split,arithmetic,0,15
1,1,13,0.0052066035292031229,0.9947933964707969,1,arithmetic:s13:r2,1388,random_window,Random-window split,arithmetic,1,21
1,1,13,0.0053470855678870444,0.99465291443211301,1,arithmetic:s13:r3,1388,random_window,Random-window split,arithmetic,1,21
1,2,13,0.99977253970020552,0.00022746029979449608,0,arithmetic:s13:r0,1388,random_window,Random-window split,arithmetic,0,23
1,2,13,0.99743405728057188,0.0025659427194280227,0,arithmetic:s13:r1,1388,random_window,Random-window split,arithmetic,0,16
1,2,13,0.0014395822791851717,0.99856041772081483,1,arithmetic:s13:r2,1388,random_window,Random-window split,arithmetic,1,17
1,2,13,0.00061266762645480622,0.99938733237354516,1,arithmetic:s13:r3,1388,random_window,Random-window split,arithmetic,1,25
1,1,13,0.99972169321460103,0.00027830678539900834,0,arithmetic:s13:r0,1441,random_window,Random-window split,arithmetic,0,22
1,1,13,0.99625789755927374,0.0037421024407262955,0,arithmetic:s13:r1,1441,random_window,Random-window split,arithmetic,0,17
1,1,13,0.0063352285960010472,0.99366477140399889,1,arithmetic:s13:r2,1441,random_window,Random-window split,arithmetic,1,13
1,1,13,0.0025388677579096753,0.99746113224209032,1,arithmetic:s13:r3,1441,random_window,Random-window split,arithmetic,1,29
1,2,13,0.99971699516458479,0.00028300483541529077,0,arithmetic:s13:r0,1441,random_window,Random-window split,arithmetic,0,23
1,2,13,0.99379069486142046,0.0062093051385794752,0,arithmetic:s13:r1,1441,random_window,Random-window split,arithmetic,0,16
1,2,13,0.0028256379033500898,0.99717436209664989,1,arithmetic:s13:r2,1441,random_window,Random-window split,arithmetic,1,14
1,2,13,0.00042090959777997311,0.99957909040222004,1,arithmetic:s13:r3,1441,random_window,Random-window split,arithmetic,1,28
1,1,13,0.99978705304145621,0.00021294695854378985,0,arithmetic:s13:r0,1494,random_window,Random-window split,arithmetic,0,26
1,1,13,0.99059490751042645,0.0094050924895736632,0,arithmetic:s13:r1,1494,random_window,Random-window split,arithmetic,0,13
1,1,13,0.0021469618497985178,0.99785303815020143,1,arithmetic:s13:r2,1494,random_window,Random-window split,arithmetic,1,16
1,1,13,0.0024135766691621178,0.9975864233308378,1,arithmetic:s13:r3,1494,random_window,Random-window split,arithmetic,1,26
1,2,13,0.99958134124774956,0.00041865875225053267,0,arithmetic:s13:r0,1494,random_window,Random-window split,arithmetic,0,23
1,2,13,0.99095945326695467,0.0090405467330453033,0,arithmetic:s13:r1,1494,random_window,Random-window split,arithmetic,0,16
1,2,13,0.0019467450451673767,0.99805325495483266,1,arithmetic:s13:r2,1494,random_window,Random-window split,arithmetic,1,18
1,2,13,0.00064862903837158723,0.9993513709616284,1,arithmetic:s13:r3,1494,random_window,Random-window split,arithmetic,1,24
1,1,13,0.99987748803481225,0.00012251196518766531,0,arithmetic:s13:r0,1547,random_window,Random-window split,arithmetic,0,19
1,1,13,0.99899156973677938,0.0010084302632206339,0,arithmetic:s13:r1,1547,random_window,Random-window split,arithmetic,0,20
1,1,13,0.004455150131275204,0.99554484986872482,1,arithmetic:s13:r2,1547,random_window,Random-window split,arithmetic,1,21
1,1,13,0.0012924160077187198,0.99870758399228132,1,arithmetic:s13:r3,1547,random_window,Random-window split,arithmetic,1,21
1,2,13,0.9996626028151705,0.00033739718482944219,0,arithmetic:s13:r0,1547,random_window,Random-window split,arithmetic,0,17
1,2,13,0.99598488935902441,0.0040151106409755622,0,arithmetic:s13:r1,1547,random_window,Random-window split,arithmetic,0,22
1,2,13,0.0038828896080888311,0.9961171103919112,1,arithmetic:s13:r2,1547,random_window,Random-window split,arithmetic,1,22
1,2,13,0.00083117246792786988,0.99916882753207215,1,arithmetic:s13:r3,1547,random_window,Random-window split,arithmetic,1,20
1,1,14,0.99999179930531767,8.2006946822988553e-06,0,arithmetic:s14:r0,1335,random_window,Random-window split,arithmetic,0,19
1,1,14,0.89387763037329526,0.10612236962670475,0,arithmetic:s14:r1,1335,random_window,Random-window split,arithmetic,0,14
1,1,14,0.046928573340227875,0.95307142665977218,1,arithmetic:s14:r2,1335,random_window,Random-window split,arithmetic,1,24
1,1,14,0.00013112001740640128,0.99986887998259355,1,arithmetic:s14:r3,1335,random_window,Random-window split,arithmetic,1,15
1,2,14,0.99999458823884213,5.4117611579169547e-06,0,arithmetic:s14:r0,1335,random_window,Random-window split,arithmetic,0,18
1,2,14,0.97011259955311691,0.029887400446883063,0,arithmetic:s14:r1,1335,random_window,Random-window split,arithmetic,0,15
1,2,14,0.02264723017619891,0.97735276982380104,1,arithmetic:s14:r2,1335,random_window,Random-window split,arithmetic,1,22
1,2,14,6.7608858402784896e-05,0.99993239114159727,1,arithmetic:s14:r3,1335,random_window,Random-window split,arithmetic,1,17
1,1,14,0.99990901606240346,9.0983937596593768e-05,0,arithmetic:s14:r0,1388,random_window,Random-window split,arithmetic,0,20
1,1,14,0.94510651759478637,0.054893482405213731,0,arithmetic:s14:r1,1388,random_window,Random-window split,arithmetic,0,13
1,1,14,0.028523343005218953,0.97147665699478103,1,arithmetic:s14:r2,1388,random_window,Random-window split,arithmetic,1,16
1,1,14,0.00014295426408462462,0.99985704573591538,1,arithmetic:s14:r3,1388,random_window,Random-window split,arithmetic,1,23
1,2,14,0.99994394468866221,5.6055311337855254e-05,0,arithmetic:s14:r0,1388,random_window,Random-window split,arithmetic,0,20
1,2,14,0.90305869866952471,0.096941301330475294,0,arithmetic:s14:r1,1388,random_window,Random-window split,arithmetic,0,13
1,2,14,0.02096969128039599,0.97903030871960406,1,arithmetic:s14:r2,1388,random_window,Random-window split,arithmetic,1,17
1,2,14,3.043754692209924e-05,0.99996956245307789,1,arithmetic:s14:r3,1388,random_window,Random-window split,arithmetic,1,22
1,1,14,0.99997936739186577,2.0632608134153849e-05,0,arithmetic:s14:r0,1441,random_window,Random-window split,arithmetic,0,19
1,1,14,0.96963447567339489,0.030365524326605064,0,arithmetic:s14:r1,1441,random_window,Random-window split,arithmetic,0,14
1,1,14,0.019867668264169889,0.98013233173583014,1,arithmetic:s14:r2,1441,random_window,Random-window split,arithmetic,1,14
1,1,14,0.00010807512549549205,0.99989192487450451,1,arithmetic:s14:r3,1441,random_window,Random-window split,arithmetic,1,25
1,2,14,0.99997117609616948,2.8823903830553154e-05,0,arithmetic:s14:r0,1441,random_window,Random-window split,arithmetic,0,20
1,2,14,0.95926375237283124,0.04073624762716873,0,arithmetic:s14:r1,1441,random_window,Random-window split,arithmetic,0,13
1,2,14,0.025950294282043894,0.97404970571795613,1,arithmetic:s14:r2,1441,random_window,Random-window split,arithmetic,1,20
1,2,14,5.0025574795129485e-05,0.99994997442520483,1,arithmetic:s14:r3,1441,random_window,Random-window split,arithmetic,1,19
1,1,14,0.99998118172736628,1.8818272633817027e-05,0,arithmetic:s14:r0,1494,random_window,Random-window split,arithmetic,0,20
1,1,14,0.97693052367794864,0.023069476322051374,0,arithmetic:s14:r1,1494,random_window,Random-window split,arithmetic,0,13
1,1,14,0.023789682791284544,0.97621031720871543,1,arithmetic:s14:r2,1494,random_window,Random-window split,arithmetic,1,22
1,1,14,0.00010594302623608082,0.99989405697376388,1,arithmetic:s14:r3,1494,random_window,Random-window split,arithmetic,1,17
1,2,14,0.99998725654206078,1.2743457939191579e-05,0,arithmetic:s14:r0,1494,random_window,Random-window split,arithmetic,0,20
1,2,14,0.94904379575067166,0.050956204249328348,0,arithmetic:s14:r1,1494,random_window,Random-window split,arithmetic,0,13
1,2,14,0.022527766713550869,0.97747223328644917,1,arithmetic:s14:r2,1494,random_window,Random-window split,arithmetic,1,19
1,2,14,6.2391297712678829e-05,0.99993760870228732,1,arithmetic:s14:r3,1494,random_window,Random-window split,arithmetic,1,20
1,1,14,0.99989237156065036,0.00010762843934956639,0,arithmetic:s14:r0,1547,random_window,Random-window split,arithmetic,0,15
1,1,14,0.94970677380465551,0.050293226195344473,0,arithmetic:s14:r1,1547,random_window,Random-window split,arithmetic,0,18
1,1,14,0.0312421713291684,0.9687578286708316,1,arithmetic:s14:r2,1547,random_window,Random-window split,arithmetic,1,16
1,1,14,0.00011704883300032979,0.99988295116699966,1,arithmetic:s14:r3,1547,random_window,Random-window split,arithmetic,1,23
1,2,14,0.99995448169608792,4.5518303912055671e-05,0,arithmetic:s14:r0,1547,random_window,Random-window split,arithmetic,0,17
1,2,14,0.91552341699852791,0.08447658300147215,0,arithmetic:s14:r1,1547,random_window,Random-window split,arithmetic,0,16
1,2,14,0.031118584721639125,0.96888141527836091,1,arithmetic:s14:r2,1547,random_window,Random-window split,arithmetic,1,18
1,2,14,2.6975992082545575e-05,0.99997302400791743,1,arithmetic:s14:r3,1547,random_window,Random-window split,arithmetic,1,21
1,1,15,0.99999354759557413,6.4524044259412447e-06,0,arithmetic:s15:r0,1335,random_window,Random-window split,arithmetic,0,22
1,1,15,0.96473482369163488,0.035265176308365086,0,arithmetic:s15:r1,1335,random_window,Random-window split,arithmetic,0,20
1,1,15,0.025616480163901764,0.97438351983609828,1,arithmetic:s15:r2,1335,random_window,Random-window split,arithmetic,1,14
1,1,15,0.0021207389275981624,0.99787926107240177,1,arithmetic:s15:r3,1335,random_window,Random-window split,arithmetic,1,32
1,2,15,0.99995542799634096,4.4572003659007084e-05,0,arithmetic:s15:r0,1335,random_window,Random-window split,arithmetic,0,16
1,2,15,0.97884015224358156,0.02115984775641842,0,arithmetic:s15:r1,1335,random_window,Random-window split,arithmetic,0,26
1,2,15,0.036584470128181848,0.96341552987181811,1,arithmetic:s15:r2,1335,random_window,Random-window split,arithmetic,1,21
1,2,15,0.0036414966253542646,0.99635850337464582,1,arithmetic:s15:r3,1335,random_window,Random-window split,arithmetic,1,25
1,1,15,0.99998662180091502,1.3378199084999147e-05,0,arithmetic:s15:r0,1388,random_window,Random-window split,arithmetic,0,20
1,1,15,0.97206156697609947,0.027938433023900474,0,arithmetic:s15:r1,1388,random_window,Random-window split,arithmetic,0,22
1,1,15,0.019166811093884628,0.98083318890611537,1,arithmetic:s15:r2,1388,random_window,Random-window split,arithmetic,1,16
1,1,15,0.0019701834626469406,0.99802981653735312,1,arithmetic:s15:r3,1388,random_window,Random-window split,arithmetic,1,30
1,2,15,0.99999277771277395,7.2222872260605047e-06,0,arithmetic:s15:r0,1388,random_window,Random-window split,arithmetic,0,20
1,2,15,0.98169149759350061,0.018308502406499425,0,arithmetic:s15:r1,1388,random_window,Random-window split,arithmetic,0,22
1,2,15,0.036801824863049164,0.96319817513695083,1,arithmetic:s15:r2,1388,random_window,Random-window split,arithmetic,1,13
1,2,15,0.0021150368977569142,0.99788496310224306,1,arithmetic:s15:r3,1388,random_window,Random-window split,arithmetic,1,33
1,1,15,0.9999935060335936,6.4939664064009366e-06,0,arithmetic:s15:r0,1441,random_window,Random-window split,arithmetic,0,19
1,1,15,0.97247096262492816,0.027529037375071879,0,arithmetic:s15:r1,1441,random_window,Random-window split,arithmetic,0,23
1,1,15,0.023684721179150867,0.97631527882084923,1,arithmetic:s15:r2,1441,random_window,Random-window split,arithmetic,1,15
1,1,15,0.0028582674169760009,0.99714173258302397,1,arithmetic:s15:r3,1441,random_window,Random-window split,arithmetic,1,31
1,2,15,0.9999734100985499,2.6589901450125336e-05,0,arithmetic:s15:r0,1441,random_window,Random-window split,arithmetic,0,22
1,2,15,0.97647936771553412,0.02352063228446585,0,arithmetic:s15:r1,1441,random_window,Random-window split,arithmetic,0,20
1,2,15,0.041854516380027788,0.9581454836199722,1,arithmetic:s15:r2,1441,random_window,Random-window split,arithmetic,1,20
1,2,15,0.0032887876855548022,0.99671121231444515,1,arithmetic:s15:r3,1441,random_window,Random-window split,arithmetic,1,26
1,1,15,0.99998891298347914,1.1087016520881077e-05,0,arithmetic:s15:r0,1494,random_window,Random-window split,arithmetic,0,21
1,1,15,0.97452157630203606,0.02547842369796394,0,arithmetic:s15:r1,1494,random_window,Random-window split,arithmetic,0,21
1,1,15,0.032683305688861464,0.96731669431113854,1,arithmetic:s15:r2,1494,random_window,Random-window split,arithmetic,1,15
1,1,15,0.0022907297973461254,0.99770927020265388,1,arithmetic:s15:r3,1494,random_window,Random-window split,arithmetic,1,31
1,2,15,0.99999608530418982,3.9146958102003621e-06,0,arithmetic:s15:r0,1494,random_window,Random-window split,arithmetic,0,24
1,2,15,0.97663174871599356,0.023368251284006426,0,arithmetic:s15:r1,1494,random_window,Random-window split,arithmetic,0,18
1,2,15,0.026236395136196303,0.97376360486380364,1,arithmetic:s15:r2,1494,random_window,Random-window split,arithmetic,1,18
1,2,15,0.0030101085480118083,0.99698989145198824,1,arithmetic:s15:r3,1494,random_window,Random-window split,arithmetic,1,28
1,1,15,0.99998427438454984,1.5725615450140422e-05,0,arithmetic:s15:r0,1547,random_window,Random-window split,arithmetic,0,19
1,1,15,0.98241003122801962,0.017589968771980453,0,arithmetic:s15:r1,1547,random_window,Random-window split,arithmetic,0,23
1,1,15,0.023044782647106174,0.97695521735289381,1,arithmetic:s15:r2,1547,random_window,Random-window split,arithmetic,1,17
1,1,15,0.0029728309959984487,0.99702716900400157,1,arithmetic:s15:r3,1547,random_window,Random-window split,arithmetic,1,29
1,2,15,0.99998934821215946,1.065178784048708e-05,0,arithmetic:s15:r0,1547,random_window,Random-window split,arithmetic,0,22
1,2,15,0.97739409073401817,0.022605909265981858,0,arithmetic:s15:r1,1547,random_window,Random-window split,arithmetic,0,20
1,2,15,0.047966685410556403,0.95203331458944362,1,arithmetic:s15:r2,1547,random_window,Random-window split,arithmetic,1,14
1,2,15,0.0025069097963246003,0.99749309020367538,1,arithmetic:s15:r3,1547,random_window,Random-window split,arithmetic,1,32
1,1,1,0.99984630887477777,0.00015369112522221166,0,arithmetic:s01:r0,1335,recording_disjoint,Recording-disjoint split,arithmetic,0,157
1,1,1,0.45293616139544463,0.54706383860455543,1,arithmetic:s01:r2,1335,recording_disjoint,Recording-disjoint split,arithmetic,1,169
0,2,1,0.026440144081577233,0.97355985591842287,1,arithmetic:s01:r1,1335,recording_disjoint,Recording-disjoint split,arithmetic,0,152
1,2,1,0.00034537011206152267,0.99965462988793852,1,arithmetic:s01:r3,1335,recording_disjoint,Recording-disjoint split,arithmetic,1,218
1,1,1,0.99909823883600113,0.0009017611639988071,0,arithmetic:s01:r0,1388,recording_disjoint,Recording-disjoint split,arithmetic,0,157
1,1,1,0.020334461638136295,0.97966553836186365,1,arithmetic:s01:r3,1388,recording_disjoint,Recording-disjoint split,arithmetic,1,218
0,2,1,0.16589051493277973,0.83410948506722038,1,arithmetic:s01:r1,1388,recording_disjoint,Recording-disjoint split,arithmetic,0,152
1,2,1,0.010329783998188905,0.98967021600181104,1,arithmetic:s01:r2,1388,recording_disjoint,Recording-disjoint split,arithmetic,1,169
1,1,1,0.99909823883600113,0.0009017611639988071,0,arithmetic:s01:r0,1441,recording_disjoint,Recording-disjoint split,arithmetic,0,157
1,1,1,0.020334461638136295,0.97966553836186365,1,arithmetic:s01:r3,1441,recording_disjoint,Recording-disjoint split,arithmetic,1,218
0,2,1,0.16589051493277973,0.83410948506722038,1,arithmetic:s01:r1,1441,recording_disjoint,Recording-disjoint split,arithmetic,0,152
1,2,1,0.010329783998188905,0.98967021600181104,1,arithmetic:s01:r2,1441,recording_disjoint,Recording-disjoint split,arithmetic,1,169
1,1,1,0.99909823883600113,0.0009017611639988071,0,arithmetic:s01:r0,1494,recording_disjoint,Recording-disjoint split,arithmetic,0,157
1,1,1,0.020334461638136295,0.97966553836186365,1,arithmetic:s01:r3,1494,recording_disjoint,Recording-disjoint split,arithmetic,1,218
0,2,1,0.16589051493277973,0.83410948506722038,1,arithmetic:s01:r1,1494,recording_disjoint,Recording-disjoint split,arithmetic,0,152
1,2,1,0.010329783998188905,0.98967021600181104,1,arithmetic:s01:r2,1494,recording_disjoint,Recording-disjoint split,arithmetic,1,169
1,1,1,0.99984630887477777,0.00015369112522221166,0,arithmetic:s01:r0,1547,recording_disjoint,Recording-disjoint split,arithmetic,0,157
1,1,1,0.45293616139544463,0.54706383860455543,1,arithmetic:s01:r2,1547,recording_disjoint,Recording-disjoint split,arithmetic,1,169
0,2,1,0.026440144081577233,0.97355985591842287,1,arithmetic:s01:r1,1547,recording_disjoint,Recording-disjoint split,arithmetic,0,152
1,2,1,0.00034537011206152267,0.99965462988793852,1,arithmetic:s01:r3,1547,recording_disjoint,Recording-disjoint split,arithmetic,1,218
1,1,2,0.99958724812070832,0.00041275187929170622,0,arithmetic:s02:r0,1335,recording_disjoint,Recording-disjoint split,arithmetic,0,450
0,1,2,0.94155664047627186,0.058443359523728131,0,arithmetic:s02:r2,1335,recording_disjoint,Recording-disjoint split,arithmetic,1,136
0,2,2,0.0024938961283839838,0.99750610387161609,1,arithmetic:s02:r1,1335,recording_disjoint,Recording-disjoint split,arithmetic,0,132
1,2,2,0.00068468725999288238,0.99931531274000707,1,arithmetic:s02:r3,1335,recording_disjoint,Recording-disjoint split,arithmetic,1,270
1,1,2,0.83561313422756389,0.16438686577243611,0,arithmetic:s02:r0,1388,recording_disjoint,Recording-disjoint split,arithmetic,0,450
0,1,2,0.84883529171176331,0.15116470828823672,0,arithmetic:s02:r3,1388,recording_disjoint,Recording-disjoint split,arithmetic,1,270
0,2,2,0.024184519008534949,0.97581548099146498,1,arithmetic:s02:r1,1388,recording_disjoint,Recording-disjoint split,arithmetic,0,132
1,2,2,0.032097743212387578,0.96790225678761244,1,arithmetic:s02:r2,1388,recording_disjoint,Recording-disjoint split,arithmetic,1,136
1,1,2,0.83561313422756389,0.16438686577243611,0,arithmetic:s02:r0,1441,recording_disjoint,Recording-disjoint split,arithmetic,0,450
0,1,2,0.84883529171176331,0.15116470828823672,0,arithmetic:s02:r3,1441,recording_disjoint,Recording-disjoint split,arithmetic,1,270
0,2,2,0.024184519008534949,0.97581548099146498,1,arithmetic:s02:r1,1441,recording_disjoint,Recording-disjoint split,arithmetic,0,132
1,2,2,0.032097743212387578,0.96790225678761244,1,arithmetic:s02:r2,1441,recording_disjoint,Recording-disjoint split,arithmetic,1,136
1,1,2,0.83561313422756389,0.16438686577243611,0,arithmetic:s02:r0,1494,recording_disjoint,Recording-disjoint split,arithmetic,0,450
0,1,2,0.84883529171176331,0.15116470828823672,0,arithmetic:s02:r3,1494,recording_disjoint,Recording-disjoint split,arithmetic,1,270
0,2,2,0.024184519008534949,0.97581548099146498,1,arithmetic:s02:r1,1494,recording_disjoint,Recording-disjoint split,arithmetic,0,132
1,2,2,0.032097743212387578,0.96790225678761244,1,arithmetic:s02:r2,1494,recording_disjoint,Recording-disjoint split,arithmetic,1,136
1,1,2,0.99958724812070832,0.00041275187929170622,0,arithmetic:s02:r0,1547,recording_disjoint,Recording-disjoint split,arithmetic,0,450
0,1,2,0.94155664047627186,0.058443359523728131,0,arithmetic:s02:r2,1547,recording_disjoint,Recording-disjoint split,arithmetic,1,136
0,2,2,0.0024938961283839838,0.99750610387161609,1,arithmetic:s02:r1,1547,recording_disjoint,Recording-disjoint split,arithmetic,0,132
1,2,2,0.00068468725999288238,0.99931531274000707,1,arithmetic:s02:r3,1547,recording_disjoint,Recording-disjoint split,arithmetic,1,270
0,1,3,0.00042579712168387088,0.99957420287831611,1,arithmetic:s03:r0,1335,recording_disjoint,Recording-disjoint split,arithmetic,0,181
1,1,3,0.0022679626133933609,0.99773203738660665,1,arithmetic:s03:r2,1335,recording_disjoint,Recording-disjoint split,arithmetic,1,137
0,2,3,0.012450660507170464,0.98754933949282953,1,arithmetic:s03:r1,1335,recording_disjoint,Recording-disjoint split,arithmetic,0,91
1,2,3,0.01687100197137209,0.98312899802862785,1,arithmetic:s03:r3,1335,recording_disjoint,Recording-disjoint split,arithmetic,1,160
1,1,3,0.98868542236486578,0.011314577635134234,0,arithmetic:s03:r0,1388,recording_disjoint,Recording-disjoint split,arithmetic,0,181
0,1,3,0.91619648793131125,0.083803512068688676,0,arithmetic:s03:r3,1388,recording_disjoint,Recording-disjoint split,arithmetic,1,160
0,2,3,0.00039865814109802186,0.99960134185890193,1,arithmetic:s03:r1,1388,recording_disjoint,Recording-disjoint split,arithmetic,0,91
1,2,3,0.0046493492802054835,0.99535065071979445,1,arithmetic:s03:r2,1388,recording_disjoint,Recording-disjoint split,arithmetic,1,137
1,1,3,0.98868542236486578,0.011314577635134234,0,arithmetic:s03:r0,1441,recording_disjoint,Recording-disjoint split,arithmetic,0,181
0,1,3,0.91619648793131125,0.083803512068688676,0,arithmetic:s03:r3,1441,recording_disjoint,Recording-disjoint split,arithmetic,1,160
0,2,3,0.00039865814109802186,0.99960134185890193,1,arithmetic:s03:r1,1441,recording_disjoint,Recording-disjoint split,arithmetic,0,91
1,2,3,0.0046493492802054835,0.99535065071979445,1,arithmetic:s03:r2,1441,recording_disjoint,Recording-disjoint split,arithmetic,1,137
1,1,3,0.98868542236486578,0.011314577635134234,0,arithmetic:s03:r0,1494,recording_disjoint,Recording-disjoint split,arithmetic,0,181
0,1,3,0.91619648793131125,0.083803512068688676,0,arithmetic:s03:r3,1494,recording_disjoint,Recording-disjoint split,arithmetic,1,160
0,2,3,0.00039865814109802186,0.99960134185890193,1,arithmetic:s03:r1,1494,recording_disjoint,Recording-disjoint split,arithmetic,0,91
1,2,3,0.0046493492802054835,0.99535065071979445,1,arithmetic:s03:r2,1494,recording_disjoint,Recording-disjoint split,arithmetic,1,137
0,1,3,0.00042579712168387088,0.99957420287831611,1,arithmetic:s03:r0,1547,recording_disjoint,Recording-disjoint split,arithmetic,0,181
1,1,3,0.0022679626133933609,0.99773203738660665,1,arithmetic:s03:r2,1547,recording_disjoint,Recording-disjoint split,arithmetic,1,137
0,2,3,0.012450660507170464,0.98754933949282953,1,arithmetic:s03:r1,1547,recording_disjoint,Recording-disjoint split,arithmetic,0,91
1,2,3,0.01687100197137209,0.98312899802862785,1,arithmetic:s03:r3,1547,recording_disjoint,Recording-disjoint split,arithmetic,1,160
0,1,4,0.011313053189726413,0.98868694681027358,1,arithmetic:s04:r0,1335,recording_disjoint,Recording-disjoint split,arithmetic,0,116
1,1,4,0.000729292165717609,0.9992707078342824,1,arithmetic:s04:r2,1335,recording_disjoint,Recording-disjoint split,arithmetic,1,210
0,2,4,2.0938788713600305e-09,0.99999999790612104,1,arithmetic:s04:r1,1335,recording_disjoint,Recording-disjoint split,arithmetic,0,119
1,2,4,1.5094066624259864e-05,0.99998490593337575,1,arithmetic:s04:r3,1335,recording_disjoint,Recording-disjoint split,arithmetic,1,221
0,1,4,0.0086218532411346197,0.99137814675886538,1,arithmetic:s04:r0,1388,recording_disjoint,Recording-disjoint split,arithmetic,0,116
1,1,4,0.00066533972307683455,0.99933466027692308,1,arithmetic:s04:r3,1388,recording_disjoint,Recording-disjoint split,arithmetic,1,221
0,2,4,0.042501485793634816,0.95749851420636511,1,arithmetic:s04:r1,1388,recording_disjoint,Recording-disjoint split,arithmetic,0,119
1,2,4,2.441594303815637e-05,0.99997558405696185,1,arithmetic:s04:r2,1388,recording_disjoint,Recording-disjoint split,arithmetic,1,210
0,1,4,0.0086218532411346197,0.99137814675886538,1,arithmetic:s04:r0,1441,recording_disjoint,Recording-disjoint split,arithmetic,0,116
1,1,4,0.00066533972307683455,0.99933466027692308,1,arithmetic:s04:r3,1441,recording_disjoint,Recording-disjoint split,arithmetic,1,221
0,2,4,0.042501485793634816,0.95749851420636511,1,arithmetic:s04:r1,1441,recording_disjoint,Recording-disjoint split,arithmetic,0,119
1,2,4,2.441594303815637e-05,0.99997558405696185,1,arithmetic:s04:r2,1441,recording_disjoint,Recording-disjoint split,arithmetic,1,210
0,1,4,0.0086218532411346197,0.99137814675886538,1,arithmetic:s04:r0,1494,recording_disjoint,Recording-disjoint split,arithmetic,0,116
1,1,4,0.00066533972307683455,0.99933466027692308,1,arithmetic:s04:r3,1494,recording_disjoint,Recording-disjoint split,arithmetic,1,221
0,2,4,0.042501485793634816,0.95749851420636511,1,arithmetic:s04:r1,1494,recording_disjoint,Recording-disjoint split,arithmetic,0,119
1,2,4,2.441594303815637e-05,0.99997558405696185,1,arithmetic:s04:r2,1494,recording_disjoint,Recording-disjoint split,arithmetic,1,210
0,1,4,0.011313053189726413,0.98868694681027358,1,arithmetic:s04:r0,1547,recording_disjoint,Recording-disjoint split,arithmetic,0,116
1,1,4,0.000729292165717609,0.9992707078342824,1,arithmetic:s04:r2,1547,recording_disjoint,Recording-disjoint split,arithmetic,1,210
0,2,4,2.0938788713600305e-09,0.99999999790612104,1,arithmetic:s04:r1,1547,recording_disjoint,Recording-disjoint split,arithmetic,0,119
1,2,4,1.5094066624259864e-05,0.99998490593337575,1,arithmetic:s04:r3,1547,recording_disjoint,Recording-disjoint split,arithmetic,1,221
0,1,5,0.00078848877469335228,0.9992115112253066,1,arithmetic:s05:r0,1335,recording_disjoint,Recording-disjoint split,arithmetic,0,244
1,1,5,0.056325167931769581,0.94367483206823055,1,arithmetic:s05:r2,1335,recording_disjoint,Recording-disjoint split,arithmetic,1,198
0,2,5,0.0041066935758858614,0.99589330642411411,1,arithmetic:s05:r1,1335,recording_disjoint,Recording-disjoint split,arithmetic,0,153
1,2,5,0.0073423697977477624,0.99265763020225217,1,arithmetic:s05:r3,1335,recording_disjoint,Recording-disjoint split,arithmetic,1,232
0,1,5,1.61159091630104e-06,0.99999838840908373,1,arithmetic:s05:r0,1388,recording_disjoint,Recording-disjoint split,arithmetic,0,244
1,1,5,0.024271052868650007,0.97572894713134994,1,arithmetic:s05:r3,1388,recording_disjoint,Recording-disjoint split,arithmetic,1,232
0,2,5,0.0088214469939442361,0.99117855300605573,1,arithmetic:s05:r1,1388,recording_disjoint,Recording-disjoint split,arithmetic,0,153
1,2,5,0.0020686547540479552,0.99793134524595206,1,arithmetic:s05:r2,1388,recording_disjoint,Recording-disjoint split,arithmetic,1,198
0,1,5,1.61159091630104e-06,0.99999838840908373,1,arithmetic:s05:r0,1441,recording_disjoint,Recording-disjoint split,arithmetic,0,244
1,1,5,0.024271052868650007,0.97572894713134994,1,arithmetic:s05:r3,1441,recording_disjoint,Recording-disjoint split,arithmetic,1,232
0,2,5,0.0088214469939442361,0.99117855300605573,1,arithmetic:s05:r1,1441,recording_disjoint,Recording-disjoint split,arithmetic,0,153
1,2,5,0.0020686547540479552,0.99793134524595206,1,arithmetic:s05:r2,1441,recording_disjoint,Recording-disjoint split,arithmetic,1,198
0,1,5,1.61159091630104e-06,0.99999838840908373,1,arithmetic:s05:r0,1494,recording_disjoint,Recording-disjoint split,arithmetic,0,244
1,1,5,0.024271052868650007,0.97572894713134994,1,arithmetic:s05:r3,1494,recording_disjoint,Recording-disjoint split,arithmetic,1,232
0,2,5,0.0088214469939442361,0.99117855300605573,1,arithmetic:s05:r1,1494,recording_disjoint,Recording-disjoint split,arithmetic,0,153
1,2,5,0.0020686547540479552,0.99793134524595206,1,arithmetic:s05:r2,1494,recording_disjoint,Recording-disjoint split,arithmetic,1,198
0,1,5,0.00078848877469335228,0.9992115112253066,1,arithmetic:s05:r0,1547,recording_disjoint,Recording-disjoint split,arithmetic,0,244
1,1,5,0.056325167931769581,0.94367483206823055,1,arithmetic:s05:r2,1547,recording_disjoint,Recording-disjoint split,arithmetic,1,198
0,2,5,0.0041066935758858614,0.99589330642411411,1,arithmetic:s05:r1,1547,recording_disjoint,Recording-disjoint split,arithmetic,0,153
1,2,5,0.0073423697977477624,0.99265763020225217,1,arithmetic:s05:r3,1547,recording_disjoint,Recording-disjoint split,arithmetic,1,232
0,1,6,0.15699378847614523,0.84300621152385469,1,arithmetic:s06:r0,1335,recording_disjoint,Recording-disjoint split,arithmetic,0,150
1,1,6,0.02661213320323793,0.97338786679676204,1,arithmetic:s06:r2,1335,recording_disjoint,Recording-disjoint split,arithmetic,1,130
0,2,6,0.0022855410590942649,0.99771445894090571,1,arithmetic:s06:r1,1335,recording_disjoint,Recording-disjoint split,arithmetic,0,119
1,2,6,0.0039707169854356628,0.99602928301456439,1,arithmetic:s06:r3,1335,recording_disjoint,Recording-disjoint split,arithmetic,1,191
0,1,6,0.0015549350255455593,0.9984450649744544,1,arithmetic:s06:r0,1388,recording_disjoint,Recording-disjoint split,arithmetic,0,150
1,1,6,0.10962718919930843,0.89037281080069164,1,arithmetic:s06:r3,1388,recording_disjoint,Recording-disjoint split,arithmetic,1,191
0,2,6,0.00066259894324821188,0.99933740105675184,1,arithmetic:s06:r1,1388,recording_disjoint,Recording-disjoint split,arithmetic,0,119
1,2,6,0.0053441431380218205,0.9946558568619781,1,arithmetic:s06:r2,1388,recording_disjoint,Recording-disjoint split,arithmetic,1,130
0,1,6,0.0015549350255455593,0.9984450649744544,1,arithmetic:s06:r0,1441,recording_disjoint,Recording-disjoint split,arithmetic,0,150
1,1,6,0.10962718919930843,0.89037281080069164,1,arithmetic:s06:r3,1441,recording_disjoint,Recording-disjoint split,arithmetic,1,191
0,2,6,0.00066259894324821188,0.99933740105675184,1,arithmetic:s06:r1,1441,recording_disjoint,Recording-disjoint split,arithmetic,0,119
1,2,6,0.0053441431380218205,0.9946558568619781,1,arithmetic:s06:r2,1441,recording_disjoint,Recording-disjoint split,arithmetic,1,130
0,1,6,0.0015549350255455593,0.9984450649744544,1,arithmetic:s06:r0,1494,recording_disjoint,Recording-disjoint split,arithmetic,0,150
1,1,6,0.10962718919930843,0.89037281080069164,1,arithmetic:s06:r3,1494,recording_disjoint,Recording-disjoint split,arithmetic,1,191
0,2,6,0.00066259894324821188,0.99933740105675184,1,arithmetic:s06:r1,1494,recording_disjoint,Recording-disjoint split,arithmetic,0,119
1,2,6,0.0053441431380218205,0.9946558568619781,1,arithmetic:s06:r2,1494,recording_disjoint,Recording-disjoint split,arithmetic,1,130
0,1,6,0.15699378847614523,0.84300621152385469,1,arithmetic:s06:r0,1547,recording_disjoint,Recording-disjoint split,arithmetic,0,150
1,1,6,0.02661213320323793,0.97338786679676204,1,arithmetic:s06:r2,1547,recording_disjoint,Recording-disjoint split,arithmetic,1,130
0,2,6,0.0022855410590942649,0.99771445894090571,1,arithmetic:s06:r1,1547,recording_disjoint,Recording-disjoint split,arithmetic,0,119
1,2,6,0.0039707169854356628,0.99602928301456439,1,arithmetic:s06:r3,1547,recording_disjoint,Recording-disjoint split,arithmetic,1,191
1,1,7,0.99999538467821403,4.6153217858576338e-06,0,arithmetic:s07:r0,1335,recording_disjoint,Recording-disjoint split,arithmetic,0,169
1,1,7,0.16477928506347539,0.83522071493652461,1,arithmetic:s07:r2,1335,recording_disjoint,Recording-disjoint split,arithmetic,1,46
0,2,7,0.0012893411921941665,0.99871065880780585,1,arithmetic:s07:r1,1335,recording_disjoint,Recording-disjoint split,arithmetic,0,36
1,2,7,7.0059345407306694e-05,0.99992994065459273,1,arithmetic:s07:r3,1335,recording_disjoint,Recording-disjoint split,arithmetic,1,102
0,1,7,0.011336661424626965,0.98866333857537303,1,arithmetic:s07:r0,1388,recording_disjoint,Recording-disjoint split,arithmetic,0,169
1,1,7,0.082279412811440897,0.91772058718855909,1,arithmetic:s07:r3,1388,recording_disjoint,Recording-disjoint split,arithmetic,1,102
0,2,7,0.0038500840061977573,0.99614991599380232,1,arithmetic:s07:r1,1388,recording_disjoint,Recording-disjoint split,arithmetic,0,36
1,2,7,0.0022906629606062128,0.9977093370393938,1,arithmetic:s07:r2,1388,recording_disjoint,Recording-disjoint split,arithmetic,1,46
0,1,7,0.011336661424626965,0.98866333857537303,1,arithmetic:s07:r0,1441,recording_disjoint,Recording-disjoint split,arithmetic,0,169
1,1,7,0.082279412811440897,0.91772058718855909,1,arithmetic:s07:r3,1441,recording_disjoint,Recording-disjoint split,arithmetic,1,102
0,2,7,0.0038500840061977573,0.99614991599380232,1,arithmetic:s07:r1,1441,recording_disjoint,Recording-disjoint split,arithmetic,0,36
1,2,7,0.0022906629606062128,0.9977093370393938,1,arithmetic:s07:r2,1441,recording_disjoint,Recording-disjoint split,arithmetic,1,46
0,1,7,0.011336661424626965,0.98866333857537303,1,arithmetic:s07:r0,1494,recording_disjoint,Recording-disjoint split,arithmetic,0,169
1,1,7,0.082279412811440897,0.91772058718855909,1,arithmetic:s07:r3,1494,recording_disjoint,Recording-disjoint split,arithmetic,1,102
0,2,7,0.0038500840061977573,0.99614991599380232,1,arithmetic:s07:r1,1494,recording_disjoint,Recording-disjoint split,arithmetic,0,36
1,2,7,0.0022906629606062128,0.9977093370393938,1,arithmetic:s07:r2,1494,recording_disjoint,Recording-disjoint split,arithmetic,1,46
1,1,7,0.99999538467821403,4.6153217858576338e-06,0,arithmetic:s07:r0,1547,recording_disjoint,Recording-disjoint split,arithmetic,0,169
1,1,7,0.16477928506347539,0.83522071493652461,1,arithmetic:s07:r2,1547,recording_disjoint,Recording-disjoint split,arithmetic,1,46
0,2,7,0.0012893411921941665,0.99871065880780585,1,arithmetic:s07:r1,1547,recording_disjoint,Recording-disjoint split,arithmetic,0,36
1,2,7,7.0059345407306694e-05,0.99992994065459273,1,arithmetic:s07:r3,1547,recording_disjoint,Recording-disjoint split,arithmetic,1,102
1,1,8,0.7293477290326088,0.27065227096739125,0,arithmetic:s08:r0,1335,recording_disjoint,Recording-disjoint split,arithmetic,0,190
1,1,8,0.32555219481994141,0.67444780518005865,1,arithmetic:s08:r2,1335,recording_disjoint,Recording-disjoint split,arithmetic,1,259
0,2,8,0.017268785765288151,0.98273121423471188,1,arithmetic:s08:r1,1335,recording_disjoint,Recording-disjoint split,arithmetic,0,278
1,2,8,0.0079472902105136353,0.99205270978948634,1,arithmetic:s08:r3,1335,recording_disjoint,Recording-disjoint split,arithmetic,1,311
1,1,8,0.66463052276063317,0.33536947723936683,0,arithmetic:s08:r0,1388,recording_disjoint,Recording-disjoint split,arithmetic,0,190
0,1,8,0.55140887892026214,0.44859112107973798,0,arithmetic:s08:r3,1388,recording_disjoint,Recording-disjoint split,arithmetic,1,311
0,2,8,0.010714520310898923,0.98928547968910108,1,arithmetic:s08:r1,1388,recording_disjoint,Recording-disjoint split,arithmetic,0,278
1,2,8,0.0045730284846286443,0.99542697151537141,1,arithmetic:s08:r2,1388,recording_disjoint,Recording-disjoint split,arithmetic,1,259
1,1,8,0.66463052276063317,0.33536947723936683,0,arithmetic:s08:r0,1441,recording_disjoint,Recording-disjoint split,arithmetic,0,190
0,1,8,0.55140887892026214,0.44859112107973798,0,arithmetic:s08:r3,1441,recording_disjoint,Recording-disjoint split,arithmetic,1,311
0,2,8,0.010714520310898923,0.98928547968910108,1,arithmetic:s08:r1,1441,recording_disjoint,Recording-disjoint split,arithmetic,0,278
1,2,8,0.0045730284846286443,0.99542697151537141,1,arithmetic:s08:r2,1441,recording_disjoint,Recording-disjoint split,arithmetic,1,259
1,1,8,0.66463052276063317,0.33536947723936683,0,arithmetic:s08:r0,1494,recording_disjoint,Recording-disjoint split,arithmetic,0,190
0,1,8,0.55140887892026214,0.44859112107973798,0,arithmetic:s08:r3,1494,recording_disjoint,Recording-disjoint split,arithmetic,1,311
0,2,8,0.010714520310898923,0.98928547968910108,1,arithmetic:s08:r1,1494,recording_disjoint,Recording-disjoint split,arithmetic,0,278
1,2,8,0.0045730284846286443,0.99542697151537141,1,arithmetic:s08:r2,1494,recording_disjoint,Recording-disjoint split,arithmetic,1,259
1,1,8,0.7293477290326088,0.27065227096739125,0,arithmetic:s08:r0,1547,recording_disjoint,Recording-disjoint split,arithmetic,0,190
1,1,8,0.32555219481994141,0.67444780518005865,1,arithmetic:s08:r2,1547,recording_disjoint,Recording-disjoint split,arithmetic,1,259
0,2,8,0.017268785765288151,0.98273121423471188,1,arithmetic:s08:r1,1547,recording_disjoint,Recording-disjoint split,arithmetic,0,278
1,2,8,0.0079472902105136353,0.99205270978948634,1,arithmetic:s08:r3,1547,recording_disjoint,Recording-disjoint split,arithmetic,1,311
1,1,9,0.62473991481961733,0.37526008518038267,0,arithmetic:s09:r0,1335,recording_disjoint,Recording-disjoint split,arithmetic,0,410
1,1,9,0.44914467664333535,0.55085532335666465,1,arithmetic:s09:r2,1335,recording_disjoint,Recording-disjoint split,arithmetic,1,122
0,2,9,0.0030628364460854513,0.9969371635539146,1,arithmetic:s09:r1,1335,recording_disjoint,Recording-disjoint split,arithmetic,0,121
1,2,9,0.023871079854218345,0.97612892014578168,1,arithmetic:s09:r3,1335,recording_disjoint,Recording-disjoint split,arithmetic,1,426
1,1,9,0.9998646666002704,0.00013533339972948507,0,arithmetic:s09:r0,1388,recording_disjoint,Recording-disjoint split,arithmetic,0,410
0,1,9,0.8202966019058151,0.17970339809418481,0,arithmetic:s09:r3,1388,recording_disjoint,Recording-disjoint split,arithmetic,1,426
0,2,9,0.00090238029002758728,0.99909761970997235,1,arithmetic:s09:r1,1388,recording_disjoint,Recording-disjoint split,arithmetic,0,121
1,2,9,0.00086110710710207271,0.99913889289289792,1,arithmetic:s09:r2,1388,recording_disjoint,Recording-disjoint split,arithmetic,1,122
1,1,9,0.9998646666002704,0.00013533339972948507,0,arithmetic:s09:r0,1441,recording_disjoint,Recording-disjoint split,arithmetic,0,410
0,1,9,0.8202966019058151,0.17970339809418481,0,arithmetic:s09:r3,1441,recording_disjoint,Recording-disjoint split,arithmetic,1,426
0,2,9,0.00090238029002758728,0.99909761970997235,1,arithmetic:s09:r1,1441,recording_disjoint,Recording-disjoint split,arithmetic,0,121
1,2,9,0.00086110710710207271,0.99913889289289792,1,arithmetic:s09:r2,1441,recording_disjoint,Recording-disjoint split,arithmetic,1,122
1,1,9,0.9998646666002704,0.00013533339972948507,0,arithmetic:s09:r0,1494,recording_disjoint,Recording-disjoint split,arithmetic,0,410
0,1,9,0.8202966019058151,0.17970339809418481,0,arithmetic:s09:r3,1494,recording_disjoint,Recording-disjoint split,arithmetic,1,426
0,2,9,0.00090238029002758728,0.99909761970997235,1,arithmetic:s09:r1,1494,recording_disjoint,Recording-disjoint split,arithmetic,0,121
1,2,9,0.00086110710710207271,0.99913889289289792,1,arithmetic:s09:r2,1494,recording_disjoint,Recording-disjoint split,arithmetic,1,122
1,1,9,0.62473991481961733,0.37526008518038267,0,arithmetic:s09:r0,1547,recording_disjoint,Recording-disjoint split,arithmetic,0,410
1,1,9,0.44914467664333535,0.55085532335666465,1,arithmetic:s09:r2,1547,recording_disjoint,Recording-disjoint split,arithmetic,1,122
0,2,9,0.0030628364460854513,0.9969371635539146,1,arithmetic:s09:r1,1547,recording_disjoint,Recording-disjoint split,arithmetic,0,121
1,2,9,0.023871079854218345,0.97612892014578168,1,arithmetic:s09:r3,1547,recording_disjoint,Recording-disjoint split,arithmetic,1,426
0,1,10,4.6440144469590861e-05,0.99995355985553036,1,arithmetic:s10:r0,1335,recording_disjoint,Recording-disjoint split,arithmetic,0,185
1,1,10,0.40272583877457901,0.59727416122542099,1,arithmetic:s10:r2,1335,recording_disjoint,Recording-disjoint split,arithmetic,1,112
0,2,10,0.026307104391770426,0.97369289560822958,1,arithmetic:s10:r1,1335,recording_disjoint,Recording-disjoint split,arithmetic,0,96
1,2,10,0.021519389072777208,0.97848061092722283,1,arithmetic:s10:r3,1335,recording_disjoint,Recording-disjoint split,arithmetic,1,145
0,1,10,0.36472033735836129,0.6352796626416386,1,arithmetic:s10:r0,1388,recording_disjoint,Recording-disjoint split,arithmetic,0,185
1,1,10,0.17693852911656416,0.82306147088343584,1,arithmetic:s10:r3,1388,recording_disjoint,Recording-disjoint split,arithmetic,1,145
0,2,10,0.029383798891322706,0.9706162011086773,1,arithmetic:s10:r1,1388,recording_disjoint,Recording-disjoint split,arithmetic,0,96
1,2,10,0.015841347189789363,0.98415865281021064,1,arithmetic:s10:r2,1388,recording_disjoint,Recording-disjoint split,arithmetic,1,112
0,1,10,0.36472033735836129,0.6352796626416386,1,arithmetic:s10:r0,1441,recording_disjoint,Recording-disjoint split,arithmetic,0,185
1,1,10,0.17693852911656416,0.82306147088343584,1,arithmetic:s10:r3,1441,recording_disjoint,Recording-disjoint split,arithmetic,1,145
0,2,10,0.029383798891322706,0.9706162011086773,1,arithmetic:s10:r1,1441,recording_disjoint,Recording-disjoint split,arithmetic,0,96
1,2,10,0.015841347189789363,0.98415865281021064,1,arithmetic:s10:r2,1441,recording_disjoint,Recording-disjoint split,arithmetic,1,112
0,1,10,0.36472033735836129,0.6352796626416386,1,arithmetic:s10:r0,1494,recording_disjoint,Recording-disjoint split,arithmetic,0,185
1,1,10,0.17693852911656416,0.82306147088343584,1,arithmetic:s10:r3,1494,recording_disjoint,Recording-disjoint split,arithmetic,1,145
0,2,10,0.029383798891322706,0.9706162011086773,1,arithmetic:s10:r1,1494,recording_disjoint,Recording-disjoint split,arithmetic,0,96
1,2,10,0.015841347189789363,0.98415865281021064,1,arithmetic:s10:r2,1494,recording_disjoint,Recording-disjoint split,arithmetic,1,112
0,1,10,4.6440144469590861e-05,0.99995355985553036,1,arithmetic:s10:r0,1547,recording_disjoint,Recording-disjoint split,arithmetic,0,185
1,1,10,0.40272583877457901,0.59727416122542099,1,arithmetic:s10:r2,1547,recording_disjoint,Recording-disjoint split,arithmetic,1,112
0,2,10,0.026307104391770426,0.97369289560822958,1,arithmetic:s10:r1,1547,recording_disjoint,Recording-disjoint split,arithmetic,0,96
1,2,10,0.021519389072777208,0.97848061092722283,1,arithmetic:s10:r3,1547,recording_disjoint,Recording-disjoint split,arithmetic,1,145
0,1,11,7.8029810800852198e-07,0.99999921970189209,1,arithmetic:s11:r0,1335,recording_disjoint,Recording-disjoint split,arithmetic,0,244
1,1,11,0.29937558256316105,0.70062441743683901,1,arithmetic:s11:r2,1335,recording_disjoint,Recording-disjoint split,arithmetic,1,162
0,2,11,0.0030688014309478103,0.99693119856905221,1,arithmetic:s11:r1,1335,recording_disjoint,Recording-disjoint split,arithmetic,0,155
1,2,11,0.0017659819218682647,0.99823401807813172,1,arithmetic:s11:r3,1335,recording_disjoint,Recording-disjoint split,arithmetic,1,211
0,1,11,1.6613536234132075e-05,0.99998338646376594,1,arithmetic:s11:r0,1388,recording_disjoint,Recording-disjoint split,arithmetic,0,244
1,1,11,0.33791757871035311,0.66208242128964689,1,arithmetic:s11:r3,1388,recording_disjoint,Recording-disjoint split,arithmetic,1,211
0,2,11,0.0034647433293304901,0.99653525667066956,1,arithmetic:s11:r1,1388,recording_disjoint,Recording-disjoint split,arithmetic,0,155
1,2,11,0.0032149442973705812,0.99678505570262932,1,arithmetic:s11:r2,1388,recording_disjoint,Recording-disjoint split,arithmetic,1,162
0,1,11,1.6613536234132075e-05,0.99998338646376594,1,arithmetic:s11:r0,1441,recording_disjoint,Recording-disjoint split,arithmetic,0,244
1,1,11,0.33791757871035311,0.66208242128964689,1,arithmetic:s11:r3,1441,recording_disjoint,Recording-disjoint split,arithmetic,1,211
0,2,11,0.0034647433293304901,0.99653525667066956,1,arithmetic:s11:r1,1441,recording_disjoint,Recording-disjoint split,arithmetic,0,155
1,2,11,0.0032149442973705812,0.99678505570262932,1,arithmetic:s11:r2,1441,recording_disjoint,Recording-disjoint split,arithmetic,1,162
0,1,11,1.6613536234132075e-05,0.99998338646376594,1,arithmetic:s11:r0,1494,recording_disjoint,Recording-disjoint split,arithmetic,0,244
1,1,11,0.33791757871035311,0.66208242128964689,1,arithmetic:s11:r3,1494,recording_disjoint,Recording-disjoint split,arithmetic,1,211
0,2,11,0.0034647433293304901,0.99653525667066956,1,arithmetic:s11:r1,1494,recording_disjoint,Recording-disjoint split,arithmetic,0,155
1,2,11,0.0032149442973705812,0.99678505570262932,1,arithmetic:s11:r2,1494,recording_disjoint,Recording-disjoint split,arithmetic,1,162
0,1,11,7.8029810800852198e-07,0.99999921970189209,1,arithmetic:s11:r0,1547,recording_disjoint,Recording-disjoint split,arithmetic,0,244
1,1,11,0.29937558256316105,0.70062441743683901,1,arithmetic:s11:r2,1547,recording_disjoint,Recording-disjoint split,arithmetic,1,162
0,2,11,0.0030688014309478103,0.99693119856905221,1,arithmetic:s11:r1,1547,recording_disjoint,Recording-disjoint split,arithmetic,0,155
1,2,11,0.0017659819218682647,0.99823401807813172,1,arithmetic:s11:r3,1547,recording_disjoint,Recording-disjoint split,arithmetic,1,211
1,1,12,0.60746465621868029,0.39253534378131982,0,arithmetic:s12:r0,1335,recording_disjoint,Recording-disjoint split,arithmetic,0,185
0,1,12,0.83900564899615515,0.16099435100384485,0,arithmetic:s12:r2,1335,recording_disjoint,Recording-disjoint split,arithmetic,1,135
0,2,12,0.001532249514590937,0.99846775048540903,1,arithmetic:s12:r1,1335,recording_disjoint,Recording-disjoint split,arithmetic,0,116
1,2,12,0.012213107339970986,0.98778689266002895,1,arithmetic:s12:r3,1335,recording_disjoint,Recording-disjoint split,arithmetic,1,219
0,1,12,0.00093866123668938438,0.9990613387633106,1,arithmetic:s12:r0,1388,recording_disjoint,Recording-disjoint split,arithmetic,0,185
1,1,12,0.40876154291639211,0.59123845708360789,1,arithmetic:s12:r3,1388,recording_disjoint,Recording-disjoint split,arithmetic,1,219
0,2,12,0.0095354487028427217,0.99046455129715738,1,arithmetic:s12:r1,1388,recording_disjoint,Recording-disjoint split,arithmetic,0,116
1,2,12,0.037994594109425149,0.96200540589057482,1,arithmetic:s12:r2,1388,recording_disjoint,Recording-disjoint split,arithmetic,1,135
0,1,12,0.00093866123668938438,0.9990613387633106,1,arithmetic:s12:r0,1441,recording_disjoint,Recording-disjoint split,arithmetic,0,185
1,1,12,0.40876154291639211,0.59123845708360789,1,arithmetic:s12:r3,1441,recording_disjoint,Recording-disjoint split,arithmetic,1,219
0,2,12,0.0095354487028427217,0.99046455129715738,1,arithmetic:s12:r1,1441,recording_disjoint,Recording-disjoint split,arithmetic,0,116
1,2,12,0.037994594109425149,0.96200540589057482,1,arithmetic:s12:r2,1441,recording_disjoint,Recording-disjoint split,arithmetic,1,135
0,1,12,0.00093866123668938438,0.9990613387633106,1,arithmetic:s12:r0,1494,recording_disjoint,Recording-disjoint split,arithmetic,0,185
1,1,12,0.40876154291639211,0.59123845708360789,1,arithmetic:s12:r3,1494,recording_disjoint,Recording-disjoint split,arithmetic,1,219
0,2,12,0.0095354487028427217,0.99046455129715738,1,arithmetic:s12:r1,1494,recording_disjoint,Recording-disjoint split,arithmetic,0,116
1,2,12,0.037994594109425149,0.96200540589057482,1,arithmetic:s12:r2,1494,recording_disjoint,Recording-disjoint split,arithmetic,1,135
1,1,12,0.60746465621868029,0.39253534378131982,0,arithmetic:s12:r0,1547,recording_disjoint,Recording-disjoint split,arithmetic,0,185
0,1,12,0.83900564899615515,0.16099435100384485,0,arithmetic:s12:r2,1547,recording_disjoint,Recording-disjoint split,arithmetic,1,135
0,2,12,0.001532249514590937,0.99846775048540903,1,arithmetic:s12:r1,1547,recording_disjoint,Recording-disjoint split,arithmetic,0,116
1,2,12,0.012213107339970986,0.98778689266002895,1,arithmetic:s12:r3,1547,recording_disjoint,Recording-disjoint split,arithmetic,1,219
0,1,13,0.33573699784365674,0.66426300215634326,1,arithmetic:s13:r0,1335,recording_disjoint,Recording-disjoint split,arithmetic,0,180
1,1,13,0.06470660357627224,0.93529339642372777,1,arithmetic:s13:r2,1335,recording_disjoint,Recording-disjoint split,arithmetic,1,145
0,2,13,0.001159748527858872,0.99884025147214117,1,arithmetic:s13:r1,1335,recording_disjoint,Recording-disjoint split,arithmetic,0,142
1,2,13,0.000784860035885999,0.99921513996411393,1,arithmetic:s13:r3,1335,recording_disjoint,Recording-disjoint split,arithmetic,1,203
0,1,13,0.0013489105285249133,0.99865108947147518,1,arithmetic:s13:r0,1388,recording_disjoint,Recording-disjoint split,arithmetic,0,180
1,1,13,0.22486378246205055,0.77513621753794948,1,arithmetic:s13:r3,1388,recording_disjoint,Recording-disjoint split,arithmetic,1,203
0,2,13,0.0026249029856250518,0.99737509701437499,1,arithmetic:s13:r1,1388,recording_disjoint,Recording-disjoint split,arithmetic,0,142
1,2,13,0.0051365068598918867,0.99486349314010813,1,arithmetic:s13:r2,1388,recording_disjoint,Recording-disjoint split,arithmetic,1,145
0,1,13,0.0013489105285249133,0.99865108947147518,1,arithmetic:s13:r0,1441,recording_disjoint,Recording-disjoint split,arithmetic,0,180
1,1,13,0.22486378246205055,0.77513621753794948,1,arithmetic:s13:r3,1441,recording_disjoint,Recording-disjoint split,arithmetic,1,203
0,2,13,0.0026249029856250518,0.99737509701437499,1,arithmetic:s13:r1,1441,recording_disjoint,Recording-disjoint split,arithmetic,0,142
1,2,13,0.0051365068598918867,0.99486349314010813,1,arithmetic:s13:r2,1441,recording_disjoint,Recording-disjoint split,arithmetic,1,145
0,1,13,0.0013489105285249133,0.99865108947147518,1,arithmetic:s13:r0,1494,recording_disjoint,Recording-disjoint split,arithmetic,0,180
1,1,13,0.22486378246205055,0.77513621753794948,1,arithmetic:s13:r3,1494,recording_disjoint,Recording-disjoint split,arithmetic,1,203
0,2,13,0.0026249029856250518,0.99737509701437499,1,arithmetic:s13:r1,1494,recording_disjoint,Recording-disjoint split,arithmetic,0,142
1,2,13,0.0051365068598918867,0.99486349314010813,1,arithmetic:s13:r2,1494,recording_disjoint,Recording-disjoint split,arithmetic,1,145
0,1,13,0.33573699784365674,0.66426300215634326,1,arithmetic:s13:r0,1547,recording_disjoint,Recording-disjoint split,arithmetic,0,180
1,1,13,0.06470660357627224,0.93529339642372777,1,arithmetic:s13:r2,1547,recording_disjoint,Recording-disjoint split,arithmetic,1,145
0,2,13,0.001159748527858872,0.99884025147214117,1,arithmetic:s13:r1,1547,recording_disjoint,Recording-disjoint split,arithmetic,0,142
1,2,13,0.000784860035885999,0.99921513996411393,1,arithmetic:s13:r3,1547,recording_disjoint,Recording-disjoint split,arithmetic,1,203
0,1,14,1.4301565458562555e-12,0.99999999999856981,1,arithmetic:s14:r0,1335,recording_disjoint,Recording-disjoint split,arithmetic,0,155
0,1,14,0.9791698957004874,0.020830104299512722,0,arithmetic:s14:r2,1335,recording_disjoint,Recording-disjoint split,arithmetic,1,155
0,2,14,0.00011274658778285179,0.99988725341221718,1,arithmetic:s14:r1,1335,recording_disjoint,Recording-disjoint split,arithmetic,0,114
1,2,14,0.005523468148896666,0.9944765318511033,1,arithmetic:s14:r3,1335,recording_disjoint,Recording-disjoint split,arithmetic,1,170
0,1,14,0.0015336057121167319,0.99846639428788331,1,arithmetic:s14:r0,1388,recording_disjoint,Recording-disjoint split,arithmetic,0,155
1,1,14,1.609678056375401e-06,0.99999839032194371,1,arithmetic:s14:r3,1388,recording_disjoint,Recording-disjoint split,arithmetic,1,170
0,2,14,1.1475173359973603e-05,0.99998852482664002,1,arithmetic:s14:r1,1388,recording_disjoint,Recording-disjoint split,arithmetic,0,114
1,2,14,1.1869070799120611e-05,0.99998813092920091,1,arithmetic:s14:r2,1388,recording_disjoint,Recording-disjoint split,arithmetic,1,155
0,1,14,0.0015336057121167319,0.99846639428788331,1,arithmetic:s14:r0,1441,recording_disjoint,Recording-disjoint split,arithmetic,0,155
1,1,14,1.609678056375401e-06,0.99999839032194371,1,arithmetic:s14:r3,1441,recording_disjoint,Recording-disjoint split,arithmetic,1,170
0,2,14,1.1475173359973603e-05,0.99998852482664002,1,arithmetic:s14:r1,1441,recording_disjoint,Recording-disjoint split,arithmetic,0,114
1,2,14,1.1869070799120611e-05,0.99998813092920091,1,arithmetic:s14:r2,1441,recording_disjoint,Recording-disjoint split,arithmetic,1,155
0,1,14,0.0015336057121167319,0.99846639428788331,1,arithmetic:s14:r0,1494,recording_disjoint,Recording-disjoint split,arithmetic,0,155
1,1,14,1.609678056375401e-06,0.99999839032194371,1,arithmetic:s14:r3,1494,recording_disjoint,Recording-disjoint split,arithmetic,1,170
0,2,14,1.1475173359973603e-05,0.99998852482664002,1,arithmetic:s14:r1,1494,recording_disjoint,Recording-disjoint split,arithmetic,0,114
1,2,14,1.1869070799120611e-05,0.99998813092920091,1,arithmetic:s14:r2,1494,recording_disjoint,Recording-disjoint split,arithmetic,1,155
0,1,14,1.4301565458562555e-12,0.99999999999856981,1,arithmetic:s14:r0,1547,recording_disjoint,Recording-disjoint split,arithmetic,0,155
0,1,14,0.9791698957004874,0.020830104299512722,0,arithmetic:s14:r2,1547,recording_disjoint,Recording-disjoint split,arithmetic,1,155
0,2,14,0.00011274658778285179,0.99988725341221718,1,arithmetic:s14:r1,1547,recording_disjoint,Recording-disjoint split,arithmetic,0,114
1,2,14,0.005523468148896666,0.9944765318511033,1,arithmetic:s14:r3,1547,recording_disjoint,Recording-disjoint split,arithmetic,1,170
1,1,15,0.99999999943082574,5.691742112507783e-10,0,arithmetic:s15:r0,1335,recording_disjoint,Recording-disjoint split,arithmetic,0,165
1,1,15,0.24657924892381905,0.75342075107618101,1,arithmetic:s15:r2,1335,recording_disjoint,Recording-disjoint split,arithmetic,1,130
0,2,15,0.00032333117800797723,0.99967666882199202,1,arithmetic:s15:r1,1335,recording_disjoint,Recording-disjoint split,arithmetic,0,184
1,2,15,0.00028988270123789521,0.99971011729876214,1,arithmetic:s15:r3,1335,recording_disjoint,Recording-disjoint split,arithmetic,1,248
1,1,15,0.99999999965497532,3.4502471740254436e-10,0,arithmetic:s15:r0,1388,recording_disjoint,Recording-disjoint split,arithmetic,0,165
1,1,15,0.0027668668117275907,0.99723313318827245,1,arithmetic:s15:r3,1388,recording_disjoint,Recording-disjoint split,arithmetic,1,248
0,2,15,0.00018855429511240685,0.99981144570488767,1,arithmetic:s15:r1,1388,recording_disjoint,Recording-disjoint split,arithmetic,0,184
1,2,15,0.00012563842786992617,0.99987436157213005,1,arithmetic:s15:r2,1388,recording_disjoint,Recording-disjoint split,arithmetic,1,130
1,1,15,0.99999999965497532,3.4502471740254436e-10,0,arithmetic:s15:r0,1441,recording_disjoint,Recording-disjoint split,arithmetic,0,165
1,1,15,0.0027668668117275907,0.99723313318827245,1,arithmetic:s15:r3,1441,recording_disjoint,Recording-disjoint split,arithmetic,1,248
0,2,15,0.00018855429511240685,0.99981144570488767,1,arithmetic:s15:r1,1441,recording_disjoint,Recording-disjoint split,arithmetic,0,184
1,2,15,0.00012563842786992617,0.99987436157213005,1,arithmetic:s15:r2,1441,recording_disjoint,Recording-disjoint split,arithmetic,1,130
1,1,15,0.99999999965497532,3.4502471740254436e-10,0,arithmetic:s15:r0,1494,recording_disjoint,Recording-disjoint split,arithmetic,0,165
1,1,15,0.0027668668117275907,0.99723313318827245,1,arithmetic:s15:r3,1494,recording_disjoint,Recording-disjoint split,arithmetic,1,248
0,2,15,0.00018855429511240685,0.99981144570488767,1,arithmetic:s15:r1,1494,recording_disjoint,Recording-disjoint split,arithmetic,0,184
1,2,15,0.00012563842786992617,0.99987436157213005,1,arithmetic:s15:r2,1494,recording_disjoint,Recording-disjoint split,arithmetic,1,130
1,1,15,0.99999999943082574,5.691742112507783e-10,0,arithmetic:s15:r0,1547,recording_disjoint,Recording-disjoint split,arithmetic,0,165
1,1,15,0.24657924892381905,0.75342075107618101,1,arithmetic:s15:r2,1547,recording_disjoint,Recording-disjoint split,arithmetic,1,130
0,2,15,0.00032333117800797723,0.99967666882199202,1,arithmetic:s15:r1,1547,recording_disjoint,Recording-disjoint split,arithmetic,0,184
1,2,15,0.00028988270123789521,0.99971011729876214,1,arithmetic:s15:r3,1547,recording_disjoint,Recording-disjoint split,arithmetic,1,248
1,1,1,0.55708558080539383,0.44291441919460611,0,stroop:s01:r0,,participant_disjoint,Participant-disjoint split,stroop,0,157
1,1,1,0.91459143112124008,0.085408568878759944,0,stroop:s01:r1,,participant_disjoint,Participant-disjoint split,stroop,0,148
0,1,1,0.90861541160934101,0.09138458839065898,0,stroop:s01:r2,,participant_disjoint,Participant-disjoint split,stroop,1,139
0,1,1,0.94503413455672702,0.05496586544327299,0,stroop:s01:r3,,participant_disjoint,Participant-disjoint split,stroop,1,209
0,2,2,0.12083066000205704,0.879169339997943,1,stroop:s02:r0,,participant_disjoint,Participant-disjoint split,stroop,0,450
0,2,2,0.10069733469567284,0.89930266530432712,1,stroop:s02:r1,,participant_disjoint,Participant-disjoint split,stroop,0,95
1,2,2,0.021179378172593893,0.97882062182740603,1,stroop:s02:r2,,participant_disjoint,Participant-disjoint split,stroop,1,106
1,2,2,0.20904942057871032,0.79095057942128966,1,stroop:s02:r3,,participant_disjoint,Participant-disjoint split,stroop,1,208
1,3,3,0.98215007706774093,0.01784992293225909,0,stroop:s03:r0,,participant_disjoint,Participant-disjoint split,stroop,0,181
0,3,3,0.41005401949294246,0.58994598050705749,1,stroop:s03:r1,,participant_disjoint,Participant-disjoint split,stroop,0,127
1,3,3,0.11455321852079467,0.8854467814792053,1,stroop:s03:r2,,participant_disjoint,Participant-disjoint split,stroop,1,102
1,3,3,0.030353064840003066,0.96964693515999689,1,stroop:s03:r3,,participant_disjoint,Participant-disjoint split,stroop,1,160
1,4,4,0.97551796049151074,0.024482039508489251,0,stroop:s04:r0,,participant_disjoint,Participant-disjoint split,stroop,0,116
1,4,4,0.75613523831817753,0.24386476168182245,0,stroop:s04:r1,,participant_disjoint,Participant-disjoint split,stroop,0,89
0,4,4,0.96155189103342387,0.038448108966576043,0,stroop:s04:r2,,participant_disjoint,Participant-disjoint split,stroop,1,62
0,4,4,0.62994881461723573,0.37005118538276427,0,stroop:s04:r3,,participant_disjoint,Participant-disjoint split,stroop,1,192
1,5,5,0.99775561448214189,0.0022443855178581819,0,stroop:s05:r0,,participant_disjoint,Participant-disjoint split,stroop,0,244
0,5,5,0.17266338336333167,0.82733661663666835,1,stroop:s05:r1,,participant_disjoint,Participant-disjoint split,stroop,0,137
1,5,5,0.040310702286705143,0.95968929771329481,1,stroop:s05:r2,,participant_disjoint,Participant-disjoint split,stroop,1,108
1,5,5,0.023978199916327249,0.97602180008367267,1,stroop:s05:r3,,participant_disjoint,Participant-disjoint split,stroop,1,171
0,6,6,0.021554771257912591,0.97844522874208739,1,stroop:s06:r0,,participant_disjoint,Participant-disjoint split,stroop,0,150
0,6,6,0.019282800590954153,0.98071719940904589,1,stroop:s06:r1,,participant_disjoint,Participant-disjoint split,stroop,0,119
1,6,6,7.7055982970185539e-12,0.99999999999229439,1,stroop:s06:r2,,participant_disjoint,Participant-disjoint split,stroop,1,111
1,6,6,0.075714888943548775,0.92428511105645128,1,stroop:s06:r3,,participant_disjoint,Participant-disjoint split,stroop,1,161
0,7,7,0.25822966692447619,0.74177033307552376,1,stroop:s07:r0,,participant_disjoint,Participant-disjoint split,stroop,0,169
1,7,7,0.98593046882485269,0.014069531175147395,0,stroop:s07:r1,,participant_disjoint,Participant-disjoint split,stroop,0,97
0,7,7,0.97799324327564174,0.022006756724358298,0,stroop:s07:r2,,participant_disjoint,Participant-disjoint split,stroop,1,96
0,7,7,0.98500346034116337,0.01499653965883662,0,stroop:s07:r3,,participant_disjoint,Participant-disjoint split,stroop,1,179
1,8,8,0.82581475079422573,0.17418524920577425,0,stroop:s08:r0,,participant_disjoint,Participant-disjoint split,stroop,0,190
1,8,8,0.53913481330380397,0.46086518669619603,0,stroop:s08:r1,,participant_disjoint,Participant-disjoint split,stroop,0,162
0,8,8,0.58356760931333507,0.41643239068666499,0,stroop:s08:r2,,participant_disjoint,Participant-disjoint split,stroop,1,160
1,8,8,0.43615731874094227,0.56384268125905768,1,stroop:s08:r3,,participant_disjoint,Participant-disjoint split,stroop,1,234
1,9,9,0.87320467212136721,0.12679532787863276,0,stroop:s09:r0,,participant_disjoint,Participant-disjoint split,stroop,0,410
1,9,9,0.58594306817491548,0.41405693182508452,0,stroop:s09:r1,,participant_disjoint,Participant-disjoint split,stroop,0,160
1,9,9,0.25778856055327609,0.74221143944672385,1,stroop:s09:r2,,participant_disjoint,Participant-disjoint split,stroop,1,110
1,9,9,0.27498552387185532,0.72501447612814462,1,stroop:s09:r3,,participant_disjoint,Participant-disjoint split,stroop,1,193
1,10,10,0.9998629685985716,0.00013703140142836057,0,stroop:s10:r0,,participant_disjoint,Participant-disjoint split,stroop,0,185
1,10,10,0.99841858051349552,0.0015814194865045653,0,stroop:s10:r1,,participant_disjoint,Participant-disjoint split,stroop,0,118
0,10,10,0.99908501840481312,0.00091498159518692463,0,stroop:s10:r2,,participant_disjoint,Participant-disjoint split,stroop,1,83
0,10,10,0.99999179605260979,8.2039473901605378e-06,0,stroop:s10:r3,,participant_disjoint,Participant-disjoint split,stroop,1,207
1,11,11,0.99531780263883485,0.0046821973611651238,0,stroop:s11:r0,,participant_disjoint,Participant-disjoint split,stroop,0,244
0,11,11,0.28679650230930398,0.71320349769069602,1,stroop:s11:r1,,participant_disjoint,Participant-disjoint split,stroop,0,113
1,11,11,0.29650626213411141,0.70349373786588854,1,stroop:s11:r2,,participant_disjoint,Participant-disjoint split,stroop,1,130
1,11,11,0.23773152961512917,0.76226847038487089,1,stroop:s11:r3,,participant_disjoint,Participant-disjoint split,stroop,1,185
0,12,12,0.3415533499124383,0.65844665008756176,1,stroop:s12:r0,,participant_disjoint,Participant-disjoint split,stroop,0,185
0,12,12,0.12315939884673632,0.87684060115326368,1,stroop:s12:r1,,participant_disjoint,Participant-disjoint split,stroop,0,123
1,12,12,0.048240500140868024,0.95175949985913189,1,stroop:s12:r2,,participant_disjoint,Participant-disjoint split,stroop,1,126
1,12,12,0.12324727927525989,0.87675272072474009,1,stroop:s12:r3,,participant_disjoint,Participant-disjoint split,stroop,1,189
1,13,13,0.99955220508799947,0.00044779491200048658,0,stroop:s13:r0,,participant_disjoint,Participant-disjoint split,stroop,0,180
1,13,13,0.70925475159657048,0.29074524840342952,0,stroop:s13:r1,,participant_disjoint,Participant-disjoint split,stroop,0,91
0,13,13,0.70692002351247918,0.29307997648752071,0,stroop:s13:r2,,participant_disjoint,Participant-disjoint split,stroop,1,122
0,13,13,0.78370790312770211,0.21629209687229789,0,stroop:s13:r3,,participant_disjoint,Participant-disjoint split,stroop,1,180
1,1,1,0.99999888955358229,1.1104464176789142e-06,0,stroop:s01:r0,1335,random_window,Random-window split,stroop,0,21
1,1,1,0.77598013466789506,0.22401986533210499,0,stroop:s01:r1,1335,random_window,Random-window split,stroop,0,16
1,1,1,0.05892700305951859,0.94107299694048141,1,stroop:s01:r2,1335,random_window,Random-window split,stroop,1,14
1,1,1,0.023053018921677031,0.97694698107832301,1,stroop:s01:r3,1335,random_window,Random-window split,stroop,1,28
1,2,1,0.99998205752102309,1.7942478976907184e-05,0,stroop:s01:r0,1335,random_window,Random-window split,stroop,0,20
1,2,1,0.7659066140583185,0.23409338594168161,0,stroop:s01:r1,1335,random_window,Random-window split,stroop,0,17
1,2,1,0.16149593513929122,0.83850406486070872,1,stroop:s01:r2,1335,random_window,Random-window split,stroop,1,21
1,2,1,0.026226283633632948,0.97377371636636711,1,stroop:s01:r3,1335,random_window,Random-window split,stroop,1,21
1,1,1,0.99983672841555582,0.00016327158444415276,0,stroop:s01:r0,1388,random_window,Random-window split,stroop,0,19
1,1,1,0.74685134202967363,0.25314865797032637,0,stroop:s01:r1,1388,random_window,Random-window split,stroop,0,18
1,1,1,0.2172442195238295,0.78275578047617056,1,stroop:s01:r2,1388,random_window,Random-window split,stroop,1,21
1,1,1,0.018080455038676353,0.98191954496132372,1,stroop:s01:r3,1388,random_window,Random-window split,stroop,1,21
1,2,1,0.99984538400309819,0.0001546159969017302,0,stroop:s01:r0,1388,random_window,Random-window split,stroop,0,18
1,2,1,0.85112013117655128,0.14887986882344864,0,stroop:s01:r1,1388,random_window,Random-window split,stroop,0,19
1,2,1,0.17299670628107114,0.82700329371892889,1,stroop:s01:r2,1388,random_window,Random-window split,stroop,1,19
1,2,1,0.040517429062000551,0.95948257093799938,1,stroop:s01:r3,1388,random_window,Random-window split,stroop,1,23
1,1,1,0.99996847217765972,3.1527822340248588e-05,0,stroop:s01:r0,1441,random_window,Random-window split,stroop,0,20
1,1,1,0.86467559081341883,0.13532440918658123,0,stroop:s01:r1,1441,random_window,Random-window split,stroop,0,17
1,1,1,0.079933538480435495,0.9200664615195645,1,stroop:s01:r2,1441,random_window,Random-window split,stroop,1,7
1,1,1,0.049562626932737018,0.95043737306726306,1,stroop:s01:r3,1441,random_window,Random-window split,stroop,1,35
1,2,1,0.99962779146622749,0.00037220853377246916,0,stroop:s01:r0,1441,random_window,Random-window split,stroop,0,18
1,2,1,0.69118398466513964,0.30881601533486042,0,stroop:s01:r1,1441,random_window,Random-window split,stroop,0,19
1,2,1,0.19599466017617831,0.80400533982382161,1,stroop:s01:r2,1441,random_window,Random-window split,stroop,1,15
1,2,1,0.024396415376258942,0.97560358462374108,1,stroop:s01:r3,1441,random_window,Random-window split,stroop,1,27
1,1,1,0.99966889471141418,0.00033110528858587015,0,stroop:s01:r0,1494,random_window,Random-window split,stroop,0,19
1,1,1,0.80591353848744107,0.19408646151255887,0,stroop:s01:r1,1494,random_window,Random-window split,stroop,0,18
1,1,1,0.11966540947430342,0.88033459052569651,1,stroop:s01:r2,1494,random_window,Random-window split,stroop,1,18
1,1,1,0.02414614459378641,0.97585385540621361,1,stroop:s01:r3,1494,random_window,Random-window split,stroop,1,24
1,2,1,0.99994558899198849,5.4411008011579753e-05,0,stroop:s01:r0,1494,random_window,Random-window split,stroop,0,23
1,2,1,0.85358356159750171,0.14641643840249824,0,stroop:s01:r1,1494,random_window,Random-window split,stroop,0,14
1,2,1,0.27667159769615085,0.7233284023038492,1,stroop:s01:r2,1494,random_window,Random-window split,stroop,1,18
1,2,1,0.065657492911177964,0.93434250708882205,1,stroop:s01:r3,1494,random_window,Random-window split,stroop,1,24
1,1,1,0.99995214044586889,4.7859554131140622e-05,0,stroop:s01:r0,1547,random_window,Random-window split,stroop,0,16
1,1,1,0.79143916982980955,0.20856083017019048,0,stroop:s01:r1,1547,random_window,Random-window split,stroop,0,21
1,1,1,0.13770047219853371,0.86229952780146635,1,stroop:s01:r2,1547,random_window,Random-window split,stroop,1,21
1,1,1,0.040635064799565211,0.95936493520043475,1,stroop:s01:r3,1547,random_window,Random-window split,stroop,1,21
1,2,1,0.99999890944298608,1.090557013984128e-06,0,stroop:s01:r0,1547,random_window,Random-window split,stroop,0,19
1,2,1,0.90780634974541741,0.092193650254582524,0,stroop:s01:r1,1547,random_window,Random-window split,stroop,0,18
1,2,1,0.066948234958368616,0.93305176504163134,1,stroop:s01:r2,1547,random_window,Random-window split,stroop,1,14
1,2,1,0.024744280720217851,0.97525571927978216,1,stroop:s01:r3,1547,random_window,Random-window split,stroop,1,28
1,1,2,0.99994835767841306,5.164232158696938e-05,0,stroop:s02:r0,1335,random_window,Random-window split,stroop,0,52
1,1,2,0.94239141142844984,0.057608588571550164,0,stroop:s02:r1,1335,random_window,Random-window split,stroop,0,14
1,1,2,0.0032134870445483707,0.99678651295545162,1,stroop:s02:r2,1335,random_window,Random-window split,stroop,1,11
1,1,2,0.0010959963188762742,0.99890400368112364,1,stroop:s02:r3,1335,random_window,Random-window split,stroop,1,27
1,2,2,0.99992654267683545,7.3457323164600167e-05,0,stroop:s02:r0,1335,random_window,Random-window split,stroop,0,51
1,2,2,0.95932094646708366,0.040679053532916364,0,stroop:s02:r1,1335,random_window,Random-window split,stroop,0,15
1,2,2,0.010873645868308792,0.98912635413169125,1,stroop:s02:r2,1335,random_window,Random-window split,stroop,1,12
1,2,2,0.0023874092904674696,0.99761259070953257,1,stroop:s02:r3,1335,random_window,Random-window split,stroop,1,26
1,1,2,0.99988592502757134,0.00011407497242863609,0,stroop:s02:r0,1388,random_window,Random-window split,stroop,0,59
1,1,2,0.92969131507134739,0.070308684928652623,0,stroop:s02:r1,1388,random_window,Random-window split,stroop,0,7
1,1,2,0.0038548132922548535,0.9961451867077451,1,stroop:s02:r2,1388,random_window,Random-window split,stroop,1,9
1,1,2,0.0053306715872729164,0.99466932841272704,1,stroop:s02:r3,1388,random_window,Random-window split,stroop,1,29
1,2,2,0.9998552507334294,0.00014474926657063523,0,stroop:s02:r0,1388,random_window,Random-window split,stroop,0,55
1,2,2,0.95804684437940935,0.041953155620590751,0,stroop:s02:r1,1388,random_window,Random-window split,stroop,0,11
1,2,2,0.0086860262494590449,0.99131397375054087,1,stroop:s02:r2,1388,random_window,Random-window split,stroop,1,10
1,2,2,0.0026425341589715969,0.99735746584102847,1,stroop:s02:r3,1388,random_window,Random-window split,stroop,1,28
1,1,2,0.99983311735053759,0.00016688264946241753,0,stroop:s02:r0,1441,random_window,Random-window split,stroop,0,54
1,1,2,0.97834812458749087,0.021651875412509104,0,stroop:s02:r1,1441,random_window,Random-window split,stroop,0,12
1,1,2,0.0053128666694294583,0.99468713333057046,1,stroop:s02:r2,1441,random_window,Random-window split,stroop,1,12
1,1,2,0.00090179741063319788,0.99909820258936677,1,stroop:s02:r3,1441,random_window,Random-window split,stroop,1,26
1,2,2,0.99984419306218286,0.00015580693781709867,0,stroop:s02:r0,1441,random_window,Random-window split,stroop,0,56
1,2,2,0.97005581952074516,0.029944180479254852,0,stroop:s02:r1,1441,random_window,Random-window split,stroop,0,10
1,2,2,0.0037228405290309365,0.99627715947096906,1,stroop:s02:r2,1441,random_window,Random-window split,stroop,1,13
1,2,2,0.0021775462315739985,0.99782245376842604,1,stroop:s02:r3,1441,random_window,Random-window split,stroop,1,25
1,1,2,0.99986542535700107,0.00013457464299892886,0,stroop:s02:r0,1494,random_window,Random-window split,stroop,0,57
1,1,2,0.95330549285946564,0.046694507140534344,0,stroop:s02:r1,1494,random_window,Random-window split,stroop,0,9
1,1,2,0.012797430829224148,0.98720256917077587,1,stroop:s02:r2,1494,random_window,Random-window split,stroop,1,12
1,1,2,0.0034912100629102905,0.9965087899370898,1,stroop:s02:r3,1494,random_window,Random-window split,stroop,1,26
1,2,2,0.99991629524103731,8.370475896267905e-05,0,stroop:s02:r0,1494,random_window,Random-window split,stroop,0,56
1,2,2,0.94169821358906147,0.058301786410938604,0,stroop:s02:r1,1494,random_window,Random-window split,stroop,0,10
1,2,2,0.0055485446718861672,0.99445145532811385,1,stroop:s02:r2,1494,random_window,Random-window split,stroop,1,16
1,2,2,0.0035656945301322991,0.99643430546986778,1,stroop:s02:r3,1494,random_window,Random-window split,stroop,1,22
1,1,2,0.99980624507916616,0.00019375492083383361,0,stroop:s02:r0,1547,random_window,Random-window split,stroop,0,56
1,1,2,0.89834278617989571,0.10165721382010429,0,stroop:s02:r1,1547,random_window,Random-window split,stroop,0,10
1,1,2,0.0066071074246320969,0.99339289257536789,1,stroop:s02:r2,1547,random_window,Random-window split,stroop,1,13
1,1,2,0.0021455018472126518,0.99785449815278737,1,stroop:s02:r3,1547,random_window,Random-window split,stroop,1,25
1,2,2,0.99990938555731468,9.0614442685316908e-05,0,stroop:s02:r0,1547,random_window,Random-window split,stroop,0,55
1,2,2,0.96935917942297556,0.030640820577024393,0,stroop:s02:r1,1547,random_window,Random-window split,stroop,0,11
1,2,2,0.0089072516791159906,0.99109274832088401,1,stroop:s02:r2,1547,random_window,Random-window split,stroop,1,13
1,2,2,0.0036231345800655929,0.99637686541993431,1,stroop:s02:r3,1547,random_window,Random-window split,stroop,1,25
1,1,3,0.99964496823685178,0.00035503176314820241,0,stroop:s03:r0,1335,random_window,Random-window split,stroop,0,25
1,1,3,0.99939616976130508,0.00060383023869496687,0,stroop:s03:r1,1335,random_window,Random-window split,stroop,0,12
1,1,3,0.0050834221963959357,0.99491657780360399,1,stroop:s03:r2,1335,random_window,Random-window split,stroop,1,12
1,1,3,0.00012131898315263123,0.9998786810168474,1,stroop:s03:r3,1335,random_window,Random-window split,stroop,1,20
1,2,3,0.99975102123214177,0.00024897876785824212,0,stroop:s03:r0,1335,random_window,Random-window split,stroop,0,21
1,2,3,0.99920777441626496,0.00079222558373505739,0,stroop:s03:r1,1335,random_window,Random-window split,stroop,0,16
1,2,3,0.0085080287675297923,0.99149197123247024,1,stroop:s03:r2,1335,random_window,Random-window split,stroop,1,19
1,2,3,7.006464863353596e-05,0.99992993535136643,1,stroop:s03:r3,1335,random_window,Random-window split,stroop,1,13
1,1,3,0.99944779836546782,0.00055220163453222634,0,stroop:s03:r0,1388,random_window,Random-window split,stroop,0,25
1,1,3,0.99881072463202925,0.0011892753679706681,0,stroop:s03:r1,1388,random_window,Random-window split,stroop,0,12
1,1,3,0.0019862087851499643,0.99801379121485001,1,stroop:s03:r2,1388,random_window,Random-window split,stroop,1,17
1,1,3,0.0001665147169918591,0.99983348528300808,1,stroop:s03:r3,1388,random_window,Random-window split,stroop,1,15
1,2,3,0.99971583189192448,0.00028416810807551686,0,stroop:s03:r0,1388,random_window,Random-window split,stroop,0,23
1,2,3,0.99918953774920805,0.00081046225079193861,0,stroop:s03:r1,1388,random_window,Random-window split,stroop,0,14
1,2,3,0.0026419183796435783,0.99735808162035644,1,stroop:s03:r2,1388,random_window,Random-window split,stroop,1,8
1,2,3,9.1693002840344257e-05,0.9999083069971596,1,stroop:s03:r3,1388,random_window,Random-window split,stroop,1,24
1,1,3,0.99970129245476391,0.00029870754523616139,0,stroop:s03:r0,1441,random_window,Random-window split,stroop,0,23
1,1,3,0.99855649348876108,0.0014435065112390038,0,stroop:s03:r1,1441,random_window,Random-window split,stroop,0,14
1,1,3,0.0022634921751175006,0.99773650782488255,1,stroop:s03:r2,1441,random_window,Random-window split,stroop,1,13
1,1,3,0.00010377054401806049,0.999896229455982,1,stroop:s03:r3,1441,random_window,Random-window split,stroop,1,19
1,2,3,0.99977965007143321,0.00022034992856681892,0,stroop:s03:r0,1441,random_window,Random-window split,stroop,0,25
1,2,3,0.9990507365215866,0.00094926347841332599,0,stroop:s03:r1,1441,random_window,Random-window split,stroop,0,12
1,2,3,0.0026076277514394453,0.99739237224856059,1,stroop:s03:r2,1441,random_window,Random-window split,stroop,1,18
1,2,3,4.8920216325415229e-05,0.99995107978367459,1,stroop:s03:r3,1441,random_window,Random-window split,stroop,1,14
1,1,3,0.99978842072448171,0.00021157927551832955,0,stroop:s03:r0,1494,random_window,Random-window split,stroop,0,26
1,1,3,0.99856569455229238,0.0014343054477076837,0,stroop:s03:r1,1494,random_window,Random-window split,stroop,0,11
1,1,3,0.0026254635248702911,0.99737453647512964,1,stroop:s03:r2,1494,random_window,Random-window split,stroop,1,12
1,1,3,6.3043910052208165e-05,0.99993695608994781,1,stroop:s03:r3,1494,random_window,Random-window split,stroop,1,20
1,2,3,0.99956834297049235,0.00043165702950758892,0,stroop:s03:r0,1494,random_window,Random-window split,stroop,0,21
1,2,3,0.99828599636017534,0.001714003639824616,0,stroop:s03:r1,1494,random_window,Random-window split,stroop,0,16
1,2,3,0.0021266996905838988,0.99787330030941612,1,stroop:s03:r2,1494,random_window,Random-window split,stroop,1,14
1,2,3,0.00010137879922502885,0.999898621200775,1,stroop:s03:r3,1494,random_window,Random-window split,stroop,1,18
1,1,3,0.9998195834656497,0.00018041653435034086,0,stroop:s03:r0,1547,random_window,Random-window split,stroop,0,19
1,1,3,0.99919097654598854,0.00080902345401147335,0,stroop:s03:r1,1547,random_window,Random-window split,stroop,0,18
1,1,3,0.0015685735532689682,0.99843142644673111,1,stroop:s03:r2,1547,random_window,Random-window split,stroop,1,14
1,1,3,0.00012104723883458887,0.99987895276116545,1,stroop:s03:r3,1547,random_window,Random-window split,stroop,1,18
1,2,3,0.99977154842866445,0.00022845157133549683,0,stroop:s03:r0,1547,random_window,Random-window split,stroop,0,18
1,2,3,0.99928012979937375,0.00071987020062632334,0,stroop:s03:r1,1547,random_window,Random-window split,stroop,0,19
1,2,3,0.010777064525300662,0.98922293547469931,1,stroop:s03:r2,1547,random_window,Random-window split,stroop,1,12
1,2,3,7.0203023876106392e-05,0.99992979697612394,1,stroop:s03:r3,1547,random_window,Random-window split,stroop,1,20
1,1,4,0.99999999006367912,9.9363208267051143e-09,0,stroop:s04:r0,1335,random_window,Random-window split,stroop,0,17
1,1,4,0.99447958686503435,0.0055204131349656646,0,stroop:s04:r1,1335,random_window,Random-window split,stroop,0,8
1,1,4,0.005151348880499786,0.99484865111950027,1,stroop:s04:r2,1335,random_window,Random-window split,stroop,1,12
1,1,4,0.00020703533245834576,0.99979296466754164,1,stroop:s04:r3,1335,random_window,Random-window split,stroop,1,19
1,2,4,0.99999989109405696,1.089059430661524e-07,0,stroop:s04:r0,1335,random_window,Random-window split,stroop,0,12
1,2,4,0.99672881045749595,0.003271189542504058,0,stroop:s04:r1,1335,random_window,Random-window split,stroop,0,13
1,2,4,0.00027514542553394778,0.99972485457446603,1,stroop:s04:r2,1335,random_window,Random-window split,stroop,1,10
1,2,4,0.0011908980454764578,0.99880910195452355,1,stroop:s04:r3,1335,random_window,Random-window split,stroop,1,21
1,1,4,0.9999999200837254,7.9916274555354479e-08,0,stroop:s04:r0,1388,random_window,Random-window split,stroop,0,15
1,1,4,0.99823653013626634,0.0017634698637336275,0,stroop:s04:r1,1388,random_window,Random-window split,stroop,0,10
1,1,4,0.0027513443851351982,0.99724865561486475,1,stroop:s04:r2,1388,random_window,Random-window split,stroop,1,6
1,1,4,0.00053096698152042528,0.99946903301847967,1,stroop:s04:r3,1388,random_window,Random-window split,stroop,1,25
1,2,4,0.99999986449871114,1.3550128884606265e-07,0,stroop:s04:r0,1388,random_window,Random-window split,stroop,0,15
1,2,4,0.99778236178050084,0.0022176382194991164,0,stroop:s04:r1,1388,random_window,Random-window split,stroop,0,10
1,2,4,0.00062646825551004545,0.99937353174448995,1,stroop:s04:r2,1388,random_window,Random-window split,stroop,1,7
1,2,4,0.0003761582419302377,0.99962384175806973,1,stroop:s04:r3,1388,random_window,Random-window split,stroop,1,24
1,1,4,0.99999985878493436,1.4121506564025818e-07,0,stroop:s04:r0,1441,random_window,Random-window split,stroop,0,15
1,1,4,0.99733016520308482,0.0026698347969151847,0,stroop:s04:r1,1441,random_window,Random-window split,stroop,0,10
1,1,4,0.00077827421824429657,0.99922172578175572,1,stroop:s04:r2,1441,random_window,Random-window split,stroop,1,7
1,1,4,0.00029595665713962797,0.99970404334286034,1,stroop:s04:r3,1441,random_window,Random-window split,stroop,1,24
1,2,4,0.9999999105041032,8.9495896821648948e-08,0,stroop:s04:r0,1441,random_window,Random-window split,stroop,0,13
1,2,4,0.99851664050328448,0.0014833594967154366,0,stroop:s04:r1,1441,random_window,Random-window split,stroop,0,12
1,2,4,0.0012411545946187856,0.99875884540538129,1,stroop:s04:r2,1441,random_window,Random-window split,stroop,1,10
1,2,4,0.00012378611905380533,0.99987621388094616,1,stroop:s04:r3,1441,random_window,Random-window split,stroop,1,21
1,1,4,0.99999991080630635,8.9193693654366313e-08,0,stroop:s04:r0,1494,random_window,Random-window split,stroop,0,14
1,1,4,0.99954939925706199,0.00045060074293804832,0,stroop:s04:r1,1494,random_window,Random-window split,stroop,0,11
1,1,4,0.0012482019992348511,0.99875179800076519,1,stroop:s04:r2,1494,random_window,Random-window split,stroop,1,5
1,1,4,0.00047717456888069545,0.99952282543111926,1,stroop:s04:r3,1494,random_window,Random-window split,stroop,1,26
1,2,4,0.99999980320426085,1.9679573914652065e-07,0,stroop:s04:r0,1494,random_window,Random-window split,stroop,0,14
1,2,4,0.98852943997399179,0.011470560026008223,0,stroop:s04:r1,1494,random_window,Random-window split,stroop,0,11
1,2,4,0.0046085944176388989,0.99539140558236106,1,stroop:s04:r2,1494,random_window,Random-window split,stroop,1,6
1,2,4,0.0001241846370446755,0.99987581536295533,1,stroop:s04:r3,1494,random_window,Random-window split,stroop,1,25
1,1,4,0.9999998177949192,1.8220508078002635e-07,0,stroop:s04:r0,1547,random_window,Random-window split,stroop,0,12
1,1,4,0.99692390216685511,0.0030760978331449505,0,stroop:s04:r1,1547,random_window,Random-window split,stroop,0,13
1,1,4,0.0066327916237815749,0.99336720837621839,1,stroop:s04:r2,1547,random_window,Random-window split,stroop,1,10
1,1,4,0.0001123844951941454,0.99988761550480587,1,stroop:s04:r3,1547,random_window,Random-window split,stroop,1,21
1,2,4,0.99999984797648223,1.5202351781110293e-07,0,stroop:s04:r0,1547,random_window,Random-window split,stroop,0,13
1,2,4,0.99729840530814318,0.0027015946918569058,0,stroop:s04:r1,1547,random_window,Random-window split,stroop,0,12
1,2,4,0.0017919401147731269,0.99820805988522687,1,stroop:s04:r2,1547,random_window,Random-window split,stroop,1,10
1,2,4,0.00025956887852275097,0.99974043112147726,1,stroop:s04:r3,1547,random_window,Random-window split,stroop,1,21
1,1,5,0.99981039743243205,0.00018960256756799892,0,stroop:s05:r0,1335,random_window,Random-window split,stroop,0,32
1,1,5,0.99500541797319397,0.0049945820268060557,0,stroop:s05:r1,1335,random_window,Random-window split,stroop,0,14
1,1,5,0.00088852584433868006,0.99911147415566137,1,stroop:s05:r2,1335,random_window,Random-window split,stroop,1,9
1,1,5,0.0018478510497641736,0.99815214895023585,1,stroop:s05:r3,1335,random_window,Random-window split,stroop,1,25
1,2,5,0.99992384537558843,7.6154624411613956e-05,0,stroop:s05:r0,1335,random_window,Random-window split,stroop,0,27
1,2,5,0.99587342865747941,0.0041265713425205873,0,stroop:s05:r1,1335,random_window,Random-window split,stroop,0,19
1,2,5,0.0010196951371635062,0.9989803048628364,1,stroop:s05:r2,1335,random_window,Random-window split,stroop,1,17
1,2,5,0.0019349841790981112,0.9980650158209019,1,stroop:s05:r3,1335,random_window,Random-window split,stroop,1,17
1,1,5,0.99980134171860824,0.00019865828139171103,0,stroop:s05:r0,1388,random_window,Random-window split,stroop,0,27
1,1,5,0.98520182032564463,0.014798179674355375,0,stroop:s05:r1,1388,random_window,Random-window split,stroop,0,19
1,1,5,0.00043952407617961568,0.99956047592382047,1,stroop:s05:r2,1388,random_window,Random-window split,stroop,1,12
1,1,5,0.0030763128341480244,0.996923687165852,1,stroop:s05:r3,1388,random_window,Random-window split,stroop,1,22
1,2,5,0.99979715254000445,0.0002028474599955566,0,stroop:s05:r0,1388,random_window,Random-window split,stroop,0,33
1,2,5,0.99142127339467123,0.008578726605328834,0,stroop:s05:r1,1388,random_window,Random-window split,stroop,0,13
1,2,5,0.00067423147739763853,0.99932576852260235,1,stroop:s05:r2,1388,random_window,Random-window split,stroop,1,19
1,2,5,0.0010207945731833135,0.99897920542681673,1,stroop:s05:r3,1388,random_window,Random-window split,stroop,1,15
1,1,5,0.99987588875288691,0.00012411124711313878,0,stroop:s05:r0,1441,random_window,Random-window split,stroop,0,30
1,1,5,0.99350698461910469,0.0064930153808952914,0,stroop:s05:r1,1441,random_window,Random-window split,stroop,0,16
1,1,5,0.0022458530469847016,0.99775414695301523,1,stroop:s05:r2,1441,random_window,Random-window split,stroop,1,9
1,1,5,0.0035915467282551239,0.99640845327174488,1,stroop:s05:r3,1441,random_window,Random-window split,stroop,1,25
1,2,5,0.99961650221188214,0.00038349778811778837,0,stroop:s05:r0,1441,random_window,Random-window split,stroop,0,35
1,2,5,0.99422564478972308,0.0057743552102769288,0,stroop:s05:r1,1441,random_window,Random-window split,stroop,0,11
1,2,5,0.00050884153297846724,0.99949115846702163,1,stroop:s05:r2,1441,random_window,Random-window split,stroop,1,10
1,2,5,0.0016222520762904874,0.99837774792370948,1,stroop:s05:r3,1441,random_window,Random-window split,stroop,1,24
1,1,5,0.99977987101337062,0.0002201289866292803,0,stroop:s05:r0,1494,random_window,Random-window split,stroop,0,37
1,1,5,0.99628875465309985,0.0037112453469000744,0,stroop:s05:r1,1494,random_window,Random-window split,stroop,0,9
1,1,5,0.00015894586927231056,0.99984105413072777,1,stroop:s05:r2,1494,random_window,Random-window split,stroop,1,17
1,1,5,0.00078902716772045057,0.99921097283227955,1,stroop:s05:r3,1494,random_window,Random-window split,stroop,1,17
1,2,5,0.99974876998976292,0.00025123001023700939,0,stroop:s05:r0,1494,random_window,Random-window split,stroop,0,33
1,2,5,0.9924303730960724,0.007569626903927696,0,stroop:s05:r1,1494,random_window,Random-window split,stroop,0,13
1,2,5,0.00048690440259918329,0.99951309559740087,1,stroop:s05:r2,1494,random_window,Random-window split,stroop,1,9
1,2,5,0.002200873950158925,0.99779912604984111,1,stroop:s05:r3,1494,random_window,Random-window split,stroop,1,25
1,1,5,0.99987739409356968,0.0001226059064303234,0,stroop:s05:r0,1547,random_window,Random-window split,stroop,0,35
1,1,5,0.99229375204977766,0.0077062479502223334,0,stroop:s05:r1,1547,random_window,Random-window split,stroop,0,11
1,1,5,0.00085880558176779044,0.99914119441823224,1,stroop:s05:r2,1547,random_window,Random-window split,stroop,1,16
1,1,5,0.0024353139163265838,0.99756468608367344,1,stroop:s05:r3,1547,random_window,Random-window split,stroop,1,18
1,2,5,0.99973415980984814,0.00026584019015183378,0,stroop:s05:r0,1547,random_window,Random-window split,stroop,0,34
1,2,5,0.99775000267516267,0.0022499973248373355,0,stroop:s05:r1,1547,random_window,Random-window split,stroop,0,12
1,2,5,0.00086325495304580974,0.99913674504695416,1,stroop:s05:r2,1547,random_window,Random-window split,stroop,1,15
1,2,5,0.002110567632933792,0.99788943236706618,1,stroop:s05:r3,1547,random_window,Random-window split,stroop,1,19
1,1,6,0.99246813170454218,0.0075318682954579157,0,stroop:s06:r0,1335,random_window,Random-window split,stroop,0,17
1,1,6,0.99845770586808091,0.0015422941319190578,0,stroop:s06:r1,1335,random_window,Random-window split,stroop,0,15
1,1,6,1.3250521403169474e-05,0.99998674947859678,1,stroop:s06:r2,1335,random_window,Random-window split,stroop,1,14
1,1,6,0.0094080876430958759,0.99059191235690414,1,stroop:s06:r3,1335,random_window,Random-window split,stroop,1,19
1,2,6,0.9970382454428266,0.0029617545571733938,0,stroop:s06:r0,1335,random_window,Random-window split,stroop,0,12
1,2,6,0.99972772728786163,0.00027227271213837751,0,stroop:s06:r1,1335,random_window,Random-window split,stroop,0,20
1,2,6,8.2717130475458862e-05,0.99991728286952464,1,stroop:s06:r2,1335,random_window,Random-window split,stroop,1,14
1,2,6,0.011242989506559598,0.98875701049344045,1,stroop:s06:r3,1335,random_window,Random-window split,stroop,1,19
1,1,6,0.9957263114713556,0.0042736885286443847,0,stroop:s06:r0,1388,random_window,Random-window split,stroop,0,19
1,1,6,0.99926906714703978,0.00073093285296024595,0,stroop:s06:r1,1388,random_window,Random-window split,stroop,0,13
1,1,6,2.6776736197504074e-05,0.99997322326380245,1,stroop:s06:r2,1388,random_window,Random-window split,stroop,1,11
1,1,6,0.026448061942101728,0.97355193805789819,1,stroop:s06:r3,1388,random_window,Random-window split,stroop,1,22
1,2,6,0.99706218495968368,0.0029378150403163118,0,stroop:s06:r0,1388,random_window,Random-window split,stroop,0,18
1,2,6,0.99904682686591462,0.00095317313408541614,0,stroop:s06:r1,1388,random_window,Random-window split,stroop,0,14
1,2,6,1.761679803395389e-05,0.99998238320196597,1,stroop:s06:r2,1388,random_window,Random-window split,stroop,1,12
1,2,6,0.022620490423238965,0.97737950957676112,1,stroop:s06:r3,1388,random_window,Random-window split,stroop,1,21
1,1,6,0.99649094565823071,0.0035090543417693417,0,stroop:s06:r0,1441,random_window,Random-window split,stroop,0,16
1,1,6,0.99959582746476561,0.00040417253523443414,0,stroop:s06:r1,1441,random_window,Random-window split,stroop,0,16
1,1,6,1.4429116697297497e-06,0.99999855708833019,1,stroop:s06:r2,1441,random_window,Random-window split,stroop,1,15
1,1,6,0.0078684876997890327,0.9921315123002109,1,stroop:s06:r3,1441,random_window,Random-window split,stroop,1,18
1,2,6,0.99779421377455713,0.0022057862254429026,0,stroop:s06:r0,1441,random_window,Random-window split,stroop,0,17
1,2,6,0.99981308197174357,0.00018691802825634648,0,stroop:s06:r1,1441,random_window,Random-window split,stroop,0,15
1,2,6,3.5880069342577987e-05,0.99996411993065737,1,stroop:s06:r2,1441,random_window,Random-window split,stroop,1,9
1,2,6,0.017797868790104806,0.98220213120989519,1,stroop:s06:r3,1441,random_window,Random-window split,stroop,1,24
1,1,6,0.99765173704249654,0.0023482629575035277,0,stroop:s06:r0,1494,random_window,Random-window split,stroop,0,19
1,1,6,0.99808906592774482,0.0019109340722551712,0,stroop:s06:r1,1494,random_window,Random-window split,stroop,0,13
1,1,6,2.4901654611907158e-05,0.999975098345388,1,stroop:s06:r2,1494,random_window,Random-window split,stroop,1,19
1,1,6,0.0082470522326654177,0.99175294776733458,1,stroop:s06:r3,1494,random_window,Random-window split,stroop,1,14
1,2,6,0.9993039470938162,0.00069605290618378085,0,stroop:s06:r0,1494,random_window,Random-window split,stroop,0,20
1,2,6,0.99817584224534461,0.0018241577546553658,0,stroop:s06:r1,1494,random_window,Random-window split,stroop,0,12
1,2,6,4.317978262942937e-05,0.99995682021737065,1,stroop:s06:r2,1494,random_window,Random-window split,stroop,1,16
1,2,6,0.011601915013247819,0.98839808498675219,1,stroop:s06:r3,1494,random_window,Random-window split,stroop,1,17
1,1,6,0.99932953485547971,0.0006704651445202717,0,stroop:s06:r0,1547,random_window,Random-window split,stroop,0,14
1,1,6,0.99890890269594546,0.0010910973040545642,0,stroop:s06:r1,1547,random_window,Random-window split,stroop,0,18
1,1,6,7.0635281553459845e-05,0.99992936471844651,1,stroop:s06:r2,1547,random_window,Random-window split,stroop,1,18
1,1,6,0.017297371722006762,0.98270262827799315,1,stroop:s06:r3,1547,random_window,Random-window split,stroop,1,15
1,2,6,0.99734632609085783,0.0026536739091421809,0,stroop:s06:r0,1547,random_window,Random-window split,stroop,0,20
1,2,6,0.99991414466541229,8.5855334587715698e-05,0,stroop:s06:r1,1547,random_window,Random-window split,stroop,0,12
1,2,6,5.9240853788225298e-06,0.99999407591462108,1,stroop:s06:r2,1547,random_window,Random-window split,stroop,1,12
1,2,6,0.012150345367150617,0.98784965463284946,1,stroop:s06:r3,1547,random_window,Random-window split,stroop,1,21
1,1,7,0.99999301648039995,6.9835196000193751e-06,0,stroop:s07:r0,1335,random_window,Random-window split,stroop,0,19
1,1,7,0.92565242375698709,0.074347576243012928,0,stroop:s07:r1,1335,random_window,Random-window split,stroop,0,13
1,1,7,0.011297027171012436,0.98870297282898756,1,stroop:s07:r2,1335,random_window,Random-window split,stroop,1,11
1,1,7,0.011201079411114485,0.98879892058888552,1,stroop:s07:r3,1335,random_window,Random-window split,stroop,1,22
1,2,7,0.99997057753855112,2.9422461448849543e-05,0,stroop:s07:r0,1335,random_window,Random-window split,stroop,0,19
1,2,7,0.90035796352581354,0.099642036474186527,0,stroop:s07:r1,1335,random_window,Random-window split,stroop,0,13
1,2,7,0.0026829289000310785,0.99731707109996892,1,stroop:s07:r2,1335,random_window,Random-window split,stroop,1,14
1,2,7,0.0032388722800517902,0.99676112771994818,1,stroop:s07:r3,1335,random_window,Random-window split,stroop,1,19
1,1,7,0.99999449861376155,5.5013862384589231e-06,0,stroop:s07:r0,1388,random_window,Random-window split,stroop,0,23
1,1,7,0.98103322521896064,0.018966774781039416,0,stroop:s07:r1,1388,random_window,Random-window split,stroop,0,9
1,1,7,0.0026496570477231689,0.99735034295227687,1,stroop:s07:r2,1388,random_window,Random-window split,stroop,1,11
1,1,7,0.0020534164536598486,0.99794658354634014,1,stroop:s07:r3,1388,random_window,Random-window split,stroop,1,22
1,2,7,0.99999345645588467,6.543544115376181e-06,0,stroop:s07:r0,1388,random_window,Random-window split,stroop,0,20
1,2,7,0.98781070192751508,0.012189298072484924,0,stroop:s07:r1,1388,random_window,Random-window split,stroop,0,12
1,2,7,0.0070166095204298607,0.99298339047957018,1,stroop:s07:r2,1388,random_window,Random-window split,stroop,1,10
1,2,7,0.0071229226108889205,0.99287707738911113,1,stroop:s07:r3,1388,random_window,Random-window split,stroop,1,23
1,1,7,0.99999767737752643,2.3226224735822302e-06,0,stroop:s07:r0,1441,random_window,Random-window split,stroop,0,19
1,1,7,0.97647014935131027,0.023529850648689721,0,stroop:s07:r1,1441,random_window,Random-window split,stroop,0,13
1,1,7,0.0076784231591083829,0.99232157684089173,1,stroop:s07:r2,1441,random_window,Random-window split,stroop,1,13
1,1,7,0.0045591730277363173,0.99544082697226366,1,stroop:s07:r3,1441,random_window,Random-window split,stroop,1,20
1,2,7,0.99999529701822065,4.702981779387508e-06,0,stroop:s07:r0,1441,random_window,Random-window split,stroop,0,18
1,2,7,0.96095526312361701,0.039044736876382997,0,stroop:s07:r1,1441,random_window,Random-window split,stroop,0,14
1,2,7,0.010979448430330625,0.98902055156966939,1,stroop:s07:r2,1441,random_window,Random-window split,stroop,1,10
1,2,7,0.003775256000877936,0.99622474399912209,1,stroop:s07:r3,1441,random_window,Random-window split,stroop,1,23
1,1,7,0.99999837124341728,1.6287565826771389e-06,0,stroop:s07:r0,1494,random_window,Random-window split,stroop,0,20
1,1,7,0.94513579362585931,0.054864206374140627,0,stroop:s07:r1,1494,random_window,Random-window split,stroop,0,12
1,1,7,0.0086572462649865643,0.99134275373501346,1,stroop:s07:r2,1494,random_window,Random-window split,stroop,1,14
1,1,7,0.0052768613437624524,0.99472313865623763,1,stroop:s07:r3,1494,random_window,Random-window split,stroop,1,19
1,2,7,0.99999328143363553,6.7185663645323448e-06,0,stroop:s07:r0,1494,random_window,Random-window split,stroop,0,19
1,2,7,0.96471278525373361,0.035287214746266442,0,stroop:s07:r1,1494,random_window,Random-window split,stroop,0,13
1,2,7,0.0080108807786273863,0.99198911922137267,1,stroop:s07:r2,1494,random_window,Random-window split,stroop,1,10
1,2,7,0.0097174497295080629,0.99028255027049195,1,stroop:s07:r3,1494,random_window,Random-window split,stroop,1,23
1,1,7,0.99999883276725043,1.1672327495378087e-06,0,stroop:s07:r0,1547,random_window,Random-window split,stroop,0,18
1,1,7,0.91072302456933407,0.089276975430665956,0,stroop:s07:r1,1547,random_window,Random-window split,stroop,0,14
1,1,7,0.0020471996627651318,0.99795280033723488,1,stroop:s07:r2,1547,random_window,Random-window split,stroop,1,12
1,1,7,0.0063298336737382492,0.99367016632626171,1,stroop:s07:r3,1547,random_window,Random-window split,stroop,1,21
1,2,7,0.99999807065541979,1.9293445801793993e-06,0,stroop:s07:r0,1547,random_window,Random-window split,stroop,0,20
1,2,7,0.95210725834814791,0.047892741651852026,0,stroop:s07:r1,1547,random_window,Random-window split,stroop,0,12
1,2,7,0.0017727214674240499,0.99822727853257587,1,stroop:s07:r2,1547,random_window,Random-window split,stroop,1,11
1,2,7,0.016443846844163411,0.98355615315583655,1,stroop:s07:r3,1547,random_window,Random-window split,stroop,1,22
1,1,8,0.99925152972316977,0.00074847027683020762,0,stroop:s08:r0,1335,random_window,Random-window split,stroop,0,26
1,1,8,0.94268612486190362,0.057313875138096444,0,stroop:s08:r1,1335,random_window,Random-window split,stroop,0,16
1,1,8,0.012379598910910906,0.98762040108908911,1,stroop:s08:r2,1335,random_window,Random-window split,stroop,1,20
1,1,8,0.01276033904547731,0.98723966095452276,1,stroop:s08:r3,1335,random_window,Random-window split,stroop,1,28
1,2,8,0.99745840954618203,0.0025415904538179401,0,stroop:s08:r0,1335,random_window,Random-window split,stroop,0,20
1,2,8,0.94782511681310277,0.052174883186897308,0,stroop:s08:r1,1335,random_window,Random-window split,stroop,0,22
1,2,8,0.024151672857922645,0.97584832714207737,1,stroop:s08:r2,1335,random_window,Random-window split,stroop,1,23
1,2,8,0.046640604720829835,0.95335939527917013,1,stroop:s08:r3,1335,random_window,Random-window split,stroop,1,25
1,1,8,0.99827194867393332,0.0017280513260666925,0,stroop:s08:r0,1388,random_window,Random-window split,stroop,0,25
1,1,8,0.95117148188048284,0.048828518119517259,0,stroop:s08:r1,1388,random_window,Random-window split,stroop,0,17
1,1,8,0.034836091487382148,0.9651639085126178,1,stroop:s08:r2,1388,random_window,Random-window split,stroop,1,18
1,1,8,0.026295154226946286,0.97370484577305372,1,stroop:s08:r3,1388,random_window,Random-window split,stroop,1,30
1,2,8,0.99934831291637338,0.00065168708362665418,0,stroop:s08:r0,1388,random_window,Random-window split,stroop,0,29
1,2,8,0.96744507876041164,0.032554921239588371,0,stroop:s08:r1,1388,random_window,Random-window split,stroop,0,13
1,2,8,0.014825602487558849,0.98517439751244118,1,stroop:s08:r2,1388,random_window,Random-window split,stroop,1,18
1,2,8,0.0097385919793466051,0.99026140802065332,1,stroop:s08:r3,1388,random_window,Random-window split,stroop,1,30
1,1,8,0.99942222321141128,0.00057777678858869489,0,stroop:s08:r0,1441,random_window,Random-window split,stroop,0,20
1,1,8,0.87075075241830857,0.12924924758169143,0,stroop:s08:r1,1441,random_window,Random-window split,stroop,0,22
1,1,8,0.015996340317745075,0.98400365968225501,1,stroop:s08:r2,1441,random_window,Random-window split,stroop,1,19
1,1,8,0.015012157409988418,0.9849878425900116,1,stroop:s08:r3,1441,random_window,Random-window split,stroop,1,29
1,2,8,0.99913567693385485,0.00086432306614514184,0,stroop:s08:r0,1441,random_window,Random-window split,stroop,0,24
1,2,8,0.90807992538638338,0.091920074613616579,0,stroop:s08:r1,1441,random_window,Random-window split,stroop,0,18
1,2,8,0.023976136390855624,0.97602386360914428,1,stroop:s08:r2,1441,random_window,Random-window split,stroop,1,21
1,2,8,0.0093770793588864119,0.99062292064111368,1,stroop:s08:r3,1441,random_window,Random-window split,stroop,1,27
1,1,8,0.99944378259029221,0.00055621740970773889,0,stroop:s08:r0,1494,random_window,Random-window split,stroop,0,31
1,1,8,0.95374719160687293,0.04625280839312701,0,stroop:s08:r1,1494,random_window,Random-window split,stroop,0,11
1,1,8,0.022801756037878724,0.97719824396212129,1,stroop:s08:r2,1494,random_window,Random-window split,stroop,1,21
1,1,8,0.029353461293287923,0.97064653870671203,1,stroop:s08:r3,1494,random_window,Random-window split,stroop,1,27
1,2,8,0.99949353360295501,0.00050646639704498772,0,stroop:s08:r0,1494,random_window,Random-window split,stroop,0,27
1,2,8,0.82760297240554881,0.17239702759445119,0,stroop:s08:r1,1494,random_window,Random-window split,stroop,0,15
1,2,8,0.021811517009931902,0.978188482990068,1,stroop:s08:r2,1494,random_window,Random-window split,stroop,1,21
1,2,8,0.22466474962888608,0.77533525037111395,1,stroop:s08:r3,1494,random_window,Random-window split,stroop,1,27
1,1,8,0.99932244465496289,0.00067755534503705257,0,stroop:s08:r0,1547,random_window,Random-window split,stroop,0,23
1,1,8,0.92483605012663139,0.075163949873368552,0,stroop:s08:r1,1547,random_window,Random-window split,stroop,0,19
1,1,8,0.014852618840043323,0.98514738115995659,1,stroop:s08:r2,1547,random_window,Random-window split,stroop,1,25
1,1,8,0.03422218307750572,0.9657778169224942,1,stroop:s08:r3,1547,random_window,Random-window split,stroop,1,23
1,2,8,0.99991939923800999,8.0600761990003844e-05,0,stroop:s08:r0,1547,random_window,Random-window split,stroop,0,19
1,2,8,0.96176156535115931,0.038238434648840636,0,stroop:s08:r1,1547,random_window,Random-window split,stroop,0,23
1,2,8,0.027198123147511629,0.97280187685248842,1,stroop:s08:r2,1547,random_window,Random-window split,stroop,1,20
1,2,8,0.013961861666987154,0.98603813833301279,1,stroop:s08:r3,1547,random_window,Random-window split,stroop,1,28
1,1,9,0.99999676175292529,3.238247074717099e-06,0,stroop:s09:r0,1335,random_window,Random-window split,stroop,0,48
1,1,9,0.95833357332630775,0.041666426673692303,0,stroop:s09:r1,1335,random_window,Random-window split,stroop,0,21
1,1,9,0.023762302189629086,0.97623769781037095,1,stroop:s09:r2,1335,random_window,Random-window split,stroop,1,11
1,1,9,0.0028470929122311577,0.99715290708776894,1,stroop:s09:r3,1335,random_window,Random-window split,stroop,1,25
1,2,9,0.99999497382327529,5.026176724620074e-06,0,stroop:s09:r0,1335,random_window,Random-window split,stroop,0,48
1,2,9,0.98436122314762109,0.015638776852379004,0,stroop:s09:r1,1335,random_window,Random-window split,stroop,0,21
1,2,9,0.017604896438509432,0.98239510356149062,1,stroop:s09:r2,1335,random_window,Random-window split,stroop,1,10
1,2,9,0.0077030865296404205,0.99229691347035964,1,stroop:s09:r3,1335,random_window,Random-window split,stroop,1,26
1,1,9,0.99999672879512658,3.2712048734909796e-06,0,stroop:s09:r0,1388,random_window,Random-window split,stroop,0,49
1,1,9,0.98099625933561052,0.019003740664389521,0,stroop:s09:r1,1388,random_window,Random-window split,stroop,0,20
1,1,9,0.0056333735312957649,0.99436662646870422,1,stroop:s09:r2,1388,random_window,Random-window split,stroop,1,13
1,1,9,0.0047431757005649998,0.99525682429943496,1,stroop:s09:r3,1388,random_window,Random-window split,stroop,1,23
1,2,9,0.99999485214981754,5.1478501824288454e-06,0,stroop:s09:r0,1388,random_window,Random-window split,stroop,0,49
1,2,9,0.98788947954877071,0.012110520451229222,0,stroop:s09:r1,1388,random_window,Random-window split,stroop,0,20
1,2,9,0.013597444659544706,0.98640255534045529,1,stroop:s09:r2,1388,random_window,Random-window split,stroop,1,10
1,2,9,0.003890110184607277,0.99610988981539272,1,stroop:s09:r3,1388,random_window,Random-window split,stroop,1,26
1,1,9,0.99999606543689401,3.93456310600009e-06,0,stroop:s09:r0,1441,random_window,Random-window split,stroop,0,52
1,1,9,0.99573191798131111,0.0042680820186888511,0,stroop:s09:r1,1441,random_window,Random-window split,stroop,0,17
1,1,9,0.014457543138205313,0.98554245686179465,1,stroop:s09:r2,1441,random_window,Random-window split,stroop,1,14
1,1,9,0.0032839680432151853,0.99671603195678482,1,stroop:s09:r3,1441,random_window,Random-window split,stroop,1,22
1,2,9,0.99999784133488756,2.1586651124282851e-06,0,stroop:s09:r0,1441,random_window,Random-window split,stroop,0,52
1,2,9,0.88574879854130517,0.11425120145869486,0,stroop:s09:r1,1441,random_window,Random-window split,stroop,0,17
1,2,9,0.021300056978912907,0.97869994302108709,1,stroop:s09:r2,1441,random_window,Random-window split,stroop,1,13
1,2,9,0.0079043514211031545,0.99209564857889676,1,stroop:s09:r3,1441,random_window,Random-window split,stroop,1,23
1,1,9,0.99998748520471625,1.2514795283734682e-05,0,stroop:s09:r0,1494,random_window,Random-window split,stroop,0,52
1,1,9,0.97092735625392323,0.029072643746076682,0,stroop:s09:r1,1494,random_window,Random-window split,stroop,0,17
1,1,9,0.039184526446019378,0.96081547355398067,1,stroop:s09:r2,1494,random_window,Random-window split,stroop,1,15
1,1,9,0.011169156451925745,0.98883084354807416,1,stroop:s09:r3,1494,random_window,Random-window split,stroop,1,21
1,2,9,0.99999313521913391,6.8647808661680485e-06,0,stroop:s09:r0,1494,random_window,Random-window split,stroop,0,54
1,2,9,0.99757238844041229,0.0024276115595877018,0,stroop:s09:r1,1494,random_window,Random-window split,stroop,0,15
1,2,9,0.010613356672750549,0.98938664332724946,1,stroop:s09:r2,1494,random_window,Random-window split,stroop,1,15
1,2,9,0.0020619407475277935,0.99793805925247214,1,stroop:s09:r3,1494,random_window,Random-window split,stroop,1,21
1,1,9,0.99999661140583729,3.3885941626779167e-06,0,stroop:s09:r0,1547,random_window,Random-window split,stroop,0,49
1,1,9,0.97757726039281545,0.022422739607184588,0,stroop:s09:r1,1547,random_window,Random-window split,stroop,0,20
1,1,9,0.0096077947671644737,0.99039220523283555,1,stroop:s09:r2,1547,random_window,Random-window split,stroop,1,12
1,1,9,0.0049165571732128314,0.99508344282678718,1,stroop:s09:r3,1547,random_window,Random-window split,stroop,1,24
1,2,9,0.99999675658983089,3.2434101690619008e-06,0,stroop:s09:r0,1547,random_window,Random-window split,stroop,0,50
1,2,9,0.97918675886506534,0.020813241134934657,0,stroop:s09:r1,1547,random_window,Random-window split,stroop,0,19
1,2,9,0.011396431516467487,0.98860356848353248,1,stroop:s09:r2,1547,random_window,Random-window split,stroop,1,17
1,2,9,0.011380746881200842,0.98861925311879917,1,stroop:s09:r3,1547,random_window,Random-window split,stroop,1,19
1,1,10,0.99902834434923504,0.00097165565076496826,0,stroop:s10:r0,1335,random_window,Random-window split,stroop,0,25
1,1,10,0.93654936548652623,0.063450634513473783,0,stroop:s10:r1,1335,random_window,Random-window split,stroop,0,12
1,1,10,0.1297188401939238,0.87028115980607623,1,stroop:s10:r2,1335,random_window,Random-window split,stroop,1,12
1,1,10,2.7529801352628826e-05,0.99997247019864743,1,stroop:s10:r3,1335,random_window,Random-window split,stroop,1,23
1,2,10,0.99927303432182857,0.00072696567817146407,0,stroop:s10:r0,1335,random_window,Random-window split,stroop,0,26
1,2,10,0.96219501666517859,0.037804983334821435,0,stroop:s10:r1,1335,random_window,Random-window split,stroop,0,11
1,2,10,0.078879048079193048,0.9211209519208069,1,stroop:s10:r2,1335,random_window,Random-window split,stroop,1,8
1,2,10,9.7780107591212228e-05,0.99990221989240879,1,stroop:s10:r3,1335,random_window,Random-window split,stroop,1,27
1,1,10,0.99805714408687007,0.0019428559131299769,0,stroop:s10:r0,1388,random_window,Random-window split,stroop,0,25
1,1,10,0.93592984477484209,0.064070155225157854,0,stroop:s10:r1,1388,random_window,Random-window split,stroop,0,12
1,1,10,0.1209192876342795,0.8790807123657205,1,stroop:s10:r2,1388,random_window,Random-window split,stroop,1,14
1,1,10,1.2694277905137424e-05,0.99998730572209482,1,stroop:s10:r3,1388,random_window,Random-window split,stroop,1,21
1,2,10,0.99898441970113216,0.001015580298867881,0,stroop:s10:r0,1388,random_window,Random-window split,stroop,0,24
1,2,10,0.96232492965192928,0.037675070348070716,0,stroop:s10:r1,1388,random_window,Random-window split,stroop,0,13
1,2,10,0.063562116263853774,0.93643788373614623,1,stroop:s10:r2,1388,random_window,Random-window split,stroop,1,12
1,2,10,3.2193824492079693e-05,0.99996780617550785,1,stroop:s10:r3,1388,random_window,Random-window split,stroop,1,23
1,1,10,0.99949693724341593,0.00050306275658408171,0,stroop:s10:r0,1441,random_window,Random-window split,stroop,0,23
1,1,10,0.97631617354653166,0.023683826453468369,0,stroop:s10:r1,1441,random_window,Random-window split,stroop,0,14
1,1,10,0.036884963640681799,0.96311503635931817,1,stroop:s10:r2,1441,random_window,Random-window split,stroop,1,7
1,1,10,1.5882960549855955e-05,0.99998411703945012,1,stroop:s10:r3,1441,random_window,Random-window split,stroop,1,28
1,2,10,0.99916079373101097,0.00083920626898894039,0,stroop:s10:r0,1441,random_window,Random-window split,stroop,0,23
1,2,10,0.95631556957872044,0.043684430421279598,0,stroop:s10:r1,1441,random_window,Random-window split,stroop,0,14
1,2,10,0.06270147199906019,0.93729852800093982,1,stroop:s10:r2,1441,random_window,Random-window split,stroop,1,12
1,2,10,6.2684306850957022e-05,0.99993731569314903,1,stroop:s10:r3,1441,random_window,Random-window split,stroop,1,23
1,1,10,0.999520581866989,0.00047941813301103454,0,stroop:s10:r0,1494,random_window,Random-window split,stroop,0,28
1,1,10,0.94072279845392026,0.059277201546079752,0,stroop:s10:r1,1494,random_window,Random-window split,stroop,0,9
1,1,10,0.052962872311212966,0.94703712768878701,1,stroop:s10:r2,1494,random_window,Random-window split,stroop,1,10
1,1,10,1.4227516522822356e-05,0.9999857724834772,1,stroop:s10:r3,1494,random_window,Random-window split,stroop,1,25
1,2,10,0.9997004806534987,0.00029951934650121367,0,stroop:s10:r0,1494,random_window,Random-window split,stroop,0,24
1,2,10,0.97792323758483457,0.022076762415165499,0,stroop:s10:r1,1494,random_window,Random-window split,stroop,0,13
1,2,10,0.091503780389125433,0.90849621961087457,1,stroop:s10:r2,1494,random_window,Random-window split,stroop,1,9
1,2,10,2.9564873032446727e-05,0.99997043512696748,1,stroop:s10:r3,1494,random_window,Random-window split,stroop,1,26
1,1,10,0.99969000792645879,0.00030999207354116153,0,stroop:s10:r0,1547,random_window,Random-window split,stroop,0,19
1,1,10,0.9435547920345555,0.056445207965444499,0,stroop:s10:r1,1547,random_window,Random-window split,stroop,0,18
1,1,10,0.08338410457344908,0.91661589542655098,1,stroop:s10:r2,1547,random_window,Random-window split,stroop,1,12
1,1,10,2.9131497922556816e-05,0.9999708685020775,1,stroop:s10:r3,1547,random_window,Random-window split,stroop,1,23
1,2,10,0.99926538855296299,0.00073461144703700705,0,stroop:s10:r0,1547,random_window,Random-window split,stroop,0,17
1,2,10,0.95208622720732761,0.047913772792672386,0,stroop:s10:r1,1547,random_window,Random-window split,stroop,0,20
1,2,10,0.13221287528909501,0.86778712471090502,1,stroop:s10:r2,1547,random_window,Random-window split,stroop,1,12
1,2,10,5.5612925223458726e-06,0.99999443870747762,1,stroop:s10:r3,1547,random_window,Random-window split,stroop,1,23
1,1,11,0.99999989103560882,1.0896439109647769e-07,0,stroop:s11:r0,1335,random_window,Random-window split,stroop,0,32
1,1,11,0.96864376931578389,0.031356230684216127,0,stroop:s11:r1,1335,random_window,Random-window split,stroop,0,11
1,1,11,0.014585976608607528,0.9854140233913925,1,stroop:s11:r2,1335,random_window,Random-window split,stroop,1,14
1,1,11,0.0088699099501174852,0.99113009004988251,1,stroop:s11:r3,1335,random_window,Random-window split,stroop,1,24
1,2,11,0.99999993805674259,6.1943257434926755e-08,0,stroop:s11:r0,1335,random_window,Random-window split,stroop,0,30
1,2,11,0.95478097760811531,0.045219022391884675,0,stroop:s11:r1,1335,random_window,Random-window split,stroop,0,13
1,2,11,0.0079183531169787942,0.99208164688302125,1,stroop:s11:r2,1335,random_window,Random-window split,stroop,1,21
1,2,11,0.015610930809815064,0.98438906919018498,1,stroop:s11:r3,1335,random_window,Random-window split,stroop,1,17
1,1,11,0.99999999260890182,7.3910981346735291e-09,0,stroop:s11:r0,1388,random_window,Random-window split,stroop,0,29
1,1,11,0.75206011557580044,0.24793988442419962,0,stroop:s11:r1,1388,random_window,Random-window split,stroop,0,14
1,1,11,0.0081265385199319213,0.99187346148006816,1,stroop:s11:r2,1388,random_window,Random-window split,stroop,1,17
1,1,11,0.0069914611118012506,0.99300853888819873,1,stroop:s11:r3,1388,random_window,Random-window split,stroop,1,21
1,2,11,0.99999999436214826,5.6378517269795483e-09,0,stroop:s11:r0,1388,random_window,Random-window split,stroop,0,23
1,2,11,0.96934642794717008,0.030653572052829973,0,stroop:s11:r1,1388,random_window,Random-window split,stroop,0,20
1,2,11,0.009124988284541195,0.99087501171545878,1,stroop:s11:r2,1388,random_window,Random-window split,stroop,1,16
1,2,11,0.0076878011951574208,0.99231219880484267,1,stroop:s11:r3,1388,random_window,Random-window split,stroop,1,22
1,1,11,0.99999999505439463,4.945605451675413e-09,0,stroop:s11:r0,1441,random_window,Random-window split,stroop,0,28
1,1,11,0.99215324983588415,0.0078467501641158524,0,stroop:s11:r1,1441,random_window,Random-window split,stroop,0,15
1,1,11,0.016018951289453926,0.98398104871054604,1,stroop:s11:r2,1441,random_window,Random-window split,stroop,1,14
1,1,11,0.01175675313021771,0.98824324686978227,1,stroop:s11:r3,1441,random_window,Random-window split,stroop,1,24
1,2,11,0.99999998941290114,1.0587098770277947e-08,0,stroop:s11:r0,1441,random_window,Random-window split,stroop,0,33
1,2,11,0.97517838406767265,0.024821615932327432,0,stroop:s11:r1,1441,random_window,Random-window split,stroop,0,10
1,2,11,0.0059174951507982758,0.99408250484920169,1,stroop:s11:r2,1441,random_window,Random-window split,stroop,1,10
1,2,11,0.0092583442057830711,0.99074165579421691,1,stroop:s11:r3,1441,random_window,Random-window split,stroop,1,28
1,1,11,0.99999998537559576,1.4624404262806212e-08,0,stroop:s11:r0,1494,random_window,Random-window split,stroop,0,36
1,1,11,0.9575321080118927,0.042467891988107249,0,stroop:s11:r1,1494,random_window,Random-window split,stroop,0,7
1,1,11,0.0059738737594639034,0.9940261262405361,1,stroop:s11:r2,1494,random_window,Random-window split,stroop,1,18
1,1,11,0.011124250420475892,0.98887574957952407,1,stroop:s11:r3,1494,random_window,Random-window split,stroop,1,20
1,2,11,0.99999994211843179,5.7881568178147655e-08,0,stroop:s11:r0,1494,random_window,Random-window split,stroop,0,28
1,2,11,0.98172908319465857,0.018270916805341469,0,stroop:s11:r1,1494,random_window,Random-window split,stroop,0,15
1,2,11,0.0055236674957705473,0.9944763325042294,1,stroop:s11:r2,1494,random_window,Random-window split,stroop,1,21
1,2,11,0.0082446709564229677,0.99175532904357699,1,stroop:s11:r3,1494,random_window,Random-window split,stroop,1,17
1,1,11,0.99999998375618815,1.624381179058182e-08,0,stroop:s11:r0,1547,random_window,Random-window split,stroop,0,33
1,1,11,0.93050832719820287,0.069491672801797064,0,stroop:s11:r1,1547,random_window,Random-window split,stroop,0,10
1,1,11,0.0094310307201532703,0.99056896927984672,1,stroop:s11:r2,1547,random_window,Random-window split,stroop,1,23
1,1,11,0.0083503845095551903,0.99164961549044484,1,stroop:s11:r3,1547,random_window,Random-window split,stroop,1,15
1,2,11,0.99999996564474936,3.4355250561680331e-08,0,stroop:s11:r0,1547,random_window,Random-window split,stroop,0,30
1,2,11,0.97770516337809854,0.0222948366219014,0,stroop:s11:r1,1547,random_window,Random-window split,stroop,0,13
1,2,11,0.0051474477764126645,0.99485255222358726,1,stroop:s11:r2,1547,random_window,Random-window split,stroop,1,19
1,2,11,0.0057912367627163258,0.99420876323728369,1,stroop:s11:r3,1547,random_window,Random-window split,stroop,1,19
1,1,12,0.99995381413653017,4.6185863469812658e-05,0,stroop:s12:r0,1335,random_window,Random-window split,stroop,0,25
1,1,12,0.94496516045531465,0.055034839544685431,0,stroop:s12:r1,1335,random_window,Random-window split,stroop,0,12
1,1,12,0.027122936088359525,0.97287706391164053,1,stroop:s12:r2,1335,random_window,Random-window split,stroop,1,13
1,1,12,0.0093060251426537038,0.99069397485734634,1,stroop:s12:r3,1335,random_window,Random-window split,stroop,1,25
1,2,12,0.99978439602790925,0.00021560397209079312,0,stroop:s12:r0,1335,random_window,Random-window split,stroop,0,21
1,2,12,0.98021073897210098,0.019789261027898915,0,stroop:s12:r1,1335,random_window,Random-window split,stroop,0,16
1,2,12,0.01754241935575369,0.98245758064424638,1,stroop:s12:r2,1335,random_window,Random-window split,stroop,1,15
1,2,12,0.012377253042568767,0.98762274695743124,1,stroop:s12:r3,1335,random_window,Random-window split,stroop,1,23
1,1,12,0.99982868077943088,0.0001713192205690877,0,stroop:s12:r0,1388,random_window,Random-window split,stroop,0,25
1,1,12,0.96751769158575007,0.032482308414250011,0,stroop:s12:r1,1388,random_window,Random-window split,stroop,0,12
1,1,12,0.026885438094616958,0.97311456190538304,1,stroop:s12:r2,1388,random_window,Random-window split,stroop,1,20
1,1,12,0.0057921461799979807,0.99420785382000199,1,stroop:s12:r3,1388,random_window,Random-window split,stroop,1,18
1,2,12,0.99950568312763688,0.00049431687236319033,0,stroop:s12:r0,1388,random_window,Random-window split,stroop,0,16
1,2,12,0.95801777206284122,0.041982227937158709,0,stroop:s12:r1,1388,random_window,Random-window split,stroop,0,21
1,2,12,0.026603429591617159,0.97339657040838279,1,stroop:s12:r2,1388,random_window,Random-window split,stroop,1,19
1,2,12,0.0056341525880050343,0.99436584741199496,1,stroop:s12:r3,1388,random_window,Random-window split,stroop,1,19
1,1,12,0.99989825268241417,0.00010174731758584651,0,stroop:s12:r0,1441,random_window,Random-window split,stroop,0,23
1,1,12,0.98506199987462273,0.014938000125377259,0,stroop:s12:r1,1441,random_window,Random-window split,stroop,0,14
1,1,12,0.044866471811936953,0.95513352818806307,1,stroop:s12:r2,1441,random_window,Random-window split,stroop,1,10
1,1,12,0.0084783991495601813,0.99152160085043983,1,stroop:s12:r3,1441,random_window,Random-window split,stroop,1,28
1,2,12,0.99976273083586875,0.00023726916413134707,0,stroop:s12:r0,1441,random_window,Random-window split,stroop,0,19
1,2,12,0.9382427651433084,0.061757234856691573,0,stroop:s12:r1,1441,random_window,Random-window split,stroop,0,18
1,2,12,0.016106425129668967,0.98389357487033102,1,stroop:s12:r2,1441,random_window,Random-window split,stroop,1,17
1,2,12,0.0079046974842005516,0.99209530251579947,1,stroop:s12:r3,1441,random_window,Random-window split,stroop,1,21
1,1,12,0.99992507230756,7.4927692439941807e-05,0,stroop:s12:r0,1494,random_window,Random-window split,stroop,0,28
1,1,12,0.92792039254320313,0.072079607456796951,0,stroop:s12:r1,1494,random_window,Random-window split,stroop,0,9
1,1,12,0.019738643538480174,0.98026135646151991,1,stroop:s12:r2,1494,random_window,Random-window split,stroop,1,16
1,1,12,0.015489130359686479,0.98451086964031354,1,stroop:s12:r3,1494,random_window,Random-window split,stroop,1,22
1,2,12,0.99933570304012931,0.00066429695987069496,0,stroop:s12:r0,1494,random_window,Random-window split,stroop,0,23
1,2,12,0.94842348401044951,0.051576515989550417,0,stroop:s12:r1,1494,random_window,Random-window split,stroop,0,14
1,2,12,0.013494960697121423,0.98650503930287847,1,stroop:s12:r2,1494,random_window,Random-window split,stroop,1,18
1,2,12,0.0083098751668580773,0.99169012483314189,1,stroop:s12:r3,1494,random_window,Random-window split,stroop,1,20
1,1,12,0.99994891355421889,5.1086445781133116e-05,0,stroop:s12:r0,1547,random_window,Random-window split,stroop,0,19
1,1,12,0.9873599015336485,0.012640098466351508,0,stroop:s12:r1,1547,random_window,Random-window split,stroop,0,18
1,1,12,0.018923289625101956,0.98107671037489808,1,stroop:s12:r2,1547,random_window,Random-window split,stroop,1,19
1,1,12,0.018111008691839077,0.98188899130816099,1,stroop:s12:r3,1547,random_window,Random-window split,stroop,1,19
1,2,12,0.99989572949081673,0.00010427050918325581,0,stroop:s12:r0,1547,random_window,Random-window split,stroop,0,22
1,2,12,0.96916153272920846,0.030838467270791568,0,stroop:s12:r1,1547,random_window,Random-window split,stroop,0,15
1,2,12,0.025647299702715572,0.97435270029728438,1,stroop:s12:r2,1547,random_window,Random-window split,stroop,1,13
1,2,12,0.0094289405815961794,0.99057105941840384,1,stroop:s12:r3,1547,random_window,Random-window split,stroop,1,25
1,1,13,0.99916485343089445,0.00083514656910562812,0,stroop:s13:r0,1335,random_window,Random-window split,stroop,0,23
1,1,13,0.98716269098264631,0.012837309017353679,0,stroop:s13:r1,1335,random_window,Random-window split,stroop,0,10
1,1,13,0.016729058596999666,0.98327094140300031,1,stroop:s13:r2,1335,random_window,Random-window split,stroop,1,20
1,1,13,0.00038202310497393986,0.99961797689502607,1,stroop:s13:r3,1335,random_window,Random-window split,stroop,1,16
1,2,13,0.99962609485495124,0.00037390514504883981,0,stroop:s13:r0,1335,random_window,Random-window split,stroop,0,26
1,2,13,0.97990884360932451,0.020091156390675494,0,stroop:s13:r1,1335,random_window,Random-window split,stroop,0,7
1,2,13,0.012673062782774854,0.9873269372172252,1,stroop:s13:r2,1335,random_window,Random-window split,stroop,1,20
1,2,13,0.00038888954657968885,0.99961111045342033,1,stroop:s13:r3,1335,random_window,Random-window split,stroop,1,16
1,1,13,0.9997709252458663,0.00022907475413365164,0,stroop:s13:r0,1388,random_window,Random-window split,stroop,0,23
1,1,13,0.9828836544749503,0.017116345525049665,0,stroop:s13:r1,1388,random_window,Random-window split,stroop,0,10
1,1,13,0.024093971648911475,0.97590602835108853,1,stroop:s13:r2,1388,random_window,Random-window split,stroop,1,12
1,1,13,0.0001299510579411258,0.99987004894205889,1,stroop:s13:r3,1388,random_window,Random-window split,stroop,1,24
1,2,13,0.99994079411712589,5.9205882874143185e-05,0,stroop:s13:r0,1388,random_window,Random-window split,stroop,0,22
1,2,13,0.98647429892655814,0.013525701073441799,0,stroop:s13:r1,1388,random_window,Random-window split,stroop,0,11
1,2,13,0.0068430367619110727,0.993156963238089,1,stroop:s13:r2,1388,random_window,Random-window split,stroop,1,11
1,2,13,0.00029163316988435828,0.99970836683011555,1,stroop:s13:r3,1388,random_window,Random-window split,stroop,1,25
1,1,13,0.99990955353209077,9.0446467909137266e-05,0,stroop:s13:r0,1441,random_window,Random-window split,stroop,0,22
1,1,13,0.96097285757459361,0.039027142425406447,0,stroop:s13:r1,1441,random_window,Random-window split,stroop,0,11
1,1,13,0.016920612024971984,0.98307938797502803,1,stroop:s13:r2,1441,random_window,Random-window split,stroop,1,11
1,1,13,9.0974238646633745e-05,0.99990902576135332,1,stroop:s13:r3,1441,random_window,Random-window split,stroop,1,25
1,2,13,0.99991890645613613,8.1093543863846229e-05,0,stroop:s13:r0,1441,random_window,Random-window split,stroop,0,26
1,2,13,0.9893635867900944,0.01063641320990563,0,stroop:s13:r1,1441,random_window,Random-window split,stroop,0,7
1,2,13,0.012423848603039337,0.98757615139696064,1,stroop:s13:r2,1441,random_window,Random-window split,stroop,1,17
1,2,13,0.00070497783583458467,0.99929502216416544,1,stroop:s13:r3,1441,random_window,Random-window split,stroop,1,19
1,1,13,0.99984136707064264,0.00015863292935733091,0,stroop:s13:r0,1494,random_window,Random-window split,stroop,0,23
1,1,13,0.96650318492667009,0.033496815073330015,0,stroop:s13:r1,1494,random_window,Random-window split,stroop,0,10
1,1,13,0.010300070303898486,0.98969992969610154,1,stroop:s13:r2,1494,random_window,Random-window split,stroop,1,19
1,1,13,0.00048396330253868027,0.99951603669746136,1,stroop:s13:r3,1494,random_window,Random-window split,stroop,1,17
1,2,13,0.99866625313130897,0.001333746868690954,0,stroop:s13:r0,1494,random_window,Random-window split,stroop,0,21
1,2,13,0.96701548451128816,0.032984515488711778,0,stroop:s13:r1,1494,random_window,Random-window split,stroop,0,12
1,2,13,0.012962110530719221,0.98703788946928073,1,stroop:s13:r2,1494,random_window,Random-window split,stroop,1,11
1,2,13,0.0005025671646394093,0.99949743283536063,1,stroop:s13:r3,1494,random_window,Random-window split,stroop,1,25
1,1,13,0.99979178198476182,0.00020821801523820279,0,stroop:s13:r0,1547,random_window,Random-window split,stroop,0,19
1,1,13,0.98198361256743516,0.018016387432564857,0,stroop:s13:r1,1547,random_window,Random-window split,stroop,0,14
1,1,13,0.024478117347946082,0.97552188265205397,1,stroop:s13:r2,1547,random_window,Random-window split,stroop,1,16
1,1,13,3.1421356147971008e-05,0.99996857864385214,1,stroop:s13:r3,1547,random_window,Random-window split,stroop,1,20
1,2,13,0.9997437424260891,0.00025625757391093193,0,stroop:s13:r0,1547,random_window,Random-window split,stroop,0,18
1,2,13,0.95525402483986799,0.044745975160132019,0,stroop:s13:r1,1547,random_window,Random-window split,stroop,0,15
1,2,13,0.0061019709701473687,0.99389802902985269,1,stroop:s13:r2,1547,random_window,Random-window split,stroop,1,13
1,2,13,5.3176860478825915e-05,0.99994682313952121,1,stroop:s13:r3,1547,random_window,Random-window split,stroop,1,23
1,1,1,0.99419678110840048,0.0058032188915995075,0,stroop:s01:r0,1335,recording_disjoint,Recording-disjoint split,stroop,0,157
0,1,1,0.98370979665304026,0.016290203346959731,0,stroop:s01:r2,1335,recording_disjoint,Recording-disjoint split,stroop,1,139
0,2,1,0.00056173262050535262,0.9994382673794947,1,stroop:s01:r1,1335,recording_disjoint,Recording-disjoint split,stroop,0,148
1,2,1,5.7073638433244009e-05,0.99994292636156668,1,stroop:s01:r3,1335,recording_disjoint,Recording-disjoint split,stroop,1,209
0,1,1,0.00052506343312055807,0.99947493656687936,1,stroop:s01:r0,1388,recording_disjoint,Recording-disjoint split,stroop,0,157
0,1,1,0.88066512855813117,0.1193348714418689,0,stroop:s01:r3,1388,recording_disjoint,Recording-disjoint split,stroop,1,209
0,2,1,0.012866573679715866,0.98713342632028411,1,stroop:s01:r1,1388,recording_disjoint,Recording-disjoint split,stroop,0,148
1,2,1,0.046994409876895765,0.95300559012310426,1,stroop:s01:r2,1388,recording_disjoint,Recording-disjoint split,stroop,1,139
0,1,1,0.00052506343312055807,0.99947493656687936,1,stroop:s01:r0,1441,recording_disjoint,Recording-disjoint split,stroop,0,157
0,1,1,0.88066512855813117,0.1193348714418689,0,stroop:s01:r3,1441,recording_disjoint,Recording-disjoint split,stroop,1,209
0,2,1,0.012866573679715866,0.98713342632028411,1,stroop:s01:r1,1441,recording_disjoint,Recording-disjoint split,stroop,0,148
1,2,1,0.046994409876895765,0.95300559012310426,1,stroop:s01:r2,1441,recording_disjoint,Recording-disjoint split,stroop,1,139
0,1,1,0.00052506343312055807,0.99947493656687936,1,stroop:s01:r0,1494,recording_disjoint,Recording-disjoint split,stroop,0,157
0,1,1,0.88066512855813117,0.1193348714418689,0,stroop:s01:r3,1494,recording_disjoint,Recording-disjoint split,stroop,1,209
0,2,1,0.012866573679715866,0.98713342632028411,1,stroop:s01:r1,1494,recording_disjoint,Recording-disjoint split,stroop,0,148
1,2,1,0.046994409876895765,0.95300559012310426,1,stroop:s01:r2,1494,recording_disjoint,Recording-disjoint split,stroop,1,139
1,1,1,0.99419678110840048,0.0058032188915995075,0,stroop:s01:r0,1547,recording_disjoint,Recording-disjoint split,stroop,0,157
0,1,1,0.98370979665304026,0.016290203346959731,0,stroop:s01:r2,1547,recording_disjoint,Recording-disjoint split,stroop,1,139
0,2,1,0.00056173262050535262,0.9994382673794947,1,stroop:s01:r1,1547,recording_disjoint,Recording-disjoint split,stroop,0,148
1,2,1,5.7073638433244009e-05,0.99994292636156668,1,stroop:s01:r3,1547,recording_disjoint,Recording-disjoint split,stroop,1,209
1,1,2,0.90755352197186046,0.092446478028139517,0,stroop:s02:r0,1335,recording_disjoint,Recording-disjoint split,stroop,0,450
1,1,2,0.073202475442717851,0.92679752455728215,1,stroop:s02:r2,1335,recording_disjoint,Recording-disjoint split,stroop,1,106
0,2,2,0.0061442824281157287,0.99385571757188418,1,stroop:s02:r1,1335,recording_disjoint,Recording-disjoint split,stroop,0,95
1,2,2,0.0033946454603232122,0.9966053545396768,1,stroop:s02:r3,1335,recording_disjoint,Recording-disjoint split,stroop,1,208
1,1,2,0.98283500754632358,0.017164992453676343,0,stroop:s02:r0,1388,recording_disjoint,Recording-disjoint split,stroop,0,450
1,1,2,0.12537728404970677,0.87462271595029317,1,stroop:s02:r3,1388,recording_disjoint,Recording-disjoint split,stroop,1,208
0,2,2,0.0061000711437245083,0.99389992885627543,1,stroop:s02:r1,1388,recording_disjoint,Recording-disjoint split,stroop,0,95
1,2,2,0.004210454310201779,0.99578954568979827,1,stroop:s02:r2,1388,recording_disjoint,Recording-disjoint split,stroop,1,106
1,1,2,0.98283500754632358,0.017164992453676343,0,stroop:s02:r0,1441,recording_disjoint,Recording-disjoint split,stroop,0,450
1,1,2,0.12537728404970677,0.87462271595029317,1,stroop:s02:r3,1441,recording_disjoint,Recording-disjoint split,stroop,1,208
0,2,2,0.0061000711437245083,0.99389992885627543,1,stroop:s02:r1,1441,recording_disjoint,Recording-disjoint split,stroop,0,95
1,2,2,0.004210454310201779,0.99578954568979827,1,stroop:s02:r2,1441,recording_disjoint,Recording-disjoint split,stroop,1,106
1,1,2,0.98283500754632358,0.017164992453676343,0,stroop:s02:r0,1494,recording_disjoint,Recording-disjoint split,stroop,0,450
1,1,2,0.12537728404970677,0.87462271595029317,1,stroop:s02:r3,1494,recording_disjoint,Recording-disjoint split,stroop,1,208
0,2,2,0.0061000711437245083,0.99389992885627543,1,stroop:s02:r1,1494,recording_disjoint,Recording-disjoint split,stroop,0,95
1,2,2,0.004210454310201779,0.99578954568979827,1,stroop:s02:r2,1494,recording_disjoint,Recording-disjoint split,stroop,1,106
1,1,2,0.90755352197186046,0.092446478028139517,0,stroop:s02:r0,1547,recording_disjoint,Recording-disjoint split,stroop,0,450
1,1,2,0.073202475442717851,0.92679752455728215,1,stroop:s02:r2,1547,recording_disjoint,Recording-disjoint split,stroop,1,106
0,2,2,0.0061442824281157287,0.99385571757188418,1,stroop:s02:r1,1547,recording_disjoint,Recording-disjoint split,stroop,0,95
1,2,2,0.0033946454603232122,0.9966053545396768,1,stroop:s02:r3,1547,recording_disjoint,Recording-disjoint split,stroop,1,208
0,1,3,0.0011840875884692806,0.99881591241153067,1,stroop:s03:r0,1335,recording_disjoint,Recording-disjoint split,stroop,0,181
1,1,3,0.068410753061263513,0.93158924693873646,1,stroop:s03:r2,1335,recording_disjoint,Recording-disjoint split,stroop,1,102
0,2,3,0.019150478515988903,0.98084952148401117,1,stroop:s03:r1,1335,recording_disjoint,Recording-disjoint split,stroop,0,127
1,2,3,0.00024407723905914299,0.99975592276094083,1,stroop:s03:r3,1335,recording_disjoint,Recording-disjoint split,stroop,1,160
0,1,3,0.015477480811454399,0.98452251918854561,1,stroop:s03:r0,1388,recording_disjoint,Recording-disjoint split,stroop,0,181
1,1,3,0.00012070342727917532,0.99987929657272079,1,stroop:s03:r3,1388,recording_disjoint,Recording-disjoint split,stroop,1,160
1,2,3,0.60726713597870563,0.39273286402129426,0,stroop:s03:r1,1388,recording_disjoint,Recording-disjoint split,stroop,0,127
1,2,3,0.012890614921674856,0.98710938507832513,1,stroop:s03:r2,1388,recording_disjoint,Recording-disjoint split,stroop,1,102
0,1,3,0.015477480811454399,0.98452251918854561,1,stroop:s03:r0,1441,recording_disjoint,Recording-disjoint split,stroop,0,181
1,1,3,0.00012070342727917532,0.99987929657272079,1,stroop:s03:r3,1441,recording_disjoint,Recording-disjoint split,stroop,1,160
1,2,3,0.60726713597870563,0.39273286402129426,0,stroop:s03:r1,1441,recording_disjoint,Recording-disjoint split,stroop,0,127
1,2,3,0.012890614921674856,0.98710938507832513,1,stroop:s03:r2,1441,recording_disjoint,Recording-disjoint split,stroop,1,102
0,1,3,0.015477480811454399,0.98452251918854561,1,stroop:s03:r0,1494,recording_disjoint,Recording-disjoint split,stroop,0,181
1,1,3,0.00012070342727917532,0.99987929657272079,1,stroop:s03:r3,1494,recording_disjoint,Recording-disjoint split,stroop,1,160
1,2,3,0.60726713597870563,0.39273286402129426,0,stroop:s03:r1,1494,recording_disjoint,Recording-disjoint split,stroop,0,127
1,2,3,0.012890614921674856,0.98710938507832513,1,stroop:s03:r2,1494,recording_disjoint,Recording-disjoint split,stroop,1,102
0,1,3,0.0011840875884692806,0.99881591241153067,1,stroop:s03:r0,1547,recording_disjoint,Recording-disjoint split,stroop,0,181
1,1,3,0.068410753061263513,0.93158924693873646,1,stroop:s03:r2,1547,recording_disjoint,Recording-disjoint split,stroop,1,102
0,2,3,0.019150478515988903,0.98084952148401117,1,stroop:s03:r1,1547,recording_disjoint,Recording-disjoint split,stroop,0,127
1,2,3,0.00024407723905914299,0.99975592276094083,1,stroop:s03:r3,1547,recording_disjoint,Recording-disjoint split,stroop,1,160
1,1,4,0.99999999999817846,1.8216203049347465e-12,0,stroop:s04:r0,1335,recording_disjoint,Recording-disjoint split,stroop,0,116
0,1,4,0.83682521486128747,0.16317478513871253,0,stroop:s04:r2,1335,recording_disjoint,Recording-disjoint split,stroop,1,62
0,2,4,0.022313470187000303,0.97768652981299975,1,stroop:s04:r1,1335,recording_disjoint,Recording-disjoint split,stroop,0,89
1,2,4,4.2463474749113892e-05,0.99995753652525088,1,stroop:s04:r3,1335,recording_disjoint,Recording-disjoint split,stroop,1,192
1,1,4,0.99998630359955887,1.3696400441166279e-05,0,stroop:s04:r0,1388,recording_disjoint,Recording-disjoint split,stroop,0,116
1,1,4,0.015965165214809379,0.98403483478519049,1,stroop:s04:r3,1388,recording_disjoint,Recording-disjoint split,stroop,1,192
0,2,4,0.032451526479377872,0.96754847352062212,1,stroop:s04:r1,1388,recording_disjoint,Recording-disjoint split,stroop,0,89
1,2,4,0.0062836919942614823,0.99371630800573851,1,stroop:s04:r2,1388,recording_disjoint,Recording-disjoint split,stroop,1,62
1,1,4,0.99998630359955887,1.3696400441166279e-05,0,stroop:s04:r0,1441,recording_disjoint,Recording-disjoint split,stroop,0,116
1,1,4,0.015965165214809379,0.98403483478519049,1,stroop:s04:r3,1441,recording_disjoint,Recording-disjoint split,stroop,1,192
0,2,4,0.032451526479377872,0.96754847352062212,1,stroop:s04:r1,1441,recording_disjoint,Recording-disjoint split,stroop,0,89
1,2,4,0.0062836919942614823,0.99371630800573851,1,stroop:s04:r2,1441,recording_disjoint,Recording-disjoint split,stroop,1,62
1,1,4,0.99998630359955887,1.3696400441166279e-05,0,stroop:s04:r0,1494,recording_disjoint,Recording-disjoint split,stroop,0,116
1,1,4,0.015965165214809379,0.98403483478519049,1,stroop:s04:r3,1494,recording_disjoint,Recording-disjoint split,stroop,1,192
0,2,4,0.032451526479377872,0.96754847352062212,1,stroop:s04:r1,1494,recording_disjoint,Recording-disjoint split,stroop,0,89
1,2,4,0.0062836919942614823,0.99371630800573851,1,stroop:s04:r2,1494,recording_disjoint,Recording-disjoint split,stroop,1,62
1,1,4,0.99999999999817846,1.8216203049347465e-12,0,stroop:s04:r0,1547,recording_disjoint,Recording-disjoint split,stroop,0,116
0,1,4,0.83682521486128747,0.16317478513871253,0,stroop:s04:r2,1547,recording_disjoint,Recording-disjoint split,stroop,1,62
0,2,4,0.022313470187000303,0.97768652981299975,1,stroop:s04:r1,1547,recording_disjoint,Recording-disjoint split,stroop,0,89
1,2,4,4.2463474749113892e-05,0.99995753652525088,1,stroop:s04:r3,1547,recording_disjoint,Recording-disjoint split,stroop,1,192
1,1,5,0.9993233936027337,0.00067660639726631225,0,stroop:s05:r0,1335,recording_disjoint,Recording-disjoint split,stroop,0,244
1,1,5,0.0012568640418249111,0.9987431359581751,1,stroop:s05:r2,1335,recording_disjoint,Recording-disjoint split,stroop,1,108
0,2,5,0.046908857730106383,0.95309114226989367,1,stroop:s05:r1,1335,recording_disjoint,Recording-disjoint split,stroop,0,137
1,2,5,0.0039219763171627472,0.99607802368283727,1,stroop:s05:r3,1335,recording_disjoint,Recording-disjoint split,stroop,1,171
1,1,5,0.89681467087348554,0.10318532912651444,0,stroop:s05:r0,1388,recording_disjoint,Recording-disjoint split,stroop,0,244
1,1,5,0.043835523299897323,0.95616447670010274,1,stroop:s05:r3,1388,recording_disjoint,Recording-disjoint split,stroop,1,171
0,2,5,0.021529256614515074,0.9784707433854849,1,stroop:s05:r1,1388,recording_disjoint,Recording-disjoint split,stroop,0,137
1,2,5,0.0020440863840982476,0.99795591361590175,1,stroop:s05:r2,1388,recording_disjoint,Recording-disjoint split,stroop,1,108
1,1,5,0.89681467087348554,0.10318532912651444,0,stroop:s05:r0,1441,recording_disjoint,Recording-disjoint split,stroop,0,244
1,1,5,0.043835523299897323,0.95616447670010274,1,stroop:s05:r3,1441,recording_disjoint,Recording-disjoint split,stroop,1,171
0,2,5,0.021529256614515074,0.9784707433854849,1,stroop:s05:r1,1441,recording_disjoint,Recording-disjoint split,stroop,0,137
1,2,5,0.0020440863840982476,0.99795591361590175,1,stroop:s05:r2,1441,recording_disjoint,Recording-disjoint split,stroop,1,108
1,1,5,0.89681467087348554,0.10318532912651444,0,stroop:s05:r0,1494,recording_disjoint,Recording-disjoint split,stroop,0,244
1,1,5,0.043835523299897323,0.95616447670010274,1,stroop:s05:r3,1494,recording_disjoint,Recording-disjoint split,stroop,1,171
0,2,5,0.021529256614515074,0.9784707433854849,1,stroop:s05:r1,1494,recording_disjoint,Recording-disjoint split,stroop,0,137
1,2,5,0.0020440863840982476,0.99795591361590175,1,stroop:s05:r2,1494,recording_disjoint,Recording-disjoint split,stroop,1,108
1,1,5,0.9993233936027337,0.00067660639726631225,0,stroop:s05:r0,1547,recording_disjoint,Recording-disjoint split,stroop,0,244
1,1,5,0.0012568640418249111,0.9987431359581751,1,stroop:s05:r2,1547,recording_disjoint,Recording-disjoint split,stroop,1,108
0,2,5,0.046908857730106383,0.95309114226989367,1,stroop:s05:r1,1547,recording_disjoint,Recording-disjoint split,stroop,0,137
1,2,5,0.0039219763171627472,0.99607802368283727,1,stroop:s05:r3,1547,recording_disjoint,Recording-disjoint split,stroop,1,171
0,1,6,2.2247716653307667e-05,0.99997775228334673,1,stroop:s06:r0,1335,recording_disjoint,Recording-disjoint split,stroop,0,150
0,1,6,0.9999999999486554,5.1344510628586503e-11,0,stroop:s06:r2,1335,recording_disjoint,Recording-disjoint split,stroop,1,111
1,2,6,0.93581598284013523,0.06418401715986477,0,stroop:s06:r1,1335,recording_disjoint,Recording-disjoint split,stroop,0,119
0,2,6,0.99697739279502628,0.0030226072049736358,0,stroop:s06:r3,1335,recording_disjoint,Recording-disjoint split,stroop,1,161
1,1,6,0.99680690494938273,0.0031930950506173098,0,stroop:s06:r0,1388,recording_disjoint,Recording-disjoint split,stroop,0,150
0,1,6,0.99772693607087004,0.0022730639291300412,0,stroop:s06:r3,1388,recording_disjoint,Recording-disjoint split,stroop,1,161
0,2,6,5.600618812010673e-08,0.99999994399381187,1,stroop:s06:r1,1388,recording_disjoint,Recording-disjoint split,stroop,0,119
0,2,6,0.99999999996565114,3.4348838390239564e-11,0,stroop:s06:r2,1388,recording_disjoint,Recording-disjoint split,stroop,1,111
1,1,6,0.99680690494938273,0.0031930950506173098,0,stroop:s06:r0,1441,recording_disjoint,Recording-disjoint split,stroop,0,150
0,1,6,0.99772693607087004,0.0022730639291300412,0,stroop:s06:r3,1441,recording_disjoint,Recording-disjoint split,stroop,1,161
0,2,6,5.600618812010673e-08,0.99999994399381187,1,stroop:s06:r1,1441,recording_disjoint,Recording-disjoint split,stroop,0,119
0,2,6,0.99999999996565114,3.4348838390239564e-11,0,stroop:s06:r2,1441,recording_disjoint,Recording-disjoint split,stroop,1,111
1,1,6,0.99680690494938273,0.0031930950506173098,0,stroop:s06:r0,1494,recording_disjoint,Recording-disjoint split,stroop,0,150
0,1,6,0.99772693607087004,0.0022730639291300412,0,stroop:s06:r3,1494,recording_disjoint,Recording-disjoint split,stroop,1,161
0,2,6,5.600618812010673e-08,0.99999994399381187,1,stroop:s06:r1,1494,recording_disjoint,Recording-disjoint split,stroop,0,119
0,2,6,0.99999999996565114,3.4348838390239564e-11,0,stroop:s06:r2,1494,recording_disjoint,Recording-disjoint split,stroop,1,111
0,1,6,2.2247716653307667e-05,0.99997775228334673,1,stroop:s06:r0,1547,recording_disjoint,Recording-disjoint split,stroop,0,150
0,1,6,0.9999999999486554,5.1344510628586503e-11,0,stroop:s06:r2,1547,recording_disjoint,Recording-disjoint split,stroop,1,111
1,2,6,0.93581598284013523,0.06418401715986477,0,stroop:s06:r1,1547,recording_disjoint,Recording-disjoint split,stroop,0,119
0,2,6,0.99697739279502628,0.0030226072049736358,0,stroop:s06:r3,1547,recording_disjoint,Recording-disjoint split,stroop,1,161
1,1,7,0.99999999985186794,1.4813216031207257e-10,0,stroop:s07:r0,1335,recording_disjoint,Recording-disjoint split,stroop,0,169
1,1,7,0.44009956724653998,0.55990043275346002,1,stroop:s07:r2,1335,recording_disjoint,Recording-disjoint split,stroop,1,96
0,2,7,0.00085780965185956856,0.99914219034814045,1,stroop:s07:r1,1335,recording_disjoint,Recording-disjoint split,stroop,0,97
1,2,7,0.00026247410088579988,0.99973752589911413,1,stroop:s07:r3,1335,recording_disjoint,Recording-disjoint split,stroop,1,179
0,1,7,0.49308437486937101,0.50691562513062904,1,stroop:s07:r0,1388,recording_disjoint,Recording-disjoint split,stroop,0,169
1,1,7,0.32297170263627245,0.6770282973637276,1,stroop:s07:r3,1388,recording_disjoint,Recording-disjoint split,stroop,1,179
0,2,7,0.00088127693347198445,0.99911872306652805,1,stroop:s07:r1,1388,recording_disjoint,Recording-disjoint split,stroop,0,97
1,2,7,0.00055922018103330665,0.99944077981896662,1,stroop:s07:r2,1388,recording_disjoint,Recording-disjoint split,stroop,1,96
0,1,7,0.49308437486937101,0.50691562513062904,1,stroop:s07:r0,1441,recording_disjoint,Recording-disjoint split,stroop,0,169
1,1,7,0.32297170263627245,0.6770282973637276,1,stroop:s07:r3,1441,recording_disjoint,Recording-disjoint split,stroop,1,179
0,2,7,0.00088127693347198445,0.99911872306652805,1,stroop:s07:r1,1441,recording_disjoint,Recording-disjoint split,stroop,0,97
1,2,7,0.00055922018103330665,0.99944077981896662,1,stroop:s07:r2,1441,recording_disjoint,Recording-disjoint split,stroop,1,96
0,1,7,0.49308437486937101,0.50691562513062904,1,stroop:s07:r0,1494,recording_disjoint,Recording-disjoint split,stroop,0,169
1,1,7,0.32297170263627245,0.6770282973637276,1,stroop:s07:r3,1494,recording_disjoint,Recording-disjoint split,stroop,1,179
0,2,7,0.00088127693347198445,0.99911872306652805,1,stroop:s07:r1,1494,recording_disjoint,Recording-disjoint split,stroop,0,97
1,2,7,0.00055922018103330665,0.99944077981896662,1,stroop:s07:r2,1494,recording_disjoint,Recording-disjoint split,stroop,1,96
1,1,7,0.99999999985186794,1.4813216031207257e-10,0,stroop:s07:r0,1547,recording_disjoint,Recording-disjoint split,stroop,0,169
1,1,7,0.44009956724653998,0.55990043275346002,1,stroop:s07:r2,1547,recording_disjoint,Recording-disjoint split,stroop,1,96
0,2,7,0.00085780965185956856,0.99914219034814045,1,stroop:s07:r1,1547,recording_disjoint,Recording-disjoint split,stroop,0,97
1,2,7,0.00026247410088579988,0.99973752589911413,1,stroop:s07:r3,1547,recording_disjoint,Recording-disjoint split,stroop,1,179
0,1,8,0.18623185668966249,0.81376814331033753,1,stroop:s08:r0,1335,recording_disjoint,Recording-disjoint split,stroop,0,190
1,1,8,0.29304224412163216,0.70695775587836795,1,stroop:s08:r2,1335,recording_disjoint,Recording-disjoint split,stroop,1,160
0,2,8,0.025717069380572576,0.97428293061942739,1,stroop:s08:r1,1335,recording_disjoint,Recording-disjoint split,stroop,0,162
1,2,8,0.0068287944320993043,0.99317120556790062,1,stroop:s08:r3,1335,recording_disjoint,Recording-disjoint split,stroop,1,234
0,1,8,0.4511854120104396,0.5488145879895604,1,stroop:s08:r0,1388,recording_disjoint,Recording-disjoint split,stroop,0,190
1,1,8,0.38129069693033008,0.61870930306966998,1,stroop:s08:r3,1388,recording_disjoint,Recording-disjoint split,stroop,1,234
0,2,8,0.012040013443136238,0.98795998655686368,1,stroop:s08:r1,1388,recording_disjoint,Recording-disjoint split,stroop,0,162
1,2,8,0.020610697372192999,0.97938930262780699,1,stroop:s08:r2,1388,recording_disjoint,Recording-disjoint split,stroop,1,160
0,1,8,0.4511854120104396,0.5488145879895604,1,stroop:s08:r0,1441,recording_disjoint,Recording-disjoint split,stroop,0,190
1,1,8,0.38129069693033008,0.61870930306966998,1,stroop:s08:r3,1441,recording_disjoint,Recording-disjoint split,stroop,1,234
0,2,8,0.012040013443136238,0.98795998655686368,1,stroop:s08:r1,1441,recording_disjoint,Recording-disjoint split,stroop,0,162
1,2,8,0.020610697372192999,0.97938930262780699,1,stroop:s08:r2,1441,recording_disjoint,Recording-disjoint split,stroop,1,160
0,1,8,0.4511854120104396,0.5488145879895604,1,stroop:s08:r0,1494,recording_disjoint,Recording-disjoint split,stroop,0,190
1,1,8,0.38129069693033008,0.61870930306966998,1,stroop:s08:r3,1494,recording_disjoint,Recording-disjoint split,stroop,1,234
0,2,8,0.012040013443136238,0.98795998655686368,1,stroop:s08:r1,1494,recording_disjoint,Recording-disjoint split,stroop,0,162
1,2,8,0.020610697372192999,0.97938930262780699,1,stroop:s08:r2,1494,recording_disjoint,Recording-disjoint split,stroop,1,160
0,1,8,0.18623185668966249,0.81376814331033753,1,stroop:s08:r0,1547,recording_disjoint,Recording-disjoint split,stroop,0,190
1,1,8,0.29304224412163216,0.70695775587836795,1,stroop:s08:r2,1547,recording_disjoint,Recording-disjoint split,stroop,1,160
0,2,8,0.025717069380572576,0.97428293061942739,1,stroop:s08:r1,1547,recording_disjoint,Recording-disjoint split,stroop,0,162
1,2,8,0.0068287944320993043,0.99317120556790062,1,stroop:s08:r3,1547,recording_disjoint,Recording-disjoint split,stroop,1,234
1,1,9,0.99999997499736315,2.5002636827981947e-08,0,stroop:s09:r0,1335,recording_disjoint,Recording-disjoint split,stroop,0,410
0,1,9,0.97271040747726423,0.027289592522735807,0,stroop:s09:r2,1335,recording_disjoint,Recording-disjoint split,stroop,1,110
0,2,9,0.009909628451847145,0.99009037154815283,1,stroop:s09:r1,1335,recording_disjoint,Recording-disjoint split,stroop,0,160
1,2,9,0.0016057311868150367,0.99839426881318494,1,stroop:s09:r3,1335,recording_disjoint,Recording-disjoint split,stroop,1,193
0,1,9,4.1240533150509985e-05,0.99995875946684953,1,stroop:s09:r0,1388,recording_disjoint,Recording-disjoint split,stroop,0,410
0,1,9,0.96148897277792589,0.038511027222074092,0,stroop:s09:r3,1388,recording_disjoint,Recording-disjoint split,stroop,1,193
0,2,9,0.014424246395507455,0.98557575360449257,1,stroop:s09:r1,1388,recording_disjoint,Recording-disjoint split,stroop,0,160
1,2,9,0.0053526703174827713,0.99464732968251723,1,stroop:s09:r2,1388,recording_disjoint,Recording-disjoint split,stroop,1,110
0,1,9,4.1240533150509985e-05,0.99995875946684953,1,stroop:s09:r0,1441,recording_disjoint,Recording-disjoint split,stroop,0,410
0,1,9,0.96148897277792589,0.038511027222074092,0,stroop:s09:r3,1441,recording_disjoint,Recording-disjoint split,stroop,1,193
0,2,9,0.014424246395507455,0.98557575360449257,1,stroop:s09:r1,1441,recording_disjoint,Recording-disjoint split,stroop,0,160
1,2,9,0.0053526703174827713,0.99464732968251723,1,stroop:s09:r2,1441,recording_disjoint,Recording-disjoint split,stroop,1,110
0,1,9,4.1240533150509985e-05,0.99995875946684953,1,stroop:s09:r0,1494,recording_disjoint,Recording-disjoint split,stroop,0,410
0,1,9,0.96148897277792589,0.038511027222074092,0,stroop:s09:r3,1494,recording_disjoint,Recording-disjoint split,stroop,1,193
0,2,9,0.014424246395507455,0.98557575360449257,1,stroop:s09:r1,1494,recording_disjoint,Recording-disjoint split,stroop,0,160
1,2,9,0.0053526703174827713,0.99464732968251723,1,stroop:s09:r2,1494,recording_disjoint,Recording-disjoint split,stroop,1,110
1,1,9,0.99999997499736315,2.5002636827981947e-08,0,stroop:s09:r0,1547,recording_disjoint,Recording-disjoint split,stroop,0,410
0,1,9,0.97271040747726423,0.027289592522735807,0,stroop:s09:r2,1547,recording_disjoint,Recording-disjoint split,stroop,1,110
0,2,9,0.009909628451847145,0.99009037154815283,1,stroop:s09:r1,1547,recording_disjoint,Recording-disjoint split,stroop,0,160
1,2,9,0.0016057311868150367,0.99839426881318494,1,stroop:s09:r3,1547,recording_disjoint,Recording-disjoint split,stroop,1,193
1,1,10,0.99999952156019767,4.7843980239296242e-07,0,stroop:s10:r0,1335,recording_disjoint,Recording-disjoint split,stroop,0,185
0,1,10,0.99931024314315264,0.00068975685684732673,0,stroop:s10:r2,1335,recording_disjoint,Recording-disjoint split,stroop,1,83
0,2,10,0.12323013223779948,0.87676986776220056,1,stroop:s10:r1,1335,recording_disjoint,Recording-disjoint split,stroop,0,118
1,2,10,8.3205107740280009e-05,0.99991679489225982,1,stroop:s10:r3,1335,recording_disjoint,Recording-disjoint split,stroop,1,207
0,1,10,0.38790739211060687,0.61209260788939313,1,stroop:s10:r0,1388,recording_disjoint,Recording-disjoint split,stroop,0,185
0,1,10,0.99992900905065552,7.0990949344561292e-05,0,stroop:s10:r3,1388,recording_disjoint,Recording-disjoint split,stroop,1,207
1,2,10,0.98956082086100294,0.010439179138997069,0,stroop:s10:r1,1388,recording_disjoint,Recording-disjoint split,stroop,0,118
0,2,10,0.98799682972078917,0.012003170279210888,0,stroop:s10:r2,1388,recording_disjoint,Recording-disjoint split,stroop,1,83
0,1,10,0.38790739211060687,0.61209260788939313,1,stroop:s10:r0,1441,recording_disjoint,Recording-disjoint split,stroop,0,185
0,1,10,0.99992900905065552,7.0990949344561292e-05,0,stroop:s10:r3,1441,recording_disjoint,Recording-disjoint split,stroop,1,207
1,2,10,0.98956082086100294,0.010439179138997069,0,stroop:s10:r1,1441,recording_disjoint,Recording-disjoint split,stroop,0,118
0,2,10,0.98799682972078917,0.012003170279210888,0,stroop:s10:r2,1441,recording_disjoint,Recording-disjoint split,stroop,1,83
0,1,10,0.38790739211060687,0.61209260788939313,1,stroop:s10:r0,1494,recording_disjoint,Recording-disjoint split,stroop,0,185
0,1,10,0.99992900905065552,7.0990949344561292e-05,0,stroop:s10:r3,1494,recording_disjoint,Recording-disjoint split,stroop,1,207
1,2,10,0.98956082086100294,0.010439179138997069,0,stroop:s10:r1,1494,recording_disjoint,Recording-disjoint split,stroop,0,118
0,2,10,0.98799682972078917,0.012003170279210888,0,stroop:s10:r2,1494,recording_disjoint,Recording-disjoint split,stroop,1,83
1,1,10,0.99999952156019767,4.7843980239296242e-07,0,stroop:s10:r0,1547,recording_disjoint,Recording-disjoint split,stroop,0,185
0,1,10,0.99931024314315264,0.00068975685684732673,0,stroop:s10:r2,1547,recording_disjoint,Recording-disjoint split,stroop,1,83
0,2,10,0.12323013223779948,0.87676986776220056,1,stroop:s10:r1,1547,recording_disjoint,Recording-disjoint split,stroop,0,118
1,2,10,8.3205107740280009e-05,0.99991679489225982,1,stroop:s10:r3,1547,recording_disjoint,Recording-disjoint split,stroop,1,207
1,1,11,0.99999911572957123,8.8427042873349976e-07,0,stroop:s11:r0,1335,recording_disjoint,Recording-disjoint split,stroop,0,244
1,1,11,0.061018477556463745,0.93898152244353628,1,stroop:s11:r2,1335,recording_disjoint,Recording-disjoint split,stroop,1,130
0,2,11,0.0039093275494346165,0.99609067245056548,1,stroop:s11:r1,1335,recording_disjoint,Recording-disjoint split,stroop,0,113
1,2,11,0.0011252630372836831,0.99887473696271634,1,stroop:s11:r3,1335,recording_disjoint,Recording-disjoint split,stroop,1,185
1,1,11,0.99999688641523821,3.1135847617694437e-06,0,stroop:s11:r0,1388,recording_disjoint,Recording-disjoint split,stroop,0,244
1,1,11,0.11192823141557287,0.88807176858442716,1,stroop:s11:r3,1388,recording_disjoint,Recording-disjoint split,stroop,1,185
0,2,11,0.0037517349336350474,0.99624826506636488,1,stroop:s11:r1,1388,recording_disjoint,Recording-disjoint split,stroop,0,113
1,2,11,0.0011096245340716285,0.99889037546592829,1,stroop:s11:r2,1388,recording_disjoint,Recording-disjoint split,stroop,1,130
1,1,11,0.99999688641523821,3.1135847617694437e-06,0,stroop:s11:r0,1441,recording_disjoint,Recording-disjoint split,stroop,0,244
1,1,11,0.11192823141557287,0.88807176858442716,1,stroop:s11:r3,1441,recording_disjoint,Recording-disjoint split,stroop,1,185
0,2,11,0.0037517349336350474,0.99624826506636488,1,stroop:s11:r1,1441,recording_disjoint,Recording-disjoint split,stroop,0,113
1,2,11,0.0011096245340716285,0.99889037546592829,1,stroop:s11:r2,1441,recording_disjoint,Recording-disjoint split,stroop,1,130
1,1,11,0.99999688641523821,3.1135847617694437e-06,0,stroop:s11:r0,1494,recording_disjoint,Recording-disjoint split,stroop,0,244
1,1,11,0.11192823141557287,0.88807176858442716,1,stroop:s11:r3,1494,recording_disjoint,Recording-disjoint split,stroop,1,185
0,2,11,0.0037517349336350474,0.99624826506636488,1,stroop:s11:r1,1494,recording_disjoint,Recording-disjoint split,stroop,0,113
1,2,11,0.0011096245340716285,0.99889037546592829,1,stroop:s11:r2,1494,recording_disjoint,Recording-disjoint split,stroop,1,130
1,1,11,0.99999911572957123,8.8427042873349976e-07,0,stroop:s11:r0,1547,recording_disjoint,Recording-disjoint split,stroop,0,244
1,1,11,0.061018477556463745,0.93898152244353628,1,stroop:s11:r2,1547,recording_disjoint,Recording-disjoint split,stroop,1,130
0,2,11,0.0039093275494346165,0.99609067245056548,1,stroop:s11:r1,1547,recording_disjoint,Recording-disjoint split,stroop,0,113
1,2,11,0.0011252630372836831,0.99887473696271634,1,stroop:s11:r3,1547,recording_disjoint,Recording-disjoint split,stroop,1,185
0,1,12,0.06907182541442318,0.93092817458557675,1,stroop:s12:r0,1335,recording_disjoint,Recording-disjoint split,stroop,0,185
1,1,12,0.32641851754242063,0.67358148245757943,1,stroop:s12:r2,1335,recording_disjoint,Recording-disjoint split,stroop,1,126
0,2,12,0.0044522412220664408,0.99554775877793356,1,stroop:s12:r1,1335,recording_disjoint,Recording-disjoint split,stroop,0,123
1,2,12,0.0049112977714106977,0.99508870222858925,1,stroop:s12:r3,1335,recording_disjoint,Recording-disjoint split,stroop,1,189
0,1,12,0.10111659405770974,0.89888340594229021,1,stroop:s12:r0,1388,recording_disjoint,Recording-disjoint split,stroop,0,185
0,1,12,0.65117294539883275,0.34882705460116736,0,stroop:s12:r3,1388,recording_disjoint,Recording-disjoint split,stroop,1,189
0,2,12,0.0025123863499423205,0.99748761365005767,1,stroop:s12:r1,1388,recording_disjoint,Recording-disjoint split,stroop,0,123
1,2,12,0.0023374853724495103,0.99766251462755051,1,stroop:s12:r2,1388,recording_disjoint,Recording-disjoint split,stroop,1,126
0,1,12,0.10111659405770974,0.89888340594229021,1,stroop:s12:r0,1441,recording_disjoint,Recording-disjoint split,stroop,0,185
0,1,12,0.65117294539883275,0.34882705460116736,0,stroop:s12:r3,1441,recording_disjoint,Recording-disjoint split,stroop,1,189
0,2,12,0.0025123863499423205,0.99748761365005767,1,stroop:s12:r1,1441,recording_disjoint,Recording-disjoint split,stroop,0,123
1,2,12,0.0023374853724495103,0.99766251462755051,1,stroop:s12:r2,1441,recording_disjoint,Recording-disjoint split,stroop,1,126
0,1,12,0.10111659405770974,0.89888340594229021,1,stroop:s12:r0,1494,recording_disjoint,Recording-disjoint split,stroop,0,185
0,1,12,0.65117294539883275,0.34882705460116736,0,stroop:s12:r3,1494,recording_disjoint,Recording-disjoint split,stroop,1,189
0,2,12,0.0025123863499423205,0.99748761365005767,1,stroop:s12:r1,1494,recording_disjoint,Recording-disjoint split,stroop,0,123
1,2,12,0.0023374853724495103,0.99766251462755051,1,stroop:s12:r2,1494,recording_disjoint,Recording-disjoint split,stroop,1,126
0,1,12,0.06907182541442318,0.93092817458557675,1,stroop:s12:r0,1547,recording_disjoint,Recording-disjoint split,stroop,0,185
1,1,12,0.32641851754242063,0.67358148245757943,1,stroop:s12:r2,1547,recording_disjoint,Recording-disjoint split,stroop,1,126
0,2,12,0.0044522412220664408,0.99554775877793356,1,stroop:s12:r1,1547,recording_disjoint,Recording-disjoint split,stroop,0,123
1,2,12,0.0049112977714106977,0.99508870222858925,1,stroop:s12:r3,1547,recording_disjoint,Recording-disjoint split,stroop,1,189
0,1,13,0.0022737156360763725,0.99772628436392374,1,stroop:s13:r0,1335,recording_disjoint,Recording-disjoint split,stroop,0,180
0,1,13,0.79626782141880792,0.20373217858119219,0,stroop:s13:r2,1335,recording_disjoint,Recording-disjoint split,stroop,1,122
0,2,13,1.9564861328836679e-06,0.99999804351386712,1,stroop:s13:r1,1335,recording_disjoint,Recording-disjoint split,stroop,0,91
1,2,13,1.3770893560092543e-06,0.99999862291064401,1,stroop:s13:r3,1335,recording_disjoint,Recording-disjoint split,stroop,1,180
0,1,13,1.3332651741787611e-05,0.99998666734825825,1,stroop:s13:r0,1388,recording_disjoint,Recording-disjoint split,stroop,0,180
1,1,13,0.032255734121778568,0.96774426587822138,1,stroop:s13:r3,1388,recording_disjoint,Recording-disjoint split,stroop,1,180
0,2,13,0.00048967767454045235,0.99951032232545955,1,stroop:s13:r1,1388,recording_disjoint,Recording-disjoint split,stroop,0,91
1,2,13,0.019498191264077428,0.98050180873592252,1,stroop:s13:r2,1388,recording_disjoint,Recording-disjoint split,stroop,1,122
0,1,13,1.3332651741787611e-05,0.99998666734825825,1,stroop:s13:r0,1441,recording_disjoint,Recording-disjoint split,stroop,0,180
1,1,13,0.032255734121778568,0.96774426587822138,1,stroop:s13:r3,1441,recording_disjoint,Recording-disjoint split,stroop,1,180
0,2,13,0.00048967767454045235,0.99951032232545955,1,stroop:s13:r1,1441,recording_disjoint,Recording-disjoint split,stroop,0,91
1,2,13,0.019498191264077428,0.98050180873592252,1,stroop:s13:r2,1441,recording_disjoint,Recording-disjoint split,stroop,1,122
0,1,13,1.3332651741787611e-05,0.99998666734825825,1,stroop:s13:r0,1494,recording_disjoint,Recording-disjoint split,stroop,0,180
1,1,13,0.032255734121778568,0.96774426587822138,1,stroop:s13:r3,1494,recording_disjoint,Recording-disjoint split,stroop,1,180
0,2,13,0.00048967767454045235,0.99951032232545955,1,stroop:s13:r1,1494,recording_disjoint,Recording-disjoint split,stroop,0,91
1,2,13,0.019498191264077428,0.98050180873592252,1,stroop:s13:r2,1494,recording_disjoint,Recording-disjoint split,stroop,1,122
0,1,13,0.0022737156360763725,0.99772628436392374,1,stroop:s13:r0,1547,recording_disjoint,Recording-disjoint split,stroop,0,180
0,1,13,0.79626782141880792,0.20373217858119219,0,stroop:s13:r2,1547,recording_disjoint,Recording-disjoint split,stroop,1,122
0,2,13,1.9564861328836679e-06,0.99999804351386712,1,stroop:s13:r1,1547,recording_disjoint,Recording-disjoint split,stroop,0,91
1,2,13,1.3770893560092543e-06,0.99999862291064401,1,stroop:s13:r3,1547,recording_disjoint,Recording-disjoint split,stroop,1,180
