protocol,direction,outer_target_subject,seed_scope,inner_fold,recording_disjoint,participant_disjoint,outer_training_participants,outer_training_recordings,inner_training_participants,inner_training_recordings,inner_validation_participants,inner_validation_recordings,outer_test_participants,outer_test_recordings,inner_training_windows,inner_validation_windows,outer_test_windows,inner_training_subject_ids,inner_validation_subject_ids,inner_training_recording_ids,inner_validation_recording_ids,outer_test_recording_ids
cross_task,arithmetic_to_stroop,1,1335,1,True,False,1,4,1,2,1,2,1,3,370,326,496,1,1,arithmetic:s01:r1|arithmetic:s01:r3,arithmetic:s01:r0|arithmetic:s01:r2,stroop:s01:r1|stroop:s01:r2|stroop:s01:r3
cross_task,arithmetic_to_stroop,1,1335,2,True,False,1,4,1,2,1,2,1,3,326,370,496,1,1,arithmetic:s01:r0|arithmetic:s01:r2,arithmetic:s01:r1|arithmetic:s01:r3,stroop:s01:r1|stroop:s01:r2|stroop:s01:r3
cross_task,arithmetic_to_stroop,1,1388,1,True,False,1,4,1,2,1,2,1,3,321,375,496,1,1,arithmetic:s01:r1|arithmetic:s01:r2,arithmetic:s01:r0|arithmetic:s01:r3,stroop:s01:r1|stroop:s01:r2|stroop:s01:r3
cross_task,arithmetic_to_stroop,1,1388,2,True,False,1,4,1,2,1,2,1,3,375,321,496,1,1,arithmetic:s01:r0|arithmetic:s01:r3,arithmetic:s01:r1|arithmetic:s01:r2,stroop:s01:r1|stroop:s01:r2|stroop:s01:r3
cross_task,arithmetic_to_stroop,1,1441,1,True,False,1,4,1,2,1,2,1,3,321,375,496,1,1,arithmetic:s01:r1|arithmetic:s01:r2,arithmetic:s01:r0|arithmetic:s01:r3,stroop:s01:r1|stroop:s01:r2|stroop:s01:r3
cross_task,arithmetic_to_stroop,1,1441,2,True,False,1,4,1,2,1,2,1,3,375,321,496,1,1,arithmetic:s01:r0|arithmetic:s01:r3,arithmetic:s01:r1|arithmetic:s01:r2,stroop:s01:r1|stroop:s01:r2|stroop:s01:r3
cross_task,arithmetic_to_stroop,1,1494,1,True,False,1,4,1,2,1,2,1,3,321,375,496,1,1,arithmetic:s01:r1|arithmetic:s01:r2,arithmetic:s01:r0|arithmetic:s01:r3,stroop:s01:r1|stroop:s01:r2|stroop:s01:r3
cross_task,arithmetic_to_stroop,1,1494,2,True,False,1,4,1,2,1,2,1,3,375,321,496,1,1,arithmetic:s01:r0|arithmetic:s01:r3,arithmetic:s01:r1|arithmetic:s01:r2,stroop:s01:r1|stroop:s01:r2|stroop:s01:r3
cross_task,arithmetic_to_stroop,1,1547,1,True,False,1,4,1,2,1,2,1,3,370,326,496,1,1,arithmetic:s01:r1|arithmetic:s01:r3,arithmetic:s01:r0|arithmetic:s01:r2,stroop:s01:r1|stroop:s01:r2|stroop:s01:r3
cross_task,arithmetic_to_stroop,1,1547,2,True,False,1,4,1,2,1,2,1,3,326,370,496,1,1,arithmetic:s01:r0|arithmetic:s01:r2,arithmetic:s01:r1|arithmetic:s01:r3,stroop:s01:r1|stroop:s01:r2|stroop:s01:r3
cross_task,stroop_to_arithmetic,1,1335,1,True,False,1,4,1,2,1,2,1,3,357,296,539,1,1,stroop:s01:r1|stroop:s01:r3,stroop:s01:r0|stroop:s01:r2,arithmetic:s01:r1|arithmetic:s01:r2|arithmetic:s01:r3
cross_task,stroop_to_arithmetic,1,1335,2,True,False,1,4,1,2,1,2,1,3,296,357,539,1,1,stroop:s01:r0|stroop:s01:r2,stroop:s01:r1|stroop:s01:r3,arithmetic:s01:r1|arithmetic:s01:r2|arithmetic:s01:r3
cross_task,stroop_to_arithmetic,1,1388,1,True,False,1,4,1,2,1,2,1,3,287,366,539,1,1,stroop:s01:r1|stroop:s01:r2,stroop:s01:r0|stroop:s01:r3,arithmetic:s01:r1|arithmetic:s01:r2|arithmetic:s01:r3
cross_task,stroop_to_arithmetic,1,1388,2,True,False,1,4,1,2,1,2,1,3,366,287,539,1,1,stroop:s01:r0|stroop:s01:r3,stroop:s01:r1|stroop:s01:r2,arithmetic:s01:r1|arithmetic:s01:r2|arithmetic:s01:r3
cross_task,stroop_to_arithmetic,1,1441,1,True,False,1,4,1,2,1,2,1,3,287,366,539,1,1,stroop:s01:r1|stroop:s01:r2,stroop:s01:r0|stroop:s01:r3,arithmetic:s01:r1|arithmetic:s01:r2|arithmetic:s01:r3
cross_task,stroop_to_arithmetic,1,1441,2,True,False,1,4,1,2,1,2,1,3,366,287,539,1,1,stroop:s01:r0|stroop:s01:r3,stroop:s01:r1|stroop:s01:r2,arithmetic:s01:r1|arithmetic:s01:r2|arithmetic:s01:r3
cross_task,stroop_to_arithmetic,1,1494,1,True,False,1,4,1,2,1,2,1,3,287,366,539,1,1,stroop:s01:r1|stroop:s01:r2,stroop:s01:r0|stroop:s01:r3,arithmetic:s01:r1|arithmetic:s01:r2|arithmetic:s01:r3
cross_task,stroop_to_arithmetic,1,1494,2,True,False,1,4,1,2,1,2,1,3,366,287,539,1,1,stroop:s01:r0|stroop:s01:r3,stroop:s01:r1|stroop:s01:r2,arithmetic:s01:r1|arithmetic:s01:r2|arithmetic:s01:r3
cross_task,stroop_to_arithmetic,1,1547,1,True,False,1,4,1,2,1,2,1,3,357,296,539,1,1,stroop:s01:r1|stroop:s01:r3,stroop:s01:r0|stroop:s01:r2,arithmetic:s01:r1|arithmetic:s01:r2|arithmetic:s01:r3
cross_task,stroop_to_arithmetic,1,1547,2,True,False,1,4,1,2,1,2,1,3,296,357,539,1,1,stroop:s01:r0|stroop:s01:r2,stroop:s01:r1|stroop:s01:r3,arithmetic:s01:r1|arithmetic:s01:r2|arithmetic:s01:r3
cross_task,arithmetic_to_stroop,2,1335,1,True,False,1,4,1,2,1,2,1,3,402,586,409,2,2,arithmetic:s02:r1|arithmetic:s02:r3,arithmetic:s02:r0|arithmetic:s02:r2,stroop:s02:r1|stroop:s02:r2|stroop:s02:r3
cross_task,arithmetic_to_stroop,2,1335,2,True,False,1,4,1,2,1,2,1,3,586,402,409,2,2,arithmetic:s02:r0|arithmetic:s02:r2,arithmetic:s02:r1|arithmetic:s02:r3,stroop:s02:r1|stroop:s02:r2|stroop:s02:r3
cross_task,arithmetic_to_stroop,2,1388,1,True,False,1,4,1,2,1,2,1,3,268,720,409,2,2,arithmetic:s02:r1|arithmetic:s02:r2,arithmetic:s02:r0|arithmetic:s02:r3,stroop:s02:r1|stroop:s02:r2|stroop:s02:r3
cross_task,arithmetic_to_stroop,2,1388,2,True,False,1,4,1,2,1,2,1,3,720,268,409,2,2,arithmetic:s02:r0|arithmetic:s02:r3,arithmetic:s02:r1|arithmetic:s02:r2,stroop:s02:r1|stroop:s02:r2|stroop:s02:r3
cross_task,arithmetic_to_stroop,2,1441,1,True,False,1,4,1,2,1,2,1,3,268,720,409,2,2,arithmetic:s02:r1|arithmetic:s02:r2,arithmetic:s02:r0|arithmetic:s02:r3,stroop:s02:r1|stroop:s02:r2|stroop:s02:r3
cross_task,arithmetic_to_stroop,2,1441,2,True,False,1,4,1,2,1,2,1,3,720,268,409,2,2,arithmetic:s02:r0|arithmetic:s02:r3,arithmetic:s02:r1|arithmetic:s02:r2,stroop:s02:r1|stroop:s02:r2|stroop:s02:r3
cross_task,arithmetic_to_stroop,2,1494,1,True,False,1,4,1,2,1,2,1,3,268,720,409,2,2,arithmetic:s02:r1|arithmetic:s02:r2,arithmetic:s02:r0|arithmetic:s02:r3,stroop:s02:r1|stroop:s02:r2|stroop:s02:r3
cross_task,arithmetic_to_stroop,2,1494,2,True,False,1,4,1,2,1,2,1,3,720,268,409,2,2,arithmetic:s02:r0|arithmetic:s02:r3,arithmetic:s02:r1|arithmetic:s02:r2,stroop:s02:r1|stroop:s02:r2|stroop:s02:r3
cross_task,arithmetic_to_stroop,2,1547,1,True,False,1,4,1,2,1,2,1,3,402,586,409,2,2,arithmetic:s02:r1|arithmetic:s02:r3,arithmetic:s02:r0|arithmetic:s02:r2,stroop:s02:r1|stroop:s02:r2|stroop:s02:r3
cross_task,arithmetic_to_stroop,2,1547,2,True,False,1,4,1,2,1,2,1,3,586,402,409,2,2,arithmetic:s02:r0|arithmetic:s02:r2,arithmetic:s02:r1|arithmetic:s02:r3,stroop:s02:r1|stroop:s02:r2|stroop:s02:r3
cross_task,stroop_to_arithmetic,2,1335,1,True,False,1,4,1,2,1,2,1,3,303,556,538,2,2,stroop:s02:r1|stroop:s02:r3,stroop:s02:r0|stroop:s02:r2,arithmetic:s02:r1|arithmetic:s02:r2|arithmetic:s02:r3
cross_task,stroop_to_arithmetic,2,1335,2,True,False,1,4,1,2,1,2,1,3,556,303,538,2,2,stroop:s02:r0|stroop:s02:r2,stroop:s02:r1|stroop:s02:r3,arithmetic:s02:r1|arithmetic:s02:r2|arithmetic:s02:r3
cross_task,stroop_to_arithmetic,2,1388,1,True,False,1,4,1,2,1,2,1,3,201,658,538,2,2,stroop:s02:r1|stroop:s02:r2,stroop:s02:r0|stroop:s02:r3,arithmetic:s02:r1|arithmetic:s02:r2|arithmetic:s02:r3
cross_task,stroop_to_arithmetic,2,1388,2,True,False,1,4,1,2,1,2,1,3,658,201,538,2,2,stroop:s02:r0|stroop:s02:r3,stroop:s02:r1|stroop:s02:r2,arithmetic:s02:r1|arithmetic:s02:r2|arithmetic:s02:r3
cross_task,stroop_to_arithmetic,2,1441,1,True,False,1,4,1,2,1,2,1,3,201,658,538,2,2,stroop:s02:r1|stroop:s02:r2,stroop:s02:r0|stroop:s02:r3,arithmetic:s02:r1|arithmetic:s02:r2|arithmetic:s02:r3
cross_task,stroop_to_arithmetic,2,1441,2,True,False,1,4,1,2,1,2,1,3,658,201,538,2,2,stroop:s02:r0|stroop:s02:r3,stroop:s02:r1|stroop:s02:r2,arithmetic:s02:r1|arithmetic:s02:r2|arithmetic:s02:r3
cross_task,stroop_to_arithmetic,2,1494,1,True,False,1,4,1,2,1,2,1,3,201,658,538,2,2,stroop:s02:r1|stroop:s02:r2,stroop:s02:r0|stroop:s02:r3,arithmetic:s02:r1|arithmetic:s02:r2|arithmetic:s02:r3
cross_task,stroop_to_arithmetic,2,1494,2,True,False,1,4,1,2,1,2,1,3,658,201,538,2,2,stroop:s02:r0|stroop:s02:r3,stroop:s02:r1|stroop:s02:r2,arithmetic:s02:r1|arithmetic:s02:r2|arithmetic:s02:r3
cross_task,stroop_to_arithmetic,2,1547,1,True,False,1,4,1,2,1,2,1,3,303,556,538,2,2,stroop:s02:r1|stroop:s02:r3,stroop:s02:r0|stroop:s02:r2,arithmetic:s02:r1|arithmetic:s02:r2|arithmetic:s02:r3
cross_task,stroop_to_arithmetic,2,1547,2,True,False,1,4,1,2,1,2,1,3,556,303,538,2,2,stroop:s02:r0|stroop:s02:r2,stroop:s02:r1|stroop:s02:r3,arithmetic:s02:r1|arithmetic:s02:r2|arithmetic:s02:r3
cross_task,arithmetic_to_stroop,3,1335,1,True,False,1,4,1,2,1,2,1,3,251,318,389,3,3,arithmetic:s03:r1|arithmetic:s03:r3,arithmetic:s03:r0|arithmetic:s03:r2,stroop:s03:r1|stroop:s03:r2|stroop:s03:r3
cross_task,arithmetic_to_stroop,3,1335,2,True,False,1,4,1,2,1,2,1,3,318,251,389,3,3,arithmetic:s03:r0|arithmetic:s03:r2,arithmetic:s03:r1|arithmetic:s03:r3,stroop:s03:r1|stroop:s03:r2|stroop:s03:r3
cross_task,arithmetic_to_stroop,3,1388,1,True,False,1,4,1,2,1,2,1,3,228,341,389,3,3,arithmetic:s03:r1|arithmetic:s03:r2,arithmetic:s03:r0|arithmetic:s03:r3,stroop:s03:r1|stroop:s03:r2|stroop:s03:r3
cross_task,arithmetic_to_stroop,3,1388,2,True,False,1,4,1,2,1,2,1,3,341,228,389,3,3,arithmetic:s03:r0|arithmetic:s03:r3,arithmetic:s03:r1|arithmetic:s03:r2,stroop:s03:r1|stroop:s03:r2|stroop:s03:r3
cross_task,arithmetic_to_stroop,3,1441,1,True,False,1,4,1,2,1,2,1,3,228,341,389,3,3,arithmetic:s03:r1|arithmetic:s03:r2,arithmetic:s03:r0|arithmetic:s03:r3,stroop:s03:r1|stroop:s03:r2|stroop:s03:r3
cross_task,arithmetic_to_stroop,3,1441,2,True,False,1,4,1,2,1,2,1,3,341,228,389,3,3,arithmetic:s03:r0|arithmetic:s03:r3,arithmetic:s03:r1|arithmetic:s03:r2,stroop:s03:r1|stroop:s03:r2|stroop:s03:r3
cross_task,arithmetic_to_stroop,3,1494,1,True,False,1,4,1,2,1,2,1,3,228,341,389,3,3,arithmetic:s03:r1|arithmetic:s03:r2,arithmetic:s03:r0|arithmetic:s03:r3,stroop:s03:r1|stroop:s03:r2|stroop:s03:r3
cross_task,arithmetic_to_stroop,3,1494,2,True,False,1,4,1,2,1,2,1,3,341,228,389,3,3,arithmetic:s03:r0|arithmetic:s03:r3,arithmetic:s03:r1|arithmetic:s03:r2,stroop:s03:r1|stroop:s03:r2|stroop:s03:r3
cross_task,arithmetic_to_stroop,3,1547,1,True,False,1,4,1,2,1,2,1,3,251,318,389,3,3,arithmetic:s03:r1|arithmetic:s03:r3,arithmetic:s03:r0|arithmetic:s03:r2,stroop:s03:r1|stroop:s03:r2|stroop:s03:r3
cross_task,arithmetic_to_stroop,3,1547,2,True,False,1,4,1,2,1,2,1,3,318,251,389,3,3,arithmetic:s03:r0|arithmetic:s03:r2,arithmetic:s03:r1|arithmetic:s03:r3,stroop:s03:r1|stroop:s03:r2|stroop:s03:r3
cross_task,stroop_to_arithmetic,3,1335,1,True,False,1,4,1,2,1,2,1,3,287,283,388,3,3,stroop:s03:r1|stroop:s03:r3,stroop:s03:r0|stroop:s03:r2,arithmetic:s03:r1|arithmetic:s03:r2|arithmetic:s03:r3
cross_task,stroop_to_arithmetic,3,1335,2,True,False,1,4,1,2,1,2,1,3,283,287,388,3,3,stroop:s03:r0|stroop:s03:r2,stroop:s03:r1|stroop:s03:r3,arithmetic:s03:r1|arithmetic:s03:r2|arithmetic:s03:r3
cross_task,stroop_to_arithmetic,3,1388,1,True,False,1,4,1,2,1,2,1,3,229,341,388,3,3,stroop:s03:r1|stroop:s03:r2,stroop:s03:r0|stroop:s03:r3,arithmetic:s03:r1|arithmetic:s03:r2|arithmetic:s03:r3
cross_task,stroop_to_arithmetic,3,1388,2,True,False,1,4,1,2,1,2,1,3,341,229,388,3,3,stroop:s03:r0|stroop:s03:r3,stroop:s03:r1|stroop:s03:r2,arithmetic:s03:r1|arithmetic:s03:r2|arithmetic:s03:r3
cross_task,stroop_to_arithmetic,3,1441,1,True,False,1,4,1,2,1,2,1,3,229,341,388,3,3,stroop:s03:r1|stroop:s03:r2,stroop:s03:r0|stroop:s03:r3,arithmetic:s03:r1|arithmetic:s03:r2|arithmetic:s03:r3
cross_task,stroop_to_arithmetic,3,1441,2,True,False,1,4,1,2,1,2,1,3,341,229,388,3,3,stroop:s03:r0|stroop:s03:r3,stroop:s03:r1|stroop:s03:r2,arithmetic:s03:r1|arithmetic:s03:r2|arithmetic:s03:r3
cross_task,stroop_to_arithmetic,3,1494,1,True,False,1,4,1,2,1,2,1,3,229,341,388,3,3,stroop:s03:r1|stroop:s03:r2,stroop:s03:r0|stroop:s03:r3,arithmetic:s03:r1|arithmetic:s03:r2|arithmetic:s03:r3
cross_task,stroop_to_arithmetic,3,1494,2,True,False,1,4,1,2,1,2,1,3,341,229,388,3,3,stroop:s03:r0|stroop:s03:r3,stroop:s03:r1|stroop:s03:r2,arithmetic:s03:r1|arithmetic:s03:r2|arithmetic:s03:r3
cross_task,stroop_to_arithmetic,3,1547,1,True,False,1,4,1,2,1,2,1,3,287,283,388,3,3,stroop:s03:r1|stroop:s03:r3,stroop:s03:r0|stroop:s03:r2,arithmetic:s03:r1|arithmetic:s03:r2|arithmetic:s03:r3
cross_task,stroop_to_arithmetic,3,1547,2,True,False,1,4,1,2,1,2,1,3,283,287,388,3,3,stroop:s03:r0|stroop:s03:r2,stroop:s03:r1|stroop:s03:r3,arithmetic:s03:r1|arithmetic:s03:r2|arithmetic:s03:r3
cross_task,arithmetic_to_stroop,4,1335,1,True,False,1,4,1,2,1,2,1,3,340,326,343,4,4,arithmetic:s04:r1|arithmetic:s04:r3,arithmetic:s04:r0|arithmetic:s04:r2,stroop:s04:r1|stroop:s04:r2|stroop:s04:r3
cross_task,arithmetic_to_stroop,4,1335,2,True,False,1,4,1,2,1,2,1,3,326,340,343,4,4,arithmetic:s04:r0|arithmetic:s04:r2,arithmetic:s04:r1|arithmetic:s04:r3,stroop:s04:r1|stroop:s04:r2|stroop:s04:r3
cross_task,arithmetic_to_stroop,4,1388,1,True,False,1,4,1,2,1,2,1,3,329,337,343,4,4,arithmetic:s04:r1|arithmetic:s04:r2,arithmetic:s04:r0|arithmetic:s04:r3,stroop:s04:r1|stroop:s04:r2|stroop:s04:r3
cross_task,arithmetic_to_stroop,4,1388,2,True,False,1,4,1,2,1,2,1,3,337,329,343,4,4,arithmetic:s04:r0|arithmetic:s04:r3,arithmetic:s04:r1|arithmetic:s04:r2,stroop:s04:r1|stroop:s04:r2|stroop:s04:r3
cross_task,arithmetic_to_stroop,4,1441,1,True,False,1,4,1,2,1,2,1,3,329,337,343,4,4,arithmetic:s04:r1|arithmetic:s04:r2,arithmetic:s04:r0|arithmetic:s04:r3,stroop:s04:r1|stroop:s04:r2|stroop:s04:r3
cross_task,arithmetic_to_stroop,4,1441,2,True,False,1,4,1,2,1,2,1,3,337,329,343,4,4,arithmetic:s04:r0|arithmetic:s04:r3,arithmetic:s04:r1|arithmetic:s04:r2,stroop:s04:r1|stroop:s04:r2|stroop:s04:r3
cross_task,arithmetic_to_stroop,4,1494,1,True,False,1,4,1,2,1,2,1,3,329,337,343,4,4,arithmetic:s04:r1|arithmetic:s04:r2,arithmetic:s04:r0|arithmetic:s04:r3,stroop:s04:r1|stroop:s04:r2|stroop:s04:r3
cross_task,arithmetic_to_stroop,4,1494,2,True,False,1,4,1,2,1,2,1,3,337,329,343,4,4,arithmetic:s04:r0|arithmetic:s04:r3,arithmetic:s04:r1|arithmetic:s04:r2,stroop:s04:r1|stroop:s04:r2|stroop:s04:r3
cross_task,arithmetic_to_stroop,4,1547,1,True,False,1,4,1,2,1,2,1,3,340,326,343,4,4,arithmetic:s04:r1|arithmetic:s04:r3,arithmetic:s04:r0|arithmetic:s04:r2,stroop:s04:r1|stroop:s04:r2|stroop:s04:r3
cross_task,arithmetic_to_stroop,4,1547,2,True,False,1,4,1,2,1,2,1,3,326,340,343,4,4,arithmetic:s04:r0|arithmetic:s04:r2,arithmetic:s04:r1|arithmetic:s04:r3,stroop:s04:r1|stroop:s04:r2|stroop:s04:r3
cross_task,stroop_to_arithmetic,4,1335,1,True,False,1,4,1,2,1,2,1,3,281,178,550,4,4,stroop:s04:r1|stroop:s04:r3,stroop:s04:r0|stroop:s04:r2,arithmetic:s04:r1|arithmetic:s04:r2|arithmetic:s04:r3
cross_task,stroop_to_arithmetic,4,1335,2,True,False,1,4,1,2,1,2,1,3,178,281,550,4,4,stroop:s04:r0|stroop:s04:r2,stroop:s04:r1|stroop:s04:r3,arithmetic:s04:r1|arithmetic:s04:r2|arithmetic:s04:r3
cross_task,stroop_to_arithmetic,4,1388,1,True,False,1,4,1,2,1,2,1,3,151,308,550,4,4,stroop:s04:r1|stroop:s04:r2,stroop:s04:r0|stroop:s04:r3,arithmetic:s04:r1|arithmetic:s04:r2|arithmetic:s04:r3
cross_task,stroop_to_arithmetic,4,1388,2,True,False,1,4,1,2,1,2,1,3,308,151,550,4,4,stroop:s04:r0|stroop:s04:r3,stroop:s04:r1|stroop:s04:r2,arithmetic:s04:r1|arithmetic:s04:r2|arithmetic:s04:r3
cross_task,stroop_to_arithmetic,4,1441,1,True,False,1,4,1,2,1,2,1,3,151,308,550,4,4,stroop:s04:r1|stroop:s04:r2,stroop:s04:r0|stroop:s04:r3,arithmetic:s04:r1|arithmetic:s04:r2|arithmetic:s04:r3
cross_task,stroop_to_arithmetic,4,1441,2,True,False,1,4,1,2,1,2,1,3,308,151,550,4,4,stroop:s04:r0|stroop:s04:r3,stroop:s04:r1|stroop:s04:r2,arithmetic:s04:r1|arithmetic:s04:r2|arithmetic:s04:r3
cross_task,stroop_to_arithmetic,4,1494,1,True,False,1,4,1,2,1,2,1,3,151,308,550,4,4,stroop:s04:r1|stroop:s04:r2,stroop:s04:r0|stroop:s04:r3,arithmetic:s04:r1|arithmetic:s04:r2|arithmetic:s04:r3
cross_task,stroop_to_arithmetic,4,1494,2,True,False,1,4,1,2,1,2,1,3,308,151,550,4,4,stroop:s04:r0|stroop:s04:r3,stroop:s04:r1|stroop:s04:r2,arithmetic:s04:r1|arithmetic:s04:r2|arithmetic:s04:r3
cross_task,stroop_to_arithmetic,4,1547,1,True,False,1,4,1,2,1,2,1,3,281,178,550,4,4,stroop:s04:r1|stroop:s04:r3,stroop:s04:r0|stroop:s04:r2,arithmetic:s04:r1|arithmetic:s04:r2|arithmetic:s04:r3
cross_task,stroop_to_arithmetic,4,1547,2,True,False,1,4,1,2,1,2,1,3,178,281,550,4,4,stroop:s04:r0|stroop:s04:r2,stroop:s04:r1|stroop:s04:r3,arithmetic:s04:r1|arithmetic:s04:r2|arithmetic:s04:r3
cross_task,arithmetic_to_stroop,5,1335,1,True,False,1,4,1,2,1,2,1,3,385,442,416,5,5,arithmetic:s05:r1|arithmetic:s05:r3,arithmetic:s05:r0|arithmetic:s05:r2,stroop:s05:r1|stroop:s05:r2|stroop:s05:r3
cross_task,arithmetic_to_stroop,5,1335,2,True,False,1,4,1,2,1,2,1,3,442,385,416,5,5,arithmetic:s05:r0|arithmetic:s05:r2,arithmetic:s05:r1|arithmetic:s05:r3,stroop:s05:r1|stroop:s05:r2|stroop:s05:r3
cross_task,arithmetic_to_stroop,5,1388,1,True,False,1,4,1,2,1,2,1,3,351,476,416,5,5,arithmetic:s05:r1|arithmetic:s05:r2,arithmetic:s05:r0|arithmetic:s05:r3,stroop:s05:r1|stroop:s05:r2|stroop:s05:r3
cross_task,arithmetic_to_stroop,5,1388,2,True,False,1,4,1,2,1,2,1,3,476,351,416,5,5,arithmetic:s05:r0|arithmetic:s05:r3,arithmetic:s05:r1|arithmetic:s05:r2,stroop:s05:r1|stroop:s05:r2|stroop:s05:r3
cross_task,arithmetic_to_stroop,5,1441,1,True,False,1,4,1,2,1,2,1,3,351,476,416,5,5,arithmetic:s05:r1|arithmetic:s05:r2,arithmetic:s05:r0|arithmetic:s05:r3,stroop:s05:r1|stroop:s05:r2|stroop:s05:r3
cross_task,arithmetic_to_stroop,5,1441,2,True,False,1,4,1,2,1,2,1,3,476,351,416,5,5,arithmetic:s05:r0|arithmetic:s05:r3,arithmetic:s05:r1|arithmetic:s05:r2,stroop:s05:r1|stroop:s05:r2|stroop:s05:r3
cross_task,arithmetic_to_stroop,5,1494,1,True,False,1,4,1,2,1,2,1,3,351,476,416,5,5,arithmetic:s05:r1|arithmetic:s05:r2,arithmetic:s05:r0|arithmetic:s05:r3,stroop:s05:r1|stroop:s05:r2|stroop:s05:r3
cross_task,arithmetic_to_stroop,5,1494,2,True,False,1,4,1,2,1,2,1,3,476,351,416,5,5,arithmetic:s05:r0|arithmetic:s05:r3,arithmetic:s05:r1|arithmetic:s05:r2,stroop:s05:r1|stroop:s05:r2|stroop:s05:r3
cross_task,arithmetic_to_stroop,5,1547,1,True,False,1,4,1,2,1,2,1,3,385,442,416,5,5,arithmetic:s05:r1|arithmetic:s05:r3,arithmetic:s05:r0|arithmetic:s05:r2,stroop:s05:r1|stroop:s05:r2|stroop:s05:r3
cross_task,arithmetic_to_stroop,5,1547,2,True,False,1,4,1,2,1,2,1,3,442,385,416,5,5,arithmetic:s05:r0|arithmetic:s05:r2,arithmetic:s05:r1|arithmetic:s05:r3,stroop:s05:r1|stroop:s05:r2|stroop:s05:r3
cross_task,stroop_to_arithmetic,5,1335,1,True,False,1,4,1,2,1,2,1,3,308,352,583,5,5,stroop:s05:r1|stroop:s05:r3,stroop:s05:r0|stroop:s05:r2,arithmetic:s05:r1|arithmetic:s05:r2|arithmetic:s05:r3
cross_task,stroop_to_arithmetic,5,1335,2,True,False,1,4,1,2,1,2,1,3,352,308,583,5,5,stroop:s05:r0|stroop:s05:r2,stroop:s05:r1|stroop:s05:r3,arithmetic:s05:r1|arithmetic:s05:r2|arithmetic:s05:r3
cross_task,stroop_to_arithmetic,5,1388,1,True,False,1,4,1,2,1,2,1,3,245,415,583,5,5,stroop:s05:r1|stroop:s05:r2,stroop:s05:r0|stroop:s05:r3,arithmetic:s05:r1|arithmetic:s05:r2|arithmetic:s05:r3
cross_task,stroop_to_arithmetic,5,1388,2,True,False,1,4,1,2,1,2,1,3,415,245,583,5,5,stroop:s05:r0|stroop:s05:r3,stroop:s05:r1|stroop:s05:r2,arithmetic:s05:r1|arithmetic:s05:r2|arithmetic:s05:r3
cross_task,stroop_to_arithmetic,5,1441,1,True,False,1,4,1,2,1,2,1,3,245,415,583,5,5,stroop:s05:r1|stroop:s05:r2,stroop:s05:r0|stroop:s05:r3,arithmetic:s05:r1|arithmetic:s05:r2|arithmetic:s05:r3
cross_task,stroop_to_arithmetic,5,1441,2,True,False,1,4,1,2,1,2,1,3,415,245,583,5,5,stroop:s05:r0|stroop:s05:r3,stroop:s05:r1|stroop:s05:r2,arithmetic:s05:r1|arithmetic:s05:r2|arithmetic:s05:r3
cross_task,stroop_to_arithmetic,5,1494,1,True,False,1,4,1,2,1,2,1,3,245,415,583,5,5,stroop:s05:r1|stroop:s05:r2,stroop:s05:r0|stroop:s05:r3,arithmetic:s05:r1|arithmetic:s05:r2|arithmetic:s05:r3
cross_task,stroop_to_arithmetic,5,1494,2,True,False,1,4,1,2,1,2,1,3,415,245,583,5,5,stroop:s05:r0|stroop:s05:r3,stroop:s05:r1|stroop:s05:r2,arithmetic:s05:r1|arithmetic:s05:r2|arithmetic:s05:r3
cross_task,stroop_to_arithmetic,5,1547,1,True,False,1,4,1,2,1,2,1,3,308,352,583,5,5,stroop:s05:r1|stroop:s05:r3,stroop:s05:r0|stroop:s05:r2,arithmetic:s05:r1|arithmetic:s05:r2|arithmetic:s05:r3
cross_task,stroop_to_arithmetic,5,1547,2,True,False,1,4,1,2,1,2,1,3,352,308,583,5,5,stroop:s05:r0|stroop:s05:r2,stroop:s05:r1|stroop:s05:r3,arithmetic:s05:r1|arithmetic:s05:r2|arithmetic:s05:r3
cross_task,arithmetic_to_stroop,6,1335,1,True,False,1,4,1,2,1,2,1,3,310,280,391,6,6,arithmetic:s06:r1|arithmetic:s06:r3,arithmetic:s06:r0|arithmetic:s06:r2,stroop:s06:r1|stroop:s06:r2|stroop:s06:r3
cross_task,arithmetic_to_stroop,6,1335,2,True,False,1,4,1,2,1,2,1,3,280,310,391,6,6,arithmetic:s06:r0|arithmetic:s06:r2,arithmetic:s06:r1|arithmetic:s06:r3,stroop:s06:r1|stroop:s06:r2|stroop:s06:r3
cross_task,arithmetic_to_stroop,6,1388,1,True,False,1,4,1,2,1,2,1,3,249,341,391,6,6,arithmetic:s06:r1|arithmetic:s06:r2,arithmetic:s06:r0|arithmetic:s06:r3,stroop:s06:r1|stroop:s06:r2|stroop:s06:r3
cross_task,arithmetic_to_stroop,6,1388,2,True,False,1,4,1,2,1,2,1,3,341,249,391,6,6,arithmetic:s06:r0|arithmetic:s06:r3,arithmetic:s06:r1|arithmetic:s06:r2,stroop:s06:r1|stroop:s06:r2|stroop:s06:r3
cross_task,arithmetic_to_stroop,6,1441,1,True,False,1,4,1,2,1,2,1,3,249,341,391,6,6,arithmetic:s06:r1|arithmetic:s06:r2,arithmetic:s06:r0|arithmetic:s06:r3,stroop:s06:r1|stroop:s06:r2|stroop:s06:r3
cross_task,arithmetic_to_stroop,6,1441,2,True,False,1,4,1,2,1,2,1,3,341,249,391,6,6,arithmetic:s06:r0|arithmetic:s06:r3,arithmetic:s06:r1|arithmetic:s06:r2,stroop:s06:r1|stroop:s06:r2|stroop:s06:r3
cross_task,arithmetic_to_stroop,6,1494,1,True,False,1,4,1,2,1,2,1,3,249,341,391,6,6,arithmetic:s06:r1|arithmetic:s06:r2,arithmetic:s06:r0|arithmetic:s06:r3,stroop:s06:r1|stroop:s06:r2|stroop:s06:r3
cross_task,arithmetic_to_stroop,6,1494,2,True,False,1,4,1,2,1,2,1,3,341,249,391,6,6,arithmetic:s06:r0|arithmetic:s06:r3,arithmetic:s06:r1|arithmetic:s06:r2,stroop:s06:r1|stroop:s06:r2|stroop:s06:r3
cross_task,arithmetic_to_stroop,6,1547,1,True,False,1,4,1,2,1,2,1,3,310,280,391,6,6,arithmetic:s06:r1|arithmetic:s06:r3,arithmetic:s06:r0|arithmetic:s06:r2,stroop:s06:r1|stroop:s06:r2|stroop:s06:r3
cross_task,arithmetic_to_stroop,6,1547,2,True,False,1,4,1,2,1,2,1,3,280,310,391,6,6,arithmetic:s06:r0|arithmetic:s06:r2,arithmetic:s06:r1|arithmetic:s06:r3,stroop:s06:r1|stroop:s06:r2|stroop:s06:r3
cross_task,stroop_to_arithmetic,6,1335,1,True,False,1,4,1,2,1,2,1,3,280,261,440,6,6,stroop:s06:r1|stroop:s06:r3,stroop:s06:r0|stroop:s06:r2,arithmetic:s06:r1|arithmetic:s06:r2|arithmetic:s06:r3
cross_task,stroop_to_arithmetic,6,1335,2,True,False,1,4,1,2,1,2,1,3,261,280,440,6,6,stroop:s06:r0|stroop:s06:r2,stroop:s06:r1|stroop:s06:r3,arithmetic:s06:r1|arithmetic:s06:r2|arithmetic:s06:r3
cross_task,stroop_to_arithmetic,6,1388,1,True,False,1,4,1,2,1,2,1,3,230,311,440,6,6,stroop:s06:r1|stroop:s06:r2,stroop:s06:r0|stroop:s06:r3,arithmetic:s06:r1|arithmetic:s06:r2|arithmetic:s06:r3
cross_task,stroop_to_arithmetic,6,1388,2,True,False,1,4,1,2,1,2,1,3,311,230,440,6,6,stroop:s06:r0|stroop:s06:r3,stroop:s06:r1|stroop:s06:r2,arithmetic:s06:r1|arithmetic:s06:r2|arithmetic:s06:r3
cross_task,stroop_to_arithmetic,6,1441,1,True,False,1,4,1,2,1,2,1,3,230,311,440,6,6,stroop:s06:r1|stroop:s06:r2,stroop:s06:r0|stroop:s06:r3,arithmetic:s06:r1|arithmetic:s06:r2|arithmetic:s06:r3
cross_task,stroop_to_arithmetic,6,1441,2,True,False,1,4,1,2,1,2,1,3,311,230,440,6,6,stroop:s06:r0|stroop:s06:r3,stroop:s06:r1|stroop:s06:r2,arithmetic:s06:r1|arithmetic:s06:r2|arithmetic:s06:r3
cross_task,stroop_to_arithmetic,6,1494,1,True,False,1,4,1,2,1,2,1,3,230,311,440,6,6,stroop:s06:r1|stroop:s06:r2,stroop:s06:r0|stroop:s06:r3,arithmetic:s06:r1|arithmetic:s06:r2|arithmetic:s06:r3
cross_task,stroop_to_arithmetic,6,1494,2,True,False,1,4,1,2,1,2,1,3,311,230,440,6,6,stroop:s06:r0|stroop:s06:r3,stroop:s06:r1|stroop:s06:r2,arithmetic:s06:r1|arithmetic:s06:r2|arithmetic:s06:r3
cross_task,stroop_to_arithmetic,6,1547,1,True,False,1,4,1,2,1,2,1,3,280,261,440,6,6,stroop:s06:r1|stroop:s06:r3,stroop:s06:r0|stroop:s06:r2,arithmetic:s06:r1|arithmetic:s06:r2|arithmetic:s06:r3
cross_task,stroop_to_arithmetic,6,1547,2,True,False,1,4,1,2,1,2,1,3,261,280,440,6,6,stroop:s06:r0|stroop:s06:r2,stroop:s06:r1|stroop:s06:r3,arithmetic:s06:r1|arithmetic:s06:r2|arithmetic:s06:r3
cross_task,arithmetic_to_stroop,7,1335,1,True,False,1,4,1,2,1,2,1,3,138,215,372,7,7,arithmetic:s07:r1|arithmetic:s07:r3,arithmetic:s07:r0|arithmetic:s07:r2,stroop:s07:r1|stroop:s07:r2|stroop:s07:r3
cross_task,arithmetic_to_stroop,7,1335,2,True,False,1,4,1,2,1,2,1,3,215,138,372,7,7,arithmetic:s07:r0|arithmetic:s07:r2,arithmetic:s07:r1|arithmetic:s07:r3,stroop:s07:r1|stroop:s07:r2|stroop:s07:r3
cross_task,arithmetic_to_stroop,7,1388,1,True,False,1,4,1,2,1,2,1,3,82,271,372,7,7,arithmetic:s07:r1|arithmetic:s07:r2,arithmetic:s07:r0|arithmetic:s07:r3,stroop:s07:r1|stroop:s07:r2|stroop:s07:r3
cross_task,arithmetic_to_stroop,7,1388,2,True,False,1,4,1,2,1,2,1,3,271,82,372,7,7,arithmetic:s07:r0|arithmetic:s07:r3,arithmetic:s07:r1|arithmetic:s07:r2,stroop:s07:r1|stroop:s07:r2|stroop:s07:r3
cross_task,arithmetic_to_stroop,7,1441,1,True,False,1,4,1,2,1,2,1,3,82,271,372,7,7,arithmetic:s07:r1|arithmetic:s07:r2,arithmetic:s07:r0|arithmetic:s07:r3,stroop:s07:r1|stroop:s07:r2|stroop:s07:r3
cross_task,arithmetic_to_stroop,7,1441,2,True,False,1,4,1,2,1,2,1,3,271,82,372,7,7,arithmetic:s07:r0|arithmetic:s07:r3,arithmetic:s07:r1|arithmetic:s07:r2,stroop:s07:r1|stroop:s07:r2|stroop:s07:r3
cross_task,arithmetic_to_stroop,7,1494,1,True,False,1,4,1,2,1,2,1,3,82,271,372,7,7,arithmetic:s07:r1|arithmetic:s07:r2,arithmetic:s07:r0|arithmetic:s07:r3,stroop:s07:r1|stroop:s07:r2|stroop:s07:r3
cross_task,arithmetic_to_stroop,7,1494,2,True,False,1,4,1,2,1,2,1,3,271,82,372,7,7,arithmetic:s07:r0|arithmetic:s07:r3,arithmetic:s07:r1|arithmetic:s07:r2,stroop:s07:r1|stroop:s07:r2|stroop:s07:r3
cross_task,arithmetic_to_stroop,7,1547,1,True,False,1,4,1,2,1,2,1,3,138,215,372,7,7,arithmetic:s07:r1|arithmetic:s07:r3,arithmetic:s07:r0|arithmetic:s07:r2,stroop:s07:r1|stroop:s07:r2|stroop:s07:r3
cross_task,arithmetic_to_stroop,7,1547,2,True,False,1,4,1,2,1,2,1,3,215,138,372,7,7,arithmetic:s07:r0|arithmetic:s07:r2,arithmetic:s07:r1|arithmetic:s07:r3,stroop:s07:r1|stroop:s07:r2|stroop:s07:r3
cross_task,stroop_to_arithmetic,7,1335,1,True,False,1,4,1,2,1,2,1,3,276,265,184,7,7,stroop:s07:r1|stroop:s07:r3,stroop:s07:r0|stroop:s07:r2,arithmetic:s07:r1|arithmetic:s07:r2|arithmetic:s07:r3
cross_task,stroop_to_arithmetic,7,1335,2,True,False,1,4,1,2,1,2,1,3,265,276,184,7,7,stroop:s07:r0|stroop:s07:r2,stroop:s07:r1|stroop:s07:r3,arithmetic:s07:r1|arithmetic:s07:r2|arithmetic:s07:r3
cross_task,stroop_to_arithmetic,7,1388,1,True,False,1,4,1,2,1,2,1,3,193,348,184,7,7,stroop:s07:r1|stroop:s07:r2,stroop:s07:r0|stroop:s07:r3,arithmetic:s07:r1|arithmetic:s07:r2|arithmetic:s07:r3
cross_task,stroop_to_arithmetic,7,1388,2,True,False,1,4,1,2,1,2,1,3,348,193,184,7,7,stroop:s07:r0|stroop:s07:r3,stroop:s07:r1|stroop:s07:r2,arithmetic:s07:r1|arithmetic:s07:r2|arithmetic:s07:r3
cross_task,stroop_to_arithmetic,7,1441,1,True,False,1,4,1,2,1,2,1,3,193,348,184,7,7,stroop:s07:r1|stroop:s07:r2,stroop:s07:r0|stroop:s07:r3,arithmetic:s07:r1|arithmetic:s07:r2|arithmetic:s07:r3
cross_task,stroop_to_arithmetic,7,1441,2,True,False,1,4,1,2,1,2,1,3,348,193,184,7,7,stroop:s07:r0|stroop:s07:r3,stroop:s07:r1|stroop:s07:r2,arithmetic:s07:r1|arithmetic:s07:r2|arithmetic:s07:r3
cross_task,stroop_to_arithmetic,7,1494,1,True,False,1,4,1,2,1,2,1,3,193,348,184,7,7,stroop:s07:r1|stroop:s07:r2,stroop:s07:r0|stroop:s07:r3,arithmetic:s07:r1|arithmetic:s07:r2|arithmetic:s07:r3
cross_task,stroop_to_arithmetic,7,1494,2,True,False,1,4,1,2,1,2,1,3,348,193,184,7,7,stroop:s07:r0|stroop:s07:r3,stroop:s07:r1|stroop:s07:r2,arithmetic:s07:r1|arithmetic:s07:r2|arithmetic:s07:r3
cross_task,stroop_to_arithmetic,7,1547,1,True,False,1,4,1,2,1,2,1,3,276,265,184,7,7,stroop:s07:r1|stroop:s07:r3,stroop:s07:r0|stroop:s07:r2,arithmetic:s07:r1|arithmetic:s07:r2|arithmetic:s07:r3
cross_task,stroop_to_arithmetic,7,1547,2,True,False,1,4,1,2,1,2,1,3,265,276,184,7,7,stroop:s07:r0|stroop:s07:r2,stroop:s07:r1|stroop:s07:r3,arithmetic:s07:r1|arithmetic:s07:r2|arithmetic:s07:r3
cross_task,arithmetic_to_stroop,8,1335,1,True,False,1,4,1,2,1,2,1,3,589,449,556,8,8,arithmetic:s08:r1|arithmetic:s08:r3,arithmetic:s08:r0|arithmetic:s08:r2,stroop:s08:r1|stroop:s08:r2|stroop:s08:r3
cross_task,arithmetic_to_stroop,8,1335,2,True,False,1,4,1,2,1,2,1,3,449,589,556,8,8,arithmetic:s08:r0|arithmetic:s08:r2,arithmetic:s08:r1|arithmetic:s08:r3,stroop:s08:r1|stroop:s08:r2|stroop:s08:r3
cross_task,arithmetic_to_stroop,8,1388,1,True,False,1,4,1,2,1,2,1,3,537,501,556,8,8,arithmetic:s08:r1|arithmetic:s08:r2,arithmetic:s08:r0|arithmetic:s08:r3,stroop:s08:r1|stroop:s08:r2|stroop:s08:r3
cross_task,arithmetic_to_stroop,8,1388,2,True,False,1,4,1,2,1,2,1,3,501,537,556,8,8,arithmetic:s08:r0|arithmetic:s08:r3,arithmetic:s08:r1|arithmetic:s08:r2,stroop:s08:r1|stroop:s08:r2|stroop:s08:r3
cross_task,arithmetic_to_stroop,8,1441,1,True,False,1,4,1,2,1,2,1,3,537,501,556,8,8,arithmetic:s08:r1|arithmetic:s08:r2,arithmetic:s08:r0|arithmetic:s08:r3,stroop:s08:r1|stroop:s08:r2|stroop:s08:r3
cross_task,arithmetic_to_stroop,8,1441,2,True,False,1,4,1,2,1,2,1,3,501,537,556,8,8,arithmetic:s08:r0|arithmetic:s08:r3,arithmetic:s08:r1|arithmetic:s08:r2,stroop:s08:r1|stroop:s08:r2|stroop:s08:r3
cross_task,arithmetic_to_stroop,8,1494,1,True,False,1,4,1,2,1,2,1,3,537,501,556,8,8,arithmetic:s08:r1|arithmetic:s08:r2,arithmetic:s08:r0|arithmetic:s08:r3,stroop:s08:r1|stroop:s08:r2|stroop:s08:r3
cross_task,arithmetic_to_stroop,8,1494,2,True,False,1,4,1,2,1,2,1,3,501,537,556,8,8,arithmetic:s08:r0|arithmetic:s08:r3,arithmetic:s08:r1|arithmetic:s08:r2,stroop:s08:r1|stroop:s08:r2|stroop:s08:r3
cross_task,arithmetic_to_stroop,8,1547,1,True,False,1,4,1,2,1,2,1,3,589,449,556,8,8,arithmetic:s08:r1|arithmetic:s08:r3,arithmetic:s08:r0|arithmetic:s08:r2,stroop:s08:r1|stroop:s08:r2|stroop:s08:r3
cross_task,arithmetic_to_stroop,8,1547,2,True,False,1,4,1,2,1,2,1,3,449,589,556,8,8,arithmetic:s08:r0|arithmetic:s08:r2,arithmetic:s08:r1|arithmetic:s08:r3,stroop:s08:r1|stroop:s08:r2|stroop:s08:r3
cross_task,stroop_to_arithmetic,8,1335,1,True,False,1,4,1,2,1,2,1,3,396,350,848,8,8,stroop:s08:r1|stroop:s08:r3,stroop:s08:r0|stroop:s08:r2,arithmetic:s08:r1|arithmetic:s08:r2|arithmetic:s08:r3
cross_task,stroop_to_arithmetic,8,1335,2,True,False,1,4,1,2,1,2,1,3,350,396,848,8,8,stroop:s08:r0|stroop:s08:r2,stroop:s08:r1|stroop:s08:r3,arithmetic:s08:r1|arithmetic:s08:r2|arithmetic:s08:r3
cross_task,stroop_to_arithmetic,8,1388,1,True,False,1,4,1,2,1,2,1,3,322,424,848,8,8,stroop:s08:r1|stroop:s08:r2,stroop:s08:r0|stroop:s08:r3,arithmetic:s08:r1|arithmetic:s08:r2|arithmetic:s08:r3
cross_task,stroop_to_arithmetic,8,1388,2,True,False,1,4,1,2,1,2,1,3,424,322,848,8,8,stroop:s08:r0|stroop:s08:r3,stroop:s08:r1|stroop:s08:r2,arithmetic:s08:r1|arithmetic:s08:r2|arithmetic:s08:r3
cross_task,stroop_to_arithmetic,8,1441,1,True,False,1,4,1,2,1,2,1,3,322,424,848,8,8,stroop:s08:r1|stroop:s08:r2,stroop:s08:r0|stroop:s08:r3,arithmetic:s08:r1|arithmetic:s08:r2|arithmetic:s08:r3
cross_task,stroop_to_arithmetic,8,1441,2,True,False,1,4,1,2,1,2,1,3,424,322,848,8,8,stroop:s08:r0|stroop:s08:r3,stroop:s08:r1|stroop:s08:r2,arithmetic:s08:r1|arithmetic:s08:r2|arithmetic:s08:r3
cross_task,stroop_to_arithmetic,8,1494,1,True,False,1,4,1,2,1,2,1,3,322,424,848,8,8,stroop:s08:r1|stroop:s08:r2,stroop:s08:r0|stroop:s08:r3,arithmetic:s08:r1|arithmetic:s08:r2|arithmetic:s08:r3
cross_task,stroop_to_arithmetic,8,1494,2,True,False,1,4,1,2,1,2,1,3,424,322,848,8,8,stroop:s08:r0|stroop:s08:r3,stroop:s08:r1|stroop:s08:r2,arithmetic:s08:r1|arithmetic:s08:r2|arithmetic:s08:r3
cross_task,stroop_to_arithmetic,8,1547,1,True,False,1,4,1,2,1,2,1,3,396,350,848,8,8,stroop:s08:r1|stroop:s08:r3,stroop:s08:r0|stroop:s08:r2,arithmetic:s08:r1|arithmetic:s08:r2|arithmetic:s08:r3
cross_task,stroop_to_arithmetic,8,1547,2,True,False,1,4,1,2,1,2,1,3,350,396,848,8,8,stroop:s08:r0|stroop:s08:r2,stroop:s08:r1|stroop:s08:r3,arithmetic:s08:r1|arithmetic:s08:r2|arithmetic:s08:r3
cross_task,arithmetic_to_stroop,9,1335,1,True,False,1,4,1,2,1,2,1,3,547,532,463,9,9,arithmetic:s09:r1|arithmetic:s09:r3,arithmetic:s09:r0|arithmetic:s09:r2,stroop:s09:r1|stroop:s09:r2|stroop:s09:r3
cross_task,arithmetic_to_stroop,9,1335,2,True,False,1,4,1,2,1,2,1,3,532,547,463,9,9,arithmetic:s09:r0|arithmetic:s09:r2,arithmetic:s09:r1|arithmetic:s09:r3,stroop:s09:r1|stroop:s09:r2|stroop:s09:r3
cross_task,arithmetic_to_stroop,9,1388,1,True,False,1,4,1,2,1,2,1,3,243,836,463,9,9,arithmetic:s09:r1|arithmetic:s09:r2,arithmetic:s09:r0|arithmetic:s09:r3,stroop:s09:r1|stroop:s09:r2|stroop:s09:r3
cross_task,arithmetic_to_stroop,9,1388,2,True,False,1,4,1,2,1,2,1,3,836,243,463,9,9,arithmetic:s09:r0|arithmetic:s09:r3,arithmetic:s09:r1|arithmetic:s09:r2,stroop:s09:r1|stroop:s09:r2|stroop:s09:r3
cross_task,arithmetic_to_stroop,9,1441,1,True,False,1,4,1,2,1,2,1,3,243,836,463,9,9,arithmetic:s09:r1|arithmetic:s09:r2,arithmetic:s09:r0|arithmetic:s09:r3,stroop:s09:r1|stroop:s09:r2|stroop:s09:r3
cross_task,arithmetic_to_stroop,9,1441,2,True,False,1,4,1,2,1,2,1,3,836,243,463,9,9,arithmetic:s09:r0|arithmetic:s09:r3,arithmetic:s09:r1|arithmetic:s09:r2,stroop:s09:r1|stroop:s09:r2|stroop:s09:r3
cross_task,arithmetic_to_stroop,9,1494,1,True,False,1,4,1,2,1,2,1,3,243,836,463,9,9,arithmetic:s09:r1|arithmetic:s09:r2,arithmetic:s09:r0|arithmetic:s09:r3,stroop:s09:r1|stroop:s09:r2|stroop:s09:r3
cross_task,arithmetic_to_stroop,9,1494,2,True,False,1,4,1,2,1,2,1,3,836,243,463,9,9,arithmetic:s09:r0|arithmetic:s09:r3,arithmetic:s09:r1|arithmetic:s09:r2,stroop:s09:r1|stroop:s09:r2|stroop:s09:r3
cross_task,arithmetic_to_stroop,9,1547,1,True,False,1,4,1,2,1,2,1,3,547,532,463,9,9,arithmetic:s09:r1|arithmetic:s09:r3,arithmetic:s09:r0|arithmetic:s09:r2,stroop:s09:r1|stroop:s09:r2|stroop:s09:r3
cross_task,arithmetic_to_stroop,9,1547,2,True,False,1,4,1,2,1,2,1,3,532,547,463,9,9,arithmetic:s09:r0|arithmetic:s09:r2,arithmetic:s09:r1|arithmetic:s09:r3,stroop:s09:r1|stroop:s09:r2|stroop:s09:r3
cross_task,stroop_to_arithmetic,9,1335,1,True,False,1,4,1,2,1,2,1,3,353,520,669,9,9,stroop:s09:r1|stroop:s09:r3,stroop:s09:r0|stroop:s09:r2,arithmetic:s09:r1|arithmetic:s09:r2|arithmetic:s09:r3
cross_task,stroop_to_arithmetic,9,1335,2,True,False,1,4,1,2,1,2,1,3,520,353,669,9,9,stroop:s09:r0|stroop:s09:r2,stroop:s09:r1|stroop:s09:r3,arithmetic:s09:r1|arithmetic:s09:r2|arithmetic:s09:r3
cross_task,stroop_to_arithmetic,9,1388,1,True,False,1,4,1,2,1,2,1,3,270,603,669,9,9,stroop:s09:r1|stroop:s09:r2,stroop:s09:r0|stroop:s09:r3,arithmetic:s09:r1|arithmetic:s09:r2|arithmetic:s09:r3
cross_task,stroop_to_arithmetic,9,1388,2,True,False,1,4,1,2,1,2,1,3,603,270,669,9,9,stroop:s09:r0|stroop:s09:r3,stroop:s09:r1|stroop:s09:r2,arithmetic:s09:r1|arithmetic:s09:r2|arithmetic:s09:r3
cross_task,stroop_to_arithmetic,9,1441,1,True,False,1,4,1,2,1,2,1,3,270,603,669,9,9,stroop:s09:r1|stroop:s09:r2,stroop:s09:r0|stroop:s09:r3,arithmetic:s09:r1|arithmetic:s09:r2|arithmetic:s09:r3
cross_task,stroop_to_arithmetic,9,1441,2,True,False,1,4,1,2,1,2,1,3,603,270,669,9,9,stroop:s09:r0|stroop:s09:r3,stroop:s09:r1|stroop:s09:r2,arithmetic:s09:r1|arithmetic:s09:r2|arithmetic:s09:r3
cross_task,stroop_to_arithmetic,9,1494,1,True,False,1,4,1,2,1,2,1,3,270,603,669,9,9,stroop:s09:r1|stroop:s09:r2,stroop:s09:r0|stroop:s09:r3,arithmetic:s09:r1|arithmetic:s09:r2|arithmetic:s09:r3
cross_task,stroop_to_arithmetic,9,1494,2,True,False,1,4,1,2,1,2,1,3,603,270,669,9,9,stroop:s09:r0|stroop:s09:r3,stroop:s09:r1|stroop:s09:r2,arithmetic:s09:r1|arithmetic:s09:r2|arithmetic:s09:r3
cross_task,stroop_to_arithmetic,9,1547,1,True,False,1,4,1,2,1,2,1,3,353,520,669,9,9,stroop:s09:r1|stroop:s09:r3,stroop:s09:r0|stroop:s09:r2,arithmetic:s09:r1|arithmetic:s09:r2|arithmetic:s09:r3
cross_task,stroop_to_arithmetic,9,1547,2,True,False,1,4,1,2,1,2,1,3,520,353,669,9,9,stroop:s09:r0|stroop:s09:r2,stroop:s09:r1|stroop:s09:r3,arithmetic:s09:r1|arithmetic:s09:r2|arithmetic:s09:r3
cross_task,arithmetic_to_stroop,10,1335,1,True,False,1,4,1,2,1,2,1,3,241,297,408,10,10,arithmetic:s10:r1|arithmetic:s10:r3,arithmetic:s10:r0|arithmetic:s10:r2,stroop:s10:r1|stroop:s10:r2|stroop:s10:r3
cross_task,arithmetic_to_stroop,10,1335,2,True,False,1,4,1,2,1,2,1,3,297,241,408,10,10,arithmetic:s10:r0|arithmetic:s10:r2,arithmetic:s10:r1|arithmetic:s10:r3,stroop:s10:r1|stroop:s10:r2|stroop:s10:r3
cross_task,arithmetic_to_stroop,10,1388,1,True,False,1,4,1,2,1,2,1,3,208,330,408,10,10,arithmetic:s10:r1|arithmetic:s10:r2,arithmetic:s10:r0|arithmetic:s10:r3,stroop:s10:r1|stroop:s10:r2|stroop:s10:r3
cross_task,arithmetic_to_stroop,10,1388,2,True,False,1,4,1,2,1,2,1,3,330,208,408,10,10,arithmetic:s10:r0|arithmetic:s10:r3,arithmetic:s10:r1|arithmetic:s10:r2,stroop:s10:r1|stroop:s10:r2|stroop:s10:r3
cross_task,arithmetic_to_stroop,10,1441,1,True,False,1,4,1,2,1,2,1,3,208,330,408,10,10,arithmetic:s10:r1|arithmetic:s10:r2,arithmetic:s10:r0|arithmetic:s10:r3,stroop:s10:r1|stroop:s10:r2|stroop:s10:r3
cross_task,arithmetic_to_stroop,10,1441,2,True,False,1,4,1,2,1,2,1,3,330,208,408,10,10,arithmetic:s10:r0|arithmetic:s10:r3,arithmetic:s10:r1|arithmetic:s10:r2,stroop:s10:r1|stroop:s10:r2|stroop:s10:r3
cross_task,arithmetic_to_stroop,10,1494,1,True,False,1,4,1,2,1,2,1,3,208,330,408,10,10,arithmetic:s10:r1|arithmetic:s10:r2,arithmetic:s10:r0|arithmetic:s10:r3,stroop:s10:r1|stroop:s10:r2|stroop:s10:r3
cross_task,arithmetic_to_stroop,10,1494,2,True,False,1,4,1,2,1,2,1,3,330,208,408,10,10,arithmetic:s10:r0|arithmetic:s10:r3,arithmetic:s10:r1|arithmetic:s10:r2,stroop:s10:r1|stroop:s10:r2|stroop:s10:r3
cross_task,arithmetic_to_stroop,10,1547,1,True,False,1,4,1,2,1,2,1,3,241,297,408,10,10,arithmetic:s10:r1|arithmetic:s10:r3,arithmetic:s10:r0|arithmetic:s10:r2,stroop:s10:r1|stroop:s10:r2|stroop:s10:r3
cross_task,arithmetic_to_stroop,10,1547,2,True,False,1,4,1,2,1,2,1,3,297,241,408,10,10,arithmetic:s10:r0|arithmetic:s10:r2,arithmetic:s10:r1|arithmetic:s10:r3,stroop:s10:r1|stroop:s10:r2|stroop:s10:r3
cross_task,stroop_to_arithmetic,10,1335,1,True,False,1,4,1,2,1,2,1,3,325,268,353,10,10,stroop:s10:r1|stroop:s10:r3,stroop:s10:r0|stroop:s10:r2,arithmetic:s10:r1|arithmetic:s10:r2|arithmetic:s10:r3
cross_task,stroop_to_arithmetic,10,1335,2,True,False,1,4,1,2,1,2,1,3,268,325,353,10,10,stroop:s10:r0|stroop:s10:r2,stroop:s10:r1|stroop:s10:r3,arithmetic:s10:r1|arithmetic:s10:r2|arithmetic:s10:r3
cross_task,stroop_to_arithmetic,10,1388,1,True,False,1,4,1,2,1,2,1,3,201,392,353,10,10,stroop:s10:r1|stroop:s10:r2,stroop:s10:r0|stroop:s10:r3,arithmetic:s10:r1|arithmetic:s10:r2|arithmetic:s10:r3
cross_task,stroop_to_arithmetic,10,1388,2,True,False,1,4,1,2,1,2,1,3,392,201,353,10,10,stroop:s10:r0|stroop:s10:r3,stroop:s10:r1|stroop:s10:r2,arithmetic:s10:r1|arithmetic:s10:r2|arithmetic:s10:r3
cross_task,stroop_to_arithmetic,10,1441,1,True,False,1,4,1,2,1,2,1,3,201,392,353,10,10,stroop:s10:r1|stroop:s10:r2,stroop:s10:r0|stroop:s10:r3,arithmetic:s10:r1|arithmetic:s10:r2|arithmetic:s10:r3
cross_task,stroop_to_arithmetic,10,1441,2,True,False,1,4,1,2,1,2,1,3,392,201,353,10,10,stroop:s10:r0|stroop:s10:r3,stroop:s10:r1|stroop:s10:r2,arithmetic:s10:r1|arithmetic:s10:r2|arithmetic:s10:r3
cross_task,stroop_to_arithmetic,10,1494,1,True,False,1,4,1,2,1,2,1,3,201,392,353,10,10,stroop:s10:r1|stroop:s10:r2,stroop:s10:r0|stroop:s10:r3,arithmetic:s10:r1|arithmetic:s10:r2|arithmetic:s10:r3
cross_task,stroop_to_arithmetic,10,1494,2,True,False,1,4,1,2,1,2,1,3,392,201,353,10,10,stroop:s10:r0|stroop:s10:r3,stroop:s10:r1|stroop:s10:r2,arithmetic:s10:r1|arithmetic:s10:r2|arithmetic:s10:r3
cross_task,stroop_to_arithmetic,10,1547,1,True,False,1,4,1,2,1,2,1,3,325,268,353,10,10,stroop:s10:r1|stroop:s10:r3,stroop:s10:r0|stroop:s10:r2,arithmetic:s10:r1|arithmetic:s10:r2|arithmetic:s10:r3
cross_task,stroop_to_arithmetic,10,1547,2,True,False,1,4,1,2,1,2,1,3,268,325,353,10,10,stroop:s10:r0|stroop:s10:r2,stroop:s10:r1|stroop:s10:r3,arithmetic:s10:r1|arithmetic:s10:r2|arithmetic:s10:r3
cross_task,arithmetic_to_stroop,11,1335,1,True,False,1,4,1,2,1,2,1,3,366,406,428,11,11,arithmetic:s11:r1|arithmetic:s11:r3,arithmetic:s11:r0|arithmetic:s11:r2,stroop:s11:r1|stroop:s11:r2|stroop:s11:r3
cross_task,arithmetic_to_stroop,11,1335,2,True,False,1,4,1,2,1,2,1,3,406,366,428,11,11,arithmetic:s11:r0|arithmetic:s11:r2,arithmetic:s11:r1|arithmetic:s11:r3,stroop:s11:r1|stroop:s11:r2|stroop:s11:r3
cross_task,arithmetic_to_stroop,11,1388,1,True,False,1,4,1,2,1,2,1,3,317,455,428,11,11,arithmetic:s11:r1|arithmetic:s11:r2,arithmetic:s11:r0|arithmetic:s11:r3,stroop:s11:r1|stroop:s11:r2|stroop:s11:r3
cross_task,arithmetic_to_stroop,11,1388,2,True,False,1,4,1,2,1,2,1,3,455,317,428,11,11,arithmetic:s11:r0|arithmetic:s11:r3,arithmetic:s11:r1|arithmetic:s11:r2,stroop:s11:r1|stroop:s11:r2|stroop:s11:r3
cross_task,arithmetic_to_stroop,11,1441,1,True,False,1,4,1,2,1,2,1,3,317,455,428,11,11,arithmetic:s11:r1|arithmetic:s11:r2,arithmetic:s11:r0|arithmetic:s11:r3,stroop:s11:r1|stroop:s11:r2|stroop:s11:r3
cross_task,arithmetic_to_stroop,11,1441,2,True,False,1,4,1,2,1,2,1,3,455,317,428,11,11,arithmetic:s11:r0|arithmetic:s11:r3,arithmetic:s11:r1|arithmetic:s11:r2,stroop:s11:r1|stroop:s11:r2|stroop:s11:r3
cross_task,arithmetic_to_stroop,11,1494,1,True,False,1,4,1,2,1,2,1,3,317,455,428,11,11,arithmetic:s11:r1|arithmetic:s11:r2,arithmetic:s11:r0|arithmetic:s11:r3,stroop:s11:r1|stroop:s11:r2|stroop:s11:r3
cross_task,arithmetic_to_stroop,11,1494,2,True,False,1,4,1,2,1,2,1,3,455,317,428,11,11,arithmetic:s11:r0|arithmetic:s11:r3,arithmetic:s11:r1|arithmetic:s11:r2,stroop:s11:r1|stroop:s11:r2|stroop:s11:r3
cross_task,arithmetic_to_stroop,11,1547,1,True,False,1,4,1,2,1,2,1,3,366,406,428,11,11,arithmetic:s11:r1|arithmetic:s11:r3,arithmetic:s11:r0|arithmetic:s11:r2,stroop:s11:r1|stroop:s11:r2|stroop:s11:r3
cross_task,arithmetic_to_stroop,11,1547,2,True,False,1,4,1,2,1,2,1,3,406,366,428,11,11,arithmetic:s11:r0|arithmetic:s11:r2,arithmetic:s11:r1|arithmetic:s11:r3,stroop:s11:r1|stroop:s11:r2|stroop:s11:r3
cross_task,stroop_to_arithmetic,11,1335,1,True,False,1,4,1,2,1,2,1,3,298,374,528,11,11,stroop:s11:r1|stroop:s11:r3,stroop:s11:r0|stroop:s11:r2,arithmetic:s11:r1|arithmetic:s11:r2|arithmetic:s11:r3
cross_task,stroop_to_arithmetic,11,1335,2,True,False,1,4,1,2,1,2,1,3,374,298,528,11,11,stroop:s11:r0|stroop:s11:r2,stroop:s11:r1|stroop:s11:r3,arithmetic:s11:r1|arithmetic:s11:r2|arithmetic:s11:r3
cross_task,stroop_to_arithmetic,11,1388,1,True,False,1,4,1,2,1,2,1,3,243,429,528,11,11,stroop:s11:r1|stroop:s11:r2,stroop:s11:r0|stroop:s11:r3,arithmetic:s11:r1|arithmetic:s11:r2|arithmetic:s11:r3
cross_task,stroop_to_arithmetic,11,1388,2,True,False,1,4,1,2,1,2,1,3,429,243,528,11,11,stroop:s11:r0|stroop:s11:r3,stroop:s11:r1|stroop:s11:r2,arithmetic:s11:r1|arithmetic:s11:r2|arithmetic:s11:r3
cross_task,stroop_to_arithmetic,11,1441,1,True,False,1,4,1,2,1,2,1,3,243,429,528,11,11,stroop:s11:r1|stroop:s11:r2,stroop:s11:r0|stroop:s11:r3,arithmetic:s11:r1|arithmetic:s11:r2|arithmetic:s11:r3
cross_task,stroop_to_arithmetic,11,1441,2,True,False,1,4,1,2,1,2,1,3,429,243,528,11,11,stroop:s11:r0|stroop:s11:r3,stroop:s11:r1|stroop:s11:r2,arithmetic:s11:r1|arithmetic:s11:r2|arithmetic:s11:r3
cross_task,stroop_to_arithmetic,11,1494,1,True,False,1,4,1,2,1,2,1,3,243,429,528,11,11,stroop:s11:r1|stroop:s11:r2,stroop:s11:r0|stroop:s11:r3,arithmetic:s11:r1|arithmetic:s11:r2|arithmetic:s11:r3
cross_task,stroop_to_arithmetic,11,1494,2,True,False,1,4,1,2,1,2,1,3,429,243,528,11,11,stroop:s11:r0|stroop:s11:r3,stroop:s11:r1|stroop:s11:r2,arithmetic:s11:r1|arithmetic:s11:r2|arithmetic:s11:r3
cross_task,stroop_to_arithmetic,11,1547,1,True,False,1,4,1,2,1,2,1,3,298,374,528,11,11,stroop:s11:r1|stroop:s11:r3,stroop:s11:r0|stroop:s11:r2,arithmetic:s11:r1|arithmetic:s11:r2|arithmetic:s11:r3
cross_task,stroop_to_arithmetic,11,1547,2,True,False,1,4,1,2,1,2,1,3,374,298,528,11,11,stroop:s11:r0|stroop:s11:r2,stroop:s11:r1|stroop:s11:r3,arithmetic:s11:r1|arithmetic:s11:r2|arithmetic:s11:r3
cross_task,arithmetic_to_stroop,12,1335,1,True,False,1,4,1,2,1,2,1,3,335,320,438,12,12,arithmetic:s12:r1|arithmetic:s12:r3,arithmetic:s12:r0|arithmetic:s12:r2,stroop:s12:r1|stroop:s12:r2|stroop:s12:r3
cross_task,arithmetic_to_stroop,12,1335,2,True,False,1,4,1,2,1,2,1,3,320,335,438,12,12,arithmetic:s12:r0|arithmetic:s12:r2,arithmetic:s12:r1|arithmetic:s12:r3,stroop:s12:r1|stroop:s12:r2|stroop:s12:r3
cross_task,arithmetic_to_stroop,12,1388,1,True,False,1,4,1,2,1,2,1,3,251,404,438,12,12,arithmetic:s12:r1|arithmetic:s12:r2,arithmetic:s12:r0|arithmetic:s12:r3,stroop:s12:r1|stroop:s12:r2|stroop:s12:r3
cross_task,arithmetic_to_stroop,12,1388,2,True,False,1,4,1,2,1,2,1,3,404,251,438,12,12,arithmetic:s12:r0|arithmetic:s12:r3,arithmetic:s12:r1|arithmetic:s12:r2,stroop:s12:r1|stroop:s12:r2|stroop:s12:r3
cross_task,arithmetic_to_stroop,12,1441,1,True,False,1,4,1,2,1,2,1,3,251,404,438,12,12,arithmetic:s12:r1|arithmetic:s12:r2,arithmetic:s12:r0|arithmetic:s12:r3,stroop:s12:r1|stroop:s12:r2|stroop:s12:r3
cross_task,arithmetic_to_stroop,12,1441,2,True,False,1,4,1,2,1,2,1,3,404,251,438,12,12,arithmetic:s12:r0|arithmetic:s12:r3,arithmetic:s12:r1|arithmetic:s12:r2,stroop:s12:r1|stroop:s12:r2|stroop:s12:r3
cross_task,arithmetic_to_stroop,12,1494,1,True,False,1,4,1,2,1,2,1,3,251,404,438,12,12,arithmetic:s12:r1|arithmetic:s12:r2,arithmetic:s12:r0|arithmetic:s12:r3,stroop:s12:r1|stroop:s12:r2|stroop:s12:r3
cross_task,arithmetic_to_stroop,12,1494,2,True,False,1,4,1,2,1,2,1,3,404,251,438,12,12,arithmetic:s12:r0|arithmetic:s12:r3,arithmetic:s12:r1|arithmetic:s12:r2,stroop:s12:r1|stroop:s12:r2|stroop:s12:r3
cross_task,arithmetic_to_stroop,12,1547,1,True,False,1,4,1,2,1,2,1,3,335,320,438,12,12,arithmetic:s12:r1|arithmetic:s12:r3,arithmetic:s12:r0|arithmetic:s12:r2,stroop:s12:r1|stroop:s12:r2|stroop:s12:r3
cross_task,arithmetic_to_stroop,12,1547,2,True,False,1,4,1,2,1,2,1,3,320,335,438,12,12,arithmetic:s12:r0|arithmetic:s12:r2,arithmetic:s12:r1|arithmetic:s12:r3,stroop:s12:r1|stroop:s12:r2|stroop:s12:r3
cross_task,stroop_to_arithmetic,12,1335,1,True,False,1,4,1,2,1,2,1,3,312,311,470,12,12,stroop:s12:r1|stroop:s12:r3,stroop:s12:r0|stroop:s12:r2,arithmetic:s12:r1|arithmetic:s12:r2|arithmetic:s12:r3
cross_task,stroop_to_arithmetic,12,1335,2,True,False,1,4,1,2,1,2,1,3,311,312,470,12,12,stroop:s12:r0|stroop:s12:r2,stroop:s12:r1|stroop:s12:r3,arithmetic:s12:r1|arithmetic:s12:r2|arithmetic:s12:r3
cross_task,stroop_to_arithmetic,12,1388,1,True,False,1,4,1,2,1,2,1,3,249,374,470,12,12,stroop:s12:r1|stroop:s12:r2,stroop:s12:r0|stroop:s12:r3,arithmetic:s12:r1|arithmetic:s12:r2|arithmetic:s12:r3
cross_task,stroop_to_arithmetic,12,1388,2,True,False,1,4,1,2,1,2,1,3,374,249,470,12,12,stroop:s12:r0|stroop:s12:r3,stroop:s12:r1|stroop:s12:r2,arithmetic:s12:r1|arithmetic:s12:r2|arithmetic:s12:r3
cross_task,stroop_to_arithmetic,12,1441,1,True,False,1,4,1,2,1,2,1,3,249,374,470,12,12,stroop:s12:r1|stroop:s12:r2,stroop:s12:r0|stroop:s12:r3,arithmetic:s12:r1|arithmetic:s12:r2|arithmetic:s12:r3
cross_task,stroop_to_arithmetic,12,1441,2,True,False,1,4,1,2,1,2,1,3,374,249,470,12,12,stroop:s12:r0|stroop:s12:r3,stroop:s12:r1|stroop:s12:r2,arithmetic:s12:r1|arithmetic:s12:r2|arithmetic:s12:r3
cross_task,stroop_to_arithmetic,12,1494,1,True,False,1,4,1,2,1,2,1,3,249,374,470,12,12,stroop:s12:r1|stroop:s12:r2,stroop:s12:r0|stroop:s12:r3,arithmetic:s12:r1|arithmetic:s12:r2|arithmetic:s12:r3
cross_task,stroop_to_arithmetic,12,1494,2,True,False,1,4,1,2,1,2,1,3,374,249,470,12,12,stroop:s12:r0|stroop:s12:r3,stroop:s12:r1|stroop:s12:r2,arithmetic:s12:r1|arithmetic:s12:r2|arithmetic:s12:r3
cross_task,stroop_to_arithmetic,12,1547,1,True,False,1,4,1,2,1,2,1,3,312,311,470,12,12,stroop:s12:r1|stroop:s12:r3,stroop:s12:r0|stroop:s12:r2,arithmetic:s12:r1|arithmetic:s12:r2|arithmetic:s12:r3
cross_task,stroop_to_arithmetic,12,1547,2,True,False,1,4,1,2,1,2,1,3,311,312,470,12,12,stroop:s12:r0|stroop:s12:r2,stroop:s12:r1|stroop:s12:r3,arithmetic:s12:r1|arithmetic:s12:r2|arithmetic:s12:r3
cross_task,arithmetic_to_stroop,13,1335,1,True,False,1,4,1,2,1,2,1,3,345,325,393,13,13,arithmetic:s13:r1|arithmetic:s13:r3,arithmetic:s13:r0|arithmetic:s13:r2,stroop:s13:r1|stroop:s13:r2|stroop:s13:r3
cross_task,arithmetic_to_stroop,13,1335,2,True,False,1,4,1,2,1,2,1,3,325,345,393,13,13,arithmetic:s13:r0|arithmetic:s13:r2,arithmetic:s13:r1|arithmetic:s13:r3,stroop:s13:r1|stroop:s13:r2|stroop:s13:r3
cross_task,arithmetic_to_stroop,13,1388,1,True,False,1,4,1,2,1,2,1,3,287,383,393,13,13,arithmetic:s13:r1|arithmetic:s13:r2,arithmetic:s13:r0|arithmetic:s13:r3,stroop:s13:r1|stroop:s13:r2|stroop:s13:r3
cross_task,arithmetic_to_stroop,13,1388,2,True,False,1,4,1,2,1,2,1,3,383,287,393,13,13,arithmetic:s13:r0|arithmetic:s13:r3,arithmetic:s13:r1|arithmetic:s13:r2,stroop:s13:r1|stroop:s13:r2|stroop:s13:r3
cross_task,arithmetic_to_stroop,13,1441,1,True,False,1,4,1,2,1,2,1,3,287,383,393,13,13,arithmetic:s13:r1|arithmetic:s13:r2,arithmetic:s13:r0|arithmetic:s13:r3,stroop:s13:r1|stroop:s13:r2|stroop:s13:r3
cross_task,arithmetic_to_stroop,13,1441,2,True,False,1,4,1,2,1,2,1,3,383,287,393,13,13,arithmetic:s13:r0|arithmetic:s13:r3,arithmetic:s13:r1|arithmetic:s13:r2,stroop:s13:r1|stroop:s13:r2|stroop:s13:r3
cross_task,arithmetic_to_stroop,13,1494,1,True,False,1,4,1,2,1,2,1,3,287,383,393,13,13,arithmetic:s13:r1|arithmetic:s13:r2,arithmetic:s13:r0|arithmetic:s13:r3,stroop:s13:r1|stroop:s13:r2|stroop:s13:r3
cross_task,arithmetic_to_stroop,13,1494,2,True,False,1,4,1,2,1,2,1,3,383,287,393,13,13,arithmetic:s13:r0|arithmetic:s13:r3,arithmetic:s13:r1|arithmetic:s13:r2,stroop:s13:r1|stroop:s13:r2|stroop:s13:r3
cross_task,arithmetic_to_stroop,13,1547,1,True,False,1,4,1,2,1,2,1,3,345,325,393,13,13,arithmetic:s13:r1|arithmetic:s13:r3,arithmetic:s13:r0|arithmetic:s13:r2,stroop:s13:r1|stroop:s13:r2|stroop:s13:r3
cross_task,arithmetic_to_stroop,13,1547,2,True,False,1,4,1,2,1,2,1,3,325,345,393,13,13,arithmetic:s13:r0|arithmetic:s13:r2,arithmetic:s13:r1|arithmetic:s13:r3,stroop:s13:r1|stroop:s13:r2|stroop:s13:r3
cross_task,stroop_to_arithmetic,13,1335,1,True,False,1,4,1,2,1,2,1,3,271,302,490,13,13,stroop:s13:r1|stroop:s13:r3,stroop:s13:r0|stroop:s13:r2,arithmetic:s13:r1|arithmetic:s13:r2|arithmetic:s13:r3
cross_task,stroop_to_arithmetic,13,1335,2,True,False,1,4,1,2,1,2,1,3,302,271,490,13,13,stroop:s13:r0|stroop:s13:r2,stroop:s13:r1|stroop:s13:r3,arithmetic:s13:r1|arithmetic:s13:r2|arithmetic:s13:r3
cross_task,stroop_to_arithmetic,13,1388,1,True,False,1,4,1,2,1,2,1,3,213,360,490,13,13,stroop:s13:r1|stroop:s13:r2,stroop:s13:r0|stroop:s13:r3,arithmetic:s13:r1|arithmetic:s13:r2|arithmetic:s13:r3
cross_task,stroop_to_arithmetic,13,1388,2,True,False,1,4,1,2,1,2,1,3,360,213,490,13,13,stroop:s13:r0|stroop:s13:r3,stroop:s13:r1|stroop:s13:r2,arithmetic:s13:r1|arithmetic:s13:r2|arithmetic:s13:r3
cross_task,stroop_to_arithmetic,13,1441,1,True,False,1,4,1,2,1,2,1,3,213,360,490,13,13,stroop:s13:r1|stroop:s13:r2,stroop:s13:r0|stroop:s13:r3,arithmetic:s13:r1|arithmetic:s13:r2|arithmetic:s13:r3
cross_task,stroop_to_arithmetic,13,1441,2,True,False,1,4,1,2,1,2,1,3,360,213,490,13,13,stroop:s13:r0|stroop:s13:r3,stroop:s13:r1|stroop:s13:r2,arithmetic:s13:r1|arithmetic:s13:r2|arithmetic:s13:r3
cross_task,stroop_to_arithmetic,13,1494,1,True,False,1,4,1,2,1,2,1,3,213,360,490,13,13,stroop:s13:r1|stroop:s13:r2,stroop:s13:r0|stroop:s13:r3,arithmetic:s13:r1|arithmetic:s13:r2|arithmetic:s13:r3
cross_task,stroop_to_arithmetic,13,1494,2,True,False,1,4,1,2,1,2,1,3,360,213,490,13,13,stroop:s13:r0|stroop:s13:r3,stroop:s13:r1|stroop:s13:r2,arithmetic:s13:r1|arithmetic:s13:r2|arithmetic:s13:r3
cross_task,stroop_to_arithmetic,13,1547,1,True,False,1,4,1,2,1,2,1,3,271,302,490,13,13,stroop:s13:r1|stroop:s13:r3,stroop:s13:r0|stroop:s13:r2,arithmetic:s13:r1|arithmetic:s13:r2|arithmetic:s13:r3
cross_task,stroop_to_arithmetic,13,1547,2,True,False,1,4,1,2,1,2,1,3,302,271,490,13,13,stroop:s13:r0|stroop:s13:r2,stroop:s13:r1|stroop:s13:r3,arithmetic:s13:r1|arithmetic:s13:r2|arithmetic:s13:r3
loso,arithmetic,1,seed_invariant,1,True,True,14,56,13,52,1,4,1,4,9078,988,696,3|4|5|6|7|8|9|10|11|12|13|14|15,2,arithmetic:s03:r0|arithmetic:s03:r1|arithmetic:s03:r2|arithmetic:s03:r3|arithmetic:s04:r0|arithmetic:s04:r1|arithmetic:s04:r2|arithmetic:s04:r3|arithmetic:s05:r0|arithmetic:s05:r1|arithmetic:s05:r2|arithmetic:s05:r3|arithmetic:s06:r0|arithmetic:s06:r1|arithmetic:s06:r2|arithmetic:s06:r3|arithmetic:s07:r0|arithmetic:s07:r1|arithmetic:s07:r2|arithmetic:s07:r3|arithmetic:s08:r0|arithmetic:s08:r1|arithmetic:s08:r2|arithmetic:s08:r3|arithmetic:s09:r0|arithmetic:s09:r1|arithmetic:s09:r2|arithmetic:s09:r3|arithmetic:s10:r0|arithmetic:s10:r1|arithmetic:s10:r2|arithmetic:s10:r3|arithmetic:s11:r0|arithmetic:s11:r1|arithmetic:s11:r2|arithmetic:s11:r3|arithmetic:s12:r0|arithmetic:s12:r1|arithmetic:s12:r2|arithmetic:s12:r3|arithmetic:s13:r0|arithmetic:s13:r1|arithmetic:s13:r2|arithmetic:s13:r3|arithmetic:s14:r0|arithmetic:s14:r1|arithmetic:s14:r2|arithmetic:s14:r3|arithmetic:s15:r0|arithmetic:s15:r1|arithmetic:s15:r2|arithmetic:s15:r3,arithmetic:s02:r0|arithmetic:s02:r1|arithmetic:s02:r2|arithmetic:s02:r3,arithmetic:s01:r0|arithmetic:s01:r1|arithmetic:s01:r2|arithmetic:s01:r3
loso,arithmetic,1,seed_invariant,2,True,True,14,56,13,52,1,4,1,4,9497,569,696,2|4|5|6|7|8|9|10|11|12|13|14|15,3,arithmetic:s02:r0|arithmetic:s02:r1|arithmetic:s02:r2|arithmetic:s02:r3|arithmetic:s04:r0|arithmetic:s04:r1|arithmetic:s04:r2|arithmetic:s04:r3|arithmetic:s05:r0|arithmetic:s05:r1|arithmetic:s05:r2|arithmetic:s05:r3|arithmetic:s06:r0|arithmetic:s06:r1|arithmetic:s06:r2|arithmetic:s06:r3|arithmetic:s07:r0|arithmetic:s07:r1|arithmetic:s07:r2|arithmetic:s07:r3|arithmetic:s08:r0|arithmetic:s08:r1|arithmetic:s08:r2|arithmetic:s08:r3|arithmetic:s09:r0|arithmetic:s09:r1|arithmetic:s09:r2|arithmetic:s09:r3|arithmetic:s10:r0|arithmetic:s10:r1|arithmetic:s10:r2|arithmetic:s10:r3|arithmetic:s11:r0|arithmetic:s11:r1|arithmetic:s11:r2|arithmetic:s11:r3|arithmetic:s12:r0|arithmetic:s12:r1|arithmetic:s12:r2|arithmetic:s12:r3|arithmetic:s13:r0|arithmetic:s13:r1|arithmetic:s13:r2|arithmetic:s13:r3|arithmetic:s14:r0|arithmetic:s14:r1|arithmetic:s14:r2|arithmetic:s14:r3|arithmetic:s15:r0|arithmetic:s15:r1|arithmetic:s15:r2|arithmetic:s15:r3,arithmetic:s03:r0|arithmetic:s03:r1|arithmetic:s03:r2|arithmetic:s03:r3,arithmetic:s01:r0|arithmetic:s01:r1|arithmetic:s01:r2|arithmetic:s01:r3
loso,arithmetic,1,seed_invariant,3,True,True,14,56,13,52,1,4,1,4,9400,666,696,2|3|5|6|7|8|9|10|11|12|13|14|15,4,arithmetic:s02:r0|arithmetic:s02:r1|arithmetic:s02:r2|arithmetic:s02:r3|arithmetic:s03:r0|arithmetic:s03:r1|arithmetic:s03:r2|arithmetic:s03:r3|arithmetic:s05:r0|arithmetic:s05:r1|arithmetic:s05:r2|arithmetic:s05:r3|arithmetic:s06:r0|arithmetic:s06:r1|arithmetic:s06:r2|arithmetic:s06:r3|arithmetic:s07:r0|arithmetic:s07:r1|arithmetic:s07:r2|arithmetic:s07:r3|arithmetic:s08:r0|arithmetic:s08:r1|arithmetic:s08:r2|arithmetic:s08:r3|arithmetic:s09:r0|arithmetic:s09:r1|arithmetic:s09:r2|arithmetic:s09:r3|arithmetic:s10:r0|arithmetic:s10:r1|arithmetic:s10:r2|arithmetic:s10:r3|arithmetic:s11:r0|arithmetic:s11:r1|arithmetic:s11:r2|arithmetic:s11:r3|arithmetic:s12:r0|arithmetic:s12:r1|arithmetic:s12:r2|arithmetic:s12:r3|arithmetic:s13:r0|arithmetic:s13:r1|arithmetic:s13:r2|arithmetic:s13:r3|arithmetic:s14:r0|arithmetic:s14:r1|arithmetic:s14:r2|arithmetic:s14:r3|arithmetic:s15:r0|arithmetic:s15:r1|arithmetic:s15:r2|arithmetic:s15:r3,arithmetic:s04:r0|arithmetic:s04:r1|arithmetic:s04:r2|arithmetic:s04:r3,arithmetic:s01:r0|arithmetic:s01:r1|arithmetic:s01:r2|arithmetic:s01:r3
loso,arithmetic,1,seed_invariant,4,True,True,14,56,13,52,1,4,1,4,9239,827,696,2|3|4|6|7|8|9|10|11|12|13|14|15,5,arithmetic:s02:r0|arithmetic:s02:r1|arithmetic:s02:r2|arithmetic:s02:r3|arithmetic:s03:r0|arithmetic:s03:r1|arithmetic:s03:r2|arithmetic:s03:r3|arithmetic:s04:r0|arithmetic:s04:r1|arithmetic:s04:r2|arithmetic:s04:r3|arithmetic:s06:r0|arithmetic:s06:r1|arithmetic:s06:r2|arithmetic:s06:r3|arithmetic:s07:r0|arithmetic:s07:r1|arithmetic:s07:r2|arithmetic:s07:r3|arithmetic:s08:r0|arithmetic:s08:r1|arithmetic:s08:r2|arithmetic:s08:r3|arithmetic:s09:r0|arithmetic:s09:r1|arithmetic:s09:r2|arithmetic:s09:r3|arithmetic:s10:r0|arithmetic:s10:r1|arithmetic:s10:r2|arithmetic:s10:r3|arithmetic:s11:r0|arithmetic:s11:r1|arithmetic:s11:r2|arithmetic:s11:r3|arithmetic:s12:r0|arithmetic:s12:r1|arithmetic:s12:r2|arithmetic:s12:r3|arithmetic:s13:r0|arithmetic:s13:r1|arithmetic:s13:r2|arithmetic:s13:r3|arithmetic:s14:r0|arithmetic:s14:r1|arithmetic:s14:r2|arithmetic:s14:r3|arithmetic:s15:r0|arithmetic:s15:r1|arithmetic:s15:r2|arithmetic:s15:r3,arithmetic:s05:r0|arithmetic:s05:r1|arithmetic:s05:r2|arithmetic:s05:r3,arithmetic:s01:r0|arithmetic:s01:r1|arithmetic:s01:r2|arithmetic:s01:r3
loso,arithmetic,1,seed_invariant,5,True,True,14,56,13,52,1,4,1,4,9476,590,696,2|3|4|5|7|8|9|10|11|12|13|14|15,6,arithmetic:s02:r0|arithmetic:s02:r1|arithmetic:s02:r2|arithmetic:s02:r3|arithmetic:s03:r0|arithmetic:s03:r1|arithmetic:s03:r2|arithmetic:s03:r3|arithmetic:s04:r0|arithmetic:s04:r1|arithmetic:s04:r2|arithmetic:s04:r3|arithmetic:s05:r0|arithmetic:s05:r1|arithmetic:s05:r2|arithmetic:s05:r3|arithmetic:s07:r0|arithmetic:s07:r1|arithmetic:s07:r2|arithmetic:s07:r3|arithmetic:s08:r0|arithmetic:s08:r1|arithmetic:s08:r2|arithmetic:s08:r3|arithmetic:s09:r0|arithmetic:s09:r1|arithmetic:s09:r2|arithmetic:s09:r3|arithmetic:s10:r0|arithmetic:s10:r1|arithmetic:s10:r2|arithmetic:s10:r3|arithmetic:s11:r0|arithmetic:s11:r1|arithmetic:s11:r2|arithmetic:s11:r3|arithmetic:s12:r0|arithmetic:s12:r1|arithmetic:s12:r2|arithmetic:s12:r3|arithmetic:s13:r0|arithmetic:s13:r1|arithmetic:s13:r2|arithmetic:s13:r3|arithmetic:s14:r0|arithmetic:s14:r1|arithmetic:s14:r2|arithmetic:s14:r3|arithmetic:s15:r0|arithmetic:s15:r1|arithmetic:s15:r2|arithmetic:s15:r3,arithmetic:s06:r0|arithmetic:s06:r1|arithmetic:s06:r2|arithmetic:s06:r3,arithmetic:s01:r0|arithmetic:s01:r1|arithmetic:s01:r2|arithmetic:s01:r3
loso,arithmetic,1,seed_invariant,6,True,True,14,56,13,52,1,4,1,4,9713,353,696,2|3|4|5|6|8|9|10|11|12|13|14|15,7,arithmetic:s02:r0|arithmetic:s02:r1|arithmetic:s02:r2|arithmetic:s02:r3|arithmetic:s03:r0|arithmetic:s03:r1|arithmetic:s03:r2|arithmetic:s03:r3|arithmetic:s04:r0|arithmetic:s04:r1|arithmetic:s04:r2|arithmetic:s04:r3|arithmetic:s05:r0|arithmetic:s05:r1|arithmetic:s05:r2|arithmetic:s05:r3|arithmetic:s06:r0|arithmetic:s06:r1|arithmetic:s06:r2|arithmetic:s06:r3|arithmetic:s08:r0|arithmetic:s08:r1|arithmetic:s08:r2|arithmetic:s08:r3|arithmetic:s09:r0|arithmetic:s09:r1|arithmetic:s09:r2|arithmetic:s09:r3|arithmetic:s10:r0|arithmetic:s10:r1|arithmetic:s10:r2|arithmetic:s10:r3|arithmetic:s11:r0|arithmetic:s11:r1|arithmetic:s11:r2|arithmetic:s11:r3|arithmetic:s12:r0|arithmetic:s12:r1|arithmetic:s12:r2|arithmetic:s12:r3|arithmetic:s13:r0|arithmetic:s13:r1|arithmetic:s13:r2|arithmetic:s13:r3|arithmetic:s14:r0|arithmetic:s14:r1|arithmetic:s14:r2|arithmetic:s14:r3|arithmetic:s15:r0|arithmetic:s15:r1|arithmetic:s15:r2|arithmetic:s15:r3,arithmetic:s07:r0|arithmetic:s07:r1|arithmetic:s07:r2|arithmetic:s07:r3,arithmetic:s01:r0|arithmetic:s01:r1|arithmetic:s01:r2|arithmetic:s01:r3
loso,arithmetic,1,seed_invariant,7,True,True,14,56,13,52,1,4,1,4,9028,1038,696,2|3|4|5|6|7|9|10|11|12|13|14|15,8,arithmetic:s02:r0|arithmetic:s02:r1|arithmetic:s02:r2|arithmetic:s02:r3|arithmetic:s03:r0|arithmetic:s03:r1|arithmetic:s03:r2|arithmetic:s03:r3|arithmetic:s04:r0|arithmetic:s04:r1|arithmetic:s04:r2|arithmetic:s04:r3|arithmetic:s05:r0|arithmetic:s05:r1|arithmetic:s05:r2|arithmetic:s05:r3|arithmetic:s06:r0|arithmetic:s06:r1|arithmetic:s06:r2|arithmetic:s06:r3|arithmetic:s07:r0|arithmetic:s07:r1|arithmetic:s07:r2|arithmetic:s07:r3|arithmetic:s09:r0|arithmetic:s09:r1|arithmetic:s09:r2|arithmetic:s09:r3|arithmetic:s10:r0|arithmetic:s10:r1|arithmetic:s10:r2|arithmetic:s10:r3|arithmetic:s11:r0|arithmetic:s11:r1|arithmetic:s11:r2|arithmetic:s11:r3|arithmetic:s12:r0|arithmetic:s12:r1|arithmetic:s12:r2|arithmetic:s12:r3|arithmetic:s13:r0|arithmetic:s13:r1|arithmetic:s13:r2|arithmetic:s13:r3|arithmetic:s14:r0|arithmetic:s14:r1|arithmetic:s14:r2|arithmetic:s14:r3|arithmetic:s15:r0|arithmetic:s15:r1|arithmetic:s15:r2|arithmetic:s15:r3,arithmetic:s08:r0|arithmetic:s08:r1|arithmetic:s08:r2|arithmetic:s08:r3,arithmetic:s01:r0|arithmetic:s01:r1|arithmetic:s01:r2|arithmetic:s01:r3
loso,arithmetic,1,seed_invariant,8,True,True,14,56,13,52,1,4,1,4,8987,1079,696,2|3|4|5|6|7|8|10|11|12|13|14|15,9,arithmetic:s02:r0|arithmetic:s02:r1|arithmetic:s02:r2|arithmetic:s02:r3|arithmetic:s03:r0|arithmetic:s03:r1|arithmetic:s03:r2|arithmetic:s03:r3|arithmetic:s04:r0|arithmetic:s04:r1|arithmetic:s04:r2|arithmetic:s04:r3|arithmetic:s05:r0|arithmetic:s05:r1|arithmetic:s05:r2|arithmetic:s05:r3|arithmetic:s06:r0|arithmetic:s06:r1|arithmetic:s06:r2|arithmetic:s06:r3|arithmetic:s07:r0|arithmetic:s07:r1|arithmetic:s07:r2|arithmetic:s07:r3|arithmetic:s08:r0|arithmetic:s08:r1|arithmetic:s08:r2|arithmetic:s08:r3|arithmetic:s10:r0|arithmetic:s10:r1|arithmetic:s10:r2|arithmetic:s10:r3|arithmetic:s11:r0|arithmetic:s11:r1|arithmetic:s11:r2|arithmetic:s11:r3|arithmetic:s12:r0|arithmetic:s12:r1|arithmetic:s12:r2|arithmetic:s12:r3|arithmetic:s13:r0|arithmetic:s13:r1|arithmetic:s13:r2|arithmetic:s13:r3|arithmetic:s14:r0|arithmetic:s14:r1|arithmetic:s14:r2|arithmetic:s14:r3|arithmetic:s15:r0|arithmetic:s15:r1|arithmetic:s15:r2|arithmetic:s15:r3,arithmetic:s09:r0|arithmetic:s09:r1|arithmetic:s09:r2|arithmetic:s09:r3,arithmetic:s01:r0|arithmetic:s01:r1|arithmetic:s01:r2|arithmetic:s01:r3
loso,arithmetic,1,seed_invariant,9,True,True,14,56,13,52,1,4,1,4,9528,538,696,2|3|4|5|6|7|8|9|11|12|13|14|15,10,arithmetic:s02:r0|arithmetic:s02:r1|arithmetic:s02:r2|arithmetic:s02:r3|arithmetic:s03:r0|arithmetic:s03:r1|arithmetic:s03:r2|arithmetic:s03:r3|arithmetic:s04:r0|arithmetic:s04:r1|arithmetic:s04:r2|arithmetic:s04:r3|arithmetic:s05:r0|arithmetic:s05:r1|arithmetic:s05:r2|arithmetic:s05:r3|arithmetic:s06:r0|arithmetic:s06:r1|arithmetic:s06:r2|arithmetic:s06:r3|arithmetic:s07:r0|arithmetic:s07:r1|arithmetic:s07:r2|arithmetic:s07:r3|arithmetic:s08:r0|arithmetic:s08:r1|arithmetic:s08:r2|arithmetic:s08:r3|arithmetic:s09:r0|arithmetic:s09:r1|arithmetic:s09:r2|arithmetic:s09:r3|arithmetic:s11:r0|arithmetic:s11:r1|arithmetic:s11:r2|arithmetic:s11:r3|arithmetic:s12:r0|arithmetic:s12:r1|arithmetic:s12:r2|arithmetic:s12:r3|arithmetic:s13:r0|arithmetic:s13:r1|arithmetic:s13:r2|arithmetic:s13:r3|arithmetic:s14:r0|arithmetic:s14:r1|arithmetic:s14:r2|arithmetic:s14:r3|arithmetic:s15:r0|arithmetic:s15:r1|arithmetic:s15:r2|arithmetic:s15:r3,arithmetic:s10:r0|arithmetic:s10:r1|arithmetic:s10:r2|arithmetic:s10:r3,arithmetic:s01:r0|arithmetic:s01:r1|arithmetic:s01:r2|arithmetic:s01:r3
loso,arithmetic,1,seed_invariant,10,True,True,14,56,13,52,1,4,1,4,9294,772,696,2|3|4|5|6|7|8|9|10|12|13|14|15,11,arithmetic:s02:r0|arithmetic:s02:r1|arithmetic:s02:r2|arithmetic:s02:r3|arithmetic:s03:r0|arithmetic:s03:r1|arithmetic:s03:r2|arithmetic:s03:r3|arithmetic:s04:r0|arithmetic:s04:r1|arithmetic:s04:r2|arithmetic:s04:r3|arithmetic:s05:r0|arithmetic:s05:r1|arithmetic:s05:r2|arithmetic:s05:r3|arithmetic:s06:r0|arithmetic:s06:r1|arithmetic:s06:r2|arithmetic:s06:r3|arithmetic:s07:r0|arithmetic:s07:r1|arithmetic:s07:r2|arithmetic:s07:r3|arithmetic:s08:r0|arithmetic:s08:r1|arithmetic:s08:r2|arithmetic:s08:r3|arithmetic:s09:r0|arithmetic:s09:r1|arithmetic:s09:r2|arithmetic:s09:r3|arithmetic:s10:r0|arithmetic:s10:r1|arithmetic:s10:r2|arithmetic:s10:r3|arithmetic:s12:r0|arithmetic:s12:r1|arithmetic:s12:r2|arithmetic:s12:r3|arithmetic:s13:r0|arithmetic:s13:r1|arithmetic:s13:r2|arithmetic:s13:r3|arithmetic:s14:r0|arithmetic:s14:r1|arithmetic:s14:r2|arithmetic:s14:r3|arithmetic:s15:r0|arithmetic:s15:r1|arithmetic:s15:r2|arithmetic:s15:r3,arithmetic:s11:r0|arithmetic:s11:r1|arithmetic:s11:r2|arithmetic:s11:r3,arithmetic:s01:r0|arithmetic:s01:r1|arithmetic:s01:r2|arithmetic:s01:r3
loso,arithmetic,1,seed_invariant,11,True,True,14,56,13,52,1,4,1,4,9411,655,696,2|3|4|5|6|7|8|9|10|11|13|14|15,12,arithmetic:s02:r0|arithmetic:s02:r1|arithmetic:s02:r2|arithmetic:s02:r3|arithmetic:s03:r0|arithmetic:s03:r1|arithmetic:s03:r2|arithmetic:s03:r3|arithmetic:s04:r0|arithmetic:s04:r1|arithmetic:s04:r2|arithmetic:s04:r3|arithmetic:s05:r0|arithmetic:s05:r1|arithmetic:s05:r2|arithmetic:s05:r3|arithmetic:s06:r0|arithmetic:s06:r1|arithmetic:s06:r2|arithmetic:s06:r3|arithmetic:s07:r0|arithmetic:s07:r1|arithmetic:s07:r2|arithmetic:s07:r3|arithmetic:s08:r0|arithmetic:s08:r1|arithmetic:s08:r2|arithmetic:s08:r3|arithmetic:s09:r0|arithmetic:s09:r1|arithmetic:s09:r2|arithmetic:s09:r3|arithmetic:s10:r0|arithmetic:s10:r1|arithmetic:s10:r2|arithmetic:s10:r3|arithmetic:s11:r0|arithmetic:s11:r1|arithmetic:s11:r2|arithmetic:s11:r3|arithmetic:s13:r0|arithmetic:s13:r1|arithmetic:s13:r2|arithmetic:s13:r3|arithmetic:s14:r0|arithmetic:s14:r1|arithmetic:s14:r2|arithmetic:s14:r3|arithmetic:s15:r0|arithmetic:s15:r1|arithmetic:s15:r2|arithmetic:s15:r3,arithmetic:s12:r0|arithmetic:s12:r1|arithmetic:s12:r2|arithmetic:s12:r3,arithmetic:s01:r0|arithmetic:s01:r1|arithmetic:s01:r2|arithmetic:s01:r3
loso,arithmetic,1,seed_invariant,12,True,True,14,56,13,52,1,4,1,4,9396,670,696,2|3|4|5|6|7|8|9|10|11|12|14|15,13,arithmetic:s02:r0|arithmetic:s02:r1|arithmetic:s02:r2|arithmetic:s02:r3|arithmetic:s03:r0|arithmetic:s03:r1|arithmetic:s03:r2|arithmetic:s03:r3|arithmetic:s04:r0|arithmetic:s04:r1|arithmetic:s04:r2|arithmetic:s04:r3|arithmetic:s05:r0|arithmetic:s05:r1|arithmetic:s05:r2|arithmetic:s05:r3|arithmetic:s06:r0|arithmetic:s06:r1|arithmetic:s06:r2|arithmetic:s06:r3|arithmetic:s07:r0|arithmetic:s07:r1|arithmetic:s07:r2|arithmetic:s07:r3|arithmetic:s08:r0|arithmetic:s08:r1|arithmetic:s08:r2|arithmetic:s08:r3|arithmetic:s09:r0|arithmetic:s09:r1|arithmetic:s09:r2|arithmetic:s09:r3|arithmetic:s10:r0|arithmetic:s10:r1|arithmetic:s10:r2|arithmetic:s10:r3|arithmetic:s11:r0|arithmetic:s11:r1|arithmetic:s11:r2|arithmetic:s11:r3|arithmetic:s12:r0|arithmetic:s12:r1|arithmetic:s12:r2|arithmetic:s12:r3|arithmetic:s14:r0|arithmetic:s14:r1|arithmetic:s14:r2|arithmetic:s14:r3|arithmetic:s15:r0|arithmetic:s15:r1|arithmetic:s15:r2|arithmetic:s15:r3,arithmetic:s13:r0|arithmetic:s13:r1|arithmetic:s13:r2|arithmetic:s13:r3,arithmetic:s01:r0|arithmetic:s01:r1|arithmetic:s01:r2|arithmetic:s01:r3
loso,arithmetic,1,seed_invariant,13,True,True,14,56,13,52,1,4,1,4,9472,594,696,2|3|4|5|6|7|8|9|10|11|12|13|15,14,arithmetic:s02:r0|arithmetic:s02:r1|arithmetic:s02:r2|arithmetic:s02:r3|arithmetic:s03:r0|arithmetic:s03:r1|arithmetic:s03:r2|arithmetic:s03:r3|arithmetic:s04:r0|arithmetic:s04:r1|arithmetic:s04:r2|arithmetic:s04:r3|arithmetic:s05:r0|arithmetic:s05:r1|arithmetic:s05:r2|arithmetic:s05:r3|arithmetic:s06:r0|arithmetic:s06:r1|arithmetic:s06:r2|arithmetic:s06:r3|arithmetic:s07:r0|arithmetic:s07:r1|arithmetic:s07:r2|arithmetic:s07:r3|arithmetic:s08:r0|arithmetic:s08:r1|arithmetic:s08:r2|arithmetic:s08:r3|arithmetic:s09:r0|arithmetic:s09:r1|arithmetic:s09:r2|arithmetic:s09:r3|arithmetic:s10:r0|arithmetic:s10:r1|arithmetic:s10:r2|arithmetic:s10:r3|arithmetic:s11:r0|arithmetic:s11:r1|arithmetic:s11:r2|arithmetic:s11:r3|arithmetic:s12:r0|arithmetic:s12:r1|arithmetic:s12:r2|arithmetic:s12:r3|arithmetic:s13:r0|arithmetic:s13:r1|arithmetic:s13:r2|arithmetic:s13:r3|arithmetic:s15:r0|arithmetic:s15:r1|arithmetic:s15:r2|arithmetic:s15:r3,arithmetic:s14:r0|arithmetic:s14:r1|arithmetic:s14:r2|arithmetic:s14:r3,arithmetic:s01:r0|arithmetic:s01:r1|arithmetic:s01:r2|arithmetic:s01:r3
loso,arithmetic,1,seed_invariant,14,True,True,14,56,13,52,1,4,1,4,9339,727,696,2|3|4|5|6|7|8|9|10|11|12|13|14,15,arithmetic:s02:r0|arithmetic:s02:r1|arithmetic:s02:r2|arithmetic:s02:r3|arithmetic:s03:r0|arithmetic:s03:r1|arithmetic:s03:r2|arithmetic:s03:r3|arithmetic:s04:r0|arithmetic:s04:r1|arithmetic:s04:r2|arithmetic:s04:r3|arithmetic:s05:r0|arithmetic:s05:r1|arithmetic:s05:r2|arithmetic:s05:r3|arithmetic:s06:r0|arithmetic:s06:r1|arithmetic:s06:r2|arithmetic:s06:r3|arithmetic:s07:r0|arithmetic:s07:r1|arithmetic:s07:r2|arithmetic:s07:r3|arithmetic:s08:r0|arithmetic:s08:r1|arithmetic:s08:r2|arithmetic:s08:r3|arithmetic:s09:r0|arithmetic:s09:r1|arithmetic:s09:r2|arithmetic:s09:r3|arithmetic:s10:r0|arithmetic:s10:r1|arithmetic:s10:r2|arithmetic:s10:r3|arithmetic:s11:r0|arithmetic:s11:r1|arithmetic:s11:r2|arithmetic:s11:r3|arithmetic:s12:r0|arithmetic:s12:r1|arithmetic:s12:r2|arithmetic:s12:r3|arithmetic:s13:r0|arithmetic:s13:r1|arithmetic:s13:r2|arithmetic:s13:r3|arithmetic:s14:r0|arithmetic:s14:r1|arithmetic:s14:r2|arithmetic:s14:r3,arithmetic:s15:r0|arithmetic:s15:r1|arithmetic:s15:r2|arithmetic:s15:r3,arithmetic:s01:r0|arithmetic:s01:r1|arithmetic:s01:r2|arithmetic:s01:r3
loso,arithmetic,2,seed_invariant,1,True,True,14,56,13,52,1,4,1,4,9078,696,988,3|4|5|6|7|8|9|10|11|12|13|14|15,1,arithmetic:s03:r0|arithmetic:s03:r1|arithmetic:s03:r2|arithmetic:s03:r3|arithmetic:s04:r0|arithmetic:s04:r1|arithmetic:s04:r2|arithmetic:s04:r3|arithmetic:s05:r0|arithmetic:s05:r1|arithmetic:s05:r2|arithmetic:s05:r3|arithmetic:s06:r0|arithmetic:s06:r1|arithmetic:s06:r2|arithmetic:s06:r3|arithmetic:s07:r0|arithmetic:s07:r1|arithmetic:s07:r2|arithmetic:s07:r3|arithmetic:s08:r0|arithmetic:s08:r1|arithmetic:s08:r2|arithmetic:s08:r3|arithmetic:s09:r0|arithmetic:s09:r1|arithmetic:s09:r2|arithmetic:s09:r3|arithmetic:s10:r0|arithmetic:s10:r1|arithmetic:s10:r2|arithmetic:s10:r3|arithmetic:s11:r0|arithmetic:s11:r1|arithmetic:s11:r2|arithmetic:s11:r3|arithmetic:s12:r0|arithmetic:s12:r1|arithmetic:s12:r2|arithmetic:s12:r3|arithmetic:s13:r0|arithmetic:s13:r1|arithmetic:s13:r2|arithmetic:s13:r3|arithmetic:s14:r0|arithmetic:s14:r1|arithmetic:s14:r2|arithmetic:s14:r3|arithmetic:s15:r0|arithmetic:s15:r1|arithmetic:s15:r2|arithmetic:s15:r3,arithmetic:s01:r0|arithmetic:s01:r1|arithmetic:s01:r2|arithmetic:s01:r3,arithmetic:s02:r0|arithmetic:s02:r1|arithmetic:s02:r2|arithmetic:s02:r3
loso,arithmetic,2,seed_invariant,2,True,True,14,56,13,52,1,4,1,4,9205,569,988,1|4|5|6|7|8|9|10|11|12|13|14|15,3,arithmetic:s01:r0|arithmetic:s01:r1|arithmetic:s01:r2|arithmetic:s01:r3|arithmetic:s04:r0|arithmetic:s04:r1|arithmetic:s04:r2|arithmetic:s04:r3|arithmetic:s05:r0|arithmetic:s05:r1|arithmetic:s05:r2|arithmetic:s05:r3|arithmetic:s06:r0|arithmetic:s06:r1|arithmetic:s06:r2|arithmetic:s06:r3|arithmetic:s07:r0|arithmetic:s07:r1|arithmetic:s07:r2|arithmetic:s07:r3|arithmetic:s08:r0|arithmetic:s08:r1|arithmetic:s08:r2|arithmetic:s08:r3|arithmetic:s09:r0|arithmetic:s09:r1|arithmetic:s09:r2|arithmetic:s09:r3|arithmetic:s10:r0|arithmetic:s10:r1|arithmetic:s10:r2|arithmetic:s10:r3|arithmetic:s11:r0|arithmetic:s11:r1|arithmetic:s11:r2|arithmetic:s11:r3|arithmetic:s12:r0|arithmetic:s12:r1|arithmetic:s12:r2|arithmetic:s12:r3|arithmetic:s13:r0|arithmetic:s13:r1|arithmetic:s13:r2|arithmetic:s13:r3|arithmetic:s14:r0|arithmetic:s14:r1|arithmetic:s14:r2|arithmetic:s14:r3|arithmetic:s15:r0|arithmetic:s15:r1|arithmetic:s15:r2|arithmetic:s15:r3,arithmetic:s03:r0|arithmetic:s03:r1|arithmetic:s03:r2|arithmetic:s03:r3,arithmetic:s02:r0|arithmetic:s02:r1|arithmetic:s02:r2|arithmetic:s02:r3
loso,arithmetic,2,seed_invariant,3,True,True,14,56,13,52,1,4,1,4,9108,666,988,1|3|5|6|7|8|9|10|11|12|13|14|15,4,arithmetic:s01:r0|arithmetic:s01:r1|arithmetic:s01:r2|arithmetic:s01:r3|arithmetic:s03:r0|arithmetic:s03:r1|arithmetic:s03:r2|arithmetic:s03:r3|arithmetic:s05:r0|arithmetic:s05:r1|arithmetic:s05:r2|arithmetic:s05:r3|arithmetic:s06:r0|arithmetic:s06:r1|arithmetic:s06:r2|arithmetic:s06:r3|arithmetic:s07:r0|arithmetic:s07:r1|arithmetic:s07:r2|arithmetic:s07:r3|arithmetic:s08:r0|arithmetic:s08:r1|arithmetic:s08:r2|arithmetic:s08:r3|arithmetic:s09:r0|arithmetic:s09:r1|arithmetic:s09:r2|arithmetic:s09:r3|arithmetic:s10:r0|arithmetic:s10:r1|arithmetic:s10:r2|arithmetic:s10:r3|arithmetic:s11:r0|arithmetic:s11:r1|arithmetic:s11:r2|arithmetic:s11:r3|arithmetic:s12:r0|arithmetic:s12:r1|arithmetic:s12:r2|arithmetic:s12:r3|arithmetic:s13:r0|arithmetic:s13:r1|arithmetic:s13:r2|arithmetic:s13:r3|arithmetic:s14:r0|arithmetic:s14:r1|arithmetic:s14:r2|arithmetic:s14:r3|arithmetic:s15:r0|arithmetic:s15:r1|arithmetic:s15:r2|arithmetic:s15:r3,arithmetic:s04:r0|arithmetic:s04:r1|arithmetic:s04:r2|arithmetic:s04:r3,arithmetic:s02:r0|arithmetic:s02:r1|arithmetic:s02:r2|arithmetic:s02:r3
loso,arithmetic,2,seed_invariant,4,True,True,14,56,13,52,1,4,1,4,8947,827,988,1|3|4|6|7|8|9|10|11|12|13|14|15,5,arithmetic:s01:r0|arithmetic:s01:r1|arithmetic:s01:r2|arithmetic:s01:r3|arithmetic:s03:r0|arithmetic:s03:r1|arithmetic:s03:r2|arithmetic:s03:r3|arithmetic:s04:r0|arithmetic:s04:r1|arithmetic:s04:r2|arithmetic:s04:r3|arithmetic:s06:r0|arithmetic:s06:r1|arithmetic:s06:r2|arithmetic:s06:r3|arithmetic:s07:r0|arithmetic:s07:r1|arithmetic:s07:r2|arithmetic:s07:r3|arithmetic:s08:r0|arithmetic:s08:r1|arithmetic:s08:r2|arithmetic:s08:r3|arithmetic:s09:r0|arithmetic:s09:r1|arithmetic:s09:r2|arithmetic:s09:r3|arithmetic:s10:r0|arithmetic:s10:r1|arithmetic:s10:r2|arithmetic:s10:r3|arithmetic:s11:r0|arithmetic:s11:r1|arithmetic:s11:r2|arithmetic:s11:r3|arithmetic:s12:r0|arithmetic:s12:r1|arithmetic:s12:r2|arithmetic:s12:r3|arithmetic:s13:r0|arithmetic:s13:r1|arithmetic:s13:r2|arithmetic:s13:r3|arithmetic:s14:r0|arithmetic:s14:r1|arithmetic:s14:r2|arithmetic:s14:r3|arithmetic:s15:r0|arithmetic:s15:r1|arithmetic:s15:r2|arithmetic:s15:r3,arithmetic:s05:r0|arithmetic:s05:r1|arithmetic:s05:r2|arithmetic:s05:r3,arithmetic:s02:r0|arithmetic:s02:r1|arithmetic:s02:r2|arithmetic:s02:r3
loso,arithmetic,2,seed_invariant,5,True,True,14,56,13,52,1,4,1,4,9184,590,988,1|3|4|5|7|8|9|10|11|12|13|14|15,6,arithmetic:s01:r0|arithmetic:s01:r1|arithmetic:s01:r2|arithmetic:s01:r3|arithmetic:s03:r0|arithmetic:s03:r1|arithmetic:s03:r2|arithmetic:s03:r3|arithmetic:s04:r0|arithmetic:s04:r1|arithmetic:s04:r2|arithmetic:s04:r3|arithmetic:s05:r0|arithmetic:s05:r1|arithmetic:s05:r2|arithmetic:s05:r3|arithmetic:s07:r0|arithmetic:s07:r1|arithmetic:s07:r2|arithmetic:s07:r3|arithmetic:s08:r0|arithmetic:s08:r1|arithmetic:s08:r2|arithmetic:s08:r3|arithmetic:s09:r0|arithmetic:s09:r1|arithmetic:s09:r2|arithmetic:s09:r3|arithmetic:s10:r0|arithmetic:s10:r1|arithmetic:s10:r2|arithmetic:s10:r3|arithmetic:s11:r0|arithmetic:s11:r1|arithmetic:s11:r2|arithmetic:s11:r3|arithmetic:s12:r0|arithmetic:s12:r1|arithmetic:s12:r2|arithmetic:s12:r3|arithmetic:s13:r0|arithmetic:s13:r1|arithmetic:s13:r2|arithmetic:s13:r3|arithmetic:s14:r0|arithmetic:s14:r1|arithmetic:s14:r2|arithmetic:s14:r3|arithmetic:s15:r0|arithmetic:s15:r1|arithmetic:s15:r2|arithmetic:s15:r3,arithmetic:s06:r0|arithmetic:s06:r1|arithmetic:s06:r2|arithmetic:s06:r3,arithmetic:s02:r0|arithmetic:s02:r1|arithmetic:s02:r2|arithmetic:s02:r3
loso,arithmetic,2,seed_invariant,6,True,True,14,56,13,52,1,4,1,4,9421,353,988,1|3|4|5|6|8|9|10|11|12|13|14|15,7,arithmetic:s01:r0|arithmetic:s01:r1|arithmetic:s01:r2|arithmetic:s01:r3|arithmetic:s03:r0|arithmetic:s03:r1|arithmetic:s03:r2|arithmetic:s03:r3|arithmetic:s04:r0|arithmetic:s04:r1|arithmetic:s04:r2|arithmetic:s04:r3|arithmetic:s05:r0|arithmetic:s05:r1|arithmetic:s05:r2|arithmetic:s05:r3|arithmetic:s06:r0|arithmetic:s06:r1|arithmetic:s06:r2|arithmetic:s06:r3|arithmetic:s08:r0|arithmetic:s08:r1|arithmetic:s08:r2|arithmetic:s08:r3|arithmetic:s09:r0|arithmetic:s09:r1|arithmetic:s09:r2|arithmetic:s09:r3|arithmetic:s10:r0|arithmetic:s10:r1|arithmetic:s10:r2|arithmetic:s10:r3|arithmetic:s11:r0|arithmetic:s11:r1|arithmetic:s11:r2|arithmetic:s11:r3|arithmetic:s12:r0|arithmetic:s12:r1|arithmetic:s12:r2|arithmetic:s12:r3|arithmetic:s13:r0|arithmetic:s13:r1|arithmetic:s13:r2|arithmetic:s13:r3|arithmetic:s14:r0|arithmetic:s14:r1|arithmetic:s14:r2|arithmetic:s14:r3|arithmetic:s15:r0|arithmetic:s15:r1|arithmetic:s15:r2|arithmetic:s15:r3,arithmetic:s07:r0|arithmetic:s07:r1|arithmetic:s07:r2|arithmetic:s07:r3,arithmetic:s02:r0|arithmetic:s02:r1|arithmetic:s02:r2|arithmetic:s02:r3
loso,arithmetic,2,seed_invariant,7,True,True,14,56,13,52,1,4,1,4,8736,1038,988,1|3|4|5|6|7|9|10|11|12|13|14|15,8,arithmetic:s01:r0|arithmetic:s01:r1|arithmetic:s01:r2|arithmetic:s01:r3|arithmetic:s03:r0|arithmetic:s03:r1|arithmetic:s03:r2|arithmetic:s03:r3|arithmetic:s04:r0|arithmetic:s04:r1|arithmetic:s04:r2|arithmetic:s04:r3|arithmetic:s05:r0|arithmetic:s05:r1|arithmetic:s05:r2|arithmetic:s05:r3|arithmetic:s06:r0|arithmetic:s06:r1|arithmetic:s06:r2|arithmetic:s06:r3|arithmetic:s07:r0|arithmetic:s07:r1|arithmetic:s07:r2|arithmetic:s07:r3|arithmetic:s09:r0|arithmetic:s09:r1|arithmetic:s09:r2|arithmetic:s09:r3|arithmetic:s10:r0|arithmetic:s10:r1|arithmetic:s10:r2|arithmetic:s10:r3|arithmetic:s11:r0|arithmetic:s11:r1|arithmetic:s11:r2|arithmetic:s11:r3|arithmetic:s12:r0|arithmetic:s12:r1|arithmetic:s12:r2|arithmetic:s12:r3|arithmetic:s13:r0|arithmetic:s13:r1|arithmetic:s13:r2|arithmetic:s13:r3|arithmetic:s14:r0|arithmetic:s14:r1|arithmetic:s14:r2|arithmetic:s14:r3|arithmetic:s15:r0|arithmetic:s15:r1|arithmetic:s15:r2|arithmetic:s15:r3,arithmetic:s08:r0|arithmetic:s08:r1|arithmetic:s08:r2|arithmetic:s08:r3,arithmetic:s02:r0|arithmetic:s02:r1|arithmetic:s02:r2|arithmetic:s02:r3
loso,arithmetic,2,seed_invariant,8,True,True,14,56,13,52,1,4,1,4,8695,1079,988,1|3|4|5|6|7|8|10|11|12|13|14|15,9,arithmetic:s01:r0|arithmetic:s01:r1|arithmetic:s01:r2|arithmetic:s01:r3|arithmetic:s03:r0|arithmetic:s03:r1|arithmetic:s03:r2|arithmetic:s03:r3|arithmetic:s04:r0|arithmetic:s04:r1|arithmetic:s04:r2|arithmetic:s04:r3|arithmetic:s05:r0|arithmetic:s05:r1|arithmetic:s05:r2|arithmetic:s05:r3|arithmetic:s06:r0|arithmetic:s06:r1|arithmetic:s06:r2|arithmetic:s06:r3|arithmetic:s07:r0|arithmetic:s07:r1|arithmetic:s07:r2|arithmetic:s07:r3|arithmetic:s08:r0|arithmetic:s08:r1|arithmetic:s08:r2|arithmetic:s08:r3|arithmetic:s10:r0|arithmetic:s10:r1|arithmetic:s10:r2|arithmetic:s10:r3|arithmetic:s11:r0|arithmetic:s11:r1|arithmetic:s11:r2|arithmetic:s11:r3|arithmetic:s12:r0|arithmetic:s12:r1|arithmetic:s12:r2|arithmetic:s12:r3|arithmetic:s13:r0|arithmetic:s13:r1|arithmetic:s13:r2|arithmetic:s13:r3|arithmetic:s14:r0|arithmetic:s14:r1|arithmetic:s14:r2|arithmetic:s14:r3|arithmetic:s15:r0|arithmetic:s15:r1|arithmetic:s15:r2|arithmetic:s15:r3,arithmetic:s09:r0|arithmetic:s09:r1|arithmetic:s09:r2|arithmetic:s09:r3,arithmetic:s02:r0|arithmetic:s02:r1|arithmetic:s02:r2|arithmetic:s02:r3
loso,arithmetic,2,seed_invariant,9,True,True,14,56,13,52,1,4,1,4,9236,538,988,1|3|4|5|6|7|8|9|11|12|13|14|15,10,arithmetic:s01:r0|arithmetic:s01:r1|arithmetic:s01:r2|arithmetic:s01:r3|arithmetic:s03:r0|arithmetic:s03:r1|arithmetic:s03:r2|arithmetic:s03:r3|arithmetic:s04:r0|arithmetic:s04:r1|arithmetic:s04:r2|arithmetic:s04:r3|arithmetic:s05:r0|arithmetic:s05:r1|arithmetic:s05:r2|arithmetic:s05:r3|arithmetic:s06:r0|arithmetic:s06:r1|arithmetic:s06:r2|arithmetic:s06:r3|arithmetic:s07:r0|arithmetic:s07:r1|arithmetic:s07:r2|arithmetic:s07:r3|arithmetic:s08:r0|arithmetic:s08:r1|arithmetic:s08:r2|arithmetic:s08:r3|arithmetic:s09:r0|arithmetic:s09:r1|arithmetic:s09:r2|arithmetic:s09:r3|arithmetic:s11:r0|arithmetic:s11:r1|arithmetic:s11:r2|arithmetic:s11:r3|arithmetic:s12:r0|arithmetic:s12:r1|arithmetic:s12:r2|arithmetic:s12:r3|arithmetic:s13:r0|arithmetic:s13:r1|arithmetic:s13:r2|arithmetic:s13:r3|arithmetic:s14:r0|arithmetic:s14:r1|arithmetic:s14:r2|arithmetic:s14:r3|arithmetic:s15:r0|arithmetic:s15:r1|arithmetic:s15:r2|arithmetic:s15:r3,arithmetic:s10:r0|arithmetic:s10:r1|arithmetic:s10:r2|arithmetic:s10:r3,arithmetic:s02:r0|arithmetic:s02:r1|arithmetic:s02:r2|arithmetic:s02:r3
loso,arithmetic,2,seed_invariant,10,True,True,14,56,13,52,1,4,1,4,9002,772,988,1|3|4|5|6|7|8|9|10|12|13|14|15,11,arithmetic:s01:r0|arithmetic:s01:r1|arithmetic:s01:r2|arithmetic:s01:r3|arithmetic:s03:r0|arithmetic:s03:r1|arithmetic:s03:r2|arithmetic:s03:r3|arithmetic:s04:r0|arithmetic:s04:r1|arithmetic:s04:r2|arithmetic:s04:r3|arithmetic:s05:r0|arithmetic:s05:r1|arithmetic:s05:r2|arithmetic:s05:r3|arithmetic:s06:r0|arithmetic:s06:r1|arithmetic:s06:r2|arithmetic:s06:r3|arithmetic:s07:r0|arithmetic:s07:r1|arithmetic:s07:r2|arithmetic:s07:r3|arithmetic:s08:r0|arithmetic:s08:r1|arithmetic:s08:r2|arithmetic:s08:r3|arithmetic:s09:r0|arithmetic:s09:r1|arithmetic:s09:r2|arithmetic:s09:r3|arithmetic:s10:r0|arithmetic:s10:r1|arithmetic:s10:r2|arithmetic:s10:r3|arithmetic:s12:r0|arithmetic:s12:r1|arithmetic:s12:r2|arithmetic:s12:r3|arithmetic:s13:r0|arithmetic:s13:r1|arithmetic:s13:r2|arithmetic:s13:r3|arithmetic:s14:r0|arithmetic:s14:r1|arithmetic:s14:r2|arithmetic:s14:r3|arithmetic:s15:r0|arithmetic:s15:r1|arithmetic:s15:r2|arithmetic:s15:r3,arithmetic:s11:r0|arithmetic:s11:r1|arithmetic:s11:r2|arithmetic:s11:r3,arithmetic:s02:r0|arithmetic:s02:r1|arithmetic:s02:r2|arithmetic:s02:r3
loso,arithmetic,2,seed_invariant,11,True,True,14,56,13,52,1,4,1,4,9119,655,988,1|3|4|5|6|7|8|9|10|11|13|14|15,12,arithmetic:s01:r0|arithmetic:s01:r1|arithmetic:s01:r2|arithmetic:s01:r3|arithmetic:s03:r0|arithmetic:s03:r1|arithmetic:s03:r2|arithmetic:s03:r3|arithmetic:s04:r0|arithmetic:s04:r1|arithmetic:s04:r2|arithmetic:s04:r3|arithmetic:s05:r0|arithmetic:s05:r1|arithmetic:s05:r2|arithmetic:s05:r3|arithmetic:s06:r0|arithmetic:s06:r1|arithmetic:s06:r2|arithmetic:s06:r3|arithmetic:s07:r0|arithmetic:s07:r1|arithmetic:s07:r2|arithmetic:s07:r3|arithmetic:s08:r0|arithmetic:s08:r1|arithmetic:s08:r2|arithmetic:s08:r3|arithmetic:s09:r0|arithmetic:s09:r1|arithmetic:s09:r2|arithmetic:s09:r3|arithmetic:s10:r0|arithmetic:s10:r1|arithmetic:s10:r2|arithmetic:s10:r3|arithmetic:s11:r0|arithmetic:s11:r1|arithmetic:s11:r2|arithmetic:s11:r3|arithmetic:s13:r0|arithmetic:s13:r1|arithmetic:s13:r2|arithmetic:s13:r3|arithmetic:s14:r0|arithmetic:s14:r1|arithmetic:s14:r2|arithmetic:s14:r3|arithmetic:s15:r0|arithmetic:s15:r1|arithmetic:s15:r2|arithmetic:s15:r3,arithmetic:s12:r0|arithmetic:s12:r1|arithmetic:s12:r2|arithmetic:s12:r3,arithmetic:s02:r0|arithmetic:s02:r1|arithmetic:s02:r2|arithmetic:s02:r3
loso,arithmetic,2,seed_invariant,12,True,True,14,56,13,52,1,4,1,4,9104,670,988,1|3|4|5|6|7|8|9|10|11|12|14|15,13,arithmetic:s01:r0|arithmetic:s01:r1|arithmetic:s01:r2|arithmetic:s01:r3|arithmetic:s03:r0|arithmetic:s03:r1|arithmetic:s03:r2|arithmetic:s03:r3|arithmetic:s04:r0|arithmetic:s04:r1|arithmetic:s04:r2|arithmetic:s04:r3|arithmetic:s05:r0|arithmetic:s05:r1|arithmetic:s05:r2|arithmetic:s05:r3|arithmetic:s06:r0|arithmetic:s06:r1|arithmetic:s06:r2|arithmetic:s06:r3|arithmetic:s07:r0|arithmetic:s07:r1|arithmetic:s07:r2|arithmetic:s07:r3|arithmetic:s08:r0|arithmetic:s08:r1|arithmetic:s08:r2|arithmetic:s08:r3|arithmetic:s09:r0|arithmetic:s09:r1|arithmetic:s09:r2|arithmetic:s09:r3|arithmetic:s10:r0|arithmetic:s10:r1|arithmetic:s10:r2|arithmetic:s10:r3|arithmetic:s11:r0|arithmetic:s11:r1|arithmetic:s11:r2|arithmetic:s11:r3|arithmetic:s12:r0|arithmetic:s12:r1|arithmetic:s12:r2|arithmetic:s12:r3|arithmetic:s14:r0|arithmetic:s14:r1|arithmetic:s14:r2|arithmetic:s14:r3|arithmetic:s15:r0|arithmetic:s15:r1|arithmetic:s15:r2|arithmetic:s15:r3,arithmetic:s13:r0|arithmetic:s13:r1|arithmetic:s13:r2|arithmetic:s13:r3,arithmetic:s02:r0|arithmetic:s02:r1|arithmetic:s02:r2|arithmetic:s02:r3
loso,arithmetic,2,seed_invariant,13,True,True,14,56,13,52,1,4,1,4,9180,594,988,1|3|4|5|6|7|8|9|10|11|12|13|15,14,arithmetic:s01:r0|arithmetic:s01:r1|arithmetic:s01:r2|arithmetic:s01:r3|arithmetic:s03:r0|arithmetic:s03:r1|arithmetic:s03:r2|arithmetic:s03:r3|arithmetic:s04:r0|arithmetic:s04:r1|arithmetic:s04:r2|arithmetic:s04:r3|arithmetic:s05:r0|arithmetic:s05:r1|arithmetic:s05:r2|arithmetic:s05:r3|arithmetic:s06:r0|arithmetic:s06:r1|arithmetic:s06:r2|arithmetic:s06:r3|arithmetic:s07:r0|arithmetic:s07:r1|arithmetic:s07:r2|arithmetic:s07:r3|arithmetic:s08:r0|arithmetic:s08:r1|arithmetic:s08:r2|arithmetic:s08:r3|arithmetic:s09:r0|arithmetic:s09:r1|arithmetic:s09:r2|arithmetic:s09:r3|arithmetic:s10:r0|arithmetic:s10:r1|arithmetic:s10:r2|arithmetic:s10:r3|arithmetic:s11:r0|arithmetic:s11:r1|arithmetic:s11:r2|arithmetic:s11:r3|arithmetic:s12:r0|arithmetic:s12:r1|arithmetic:s12:r2|arithmetic:s12:r3|arithmetic:s13:r0|arithmetic:s13:r1|arithmetic:s13:r2|arithmetic:s13:r3|arithmetic:s15:r0|arithmetic:s15:r1|arithmetic:s15:r2|arithmetic:s15:r3,arithmetic:s14:r0|arithmetic:s14:r1|arithmetic:s14:r2|arithmetic:s14:r3,arithmetic:s02:r0|arithmetic:s02:r1|arithmetic:s02:r2|arithmetic:s02:r3
loso,arithmetic,2,seed_invariant,14,True,True,14,56,13,52,1,4,1,4,9047,727,988,1|3|4|5|6|7|8|9|10|11|12|13|14,15,arithmetic:s01:r0|arithmetic:s01:r1|arithmetic:s01:r2|arithmetic:s01:r3|arithmetic:s03:r0|arithmetic:s03:r1|arithmetic:s03:r2|arithmetic:s03:r3|arithmetic:s04:r0|arithmetic:s04:r1|arithmetic:s04:r2|arithmetic:s04:r3|arithmetic:s05:r0|arithmetic:s05:r1|arithmetic:s05:r2|arithmetic:s05:r3|arithmetic:s06:r0|arithmetic:s06:r1|arithmetic:s06:r2|arithmetic:s06:r3|arithmetic:s07:r0|arithmetic:s07:r1|arithmetic:s07:r2|arithmetic:s07:r3|arithmetic:s08:r0|arithmetic:s08:r1|arithmetic:s08:r2|arithmetic:s08:r3|arithmetic:s09:r0|arithmetic:s09:r1|arithmetic:s09:r2|arithmetic:s09:r3|arithmetic:s10:r0|arithmetic:s10:r1|arithmetic:s10:r2|arithmetic:s10:r3|arithmetic:s11:r0|arithmetic:s11:r1|arithmetic:s11:r2|arithmetic:s11:r3|arithmetic:s12:r0|arithmetic:s12:r1|arithmetic:s12:r2|arithmetic:s12:r3|arithmetic:s13:r0|arithmetic:s13:r1|arithmetic:s13:r2|arithmetic:s13:r3|arithmetic:s14:r0|arithmetic:s14:r1|arithmetic:s14:r2|arithmetic:s14:r3,arithmetic:s15:r0|arithmetic:s15:r1|arithmetic:s15:r2|arithmetic:s15:r3,arithmetic:s02:r0|arithmetic:s02:r1|arithmetic:s02:r2|arithmetic:s02:r3
loso,arithmetic,3,seed_invariant,1,True,True,14,56,13,52,1,4,1,4,9497,696,569,2|4|5|6|7|8|9|10|11|12|13|14|15,1,arithmetic:s02:r0|arithmetic:s02:r1|arithmetic:s02:r2|arithmetic:s02:r3|arithmetic:s04:r0|arithmetic:s04:r1|arithmetic:s04:r2|arithmetic:s04:r3|arithmetic:s05:r0|arithmetic:s05:r1|arithmetic:s05:r2|arithmetic:s05:r3|arithmetic:s06:r0|arithmetic:s06:r1|arithmetic:s06:r2|arithmetic:s06:r3|arithmetic:s07:r0|arithmetic:s07:r1|arithmetic:s07:r2|arithmetic:s07:r3|arithmetic:s08:r0|arithmetic:s08:r1|arithmetic:s08:r2|arithmetic:s08:r3|arithmetic:s09:r0|arithmetic:s09:r1|arithmetic:s09:r2|arithmetic:s09:r3|arithmetic:s10:r0|arithmetic:s10:r1|arithmetic:s10:r2|arithmetic:s10:r3|arithmetic:s11:r0|arithmetic:s11:r1|arithmetic:s11:r2|arithmetic:s11:r3|arithmetic:s12:r0|arithmetic:s12:r1|arithmetic:s12:r2|arithmetic:s12:r3|arithmetic:s13:r0|arithmetic:s13:r1|arithmetic:s13:r2|arithmetic:s13:r3|arithmetic:s14:r0|arithmetic:s14:r1|arithmetic:s14:r2|arithmetic:s14:r3|arithmetic:s15:r0|arithmetic:s15:r1|arithmetic:s15:r2|arithmetic:s15:r3,arithmetic:s01:r0|arithmetic:s01:r1|arithmetic:s01:r2|arithmetic:s01:r3,arithmetic:s03:r0|arithmetic:s03:r1|arithmetic:s03:r2|arithmetic:s03:r3
loso,arithmetic,3,seed_invariant,2,True,True,14,56,13,52,1,4,1,4,9205,988,569,1|4|5|6|7|8|9|10|11|12|13|14|15,2,arithmetic:s01:r0|arithmetic:s01:r1|arithmetic:s01:r2|arithmetic:s01:r3|arithmetic:s04:r0|arithmetic:s04:r1|arithmetic:s04:r2|arithmetic:s04:r3|arithmetic:s05:r0|arithmetic:s05:r1|arithmetic:s05:r2|arithmetic:s05:r3|arithmetic:s06:r0|arithmetic:s06:r1|arithmetic:s06:r2|arithmetic:s06:r3|arithmetic:s07:r0|arithmetic:s07:r1|arithmetic:s07:r2|arithmetic:s07:r3|arithmetic:s08:r0|arithmetic:s08:r1|arithmetic:s08:r2|arithmetic:s08:r3|arithmetic:s09:r0|arithmetic:s09:r1|arithmetic:s09:r2|arithmetic:s09:r3|arithmetic:s10:r0|arithmetic:s10:r1|arithmetic:s10:r2|arithmetic:s10:r3|arithmetic:s11:r0|arithmetic:s11:r1|arithmetic:s11:r2|arithmetic:s11:r3|arithmetic:s12:r0|arithmetic:s12:r1|arithmetic:s12:r2|arithmetic:s12:r3|arithmetic:s13:r0|arithmetic:s13:r1|arithmetic:s13:r2|arithmetic:s13:r3|arithmetic:s14:r0|arithmetic:s14:r1|arithmetic:s14:r2|arithmetic:s14:r3|arithmetic:s15:r0|arithmetic:s15:r1|arithmetic:s15:r2|arithmetic:s15:r3,arithmetic:s02:r0|arithmetic:s02:r1|arithmetic:s02:r2|arithmetic:s02:r3,arithmetic:s03:r0|arithmetic:s03:r1|arithmetic:s03:r2|arithmetic:s03:r3
loso,arithmetic,3,seed_invariant,3,True,True,14,56,13,52,1,4,1,4,9527,666,569,1|2|5|6|7|8|9|10|11|12|13|14|15,4,arithmetic:s01:r0|arithmetic:s01:r1|arithmetic:s01:r2|arithmetic:s01:r3|arithmetic:s02:r0|arithmetic:s02:r1|arithmetic:s02:r2|arithmetic:s02:r3|arithmetic:s05:r0|arithmetic:s05:r1|arithmetic:s05:r2|arithmetic:s05:r3|arithmetic:s06:r0|arithmetic:s06:r1|arithmetic:s06:r2|arithmetic:s06:r3|arithmetic:s07:r0|arithmetic:s07:r1|arithmetic:s07:r2|arithmetic:s07:r3|arithmetic:s08:r0|arithmetic:s08:r1|arithmetic:s08:r2|arithmetic:s08:r3|arithmetic:s09:r0|arithmetic:s09:r1|arithmetic:s09:r2|arithmetic:s09:r3|arithmetic:s10:r0|arithmetic:s10:r1|arithmetic:s10:r2|arithmetic:s10:r3|arithmetic:s11:r0|arithmetic:s11:r1|arithmetic:s11:r2|arithmetic:s11:r3|arithmetic:s12:r0|arithmetic:s12:r1|arithmetic:s12:r2|arithmetic:s12:r3|arithmetic:s13:r0|arithmetic:s13:r1|arithmetic:s13:r2|arithmetic:s13:r3|arithmetic:s14:r0|arithmetic:s14:r1|arithmetic:s14:r2|arithmetic:s14:r3|arithmetic:s15:r0|arithmetic:s15:r1|arithmetic:s15:r2|arithmetic:s15:r3,arithmetic:s04:r0|arithmetic:s04:r1|arithmetic:s04:r2|arithmetic:s04:r3,arithmetic:s03:r0|arithmetic:s03:r1|arithmetic:s03:r2|arithmetic:s03:r3
loso,arithmetic,3,seed_invariant,4,True,True,14,56,13,52,1,4,1,4,9366,827,569,1|2|4|6|7|8|9|10|11|12|13|14|15,5,arithmetic:s01:r0|arithmetic:s01:r1|arithmetic:s01:r2|arithmetic:s01:r3|arithmetic:s02:r0|arithmetic:s02:r1|arithmetic:s02:r2|arithmetic:s02:r3|arithmetic:s04:r0|arithmetic:s04:r1|arithmetic:s04:r2|arithmetic:s04:r3|arithmetic:s06:r0|arithmetic:s06:r1|arithmetic:s06:r2|arithmetic:s06:r3|arithmetic:s07:r0|arithmetic:s07:r1|arithmetic:s07:r2|arithmetic:s07:r3|arithmetic:s08:r0|arithmetic:s08:r1|arithmetic:s08:r2|arithmetic:s08:r3|arithmetic:s09:r0|arithmetic:s09:r1|arithmetic:s09:r2|arithmetic:s09:r3|arithmetic:s10:r0|arithmetic:s10:r1|arithmetic:s10:r2|arithmetic:s10:r3|arithmetic:s11:r0|arithmetic:s11:r1|arithmetic:s11:r2|arithmetic:s11:r3|arithmetic:s12:r0|arithmetic:s12:r1|arithmetic:s12:r2|arithmetic:s12:r3|arithmetic:s13:r0|arithmetic:s13:r1|arithmetic:s13:r2|arithmetic:s13:r3|arithmetic:s14:r0|arithmetic:s14:r1|arithmetic:s14:r2|arithmetic:s14:r3|arithmetic:s15:r0|arithmetic:s15:r1|arithmetic:s15:r2|arithmetic:s15:r3,arithmetic:s05:r0|arithmetic:s05:r1|arithmetic:s05:r2|arithmetic:s05:r3,arithmetic:s03:r0|arithmetic:s03:r1|arithmetic:s03:r2|arithmetic:s03:r3
loso,arithmetic,3,seed_invariant,5,True,True,14,56,13,52,1,4,1,4,9603,590,569,1|2|4|5|7|8|9|10|11|12|13|14|15,6,arithmetic:s01:r0|arithmetic:s01:r1|arithmetic:s01:r2|arithmetic:s01:r3|arithmetic:s02:r0|arithmetic:s02:r1|arithmetic:s02:r2|arithmetic:s02:r3|arithmetic:s04:r0|arithmetic:s04:r1|arithmetic:s04:r2|arithmetic:s04:r3|arithmetic:s05:r0|arithmetic:s05:r1|arithmetic:s05:r2|arithmetic:s05:r3|arithmetic:s07:r0|arithmetic:s07:r1|arithmetic:s07:r2|arithmetic:s07:r3|arithmetic:s08:r0|arithmetic:s08:r1|arithmetic:s08:r2|arithmetic:s08:r3|arithmetic:s09:r0|arithmetic:s09:r1|arithmetic:s09:r2|arithmetic:s09:r3|arithmetic:s10:r0|arithmetic:s10:r1|arithmetic:s10:r2|arithmetic:s10:r3|arithmetic:s11:r0|arithmetic:s11:r1|arithmetic:s11:r2|arithmetic:s11:r3|arithmetic:s12:r0|arithmetic:s12:r1|arithmetic:s12:r2|arithmetic:s12:r3|arithmetic:s13:r0|arithmetic:s13:r1|arithmetic:s13:r2|arithmetic:s13:r3|arithmetic:s14:r0|arithmetic:s14:r1|arithmetic:s14:r2|arithmetic:s14:r3|arithmetic:s15:r0|arithmetic:s15:r1|arithmetic:s15:r2|arithmetic:s15:r3,arithmetic:s06:r0|arithmetic:s06:r1|arithmetic:s06:r2|arithmetic:s06:r3,arithmetic:s03:r0|arithmetic:s03:r1|arithmetic:s03:r2|arithmetic:s03:r3
loso,arithmetic,3,seed_invariant,6,True,True,14,56,13,52,1,4,1,4,9840,353,569,1|2|4|5|6|8|9|10|11|12|13|14|15,7,arithmetic:s01:r0|arithmetic:s01:r1|arithmetic:s01:r2|arithmetic:s01:r3|arithmetic:s02:r0|arithmetic:s02:r1|arithmetic:s02:r2|arithmetic:s02:r3|arithmetic:s04:r0|arithmetic:s04:r1|arithmetic:s04:r2|arithmetic:s04:r3|arithmetic:s05:r0|arithmetic:s05:r1|arithmetic:s05:r2|arithmetic:s05:r3|arithmetic:s06:r0|arithmetic:s06:r1|arithmetic:s06:r2|arithmetic:s06:r3|arithmetic:s08:r0|arithmetic:s08:r1|arithmetic:s08:r2|arithmetic:s08:r3|arithmetic:s09:r0|arithmetic:s09:r1|arithmetic:s09:r2|arithmetic:s09:r3|arithmetic:s10:r0|arithmetic:s10:r1|arithmetic:s10:r2|arithmetic:s10:r3|arithmetic:s11:r0|arithmetic:s11:r1|arithmetic:s11:r2|arithmetic:s11:r3|arithmetic:s12:r0|arithmetic:s12:r1|arithmetic:s12:r2|arithmetic:s12:r3|arithmetic:s13:r0|arithmetic:s13:r1|arithmetic:s13:r2|arithmetic:s13:r3|arithmetic:s14:r0|arithmetic:s14:r1|arithmetic:s14:r2|arithmetic:s14:r3|arithmetic:s15:r0|arithmetic:s15:r1|arithmetic:s15:r2|arithmetic:s15:r3,arithmetic:s07:r0|arithmetic:s07:r1|arithmetic:s07:r2|arithmetic:s07:r3,arithmetic:s03:r0|arithmetic:s03:r1|arithmetic:s03:r2|arithmetic:s03:r3
loso,arithmetic,3,seed_invariant,7,True,True,14,56,13,52,1,4,1,4,9155,1038,569,1|2|4|5|6|7|9|10|11|12|13|14|15,8,arithmetic:s01:r0|arithmetic:s01:r1|arithmetic:s01:r2|arithmetic:s01:r3|arithmetic:s02:r0|arithmetic:s02:r1|arithmetic:s02:r2|arithmetic:s02:r3|arithmetic:s04:r0|arithmetic:s04:r1|arithmetic:s04:r2|arithmetic:s04:r3|arithmetic:s05:r0|arithmetic:s05:r1|arithmetic:s05:r2|arithmetic:s05:r3|arithmetic:s06:r0|arithmetic:s06:r1|arithmetic:s06:r2|arithmetic:s06:r3|arithmetic:s07:r0|arithmetic:s07:r1|arithmetic:s07:r2|arithmetic:s07:r3|arithmetic:s09:r0|arithmetic:s09:r1|arithmetic:s09:r2|arithmetic:s09:r3|arithmetic:s10:r0|arithmetic:s10:r1|arithmetic:s10:r2|arithmetic:s10:r3|arithmetic:s11:r0|arithmetic:s11:r1|arithmetic:s11:r2|arithmetic:s11:r3|arithmetic:s12:r0|arithmetic:s12:r1|arithmetic:s12:r2|arithmetic:s12:r3|arithmetic:s13:r0|arithmetic:s13:r1|arithmetic:s13:r2|arithmetic:s13:r3|arithmetic:s14:r0|arithmetic:s14:r1|arithmetic:s14:r2|arithmetic:s14:r3|arithmetic:s15:r0|arithmetic:s15:r1|arithmetic:s15:r2|arithmetic:s15:r3,arithmetic:s08:r0|arithmetic:s08:r1|arithmetic:s08:r2|arithmetic:s08:r3,arithmetic:s03:r0|arithmetic:s03:r1|arithmetic:s03:r2|arithmetic:s03:r3
loso,arithmetic,3,seed_invariant,8,True,True,14,56,13,52,1,4,1,4,9114,1079,569,1|2|4|5|6|7|8|10|11|12|13|14|15,9,arithmetic:s01:r0|arithmetic:s01:r1|arithmetic:s01:r2|arithmetic:s01:r3|arithmetic:s02:r0|arithmetic:s02:r1|arithmetic:s02:r2|arithmetic:s02:r3|arithmetic:s04:r0|arithmetic:s04:r1|arithmetic:s04:r2|arithmetic:s04:r3|arithmetic:s05:r0|arithmetic:s05:r1|arithmetic:s05:r2|arithmetic:s05:r3|arithmetic:s06:r0|arithmetic:s06:r1|arithmetic:s06:r2|arithmetic:s06:r3|arithmetic:s07:r0|arithmetic:s07:r1|arithmetic:s07:r2|arithmetic:s07:r3|arithmetic:s08:r0|arithmetic:s08:r1|arithmetic:s08:r2|arithmetic:s08:r3|arithmetic:s10:r0|arithmetic:s10:r1|arithmetic:s10:r2|arithmetic:s10:r3|arithmetic:s11:r0|arithmetic:s11:r1|arithmetic:s11:r2|arithmetic:s11:r3|arithmetic:s12:r0|arithmetic:s12:r1|arithmetic:s12:r2|arithmetic:s12:r3|arithmetic:s13:r0|arithmetic:s13:r1|arithmetic:s13:r2|arithmetic:s13:r3|arithmetic:s14:r0|arithmetic:s14:r1|arithmetic:s14:r2|arithmetic:s14:r3|arithmetic:s15:r0|arithmetic:s15:r1|arithmetic:s15:r2|arithmetic:s15:r3,arithmetic:s09:r0|arithmetic:s09:r1|arithmetic:s09:r2|arithmetic:s09:r3,arithmetic:s03:r0|arithmetic:s03:r1|arithmetic:s03:r2|arithmetic:s03:r3
loso,arithmetic,3,seed_invariant,9,True,True,14,56,13,52,1,4,1,4,9655,538,569,1|2|4|5|6|7|8|9|11|12|13|14|15,10,arithmetic:s01:r0|arithmetic:s01:r1|arithmetic:s01:r2|arithmetic:s01:r3|arithmetic:s02:r0|arithmetic:s02:r1|arithmetic:s02:r2|arithmetic:s02:r3|arithmetic:s04:r0|arithmetic:s04:r1|arithmetic:s04:r2|arithmetic:s04:r3|arithmetic:s05:r0|arithmetic:s05:r1|arithmetic:s05:r2|arithmetic:s05:r3|arithmetic:s06:r0|arithmetic:s06:r1|arithmetic:s06:r2|arithmetic:s06:r3|arithmetic:s07:r0|arithmetic:s07:r1|arithmetic:s07:r2|arithmetic:s07:r3|arithmetic:s08:r0|arithmetic:s08:r1|arithmetic:s08:r2|arithmetic:s08:r3|arithmetic:s09:r0|arithmetic:s09:r1|arithmetic:s09:r2|arithmetic:s09:r3|arithmetic:s11:r0|arithmetic:s11:r1|arithmetic:s11:r2|arithmetic:s11:r3|arithmetic:s12:r0|arithmetic:s12:r1|arithmetic:s12:r2|arithmetic:s12:r3|arithmetic:s13:r0|arithmetic:s13:r1|arithmetic:s13:r2|arithmetic:s13:r3|arithmetic:s14:r0|arithmetic:s14:r1|arithmetic:s14:r2|arithmetic:s14:r3|arithmetic:s15:r0|arithmetic:s15:r1|arithmetic:s15:r2|arithmetic:s15:r3,arithmetic:s10:r0|arithmetic:s10:r1|arithmetic:s10:r2|arithmetic:s10:r3,arithmetic:s03:r0|arithmetic:s03:r1|arithmetic:s03:r2|arithmetic:s03:r3
loso,arithmetic,3,seed_invariant,10,True,True,14,56,13,52,1,4,1,4,9421,772,569,1|2|4|5|6|7|8|9|10|12|13|14|15,11,arithmetic:s01:r0|arithmetic:s01:r1|arithmetic:s01:r2|arithmetic:s01:r3|arithmetic:s02:r0|arithmetic:s02:r1|arithmetic:s02:r2|arithmetic:s02:r3|arithmetic:s04:r0|arithmetic:s04:r1|arithmetic:s04:r2|arithmetic:s04:r3|arithmetic:s05:r0|arithmetic:s05:r1|arithmetic:s05:r2|arithmetic:s05:r3|arithmetic:s06:r0|arithmetic:s06:r1|arithmetic:s06:r2|arithmetic:s06:r3|arithmetic:s07:r0|arithmetic:s07:r1|arithmetic:s07:r2|arithmetic:s07:r3|arithmetic:s08:r0|arithmetic:s08:r1|arithmetic:s08:r2|arithmetic:s08:r3|arithmetic:s09:r0|arithmetic:s09:r1|arithmetic:s09:r2|arithmetic:s09:r3|arithmetic:s10:r0|arithmetic:s10:r1|arithmetic:s10:r2|arithmetic:s10:r3|arithmetic:s12:r0|arithmetic:s12:r1|arithmetic:s12:r2|arithmetic:s12:r3|arithmetic:s13:r0|arithmetic:s13:r1|arithmetic:s13:r2|arithmetic:s13:r3|arithmetic:s14:r0|arithmetic:s14:r1|arithmetic:s14:r2|arithmetic:s14:r3|arithmetic:s15:r0|arithmetic:s15:r1|arithmetic:s15:r2|arithmetic:s15:r3,arithmetic:s11:r0|arithmetic:s11:r1|arithmetic:s11:r2|arithmetic:s11:r3,arithmetic:s03:r0|arithmetic:s03:r1|arithmetic:s03:r2|arithmetic:s03:r3
loso,arithmetic,3,seed_invariant,11,True,True,14,56,13,52,1,4,1,4,9538,655,569,1|2|4|5|6|7|8|9|10|11|13|14|15,12,arithmetic:s01:r0|arithmetic:s01:r1|arithmetic:s01:r2|arithmetic:s01:r3|arithmetic:s02:r0|arithmetic:s02:r1|arithmetic:s02:r2|arithmetic:s02:r3|arithmetic:s04:r0|arithmetic:s04:r1|arithmetic:s04:r2|arithmetic:s04:r3|arithmetic:s05:r0|arithmetic:s05:r1|arithmetic:s05:r2|arithmetic:s05:r3|arithmetic:s06:r0|arithmetic:s06:r1|arithmetic:s06:r2|arithmetic:s06:r3|arithmetic:s07:r0|arithmetic:s07:r1|arithmetic:s07:r2|arithmetic:s07:r3|arithmetic:s08:r0|arithmetic:s08:r1|arithmetic:s08:r2|arithmetic:s08:r3|arithmetic:s09:r0|arithmetic:s09:r1|arithmetic:s09:r2|arithmetic:s09:r3|arithmetic:s10:r0|arithmetic:s10:r1|arithmetic:s10:r2|arithmetic:s10:r3|arithmetic:s11:r0|arithmetic:s11:r1|arithmetic:s11:r2|arithmetic:s11:r3|arithmetic:s13:r0|arithmetic:s13:r1|arithmetic:s13:r2|arithmetic:s13:r3|arithmetic:s14:r0|arithmetic:s14:r1|arithmetic:s14:r2|arithmetic:s14:r3|arithmetic:s15:r0|arithmetic:s15:r1|arithmetic:s15:r2|arithmetic:s15:r3,arithmetic:s12:r0|arithmetic:s12:r1|arithmetic:s12:r2|arithmetic:s12:r3,arithmetic:s03:r0|arithmetic:s03:r1|arithmetic:s03:r2|arithmetic:s03:r3
loso,arithmetic,3,seed_invariant,12,True,True,14,56,13,52,1,4,1,4,9523,670,569,1|2|4|5|6|7|8|9|10|11|12|14|15,13,arithmetic:s01:r0|arithmetic:s01:r1|arithmetic:s01:r2|arithmetic:s01:r3|arithmetic:s02:r0|arithmetic:s02:r1|arithmetic:s02:r2|arithmetic:s02:r3|arithmetic:s04:r0|arithmetic:s04:r1|arithmetic:s04:r2|arithmetic:s04:r3|arithmetic:s05:r0|arithmetic:s05:r1|arithmetic:s05:r2|arithmetic:s05:r3|arithmetic:s06:r0|arithmetic:s06:r1|arithmetic:s06:r2|arithmetic:s06:r3|arithmetic:s07:r0|arithmetic:s07:r1|arithmetic:s07:r2|arithmetic:s07:r3|arithmetic:s08:r0|arithmetic:s08:r1|arithmetic:s08:r2|arithmetic:s08:r3|arithmetic:s09:r0|arithmetic:s09:r1|arithmetic:s09:r2|arithmetic:s09:r3|arithmetic:s10:r0|arithmetic:s10:r1|arithmetic:s10:r2|arithmetic:s10:r3|arithmetic:s11:r0|arithmetic:s11:r1|arithmetic:s11:r2|arithmetic:s11:r3|arithmetic:s12:r0|arithmetic:s12:r1|arithmetic:s12:r2|arithmetic:s12:r3|arithmetic:s14:r0|arithmetic:s14:r1|arithmetic:s14:r2|arithmetic:s14:r3|arithmetic:s15:r0|arithmetic:s15:r1|arithmetic:s15:r2|arithmetic:s15:r3,arithmetic:s13:r0|arithmetic:s13:r1|arithmetic:s13:r2|arithmetic:s13:r3,arithmetic:s03:r0|arithmetic:s03:r1|arithmetic:s03:r2|arithmetic:s03:r3
loso,arithmetic,3,seed_invariant,13,True,True,14,56,13,52,1,4,1,4,9599,594,569,1|2|4|5|6|7|8|9|10|11|12|13|15,14,arithmetic:s01:r0|arithmetic:s01:r1|arithmetic:s01:r2|arithmetic:s01:r3|arithmetic:s02:r0|arithmetic:s02:r1|arithmetic:s02:r2|arithmetic:s02:r3|arithmetic:s04:r0|arithmetic:s04:r1|arithmetic:s04:r2|arithmetic:s04:r3|arithmetic:s05:r0|arithmetic:s05:r1|arithmetic:s05:r2|arithmetic:s05:r3|arithmetic:s06:r0|arithmetic:s06:r1|arithmetic:s06:r2|arithmetic:s06:r3|arithmetic:s07:r0|arithmetic:s07:r1|arithmetic:s07:r2|arithmetic:s07:r3|arithmetic:s08:r0|arithmetic:s08:r1|arithmetic:s08:r2|arithmetic:s08:r3|arithmetic:s09:r0|arithmetic:s09:r1|arithmetic:s09:r2|arithmetic:s09:r3|arithmetic:s10:r0|arithmetic:s10:r1|arithmetic:s10:r2|arithmetic:s10:r3|arithmetic:s11:r0|arithmetic:s11:r1|arithmetic:s11:r2|arithmetic:s11:r3|arithmetic:s12:r0|arithmetic:s12:r1|arithmetic:s12:r2|arithmetic:s12:r3|arithmetic:s13:r0|arithmetic:s13:r1|arithmetic:s13:r2|arithmetic:s13:r3|arithmetic:s15:r0|arithmetic:s15:r1|arithmetic:s15:r2|arithmetic:s15:r3,arithmetic:s14:r0|arithmetic:s14:r1|arithmetic:s14:r2|arithmetic:s14:r3,arithmetic:s03:r0|arithmetic:s03:r1|arithmetic:s03:r2|arithmetic:s03:r3
loso,arithmetic,3,seed_invariant,14,True,True,14,56,13,52,1,4,1,4,9466,727,569,1|2|4|5|6|7|8|9|10|11|12|13|14,15,arithmetic:s01:r0|arithmetic:s01:r1|arithmetic:s01:r2|arithmetic:s01:r3|arithmetic:s02:r0|arithmetic:s02:r1|arithmetic:s02:r2|arithmetic:s02:r3|arithmetic:s04:r0|arithmetic:s04:r1|arithmetic:s04:r2|arithmetic:s04:r3|arithmetic:s05:r0|arithmetic:s05:r1|arithmetic:s05:r2|arithmetic:s05:r3|arithmetic:s06:r0|arithmetic:s06:r1|arithmetic:s06:r2|arithmetic:s06:r3|arithmetic:s07:r0|arithmetic:s07:r1|arithmetic:s07:r2|arithmetic:s07:r3|arithmetic:s08:r0|arithmetic:s08:r1|arithmetic:s08:r2|arithmetic:s08:r3|arithmetic:s09:r0|arithmetic:s09:r1|arithmetic:s09:r2|arithmetic:s09:r3|arithmetic:s10:r0|arithmetic:s10:r1|arithmetic:s10:r2|arithmetic:s10:r3|arithmetic:s11:r0|arithmetic:s11:r1|arithmetic:s11:r2|arithmetic:s11:r3|arithmetic:s12:r0|arithmetic:s12:r1|arithmetic:s12:r2|arithmetic:s12:r3|arithmetic:s13:r0|arithmetic:s13:r1|arithmetic:s13:r2|arithmetic:s13:r3|arithmetic:s14:r0|arithmetic:s14:r1|arithmetic:s14:r2|arithmetic:s14:r3,arithmetic:s15:r0|arithmetic:s15:r1|arithmetic:s15:r2|arithmetic:s15:r3,arithmetic:s03:r0|arithmetic:s03:r1|arithmetic:s03:r2|arithmetic:s03:r3
loso,arithmetic,4,seed_invariant,1,True,True,14,56,13,52,1,4,1,4,9400,696,666,2|3|5|6|7|8|9|10|11|12|13|14|15,1,arithmetic:s02:r0|arithmetic:s02:r1|arithmetic:s02:r2|arithmetic:s02:r3|arithmetic:s03:r0|arithmetic:s03:r1|arithmetic:s03:r2|arithmetic:s03:r3|arithmetic:s05:r0|arithmetic:s05:r1|arithmetic:s05:r2|arithmetic:s05:r3|arithmetic:s06:r0|arithmetic:s06:r1|arithmetic:s06:r2|arithmetic:s06:r3|arithmetic:s07:r0|arithmetic:s07:r1|arithmetic:s07:r2|arithmetic:s07:r3|arithmetic:s08:r0|arithmetic:s08:r1|arithmetic:s08:r2|arithmetic:s08:r3|arithmetic:s09:r0|arithmetic:s09:r1|arithmetic:s09:r2|arithmetic:s09:r3|arithmetic:s10:r0|arithmetic:s10:r1|arithmetic:s10:r2|arithmetic:s10:r3|arithmetic:s11:r0|arithmetic:s11:r1|arithmetic:s11:r2|arithmetic:s11:r3|arithmetic:s12:r0|arithmetic:s12:r1|arithmetic:s12:r2|arithmetic:s12:r3|arithmetic:s13:r0|arithmetic:s13:r1|arithmetic:s13:r2|arithmetic:s13:r3|arithmetic:s14:r0|arithmetic:s14:r1|arithmetic:s14:r2|arithmetic:s14:r3|arithmetic:s15:r0|arithmetic:s15:r1|arithmetic:s15:r2|arithmetic:s15:r3,arithmetic:s01:r0|arithmetic:s01:r1|arithmetic:s01:r2|arithmetic:s01:r3,arithmetic:s04:r0|arithmetic:s04:r1|arithmetic:s04:r2|arithmetic:s04:r3
loso,arithmetic,4,seed_invariant,2,True,True,14,56,13,52,1,4,1,4,9108,988,666,1|3|5|6|7|8|9|10|11|12|13|14|15,2,arithmetic:s01:r0|arithmetic:s01:r1|arithmetic:s01:r2|arithmetic:s01:r3|arithmetic:s03:r0|arithmetic:s03:r1|arithmetic:s03:r2|arithmetic:s03:r3|arithmetic:s05:r0|arithmetic:s05:r1|arithmetic:s05:r2|arithmetic:s05:r3|arithmetic:s06:r0|arithmetic:s06:r1|arithmetic:s06:r2|arithmetic:s06:r3|arithmetic:s07:r0|arithmetic:s07:r1|arithmetic:s07:r2|arithmetic:s07:r3|arithmetic:s08:r0|arithmetic:s08:r1|arithmetic:s08:r2|arithmetic:s08:r3|arithmetic:s09:r0|arithmetic:s09:r1|arithmetic:s09:r2|arithmetic:s09:r3|arithmetic:s10:r0|arithmetic:s10:r1|arithmetic:s10:r2|arithmetic:s10:r3|arithmetic:s11:r0|arithmetic:s11:r1|arithmetic:s11:r2|arithmetic:s11:r3|arithmetic:s12:r0|arithmetic:s12:r1|arithmetic:s12:r2|arithmetic:s12:r3|arithmetic:s13:r0|arithmetic:s13:r1|arithmetic:s13:r2|arithmetic:s13:r3|arithmetic:s14:r0|arithmetic:s14:r1|arithmetic:s14:r2|arithmetic:s14:r3|arithmetic:s15:r0|arithmetic:s15:r1|arithmetic:s15:r2|arithmetic:s15:r3,arithmetic:s02:r0|arithmetic:s02:r1|arithmetic:s02:r2|arithmetic:s02:r3,arithmetic:s04:r0|arithmetic:s04:r1|arithmetic:s04:r2|arithmetic:s04:r3
loso,arithmetic,4,seed_invariant,3,True,True,14,56,13,52,1,4,1,4,9527,569,666,1|2|5|6|7|8|9|10|11|12|13|14|15,3,arithmetic:s01:r0|arithmetic:s01:r1|arithmetic:s01:r2|arithmetic:s01:r3|arithmetic:s02:r0|arithmetic:s02:r1|arithmetic:s02:r2|arithmetic:s02:r3|arithmetic:s05:r0|arithmetic:s05:r1|arithmetic:s05:r2|arithmetic:s05:r3|arithmetic:s06:r0|arithmetic:s06:r1|arithmetic:s06:r2|arithmetic:s06:r3|arithmetic:s07:r0|arithmetic:s07:r1|arithmetic:s07:r2|arithmetic:s07:r3|arithmetic:s08:r0|arithmetic:s08:r1|arithmetic:s08:r2|arithmetic:s08:r3|arithmetic:s09:r0|arithmetic:s09:r1|arithmetic:s09:r2|arithmetic:s09:r3|arithmetic:s10:r0|arithmetic:s10:r1|arithmetic:s10:r2|arithmetic:s10:r3|arithmetic:s11:r0|arithmetic:s11:r1|arithmetic:s11:r2|arithmetic:s11:r3|arithmetic:s12:r0|arithmetic:s12:r1|arithmetic:s12:r2|arithmetic:s12:r3|arithmetic:s13:r0|arithmetic:s13:r1|arithmetic:s13:r2|arithmetic:s13:r3|arithmetic:s14:r0|arithmetic:s14:r1|arithmetic:s14:r2|arithmetic:s14:r3|arithmetic:s15:r0|arithmetic:s15:r1|arithmetic:s15:r2|arithmetic:s15:r3,arithmetic:s03:r0|arithmetic:s03:r1|arithmetic:s03:r2|arithmetic:s03:r3,arithmetic:s04:r0|arithmetic:s04:r1|arithmetic:s04:r2|arithmetic:s04:r3
loso,arithmetic,4,seed_invariant,4,True,True,14,56,13,52,1,4,1,4,9269,827,666,1|2|3|6|7|8|9|10|11|12|13|14|15,5,arithmetic:s01:r0|arithmetic:s01:r1|arithmetic:s01:r2|arithmetic:s01:r3|arithmetic:s02:r0|arithmetic:s02:r1|arithmetic:s02:r2|arithmetic:s02:r3|arithmetic:s03:r0|arithmetic:s03:r1|arithmetic:s03:r2|arithmetic:s03:r3|arithmetic:s06:r0|arithmetic:s06:r1|arithmetic:s06:r2|arithmetic:s06:r3|arithmetic:s07:r0|arithmetic:s07:r1|arithmetic:s07:r2|arithmetic:s07:r3|arithmetic:s08:r0|arithmetic:s08:r1|arithmetic:s08:r2|arithmetic:s08:r3|arithmetic:s09:r0|arithmetic:s09:r1|arithmetic:s09:r2|arithmetic:s09:r3|arithmetic:s10:r0|arithmetic:s10:r1|arithmetic:s10:r2|arithmetic:s10:r3|arithmetic:s11:r0|arithmetic:s11:r1|arithmetic:s11:r2|arithmetic:s11:r3|arithmetic:s12:r0|arithmetic:s12:r1|arithmetic:s12:r2|arithmetic:s12:r3|arithmetic:s13:r0|arithmetic:s13:r1|arithmetic:s13:r2|arithmetic:s13:r3|arithmetic:s14:r0|arithmetic:s14:r1|arithmetic:s14:r2|arithmetic:s14:r3|arithmetic:s15:r0|arithmetic:s15:r1|arithmetic:s15:r2|arithmetic:s15:r3,arithmetic:s05:r0|arithmetic:s05:r1|arithmetic:s05:r2|arithmetic:s05:r3,arithmetic:s04:r0|arithmetic:s04:r1|arithmetic:s04:r2|arithmetic:s04:r3
loso,arithmetic,4,seed_invariant,5,True,True,14,56,13,52,1,4,1,4,9506,590,666,1|2|3|5|7|8|9|10|11|12|13|14|15,6,arithmetic:s01:r0|arithmetic:s01:r1|arithmetic:s01:r2|arithmetic:s01:r3|arithmetic:s02:r0|arithmetic:s02:r1|arithmetic:s02:r2|arithmetic:s02:r3|arithmetic:s03:r0|arithmetic:s03:r1|arithmetic:s03:r2|arithmetic:s03:r3|arithmetic:s05:r0|arithmetic:s05:r1|arithmetic:s05:r2|arithmetic:s05:r3|arithmetic:s07:r0|arithmetic:s07:r1|arithmetic:s07:r2|arithmetic:s07:r3|arithmetic:s08:r0|arithmetic:s08:r1|arithmetic:s08:r2|arithmetic:s08:r3|arithmetic:s09:r0|arithmetic:s09:r1|arithmetic:s09:r2|arithmetic:s09:r3|arithmetic:s10:r0|arithmetic:s10:r1|arithmetic:s10:r2|arithmetic:s10:r3|arithmetic:s11:r0|arithmetic:s11:r1|arithmetic:s11:r2|arithmetic:s11:r3|arithmetic:s12:r0|arithmetic:s12:r1|arithmetic:s12:r2|arithmetic:s12:r3|arithmetic:s13:r0|arithmetic:s13:r1|arithmetic:s13:r2|arithmetic:s13:r3|arithmetic:s14:r0|arithmetic:s14:r1|arithmetic:s14:r2|arithmetic:s14:r3|arithmetic:s15:r0|arithmetic:s15:r1|arithmetic:s15:r2|arithmetic:s15:r3,arithmetic:s06:r0|arithmetic:s06:r1|arithmetic:s06:r2|arithmetic:s06:r3,arithmetic:s04:r0|arithmetic:s04:r1|arithmetic:s04:r2|arithmetic:s04:r3
loso,arithmetic,4,seed_invariant,6,True,True,14,56,13,52,1,4,1,4,9743,353,666,1|2|3|5|6|8|9|10|11|12|13|14|15,7,arithmetic:s01:r0|arithmetic:s01:r1|arithmetic:s01:r2|arithmetic:s01:r3|arithmetic:s02:r0|arithmetic:s02:r1|arithmetic:s02:r2|arithmetic:s02:r3|arithmetic:s03:r0|arithmetic:s03:r1|arithmetic:s03:r2|arithmetic:s03:r3|arithmetic:s05:r0|arithmetic:s05:r1|arithmetic:s05:r2|arithmetic:s05:r3|arithmetic:s06:r0|arithmetic:s06:r1|arithmetic:s06:r2|arithmetic:s06:r3|arithmetic:s08:r0|arithmetic:s08:r1|arithmetic:s08:r2|arithmetic:s08:r3|arithmetic:s09:r0|arithmetic:s09:r1|arithmetic:s09:r2|arithmetic:s09:r3|arithmetic:s10:r0|arithmetic:s10:r1|arithmetic:s10:r2|arithmetic:s10:r3|arithmetic:s11:r0|arithmetic:s11:r1|arithmetic:s11:r2|arithmetic:s11:r3|arithmetic:s12:r0|arithmetic:s12:r1|arithmetic:s12:r2|arithmetic:s12:r3|arithmetic:s13:r0|arithmetic:s13:r1|arithmetic:s13:r2|arithmetic:s13:r3|arithmetic:s14:r0|arithmetic:s14:r1|arithmetic:s14:r2|arithmetic:s14:r3|arithmetic:s15:r0|arithmetic:s15:r1|arithmetic:s15:r2|arithmetic:s15:r3,arithmetic:s07:r0|arithmetic:s07:r1|arithmetic:s07:r2|arithmetic:s07:r3,arithmetic:s04:r0|arithmetic:s04:r1|arithmetic:s04:r2|arithmetic:s04:r3
loso,arithmetic,4,seed_invariant,7,True,True,14,56,13,52,1,4,1,4,9058,1038,666,1|2|3|5|6|7|9|10|11|12|13|14|15,8,arithmetic:s01:r0|arithmetic:s01:r1|arithmetic:s01:r2|arithmetic:s01:r3|arithmetic:s02:r0|arithmetic:s02:r1|arithmetic:s02:r2|arithmetic:s02:r3|arithmetic:s03:r0|arithmetic:s03:r1|arithmetic:s03:r2|arithmetic:s03:r3|arithmetic:s05:r0|arithmetic:s05:r1|arithmetic:s05:r2|arithmetic:s05:r3|arithmetic:s06:r0|arithmetic:s06:r1|arithmetic:s06:r2|arithmetic:s06:r3|arithmetic:s07:r0|arithmetic:s07:r1|arithmetic:s07:r2|arithmetic:s07:r3|arithmetic:s09:r0|arithmetic:s09:r1|arithmetic:s09:r2|arithmetic:s09:r3|arithmetic:s10:r0|arithmetic:s10:r1|arithmetic:s10:r2|arithmetic:s10:r3|arithmetic:s11:r0|arithmetic:s11:r1|arithmetic:s11:r2|arithmetic:s11:r3|arithmetic:s12:r0|arithmetic:s12:r1|arithmetic:s12:r2|arithmetic:s12:r3|arithmetic:s13:r0|arithmetic:s13:r1|arithmetic:s13:r2|arithmetic:s13:r3|arithmetic:s14:r0|arithmetic:s14:r1|arithmetic:s14:r2|arithmetic:s14:r3|arithmetic:s15:r0|arithmetic:s15:r1|arithmetic:s15:r2|arithmetic:s15:r3,arithmetic:s08:r0|arithmetic:s08:r1|arithmetic:s08:r2|arithmetic:s08:r3,arithmetic:s04:r0|arithmetic:s04:r1|arithmetic:s04:r2|arithmetic:s04:r3
loso,arithmetic,4,seed_invariant,8,True,True,14,56,13,52,1,4,1,4,9017,1079,666,1|2|3|5|6|7|8|10|11|12|13|14|15,9,arithmetic:s01:r0|arithmetic:s01:r1|arithmetic:s01:r2|arithmetic:s01:r3|arithmetic:s02:r0|arithmetic:s02:r1|arithmetic:s02:r2|arithmetic:s02:r3|arithmetic:s03:r0|arithmetic:s03:r1|arithmetic:s03:r2|arithmetic:s03:r3|arithmetic:s05:r0|arithmetic:s05:r1|arithmetic:s05:r2|arithmetic:s05:r3|arithmetic:s06:r0|arithmetic:s06:r1|arithmetic:s06:r2|arithmetic:s06:r3|arithmetic:s07:r0|arithmetic:s07:r1|arithmetic:s07:r2|arithmetic:s07:r3|arithmetic:s08:r0|arithmetic:s08:r1|arithmetic:s08:r2|arithmetic:s08:r3|arithmetic:s10:r0|arithmetic:s10:r1|arithmetic:s10:r2|arithmetic:s10:r3|arithmetic:s11:r0|arithmetic:s11:r1|arithmetic:s11:r2|arithmetic:s11:r3|arithmetic:s12:r0|arithmetic:s12:r1|arithmetic:s12:r2|arithmetic:s12:r3|arithmetic:s13:r0|arithmetic:s13:r1|arithmetic:s13:r2|arithmetic:s13:r3|arithmetic:s14:r0|arithmetic:s14:r1|arithmetic:s14:r2|arithmetic:s14:r3|arithmetic:s15:r0|arithmetic:s15:r1|arithmetic:s15:r2|arithmetic:s15:r3,arithmetic:s09:r0|arithmetic:s09:r1|arithmetic:s09:r2|arithmetic:s09:r3,arithmetic:s04:r0|arithmetic:s04:r1|arithmetic:s04:r2|arithmetic:s04:r3
loso,arithmetic,4,seed_invariant,9,True,True,14,56,13,52,1,4,1,4,9558,538,666,1|2|3|5|6|7|8|9|11|12|13|14|15,10,arithmetic:s01:r0|arithmetic:s01:r1|arithmetic:s01:r2|arithmetic:s01:r3|arithmetic:s02:r0|arithmetic:s02:r1|arithmetic:s02:r2|arithmetic:s02:r3|arithmetic:s03:r0|arithmetic:s03:r1|arithmetic:s03:r2|arithmetic:s03:r3|arithmetic:s05:r0|arithmetic:s05:r1|arithmetic:s05:r2|arithmetic:s05:r3|arithmetic:s06:r0|arithmetic:s06:r1|arithmetic:s06:r2|arithmetic:s06:r3|arithmetic:s07:r0|arithmetic:s07:r1|arithmetic:s07:r2|arithmetic:s07:r3|arithmetic:s08:r0|arithmetic:s08:r1|arithmetic:s08:r2|arithmetic:s08:r3|arithmetic:s09:r0|arithmetic:s09:r1|arithmetic:s09:r2|arithmetic:s09:r3|arithmetic:s11:r0|arithmetic:s11:r1|arithmetic:s11:r2|arithmetic:s11:r3|arithmetic:s12:r0|arithmetic:s12:r1|arithmetic:s12:r2|arithmetic:s12:r3|arithmetic:s13:r0|arithmetic:s13:r1|arithmetic:s13:r2|arithmetic:s13:r3|arithmetic:s14:r0|arithmetic:s14:r1|arithmetic:s14:r2|arithmetic:s14:r3|arithmetic:s15:r0|arithmetic:s15:r1|arithmetic:s15:r2|arithmetic:s15:r3,arithmetic:s10:r0|arithmetic:s10:r1|arithmetic:s10:r2|arithmetic:s10:r3,arithmetic:s04:r0|arithmetic:s04:r1|arithmetic:s04:r2|arithmetic:s04:r3
loso,arithmetic,4,seed_invariant,10,True,True,14,56,13,52,1,4,1,4,9324,772,666,1|2|3|5|6|7|8|9|10|12|13|14|15,11,arithmetic:s01:r0|arithmetic:s01:r1|arithmetic:s01:r2|arithmetic:s01:r3|arithmetic:s02:r0|arithmetic:s02:r1|arithmetic:s02:r2|arithmetic:s02:r3|arithmetic:s03:r0|arithmetic:s03:r1|arithmetic:s03:r2|arithmetic:s03:r3|arithmetic:s05:r0|arithmetic:s05:r1|arithmetic:s05:r2|arithmetic:s05:r3|arithmetic:s06:r0|arithmetic:s06:r1|arithmetic:s06:r2|arithmetic:s06:r3|arithmetic:s07:r0|arithmetic:s07:r1|arithmetic:s07:r2|arithmetic:s07:r3|arithmetic:s08:r0|arithmetic:s08:r1|arithmetic:s08:r2|arithmetic:s08:r3|arithmetic:s09:r0|arithmetic:s09:r1|arithmetic:s09:r2|arithmetic:s09:r3|arithmetic:s10:r0|arithmetic:s10:r1|arithmetic:s10:r2|arithmetic:s10:r3|arithmetic:s12:r0|arithmetic:s12:r1|arithmetic:s12:r2|arithmetic:s12:r3|arithmetic:s13:r0|arithmetic:s13:r1|arithmetic:s13:r2|arithmetic:s13:r3|arithmetic:s14:r0|arithmetic:s14:r1|arithmetic:s14:r2|arithmetic:s14:r3|arithmetic:s15:r0|arithmetic:s15:r1|arithmetic:s15:r2|arithmetic:s15:r3,arithmetic:s11:r0|arithmetic:s11:r1|arithmetic:s11:r2|arithmetic:s11:r3,arithmetic:s04:r0|arithmetic:s04:r1|arithmetic:s04:r2|arithmetic:s04:r3
loso,arithmetic,4,seed_invariant,11,True,True,14,56,13,52,1,4,1,4,9441,655,666,1|2|3|5|6|7|8|9|10|11|13|14|15,12,arithmetic:s01:r0|arithmetic:s01:r1|arithmetic:s01:r2|arithmetic:s01:r3|arithmetic:s02:r0|arithmetic:s02:r1|arithmetic:s02:r2|arithmetic:s02:r3|arithmetic:s03:r0|arithmetic:s03:r1|arithmetic:s03:r2|arithmetic:s03:r3|arithmetic:s05:r0|arithmetic:s05:r1|arithmetic:s05:r2|arithmetic:s05:r3|arithmetic:s06:r0|arithmetic:s06:r1|arithmetic:s06:r2|arithmetic:s06:r3|arithmetic:s07:r0|arithmetic:s07:r1|arithmetic:s07:r2|arithmetic:s07:r3|arithmetic:s08:r0|arithmetic:s08:r1|arithmetic:s08:r2|arithmetic:s08:r3|arithmetic:s09:r0|arithmetic:s09:r1|arithmetic:s09:r2|arithmetic:s09:r3|arithmetic:s10:r0|arithmetic:s10:r1|arithmetic:s10:r2|arithmetic:s10:r3|arithmetic:s11:r0|arithmetic:s11:r1|arithmetic:s11:r2|arithmetic:s11:r3|arithmetic:s13:r0|arithmetic:s13:r1|arithmetic:s13:r2|arithmetic:s13:r3|arithmetic:s14:r0|arithmetic:s14:r1|arithmetic:s14:r2|arithmetic:s14:r3|arithmetic:s15:r0|arithmetic:s15:r1|arithmetic:s15:r2|arithmetic:s15:r3,arithmetic:s12:r0|arithmetic:s12:r1|arithmetic:s12:r2|arithmetic:s12:r3,arithmetic:s04:r0|arithmetic:s04:r1|arithmetic:s04:r2|arithmetic:s04:r3
loso,arithmetic,4,seed_invariant,12,True,True,14,56,13,52,1,4,1,4,9426,670,666,1|2|3|5|6|7|8|9|10|11|12|14|15,13,arithmetic:s01:r0|arithmetic:s01:r1|arithmetic:s01:r2|arithmetic:s01:r3|arithmetic:s02:r0|arithmetic:s02:r1|arithmetic:s02:r2|arithmetic:s02:r3|arithmetic:s03:r0|arithmetic:s03:r1|arithmetic:s03:r2|arithmetic:s03:r3|arithmetic:s05:r0|arithmetic:s05:r1|arithmetic:s05:r2|arithmetic:s05:r3|arithmetic:s06:r0|arithmetic:s06:r1|arithmetic:s06:r2|arithmetic:s06:r3|arithmetic:s07:r0|arithmetic:s07:r1|arithmetic:s07:r2|arithmetic:s07:r3|arithmetic:s08:r0|arithmetic:s08:r1|arithmetic:s08:r2|arithmetic:s08:r3|arithmetic:s09:r0|arithmetic:s09:r1|arithmetic:s09:r2|arithmetic:s09:r3|arithmetic:s10:r0|arithmetic:s10:r1|arithmetic:s10:r2|arithmetic:s10:r3|arithmetic:s11:r0|arithmetic:s11:r1|arithmetic:s11:r2|arithmetic:s11:r3|arithmetic:s12:r0|arithmetic:s12:r1|arithmetic:s12:r2|arithmetic:s12:r3|arithmetic:s14:r0|arithmetic:s14:r1|arithmetic:s14:r2|arithmetic:s14:r3|arithmetic:s15:r0|arithmetic:s15:r1|arithmetic:s15:r2|arithmetic:s15:r3,arithmetic:s13:r0|arithmetic:s13:r1|arithmetic:s13:r2|arithmetic:s13:r3,arithmetic:s04:r0|arithmetic:s04:r1|arithmetic:s04:r2|arithmetic:s04:r3
loso,arithmetic,4,seed_invariant,13,True,True,14,56,13,52,1,4,1,4,9502,594,666,1|2|3|5|6|7|8|9|10|11|12|13|15,14,arithmetic:s01:r0|arithmetic:s01:r1|arithmetic:s01:r2|arithmetic:s01:r3|arithmetic:s02:r0|arithmetic:s02:r1|arithmetic:s02:r2|arithmetic:s02:r3|arithmetic:s03:r0|arithmetic:s03:r1|arithmetic:s03:r2|arithmetic:s03:r3|arithmetic:s05:r0|arithmetic:s05:r1|arithmetic:s05:r2|arithmetic:s05:r3|arithmetic:s06:r0|arithmetic:s06:r1|arithmetic:s06:r2|arithmetic:s06:r3|arithmetic:s07:r0|arithmetic:s07:r1|arithmetic:s07:r2|arithmetic:s07:r3|arithmetic:s08:r0|arithmetic:s08:r1|arithmetic:s08:r2|arithmetic:s08:r3|arithmetic:s09:r0|arithmetic:s09:r1|arithmetic:s09:r2|arithmetic:s09:r3|arithmetic:s10:r0|arithmetic:s10:r1|arithmetic:s10:r2|arithmetic:s10:r3|arithmetic:s11:r0|arithmetic:s11:r1|arithmetic:s11:r2|arithmetic:s11:r3|arithmetic:s12:r0|arithmetic:s12:r1|arithmetic:s12:r2|arithmetic:s12:r3|arithmetic:s13:r0|arithmetic:s13:r1|arithmetic:s13:r2|arithmetic:s13:r3|arithmetic:s15:r0|arithmetic:s15:r1|arithmetic:s15:r2|arithmetic:s15:r3,arithmetic:s14:r0|arithmetic:s14:r1|arithmetic:s14:r2|arithmetic:s14:r3,arithmetic:s04:r0|arithmetic:s04:r1|arithmetic:s04:r2|arithmetic:s04:r3
loso,arithmetic,4,seed_invariant,14,True,True,14,56,13,52,1,4,1,4,9369,727,666,1|2|3|5|6|7|8|9|10|11|12|13|14,15,arithmetic:s01:r0|arithmetic:s01:r1|arithmetic:s01:r2|arithmetic:s01:r3|arithmetic:s02:r0|arithmetic:s02:r1|arithmetic:s02:r2|arithmetic:s02:r3|arithmetic:s03:r0|arithmetic:s03:r1|arithmetic:s03:r2|arithmetic:s03:r3|arithmetic:s05:r0|arithmetic:s05:r1|arithmetic:s05:r2|arithmetic:s05:r3|arithmetic:s06:r0|arithmetic:s06:r1|arithmetic:s06:r2|arithmetic:s06:r3|arithmetic:s07:r0|arithmetic:s07:r1|arithmetic:s07:r2|arithmetic:s07:r3|arithmetic:s08:r0|arithmetic:s08:r1|arithmetic:s08:r2|arithmetic:s08:r3|arithmetic:s09:r0|arithmetic:s09:r1|arithmetic:s09:r2|arithmetic:s09:r3|arithmetic:s10:r0|arithmetic:s10:r1|arithmetic:s10:r2|arithmetic:s10:r3|arithmetic:s11:r0|arithmetic:s11:r1|arithmetic:s11:r2|arithmetic:s11:r3|arithmetic:s12:r0|arithmetic:s12:r1|arithmetic:s12:r2|arithmetic:s12:r3|arithmetic:s13:r0|arithmetic:s13:r1|arithmetic:s13:r2|arithmetic:s13:r3|arithmetic:s14:r0|arithmetic:s14:r1|arithmetic:s14:r2|arithmetic:s14:r3,arithmetic:s15:r0|arithmetic:s15:r1|arithmetic:s15:r2|arithmetic:s15:r3,arithmetic:s04:r0|arithmetic:s04:r1|arithmetic:s04:r2|arithmetic:s04:r3
loso,arithmetic,5,seed_invariant,1,True,True,14,56,13,52,1,4,1,4,9239,696,827,2|3|4|6|7|8|9|10|11|12|13|14|15,1,arithmetic:s02:r0|arithmetic:s02:r1|arithmetic:s02:r2|arithmetic:s02:r3|arithmetic:s03:r0|arithmetic:s03:r1|arithmetic:s03:r2|arithmetic:s03:r3|arithmetic:s04:r0|arithmetic:s04:r1|arithmetic:s04:r2|arithmetic:s04:r3|arithmetic:s06:r0|arithmetic:s06:r1|arithmetic:s06:r2|arithmetic:s06:r3|arithmetic:s07:r0|arithmetic:s07:r1|arithmetic:s07:r2|arithmetic:s07:r3|arithmetic:s08:r0|arithmetic:s08:r1|arithmetic:s08:r2|arithmetic:s08:r3|arithmetic:s09:r0|arithmetic:s09:r1|arithmetic:s09:r2|arithmetic:s09:r3|arithmetic:s10:r0|arithmetic:s10:r1|arithmetic:s10:r2|arithmetic:s10:r3|arithmetic:s11:r0|arithmetic:s11:r1|arithmetic:s11:r2|arithmetic:s11:r3|arithmetic:s12:r0|arithmetic:s12:r1|arithmetic:s12:r2|arithmetic:s12:r3|arithmetic:s13:r0|arithmetic:s13:r1|arithmetic:s13:r2|arithmetic:s13:r3|arithmetic:s14:r0|arithmetic:s14:r1|arithmetic:s14:r2|arithmetic:s14:r3|arithmetic:s15:r0|arithmetic:s15:r1|arithmetic:s15:r2|arithmetic:s15:r3,arithmetic:s01:r0|arithmetic:s01:r1|arithmetic:s01:r2|arithmetic:s01:r3,arithmetic:s05:r0|arithmetic:s05:r1|arithmetic:s05:r2|arithmetic:s05:r3
loso,arithmetic,5,seed_invariant,2,True,True,14,56,13,52,1,4,1,4,8947,988,827,1|3|4|6|7|8|9|10|11|12|13|14|15,2,arithmetic:s01:r0|arithmetic:s01:r1|arithmetic:s01:r2|arithmetic:s01:r3|arithmetic:s03:r0|arithmetic:s03:r1|arithmetic:s03:r2|arithmetic:s03:r3|arithmetic:s04:r0|arithmetic:s04:r1|arithmetic:s04:r2|arithmetic:s04:r3|arithmetic:s06:r0|arithmetic:s06:r1|arithmetic:s06:r2|arithmetic:s06:r3|arithmetic:s07:r0|arithmetic:s07:r1|arithmetic:s07:r2|arithmetic:s07:r3|arithmetic:s08:r0|arithmetic:s08:r1|arithmetic:s08:r2|arithmetic:s08:r3|arithmetic:s09:r0|arithmetic:s09:r1|arithmetic:s09:r2|arithmetic:s09:r3|arithmetic:s10:r0|arithmetic:s10:r1|arithmetic:s10:r2|arithmetic:s10:r3|arithmetic:s11:r0|arithmetic:s11:r1|arithmetic:s11:r2|arithmetic:s11:r3|arithmetic:s12:r0|arithmetic:s12:r1|arithmetic:s12:r2|arithmetic:s12:r3|arithmetic:s13:r0|arithmetic:s13:r1|arithmetic:s13:r2|arithmetic:s13:r3|arithmetic:s14:r0|arithmetic:s14:r1|arithmetic:s14:r2|arithmetic:s14:r3|arithmetic:s15:r0|arithmetic:s15:r1|arithmetic:s15:r2|arithmetic:s15:r3,arithmetic:s02:r0|arithmetic:s02:r1|arithmetic:s02:r2|arithmetic:s02:r3,arithmetic:s05:r0|arithmetic:s05:r1|arithmetic:s05:r2|arithmetic:s05:r3
loso,arithmetic,5,seed_invariant,3,True,True,14,56,13,52,1,4,1,4,9366,569,827,1|2|4|6|7|8|9|10|11|12|13|14|15,3,arithmetic:s01:r0|arithmetic:s01:r1|arithmetic:s01:r2|arithmetic:s01:r3|arithmetic:s02:r0|arithmetic:s02:r1|arithmetic:s02:r2|arithmetic:s02:r3|arithmetic:s04:r0|arithmetic:s04:r1|arithmetic:s04:r2|arithmetic:s04:r3|arithmetic:s06:r0|arithmetic:s06:r1|arithmetic:s06:r2|arithmetic:s06:r3|arithmetic:s07:r0|arithmetic:s07:r1|arithmetic:s07:r2|arithmetic:s07:r3|arithmetic:s08:r0|arithmetic:s08:r1|arithmetic:s08:r2|arithmetic:s08:r3|arithmetic:s09:r0|arithmetic:s09:r1|arithmetic:s09:r2|arithmetic:s09:r3|arithmetic:s10:r0|arithmetic:s10:r1|arithmetic:s10:r2|arithmetic:s10:r3|arithmetic:s11:r0|arithmetic:s11:r1|arithmetic:s11:r2|arithmetic:s11:r3|arithmetic:s12:r0|arithmetic:s12:r1|arithmetic:s12:r2|arithmetic:s12:r3|arithmetic:s13:r0|arithmetic:s13:r1|arithmetic:s13:r2|arithmetic:s13:r3|arithmetic:s14:r0|arithmetic:s14:r1|arithmetic:s14:r2|arithmetic:s14:r3|arithmetic:s15:r0|arithmetic:s15:r1|arithmetic:s15:r2|arithmetic:s15:r3,arithmetic:s03:r0|arithmetic:s03:r1|arithmetic:s03:r2|arithmetic:s03:r3,arithmetic:s05:r0|arithmetic:s05:r1|arithmetic:s05:r2|arithmetic:s05:r3
loso,arithmetic,5,seed_invariant,4,True,True,14,56,13,52,1,4,1,4,9269,666,827,1|2|3|6|7|8|9|10|11|12|13|14|15,4,arithmetic:s01:r0|arithmetic:s01:r1|arithmetic:s01:r2|arithmetic:s01:r3|arithmetic:s02:r0|arithmetic:s02:r1|arithmetic:s02:r2|arithmetic:s02:r3|arithmetic:s03:r0|arithmetic:s03:r1|arithmetic:s03:r2|arithmetic:s03:r3|arithmetic:s06:r0|arithmetic:s06:r1|arithmetic:s06:r2|arithmetic:s06:r3|arithmetic:s07:r0|arithmetic:s07:r1|arithmetic:s07:r2|arithmetic:s07:r3|arithmetic:s08:r0|arithmetic:s08:r1|arithmetic:s08:r2|arithmetic:s08:r3|arithmetic:s09:r0|arithmetic:s09:r1|arithmetic:s09:r2|arithmetic:s09:r3|arithmetic:s10:r0|arithmetic:s10:r1|arithmetic:s10:r2|arithmetic:s10:r3|arithmetic:s11:r0|arithmetic:s11:r1|arithmetic:s11:r2|arithmetic:s11:r3|arithmetic:s12:r0|arithmetic:s12:r1|arithmetic:s12:r2|arithmetic:s12:r3|arithmetic:s13:r0|arithmetic:s13:r1|arithmetic:s13:r2|arithmetic:s13:r3|arithmetic:s14:r0|arithmetic:s14:r1|arithmetic:s14:r2|arithmetic:s14:r3|arithmetic:s15:r0|arithmetic:s15:r1|arithmetic:s15:r2|arithmetic:s15:r3,arithmetic:s04:r0|arithmetic:s04:r1|arithmetic:s04:r2|arithmetic:s04:r3,arithmetic:s05:r0|arithmetic:s05:r1|arithmetic:s05:r2|arithmetic:s05:r3
loso,arithmetic,5,seed_invariant,5,True,True,14,56,13,52,1,4,1,4,9345,590,827,1|2|3|4|7|8|9|10|11|12|13|14|15,6,arithmetic:s01:r0|arithmetic:s01:r1|arithmetic:s01:r2|arithmetic:s01:r3|arithmetic:s02:r0|arithmetic:s02:r1|arithmetic:s02:r2|arithmetic:s02:r3|arithmetic:s03:r0|arithmetic:s03:r1|arithmetic:s03:r2|arithmetic:s03:r3|arithmetic:s04:r0|arithmetic:s04:r1|arithmetic:s04:r2|arithmetic:s04:r3|arithmetic:s07:r0|arithmetic:s07:r1|arithmetic:s07:r2|arithmetic:s07:r3|arithmetic:s08:r0|arithmetic:s08:r1|arithmetic:s08:r2|arithmetic:s08:r3|arithmetic:s09:r0|arithmetic:s09:r1|arithmetic:s09:r2|arithmetic:s09:r3|arithmetic:s10:r0|arithmetic:s10:r1|arithmetic:s10:r2|arithmetic:s10:r3|arithmetic:s11:r0|arithmetic:s11:r1|arithmetic:s11:r2|arithmetic:s11:r3|arithmetic:s12:r0|arithmetic:s12:r1|arithmetic:s12:r2|arithmetic:s12:r3|arithmetic:s13:r0|arithmetic:s13:r1|arithmetic:s13:r2|arithmetic:s13:r3|arithmetic:s14:r0|arithmetic:s14:r1|arithmetic:s14:r2|arithmetic:s14:r3|arithmetic:s15:r0|arithmetic:s15:r1|arithmetic:s15:r2|arithmetic:s15:r3,arithmetic:s06:r0|arithmetic:s06:r1|arithmetic:s06:r2|arithmetic:s06:r3,arithmetic:s05:r0|arithmetic:s05:r1|arithmetic:s05:r2|arithmetic:s05:r3
loso,arithmetic,5,seed_invariant,6,True,True,14,56,13,52,1,4,1,4,9582,353,827,1|2|3|4|6|8|9|10|11|12|13|14|15,7,arithmetic:s01:r0|arithmetic:s01:r1|arithmetic:s01:r2|arithmetic:s01:r3|arithmetic:s02:r0|arithmetic:s02:r1|arithmetic:s02:r2|arithmetic:s02:r3|arithmetic:s03:r0|arithmetic:s03:r1|arithmetic:s03:r2|arithmetic:s03:r3|arithmetic:s04:r0|arithmetic:s04:r1|arithmetic:s04:r2|arithmetic:s04:r3|arithmetic:s06:r0|arithmetic:s06:r1|arithmetic:s06:r2|arithmetic:s06:r3|arithmetic:s08:r0|arithmetic:s08:r1|arithmetic:s08:r2|arithmetic:s08:r3|arithmetic:s09:r0|arithmetic:s09:r1|arithmetic:s09:r2|arithmetic:s09:r3|arithmetic:s10:r0|arithmetic:s10:r1|arithmetic:s10:r2|arithmetic:s10:r3|arithmetic:s11:r0|arithmetic:s11:r1|arithmetic:s11:r2|arithmetic:s11:r3|arithmetic:s12:r0|arithmetic:s12:r1|arithmetic:s12:r2|arithmetic:s12:r3|arithmetic:s13:r0|arithmetic:s13:r1|arithmetic:s13:r2|arithmetic:s13:r3|arithmetic:s14:r0|arithmetic:s14:r1|arithmetic:s14:r2|arithmetic:s14:r3|arithmetic:s15:r0|arithmetic:s15:r1|arithmetic:s15:r2|arithmetic:s15:r3,arithmetic:s07:r0|arithmetic:s07:r1|arithmetic:s07:r2|arithmetic:s07:r3,arithmetic:s05:r0|arithmetic:s05:r1|arithmetic:s05:r2|arithmetic:s05:r3
loso,arithmetic,5,seed_invariant,7,True,True,14,56,13,52,1,4,1,4,8897,1038,827,1|2|3|4|6|7|9|10|11|12|13|14|15,8,arithmetic:s01:r0|arithmetic:s01:r1|arithmetic:s01:r2|arithmetic:s01:r3|arithmetic:s02:r0|arithmetic:s02:r1|arithmetic:s02:r2|arithmetic:s02:r3|arithmetic:s03:r0|arithmetic:s03:r1|arithmetic:s03:r2|arithmetic:s03:r3|arithmetic:s04:r0|arithmetic:s04:r1|arithmetic:s04:r2|arithmetic:s04:r3|arithmetic:s06:r0|arithmetic:s06:r1|arithmetic:s06:r2|arithmetic:s06:r3|arithmetic:s07:r0|arithmetic:s07:r1|arithmetic:s07:r2|arithmetic:s07:r3|arithmetic:s09:r0|arithmetic:s09:r1|arithmetic:s09:r2|arithmetic:s09:r3|arithmetic:s10:r0|arithmetic:s10:r1|arithmetic:s10:r2|arithmetic:s10:r3|arithmetic:s11:r0|arithmetic:s11:r1|arithmetic:s11:r2|arithmetic:s11:r3|arithmetic:s12:r0|arithmetic:s12:r1|arithmetic:s12:r2|arithmetic:s12:r3|arithmetic:s13:r0|arithmetic:s13:r1|arithmetic:s13:r2|arithmetic:s13:r3|arithmetic:s14:r0|arithmetic:s14:r1|arithmetic:s14:r2|arithmetic:s14:r3|arithmetic:s15:r0|arithmetic:s15:r1|arithmetic:s15:r2|arithmetic:s15:r3,arithmetic:s08:r0|arithmetic:s08:r1|arithmetic:s08:r2|arithmetic:s08:r3,arithmetic:s05:r0|arithmetic:s05:r1|arithmetic:s05:r2|arithmetic:s05:r3
loso,arithmetic,5,seed_invariant,8,True,True,14,56,13,52,1,4,1,4,8856,1079,827,1|2|3|4|6|7|8|10|11|12|13|14|15,9,arithmetic:s01:r0|arithmetic:s01:r1|arithmetic:s01:r2|arithmetic:s01:r3|arithmetic:s02:r0|arithmetic:s02:r1|arithmetic:s02:r2|arithmetic:s02:r3|arithmetic:s03:r0|arithmetic:s03:r1|arithmetic:s03:r2|arithmetic:s03:r3|arithmetic:s04:r0|arithmetic:s04:r1|arithmetic:s04:r2|arithmetic:s04:r3|arithmetic:s06:r0|arithmetic:s06:r1|arithmetic:s06:r2|arithmetic:s06:r3|arithmetic:s07:r0|arithmetic:s07:r1|arithmetic:s07:r2|arithmetic:s07:r3|arithmetic:s08:r0|arithmetic:s08:r1|arithmetic:s08:r2|arithmetic:s08:r3|arithmetic:s10:r0|arithmetic:s10:r1|arithmetic:s10:r2|arithmetic:s10:r3|arithmetic:s11:r0|arithmetic:s11:r1|arithmetic:s11:r2|arithmetic:s11:r3|arithmetic:s12:r0|arithmetic:s12:r1|arithmetic:s12:r2|arithmetic:s12:r3|arithmetic:s13:r0|arithmetic:s13:r1|arithmetic:s13:r2|arithmetic:s13:r3|arithmetic:s14:r0|arithmetic:s14:r1|arithmetic:s14:r2|arithmetic:s14:r3|arithmetic:s15:r0|arithmetic:s15:r1|arithmetic:s15:r2|arithmetic:s15:r3,arithmetic:s09:r0|arithmetic:s09:r1|arithmetic:s09:r2|arithmetic:s09:r3,arithmetic:s05:r0|arithmetic:s05:r1|arithmetic:s05:r2|arithmetic:s05:r3
loso,arithmetic,5,seed_invariant,9,True,True,14,56,13,52,1,4,1,4,9397,538,827,1|2|3|4|6|7|8|9|11|12|13|14|15,10,arithmetic:s01:r0|arithmetic:s01:r1|arithmetic:s01:r2|arithmetic:s01:r3|arithmetic:s02:r0|arithmetic:s02:r1|arithmetic:s02:r2|arithmetic:s02:r3|arithmetic:s03:r0|arithmetic:s03:r1|arithmetic:s03:r2|arithmetic:s03:r3|arithmetic:s04:r0|arithmetic:s04:r1|arithmetic:s04:r2|arithmetic:s04:r3|arithmetic:s06:r0|arithmetic:s06:r1|arithmetic:s06:r2|arithmetic:s06:r3|arithmetic:s07:r0|arithmetic:s07:r1|arithmetic:s07:r2|arithmetic:s07:r3|arithmetic:s08:r0|arithmetic:s08:r1|arithmetic:s08:r2|arithmetic:s08:r3|arithmetic:s09:r0|arithmetic:s09:r1|arithmetic:s09:r2|arithmetic:s09:r3|arithmetic:s11:r0|arithmetic:s11:r1|arithmetic:s11:r2|arithmetic:s11:r3|arithmetic:s12:r0|arithmetic:s12:r1|arithmetic:s12:r2|arithmetic:s12:r3|arithmetic:s13:r0|arithmetic:s13:r1|arithmetic:s13:r2|arithmetic:s13:r3|arithmetic:s14:r0|arithmetic:s14:r1|arithmetic:s14:r2|arithmetic:s14:r3|arithmetic:s15:r0|arithmetic:s15:r1|arithmetic:s15:r2|arithmetic:s15:r3,arithmetic:s10:r0|arithmetic:s10:r1|arithmetic:s10:r2|arithmetic:s10:r3,arithmetic:s05:r0|arithmetic:s05:r1|arithmetic:s05:r2|arithmetic:s05:r3
loso,arithmetic,5,seed_invariant,10,True,True,14,56,13,52,1,4,1,4,9163,772,827,1|2|3|4|6|7|8|9|10|12|13|14|15,11,arithmetic:s01:r0|arithmetic:s01:r1|arithmetic:s01:r2|arithmetic:s01:r3|arithmetic:s02:r0|arithmetic:s02:r1|arithmetic:s02:r2|arithmetic:s02:r3|arithmetic:s03:r0|arithmetic:s03:r1|arithmetic:s03:r2|arithmetic:s03:r3|arithmetic:s04:r0|arithmetic:s04:r1|arithmetic:s04:r2|arithmetic:s04:r3|arithmetic:s06:r0|arithmetic:s06:r1|arithmetic:s06:r2|arithmetic:s06:r3|arithmetic:s07:r0|arithmetic:s07:r1|arithmetic:s07:r2|arithmetic:s07:r3|arithmetic:s08:r0|arithmetic:s08:r1|arithmetic:s08:r2|arithmetic:s08:r3|arithmetic:s09:r0|arithmetic:s09:r1|arithmetic:s09:r2|arithmetic:s09:r3|arithmetic:s10:r0|arithmetic:s10:r1|arithmetic:s10:r2|arithmetic:s10:r3|arithmetic:s12:r0|arithmetic:s12:r1|arithmetic:s12:r2|arithmetic:s12:r3|arithmetic:s13:r0|arithmetic:s13:r1|arithmetic:s13:r2|arithmetic:s13:r3|arithmetic:s14:r0|arithmetic:s14:r1|arithmetic:s14:r2|arithmetic:s14:r3|arithmetic:s15:r0|arithmetic:s15:r1|arithmetic:s15:r2|arithmetic:s15:r3,arithmetic:s11:r0|arithmetic:s11:r1|arithmetic:s11:r2|arithmetic:s11:r3,arithmetic:s05:r0|arithmetic:s05:r1|arithmetic:s05:r2|arithmetic:s05:r3
loso,arithmetic,5,seed_invariant,11,True,True,14,56,13,52,1,4,1,4,9280,655,827,1|2|3|4|6|7|8|9|10|11|13|14|15,12,arithmetic:s01:r0|arithmetic:s01:r1|arithmetic:s01:r2|arithmetic:s01:r3|arithmetic:s02:r0|arithmetic:s02:r1|arithmetic:s02:r2|arithmetic:s02:r3|arithmetic:s03:r0|arithmetic:s03:r1|arithmetic:s03:r2|arithmetic:s03:r3|arithmetic:s04:r0|arithmetic:s04:r1|arithmetic:s04:r2|arithmetic:s04:r3|arithmetic:s06:r0|arithmetic:s06:r1|arithmetic:s06:r2|arithmetic:s06:r3|arithmetic:s07:r0|arithmetic:s07:r1|arithmetic:s07:r2|arithmetic:s07:r3|arithmetic:s08:r0|arithmetic:s08:r1|arithmetic:s08:r2|arithmetic:s08:r3|arithmetic:s09:r0|arithmetic:s09:r1|arithmetic:s09:r2|arithmetic:s09:r3|arithmetic:s10:r0|arithmetic:s10:r1|arithmetic:s10:r2|arithmetic:s10:r3|arithmetic:s11:r0|arithmetic:s11:r1|arithmetic:s11:r2|arithmetic:s11:r3|arithmetic:s13:r0|arithmetic:s13:r1|arithmetic:s13:r2|arithmetic:s13:r3|arithmetic:s14:r0|arithmetic:s14:r1|arithmetic:s14:r2|arithmetic:s14:r3|arithmetic:s15:r0|arithmetic:s15:r1|arithmetic:s15:r2|arithmetic:s15:r3,arithmetic:s12:r0|arithmetic:s12:r1|arithmetic:s12:r2|arithmetic:s12:r3,arithmetic:s05:r0|arithmetic:s05:r1|arithmetic:s05:r2|arithmetic:s05:r3
loso,arithmetic,5,seed_invariant,12,True,True,14,56,13,52,1,4,1,4,9265,670,827,1|2|3|4|6|7|8|9|10|11|12|14|15,13,arithmetic:s01:r0|arithmetic:s01:r1|arithmetic:s01:r2|arithmetic:s01:r3|arithmetic:s02:r0|arithmetic:s02:r1|arithmetic:s02:r2|arithmetic:s02:r3|arithmetic:s03:r0|arithmetic:s03:r1|arithmetic:s03:r2|arithmetic:s03:r3|arithmetic:s04:r0|arithmetic:s04:r1|arithmetic:s04:r2|arithmetic:s04:r3|arithmetic:s06:r0|arithmetic:s06:r1|arithmetic:s06:r2|arithmetic:s06:r3|arithmetic:s07:r0|arithmetic:s07:r1|arithmetic:s07:r2|arithmetic:s07:r3|arithmetic:s08:r0|arithmetic:s08:r1|arithmetic:s08:r2|arithmetic:s08:r3|arithmetic:s09:r0|arithmetic:s09:r1|arithmetic:s09:r2|arithmetic:s09:r3|arithmetic:s10:r0|arithmetic:s10:r1|arithmetic:s10:r2|arithmetic:s10:r3|arithmetic:s11:r0|arithmetic:s11:r1|arithmetic:s11:r2|arithmetic:s11:r3|arithmetic:s12:r0|arithmetic:s12:r1|arithmetic:s12:r2|arithmetic:s12:r3|arithmetic:s14:r0|arithmetic:s14:r1|arithmetic:s14:r2|arithmetic:s14:r3|arithmetic:s15:r0|arithmetic:s15:r1|arithmetic:s15:r2|arithmetic:s15:r3,arithmetic:s13:r0|arithmetic:s13:r1|arithmetic:s13:r2|arithmetic:s13:r3,arithmetic:s05:r0|arithmetic:s05:r1|arithmetic:s05:r2|arithmetic:s05:r3
loso,arithmetic,5,seed_invariant,13,True,True,14,56,13,52,1,4,1,4,9341,594,827,1|2|3|4|6|7|8|9|10|11|12|13|15,14,arithmetic:s01:r0|arithmetic:s01:r1|arithmetic:s01:r2|arithmetic:s01:r3|arithmetic:s02:r0|arithmetic:s02:r1|arithmetic:s02:r2|arithmetic:s02:r3|arithmetic:s03:r0|arithmetic:s03:r1|arithmetic:s03:r2|arithmetic:s03:r3|arithmetic:s04:r0|arithmetic:s04:r1|arithmetic:s04:r2|arithmetic:s04:r3|arithmetic:s06:r0|arithmetic:s06:r1|arithmetic:s06:r2|arithmetic:s06:r3|arithmetic:s07:r0|arithmetic:s07:r1|arithmetic:s07:r2|arithmetic:s07:r3|arithmetic:s08:r0|arithmetic:s08:r1|arithmetic:s08:r2|arithmetic:s08:r3|arithmetic:s09:r0|arithmetic:s09:r1|arithmetic:s09:r2|arithmetic:s09:r3|arithmetic:s10:r0|arithmetic:s10:r1|arithmetic:s10:r2|arithmetic:s10:r3|arithmetic:s11:r0|arithmetic:s11:r1|arithmetic:s11:r2|arithmetic:s11:r3|arithmetic:s12:r0|arithmetic:s12:r1|arithmetic:s12:r2|arithmetic:s12:r3|arithmetic:s13:r0|arithmetic:s13:r1|arithmetic:s13:r2|arithmetic:s13:r3|arithmetic:s15:r0|arithmetic:s15:r1|arithmetic:s15:r2|arithmetic:s15:r3,arithmetic:s14:r0|arithmetic:s14:r1|arithmetic:s14:r2|arithmetic:s14:r3,arithmetic:s05:r0|arithmetic:s05:r1|arithmetic:s05:r2|arithmetic:s05:r3
loso,arithmetic,5,seed_invariant,14,True,True,14,56,13,52,1,4,1,4,9208,727,827,1|2|3|4|6|7|8|9|10|11|12|13|14,15,arithmetic:s01:r0|arithmetic:s01:r1|arithmetic:s01:r2|arithmetic:s01:r3|arithmetic:s02:r0|arithmetic:s02:r1|arithmetic:s02:r2|arithmetic:s02:r3|arithmetic:s03:r0|arithmetic:s03:r1|arithmetic:s03:r2|arithmetic:s03:r3|arithmetic:s04:r0|arithmetic:s04:r1|arithmetic:s04:r2|arithmetic:s04:r3|arithmetic:s06:r0|arithmetic:s06:r1|arithmetic:s06:r2|arithmetic:s06:r3|arithmetic:s07:r0|arithmetic:s07:r1|arithmetic:s07:r2|arithmetic:s07:r3|arithmetic:s08:r0|arithmetic:s08:r1|arithmetic:s08:r2|arithmetic:s08:r3|arithmetic:s09:r0|arithmetic:s09:r1|arithmetic:s09:r2|arithmetic:s09:r3|arithmetic:s10:r0|arithmetic:s10:r1|arithmetic:s10:r2|arithmetic:s10:r3|arithmetic:s11:r0|arithmetic:s11:r1|arithmetic:s11:r2|arithmetic:s11:r3|arithmetic:s12:r0|arithmetic:s12:r1|arithmetic:s12:r2|arithmetic:s12:r3|arithmetic:s13:r0|arithmetic:s13:r1|arithmetic:s13:r2|arithmetic:s13:r3|arithmetic:s14:r0|arithmetic:s14:r1|arithmetic:s14:r2|arithmetic:s14:r3,arithmetic:s15:r0|arithmetic:s15:r1|arithmetic:s15:r2|arithmetic:s15:r3,arithmetic:s05:r0|arithmetic:s05:r1|arithmetic:s05:r2|arithmetic:s05:r3
loso,arithmetic,6,seed_invariant,1,True,True,14,56,13,52,1,4,1,4,9476,696,590,2|3|4|5|7|8|9|10|11|12|13|14|15,1,arithmetic:s02:r0|arithmetic:s02:r1|arithmetic:s02:r2|arithmetic:s02:r3|arithmetic:s03:r0|arithmetic:s03:r1|arithmetic:s03:r2|arithmetic:s03:r3|arithmetic:s04:r0|arithmetic:s04:r1|arithmetic:s04:r2|arithmetic:s04:r3|arithmetic:s05:r0|arithmetic:s05:r1|arithmetic:s05:r2|arithmetic:s05:r3|arithmetic:s07:r0|arithmetic:s07:r1|arithmetic:s07:r2|arithmetic:s07:r3|arithmetic:s08:r0|arithmetic:s08:r1|arithmetic:s08:r2|arithmetic:s08:r3|arithmetic:s09:r0|arithmetic:s09:r1|arithmetic:s09:r2|arithmetic:s09:r3|arithmetic:s10:r0|arithmetic:s10:r1|arithmetic:s10:r2|arithmetic:s10:r3|arithmetic:s11:r0|arithmetic:s11:r1|arithmetic:s11:r2|arithmetic:s11:r3|arithmetic:s12:r0|arithmetic:s12:r1|arithmetic:s12:r2|arithmetic:s12:r3|arithmetic:s13:r0|arithmetic:s13:r1|arithmetic:s13:r2|arithmetic:s13:r3|arithmetic:s14:r0|arithmetic:s14:r1|arithmetic:s14:r2|arithmetic:s14:r3|arithmetic:s15:r0|arithmetic:s15:r1|arithmetic:s15:r2|arithmetic:s15:r3,arithmetic:s01:r0|arithmetic:s01:r1|arithmetic:s01:r2|arithmetic:s01:r3,arithmetic:s06:r0|arithmetic:s06:r1|arithmetic:s06:r2|arithmetic:s06:r3
loso,arithmetic,6,seed_invariant,2,True,True,14,56,13,52,1,4,1,4,9184,988,590,1|3|4|5|7|8|9|10|11|12|13|14|15,2,arithmetic:s01:r0|arithmetic:s01:r1|arithmetic:s01:r2|arithmetic:s01:r3|arithmetic:s03:r0|arithmetic:s03:r1|arithmetic:s03:r2|arithmetic:s03:r3|arithmetic:s04:r0|arithmetic:s04:r1|arithmetic:s04:r2|arithmetic:s04:r3|arithmetic:s05:r0|arithmetic:s05:r1|arithmetic:s05:r2|arithmetic:s05:r3|arithmetic:s07:r0|arithmetic:s07:r1|arithmetic:s07:r2|arithmetic:s07:r3|arithmetic:s08:r0|arithmetic:s08:r1|arithmetic:s08:r2|arithmetic:s08:r3|arithmetic:s09:r0|arithmetic:s09:r1|arithmetic:s09:r2|arithmetic:s09:r3|arithmetic:s10:r0|arithmetic:s10:r1|arithmetic:s10:r2|arithmetic:s10:r3|arithmetic:s11:r0|arithmetic:s11:r1|arithmetic:s11:r2|arithmetic:s11:r3|arithmetic:s12:r0|arithmetic:s12:r1|arithmetic:s12:r2|arithmetic:s12:r3|arithmetic:s13:r0|arithmetic:s13:r1|arithmetic:s13:r2|arithmetic:s13:r3|arithmetic:s14:r0|arithmetic:s14:r1|arithmetic:s14:r2|arithmetic:s14:r3|arithmetic:s15:r0|arithmetic:s15:r1|arithmetic:s15:r2|arithmetic:s15:r3,arithmetic:s02:r0|arithmetic:s02:r1|arithmetic:s02:r2|arithmetic:s02:r3,arithmetic:s06:r0|arithmetic:s06:r1|arithmetic:s06:r2|arithmetic:s06:r3
loso,arithmetic,6,seed_invariant,3,True,True,14,56,13,52,1,4,1,4,9603,569,590,1|2|4|5|7|8|9|10|11|12|13|14|15,3,arithmetic:s01:r0|arithmetic:s01:r1|arithmetic:s01:r2|arithmetic:s01:r3|arithmetic:s02:r0|arithmetic:s02:r1|arithmetic:s02:r2|arithmetic:s02:r3|arithmetic:s04:r0|arithmetic:s04:r1|arithmetic:s04:r2|arithmetic:s04:r3|arithmetic:s05:r0|arithmetic:s05:r1|arithmetic:s05:r2|arithmetic:s05:r3|arithmetic:s07:r0|arithmetic:s07:r1|arithmetic:s07:r2|arithmetic:s07:r3|arithmetic:s08:r0|arithmetic:s08:r1|arithmetic:s08:r2|arithmetic:s08:r3|arithmetic:s09:r0|arithmetic:s09:r1|arithmetic:s09:r2|arithmetic:s09:r3|arithmetic:s10:r0|arithmetic:s10:r1|arithmetic:s10:r2|arithmetic:s10:r3|arithmetic:s11:r0|arithmetic:s11:r1|arithmetic:s11:r2|arithmetic:s11:r3|arithmetic:s12:r0|arithmetic:s12:r1|arithmetic:s12:r2|arithmetic:s12:r3|arithmetic:s13:r0|arithmetic:s13:r1|arithmetic:s13:r2|arithmetic:s13:r3|arithmetic:s14:r0|arithmetic:s14:r1|arithmetic:s14:r2|arithmetic:s14:r3|arithmetic:s15:r0|arithmetic:s15:r1|arithmetic:s15:r2|arithmetic:s15:r3,arithmetic:s03:r0|arithmetic:s03:r1|arithmetic:s03:r2|arithmetic:s03:r3,arithmetic:s06:r0|arithmetic:s06:r1|arithmetic:s06:r2|arithmetic:s06:r3
loso,arithmetic,6,seed_invariant,4,True,True,14,56,13,52,1,4,1,4,9506,666,590,1|2|3|5|7|8|9|10|11|12|13|14|15,4,arithmetic:s01:r0|arithmetic:s01:r1|arithmetic:s01:r2|arithmetic:s01:r3|arithmetic:s02:r0|arithmetic:s02:r1|arithmetic:s02:r2|arithmetic:s02:r3|arithmetic:s03:r0|arithmetic:s03:r1|arithmetic:s03:r2|arithmetic:s03:r3|arithmetic:s05:r0|arithmetic:s05:r1|arithmetic:s05:r2|arithmetic:s05:r3|arithmetic:s07:r0|arithmetic:s07:r1|arithmetic:s07:r2|arithmetic:s07:r3|arithmetic:s08:r0|arithmetic:s08:r1|arithmetic:s08:r2|arithmetic:s08:r3|arithmetic:s09:r0|arithmetic:s09:r1|arithmetic:s09:r2|arithmetic:s09:r3|arithmetic:s10:r0|arithmetic:s10:r1|arithmetic:s10:r2|arithmetic:s10:r3|arithmetic:s11:r0|arithmetic:s11:r1|arithmetic:s11:r2|arithmetic:s11:r3|arithmetic:s12:r0|arithmetic:s12:r1|arithmetic:s12:r2|arithmetic:s12:r3|arithmetic:s13:r0|arithmetic:s13:r1|arithmetic:s13:r2|arithmetic:s13:r3|arithmetic:s14:r0|arithmetic:s14:r1|arithmetic:s14:r2|arithmetic:s14:r3|arithmetic:s15:r0|arithmetic:s15:r1|arithmetic:s15:r2|arithmetic:s15:r3,arithmetic:s04:r0|arithmetic:s04:r1|arithmetic:s04:r2|arithmetic:s04:r3,arithmetic:s06:r0|arithmetic:s06:r1|arithmetic:s06:r2|arithmetic:s06:r3
loso,arithmetic,6,seed_invariant,5,True,True,14,56,13,52,1,4,1,4,9345,827,590,1|2|3|4|7|8|9|10|11|12|13|14|15,5,arithmetic:s01:r0|arithmetic:s01:r1|arithmetic:s01:r2|arithmetic:s01:r3|arithmetic:s02:r0|arithmetic:s02:r1|arithmetic:s02:r2|arithmetic:s02:r3|arithmetic:s03:r0|arithmetic:s03:r1|arithmetic:s03:r2|arithmetic:s03:r3|arithmetic:s04:r0|arithmetic:s04:r1|arithmetic:s04:r2|arithmetic:s04:r3|arithmetic:s07:r0|arithmetic:s07:r1|arithmetic:s07:r2|arithmetic:s07:r3|arithmetic:s08:r0|arithmetic:s08:r1|arithmetic:s08:r2|arithmetic:s08:r3|arithmetic:s09:r0|arithmetic:s09:r1|arithmetic:s09:r2|arithmetic:s09:r3|arithmetic:s10:r0|arithmetic:s10:r1|arithmetic:s10:r2|arithmetic:s10:r3|arithmetic:s11:r0|arithmetic:s11:r1|arithmetic:s11:r2|arithmetic:s11:r3|arithmetic:s12:r0|arithmetic:s12:r1|arithmetic:s12:r2|arithmetic:s12:r3|arithmetic:s13:r0|arithmetic:s13:r1|arithmetic:s13:r2|arithmetic:s13:r3|arithmetic:s14:r0|arithmetic:s14:r1|arithmetic:s14:r2|arithmetic:s14:r3|arithmetic:s15:r0|arithmetic:s15:r1|arithmetic:s15:r2|arithmetic:s15:r3,arithmetic:s05:r0|arithmetic:s05:r1|arithmetic:s05:r2|arithmetic:s05:r3,arithmetic:s06:r0|arithmetic:s06:r1|arithmetic:s06:r2|arithmetic:s06:r3
loso,arithmetic,6,seed_invariant,6,True,True,14,56,13,52,1,4,1,4,9819,353,590,1|2|3|4|5|8|9|10|11|12|13|14|15,7,arithmetic:s01:r0|arithmetic:s01:r1|arithmetic:s01:r2|arithmetic:s01:r3|arithmetic:s02:r0|arithmetic:s02:r1|arithmetic:s02:r2|arithmetic:s02:r3|arithmetic:s03:r0|arithmetic:s03:r1|arithmetic:s03:r2|arithmetic:s03:r3|arithmetic:s04:r0|arithmetic:s04:r1|arithmetic:s04:r2|arithmetic:s04:r3|arithmetic:s05:r0|arithmetic:s05:r1|arithmetic:s05:r2|arithmetic:s05:r3|arithmetic:s08:r0|arithmetic:s08:r1|arithmetic:s08:r2|arithmetic:s08:r3|arithmetic:s09:r0|arithmetic:s09:r1|arithmetic:s09:r2|arithmetic:s09:r3|arithmetic:s10:r0|arithmetic:s10:r1|arithmetic:s10:r2|arithmetic:s10:r3|arithmetic:s11:r0|arithmetic:s11:r1|arithmetic:s11:r2|arithmetic:s11:r3|arithmetic:s12:r0|arithmetic:s12:r1|arithmetic:s12:r2|arithmetic:s12:r3|arithmetic:s13:r0|arithmetic:s13:r1|arithmetic:s13:r2|arithmetic:s13:r3|arithmetic:s14:r0|arithmetic:s14:r1|arithmetic:s14:r2|arithmetic:s14:r3|arithmetic:s15:r0|arithmetic:s15:r1|arithmetic:s15:r2|arithmetic:s15:r3,arithmetic:s07:r0|arithmetic:s07:r1|arithmetic:s07:r2|arithmetic:s07:r3,arithmetic:s06:r0|arithmetic:s06:r1|arithmetic:s06:r2|arithmetic:s06:r3
loso,arithmetic,6,seed_invariant,7,True,True,14,56,13,52,1,4,1,4,9134,1038,590,1|2|3|4|5|7|9|10|11|12|13|14|15,8,arithmetic:s01:r0|arithmetic:s01:r1|arithmetic:s01:r2|arithmetic:s01:r3|arithmetic:s02:r0|arithmetic:s02:r1|arithmetic:s02:r2|arithmetic:s02:r3|arithmetic:s03:r0|arithmetic:s03:r1|arithmetic:s03:r2|arithmetic:s03:r3|arithmetic:s04:r0|arithmetic:s04:r1|arithmetic:s04:r2|arithmetic:s04:r3|arithmetic:s05:r0|arithmetic:s05:r1|arithmetic:s05:r2|arithmetic:s05:r3|arithmetic:s07:r0|arithmetic:s07:r1|arithmetic:s07:r2|arithmetic:s07:r3|arithmetic:s09:r0|arithmetic:s09:r1|arithmetic:s09:r2|arithmetic:s09:r3|arithmetic:s10:r0|arithmetic:s10:r1|arithmetic:s10:r2|arithmetic:s10:r3|arithmetic:s11:r0|arithmetic:s11:r1|arithmetic:s11:r2|arithmetic:s11:r3|arithmetic:s12:r0|arithmetic:s12:r1|arithmetic:s12:r2|arithmetic:s12:r3|arithmetic:s13:r0|arithmetic:s13:r1|arithmetic:s13:r2|arithmetic:s13:r3|arithmetic:s14:r0|arithmetic:s14:r1|arithmetic:s14:r2|arithmetic:s14:r3|arithmetic:s15:r0|arithmetic:s15:r1|arithmetic:s15:r2|arithmetic:s15:r3,arithmetic:s08:r0|arithmetic:s08:r1|arithmetic:s08:r2|arithmetic:s08:r3,arithmetic:s06:r0|arithmetic:s06:r1|arithmetic:s06:r2|arithmetic:s06:r3
loso,arithmetic,6,seed_invariant,8,True,True,14,56,13,52,1,4,1,4,9093,1079,590,1|2|3|4|5|7|8|10|11|12|13|14|15,9,arithmetic:s01:r0|arithmetic:s01:r1|arithmetic:s01:r2|arithmetic:s01:r3|arithmetic:s02:r0|arithmetic:s02:r1|arithmetic:s02:r2|arithmetic:s02:r3|arithmetic:s03:r0|arithmetic:s03:r1|arithmetic:s03:r2|arithmetic:s03:r3|arithmetic:s04:r0|arithmetic:s04:r1|arithmetic:s04:r2|arithmetic:s04:r3|arithmetic:s05:r0|arithmetic:s05:r1|arithmetic:s05:r2|arithmetic:s05:r3|arithmetic:s07:r0|arithmetic:s07:r1|arithmetic:s07:r2|arithmetic:s07:r3|arithmetic:s08:r0|arithmetic:s08:r1|arithmetic:s08:r2|arithmetic:s08:r3|arithmetic:s10:r0|arithmetic:s10:r1|arithmetic:s10:r2|arithmetic:s10:r3|arithmetic:s11:r0|arithmetic:s11:r1|arithmetic:s11:r2|arithmetic:s11:r3|arithmetic:s12:r0|arithmetic:s12:r1|arithmetic:s12:r2|arithmetic:s12:r3|arithmetic:s13:r0|arithmetic:s13:r1|arithmetic:s13:r2|arithmetic:s13:r3|arithmetic:s14:r0|arithmetic:s14:r1|arithmetic:s14:r2|arithmetic:s14:r3|arithmetic:s15:r0|arithmetic:s15:r1|arithmetic:s15:r2|arithmetic:s15:r3,arithmetic:s09:r0|arithmetic:s09:r1|arithmetic:s09:r2|arithmetic:s09:r3,arithmetic:s06:r0|arithmetic:s06:r1|arithmetic:s06:r2|arithmetic:s06:r3
loso,arithmetic,6,seed_invariant,9,True,True,14,56,13,52,1,4,1,4,9634,538,590,1|2|3|4|5|7|8|9|11|12|13|14|15,10,arithmetic:s01:r0|arithmetic:s01:r1|arithmetic:s01:r2|arithmetic:s01:r3|arithmetic:s02:r0|arithmetic:s02:r1|arithmetic:s02:r2|arithmetic:s02:r3|arithmetic:s03:r0|arithmetic:s03:r1|arithmetic:s03:r2|arithmetic:s03:r3|arithmetic:s04:r0|arithmetic:s04:r1|arithmetic:s04:r2|arithmetic:s04:r3|arithmetic:s05:r0|arithmetic:s05:r1|arithmetic:s05:r2|arithmetic:s05:r3|arithmetic:s07:r0|arithmetic:s07:r1|arithmetic:s07:r2|arithmetic:s07:r3|arithmetic:s08:r0|arithmetic:s08:r1|arithmetic:s08:r2|arithmetic:s08:r3|arithmetic:s09:r0|arithmetic:s09:r1|arithmetic:s09:r2|arithmetic:s09:r3|arithmetic:s11:r0|arithmetic:s11:r1|arithmetic:s11:r2|arithmetic:s11:r3|arithmetic:s12:r0|arithmetic:s12:r1|arithmetic:s12:r2|arithmetic:s12:r3|arithmetic:s13:r0|arithmetic:s13:r1|arithmetic:s13:r2|arithmetic:s13:r3|arithmetic:s14:r0|arithmetic:s14:r1|arithmetic:s14:r2|arithmetic:s14:r3|arithmetic:s15:r0|arithmetic:s15:r1|arithmetic:s15:r2|arithmetic:s15:r3,arithmetic:s10:r0|arithmetic:s10:r1|arithmetic:s10:r2|arithmetic:s10:r3,arithmetic:s06:r0|arithmetic:s06:r1|arithmetic:s06:r2|arithmetic:s06:r3
loso,arithmetic,6,seed_invariant,10,True,True,14,56,13,52,1,4,1,4,9400,772,590,1|2|3|4|5|7|8|9|10|12|13|14|15,11,arithmetic:s01:r0|arithmetic:s01:r1|arithmetic:s01:r2|arithmetic:s01:r3|arithmetic:s02:r0|arithmetic:s02:r1|arithmetic:s02:r2|arithmetic:s02:r3|arithmetic:s03:r0|arithmetic:s03:r1|arithmetic:s03:r2|arithmetic:s03:r3|arithmetic:s04:r0|arithmetic:s04:r1|arithmetic:s04:r2|arithmetic:s04:r3|arithmetic:s05:r0|arithmetic:s05:r1|arithmetic:s05:r2|arithmetic:s05:r3|arithmetic:s07:r0|arithmetic:s07:r1|arithmetic:s07:r2|arithmetic:s07:r3|arithmetic:s08:r0|arithmetic:s08:r1|arithmetic:s08:r2|arithmetic:s08:r3|arithmetic:s09:r0|arithmetic:s09:r1|arithmetic:s09:r2|arithmetic:s09:r3|arithmetic:s10:r0|arithmetic:s10:r1|arithmetic:s10:r2|arithmetic:s10:r3|arithmetic:s12:r0|arithmetic:s12:r1|arithmetic:s12:r2|arithmetic:s12:r3|arithmetic:s13:r0|arithmetic:s13:r1|arithmetic:s13:r2|arithmetic:s13:r3|arithmetic:s14:r0|arithmetic:s14:r1|arithmetic:s14:r2|arithmetic:s14:r3|arithmetic:s15:r0|arithmetic:s15:r1|arithmetic:s15:r2|arithmetic:s15:r3,arithmetic:s11:r0|arithmetic:s11:r1|arithmetic:s11:r2|arithmetic:s11:r3,arithmetic:s06:r0|arithmetic:s06:r1|arithmetic:s06:r2|arithmetic:s06:r3
loso,arithmetic,6,seed_invariant,11,True,True,14,56,13,52,1,4,1,4,9517,655,590,1|2|3|4|5|7|8|9|10|11|13|14|15,12,arithmetic:s01:r0|arithmetic:s01:r1|arithmetic:s01:r2|arithmetic:s01:r3|arithmetic:s02:r0|arithmetic:s02:r1|arithmetic:s02:r2|arithmetic:s02:r3|arithmetic:s03:r0|arithmetic:s03:r1|arithmetic:s03:r2|arithmetic:s03:r3|arithmetic:s04:r0|arithmetic:s04:r1|arithmetic:s04:r2|arithmetic:s04:r3|arithmetic:s05:r0|arithmetic:s05:r1|arithmetic:s05:r2|arithmetic:s05:r3|arithmetic:s07:r0|arithmetic:s07:r1|arithmetic:s07:r2|arithmetic:s07:r3|arithmetic:s08:r0|arithmetic:s08:r1|arithmetic:s08:r2|arithmetic:s08:r3|arithmetic:s09:r0|arithmetic:s09:r1|arithmetic:s09:r2|arithmetic:s09:r3|arithmetic:s10:r0|arithmetic:s10:r1|arithmetic:s10:r2|arithmetic:s10:r3|arithmetic:s11:r0|arithmetic:s11:r1|arithmetic:s11:r2|arithmetic:s11:r3|arithmetic:s13:r0|arithmetic:s13:r1|arithmetic:s13:r2|arithmetic:s13:r3|arithmetic:s14:r0|arithmetic:s14:r1|arithmetic:s14:r2|arithmetic:s14:r3|arithmetic:s15:r0|arithmetic:s15:r1|arithmetic:s15:r2|arithmetic:s15:r3,arithmetic:s12:r0|arithmetic:s12:r1|arithmetic:s12:r2|arithmetic:s12:r3,arithmetic:s06:r0|arithmetic:s06:r1|arithmetic:s06:r2|arithmetic:s06:r3
loso,arithmetic,6,seed_invariant,12,True,True,14,56,13,52,1,4,1,4,9502,670,590,1|2|3|4|5|7|8|9|10|11|12|14|15,13,arithmetic:s01:r0|arithmetic:s01:r1|arithmetic:s01:r2|arithmetic:s01:r3|arithmetic:s02:r0|arithmetic:s02:r1|arithmetic:s02:r2|arithmetic:s02:r3|arithmetic:s03:r0|arithmetic:s03:r1|arithmetic:s03:r2|arithmetic:s03:r3|arithmetic:s04:r0|arithmetic:s04:r1|arithmetic:s04:r2|arithmetic:s04:r3|arithmetic:s05:r0|arithmetic:s05:r1|arithmetic:s05:r2|arithmetic:s05:r3|arithmetic:s07:r0|arithmetic:s07:r1|arithmetic:s07:r2|arithmetic:s07:r3|arithmetic:s08:r0|arithmetic:s08:r1|arithmetic:s08:r2|arithmetic:s08:r3|arithmetic:s09:r0|arithmetic:s09:r1|arithmetic:s09:r2|arithmetic:s09:r3|arithmetic:s10:r0|arithmetic:s10:r1|arithmetic:s10:r2|arithmetic:s10:r3|arithmetic:s11:r0|arithmetic:s11:r1|arithmetic:s11:r2|arithmetic:s11:r3|arithmetic:s12:r0|arithmetic:s12:r1|arithmetic:s12:r2|arithmetic:s12:r3|arithmetic:s14:r0|arithmetic:s14:r1|arithmetic:s14:r2|arithmetic:s14:r3|arithmetic:s15:r0|arithmetic:s15:r1|arithmetic:s15:r2|arithmetic:s15:r3,arithmetic:s13:r0|arithmetic:s13:r1|arithmetic:s13:r2|arithmetic:s13:r3,arithmetic:s06:r0|arithmetic:s06:r1|arithmetic:s06:r2|arithmetic:s06:r3
loso,arithmetic,6,seed_invariant,13,True,True,14,56,13,52,1,4,1,4,9578,594,590,1|2|3|4|5|7|8|9|10|11|12|13|15,14,arithmetic:s01:r0|arithmetic:s01:r1|arithmetic:s01:r2|arithmetic:s01:r3|arithmetic:s02:r0|arithmetic:s02:r1|arithmetic:s02:r2|arithmetic:s02:r3|arithmetic:s03:r0|arithmetic:s03:r1|arithmetic:s03:r2|arithmetic:s03:r3|arithmetic:s04:r0|arithmetic:s04:r1|arithmetic:s04:r2|arithmetic:s04:r3|arithmetic:s05:r0|arithmetic:s05:r1|arithmetic:s05:r2|arithmetic:s05:r3|arithmetic:s07:r0|arithmetic:s07:r1|arithmetic:s07:r2|arithmetic:s07:r3|arithmetic:s08:r0|arithmetic:s08:r1|arithmetic:s08:r2|arithmetic:s08:r3|arithmetic:s09:r0|arithmetic:s09:r1|arithmetic:s09:r2|arithmetic:s09:r3|arithmetic:s10:r0|arithmetic:s10:r1|arithmetic:s10:r2|arithmetic:s10:r3|arithmetic:s11:r0|arithmetic:s11:r1|arithmetic:s11:r2|arithmetic:s11:r3|arithmetic:s12:r0|arithmetic:s12:r1|arithmetic:s12:r2|arithmetic:s12:r3|arithmetic:s13:r0|arithmetic:s13:r1|arithmetic:s13:r2|arithmetic:s13:r3|arithmetic:s15:r0|arithmetic:s15:r1|arithmetic:s15:r2|arithmetic:s15:r3,arithmetic:s14:r0|arithmetic:s14:r1|arithmetic:s14:r2|arithmetic:s14:r3,arithmetic:s06:r0|arithmetic:s06:r1|arithmetic:s06:r2|arithmetic:s06:r3
loso,arithmetic,6,seed_invariant,14,True,True,14,56,13,52,1,4,1,4,9445,727,590,1|2|3|4|5|7|8|9|10|11|12|13|14,15,arithmetic:s01:r0|arithmetic:s01:r1|arithmetic:s01:r2|arithmetic:s01:r3|arithmetic:s02:r0|arithmetic:s02:r1|arithmetic:s02:r2|arithmetic:s02:r3|arithmetic:s03:r0|arithmetic:s03:r1|arithmetic:s03:r2|arithmetic:s03:r3|arithmetic:s04:r0|arithmetic:s04:r1|arithmetic:s04:r2|arithmetic:s04:r3|arithmetic:s05:r0|arithmetic:s05:r1|arithmetic:s05:r2|arithmetic:s05:r3|arithmetic:s07:r0|arithmetic:s07:r1|arithmetic:s07:r2|arithmetic:s07:r3|arithmetic:s08:r0|arithmetic:s08:r1|arithmetic:s08:r2|arithmetic:s08:r3|arithmetic:s09:r0|arithmetic:s09:r1|arithmetic:s09:r2|arithmetic:s09:r3|arithmetic:s10:r0|arithmetic:s10:r1|arithmetic:s10:r2|arithmetic:s10:r3|arithmetic:s11:r0|arithmetic:s11:r1|arithmetic:s11:r2|arithmetic:s11:r3|arithmetic:s12:r0|arithmetic:s12:r1|arithmetic:s12:r2|arithmetic:s12:r3|arithmetic:s13:r0|arithmetic:s13:r1|arithmetic:s13:r2|arithmetic:s13:r3|arithmetic:s14:r0|arithmetic:s14:r1|arithmetic:s14:r2|arithmetic:s14:r3,arithmetic:s15:r0|arithmetic:s15:r1|arithmetic:s15:r2|arithmetic:s15:r3,arithmetic:s06:r0|arithmetic:s06:r1|arithmetic:s06:r2|arithmetic:s06:r3
loso,arithmetic,7,seed_invariant,1,True,True,14,56,13,52,1,4,1,4,9713,696,353,2|3|4|5|6|8|9|10|11|12|13|14|15,1,arithmetic:s02:r0|arithmetic:s02:r1|arithmetic:s02:r2|arithmetic:s02:r3|arithmetic:s03:r0|arithmetic:s03:r1|arithmetic:s03:r2|arithmetic:s03:r3|arithmetic:s04:r0|arithmetic:s04:r1|arithmetic:s04:r2|arithmetic:s04:r3|arithmetic:s05:r0|arithmetic:s05:r1|arithmetic:s05:r2|arithmetic:s05:r3|arithmetic:s06:r0|arithmetic:s06:r1|arithmetic:s06:r2|arithmetic:s06:r3|arithmetic:s08:r0|arithmetic:s08:r1|arithmetic:s08:r2|arithmetic:s08:r3|arithmetic:s09:r0|arithmetic:s09:r1|arithmetic:s09:r2|arithmetic:s09:r3|arithmetic:s10:r0|arithmetic:s10:r1|arithmetic:s10:r2|arithmetic:s10:r3|arithmetic:s11:r0|arithmetic:s11:r1|arithmetic:s11:r2|arithmetic:s11:r3|arithmetic:s12:r0|arithmetic:s12:r1|arithmetic:s12:r2|arithmetic:s12:r3|arithmetic:s13:r0|arithmetic:s13:r1|arithmetic:s13:r2|arithmetic:s13:r3|arithmetic:s14:r0|arithmetic:s14:r1|arithmetic:s14:r2|arithmetic:s14:r3|arithmetic:s15:r0|arithmetic:s15:r1|arithmetic:s15:r2|arithmetic:s15:r3,arithmetic:s01:r0|arithmetic:s01:r1|arithmetic:s01:r2|arithmetic:s01:r3,arithmetic:s07:r0|arithmetic:s07:r1|arithmetic:s07:r2|arithmetic:s07:r3
loso,arithmetic,7,seed_invariant,2,True,True,14,56,13,52,1,4,1,4,9421,988,353,1|3|4|5|6|8|9|10|11|12|13|14|15,2,arithmetic:s01:r0|arithmetic:s01:r1|arithmetic:s01:r2|arithmetic:s01:r3|arithmetic:s03:r0|arithmetic:s03:r1|arithmetic:s03:r2|arithmetic:s03:r3|arithmetic:s04:r0|arithmetic:s04:r1|arithmetic:s04:r2|arithmetic:s04:r3|arithmetic:s05:r0|arithmetic:s05:r1|arithmetic:s05:r2|arithmetic:s05:r3|arithmetic:s06:r0|arithmetic:s06:r1|arithmetic:s06:r2|arithmetic:s06:r3|arithmetic:s08:r0|arithmetic:s08:r1|arithmetic:s08:r2|arithmetic:s08:r3|arithmetic:s09:r0|arithmetic:s09:r1|arithmetic:s09:r2|arithmetic:s09:r3|arithmetic:s10:r0|arithmetic:s10:r1|arithmetic:s10:r2|arithmetic:s10:r3|arithmetic:s11:r0|arithmetic:s11:r1|arithmetic:s11:r2|arithmetic:s11:r3|arithmetic:s12:r0|arithmetic:s12:r1|arithmetic:s12:r2|arithmetic:s12:r3|arithmetic:s13:r0|arithmetic:s13:r1|arithmetic:s13:r2|arithmetic:s13:r3|arithmetic:s14:r0|arithmetic:s14:r1|arithmetic:s14:r2|arithmetic:s14:r3|arithmetic:s15:r0|arithmetic:s15:r1|arithmetic:s15:r2|arithmetic:s15:r3,arithmetic:s02:r0|arithmetic:s02:r1|arithmetic:s02:r2|arithmetic:s02:r3,arithmetic:s07:r0|arithmetic:s07:r1|arithmetic:s07:r2|arithmetic:s07:r3
loso,arithmetic,7,seed_invariant,3,True,True,14,56,13,52,1,4,1,4,9840,569,353,1|2|4|5|6|8|9|10|11|12|13|14|15,3,arithmetic:s01:r0|arithmetic:s01:r1|arithmetic:s01:r2|arithmetic:s01:r3|arithmetic:s02:r0|arithmetic:s02:r1|arithmetic:s02:r2|arithmetic:s02:r3|arithmetic:s04:r0|arithmetic:s04:r1|arithmetic:s04:r2|arithmetic:s04:r3|arithmetic:s05:r0|arithmetic:s05:r1|arithmetic:s05:r2|arithmetic:s05:r3|arithmetic:s06:r0|arithmetic:s06:r1|arithmetic:s06:r2|arithmetic:s06:r3|arithmetic:s08:r0|arithmetic:s08:r1|arithmetic:s08:r2|arithmetic:s08:r3|arithmetic:s09:r0|arithmetic:s09:r1|arithmetic:s09:r2|arithmetic:s09:r3|arithmetic:s10:r0|arithmetic:s10:r1|arithmetic:s10:r2|arithmetic:s10:r3|arithmetic:s11:r0|arithmetic:s11:r1|arithmetic:s11:r2|arithmetic:s11:r3|arithmetic:s12:r0|arithmetic:s12:r1|arithmetic:s12:r2|arithmetic:s12:r3|arithmetic:s13:r0|arithmetic:s13:r1|arithmetic:s13:r2|arithmetic:s13:r3|arithmetic:s14:r0|arithmetic:s14:r1|arithmetic:s14:r2|arithmetic:s14:r3|arithmetic:s15:r0|arithmetic:s15:r1|arithmetic:s15:r2|arithmetic:s15:r3,arithmetic:s03:r0|arithmetic:s03:r1|arithmetic:s03:r2|arithmetic:s03:r3,arithmetic:s07:r0|arithmetic:s07:r1|arithmetic:s07:r2|arithmetic:s07:r3
loso,arithmetic,7,seed_invariant,4,True,True,14,56,13,52,1,4,1,4,9743,666,353,1|2|3|5|6|8|9|10|11|12|13|14|15,4,arithmetic:s01:r0|arithmetic:s01:r1|arithmetic:s01:r2|arithmetic:s01:r3|arithmetic:s02:r0|arithmetic:s02:r1|arithmetic:s02:r2|arithmetic:s02:r3|arithmetic:s03:r0|arithmetic:s03:r1|arithmetic:s03:r2|arithmetic:s03:r3|arithmetic:s05:r0|arithmetic:s05:r1|arithmetic:s05:r2|arithmetic:s05:r3|arithmetic:s06:r0|arithmetic:s06:r1|arithmetic:s06:r2|arithmetic:s06:r3|arithmetic:s08:r0|arithmetic:s08:r1|arithmetic:s08:r2|arithmetic:s08:r3|arithmetic:s09:r0|arithmetic:s09:r1|arithmetic:s09:r2|arithmetic:s09:r3|arithmetic:s10:r0|arithmetic:s10:r1|arithmetic:s10:r2|arithmetic:s10:r3|arithmetic:s11:r0|arithmetic:s11:r1|arithmetic:s11:r2|arithmetic:s11:r3|arithmetic:s12:r0|arithmetic:s12:r1|arithmetic:s12:r2|arithmetic:s12:r3|arithmetic:s13:r0|arithmetic:s13:r1|arithmetic:s13:r2|arithmetic:s13:r3|arithmetic:s14:r0|arithmetic:s14:r1|arithmetic:s14:r2|arithmetic:s14:r3|arithmetic:s15:r0|arithmetic:s15:r1|arithmetic:s15:r2|arithmetic:s15:r3,arithmetic:s04:r0|arithmetic:s04:r1|arithmetic:s04:r2|arithmetic:s04:r3,arithmetic:s07:r0|arithmetic:s07:r1|arithmetic:s07:r2|arithmetic:s07:r3
loso,arithmetic,7,seed_invariant,5,True,True,14,56,13,52,1,4,1,4,9582,827,353,1|2|3|4|6|8|9|10|11|12|13|14|15,5,arithmetic:s01:r0|arithmetic:s01:r1|arithmetic:s01:r2|arithmetic:s01:r3|arithmetic:s02:r0|arithmetic:s02:r1|arithmetic:s02:r2|arithmetic:s02:r3|arithmetic:s03:r0|arithmetic:s03:r1|arithmetic:s03:r2|arithmetic:s03:r3|arithmetic:s04:r0|arithmetic:s04:r1|arithmetic:s04:r2|arithmetic:s04:r3|arithmetic:s06:r0|arithmetic:s06:r1|arithmetic:s06:r2|arithmetic:s06:r3|arithmetic:s08:r0|arithmetic:s08:r1|arithmetic:s08:r2|arithmetic:s08:r3|arithmetic:s09:r0|arithmetic:s09:r1|arithmetic:s09:r2|arithmetic:s09:r3|arithmetic:s10:r0|arithmetic:s10:r1|arithmetic:s10:r2|arithmetic:s10:r3|arithmetic:s11:r0|arithmetic:s11:r1|arithmetic:s11:r2|arithmetic:s11:r3|arithmetic:s12:r0|arithmetic:s12:r1|arithmetic:s12:r2|arithmetic:s12:r3|arithmetic:s13:r0|arithmetic:s13:r1|arithmetic:s13:r2|arithmetic:s13:r3|arithmetic:s14:r0|arithmetic:s14:r1|arithmetic:s14:r2|arithmetic:s14:r3|arithmetic:s15:r0|arithmetic:s15:r1|arithmetic:s15:r2|arithmetic:s15:r3,arithmetic:s05:r0|arithmetic:s05:r1|arithmetic:s05:r2|arithmetic:s05:r3,arithmetic:s07:r0|arithmetic:s07:r1|arithmetic:s07:r2|arithmetic:s07:r3
loso,arithmetic,7,seed_invariant,6,True,True,14,56,13,52,1,4,1,4,9819,590,353,1|2|3|4|5|8|9|10|11|12|13|14|15,6,arithmetic:s01:r0|arithmetic:s01:r1|arithmetic:s01:r2|arithmetic:s01:r3|arithmetic:s02:r0|arithmetic:s02:r1|arithmetic:s02:r2|arithmetic:s02:r3|arithmetic:s03:r0|arithmetic:s03:r1|arithmetic:s03:r2|arithmetic:s03:r3|arithmetic:s04:r0|arithmetic:s04:r1|arithmetic:s04:r2|arithmetic:s04:r3|arithmetic:s05:r0|arithmetic:s05:r1|arithmetic:s05:r2|arithmetic:s05:r3|arithmetic:s08:r0|arithmetic:s08:r1|arithmetic:s08:r2|arithmetic:s08:r3|arithmetic:s09:r0|arithmetic:s09:r1|arithmetic:s09:r2|arithmetic:s09:r3|arithmetic:s10:r0|arithmetic:s10:r1|arithmetic:s10:r2|arithmetic:s10:r3|arithmetic:s11:r0|arithmetic:s11:r1|arithmetic:s11:r2|arithmetic:s11:r3|arithmetic:s12:r0|arithmetic:s12:r1|arithmetic:s12:r2|arithmetic:s12:r3|arithmetic:s13:r0|arithmetic:s13:r1|arithmetic:s13:r2|arithmetic:s13:r3|arithmetic:s14:r0|arithmetic:s14:r1|arithmetic:s14:r2|arithmetic:s14:r3|arithmetic:s15:r0|arithmetic:s15:r1|arithmetic:s15:r2|arithmetic:s15:r3,arithmetic:s06:r0|arithmetic:s06:r1|arithmetic:s06:r2|arithmetic:s06:r3,arithmetic:s07:r0|arithmetic:s07:r1|arithmetic:s07:r2|arithmetic:s07:r3
loso,arithmetic,7,seed_invariant,7,True,True,14,56,13,52,1,4,1,4,9371,1038,353,1|2|3|4|5|6|9|10|11|12|13|14|15,8,arithmetic:s01:r0|arithmetic:s01:r1|arithmetic:s01:r2|arithmetic:s01:r3|arithmetic:s02:r0|arithmetic:s02:r1|arithmetic:s02:r2|arithmetic:s02:r3|arithmetic:s03:r0|arithmetic:s03:r1|arithmetic:s03:r2|arithmetic:s03:r3|arithmetic:s04:r0|arithmetic:s04:r1|arithmetic:s04:r2|arithmetic:s04:r3|arithmetic:s05:r0|arithmetic:s05:r1|arithmetic:s05:r2|arithmetic:s05:r3|arithmetic:s06:r0|arithmetic:s06:r1|arithmetic:s06:r2|arithmetic:s06:r3|arithmetic:s09:r0|arithmetic:s09:r1|arithmetic:s09:r2|arithmetic:s09:r3|arithmetic:s10:r0|arithmetic:s10:r1|arithmetic:s10:r2|arithmetic:s10:r3|arithmetic:s11:r0|arithmetic:s11:r1|arithmetic:s11:r2|arithmetic:s11:r3|arithmetic:s12:r0|arithmetic:s12:r1|arithmetic:s12:r2|arithmetic:s12:r3|arithmetic:s13:r0|arithmetic:s13:r1|arithmetic:s13:r2|arithmetic:s13:r3|arithmetic:s14:r0|arithmetic:s14:r1|arithmetic:s14:r2|arithmetic:s14:r3|arithmetic:s15:r0|arithmetic:s15:r1|arithmetic:s15:r2|arithmetic:s15:r3,arithmetic:s08:r0|arithmetic:s08:r1|arithmetic:s08:r2|arithmetic:s08:r3,arithmetic:s07:r0|arithmetic:s07:r1|arithmetic:s07:r2|arithmetic:s07:r3
loso,arithmetic,7,seed_invariant,8,True,True,14,56,13,52,1,4,1,4,9330,1079,353,1|2|3|4|5|6|8|10|11|12|13|14|15,9,arithmetic:s01:r0|arithmetic:s01:r1|arithmetic:s01:r2|arithmetic:s01:r3|arithmetic:s02:r0|arithmetic:s02:r1|arithmetic:s02:r2|arithmetic:s02:r3|arithmetic:s03:r0|arithmetic:s03:r1|arithmetic:s03:r2|arithmetic:s03:r3|arithmetic:s04:r0|arithmetic:s04:r1|arithmetic:s04:r2|arithmetic:s04:r3|arithmetic:s05:r0|arithmetic:s05:r1|arithmetic:s05:r2|arithmetic:s05:r3|arithmetic:s06:r0|arithmetic:s06:r1|arithmetic:s06:r2|arithmetic:s06:r3|arithmetic:s08:r0|arithmetic:s08:r1|arithmetic:s08:r2|arithmetic:s08:r3|arithmetic:s10:r0|arithmetic:s10:r1|arithmetic:s10:r2|arithmetic:s10:r3|arithmetic:s11:r0|arithmetic:s11:r1|arithmetic:s11:r2|arithmetic:s11:r3|arithmetic:s12:r0|arithmetic:s12:r1|arithmetic:s12:r2|arithmetic:s12:r3|arithmetic:s13:r0|arithmetic:s13:r1|arithmetic:s13:r2|arithmetic:s13:r3|arithmetic:s14:r0|arithmetic:s14:r1|arithmetic:s14:r2|arithmetic:s14:r3|arithmetic:s15:r0|arithmetic:s15:r1|arithmetic:s15:r2|arithmetic:s15:r3,arithmetic:s09:r0|arithmetic:s09:r1|arithmetic:s09:r2|arithmetic:s09:r3,arithmetic:s07:r0|arithmetic:s07:r1|arithmetic:s07:r2|arithmetic:s07:r3
loso,arithmetic,7,seed_invariant,9,True,True,14,56,13,52,1,4,1,4,9871,538,353,1|2|3|4|5|6|8|9|11|12|13|14|15,10,arithmetic:s01:r0|arithmetic:s01:r1|arithmetic:s01:r2|arithmetic:s01:r3|arithmetic:s02:r0|arithmetic:s02:r1|arithmetic:s02:r2|arithmetic:s02:r3|arithmetic:s03:r0|arithmetic:s03:r1|arithmetic:s03:r2|arithmetic:s03:r3|arithmetic:s04:r0|arithmetic:s04:r1|arithmetic:s04:r2|arithmetic:s04:r3|arithmetic:s05:r0|arithmetic:s05:r1|arithmetic:s05:r2|arithmetic:s05:r3|arithmetic:s06:r0|arithmetic:s06:r1|arithmetic:s06:r2|arithmetic:s06:r3|arithmetic:s08:r0|arithmetic:s08:r1|arithmetic:s08:r2|arithmetic:s08:r3|arithmetic:s09:r0|arithmetic:s09:r1|arithmetic:s09:r2|arithmetic:s09:r3|arithmetic:s11:r0|arithmetic:s11:r1|arithmetic:s11:r2|arithmetic:s11:r3|arithmetic:s12:r0|arithmetic:s12:r1|arithmetic:s12:r2|arithmetic:s12:r3|arithmetic:s13:r0|arithmetic:s13:r1|arithmetic:s13:r2|arithmetic:s13:r3|arithmetic:s14:r0|arithmetic:s14:r1|arithmetic:s14:r2|arithmetic:s14:r3|arithmetic:s15:r0|arithmetic:s15:r1|arithmetic:s15:r2|arithmetic:s15:r3,arithmetic:s10:r0|arithmetic:s10:r1|arithmetic:s10:r2|arithmetic:s10:r3,arithmetic:s07:r0|arithmetic:s07:r1|arithmetic:s07:r2|arithmetic:s07:r3
loso,arithmetic,7,seed_invariant,10,True,True,14,56,13,52,1,4,1,4,9637,772,353,1|2|3|4|5|6|8|9|10|12|13|14|15,11,arithmetic:s01:r0|arithmetic:s01:r1|arithmetic:s01:r2|arithmetic:s01:r3|arithmetic:s02:r0|arithmetic:s02:r1|arithmetic:s02:r2|arithmetic:s02:r3|arithmetic:s03:r0|arithmetic:s03:r1|arithmetic:s03:r2|arithmetic:s03:r3|arithmetic:s04:r0|arithmetic:s04:r1|arithmetic:s04:r2|arithmetic:s04:r3|arithmetic:s05:r0|arithmetic:s05:r1|arithmetic:s05:r2|arithmetic:s05:r3|arithmetic:s06:r0|arithmetic:s06:r1|arithmetic:s06:r2|arithmetic:s06:r3|arithmetic:s08:r0|arithmetic:s08:r1|arithmetic:s08:r2|arithmetic:s08:r3|arithmetic:s09:r0|arithmetic:s09:r1|arithmetic:s09:r2|arithmetic:s09:r3|arithmetic:s10:r0|arithmetic:s10:r1|arithmetic:s10:r2|arithmetic:s10:r3|arithmetic:s12:r0|arithmetic:s12:r1|arithmetic:s12:r2|arithmetic:s12:r3|arithmetic:s13:r0|arithmetic:s13:r1|arithmetic:s13:r2|arithmetic:s13:r3|arithmetic:s14:r0|arithmetic:s14:r1|arithmetic:s14:r2|arithmetic:s14:r3|arithmetic:s15:r0|arithmetic:s15:r1|arithmetic:s15:r2|arithmetic:s15:r3,arithmetic:s11:r0|arithmetic:s11:r1|arithmetic:s11:r2|arithmetic:s11:r3,arithmetic:s07:r0|arithmetic:s07:r1|arithmetic:s07:r2|arithmetic:s07:r3
loso,arithmetic,7,seed_invariant,11,True,True,14,56,13,52,1,4,1,4,9754,655,353,1|2|3|4|5|6|8|9|10|11|13|14|15,12,arithmetic:s01:r0|arithmetic:s01:r1|arithmetic:s01:r2|arithmetic:s01:r3|arithmetic:s02:r0|arithmetic:s02:r1|arithmetic:s02:r2|arithmetic:s02:r3|arithmetic:s03:r0|arithmetic:s03:r1|arithmetic:s03:r2|arithmetic:s03:r3|arithmetic:s04:r0|arithmetic:s04:r1|arithmetic:s04:r2|arithmetic:s04:r3|arithmetic:s05:r0|arithmetic:s05:r1|arithmetic:s05:r2|arithmetic:s05:r3|arithmetic:s06:r0|arithmetic:s06:r1|arithmetic:s06:r2|arithmetic:s06:r3|arithmetic:s08:r0|arithmetic:s08:r1|arithmetic:s08:r2|arithmetic:s08:r3|arithmetic:s09:r0|arithmetic:s09:r1|arithmetic:s09:r2|arithmetic:s09:r3|arithmetic:s10:r0|arithmetic:s10:r1|arithmetic:s10:r2|arithmetic:s10:r3|arithmetic:s11:r0|arithmetic:s11:r1|arithmetic:s11:r2|arithmetic:s11:r3|arithmetic:s13:r0|arithmetic:s13:r1|arithmetic:s13:r2|arithmetic:s13:r3|arithmetic:s14:r0|arithmetic:s14:r1|arithmetic:s14:r2|arithmetic:s14:r3|arithmetic:s15:r0|arithmetic:s15:r1|arithmetic:s15:r2|arithmetic:s15:r3,arithmetic:s12:r0|arithmetic:s12:r1|arithmetic:s12:r2|arithmetic:s12:r3,arithmetic:s07:r0|arithmetic:s07:r1|arithmetic:s07:r2|arithmetic:s07:r3
loso,arithmetic,7,seed_invariant,12,True,True,14,56,13,52,1,4,1,4,9739,670,353,1|2|3|4|5|6|8|9|10|11|12|14|15,13,arithmetic:s01:r0|arithmetic:s01:r1|arithmetic:s01:r2|arithmetic:s01:r3|arithmetic:s02:r0|arithmetic:s02:r1|arithmetic:s02:r2|arithmetic:s02:r3|arithmetic:s03:r0|arithmetic:s03:r1|arithmetic:s03:r2|arithmetic:s03:r3|arithmetic:s04:r0|arithmetic:s04:r1|arithmetic:s04:r2|arithmetic:s04:r3|arithmetic:s05:r0|arithmetic:s05:r1|arithmetic:s05:r2|arithmetic:s05:r3|arithmetic:s06:r0|arithmetic:s06:r1|arithmetic:s06:r2|arithmetic:s06:r3|arithmetic:s08:r0|arithmetic:s08:r1|arithmetic:s08:r2|arithmetic:s08:r3|arithmetic:s09:r0|arithmetic:s09:r1|arithmetic:s09:r2|arithmetic:s09:r3|arithmetic:s10:r0|arithmetic:s10:r1|arithmetic:s10:r2|arithmetic:s10:r3|arithmetic:s11:r0|arithmetic:s11:r1|arithmetic:s11:r2|arithmetic:s11:r3|arithmetic:s12:r0|arithmetic:s12:r1|arithmetic:s12:r2|arithmetic:s12:r3|arithmetic:s14:r0|arithmetic:s14:r1|arithmetic:s14:r2|arithmetic:s14:r3|arithmetic:s15:r0|arithmetic:s15:r1|arithmetic:s15:r2|arithmetic:s15:r3,arithmetic:s13:r0|arithmetic:s13:r1|arithmetic:s13:r2|arithmetic:s13:r3,arithmetic:s07:r0|arithmetic:s07:r1|arithmetic:s07:r2|arithmetic:s07:r3
loso,arithmetic,7,seed_invariant,13,True,True,14,56,13,52,1,4,1,4,9815,594,353,1|2|3|4|5|6|8|9|10|11|12|13|15,14,arithmetic:s01:r0|arithmetic:s01:r1|arithmetic:s01:r2|arithmetic:s01:r3|arithmetic:s02:r0|arithmetic:s02:r1|arithmetic:s02:r2|arithmetic:s02:r3|arithmetic:s03:r0|arithmetic:s03:r1|arithmetic:s03:r2|arithmetic:s03:r3|arithmetic:s04:r0|arithmetic:s04:r1|arithmetic:s04:r2|arithmetic:s04:r3|arithmetic:s05:r0|arithmetic:s05:r1|arithmetic:s05:r2|arithmetic:s05:r3|arithmetic:s06:r0|arithmetic:s06:r1|arithmetic:s06:r2|arithmetic:s06:r3|arithmetic:s08:r0|arithmetic:s08:r1|arithmetic:s08:r2|arithmetic:s08:r3|arithmetic:s09:r0|arithmetic:s09:r1|arithmetic:s09:r2|arithmetic:s09:r3|arithmetic:s10:r0|arithmetic:s10:r1|arithmetic:s10:r2|arithmetic:s10:r3|arithmetic:s11:r0|arithmetic:s11:r1|arithmetic:s11:r2|arithmetic:s11:r3|arithmetic:s12:r0|arithmetic:s12:r1|arithmetic:s12:r2|arithmetic:s12:r3|arithmetic:s13:r0|arithmetic:s13:r1|arithmetic:s13:r2|arithmetic:s13:r3|arithmetic:s15:r0|arithmetic:s15:r1|arithmetic:s15:r2|arithmetic:s15:r3,arithmetic:s14:r0|arithmetic:s14:r1|arithmetic:s14:r2|arithmetic:s14:r3,arithmetic:s07:r0|arithmetic:s07:r1|arithmetic:s07:r2|arithmetic:s07:r3
loso,arithmetic,7,seed_invariant,14,True,True,14,56,13,52,1,4,1,4,9682,727,353,1|2|3|4|5|6|8|9|10|11|12|13|14,15,arithmetic:s01:r0|arithmetic:s01:r1|arithmetic:s01:r2|arithmetic:s01:r3|arithmetic:s02:r0|arithmetic:s02:r1|arithmetic:s02:r2|arithmetic:s02:r3|arithmetic:s03:r0|arithmetic:s03:r1|arithmetic:s03:r2|arithmetic:s03:r3|arithmetic:s04:r0|arithmetic:s04:r1|arithmetic:s04:r2|arithmetic:s04:r3|arithmetic:s05:r0|arithmetic:s05:r1|arithmetic:s05:r2|arithmetic:s05:r3|arithmetic:s06:r0|arithmetic:s06:r1|arithmetic:s06:r2|arithmetic:s06:r3|arithmetic:s08:r0|arithmetic:s08:r1|arithmetic:s08:r2|arithmetic:s08:r3|arithmetic:s09:r0|arithmetic:s09:r1|arithmetic:s09:r2|arithmetic:s09:r3|arithmetic:s10:r0|arithmetic:s10:r1|arithmetic:s10:r2|arithmetic:s10:r3|arithmetic:s11:r0|arithmetic:s11:r1|arithmetic:s11:r2|arithmetic:s11:r3|arithmetic:s12:r0|arithmetic:s12:r1|arithmetic:s12:r2|arithmetic:s12:r3|arithmetic:s13:r0|arithmetic:s13:r1|arithmetic:s13:r2|arithmetic:s13:r3|arithmetic:s14:r0|arithmetic:s14:r1|arithmetic:s14:r2|arithmetic:s14:r3,arithmetic:s15:r0|arithmetic:s15:r1|arithmetic:s15:r2|arithmetic:s15:r3,arithmetic:s07:r0|arithmetic:s07:r1|arithmetic:s07:r2|arithmetic:s07:r3
loso,arithmetic,8,seed_invariant,1,True,True,14,56,13,52,1,4,1,4,9028,696,1038,2|3|4|5|6|7|9|10|11|12|13|14|15,1,arithmetic:s02:r0|arithmetic:s02:r1|arithmetic:s02:r2|arithmetic:s02:r3|arithmetic:s03:r0|arithmetic:s03:r1|arithmetic:s03:r2|arithmetic:s03:r3|arithmetic:s04:r0|arithmetic:s04:r1|arithmetic:s04:r2|arithmetic:s04:r3|arithmetic:s05:r0|arithmetic:s05:r1|arithmetic:s05:r2|arithmetic:s05:r3|arithmetic:s06:r0|arithmetic:s06:r1|arithmetic:s06:r2|arithmetic:s06:r3|arithmetic:s07:r0|arithmetic:s07:r1|arithmetic:s07:r2|arithmetic:s07:r3|arithmetic:s09:r0|arithmetic:s09:r1|arithmetic:s09:r2|arithmetic:s09:r3|arithmetic:s10:r0|arithmetic:s10:r1|arithmetic:s10:r2|arithmetic:s10:r3|arithmetic:s11:r0|arithmetic:s11:r1|arithmetic:s11:r2|arithmetic:s11:r3|arithmetic:s12:r0|arithmetic:s12:r1|arithmetic:s12:r2|arithmetic:s12:r3|arithmetic:s13:r0|arithmetic:s13:r1|arithmetic:s13:r2|arithmetic:s13:r3|arithmetic:s14:r0|arithmetic:s14:r1|arithmetic:s14:r2|arithmetic:s14:r3|arithmetic:s15:r0|arithmetic:s15:r1|arithmetic:s15:r2|arithmetic:s15:r3,arithmetic:s01:r0|arithmetic:s01:r1|arithmetic:s01:r2|arithmetic:s01:r3,arithmetic:s08:r0|arithmetic:s08:r1|arithmetic:s08:r2|arithmetic:s08:r3
loso,arithmetic,8,seed_invariant,2,True,True,14,56,13,52,1,4,1,4,8736,988,1038,1|3|4|5|6|7|9|10|11|12|13|14|15,2,arithmetic:s01:r0|arithmetic:s01:r1|arithmetic:s01:r2|arithmetic:s01:r3|arithmetic:s03:r0|arithmetic:s03:r1|arithmetic:s03:r2|arithmetic:s03:r3|arithmetic:s04:r0|arithmetic:s04:r1|arithmetic:s04:r2|arithmetic:s04:r3|arithmetic:s05:r0|arithmetic:s05:r1|arithmetic:s05:r2|arithmetic:s05:r3|arithmetic:s06:r0|arithmetic:s06:r1|arithmetic:s06:r2|arithmetic:s06:r3|arithmetic:s07:r0|arithmetic:s07:r1|arithmetic:s07:r2|arithmetic:s07:r3|arithmetic:s09:r0|arithmetic:s09:r1|arithmetic:s09:r2|arithmetic:s09:r3|arithmetic:s10:r0|arithmetic:s10:r1|arithmetic:s10:r2|arithmetic:s10:r3|arithmetic:s11:r0|arithmetic:s11:r1|arithmetic:s11:r2|arithmetic:s11:r3|arithmetic:s12:r0|arithmetic:s12:r1|arithmetic:s12:r2|arithmetic:s12:r3|arithmetic:s13:r0|arithmetic:s13:r1|arithmetic:s13:r2|arithmetic:s13:r3|arithmetic:s14:r0|arithmetic:s14:r1|arithmetic:s14:r2|arithmetic:s14:r3|arithmetic:s15:r0|arithmetic:s15:r1|arithmetic:s15:r2|arithmetic:s15:r3,arithmetic:s02:r0|arithmetic:s02:r1|arithmetic:s02:r2|arithmetic:s02:r3,arithmetic:s08:r0|arithmetic:s08:r1|arithmetic:s08:r2|arithmetic:s08:r3
loso,arithmetic,8,seed_invariant,3,True,True,14,56,13,52,1,4,1,4,9155,569,1038,1|2|4|5|6|7|9|10|11|12|13|14|15,3,arithmetic:s01:r0|arithmetic:s01:r1|arithmetic:s01:r2|arithmetic:s01:r3|arithmetic:s02:r0|arithmetic:s02:r1|arithmetic:s02:r2|arithmetic:s02:r3|arithmetic:s04:r0|arithmetic:s04:r1|arithmetic:s04:r2|arithmetic:s04:r3|arithmetic:s05:r0|arithmetic:s05:r1|arithmetic:s05:r2|arithmetic:s05:r3|arithmetic:s06:r0|arithmetic:s06:r1|arithmetic:s06:r2|arithmetic:s06:r3|arithmetic:s07:r0|arithmetic:s07:r1|arithmetic:s07:r2|arithmetic:s07:r3|arithmetic:s09:r0|arithmetic:s09:r1|arithmetic:s09:r2|arithmetic:s09:r3|arithmetic:s10:r0|arithmetic:s10:r1|arithmetic:s10:r2|arithmetic:s10:r3|arithmetic:s11:r0|arithmetic:s11:r1|arithmetic:s11:r2|arithmetic:s11:r3|arithmetic:s12:r0|arithmetic:s12:r1|arithmetic:s12:r2|arithmetic:s12:r3|arithmetic:s13:r0|arithmetic:s13:r1|arithmetic:s13:r2|arithmetic:s13:r3|arithmetic:s14:r0|arithmetic:s14:r1|arithmetic:s14:r2|arithmetic:s14:r3|arithmetic:s15:r0|arithmetic:s15:r1|arithmetic:s15:r2|arithmetic:s15:r3,arithmetic:s03:r0|arithmetic:s03:r1|arithmetic:s03:r2|arithmetic:s03:r3,arithmetic:s08:r0|arithmetic:s08:r1|arithmetic:s08:r2|arithmetic:s08:r3
loso,arithmetic,8,seed_invariant,4,True,True,14,56,13,52,1,4,1,4,9058,666,1038,1|2|3|5|6|7|9|10|11|12|13|14|15,4,arithmetic:s01:r0|arithmetic:s01:r1|arithmetic:s01:r2|arithmetic:s01:r3|arithmetic:s02:r0|arithmetic:s02:r1|arithmetic:s02:r2|arithmetic:s02:r3|arithmetic:s03:r0|arithmetic:s03:r1|arithmetic:s03:r2|arithmetic:s03:r3|arithmetic:s05:r0|arithmetic:s05:r1|arithmetic:s05:r2|arithmetic:s05:r3|arithmetic:s06:r0|arithmetic:s06:r1|arithmetic:s06:r2|arithmetic:s06:r3|arithmetic:s07:r0|arithmetic:s07:r1|arithmetic:s07:r2|arithmetic:s07:r3|arithmetic:s09:r0|arithmetic:s09:r1|arithmetic:s09:r2|arithmetic:s09:r3|arithmetic:s10:r0|arithmetic:s10:r1|arithmetic:s10:r2|arithmetic:s10:r3|arithmetic:s11:r0|arithmetic:s11:r1|arithmetic:s11:r2|arithmetic:s11:r3|arithmetic:s12:r0|arithmetic:s12:r1|arithmetic:s12:r2|arithmetic:s12:r3|arithmetic:s13:r0|arithmetic:s13:r1|arithmetic:s13:r2|arithmetic:s13:r3|arithmetic:s14:r0|arithmetic:s14:r1|arithmetic:s14:r2|arithmetic:s14:r3|arithmetic:s15:r0|arithmetic:s15:r1|arithmetic:s15:r2|arithmetic:s15:r3,arithmetic:s04:r0|arithmetic:s04:r1|arithmetic:s04:r2|arithmetic:s04:r3,arithmetic:s08:r0|arithmetic:s08:r1|arithmetic:s08:r2|arithmetic:s08:r3
loso,arithmetic,8,seed_invariant,5,True,True,14,56,13,52,1,4,1,4,8897,827,1038,1|2|3|4|6|7|9|10|11|12|13|14|15,5,arithmetic:s01:r0|arithmetic:s01:r1|arithmetic:s01:r2|arithmetic:s01:r3|arithmetic:s02:r0|arithmetic:s02:r1|arithmetic:s02:r2|arithmetic:s02:r3|arithmetic:s03:r0|arithmetic:s03:r1|arithmetic:s03:r2|arithmetic:s03:r3|arithmetic:s04:r0|arithmetic:s04:r1|arithmetic:s04:r2|arithmetic:s04:r3|arithmetic:s06:r0|arithmetic:s06:r1|arithmetic:s06:r2|arithmetic:s06:r3|arithmetic:s07:r0|arithmetic:s07:r1|arithmetic:s07:r2|arithmetic:s07:r3|arithmetic:s09:r0|arithmetic:s09:r1|arithmetic:s09:r2|arithmetic:s09:r3|arithmetic:s10:r0|arithmetic:s10:r1|arithmetic:s10:r2|arithmetic:s10:r3|arithmetic:s11:r0|arithmetic:s11:r1|arithmetic:s11:r2|arithmetic:s11:r3|arithmetic:s12:r0|arithmetic:s12:r1|arithmetic:s12:r2|arithmetic:s12:r3|arithmetic:s13:r0|arithmetic:s13:r1|arithmetic:s13:r2|arithmetic:s13:r3|arithmetic:s14:r0|arithmetic:s14:r1|arithmetic:s14:r2|arithmetic:s14:r3|arithmetic:s15:r0|arithmetic:s15:r1|arithmetic:s15:r2|arithmetic:s15:r3,arithmetic:s05:r0|arithmetic:s05:r1|arithmetic:s05:r2|arithmetic:s05:r3,arithmetic:s08:r0|arithmetic:s08:r1|arithmetic:s08:r2|arithmetic:s08:r3
loso,arithmetic,8,seed_invariant,6,True,True,14,56,13,52,1,4,1,4,9134,590,1038,1|2|3|4|5|7|9|10|11|12|13|14|15,6,arithmetic:s01:r0|arithmetic:s01:r1|arithmetic:s01:r2|arithmetic:s01:r3|arithmetic:s02:r0|arithmetic:s02:r1|arithmetic:s02:r2|arithmetic:s02:r3|arithmetic:s03:r0|arithmetic:s03:r1|arithmetic:s03:r2|arithmetic:s03:r3|arithmetic:s04:r0|arithmetic:s04:r1|arithmetic:s04:r2|arithmetic:s04:r3|arithmetic:s05:r0|arithmetic:s05:r1|arithmetic:s05:r2|arithmetic:s05:r3|arithmetic:s07:r0|arithmetic:s07:r1|arithmetic:s07:r2|arithmetic:s07:r3|arithmetic:s09:r0|arithmetic:s09:r1|arithmetic:s09:r2|arithmetic:s09:r3|arithmetic:s10:r0|arithmetic:s10:r1|arithmetic:s10:r2|arithmetic:s10:r3|arithmetic:s11:r0|arithmetic:s11:r1|arithmetic:s11:r2|arithmetic:s11:r3|arithmetic:s12:r0|arithmetic:s12:r1|arithmetic:s12:r2|arithmetic:s12:r3|arithmetic:s13:r0|arithmetic:s13:r1|arithmetic:s13:r2|arithmetic:s13:r3|arithmetic:s14:r0|arithmetic:s14:r1|arithmetic:s14:r2|arithmetic:s14:r3|arithmetic:s15:r0|arithmetic:s15:r1|arithmetic:s15:r2|arithmetic:s15:r3,arithmetic:s06:r0|arithmetic:s06:r1|arithmetic:s06:r2|arithmetic:s06:r3,arithmetic:s08:r0|arithmetic:s08:r1|arithmetic:s08:r2|arithmetic:s08:r3
loso,arithmetic,8,seed_invariant,7,True,True,14,56,13,52,1,4,1,4,9371,353,1038,1|2|3|4|5|6|9|10|11|12|13|14|15,7,arithmetic:s01:r0|arithmetic:s01:r1|arithmetic:s01:r2|arithmetic:s01:r3|arithmetic:s02:r0|arithmetic:s02:r1|arithmetic:s02:r2|arithmetic:s02:r3|arithmetic:s03:r0|arithmetic:s03:r1|arithmetic:s03:r2|arithmetic:s03:r3|arithmetic:s04:r0|arithmetic:s04:r1|arithmetic:s04:r2|arithmetic:s04:r3|arithmetic:s05:r0|arithmetic:s05:r1|arithmetic:s05:r2|arithmetic:s05:r3|arithmetic:s06:r0|arithmetic:s06:r1|arithmetic:s06:r2|arithmetic:s06:r3|arithmetic:s09:r0|arithmetic:s09:r1|arithmetic:s09:r2|arithmetic:s09:r3|arithmetic:s10:r0|arithmetic:s10:r1|arithmetic:s10:r2|arithmetic:s10:r3|arithmetic:s11:r0|arithmetic:s11:r1|arithmetic:s11:r2|arithmetic:s11:r3|arithmetic:s12:r0|arithmetic:s12:r1|arithmetic:s12:r2|arithmetic:s12:r3|arithmetic:s13:r0|arithmetic:s13:r1|arithmetic:s13:r2|arithmetic:s13:r3|arithmetic:s14:r0|arithmetic:s14:r1|arithmetic:s14:r2|arithmetic:s14:r3|arithmetic:s15:r0|arithmetic:s15:r1|arithmetic:s15:r2|arithmetic:s15:r3,arithmetic:s07:r0|arithmetic:s07:r1|arithmetic:s07:r2|arithmetic:s07:r3,arithmetic:s08:r0|arithmetic:s08:r1|arithmetic:s08:r2|arithmetic:s08:r3
loso,arithmetic,8,seed_invariant,8,True,True,14,56,13,52,1,4,1,4,8645,1079,1038,1|2|3|4|5|6|7|10|11|12|13|14|15,9,arithmetic:s01:r0|arithmetic:s01:r1|arithmetic:s01:r2|arithmetic:s01:r3|arithmetic:s02:r0|arithmetic:s02:r1|arithmetic:s02:r2|arithmetic:s02:r3|arithmetic:s03:r0|arithmetic:s03:r1|arithmetic:s03:r2|arithmetic:s03:r3|arithmetic:s04:r0|arithmetic:s04:r1|arithmetic:s04:r2|arithmetic:s04:r3|arithmetic:s05:r0|arithmetic:s05:r1|arithmetic:s05:r2|arithmetic:s05:r3|arithmetic:s06:r0|arithmetic:s06:r1|arithmetic:s06:r2|arithmetic:s06:r3|arithmetic:s07:r0|arithmetic:s07:r1|arithmetic:s07:r2|arithmetic:s07:r3|arithmetic:s10:r0|arithmetic:s10:r1|arithmetic:s10:r2|arithmetic:s10:r3|arithmetic:s11:r0|arithmetic:s11:r1|arithmetic:s11:r2|arithmetic:s11:r3|arithmetic:s12:r0|arithmetic:s12:r1|arithmetic:s12:r2|arithmetic:s12:r3|arithmetic:s13:r0|arithmetic:s13:r1|arithmetic:s13:r2|arithmetic:s13:r3|arithmetic:s14:r0|arithmetic:s14:r1|arithmetic:s14:r2|arithmetic:s14:r3|arithmetic:s15:r0|arithmetic:s15:r1|arithmetic:s15:r2|arithmetic:s15:r3,arithmetic:s09:r0|arithmetic:s09:r1|arithmetic:s09:r2|arithmetic:s09:r3,arithmetic:s08:r0|arithmetic:s08:r1|arithmetic:s08:r2|arithmetic:s08:r3
loso,arithmetic,8,seed_invariant,9,True,True,14,56,13,52,1,4,1,4,9186,538,1038,1|2|3|4|5|6|7|9|11|12|13|14|15,10,arithmetic:s01:r0|arithmetic:s01:r1|arithmetic:s01:r2|arithmetic:s01:r3|arithmetic:s02:r0|arithmetic:s02:r1|arithmetic:s02:r2|arithmetic:s02:r3|arithmetic:s03:r0|arithmetic:s03:r1|arithmetic:s03:r2|arithmetic:s03:r3|arithmetic:s04:r0|arithmetic:s04:r1|arithmetic:s04:r2|arithmetic:s04:r3|arithmetic:s05:r0|arithmetic:s05:r1|arithmetic:s05:r2|arithmetic:s05:r3|arithmetic:s06:r0|arithmetic:s06:r1|arithmetic:s06:r2|arithmetic:s06:r3|arithmetic:s07:r0|arithmetic:s07:r1|arithmetic:s07:r2|arithmetic:s07:r3|arithmetic:s09:r0|arithmetic:s09:r1|arithmetic:s09:r2|arithmetic:s09:r3|arithmetic:s11:r0|arithmetic:s11:r1|arithmetic:s11:r2|arithmetic:s11:r3|arithmetic:s12:r0|arithmetic:s12:r1|arithmetic:s12:r2|arithmetic:s12:r3|arithmetic:s13:r0|arithmetic:s13:r1|arithmetic:s13:r2|arithmetic:s13:r3|arithmetic:s14:r0|arithmetic:s14:r1|arithmetic:s14:r2|arithmetic:s14:r3|arithmetic:s15:r0|arithmetic:s15:r1|arithmetic:s15:r2|arithmetic:s15:r3,arithmetic:s10:r0|arithmetic:s10:r1|arithmetic:s10:r2|arithmetic:s10:r3,arithmetic:s08:r0|arithmetic:s08:r1|arithmetic:s08:r2|arithmetic:s08:r3
loso,arithmetic,8,seed_invariant,10,True,True,14,56,13,52,1,4,1,4,8952,772,1038,1|2|3|4|5|6|7|9|10|12|13|14|15,11,arithmetic:s01:r0|arithmetic:s01:r1|arithmetic:s01:r2|arithmetic:s01:r3|arithmetic:s02:r0|arithmetic:s02:r1|arithmetic:s02:r2|arithmetic:s02:r3|arithmetic:s03:r0|arithmetic:s03:r1|arithmetic:s03:r2|arithmetic:s03:r3|arithmetic:s04:r0|arithmetic:s04:r1|arithmetic:s04:r2|arithmetic:s04:r3|arithmetic:s05:r0|arithmetic:s05:r1|arithmetic:s05:r2|arithmetic:s05:r3|arithmetic:s06:r0|arithmetic:s06:r1|arithmetic:s06:r2|arithmetic:s06:r3|arithmetic:s07:r0|arithmetic:s07:r1|arithmetic:s07:r2|arithmetic:s07:r3|arithmetic:s09:r0|arithmetic:s09:r1|arithmetic:s09:r2|arithmetic:s09:r3|arithmetic:s10:r0|arithmetic:s10:r1|arithmetic:s10:r2|arithmetic:s10:r3|arithmetic:s12:r0|arithmetic:s12:r1|arithmetic:s12:r2|arithmetic:s12:r3|arithmetic:s13:r0|arithmetic:s13:r1|arithmetic:s13:r2|arithmetic:s13:r3|arithmetic:s14:r0|arithmetic:s14:r1|arithmetic:s14:r2|arithmetic:s14:r3|arithmetic:s15:r0|arithmetic:s15:r1|arithmetic:s15:r2|arithmetic:s15:r3,arithmetic:s11:r0|arithmetic:s11:r1|arithmetic:s11:r2|arithmetic:s11:r3,arithmetic:s08:r0|arithmetic:s08:r1|arithmetic:s08:r2|arithmetic:s08:r3
loso,arithmetic,8,seed_invariant,11,True,True,14,56,13,52,1,4,1,4,9069,655,1038,1|2|3|4|5|6|7|9|10|11|13|14|15,12,arithmetic:s01:r0|arithmetic:s01:r1|arithmetic:s01:r2|arithmetic:s01:r3|arithmetic:s02:r0|arithmetic:s02:r1|arithmetic:s02:r2|arithmetic:s02:r3|arithmetic:s03:r0|arithmetic:s03:r1|arithmetic:s03:r2|arithmetic:s03:r3|arithmetic:s04:r0|arithmetic:s04:r1|arithmetic:s04:r2|arithmetic:s04:r3|arithmetic:s05:r0|arithmetic:s05:r1|arithmetic:s05:r2|arithmetic:s05:r3|arithmetic:s06:r0|arithmetic:s06:r1|arithmetic:s06:r2|arithmetic:s06:r3|arithmetic:s07:r0|arithmetic:s07:r1|arithmetic:s07:r2|arithmetic:s07:r3|arithmetic:s09:r0|arithmetic:s09:r1|arithmetic:s09:r2|arithmetic:s09:r3|arithmetic:s10:r0|arithmetic:s10:r1|arithmetic:s10:r2|arithmetic:s10:r3|arithmetic:s11:r0|arithmetic:s11:r1|arithmetic:s11:r2|arithmetic:s11:r3|arithmetic:s13:r0|arithmetic:s13:r1|arithmetic:s13:r2|arithmetic:s13:r3|arithmetic:s14:r0|arithmetic:s14:r1|arithmetic:s14:r2|arithmetic:s14:r3|arithmetic:s15:r0|arithmetic:s15:r1|arithmetic:s15:r2|arithmetic:s15:r3,arithmetic:s12:r0|arithmetic:s12:r1|arithmetic:s12:r2|arithmetic:s12:r3,arithmetic:s08:r0|arithmetic:s08:r1|arithmetic:s08:r2|arithmetic:s08:r3
loso,arithmetic,8,seed_invariant,12,True,True,14,56,13,52,1,4,1,4,9054,670,1038,1|2|3|4|5|6|7|9|10|11|12|14|15,13,arithmetic:s01:r0|arithmetic:s01:r1|arithmetic:s01:r2|arithmetic:s01:r3|arithmetic:s02:r0|arithmetic:s02:r1|arithmetic:s02:r2|arithmetic:s02:r3|arithmetic:s03:r0|arithmetic:s03:r1|arithmetic:s03:r2|arithmetic:s03:r3|arithmetic:s04:r0|arithmetic:s04:r1|arithmetic:s04:r2|arithmetic:s04:r3|arithmetic:s05:r0|arithmetic:s05:r1|arithmetic:s05:r2|arithmetic:s05:r3|arithmetic:s06:r0|arithmetic:s06:r1|arithmetic:s06:r2|arithmetic:s06:r3|arithmetic:s07:r0|arithmetic:s07:r1|arithmetic:s07:r2|arithmetic:s07:r3|arithmetic:s09:r0|arithmetic:s09:r1|arithmetic:s09:r2|arithmetic:s09:r3|arithmetic:s10:r0|arithmetic:s10:r1|arithmetic:s10:r2|arithmetic:s10:r3|arithmetic:s11:r0|arithmetic:s11:r1|arithmetic:s11:r2|arithmetic:s11:r3|arithmetic:s12:r0|arithmetic:s12:r1|arithmetic:s12:r2|arithmetic:s12:r3|arithmetic:s14:r0|arithmetic:s14:r1|arithmetic:s14:r2|arithmetic:s14:r3|arithmetic:s15:r0|arithmetic:s15:r1|arithmetic:s15:r2|arithmetic:s15:r3,arithmetic:s13:r0|arithmetic:s13:r1|arithmetic:s13:r2|arithmetic:s13:r3,arithmetic:s08:r0|arithmetic:s08:r1|arithmetic:s08:r2|arithmetic:s08:r3
loso,arithmetic,8,seed_invariant,13,True,True,14,56,13,52,1,4,1,4,9130,594,1038,1|2|3|4|5|6|7|9|10|11|12|13|15,14,arithmetic:s01:r0|arithmetic:s01:r1|arithmetic:s01:r2|arithmetic:s01:r3|arithmetic:s02:r0|arithmetic:s02:r1|arithmetic:s02:r2|arithmetic:s02:r3|arithmetic:s03:r0|arithmetic:s03:r1|arithmetic:s03:r2|arithmetic:s03:r3|arithmetic:s04:r0|arithmetic:s04:r1|arithmetic:s04:r2|arithmetic:s04:r3|arithmetic:s05:r0|arithmetic:s05:r1|arithmetic:s05:r2|arithmetic:s05:r3|arithmetic:s06:r0|arithmetic:s06:r1|arithmetic:s06:r2|arithmetic:s06:r3|arithmetic:s07:r0|arithmetic:s07:r1|arithmetic:s07:r2|arithmetic:s07:r3|arithmetic:s09:r0|arithmetic:s09:r1|arithmetic:s09:r2|arithmetic:s09:r3|arithmetic:s10:r0|arithmetic:s10:r1|arithmetic:s10:r2|arithmetic:s10:r3|arithmetic:s11:r0|arithmetic:s11:r1|arithmetic:s11:r2|arithmetic:s11:r3|arithmetic:s12:r0|arithmetic:s12:r1|arithmetic:s12:r2|arithmetic:s12:r3|arithmetic:s13:r0|arithmetic:s13:r1|arithmetic:s13:r2|arithmetic:s13:r3|arithmetic:s15:r0|arithmetic:s15:r1|arithmetic:s15:r2|arithmetic:s15:r3,arithmetic:s14:r0|arithmetic:s14:r1|arithmetic:s14:r2|arithmetic:s14:r3,arithmetic:s08:r0|arithmetic:s08:r1|arithmetic:s08:r2|arithmetic:s08:r3
loso,arithmetic,8,seed_invariant,14,True,True,14,56,13,52,1,4,1,4,8997,727,1038,1|2|3|4|5|6|7|9|10|11|12|13|14,15,arithmetic:s01:r0|arithmetic:s01:r1|arithmetic:s01:r2|arithmetic:s01:r3|arithmetic:s02:r0|arithmetic:s02:r1|arithmetic:s02:r2|arithmetic:s02:r3|arithmetic:s03:r0|arithmetic:s03:r1|arithmetic:s03:r2|arithmetic:s03:r3|arithmetic:s04:r0|arithmetic:s04:r1|arithmetic:s04:r2|arithmetic:s04:r3|arithmetic:s05:r0|arithmetic:s05:r1|arithmetic:s05:r2|arithmetic:s05:r3|arithmetic:s06:r0|arithmetic:s06:r1|arithmetic:s06:r2|arithmetic:s06:r3|arithmetic:s07:r0|arithmetic:s07:r1|arithmetic:s07:r2|arithmetic:s07:r3|arithmetic:s09:r0|arithmetic:s09:r1|arithmetic:s09:r2|arithmetic:s09:r3|arithmetic:s10:r0|arithmetic:s10:r1|arithmetic:s10:r2|arithmetic:s10:r3|arithmetic:s11:r0|arithmetic:s11:r1|arithmetic:s11:r2|arithmetic:s11:r3|arithmetic:s12:r0|arithmetic:s12:r1|arithmetic:s12:r2|arithmetic:s12:r3|arithmetic:s13:r0|arithmetic:s13:r1|arithmetic:s13:r2|arithmetic:s13:r3|arithmetic:s14:r0|arithmetic:s14:r1|arithmetic:s14:r2|arithmetic:s14:r3,arithmetic:s15:r0|arithmetic:s15:r1|arithmetic:s15:r2|arithmetic:s15:r3,arithmetic:s08:r0|arithmetic:s08:r1|arithmetic:s08:r2|arithmetic:s08:r3
loso,arithmetic,9,seed_invariant,1,True,True,14,56,13,52,1,4,1,4,8987,696,1079,2|3|4|5|6|7|8|10|11|12|13|14|15,1,arithmetic:s02:r0|arithmetic:s02:r1|arithmetic:s02:r2|arithmetic:s02:r3|arithmetic:s03:r0|arithmetic:s03:r1|arithmetic:s03:r2|arithmetic:s03:r3|arithmetic:s04:r0|arithmetic:s04:r1|arithmetic:s04:r2|arithmetic:s04:r3|arithmetic:s05:r0|arithmetic:s05:r1|arithmetic:s05:r2|arithmetic:s05:r3|arithmetic:s06:r0|arithmetic:s06:r1|arithmetic:s06:r2|arithmetic:s06:r3|arithmetic:s07:r0|arithmetic:s07:r1|arithmetic:s07:r2|arithmetic:s07:r3|arithmetic:s08:r0|arithmetic:s08:r1|arithmetic:s08:r2|arithmetic:s08:r3|arithmetic:s10:r0|arithmetic:s10:r1|arithmetic:s10:r2|arithmetic:s10:r3|arithmetic:s11:r0|arithmetic:s11:r1|arithmetic:s11:r2|arithmetic:s11:r3|arithmetic:s12:r0|arithmetic:s12:r1|arithmetic:s12:r2|arithmetic:s12:r3|arithmetic:s13:r0|arithmetic:s13:r1|arithmetic:s13:r2|arithmetic:s13:r3|arithmetic:s14:r0|arithmetic:s14:r1|arithmetic:s14:r2|arithmetic:s14:r3|arithmetic:s15:r0|arithmetic:s15:r1|arithmetic:s15:r2|arithmetic:s15:r3,arithmetic:s01:r0|arithmetic:s01:r1|arithmetic:s01:r2|arithmetic:s01:r3,arithmetic:s09:r0|arithmetic:s09:r1|arithmetic:s09:r2|arithmetic:s09:r3
loso,arithmetic,9,seed_invariant,2,True,True,14,56,13,52,1,4,1,4,8695,988,1079,1|3|4|5|6|7|8|10|11|12|13|14|15,2,arithmetic:s01:r0|arithmetic:s01:r1|arithmetic:s01:r2|arithmetic:s01:r3|arithmetic:s03:r0|arithmetic:s03:r1|arithmetic:s03:r2|arithmetic:s03:r3|arithmetic:s04:r0|arithmetic:s04:r1|arithmetic:s04:r2|arithmetic:s04:r3|arithmetic:s05:r0|arithmetic:s05:r1|arithmetic:s05:r2|arithmetic:s05:r3|arithmetic:s06:r0|arithmetic:s06:r1|arithmetic:s06:r2|arithmetic:s06:r3|arithmetic:s07:r0|arithmetic:s07:r1|arithmetic:s07:r2|arithmetic:s07:r3|arithmetic:s08:r0|arithmetic:s08:r1|arithmetic:s08:r2|arithmetic:s08:r3|arithmetic:s10:r0|arithmetic:s10:r1|arithmetic:s10:r2|arithmetic:s10:r3|arithmetic:s11:r0|arithmetic:s11:r1|arithmetic:s11:r2|arithmetic:s11:r3|arithmetic:s12:r0|arithmetic:s12:r1|arithmetic:s12:r2|arithmetic:s12:r3|arithmetic:s13:r0|arithmetic:s13:r1|arithmetic:s13:r2|arithmetic:s13:r3|arithmetic:s14:r0|arithmetic:s14:r1|arithmetic:s14:r2|arithmetic:s14:r3|arithmetic:s15:r0|arithmetic:s15:r1|arithmetic:s15:r2|arithmetic:s15:r3,arithmetic:s02:r0|arithmetic:s02:r1|arithmetic:s02:r2|arithmetic:s02:r3,arithmetic:s09:r0|arithmetic:s09:r1|arithmetic:s09:r2|arithmetic:s09:r3
loso,arithmetic,9,seed_invariant,3,True,True,14,56,13,52,1,4,1,4,9114,569,1079,1|2|4|5|6|7|8|10|11|12|13|14|15,3,arithmetic:s01:r0|arithmetic:s01:r1|arithmetic:s01:r2|arithmetic:s01:r3|arithmetic:s02:r0|arithmetic:s02:r1|arithmetic:s02:r2|arithmetic:s02:r3|arithmetic:s04:r0|arithmetic:s04:r1|arithmetic:s04:r2|arithmetic:s04:r3|arithmetic:s05:r0|arithmetic:s05:r1|arithmetic:s05:r2|arithmetic:s05:r3|arithmetic:s06:r0|arithmetic:s06:r1|arithmetic:s06:r2|arithmetic:s06:r3|arithmetic:s07:r0|arithmetic:s07:r1|arithmetic:s07:r2|arithmetic:s07:r3|arithmetic:s08:r0|arithmetic:s08:r1|arithmetic:s08:r2|arithmetic:s08:r3|arithmetic:s10:r0|arithmetic:s10:r1|arithmetic:s10:r2|arithmetic:s10:r3|arithmetic:s11:r0|arithmetic:s11:r1|arithmetic:s11:r2|arithmetic:s11:r3|arithmetic:s12:r0|arithmetic:s12:r1|arithmetic:s12:r2|arithmetic:s12:r3|arithmetic:s13:r0|arithmetic:s13:r1|arithmetic:s13:r2|arithmetic:s13:r3|arithmetic:s14:r0|arithmetic:s14:r1|arithmetic:s14:r2|arithmetic:s14:r3|arithmetic:s15:r0|arithmetic:s15:r1|arithmetic:s15:r2|arithmetic:s15:r3,arithmetic:s03:r0|arithmetic:s03:r1|arithmetic:s03:r2|arithmetic:s03:r3,arithmetic:s09:r0|arithmetic:s09:r1|arithmetic:s09:r2|arithmetic:s09:r3
loso,arithmetic,9,seed_invariant,4,True,True,14,56,13,52,1,4,1,4,9017,666,1079,1|2|3|5|6|7|8|10|11|12|13|14|15,4,arithmetic:s01:r0|arithmetic:s01:r1|arithmetic:s01:r2|arithmetic:s01:r3|arithmetic:s02:r0|arithmetic:s02:r1|arithmetic:s02:r2|arithmetic:s02:r3|arithmetic:s03:r0|arithmetic:s03:r1|arithmetic:s03:r2|arithmetic:s03:r3|arithmetic:s05:r0|arithmetic:s05:r1|arithmetic:s05:r2|arithmetic:s05:r3|arithmetic:s06:r0|arithmetic:s06:r1|arithmetic:s06:r2|arithmetic:s06:r3|arithmetic:s07:r0|arithmetic:s07:r1|arithmetic:s07:r2|arithmetic:s07:r3|arithmetic:s08:r0|arithmetic:s08:r1|arithmetic:s08:r2|arithmetic:s08:r3|arithmetic:s10:r0|arithmetic:s10:r1|arithmetic:s10:r2|arithmetic:s10:r3|arithmetic:s11:r0|arithmetic:s11:r1|arithmetic:s11:r2|arithmetic:s11:r3|arithmetic:s12:r0|arithmetic:s12:r1|arithmetic:s12:r2|arithmetic:s12:r3|arithmetic:s13:r0|arithmetic:s13:r1|arithmetic:s13:r2|arithmetic:s13:r3|arithmetic:s14:r0|arithmetic:s14:r1|arithmetic:s14:r2|arithmetic:s14:r3|arithmetic:s15:r0|arithmetic:s15:r1|arithmetic:s15:r2|arithmetic:s15:r3,arithmetic:s04:r0|arithmetic:s04:r1|arithmetic:s04:r2|arithmetic:s04:r3,arithmetic:s09:r0|arithmetic:s09:r1|arithmetic:s09:r2|arithmetic:s09:r3
loso,arithmetic,9,seed_invariant,5,True,True,14,56,13,52,1,4,1,4,8856,827,1079,1|2|3|4|6|7|8|10|11|12|13|14|15,5,arithmetic:s01:r0|arithmetic:s01:r1|arithmetic:s01:r2|arithmetic:s01:r3|arithmetic:s02:r0|arithmetic:s02:r1|arithmetic:s02:r2|arithmetic:s02:r3|arithmetic:s03:r0|arithmetic:s03:r1|arithmetic:s03:r2|arithmetic:s03:r3|arithmetic:s04:r0|arithmetic:s04:r1|arithmetic:s04:r2|arithmetic:s04:r3|arithmetic:s06:r0|arithmetic:s06:r1|arithmetic:s06:r2|arithmetic:s06:r3|arithmetic:s07:r0|arithmetic:s07:r1|arithmetic:s07:r2|arithmetic:s07:r3|arithmetic:s08:r0|arithmetic:s08:r1|arithmetic:s08:r2|arithmetic:s08:r3|arithmetic:s10:r0|arithmetic:s10:r1|arithmetic:s10:r2|arithmetic:s10:r3|arithmetic:s11:r0|arithmetic:s11:r1|arithmetic:s11:r2|arithmetic:s11:r3|arithmetic:s12:r0|arithmetic:s12:r1|arithmetic:s12:r2|arithmetic:s12:r3|arithmetic:s13:r0|arithmetic:s13:r1|arithmetic:s13:r2|arithmetic:s13:r3|arithmetic:s14:r0|arithmetic:s14:r1|arithmetic:s14:r2|arithmetic:s14:r3|arithmetic:s15:r0|arithmetic:s15:r1|arithmetic:s15:r2|arithmetic:s15:r3,arithmetic:s05:r0|arithmetic:s05:r1|arithmetic:s05:r2|arithmetic:s05:r3,arithmetic:s09:r0|arithmetic:s09:r1|arithmetic:s09:r2|arithmetic:s09:r3
loso,arithmetic,9,seed_invariant,6,True,True,14,56,13,52,1,4,1,4,9093,590,1079,1|2|3|4|5|7|8|10|11|12|13|14|15,6,arithmetic:s01:r0|arithmetic:s01:r1|arithmetic:s01:r2|arithmetic:s01:r3|arithmetic:s02:r0|arithmetic:s02:r1|arithmetic:s02:r2|arithmetic:s02:r3|arithmetic:s03:r0|arithmetic:s03:r1|arithmetic:s03:r2|arithmetic:s03:r3|arithmetic:s04:r0|arithmetic:s04:r1|arithmetic:s04:r2|arithmetic:s04:r3|arithmetic:s05:r0|arithmetic:s05:r1|arithmetic:s05:r2|arithmetic:s05:r3|arithmetic:s07:r0|arithmetic:s07:r1|arithmetic:s07:r2|arithmetic:s07:r3|arithmetic:s08:r0|arithmetic:s08:r1|arithmetic:s08:r2|arithmetic:s08:r3|arithmetic:s10:r0|arithmetic:s10:r1|arithmetic:s10:r2|arithmetic:s10:r3|arithmetic:s11:r0|arithmetic:s11:r1|arithmetic:s11:r2|arithmetic:s11:r3|arithmetic:s12:r0|arithmetic:s12:r1|arithmetic:s12:r2|arithmetic:s12:r3|arithmetic:s13:r0|arithmetic:s13:r1|arithmetic:s13:r2|arithmetic:s13:r3|arithmetic:s14:r0|arithmetic:s14:r1|arithmetic:s14:r2|arithmetic:s14:r3|arithmetic:s15:r0|arithmetic:s15:r1|arithmetic:s15:r2|arithmetic:s15:r3,arithmetic:s06:r0|arithmetic:s06:r1|arithmetic:s06:r2|arithmetic:s06:r3,arithmetic:s09:r0|arithmetic:s09:r1|arithmetic:s09:r2|arithmetic:s09:r3
loso,arithmetic,9,seed_invariant,7,True,True,14,56,13,52,1,4,1,4,9330,353,1079,1|2|3|4|5|6|8|10|11|12|13|14|15,7,arithmetic:s01:r0|arithmetic:s01:r1|arithmetic:s01:r2|arithmetic:s01:r3|arithmetic:s02:r0|arithmetic:s02:r1|arithmetic:s02:r2|arithmetic:s02:r3|arithmetic:s03:r0|arithmetic:s03:r1|arithmetic:s03:r2|arithmetic:s03:r3|arithmetic:s04:r0|arithmetic:s04:r1|arithmetic:s04:r2|arithmetic:s04:r3|arithmetic:s05:r0|arithmetic:s05:r1|arithmetic:s05:r2|arithmetic:s05:r3|arithmetic:s06:r0|arithmetic:s06:r1|arithmetic:s06:r2|arithmetic:s06:r3|arithmetic:s08:r0|arithmetic:s08:r1|arithmetic:s08:r2|arithmetic:s08:r3|arithmetic:s10:r0|arithmetic:s10:r1|arithmetic:s10:r2|arithmetic:s10:r3|arithmetic:s11:r0|arithmetic:s11:r1|arithmetic:s11:r2|arithmetic:s11:r3|arithmetic:s12:r0|arithmetic:s12:r1|arithmetic:s12:r2|arithmetic:s12:r3|arithmetic:s13:r0|arithmetic:s13:r1|arithmetic:s13:r2|arithmetic:s13:r3|arithmetic:s14:r0|arithmetic:s14:r1|arithmetic:s14:r2|arithmetic:s14:r3|arithmetic:s15:r0|arithmetic:s15:r1|arithmetic:s15:r2|arithmetic:s15:r3,arithmetic:s07:r0|arithmetic:s07:r1|arithmetic:s07:r2|arithmetic:s07:r3,arithmetic:s09:r0|arithmetic:s09:r1|arithmetic:s09:r2|arithmetic:s09:r3
loso,arithmetic,9,seed_invariant,8,True,True,14,56,13,52,1,4,1,4,8645,1038,1079,1|2|3|4|5|6|7|10|11|12|13|14|15,8,arithmetic:s01:r0|arithmetic:s01:r1|arithmetic:s01:r2|arithmetic:s01:r3|arithmetic:s02:r0|arithmetic:s02:r1|arithmetic:s02:r2|arithmetic:s02:r3|arithmetic:s03:r0|arithmetic:s03:r1|arithmetic:s03:r2|arithmetic:s03:r3|arithmetic:s04:r0|arithmetic:s04:r1|arithmetic:s04:r2|arithmetic:s04:r3|arithmetic:s05:r0|arithmetic:s05:r1|arithmetic:s05:r2|arithmetic:s05:r3|arithmetic:s06:r0|arithmetic:s06:r1|arithmetic:s06:r2|arithmetic:s06:r3|arithmetic:s07:r0|arithmetic:s07:r1|arithmetic:s07:r2|arithmetic:s07:r3|arithmetic:s10:r0|arithmetic:s10:r1|arithmetic:s10:r2|arithmetic:s10:r3|arithmetic:s11:r0|arithmetic:s11:r1|arithmetic:s11:r2|arithmetic:s11:r3|arithmetic:s12:r0|arithmetic:s12:r1|arithmetic:s12:r2|arithmetic:s12:r3|arithmetic:s13:r0|arithmetic:s13:r1|arithmetic:s13:r2|arithmetic:s13:r3|arithmetic:s14:r0|arithmetic:s14:r1|arithmetic:s14:r2|arithmetic:s14:r3|arithmetic:s15:r0|arithmetic:s15:r1|arithmetic:s15:r2|arithmetic:s15:r3,arithmetic:s08:r0|arithmetic:s08:r1|arithmetic:s08:r2|arithmetic:s08:r3,arithmetic:s09:r0|arithmetic:s09:r1|arithmetic:s09:r2|arithmetic:s09:r3
loso,arithmetic,9,seed_invariant,9,True,True,14,56,13,52,1,4,1,4,9145,538,1079,1|2|3|4|5|6|7|8|11|12|13|14|15,10,arithmetic:s01:r0|arithmetic:s01:r1|arithmetic:s01:r2|arithmetic:s01:r3|arithmetic:s02:r0|arithmetic:s02:r1|arithmetic:s02:r2|arithmetic:s02:r3|arithmetic:s03:r0|arithmetic:s03:r1|arithmetic:s03:r2|arithmetic:s03:r3|arithmetic:s04:r0|arithmetic:s04:r1|arithmetic:s04:r2|arithmetic:s04:r3|arithmetic:s05:r0|arithmetic:s05:r1|arithmetic:s05:r2|arithmetic:s05:r3|arithmetic:s06:r0|arithmetic:s06:r1|arithmetic:s06:r2|arithmetic:s06:r3|arithmetic:s07:r0|arithmetic:s07:r1|arithmetic:s07:r2|arithmetic:s07:r3|arithmetic:s08:r0|arithmetic:s08:r1|arithmetic:s08:r2|arithmetic:s08:r3|arithmetic:s11:r0|arithmetic:s11:r1|arithmetic:s11:r2|arithmetic:s11:r3|arithmetic:s12:r0|arithmetic:s12:r1|arithmetic:s12:r2|arithmetic:s12:r3|arithmetic:s13:r0|arithmetic:s13:r1|arithmetic:s13:r2|arithmetic:s13:r3|arithmetic:s14:r0|arithmetic:s14:r1|arithmetic:s14:r2|arithmetic:s14:r3|arithmetic:s15:r0|arithmetic:s15:r1|arithmetic:s15:r2|arithmetic:s15:r3,arithmetic:s10:r0|arithmetic:s10:r1|arithmetic:s10:r2|arithmetic:s10:r3,arithmetic:s09:r0|arithmetic:s09:r1|arithmetic:s09:r2|arithmetic:s09:r3
loso,arithmetic,9,seed_invariant,10,True,True,14,56,13,52,1,4,1,4,8911,772,1079,1|2|3|4|5|6|7|8|10|12|13|14|15,11,arithmetic:s01:r0|arithmetic:s01:r1|arithmetic:s01:r2|arithmetic:s01:r3|arithmetic:s02:r0|arithmetic:s02:r1|arithmetic:s02:r2|arithmetic:s02:r3|arithmetic:s03:r0|arithmetic:s03:r1|arithmetic:s03:r2|arithmetic:s03:r3|arithmetic:s04:r0|arithmetic:s04:r1|arithmetic:s04:r2|arithmetic:s04:r3|arithmetic:s05:r0|arithmetic:s05:r1|arithmetic:s05:r2|arithmetic:s05:r3|arithmetic:s06:r0|arithmetic:s06:r1|arithmetic:s06:r2|arithmetic:s06:r3|arithmetic:s07:r0|arithmetic:s07:r1|arithmetic:s07:r2|arithmetic:s07:r3|arithmetic:s08:r0|arithmetic:s08:r1|arithmetic:s08:r2|arithmetic:s08:r3|arithmetic:s10:r0|arithmetic:s10:r1|arithmetic:s10:r2|arithmetic:s10:r3|arithmetic:s12:r0|arithmetic:s12:r1|arithmetic:s12:r2|arithmetic:s12:r3|arithmetic:s13:r0|arithmetic:s13:r1|arithmetic:s13:r2|arithmetic:s13:r3|arithmetic:s14:r0|arithmetic:s14:r1|arithmetic:s14:r2|arithmetic:s14:r3|arithmetic:s15:r0|arithmetic:s15:r1|arithmetic:s15:r2|arithmetic:s15:r3,arithmetic:s11:r0|arithmetic:s11:r1|arithmetic:s11:r2|arithmetic:s11:r3,arithmetic:s09:r0|arithmetic:s09:r1|arithmetic:s09:r2|arithmetic:s09:r3
loso,arithmetic,9,seed_invariant,11,True,True,14,56,13,52,1,4,1,4,9028,655,1079,1|2|3|4|5|6|7|8|10|11|13|14|15,12,arithmetic:s01:r0|arithmetic:s01:r1|arithmetic:s01:r2|arithmetic:s01:r3|arithmetic:s02:r0|arithmetic:s02:r1|arithmetic:s02:r2|arithmetic:s02:r3|arithmetic:s03:r0|arithmetic:s03:r1|arithmetic:s03:r2|arithmetic:s03:r3|arithmetic:s04:r0|arithmetic:s04:r1|arithmetic:s04:r2|arithmetic:s04:r3|arithmetic:s05:r0|arithmetic:s05:r1|arithmetic:s05:r2|arithmetic:s05:r3|arithmetic:s06:r0|arithmetic:s06:r1|arithmetic:s06:r2|arithmetic:s06:r3|arithmetic:s07:r0|arithmetic:s07:r1|arithmetic:s07:r2|arithmetic:s07:r3|arithmetic:s08:r0|arithmetic:s08:r1|arithmetic:s08:r2|arithmetic:s08:r3|arithmetic:s10:r0|arithmetic:s10:r1|arithmetic:s10:r2|arithmetic:s10:r3|arithmetic:s11:r0|arithmetic:s11:r1|arithmetic:s11:r2|arithmetic:s11:r3|arithmetic:s13:r0|arithmetic:s13:r1|arithmetic:s13:r2|arithmetic:s13:r3|arithmetic:s14:r0|arithmetic:s14:r1|arithmetic:s14:r2|arithmetic:s14:r3|arithmetic:s15:r0|arithmetic:s15:r1|arithmetic:s15:r2|arithmetic:s15:r3,arithmetic:s12:r0|arithmetic:s12:r1|arithmetic:s12:r2|arithmetic:s12:r3,arithmetic:s09:r0|arithmetic:s09:r1|arithmetic:s09:r2|arithmetic:s09:r3
loso,arithmetic,9,seed_invariant,12,True,True,14,56,13,52,1,4,1,4,9013,670,1079,1|2|3|4|5|6|7|8|10|11|12|14|15,13,arithmetic:s01:r0|arithmetic:s01:r1|arithmetic:s01:r2|arithmetic:s01:r3|arithmetic:s02:r0|arithmetic:s02:r1|arithmetic:s02:r2|arithmetic:s02:r3|arithmetic:s03:r0|arithmetic:s03:r1|arithmetic:s03:r2|arithmetic:s03:r3|arithmetic:s04:r0|arithmetic:s04:r1|arithmetic:s04:r2|arithmetic:s04:r3|arithmetic:s05:r0|arithmetic:s05:r1|arithmetic:s05:r2|arithmetic:s05:r3|arithmetic:s06:r0|arithmetic:s06:r1|arithmetic:s06:r2|arithmetic:s06:r3|arithmetic:s07:r0|arithmetic:s07:r1|arithmetic:s07:r2|arithmetic:s07:r3|arithmetic:s08:r0|arithmetic:s08:r1|arithmetic:s08:r2|arithmetic:s08:r3|arithmetic:s10:r0|arithmetic:s10:r1|arithmetic:s10:r2|arithmetic:s10:r3|arithmetic:s11:r0|arithmetic:s11:r1|arithmetic:s11:r2|arithmetic:s11:r3|arithmetic:s12:r0|arithmetic:s12:r1|arithmetic:s12:r2|arithmetic:s12:r3|arithmetic:s14:r0|arithmetic:s14:r1|arithmetic:s14:r2|arithmetic:s14:r3|arithmetic:s15:r0|arithmetic:s15:r1|arithmetic:s15:r2|arithmetic:s15:r3,arithmetic:s13:r0|arithmetic:s13:r1|arithmetic:s13:r2|arithmetic:s13:r3,arithmetic:s09:r0|arithmetic:s09:r1|arithmetic:s09:r2|arithmetic:s09:r3
loso,arithmetic,9,seed_invariant,13,True,True,14,56,13,52,1,4,1,4,9089,594,1079,1|2|3|4|5|6|7|8|10|11|12|13|15,14,arithmetic:s01:r0|arithmetic:s01:r1|arithmetic:s01:r2|arithmetic:s01:r3|arithmetic:s02:r0|arithmetic:s02:r1|arithmetic:s02:r2|arithmetic:s02:r3|arithmetic:s03:r0|arithmetic:s03:r1|arithmetic:s03:r2|arithmetic:s03:r3|arithmetic:s04:r0|arithmetic:s04:r1|arithmetic:s04:r2|arithmetic:s04:r3|arithmetic:s05:r0|arithmetic:s05:r1|arithmetic:s05:r2|arithmetic:s05:r3|arithmetic:s06:r0|arithmetic:s06:r1|arithmetic:s06:r2|arithmetic:s06:r3|arithmetic:s07:r0|arithmetic:s07:r1|arithmetic:s07:r2|arithmetic:s07:r3|arithmetic:s08:r0|arithmetic:s08:r1|arithmetic:s08:r2|arithmetic:s08:r3|arithmetic:s10:r0|arithmetic:s10:r1|arithmetic:s10:r2|arithmetic:s10:r3|arithmetic:s11:r0|arithmetic:s11:r1|arithmetic:s11:r2|arithmetic:s11:r3|arithmetic:s12:r0|arithmetic:s12:r1|arithmetic:s12:r2|arithmetic:s12:r3|arithmetic:s13:r0|arithmetic:s13:r1|arithmetic:s13:r2|arithmetic:s13:r3|arithmetic:s15:r0|arithmetic:s15:r1|arithmetic:s15:r2|arithmetic:s15:r3,arithmetic:s14:r0|arithmetic:s14:r1|arithmetic:s14:r2|arithmetic:s14:r3,arithmetic:s09:r0|arithmetic:s09:r1|arithmetic:s09:r2|arithmetic:s09:r3
loso,arithmetic,9,seed_invariant,14,True,True,14,56,13,52,1,4,1,4,8956,727,1079,1|2|3|4|5|6|7|8|10|11|12|13|14,15,arithmetic:s01:r0|arithmetic:s01:r1|arithmetic:s01:r2|arithmetic:s01:r3|arithmetic:s02:r0|arithmetic:s02:r1|arithmetic:s02:r2|arithmetic:s02:r3|arithmetic:s03:r0|arithmetic:s03:r1|arithmetic:s03:r2|arithmetic:s03:r3|arithmetic:s04:r0|arithmetic:s04:r1|arithmetic:s04:r2|arithmetic:s04:r3|arithmetic:s05:r0|arithmetic:s05:r1|arithmetic:s05:r2|arithmetic:s05:r3|arithmetic:s06:r0|arithmetic:s06:r1|arithmetic:s06:r2|arithmetic:s06:r3|arithmetic:s07:r0|arithmetic:s07:r1|arithmetic:s07:r2|arithmetic:s07:r3|arithmetic:s08:r0|arithmetic:s08:r1|arithmetic:s08:r2|arithmetic:s08:r3|arithmetic:s10:r0|arithmetic:s10:r1|arithmetic:s10:r2|arithmetic:s10:r3|arithmetic:s11:r0|arithmetic:s11:r1|arithmetic:s11:r2|arithmetic:s11:r3|arithmetic:s12:r0|arithmetic:s12:r1|arithmetic:s12:r2|arithmetic:s12:r3|arithmetic:s13:r0|arithmetic:s13:r1|arithmetic:s13:r2|arithmetic:s13:r3|arithmetic:s14:r0|arithmetic:s14:r1|arithmetic:s14:r2|arithmetic:s14:r3,arithmetic:s15:r0|arithmetic:s15:r1|arithmetic:s15:r2|arithmetic:s15:r3,arithmetic:s09:r0|arithmetic:s09:r1|arithmetic:s09:r2|arithmetic:s09:r3
loso,arithmetic,10,seed_invariant,1,True,True,14,56,13,52,1,4,1,4,9528,696,538,2|3|4|5|6|7|8|9|11|12|13|14|15,1,arithmetic:s02:r0|arithmetic:s02:r1|arithmetic:s02:r2|arithmetic:s02:r3|arithmetic:s03:r0|arithmetic:s03:r1|arithmetic:s03:r2|arithmetic:s03:r3|arithmetic:s04:r0|arithmetic:s04:r1|arithmetic:s04:r2|arithmetic:s04:r3|arithmetic:s05:r0|arithmetic:s05:r1|arithmetic:s05:r2|arithmetic:s05:r3|arithmetic:s06:r0|arithmetic:s06:r1|arithmetic:s06:r2|arithmetic:s06:r3|arithmetic:s07:r0|arithmetic:s07:r1|arithmetic:s07:r2|arithmetic:s07:r3|arithmetic:s08:r0|arithmetic:s08:r1|arithmetic:s08:r2|arithmetic:s08:r3|arithmetic:s09:r0|arithmetic:s09:r1|arithmetic:s09:r2|arithmetic:s09:r3|arithmetic:s11:r0|arithmetic:s11:r1|arithmetic:s11:r2|arithmetic:s11:r3|arithmetic:s12:r0|arithmetic:s12:r1|arithmetic:s12:r2|arithmetic:s12:r3|arithmetic:s13:r0|arithmetic:s13:r1|arithmetic:s13:r2|arithmetic:s13:r3|arithmetic:s14:r0|arithmetic:s14:r1|arithmetic:s14:r2|arithmetic:s14:r3|arithmetic:s15:r0|arithmetic:s15:r1|arithmetic:s15:r2|arithmetic:s15:r3,arithmetic:s01:r0|arithmetic:s01:r1|arithmetic:s01:r2|arithmetic:s01:r3,arithmetic:s10:r0|arithmetic:s10:r1|arithmetic:s10:r2|arithmetic:s10:r3
loso,arithmetic,10,seed_invariant,2,True,True,14,56,13,52,1,4,1,4,9236,988,538,1|3|4|5|6|7|8|9|11|12|13|14|15,2,arithmetic:s01:r0|arithmetic:s01:r1|arithmetic:s01:r2|arithmetic:s01:r3|arithmetic:s03:r0|arithmetic:s03:r1|arithmetic:s03:r2|arithmetic:s03:r3|arithmetic:s04:r0|arithmetic:s04:r1|arithmetic:s04:r2|arithmetic:s04:r3|arithmetic:s05:r0|arithmetic:s05:r1|arithmetic:s05:r2|arithmetic:s05:r3|arithmetic:s06:r0|arithmetic:s06:r1|arithmetic:s06:r2|arithmetic:s06:r3|arithmetic:s07:r0|arithmetic:s07:r1|arithmetic:s07:r2|arithmetic:s07:r3|arithmetic:s08:r0|arithmetic:s08:r1|arithmetic:s08:r2|arithmetic:s08:r3|arithmetic:s09:r0|arithmetic:s09:r1|arithmetic:s09:r2|arithmetic:s09:r3|arithmetic:s11:r0|arithmetic:s11:r1|arithmetic:s11:r2|arithmetic:s11:r3|arithmetic:s12:r0|arithmetic:s12:r1|arithmetic:s12:r2|arithmetic:s12:r3|arithmetic:s13:r0|arithmetic:s13:r1|arithmetic:s13:r2|arithmetic:s13:r3|arithmetic:s14:r0|arithmetic:s14:r1|arithmetic:s14:r2|arithmetic:s14:r3|arithmetic:s15:r0|arithmetic:s15:r1|arithmetic:s15:r2|arithmetic:s15:r3,arithmetic:s02:r0|arithmetic:s02:r1|arithmetic:s02:r2|arithmetic:s02:r3,arithmetic:s10:r0|arithmetic:s10:r1|arithmetic:s10:r2|arithmetic:s10:r3
loso,arithmetic,10,seed_invariant,3,True,True,14,56,13,52,1,4,1,4,9655,569,538,1|2|4|5|6|7|8|9|11|12|13|14|15,3,arithmetic:s01:r0|arithmetic:s01:r1|arithmetic:s01:r2|arithmetic:s01:r3|arithmetic:s02:r0|arithmetic:s02:r1|arithmetic:s02:r2|arithmetic:s02:r3|arithmetic:s04:r0|arithmetic:s04:r1|arithmetic:s04:r2|arithmetic:s04:r3|arithmetic:s05:r0|arithmetic:s05:r1|arithmetic:s05:r2|arithmetic:s05:r3|arithmetic:s06:r0|arithmetic:s06:r1|arithmetic:s06:r2|arithmetic:s06:r3|arithmetic:s07:r0|arithmetic:s07:r1|arithmetic:s07:r2|arithmetic:s07:r3|arithmetic:s08:r0|arithmetic:s08:r1|arithmetic:s08:r2|arithmetic:s08:r3|arithmetic:s09:r0|arithmetic:s09:r1|arithmetic:s09:r2|arithmetic:s09:r3|arithmetic:s11:r0|arithmetic:s11:r1|arithmetic:s11:r2|arithmetic:s11:r3|arithmetic:s12:r0|arithmetic:s12:r1|arithmetic:s12:r2|arithmetic:s12:r3|arithmetic:s13:r0|arithmetic:s13:r1|arithmetic:s13:r2|arithmetic:s13:r3|arithmetic:s14:r0|arithmetic:s14:r1|arithmetic:s14:r2|arithmetic:s14:r3|arithmetic:s15:r0|arithmetic:s15:r1|arithmetic:s15:r2|arithmetic:s15:r3,arithmetic:s03:r0|arithmetic:s03:r1|arithmetic:s03:r2|arithmetic:s03:r3,arithmetic:s10:r0|arithmetic:s10:r1|arithmetic:s10:r2|arithmetic:s10:r3
loso,arithmetic,10,seed_invariant,4,True,True,14,56,13,52,1,4,1,4,9558,666,538,1|2|3|5|6|7|8|9|11|12|13|14|15,4,arithmetic:s01:r0|arithmetic:s01:r1|arithmetic:s01:r2|arithmetic:s01:r3|arithmetic:s02:r0|arithmetic:s02:r1|arithmetic:s02:r2|arithmetic:s02:r3|arithmetic:s03:r0|arithmetic:s03:r1|arithmetic:s03:r2|arithmetic:s03:r3|arithmetic:s05:r0|arithmetic:s05:r1|arithmetic:s05:r2|arithmetic:s05:r3|arithmetic:s06:r0|arithmetic:s06:r1|arithmetic:s06:r2|arithmetic:s06:r3|arithmetic:s07:r0|arithmetic:s07:r1|arithmetic:s07:r2|arithmetic:s07:r3|arithmetic:s08:r0|arithmetic:s08:r1|arithmetic:s08:r2|arithmetic:s08:r3|arithmetic:s09:r0|arithmetic:s09:r1|arithmetic:s09:r2|arithmetic:s09:r3|arithmetic:s11:r0|arithmetic:s11:r1|arithmetic:s11:r2|arithmetic:s11:r3|arithmetic:s12:r0|arithmetic:s12:r1|arithmetic:s12:r2|arithmetic:s12:r3|arithmetic:s13:r0|arithmetic:s13:r1|arithmetic:s13:r2|arithmetic:s13:r3|arithmetic:s14:r0|arithmetic:s14:r1|arithmetic:s14:r2|arithmetic:s14:r3|arithmetic:s15:r0|arithmetic:s15:r1|arithmetic:s15:r2|arithmetic:s15:r3,arithmetic:s04:r0|arithmetic:s04:r1|arithmetic:s04:r2|arithmetic:s04:r3,arithmetic:s10:r0|arithmetic:s10:r1|arithmetic:s10:r2|arithmetic:s10:r3
loso,arithmetic,10,seed_invariant,5,True,True,14,56,13,52,1,4,1,4,9397,827,538,1|2|3|4|6|7|8|9|11|12|13|14|15,5,arithmetic:s01:r0|arithmetic:s01:r1|arithmetic:s01:r2|arithmetic:s01:r3|arithmetic:s02:r0|arithmetic:s02:r1|arithmetic:s02:r2|arithmetic:s02:r3|arithmetic:s03:r0|arithmetic:s03:r1|arithmetic:s03:r2|arithmetic:s03:r3|arithmetic:s04:r0|arithmetic:s04:r1|arithmetic:s04:r2|arithmetic:s04:r3|arithmetic:s06:r0|arithmetic:s06:r1|arithmetic:s06:r2|arithmetic:s06:r3|arithmetic:s07:r0|arithmetic:s07:r1|arithmetic:s07:r2|arithmetic:s07:r3|arithmetic:s08:r0|arithmetic:s08:r1|arithmetic:s08:r2|arithmetic:s08:r3|arithmetic:s09:r0|arithmetic:s09:r1|arithmetic:s09:r2|arithmetic:s09:r3|arithmetic:s11:r0|arithmetic:s11:r1|arithmetic:s11:r2|arithmetic:s11:r3|arithmetic:s12:r0|arithmetic:s12:r1|arithmetic:s12:r2|arithmetic:s12:r3|arithmetic:s13:r0|arithmetic:s13:r1|arithmetic:s13:r2|arithmetic:s13:r3|arithmetic:s14:r0|arithmetic:s14:r1|arithmetic:s14:r2|arithmetic:s14:r3|arithmetic:s15:r0|arithmetic:s15:r1|arithmetic:s15:r2|arithmetic:s15:r3,arithmetic:s05:r0|arithmetic:s05:r1|arithmetic:s05:r2|arithmetic:s05:r3,arithmetic:s10:r0|arithmetic:s10:r1|arithmetic:s10:r2|arithmetic:s10:r3
loso,arithmetic,10,seed_invariant,6,True,True,14,56,13,52,1,4,1,4,9634,590,538,1|2|3|4|5|7|8|9|11|12|13|14|15,6,arithmetic:s01:r0|arithmetic:s01:r1|arithmetic:s01:r2|arithmetic:s01:r3|arithmetic:s02:r0|arithmetic:s02:r1|arithmetic:s02:r2|arithmetic:s02:r3|arithmetic:s03:r0|arithmetic:s03:r1|arithmetic:s03:r2|arithmetic:s03:r3|arithmetic:s04:r0|arithmetic:s04:r1|arithmetic:s04:r2|arithmetic:s04:r3|arithmetic:s05:r0|arithmetic:s05:r1|arithmetic:s05:r2|arithmetic:s05:r3|arithmetic:s07:r0|arithmetic:s07:r1|arithmetic:s07:r2|arithmetic:s07:r3|arithmetic:s08:r0|arithmetic:s08:r1|arithmetic:s08:r2|arithmetic:s08:r3|arithmetic:s09:r0|arithmetic:s09:r1|arithmetic:s09:r2|arithmetic:s09:r3|arithmetic:s11:r0|arithmetic:s11:r1|arithmetic:s11:r2|arithmetic:s11:r3|arithmetic:s12:r0|arithmetic:s12:r1|arithmetic:s12:r2|arithmetic:s12:r3|arithmetic:s13:r0|arithmetic:s13:r1|arithmetic:s13:r2|arithmetic:s13:r3|arithmetic:s14:r0|arithmetic:s14:r1|arithmetic:s14:r2|arithmetic:s14:r3|arithmetic:s15:r0|arithmetic:s15:r1|arithmetic:s15:r2|arithmetic:s15:r3,arithmetic:s06:r0|arithmetic:s06:r1|arithmetic:s06:r2|arithmetic:s06:r3,arithmetic:s10:r0|arithmetic:s10:r1|arithmetic:s10:r2|arithmetic:s10:r3
loso,arithmetic,10,seed_invariant,7,True,True,14,56,13,52,1,4,1,4,9871,353,538,1|2|3|4|5|6|8|9|11|12|13|14|15,7,arithmetic:s01:r0|arithmetic:s01:r1|arithmetic:s01:r2|arithmetic:s01:r3|arithmetic:s02:r0|arithmetic:s02:r1|arithmetic:s02:r2|arithmetic:s02:r3|arithmetic:s03:r0|arithmetic:s03:r1|arithmetic:s03:r2|arithmetic:s03:r3|arithmetic:s04:r0|arithmetic:s04:r1|arithmetic:s04:r2|arithmetic:s04:r3|arithmetic:s05:r0|arithmetic:s05:r1|arithmetic:s05:r2|arithmetic:s05:r3|arithmetic:s06:r0|arithmetic:s06:r1|arithmetic:s06:r2|arithmetic:s06:r3|arithmetic:s08:r0|arithmetic:s08:r1|arithmetic:s08:r2|arithmetic:s08:r3|arithmetic:s09:r0|arithmetic:s09:r1|arithmetic:s09:r2|arithmetic:s09:r3|arithmetic:s11:r0|arithmetic:s11:r1|arithmetic:s11:r2|arithmetic:s11:r3|arithmetic:s12:r0|arithmetic:s12:r1|arithmetic:s12:r2|arithmetic:s12:r3|arithmetic:s13:r0|arithmetic:s13:r1|arithmetic:s13:r2|arithmetic:s13:r3|arithmetic:s14:r0|arithmetic:s14:r1|arithmetic:s14:r2|arithmetic:s14:r3|arithmetic:s15:r0|arithmetic:s15:r1|arithmetic:s15:r2|arithmetic:s15:r3,arithmetic:s07:r0|arithmetic:s07:r1|arithmetic:s07:r2|arithmetic:s07:r3,arithmetic:s10:r0|arithmetic:s10:r1|arithmetic:s10:r2|arithmetic:s10:r3
loso,arithmetic,10,seed_invariant,8,True,True,14,56,13,52,1,4,1,4,9186,1038,538,1|2|3|4|5|6|7|9|11|12|13|14|15,8,arithmetic:s01:r0|arithmetic:s01:r1|arithmetic:s01:r2|arithmetic:s01:r3|arithmetic:s02:r0|arithmetic:s02:r1|arithmetic:s02:r2|arithmetic:s02:r3|arithmetic:s03:r0|arithmetic:s03:r1|arithmetic:s03:r2|arithmetic:s03:r3|arithmetic:s04:r0|arithmetic:s04:r1|arithmetic:s04:r2|arithmetic:s04:r3|arithmetic:s05:r0|arithmetic:s05:r1|arithmetic:s05:r2|arithmetic:s05:r3|arithmetic:s06:r0|arithmetic:s06:r1|arithmetic:s06:r2|arithmetic:s06:r3|arithmetic:s07:r0|arithmetic:s07:r1|arithmetic:s07:r2|arithmetic:s07:r3|arithmetic:s09:r0|arithmetic:s09:r1|arithmetic:s09:r2|arithmetic:s09:r3|arithmetic:s11:r0|arithmetic:s11:r1|arithmetic:s11:r2|arithmetic:s11:r3|arithmetic:s12:r0|arithmetic:s12:r1|arithmetic:s12:r2|arithmetic:s12:r3|arithmetic:s13:r0|arithmetic:s13:r1|arithmetic:s13:r2|arithmetic:s13:r3|arithmetic:s14:r0|arithmetic:s14:r1|arithmetic:s14:r2|arithmetic:s14:r3|arithmetic:s15:r0|arithmetic:s15:r1|arithmetic:s15:r2|arithmetic:s15:r3,arithmetic:s08:r0|arithmetic:s08:r1|arithmetic:s08:r2|arithmetic:s08:r3,arithmetic:s10:r0|arithmetic:s10:r1|arithmetic:s10:r2|arithmetic:s10:r3
loso,arithmetic,10,seed_invariant,9,True,True,14,56,13,52,1,4,1,4,9145,1079,538,1|2|3|4|5|6|7|8|11|12|13|14|15,9,arithmetic:s01:r0|arithmetic:s01:r1|arithmetic:s01:r2|arithmetic:s01:r3|arithmetic:s02:r0|arithmetic:s02:r1|arithmetic:s02:r2|arithmetic:s02:r3|arithmetic:s03:r0|arithmetic:s03:r1|arithmetic:s03:r2|arithmetic:s03:r3|arithmetic:s04:r0|arithmetic:s04:r1|arithmetic:s04:r2|arithmetic:s04:r3|arithmetic:s05:r0|arithmetic:s05:r1|arithmetic:s05:r2|arithmetic:s05:r3|arithmetic:s06:r0|arithmetic:s06:r1|arithmetic:s06:r2|arithmetic:s06:r3|arithmetic:s07:r0|arithmetic:s07:r1|arithmetic:s07:r2|arithmetic:s07:r3|arithmetic:s08:r0|arithmetic:s08:r1|arithmetic:s08:r2|arithmetic:s08:r3|arithmetic:s11:r0|arithmetic:s11:r1|arithmetic:s11:r2|arithmetic:s11:r3|arithmetic:s12:r0|arithmetic:s12:r1|arithmetic:s12:r2|arithmetic:s12:r3|arithmetic:s13:r0|arithmetic:s13:r1|arithmetic:s13:r2|arithmetic:s13:r3|arithmetic:s14:r0|arithmetic:s14:r1|arithmetic:s14:r2|arithmetic:s14:r3|arithmetic:s15:r0|arithmetic:s15:r1|arithmetic:s15:r2|arithmetic:s15:r3,arithmetic:s09:r0|arithmetic:s09:r1|arithmetic:s09:r2|arithmetic:s09:r3,arithmetic:s10:r0|arithmetic:s10:r1|arithmetic:s10:r2|arithmetic:s10:r3
loso,arithmetic,10,seed_invariant,10,True,True,14,56,13,52,1,4,1,4,9452,772,538,1|2|3|4|5|6|7|8|9|12|13|14|15,11,arithmetic:s01:r0|arithmetic:s01:r1|arithmetic:s01:r2|arithmetic:s01:r3|arithmetic:s02:r0|arithmetic:s02:r1|arithmetic:s02:r2|arithmetic:s02:r3|arithmetic:s03:r0|arithmetic:s03:r1|arithmetic:s03:r2|arithmetic:s03:r3|arithmetic:s04:r0|arithmetic:s04:r1|arithmetic:s04:r2|arithmetic:s04:r3|arithmetic:s05:r0|arithmetic:s05:r1|arithmetic:s05:r2|arithmetic:s05:r3|arithmetic:s06:r0|arithmetic:s06:r1|arithmetic:s06:r2|arithmetic:s06:r3|arithmetic:s07:r0|arithmetic:s07:r1|arithmetic:s07:r2|arithmetic:s07:r3|arithmetic:s08:r0|arithmetic:s08:r1|arithmetic:s08:r2|arithmetic:s08:r3|arithmetic:s09:r0|arithmetic:s09:r1|arithmetic:s09:r2|arithmetic:s09:r3|arithmetic:s12:r0|arithmetic:s12:r1|arithmetic:s12:r2|arithmetic:s12:r3|arithmetic:s13:r0|arithmetic:s13:r1|arithmetic:s13:r2|arithmetic:s13:r3|arithmetic:s14:r0|arithmetic:s14:r1|arithmetic:s14:r2|arithmetic:s14:r3|arithmetic:s15:r0|arithmetic:s15:r1|arithmetic:s15:r2|arithmetic:s15:r3,arithmetic:s11:r0|arithmetic:s11:r1|arithmetic:s11:r2|arithmetic:s11:r3,arithmetic:s10:r0|arithmetic:s10:r1|arithmetic:s10:r2|arithmetic:s10:r3
loso,arithmetic,10,seed_invariant,11,True,True,14,56,13,52,1,4,1,4,9569,655,538,1|2|3|4|5|6|7|8|9|11|13|14|15,12,arithmetic:s01:r0|arithmetic:s01:r1|arithmetic:s01:r2|arithmetic:s01:r3|arithmetic:s02:r0|arithmetic:s02:r1|arithmetic:s02:r2|arithmetic:s02:r3|arithmetic:s03:r0|arithmetic:s03:r1|arithmetic:s03:r2|arithmetic:s03:r3|arithmetic:s04:r0|arithmetic:s04:r1|arithmetic:s04:r2|arithmetic:s04:r3|arithmetic:s05:r0|arithmetic:s05:r1|arithmetic:s05:r2|arithmetic:s05:r3|arithmetic:s06:r0|arithmetic:s06:r1|arithmetic:s06:r2|arithmetic:s06:r3|arithmetic:s07:r0|arithmetic:s07:r1|arithmetic:s07:r2|arithmetic:s07:r3|arithmetic:s08:r0|arithmetic:s08:r1|arithmetic:s08:r2|arithmetic:s08:r3|arithmetic:s09:r0|arithmetic:s09:r1|arithmetic:s09:r2|arithmetic:s09:r3|arithmetic:s11:r0|arithmetic:s11:r1|arithmetic:s11:r2|arithmetic:s11:r3|arithmetic:s13:r0|arithmetic:s13:r1|arithmetic:s13:r2|arithmetic:s13:r3|arithmetic:s14:r0|arithmetic:s14:r1|arithmetic:s14:r2|arithmetic:s14:r3|arithmetic:s15:r0|arithmetic:s15:r1|arithmetic:s15:r2|arithmetic:s15:r3,arithmetic:s12:r0|arithmetic:s12:r1|arithmetic:s12:r2|arithmetic:s12:r3,arithmetic:s10:r0|arithmetic:s10:r1|arithmetic:s10:r2|arithmetic:s10:r3
loso,arithmetic,10,seed_invariant,12,True,True,14,56,13,52,1,4,1,4,9554,670,538,1|2|3|4|5|6|7|8|9|11|12|14|15,13,arithmetic:s01:r0|arithmetic:s01:r1|arithmetic:s01:r2|arithmetic:s01:r3|arithmetic:s02:r0|arithmetic:s02:r1|arithmetic:s02:r2|arithmetic:s02:r3|arithmetic:s03:r0|arithmetic:s03:r1|arithmetic:s03:r2|arithmetic:s03:r3|arithmetic:s04:r0|arithmetic:s04:r1|arithmetic:s04:r2|arithmetic:s04:r3|arithmetic:s05:r0|arithmetic:s05:r1|arithmetic:s05:r2|arithmetic:s05:r3|arithmetic:s06:r0|arithmetic:s06:r1|arithmetic:s06:r2|arithmetic:s06:r3|arithmetic:s07:r0|arithmetic:s07:r1|arithmetic:s07:r2|arithmetic:s07:r3|arithmetic:s08:r0|arithmetic:s08:r1|arithmetic:s08:r2|arithmetic:s08:r3|arithmetic:s09:r0|arithmetic:s09:r1|arithmetic:s09:r2|arithmetic:s09:r3|arithmetic:s11:r0|arithmetic:s11:r1|arithmetic:s11:r2|arithmetic:s11:r3|arithmetic:s12:r0|arithmetic:s12:r1|arithmetic:s12:r2|arithmetic:s12:r3|arithmetic:s14:r0|arithmetic:s14:r1|arithmetic:s14:r2|arithmetic:s14:r3|arithmetic:s15:r0|arithmetic:s15:r1|arithmetic:s15:r2|arithmetic:s15:r3,arithmetic:s13:r0|arithmetic:s13:r1|arithmetic:s13:r2|arithmetic:s13:r3,arithmetic:s10:r0|arithmetic:s10:r1|arithmetic:s10:r2|arithmetic:s10:r3
loso,arithmetic,10,seed_invariant,13,True,True,14,56,13,52,1,4,1,4,9630,594,538,1|2|3|4|5|6|7|8|9|11|12|13|15,14,arithmetic:s01:r0|arithmetic:s01:r1|arithmetic:s01:r2|arithmetic:s01:r3|arithmetic:s02:r0|arithmetic:s02:r1|arithmetic:s02:r2|arithmetic:s02:r3|arithmetic:s03:r0|arithmetic:s03:r1|arithmetic:s03:r2|arithmetic:s03:r3|arithmetic:s04:r0|arithmetic:s04:r1|arithmetic:s04:r2|arithmetic:s04:r3|arithmetic:s05:r0|arithmetic:s05:r1|arithmetic:s05:r2|arithmetic:s05:r3|arithmetic:s06:r0|arithmetic:s06:r1|arithmetic:s06:r2|arithmetic:s06:r3|arithmetic:s07:r0|arithmetic:s07:r1|arithmetic:s07:r2|arithmetic:s07:r3|arithmetic:s08:r0|arithmetic:s08:r1|arithmetic:s08:r2|arithmetic:s08:r3|arithmetic:s09:r0|arithmetic:s09:r1|arithmetic:s09:r2|arithmetic:s09:r3|arithmetic:s11:r0|arithmetic:s11:r1|arithmetic:s11:r2|arithmetic:s11:r3|arithmetic:s12:r0|arithmetic:s12:r1|arithmetic:s12:r2|arithmetic:s12:r3|arithmetic:s13:r0|arithmetic:s13:r1|arithmetic:s13:r2|arithmetic:s13:r3|arithmetic:s15:r0|arithmetic:s15:r1|arithmetic:s15:r2|arithmetic:s15:r3,arithmetic:s14:r0|arithmetic:s14:r1|arithmetic:s14:r2|arithmetic:s14:r3,arithmetic:s10:r0|arithmetic:s10:r1|arithmetic:s10:r2|arithmetic:s10:r3
loso,arithmetic,10,seed_invariant,14,True,True,14,56,13,52,1,4,1,4,9497,727,538,1|2|3|4|5|6|7|8|9|11|12|13|14,15,arithmetic:s01:r0|arithmetic:s01:r1|arithmetic:s01:r2|arithmetic:s01:r3|arithmetic:s02:r0|arithmetic:s02:r1|arithmetic:s02:r2|arithmetic:s02:r3|arithmetic:s03:r0|arithmetic:s03:r1|arithmetic:s03:r2|arithmetic:s03:r3|arithmetic:s04:r0|arithmetic:s04:r1|arithmetic:s04:r2|arithmetic:s04:r3|arithmetic:s05:r0|arithmetic:s05:r1|arithmetic:s05:r2|arithmetic:s05:r3|arithmetic:s06:r0|arithmetic:s06:r1|arithmetic:s06:r2|arithmetic:s06:r3|arithmetic:s07:r0|arithmetic:s07:r1|arithmetic:s07:r2|arithmetic:s07:r3|arithmetic:s08:r0|arithmetic:s08:r1|arithmetic:s08:r2|arithmetic:s08:r3|arithmetic:s09:r0|arithmetic:s09:r1|arithmetic:s09:r2|arithmetic:s09:r3|arithmetic:s11:r0|arithmetic:s11:r1|arithmetic:s11:r2|arithmetic:s11:r3|arithmetic:s12:r0|arithmetic:s12:r1|arithmetic:s12:r2|arithmetic:s12:r3|arithmetic:s13:r0|arithmetic:s13:r1|arithmetic:s13:r2|arithmetic:s13:r3|arithmetic:s14:r0|arithmetic:s14:r1|arithmetic:s14:r2|arithmetic:s14:r3,arithmetic:s15:r0|arithmetic:s15:r1|arithmetic:s15:r2|arithmetic:s15:r3,arithmetic:s10:r0|arithmetic:s10:r1|arithmetic:s10:r2|arithmetic:s10:r3
loso,arithmetic,11,seed_invariant,1,True,True,14,56,13,52,1,4,1,4,9294,696,772,2|3|4|5|6|7|8|9|10|12|13|14|15,1,arithmetic:s02:r0|arithmetic:s02:r1|arithmetic:s02:r2|arithmetic:s02:r3|arithmetic:s03:r0|arithmetic:s03:r1|arithmetic:s03:r2|arithmetic:s03:r3|arithmetic:s04:r0|arithmetic:s04:r1|arithmetic:s04:r2|arithmetic:s04:r3|arithmetic:s05:r0|arithmetic:s05:r1|arithmetic:s05:r2|arithmetic:s05:r3|arithmetic:s06:r0|arithmetic:s06:r1|arithmetic:s06:r2|arithmetic:s06:r3|arithmetic:s07:r0|arithmetic:s07:r1|arithmetic:s07:r2|arithmetic:s07:r3|arithmetic:s08:r0|arithmetic:s08:r1|arithmetic:s08:r2|arithmetic:s08:r3|arithmetic:s09:r0|arithmetic:s09:r1|arithmetic:s09:r2|arithmetic:s09:r3|arithmetic:s10:r0|arithmetic:s10:r1|arithmetic:s10:r2|arithmetic:s10:r3|arithmetic:s12:r0|arithmetic:s12:r1|arithmetic:s12:r2|arithmetic:s12:r3|arithmetic:s13:r0|arithmetic:s13:r1|arithmetic:s13:r2|arithmetic:s13:r3|arithmetic:s14:r0|arithmetic:s14:r1|arithmetic:s14:r2|arithmetic:s14:r3|arithmetic:s15:r0|arithmetic:s15:r1|arithmetic:s15:r2|arithmetic:s15:r3,arithmetic:s01:r0|arithmetic:s01:r1|arithmetic:s01:r2|arithmetic:s01:r3,arithmetic:s11:r0|arithmetic:s11:r1|arithmetic:s11:r2|arithmetic:s11:r3
loso,arithmetic,11,seed_invariant,2,True,True,14,56,13,52,1,4,1,4,9002,988,772,1|3|4|5|6|7|8|9|10|12|13|14|15,2,arithmetic:s01:r0|arithmetic:s01:r1|arithmetic:s01:r2|arithmetic:s01:r3|arithmetic:s03:r0|arithmetic:s03:r1|arithmetic:s03:r2|arithmetic:s03:r3|arithmetic:s04:r0|arithmetic:s04:r1|arithmetic:s04:r2|arithmetic:s04:r3|arithmetic:s05:r0|arithmetic:s05:r1|arithmetic:s05:r2|arithmetic:s05:r3|arithmetic:s06:r0|arithmetic:s06:r1|arithmetic:s06:r2|arithmetic:s06:r3|arithmetic:s07:r0|arithmetic:s07:r1|arithmetic:s07:r2|arithmetic:s07:r3|arithmetic:s08:r0|arithmetic:s08:r1|arithmetic:s08:r2|arithmetic:s08:r3|arithmetic:s09:r0|arithmetic:s09:r1|arithmetic:s09:r2|arithmetic:s09:r3|arithmetic:s10:r0|arithmetic:s10:r1|arithmetic:s10:r2|arithmetic:s10:r3|arithmetic:s12:r0|arithmetic:s12:r1|arithmetic:s12:r2|arithmetic:s12:r3|arithmetic:s13:r0|arithmetic:s13:r1|arithmetic:s13:r2|arithmetic:s13:r3|arithmetic:s14:r0|arithmetic:s14:r1|arithmetic:s14:r2|arithmetic:s14:r3|arithmetic:s15:r0|arithmetic:s15:r1|arithmetic:s15:r2|arithmetic:s15:r3,arithmetic:s02:r0|arithmetic:s02:r1|arithmetic:s02:r2|arithmetic:s02:r3,arithmetic:s11:r0|arithmetic:s11:r1|arithmetic:s11:r2|arithmetic:s11:r3
loso,arithmetic,11,seed_invariant,3,True,True,14,56,13,52,1,4,1,4,9421,569,772,1|2|4|5|6|7|8|9|10|12|13|14|15,3,arithmetic:s01:r0|arithmetic:s01:r1|arithmetic:s01:r2|arithmetic:s01:r3|arithmetic:s02:r0|arithmetic:s02:r1|arithmetic:s02:r2|arithmetic:s02:r3|arithmetic:s04:r0|arithmetic:s04:r1|arithmetic:s04:r2|arithmetic:s04:r3|arithmetic:s05:r0|arithmetic:s05:r1|arithmetic:s05:r2|arithmetic:s05:r3|arithmetic:s06:r0|arithmetic:s06:r1|arithmetic:s06:r2|arithmetic:s06:r3|arithmetic:s07:r0|arithmetic:s07:r1|arithmetic:s07:r2|arithmetic:s07:r3|arithmetic:s08:r0|arithmetic:s08:r1|arithmetic:s08:r2|arithmetic:s08:r3|arithmetic:s09:r0|arithmetic:s09:r1|arithmetic:s09:r2|arithmetic:s09:r3|arithmetic:s10:r0|arithmetic:s10:r1|arithmetic:s10:r2|arithmetic:s10:r3|arithmetic:s12:r0|arithmetic:s12:r1|arithmetic:s12:r2|arithmetic:s12:r3|arithmetic:s13:r0|arithmetic:s13:r1|arithmetic:s13:r2|arithmetic:s13:r3|arithmetic:s14:r0|arithmetic:s14:r1|arithmetic:s14:r2|arithmetic:s14:r3|arithmetic:s15:r0|arithmetic:s15:r1|arithmetic:s15:r2|arithmetic:s15:r3,arithmetic:s03:r0|arithmetic:s03:r1|arithmetic:s03:r2|arithmetic:s03:r3,arithmetic:s11:r0|arithmetic:s11:r1|arithmetic:s11:r2|arithmetic:s11:r3
loso,arithmetic,11,seed_invariant,4,True,True,14,56,13,52,1,4,1,4,9324,666,772,1|2|3|5|6|7|8|9|10|12|13|14|15,4,arithmetic:s01:r0|arithmetic:s01:r1|arithmetic:s01:r2|arithmetic:s01:r3|arithmetic:s02:r0|arithmetic:s02:r1|arithmetic:s02:r2|arithmetic:s02:r3|arithmetic:s03:r0|arithmetic:s03:r1|arithmetic:s03:r2|arithmetic:s03:r3|arithmetic:s05:r0|arithmetic:s05:r1|arithmetic:s05:r2|arithmetic:s05:r3|arithmetic:s06:r0|arithmetic:s06:r1|arithmetic:s06:r2|arithmetic:s06:r3|arithmetic:s07:r0|arithmetic:s07:r1|arithmetic:s07:r2|arithmetic:s07:r3|arithmetic:s08:r0|arithmetic:s08:r1|arithmetic:s08:r2|arithmetic:s08:r3|arithmetic:s09:r0|arithmetic:s09:r1|arithmetic:s09:r2|arithmetic:s09:r3|arithmetic:s10:r0|arithmetic:s10:r1|arithmetic:s10:r2|arithmetic:s10:r3|arithmetic:s12:r0|arithmetic:s12:r1|arithmetic:s12:r2|arithmetic:s12:r3|arithmetic:s13:r0|arithmetic:s13:r1|arithmetic:s13:r2|arithmetic:s13:r3|arithmetic:s14:r0|arithmetic:s14:r1|arithmetic:s14:r2|arithmetic:s14:r3|arithmetic:s15:r0|arithmetic:s15:r1|arithmetic:s15:r2|arithmetic:s15:r3,arithmetic:s04:r0|arithmetic:s04:r1|arithmetic:s04:r2|arithmetic:s04:r3,arithmetic:s11:r0|arithmetic:s11:r1|arithmetic:s11:r2|arithmetic:s11:r3
loso,arithmetic,11,seed_invariant,5,True,True,14,56,13,52,1,4,1,4,9163,827,772,1|2|3|4|6|7|8|9|10|12|13|14|15,5,arithmetic:s01:r0|arithmetic:s01:r1|arithmetic:s01:r2|arithmetic:s01:r3|arithmetic:s02:r0|arithmetic:s02:r1|arithmetic:s02:r2|arithmetic:s02:r3|arithmetic:s03:r0|arithmetic:s03:r1|arithmetic:s03:r2|arithmetic:s03:r3|arithmetic:s04:r0|arithmetic:s04:r1|arithmetic:s04:r2|arithmetic:s04:r3|arithmetic:s06:r0|arithmetic:s06:r1|arithmetic:s06:r2|arithmetic:s06:r3|arithmetic:s07:r0|arithmetic:s07:r1|arithmetic:s07:r2|arithmetic:s07:r3|arithmetic:s08:r0|arithmetic:s08:r1|arithmetic:s08:r2|arithmetic:s08:r3|arithmetic:s09:r0|arithmetic:s09:r1|arithmetic:s09:r2|arithmetic:s09:r3|arithmetic:s10:r0|arithmetic:s10:r1|arithmetic:s10:r2|arithmetic:s10:r3|arithmetic:s12:r0|arithmetic:s12:r1|arithmetic:s12:r2|arithmetic:s12:r3|arithmetic:s13:r0|arithmetic:s13:r1|arithmetic:s13:r2|arithmetic:s13:r3|arithmetic:s14:r0|arithmetic:s14:r1|arithmetic:s14:r2|arithmetic:s14:r3|arithmetic:s15:r0|arithmetic:s15:r1|arithmetic:s15:r2|arithmetic:s15:r3,arithmetic:s05:r0|arithmetic:s05:r1|arithmetic:s05:r2|arithmetic:s05:r3,arithmetic:s11:r0|arithmetic:s11:r1|arithmetic:s11:r2|arithmetic:s11:r3
loso,arithmetic,11,seed_invariant,6,True,True,14,56,13,52,1,4,1,4,9400,590,772,1|2|3|4|5|7|8|9|10|12|13|14|15,6,arithmetic:s01:r0|arithmetic:s01:r1|arithmetic:s01:r2|arithmetic:s01:r3|arithmetic:s02:r0|arithmetic:s02:r1|arithmetic:s02:r2|arithmetic:s02:r3|arithmetic:s03:r0|arithmetic:s03:r1|arithmetic:s03:r2|arithmetic:s03:r3|arithmetic:s04:r0|arithmetic:s04:r1|arithmetic:s04:r2|arithmetic:s04:r3|arithmetic:s05:r0|arithmetic:s05:r1|arithmetic:s05:r2|arithmetic:s05:r3|arithmetic:s07:r0|arithmetic:s07:r1|arithmetic:s07:r2|arithmetic:s07:r3|arithmetic:s08:r0|arithmetic:s08:r1|arithmetic:s08:r2|arithmetic:s08:r3|arithmetic:s09:r0|arithmetic:s09:r1|arithmetic:s09:r2|arithmetic:s09:r3|arithmetic:s10:r0|arithmetic:s10:r1|arithmetic:s10:r2|arithmetic:s10:r3|arithmetic:s12:r0|arithmetic:s12:r1|arithmetic:s12:r2|arithmetic:s12:r3|arithmetic:s13:r0|arithmetic:s13:r1|arithmetic:s13:r2|arithmetic:s13:r3|arithmetic:s14:r0|arithmetic:s14:r1|arithmetic:s14:r2|arithmetic:s14:r3|arithmetic:s15:r0|arithmetic:s15:r1|arithmetic:s15:r2|arithmetic:s15:r3,arithmetic:s06:r0|arithmetic:s06:r1|arithmetic:s06:r2|arithmetic:s06:r3,arithmetic:s11:r0|arithmetic:s11:r1|arithmetic:s11:r2|arithmetic:s11:r3
loso,arithmetic,11,seed_invariant,7,True,True,14,56,13,52,1,4,1,4,9637,353,772,1|2|3|4|5|6|8|9|10|12|13|14|15,7,arithmetic:s01:r0|arithmetic:s01:r1|arithmetic:s01:r2|arithmetic:s01:r3|arithmetic:s02:r0|arithmetic:s02:r1|arithmetic:s02:r2|arithmetic:s02:r3|arithmetic:s03:r0|arithmetic:s03:r1|arithmetic:s03:r2|arithmetic:s03:r3|arithmetic:s04:r0|arithmetic:s04:r1|arithmetic:s04:r2|arithmetic:s04:r3|arithmetic:s05:r0|arithmetic:s05:r1|arithmetic:s05:r2|arithmetic:s05:r3|arithmetic:s06:r0|arithmetic:s06:r1|arithmetic:s06:r2|arithmetic:s06:r3|arithmetic:s08:r0|arithmetic:s08:r1|arithmetic:s08:r2|arithmetic:s08:r3|arithmetic:s09:r0|arithmetic:s09:r1|arithmetic:s09:r2|arithmetic:s09:r3|arithmetic:s10:r0|arithmetic:s10:r1|arithmetic:s10:r2|arithmetic:s10:r3|arithmetic:s12:r0|arithmetic:s12:r1|arithmetic:s12:r2|arithmetic:s12:r3|arithmetic:s13:r0|arithmetic:s13:r1|arithmetic:s13:r2|arithmetic:s13:r3|arithmetic:s14:r0|arithmetic:s14:r1|arithmetic:s14:r2|arithmetic:s14:r3|arithmetic:s15:r0|arithmetic:s15:r1|arithmetic:s15:r2|arithmetic:s15:r3,arithmetic:s07:r0|arithmetic:s07:r1|arithmetic:s07:r2|arithmetic:s07:r3,arithmetic:s11:r0|arithmetic:s11:r1|arithmetic:s11:r2|arithmetic:s11:r3
loso,arithmetic,11,seed_invariant,8,True,True,14,56,13,52,1,4,1,4,8952,1038,772,1|2|3|4|5|6|7|9|10|12|13|14|15,8,arithmetic:s01:r0|arithmetic:s01:r1|arithmetic:s01:r2|arithmetic:s01:r3|arithmetic:s02:r0|arithmetic:s02:r1|arithmetic:s02:r2|arithmetic:s02:r3|arithmetic:s03:r0|arithmetic:s03:r1|arithmetic:s03:r2|arithmetic:s03:r3|arithmetic:s04:r0|arithmetic:s04:r1|arithmetic:s04:r2|arithmetic:s04:r3|arithmetic:s05:r0|arithmetic:s05:r1|arithmetic:s05:r2|arithmetic:s05:r3|arithmetic:s06:r0|arithmetic:s06:r1|arithmetic:s06:r2|arithmetic:s06:r3|arithmetic:s07:r0|arithmetic:s07:r1|arithmetic:s07:r2|arithmetic:s07:r3|arithmetic:s09:r0|arithmetic:s09:r1|arithmetic:s09:r2|arithmetic:s09:r3|arithmetic:s10:r0|arithmetic:s10:r1|arithmetic:s10:r2|arithmetic:s10:r3|arithmetic:s12:r0|arithmetic:s12:r1|arithmetic:s12:r2|arithmetic:s12:r3|arithmetic:s13:r0|arithmetic:s13:r1|arithmetic:s13:r2|arithmetic:s13:r3|arithmetic:s14:r0|arithmetic:s14:r1|arithmetic:s14:r2|arithmetic:s14:r3|arithmetic:s15:r0|arithmetic:s15:r1|arithmetic:s15:r2|arithmetic:s15:r3,arithmetic:s08:r0|arithmetic:s08:r1|arithmetic:s08:r2|arithmetic:s08:r3,arithmetic:s11:r0|arithmetic:s11:r1|arithmetic:s11:r2|arithmetic:s11:r3
loso,arithmetic,11,seed_invariant,9,True,True,14,56,13,52,1,4,1,4,8911,1079,772,1|2|3|4|5|6|7|8|10|12|13|14|15,9,arithmetic:s01:r0|arithmetic:s01:r1|arithmetic:s01:r2|arithmetic:s01:r3|arithmetic:s02:r0|arithmetic:s02:r1|arithmetic:s02:r2|arithmetic:s02:r3|arithmetic:s03:r0|arithmetic:s03:r1|arithmetic:s03:r2|arithmetic:s03:r3|arithmetic:s04:r0|arithmetic:s04:r1|arithmetic:s04:r2|arithmetic:s04:r3|arithmetic:s05:r0|arithmetic:s05:r1|arithmetic:s05:r2|arithmetic:s05:r3|arithmetic:s06:r0|arithmetic:s06:r1|arithmetic:s06:r2|arithmetic:s06:r3|arithmetic:s07:r0|arithmetic:s07:r1|arithmetic:s07:r2|arithmetic:s07:r3|arithmetic:s08:r0|arithmetic:s08:r1|arithmetic:s08:r2|arithmetic:s08:r3|arithmetic:s10:r0|arithmetic:s10:r1|arithmetic:s10:r2|arithmetic:s10:r3|arithmetic:s12:r0|arithmetic:s12:r1|arithmetic:s12:r2|arithmetic:s12:r3|arithmetic:s13:r0|arithmetic:s13:r1|arithmetic:s13:r2|arithmetic:s13:r3|arithmetic:s14:r0|arithmetic:s14:r1|arithmetic:s14:r2|arithmetic:s14:r3|arithmetic:s15:r0|arithmetic:s15:r1|arithmetic:s15:r2|arithmetic:s15:r3,arithmetic:s09:r0|arithmetic:s09:r1|arithmetic:s09:r2|arithmetic:s09:r3,arithmetic:s11:r0|arithmetic:s11:r1|arithmetic:s11:r2|arithmetic:s11:r3
loso,arithmetic,11,seed_invariant,10,True,True,14,56,13,52,1,4,1,4,9452,538,772,1|2|3|4|5|6|7|8|9|12|13|14|15,10,arithmetic:s01:r0|arithmetic:s01:r1|arithmetic:s01:r2|arithmetic:s01:r3|arithmetic:s02:r0|arithmetic:s02:r1|arithmetic:s02:r2|arithmetic:s02:r3|arithmetic:s03:r0|arithmetic:s03:r1|arithmetic:s03:r2|arithmetic:s03:r3|arithmetic:s04:r0|arithmetic:s04:r1|arithmetic:s04:r2|arithmetic:s04:r3|arithmetic:s05:r0|arithmetic:s05:r1|arithmetic:s05:r2|arithmetic:s05:r3|arithmetic:s06:r0|arithmetic:s06:r1|arithmetic:s06:r2|arithmetic:s06:r3|arithmetic:s07:r0|arithmetic:s07:r1|arithmetic:s07:r2|arithmetic:s07:r3|arithmetic:s08:r0|arithmetic:s08:r1|arithmetic:s08:r2|arithmetic:s08:r3|arithmetic:s09:r0|arithmetic:s09:r1|arithmetic:s09:r2|arithmetic:s09:r3|arithmetic:s12:r0|arithmetic:s12:r1|arithmetic:s12:r2|arithmetic:s12:r3|arithmetic:s13:r0|arithmetic:s13:r1|arithmetic:s13:r2|arithmetic:s13:r3|arithmetic:s14:r0|arithmetic:s14:r1|arithmetic:s14:r2|arithmetic:s14:r3|arithmetic:s15:r0|arithmetic:s15:r1|arithmetic:s15:r2|arithmetic:s15:r3,arithmetic:s10:r0|arithmetic:s10:r1|arithmetic:s10:r2|arithmetic:s10:r3,arithmetic:s11:r0|arithmetic:s11:r1|arithmetic:s11:r2|arithmetic:s11:r3
loso,arithmetic,11,seed_invariant,11,True,True,14,56,13,52,1,4,1,4,9335,655,772,1|2|3|4|5|6|7|8|9|10|13|14|15,12,arithmetic:s01:r0|arithmetic:s01:r1|arithmetic:s01:r2|arithmetic:s01:r3|arithmetic:s02:r0|arithmetic:s02:r1|arithmetic:s02:r2|arithmetic:s02:r3|arithmetic:s03:r0|arithmetic:s03:r1|arithmetic:s03:r2|arithmetic:s03:r3|arithmetic:s04:r0|arithmetic:s04:r1|arithmetic:s04:r2|arithmetic:s04:r3|arithmetic:s05:r0|arithmetic:s05:r1|arithmetic:s05:r2|arithmetic:s05:r3|arithmetic:s06:r0|arithmetic:s06:r1|arithmetic:s06:r2|arithmetic:s06:r3|arithmetic:s07:r0|arithmetic:s07:r1|arithmetic:s07:r2|arithmetic:s07:r3|arithmetic:s08:r0|arithmetic:s08:r1|arithmetic:s08:r2|arithmetic:s08:r3|arithmetic:s09:r0|arithmetic:s09:r1|arithmetic:s09:r2|arithmetic:s09:r3|arithmetic:s10:r0|arithmetic:s10:r1|arithmetic:s10:r2|arithmetic:s10:r3|arithmetic:s13:r0|arithmetic:s13:r1|arithmetic:s13:r2|arithmetic:s13:r3|arithmetic:s14:r0|arithmetic:s14:r1|arithmetic:s14:r2|arithmetic:s14:r3|arithmetic:s15:r0|arithmetic:s15:r1|arithmetic:s15:r2|arithmetic:s15:r3,arithmetic:s12:r0|arithmetic:s12:r1|arithmetic:s12:r2|arithmetic:s12:r3,arithmetic:s11:r0|arithmetic:s11:r1|arithmetic:s11:r2|arithmetic:s11:r3
loso,arithmetic,11,seed_invariant,12,True,True,14,56,13,52,1,4,1,4,9320,670,772,1|2|3|4|5|6|7|8|9|10|12|14|15,13,arithmetic:s01:r0|arithmetic:s01:r1|arithmetic:s01:r2|arithmetic:s01:r3|arithmetic:s02:r0|arithmetic:s02:r1|arithmetic:s02:r2|arithmetic:s02:r3|arithmetic:s03:r0|arithmetic:s03:r1|arithmetic:s03:r2|arithmetic:s03:r3|arithmetic:s04:r0|arithmetic:s04:r1|arithmetic:s04:r2|arithmetic:s04:r3|arithmetic:s05:r0|arithmetic:s05:r1|arithmetic:s05:r2|arithmetic:s05:r3|arithmetic:s06:r0|arithmetic:s06:r1|arithmetic:s06:r2|arithmetic:s06:r3|arithmetic:s07:r0|arithmetic:s07:r1|arithmetic:s07:r2|arithmetic:s07:r3|arithmetic:s08:r0|arithmetic:s08:r1|arithmetic:s08:r2|arithmetic:s08:r3|arithmetic:s09:r0|arithmetic:s09:r1|arithmetic:s09:r2|arithmetic:s09:r3|arithmetic:s10:r0|arithmetic:s10:r1|arithmetic:s10:r2|arithmetic:s10:r3|arithmetic:s12:r0|arithmetic:s12:r1|arithmetic:s12:r2|arithmetic:s12:r3|arithmetic:s14:r0|arithmetic:s14:r1|arithmetic:s14:r2|arithmetic:s14:r3|arithmetic:s15:r0|arithmetic:s15:r1|arithmetic:s15:r2|arithmetic:s15:r3,arithmetic:s13:r0|arithmetic:s13:r1|arithmetic:s13:r2|arithmetic:s13:r3,arithmetic:s11:r0|arithmetic:s11:r1|arithmetic:s11:r2|arithmetic:s11:r3
loso,arithmetic,11,seed_invariant,13,True,True,14,56,13,52,1,4,1,4,9396,594,772,1|2|3|4|5|6|7|8|9|10|12|13|15,14,arithmetic:s01:r0|arithmetic:s01:r1|arithmetic:s01:r2|arithmetic:s01:r3|arithmetic:s02:r0|arithmetic:s02:r1|arithmetic:s02:r2|arithmetic:s02:r3|arithmetic:s03:r0|arithmetic:s03:r1|arithmetic:s03:r2|arithmetic:s03:r3|arithmetic:s04:r0|arithmetic:s04:r1|arithmetic:s04:r2|arithmetic:s04:r3|arithmetic:s05:r0|arithmetic:s05:r1|arithmetic:s05:r2|arithmetic:s05:r3|arithmetic:s06:r0|arithmetic:s06:r1|arithmetic:s06:r2|arithmetic:s06:r3|arithmetic:s07:r0|arithmetic:s07:r1|arithmetic:s07:r2|arithmetic:s07:r3|arithmetic:s08:r0|arithmetic:s08:r1|arithmetic:s08:r2|arithmetic:s08:r3|arithmetic:s09:r0|arithmetic:s09:r1|arithmetic:s09:r2|arithmetic:s09:r3|arithmetic:s10:r0|arithmetic:s10:r1|arithmetic:s10:r2|arithmetic:s10:r3|arithmetic:s12:r0|arithmetic:s12:r1|arithmetic:s12:r2|arithmetic:s12:r3|arithmetic:s13:r0|arithmetic:s13:r1|arithmetic:s13:r2|arithmetic:s13:r3|arithmetic:s15:r0|arithmetic:s15:r1|arithmetic:s15:r2|arithmetic:s15:r3,arithmetic:s14:r0|arithmetic:s14:r1|arithmetic:s14:r2|arithmetic:s14:r3,arithmetic:s11:r0|arithmetic:s11:r1|arithmetic:s11:r2|arithmetic:s11:r3
loso,arithmetic,11,seed_invariant,14,True,True,14,56,13,52,1,4,1,4,9263,727,772,1|2|3|4|5|6|7|8|9|10|12|13|14,15,arithmetic:s01:r0|arithmetic:s01:r1|arithmetic:s01:r2|arithmetic:s01:r3|arithmetic:s02:r0|arithmetic:s02:r1|arithmetic:s02:r2|arithmetic:s02:r3|arithmetic:s03:r0|arithmetic:s03:r1|arithmetic:s03:r2|arithmetic:s03:r3|arithmetic:s04:r0|arithmetic:s04:r1|arithmetic:s04:r2|arithmetic:s04:r3|arithmetic:s05:r0|arithmetic:s05:r1|arithmetic:s05:r2|arithmetic:s05:r3|arithmetic:s06:r0|arithmetic:s06:r1|arithmetic:s06:r2|arithmetic:s06:r3|arithmetic:s07:r0|arithmetic:s07:r1|arithmetic:s07:r2|arithmetic:s07:r3|arithmetic:s08:r0|arithmetic:s08:r1|arithmetic:s08:r2|arithmetic:s08:r3|arithmetic:s09:r0|arithmetic:s09:r1|arithmetic:s09:r2|arithmetic:s09:r3|arithmetic:s10:r0|arithmetic:s10:r1|arithmetic:s10:r2|arithmetic:s10:r3|arithmetic:s12:r0|arithmetic:s12:r1|arithmetic:s12:r2|arithmetic:s12:r3|arithmetic:s13:r0|arithmetic:s13:r1|arithmetic:s13:r2|arithmetic:s13:r3|arithmetic:s14:r0|arithmetic:s14:r1|arithmetic:s14:r2|arithmetic:s14:r3,arithmetic:s15:r0|arithmetic:s15:r1|arithmetic:s15:r2|arithmetic:s15:r3,arithmetic:s11:r0|arithmetic:s11:r1|arithmetic:s11:r2|arithmetic:s11:r3
loso,arithmetic,12,seed_invariant,1,True,True,14,56,13,52,1,4,1,4,9411,696,655,2|3|4|5|6|7|8|9|10|11|13|14|15,1,arithmetic:s02:r0|arithmetic:s02:r1|arithmetic:s02:r2|arithmetic:s02:r3|arithmetic:s03:r0|arithmetic:s03:r1|arithmetic:s03:r2|arithmetic:s03:r3|arithmetic:s04:r0|arithmetic:s04:r1|arithmetic:s04:r2|arithmetic:s04:r3|arithmetic:s05:r0|arithmetic:s05:r1|arithmetic:s05:r2|arithmetic:s05:r3|arithmetic:s06:r0|arithmetic:s06:r1|arithmetic:s06:r2|arithmetic:s06:r3|arithmetic:s07:r0|arithmetic:s07:r1|arithmetic:s07:r2|arithmetic:s07:r3|arithmetic:s08:r0|arithmetic:s08:r1|arithmetic:s08:r2|arithmetic:s08:r3|arithmetic:s09:r0|arithmetic:s09:r1|arithmetic:s09:r2|arithmetic:s09:r3|arithmetic:s10:r0|arithmetic:s10:r1|arithmetic:s10:r2|arithmetic:s10:r3|arithmetic:s11:r0|arithmetic:s11:r1|arithmetic:s11:r2|arithmetic:s11:r3|arithmetic:s13:r0|arithmetic:s13:r1|arithmetic:s13:r2|arithmetic:s13:r3|arithmetic:s14:r0|arithmetic:s14:r1|arithmetic:s14:r2|arithmetic:s14:r3|arithmetic:s15:r0|arithmetic:s15:r1|arithmetic:s15:r2|arithmetic:s15:r3,arithmetic:s01:r0|arithmetic:s01:r1|arithmetic:s01:r2|arithmetic:s01:r3,arithmetic:s12:r0|arithmetic:s12:r1|arithmetic:s12:r2|arithmetic:s12:r3
loso,arithmetic,12,seed_invariant,2,True,True,14,56,13,52,1,4,1,4,9119,988,655,1|3|4|5|6|7|8|9|10|11|13|14|15,2,arithmetic:s01:r0|arithmetic:s01:r1|arithmetic:s01:r2|arithmetic:s01:r3|arithmetic:s03:r0|arithmetic:s03:r1|arithmetic:s03:r2|arithmetic:s03:r3|arithmetic:s04:r0|arithmetic:s04:r1|arithmetic:s04:r2|arithmetic:s04:r3|arithmetic:s05:r0|arithmetic:s05:r1|arithmetic:s05:r2|arithmetic:s05:r3|arithmetic:s06:r0|arithmetic:s06:r1|arithmetic:s06:r2|arithmetic:s06:r3|arithmetic:s07:r0|arithmetic:s07:r1|arithmetic:s07:r2|arithmetic:s07:r3|arithmetic:s08:r0|arithmetic:s08:r1|arithmetic:s08:r2|arithmetic:s08:r3|arithmetic:s09:r0|arithmetic:s09:r1|arithmetic:s09:r2|arithmetic:s09:r3|arithmetic:s10:r0|arithmetic:s10:r1|arithmetic:s10:r2|arithmetic:s10:r3|arithmetic:s11:r0|arithmetic:s11:r1|arithmetic:s11:r2|arithmetic:s11:r3|arithmetic:s13:r0|arithmetic:s13:r1|arithmetic:s13:r2|arithmetic:s13:r3|arithmetic:s14:r0|arithmetic:s14:r1|arithmetic:s14:r2|arithmetic:s14:r3|arithmetic:s15:r0|arithmetic:s15:r1|arithmetic:s15:r2|arithmetic:s15:r3,arithmetic:s02:r0|arithmetic:s02:r1|arithmetic:s02:r2|arithmetic:s02:r3,arithmetic:s12:r0|arithmetic:s12:r1|arithmetic:s12:r2|arithmetic:s12:r3
loso,arithmetic,12,seed_invariant,3,True,True,14,56,13,52,1,4,1,4,9538,569,655,1|2|4|5|6|7|8|9|10|11|13|14|15,3,arithmetic:s01:r0|arithmetic:s01:r1|arithmetic:s01:r2|arithmetic:s01:r3|arithmetic:s02:r0|arithmetic:s02:r1|arithmetic:s02:r2|arithmetic:s02:r3|arithmetic:s04:r0|arithmetic:s04:r1|arithmetic:s04:r2|arithmetic:s04:r3|arithmetic:s05:r0|arithmetic:s05:r1|arithmetic:s05:r2|arithmetic:s05:r3|arithmetic:s06:r0|arithmetic:s06:r1|arithmetic:s06:r2|arithmetic:s06:r3|arithmetic:s07:r0|arithmetic:s07:r1|arithmetic:s07:r2|arithmetic:s07:r3|arithmetic:s08:r0|arithmetic:s08:r1|arithmetic:s08:r2|arithmetic:s08:r3|arithmetic:s09:r0|arithmetic:s09:r1|arithmetic:s09:r2|arithmetic:s09:r3|arithmetic:s10:r0|arithmetic:s10:r1|arithmetic:s10:r2|arithmetic:s10:r3|arithmetic:s11:r0|arithmetic:s11:r1|arithmetic:s11:r2|arithmetic:s11:r3|arithmetic:s13:r0|arithmetic:s13:r1|arithmetic:s13:r2|arithmetic:s13:r3|arithmetic:s14:r0|arithmetic:s14:r1|arithmetic:s14:r2|arithmetic:s14:r3|arithmetic:s15:r0|arithmetic:s15:r1|arithmetic:s15:r2|arithmetic:s15:r3,arithmetic:s03:r0|arithmetic:s03:r1|arithmetic:s03:r2|arithmetic:s03:r3,arithmetic:s12:r0|arithmetic:s12:r1|arithmetic:s12:r2|arithmetic:s12:r3
loso,arithmetic,12,seed_invariant,4,True,True,14,56,13,52,1,4,1,4,9441,666,655,1|2|3|5|6|7|8|9|10|11|13|14|15,4,arithmetic:s01:r0|arithmetic:s01:r1|arithmetic:s01:r2|arithmetic:s01:r3|arithmetic:s02:r0|arithmetic:s02:r1|arithmetic:s02:r2|arithmetic:s02:r3|arithmetic:s03:r0|arithmetic:s03:r1|arithmetic:s03:r2|arithmetic:s03:r3|arithmetic:s05:r0|arithmetic:s05:r1|arithmetic:s05:r2|arithmetic:s05:r3|arithmetic:s06:r0|arithmetic:s06:r1|arithmetic:s06:r2|arithmetic:s06:r3|arithmetic:s07:r0|arithmetic:s07:r1|arithmetic:s07:r2|arithmetic:s07:r3|arithmetic:s08:r0|arithmetic:s08:r1|arithmetic:s08:r2|arithmetic:s08:r3|arithmetic:s09:r0|arithmetic:s09:r1|arithmetic:s09:r2|arithmetic:s09:r3|arithmetic:s10:r0|arithmetic:s10:r1|arithmetic:s10:r2|arithmetic:s10:r3|arithmetic:s11:r0|arithmetic:s11:r1|arithmetic:s11:r2|arithmetic:s11:r3|arithmetic:s13:r0|arithmetic:s13:r1|arithmetic:s13:r2|arithmetic:s13:r3|arithmetic:s14:r0|arithmetic:s14:r1|arithmetic:s14:r2|arithmetic:s14:r3|arithmetic:s15:r0|arithmetic:s15:r1|arithmetic:s15:r2|arithmetic:s15:r3,arithmetic:s04:r0|arithmetic:s04:r1|arithmetic:s04:r2|arithmetic:s04:r3,arithmetic:s12:r0|arithmetic:s12:r1|arithmetic:s12:r2|arithmetic:s12:r3
loso,arithmetic,12,seed_invariant,5,True,True,14,56,13,52,1,4,1,4,9280,827,655,1|2|3|4|6|7|8|9|10|11|13|14|15,5,arithmetic:s01:r0|arithmetic:s01:r1|arithmetic:s01:r2|arithmetic:s01:r3|arithmetic:s02:r0|arithmetic:s02:r1|arithmetic:s02:r2|arithmetic:s02:r3|arithmetic:s03:r0|arithmetic:s03:r1|arithmetic:s03:r2|arithmetic:s03:r3|arithmetic:s04:r0|arithmetic:s04:r1|arithmetic:s04:r2|arithmetic:s04:r3|arithmetic:s06:r0|arithmetic:s06:r1|arithmetic:s06:r2|arithmetic:s06:r3|arithmetic:s07:r0|arithmetic:s07:r1|arithmetic:s07:r2|arithmetic:s07:r3|arithmetic:s08:r0|arithmetic:s08:r1|arithmetic:s08:r2|arithmetic:s08:r3|arithmetic:s09:r0|arithmetic:s09:r1|arithmetic:s09:r2|arithmetic:s09:r3|arithmetic:s10:r0|arithmetic:s10:r1|arithmetic:s10:r2|arithmetic:s10:r3|arithmetic:s11:r0|arithmetic:s11:r1|arithmetic:s11:r2|arithmetic:s11:r3|arithmetic:s13:r0|arithmetic:s13:r1|arithmetic:s13:r2|arithmetic:s13:r3|arithmetic:s14:r0|arithmetic:s14:r1|arithmetic:s14:r2|arithmetic:s14:r3|arithmetic:s15:r0|arithmetic:s15:r1|arithmetic:s15:r2|arithmetic:s15:r3,arithmetic:s05:r0|arithmetic:s05:r1|arithmetic:s05:r2|arithmetic:s05:r3,arithmetic:s12:r0|arithmetic:s12:r1|arithmetic:s12:r2|arithmetic:s12:r3
loso,arithmetic,12,seed_invariant,6,True,True,14,56,13,52,1,4,1,4,9517,590,655,1|2|3|4|5|7|8|9|10|11|13|14|15,6,arithmetic:s01:r0|arithmetic:s01:r1|arithmetic:s01:r2|arithmetic:s01:r3|arithmetic:s02:r0|arithmetic:s02:r1|arithmetic:s02:r2|arithmetic:s02:r3|arithmetic:s03:r0|arithmetic:s03:r1|arithmetic:s03:r2|arithmetic:s03:r3|arithmetic:s04:r0|arithmetic:s04:r1|arithmetic:s04:r2|arithmetic:s04:r3|arithmetic:s05:r0|arithmetic:s05:r1|arithmetic:s05:r2|arithmetic:s05:r3|arithmetic:s07:r0|arithmetic:s07:r1|arithmetic:s07:r2|arithmetic:s07:r3|arithmetic:s08:r0|arithmetic:s08:r1|arithmetic:s08:r2|arithmetic:s08:r3|arithmetic:s09:r0|arithmetic:s09:r1|arithmetic:s09:r2|arithmetic:s09:r3|arithmetic:s10:r0|arithmetic:s10:r1|arithmetic:s10:r2|arithmetic:s10:r3|arithmetic:s11:r0|arithmetic:s11:r1|arithmetic:s11:r2|arithmetic:s11:r3|arithmetic:s13:r0|arithmetic:s13:r1|arithmetic:s13:r2|arithmetic:s13:r3|arithmetic:s14:r0|arithmetic:s14:r1|arithmetic:s14:r2|arithmetic:s14:r3|arithmetic:s15:r0|arithmetic:s15:r1|arithmetic:s15:r2|arithmetic:s15:r3,arithmetic:s06:r0|arithmetic:s06:r1|arithmetic:s06:r2|arithmetic:s06:r3,arithmetic:s12:r0|arithmetic:s12:r1|arithmetic:s12:r2|arithmetic:s12:r3
loso,arithmetic,12,seed_invariant,7,True,True,14,56,13,52,1,4,1,4,9754,353,655,1|2|3|4|5|6|8|9|10|11|13|14|15,7,arithmetic:s01:r0|arithmetic:s01:r1|arithmetic:s01:r2|arithmetic:s01:r3|arithmetic:s02:r0|arithmetic:s02:r1|arithmetic:s02:r2|arithmetic:s02:r3|arithmetic:s03:r0|arithmetic:s03:r1|arithmetic:s03:r2|arithmetic:s03:r3|arithmetic:s04:r0|arithmetic:s04:r1|arithmetic:s04:r2|arithmetic:s04:r3|arithmetic:s05:r0|arithmetic:s05:r1|arithmetic:s05:r2|arithmetic:s05:r3|arithmetic:s06:r0|arithmetic:s06:r1|arithmetic:s06:r2|arithmetic:s06:r3|arithmetic:s08:r0|arithmetic:s08:r1|arithmetic:s08:r2|arithmetic:s08:r3|arithmetic:s09:r0|arithmetic:s09:r1|arithmetic:s09:r2|arithmetic:s09:r3|arithmetic:s10:r0|arithmetic:s10:r1|arithmetic:s10:r2|arithmetic:s10:r3|arithmetic:s11:r0|arithmetic:s11:r1|arithmetic:s11:r2|arithmetic:s11:r3|arithmetic:s13:r0|arithmetic:s13:r1|arithmetic:s13:r2|arithmetic:s13:r3|arithmetic:s14:r0|arithmetic:s14:r1|arithmetic:s14:r2|arithmetic:s14:r3|arithmetic:s15:r0|arithmetic:s15:r1|arithmetic:s15:r2|arithmetic:s15:r3,arithmetic:s07:r0|arithmetic:s07:r1|arithmetic:s07:r2|arithmetic:s07:r3,arithmetic:s12:r0|arithmetic:s12:r1|arithmetic:s12:r2|arithmetic:s12:r3
loso,arithmetic,12,seed_invariant,8,True,True,14,56,13,52,1,4,1,4,9069,1038,655,1|2|3|4|5|6|7|9|10|11|13|14|15,8,arithmetic:s01:r0|arithmetic:s01:r1|arithmetic:s01:r2|arithmetic:s01:r3|arithmetic:s02:r0|arithmetic:s02:r1|arithmetic:s02:r2|arithmetic:s02:r3|arithmetic:s03:r0|arithmetic:s03:r1|arithmetic:s03:r2|arithmetic:s03:r3|arithmetic:s04:r0|arithmetic:s04:r1|arithmetic:s04:r2|arithmetic:s04:r3|arithmetic:s05:r0|arithmetic:s05:r1|arithmetic:s05:r2|arithmetic:s05:r3|arithmetic:s06:r0|arithmetic:s06:r1|arithmetic:s06:r2|arithmetic:s06:r3|arithmetic:s07:r0|arithmetic:s07:r1|arithmetic:s07:r2|arithmetic:s07:r3|arithmetic:s09:r0|arithmetic:s09:r1|arithmetic:s09:r2|arithmetic:s09:r3|arithmetic:s10:r0|arithmetic:s10:r1|arithmetic:s10:r2|arithmetic:s10:r3|arithmetic:s11:r0|arithmetic:s11:r1|arithmetic:s11:r2|arithmetic:s11:r3|arithmetic:s13:r0|arithmetic:s13:r1|arithmetic:s13:r2|arithmetic:s13:r3|arithmetic:s14:r0|arithmetic:s14:r1|arithmetic:s14:r2|arithmetic:s14:r3|arithmetic:s15:r0|arithmetic:s15:r1|arithmetic:s15:r2|arithmetic:s15:r3,arithmetic:s08:r0|arithmetic:s08:r1|arithmetic:s08:r2|arithmetic:s08:r3,arithmetic:s12:r0|arithmetic:s12:r1|arithmetic:s12:r2|arithmetic:s12:r3
loso,arithmetic,12,seed_invariant,9,True,True,14,56,13,52,1,4,1,4,9028,1079,655,1|2|3|4|5|6|7|8|10|11|13|14|15,9,arithmetic:s01:r0|arithmetic:s01:r1|arithmetic:s01:r2|arithmetic:s01:r3|arithmetic:s02:r0|arithmetic:s02:r1|arithmetic:s02:r2|arithmetic:s02:r3|arithmetic:s03:r0|arithmetic:s03:r1|arithmetic:s03:r2|arithmetic:s03:r3|arithmetic:s04:r0|arithmetic:s04:r1|arithmetic:s04:r2|arithmetic:s04:r3|arithmetic:s05:r0|arithmetic:s05:r1|arithmetic:s05:r2|arithmetic:s05:r3|arithmetic:s06:r0|arithmetic:s06:r1|arithmetic:s06:r2|arithmetic:s06:r3|arithmetic:s07:r0|arithmetic:s07:r1|arithmetic:s07:r2|arithmetic:s07:r3|arithmetic:s08:r0|arithmetic:s08:r1|arithmetic:s08:r2|arithmetic:s08:r3|arithmetic:s10:r0|arithmetic:s10:r1|arithmetic:s10:r2|arithmetic:s10:r3|arithmetic:s11:r0|arithmetic:s11:r1|arithmetic:s11:r2|arithmetic:s11:r3|arithmetic:s13:r0|arithmetic:s13:r1|arithmetic:s13:r2|arithmetic:s13:r3|arithmetic:s14:r0|arithmetic:s14:r1|arithmetic:s14:r2|arithmetic:s14:r3|arithmetic:s15:r0|arithmetic:s15:r1|arithmetic:s15:r2|arithmetic:s15:r3,arithmetic:s09:r0|arithmetic:s09:r1|arithmetic:s09:r2|arithmetic:s09:r3,arithmetic:s12:r0|arithmetic:s12:r1|arithmetic:s12:r2|arithmetic:s12:r3
loso,arithmetic,12,seed_invariant,10,True,True,14,56,13,52,1,4,1,4,9569,538,655,1|2|3|4|5|6|7|8|9|11|13|14|15,10,arithmetic:s01:r0|arithmetic:s01:r1|arithmetic:s01:r2|arithmetic:s01:r3|arithmetic:s02:r0|arithmetic:s02:r1|arithmetic:s02:r2|arithmetic:s02:r3|arithmetic:s03:r0|arithmetic:s03:r1|arithmetic:s03:r2|arithmetic:s03:r3|arithmetic:s04:r0|arithmetic:s04:r1|arithmetic:s04:r2|arithmetic:s04:r3|arithmetic:s05:r0|arithmetic:s05:r1|arithmetic:s05:r2|arithmetic:s05:r3|arithmetic:s06:r0|arithmetic:s06:r1|arithmetic:s06:r2|arithmetic:s06:r3|arithmetic:s07:r0|arithmetic:s07:r1|arithmetic:s07:r2|arithmetic:s07:r3|arithmetic:s08:r0|arithmetic:s08:r1|arithmetic:s08:r2|arithmetic:s08:r3|arithmetic:s09:r0|arithmetic:s09:r1|arithmetic:s09:r2|arithmetic:s09:r3|arithmetic:s11:r0|arithmetic:s11:r1|arithmetic:s11:r2|arithmetic:s11:r3|arithmetic:s13:r0|arithmetic:s13:r1|arithmetic:s13:r2|arithmetic:s13:r3|arithmetic:s14:r0|arithmetic:s14:r1|arithmetic:s14:r2|arithmetic:s14:r3|arithmetic:s15:r0|arithmetic:s15:r1|arithmetic:s15:r2|arithmetic:s15:r3,arithmetic:s10:r0|arithmetic:s10:r1|arithmetic:s10:r2|arithmetic:s10:r3,arithmetic:s12:r0|arithmetic:s12:r1|arithmetic:s12:r2|arithmetic:s12:r3
loso,arithmetic,12,seed_invariant,11,True,True,14,56,13,52,1,4,1,4,9335,772,655,1|2|3|4|5|6|7|8|9|10|13|14|15,11,arithmetic:s01:r0|arithmetic:s01:r1|arithmetic:s01:r2|arithmetic:s01:r3|arithmetic:s02:r0|arithmetic:s02:r1|arithmetic:s02:r2|arithmetic:s02:r3|arithmetic:s03:r0|arithmetic:s03:r1|arithmetic:s03:r2|arithmetic:s03:r3|arithmetic:s04:r0|arithmetic:s04:r1|arithmetic:s04:r2|arithmetic:s04:r3|arithmetic:s05:r0|arithmetic:s05:r1|arithmetic:s05:r2|arithmetic:s05:r3|arithmetic:s06:r0|arithmetic:s06:r1|arithmetic:s06:r2|arithmetic:s06:r3|arithmetic:s07:r0|arithmetic:s07:r1|arithmetic:s07:r2|arithmetic:s07:r3|arithmetic:s08:r0|arithmetic:s08:r1|arithmetic:s08:r2|arithmetic:s08:r3|arithmetic:s09:r0|arithmetic:s09:r1|arithmetic:s09:r2|arithmetic:s09:r3|arithmetic:s10:r0|arithmetic:s10:r1|arithmetic:s10:r2|arithmetic:s10:r3|arithmetic:s13:r0|arithmetic:s13:r1|arithmetic:s13:r2|arithmetic:s13:r3|arithmetic:s14:r0|arithmetic:s14:r1|arithmetic:s14:r2|arithmetic:s14:r3|arithmetic:s15:r0|arithmetic:s15:r1|arithmetic:s15:r2|arithmetic:s15:r3,arithmetic:s11:r0|arithmetic:s11:r1|arithmetic:s11:r2|arithmetic:s11:r3,arithmetic:s12:r0|arithmetic:s12:r1|arithmetic:s12:r2|arithmetic:s12:r3
loso,arithmetic,12,seed_invariant,12,True,True,14,56,13,52,1,4,1,4,9437,670,655,1|2|3|4|5|6|7|8|9|10|11|14|15,13,arithmetic:s01:r0|arithmetic:s01:r1|arithmetic:s01:r2|arithmetic:s01:r3|arithmetic:s02:r0|arithmetic:s02:r1|arithmetic:s02:r2|arithmetic:s02:r3|arithmetic:s03:r0|arithmetic:s03:r1|arithmetic:s03:r2|arithmetic:s03:r3|arithmetic:s04:r0|arithmetic:s04:r1|arithmetic:s04:r2|arithmetic:s04:r3|arithmetic:s05:r0|arithmetic:s05:r1|arithmetic:s05:r2|arithmetic:s05:r3|arithmetic:s06:r0|arithmetic:s06:r1|arithmetic:s06:r2|arithmetic:s06:r3|arithmetic:s07:r0|arithmetic:s07:r1|arithmetic:s07:r2|arithmetic:s07:r3|arithmetic:s08:r0|arithmetic:s08:r1|arithmetic:s08:r2|arithmetic:s08:r3|arithmetic:s09:r0|arithmetic:s09:r1|arithmetic:s09:r2|arithmetic:s09:r3|arithmetic:s10:r0|arithmetic:s10:r1|arithmetic:s10:r2|arithmetic:s10:r3|arithmetic:s11:r0|arithmetic:s11:r1|arithmetic:s11:r2|arithmetic:s11:r3|arithmetic:s14:r0|arithmetic:s14:r1|arithmetic:s14:r2|arithmetic:s14:r3|arithmetic:s15:r0|arithmetic:s15:r1|arithmetic:s15:r2|arithmetic:s15:r3,arithmetic:s13:r0|arithmetic:s13:r1|arithmetic:s13:r2|arithmetic:s13:r3,arithmetic:s12:r0|arithmetic:s12:r1|arithmetic:s12:r2|arithmetic:s12:r3
loso,arithmetic,12,seed_invariant,13,True,True,14,56,13,52,1,4,1,4,9513,594,655,1|2|3|4|5|6|7|8|9|10|11|13|15,14,arithmetic:s01:r0|arithmetic:s01:r1|arithmetic:s01:r2|arithmetic:s01:r3|arithmetic:s02:r0|arithmetic:s02:r1|arithmetic:s02:r2|arithmetic:s02:r3|arithmetic:s03:r0|arithmetic:s03:r1|arithmetic:s03:r2|arithmetic:s03:r3|arithmetic:s04:r0|arithmetic:s04:r1|arithmetic:s04:r2|arithmetic:s04:r3|arithmetic:s05:r0|arithmetic:s05:r1|arithmetic:s05:r2|arithmetic:s05:r3|arithmetic:s06:r0|arithmetic:s06:r1|arithmetic:s06:r2|arithmetic:s06:r3|arithmetic:s07:r0|arithmetic:s07:r1|arithmetic:s07:r2|arithmetic:s07:r3|arithmetic:s08:r0|arithmetic:s08:r1|arithmetic:s08:r2|arithmetic:s08:r3|arithmetic:s09:r0|arithmetic:s09:r1|arithmetic:s09:r2|arithmetic:s09:r3|arithmetic:s10:r0|arithmetic:s10:r1|arithmetic:s10:r2|arithmetic:s10:r3|arithmetic:s11:r0|arithmetic:s11:r1|arithmetic:s11:r2|arithmetic:s11:r3|arithmetic:s13:r0|arithmetic:s13:r1|arithmetic:s13:r2|arithmetic:s13:r3|arithmetic:s15:r0|arithmetic:s15:r1|arithmetic:s15:r2|arithmetic:s15:r3,arithmetic:s14:r0|arithmetic:s14:r1|arithmetic:s14:r2|arithmetic:s14:r3,arithmetic:s12:r0|arithmetic:s12:r1|arithmetic:s12:r2|arithmetic:s12:r3
loso,arithmetic,12,seed_invariant,14,True,True,14,56,13,52,1,4,1,4,9380,727,655,1|2|3|4|5|6|7|8|9|10|11|13|14,15,arithmetic:s01:r0|arithmetic:s01:r1|arithmetic:s01:r2|arithmetic:s01:r3|arithmetic:s02:r0|arithmetic:s02:r1|arithmetic:s02:r2|arithmetic:s02:r3|arithmetic:s03:r0|arithmetic:s03:r1|arithmetic:s03:r2|arithmetic:s03:r3|arithmetic:s04:r0|arithmetic:s04:r1|arithmetic:s04:r2|arithmetic:s04:r3|arithmetic:s05:r0|arithmetic:s05:r1|arithmetic:s05:r2|arithmetic:s05:r3|arithmetic:s06:r0|arithmetic:s06:r1|arithmetic:s06:r2|arithmetic:s06:r3|arithmetic:s07:r0|arithmetic:s07:r1|arithmetic:s07:r2|arithmetic:s07:r3|arithmetic:s08:r0|arithmetic:s08:r1|arithmetic:s08:r2|arithmetic:s08:r3|arithmetic:s09:r0|arithmetic:s09:r1|arithmetic:s09:r2|arithmetic:s09:r3|arithmetic:s10:r0|arithmetic:s10:r1|arithmetic:s10:r2|arithmetic:s10:r3|arithmetic:s11:r0|arithmetic:s11:r1|arithmetic:s11:r2|arithmetic:s11:r3|arithmetic:s13:r0|arithmetic:s13:r1|arithmetic:s13:r2|arithmetic:s13:r3|arithmetic:s14:r0|arithmetic:s14:r1|arithmetic:s14:r2|arithmetic:s14:r3,arithmetic:s15:r0|arithmetic:s15:r1|arithmetic:s15:r2|arithmetic:s15:r3,arithmetic:s12:r0|arithmetic:s12:r1|arithmetic:s12:r2|arithmetic:s12:r3
loso,arithmetic,13,seed_invariant,1,True,True,14,56,13,52,1,4,1,4,9396,696,670,2|3|4|5|6|7|8|9|10|11|12|14|15,1,arithmetic:s02:r0|arithmetic:s02:r1|arithmetic:s02:r2|arithmetic:s02:r3|arithmetic:s03:r0|arithmetic:s03:r1|arithmetic:s03:r2|arithmetic:s03:r3|arithmetic:s04:r0|arithmetic:s04:r1|arithmetic:s04:r2|arithmetic:s04:r3|arithmetic:s05:r0|arithmetic:s05:r1|arithmetic:s05:r2|arithmetic:s05:r3|arithmetic:s06:r0|arithmetic:s06:r1|arithmetic:s06:r2|arithmetic:s06:r3|arithmetic:s07:r0|arithmetic:s07:r1|arithmetic:s07:r2|arithmetic:s07:r3|arithmetic:s08:r0|arithmetic:s08:r1|arithmetic:s08:r2|arithmetic:s08:r3|arithmetic:s09:r0|arithmetic:s09:r1|arithmetic:s09:r2|arithmetic:s09:r3|arithmetic:s10:r0|arithmetic:s10:r1|arithmetic:s10:r2|arithmetic:s10:r3|arithmetic:s11:r0|arithmetic:s11:r1|arithmetic:s11:r2|arithmetic:s11:r3|arithmetic:s12:r0|arithmetic:s12:r1|arithmetic:s12:r2|arithmetic:s12:r3|arithmetic:s14:r0|arithmetic:s14:r1|arithmetic:s14:r2|arithmetic:s14:r3|arithmetic:s15:r0|arithmetic:s15:r1|arithmetic:s15:r2|arithmetic:s15:r3,arithmetic:s01:r0|arithmetic:s01:r1|arithmetic:s01:r2|arithmetic:s01:r3,arithmetic:s13:r0|arithmetic:s13:r1|arithmetic:s13:r2|arithmetic:s13:r3
loso,arithmetic,13,seed_invariant,2,True,True,14,56,13,52,1,4,1,4,9104,988,670,1|3|4|5|6|7|8|9|10|11|12|14|15,2,arithmetic:s01:r0|arithmetic:s01:r1|arithmetic:s01:r2|arithmetic:s01:r3|arithmetic:s03:r0|arithmetic:s03:r1|arithmetic:s03:r2|arithmetic:s03:r3|arithmetic:s04:r0|arithmetic:s04:r1|arithmetic:s04:r2|arithmetic:s04:r3|arithmetic:s05:r0|arithmetic:s05:r1|arithmetic:s05:r2|arithmetic:s05:r3|arithmetic:s06:r0|arithmetic:s06:r1|arithmetic:s06:r2|arithmetic:s06:r3|arithmetic:s07:r0|arithmetic:s07:r1|arithmetic:s07:r2|arithmetic:s07:r3|arithmetic:s08:r0|arithmetic:s08:r1|arithmetic:s08:r2|arithmetic:s08:r3|arithmetic:s09:r0|arithmetic:s09:r1|arithmetic:s09:r2|arithmetic:s09:r3|arithmetic:s10:r0|arithmetic:s10:r1|arithmetic:s10:r2|arithmetic:s10:r3|arithmetic:s11:r0|arithmetic:s11:r1|arithmetic:s11:r2|arithmetic:s11:r3|arithmetic:s12:r0|arithmetic:s12:r1|arithmetic:s12:r2|arithmetic:s12:r3|arithmetic:s14:r0|arithmetic:s14:r1|arithmetic:s14:r2|arithmetic:s14:r3|arithmetic:s15:r0|arithmetic:s15:r1|arithmetic:s15:r2|arithmetic:s15:r3,arithmetic:s02:r0|arithmetic:s02:r1|arithmetic:s02:r2|arithmetic:s02:r3,arithmetic:s13:r0|arithmetic:s13:r1|arithmetic:s13:r2|arithmetic:s13:r3
loso,arithmetic,13,seed_invariant,3,True,True,14,56,13,52,1,4,1,4,9523,569,670,1|2|4|5|6|7|8|9|10|11|12|14|15,3,arithmetic:s01:r0|arithmetic:s01:r1|arithmetic:s01:r2|arithmetic:s01:r3|arithmetic:s02:r0|arithmetic:s02:r1|arithmetic:s02:r2|arithmetic:s02:r3|arithmetic:s04:r0|arithmetic:s04:r1|arithmetic:s04:r2|arithmetic:s04:r3|arithmetic:s05:r0|arithmetic:s05:r1|arithmetic:s05:r2|arithmetic:s05:r3|arithmetic:s06:r0|arithmetic:s06:r1|arithmetic:s06:r2|arithmetic:s06:r3|arithmetic:s07:r0|arithmetic:s07:r1|arithmetic:s07:r2|arithmetic:s07:r3|arithmetic:s08:r0|arithmetic:s08:r1|arithmetic:s08:r2|arithmetic:s08:r3|arithmetic:s09:r0|arithmetic:s09:r1|arithmetic:s09:r2|arithmetic:s09:r3|arithmetic:s10:r0|arithmetic:s10:r1|arithmetic:s10:r2|arithmetic:s10:r3|arithmetic:s11:r0|arithmetic:s11:r1|arithmetic:s11:r2|arithmetic:s11:r3|arithmetic:s12:r0|arithmetic:s12:r1|arithmetic:s12:r2|arithmetic:s12:r3|arithmetic:s14:r0|arithmetic:s14:r1|arithmetic:s14:r2|arithmetic:s14:r3|arithmetic:s15:r0|arithmetic:s15:r1|arithmetic:s15:r2|arithmetic:s15:r3,arithmetic:s03:r0|arithmetic:s03:r1|arithmetic:s03:r2|arithmetic:s03:r3,arithmetic:s13:r0|arithmetic:s13:r1|arithmetic:s13:r2|arithmetic:s13:r3
loso,arithmetic,13,seed_invariant,4,True,True,14,56,13,52,1,4,1,4,9426,666,670,1|2|3|5|6|7|8|9|10|11|12|14|15,4,arithmetic:s01:r0|arithmetic:s01:r1|arithmetic:s01:r2|arithmetic:s01:r3|arithmetic:s02:r0|arithmetic:s02:r1|arithmetic:s02:r2|arithmetic:s02:r3|arithmetic:s03:r0|arithmetic:s03:r1|arithmetic:s03:r2|arithmetic:s03:r3|arithmetic:s05:r0|arithmetic:s05:r1|arithmetic:s05:r2|arithmetic:s05:r3|arithmetic:s06:r0|arithmetic:s06:r1|arithmetic:s06:r2|arithmetic:s06:r3|arithmetic:s07:r0|arithmetic:s07:r1|arithmetic:s07:r2|arithmetic:s07:r3|arithmetic:s08:r0|arithmetic:s08:r1|arithmetic:s08:r2|arithmetic:s08:r3|arithmetic:s09:r0|arithmetic:s09:r1|arithmetic:s09:r2|arithmetic:s09:r3|arithmetic:s10:r0|arithmetic:s10:r1|arithmetic:s10:r2|arithmetic:s10:r3|arithmetic:s11:r0|arithmetic:s11:r1|arithmetic:s11:r2|arithmetic:s11:r3|arithmetic:s12:r0|arithmetic:s12:r1|arithmetic:s12:r2|arithmetic:s12:r3|arithmetic:s14:r0|arithmetic:s14:r1|arithmetic:s14:r2|arithmetic:s14:r3|arithmetic:s15:r0|arithmetic:s15:r1|arithmetic:s15:r2|arithmetic:s15:r3,arithmetic:s04:r0|arithmetic:s04:r1|arithmetic:s04:r2|arithmetic:s04:r3,arithmetic:s13:r0|arithmetic:s13:r1|arithmetic:s13:r2|arithmetic:s13:r3
loso,arithmetic,13,seed_invariant,5,True,True,14,56,13,52,1,4,1,4,9265,827,670,1|2|3|4|6|7|8|9|10|11|12|14|15,5,arithmetic:s01:r0|arithmetic:s01:r1|arithmetic:s01:r2|arithmetic:s01:r3|arithmetic:s02:r0|arithmetic:s02:r1|arithmetic:s02:r2|arithmetic:s02:r3|arithmetic:s03:r0|arithmetic:s03:r1|arithmetic:s03:r2|arithmetic:s03:r3|arithmetic:s04:r0|arithmetic:s04:r1|arithmetic:s04:r2|arithmetic:s04:r3|arithmetic:s06:r0|arithmetic:s06:r1|arithmetic:s06:r2|arithmetic:s06:r3|arithmetic:s07:r0|arithmetic:s07:r1|arithmetic:s07:r2|arithmetic:s07:r3|arithmetic:s08:r0|arithmetic:s08:r1|arithmetic:s08:r2|arithmetic:s08:r3|arithmetic:s09:r0|arithmetic:s09:r1|arithmetic:s09:r2|arithmetic:s09:r3|arithmetic:s10:r0|arithmetic:s10:r1|arithmetic:s10:r2|arithmetic:s10:r3|arithmetic:s11:r0|arithmetic:s11:r1|arithmetic:s11:r2|arithmetic:s11:r3|arithmetic:s12:r0|arithmetic:s12:r1|arithmetic:s12:r2|arithmetic:s12:r3|arithmetic:s14:r0|arithmetic:s14:r1|arithmetic:s14:r2|arithmetic:s14:r3|arithmetic:s15:r0|arithmetic:s15:r1|arithmetic:s15:r2|arithmetic:s15:r3,arithmetic:s05:r0|arithmetic:s05:r1|arithmetic:s05:r2|arithmetic:s05:r3,arithmetic:s13:r0|arithmetic:s13:r1|arithmetic:s13:r2|arithmetic:s13:r3
loso,arithmetic,13,seed_invariant,6,True,True,14,56,13,52,1,4,1,4,9502,590,670,1|2|3|4|5|7|8|9|10|11|12|14|15,6,arithmetic:s01:r0|arithmetic:s01:r1|arithmetic:s01:r2|arithmetic:s01:r3|arithmetic:s02:r0|arithmetic:s02:r1|arithmetic:s02:r2|arithmetic:s02:r3|arithmetic:s03:r0|arithmetic:s03:r1|arithmetic:s03:r2|arithmetic:s03:r3|arithmetic:s04:r0|arithmetic:s04:r1|arithmetic:s04:r2|arithmetic:s04:r3|arithmetic:s05:r0|arithmetic:s05:r1|arithmetic:s05:r2|arithmetic:s05:r3|arithmetic:s07:r0|arithmetic:s07:r1|arithmetic:s07:r2|arithmetic:s07:r3|arithmetic:s08:r0|arithmetic:s08:r1|arithmetic:s08:r2|arithmetic:s08:r3|arithmetic:s09:r0|arithmetic:s09:r1|arithmetic:s09:r2|arithmetic:s09:r3|arithmetic:s10:r0|arithmetic:s10:r1|arithmetic:s10:r2|arithmetic:s10:r3|arithmetic:s11:r0|arithmetic:s11:r1|arithmetic:s11:r2|arithmetic:s11:r3|arithmetic:s12:r0|arithmetic:s12:r1|arithmetic:s12:r2|arithmetic:s12:r3|arithmetic:s14:r0|arithmetic:s14:r1|arithmetic:s14:r2|arithmetic:s14:r3|arithmetic:s15:r0|arithmetic:s15:r1|arithmetic:s15:r2|arithmetic:s15:r3,arithmetic:s06:r0|arithmetic:s06:r1|arithmetic:s06:r2|arithmetic:s06:r3,arithmetic:s13:r0|arithmetic:s13:r1|arithmetic:s13:r2|arithmetic:s13:r3
loso,arithmetic,13,seed_invariant,7,True,True,14,56,13,52,1,4,1,4,9739,353,670,1|2|3|4|5|6|8|9|10|11|12|14|15,7,arithmetic:s01:r0|arithmetic:s01:r1|arithmetic:s01:r2|arithmetic:s01:r3|arithmetic:s02:r0|arithmetic:s02:r1|arithmetic:s02:r2|arithmetic:s02:r3|arithmetic:s03:r0|arithmetic:s03:r1|arithmetic:s03:r2|arithmetic:s03:r3|arithmetic:s04:r0|arithmetic:s04:r1|arithmetic:s04:r2|arithmetic:s04:r3|arithmetic:s05:r0|arithmetic:s05:r1|arithmetic:s05:r2|arithmetic:s05:r3|arithmetic:s06:r0|arithmetic:s06:r1|arithmetic:s06:r2|arithmetic:s06:r3|arithmetic:s08:r0|arithmetic:s08:r1|arithmetic:s08:r2|arithmetic:s08:r3|arithmetic:s09:r0|arithmetic:s09:r1|arithmetic:s09:r2|arithmetic:s09:r3|arithmetic:s10:r0|arithmetic:s10:r1|arithmetic:s10:r2|arithmetic:s10:r3|arithmetic:s11:r0|arithmetic:s11:r1|arithmetic:s11:r2|arithmetic:s11:r3|arithmetic:s12:r0|arithmetic:s12:r1|arithmetic:s12:r2|arithmetic:s12:r3|arithmetic:s14:r0|arithmetic:s14:r1|arithmetic:s14:r2|arithmetic:s14:r3|arithmetic:s15:r0|arithmetic:s15:r1|arithmetic:s15:r2|arithmetic:s15:r3,arithmetic:s07:r0|arithmetic:s07:r1|arithmetic:s07:r2|arithmetic:s07:r3,arithmetic:s13:r0|arithmetic:s13:r1|arithmetic:s13:r2|arithmetic:s13:r3
loso,arithmetic,13,seed_invariant,8,True,True,14,56,13,52,1,4,1,4,9054,1038,670,1|2|3|4|5|6|7|9|10|11|12|14|15,8,arithmetic:s01:r0|arithmetic:s01:r1|arithmetic:s01:r2|arithmetic:s01:r3|arithmetic:s02:r0|arithmetic:s02:r1|arithmetic:s02:r2|arithmetic:s02:r3|arithmetic:s03:r0|arithmetic:s03:r1|arithmetic:s03:r2|arithmetic:s03:r3|arithmetic:s04:r0|arithmetic:s04:r1|arithmetic:s04:r2|arithmetic:s04:r3|arithmetic:s05:r0|arithmetic:s05:r1|arithmetic:s05:r2|arithmetic:s05:r3|arithmetic:s06:r0|arithmetic:s06:r1|arithmetic:s06:r2|arithmetic:s06:r3|arithmetic:s07:r0|arithmetic:s07:r1|arithmetic:s07:r2|arithmetic:s07:r3|arithmetic:s09:r0|arithmetic:s09:r1|arithmetic:s09:r2|arithmetic:s09:r3|arithmetic:s10:r0|arithmetic:s10:r1|arithmetic:s10:r2|arithmetic:s10:r3|arithmetic:s11:r0|arithmetic:s11:r1|arithmetic:s11:r2|arithmetic:s11:r3|arithmetic:s12:r0|arithmetic:s12:r1|arithmetic:s12:r2|arithmetic:s12:r3|arithmetic:s14:r0|arithmetic:s14:r1|arithmetic:s14:r2|arithmetic:s14:r3|arithmetic:s15:r0|arithmetic:s15:r1|arithmetic:s15:r2|arithmetic:s15:r3,arithmetic:s08:r0|arithmetic:s08:r1|arithmetic:s08:r2|arithmetic:s08:r3,arithmetic:s13:r0|arithmetic:s13:r1|arithmetic:s13:r2|arithmetic:s13:r3
loso,arithmetic,13,seed_invariant,9,True,True,14,56,13,52,1,4,1,4,9013,1079,670,1|2|3|4|5|6|7|8|10|11|12|14|15,9,arithmetic:s01:r0|arithmetic:s01:r1|arithmetic:s01:r2|arithmetic:s01:r3|arithmetic:s02:r0|arithmetic:s02:r1|arithmetic:s02:r2|arithmetic:s02:r3|arithmetic:s03:r0|arithmetic:s03:r1|arithmetic:s03:r2|arithmetic:s03:r3|arithmetic:s04:r0|arithmetic:s04:r1|arithmetic:s04:r2|arithmetic:s04:r3|arithmetic:s05:r0|arithmetic:s05:r1|arithmetic:s05:r2|arithmetic:s05:r3|arithmetic:s06:r0|arithmetic:s06:r1|arithmetic:s06:r2|arithmetic:s06:r3|arithmetic:s07:r0|arithmetic:s07:r1|arithmetic:s07:r2|arithmetic:s07:r3|arithmetic:s08:r0|arithmetic:s08:r1|arithmetic:s08:r2|arithmetic:s08:r3|arithmetic:s10:r0|arithmetic:s10:r1|arithmetic:s10:r2|arithmetic:s10:r3|arithmetic:s11:r0|arithmetic:s11:r1|arithmetic:s11:r2|arithmetic:s11:r3|arithmetic:s12:r0|arithmetic:s12:r1|arithmetic:s12:r2|arithmetic:s12:r3|arithmetic:s14:r0|arithmetic:s14:r1|arithmetic:s14:r2|arithmetic:s14:r3|arithmetic:s15:r0|arithmetic:s15:r1|arithmetic:s15:r2|arithmetic:s15:r3,arithmetic:s09:r0|arithmetic:s09:r1|arithmetic:s09:r2|arithmetic:s09:r3,arithmetic:s13:r0|arithmetic:s13:r1|arithmetic:s13:r2|arithmetic:s13:r3
loso,arithmetic,13,seed_invariant,10,True,True,14,56,13,52,1,4,1,4,9554,538,670,1|2|3|4|5|6|7|8|9|11|12|14|15,10,arithmetic:s01:r0|arithmetic:s01:r1|arithmetic:s01:r2|arithmetic:s01:r3|arithmetic:s02:r0|arithmetic:s02:r1|arithmetic:s02:r2|arithmetic:s02:r3|arithmetic:s03:r0|arithmetic:s03:r1|arithmetic:s03:r2|arithmetic:s03:r3|arithmetic:s04:r0|arithmetic:s04:r1|arithmetic:s04:r2|arithmetic:s04:r3|arithmetic:s05:r0|arithmetic:s05:r1|arithmetic:s05:r2|arithmetic:s05:r3|arithmetic:s06:r0|arithmetic:s06:r1|arithmetic:s06:r2|arithmetic:s06:r3|arithmetic:s07:r0|arithmetic:s07:r1|arithmetic:s07:r2|arithmetic:s07:r3|arithmetic:s08:r0|arithmetic:s08:r1|arithmetic:s08:r2|arithmetic:s08:r3|arithmetic:s09:r0|arithmetic:s09:r1|arithmetic:s09:r2|arithmetic:s09:r3|arithmetic:s11:r0|arithmetic:s11:r1|arithmetic:s11:r2|arithmetic:s11:r3|arithmetic:s12:r0|arithmetic:s12:r1|arithmetic:s12:r2|arithmetic:s12:r3|arithmetic:s14:r0|arithmetic:s14:r1|arithmetic:s14:r2|arithmetic:s14:r3|arithmetic:s15:r0|arithmetic:s15:r1|arithmetic:s15:r2|arithmetic:s15:r3,arithmetic:s10:r0|arithmetic:s10:r1|arithmetic:s10:r2|arithmetic:s10:r3,arithmetic:s13:r0|arithmetic:s13:r1|arithmetic:s13:r2|arithmetic:s13:r3
loso,arithmetic,13,seed_invariant,11,True,True,14,56,13,52,1,4,1,4,9320,772,670,1|2|3|4|5|6|7|8|9|10|12|14|15,11,arithmetic:s01:r0|arithmetic:s01:r1|arithmetic:s01:r2|arithmetic:s01:r3|arithmetic:s02:r0|arithmetic:s02:r1|arithmetic:s02:r2|arithmetic:s02:r3|arithmetic:s03:r0|arithmetic:s03:r1|arithmetic:s03:r2|arithmetic:s03:r3|arithmetic:s04:r0|arithmetic:s04:r1|arithmetic:s04:r2|arithmetic:s04:r3|arithmetic:s05:r0|arithmetic:s05:r1|arithmetic:s05:r2|arithmetic:s05:r3|arithmetic:s06:r0|arithmetic:s06:r1|arithmetic:s06:r2|arithmetic:s06:r3|arithmetic:s07:r0|arithmetic:s07:r1|arithmetic:s07:r2|arithmetic:s07:r3|arithmetic:s08:r0|arithmetic:s08:r1|arithmetic:s08:r2|arithmetic:s08:r3|arithmetic:s09:r0|arithmetic:s09:r1|arithmetic:s09:r2|arithmetic:s09:r3|arithmetic:s10:r0|arithmetic:s10:r1|arithmetic:s10:r2|arithmetic:s10:r3|arithmetic:s12:r0|arithmetic:s12:r1|arithmetic:s12:r2|arithmetic:s12:r3|arithmetic:s14:r0|arithmetic:s14:r1|arithmetic:s14:r2|arithmetic:s14:r3|arithmetic:s15:r0|arithmetic:s15:r1|arithmetic:s15:r2|arithmetic:s15:r3,arithmetic:s11:r0|arithmetic:s11:r1|arithmetic:s11:r2|arithmetic:s11:r3,arithmetic:s13:r0|arithmetic:s13:r1|arithmetic:s13:r2|arithmetic:s13:r3
loso,arithmetic,13,seed_invariant,12,True,True,14,56,13,52,1,4,1,4,9437,655,670,1|2|3|4|5|6|7|8|9|10|11|14|15,12,arithmetic:s01:r0|arithmetic:s01:r1|arithmetic:s01:r2|arithmetic:s01:r3|arithmetic:s02:r0|arithmetic:s02:r1|arithmetic:s02:r2|arithmetic:s02:r3|arithmetic:s03:r0|arithmetic:s03:r1|arithmetic:s03:r2|arithmetic:s03:r3|arithmetic:s04:r0|arithmetic:s04:r1|arithmetic:s04:r2|arithmetic:s04:r3|arithmetic:s05:r0|arithmetic:s05:r1|arithmetic:s05:r2|arithmetic:s05:r3|arithmetic:s06:r0|arithmetic:s06:r1|arithmetic:s06:r2|arithmetic:s06:r3|arithmetic:s07:r0|arithmetic:s07:r1|arithmetic:s07:r2|arithmetic:s07:r3|arithmetic:s08:r0|arithmetic:s08:r1|arithmetic:s08:r2|arithmetic:s08:r3|arithmetic:s09:r0|arithmetic:s09:r1|arithmetic:s09:r2|arithmetic:s09:r3|arithmetic:s10:r0|arithmetic:s10:r1|arithmetic:s10:r2|arithmetic:s10:r3|arithmetic:s11:r0|arithmetic:s11:r1|arithmetic:s11:r2|arithmetic:s11:r3|arithmetic:s14:r0|arithmetic:s14:r1|arithmetic:s14:r2|arithmetic:s14:r3|arithmetic:s15:r0|arithmetic:s15:r1|arithmetic:s15:r2|arithmetic:s15:r3,arithmetic:s12:r0|arithmetic:s12:r1|arithmetic:s12:r2|arithmetic:s12:r3,arithmetic:s13:r0|arithmetic:s13:r1|arithmetic:s13:r2|arithmetic:s13:r3
loso,arithmetic,13,seed_invariant,13,True,True,14,56,13,52,1,4,1,4,9498,594,670,1|2|3|4|5|6|7|8|9|10|11|12|15,14,arithmetic:s01:r0|arithmetic:s01:r1|arithmetic:s01:r2|arithmetic:s01:r3|arithmetic:s02:r0|arithmetic:s02:r1|arithmetic:s02:r2|arithmetic:s02:r3|arithmetic:s03:r0|arithmetic:s03:r1|arithmetic:s03:r2|arithmetic:s03:r3|arithmetic:s04:r0|arithmetic:s04:r1|arithmetic:s04:r2|arithmetic:s04:r3|arithmetic:s05:r0|arithmetic:s05:r1|arithmetic:s05:r2|arithmetic:s05:r3|arithmetic:s06:r0|arithmetic:s06:r1|arithmetic:s06:r2|arithmetic:s06:r3|arithmetic:s07:r0|arithmetic:s07:r1|arithmetic:s07:r2|arithmetic:s07:r3|arithmetic:s08:r0|arithmetic:s08:r1|arithmetic:s08:r2|arithmetic:s08:r3|arithmetic:s09:r0|arithmetic:s09:r1|arithmetic:s09:r2|arithmetic:s09:r3|arithmetic:s10:r0|arithmetic:s10:r1|arithmetic:s10:r2|arithmetic:s10:r3|arithmetic:s11:r0|arithmetic:s11:r1|arithmetic:s11:r2|arithmetic:s11:r3|arithmetic:s12:r0|arithmetic:s12:r1|arithmetic:s12:r2|arithmetic:s12:r3|arithmetic:s15:r0|arithmetic:s15:r1|arithmetic:s15:r2|arithmetic:s15:r3,arithmetic:s14:r0|arithmetic:s14:r1|arithmetic:s14:r2|arithmetic:s14:r3,arithmetic:s13:r0|arithmetic:s13:r1|arithmetic:s13:r2|arithmetic:s13:r3
loso,arithmetic,13,seed_invariant,14,True,True,14,56,13,52,1,4,1,4,9365,727,670,1|2|3|4|5|6|7|8|9|10|11|12|14,15,arithmetic:s01:r0|arithmetic:s01:r1|arithmetic:s01:r2|arithmetic:s01:r3|arithmetic:s02:r0|arithmetic:s02:r1|arithmetic:s02:r2|arithmetic:s02:r3|arithmetic:s03:r0|arithmetic:s03:r1|arithmetic:s03:r2|arithmetic:s03:r3|arithmetic:s04:r0|arithmetic:s04:r1|arithmetic:s04:r2|arithmetic:s04:r3|arithmetic:s05:r0|arithmetic:s05:r1|arithmetic:s05:r2|arithmetic:s05:r3|arithmetic:s06:r0|arithmetic:s06:r1|arithmetic:s06:r2|arithmetic:s06:r3|arithmetic:s07:r0|arithmetic:s07:r1|arithmetic:s07:r2|arithmetic:s07:r3|arithmetic:s08:r0|arithmetic:s08:r1|arithmetic:s08:r2|arithmetic:s08:r3|arithmetic:s09:r0|arithmetic:s09:r1|arithmetic:s09:r2|arithmetic:s09:r3|arithmetic:s10:r0|arithmetic:s10:r1|arithmetic:s10:r2|arithmetic:s10:r3|arithmetic:s11:r0|arithmetic:s11:r1|arithmetic:s11:r2|arithmetic:s11:r3|arithmetic:s12:r0|arithmetic:s12:r1|arithmetic:s12:r2|arithmetic:s12:r3|arithmetic:s14:r0|arithmetic:s14:r1|arithmetic:s14:r2|arithmetic:s14:r3,arithmetic:s15:r0|arithmetic:s15:r1|arithmetic:s15:r2|arithmetic:s15:r3,arithmetic:s13:r0|arithmetic:s13:r1|arithmetic:s13:r2|arithmetic:s13:r3
loso,arithmetic,14,seed_invariant,1,True,True,14,56,13,52,1,4,1,4,9472,696,594,2|3|4|5|6|7|8|9|10|11|12|13|15,1,arithmetic:s02:r0|arithmetic:s02:r1|arithmetic:s02:r2|arithmetic:s02:r3|arithmetic:s03:r0|arithmetic:s03:r1|arithmetic:s03:r2|arithmetic:s03:r3|arithmetic:s04:r0|arithmetic:s04:r1|arithmetic:s04:r2|arithmetic:s04:r3|arithmetic:s05:r0|arithmetic:s05:r1|arithmetic:s05:r2|arithmetic:s05:r3|arithmetic:s06:r0|arithmetic:s06:r1|arithmetic:s06:r2|arithmetic:s06:r3|arithmetic:s07:r0|arithmetic:s07:r1|arithmetic:s07:r2|arithmetic:s07:r3|arithmetic:s08:r0|arithmetic:s08:r1|arithmetic:s08:r2|arithmetic:s08:r3|arithmetic:s09:r0|arithmetic:s09:r1|arithmetic:s09:r2|arithmetic:s09:r3|arithmetic:s10:r0|arithmetic:s10:r1|arithmetic:s10:r2|arithmetic:s10:r3|arithmetic:s11:r0|arithmetic:s11:r1|arithmetic:s11:r2|arithmetic:s11:r3|arithmetic:s12:r0|arithmetic:s12:r1|arithmetic:s12:r2|arithmetic:s12:r3|arithmetic:s13:r0|arithmetic:s13:r1|arithmetic:s13:r2|arithmetic:s13:r3|arithmetic:s15:r0|arithmetic:s15:r1|arithmetic:s15:r2|arithmetic:s15:r3,arithmetic:s01:r0|arithmetic:s01:r1|arithmetic:s01:r2|arithmetic:s01:r3,arithmetic:s14:r0|arithmetic:s14:r1|arithmetic:s14:r2|arithmetic:s14:r3
loso,arithmetic,14,seed_invariant,2,True,True,14,56,13,52,1,4,1,4,9180,988,594,1|3|4|5|6|7|8|9|10|11|12|13|15,2,arithmetic:s01:r0|arithmetic:s01:r1|arithmetic:s01:r2|arithmetic:s01:r3|arithmetic:s03:r0|arithmetic:s03:r1|arithmetic:s03:r2|arithmetic:s03:r3|arithmetic:s04:r0|arithmetic:s04:r1|arithmetic:s04:r2|arithmetic:s04:r3|arithmetic:s05:r0|arithmetic:s05:r1|arithmetic:s05:r2|arithmetic:s05:r3|arithmetic:s06:r0|arithmetic:s06:r1|arithmetic:s06:r2|arithmetic:s06:r3|arithmetic:s07:r0|arithmetic:s07:r1|arithmetic:s07:r2|arithmetic:s07:r3|arithmetic:s08:r0|arithmetic:s08:r1|arithmetic:s08:r2|arithmetic:s08:r3|arithmetic:s09:r0|arithmetic:s09:r1|arithmetic:s09:r2|arithmetic:s09:r3|arithmetic:s10:r0|arithmetic:s10:r1|arithmetic:s10:r2|arithmetic:s10:r3|arithmetic:s11:r0|arithmetic:s11:r1|arithmetic:s11:r2|arithmetic:s11:r3|arithmetic:s12:r0|arithmetic:s12:r1|arithmetic:s12:r2|arithmetic:s12:r3|arithmetic:s13:r0|arithmetic:s13:r1|arithmetic:s13:r2|arithmetic:s13:r3|arithmetic:s15:r0|arithmetic:s15:r1|arithmetic:s15:r2|arithmetic:s15:r3,arithmetic:s02:r0|arithmetic:s02:r1|arithmetic:s02:r2|arithmetic:s02:r3,arithmetic:s14:r0|arithmetic:s14:r1|arithmetic:s14:r2|arithmetic:s14:r3
loso,arithmetic,14,seed_invariant,3,True,True,14,56,13,52,1,4,1,4,9599,569,594,1|2|4|5|6|7|8|9|10|11|12|13|15,3,arithmetic:s01:r0|arithmetic:s01:r1|arithmetic:s01:r2|arithmetic:s01:r3|arithmetic:s02:r0|arithmetic:s02:r1|arithmetic:s02:r2|arithmetic:s02:r3|arithmetic:s04:r0|arithmetic:s04:r1|arithmetic:s04:r2|arithmetic:s04:r3|arithmetic:s05:r0|arithmetic:s05:r1|arithmetic:s05:r2|arithmetic:s05:r3|arithmetic:s06:r0|arithmetic:s06:r1|arithmetic:s06:r2|arithmetic:s06:r3|arithmetic:s07:r0|arithmetic:s07:r1|arithmetic:s07:r2|arithmetic:s07:r3|arithmetic:s08:r0|arithmetic:s08:r1|arithmetic:s08:r2|arithmetic:s08:r3|arithmetic:s09:r0|arithmetic:s09:r1|arithmetic:s09:r2|arithmetic:s09:r3|arithmetic:s10:r0|arithmetic:s10:r1|arithmetic:s10:r2|arithmetic:s10:r3|arithmetic:s11:r0|arithmetic:s11:r1|arithmetic:s11:r2|arithmetic:s11:r3|arithmetic:s12:r0|arithmetic:s12:r1|arithmetic:s12:r2|arithmetic:s12:r3|arithmetic:s13:r0|arithmetic:s13:r1|arithmetic:s13:r2|arithmetic:s13:r3|arithmetic:s15:r0|arithmetic:s15:r1|arithmetic:s15:r2|arithmetic:s15:r3,arithmetic:s03:r0|arithmetic:s03:r1|arithmetic:s03:r2|arithmetic:s03:r3,arithmetic:s14:r0|arithmetic:s14:r1|arithmetic:s14:r2|arithmetic:s14:r3
loso,arithmetic,14,seed_invariant,4,True,True,14,56,13,52,1,4,1,4,9502,666,594,1|2|3|5|6|7|8|9|10|11|12|13|15,4,arithmetic:s01:r0|arithmetic:s01:r1|arithmetic:s01:r2|arithmetic:s01:r3|arithmetic:s02:r0|arithmetic:s02:r1|arithmetic:s02:r2|arithmetic:s02:r3|arithmetic:s03:r0|arithmetic:s03:r1|arithmetic:s03:r2|arithmetic:s03:r3|arithmetic:s05:r0|arithmetic:s05:r1|arithmetic:s05:r2|arithmetic:s05:r3|arithmetic:s06:r0|arithmetic:s06:r1|arithmetic:s06:r2|arithmetic:s06:r3|arithmetic:s07:r0|arithmetic:s07:r1|arithmetic:s07:r2|arithmetic:s07:r3|arithmetic:s08:r0|arithmetic:s08:r1|arithmetic:s08:r2|arithmetic:s08:r3|arithmetic:s09:r0|arithmetic:s09:r1|arithmetic:s09:r2|arithmetic:s09:r3|arithmetic:s10:r0|arithmetic:s10:r1|arithmetic:s10:r2|arithmetic:s10:r3|arithmetic:s11:r0|arithmetic:s11:r1|arithmetic:s11:r2|arithmetic:s11:r3|arithmetic:s12:r0|arithmetic:s12:r1|arithmetic:s12:r2|arithmetic:s12:r3|arithmetic:s13:r0|arithmetic:s13:r1|arithmetic:s13:r2|arithmetic:s13:r3|arithmetic:s15:r0|arithmetic:s15:r1|arithmetic:s15:r2|arithmetic:s15:r3,arithmetic:s04:r0|arithmetic:s04:r1|arithmetic:s04:r2|arithmetic:s04:r3,arithmetic:s14:r0|arithmetic:s14:r1|arithmetic:s14:r2|arithmetic:s14:r3
loso,arithmetic,14,seed_invariant,5,True,True,14,56,13,52,1,4,1,4,9341,827,594,1|2|3|4|6|7|8|9|10|11|12|13|15,5,arithmetic:s01:r0|arithmetic:s01:r1|arithmetic:s01:r2|arithmetic:s01:r3|arithmetic:s02:r0|arithmetic:s02:r1|arithmetic:s02:r2|arithmetic:s02:r3|arithmetic:s03:r0|arithmetic:s03:r1|arithmetic:s03:r2|arithmetic:s03:r3|arithmetic:s04:r0|arithmetic:s04:r1|arithmetic:s04:r2|arithmetic:s04:r3|arithmetic:s06:r0|arithmetic:s06:r1|arithmetic:s06:r2|arithmetic:s06:r3|arithmetic:s07:r0|arithmetic:s07:r1|arithmetic:s07:r2|arithmetic:s07:r3|arithmetic:s08:r0|arithmetic:s08:r1|arithmetic:s08:r2|arithmetic:s08:r3|arithmetic:s09:r0|arithmetic:s09:r1|arithmetic:s09:r2|arithmetic:s09:r3|arithmetic:s10:r0|arithmetic:s10:r1|arithmetic:s10:r2|arithmetic:s10:r3|arithmetic:s11:r0|arithmetic:s11:r1|arithmetic:s11:r2|arithmetic:s11:r3|arithmetic:s12:r0|arithmetic:s12:r1|arithmetic:s12:r2|arithmetic:s12:r3|arithmetic:s13:r0|arithmetic:s13:r1|arithmetic:s13:r2|arithmetic:s13:r3|arithmetic:s15:r0|arithmetic:s15:r1|arithmetic:s15:r2|arithmetic:s15:r3,arithmetic:s05:r0|arithmetic:s05:r1|arithmetic:s05:r2|arithmetic:s05:r3,arithmetic:s14:r0|arithmetic:s14:r1|arithmetic:s14:r2|arithmetic:s14:r3
loso,arithmetic,14,seed_invariant,6,True,True,14,56,13,52,1,4,1,4,9578,590,594,1|2|3|4|5|7|8|9|10|11|12|13|15,6,arithmetic:s01:r0|arithmetic:s01:r1|arithmetic:s01:r2|arithmetic:s01:r3|arithmetic:s02:r0|arithmetic:s02:r1|arithmetic:s02:r2|arithmetic:s02:r3|arithmetic:s03:r0|arithmetic:s03:r1|arithmetic:s03:r2|arithmetic:s03:r3|arithmetic:s04:r0|arithmetic:s04:r1|arithmetic:s04:r2|arithmetic:s04:r3|arithmetic:s05:r0|arithmetic:s05:r1|arithmetic:s05:r2|arithmetic:s05:r3|arithmetic:s07:r0|arithmetic:s07:r1|arithmetic:s07:r2|arithmetic:s07:r3|arithmetic:s08:r0|arithmetic:s08:r1|arithmetic:s08:r2|arithmetic:s08:r3|arithmetic:s09:r0|arithmetic:s09:r1|arithmetic:s09:r2|arithmetic:s09:r3|arithmetic:s10:r0|arithmetic:s10:r1|arithmetic:s10:r2|arithmetic:s10:r3|arithmetic:s11:r0|arithmetic:s11:r1|arithmetic:s11:r2|arithmetic:s11:r3|arithmetic:s12:r0|arithmetic:s12:r1|arithmetic:s12:r2|arithmetic:s12:r3|arithmetic:s13:r0|arithmetic:s13:r1|arithmetic:s13:r2|arithmetic:s13:r3|arithmetic:s15:r0|arithmetic:s15:r1|arithmetic:s15:r2|arithmetic:s15:r3,arithmetic:s06:r0|arithmetic:s06:r1|arithmetic:s06:r2|arithmetic:s06:r3,arithmetic:s14:r0|arithmetic:s14:r1|arithmetic:s14:r2|arithmetic:s14:r3
loso,arithmetic,14,seed_invariant,7,True,True,14,56,13,52,1,4,1,4,9815,353,594,1|2|3|4|5|6|8|9|10|11|12|13|15,7,arithmetic:s01:r0|arithmetic:s01:r1|arithmetic:s01:r2|arithmetic:s01:r3|arithmetic:s02:r0|arithmetic:s02:r1|arithmetic:s02:r2|arithmetic:s02:r3|arithmetic:s03:r0|arithmetic:s03:r1|arithmetic:s03:r2|arithmetic:s03:r3|arithmetic:s04:r0|arithmetic:s04:r1|arithmetic:s04:r2|arithmetic:s04:r3|arithmetic:s05:r0|arithmetic:s05:r1|arithmetic:s05:r2|arithmetic:s05:r3|arithmetic:s06:r0|arithmetic:s06:r1|arithmetic:s06:r2|arithmetic:s06:r3|arithmetic:s08:r0|arithmetic:s08:r1|arithmetic:s08:r2|arithmetic:s08:r3|arithmetic:s09:r0|arithmetic:s09:r1|arithmetic:s09:r2|arithmetic:s09:r3|arithmetic:s10:r0|arithmetic:s10:r1|arithmetic:s10:r2|arithmetic:s10:r3|arithmetic:s11:r0|arithmetic:s11:r1|arithmetic:s11:r2|arithmetic:s11:r3|arithmetic:s12:r0|arithmetic:s12:r1|arithmetic:s12:r2|arithmetic:s12:r3|arithmetic:s13:r0|arithmetic:s13:r1|arithmetic:s13:r2|arithmetic:s13:r3|arithmetic:s15:r0|arithmetic:s15:r1|arithmetic:s15:r2|arithmetic:s15:r3,arithmetic:s07:r0|arithmetic:s07:r1|arithmetic:s07:r2|arithmetic:s07:r3,arithmetic:s14:r0|arithmetic:s14:r1|arithmetic:s14:r2|arithmetic:s14:r3
loso,arithmetic,14,seed_invariant,8,True,True,14,56,13,52,1,4,1,4,9130,1038,594,1|2|3|4|5|6|7|9|10|11|12|13|15,8,arithmetic:s01:r0|arithmetic:s01:r1|arithmetic:s01:r2|arithmetic:s01:r3|arithmetic:s02:r0|arithmetic:s02:r1|arithmetic:s02:r2|arithmetic:s02:r3|arithmetic:s03:r0|arithmetic:s03:r1|arithmetic:s03:r2|arithmetic:s03:r3|arithmetic:s04:r0|arithmetic:s04:r1|arithmetic:s04:r2|arithmetic:s04:r3|arithmetic:s05:r0|arithmetic:s05:r1|arithmetic:s05:r2|arithmetic:s05:r3|arithmetic:s06:r0|arithmetic:s06:r1|arithmetic:s06:r2|arithmetic:s06:r3|arithmetic:s07:r0|arithmetic:s07:r1|arithmetic:s07:r2|arithmetic:s07:r3|arithmetic:s09:r0|arithmetic:s09:r1|arithmetic:s09:r2|arithmetic:s09:r3|arithmetic:s10:r0|arithmetic:s10:r1|arithmetic:s10:r2|arithmetic:s10:r3|arithmetic:s11:r0|arithmetic:s11:r1|arithmetic:s11:r2|arithmetic:s11:r3|arithmetic:s12:r0|arithmetic:s12:r1|arithmetic:s12:r2|arithmetic:s12:r3|arithmetic:s13:r0|arithmetic:s13:r1|arithmetic:s13:r2|arithmetic:s13:r3|arithmetic:s15:r0|arithmetic:s15:r1|arithmetic:s15:r2|arithmetic:s15:r3,arithmetic:s08:r0|arithmetic:s08:r1|arithmetic:s08:r2|arithmetic:s08:r3,arithmetic:s14:r0|arithmetic:s14:r1|arithmetic:s14:r2|arithmetic:s14:r3
loso,arithmetic,14,seed_invariant,9,True,True,14,56,13,52,1,4,1,4,9089,1079,594,1|2|3|4|5|6|7|8|10|11|12|13|15,9,arithmetic:s01:r0|arithmetic:s01:r1|arithmetic:s01:r2|arithmetic:s01:r3|arithmetic:s02:r0|arithmetic:s02:r1|arithmetic:s02:r2|arithmetic:s02:r3|arithmetic:s03:r0|arithmetic:s03:r1|arithmetic:s03:r2|arithmetic:s03:r3|arithmetic:s04:r0|arithmetic:s04:r1|arithmetic:s04:r2|arithmetic:s04:r3|arithmetic:s05:r0|arithmetic:s05:r1|arithmetic:s05:r2|arithmetic:s05:r3|arithmetic:s06:r0|arithmetic:s06:r1|arithmetic:s06:r2|arithmetic:s06:r3|arithmetic:s07:r0|arithmetic:s07:r1|arithmetic:s07:r2|arithmetic:s07:r3|arithmetic:s08:r0|arithmetic:s08:r1|arithmetic:s08:r2|arithmetic:s08:r3|arithmetic:s10:r0|arithmetic:s10:r1|arithmetic:s10:r2|arithmetic:s10:r3|arithmetic:s11:r0|arithmetic:s11:r1|arithmetic:s11:r2|arithmetic:s11:r3|arithmetic:s12:r0|arithmetic:s12:r1|arithmetic:s12:r2|arithmetic:s12:r3|arithmetic:s13:r0|arithmetic:s13:r1|arithmetic:s13:r2|arithmetic:s13:r3|arithmetic:s15:r0|arithmetic:s15:r1|arithmetic:s15:r2|arithmetic:s15:r3,arithmetic:s09:r0|arithmetic:s09:r1|arithmetic:s09:r2|arithmetic:s09:r3,arithmetic:s14:r0|arithmetic:s14:r1|arithmetic:s14:r2|arithmetic:s14:r3
loso,arithmetic,14,seed_invariant,10,True,True,14,56,13,52,1,4,1,4,9630,538,594,1|2|3|4|5|6|7|8|9|11|12|13|15,10,arithmetic:s01:r0|arithmetic:s01:r1|arithmetic:s01:r2|arithmetic:s01:r3|arithmetic:s02:r0|arithmetic:s02:r1|arithmetic:s02:r2|arithmetic:s02:r3|arithmetic:s03:r0|arithmetic:s03:r1|arithmetic:s03:r2|arithmetic:s03:r3|arithmetic:s04:r0|arithmetic:s04:r1|arithmetic:s04:r2|arithmetic:s04:r3|arithmetic:s05:r0|arithmetic:s05:r1|arithmetic:s05:r2|arithmetic:s05:r3|arithmetic:s06:r0|arithmetic:s06:r1|arithmetic:s06:r2|arithmetic:s06:r3|arithmetic:s07:r0|arithmetic:s07:r1|arithmetic:s07:r2|arithmetic:s07:r3|arithmetic:s08:r0|arithmetic:s08:r1|arithmetic:s08:r2|arithmetic:s08:r3|arithmetic:s09:r0|arithmetic:s09:r1|arithmetic:s09:r2|arithmetic:s09:r3|arithmetic:s11:r0|arithmetic:s11:r1|arithmetic:s11:r2|arithmetic:s11:r3|arithmetic:s12:r0|arithmetic:s12:r1|arithmetic:s12:r2|arithmetic:s12:r3|arithmetic:s13:r0|arithmetic:s13:r1|arithmetic:s13:r2|arithmetic:s13:r3|arithmetic:s15:r0|arithmetic:s15:r1|arithmetic:s15:r2|arithmetic:s15:r3,arithmetic:s10:r0|arithmetic:s10:r1|arithmetic:s10:r2|arithmetic:s10:r3,arithmetic:s14:r0|arithmetic:s14:r1|arithmetic:s14:r2|arithmetic:s14:r3
loso,arithmetic,14,seed_invariant,11,True,True,14,56,13,52,1,4,1,4,9396,772,594,1|2|3|4|5|6|7|8|9|10|12|13|15,11,arithmetic:s01:r0|arithmetic:s01:r1|arithmetic:s01:r2|arithmetic:s01:r3|arithmetic:s02:r0|arithmetic:s02:r1|arithmetic:s02:r2|arithmetic:s02:r3|arithmetic:s03:r0|arithmetic:s03:r1|arithmetic:s03:r2|arithmetic:s03:r3|arithmetic:s04:r0|arithmetic:s04:r1|arithmetic:s04:r2|arithmetic:s04:r3|arithmetic:s05:r0|arithmetic:s05:r1|arithmetic:s05:r2|arithmetic:s05:r3|arithmetic:s06:r0|arithmetic:s06:r1|arithmetic:s06:r2|arithmetic:s06:r3|arithmetic:s07:r0|arithmetic:s07:r1|arithmetic:s07:r2|arithmetic:s07:r3|arithmetic:s08:r0|arithmetic:s08:r1|arithmetic:s08:r2|arithmetic:s08:r3|arithmetic:s09:r0|arithmetic:s09:r1|arithmetic:s09:r2|arithmetic:s09:r3|arithmetic:s10:r0|arithmetic:s10:r1|arithmetic:s10:r2|arithmetic:s10:r3|arithmetic:s12:r0|arithmetic:s12:r1|arithmetic:s12:r2|arithmetic:s12:r3|arithmetic:s13:r0|arithmetic:s13:r1|arithmetic:s13:r2|arithmetic:s13:r3|arithmetic:s15:r0|arithmetic:s15:r1|arithmetic:s15:r2|arithmetic:s15:r3,arithmetic:s11:r0|arithmetic:s11:r1|arithmetic:s11:r2|arithmetic:s11:r3,arithmetic:s14:r0|arithmetic:s14:r1|arithmetic:s14:r2|arithmetic:s14:r3
loso,arithmetic,14,seed_invariant,12,True,True,14,56,13,52,1,4,1,4,9513,655,594,1|2|3|4|5|6|7|8|9|10|11|13|15,12,arithmetic:s01:r0|arithmetic:s01:r1|arithmetic:s01:r2|arithmetic:s01:r3|arithmetic:s02:r0|arithmetic:s02:r1|arithmetic:s02:r2|arithmetic:s02:r3|arithmetic:s03:r0|arithmetic:s03:r1|arithmetic:s03:r2|arithmetic:s03:r3|arithmetic:s04:r0|arithmetic:s04:r1|arithmetic:s04:r2|arithmetic:s04:r3|arithmetic:s05:r0|arithmetic:s05:r1|arithmetic:s05:r2|arithmetic:s05:r3|arithmetic:s06:r0|arithmetic:s06:r1|arithmetic:s06:r2|arithmetic:s06:r3|arithmetic:s07:r0|arithmetic:s07:r1|arithmetic:s07:r2|arithmetic:s07:r3|arithmetic:s08:r0|arithmetic:s08:r1|arithmetic:s08:r2|arithmetic:s08:r3|arithmetic:s09:r0|arithmetic:s09:r1|arithmetic:s09:r2|arithmetic:s09:r3|arithmetic:s10:r0|arithmetic:s10:r1|arithmetic:s10:r2|arithmetic:s10:r3|arithmetic:s11:r0|arithmetic:s11:r1|arithmetic:s11:r2|arithmetic:s11:r3|arithmetic:s13:r0|arithmetic:s13:r1|arithmetic:s13:r2|arithmetic:s13:r3|arithmetic:s15:r0|arithmetic:s15:r1|arithmetic:s15:r2|arithmetic:s15:r3,arithmetic:s12:r0|arithmetic:s12:r1|arithmetic:s12:r2|arithmetic:s12:r3,arithmetic:s14:r0|arithmetic:s14:r1|arithmetic:s14:r2|arithmetic:s14:r3
loso,arithmetic,14,seed_invariant,13,True,True,14,56,13,52,1,4,1,4,9498,670,594,1|2|3|4|5|6|7|8|9|10|11|12|15,13,arithmetic:s01:r0|arithmetic:s01:r1|arithmetic:s01:r2|arithmetic:s01:r3|arithmetic:s02:r0|arithmetic:s02:r1|arithmetic:s02:r2|arithmetic:s02:r3|arithmetic:s03:r0|arithmetic:s03:r1|arithmetic:s03:r2|arithmetic:s03:r3|arithmetic:s04:r0|arithmetic:s04:r1|arithmetic:s04:r2|arithmetic:s04:r3|arithmetic:s05:r0|arithmetic:s05:r1|arithmetic:s05:r2|arithmetic:s05:r3|arithmetic:s06:r0|arithmetic:s06:r1|arithmetic:s06:r2|arithmetic:s06:r3|arithmetic:s07:r0|arithmetic:s07:r1|arithmetic:s07:r2|arithmetic:s07:r3|arithmetic:s08:r0|arithmetic:s08:r1|arithmetic:s08:r2|arithmetic:s08:r3|arithmetic:s09:r0|arithmetic:s09:r1|arithmetic:s09:r2|arithmetic:s09:r3|arithmetic:s10:r0|arithmetic:s10:r1|arithmetic:s10:r2|arithmetic:s10:r3|arithmetic:s11:r0|arithmetic:s11:r1|arithmetic:s11:r2|arithmetic:s11:r3|arithmetic:s12:r0|arithmetic:s12:r1|arithmetic:s12:r2|arithmetic:s12:r3|arithmetic:s15:r0|arithmetic:s15:r1|arithmetic:s15:r2|arithmetic:s15:r3,arithmetic:s13:r0|arithmetic:s13:r1|arithmetic:s13:r2|arithmetic:s13:r3,arithmetic:s14:r0|arithmetic:s14:r1|arithmetic:s14:r2|arithmetic:s14:r3
loso,arithmetic,14,seed_invariant,14,True,True,14,56,13,52,1,4,1,4,9441,727,594,1|2|3|4|5|6|7|8|9|10|11|12|13,15,arithmetic:s01:r0|arithmetic:s01:r1|arithmetic:s01:r2|arithmetic:s01:r3|arithmetic:s02:r0|arithmetic:s02:r1|arithmetic:s02:r2|arithmetic:s02:r3|arithmetic:s03:r0|arithmetic:s03:r1|arithmetic:s03:r2|arithmetic:s03:r3|arithmetic:s04:r0|arithmetic:s04:r1|arithmetic:s04:r2|arithmetic:s04:r3|arithmetic:s05:r0|arithmetic:s05:r1|arithmetic:s05:r2|arithmetic:s05:r3|arithmetic:s06:r0|arithmetic:s06:r1|arithmetic:s06:r2|arithmetic:s06:r3|arithmetic:s07:r0|arithmetic:s07:r1|arithmetic:s07:r2|arithmetic:s07:r3|arithmetic:s08:r0|arithmetic:s08:r1|arithmetic:s08:r2|arithmetic:s08:r3|arithmetic:s09:r0|arithmetic:s09:r1|arithmetic:s09:r2|arithmetic:s09:r3|arithmetic:s10:r0|arithmetic:s10:r1|arithmetic:s10:r2|arithmetic:s10:r3|arithmetic:s11:r0|arithmetic:s11:r1|arithmetic:s11:r2|arithmetic:s11:r3|arithmetic:s12:r0|arithmetic:s12:r1|arithmetic:s12:r2|arithmetic:s12:r3|arithmetic:s13:r0|arithmetic:s13:r1|arithmetic:s13:r2|arithmetic:s13:r3,arithmetic:s15:r0|arithmetic:s15:r1|arithmetic:s15:r2|arithmetic:s15:r3,arithmetic:s14:r0|arithmetic:s14:r1|arithmetic:s14:r2|arithmetic:s14:r3
loso,arithmetic,15,seed_invariant,1,True,True,14,56,13,52,1,4,1,4,9339,696,727,2|3|4|5|6|7|8|9|10|11|12|13|14,1,arithmetic:s02:r0|arithmetic:s02:r1|arithmetic:s02:r2|arithmetic:s02:r3|arithmetic:s03:r0|arithmetic:s03:r1|arithmetic:s03:r2|arithmetic:s03:r3|arithmetic:s04:r0|arithmetic:s04:r1|arithmetic:s04:r2|arithmetic:s04:r3|arithmetic:s05:r0|arithmetic:s05:r1|arithmetic:s05:r2|arithmetic:s05:r3|arithmetic:s06:r0|arithmetic:s06:r1|arithmetic:s06:r2|arithmetic:s06:r3|arithmetic:s07:r0|arithmetic:s07:r1|arithmetic:s07:r2|arithmetic:s07:r3|arithmetic:s08:r0|arithmetic:s08:r1|arithmetic:s08:r2|arithmetic:s08:r3|arithmetic:s09:r0|arithmetic:s09:r1|arithmetic:s09:r2|arithmetic:s09:r3|arithmetic:s10:r0|arithmetic:s10:r1|arithmetic:s10:r2|arithmetic:s10:r3|arithmetic:s11:r0|arithmetic:s11:r1|arithmetic:s11:r2|arithmetic:s11:r3|arithmetic:s12:r0|arithmetic:s12:r1|arithmetic:s12:r2|arithmetic:s12:r3|arithmetic:s13:r0|arithmetic:s13:r1|arithmetic:s13:r2|arithmetic:s13:r3|arithmetic:s14:r0|arithmetic:s14:r1|arithmetic:s14:r2|arithmetic:s14:r3,arithmetic:s01:r0|arithmetic:s01:r1|arithmetic:s01:r2|arithmetic:s01:r3,arithmetic:s15:r0|arithmetic:s15:r1|arithmetic:s15:r2|arithmetic:s15:r3
loso,arithmetic,15,seed_invariant,2,True,True,14,56,13,52,1,4,1,4,9047,988,727,1|3|4|5|6|7|8|9|10|11|12|13|14,2,arithmetic:s01:r0|arithmetic:s01:r1|arithmetic:s01:r2|arithmetic:s01:r3|arithmetic:s03:r0|arithmetic:s03:r1|arithmetic:s03:r2|arithmetic:s03:r3|arithmetic:s04:r0|arithmetic:s04:r1|arithmetic:s04:r2|arithmetic:s04:r3|arithmetic:s05:r0|arithmetic:s05:r1|arithmetic:s05:r2|arithmetic:s05:r3|arithmetic:s06:r0|arithmetic:s06:r1|arithmetic:s06:r2|arithmetic:s06:r3|arithmetic:s07:r0|arithmetic:s07:r1|arithmetic:s07:r2|arithmetic:s07:r3|arithmetic:s08:r0|arithmetic:s08:r1|arithmetic:s08:r2|arithmetic:s08:r3|arithmetic:s09:r0|arithmetic:s09:r1|arithmetic:s09:r2|arithmetic:s09:r3|arithmetic:s10:r0|arithmetic:s10:r1|arithmetic:s10:r2|arithmetic:s10:r3|arithmetic:s11:r0|arithmetic:s11:r1|arithmetic:s11:r2|arithmetic:s11:r3|arithmetic:s12:r0|arithmetic:s12:r1|arithmetic:s12:r2|arithmetic:s12:r3|arithmetic:s13:r0|arithmetic:s13:r1|arithmetic:s13:r2|arithmetic:s13:r3|arithmetic:s14:r0|arithmetic:s14:r1|arithmetic:s14:r2|arithmetic:s14:r3,arithmetic:s02:r0|arithmetic:s02:r1|arithmetic:s02:r2|arithmetic:s02:r3,arithmetic:s15:r0|arithmetic:s15:r1|arithmetic:s15:r2|arithmetic:s15:r3
loso,arithmetic,15,seed_invariant,3,True,True,14,56,13,52,1,4,1,4,9466,569,727,1|2|4|5|6|7|8|9|10|11|12|13|14,3,arithmetic:s01:r0|arithmetic:s01:r1|arithmetic:s01:r2|arithmetic:s01:r3|arithmetic:s02:r0|arithmetic:s02:r1|arithmetic:s02:r2|arithmetic:s02:r3|arithmetic:s04:r0|arithmetic:s04:r1|arithmetic:s04:r2|arithmetic:s04:r3|arithmetic:s05:r0|arithmetic:s05:r1|arithmetic:s05:r2|arithmetic:s05:r3|arithmetic:s06:r0|arithmetic:s06:r1|arithmetic:s06:r2|arithmetic:s06:r3|arithmetic:s07:r0|arithmetic:s07:r1|arithmetic:s07:r2|arithmetic:s07:r3|arithmetic:s08:r0|arithmetic:s08:r1|arithmetic:s08:r2|arithmetic:s08:r3|arithmetic:s09:r0|arithmetic:s09:r1|arithmetic:s09:r2|arithmetic:s09:r3|arithmetic:s10:r0|arithmetic:s10:r1|arithmetic:s10:r2|arithmetic:s10:r3|arithmetic:s11:r0|arithmetic:s11:r1|arithmetic:s11:r2|arithmetic:s11:r3|arithmetic:s12:r0|arithmetic:s12:r1|arithmetic:s12:r2|arithmetic:s12:r3|arithmetic:s13:r0|arithmetic:s13:r1|arithmetic:s13:r2|arithmetic:s13:r3|arithmetic:s14:r0|arithmetic:s14:r1|arithmetic:s14:r2|arithmetic:s14:r3,arithmetic:s03:r0|arithmetic:s03:r1|arithmetic:s03:r2|arithmetic:s03:r3,arithmetic:s15:r0|arithmetic:s15:r1|arithmetic:s15:r2|arithmetic:s15:r3
loso,arithmetic,15,seed_invariant,4,True,True,14,56,13,52,1,4,1,4,9369,666,727,1|2|3|5|6|7|8|9|10|11|12|13|14,4,arithmetic:s01:r0|arithmetic:s01:r1|arithmetic:s01:r2|arithmetic:s01:r3|arithmetic:s02:r0|arithmetic:s02:r1|arithmetic:s02:r2|arithmetic:s02:r3|arithmetic:s03:r0|arithmetic:s03:r1|arithmetic:s03:r2|arithmetic:s03:r3|arithmetic:s05:r0|arithmetic:s05:r1|arithmetic:s05:r2|arithmetic:s05:r3|arithmetic:s06:r0|arithmetic:s06:r1|arithmetic:s06:r2|arithmetic:s06:r3|arithmetic:s07:r0|arithmetic:s07:r1|arithmetic:s07:r2|arithmetic:s07:r3|arithmetic:s08:r0|arithmetic:s08:r1|arithmetic:s08:r2|arithmetic:s08:r3|arithmetic:s09:r0|arithmetic:s09:r1|arithmetic:s09:r2|arithmetic:s09:r3|arithmetic:s10:r0|arithmetic:s10:r1|arithmetic:s10:r2|arithmetic:s10:r3|arithmetic:s11:r0|arithmetic:s11:r1|arithmetic:s11:r2|arithmetic:s11:r3|arithmetic:s12:r0|arithmetic:s12:r1|arithmetic:s12:r2|arithmetic:s12:r3|arithmetic:s13:r0|arithmetic:s13:r1|arithmetic:s13:r2|arithmetic:s13:r3|arithmetic:s14:r0|arithmetic:s14:r1|arithmetic:s14:r2|arithmetic:s14:r3,arithmetic:s04:r0|arithmetic:s04:r1|arithmetic:s04:r2|arithmetic:s04:r3,arithmetic:s15:r0|arithmetic:s15:r1|arithmetic:s15:r2|arithmetic:s15:r3
loso,arithmetic,15,seed_invariant,5,True,True,14,56,13,52,1,4,1,4,9208,827,727,1|2|3|4|6|7|8|9|10|11|12|13|14,5,arithmetic:s01:r0|arithmetic:s01:r1|arithmetic:s01:r2|arithmetic:s01:r3|arithmetic:s02:r0|arithmetic:s02:r1|arithmetic:s02:r2|arithmetic:s02:r3|arithmetic:s03:r0|arithmetic:s03:r1|arithmetic:s03:r2|arithmetic:s03:r3|arithmetic:s04:r0|arithmetic:s04:r1|arithmetic:s04:r2|arithmetic:s04:r3|arithmetic:s06:r0|arithmetic:s06:r1|arithmetic:s06:r2|arithmetic:s06:r3|arithmetic:s07:r0|arithmetic:s07:r1|arithmetic:s07:r2|arithmetic:s07:r3|arithmetic:s08:r0|arithmetic:s08:r1|arithmetic:s08:r2|arithmetic:s08:r3|arithmetic:s09:r0|arithmetic:s09:r1|arithmetic:s09:r2|arithmetic:s09:r3|arithmetic:s10:r0|arithmetic:s10:r1|arithmetic:s10:r2|arithmetic:s10:r3|arithmetic:s11:r0|arithmetic:s11:r1|arithmetic:s11:r2|arithmetic:s11:r3|arithmetic:s12:r0|arithmetic:s12:r1|arithmetic:s12:r2|arithmetic:s12:r3|arithmetic:s13:r0|arithmetic:s13:r1|arithmetic:s13:r2|arithmetic:s13:r3|arithmetic:s14:r0|arithmetic:s14:r1|arithmetic:s14:r2|arithmetic:s14:r3,arithmetic:s05:r0|arithmetic:s05:r1|arithmetic:s05:r2|arithmetic:s05:r3,arithmetic:s15:r0|arithmetic:s15:r1|arithmetic:s15:r2|arithmetic:s15:r3
loso,arithmetic,15,seed_invariant,6,True,True,14,56,13,52,1,4,1,4,9445,590,727,1|2|3|4|5|7|8|9|10|11|12|13|14,6,arithmetic:s01:r0|arithmetic:s01:r1|arithmetic:s01:r2|arithmetic:s01:r3|arithmetic:s02:r0|arithmetic:s02:r1|arithmetic:s02:r2|arithmetic:s02:r3|arithmetic:s03:r0|arithmetic:s03:r1|arithmetic:s03:r2|arithmetic:s03:r3|arithmetic:s04:r0|arithmetic:s04:r1|arithmetic:s04:r2|arithmetic:s04:r3|arithmetic:s05:r0|arithmetic:s05:r1|arithmetic:s05:r2|arithmetic:s05:r3|arithmetic:s07:r0|arithmetic:s07:r1|arithmetic:s07:r2|arithmetic:s07:r3|arithmetic:s08:r0|arithmetic:s08:r1|arithmetic:s08:r2|arithmetic:s08:r3|arithmetic:s09:r0|arithmetic:s09:r1|arithmetic:s09:r2|arithmetic:s09:r3|arithmetic:s10:r0|arithmetic:s10:r1|arithmetic:s10:r2|arithmetic:s10:r3|arithmetic:s11:r0|arithmetic:s11:r1|arithmetic:s11:r2|arithmetic:s11:r3|arithmetic:s12:r0|arithmetic:s12:r1|arithmetic:s12:r2|arithmetic:s12:r3|arithmetic:s13:r0|arithmetic:s13:r1|arithmetic:s13:r2|arithmetic:s13:r3|arithmetic:s14:r0|arithmetic:s14:r1|arithmetic:s14:r2|arithmetic:s14:r3,arithmetic:s06:r0|arithmetic:s06:r1|arithmetic:s06:r2|arithmetic:s06:r3,arithmetic:s15:r0|arithmetic:s15:r1|arithmetic:s15:r2|arithmetic:s15:r3
loso,arithmetic,15,seed_invariant,7,True,True,14,56,13,52,1,4,1,4,9682,353,727,1|2|3|4|5|6|8|9|10|11|12|13|14,7,arithmetic:s01:r0|arithmetic:s01:r1|arithmetic:s01:r2|arithmetic:s01:r3|arithmetic:s02:r0|arithmetic:s02:r1|arithmetic:s02:r2|arithmetic:s02:r3|arithmetic:s03:r0|arithmetic:s03:r1|arithmetic:s03:r2|arithmetic:s03:r3|arithmetic:s04:r0|arithmetic:s04:r1|arithmetic:s04:r2|arithmetic:s04:r3|arithmetic:s05:r0|arithmetic:s05:r1|arithmetic:s05:r2|arithmetic:s05:r3|arithmetic:s06:r0|arithmetic:s06:r1|arithmetic:s06:r2|arithmetic:s06:r3|arithmetic:s08:r0|arithmetic:s08:r1|arithmetic:s08:r2|arithmetic:s08:r3|arithmetic:s09:r0|arithmetic:s09:r1|arithmetic:s09:r2|arithmetic:s09:r3|arithmetic:s10:r0|arithmetic:s10:r1|arithmetic:s10:r2|arithmetic:s10:r3|arithmetic:s11:r0|arithmetic:s11:r1|arithmetic:s11:r2|arithmetic:s11:r3|arithmetic:s12:r0|arithmetic:s12:r1|arithmetic:s12:r2|arithmetic:s12:r3|arithmetic:s13:r0|arithmetic:s13:r1|arithmetic:s13:r2|arithmetic:s13:r3|arithmetic:s14:r0|arithmetic:s14:r1|arithmetic:s14:r2|arithmetic:s14:r3,arithmetic:s07:r0|arithmetic:s07:r1|arithmetic:s07:r2|arithmetic:s07:r3,arithmetic:s15:r0|arithmetic:s15:r1|arithmetic:s15:r2|arithmetic:s15:r3
loso,arithmetic,15,seed_invariant,8,True,True,14,56,13,52,1,4,1,4,8997,1038,727,1|2|3|4|5|6|7|9|10|11|12|13|14,8,arithmetic:s01:r0|arithmetic:s01:r1|arithmetic:s01:r2|arithmetic:s01:r3|arithmetic:s02:r0|arithmetic:s02:r1|arithmetic:s02:r2|arithmetic:s02:r3|arithmetic:s03:r0|arithmetic:s03:r1|arithmetic:s03:r2|arithmetic:s03:r3|arithmetic:s04:r0|arithmetic:s04:r1|arithmetic:s04:r2|arithmetic:s04:r3|arithmetic:s05:r0|arithmetic:s05:r1|arithmetic:s05:r2|arithmetic:s05:r3|arithmetic:s06:r0|arithmetic:s06:r1|arithmetic:s06:r2|arithmetic:s06:r3|arithmetic:s07:r0|arithmetic:s07:r1|arithmetic:s07:r2|arithmetic:s07:r3|arithmetic:s09:r0|arithmetic:s09:r1|arithmetic:s09:r2|arithmetic:s09:r3|arithmetic:s10:r0|arithmetic:s10:r1|arithmetic:s10:r2|arithmetic:s10:r3|arithmetic:s11:r0|arithmetic:s11:r1|arithmetic:s11:r2|arithmetic:s11:r3|arithmetic:s12:r0|arithmetic:s12:r1|arithmetic:s12:r2|arithmetic:s12:r3|arithmetic:s13:r0|arithmetic:s13:r1|arithmetic:s13:r2|arithmetic:s13:r3|arithmetic:s14:r0|arithmetic:s14:r1|arithmetic:s14:r2|arithmetic:s14:r3,arithmetic:s08:r0|arithmetic:s08:r1|arithmetic:s08:r2|arithmetic:s08:r3,arithmetic:s15:r0|arithmetic:s15:r1|arithmetic:s15:r2|arithmetic:s15:r3
loso,arithmetic,15,seed_invariant,9,True,True,14,56,13,52,1,4,1,4,8956,1079,727,1|2|3|4|5|6|7|8|10|11|12|13|14,9,arithmetic:s01:r0|arithmetic:s01:r1|arithmetic:s01:r2|arithmetic:s01:r3|arithmetic:s02:r0|arithmetic:s02:r1|arithmetic:s02:r2|arithmetic:s02:r3|arithmetic:s03:r0|arithmetic:s03:r1|arithmetic:s03:r2|arithmetic:s03:r3|arithmetic:s04:r0|arithmetic:s04:r1|arithmetic:s04:r2|arithmetic:s04:r3|arithmetic:s05:r0|arithmetic:s05:r1|arithmetic:s05:r2|arithmetic:s05:r3|arithmetic:s06:r0|arithmetic:s06:r1|arithmetic:s06:r2|arithmetic:s06:r3|arithmetic:s07:r0|arithmetic:s07:r1|arithmetic:s07:r2|arithmetic:s07:r3|arithmetic:s08:r0|arithmetic:s08:r1|arithmetic:s08:r2|arithmetic:s08:r3|arithmetic:s10:r0|arithmetic:s10:r1|arithmetic:s10:r2|arithmetic:s10:r3|arithmetic:s11:r0|arithmetic:s11:r1|arithmetic:s11:r2|arithmetic:s11:r3|arithmetic:s12:r0|arithmetic:s12:r1|arithmetic:s12:r2|arithmetic:s12:r3|arithmetic:s13:r0|arithmetic:s13:r1|arithmetic:s13:r2|arithmetic:s13:r3|arithmetic:s14:r0|arithmetic:s14:r1|arithmetic:s14:r2|arithmetic:s14:r3,arithmetic:s09:r0|arithmetic:s09:r1|arithmetic:s09:r2|arithmetic:s09:r3,arithmetic:s15:r0|arithmetic:s15:r1|arithmetic:s15:r2|arithmetic:s15:r3
loso,arithmetic,15,seed_invariant,10,True,True,14,56,13,52,1,4,1,4,9497,538,727,1|2|3|4|5|6|7|8|9|11|12|13|14,10,arithmetic:s01:r0|arithmetic:s01:r1|arithmetic:s01:r2|arithmetic:s01:r3|arithmetic:s02:r0|arithmetic:s02:r1|arithmetic:s02:r2|arithmetic:s02:r3|arithmetic:s03:r0|arithmetic:s03:r1|arithmetic:s03:r2|arithmetic:s03:r3|arithmetic:s04:r0|arithmetic:s04:r1|arithmetic:s04:r2|arithmetic:s04:r3|arithmetic:s05:r0|arithmetic:s05:r1|arithmetic:s05:r2|arithmetic:s05:r3|arithmetic:s06:r0|arithmetic:s06:r1|arithmetic:s06:r2|arithmetic:s06:r3|arithmetic:s07:r0|arithmetic:s07:r1|arithmetic:s07:r2|arithmetic:s07:r3|arithmetic:s08:r0|arithmetic:s08:r1|arithmetic:s08:r2|arithmetic:s08:r3|arithmetic:s09:r0|arithmetic:s09:r1|arithmetic:s09:r2|arithmetic:s09:r3|arithmetic:s11:r0|arithmetic:s11:r1|arithmetic:s11:r2|arithmetic:s11:r3|arithmetic:s12:r0|arithmetic:s12:r1|arithmetic:s12:r2|arithmetic:s12:r3|arithmetic:s13:r0|arithmetic:s13:r1|arithmetic:s13:r2|arithmetic:s13:r3|arithmetic:s14:r0|arithmetic:s14:r1|arithmetic:s14:r2|arithmetic:s14:r3,arithmetic:s10:r0|arithmetic:s10:r1|arithmetic:s10:r2|arithmetic:s10:r3,arithmetic:s15:r0|arithmetic:s15:r1|arithmetic:s15:r2|arithmetic:s15:r3
loso,arithmetic,15,seed_invariant,11,True,True,14,56,13,52,1,4,1,4,9263,772,727,1|2|3|4|5|6|7|8|9|10|12|13|14,11,arithmetic:s01:r0|arithmetic:s01:r1|arithmetic:s01:r2|arithmetic:s01:r3|arithmetic:s02:r0|arithmetic:s02:r1|arithmetic:s02:r2|arithmetic:s02:r3|arithmetic:s03:r0|arithmetic:s03:r1|arithmetic:s03:r2|arithmetic:s03:r3|arithmetic:s04:r0|arithmetic:s04:r1|arithmetic:s04:r2|arithmetic:s04:r3|arithmetic:s05:r0|arithmetic:s05:r1|arithmetic:s05:r2|arithmetic:s05:r3|arithmetic:s06:r0|arithmetic:s06:r1|arithmetic:s06:r2|arithmetic:s06:r3|arithmetic:s07:r0|arithmetic:s07:r1|arithmetic:s07:r2|arithmetic:s07:r3|arithmetic:s08:r0|arithmetic:s08:r1|arithmetic:s08:r2|arithmetic:s08:r3|arithmetic:s09:r0|arithmetic:s09:r1|arithmetic:s09:r2|arithmetic:s09:r3|arithmetic:s10:r0|arithmetic:s10:r1|arithmetic:s10:r2|arithmetic:s10:r3|arithmetic:s12:r0|arithmetic:s12:r1|arithmetic:s12:r2|arithmetic:s12:r3|arithmetic:s13:r0|arithmetic:s13:r1|arithmetic:s13:r2|arithmetic:s13:r3|arithmetic:s14:r0|arithmetic:s14:r1|arithmetic:s14:r2|arithmetic:s14:r3,arithmetic:s11:r0|arithmetic:s11:r1|arithmetic:s11:r2|arithmetic:s11:r3,arithmetic:s15:r0|arithmetic:s15:r1|arithmetic:s15:r2|arithmetic:s15:r3
loso,arithmetic,15,seed_invariant,12,True,True,14,56,13,52,1,4,1,4,9380,655,727,1|2|3|4|5|6|7|8|9|10|11|13|14,12,arithmetic:s01:r0|arithmetic:s01:r1|arithmetic:s01:r2|arithmetic:s01:r3|arithmetic:s02:r0|arithmetic:s02:r1|arithmetic:s02:r2|arithmetic:s02:r3|arithmetic:s03:r0|arithmetic:s03:r1|arithmetic:s03:r2|arithmetic:s03:r3|arithmetic:s04:r0|arithmetic:s04:r1|arithmetic:s04:r2|arithmetic:s04:r3|arithmetic:s05:r0|arithmetic:s05:r1|arithmetic:s05:r2|arithmetic:s05:r3|arithmetic:s06:r0|arithmetic:s06:r1|arithmetic:s06:r2|arithmetic:s06:r3|arithmetic:s07:r0|arithmetic:s07:r1|arithmetic:s07:r2|arithmetic:s07:r3|arithmetic:s08:r0|arithmetic:s08:r1|arithmetic:s08:r2|arithmetic:s08:r3|arithmetic:s09:r0|arithmetic:s09:r1|arithmetic:s09:r2|arithmetic:s09:r3|arithmetic:s10:r0|arithmetic:s10:r1|arithmetic:s10:r2|arithmetic:s10:r3|arithmetic:s11:r0|arithmetic:s11:r1|arithmetic:s11:r2|arithmetic:s11:r3|arithmetic:s13:r0|arithmetic:s13:r1|arithmetic:s13:r2|arithmetic:s13:r3|arithmetic:s14:r0|arithmetic:s14:r1|arithmetic:s14:r2|arithmetic:s14:r3,arithmetic:s12:r0|arithmetic:s12:r1|arithmetic:s12:r2|arithmetic:s12:r3,arithmetic:s15:r0|arithmetic:s15:r1|arithmetic:s15:r2|arithmetic:s15:r3
loso,arithmetic,15,seed_invariant,13,True,True,14,56,13,52,1,4,1,4,9365,670,727,1|2|3|4|5|6|7|8|9|10|11|12|14,13,arithmetic:s01:r0|arithmetic:s01:r1|arithmetic:s01:r2|arithmetic:s01:r3|arithmetic:s02:r0|arithmetic:s02:r1|arithmetic:s02:r2|arithmetic:s02:r3|arithmetic:s03:r0|arithmetic:s03:r1|arithmetic:s03:r2|arithmetic:s03:r3|arithmetic:s04:r0|arithmetic:s04:r1|arithmetic:s04:r2|arithmetic:s04:r3|arithmetic:s05:r0|arithmetic:s05:r1|arithmetic:s05:r2|arithmetic:s05:r3|arithmetic:s06:r0|arithmetic:s06:r1|arithmetic:s06:r2|arithmetic:s06:r3|arithmetic:s07:r0|arithmetic:s07:r1|arithmetic:s07:r2|arithmetic:s07:r3|arithmetic:s08:r0|arithmetic:s08:r1|arithmetic:s08:r2|arithmetic:s08:r3|arithmetic:s09:r0|arithmetic:s09:r1|arithmetic:s09:r2|arithmetic:s09:r3|arithmetic:s10:r0|arithmetic:s10:r1|arithmetic:s10:r2|arithmetic:s10:r3|arithmetic:s11:r0|arithmetic:s11:r1|arithmetic:s11:r2|arithmetic:s11:r3|arithmetic:s12:r0|arithmetic:s12:r1|arithmetic:s12:r2|arithmetic:s12:r3|arithmetic:s14:r0|arithmetic:s14:r1|arithmetic:s14:r2|arithmetic:s14:r3,arithmetic:s13:r0|arithmetic:s13:r1|arithmetic:s13:r2|arithmetic:s13:r3,arithmetic:s15:r0|arithmetic:s15:r1|arithmetic:s15:r2|arithmetic:s15:r3
loso,arithmetic,15,seed_invariant,14,True,True,14,56,13,52,1,4,1,4,9441,594,727,1|2|3|4|5|6|7|8|9|10|11|12|13,14,arithmetic:s01:r0|arithmetic:s01:r1|arithmetic:s01:r2|arithmetic:s01:r3|arithmetic:s02:r0|arithmetic:s02:r1|arithmetic:s02:r2|arithmetic:s02:r3|arithmetic:s03:r0|arithmetic:s03:r1|arithmetic:s03:r2|arithmetic:s03:r3|arithmetic:s04:r0|arithmetic:s04:r1|arithmetic:s04:r2|arithmetic:s04:r3|arithmetic:s05:r0|arithmetic:s05:r1|arithmetic:s05:r2|arithmetic:s05:r3|arithmetic:s06:r0|arithmetic:s06:r1|arithmetic:s06:r2|arithmetic:s06:r3|arithmetic:s07:r0|arithmetic:s07:r1|arithmetic:s07:r2|arithmetic:s07:r3|arithmetic:s08:r0|arithmetic:s08:r1|arithmetic:s08:r2|arithmetic:s08:r3|arithmetic:s09:r0|arithmetic:s09:r1|arithmetic:s09:r2|arithmetic:s09:r3|arithmetic:s10:r0|arithmetic:s10:r1|arithmetic:s10:r2|arithmetic:s10:r3|arithmetic:s11:r0|arithmetic:s11:r1|arithmetic:s11:r2|arithmetic:s11:r3|arithmetic:s12:r0|arithmetic:s12:r1|arithmetic:s12:r2|arithmetic:s12:r3|arithmetic:s13:r0|arithmetic:s13:r1|arithmetic:s13:r2|arithmetic:s13:r3,arithmetic:s14:r0|arithmetic:s14:r1|arithmetic:s14:r2|arithmetic:s14:r3,arithmetic:s15:r0|arithmetic:s15:r1|arithmetic:s15:r2|arithmetic:s15:r3
loso,stroop,1,seed_invariant,1,True,True,12,48,11,44,1,4,1,4,6851,859,653,3|4|5|6|7|8|9|10|11|12|13,2,stroop:s03:r0|stroop:s03:r1|stroop:s03:r2|stroop:s03:r3|stroop:s04:r0|stroop:s04:r1|stroop:s04:r2|stroop:s04:r3|stroop:s05:r0|stroop:s05:r1|stroop:s05:r2|stroop:s05:r3|stroop:s06:r0|stroop:s06:r1|stroop:s06:r2|stroop:s06:r3|stroop:s07:r0|stroop:s07:r1|stroop:s07:r2|stroop:s07:r3|stroop:s08:r0|stroop:s08:r1|stroop:s08:r2|stroop:s08:r3|stroop:s09:r0|stroop:s09:r1|stroop:s09:r2|stroop:s09:r3|stroop:s10:r0|stroop:s10:r1|stroop:s10:r2|stroop:s10:r3|stroop:s11:r0|stroop:s11:r1|stroop:s11:r2|stroop:s11:r3|stroop:s12:r0|stroop:s12:r1|stroop:s12:r2|stroop:s12:r3|stroop:s13:r0|stroop:s13:r1|stroop:s13:r2|stroop:s13:r3,stroop:s02:r0|stroop:s02:r1|stroop:s02:r2|stroop:s02:r3,stroop:s01:r0|stroop:s01:r1|stroop:s01:r2|stroop:s01:r3
loso,stroop,1,seed_invariant,2,True,True,12,48,11,44,1,4,1,4,7140,570,653,2|4|5|6|7|8|9|10|11|12|13,3,stroop:s02:r0|stroop:s02:r1|stroop:s02:r2|stroop:s02:r3|stroop:s04:r0|stroop:s04:r1|stroop:s04:r2|stroop:s04:r3|stroop:s05:r0|stroop:s05:r1|stroop:s05:r2|stroop:s05:r3|stroop:s06:r0|stroop:s06:r1|stroop:s06:r2|stroop:s06:r3|stroop:s07:r0|stroop:s07:r1|stroop:s07:r2|stroop:s07:r3|stroop:s08:r0|stroop:s08:r1|stroop:s08:r2|stroop:s08:r3|stroop:s09:r0|stroop:s09:r1|stroop:s09:r2|stroop:s09:r3|stroop:s10:r0|stroop:s10:r1|stroop:s10:r2|stroop:s10:r3|stroop:s11:r0|stroop:s11:r1|stroop:s11:r2|stroop:s11:r3|stroop:s12:r0|stroop:s12:r1|stroop:s12:r2|stroop:s12:r3|stroop:s13:r0|stroop:s13:r1|stroop:s13:r2|stroop:s13:r3,stroop:s03:r0|stroop:s03:r1|stroop:s03:r2|stroop:s03:r3,stroop:s01:r0|stroop:s01:r1|stroop:s01:r2|stroop:s01:r3
loso,stroop,1,seed_invariant,3,True,True,12,48,11,44,1,4,1,4,7251,459,653,2|3|5|6|7|8|9|10|11|12|13,4,stroop:s02:r0|stroop:s02:r1|stroop:s02:r2|stroop:s02:r3|stroop:s03:r0|stroop:s03:r1|stroop:s03:r2|stroop:s03:r3|stroop:s05:r0|stroop:s05:r1|stroop:s05:r2|stroop:s05:r3|stroop:s06:r0|stroop:s06:r1|stroop:s06:r2|stroop:s06:r3|stroop:s07:r0|stroop:s07:r1|stroop:s07:r2|stroop:s07:r3|stroop:s08:r0|stroop:s08:r1|stroop:s08:r2|stroop:s08:r3|stroop:s09:r0|stroop:s09:r1|stroop:s09:r2|stroop:s09:r3|stroop:s10:r0|stroop:s10:r1|stroop:s10:r2|stroop:s10:r3|stroop:s11:r0|stroop:s11:r1|stroop:s11:r2|stroop:s11:r3|stroop:s12:r0|stroop:s12:r1|stroop:s12:r2|stroop:s12:r3|stroop:s13:r0|stroop:s13:r1|stroop:s13:r2|stroop:s13:r3,stroop:s04:r0|stroop:s04:r1|stroop:s04:r2|stroop:s04:r3,stroop:s01:r0|stroop:s01:r1|stroop:s01:r2|stroop:s01:r3
loso,stroop,1,seed_invariant,4,True,True,12,48,11,44,1,4,1,4,7050,660,653,2|3|4|6|7|8|9|10|11|12|13,5,stroop:s02:r0|stroop:s02:r1|stroop:s02:r2|stroop:s02:r3|stroop:s03:r0|stroop:s03:r1|stroop:s03:r2|stroop:s03:r3|stroop:s04:r0|stroop:s04:r1|stroop:s04:r2|stroop:s04:r3|stroop:s06:r0|stroop:s06:r1|stroop:s06:r2|stroop:s06:r3|stroop:s07:r0|stroop:s07:r1|stroop:s07:r2|stroop:s07:r3|stroop:s08:r0|stroop:s08:r1|stroop:s08:r2|stroop:s08:r3|stroop:s09:r0|stroop:s09:r1|stroop:s09:r2|stroop:s09:r3|stroop:s10:r0|stroop:s10:r1|stroop:s10:r2|stroop:s10:r3|stroop:s11:r0|stroop:s11:r1|stroop:s11:r2|stroop:s11:r3|stroop:s12:r0|stroop:s12:r1|stroop:s12:r2|stroop:s12:r3|stroop:s13:r0|stroop:s13:r1|stroop:s13:r2|stroop:s13:r3,stroop:s05:r0|stroop:s05:r1|stroop:s05:r2|stroop:s05:r3,stroop:s01:r0|stroop:s01:r1|stroop:s01:r2|stroop:s01:r3
loso,stroop,1,seed_invariant,5,True,True,12,48,11,44,1,4,1,4,7169,541,653,2|3|4|5|7|8|9|10|11|12|13,6,stroop:s02:r0|stroop:s02:r1|stroop:s02:r2|stroop:s02:r3|stroop:s03:r0|stroop:s03:r1|stroop:s03:r2|stroop:s03:r3|stroop:s04:r0|stroop:s04:r1|stroop:s04:r2|stroop:s04:r3|stroop:s05:r0|stroop:s05:r1|stroop:s05:r2|stroop:s05:r3|stroop:s07:r0|stroop:s07:r1|stroop:s07:r2|stroop:s07:r3|stroop:s08:r0|stroop:s08:r1|stroop:s08:r2|stroop:s08:r3|stroop:s09:r0|stroop:s09:r1|stroop:s09:r2|stroop:s09:r3|stroop:s10:r0|stroop:s10:r1|stroop:s10:r2|stroop:s10:r3|stroop:s11:r0|stroop:s11:r1|stroop:s11:r2|stroop:s11:r3|stroop:s12:r0|stroop:s12:r1|stroop:s12:r2|stroop:s12:r3|stroop:s13:r0|stroop:s13:r1|stroop:s13:r2|stroop:s13:r3,stroop:s06:r0|stroop:s06:r1|stroop:s06:r2|stroop:s06:r3,stroop:s01:r0|stroop:s01:r1|stroop:s01:r2|stroop:s01:r3
loso,stroop,1,seed_invariant,6,True,True,12,48,11,44,1,4,1,4,7169,541,653,2|3|4|5|6|8|9|10|11|12|13,7,stroop:s02:r0|stroop:s02:r1|stroop:s02:r2|stroop:s02:r3|stroop:s03:r0|stroop:s03:r1|stroop:s03:r2|stroop:s03:r3|stroop:s04:r0|stroop:s04:r1|stroop:s04:r2|stroop:s04:r3|stroop:s05:r0|stroop:s05:r1|stroop:s05:r2|stroop:s05:r3|stroop:s06:r0|stroop:s06:r1|stroop:s06:r2|stroop:s06:r3|stroop:s08:r0|stroop:s08:r1|stroop:s08:r2|stroop:s08:r3|stroop:s09:r0|stroop:s09:r1|stroop:s09:r2|stroop:s09:r3|stroop:s10:r0|stroop:s10:r1|stroop:s10:r2|stroop:s10:r3|stroop:s11:r0|stroop:s11:r1|stroop:s11:r2|stroop:s11:r3|stroop:s12:r0|stroop:s12:r1|stroop:s12:r2|stroop:s12:r3|stroop:s13:r0|stroop:s13:r1|stroop:s13:r2|stroop:s13:r3,stroop:s07:r0|stroop:s07:r1|stroop:s07:r2|stroop:s07:r3,stroop:s01:r0|stroop:s01:r1|stroop:s01:r2|stroop:s01:r3
loso,stroop,1,seed_invariant,7,True,True,12,48,11,44,1,4,1,4,6964,746,653,2|3|4|5|6|7|9|10|11|12|13,8,stroop:s02:r0|stroop:s02:r1|stroop:s02:r2|stroop:s02:r3|stroop:s03:r0|stroop:s03:r1|stroop:s03:r2|stroop:s03:r3|stroop:s04:r0|stroop:s04:r1|stroop:s04:r2|stroop:s04:r3|stroop:s05:r0|stroop:s05:r1|stroop:s05:r2|stroop:s05:r3|stroop:s06:r0|stroop:s06:r1|stroop:s06:r2|stroop:s06:r3|stroop:s07:r0|stroop:s07:r1|stroop:s07:r2|stroop:s07:r3|stroop:s09:r0|stroop:s09:r1|stroop:s09:r2|stroop:s09:r3|stroop:s10:r0|stroop:s10:r1|stroop:s10:r2|stroop:s10:r3|stroop:s11:r0|stroop:s11:r1|stroop:s11:r2|stroop:s11:r3|stroop:s12:r0|stroop:s12:r1|stroop:s12:r2|stroop:s12:r3|stroop:s13:r0|stroop:s13:r1|stroop:s13:r2|stroop:s13:r3,stroop:s08:r0|stroop:s08:r1|stroop:s08:r2|stroop:s08:r3,stroop:s01:r0|stroop:s01:r1|stroop:s01:r2|stroop:s01:r3
loso,stroop,1,seed_invariant,8,True,True,12,48,11,44,1,4,1,4,6837,873,653,2|3|4|5|6|7|8|10|11|12|13,9,stroop:s02:r0|stroop:s02:r1|stroop:s02:r2|stroop:s02:r3|stroop:s03:r0|stroop:s03:r1|stroop:s03:r2|stroop:s03:r3|stroop:s04:r0|stroop:s04:r1|stroop:s04:r2|stroop:s04:r3|stroop:s05:r0|stroop:s05:r1|stroop:s05:r2|stroop:s05:r3|stroop:s06:r0|stroop:s06:r1|stroop:s06:r2|stroop:s06:r3|stroop:s07:r0|stroop:s07:r1|stroop:s07:r2|stroop:s07:r3|stroop:s08:r0|stroop:s08:r1|stroop:s08:r2|stroop:s08:r3|stroop:s10:r0|stroop:s10:r1|stroop:s10:r2|stroop:s10:r3|stroop:s11:r0|stroop:s11:r1|stroop:s11:r2|stroop:s11:r3|stroop:s12:r0|stroop:s12:r1|stroop:s12:r2|stroop:s12:r3|stroop:s13:r0|stroop:s13:r1|stroop:s13:r2|stroop:s13:r3,stroop:s09:r0|stroop:s09:r1|stroop:s09:r2|stroop:s09:r3,stroop:s01:r0|stroop:s01:r1|stroop:s01:r2|stroop:s01:r3
loso,stroop,1,seed_invariant,9,True,True,12,48,11,44,1,4,1,4,7117,593,653,2|3|4|5|6|7|8|9|11|12|13,10,stroop:s02:r0|stroop:s02:r1|stroop:s02:r2|stroop:s02:r3|stroop:s03:r0|stroop:s03:r1|stroop:s03:r2|stroop:s03:r3|stroop:s04:r0|stroop:s04:r1|stroop:s04:r2|stroop:s04:r3|stroop:s05:r0|stroop:s05:r1|stroop:s05:r2|stroop:s05:r3|stroop:s06:r0|stroop:s06:r1|stroop:s06:r2|stroop:s06:r3|stroop:s07:r0|stroop:s07:r1|stroop:s07:r2|stroop:s07:r3|stroop:s08:r0|stroop:s08:r1|stroop:s08:r2|stroop:s08:r3|stroop:s09:r0|stroop:s09:r1|stroop:s09:r2|stroop:s09:r3|stroop:s11:r0|stroop:s11:r1|stroop:s11:r2|stroop:s11:r3|stroop:s12:r0|stroop:s12:r1|stroop:s12:r2|stroop:s12:r3|stroop:s13:r0|stroop:s13:r1|stroop:s13:r2|stroop:s13:r3,stroop:s10:r0|stroop:s10:r1|stroop:s10:r2|stroop:s10:r3,stroop:s01:r0|stroop:s01:r1|stroop:s01:r2|stroop:s01:r3
loso,stroop,1,seed_invariant,10,True,True,12,48,11,44,1,4,1,4,7038,672,653,2|3|4|5|6|7|8|9|10|12|13,11,stroop:s02:r0|stroop:s02:r1|stroop:s02:r2|stroop:s02:r3|stroop:s03:r0|stroop:s03:r1|stroop:s03:r2|stroop:s03:r3|stroop:s04:r0|stroop:s04:r1|stroop:s04:r2|stroop:s04:r3|stroop:s05:r0|stroop:s05:r1|stroop:s05:r2|stroop:s05:r3|stroop:s06:r0|stroop:s06:r1|stroop:s06:r2|stroop:s06:r3|stroop:s07:r0|stroop:s07:r1|stroop:s07:r2|stroop:s07:r3|stroop:s08:r0|stroop:s08:r1|stroop:s08:r2|stroop:s08:r3|stroop:s09:r0|stroop:s09:r1|stroop:s09:r2|stroop:s09:r3|stroop:s10:r0|stroop:s10:r1|stroop:s10:r2|stroop:s10:r3|stroop:s12:r0|stroop:s12:r1|stroop:s12:r2|stroop:s12:r3|stroop:s13:r0|stroop:s13:r1|stroop:s13:r2|stroop:s13:r3,stroop:s11:r0|stroop:s11:r1|stroop:s11:r2|stroop:s11:r3,stroop:s01:r0|stroop:s01:r1|stroop:s01:r2|stroop:s01:r3
loso,stroop,1,seed_invariant,11,True,True,12,48,11,44,1,4,1,4,7087,623,653,2|3|4|5|6|7|8|9|10|11|13,12,stroop:s02:r0|stroop:s02:r1|stroop:s02:r2|stroop:s02:r3|stroop:s03:r0|stroop:s03:r1|stroop:s03:r2|stroop:s03:r3|stroop:s04:r0|stroop:s04:r1|stroop:s04:r2|stroop:s04:r3|stroop:s05:r0|stroop:s05:r1|stroop:s05:r2|stroop:s05:r3|stroop:s06:r0|stroop:s06:r1|stroop:s06:r2|stroop:s06:r3|stroop:s07:r0|stroop:s07:r1|stroop:s07:r2|stroop:s07:r3|stroop:s08:r0|stroop:s08:r1|stroop:s08:r2|stroop:s08:r3|stroop:s09:r0|stroop:s09:r1|stroop:s09:r2|stroop:s09:r3|stroop:s10:r0|stroop:s10:r1|stroop:s10:r2|stroop:s10:r3|stroop:s11:r0|stroop:s11:r1|stroop:s11:r2|stroop:s11:r3|stroop:s13:r0|stroop:s13:r1|stroop:s13:r2|stroop:s13:r3,stroop:s12:r0|stroop:s12:r1|stroop:s12:r2|stroop:s12:r3,stroop:s01:r0|stroop:s01:r1|stroop:s01:r2|stroop:s01:r3
loso,stroop,1,seed_invariant,12,True,True,12,48,11,44,1,4,1,4,7137,573,653,2|3|4|5|6|7|8|9|10|11|12,13,stroop:s02:r0|stroop:s02:r1|stroop:s02:r2|stroop:s02:r3|stroop:s03:r0|stroop:s03:r1|stroop:s03:r2|stroop:s03:r3|stroop:s04:r0|stroop:s04:r1|stroop:s04:r2|stroop:s04:r3|stroop:s05:r0|stroop:s05:r1|stroop:s05:r2|stroop:s05:r3|stroop:s06:r0|stroop:s06:r1|stroop:s06:r2|stroop:s06:r3|stroop:s07:r0|stroop:s07:r1|stroop:s07:r2|stroop:s07:r3|stroop:s08:r0|stroop:s08:r1|stroop:s08:r2|stroop:s08:r3|stroop:s09:r0|stroop:s09:r1|stroop:s09:r2|stroop:s09:r3|stroop:s10:r0|stroop:s10:r1|stroop:s10:r2|stroop:s10:r3|stroop:s11:r0|stroop:s11:r1|stroop:s11:r2|stroop:s11:r3|stroop:s12:r0|stroop:s12:r1|stroop:s12:r2|stroop:s12:r3,stroop:s13:r0|stroop:s13:r1|stroop:s13:r2|stroop:s13:r3,stroop:s01:r0|stroop:s01:r1|stroop:s01:r2|stroop:s01:r3
loso,stroop,2,seed_invariant,1,True,True,12,48,11,44,1,4,1,4,6851,653,859,3|4|5|6|7|8|9|10|11|12|13,1,stroop:s03:r0|stroop:s03:r1|stroop:s03:r2|stroop:s03:r3|stroop:s04:r0|stroop:s04:r1|stroop:s04:r2|stroop:s04:r3|stroop:s05:r0|stroop:s05:r1|stroop:s05:r2|stroop:s05:r3|stroop:s06:r0|stroop:s06:r1|stroop:s06:r2|stroop:s06:r3|stroop:s07:r0|stroop:s07:r1|stroop:s07:r2|stroop:s07:r3|stroop:s08:r0|stroop:s08:r1|stroop:s08:r2|stroop:s08:r3|stroop:s09:r0|stroop:s09:r1|stroop:s09:r2|stroop:s09:r3|stroop:s10:r0|stroop:s10:r1|stroop:s10:r2|stroop:s10:r3|stroop:s11:r0|stroop:s11:r1|stroop:s11:r2|stroop:s11:r3|stroop:s12:r0|stroop:s12:r1|stroop:s12:r2|stroop:s12:r3|stroop:s13:r0|stroop:s13:r1|stroop:s13:r2|stroop:s13:r3,stroop:s01:r0|stroop:s01:r1|stroop:s01:r2|stroop:s01:r3,stroop:s02:r0|stroop:s02:r1|stroop:s02:r2|stroop:s02:r3
loso,stroop,2,seed_invariant,2,True,True,12,48,11,44,1,4,1,4,6934,570,859,1|4|5|6|7|8|9|10|11|12|13,3,stroop:s01:r0|stroop:s01:r1|stroop:s01:r2|stroop:s01:r3|stroop:s04:r0|stroop:s04:r1|stroop:s04:r2|stroop:s04:r3|stroop:s05:r0|stroop:s05:r1|stroop:s05:r2|stroop:s05:r3|stroop:s06:r0|stroop:s06:r1|stroop:s06:r2|stroop:s06:r3|stroop:s07:r0|stroop:s07:r1|stroop:s07:r2|stroop:s07:r3|stroop:s08:r0|stroop:s08:r1|stroop:s08:r2|stroop:s08:r3|stroop:s09:r0|stroop:s09:r1|stroop:s09:r2|stroop:s09:r3|stroop:s10:r0|stroop:s10:r1|stroop:s10:r2|stroop:s10:r3|stroop:s11:r0|stroop:s11:r1|stroop:s11:r2|stroop:s11:r3|stroop:s12:r0|stroop:s12:r1|stroop:s12:r2|stroop:s12:r3|stroop:s13:r0|stroop:s13:r1|stroop:s13:r2|stroop:s13:r3,stroop:s03:r0|stroop:s03:r1|stroop:s03:r2|stroop:s03:r3,stroop:s02:r0|stroop:s02:r1|stroop:s02:r2|stroop:s02:r3
loso,stroop,2,seed_invariant,3,True,True,12,48,11,44,1,4,1,4,7045,459,859,1|3|5|6|7|8|9|10|11|12|13,4,stroop:s01:r0|stroop:s01:r1|stroop:s01:r2|stroop:s01:r3|stroop:s03:r0|stroop:s03:r1|stroop:s03:r2|stroop:s03:r3|stroop:s05:r0|stroop:s05:r1|stroop:s05:r2|stroop:s05:r3|stroop:s06:r0|stroop:s06:r1|stroop:s06:r2|stroop:s06:r3|stroop:s07:r0|stroop:s07:r1|stroop:s07:r2|stroop:s07:r3|stroop:s08:r0|stroop:s08:r1|stroop:s08:r2|stroop:s08:r3|stroop:s09:r0|stroop:s09:r1|stroop:s09:r2|stroop:s09:r3|stroop:s10:r0|stroop:s10:r1|stroop:s10:r2|stroop:s10:r3|stroop:s11:r0|stroop:s11:r1|stroop:s11:r2|stroop:s11:r3|stroop:s12:r0|stroop:s12:r1|stroop:s12:r2|stroop:s12:r3|stroop:s13:r0|stroop:s13:r1|stroop:s13:r2|stroop:s13:r3,stroop:s04:r0|stroop:s04:r1|stroop:s04:r2|stroop:s04:r3,stroop:s02:r0|stroop:s02:r1|stroop:s02:r2|stroop:s02:r3
loso,stroop,2,seed_invariant,4,True,True,12,48,11,44,1,4,1,4,6844,660,859,1|3|4|6|7|8|9|10|11|12|13,5,stroop:s01:r0|stroop:s01:r1|stroop:s01:r2|stroop:s01:r3|stroop:s03:r0|stroop:s03:r1|stroop:s03:r2|stroop:s03:r3|stroop:s04:r0|stroop:s04:r1|stroop:s04:r2|stroop:s04:r3|stroop:s06:r0|stroop:s06:r1|stroop:s06:r2|stroop:s06:r3|stroop:s07:r0|stroop:s07:r1|stroop:s07:r2|stroop:s07:r3|stroop:s08:r0|stroop:s08:r1|stroop:s08:r2|stroop:s08:r3|stroop:s09:r0|stroop:s09:r1|stroop:s09:r2|stroop:s09:r3|stroop:s10:r0|stroop:s10:r1|stroop:s10:r2|stroop:s10:r3|stroop:s11:r0|stroop:s11:r1|stroop:s11:r2|stroop:s11:r3|stroop:s12:r0|stroop:s12:r1|stroop:s12:r2|stroop:s12:r3|stroop:s13:r0|stroop:s13:r1|stroop:s13:r2|stroop:s13:r3,stroop:s05:r0|stroop:s05:r1|stroop:s05:r2|stroop:s05:r3,stroop:s02:r0|stroop:s02:r1|stroop:s02:r2|stroop:s02:r3
loso,stroop,2,seed_invariant,5,True,True,12,48,11,44,1,4,1,4,6963,541,859,1|3|4|5|7|8|9|10|11|12|13,6,stroop:s01:r0|stroop:s01:r1|stroop:s01:r2|stroop:s01:r3|stroop:s03:r0|stroop:s03:r1|stroop:s03:r2|stroop:s03:r3|stroop:s04:r0|stroop:s04:r1|stroop:s04:r2|stroop:s04:r3|stroop:s05:r0|stroop:s05:r1|stroop:s05:r2|stroop:s05:r3|stroop:s07:r0|stroop:s07:r1|stroop:s07:r2|stroop:s07:r3|stroop:s08:r0|stroop:s08:r1|stroop:s08:r2|stroop:s08:r3|stroop:s09:r0|stroop:s09:r1|stroop:s09:r2|stroop:s09:r3|stroop:s10:r0|stroop:s10:r1|stroop:s10:r2|stroop:s10:r3|stroop:s11:r0|stroop:s11:r1|stroop:s11:r2|stroop:s11:r3|stroop:s12:r0|stroop:s12:r1|stroop:s12:r2|stroop:s12:r3|stroop:s13:r0|stroop:s13:r1|stroop:s13:r2|stroop:s13:r3,stroop:s06:r0|stroop:s06:r1|stroop:s06:r2|stroop:s06:r3,stroop:s02:r0|stroop:s02:r1|stroop:s02:r2|stroop:s02:r3
loso,stroop,2,seed_invariant,6,True,True,12,48,11,44,1,4,1,4,6963,541,859,1|3|4|5|6|8|9|10|11|12|13,7,stroop:s01:r0|stroop:s01:r1|stroop:s01:r2|stroop:s01:r3|stroop:s03:r0|stroop:s03:r1|stroop:s03:r2|stroop:s03:r3|stroop:s04:r0|stroop:s04:r1|stroop:s04:r2|stroop:s04:r3|stroop:s05:r0|stroop:s05:r1|stroop:s05:r2|stroop:s05:r3|stroop:s06:r0|stroop:s06:r1|stroop:s06:r2|stroop:s06:r3|stroop:s08:r0|stroop:s08:r1|stroop:s08:r2|stroop:s08:r3|stroop:s09:r0|stroop:s09:r1|stroop:s09:r2|stroop:s09:r3|stroop:s10:r0|stroop:s10:r1|stroop:s10:r2|stroop:s10:r3|stroop:s11:r0|stroop:s11:r1|stroop:s11:r2|stroop:s11:r3|stroop:s12:r0|stroop:s12:r1|stroop:s12:r2|stroop:s12:r3|stroop:s13:r0|stroop:s13:r1|stroop:s13:r2|stroop:s13:r3,stroop:s07:r0|stroop:s07:r1|stroop:s07:r2|stroop:s07:r3,stroop:s02:r0|stroop:s02:r1|stroop:s02:r2|stroop:s02:r3
loso,stroop,2,seed_invariant,7,True,True,12,48,11,44,1,4,1,4,6758,746,859,1|3|4|5|6|7|9|10|11|12|13,8,stroop:s01:r0|stroop:s01:r1|stroop:s01:r2|stroop:s01:r3|stroop:s03:r0|stroop:s03:r1|stroop:s03:r2|stroop:s03:r3|stroop:s04:r0|stroop:s04:r1|stroop:s04:r2|stroop:s04:r3|stroop:s05:r0|stroop:s05:r1|stroop:s05:r2|stroop:s05:r3|stroop:s06:r0|stroop:s06:r1|stroop:s06:r2|stroop:s06:r3|stroop:s07:r0|stroop:s07:r1|stroop:s07:r2|stroop:s07:r3|stroop:s09:r0|stroop:s09:r1|stroop:s09:r2|stroop:s09:r3|stroop:s10:r0|stroop:s10:r1|stroop:s10:r2|stroop:s10:r3|stroop:s11:r0|stroop:s11:r1|stroop:s11:r2|stroop:s11:r3|stroop:s12:r0|stroop:s12:r1|stroop:s12:r2|stroop:s12:r3|stroop:s13:r0|stroop:s13:r1|stroop:s13:r2|stroop:s13:r3,stroop:s08:r0|stroop:s08:r1|stroop:s08:r2|stroop:s08:r3,stroop:s02:r0|stroop:s02:r1|stroop:s02:r2|stroop:s02:r3
loso,stroop,2,seed_invariant,8,True,True,12,48,11,44,1,4,1,4,6631,873,859,1|3|4|5|6|7|8|10|11|12|13,9,stroop:s01:r0|stroop:s01:r1|stroop:s01:r2|stroop:s01:r3|stroop:s03:r0|stroop:s03:r1|stroop:s03:r2|stroop:s03:r3|stroop:s04:r0|stroop:s04:r1|stroop:s04:r2|stroop:s04:r3|stroop:s05:r0|stroop:s05:r1|stroop:s05:r2|stroop:s05:r3|stroop:s06:r0|stroop:s06:r1|stroop:s06:r2|stroop:s06:r3|stroop:s07:r0|stroop:s07:r1|stroop:s07:r2|stroop:s07:r3|stroop:s08:r0|stroop:s08:r1|stroop:s08:r2|stroop:s08:r3|stroop:s10:r0|stroop:s10:r1|stroop:s10:r2|stroop:s10:r3|stroop:s11:r0|stroop:s11:r1|stroop:s11:r2|stroop:s11:r3|stroop:s12:r0|stroop:s12:r1|stroop:s12:r2|stroop:s12:r3|stroop:s13:r0|stroop:s13:r1|stroop:s13:r2|stroop:s13:r3,stroop:s09:r0|stroop:s09:r1|stroop:s09:r2|stroop:s09:r3,stroop:s02:r0|stroop:s02:r1|stroop:s02:r2|stroop:s02:r3
loso,stroop,2,seed_invariant,9,True,True,12,48,11,44,1,4,1,4,6911,593,859,1|3|4|5|6|7|8|9|11|12|13,10,stroop:s01:r0|stroop:s01:r1|stroop:s01:r2|stroop:s01:r3|stroop:s03:r0|stroop:s03:r1|stroop:s03:r2|stroop:s03:r3|stroop:s04:r0|stroop:s04:r1|stroop:s04:r2|stroop:s04:r3|stroop:s05:r0|stroop:s05:r1|stroop:s05:r2|stroop:s05:r3|stroop:s06:r0|stroop:s06:r1|stroop:s06:r2|stroop:s06:r3|stroop:s07:r0|stroop:s07:r1|stroop:s07:r2|stroop:s07:r3|stroop:s08:r0|stroop:s08:r1|stroop:s08:r2|stroop:s08:r3|stroop:s09:r0|stroop:s09:r1|stroop:s09:r2|stroop:s09:r3|stroop:s11:r0|stroop:s11:r1|stroop:s11:r2|stroop:s11:r3|stroop:s12:r0|stroop:s12:r1|stroop:s12:r2|stroop:s12:r3|stroop:s13:r0|stroop:s13:r1|stroop:s13:r2|stroop:s13:r3,stroop:s10:r0|stroop:s10:r1|stroop:s10:r2|stroop:s10:r3,stroop:s02:r0|stroop:s02:r1|stroop:s02:r2|stroop:s02:r3
loso,stroop,2,seed_invariant,10,True,True,12,48,11,44,1,4,1,4,6832,672,859,1|3|4|5|6|7|8|9|10|12|13,11,stroop:s01:r0|stroop:s01:r1|stroop:s01:r2|stroop:s01:r3|stroop:s03:r0|stroop:s03:r1|stroop:s03:r2|stroop:s03:r3|stroop:s04:r0|stroop:s04:r1|stroop:s04:r2|stroop:s04:r3|stroop:s05:r0|stroop:s05:r1|stroop:s05:r2|stroop:s05:r3|stroop:s06:r0|stroop:s06:r1|stroop:s06:r2|stroop:s06:r3|stroop:s07:r0|stroop:s07:r1|stroop:s07:r2|stroop:s07:r3|stroop:s08:r0|stroop:s08:r1|stroop:s08:r2|stroop:s08:r3|stroop:s09:r0|stroop:s09:r1|stroop:s09:r2|stroop:s09:r3|stroop:s10:r0|stroop:s10:r1|stroop:s10:r2|stroop:s10:r3|stroop:s12:r0|stroop:s12:r1|stroop:s12:r2|stroop:s12:r3|stroop:s13:r0|stroop:s13:r1|stroop:s13:r2|stroop:s13:r3,stroop:s11:r0|stroop:s11:r1|stroop:s11:r2|stroop:s11:r3,stroop:s02:r0|stroop:s02:r1|stroop:s02:r2|stroop:s02:r3
loso,stroop,2,seed_invariant,11,True,True,12,48,11,44,1,4,1,4,6881,623,859,1|3|4|5|6|7|8|9|10|11|13,12,stroop:s01:r0|stroop:s01:r1|stroop:s01:r2|stroop:s01:r3|stroop:s03:r0|stroop:s03:r1|stroop:s03:r2|stroop:s03:r3|stroop:s04:r0|stroop:s04:r1|stroop:s04:r2|stroop:s04:r3|stroop:s05:r0|stroop:s05:r1|stroop:s05:r2|stroop:s05:r3|stroop:s06:r0|stroop:s06:r1|stroop:s06:r2|stroop:s06:r3|stroop:s07:r0|stroop:s07:r1|stroop:s07:r2|stroop:s07:r3|stroop:s08:r0|stroop:s08:r1|stroop:s08:r2|stroop:s08:r3|stroop:s09:r0|stroop:s09:r1|stroop:s09:r2|stroop:s09:r3|stroop:s10:r0|stroop:s10:r1|stroop:s10:r2|stroop:s10:r3|stroop:s11:r0|stroop:s11:r1|stroop:s11:r2|stroop:s11:r3|stroop:s13:r0|stroop:s13:r1|stroop:s13:r2|stroop:s13:r3,stroop:s12:r0|stroop:s12:r1|stroop:s12:r2|stroop:s12:r3,stroop:s02:r0|stroop:s02:r1|stroop:s02:r2|stroop:s02:r3
loso,stroop,2,seed_invariant,12,True,True,12,48,11,44,1,4,1,4,6931,573,859,1|3|4|5|6|7|8|9|10|11|12,13,stroop:s01:r0|stroop:s01:r1|stroop:s01:r2|stroop:s01:r3|stroop:s03:r0|stroop:s03:r1|stroop:s03:r2|stroop:s03:r3|stroop:s04:r0|stroop:s04:r1|stroop:s04:r2|stroop:s04:r3|stroop:s05:r0|stroop:s05:r1|stroop:s05:r2|stroop:s05:r3|stroop:s06:r0|stroop:s06:r1|stroop:s06:r2|stroop:s06:r3|stroop:s07:r0|stroop:s07:r1|stroop:s07:r2|stroop:s07:r3|stroop:s08:r0|stroop:s08:r1|stroop:s08:r2|stroop:s08:r3|stroop:s09:r0|stroop:s09:r1|stroop:s09:r2|stroop:s09:r3|stroop:s10:r0|stroop:s10:r1|stroop:s10:r2|stroop:s10:r3|stroop:s11:r0|stroop:s11:r1|stroop:s11:r2|stroop:s11:r3|stroop:s12:r0|stroop:s12:r1|stroop:s12:r2|stroop:s12:r3,stroop:s13:r0|stroop:s13:r1|stroop:s13:r2|stroop:s13:r3,stroop:s02:r0|stroop:s02:r1|stroop:s02:r2|stroop:s02:r3
loso,stroop,3,seed_invariant,1,True,True,12,48,11,44,1,4,1,4,7140,653,570,2|4|5|6|7|8|9|10|11|12|13,1,stroop:s02:r0|stroop:s02:r1|stroop:s02:r2|stroop:s02:r3|stroop:s04:r0|stroop:s04:r1|stroop:s04:r2|stroop:s04:r3|stroop:s05:r0|stroop:s05:r1|stroop:s05:r2|stroop:s05:r3|stroop:s06:r0|stroop:s06:r1|stroop:s06:r2|stroop:s06:r3|stroop:s07:r0|stroop:s07:r1|stroop:s07:r2|stroop:s07:r3|stroop:s08:r0|stroop:s08:r1|stroop:s08:r2|stroop:s08:r3|stroop:s09:r0|stroop:s09:r1|stroop:s09:r2|stroop:s09:r3|stroop:s10:r0|stroop:s10:r1|stroop:s10:r2|stroop:s10:r3|stroop:s11:r0|stroop:s11:r1|stroop:s11:r2|stroop:s11:r3|stroop:s12:r0|stroop:s12:r1|stroop:s12:r2|stroop:s12:r3|stroop:s13:r0|stroop:s13:r1|stroop:s13:r2|stroop:s13:r3,stroop:s01:r0|stroop:s01:r1|stroop:s01:r2|stroop:s01:r3,stroop:s03:r0|stroop:s03:r1|stroop:s03:r2|stroop:s03:r3
loso,stroop,3,seed_invariant,2,True,True,12,48,11,44,1,4,1,4,6934,859,570,1|4|5|6|7|8|9|10|11|12|13,2,stroop:s01:r0|stroop:s01:r1|stroop:s01:r2|stroop:s01:r3|stroop:s04:r0|stroop:s04:r1|stroop:s04:r2|stroop:s04:r3|stroop:s05:r0|stroop:s05:r1|stroop:s05:r2|stroop:s05:r3|stroop:s06:r0|stroop:s06:r1|stroop:s06:r2|stroop:s06:r3|stroop:s07:r0|stroop:s07:r1|stroop:s07:r2|stroop:s07:r3|stroop:s08:r0|stroop:s08:r1|stroop:s08:r2|stroop:s08:r3|stroop:s09:r0|stroop:s09:r1|stroop:s09:r2|stroop:s09:r3|stroop:s10:r0|stroop:s10:r1|stroop:s10:r2|stroop:s10:r3|stroop:s11:r0|stroop:s11:r1|stroop:s11:r2|stroop:s11:r3|stroop:s12:r0|stroop:s12:r1|stroop:s12:r2|stroop:s12:r3|stroop:s13:r0|stroop:s13:r1|stroop:s13:r2|stroop:s13:r3,stroop:s02:r0|stroop:s02:r1|stroop:s02:r2|stroop:s02:r3,stroop:s03:r0|stroop:s03:r1|stroop:s03:r2|stroop:s03:r3
loso,stroop,3,seed_invariant,3,True,True,12,48,11,44,1,4,1,4,7334,459,570,1|2|5|6|7|8|9|10|11|12|13,4,stroop:s01:r0|stroop:s01:r1|stroop:s01:r2|stroop:s01:r3|stroop:s02:r0|stroop:s02:r1|stroop:s02:r2|stroop:s02:r3|stroop:s05:r0|stroop:s05:r1|stroop:s05:r2|stroop:s05:r3|stroop:s06:r0|stroop:s06:r1|stroop:s06:r2|stroop:s06:r3|stroop:s07:r0|stroop:s07:r1|stroop:s07:r2|stroop:s07:r3|stroop:s08:r0|stroop:s08:r1|stroop:s08:r2|stroop:s08:r3|stroop:s09:r0|stroop:s09:r1|stroop:s09:r2|stroop:s09:r3|stroop:s10:r0|stroop:s10:r1|stroop:s10:r2|stroop:s10:r3|stroop:s11:r0|stroop:s11:r1|stroop:s11:r2|stroop:s11:r3|stroop:s12:r0|stroop:s12:r1|stroop:s12:r2|stroop:s12:r3|stroop:s13:r0|stroop:s13:r1|stroop:s13:r2|stroop:s13:r3,stroop:s04:r0|stroop:s04:r1|stroop:s04:r2|stroop:s04:r3,stroop:s03:r0|stroop:s03:r1|stroop:s03:r2|stroop:s03:r3
loso,stroop,3,seed_invariant,4,True,True,12,48,11,44,1,4,1,4,7133,660,570,1|2|4|6|7|8|9|10|11|12|13,5,stroop:s01:r0|stroop:s01:r1|stroop:s01:r2|stroop:s01:r3|stroop:s02:r0|stroop:s02:r1|stroop:s02:r2|stroop:s02:r3|stroop:s04:r0|stroop:s04:r1|stroop:s04:r2|stroop:s04:r3|stroop:s06:r0|stroop:s06:r1|stroop:s06:r2|stroop:s06:r3|stroop:s07:r0|stroop:s07:r1|stroop:s07:r2|stroop:s07:r3|stroop:s08:r0|stroop:s08:r1|stroop:s08:r2|stroop:s08:r3|stroop:s09:r0|stroop:s09:r1|stroop:s09:r2|stroop:s09:r3|stroop:s10:r0|stroop:s10:r1|stroop:s10:r2|stroop:s10:r3|stroop:s11:r0|stroop:s11:r1|stroop:s11:r2|stroop:s11:r3|stroop:s12:r0|stroop:s12:r1|stroop:s12:r2|stroop:s12:r3|stroop:s13:r0|stroop:s13:r1|stroop:s13:r2|stroop:s13:r3,stroop:s05:r0|stroop:s05:r1|stroop:s05:r2|stroop:s05:r3,stroop:s03:r0|stroop:s03:r1|stroop:s03:r2|stroop:s03:r3
loso,stroop,3,seed_invariant,5,True,True,12,48,11,44,1,4,1,4,7252,541,570,1|2|4|5|7|8|9|10|11|12|13,6,stroop:s01:r0|stroop:s01:r1|stroop:s01:r2|stroop:s01:r3|stroop:s02:r0|stroop:s02:r1|stroop:s02:r2|stroop:s02:r3|stroop:s04:r0|stroop:s04:r1|stroop:s04:r2|stroop:s04:r3|stroop:s05:r0|stroop:s05:r1|stroop:s05:r2|stroop:s05:r3|stroop:s07:r0|stroop:s07:r1|stroop:s07:r2|stroop:s07:r3|stroop:s08:r0|stroop:s08:r1|stroop:s08:r2|stroop:s08:r3|stroop:s09:r0|stroop:s09:r1|stroop:s09:r2|stroop:s09:r3|stroop:s10:r0|stroop:s10:r1|stroop:s10:r2|stroop:s10:r3|stroop:s11:r0|stroop:s11:r1|stroop:s11:r2|stroop:s11:r3|stroop:s12:r0|stroop:s12:r1|stroop:s12:r2|stroop:s12:r3|stroop:s13:r0|stroop:s13:r1|stroop:s13:r2|stroop:s13:r3,stroop:s06:r0|stroop:s06:r1|stroop:s06:r2|stroop:s06:r3,stroop:s03:r0|stroop:s03:r1|stroop:s03:r2|stroop:s03:r3
loso,stroop,3,seed_invariant,6,True,True,12,48,11,44,1,4,1,4,7252,541,570,1|2|4|5|6|8|9|10|11|12|13,7,stroop:s01:r0|stroop:s01:r1|stroop:s01:r2|stroop:s01:r3|stroop:s02:r0|stroop:s02:r1|stroop:s02:r2|stroop:s02:r3|stroop:s04:r0|stroop:s04:r1|stroop:s04:r2|stroop:s04:r3|stroop:s05:r0|stroop:s05:r1|stroop:s05:r2|stroop:s05:r3|stroop:s06:r0|stroop:s06:r1|stroop:s06:r2|stroop:s06:r3|stroop:s08:r0|stroop:s08:r1|stroop:s08:r2|stroop:s08:r3|stroop:s09:r0|stroop:s09:r1|stroop:s09:r2|stroop:s09:r3|stroop:s10:r0|stroop:s10:r1|stroop:s10:r2|stroop:s10:r3|stroop:s11:r0|stroop:s11:r1|stroop:s11:r2|stroop:s11:r3|stroop:s12:r0|stroop:s12:r1|stroop:s12:r2|stroop:s12:r3|stroop:s13:r0|stroop:s13:r1|stroop:s13:r2|stroop:s13:r3,stroop:s07:r0|stroop:s07:r1|stroop:s07:r2|stroop:s07:r3,stroop:s03:r0|stroop:s03:r1|stroop:s03:r2|stroop:s03:r3
loso,stroop,3,seed_invariant,7,True,True,12,48,11,44,1,4,1,4,7047,746,570,1|2|4|5|6|7|9|10|11|12|13,8,stroop:s01:r0|stroop:s01:r1|stroop:s01:r2|stroop:s01:r3|stroop:s02:r0|stroop:s02:r1|stroop:s02:r2|stroop:s02:r3|stroop:s04:r0|stroop:s04:r1|stroop:s04:r2|stroop:s04:r3|stroop:s05:r0|stroop:s05:r1|stroop:s05:r2|stroop:s05:r3|stroop:s06:r0|stroop:s06:r1|stroop:s06:r2|stroop:s06:r3|stroop:s07:r0|stroop:s07:r1|stroop:s07:r2|stroop:s07:r3|stroop:s09:r0|stroop:s09:r1|stroop:s09:r2|stroop:s09:r3|stroop:s10:r0|stroop:s10:r1|stroop:s10:r2|stroop:s10:r3|stroop:s11:r0|stroop:s11:r1|stroop:s11:r2|stroop:s11:r3|stroop:s12:r0|stroop:s12:r1|stroop:s12:r2|stroop:s12:r3|stroop:s13:r0|stroop:s13:r1|stroop:s13:r2|stroop:s13:r3,stroop:s08:r0|stroop:s08:r1|stroop:s08:r2|stroop:s08:r3,stroop:s03:r0|stroop:s03:r1|stroop:s03:r2|stroop:s03:r3
loso,stroop,3,seed_invariant,8,True,True,12,48,11,44,1,4,1,4,6920,873,570,1|2|4|5|6|7|8|10|11|12|13,9,stroop:s01:r0|stroop:s01:r1|stroop:s01:r2|stroop:s01:r3|stroop:s02:r0|stroop:s02:r1|stroop:s02:r2|stroop:s02:r3|stroop:s04:r0|stroop:s04:r1|stroop:s04:r2|stroop:s04:r3|stroop:s05:r0|stroop:s05:r1|stroop:s05:r2|stroop:s05:r3|stroop:s06:r0|stroop:s06:r1|stroop:s06:r2|stroop:s06:r3|stroop:s07:r0|stroop:s07:r1|stroop:s07:r2|stroop:s07:r3|stroop:s08:r0|stroop:s08:r1|stroop:s08:r2|stroop:s08:r3|stroop:s10:r0|stroop:s10:r1|stroop:s10:r2|stroop:s10:r3|stroop:s11:r0|stroop:s11:r1|stroop:s11:r2|stroop:s11:r3|stroop:s12:r0|stroop:s12:r1|stroop:s12:r2|stroop:s12:r3|stroop:s13:r0|stroop:s13:r1|stroop:s13:r2|stroop:s13:r3,stroop:s09:r0|stroop:s09:r1|stroop:s09:r2|stroop:s09:r3,stroop:s03:r0|stroop:s03:r1|stroop:s03:r2|stroop:s03:r3
loso,stroop,3,seed_invariant,9,True,True,12,48,11,44,1,4,1,4,7200,593,570,1|2|4|5|6|7|8|9|11|12|13,10,stroop:s01:r0|stroop:s01:r1|stroop:s01:r2|stroop:s01:r3|stroop:s02:r0|stroop:s02:r1|stroop:s02:r2|stroop:s02:r3|stroop:s04:r0|stroop:s04:r1|stroop:s04:r2|stroop:s04:r3|stroop:s05:r0|stroop:s05:r1|stroop:s05:r2|stroop:s05:r3|stroop:s06:r0|stroop:s06:r1|stroop:s06:r2|stroop:s06:r3|stroop:s07:r0|stroop:s07:r1|stroop:s07:r2|stroop:s07:r3|stroop:s08:r0|stroop:s08:r1|stroop:s08:r2|stroop:s08:r3|stroop:s09:r0|stroop:s09:r1|stroop:s09:r2|stroop:s09:r3|stroop:s11:r0|stroop:s11:r1|stroop:s11:r2|stroop:s11:r3|stroop:s12:r0|stroop:s12:r1|stroop:s12:r2|stroop:s12:r3|stroop:s13:r0|stroop:s13:r1|stroop:s13:r2|stroop:s13:r3,stroop:s10:r0|stroop:s10:r1|stroop:s10:r2|stroop:s10:r3,stroop:s03:r0|stroop:s03:r1|stroop:s03:r2|stroop:s03:r3
loso,stroop,3,seed_invariant,10,True,True,12,48,11,44,1,4,1,4,7121,672,570,1|2|4|5|6|7|8|9|10|12|13,11,stroop:s01:r0|stroop:s01:r1|stroop:s01:r2|stroop:s01:r3|stroop:s02:r0|stroop:s02:r1|stroop:s02:r2|stroop:s02:r3|stroop:s04:r0|stroop:s04:r1|stroop:s04:r2|stroop:s04:r3|stroop:s05:r0|stroop:s05:r1|stroop:s05:r2|stroop:s05:r3|stroop:s06:r0|stroop:s06:r1|stroop:s06:r2|stroop:s06:r3|stroop:s07:r0|stroop:s07:r1|stroop:s07:r2|stroop:s07:r3|stroop:s08:r0|stroop:s08:r1|stroop:s08:r2|stroop:s08:r3|stroop:s09:r0|stroop:s09:r1|stroop:s09:r2|stroop:s09:r3|stroop:s10:r0|stroop:s10:r1|stroop:s10:r2|stroop:s10:r3|stroop:s12:r0|stroop:s12:r1|stroop:s12:r2|stroop:s12:r3|stroop:s13:r0|stroop:s13:r1|stroop:s13:r2|stroop:s13:r3,stroop:s11:r0|stroop:s11:r1|stroop:s11:r2|stroop:s11:r3,stroop:s03:r0|stroop:s03:r1|stroop:s03:r2|stroop:s03:r3
loso,stroop,3,seed_invariant,11,True,True,12,48,11,44,1,4,1,4,7170,623,570,1|2|4|5|6|7|8|9|10|11|13,12,stroop:s01:r0|stroop:s01:r1|stroop:s01:r2|stroop:s01:r3|stroop:s02:r0|stroop:s02:r1|stroop:s02:r2|stroop:s02:r3|stroop:s04:r0|stroop:s04:r1|stroop:s04:r2|stroop:s04:r3|stroop:s05:r0|stroop:s05:r1|stroop:s05:r2|stroop:s05:r3|stroop:s06:r0|stroop:s06:r1|stroop:s06:r2|stroop:s06:r3|stroop:s07:r0|stroop:s07:r1|stroop:s07:r2|stroop:s07:r3|stroop:s08:r0|stroop:s08:r1|stroop:s08:r2|stroop:s08:r3|stroop:s09:r0|stroop:s09:r1|stroop:s09:r2|stroop:s09:r3|stroop:s10:r0|stroop:s10:r1|stroop:s10:r2|stroop:s10:r3|stroop:s11:r0|stroop:s11:r1|stroop:s11:r2|stroop:s11:r3|stroop:s13:r0|stroop:s13:r1|stroop:s13:r2|stroop:s13:r3,stroop:s12:r0|stroop:s12:r1|stroop:s12:r2|stroop:s12:r3,stroop:s03:r0|stroop:s03:r1|stroop:s03:r2|stroop:s03:r3
loso,stroop,3,seed_invariant,12,True,True,12,48,11,44,1,4,1,4,7220,573,570,1|2|4|5|6|7|8|9|10|11|12,13,stroop:s01:r0|stroop:s01:r1|stroop:s01:r2|stroop:s01:r3|stroop:s02:r0|stroop:s02:r1|stroop:s02:r2|stroop:s02:r3|stroop:s04:r0|stroop:s04:r1|stroop:s04:r2|stroop:s04:r3|stroop:s05:r0|stroop:s05:r1|stroop:s05:r2|stroop:s05:r3|stroop:s06:r0|stroop:s06:r1|stroop:s06:r2|stroop:s06:r3|stroop:s07:r0|stroop:s07:r1|stroop:s07:r2|stroop:s07:r3|stroop:s08:r0|stroop:s08:r1|stroop:s08:r2|stroop:s08:r3|stroop:s09:r0|stroop:s09:r1|stroop:s09:r2|stroop:s09:r3|stroop:s10:r0|stroop:s10:r1|stroop:s10:r2|stroop:s10:r3|stroop:s11:r0|stroop:s11:r1|stroop:s11:r2|stroop:s11:r3|stroop:s12:r0|stroop:s12:r1|stroop:s12:r2|stroop:s12:r3,stroop:s13:r0|stroop:s13:r1|stroop:s13:r2|stroop:s13:r3,stroop:s03:r0|stroop:s03:r1|stroop:s03:r2|stroop:s03:r3
loso,stroop,4,seed_invariant,1,True,True,12,48,11,44,1,4,1,4,7251,653,459,2|3|5|6|7|8|9|10|11|12|13,1,stroop:s02:r0|stroop:s02:r1|stroop:s02:r2|stroop:s02:r3|stroop:s03:r0|stroop:s03:r1|stroop:s03:r2|stroop:s03:r3|stroop:s05:r0|stroop:s05:r1|stroop:s05:r2|stroop:s05:r3|stroop:s06:r0|stroop:s06:r1|stroop:s06:r2|stroop:s06:r3|stroop:s07:r0|stroop:s07:r1|stroop:s07:r2|stroop:s07:r3|stroop:s08:r0|stroop:s08:r1|stroop:s08:r2|stroop:s08:r3|stroop:s09:r0|stroop:s09:r1|stroop:s09:r2|stroop:s09:r3|stroop:s10:r0|stroop:s10:r1|stroop:s10:r2|stroop:s10:r3|stroop:s11:r0|stroop:s11:r1|stroop:s11:r2|stroop:s11:r3|stroop:s12:r0|stroop:s12:r1|stroop:s12:r2|stroop:s12:r3|stroop:s13:r0|stroop:s13:r1|stroop:s13:r2|stroop:s13:r3,stroop:s01:r0|stroop:s01:r1|stroop:s01:r2|stroop:s01:r3,stroop:s04:r0|stroop:s04:r1|stroop:s04:r2|stroop:s04:r3
loso,stroop,4,seed_invariant,2,True,True,12,48,11,44,1,4,1,4,7045,859,459,1|3|5|6|7|8|9|10|11|12|13,2,stroop:s01:r0|stroop:s01:r1|stroop:s01:r2|stroop:s01:r3|stroop:s03:r0|stroop:s03:r1|stroop:s03:r2|stroop:s03:r3|stroop:s05:r0|stroop:s05:r1|stroop:s05:r2|stroop:s05:r3|stroop:s06:r0|stroop:s06:r1|stroop:s06:r2|stroop:s06:r3|stroop:s07:r0|stroop:s07:r1|stroop:s07:r2|stroop:s07:r3|stroop:s08:r0|stroop:s08:r1|stroop:s08:r2|stroop:s08:r3|stroop:s09:r0|stroop:s09:r1|stroop:s09:r2|stroop:s09:r3|stroop:s10:r0|stroop:s10:r1|stroop:s10:r2|stroop:s10:r3|stroop:s11:r0|stroop:s11:r1|stroop:s11:r2|stroop:s11:r3|stroop:s12:r0|stroop:s12:r1|stroop:s12:r2|stroop:s12:r3|stroop:s13:r0|stroop:s13:r1|stroop:s13:r2|stroop:s13:r3,stroop:s02:r0|stroop:s02:r1|stroop:s02:r2|stroop:s02:r3,stroop:s04:r0|stroop:s04:r1|stroop:s04:r2|stroop:s04:r3
loso,stroop,4,seed_invariant,3,True,True,12,48,11,44,1,4,1,4,7334,570,459,1|2|5|6|7|8|9|10|11|12|13,3,stroop:s01:r0|stroop:s01:r1|stroop:s01:r2|stroop:s01:r3|stroop:s02:r0|stroop:s02:r1|stroop:s02:r2|stroop:s02:r3|stroop:s05:r0|stroop:s05:r1|stroop:s05:r2|stroop:s05:r3|stroop:s06:r0|stroop:s06:r1|stroop:s06:r2|stroop:s06:r3|stroop:s07:r0|stroop:s07:r1|stroop:s07:r2|stroop:s07:r3|stroop:s08:r0|stroop:s08:r1|stroop:s08:r2|stroop:s08:r3|stroop:s09:r0|stroop:s09:r1|stroop:s09:r2|stroop:s09:r3|stroop:s10:r0|stroop:s10:r1|stroop:s10:r2|stroop:s10:r3|stroop:s11:r0|stroop:s11:r1|stroop:s11:r2|stroop:s11:r3|stroop:s12:r0|stroop:s12:r1|stroop:s12:r2|stroop:s12:r3|stroop:s13:r0|stroop:s13:r1|stroop:s13:r2|stroop:s13:r3,stroop:s03:r0|stroop:s03:r1|stroop:s03:r2|stroop:s03:r3,stroop:s04:r0|stroop:s04:r1|stroop:s04:r2|stroop:s04:r3
loso,stroop,4,seed_invariant,4,True,True,12,48,11,44,1,4,1,4,7244,660,459,1|2|3|6|7|8|9|10|11|12|13,5,stroop:s01:r0|stroop:s01:r1|stroop:s01:r2|stroop:s01:r3|stroop:s02:r0|stroop:s02:r1|stroop:s02:r2|stroop:s02:r3|stroop:s03:r0|stroop:s03:r1|stroop:s03:r2|stroop:s03:r3|stroop:s06:r0|stroop:s06:r1|stroop:s06:r2|stroop:s06:r3|stroop:s07:r0|stroop:s07:r1|stroop:s07:r2|stroop:s07:r3|stroop:s08:r0|stroop:s08:r1|stroop:s08:r2|stroop:s08:r3|stroop:s09:r0|stroop:s09:r1|stroop:s09:r2|stroop:s09:r3|stroop:s10:r0|stroop:s10:r1|stroop:s10:r2|stroop:s10:r3|stroop:s11:r0|stroop:s11:r1|stroop:s11:r2|stroop:s11:r3|stroop:s12:r0|stroop:s12:r1|stroop:s12:r2|stroop:s12:r3|stroop:s13:r0|stroop:s13:r1|stroop:s13:r2|stroop:s13:r3,stroop:s05:r0|stroop:s05:r1|stroop:s05:r2|stroop:s05:r3,stroop:s04:r0|stroop:s04:r1|stroop:s04:r2|stroop:s04:r3
loso,stroop,4,seed_invariant,5,True,True,12,48,11,44,1,4,1,4,7363,541,459,1|2|3|5|7|8|9|10|11|12|13,6,stroop:s01:r0|stroop:s01:r1|stroop:s01:r2|stroop:s01:r3|stroop:s02:r0|stroop:s02:r1|stroop:s02:r2|stroop:s02:r3|stroop:s03:r0|stroop:s03:r1|stroop:s03:r2|stroop:s03:r3|stroop:s05:r0|stroop:s05:r1|stroop:s05:r2|stroop:s05:r3|stroop:s07:r0|stroop:s07:r1|stroop:s07:r2|stroop:s07:r3|stroop:s08:r0|stroop:s08:r1|stroop:s08:r2|stroop:s08:r3|stroop:s09:r0|stroop:s09:r1|stroop:s09:r2|stroop:s09:r3|stroop:s10:r0|stroop:s10:r1|stroop:s10:r2|stroop:s10:r3|stroop:s11:r0|stroop:s11:r1|stroop:s11:r2|stroop:s11:r3|stroop:s12:r0|stroop:s12:r1|stroop:s12:r2|stroop:s12:r3|stroop:s13:r0|stroop:s13:r1|stroop:s13:r2|stroop:s13:r3,stroop:s06:r0|stroop:s06:r1|stroop:s06:r2|stroop:s06:r3,stroop:s04:r0|stroop:s04:r1|stroop:s04:r2|stroop:s04:r3
loso,stroop,4,seed_invariant,6,True,True,12,48,11,44,1,4,1,4,7363,541,459,1|2|3|5|6|8|9|10|11|12|13,7,stroop:s01:r0|stroop:s01:r1|stroop:s01:r2|stroop:s01:r3|stroop:s02:r0|stroop:s02:r1|stroop:s02:r2|stroop:s02:r3|stroop:s03:r0|stroop:s03:r1|stroop:s03:r2|stroop:s03:r3|stroop:s05:r0|stroop:s05:r1|stroop:s05:r2|stroop:s05:r3|stroop:s06:r0|stroop:s06:r1|stroop:s06:r2|stroop:s06:r3|stroop:s08:r0|stroop:s08:r1|stroop:s08:r2|stroop:s08:r3|stroop:s09:r0|stroop:s09:r1|stroop:s09:r2|stroop:s09:r3|stroop:s10:r0|stroop:s10:r1|stroop:s10:r2|stroop:s10:r3|stroop:s11:r0|stroop:s11:r1|stroop:s11:r2|stroop:s11:r3|stroop:s12:r0|stroop:s12:r1|stroop:s12:r2|stroop:s12:r3|stroop:s13:r0|stroop:s13:r1|stroop:s13:r2|stroop:s13:r3,stroop:s07:r0|stroop:s07:r1|stroop:s07:r2|stroop:s07:r3,stroop:s04:r0|stroop:s04:r1|stroop:s04:r2|stroop:s04:r3
loso,stroop,4,seed_invariant,7,True,True,12,48,11,44,1,4,1,4,7158,746,459,1|2|3|5|6|7|9|10|11|12|13,8,stroop:s01:r0|stroop:s01:r1|stroop:s01:r2|stroop:s01:r3|stroop:s02:r0|stroop:s02:r1|stroop:s02:r2|stroop:s02:r3|stroop:s03:r0|stroop:s03:r1|stroop:s03:r2|stroop:s03:r3|stroop:s05:r0|stroop:s05:r1|stroop:s05:r2|stroop:s05:r3|stroop:s06:r0|stroop:s06:r1|stroop:s06:r2|stroop:s06:r3|stroop:s07:r0|stroop:s07:r1|stroop:s07:r2|stroop:s07:r3|stroop:s09:r0|stroop:s09:r1|stroop:s09:r2|stroop:s09:r3|stroop:s10:r0|stroop:s10:r1|stroop:s10:r2|stroop:s10:r3|stroop:s11:r0|stroop:s11:r1|stroop:s11:r2|stroop:s11:r3|stroop:s12:r0|stroop:s12:r1|stroop:s12:r2|stroop:s12:r3|stroop:s13:r0|stroop:s13:r1|stroop:s13:r2|stroop:s13:r3,stroop:s08:r0|stroop:s08:r1|stroop:s08:r2|stroop:s08:r3,stroop:s04:r0|stroop:s04:r1|stroop:s04:r2|stroop:s04:r3
loso,stroop,4,seed_invariant,8,True,True,12,48,11,44,1,4,1,4,7031,873,459,1|2|3|5|6|7|8|10|11|12|13,9,stroop:s01:r0|stroop:s01:r1|stroop:s01:r2|stroop:s01:r3|stroop:s02:r0|stroop:s02:r1|stroop:s02:r2|stroop:s02:r3|stroop:s03:r0|stroop:s03:r1|stroop:s03:r2|stroop:s03:r3|stroop:s05:r0|stroop:s05:r1|stroop:s05:r2|stroop:s05:r3|stroop:s06:r0|stroop:s06:r1|stroop:s06:r2|stroop:s06:r3|stroop:s07:r0|stroop:s07:r1|stroop:s07:r2|stroop:s07:r3|stroop:s08:r0|stroop:s08:r1|stroop:s08:r2|stroop:s08:r3|stroop:s10:r0|stroop:s10:r1|stroop:s10:r2|stroop:s10:r3|stroop:s11:r0|stroop:s11:r1|stroop:s11:r2|stroop:s11:r3|stroop:s12:r0|stroop:s12:r1|stroop:s12:r2|stroop:s12:r3|stroop:s13:r0|stroop:s13:r1|stroop:s13:r2|stroop:s13:r3,stroop:s09:r0|stroop:s09:r1|stroop:s09:r2|stroop:s09:r3,stroop:s04:r0|stroop:s04:r1|stroop:s04:r2|stroop:s04:r3
loso,stroop,4,seed_invariant,9,True,True,12,48,11,44,1,4,1,4,7311,593,459,1|2|3|5|6|7|8|9|11|12|13,10,stroop:s01:r0|stroop:s01:r1|stroop:s01:r2|stroop:s01:r3|stroop:s02:r0|stroop:s02:r1|stroop:s02:r2|stroop:s02:r3|stroop:s03:r0|stroop:s03:r1|stroop:s03:r2|stroop:s03:r3|stroop:s05:r0|stroop:s05:r1|stroop:s05:r2|stroop:s05:r3|stroop:s06:r0|stroop:s06:r1|stroop:s06:r2|stroop:s06:r3|stroop:s07:r0|stroop:s07:r1|stroop:s07:r2|stroop:s07:r3|stroop:s08:r0|stroop:s08:r1|stroop:s08:r2|stroop:s08:r3|stroop:s09:r0|stroop:s09:r1|stroop:s09:r2|stroop:s09:r3|stroop:s11:r0|stroop:s11:r1|stroop:s11:r2|stroop:s11:r3|stroop:s12:r0|stroop:s12:r1|stroop:s12:r2|stroop:s12:r3|stroop:s13:r0|stroop:s13:r1|stroop:s13:r2|stroop:s13:r3,stroop:s10:r0|stroop:s10:r1|stroop:s10:r2|stroop:s10:r3,stroop:s04:r0|stroop:s04:r1|stroop:s04:r2|stroop:s04:r3
loso,stroop,4,seed_invariant,10,True,True,12,48,11,44,1,4,1,4,7232,672,459,1|2|3|5|6|7|8|9|10|12|13,11,stroop:s01:r0|stroop:s01:r1|stroop:s01:r2|stroop:s01:r3|stroop:s02:r0|stroop:s02:r1|stroop:s02:r2|stroop:s02:r3|stroop:s03:r0|stroop:s03:r1|stroop:s03:r2|stroop:s03:r3|stroop:s05:r0|stroop:s05:r1|stroop:s05:r2|stroop:s05:r3|stroop:s06:r0|stroop:s06:r1|stroop:s06:r2|stroop:s06:r3|stroop:s07:r0|stroop:s07:r1|stroop:s07:r2|stroop:s07:r3|stroop:s08:r0|stroop:s08:r1|stroop:s08:r2|stroop:s08:r3|stroop:s09:r0|stroop:s09:r1|stroop:s09:r2|stroop:s09:r3|stroop:s10:r0|stroop:s10:r1|stroop:s10:r2|stroop:s10:r3|stroop:s12:r0|stroop:s12:r1|stroop:s12:r2|stroop:s12:r3|stroop:s13:r0|stroop:s13:r1|stroop:s13:r2|stroop:s13:r3,stroop:s11:r0|stroop:s11:r1|stroop:s11:r2|stroop:s11:r3,stroop:s04:r0|stroop:s04:r1|stroop:s04:r2|stroop:s04:r3
loso,stroop,4,seed_invariant,11,True,True,12,48,11,44,1,4,1,4,7281,623,459,1|2|3|5|6|7|8|9|10|11|13,12,stroop:s01:r0|stroop:s01:r1|stroop:s01:r2|stroop:s01:r3|stroop:s02:r0|stroop:s02:r1|stroop:s02:r2|stroop:s02:r3|stroop:s03:r0|stroop:s03:r1|stroop:s03:r2|stroop:s03:r3|stroop:s05:r0|stroop:s05:r1|stroop:s05:r2|stroop:s05:r3|stroop:s06:r0|stroop:s06:r1|stroop:s06:r2|stroop:s06:r3|stroop:s07:r0|stroop:s07:r1|stroop:s07:r2|stroop:s07:r3|stroop:s08:r0|stroop:s08:r1|stroop:s08:r2|stroop:s08:r3|stroop:s09:r0|stroop:s09:r1|stroop:s09:r2|stroop:s09:r3|stroop:s10:r0|stroop:s10:r1|stroop:s10:r2|stroop:s10:r3|stroop:s11:r0|stroop:s11:r1|stroop:s11:r2|stroop:s11:r3|stroop:s13:r0|stroop:s13:r1|stroop:s13:r2|stroop:s13:r3,stroop:s12:r0|stroop:s12:r1|stroop:s12:r2|stroop:s12:r3,stroop:s04:r0|stroop:s04:r1|stroop:s04:r2|stroop:s04:r3
loso,stroop,4,seed_invariant,12,True,True,12,48,11,44,1,4,1,4,7331,573,459,1|2|3|5|6|7|8|9|10|11|12,13,stroop:s01:r0|stroop:s01:r1|stroop:s01:r2|stroop:s01:r3|stroop:s02:r0|stroop:s02:r1|stroop:s02:r2|stroop:s02:r3|stroop:s03:r0|stroop:s03:r1|stroop:s03:r2|stroop:s03:r3|stroop:s05:r0|stroop:s05:r1|stroop:s05:r2|stroop:s05:r3|stroop:s06:r0|stroop:s06:r1|stroop:s06:r2|stroop:s06:r3|stroop:s07:r0|stroop:s07:r1|stroop:s07:r2|stroop:s07:r3|stroop:s08:r0|stroop:s08:r1|stroop:s08:r2|stroop:s08:r3|stroop:s09:r0|stroop:s09:r1|stroop:s09:r2|stroop:s09:r3|stroop:s10:r0|stroop:s10:r1|stroop:s10:r2|stroop:s10:r3|stroop:s11:r0|stroop:s11:r1|stroop:s11:r2|stroop:s11:r3|stroop:s12:r0|stroop:s12:r1|stroop:s12:r2|stroop:s12:r3,stroop:s13:r0|stroop:s13:r1|stroop:s13:r2|stroop:s13:r3,stroop:s04:r0|stroop:s04:r1|stroop:s04:r2|stroop:s04:r3
loso,stroop,5,seed_invariant,1,True,True,12,48,11,44,1,4,1,4,7050,653,660,2|3|4|6|7|8|9|10|11|12|13,1,stroop:s02:r0|stroop:s02:r1|stroop:s02:r2|stroop:s02:r3|stroop:s03:r0|stroop:s03:r1|stroop:s03:r2|stroop:s03:r3|stroop:s04:r0|stroop:s04:r1|stroop:s04:r2|stroop:s04:r3|stroop:s06:r0|stroop:s06:r1|stroop:s06:r2|stroop:s06:r3|stroop:s07:r0|stroop:s07:r1|stroop:s07:r2|stroop:s07:r3|stroop:s08:r0|stroop:s08:r1|stroop:s08:r2|stroop:s08:r3|stroop:s09:r0|stroop:s09:r1|stroop:s09:r2|stroop:s09:r3|stroop:s10:r0|stroop:s10:r1|stroop:s10:r2|stroop:s10:r3|stroop:s11:r0|stroop:s11:r1|stroop:s11:r2|stroop:s11:r3|stroop:s12:r0|stroop:s12:r1|stroop:s12:r2|stroop:s12:r3|stroop:s13:r0|stroop:s13:r1|stroop:s13:r2|stroop:s13:r3,stroop:s01:r0|stroop:s01:r1|stroop:s01:r2|stroop:s01:r3,stroop:s05:r0|stroop:s05:r1|stroop:s05:r2|stroop:s05:r3
loso,stroop,5,seed_invariant,2,True,True,12,48,11,44,1,4,1,4,6844,859,660,1|3|4|6|7|8|9|10|11|12|13,2,stroop:s01:r0|stroop:s01:r1|stroop:s01:r2|stroop:s01:r3|stroop:s03:r0|stroop:s03:r1|stroop:s03:r2|stroop:s03:r3|stroop:s04:r0|stroop:s04:r1|stroop:s04:r2|stroop:s04:r3|stroop:s06:r0|stroop:s06:r1|stroop:s06:r2|stroop:s06:r3|stroop:s07:r0|stroop:s07:r1|stroop:s07:r2|stroop:s07:r3|stroop:s08:r0|stroop:s08:r1|stroop:s08:r2|stroop:s08:r3|stroop:s09:r0|stroop:s09:r1|stroop:s09:r2|stroop:s09:r3|stroop:s10:r0|stroop:s10:r1|stroop:s10:r2|stroop:s10:r3|stroop:s11:r0|stroop:s11:r1|stroop:s11:r2|stroop:s11:r3|stroop:s12:r0|stroop:s12:r1|stroop:s12:r2|stroop:s12:r3|stroop:s13:r0|stroop:s13:r1|stroop:s13:r2|stroop:s13:r3,stroop:s02:r0|stroop:s02:r1|stroop:s02:r2|stroop:s02:r3,stroop:s05:r0|stroop:s05:r1|stroop:s05:r2|stroop:s05:r3
loso,stroop,5,seed_invariant,3,True,True,12,48,11,44,1,4,1,4,7133,570,660,1|2|4|6|7|8|9|10|11|12|13,3,stroop:s01:r0|stroop:s01:r1|stroop:s01:r2|stroop:s01:r3|stroop:s02:r0|stroop:s02:r1|stroop:s02:r2|stroop:s02:r3|stroop:s04:r0|stroop:s04:r1|stroop:s04:r2|stroop:s04:r3|stroop:s06:r0|stroop:s06:r1|stroop:s06:r2|stroop:s06:r3|stroop:s07:r0|stroop:s07:r1|stroop:s07:r2|stroop:s07:r3|stroop:s08:r0|stroop:s08:r1|stroop:s08:r2|stroop:s08:r3|stroop:s09:r0|stroop:s09:r1|stroop:s09:r2|stroop:s09:r3|stroop:s10:r0|stroop:s10:r1|stroop:s10:r2|stroop:s10:r3|stroop:s11:r0|stroop:s11:r1|stroop:s11:r2|stroop:s11:r3|stroop:s12:r0|stroop:s12:r1|stroop:s12:r2|stroop:s12:r3|stroop:s13:r0|stroop:s13:r1|stroop:s13:r2|stroop:s13:r3,stroop:s03:r0|stroop:s03:r1|stroop:s03:r2|stroop:s03:r3,stroop:s05:r0|stroop:s05:r1|stroop:s05:r2|stroop:s05:r3
loso,stroop,5,seed_invariant,4,True,True,12,48,11,44,1,4,1,4,7244,459,660,1|2|3|6|7|8|9|10|11|12|13,4,stroop:s01:r0|stroop:s01:r1|stroop:s01:r2|stroop:s01:r3|stroop:s02:r0|stroop:s02:r1|stroop:s02:r2|stroop:s02:r3|stroop:s03:r0|stroop:s03:r1|stroop:s03:r2|stroop:s03:r3|stroop:s06:r0|stroop:s06:r1|stroop:s06:r2|stroop:s06:r3|stroop:s07:r0|stroop:s07:r1|stroop:s07:r2|stroop:s07:r3|stroop:s08:r0|stroop:s08:r1|stroop:s08:r2|stroop:s08:r3|stroop:s09:r0|stroop:s09:r1|stroop:s09:r2|stroop:s09:r3|stroop:s10:r0|stroop:s10:r1|stroop:s10:r2|stroop:s10:r3|stroop:s11:r0|stroop:s11:r1|stroop:s11:r2|stroop:s11:r3|stroop:s12:r0|stroop:s12:r1|stroop:s12:r2|stroop:s12:r3|stroop:s13:r0|stroop:s13:r1|stroop:s13:r2|stroop:s13:r3,stroop:s04:r0|stroop:s04:r1|stroop:s04:r2|stroop:s04:r3,stroop:s05:r0|stroop:s05:r1|stroop:s05:r2|stroop:s05:r3
loso,stroop,5,seed_invariant,5,True,True,12,48,11,44,1,4,1,4,7162,541,660,1|2|3|4|7|8|9|10|11|12|13,6,stroop:s01:r0|stroop:s01:r1|stroop:s01:r2|stroop:s01:r3|stroop:s02:r0|stroop:s02:r1|stroop:s02:r2|stroop:s02:r3|stroop:s03:r0|stroop:s03:r1|stroop:s03:r2|stroop:s03:r3|stroop:s04:r0|stroop:s04:r1|stroop:s04:r2|stroop:s04:r3|stroop:s07:r0|stroop:s07:r1|stroop:s07:r2|stroop:s07:r3|stroop:s08:r0|stroop:s08:r1|stroop:s08:r2|stroop:s08:r3|stroop:s09:r0|stroop:s09:r1|stroop:s09:r2|stroop:s09:r3|stroop:s10:r0|stroop:s10:r1|stroop:s10:r2|stroop:s10:r3|stroop:s11:r0|stroop:s11:r1|stroop:s11:r2|stroop:s11:r3|stroop:s12:r0|stroop:s12:r1|stroop:s12:r2|stroop:s12:r3|stroop:s13:r0|stroop:s13:r1|stroop:s13:r2|stroop:s13:r3,stroop:s06:r0|stroop:s06:r1|stroop:s06:r2|stroop:s06:r3,stroop:s05:r0|stroop:s05:r1|stroop:s05:r2|stroop:s05:r3
loso,stroop,5,seed_invariant,6,True,True,12,48,11,44,1,4,1,4,7162,541,660,1|2|3|4|6|8|9|10|11|12|13,7,stroop:s01:r0|stroop:s01:r1|stroop:s01:r2|stroop:s01:r3|stroop:s02:r0|stroop:s02:r1|stroop:s02:r2|stroop:s02:r3|stroop:s03:r0|stroop:s03:r1|stroop:s03:r2|stroop:s03:r3|stroop:s04:r0|stroop:s04:r1|stroop:s04:r2|stroop:s04:r3|stroop:s06:r0|stroop:s06:r1|stroop:s06:r2|stroop:s06:r3|stroop:s08:r0|stroop:s08:r1|stroop:s08:r2|stroop:s08:r3|stroop:s09:r0|stroop:s09:r1|stroop:s09:r2|stroop:s09:r3|stroop:s10:r0|stroop:s10:r1|stroop:s10:r2|stroop:s10:r3|stroop:s11:r0|stroop:s11:r1|stroop:s11:r2|stroop:s11:r3|stroop:s12:r0|stroop:s12:r1|stroop:s12:r2|stroop:s12:r3|stroop:s13:r0|stroop:s13:r1|stroop:s13:r2|stroop:s13:r3,stroop:s07:r0|stroop:s07:r1|stroop:s07:r2|stroop:s07:r3,stroop:s05:r0|stroop:s05:r1|stroop:s05:r2|stroop:s05:r3
loso,stroop,5,seed_invariant,7,True,True,12,48,11,44,1,4,1,4,6957,746,660,1|2|3|4|6|7|9|10|11|12|13,8,stroop:s01:r0|stroop:s01:r1|stroop:s01:r2|stroop:s01:r3|stroop:s02:r0|stroop:s02:r1|stroop:s02:r2|stroop:s02:r3|stroop:s03:r0|stroop:s03:r1|stroop:s03:r2|stroop:s03:r3|stroop:s04:r0|stroop:s04:r1|stroop:s04:r2|stroop:s04:r3|stroop:s06:r0|stroop:s06:r1|stroop:s06:r2|stroop:s06:r3|stroop:s07:r0|stroop:s07:r1|stroop:s07:r2|stroop:s07:r3|stroop:s09:r0|stroop:s09:r1|stroop:s09:r2|stroop:s09:r3|stroop:s10:r0|stroop:s10:r1|stroop:s10:r2|stroop:s10:r3|stroop:s11:r0|stroop:s11:r1|stroop:s11:r2|stroop:s11:r3|stroop:s12:r0|stroop:s12:r1|stroop:s12:r2|stroop:s12:r3|stroop:s13:r0|stroop:s13:r1|stroop:s13:r2|stroop:s13:r3,stroop:s08:r0|stroop:s08:r1|stroop:s08:r2|stroop:s08:r3,stroop:s05:r0|stroop:s05:r1|stroop:s05:r2|stroop:s05:r3
loso,stroop,5,seed_invariant,8,True,True,12,48,11,44,1,4,1,4,6830,873,660,1|2|3|4|6|7|8|10|11|12|13,9,stroop:s01:r0|stroop:s01:r1|stroop:s01:r2|stroop:s01:r3|stroop:s02:r0|stroop:s02:r1|stroop:s02:r2|stroop:s02:r3|stroop:s03:r0|stroop:s03:r1|stroop:s03:r2|stroop:s03:r3|stroop:s04:r0|stroop:s04:r1|stroop:s04:r2|stroop:s04:r3|stroop:s06:r0|stroop:s06:r1|stroop:s06:r2|stroop:s06:r3|stroop:s07:r0|stroop:s07:r1|stroop:s07:r2|stroop:s07:r3|stroop:s08:r0|stroop:s08:r1|stroop:s08:r2|stroop:s08:r3|stroop:s10:r0|stroop:s10:r1|stroop:s10:r2|stroop:s10:r3|stroop:s11:r0|stroop:s11:r1|stroop:s11:r2|stroop:s11:r3|stroop:s12:r0|stroop:s12:r1|stroop:s12:r2|stroop:s12:r3|stroop:s13:r0|stroop:s13:r1|stroop:s13:r2|stroop:s13:r3,stroop:s09:r0|stroop:s09:r1|stroop:s09:r2|stroop:s09:r3,stroop:s05:r0|stroop:s05:r1|stroop:s05:r2|stroop:s05:r3
loso,stroop,5,seed_invariant,9,True,True,12,48,11,44,1,4,1,4,7110,593,660,1|2|3|4|6|7|8|9|11|12|13,10,stroop:s01:r0|stroop:s01:r1|stroop:s01:r2|stroop:s01:r3|stroop:s02:r0|stroop:s02:r1|stroop:s02:r2|stroop:s02:r3|stroop:s03:r0|stroop:s03:r1|stroop:s03:r2|stroop:s03:r3|stroop:s04:r0|stroop:s04:r1|stroop:s04:r2|stroop:s04:r3|stroop:s06:r0|stroop:s06:r1|stroop:s06:r2|stroop:s06:r3|stroop:s07:r0|stroop:s07:r1|stroop:s07:r2|stroop:s07:r3|stroop:s08:r0|stroop:s08:r1|stroop:s08:r2|stroop:s08:r3|stroop:s09:r0|stroop:s09:r1|stroop:s09:r2|stroop:s09:r3|stroop:s11:r0|stroop:s11:r1|stroop:s11:r2|stroop:s11:r3|stroop:s12:r0|stroop:s12:r1|stroop:s12:r2|stroop:s12:r3|stroop:s13:r0|stroop:s13:r1|stroop:s13:r2|stroop:s13:r3,stroop:s10:r0|stroop:s10:r1|stroop:s10:r2|stroop:s10:r3,stroop:s05:r0|stroop:s05:r1|stroop:s05:r2|stroop:s05:r3
loso,stroop,5,seed_invariant,10,True,True,12,48,11,44,1,4,1,4,7031,672,660,1|2|3|4|6|7|8|9|10|12|13,11,stroop:s01:r0|stroop:s01:r1|stroop:s01:r2|stroop:s01:r3|stroop:s02:r0|stroop:s02:r1|stroop:s02:r2|stroop:s02:r3|stroop:s03:r0|stroop:s03:r1|stroop:s03:r2|stroop:s03:r3|stroop:s04:r0|stroop:s04:r1|stroop:s04:r2|stroop:s04:r3|stroop:s06:r0|stroop:s06:r1|stroop:s06:r2|stroop:s06:r3|stroop:s07:r0|stroop:s07:r1|stroop:s07:r2|stroop:s07:r3|stroop:s08:r0|stroop:s08:r1|stroop:s08:r2|stroop:s08:r3|stroop:s09:r0|stroop:s09:r1|stroop:s09:r2|stroop:s09:r3|stroop:s10:r0|stroop:s10:r1|stroop:s10:r2|stroop:s10:r3|stroop:s12:r0|stroop:s12:r1|stroop:s12:r2|stroop:s12:r3|stroop:s13:r0|stroop:s13:r1|stroop:s13:r2|stroop:s13:r3,stroop:s11:r0|stroop:s11:r1|stroop:s11:r2|stroop:s11:r3,stroop:s05:r0|stroop:s05:r1|stroop:s05:r2|stroop:s05:r3
loso,stroop,5,seed_invariant,11,True,True,12,48,11,44,1,4,1,4,7080,623,660,1|2|3|4|6|7|8|9|10|11|13,12,stroop:s01:r0|stroop:s01:r1|stroop:s01:r2|stroop:s01:r3|stroop:s02:r0|stroop:s02:r1|stroop:s02:r2|stroop:s02:r3|stroop:s03:r0|stroop:s03:r1|stroop:s03:r2|stroop:s03:r3|stroop:s04:r0|stroop:s04:r1|stroop:s04:r2|stroop:s04:r3|stroop:s06:r0|stroop:s06:r1|stroop:s06:r2|stroop:s06:r3|stroop:s07:r0|stroop:s07:r1|stroop:s07:r2|stroop:s07:r3|stroop:s08:r0|stroop:s08:r1|stroop:s08:r2|stroop:s08:r3|stroop:s09:r0|stroop:s09:r1|stroop:s09:r2|stroop:s09:r3|stroop:s10:r0|stroop:s10:r1|stroop:s10:r2|stroop:s10:r3|stroop:s11:r0|stroop:s11:r1|stroop:s11:r2|stroop:s11:r3|stroop:s13:r0|stroop:s13:r1|stroop:s13:r2|stroop:s13:r3,stroop:s12:r0|stroop:s12:r1|stroop:s12:r2|stroop:s12:r3,stroop:s05:r0|stroop:s05:r1|stroop:s05:r2|stroop:s05:r3
loso,stroop,5,seed_invariant,12,True,True,12,48,11,44,1,4,1,4,7130,573,660,1|2|3|4|6|7|8|9|10|11|12,13,stroop:s01:r0|stroop:s01:r1|stroop:s01:r2|stroop:s01:r3|stroop:s02:r0|stroop:s02:r1|stroop:s02:r2|stroop:s02:r3|stroop:s03:r0|stroop:s03:r1|stroop:s03:r2|stroop:s03:r3|stroop:s04:r0|stroop:s04:r1|stroop:s04:r2|stroop:s04:r3|stroop:s06:r0|stroop:s06:r1|stroop:s06:r2|stroop:s06:r3|stroop:s07:r0|stroop:s07:r1|stroop:s07:r2|stroop:s07:r3|stroop:s08:r0|stroop:s08:r1|stroop:s08:r2|stroop:s08:r3|stroop:s09:r0|stroop:s09:r1|stroop:s09:r2|stroop:s09:r3|stroop:s10:r0|stroop:s10:r1|stroop:s10:r2|stroop:s10:r3|stroop:s11:r0|stroop:s11:r1|stroop:s11:r2|stroop:s11:r3|stroop:s12:r0|stroop:s12:r1|stroop:s12:r2|stroop:s12:r3,stroop:s13:r0|stroop:s13:r1|stroop:s13:r2|stroop:s13:r3,stroop:s05:r0|stroop:s05:r1|stroop:s05:r2|stroop:s05:r3
loso,stroop,6,seed_invariant,1,True,True,12,48,11,44,1,4,1,4,7169,653,541,2|3|4|5|7|8|9|10|11|12|13,1,stroop:s02:r0|stroop:s02:r1|stroop:s02:r2|stroop:s02:r3|stroop:s03:r0|stroop:s03:r1|stroop:s03:r2|stroop:s03:r3|stroop:s04:r0|stroop:s04:r1|stroop:s04:r2|stroop:s04:r3|stroop:s05:r0|stroop:s05:r1|stroop:s05:r2|stroop:s05:r3|stroop:s07:r0|stroop:s07:r1|stroop:s07:r2|stroop:s07:r3|stroop:s08:r0|stroop:s08:r1|stroop:s08:r2|stroop:s08:r3|stroop:s09:r0|stroop:s09:r1|stroop:s09:r2|stroop:s09:r3|stroop:s10:r0|stroop:s10:r1|stroop:s10:r2|stroop:s10:r3|stroop:s11:r0|stroop:s11:r1|stroop:s11:r2|stroop:s11:r3|stroop:s12:r0|stroop:s12:r1|stroop:s12:r2|stroop:s12:r3|stroop:s13:r0|stroop:s13:r1|stroop:s13:r2|stroop:s13:r3,stroop:s01:r0|stroop:s01:r1|stroop:s01:r2|stroop:s01:r3,stroop:s06:r0|stroop:s06:r1|stroop:s06:r2|stroop:s06:r3
loso,stroop,6,seed_invariant,2,True,True,12,48,11,44,1,4,1,4,6963,859,541,1|3|4|5|7|8|9|10|11|12|13,2,stroop:s01:r0|stroop:s01:r1|stroop:s01:r2|stroop:s01:r3|stroop:s03:r0|stroop:s03:r1|stroop:s03:r2|stroop:s03:r3|stroop:s04:r0|stroop:s04:r1|stroop:s04:r2|stroop:s04:r3|stroop:s05:r0|stroop:s05:r1|stroop:s05:r2|stroop:s05:r3|stroop:s07:r0|stroop:s07:r1|stroop:s07:r2|stroop:s07:r3|stroop:s08:r0|stroop:s08:r1|stroop:s08:r2|stroop:s08:r3|stroop:s09:r0|stroop:s09:r1|stroop:s09:r2|stroop:s09:r3|stroop:s10:r0|stroop:s10:r1|stroop:s10:r2|stroop:s10:r3|stroop:s11:r0|stroop:s11:r1|stroop:s11:r2|stroop:s11:r3|stroop:s12:r0|stroop:s12:r1|stroop:s12:r2|stroop:s12:r3|stroop:s13:r0|stroop:s13:r1|stroop:s13:r2|stroop:s13:r3,stroop:s02:r0|stroop:s02:r1|stroop:s02:r2|stroop:s02:r3,stroop:s06:r0|stroop:s06:r1|stroop:s06:r2|stroop:s06:r3
loso,stroop,6,seed_invariant,3,True,True,12,48,11,44,1,4,1,4,7252,570,541,1|2|4|5|7|8|9|10|11|12|13,3,stroop:s01:r0|stroop:s01:r1|stroop:s01:r2|stroop:s01:r3|stroop:s02:r0|stroop:s02:r1|stroop:s02:r2|stroop:s02:r3|stroop:s04:r0|stroop:s04:r1|stroop:s04:r2|stroop:s04:r3|stroop:s05:r0|stroop:s05:r1|stroop:s05:r2|stroop:s05:r3|stroop:s07:r0|stroop:s07:r1|stroop:s07:r2|stroop:s07:r3|stroop:s08:r0|stroop:s08:r1|stroop:s08:r2|stroop:s08:r3|stroop:s09:r0|stroop:s09:r1|stroop:s09:r2|stroop:s09:r3|stroop:s10:r0|stroop:s10:r1|stroop:s10:r2|stroop:s10:r3|stroop:s11:r0|stroop:s11:r1|stroop:s11:r2|stroop:s11:r3|stroop:s12:r0|stroop:s12:r1|stroop:s12:r2|stroop:s12:r3|stroop:s13:r0|stroop:s13:r1|stroop:s13:r2|stroop:s13:r3,stroop:s03:r0|stroop:s03:r1|stroop:s03:r2|stroop:s03:r3,stroop:s06:r0|stroop:s06:r1|stroop:s06:r2|stroop:s06:r3
loso,stroop,6,seed_invariant,4,True,True,12,48,11,44,1,4,1,4,7363,459,541,1|2|3|5|7|8|9|10|11|12|13,4,stroop:s01:r0|stroop:s01:r1|stroop:s01:r2|stroop:s01:r3|stroop:s02:r0|stroop:s02:r1|stroop:s02:r2|stroop:s02:r3|stroop:s03:r0|stroop:s03:r1|stroop:s03:r2|stroop:s03:r3|stroop:s05:r0|stroop:s05:r1|stroop:s05:r2|stroop:s05:r3|stroop:s07:r0|stroop:s07:r1|stroop:s07:r2|stroop:s07:r3|stroop:s08:r0|stroop:s08:r1|stroop:s08:r2|stroop:s08:r3|stroop:s09:r0|stroop:s09:r1|stroop:s09:r2|stroop:s09:r3|stroop:s10:r0|stroop:s10:r1|stroop:s10:r2|stroop:s10:r3|stroop:s11:r0|stroop:s11:r1|stroop:s11:r2|stroop:s11:r3|stroop:s12:r0|stroop:s12:r1|stroop:s12:r2|stroop:s12:r3|stroop:s13:r0|stroop:s13:r1|stroop:s13:r2|stroop:s13:r3,stroop:s04:r0|stroop:s04:r1|stroop:s04:r2|stroop:s04:r3,stroop:s06:r0|stroop:s06:r1|stroop:s06:r2|stroop:s06:r3
loso,stroop,6,seed_invariant,5,True,True,12,48,11,44,1,4,1,4,7162,660,541,1|2|3|4|7|8|9|10|11|12|13,5,stroop:s01:r0|stroop:s01:r1|stroop:s01:r2|stroop:s01:r3|stroop:s02:r0|stroop:s02:r1|stroop:s02:r2|stroop:s02:r3|stroop:s03:r0|stroop:s03:r1|stroop:s03:r2|stroop:s03:r3|stroop:s04:r0|stroop:s04:r1|stroop:s04:r2|stroop:s04:r3|stroop:s07:r0|stroop:s07:r1|stroop:s07:r2|stroop:s07:r3|stroop:s08:r0|stroop:s08:r1|stroop:s08:r2|stroop:s08:r3|stroop:s09:r0|stroop:s09:r1|stroop:s09:r2|stroop:s09:r3|stroop:s10:r0|stroop:s10:r1|stroop:s10:r2|stroop:s10:r3|stroop:s11:r0|stroop:s11:r1|stroop:s11:r2|stroop:s11:r3|stroop:s12:r0|stroop:s12:r1|stroop:s12:r2|stroop:s12:r3|stroop:s13:r0|stroop:s13:r1|stroop:s13:r2|stroop:s13:r3,stroop:s05:r0|stroop:s05:r1|stroop:s05:r2|stroop:s05:r3,stroop:s06:r0|stroop:s06:r1|stroop:s06:r2|stroop:s06:r3
loso,stroop,6,seed_invariant,6,True,True,12,48,11,44,1,4,1,4,7281,541,541,1|2|3|4|5|8|9|10|11|12|13,7,stroop:s01:r0|stroop:s01:r1|stroop:s01:r2|stroop:s01:r3|stroop:s02:r0|stroop:s02:r1|stroop:s02:r2|stroop:s02:r3|stroop:s03:r0|stroop:s03:r1|stroop:s03:r2|stroop:s03:r3|stroop:s04:r0|stroop:s04:r1|stroop:s04:r2|stroop:s04:r3|stroop:s05:r0|stroop:s05:r1|stroop:s05:r2|stroop:s05:r3|stroop:s08:r0|stroop:s08:r1|stroop:s08:r2|stroop:s08:r3|stroop:s09:r0|stroop:s09:r1|stroop:s09:r2|stroop:s09:r3|stroop:s10:r0|stroop:s10:r1|stroop:s10:r2|stroop:s10:r3|stroop:s11:r0|stroop:s11:r1|stroop:s11:r2|stroop:s11:r3|stroop:s12:r0|stroop:s12:r1|stroop:s12:r2|stroop:s12:r3|stroop:s13:r0|stroop:s13:r1|stroop:s13:r2|stroop:s13:r3,stroop:s07:r0|stroop:s07:r1|stroop:s07:r2|stroop:s07:r3,stroop:s06:r0|stroop:s06:r1|stroop:s06:r2|stroop:s06:r3
loso,stroop,6,seed_invariant,7,True,True,12,48,11,44,1,4,1,4,7076,746,541,1|2|3|4|5|7|9|10|11|12|13,8,stroop:s01:r0|stroop:s01:r1|stroop:s01:r2|stroop:s01:r3|stroop:s02:r0|stroop:s02:r1|stroop:s02:r2|stroop:s02:r3|stroop:s03:r0|stroop:s03:r1|stroop:s03:r2|stroop:s03:r3|stroop:s04:r0|stroop:s04:r1|stroop:s04:r2|stroop:s04:r3|stroop:s05:r0|stroop:s05:r1|stroop:s05:r2|stroop:s05:r3|stroop:s07:r0|stroop:s07:r1|stroop:s07:r2|stroop:s07:r3|stroop:s09:r0|stroop:s09:r1|stroop:s09:r2|stroop:s09:r3|stroop:s10:r0|stroop:s10:r1|stroop:s10:r2|stroop:s10:r3|stroop:s11:r0|stroop:s11:r1|stroop:s11:r2|stroop:s11:r3|stroop:s12:r0|stroop:s12:r1|stroop:s12:r2|stroop:s12:r3|stroop:s13:r0|stroop:s13:r1|stroop:s13:r2|stroop:s13:r3,stroop:s08:r0|stroop:s08:r1|stroop:s08:r2|stroop:s08:r3,stroop:s06:r0|stroop:s06:r1|stroop:s06:r2|stroop:s06:r3
loso,stroop,6,seed_invariant,8,True,True,12,48,11,44,1,4,1,4,6949,873,541,1|2|3|4|5|7|8|10|11|12|13,9,stroop:s01:r0|stroop:s01:r1|stroop:s01:r2|stroop:s01:r3|stroop:s02:r0|stroop:s02:r1|stroop:s02:r2|stroop:s02:r3|stroop:s03:r0|stroop:s03:r1|stroop:s03:r2|stroop:s03:r3|stroop:s04:r0|stroop:s04:r1|stroop:s04:r2|stroop:s04:r3|stroop:s05:r0|stroop:s05:r1|stroop:s05:r2|stroop:s05:r3|stroop:s07:r0|stroop:s07:r1|stroop:s07:r2|stroop:s07:r3|stroop:s08:r0|stroop:s08:r1|stroop:s08:r2|stroop:s08:r3|stroop:s10:r0|stroop:s10:r1|stroop:s10:r2|stroop:s10:r3|stroop:s11:r0|stroop:s11:r1|stroop:s11:r2|stroop:s11:r3|stroop:s12:r0|stroop:s12:r1|stroop:s12:r2|stroop:s12:r3|stroop:s13:r0|stroop:s13:r1|stroop:s13:r2|stroop:s13:r3,stroop:s09:r0|stroop:s09:r1|stroop:s09:r2|stroop:s09:r3,stroop:s06:r0|stroop:s06:r1|stroop:s06:r2|stroop:s06:r3
loso,stroop,6,seed_invariant,9,True,True,12,48,11,44,1,4,1,4,7229,593,541,1|2|3|4|5|7|8|9|11|12|13,10,stroop:s01:r0|stroop:s01:r1|stroop:s01:r2|stroop:s01:r3|stroop:s02:r0|stroop:s02:r1|stroop:s02:r2|stroop:s02:r3|stroop:s03:r0|stroop:s03:r1|stroop:s03:r2|stroop:s03:r3|stroop:s04:r0|stroop:s04:r1|stroop:s04:r2|stroop:s04:r3|stroop:s05:r0|stroop:s05:r1|stroop:s05:r2|stroop:s05:r3|stroop:s07:r0|stroop:s07:r1|stroop:s07:r2|stroop:s07:r3|stroop:s08:r0|stroop:s08:r1|stroop:s08:r2|stroop:s08:r3|stroop:s09:r0|stroop:s09:r1|stroop:s09:r2|stroop:s09:r3|stroop:s11:r0|stroop:s11:r1|stroop:s11:r2|stroop:s11:r3|stroop:s12:r0|stroop:s12:r1|stroop:s12:r2|stroop:s12:r3|stroop:s13:r0|stroop:s13:r1|stroop:s13:r2|stroop:s13:r3,stroop:s10:r0|stroop:s10:r1|stroop:s10:r2|stroop:s10:r3,stroop:s06:r0|stroop:s06:r1|stroop:s06:r2|stroop:s06:r3
loso,stroop,6,seed_invariant,10,True,True,12,48,11,44,1,4,1,4,7150,672,541,1|2|3|4|5|7|8|9|10|12|13,11,stroop:s01:r0|stroop:s01:r1|stroop:s01:r2|stroop:s01:r3|stroop:s02:r0|stroop:s02:r1|stroop:s02:r2|stroop:s02:r3|stroop:s03:r0|stroop:s03:r1|stroop:s03:r2|stroop:s03:r3|stroop:s04:r0|stroop:s04:r1|stroop:s04:r2|stroop:s04:r3|stroop:s05:r0|stroop:s05:r1|stroop:s05:r2|stroop:s05:r3|stroop:s07:r0|stroop:s07:r1|stroop:s07:r2|stroop:s07:r3|stroop:s08:r0|stroop:s08:r1|stroop:s08:r2|stroop:s08:r3|stroop:s09:r0|stroop:s09:r1|stroop:s09:r2|stroop:s09:r3|stroop:s10:r0|stroop:s10:r1|stroop:s10:r2|stroop:s10:r3|stroop:s12:r0|stroop:s12:r1|stroop:s12:r2|stroop:s12:r3|stroop:s13:r0|stroop:s13:r1|stroop:s13:r2|stroop:s13:r3,stroop:s11:r0|stroop:s11:r1|stroop:s11:r2|stroop:s11:r3,stroop:s06:r0|stroop:s06:r1|stroop:s06:r2|stroop:s06:r3
loso,stroop,6,seed_invariant,11,True,True,12,48,11,44,1,4,1,4,7199,623,541,1|2|3|4|5|7|8|9|10|11|13,12,stroop:s01:r0|stroop:s01:r1|stroop:s01:r2|stroop:s01:r3|stroop:s02:r0|stroop:s02:r1|stroop:s02:r2|stroop:s02:r3|stroop:s03:r0|stroop:s03:r1|stroop:s03:r2|stroop:s03:r3|stroop:s04:r0|stroop:s04:r1|stroop:s04:r2|stroop:s04:r3|stroop:s05:r0|stroop:s05:r1|stroop:s05:r2|stroop:s05:r3|stroop:s07:r0|stroop:s07:r1|stroop:s07:r2|stroop:s07:r3|stroop:s08:r0|stroop:s08:r1|stroop:s08:r2|stroop:s08:r3|stroop:s09:r0|stroop:s09:r1|stroop:s09:r2|stroop:s09:r3|stroop:s10:r0|stroop:s10:r1|stroop:s10:r2|stroop:s10:r3|stroop:s11:r0|stroop:s11:r1|stroop:s11:r2|stroop:s11:r3|stroop:s13:r0|stroop:s13:r1|stroop:s13:r2|stroop:s13:r3,stroop:s12:r0|stroop:s12:r1|stroop:s12:r2|stroop:s12:r3,stroop:s06:r0|stroop:s06:r1|stroop:s06:r2|stroop:s06:r3
loso,stroop,6,seed_invariant,12,True,True,12,48,11,44,1,4,1,4,7249,573,541,1|2|3|4|5|7|8|9|10|11|12,13,stroop:s01:r0|stroop:s01:r1|stroop:s01:r2|stroop:s01:r3|stroop:s02:r0|stroop:s02:r1|stroop:s02:r2|stroop:s02:r3|stroop:s03:r0|stroop:s03:r1|stroop:s03:r2|stroop:s03:r3|stroop:s04:r0|stroop:s04:r1|stroop:s04:r2|stroop:s04:r3|stroop:s05:r0|stroop:s05:r1|stroop:s05:r2|stroop:s05:r3|stroop:s07:r0|stroop:s07:r1|stroop:s07:r2|stroop:s07:r3|stroop:s08:r0|stroop:s08:r1|stroop:s08:r2|stroop:s08:r3|stroop:s09:r0|stroop:s09:r1|stroop:s09:r2|stroop:s09:r3|stroop:s10:r0|stroop:s10:r1|stroop:s10:r2|stroop:s10:r3|stroop:s11:r0|stroop:s11:r1|stroop:s11:r2|stroop:s11:r3|stroop:s12:r0|stroop:s12:r1|stroop:s12:r2|stroop:s12:r3,stroop:s13:r0|stroop:s13:r1|stroop:s13:r2|stroop:s13:r3,stroop:s06:r0|stroop:s06:r1|stroop:s06:r2|stroop:s06:r3
loso,stroop,7,seed_invariant,1,True,True,12,48,11,44,1,4,1,4,7169,653,541,2|3|4|5|6|8|9|10|11|12|13,1,stroop:s02:r0|stroop:s02:r1|stroop:s02:r2|stroop:s02:r3|stroop:s03:r0|stroop:s03:r1|stroop:s03:r2|stroop:s03:r3|stroop:s04:r0|stroop:s04:r1|stroop:s04:r2|stroop:s04:r3|stroop:s05:r0|stroop:s05:r1|stroop:s05:r2|stroop:s05:r3|stroop:s06:r0|stroop:s06:r1|stroop:s06:r2|stroop:s06:r3|stroop:s08:r0|stroop:s08:r1|stroop:s08:r2|stroop:s08:r3|stroop:s09:r0|stroop:s09:r1|stroop:s09:r2|stroop:s09:r3|stroop:s10:r0|stroop:s10:r1|stroop:s10:r2|stroop:s10:r3|stroop:s11:r0|stroop:s11:r1|stroop:s11:r2|stroop:s11:r3|stroop:s12:r0|stroop:s12:r1|stroop:s12:r2|stroop:s12:r3|stroop:s13:r0|stroop:s13:r1|stroop:s13:r2|stroop:s13:r3,stroop:s01:r0|stroop:s01:r1|stroop:s01:r2|stroop:s01:r3,stroop:s07:r0|stroop:s07:r1|stroop:s07:r2|stroop:s07:r3
loso,stroop,7,seed_invariant,2,True,True,12,48,11,44,1,4,1,4,6963,859,541,1|3|4|5|6|8|9|10|11|12|13,2,stroop:s01:r0|stroop:s01:r1|stroop:s01:r2|stroop:s01:r3|stroop:s03:r0|stroop:s03:r1|stroop:s03:r2|stroop:s03:r3|stroop:s04:r0|stroop:s04:r1|stroop:s04:r2|stroop:s04:r3|stroop:s05:r0|stroop:s05:r1|stroop:s05:r2|stroop:s05:r3|stroop:s06:r0|stroop:s06:r1|stroop:s06:r2|stroop:s06:r3|stroop:s08:r0|stroop:s08:r1|stroop:s08:r2|stroop:s08:r3|stroop:s09:r0|stroop:s09:r1|stroop:s09:r2|stroop:s09:r3|stroop:s10:r0|stroop:s10:r1|stroop:s10:r2|stroop:s10:r3|stroop:s11:r0|stroop:s11:r1|stroop:s11:r2|stroop:s11:r3|stroop:s12:r0|stroop:s12:r1|stroop:s12:r2|stroop:s12:r3|stroop:s13:r0|stroop:s13:r1|stroop:s13:r2|stroop:s13:r3,stroop:s02:r0|stroop:s02:r1|stroop:s02:r2|stroop:s02:r3,stroop:s07:r0|stroop:s07:r1|stroop:s07:r2|stroop:s07:r3
loso,stroop,7,seed_invariant,3,True,True,12,48,11,44,1,4,1,4,7252,570,541,1|2|4|5|6|8|9|10|11|12|13,3,stroop:s01:r0|stroop:s01:r1|stroop:s01:r2|stroop:s01:r3|stroop:s02:r0|stroop:s02:r1|stroop:s02:r2|stroop:s02:r3|stroop:s04:r0|stroop:s04:r1|stroop:s04:r2|stroop:s04:r3|stroop:s05:r0|stroop:s05:r1|stroop:s05:r2|stroop:s05:r3|stroop:s06:r0|stroop:s06:r1|stroop:s06:r2|stroop:s06:r3|stroop:s08:r0|stroop:s08:r1|stroop:s08:r2|stroop:s08:r3|stroop:s09:r0|stroop:s09:r1|stroop:s09:r2|stroop:s09:r3|stroop:s10:r0|stroop:s10:r1|stroop:s10:r2|stroop:s10:r3|stroop:s11:r0|stroop:s11:r1|stroop:s11:r2|stroop:s11:r3|stroop:s12:r0|stroop:s12:r1|stroop:s12:r2|stroop:s12:r3|stroop:s13:r0|stroop:s13:r1|stroop:s13:r2|stroop:s13:r3,stroop:s03:r0|stroop:s03:r1|stroop:s03:r2|stroop:s03:r3,stroop:s07:r0|stroop:s07:r1|stroop:s07:r2|stroop:s07:r3
loso,stroop,7,seed_invariant,4,True,True,12,48,11,44,1,4,1,4,7363,459,541,1|2|3|5|6|8|9|10|11|12|13,4,stroop:s01:r0|stroop:s01:r1|stroop:s01:r2|stroop:s01:r3|stroop:s02:r0|stroop:s02:r1|stroop:s02:r2|stroop:s02:r3|stroop:s03:r0|stroop:s03:r1|stroop:s03:r2|stroop:s03:r3|stroop:s05:r0|stroop:s05:r1|stroop:s05:r2|stroop:s05:r3|stroop:s06:r0|stroop:s06:r1|stroop:s06:r2|stroop:s06:r3|stroop:s08:r0|stroop:s08:r1|stroop:s08:r2|stroop:s08:r3|stroop:s09:r0|stroop:s09:r1|stroop:s09:r2|stroop:s09:r3|stroop:s10:r0|stroop:s10:r1|stroop:s10:r2|stroop:s10:r3|stroop:s11:r0|stroop:s11:r1|stroop:s11:r2|stroop:s11:r3|stroop:s12:r0|stroop:s12:r1|stroop:s12:r2|stroop:s12:r3|stroop:s13:r0|stroop:s13:r1|stroop:s13:r2|stroop:s13:r3,stroop:s04:r0|stroop:s04:r1|stroop:s04:r2|stroop:s04:r3,stroop:s07:r0|stroop:s07:r1|stroop:s07:r2|stroop:s07:r3
loso,stroop,7,seed_invariant,5,True,True,12,48,11,44,1,4,1,4,7162,660,541,1|2|3|4|6|8|9|10|11|12|13,5,stroop:s01:r0|stroop:s01:r1|stroop:s01:r2|stroop:s01:r3|stroop:s02:r0|stroop:s02:r1|stroop:s02:r2|stroop:s02:r3|stroop:s03:r0|stroop:s03:r1|stroop:s03:r2|stroop:s03:r3|stroop:s04:r0|stroop:s04:r1|stroop:s04:r2|stroop:s04:r3|stroop:s06:r0|stroop:s06:r1|stroop:s06:r2|stroop:s06:r3|stroop:s08:r0|stroop:s08:r1|stroop:s08:r2|stroop:s08:r3|stroop:s09:r0|stroop:s09:r1|stroop:s09:r2|stroop:s09:r3|stroop:s10:r0|stroop:s10:r1|stroop:s10:r2|stroop:s10:r3|stroop:s11:r0|stroop:s11:r1|stroop:s11:r2|stroop:s11:r3|stroop:s12:r0|stroop:s12:r1|stroop:s12:r2|stroop:s12:r3|stroop:s13:r0|stroop:s13:r1|stroop:s13:r2|stroop:s13:r3,stroop:s05:r0|stroop:s05:r1|stroop:s05:r2|stroop:s05:r3,stroop:s07:r0|stroop:s07:r1|stroop:s07:r2|stroop:s07:r3
loso,stroop,7,seed_invariant,6,True,True,12,48,11,44,1,4,1,4,7281,541,541,1|2|3|4|5|8|9|10|11|12|13,6,stroop:s01:r0|stroop:s01:r1|stroop:s01:r2|stroop:s01:r3|stroop:s02:r0|stroop:s02:r1|stroop:s02:r2|stroop:s02:r3|stroop:s03:r0|stroop:s03:r1|stroop:s03:r2|stroop:s03:r3|stroop:s04:r0|stroop:s04:r1|stroop:s04:r2|stroop:s04:r3|stroop:s05:r0|stroop:s05:r1|stroop:s05:r2|stroop:s05:r3|stroop:s08:r0|stroop:s08:r1|stroop:s08:r2|stroop:s08:r3|stroop:s09:r0|stroop:s09:r1|stroop:s09:r2|stroop:s09:r3|stroop:s10:r0|stroop:s10:r1|stroop:s10:r2|stroop:s10:r3|stroop:s11:r0|stroop:s11:r1|stroop:s11:r2|stroop:s11:r3|stroop:s12:r0|stroop:s12:r1|stroop:s12:r2|stroop:s12:r3|stroop:s13:r0|stroop:s13:r1|stroop:s13:r2|stroop:s13:r3,stroop:s06:r0|stroop:s06:r1|stroop:s06:r2|stroop:s06:r3,stroop:s07:r0|stroop:s07:r1|stroop:s07:r2|stroop:s07:r3
loso,stroop,7,seed_invariant,7,True,True,12,48,11,44,1,4,1,4,7076,746,541,1|2|3|4|5|6|9|10|11|12|13,8,stroop:s01:r0|stroop:s01:r1|stroop:s01:r2|stroop:s01:r3|stroop:s02:r0|stroop:s02:r1|stroop:s02:r2|stroop:s02:r3|stroop:s03:r0|stroop:s03:r1|stroop:s03:r2|stroop:s03:r3|stroop:s04:r0|stroop:s04:r1|stroop:s04:r2|stroop:s04:r3|stroop:s05:r0|stroop:s05:r1|stroop:s05:r2|stroop:s05:r3|stroop:s06:r0|stroop:s06:r1|stroop:s06:r2|stroop:s06:r3|stroop:s09:r0|stroop:s09:r1|stroop:s09:r2|stroop:s09:r3|stroop:s10:r0|stroop:s10:r1|stroop:s10:r2|stroop:s10:r3|stroop:s11:r0|stroop:s11:r1|stroop:s11:r2|stroop:s11:r3|stroop:s12:r0|stroop:s12:r1|stroop:s12:r2|stroop:s12:r3|stroop:s13:r0|stroop:s13:r1|stroop:s13:r2|stroop:s13:r3,stroop:s08:r0|stroop:s08:r1|stroop:s08:r2|stroop:s08:r3,stroop:s07:r0|stroop:s07:r1|stroop:s07:r2|stroop:s07:r3
loso,stroop,7,seed_invariant,8,True,True,12,48,11,44,1,4,1,4,6949,873,541,1|2|3|4|5|6|8|10|11|12|13,9,stroop:s01:r0|stroop:s01:r1|stroop:s01:r2|stroop:s01:r3|stroop:s02:r0|stroop:s02:r1|stroop:s02:r2|stroop:s02:r3|stroop:s03:r0|stroop:s03:r1|stroop:s03:r2|stroop:s03:r3|stroop:s04:r0|stroop:s04:r1|stroop:s04:r2|stroop:s04:r3|stroop:s05:r0|stroop:s05:r1|stroop:s05:r2|stroop:s05:r3|stroop:s06:r0|stroop:s06:r1|stroop:s06:r2|stroop:s06:r3|stroop:s08:r0|stroop:s08:r1|stroop:s08:r2|stroop:s08:r3|stroop:s10:r0|stroop:s10:r1|stroop:s10:r2|stroop:s10:r3|stroop:s11:r0|stroop:s11:r1|stroop:s11:r2|stroop:s11:r3|stroop:s12:r0|stroop:s12:r1|stroop:s12:r2|stroop:s12:r3|stroop:s13:r0|stroop:s13:r1|stroop:s13:r2|stroop:s13:r3,stroop:s09:r0|stroop:s09:r1|stroop:s09:r2|stroop:s09:r3,stroop:s07:r0|stroop:s07:r1|stroop:s07:r2|stroop:s07:r3
loso,stroop,7,seed_invariant,9,True,True,12,48,11,44,1,4,1,4,7229,593,541,1|2|3|4|5|6|8|9|11|12|13,10,stroop:s01:r0|stroop:s01:r1|stroop:s01:r2|stroop:s01:r3|stroop:s02:r0|stroop:s02:r1|stroop:s02:r2|stroop:s02:r3|stroop:s03:r0|stroop:s03:r1|stroop:s03:r2|stroop:s03:r3|stroop:s04:r0|stroop:s04:r1|stroop:s04:r2|stroop:s04:r3|stroop:s05:r0|stroop:s05:r1|stroop:s05:r2|stroop:s05:r3|stroop:s06:r0|stroop:s06:r1|stroop:s06:r2|stroop:s06:r3|stroop:s08:r0|stroop:s08:r1|stroop:s08:r2|stroop:s08:r3|stroop:s09:r0|stroop:s09:r1|stroop:s09:r2|stroop:s09:r3|stroop:s11:r0|stroop:s11:r1|stroop:s11:r2|stroop:s11:r3|stroop:s12:r0|stroop:s12:r1|stroop:s12:r2|stroop:s12:r3|stroop:s13:r0|stroop:s13:r1|stroop:s13:r2|stroop:s13:r3,stroop:s10:r0|stroop:s10:r1|stroop:s10:r2|stroop:s10:r3,stroop:s07:r0|stroop:s07:r1|stroop:s07:r2|stroop:s07:r3
loso,stroop,7,seed_invariant,10,True,True,12,48,11,44,1,4,1,4,7150,672,541,1|2|3|4|5|6|8|9|10|12|13,11,stroop:s01:r0|stroop:s01:r1|stroop:s01:r2|stroop:s01:r3|stroop:s02:r0|stroop:s02:r1|stroop:s02:r2|stroop:s02:r3|stroop:s03:r0|stroop:s03:r1|stroop:s03:r2|stroop:s03:r3|stroop:s04:r0|stroop:s04:r1|stroop:s04:r2|stroop:s04:r3|stroop:s05:r0|stroop:s05:r1|stroop:s05:r2|stroop:s05:r3|stroop:s06:r0|stroop:s06:r1|stroop:s06:r2|stroop:s06:r3|stroop:s08:r0|stroop:s08:r1|stroop:s08:r2|stroop:s08:r3|stroop:s09:r0|stroop:s09:r1|stroop:s09:r2|stroop:s09:r3|stroop:s10:r0|stroop:s10:r1|stroop:s10:r2|stroop:s10:r3|stroop:s12:r0|stroop:s12:r1|stroop:s12:r2|stroop:s12:r3|stroop:s13:r0|stroop:s13:r1|stroop:s13:r2|stroop:s13:r3,stroop:s11:r0|stroop:s11:r1|stroop:s11:r2|stroop:s11:r3,stroop:s07:r0|stroop:s07:r1|stroop:s07:r2|stroop:s07:r3
loso,stroop,7,seed_invariant,11,True,True,12,48,11,44,1,4,1,4,7199,623,541,1|2|3|4|5|6|8|9|10|11|13,12,stroop:s01:r0|stroop:s01:r1|stroop:s01:r2|stroop:s01:r3|stroop:s02:r0|stroop:s02:r1|stroop:s02:r2|stroop:s02:r3|stroop:s03:r0|stroop:s03:r1|stroop:s03:r2|stroop:s03:r3|stroop:s04:r0|stroop:s04:r1|stroop:s04:r2|stroop:s04:r3|stroop:s05:r0|stroop:s05:r1|stroop:s05:r2|stroop:s05:r3|stroop:s06:r0|stroop:s06:r1|stroop:s06:r2|stroop:s06:r3|stroop:s08:r0|stroop:s08:r1|stroop:s08:r2|stroop:s08:r3|stroop:s09:r0|stroop:s09:r1|stroop:s09:r2|stroop:s09:r3|stroop:s10:r0|stroop:s10:r1|stroop:s10:r2|stroop:s10:r3|stroop:s11:r0|stroop:s11:r1|stroop:s11:r2|stroop:s11:r3|stroop:s13:r0|stroop:s13:r1|stroop:s13:r2|stroop:s13:r3,stroop:s12:r0|stroop:s12:r1|stroop:s12:r2|stroop:s12:r3,stroop:s07:r0|stroop:s07:r1|stroop:s07:r2|stroop:s07:r3
loso,stroop,7,seed_invariant,12,True,True,12,48,11,44,1,4,1,4,7249,573,541,1|2|3|4|5|6|8|9|10|11|12,13,stroop:s01:r0|stroop:s01:r1|stroop:s01:r2|stroop:s01:r3|stroop:s02:r0|stroop:s02:r1|stroop:s02:r2|stroop:s02:r3|stroop:s03:r0|stroop:s03:r1|stroop:s03:r2|stroop:s03:r3|stroop:s04:r0|stroop:s04:r1|stroop:s04:r2|stroop:s04:r3|stroop:s05:r0|stroop:s05:r1|stroop:s05:r2|stroop:s05:r3|stroop:s06:r0|stroop:s06:r1|stroop:s06:r2|stroop:s06:r3|stroop:s08:r0|stroop:s08:r1|stroop:s08:r2|stroop:s08:r3|stroop:s09:r0|stroop:s09:r1|stroop:s09:r2|stroop:s09:r3|stroop:s10:r0|stroop:s10:r1|stroop:s10:r2|stroop:s10:r3|stroop:s11:r0|stroop:s11:r1|stroop:s11:r2|stroop:s11:r3|stroop:s12:r0|stroop:s12:r1|stroop:s12:r2|stroop:s12:r3,stroop:s13:r0|stroop:s13:r1|stroop:s13:r2|stroop:s13:r3,stroop:s07:r0|stroop:s07:r1|stroop:s07:r2|stroop:s07:r3
loso,stroop,8,seed_invariant,1,True,True,12,48,11,44,1,4,1,4,6964,653,746,2|3|4|5|6|7|9|10|11|12|13,1,stroop:s02:r0|stroop:s02:r1|stroop:s02:r2|stroop:s02:r3|stroop:s03:r0|stroop:s03:r1|stroop:s03:r2|stroop:s03:r3|stroop:s04:r0|stroop:s04:r1|stroop:s04:r2|stroop:s04:r3|stroop:s05:r0|stroop:s05:r1|stroop:s05:r2|stroop:s05:r3|stroop:s06:r0|stroop:s06:r1|stroop:s06:r2|stroop:s06:r3|stroop:s07:r0|stroop:s07:r1|stroop:s07:r2|stroop:s07:r3|stroop:s09:r0|stroop:s09:r1|stroop:s09:r2|stroop:s09:r3|stroop:s10:r0|stroop:s10:r1|stroop:s10:r2|stroop:s10:r3|stroop:s11:r0|stroop:s11:r1|stroop:s11:r2|stroop:s11:r3|stroop:s12:r0|stroop:s12:r1|stroop:s12:r2|stroop:s12:r3|stroop:s13:r0|stroop:s13:r1|stroop:s13:r2|stroop:s13:r3,stroop:s01:r0|stroop:s01:r1|stroop:s01:r2|stroop:s01:r3,stroop:s08:r0|stroop:s08:r1|stroop:s08:r2|stroop:s08:r3
loso,stroop,8,seed_invariant,2,True,True,12,48,11,44,1,4,1,4,6758,859,746,1|3|4|5|6|7|9|10|11|12|13,2,stroop:s01:r0|stroop:s01:r1|stroop:s01:r2|stroop:s01:r3|stroop:s03:r0|stroop:s03:r1|stroop:s03:r2|stroop:s03:r3|stroop:s04:r0|stroop:s04:r1|stroop:s04:r2|stroop:s04:r3|stroop:s05:r0|stroop:s05:r1|stroop:s05:r2|stroop:s05:r3|stroop:s06:r0|stroop:s06:r1|stroop:s06:r2|stroop:s06:r3|stroop:s07:r0|stroop:s07:r1|stroop:s07:r2|stroop:s07:r3|stroop:s09:r0|stroop:s09:r1|stroop:s09:r2|stroop:s09:r3|stroop:s10:r0|stroop:s10:r1|stroop:s10:r2|stroop:s10:r3|stroop:s11:r0|stroop:s11:r1|stroop:s11:r2|stroop:s11:r3|stroop:s12:r0|stroop:s12:r1|stroop:s12:r2|stroop:s12:r3|stroop:s13:r0|stroop:s13:r1|stroop:s13:r2|stroop:s13:r3,stroop:s02:r0|stroop:s02:r1|stroop:s02:r2|stroop:s02:r3,stroop:s08:r0|stroop:s08:r1|stroop:s08:r2|stroop:s08:r3
loso,stroop,8,seed_invariant,3,True,True,12,48,11,44,1,4,1,4,7047,570,746,1|2|4|5|6|7|9|10|11|12|13,3,stroop:s01:r0|stroop:s01:r1|stroop:s01:r2|stroop:s01:r3|stroop:s02:r0|stroop:s02:r1|stroop:s02:r2|stroop:s02:r3|stroop:s04:r0|stroop:s04:r1|stroop:s04:r2|stroop:s04:r3|stroop:s05:r0|stroop:s05:r1|stroop:s05:r2|stroop:s05:r3|stroop:s06:r0|stroop:s06:r1|stroop:s06:r2|stroop:s06:r3|stroop:s07:r0|stroop:s07:r1|stroop:s07:r2|stroop:s07:r3|stroop:s09:r0|stroop:s09:r1|stroop:s09:r2|stroop:s09:r3|stroop:s10:r0|stroop:s10:r1|stroop:s10:r2|stroop:s10:r3|stroop:s11:r0|stroop:s11:r1|stroop:s11:r2|stroop:s11:r3|stroop:s12:r0|stroop:s12:r1|stroop:s12:r2|stroop:s12:r3|stroop:s13:r0|stroop:s13:r1|stroop:s13:r2|stroop:s13:r3,stroop:s03:r0|stroop:s03:r1|stroop:s03:r2|stroop:s03:r3,stroop:s08:r0|stroop:s08:r1|stroop:s08:r2|stroop:s08:r3
loso,stroop,8,seed_invariant,4,True,True,12,48,11,44,1,4,1,4,7158,459,746,1|2|3|5|6|7|9|10|11|12|13,4,stroop:s01:r0|stroop:s01:r1|stroop:s01:r2|stroop:s01:r3|stroop:s02:r0|stroop:s02:r1|stroop:s02:r2|stroop:s02:r3|stroop:s03:r0|stroop:s03:r1|stroop:s03:r2|stroop:s03:r3|stroop:s05:r0|stroop:s05:r1|stroop:s05:r2|stroop:s05:r3|stroop:s06:r0|stroop:s06:r1|stroop:s06:r2|stroop:s06:r3|stroop:s07:r0|stroop:s07:r1|stroop:s07:r2|stroop:s07:r3|stroop:s09:r0|stroop:s09:r1|stroop:s09:r2|stroop:s09:r3|stroop:s10:r0|stroop:s10:r1|stroop:s10:r2|stroop:s10:r3|stroop:s11:r0|stroop:s11:r1|stroop:s11:r2|stroop:s11:r3|stroop:s12:r0|stroop:s12:r1|stroop:s12:r2|stroop:s12:r3|stroop:s13:r0|stroop:s13:r1|stroop:s13:r2|stroop:s13:r3,stroop:s04:r0|stroop:s04:r1|stroop:s04:r2|stroop:s04:r3,stroop:s08:r0|stroop:s08:r1|stroop:s08:r2|stroop:s08:r3
loso,stroop,8,seed_invariant,5,True,True,12,48,11,44,1,4,1,4,6957,660,746,1|2|3|4|6|7|9|10|11|12|13,5,stroop:s01:r0|stroop:s01:r1|stroop:s01:r2|stroop:s01:r3|stroop:s02:r0|stroop:s02:r1|stroop:s02:r2|stroop:s02:r3|stroop:s03:r0|stroop:s03:r1|stroop:s03:r2|stroop:s03:r3|stroop:s04:r0|stroop:s04:r1|stroop:s04:r2|stroop:s04:r3|stroop:s06:r0|stroop:s06:r1|stroop:s06:r2|stroop:s06:r3|stroop:s07:r0|stroop:s07:r1|stroop:s07:r2|stroop:s07:r3|stroop:s09:r0|stroop:s09:r1|stroop:s09:r2|stroop:s09:r3|stroop:s10:r0|stroop:s10:r1|stroop:s10:r2|stroop:s10:r3|stroop:s11:r0|stroop:s11:r1|stroop:s11:r2|stroop:s11:r3|stroop:s12:r0|stroop:s12:r1|stroop:s12:r2|stroop:s12:r3|stroop:s13:r0|stroop:s13:r1|stroop:s13:r2|stroop:s13:r3,stroop:s05:r0|stroop:s05:r1|stroop:s05:r2|stroop:s05:r3,stroop:s08:r0|stroop:s08:r1|stroop:s08:r2|stroop:s08:r3
loso,stroop,8,seed_invariant,6,True,True,12,48,11,44,1,4,1,4,7076,541,746,1|2|3|4|5|7|9|10|11|12|13,6,stroop:s01:r0|stroop:s01:r1|stroop:s01:r2|stroop:s01:r3|stroop:s02:r0|stroop:s02:r1|stroop:s02:r2|stroop:s02:r3|stroop:s03:r0|stroop:s03:r1|stroop:s03:r2|stroop:s03:r3|stroop:s04:r0|stroop:s04:r1|stroop:s04:r2|stroop:s04:r3|stroop:s05:r0|stroop:s05:r1|stroop:s05:r2|stroop:s05:r3|stroop:s07:r0|stroop:s07:r1|stroop:s07:r2|stroop:s07:r3|stroop:s09:r0|stroop:s09:r1|stroop:s09:r2|stroop:s09:r3|stroop:s10:r0|stroop:s10:r1|stroop:s10:r2|stroop:s10:r3|stroop:s11:r0|stroop:s11:r1|stroop:s11:r2|stroop:s11:r3|stroop:s12:r0|stroop:s12:r1|stroop:s12:r2|stroop:s12:r3|stroop:s13:r0|stroop:s13:r1|stroop:s13:r2|stroop:s13:r3,stroop:s06:r0|stroop:s06:r1|stroop:s06:r2|stroop:s06:r3,stroop:s08:r0|stroop:s08:r1|stroop:s08:r2|stroop:s08:r3
loso,stroop,8,seed_invariant,7,True,True,12,48,11,44,1,4,1,4,7076,541,746,1|2|3|4|5|6|9|10|11|12|13,7,stroop:s01:r0|stroop:s01:r1|stroop:s01:r2|stroop:s01:r3|stroop:s02:r0|stroop:s02:r1|stroop:s02:r2|stroop:s02:r3|stroop:s03:r0|stroop:s03:r1|stroop:s03:r2|stroop:s03:r3|stroop:s04:r0|stroop:s04:r1|stroop:s04:r2|stroop:s04:r3|stroop:s05:r0|stroop:s05:r1|stroop:s05:r2|stroop:s05:r3|stroop:s06:r0|stroop:s06:r1|stroop:s06:r2|stroop:s06:r3|stroop:s09:r0|stroop:s09:r1|stroop:s09:r2|stroop:s09:r3|stroop:s10:r0|stroop:s10:r1|stroop:s10:r2|stroop:s10:r3|stroop:s11:r0|stroop:s11:r1|stroop:s11:r2|stroop:s11:r3|stroop:s12:r0|stroop:s12:r1|stroop:s12:r2|stroop:s12:r3|stroop:s13:r0|stroop:s13:r1|stroop:s13:r2|stroop:s13:r3,stroop:s07:r0|stroop:s07:r1|stroop:s07:r2|stroop:s07:r3,stroop:s08:r0|stroop:s08:r1|stroop:s08:r2|stroop:s08:r3
loso,stroop,8,seed_invariant,8,True,True,12,48,11,44,1,4,1,4,6744,873,746,1|2|3|4|5|6|7|10|11|12|13,9,stroop:s01:r0|stroop:s01:r1|stroop:s01:r2|stroop:s01:r3|stroop:s02:r0|stroop:s02:r1|stroop:s02:r2|stroop:s02:r3|stroop:s03:r0|stroop:s03:r1|stroop:s03:r2|stroop:s03:r3|stroop:s04:r0|stroop:s04:r1|stroop:s04:r2|stroop:s04:r3|stroop:s05:r0|stroop:s05:r1|stroop:s05:r2|stroop:s05:r3|stroop:s06:r0|stroop:s06:r1|stroop:s06:r2|stroop:s06:r3|stroop:s07:r0|stroop:s07:r1|stroop:s07:r2|stroop:s07:r3|stroop:s10:r0|stroop:s10:r1|stroop:s10:r2|stroop:s10:r3|stroop:s11:r0|stroop:s11:r1|stroop:s11:r2|stroop:s11:r3|stroop:s12:r0|stroop:s12:r1|stroop:s12:r2|stroop:s12:r3|stroop:s13:r0|stroop:s13:r1|stroop:s13:r2|stroop:s13:r3,stroop:s09:r0|stroop:s09:r1|stroop:s09:r2|stroop:s09:r3,stroop:s08:r0|stroop:s08:r1|stroop:s08:r2|stroop:s08:r3
loso,stroop,8,seed_invariant,9,True,True,12,48,11,44,1,4,1,4,7024,593,746,1|2|3|4|5|6|7|9|11|12|13,10,stroop:s01:r0|stroop:s01:r1|stroop:s01:r2|stroop:s01:r3|stroop:s02:r0|stroop:s02:r1|stroop:s02:r2|stroop:s02:r3|stroop:s03:r0|stroop:s03:r1|stroop:s03:r2|stroop:s03:r3|stroop:s04:r0|stroop:s04:r1|stroop:s04:r2|stroop:s04:r3|stroop:s05:r0|stroop:s05:r1|stroop:s05:r2|stroop:s05:r3|stroop:s06:r0|stroop:s06:r1|stroop:s06:r2|stroop:s06:r3|stroop:s07:r0|stroop:s07:r1|stroop:s07:r2|stroop:s07:r3|stroop:s09:r0|stroop:s09:r1|stroop:s09:r2|stroop:s09:r3|stroop:s11:r0|stroop:s11:r1|stroop:s11:r2|stroop:s11:r3|stroop:s12:r0|stroop:s12:r1|stroop:s12:r2|stroop:s12:r3|stroop:s13:r0|stroop:s13:r1|stroop:s13:r2|stroop:s13:r3,stroop:s10:r0|stroop:s10:r1|stroop:s10:r2|stroop:s10:r3,stroop:s08:r0|stroop:s08:r1|stroop:s08:r2|stroop:s08:r3
loso,stroop,8,seed_invariant,10,True,True,12,48,11,44,1,4,1,4,6945,672,746,1|2|3|4|5|6|7|9|10|12|13,11,stroop:s01:r0|stroop:s01:r1|stroop:s01:r2|stroop:s01:r3|stroop:s02:r0|stroop:s02:r1|stroop:s02:r2|stroop:s02:r3|stroop:s03:r0|stroop:s03:r1|stroop:s03:r2|stroop:s03:r3|stroop:s04:r0|stroop:s04:r1|stroop:s04:r2|stroop:s04:r3|stroop:s05:r0|stroop:s05:r1|stroop:s05:r2|stroop:s05:r3|stroop:s06:r0|stroop:s06:r1|stroop:s06:r2|stroop:s06:r3|stroop:s07:r0|stroop:s07:r1|stroop:s07:r2|stroop:s07:r3|stroop:s09:r0|stroop:s09:r1|stroop:s09:r2|stroop:s09:r3|stroop:s10:r0|stroop:s10:r1|stroop:s10:r2|stroop:s10:r3|stroop:s12:r0|stroop:s12:r1|stroop:s12:r2|stroop:s12:r3|stroop:s13:r0|stroop:s13:r1|stroop:s13:r2|stroop:s13:r3,stroop:s11:r0|stroop:s11:r1|stroop:s11:r2|stroop:s11:r3,stroop:s08:r0|stroop:s08:r1|stroop:s08:r2|stroop:s08:r3
loso,stroop,8,seed_invariant,11,True,True,12,48,11,44,1,4,1,4,6994,623,746,1|2|3|4|5|6|7|9|10|11|13,12,stroop:s01:r0|stroop:s01:r1|stroop:s01:r2|stroop:s01:r3|stroop:s02:r0|stroop:s02:r1|stroop:s02:r2|stroop:s02:r3|stroop:s03:r0|stroop:s03:r1|stroop:s03:r2|stroop:s03:r3|stroop:s04:r0|stroop:s04:r1|stroop:s04:r2|stroop:s04:r3|stroop:s05:r0|stroop:s05:r1|stroop:s05:r2|stroop:s05:r3|stroop:s06:r0|stroop:s06:r1|stroop:s06:r2|stroop:s06:r3|stroop:s07:r0|stroop:s07:r1|stroop:s07:r2|stroop:s07:r3|stroop:s09:r0|stroop:s09:r1|stroop:s09:r2|stroop:s09:r3|stroop:s10:r0|stroop:s10:r1|stroop:s10:r2|stroop:s10:r3|stroop:s11:r0|stroop:s11:r1|stroop:s11:r2|stroop:s11:r3|stroop:s13:r0|stroop:s13:r1|stroop:s13:r2|stroop:s13:r3,stroop:s12:r0|stroop:s12:r1|stroop:s12:r2|stroop:s12:r3,stroop:s08:r0|stroop:s08:r1|stroop:s08:r2|stroop:s08:r3
loso,stroop,8,seed_invariant,12,True,True,12,48,11,44,1,4,1,4,7044,573,746,1|2|3|4|5|6|7|9|10|11|12,13,stroop:s01:r0|stroop:s01:r1|stroop:s01:r2|stroop:s01:r3|stroop:s02:r0|stroop:s02:r1|stroop:s02:r2|stroop:s02:r3|stroop:s03:r0|stroop:s03:r1|stroop:s03:r2|stroop:s03:r3|stroop:s04:r0|stroop:s04:r1|stroop:s04:r2|stroop:s04:r3|stroop:s05:r0|stroop:s05:r1|stroop:s05:r2|stroop:s05:r3|stroop:s06:r0|stroop:s06:r1|stroop:s06:r2|stroop:s06:r3|stroop:s07:r0|stroop:s07:r1|stroop:s07:r2|stroop:s07:r3|stroop:s09:r0|stroop:s09:r1|stroop:s09:r2|stroop:s09:r3|stroop:s10:r0|stroop:s10:r1|stroop:s10:r2|stroop:s10:r3|stroop:s11:r0|stroop:s11:r1|stroop:s11:r2|stroop:s11:r3|stroop:s12:r0|stroop:s12:r1|stroop:s12:r2|stroop:s12:r3,stroop:s13:r0|stroop:s13:r1|stroop:s13:r2|stroop:s13:r3,stroop:s08:r0|stroop:s08:r1|stroop:s08:r2|stroop:s08:r3
loso,stroop,9,seed_invariant,1,True,True,12,48,11,44,1,4,1,4,6837,653,873,2|3|4|5|6|7|8|10|11|12|13,1,stroop:s02:r0|stroop:s02:r1|stroop:s02:r2|stroop:s02:r3|stroop:s03:r0|stroop:s03:r1|stroop:s03:r2|stroop:s03:r3|stroop:s04:r0|stroop:s04:r1|stroop:s04:r2|stroop:s04:r3|stroop:s05:r0|stroop:s05:r1|stroop:s05:r2|stroop:s05:r3|stroop:s06:r0|stroop:s06:r1|stroop:s06:r2|stroop:s06:r3|stroop:s07:r0|stroop:s07:r1|stroop:s07:r2|stroop:s07:r3|stroop:s08:r0|stroop:s08:r1|stroop:s08:r2|stroop:s08:r3|stroop:s10:r0|stroop:s10:r1|stroop:s10:r2|stroop:s10:r3|stroop:s11:r0|stroop:s11:r1|stroop:s11:r2|stroop:s11:r3|stroop:s12:r0|stroop:s12:r1|stroop:s12:r2|stroop:s12:r3|stroop:s13:r0|stroop:s13:r1|stroop:s13:r2|stroop:s13:r3,stroop:s01:r0|stroop:s01:r1|stroop:s01:r2|stroop:s01:r3,stroop:s09:r0|stroop:s09:r1|stroop:s09:r2|stroop:s09:r3
loso,stroop,9,seed_invariant,2,True,True,12,48,11,44,1,4,1,4,6631,859,873,1|3|4|5|6|7|8|10|11|12|13,2,stroop:s01:r0|stroop:s01:r1|stroop:s01:r2|stroop:s01:r3|stroop:s03:r0|stroop:s03:r1|stroop:s03:r2|stroop:s03:r3|stroop:s04:r0|stroop:s04:r1|stroop:s04:r2|stroop:s04:r3|stroop:s05:r0|stroop:s05:r1|stroop:s05:r2|stroop:s05:r3|stroop:s06:r0|stroop:s06:r1|stroop:s06:r2|stroop:s06:r3|stroop:s07:r0|stroop:s07:r1|stroop:s07:r2|stroop:s07:r3|stroop:s08:r0|stroop:s08:r1|stroop:s08:r2|stroop:s08:r3|stroop:s10:r0|stroop:s10:r1|stroop:s10:r2|stroop:s10:r3|stroop:s11:r0|stroop:s11:r1|stroop:s11:r2|stroop:s11:r3|stroop:s12:r0|stroop:s12:r1|stroop:s12:r2|stroop:s12:r3|stroop:s13:r0|stroop:s13:r1|stroop:s13:r2|stroop:s13:r3,stroop:s02:r0|stroop:s02:r1|stroop:s02:r2|stroop:s02:r3,stroop:s09:r0|stroop:s09:r1|stroop:s09:r2|stroop:s09:r3
loso,stroop,9,seed_invariant,3,True,True,12,48,11,44,1,4,1,4,6920,570,873,1|2|4|5|6|7|8|10|11|12|13,3,stroop:s01:r0|stroop:s01:r1|stroop:s01:r2|stroop:s01:r3|stroop:s02:r0|stroop:s02:r1|stroop:s02:r2|stroop:s02:r3|stroop:s04:r0|stroop:s04:r1|stroop:s04:r2|stroop:s04:r3|stroop:s05:r0|stroop:s05:r1|stroop:s05:r2|stroop:s05:r3|stroop:s06:r0|stroop:s06:r1|stroop:s06:r2|stroop:s06:r3|stroop:s07:r0|stroop:s07:r1|stroop:s07:r2|stroop:s07:r3|stroop:s08:r0|stroop:s08:r1|stroop:s08:r2|stroop:s08:r3|stroop:s10:r0|stroop:s10:r1|stroop:s10:r2|stroop:s10:r3|stroop:s11:r0|stroop:s11:r1|stroop:s11:r2|stroop:s11:r3|stroop:s12:r0|stroop:s12:r1|stroop:s12:r2|stroop:s12:r3|stroop:s13:r0|stroop:s13:r1|stroop:s13:r2|stroop:s13:r3,stroop:s03:r0|stroop:s03:r1|stroop:s03:r2|stroop:s03:r3,stroop:s09:r0|stroop:s09:r1|stroop:s09:r2|stroop:s09:r3
loso,stroop,9,seed_invariant,4,True,True,12,48,11,44,1,4,1,4,7031,459,873,1|2|3|5|6|7|8|10|11|12|13,4,stroop:s01:r0|stroop:s01:r1|stroop:s01:r2|stroop:s01:r3|stroop:s02:r0|stroop:s02:r1|stroop:s02:r2|stroop:s02:r3|stroop:s03:r0|stroop:s03:r1|stroop:s03:r2|stroop:s03:r3|stroop:s05:r0|stroop:s05:r1|stroop:s05:r2|stroop:s05:r3|stroop:s06:r0|stroop:s06:r1|stroop:s06:r2|stroop:s06:r3|stroop:s07:r0|stroop:s07:r1|stroop:s07:r2|stroop:s07:r3|stroop:s08:r0|stroop:s08:r1|stroop:s08:r2|stroop:s08:r3|stroop:s10:r0|stroop:s10:r1|stroop:s10:r2|stroop:s10:r3|stroop:s11:r0|stroop:s11:r1|stroop:s11:r2|stroop:s11:r3|stroop:s12:r0|stroop:s12:r1|stroop:s12:r2|stroop:s12:r3|stroop:s13:r0|stroop:s13:r1|stroop:s13:r2|stroop:s13:r3,stroop:s04:r0|stroop:s04:r1|stroop:s04:r2|stroop:s04:r3,stroop:s09:r0|stroop:s09:r1|stroop:s09:r2|stroop:s09:r3
loso,stroop,9,seed_invariant,5,True,True,12,48,11,44,1,4,1,4,6830,660,873,1|2|3|4|6|7|8|10|11|12|13,5,stroop:s01:r0|stroop:s01:r1|stroop:s01:r2|stroop:s01:r3|stroop:s02:r0|stroop:s02:r1|stroop:s02:r2|stroop:s02:r3|stroop:s03:r0|stroop:s03:r1|stroop:s03:r2|stroop:s03:r3|stroop:s04:r0|stroop:s04:r1|stroop:s04:r2|stroop:s04:r3|stroop:s06:r0|stroop:s06:r1|stroop:s06:r2|stroop:s06:r3|stroop:s07:r0|stroop:s07:r1|stroop:s07:r2|stroop:s07:r3|stroop:s08:r0|stroop:s08:r1|stroop:s08:r2|stroop:s08:r3|stroop:s10:r0|stroop:s10:r1|stroop:s10:r2|stroop:s10:r3|stroop:s11:r0|stroop:s11:r1|stroop:s11:r2|stroop:s11:r3|stroop:s12:r0|stroop:s12:r1|stroop:s12:r2|stroop:s12:r3|stroop:s13:r0|stroop:s13:r1|stroop:s13:r2|stroop:s13:r3,stroop:s05:r0|stroop:s05:r1|stroop:s05:r2|stroop:s05:r3,stroop:s09:r0|stroop:s09:r1|stroop:s09:r2|stroop:s09:r3
loso,stroop,9,seed_invariant,6,True,True,12,48,11,44,1,4,1,4,6949,541,873,1|2|3|4|5|7|8|10|11|12|13,6,stroop:s01:r0|stroop:s01:r1|stroop:s01:r2|stroop:s01:r3|stroop:s02:r0|stroop:s02:r1|stroop:s02:r2|stroop:s02:r3|stroop:s03:r0|stroop:s03:r1|stroop:s03:r2|stroop:s03:r3|stroop:s04:r0|stroop:s04:r1|stroop:s04:r2|stroop:s04:r3|stroop:s05:r0|stroop:s05:r1|stroop:s05:r2|stroop:s05:r3|stroop:s07:r0|stroop:s07:r1|stroop:s07:r2|stroop:s07:r3|stroop:s08:r0|stroop:s08:r1|stroop:s08:r2|stroop:s08:r3|stroop:s10:r0|stroop:s10:r1|stroop:s10:r2|stroop:s10:r3|stroop:s11:r0|stroop:s11:r1|stroop:s11:r2|stroop:s11:r3|stroop:s12:r0|stroop:s12:r1|stroop:s12:r2|stroop:s12:r3|stroop:s13:r0|stroop:s13:r1|stroop:s13:r2|stroop:s13:r3,stroop:s06:r0|stroop:s06:r1|stroop:s06:r2|stroop:s06:r3,stroop:s09:r0|stroop:s09:r1|stroop:s09:r2|stroop:s09:r3
loso,stroop,9,seed_invariant,7,True,True,12,48,11,44,1,4,1,4,6949,541,873,1|2|3|4|5|6|8|10|11|12|13,7,stroop:s01:r0|stroop:s01:r1|stroop:s01:r2|stroop:s01:r3|stroop:s02:r0|stroop:s02:r1|stroop:s02:r2|stroop:s02:r3|stroop:s03:r0|stroop:s03:r1|stroop:s03:r2|stroop:s03:r3|stroop:s04:r0|stroop:s04:r1|stroop:s04:r2|stroop:s04:r3|stroop:s05:r0|stroop:s05:r1|stroop:s05:r2|stroop:s05:r3|stroop:s06:r0|stroop:s06:r1|stroop:s06:r2|stroop:s06:r3|stroop:s08:r0|stroop:s08:r1|stroop:s08:r2|stroop:s08:r3|stroop:s10:r0|stroop:s10:r1|stroop:s10:r2|stroop:s10:r3|stroop:s11:r0|stroop:s11:r1|stroop:s11:r2|stroop:s11:r3|stroop:s12:r0|stroop:s12:r1|stroop:s12:r2|stroop:s12:r3|stroop:s13:r0|stroop:s13:r1|stroop:s13:r2|stroop:s13:r3,stroop:s07:r0|stroop:s07:r1|stroop:s07:r2|stroop:s07:r3,stroop:s09:r0|stroop:s09:r1|stroop:s09:r2|stroop:s09:r3
loso,stroop,9,seed_invariant,8,True,True,12,48,11,44,1,4,1,4,6744,746,873,1|2|3|4|5|6|7|10|11|12|13,8,stroop:s01:r0|stroop:s01:r1|stroop:s01:r2|stroop:s01:r3|stroop:s02:r0|stroop:s02:r1|stroop:s02:r2|stroop:s02:r3|stroop:s03:r0|stroop:s03:r1|stroop:s03:r2|stroop:s03:r3|stroop:s04:r0|stroop:s04:r1|stroop:s04:r2|stroop:s04:r3|stroop:s05:r0|stroop:s05:r1|stroop:s05:r2|stroop:s05:r3|stroop:s06:r0|stroop:s06:r1|stroop:s06:r2|stroop:s06:r3|stroop:s07:r0|stroop:s07:r1|stroop:s07:r2|stroop:s07:r3|stroop:s10:r0|stroop:s10:r1|stroop:s10:r2|stroop:s10:r3|stroop:s11:r0|stroop:s11:r1|stroop:s11:r2|stroop:s11:r3|stroop:s12:r0|stroop:s12:r1|stroop:s12:r2|stroop:s12:r3|stroop:s13:r0|stroop:s13:r1|stroop:s13:r2|stroop:s13:r3,stroop:s08:r0|stroop:s08:r1|stroop:s08:r2|stroop:s08:r3,stroop:s09:r0|stroop:s09:r1|stroop:s09:r2|stroop:s09:r3
loso,stroop,9,seed_invariant,9,True,True,12,48,11,44,1,4,1,4,6897,593,873,1|2|3|4|5|6|7|8|11|12|13,10,stroop:s01:r0|stroop:s01:r1|stroop:s01:r2|stroop:s01:r3|stroop:s02:r0|stroop:s02:r1|stroop:s02:r2|stroop:s02:r3|stroop:s03:r0|stroop:s03:r1|stroop:s03:r2|stroop:s03:r3|stroop:s04:r0|stroop:s04:r1|stroop:s04:r2|stroop:s04:r3|stroop:s05:r0|stroop:s05:r1|stroop:s05:r2|stroop:s05:r3|stroop:s06:r0|stroop:s06:r1|stroop:s06:r2|stroop:s06:r3|stroop:s07:r0|stroop:s07:r1|stroop:s07:r2|stroop:s07:r3|stroop:s08:r0|stroop:s08:r1|stroop:s08:r2|stroop:s08:r3|stroop:s11:r0|stroop:s11:r1|stroop:s11:r2|stroop:s11:r3|stroop:s12:r0|stroop:s12:r1|stroop:s12:r2|stroop:s12:r3|stroop:s13:r0|stroop:s13:r1|stroop:s13:r2|stroop:s13:r3,stroop:s10:r0|stroop:s10:r1|stroop:s10:r2|stroop:s10:r3,stroop:s09:r0|stroop:s09:r1|stroop:s09:r2|stroop:s09:r3
loso,stroop,9,seed_invariant,10,True,True,12,48,11,44,1,4,1,4,6818,672,873,1|2|3|4|5|6|7|8|10|12|13,11,stroop:s01:r0|stroop:s01:r1|stroop:s01:r2|stroop:s01:r3|stroop:s02:r0|stroop:s02:r1|stroop:s02:r2|stroop:s02:r3|stroop:s03:r0|stroop:s03:r1|stroop:s03:r2|stroop:s03:r3|stroop:s04:r0|stroop:s04:r1|stroop:s04:r2|stroop:s04:r3|stroop:s05:r0|stroop:s05:r1|stroop:s05:r2|stroop:s05:r3|stroop:s06:r0|stroop:s06:r1|stroop:s06:r2|stroop:s06:r3|stroop:s07:r0|stroop:s07:r1|stroop:s07:r2|stroop:s07:r3|stroop:s08:r0|stroop:s08:r1|stroop:s08:r2|stroop:s08:r3|stroop:s10:r0|stroop:s10:r1|stroop:s10:r2|stroop:s10:r3|stroop:s12:r0|stroop:s12:r1|stroop:s12:r2|stroop:s12:r3|stroop:s13:r0|stroop:s13:r1|stroop:s13:r2|stroop:s13:r3,stroop:s11:r0|stroop:s11:r1|stroop:s11:r2|stroop:s11:r3,stroop:s09:r0|stroop:s09:r1|stroop:s09:r2|stroop:s09:r3
loso,stroop,9,seed_invariant,11,True,True,12,48,11,44,1,4,1,4,6867,623,873,1|2|3|4|5|6|7|8|10|11|13,12,stroop:s01:r0|stroop:s01:r1|stroop:s01:r2|stroop:s01:r3|stroop:s02:r0|stroop:s02:r1|stroop:s02:r2|stroop:s02:r3|stroop:s03:r0|stroop:s03:r1|stroop:s03:r2|stroop:s03:r3|stroop:s04:r0|stroop:s04:r1|stroop:s04:r2|stroop:s04:r3|stroop:s05:r0|stroop:s05:r1|stroop:s05:r2|stroop:s05:r3|stroop:s06:r0|stroop:s06:r1|stroop:s06:r2|stroop:s06:r3|stroop:s07:r0|stroop:s07:r1|stroop:s07:r2|stroop:s07:r3|stroop:s08:r0|stroop:s08:r1|stroop:s08:r2|stroop:s08:r3|stroop:s10:r0|stroop:s10:r1|stroop:s10:r2|stroop:s10:r3|stroop:s11:r0|stroop:s11:r1|stroop:s11:r2|stroop:s11:r3|stroop:s13:r0|stroop:s13:r1|stroop:s13:r2|stroop:s13:r3,stroop:s12:r0|stroop:s12:r1|stroop:s12:r2|stroop:s12:r3,stroop:s09:r0|stroop:s09:r1|stroop:s09:r2|stroop:s09:r3
loso,stroop,9,seed_invariant,12,True,True,12,48,11,44,1,4,1,4,6917,573,873,1|2|3|4|5|6|7|8|10|11|12,13,stroop:s01:r0|stroop:s01:r1|stroop:s01:r2|stroop:s01:r3|stroop:s02:r0|stroop:s02:r1|stroop:s02:r2|stroop:s02:r3|stroop:s03:r0|stroop:s03:r1|stroop:s03:r2|stroop:s03:r3|stroop:s04:r0|stroop:s04:r1|stroop:s04:r2|stroop:s04:r3|stroop:s05:r0|stroop:s05:r1|stroop:s05:r2|stroop:s05:r3|stroop:s06:r0|stroop:s06:r1|stroop:s06:r2|stroop:s06:r3|stroop:s07:r0|stroop:s07:r1|stroop:s07:r2|stroop:s07:r3|stroop:s08:r0|stroop:s08:r1|stroop:s08:r2|stroop:s08:r3|stroop:s10:r0|stroop:s10:r1|stroop:s10:r2|stroop:s10:r3|stroop:s11:r0|stroop:s11:r1|stroop:s11:r2|stroop:s11:r3|stroop:s12:r0|stroop:s12:r1|stroop:s12:r2|stroop:s12:r3,stroop:s13:r0|stroop:s13:r1|stroop:s13:r2|stroop:s13:r3,stroop:s09:r0|stroop:s09:r1|stroop:s09:r2|stroop:s09:r3
loso,stroop,10,seed_invariant,1,True,True,12,48,11,44,1,4,1,4,7117,653,593,2|3|4|5|6|7|8|9|11|12|13,1,stroop:s02:r0|stroop:s02:r1|stroop:s02:r2|stroop:s02:r3|stroop:s03:r0|stroop:s03:r1|stroop:s03:r2|stroop:s03:r3|stroop:s04:r0|stroop:s04:r1|stroop:s04:r2|stroop:s04:r3|stroop:s05:r0|stroop:s05:r1|stroop:s05:r2|stroop:s05:r3|stroop:s06:r0|stroop:s06:r1|stroop:s06:r2|stroop:s06:r3|stroop:s07:r0|stroop:s07:r1|stroop:s07:r2|stroop:s07:r3|stroop:s08:r0|stroop:s08:r1|stroop:s08:r2|stroop:s08:r3|stroop:s09:r0|stroop:s09:r1|stroop:s09:r2|stroop:s09:r3|stroop:s11:r0|stroop:s11:r1|stroop:s11:r2|stroop:s11:r3|stroop:s12:r0|stroop:s12:r1|stroop:s12:r2|stroop:s12:r3|stroop:s13:r0|stroop:s13:r1|stroop:s13:r2|stroop:s13:r3,stroop:s01:r0|stroop:s01:r1|stroop:s01:r2|stroop:s01:r3,stroop:s10:r0|stroop:s10:r1|stroop:s10:r2|stroop:s10:r3
loso,stroop,10,seed_invariant,2,True,True,12,48,11,44,1,4,1,4,6911,859,593,1|3|4|5|6|7|8|9|11|12|13,2,stroop:s01:r0|stroop:s01:r1|stroop:s01:r2|stroop:s01:r3|stroop:s03:r0|stroop:s03:r1|stroop:s03:r2|stroop:s03:r3|stroop:s04:r0|stroop:s04:r1|stroop:s04:r2|stroop:s04:r3|stroop:s05:r0|stroop:s05:r1|stroop:s05:r2|stroop:s05:r3|stroop:s06:r0|stroop:s06:r1|stroop:s06:r2|stroop:s06:r3|stroop:s07:r0|stroop:s07:r1|stroop:s07:r2|stroop:s07:r3|stroop:s08:r0|stroop:s08:r1|stroop:s08:r2|stroop:s08:r3|stroop:s09:r0|stroop:s09:r1|stroop:s09:r2|stroop:s09:r3|stroop:s11:r0|stroop:s11:r1|stroop:s11:r2|stroop:s11:r3|stroop:s12:r0|stroop:s12:r1|stroop:s12:r2|stroop:s12:r3|stroop:s13:r0|stroop:s13:r1|stroop:s13:r2|stroop:s13:r3,stroop:s02:r0|stroop:s02:r1|stroop:s02:r2|stroop:s02:r3,stroop:s10:r0|stroop:s10:r1|stroop:s10:r2|stroop:s10:r3
loso,stroop,10,seed_invariant,3,True,True,12,48,11,44,1,4,1,4,7200,570,593,1|2|4|5|6|7|8|9|11|12|13,3,stroop:s01:r0|stroop:s01:r1|stroop:s01:r2|stroop:s01:r3|stroop:s02:r0|stroop:s02:r1|stroop:s02:r2|stroop:s02:r3|stroop:s04:r0|stroop:s04:r1|stroop:s04:r2|stroop:s04:r3|stroop:s05:r0|stroop:s05:r1|stroop:s05:r2|stroop:s05:r3|stroop:s06:r0|stroop:s06:r1|stroop:s06:r2|stroop:s06:r3|stroop:s07:r0|stroop:s07:r1|stroop:s07:r2|stroop:s07:r3|stroop:s08:r0|stroop:s08:r1|stroop:s08:r2|stroop:s08:r3|stroop:s09:r0|stroop:s09:r1|stroop:s09:r2|stroop:s09:r3|stroop:s11:r0|stroop:s11:r1|stroop:s11:r2|stroop:s11:r3|stroop:s12:r0|stroop:s12:r1|stroop:s12:r2|stroop:s12:r3|stroop:s13:r0|stroop:s13:r1|stroop:s13:r2|stroop:s13:r3,stroop:s03:r0|stroop:s03:r1|stroop:s03:r2|stroop:s03:r3,stroop:s10:r0|stroop:s10:r1|stroop:s10:r2|stroop:s10:r3
loso,stroop,10,seed_invariant,4,True,True,12,48,11,44,1,4,1,4,7311,459,593,1|2|3|5|6|7|8|9|11|12|13,4,stroop:s01:r0|stroop:s01:r1|stroop:s01:r2|stroop:s01:r3|stroop:s02:r0|stroop:s02:r1|stroop:s02:r2|stroop:s02:r3|stroop:s03:r0|stroop:s03:r1|stroop:s03:r2|stroop:s03:r3|stroop:s05:r0|stroop:s05:r1|stroop:s05:r2|stroop:s05:r3|stroop:s06:r0|stroop:s06:r1|stroop:s06:r2|stroop:s06:r3|stroop:s07:r0|stroop:s07:r1|stroop:s07:r2|stroop:s07:r3|stroop:s08:r0|stroop:s08:r1|stroop:s08:r2|stroop:s08:r3|stroop:s09:r0|stroop:s09:r1|stroop:s09:r2|stroop:s09:r3|stroop:s11:r0|stroop:s11:r1|stroop:s11:r2|stroop:s11:r3|stroop:s12:r0|stroop:s12:r1|stroop:s12:r2|stroop:s12:r3|stroop:s13:r0|stroop:s13:r1|stroop:s13:r2|stroop:s13:r3,stroop:s04:r0|stroop:s04:r1|stroop:s04:r2|stroop:s04:r3,stroop:s10:r0|stroop:s10:r1|stroop:s10:r2|stroop:s10:r3
loso,stroop,10,seed_invariant,5,True,True,12,48,11,44,1,4,1,4,7110,660,593,1|2|3|4|6|7|8|9|11|12|13,5,stroop:s01:r0|stroop:s01:r1|stroop:s01:r2|stroop:s01:r3|stroop:s02:r0|stroop:s02:r1|stroop:s02:r2|stroop:s02:r3|stroop:s03:r0|stroop:s03:r1|stroop:s03:r2|stroop:s03:r3|stroop:s04:r0|stroop:s04:r1|stroop:s04:r2|stroop:s04:r3|stroop:s06:r0|stroop:s06:r1|stroop:s06:r2|stroop:s06:r3|stroop:s07:r0|stroop:s07:r1|stroop:s07:r2|stroop:s07:r3|stroop:s08:r0|stroop:s08:r1|stroop:s08:r2|stroop:s08:r3|stroop:s09:r0|stroop:s09:r1|stroop:s09:r2|stroop:s09:r3|stroop:s11:r0|stroop:s11:r1|stroop:s11:r2|stroop:s11:r3|stroop:s12:r0|stroop:s12:r1|stroop:s12:r2|stroop:s12:r3|stroop:s13:r0|stroop:s13:r1|stroop:s13:r2|stroop:s13:r3,stroop:s05:r0|stroop:s05:r1|stroop:s05:r2|stroop:s05:r3,stroop:s10:r0|stroop:s10:r1|stroop:s10:r2|stroop:s10:r3
loso,stroop,10,seed_invariant,6,True,True,12,48,11,44,1,4,1,4,7229,541,593,1|2|3|4|5|7|8|9|11|12|13,6,stroop:s01:r0|stroop:s01:r1|stroop:s01:r2|stroop:s01:r3|stroop:s02:r0|stroop:s02:r1|stroop:s02:r2|stroop:s02:r3|stroop:s03:r0|stroop:s03:r1|stroop:s03:r2|stroop:s03:r3|stroop:s04:r0|stroop:s04:r1|stroop:s04:r2|stroop:s04:r3|stroop:s05:r0|stroop:s05:r1|stroop:s05:r2|stroop:s05:r3|stroop:s07:r0|stroop:s07:r1|stroop:s07:r2|stroop:s07:r3|stroop:s08:r0|stroop:s08:r1|stroop:s08:r2|stroop:s08:r3|stroop:s09:r0|stroop:s09:r1|stroop:s09:r2|stroop:s09:r3|stroop:s11:r0|stroop:s11:r1|stroop:s11:r2|stroop:s11:r3|stroop:s12:r0|stroop:s12:r1|stroop:s12:r2|stroop:s12:r3|stroop:s13:r0|stroop:s13:r1|stroop:s13:r2|stroop:s13:r3,stroop:s06:r0|stroop:s06:r1|stroop:s06:r2|stroop:s06:r3,stroop:s10:r0|stroop:s10:r1|stroop:s10:r2|stroop:s10:r3
loso,stroop,10,seed_invariant,7,True,True,12,48,11,44,1,4,1,4,7229,541,593,1|2|3|4|5|6|8|9|11|12|13,7,stroop:s01:r0|stroop:s01:r1|stroop:s01:r2|stroop:s01:r3|stroop:s02:r0|stroop:s02:r1|stroop:s02:r2|stroop:s02:r3|stroop:s03:r0|stroop:s03:r1|stroop:s03:r2|stroop:s03:r3|stroop:s04:r0|stroop:s04:r1|stroop:s04:r2|stroop:s04:r3|stroop:s05:r0|stroop:s05:r1|stroop:s05:r2|stroop:s05:r3|stroop:s06:r0|stroop:s06:r1|stroop:s06:r2|stroop:s06:r3|stroop:s08:r0|stroop:s08:r1|stroop:s08:r2|stroop:s08:r3|stroop:s09:r0|stroop:s09:r1|stroop:s09:r2|stroop:s09:r3|stroop:s11:r0|stroop:s11:r1|stroop:s11:r2|stroop:s11:r3|stroop:s12:r0|stroop:s12:r1|stroop:s12:r2|stroop:s12:r3|stroop:s13:r0|stroop:s13:r1|stroop:s13:r2|stroop:s13:r3,stroop:s07:r0|stroop:s07:r1|stroop:s07:r2|stroop:s07:r3,stroop:s10:r0|stroop:s10:r1|stroop:s10:r2|stroop:s10:r3
loso,stroop,10,seed_invariant,8,True,True,12,48,11,44,1,4,1,4,7024,746,593,1|2|3|4|5|6|7|9|11|12|13,8,stroop:s01:r0|stroop:s01:r1|stroop:s01:r2|stroop:s01:r3|stroop:s02:r0|stroop:s02:r1|stroop:s02:r2|stroop:s02:r3|stroop:s03:r0|stroop:s03:r1|stroop:s03:r2|stroop:s03:r3|stroop:s04:r0|stroop:s04:r1|stroop:s04:r2|stroop:s04:r3|stroop:s05:r0|stroop:s05:r1|stroop:s05:r2|stroop:s05:r3|stroop:s06:r0|stroop:s06:r1|stroop:s06:r2|stroop:s06:r3|stroop:s07:r0|stroop:s07:r1|stroop:s07:r2|stroop:s07:r3|stroop:s09:r0|stroop:s09:r1|stroop:s09:r2|stroop:s09:r3|stroop:s11:r0|stroop:s11:r1|stroop:s11:r2|stroop:s11:r3|stroop:s12:r0|stroop:s12:r1|stroop:s12:r2|stroop:s12:r3|stroop:s13:r0|stroop:s13:r1|stroop:s13:r2|stroop:s13:r3,stroop:s08:r0|stroop:s08:r1|stroop:s08:r2|stroop:s08:r3,stroop:s10:r0|stroop:s10:r1|stroop:s10:r2|stroop:s10:r3
loso,stroop,10,seed_invariant,9,True,True,12,48,11,44,1,4,1,4,6897,873,593,1|2|3|4|5|6|7|8|11|12|13,9,stroop:s01:r0|stroop:s01:r1|stroop:s01:r2|stroop:s01:r3|stroop:s02:r0|stroop:s02:r1|stroop:s02:r2|stroop:s02:r3|stroop:s03:r0|stroop:s03:r1|stroop:s03:r2|stroop:s03:r3|stroop:s04:r0|stroop:s04:r1|stroop:s04:r2|stroop:s04:r3|stroop:s05:r0|stroop:s05:r1|stroop:s05:r2|stroop:s05:r3|stroop:s06:r0|stroop:s06:r1|stroop:s06:r2|stroop:s06:r3|stroop:s07:r0|stroop:s07:r1|stroop:s07:r2|stroop:s07:r3|stroop:s08:r0|stroop:s08:r1|stroop:s08:r2|stroop:s08:r3|stroop:s11:r0|stroop:s11:r1|stroop:s11:r2|stroop:s11:r3|stroop:s12:r0|stroop:s12:r1|stroop:s12:r2|stroop:s12:r3|stroop:s13:r0|stroop:s13:r1|stroop:s13:r2|stroop:s13:r3,stroop:s09:r0|stroop:s09:r1|stroop:s09:r2|stroop:s09:r3,stroop:s10:r0|stroop:s10:r1|stroop:s10:r2|stroop:s10:r3
loso,stroop,10,seed_invariant,10,True,True,12,48,11,44,1,4,1,4,7098,672,593,1|2|3|4|5|6|7|8|9|12|13,11,stroop:s01:r0|stroop:s01:r1|stroop:s01:r2|stroop:s01:r3|stroop:s02:r0|stroop:s02:r1|stroop:s02:r2|stroop:s02:r3|stroop:s03:r0|stroop:s03:r1|stroop:s03:r2|stroop:s03:r3|stroop:s04:r0|stroop:s04:r1|stroop:s04:r2|stroop:s04:r3|stroop:s05:r0|stroop:s05:r1|stroop:s05:r2|stroop:s05:r3|stroop:s06:r0|stroop:s06:r1|stroop:s06:r2|stroop:s06:r3|stroop:s07:r0|stroop:s07:r1|stroop:s07:r2|stroop:s07:r3|stroop:s08:r0|stroop:s08:r1|stroop:s08:r2|stroop:s08:r3|stroop:s09:r0|stroop:s09:r1|stroop:s09:r2|stroop:s09:r3|stroop:s12:r0|stroop:s12:r1|stroop:s12:r2|stroop:s12:r3|stroop:s13:r0|stroop:s13:r1|stroop:s13:r2|stroop:s13:r3,stroop:s11:r0|stroop:s11:r1|stroop:s11:r2|stroop:s11:r3,stroop:s10:r0|stroop:s10:r1|stroop:s10:r2|stroop:s10:r3
loso,stroop,10,seed_invariant,11,True,True,12,48,11,44,1,4,1,4,7147,623,593,1|2|3|4|5|6|7|8|9|11|13,12,stroop:s01:r0|stroop:s01:r1|stroop:s01:r2|stroop:s01:r3|stroop:s02:r0|stroop:s02:r1|stroop:s02:r2|stroop:s02:r3|stroop:s03:r0|stroop:s03:r1|stroop:s03:r2|stroop:s03:r3|stroop:s04:r0|stroop:s04:r1|stroop:s04:r2|stroop:s04:r3|stroop:s05:r0|stroop:s05:r1|stroop:s05:r2|stroop:s05:r3|stroop:s06:r0|stroop:s06:r1|stroop:s06:r2|stroop:s06:r3|stroop:s07:r0|stroop:s07:r1|stroop:s07:r2|stroop:s07:r3|stroop:s08:r0|stroop:s08:r1|stroop:s08:r2|stroop:s08:r3|stroop:s09:r0|stroop:s09:r1|stroop:s09:r2|stroop:s09:r3|stroop:s11:r0|stroop:s11:r1|stroop:s11:r2|stroop:s11:r3|stroop:s13:r0|stroop:s13:r1|stroop:s13:r2|stroop:s13:r3,stroop:s12:r0|stroop:s12:r1|stroop:s12:r2|stroop:s12:r3,stroop:s10:r0|stroop:s10:r1|stroop:s10:r2|stroop:s10:r3
loso,stroop,10,seed_invariant,12,True,True,12,48,11,44,1,4,1,4,7197,573,593,1|2|3|4|5|6|7|8|9|11|12,13,stroop:s01:r0|stroop:s01:r1|stroop:s01:r2|stroop:s01:r3|stroop:s02:r0|stroop:s02:r1|stroop:s02:r2|stroop:s02:r3|stroop:s03:r0|stroop:s03:r1|stroop:s03:r2|stroop:s03:r3|stroop:s04:r0|stroop:s04:r1|stroop:s04:r2|stroop:s04:r3|stroop:s05:r0|stroop:s05:r1|stroop:s05:r2|stroop:s05:r3|stroop:s06:r0|stroop:s06:r1|stroop:s06:r2|stroop:s06:r3|stroop:s07:r0|stroop:s07:r1|stroop:s07:r2|stroop:s07:r3|stroop:s08:r0|stroop:s08:r1|stroop:s08:r2|stroop:s08:r3|stroop:s09:r0|stroop:s09:r1|stroop:s09:r2|stroop:s09:r3|stroop:s11:r0|stroop:s11:r1|stroop:s11:r2|stroop:s11:r3|stroop:s12:r0|stroop:s12:r1|stroop:s12:r2|stroop:s12:r3,stroop:s13:r0|stroop:s13:r1|stroop:s13:r2|stroop:s13:r3,stroop:s10:r0|stroop:s10:r1|stroop:s10:r2|stroop:s10:r3
loso,stroop,11,seed_invariant,1,True,True,12,48,11,44,1,4,1,4,7038,653,672,2|3|4|5|6|7|8|9|10|12|13,1,stroop:s02:r0|stroop:s02:r1|stroop:s02:r2|stroop:s02:r3|stroop:s03:r0|stroop:s03:r1|stroop:s03:r2|stroop:s03:r3|stroop:s04:r0|stroop:s04:r1|stroop:s04:r2|stroop:s04:r3|stroop:s05:r0|stroop:s05:r1|stroop:s05:r2|stroop:s05:r3|stroop:s06:r0|stroop:s06:r1|stroop:s06:r2|stroop:s06:r3|stroop:s07:r0|stroop:s07:r1|stroop:s07:r2|stroop:s07:r3|stroop:s08:r0|stroop:s08:r1|stroop:s08:r2|stroop:s08:r3|stroop:s09:r0|stroop:s09:r1|stroop:s09:r2|stroop:s09:r3|stroop:s10:r0|stroop:s10:r1|stroop:s10:r2|stroop:s10:r3|stroop:s12:r0|stroop:s12:r1|stroop:s12:r2|stroop:s12:r3|stroop:s13:r0|stroop:s13:r1|stroop:s13:r2|stroop:s13:r3,stroop:s01:r0|stroop:s01:r1|stroop:s01:r2|stroop:s01:r3,stroop:s11:r0|stroop:s11:r1|stroop:s11:r2|stroop:s11:r3
loso,stroop,11,seed_invariant,2,True,True,12,48,11,44,1,4,1,4,6832,859,672,1|3|4|5|6|7|8|9|10|12|13,2,stroop:s01:r0|stroop:s01:r1|stroop:s01:r2|stroop:s01:r3|stroop:s03:r0|stroop:s03:r1|stroop:s03:r2|stroop:s03:r3|stroop:s04:r0|stroop:s04:r1|stroop:s04:r2|stroop:s04:r3|stroop:s05:r0|stroop:s05:r1|stroop:s05:r2|stroop:s05:r3|stroop:s06:r0|stroop:s06:r1|stroop:s06:r2|stroop:s06:r3|stroop:s07:r0|stroop:s07:r1|stroop:s07:r2|stroop:s07:r3|stroop:s08:r0|stroop:s08:r1|stroop:s08:r2|stroop:s08:r3|stroop:s09:r0|stroop:s09:r1|stroop:s09:r2|stroop:s09:r3|stroop:s10:r0|stroop:s10:r1|stroop:s10:r2|stroop:s10:r3|stroop:s12:r0|stroop:s12:r1|stroop:s12:r2|stroop:s12:r3|stroop:s13:r0|stroop:s13:r1|stroop:s13:r2|stroop:s13:r3,stroop:s02:r0|stroop:s02:r1|stroop:s02:r2|stroop:s02:r3,stroop:s11:r0|stroop:s11:r1|stroop:s11:r2|stroop:s11:r3
loso,stroop,11,seed_invariant,3,True,True,12,48,11,44,1,4,1,4,7121,570,672,1|2|4|5|6|7|8|9|10|12|13,3,stroop:s01:r0|stroop:s01:r1|stroop:s01:r2|stroop:s01:r3|stroop:s02:r0|stroop:s02:r1|stroop:s02:r2|stroop:s02:r3|stroop:s04:r0|stroop:s04:r1|stroop:s04:r2|stroop:s04:r3|stroop:s05:r0|stroop:s05:r1|stroop:s05:r2|stroop:s05:r3|stroop:s06:r0|stroop:s06:r1|stroop:s06:r2|stroop:s06:r3|stroop:s07:r0|stroop:s07:r1|stroop:s07:r2|stroop:s07:r3|stroop:s08:r0|stroop:s08:r1|stroop:s08:r2|stroop:s08:r3|stroop:s09:r0|stroop:s09:r1|stroop:s09:r2|stroop:s09:r3|stroop:s10:r0|stroop:s10:r1|stroop:s10:r2|stroop:s10:r3|stroop:s12:r0|stroop:s12:r1|stroop:s12:r2|stroop:s12:r3|stroop:s13:r0|stroop:s13:r1|stroop:s13:r2|stroop:s13:r3,stroop:s03:r0|stroop:s03:r1|stroop:s03:r2|stroop:s03:r3,stroop:s11:r0|stroop:s11:r1|stroop:s11:r2|stroop:s11:r3
loso,stroop,11,seed_invariant,4,True,True,12,48,11,44,1,4,1,4,7232,459,672,1|2|3|5|6|7|8|9|10|12|13,4,stroop:s01:r0|stroop:s01:r1|stroop:s01:r2|stroop:s01:r3|stroop:s02:r0|stroop:s02:r1|stroop:s02:r2|stroop:s02:r3|stroop:s03:r0|stroop:s03:r1|stroop:s03:r2|stroop:s03:r3|stroop:s05:r0|stroop:s05:r1|stroop:s05:r2|stroop:s05:r3|stroop:s06:r0|stroop:s06:r1|stroop:s06:r2|stroop:s06:r3|stroop:s07:r0|stroop:s07:r1|stroop:s07:r2|stroop:s07:r3|stroop:s08:r0|stroop:s08:r1|stroop:s08:r2|stroop:s08:r3|stroop:s09:r0|stroop:s09:r1|stroop:s09:r2|stroop:s09:r3|stroop:s10:r0|stroop:s10:r1|stroop:s10:r2|stroop:s10:r3|stroop:s12:r0|stroop:s12:r1|stroop:s12:r2|stroop:s12:r3|stroop:s13:r0|stroop:s13:r1|stroop:s13:r2|stroop:s13:r3,stroop:s04:r0|stroop:s04:r1|stroop:s04:r2|stroop:s04:r3,stroop:s11:r0|stroop:s11:r1|stroop:s11:r2|stroop:s11:r3
loso,stroop,11,seed_invariant,5,True,True,12,48,11,44,1,4,1,4,7031,660,672,1|2|3|4|6|7|8|9|10|12|13,5,stroop:s01:r0|stroop:s01:r1|stroop:s01:r2|stroop:s01:r3|stroop:s02:r0|stroop:s02:r1|stroop:s02:r2|stroop:s02:r3|stroop:s03:r0|stroop:s03:r1|stroop:s03:r2|stroop:s03:r3|stroop:s04:r0|stroop:s04:r1|stroop:s04:r2|stroop:s04:r3|stroop:s06:r0|stroop:s06:r1|stroop:s06:r2|stroop:s06:r3|stroop:s07:r0|stroop:s07:r1|stroop:s07:r2|stroop:s07:r3|stroop:s08:r0|stroop:s08:r1|stroop:s08:r2|stroop:s08:r3|stroop:s09:r0|stroop:s09:r1|stroop:s09:r2|stroop:s09:r3|stroop:s10:r0|stroop:s10:r1|stroop:s10:r2|stroop:s10:r3|stroop:s12:r0|stroop:s12:r1|stroop:s12:r2|stroop:s12:r3|stroop:s13:r0|stroop:s13:r1|stroop:s13:r2|stroop:s13:r3,stroop:s05:r0|stroop:s05:r1|stroop:s05:r2|stroop:s05:r3,stroop:s11:r0|stroop:s11:r1|stroop:s11:r2|stroop:s11:r3
loso,stroop,11,seed_invariant,6,True,True,12,48,11,44,1,4,1,4,7150,541,672,1|2|3|4|5|7|8|9|10|12|13,6,stroop:s01:r0|stroop:s01:r1|stroop:s01:r2|stroop:s01:r3|stroop:s02:r0|stroop:s02:r1|stroop:s02:r2|stroop:s02:r3|stroop:s03:r0|stroop:s03:r1|stroop:s03:r2|stroop:s03:r3|stroop:s04:r0|stroop:s04:r1|stroop:s04:r2|stroop:s04:r3|stroop:s05:r0|stroop:s05:r1|stroop:s05:r2|stroop:s05:r3|stroop:s07:r0|stroop:s07:r1|stroop:s07:r2|stroop:s07:r3|stroop:s08:r0|stroop:s08:r1|stroop:s08:r2|stroop:s08:r3|stroop:s09:r0|stroop:s09:r1|stroop:s09:r2|stroop:s09:r3|stroop:s10:r0|stroop:s10:r1|stroop:s10:r2|stroop:s10:r3|stroop:s12:r0|stroop:s12:r1|stroop:s12:r2|stroop:s12:r3|stroop:s13:r0|stroop:s13:r1|stroop:s13:r2|stroop:s13:r3,stroop:s06:r0|stroop:s06:r1|stroop:s06:r2|stroop:s06:r3,stroop:s11:r0|stroop:s11:r1|stroop:s11:r2|stroop:s11:r3
loso,stroop,11,seed_invariant,7,True,True,12,48,11,44,1,4,1,4,7150,541,672,1|2|3|4|5|6|8|9|10|12|13,7,stroop:s01:r0|stroop:s01:r1|stroop:s01:r2|stroop:s01:r3|stroop:s02:r0|stroop:s02:r1|stroop:s02:r2|stroop:s02:r3|stroop:s03:r0|stroop:s03:r1|stroop:s03:r2|stroop:s03:r3|stroop:s04:r0|stroop:s04:r1|stroop:s04:r2|stroop:s04:r3|stroop:s05:r0|stroop:s05:r1|stroop:s05:r2|stroop:s05:r3|stroop:s06:r0|stroop:s06:r1|stroop:s06:r2|stroop:s06:r3|stroop:s08:r0|stroop:s08:r1|stroop:s08:r2|stroop:s08:r3|stroop:s09:r0|stroop:s09:r1|stroop:s09:r2|stroop:s09:r3|stroop:s10:r0|stroop:s10:r1|stroop:s10:r2|stroop:s10:r3|stroop:s12:r0|stroop:s12:r1|stroop:s12:r2|stroop:s12:r3|stroop:s13:r0|stroop:s13:r1|stroop:s13:r2|stroop:s13:r3,stroop:s07:r0|stroop:s07:r1|stroop:s07:r2|stroop:s07:r3,stroop:s11:r0|stroop:s11:r1|stroop:s11:r2|stroop:s11:r3
loso,stroop,11,seed_invariant,8,True,True,12,48,11,44,1,4,1,4,6945,746,672,1|2|3|4|5|6|7|9|10|12|13,8,stroop:s01:r0|stroop:s01:r1|stroop:s01:r2|stroop:s01:r3|stroop:s02:r0|stroop:s02:r1|stroop:s02:r2|stroop:s02:r3|stroop:s03:r0|stroop:s03:r1|stroop:s03:r2|stroop:s03:r3|stroop:s04:r0|stroop:s04:r1|stroop:s04:r2|stroop:s04:r3|stroop:s05:r0|stroop:s05:r1|stroop:s05:r2|stroop:s05:r3|stroop:s06:r0|stroop:s06:r1|stroop:s06:r2|stroop:s06:r3|stroop:s07:r0|stroop:s07:r1|stroop:s07:r2|stroop:s07:r3|stroop:s09:r0|stroop:s09:r1|stroop:s09:r2|stroop:s09:r3|stroop:s10:r0|stroop:s10:r1|stroop:s10:r2|stroop:s10:r3|stroop:s12:r0|stroop:s12:r1|stroop:s12:r2|stroop:s12:r3|stroop:s13:r0|stroop:s13:r1|stroop:s13:r2|stroop:s13:r3,stroop:s08:r0|stroop:s08:r1|stroop:s08:r2|stroop:s08:r3,stroop:s11:r0|stroop:s11:r1|stroop:s11:r2|stroop:s11:r3
loso,stroop,11,seed_invariant,9,True,True,12,48,11,44,1,4,1,4,6818,873,672,1|2|3|4|5|6|7|8|10|12|13,9,stroop:s01:r0|stroop:s01:r1|stroop:s01:r2|stroop:s01:r3|stroop:s02:r0|stroop:s02:r1|stroop:s02:r2|stroop:s02:r3|stroop:s03:r0|stroop:s03:r1|stroop:s03:r2|stroop:s03:r3|stroop:s04:r0|stroop:s04:r1|stroop:s04:r2|stroop:s04:r3|stroop:s05:r0|stroop:s05:r1|stroop:s05:r2|stroop:s05:r3|stroop:s06:r0|stroop:s06:r1|stroop:s06:r2|stroop:s06:r3|stroop:s07:r0|stroop:s07:r1|stroop:s07:r2|stroop:s07:r3|stroop:s08:r0|stroop:s08:r1|stroop:s08:r2|stroop:s08:r3|stroop:s10:r0|stroop:s10:r1|stroop:s10:r2|stroop:s10:r3|stroop:s12:r0|stroop:s12:r1|stroop:s12:r2|stroop:s12:r3|stroop:s13:r0|stroop:s13:r1|stroop:s13:r2|stroop:s13:r3,stroop:s09:r0|stroop:s09:r1|stroop:s09:r2|stroop:s09:r3,stroop:s11:r0|stroop:s11:r1|stroop:s11:r2|stroop:s11:r3
loso,stroop,11,seed_invariant,10,True,True,12,48,11,44,1,4,1,4,7098,593,672,1|2|3|4|5|6|7|8|9|12|13,10,stroop:s01:r0|stroop:s01:r1|stroop:s01:r2|stroop:s01:r3|stroop:s02:r0|stroop:s02:r1|stroop:s02:r2|stroop:s02:r3|stroop:s03:r0|stroop:s03:r1|stroop:s03:r2|stroop:s03:r3|stroop:s04:r0|stroop:s04:r1|stroop:s04:r2|stroop:s04:r3|stroop:s05:r0|stroop:s05:r1|stroop:s05:r2|stroop:s05:r3|stroop:s06:r0|stroop:s06:r1|stroop:s06:r2|stroop:s06:r3|stroop:s07:r0|stroop:s07:r1|stroop:s07:r2|stroop:s07:r3|stroop:s08:r0|stroop:s08:r1|stroop:s08:r2|stroop:s08:r3|stroop:s09:r0|stroop:s09:r1|stroop:s09:r2|stroop:s09:r3|stroop:s12:r0|stroop:s12:r1|stroop:s12:r2|stroop:s12:r3|stroop:s13:r0|stroop:s13:r1|stroop:s13:r2|stroop:s13:r3,stroop:s10:r0|stroop:s10:r1|stroop:s10:r2|stroop:s10:r3,stroop:s11:r0|stroop:s11:r1|stroop:s11:r2|stroop:s11:r3
loso,stroop,11,seed_invariant,11,True,True,12,48,11,44,1,4,1,4,7068,623,672,1|2|3|4|5|6|7|8|9|10|13,12,stroop:s01:r0|stroop:s01:r1|stroop:s01:r2|stroop:s01:r3|stroop:s02:r0|stroop:s02:r1|stroop:s02:r2|stroop:s02:r3|stroop:s03:r0|stroop:s03:r1|stroop:s03:r2|stroop:s03:r3|stroop:s04:r0|stroop:s04:r1|stroop:s04:r2|stroop:s04:r3|stroop:s05:r0|stroop:s05:r1|stroop:s05:r2|stroop:s05:r3|stroop:s06:r0|stroop:s06:r1|stroop:s06:r2|stroop:s06:r3|stroop:s07:r0|stroop:s07:r1|stroop:s07:r2|stroop:s07:r3|stroop:s08:r0|stroop:s08:r1|stroop:s08:r2|stroop:s08:r3|stroop:s09:r0|stroop:s09:r1|stroop:s09:r2|stroop:s09:r3|stroop:s10:r0|stroop:s10:r1|stroop:s10:r2|stroop:s10:r3|stroop:s13:r0|stroop:s13:r1|stroop:s13:r2|stroop:s13:r3,stroop:s12:r0|stroop:s12:r1|stroop:s12:r2|stroop:s12:r3,stroop:s11:r0|stroop:s11:r1|stroop:s11:r2|stroop:s11:r3
loso,stroop,11,seed_invariant,12,True,True,12,48,11,44,1,4,1,4,7118,573,672,1|2|3|4|5|6|7|8|9|10|12,13,stroop:s01:r0|stroop:s01:r1|stroop:s01:r2|stroop:s01:r3|stroop:s02:r0|stroop:s02:r1|stroop:s02:r2|stroop:s02:r3|stroop:s03:r0|stroop:s03:r1|stroop:s03:r2|stroop:s03:r3|stroop:s04:r0|stroop:s04:r1|stroop:s04:r2|stroop:s04:r3|stroop:s05:r0|stroop:s05:r1|stroop:s05:r2|stroop:s05:r3|stroop:s06:r0|stroop:s06:r1|stroop:s06:r2|stroop:s06:r3|stroop:s07:r0|stroop:s07:r1|stroop:s07:r2|stroop:s07:r3|stroop:s08:r0|stroop:s08:r1|stroop:s08:r2|stroop:s08:r3|stroop:s09:r0|stroop:s09:r1|stroop:s09:r2|stroop:s09:r3|stroop:s10:r0|stroop:s10:r1|stroop:s10:r2|stroop:s10:r3|stroop:s12:r0|stroop:s12:r1|stroop:s12:r2|stroop:s12:r3,stroop:s13:r0|stroop:s13:r1|stroop:s13:r2|stroop:s13:r3,stroop:s11:r0|stroop:s11:r1|stroop:s11:r2|stroop:s11:r3
loso,stroop,12,seed_invariant,1,True,True,12,48,11,44,1,4,1,4,7087,653,623,2|3|4|5|6|7|8|9|10|11|13,1,stroop:s02:r0|stroop:s02:r1|stroop:s02:r2|stroop:s02:r3|stroop:s03:r0|stroop:s03:r1|stroop:s03:r2|stroop:s03:r3|stroop:s04:r0|stroop:s04:r1|stroop:s04:r2|stroop:s04:r3|stroop:s05:r0|stroop:s05:r1|stroop:s05:r2|stroop:s05:r3|stroop:s06:r0|stroop:s06:r1|stroop:s06:r2|stroop:s06:r3|stroop:s07:r0|stroop:s07:r1|stroop:s07:r2|stroop:s07:r3|stroop:s08:r0|stroop:s08:r1|stroop:s08:r2|stroop:s08:r3|stroop:s09:r0|stroop:s09:r1|stroop:s09:r2|stroop:s09:r3|stroop:s10:r0|stroop:s10:r1|stroop:s10:r2|stroop:s10:r3|stroop:s11:r0|stroop:s11:r1|stroop:s11:r2|stroop:s11:r3|stroop:s13:r0|stroop:s13:r1|stroop:s13:r2|stroop:s13:r3,stroop:s01:r0|stroop:s01:r1|stroop:s01:r2|stroop:s01:r3,stroop:s12:r0|stroop:s12:r1|stroop:s12:r2|stroop:s12:r3
loso,stroop,12,seed_invariant,2,True,True,12,48,11,44,1,4,1,4,6881,859,623,1|3|4|5|6|7|8|9|10|11|13,2,stroop:s01:r0|stroop:s01:r1|stroop:s01:r2|stroop:s01:r3|stroop:s03:r0|stroop:s03:r1|stroop:s03:r2|stroop:s03:r3|stroop:s04:r0|stroop:s04:r1|stroop:s04:r2|stroop:s04:r3|stroop:s05:r0|stroop:s05:r1|stroop:s05:r2|stroop:s05:r3|stroop:s06:r0|stroop:s06:r1|stroop:s06:r2|stroop:s06:r3|stroop:s07:r0|stroop:s07:r1|stroop:s07:r2|stroop:s07:r3|stroop:s08:r0|stroop:s08:r1|stroop:s08:r2|stroop:s08:r3|stroop:s09:r0|stroop:s09:r1|stroop:s09:r2|stroop:s09:r3|stroop:s10:r0|stroop:s10:r1|stroop:s10:r2|stroop:s10:r3|stroop:s11:r0|stroop:s11:r1|stroop:s11:r2|stroop:s11:r3|stroop:s13:r0|stroop:s13:r1|stroop:s13:r2|stroop:s13:r3,stroop:s02:r0|stroop:s02:r1|stroop:s02:r2|stroop:s02:r3,stroop:s12:r0|stroop:s12:r1|stroop:s12:r2|stroop:s12:r3
loso,stroop,12,seed_invariant,3,True,True,12,48,11,44,1,4,1,4,7170,570,623,1|2|4|5|6|7|8|9|10|11|13,3,stroop:s01:r0|stroop:s01:r1|stroop:s01:r2|stroop:s01:r3|stroop:s02:r0|stroop:s02:r1|stroop:s02:r2|stroop:s02:r3|stroop:s04:r0|stroop:s04:r1|stroop:s04:r2|stroop:s04:r3|stroop:s05:r0|stroop:s05:r1|stroop:s05:r2|stroop:s05:r3|stroop:s06:r0|stroop:s06:r1|stroop:s06:r2|stroop:s06:r3|stroop:s07:r0|stroop:s07:r1|stroop:s07:r2|stroop:s07:r3|stroop:s08:r0|stroop:s08:r1|stroop:s08:r2|stroop:s08:r3|stroop:s09:r0|stroop:s09:r1|stroop:s09:r2|stroop:s09:r3|stroop:s10:r0|stroop:s10:r1|stroop:s10:r2|stroop:s10:r3|stroop:s11:r0|stroop:s11:r1|stroop:s11:r2|stroop:s11:r3|stroop:s13:r0|stroop:s13:r1|stroop:s13:r2|stroop:s13:r3,stroop:s03:r0|stroop:s03:r1|stroop:s03:r2|stroop:s03:r3,stroop:s12:r0|stroop:s12:r1|stroop:s12:r2|stroop:s12:r3
loso,stroop,12,seed_invariant,4,True,True,12,48,11,44,1,4,1,4,7281,459,623,1|2|3|5|6|7|8|9|10|11|13,4,stroop:s01:r0|stroop:s01:r1|stroop:s01:r2|stroop:s01:r3|stroop:s02:r0|stroop:s02:r1|stroop:s02:r2|stroop:s02:r3|stroop:s03:r0|stroop:s03:r1|stroop:s03:r2|stroop:s03:r3|stroop:s05:r0|stroop:s05:r1|stroop:s05:r2|stroop:s05:r3|stroop:s06:r0|stroop:s06:r1|stroop:s06:r2|stroop:s06:r3|stroop:s07:r0|stroop:s07:r1|stroop:s07:r2|stroop:s07:r3|stroop:s08:r0|stroop:s08:r1|stroop:s08:r2|stroop:s08:r3|stroop:s09:r0|stroop:s09:r1|stroop:s09:r2|stroop:s09:r3|stroop:s10:r0|stroop:s10:r1|stroop:s10:r2|stroop:s10:r3|stroop:s11:r0|stroop:s11:r1|stroop:s11:r2|stroop:s11:r3|stroop:s13:r0|stroop:s13:r1|stroop:s13:r2|stroop:s13:r3,stroop:s04:r0|stroop:s04:r1|stroop:s04:r2|stroop:s04:r3,stroop:s12:r0|stroop:s12:r1|stroop:s12:r2|stroop:s12:r3
loso,stroop,12,seed_invariant,5,True,True,12,48,11,44,1,4,1,4,7080,660,623,1|2|3|4|6|7|8|9|10|11|13,5,stroop:s01:r0|stroop:s01:r1|stroop:s01:r2|stroop:s01:r3|stroop:s02:r0|stroop:s02:r1|stroop:s02:r2|stroop:s02:r3|stroop:s03:r0|stroop:s03:r1|stroop:s03:r2|stroop:s03:r3|stroop:s04:r0|stroop:s04:r1|stroop:s04:r2|stroop:s04:r3|stroop:s06:r0|stroop:s06:r1|stroop:s06:r2|stroop:s06:r3|stroop:s07:r0|stroop:s07:r1|stroop:s07:r2|stroop:s07:r3|stroop:s08:r0|stroop:s08:r1|stroop:s08:r2|stroop:s08:r3|stroop:s09:r0|stroop:s09:r1|stroop:s09:r2|stroop:s09:r3|stroop:s10:r0|stroop:s10:r1|stroop:s10:r2|stroop:s10:r3|stroop:s11:r0|stroop:s11:r1|stroop:s11:r2|stroop:s11:r3|stroop:s13:r0|stroop:s13:r1|stroop:s13:r2|stroop:s13:r3,stroop:s05:r0|stroop:s05:r1|stroop:s05:r2|stroop:s05:r3,stroop:s12:r0|stroop:s12:r1|stroop:s12:r2|stroop:s12:r3
loso,stroop,12,seed_invariant,6,True,True,12,48,11,44,1,4,1,4,7199,541,623,1|2|3|4|5|7|8|9|10|11|13,6,stroop:s01:r0|stroop:s01:r1|stroop:s01:r2|stroop:s01:r3|stroop:s02:r0|stroop:s02:r1|stroop:s02:r2|stroop:s02:r3|stroop:s03:r0|stroop:s03:r1|stroop:s03:r2|stroop:s03:r3|stroop:s04:r0|stroop:s04:r1|stroop:s04:r2|stroop:s04:r3|stroop:s05:r0|stroop:s05:r1|stroop:s05:r2|stroop:s05:r3|stroop:s07:r0|stroop:s07:r1|stroop:s07:r2|stroop:s07:r3|stroop:s08:r0|stroop:s08:r1|stroop:s08:r2|stroop:s08:r3|stroop:s09:r0|stroop:s09:r1|stroop:s09:r2|stroop:s09:r3|stroop:s10:r0|stroop:s10:r1|stroop:s10:r2|stroop:s10:r3|stroop:s11:r0|stroop:s11:r1|stroop:s11:r2|stroop:s11:r3|stroop:s13:r0|stroop:s13:r1|stroop:s13:r2|stroop:s13:r3,stroop:s06:r0|stroop:s06:r1|stroop:s06:r2|stroop:s06:r3,stroop:s12:r0|stroop:s12:r1|stroop:s12:r2|stroop:s12:r3
loso,stroop,12,seed_invariant,7,True,True,12,48,11,44,1,4,1,4,7199,541,623,1|2|3|4|5|6|8|9|10|11|13,7,stroop:s01:r0|stroop:s01:r1|stroop:s01:r2|stroop:s01:r3|stroop:s02:r0|stroop:s02:r1|stroop:s02:r2|stroop:s02:r3|stroop:s03:r0|stroop:s03:r1|stroop:s03:r2|stroop:s03:r3|stroop:s04:r0|stroop:s04:r1|stroop:s04:r2|stroop:s04:r3|stroop:s05:r0|stroop:s05:r1|stroop:s05:r2|stroop:s05:r3|stroop:s06:r0|stroop:s06:r1|stroop:s06:r2|stroop:s06:r3|stroop:s08:r0|stroop:s08:r1|stroop:s08:r2|stroop:s08:r3|stroop:s09:r0|stroop:s09:r1|stroop:s09:r2|stroop:s09:r3|stroop:s10:r0|stroop:s10:r1|stroop:s10:r2|stroop:s10:r3|stroop:s11:r0|stroop:s11:r1|stroop:s11:r2|stroop:s11:r3|stroop:s13:r0|stroop:s13:r1|stroop:s13:r2|stroop:s13:r3,stroop:s07:r0|stroop:s07:r1|stroop:s07:r2|stroop:s07:r3,stroop:s12:r0|stroop:s12:r1|stroop:s12:r2|stroop:s12:r3
loso,stroop,12,seed_invariant,8,True,True,12,48,11,44,1,4,1,4,6994,746,623,1|2|3|4|5|6|7|9|10|11|13,8,stroop:s01:r0|stroop:s01:r1|stroop:s01:r2|stroop:s01:r3|stroop:s02:r0|stroop:s02:r1|stroop:s02:r2|stroop:s02:r3|stroop:s03:r0|stroop:s03:r1|stroop:s03:r2|stroop:s03:r3|stroop:s04:r0|stroop:s04:r1|stroop:s04:r2|stroop:s04:r3|stroop:s05:r0|stroop:s05:r1|stroop:s05:r2|stroop:s05:r3|stroop:s06:r0|stroop:s06:r1|stroop:s06:r2|stroop:s06:r3|stroop:s07:r0|stroop:s07:r1|stroop:s07:r2|stroop:s07:r3|stroop:s09:r0|stroop:s09:r1|stroop:s09:r2|stroop:s09:r3|stroop:s10:r0|stroop:s10:r1|stroop:s10:r2|stroop:s10:r3|stroop:s11:r0|stroop:s11:r1|stroop:s11:r2|stroop:s11:r3|stroop:s13:r0|stroop:s13:r1|stroop:s13:r2|stroop:s13:r3,stroop:s08:r0|stroop:s08:r1|stroop:s08:r2|stroop:s08:r3,stroop:s12:r0|stroop:s12:r1|stroop:s12:r2|stroop:s12:r3
loso,stroop,12,seed_invariant,9,True,True,12,48,11,44,1,4,1,4,6867,873,623,1|2|3|4|5|6|7|8|10|11|13,9,stroop:s01:r0|stroop:s01:r1|stroop:s01:r2|stroop:s01:r3|stroop:s02:r0|stroop:s02:r1|stroop:s02:r2|stroop:s02:r3|stroop:s03:r0|stroop:s03:r1|stroop:s03:r2|stroop:s03:r3|stroop:s04:r0|stroop:s04:r1|stroop:s04:r2|stroop:s04:r3|stroop:s05:r0|stroop:s05:r1|stroop:s05:r2|stroop:s05:r3|stroop:s06:r0|stroop:s06:r1|stroop:s06:r2|stroop:s06:r3|stroop:s07:r0|stroop:s07:r1|stroop:s07:r2|stroop:s07:r3|stroop:s08:r0|stroop:s08:r1|stroop:s08:r2|stroop:s08:r3|stroop:s10:r0|stroop:s10:r1|stroop:s10:r2|stroop:s10:r3|stroop:s11:r0|stroop:s11:r1|stroop:s11:r2|stroop:s11:r3|stroop:s13:r0|stroop:s13:r1|stroop:s13:r2|stroop:s13:r3,stroop:s09:r0|stroop:s09:r1|stroop:s09:r2|stroop:s09:r3,stroop:s12:r0|stroop:s12:r1|stroop:s12:r2|stroop:s12:r3
loso,stroop,12,seed_invariant,10,True,True,12,48,11,44,1,4,1,4,7147,593,623,1|2|3|4|5|6|7|8|9|11|13,10,stroop:s01:r0|stroop:s01:r1|stroop:s01:r2|stroop:s01:r3|stroop:s02:r0|stroop:s02:r1|stroop:s02:r2|stroop:s02:r3|stroop:s03:r0|stroop:s03:r1|stroop:s03:r2|stroop:s03:r3|stroop:s04:r0|stroop:s04:r1|stroop:s04:r2|stroop:s04:r3|stroop:s05:r0|stroop:s05:r1|stroop:s05:r2|stroop:s05:r3|stroop:s06:r0|stroop:s06:r1|stroop:s06:r2|stroop:s06:r3|stroop:s07:r0|stroop:s07:r1|stroop:s07:r2|stroop:s07:r3|stroop:s08:r0|stroop:s08:r1|stroop:s08:r2|stroop:s08:r3|stroop:s09:r0|stroop:s09:r1|stroop:s09:r2|stroop:s09:r3|stroop:s11:r0|stroop:s11:r1|stroop:s11:r2|stroop:s11:r3|stroop:s13:r0|stroop:s13:r1|stroop:s13:r2|stroop:s13:r3,stroop:s10:r0|stroop:s10:r1|stroop:s10:r2|stroop:s10:r3,stroop:s12:r0|stroop:s12:r1|stroop:s12:r2|stroop:s12:r3
loso,stroop,12,seed_invariant,11,True,True,12,48,11,44,1,4,1,4,7068,672,623,1|2|3|4|5|6|7|8|9|10|13,11,stroop:s01:r0|stroop:s01:r1|stroop:s01:r2|stroop:s01:r3|stroop:s02:r0|stroop:s02:r1|stroop:s02:r2|stroop:s02:r3|stroop:s03:r0|stroop:s03:r1|stroop:s03:r2|stroop:s03:r3|stroop:s04:r0|stroop:s04:r1|stroop:s04:r2|stroop:s04:r3|stroop:s05:r0|stroop:s05:r1|stroop:s05:r2|stroop:s05:r3|stroop:s06:r0|stroop:s06:r1|stroop:s06:r2|stroop:s06:r3|stroop:s07:r0|stroop:s07:r1|stroop:s07:r2|stroop:s07:r3|stroop:s08:r0|stroop:s08:r1|stroop:s08:r2|stroop:s08:r3|stroop:s09:r0|stroop:s09:r1|stroop:s09:r2|stroop:s09:r3|stroop:s10:r0|stroop:s10:r1|stroop:s10:r2|stroop:s10:r3|stroop:s13:r0|stroop:s13:r1|stroop:s13:r2|stroop:s13:r3,stroop:s11:r0|stroop:s11:r1|stroop:s11:r2|stroop:s11:r3,stroop:s12:r0|stroop:s12:r1|stroop:s12:r2|stroop:s12:r3
loso,stroop,12,seed_invariant,12,True,True,12,48,11,44,1,4,1,4,7167,573,623,1|2|3|4|5|6|7|8|9|10|11,13,stroop:s01:r0|stroop:s01:r1|stroop:s01:r2|stroop:s01:r3|stroop:s02:r0|stroop:s02:r1|stroop:s02:r2|stroop:s02:r3|stroop:s03:r0|stroop:s03:r1|stroop:s03:r2|stroop:s03:r3|stroop:s04:r0|stroop:s04:r1|stroop:s04:r2|stroop:s04:r3|stroop:s05:r0|stroop:s05:r1|stroop:s05:r2|stroop:s05:r3|stroop:s06:r0|stroop:s06:r1|stroop:s06:r2|stroop:s06:r3|stroop:s07:r0|stroop:s07:r1|stroop:s07:r2|stroop:s07:r3|stroop:s08:r0|stroop:s08:r1|stroop:s08:r2|stroop:s08:r3|stroop:s09:r0|stroop:s09:r1|stroop:s09:r2|stroop:s09:r3|stroop:s10:r0|stroop:s10:r1|stroop:s10:r2|stroop:s10:r3|stroop:s11:r0|stroop:s11:r1|stroop:s11:r2|stroop:s11:r3,stroop:s13:r0|stroop:s13:r1|stroop:s13:r2|stroop:s13:r3,stroop:s12:r0|stroop:s12:r1|stroop:s12:r2|stroop:s12:r3
loso,stroop,13,seed_invariant,1,True,True,12,48,11,44,1,4,1,4,7137,653,573,2|3|4|5|6|7|8|9|10|11|12,1,stroop:s02:r0|stroop:s02:r1|stroop:s02:r2|stroop:s02:r3|stroop:s03:r0|stroop:s03:r1|stroop:s03:r2|stroop:s03:r3|stroop:s04:r0|stroop:s04:r1|stroop:s04:r2|stroop:s04:r3|stroop:s05:r0|stroop:s05:r1|stroop:s05:r2|stroop:s05:r3|stroop:s06:r0|stroop:s06:r1|stroop:s06:r2|stroop:s06:r3|stroop:s07:r0|stroop:s07:r1|stroop:s07:r2|stroop:s07:r3|stroop:s08:r0|stroop:s08:r1|stroop:s08:r2|stroop:s08:r3|stroop:s09:r0|stroop:s09:r1|stroop:s09:r2|stroop:s09:r3|stroop:s10:r0|stroop:s10:r1|stroop:s10:r2|stroop:s10:r3|stroop:s11:r0|stroop:s11:r1|stroop:s11:r2|stroop:s11:r3|stroop:s12:r0|stroop:s12:r1|stroop:s12:r2|stroop:s12:r3,stroop:s01:r0|stroop:s01:r1|stroop:s01:r2|stroop:s01:r3,stroop:s13:r0|stroop:s13:r1|stroop:s13:r2|stroop:s13:r3
loso,stroop,13,seed_invariant,2,True,True,12,48,11,44,1,4,1,4,6931,859,573,1|3|4|5|6|7|8|9|10|11|12,2,stroop:s01:r0|stroop:s01:r1|stroop:s01:r2|stroop:s01:r3|stroop:s03:r0|stroop:s03:r1|stroop:s03:r2|stroop:s03:r3|stroop:s04:r0|stroop:s04:r1|stroop:s04:r2|stroop:s04:r3|stroop:s05:r0|stroop:s05:r1|stroop:s05:r2|stroop:s05:r3|stroop:s06:r0|stroop:s06:r1|stroop:s06:r2|stroop:s06:r3|stroop:s07:r0|stroop:s07:r1|stroop:s07:r2|stroop:s07:r3|stroop:s08:r0|stroop:s08:r1|stroop:s08:r2|stroop:s08:r3|stroop:s09:r0|stroop:s09:r1|stroop:s09:r2|stroop:s09:r3|stroop:s10:r0|stroop:s10:r1|stroop:s10:r2|stroop:s10:r3|stroop:s11:r0|stroop:s11:r1|stroop:s11:r2|stroop:s11:r3|stroop:s12:r0|stroop:s12:r1|stroop:s12:r2|stroop:s12:r3,stroop:s02:r0|stroop:s02:r1|stroop:s02:r2|stroop:s02:r3,stroop:s13:r0|stroop:s13:r1|stroop:s13:r2|stroop:s13:r3
loso,stroop,13,seed_invariant,3,True,True,12,48,11,44,1,4,1,4,7220,570,573,1|2|4|5|6|7|8|9|10|11|12,3,stroop:s01:r0|stroop:s01:r1|stroop:s01:r2|stroop:s01:r3|stroop:s02:r0|stroop:s02:r1|stroop:s02:r2|stroop:s02:r3|stroop:s04:r0|stroop:s04:r1|stroop:s04:r2|stroop:s04:r3|stroop:s05:r0|stroop:s05:r1|stroop:s05:r2|stroop:s05:r3|stroop:s06:r0|stroop:s06:r1|stroop:s06:r2|stroop:s06:r3|stroop:s07:r0|stroop:s07:r1|stroop:s07:r2|stroop:s07:r3|stroop:s08:r0|stroop:s08:r1|stroop:s08:r2|stroop:s08:r3|stroop:s09:r0|stroop:s09:r1|stroop:s09:r2|stroop:s09:r3|stroop:s10:r0|stroop:s10:r1|stroop:s10:r2|stroop:s10:r3|stroop:s11:r0|stroop:s11:r1|stroop:s11:r2|stroop:s11:r3|stroop:s12:r0|stroop:s12:r1|stroop:s12:r2|stroop:s12:r3,stroop:s03:r0|stroop:s03:r1|stroop:s03:r2|stroop:s03:r3,stroop:s13:r0|stroop:s13:r1|stroop:s13:r2|stroop:s13:r3
loso,stroop,13,seed_invariant,4,True,True,12,48,11,44,1,4,1,4,7331,459,573,1|2|3|5|6|7|8|9|10|11|12,4,stroop:s01:r0|stroop:s01:r1|stroop:s01:r2|stroop:s01:r3|stroop:s02:r0|stroop:s02:r1|stroop:s02:r2|stroop:s02:r3|stroop:s03:r0|stroop:s03:r1|stroop:s03:r2|stroop:s03:r3|stroop:s05:r0|stroop:s05:r1|stroop:s05:r2|stroop:s05:r3|stroop:s06:r0|stroop:s06:r1|stroop:s06:r2|stroop:s06:r3|stroop:s07:r0|stroop:s07:r1|stroop:s07:r2|stroop:s07:r3|stroop:s08:r0|stroop:s08:r1|stroop:s08:r2|stroop:s08:r3|stroop:s09:r0|stroop:s09:r1|stroop:s09:r2|stroop:s09:r3|stroop:s10:r0|stroop:s10:r1|stroop:s10:r2|stroop:s10:r3|stroop:s11:r0|stroop:s11:r1|stroop:s11:r2|stroop:s11:r3|stroop:s12:r0|stroop:s12:r1|stroop:s12:r2|stroop:s12:r3,stroop:s04:r0|stroop:s04:r1|stroop:s04:r2|stroop:s04:r3,stroop:s13:r0|stroop:s13:r1|stroop:s13:r2|stroop:s13:r3
loso,stroop,13,seed_invariant,5,True,True,12,48,11,44,1,4,1,4,7130,660,573,1|2|3|4|6|7|8|9|10|11|12,5,stroop:s01:r0|stroop:s01:r1|stroop:s01:r2|stroop:s01:r3|stroop:s02:r0|stroop:s02:r1|stroop:s02:r2|stroop:s02:r3|stroop:s03:r0|stroop:s03:r1|stroop:s03:r2|stroop:s03:r3|stroop:s04:r0|stroop:s04:r1|stroop:s04:r2|stroop:s04:r3|stroop:s06:r0|stroop:s06:r1|stroop:s06:r2|stroop:s06:r3|stroop:s07:r0|stroop:s07:r1|stroop:s07:r2|stroop:s07:r3|stroop:s08:r0|stroop:s08:r1|stroop:s08:r2|stroop:s08:r3|stroop:s09:r0|stroop:s09:r1|stroop:s09:r2|stroop:s09:r3|stroop:s10:r0|stroop:s10:r1|stroop:s10:r2|stroop:s10:r3|stroop:s11:r0|stroop:s11:r1|stroop:s11:r2|stroop:s11:r3|stroop:s12:r0|stroop:s12:r1|stroop:s12:r2|stroop:s12:r3,stroop:s05:r0|stroop:s05:r1|stroop:s05:r2|stroop:s05:r3,stroop:s13:r0|stroop:s13:r1|stroop:s13:r2|stroop:s13:r3
loso,stroop,13,seed_invariant,6,True,True,12,48,11,44,1,4,1,4,7249,541,573,1|2|3|4|5|7|8|9|10|11|12,6,stroop:s01:r0|stroop:s01:r1|stroop:s01:r2|stroop:s01:r3|stroop:s02:r0|stroop:s02:r1|stroop:s02:r2|stroop:s02:r3|stroop:s03:r0|stroop:s03:r1|stroop:s03:r2|stroop:s03:r3|stroop:s04:r0|stroop:s04:r1|stroop:s04:r2|stroop:s04:r3|stroop:s05:r0|stroop:s05:r1|stroop:s05:r2|stroop:s05:r3|stroop:s07:r0|stroop:s07:r1|stroop:s07:r2|stroop:s07:r3|stroop:s08:r0|stroop:s08:r1|stroop:s08:r2|stroop:s08:r3|stroop:s09:r0|stroop:s09:r1|stroop:s09:r2|stroop:s09:r3|stroop:s10:r0|stroop:s10:r1|stroop:s10:r2|stroop:s10:r3|stroop:s11:r0|stroop:s11:r1|stroop:s11:r2|stroop:s11:r3|stroop:s12:r0|stroop:s12:r1|stroop:s12:r2|stroop:s12:r3,stroop:s06:r0|stroop:s06:r1|stroop:s06:r2|stroop:s06:r3,stroop:s13:r0|stroop:s13:r1|stroop:s13:r2|stroop:s13:r3
loso,stroop,13,seed_invariant,7,True,True,12,48,11,44,1,4,1,4,7249,541,573,1|2|3|4|5|6|8|9|10|11|12,7,stroop:s01:r0|stroop:s01:r1|stroop:s01:r2|stroop:s01:r3|stroop:s02:r0|stroop:s02:r1|stroop:s02:r2|stroop:s02:r3|stroop:s03:r0|stroop:s03:r1|stroop:s03:r2|stroop:s03:r3|stroop:s04:r0|stroop:s04:r1|stroop:s04:r2|stroop:s04:r3|stroop:s05:r0|stroop:s05:r1|stroop:s05:r2|stroop:s05:r3|stroop:s06:r0|stroop:s06:r1|stroop:s06:r2|stroop:s06:r3|stroop:s08:r0|stroop:s08:r1|stroop:s08:r2|stroop:s08:r3|stroop:s09:r0|stroop:s09:r1|stroop:s09:r2|stroop:s09:r3|stroop:s10:r0|stroop:s10:r1|stroop:s10:r2|stroop:s10:r3|stroop:s11:r0|stroop:s11:r1|stroop:s11:r2|stroop:s11:r3|stroop:s12:r0|stroop:s12:r1|stroop:s12:r2|stroop:s12:r3,stroop:s07:r0|stroop:s07:r1|stroop:s07:r2|stroop:s07:r3,stroop:s13:r0|stroop:s13:r1|stroop:s13:r2|stroop:s13:r3
loso,stroop,13,seed_invariant,8,True,True,12,48,11,44,1,4,1,4,7044,746,573,1|2|3|4|5|6|7|9|10|11|12,8,stroop:s01:r0|stroop:s01:r1|stroop:s01:r2|stroop:s01:r3|stroop:s02:r0|stroop:s02:r1|stroop:s02:r2|stroop:s02:r3|stroop:s03:r0|stroop:s03:r1|stroop:s03:r2|stroop:s03:r3|stroop:s04:r0|stroop:s04:r1|stroop:s04:r2|stroop:s04:r3|stroop:s05:r0|stroop:s05:r1|stroop:s05:r2|stroop:s05:r3|stroop:s06:r0|stroop:s06:r1|stroop:s06:r2|stroop:s06:r3|stroop:s07:r0|stroop:s07:r1|stroop:s07:r2|stroop:s07:r3|stroop:s09:r0|stroop:s09:r1|stroop:s09:r2|stroop:s09:r3|stroop:s10:r0|stroop:s10:r1|stroop:s10:r2|stroop:s10:r3|stroop:s11:r0|stroop:s11:r1|stroop:s11:r2|stroop:s11:r3|stroop:s12:r0|stroop:s12:r1|stroop:s12:r2|stroop:s12:r3,stroop:s08:r0|stroop:s08:r1|stroop:s08:r2|stroop:s08:r3,stroop:s13:r0|stroop:s13:r1|stroop:s13:r2|stroop:s13:r3
loso,stroop,13,seed_invariant,9,True,True,12,48,11,44,1,4,1,4,6917,873,573,1|2|3|4|5|6|7|8|10|11|12,9,stroop:s01:r0|stroop:s01:r1|stroop:s01:r2|stroop:s01:r3|stroop:s02:r0|stroop:s02:r1|stroop:s02:r2|stroop:s02:r3|stroop:s03:r0|stroop:s03:r1|stroop:s03:r2|stroop:s03:r3|stroop:s04:r0|stroop:s04:r1|stroop:s04:r2|stroop:s04:r3|stroop:s05:r0|stroop:s05:r1|stroop:s05:r2|stroop:s05:r3|stroop:s06:r0|stroop:s06:r1|stroop:s06:r2|stroop:s06:r3|stroop:s07:r0|stroop:s07:r1|stroop:s07:r2|stroop:s07:r3|stroop:s08:r0|stroop:s08:r1|stroop:s08:r2|stroop:s08:r3|stroop:s10:r0|stroop:s10:r1|stroop:s10:r2|stroop:s10:r3|stroop:s11:r0|stroop:s11:r1|stroop:s11:r2|stroop:s11:r3|stroop:s12:r0|stroop:s12:r1|stroop:s12:r2|stroop:s12:r3,stroop:s09:r0|stroop:s09:r1|stroop:s09:r2|stroop:s09:r3,stroop:s13:r0|stroop:s13:r1|stroop:s13:r2|stroop:s13:r3
loso,stroop,13,seed_invariant,10,True,True,12,48,11,44,1,4,1,4,7197,593,573,1|2|3|4|5|6|7|8|9|11|12,10,stroop:s01:r0|stroop:s01:r1|stroop:s01:r2|stroop:s01:r3|stroop:s02:r0|stroop:s02:r1|stroop:s02:r2|stroop:s02:r3|stroop:s03:r0|stroop:s03:r1|stroop:s03:r2|stroop:s03:r3|stroop:s04:r0|stroop:s04:r1|stroop:s04:r2|stroop:s04:r3|stroop:s05:r0|stroop:s05:r1|stroop:s05:r2|stroop:s05:r3|stroop:s06:r0|stroop:s06:r1|stroop:s06:r2|stroop:s06:r3|stroop:s07:r0|stroop:s07:r1|stroop:s07:r2|stroop:s07:r3|stroop:s08:r0|stroop:s08:r1|stroop:s08:r2|stroop:s08:r3|stroop:s09:r0|stroop:s09:r1|stroop:s09:r2|stroop:s09:r3|stroop:s11:r0|stroop:s11:r1|stroop:s11:r2|stroop:s11:r3|stroop:s12:r0|stroop:s12:r1|stroop:s12:r2|stroop:s12:r3,stroop:s10:r0|stroop:s10:r1|stroop:s10:r2|stroop:s10:r3,stroop:s13:r0|stroop:s13:r1|stroop:s13:r2|stroop:s13:r3
loso,stroop,13,seed_invariant,11,True,True,12,48,11,44,1,4,1,4,7118,672,573,1|2|3|4|5|6|7|8|9|10|12,11,stroop:s01:r0|stroop:s01:r1|stroop:s01:r2|stroop:s01:r3|stroop:s02:r0|stroop:s02:r1|stroop:s02:r2|stroop:s02:r3|stroop:s03:r0|stroop:s03:r1|stroop:s03:r2|stroop:s03:r3|stroop:s04:r0|stroop:s04:r1|stroop:s04:r2|stroop:s04:r3|stroop:s05:r0|stroop:s05:r1|stroop:s05:r2|stroop:s05:r3|stroop:s06:r0|stroop:s06:r1|stroop:s06:r2|stroop:s06:r3|stroop:s07:r0|stroop:s07:r1|stroop:s07:r2|stroop:s07:r3|stroop:s08:r0|stroop:s08:r1|stroop:s08:r2|stroop:s08:r3|stroop:s09:r0|stroop:s09:r1|stroop:s09:r2|stroop:s09:r3|stroop:s10:r0|stroop:s10:r1|stroop:s10:r2|stroop:s10:r3|stroop:s12:r0|stroop:s12:r1|stroop:s12:r2|stroop:s12:r3,stroop:s11:r0|stroop:s11:r1|stroop:s11:r2|stroop:s11:r3,stroop:s13:r0|stroop:s13:r1|stroop:s13:r2|stroop:s13:r3
loso,stroop,13,seed_invariant,12,True,True,12,48,11,44,1,4,1,4,7167,623,573,1|2|3|4|5|6|7|8|9|10|11,12,stroop:s01:r0|stroop:s01:r1|stroop:s01:r2|stroop:s01:r3|stroop:s02:r0|stroop:s02:r1|stroop:s02:r2|stroop:s02:r3|stroop:s03:r0|stroop:s03:r1|stroop:s03:r2|stroop:s03:r3|stroop:s04:r0|stroop:s04:r1|stroop:s04:r2|stroop:s04:r3|stroop:s05:r0|stroop:s05:r1|stroop:s05:r2|stroop:s05:r3|stroop:s06:r0|stroop:s06:r1|stroop:s06:r2|stroop:s06:r3|stroop:s07:r0|stroop:s07:r1|stroop:s07:r2|stroop:s07:r3|stroop:s08:r0|stroop:s08:r1|stroop:s08:r2|stroop:s08:r3|stroop:s09:r0|stroop:s09:r1|stroop:s09:r2|stroop:s09:r3|stroop:s10:r0|stroop:s10:r1|stroop:s10:r2|stroop:s10:r3|stroop:s11:r0|stroop:s11:r1|stroop:s11:r2|stroop:s11:r3,stroop:s12:r0|stroop:s12:r1|stroop:s12:r2|stroop:s12:r3,stroop:s13:r0|stroop:s13:r1|stroop:s13:r2|stroop:s13:r3
