outer_subject,meta_subject,recording_id,method,seed,true_label,p0,p1
1,2,stroop:s02:r0,always_fuse,1335,0,0.77978464485237,0.2202153551476299
1,2,stroop:s02:r0,always_nn,1335,0,0.9982132467616164,0.0017867532383836
1,2,stroop:s02:r1,always_fuse,1335,0,0.7448757358420072,0.2551242641579929
1,2,stroop:s02:r1,always_nn,1335,0,0.9965575720660566,0.0034424279339434
1,2,stroop:s02:r2,always_fuse,1335,1,0.6737055240569348,0.3262944759430652
1,2,stroop:s02:r2,always_nn,1335,1,0.9832684181259548,0.0167315818740453
1,2,stroop:s02:r3,always_fuse,1335,1,0.6457578519094178,0.3542421480905821
1,2,stroop:s02:r3,always_nn,1335,1,0.9646279551412896,0.0353720448587104
1,2,stroop:s02:r0,always_fuse,1388,0,0.6979106355778911,0.3020893644221089
1,2,stroop:s02:r0,always_nn,1388,0,0.9777901457938388,0.022209854206161
1,2,stroop:s02:r1,always_fuse,1388,0,0.6943603001660323,0.3056396998339677
1,2,stroop:s02:r1,always_nn,1388,0,0.9862097410958508,0.013790258904149
1,2,stroop:s02:r2,always_fuse,1388,1,0.6496307712433889,0.3503692287566111
1,2,stroop:s02:r2,always_nn,1388,1,0.9687066440480452,0.0312933559519546
1,2,stroop:s02:r3,always_fuse,1388,1,0.6326737515122006,0.3673262484877994
1,2,stroop:s02:r3,always_nn,1388,1,0.9547117599825368,0.0452882400174631
1,2,stroop:s02:r0,always_fuse,1441,0,0.7186659787753881,0.2813340212246119
1,2,stroop:s02:r0,always_nn,1441,0,0.9926637478608216,0.0073362521391785
1,2,stroop:s02:r1,always_fuse,1441,0,0.7168591655507194,0.2831408344492807
1,2,stroop:s02:r1,always_nn,1441,0,0.995853799100924,0.0041462008990759
1,2,stroop:s02:r2,always_fuse,1441,1,0.6637669794420007,0.3362330205579993
1,2,stroop:s02:r2,always_nn,1441,1,0.9892214186407562,0.0107785813592437
1,2,stroop:s02:r3,always_fuse,1441,1,0.6298567753061812,0.3701432246938187
1,2,stroop:s02:r3,always_nn,1441,1,0.966637290572447,0.033362709427553
1,2,stroop:s02:r0,always_fuse,1494,0,0.721858370666635,0.278141629333365
1,2,stroop:s02:r0,always_nn,1494,0,0.995923180374428,0.004076819625572
1,2,stroop:s02:r1,always_fuse,1494,0,0.70929313432586,0.2907068656741399
1,2,stroop:s02:r1,always_nn,1494,0,0.9953137607459028,0.0046862392540972
1,2,stroop:s02:r2,always_fuse,1494,1,0.6667090764123295,0.3332909235876705
1,2,stroop:s02:r2,always_nn,1494,1,0.9904149662735016,0.0095850337264984
1,2,stroop:s02:r3,always_fuse,1494,1,0.6405591063133983,0.3594408936866016
1,2,stroop:s02:r3,always_nn,1494,1,0.9763230699493056,0.0236769300506945
1,2,stroop:s02:r0,always_fuse,1547,0,0.6718113713171001,0.3281886286828999
1,2,stroop:s02:r0,always_nn,1547,0,0.9594359958621088,0.0405640041378912
1,2,stroop:s02:r1,always_fuse,1547,0,0.6464353074487154,0.3535646925512846
1,2,stroop:s02:r1,always_nn,1547,0,0.96532353147882,0.03467646852118
1,2,stroop:s02:r2,always_fuse,1547,1,0.5937753093726746,0.4062246906273253
1,2,stroop:s02:r2,always_nn,1547,1,0.8932085510510932,0.1067914489489068
1,2,stroop:s02:r3,always_fuse,1547,1,0.5871365359087514,0.4128634640912486
1,2,stroop:s02:r3,always_nn,1547,1,0.8874395735304751,0.1125604264695249
1,3,stroop:s03:r0,always_fuse,1335,0,0.8474151037874698,0.1525848962125302
1,3,stroop:s03:r0,always_nn,1335,0,0.9999999970715344,2.9284653699473514e-09
1,3,stroop:s03:r1,always_fuse,1335,0,0.6745369975888925,0.3254630024111074
1,3,stroop:s03:r1,always_nn,1335,0,0.999153046280959,0.0008469537190408
1,3,stroop:s03:r2,always_fuse,1335,1,0.2796579873074637,0.7203420126925363
1,3,stroop:s03:r2,always_nn,1335,1,6.438291975720786e-05,0.9999356170802428
1,3,stroop:s03:r3,always_fuse,1335,1,0.2103495473186682,0.7896504526813317
1,3,stroop:s03:r3,always_nn,1335,1,6.229713013773012e-06,0.9999937702869862
1,3,stroop:s03:r0,always_fuse,1388,0,0.8333038448991203,0.1666961551008797
1,3,stroop:s03:r0,always_nn,1388,0,0.9999999553749028,4.4625097250672914e-08
1,3,stroop:s03:r1,always_fuse,1388,0,0.6068891027049881,0.3931108972950119
1,3,stroop:s03:r1,always_nn,1388,0,0.995175771597907,0.004824228402093
1,3,stroop:s03:r2,always_fuse,1388,1,0.2964588942063,0.7035411057936999
1,3,stroop:s03:r2,always_nn,1388,1,0.0036830790206317,0.9963169209793682
1,3,stroop:s03:r3,always_fuse,1388,1,0.2053193005485644,0.7946806994514355
1,3,stroop:s03:r3,always_nn,1388,1,1.4382550385397384e-05,0.9999856174496148
1,3,stroop:s03:r0,always_fuse,1441,0,0.8191055109678607,0.1808944890321393
1,3,stroop:s03:r0,always_nn,1441,0,0.9999999966838652,3.3161346704395887e-09
1,3,stroop:s03:r1,always_fuse,1441,0,0.5638100183218356,0.4361899816781644
1,3,stroop:s03:r1,always_nn,1441,0,0.9925966995196184,0.0074033004803815
1,3,stroop:s03:r2,always_fuse,1441,1,0.3049116050392187,0.6950883949607812
1,3,stroop:s03:r2,always_nn,1441,1,0.0031354688221525,0.9968645311778476
1,3,stroop:s03:r3,always_fuse,1441,1,0.2649302247081722,0.7350697752918277
1,3,stroop:s03:r3,always_nn,1441,1,0.0009237010940719,0.999076298905928
1,3,stroop:s03:r0,always_fuse,1494,0,0.7508118324593746,0.2491881675406254
1,3,stroop:s03:r0,always_nn,1494,0,0.9999958446534432,4.155346556746849e-06
1,3,stroop:s03:r1,always_fuse,1494,0,0.5078109461056364,0.4921890538943636
1,3,stroop:s03:r1,always_nn,1494,0,0.890889498734943,0.1091105012650569
1,3,stroop:s03:r2,always_fuse,1494,1,0.349802001586272,0.6501979984137278
1,3,stroop:s03:r2,always_nn,1494,1,0.0220145462790093,0.9779854537209908
1,3,stroop:s03:r3,always_fuse,1494,1,0.2731078645120829,0.726892135487917
1,3,stroop:s03:r3,always_nn,1494,1,0.0017515825858565,0.9982484174141436
1,3,stroop:s03:r0,always_fuse,1547,0,0.7493799359398783,0.2506200640601217
1,3,stroop:s03:r0,always_nn,1547,0,0.9999185007819236,8.14992180763485e-05
1,3,stroop:s03:r1,always_fuse,1547,0,0.5361504962830869,0.4638495037169131
1,3,stroop:s03:r1,always_nn,1547,0,0.9033077280469088,0.0966922719530911
1,3,stroop:s03:r2,always_fuse,1547,1,0.413581419860668,0.586418580139332
1,3,stroop:s03:r2,always_nn,1547,1,0.141680506627695,0.8583194933723051
1,3,stroop:s03:r3,always_fuse,1547,1,0.2926672960901345,0.7073327039098655
1,3,stroop:s03:r3,always_nn,1547,1,0.0044814270008193,0.9955185729991808
1,4,stroop:s04:r0,always_fuse,1335,0,0.6579385799088052,0.3420614200911946
1,4,stroop:s04:r0,always_nn,1335,0,0.9930166820652006,0.0069833179347993
1,4,stroop:s04:r1,always_fuse,1335,0,0.4552617426040047,0.5447382573959954
1,4,stroop:s04:r1,always_nn,1335,0,0.4695693355787165,0.5304306644212836
1,4,stroop:s04:r2,always_fuse,1335,1,0.4344105065816333,0.5655894934183667
1,4,stroop:s04:r2,always_nn,1335,1,0.2081334011180211,0.7918665988819789
1,4,stroop:s04:r3,always_fuse,1335,1,0.3953677343957068,0.6046322656042932
1,4,stroop:s04:r3,always_nn,1335,1,0.0833062532581095,0.9166937467418904
1,4,stroop:s04:r0,always_fuse,1388,0,0.5800166769840238,0.4199833230159761
1,4,stroop:s04:r0,always_nn,1388,0,0.9381197714661872,0.0618802285338126
1,4,stroop:s04:r1,always_fuse,1388,0,0.448537274310986,0.551462725689014
1,4,stroop:s04:r1,always_nn,1388,0,0.4369963223018304,0.5630036776981695
1,4,stroop:s04:r2,always_fuse,1388,1,0.4215645636578857,0.5784354363421143
1,4,stroop:s04:r2,always_nn,1388,1,0.1761890434477155,0.8238109565522845
1,4,stroop:s04:r3,always_fuse,1388,1,0.401335096427724,0.598664903572276
1,4,stroop:s04:r3,always_nn,1388,1,0.1243700643484716,0.8756299356515285
1,4,stroop:s04:r0,always_fuse,1441,0,0.571248347712457,0.4287516522875429
1,4,stroop:s04:r0,always_nn,1441,0,0.9223581017813122,0.0776418982186877
1,4,stroop:s04:r1,always_fuse,1441,0,0.4501499850054277,0.5498500149945722
1,4,stroop:s04:r1,always_nn,1441,0,0.4287471628908159,0.5712528371091842
1,4,stroop:s04:r2,always_fuse,1441,1,0.415046854162973,0.584953145837027
1,4,stroop:s04:r2,always_nn,1441,1,0.1440212112888989,0.8559787887111011
1,4,stroop:s04:r3,always_fuse,1441,1,0.3903971173457619,0.6096028826542381
1,4,stroop:s04:r3,always_nn,1441,1,0.0679231208646435,0.9320768791353564
1,4,stroop:s04:r0,always_fuse,1494,0,0.6780319268091505,0.3219680731908496
1,4,stroop:s04:r0,always_nn,1494,0,0.9990416272415702,0.0009583727584298
1,4,stroop:s04:r1,always_fuse,1494,0,0.4915304925824758,0.5084695074175243
1,4,stroop:s04:r1,always_nn,1494,0,0.6898071914533285,0.3101928085466716
1,4,stroop:s04:r2,always_fuse,1494,1,0.4945668352947195,0.5054331647052805
1,4,stroop:s04:r2,always_nn,1494,1,0.5586488496454732,0.4413511503545267
1,4,stroop:s04:r3,always_fuse,1494,1,0.4601188595732075,0.5398811404267926
1,4,stroop:s04:r3,always_nn,1494,1,0.3122332143337177,0.6877667856662822
1,4,stroop:s04:r0,always_fuse,1547,0,0.5387448757212343,0.4612551242787657
1,4,stroop:s04:r0,always_nn,1547,0,0.7881224661174889,0.2118775338825112
1,4,stroop:s04:r1,always_fuse,1547,0,0.4283607196277098,0.5716392803722902
1,4,stroop:s04:r1,always_nn,1547,0,0.2715852498912871,0.7284147501087129
1,4,stroop:s04:r2,always_fuse,1547,1,0.3943256169455484,0.6056743830544516
1,4,stroop:s04:r2,always_nn,1547,1,0.0906143646267371,0.9093856353732628
1,4,stroop:s04:r3,always_fuse,1547,1,0.3691843532382052,0.6308156467617948
1,4,stroop:s04:r3,always_nn,1547,1,0.0406380861425786,0.9593619138574212
1,5,stroop:s05:r0,always_fuse,1335,0,0.8868410275034208,0.1131589724965792
1,5,stroop:s05:r0,always_nn,1335,0,0.999999999216174,7.838261058377042e-10
1,5,stroop:s05:r1,always_fuse,1335,0,0.4487425518027768,0.5512574481972232
1,5,stroop:s05:r1,always_nn,1335,0,0.2983636404806815,0.7016363595193185
1,5,stroop:s05:r2,always_fuse,1335,1,0.3437835568307604,0.6562164431692395
1,5,stroop:s05:r2,always_nn,1335,1,0.0132810971799863,0.9867189028200136
1,5,stroop:s05:r3,always_fuse,1335,1,0.3570744704622375,0.6429255295377624
1,5,stroop:s05:r3,always_nn,1335,1,0.0142042971730857,0.9857957028269142
1,5,stroop:s05:r0,always_fuse,1388,0,0.8826901735794958,0.1173098264205041
1,5,stroop:s05:r0,always_nn,1388,0,0.999999994911576,5.088423927686629e-09
1,5,stroop:s05:r1,always_fuse,1388,0,0.4613996877700857,0.5386003122299143
1,5,stroop:s05:r1,always_nn,1388,0,0.5541393928593494,0.4458606071406506
1,5,stroop:s05:r2,always_fuse,1388,1,0.3696303519925475,0.6303696480074524
1,5,stroop:s05:r2,always_nn,1388,1,0.081912322009409,0.918087677990591
1,5,stroop:s05:r3,always_fuse,1388,1,0.4213430307582412,0.5786569692417589
1,5,stroop:s05:r3,always_nn,1388,1,0.1326597195438828,0.8673402804561171
1,5,stroop:s05:r0,always_fuse,1441,0,0.8663751520025477,0.1336248479974523
1,5,stroop:s05:r0,always_nn,1441,0,0.9999999958745054,4.125494668668293e-09
1,5,stroop:s05:r1,always_fuse,1441,0,0.4815371696282606,0.5184628303717393
1,5,stroop:s05:r1,always_nn,1441,0,0.5503514874817679,0.4496485125182321
1,5,stroop:s05:r2,always_fuse,1441,1,0.4387510586498053,0.5612489413501947
1,5,stroop:s05:r2,always_nn,1441,1,0.1698224955227651,0.8301775044772348
1,5,stroop:s05:r3,always_fuse,1441,1,0.483430527748682,0.5165694722513179
1,5,stroop:s05:r3,always_nn,1441,1,0.3232255341160326,0.6767744658839675
1,5,stroop:s05:r0,always_fuse,1494,0,0.8385140351620193,0.1614859648379808
1,5,stroop:s05:r0,always_nn,1494,0,0.9999999741306428,2.5869357115225157e-08
1,5,stroop:s05:r1,always_fuse,1494,0,0.4815739728147762,0.5184260271852237
1,5,stroop:s05:r1,always_nn,1494,0,0.5243614037939821,0.4756385962060178
1,5,stroop:s05:r2,always_fuse,1494,1,0.3813328786735995,0.6186671213264004
1,5,stroop:s05:r2,always_nn,1494,1,0.0231121131923143,0.9768878868076858
1,5,stroop:s05:r3,always_fuse,1494,1,0.4576019606716894,0.5423980393283105
1,5,stroop:s05:r3,always_nn,1494,1,0.1273551490023216,0.8726448509976783
1,5,stroop:s05:r0,always_fuse,1547,0,0.8685556475900281,0.1314443524099718
1,5,stroop:s05:r0,always_nn,1547,0,0.999999998574322,1.4256780149348814e-09
1,5,stroop:s05:r1,always_fuse,1547,0,0.5206319196751347,0.4793680803248653
1,5,stroop:s05:r1,always_nn,1547,0,0.7731634198495507,0.2268365801504494
1,5,stroop:s05:r2,always_fuse,1547,1,0.4589533163799884,0.5410466836200115
1,5,stroop:s05:r2,always_nn,1547,1,0.2416632525200539,0.7583367474799461
1,5,stroop:s05:r3,always_fuse,1547,1,0.4839654622759375,0.5160345377240624
1,5,stroop:s05:r3,always_nn,1547,1,0.2933799044847938,0.7066200955152062
1,6,stroop:s06:r0,always_fuse,1335,0,0.5453537667290163,0.4546462332709838
1,6,stroop:s06:r0,always_nn,1335,0,0.9487045660922794,0.0512954339077206
1,6,stroop:s06:r1,always_fuse,1335,0,0.5170197520622852,0.4829802479377146
1,6,stroop:s06:r1,always_nn,1335,0,0.8863119370740541,0.1136880629259459
1,6,stroop:s06:r2,always_fuse,1335,1,0.3567506648681856,0.6432493351318144
1,6,stroop:s06:r2,always_nn,1335,1,0.3416479111292971,0.6583520888707028
1,6,stroop:s06:r3,always_fuse,1335,1,0.4103491032119363,0.5896508967880637
1,6,stroop:s06:r3,always_nn,1335,1,0.4389572066837968,0.5610427933162033
1,6,stroop:s06:r0,always_fuse,1388,0,0.4094960245069546,0.5905039754930453
1,6,stroop:s06:r0,always_nn,1388,0,0.469267200736424,0.5307327992635759
1,6,stroop:s06:r1,always_fuse,1388,0,0.4758983966150565,0.5241016033849435
1,6,stroop:s06:r1,always_nn,1388,0,0.7948730504559542,0.2051269495440458
1,6,stroop:s06:r2,always_fuse,1388,1,0.4632003751090279,0.5367996248909721
1,6,stroop:s06:r2,always_nn,1388,1,0.5577976551590741,0.4422023448409259
1,6,stroop:s06:r3,always_fuse,1388,1,0.4055525945996769,0.5944474054003231
1,6,stroop:s06:r3,always_nn,1388,1,0.5657075046647648,0.4342924953352352
1,6,stroop:s06:r0,always_fuse,1441,0,0.3969154736920322,0.6030845263079678
1,6,stroop:s06:r0,always_nn,1441,0,0.5100423114048932,0.4899576885951068
1,6,stroop:s06:r1,always_fuse,1441,0,0.457829012600434,0.5421709873995658
1,6,stroop:s06:r1,always_nn,1441,0,0.7673405181233308,0.2326594818766691
1,6,stroop:s06:r2,always_fuse,1441,1,0.4947387148464227,0.5052612851535773
1,6,stroop:s06:r2,always_nn,1441,1,0.8029456933408042,0.1970543066591956
1,6,stroop:s06:r3,always_fuse,1441,1,0.3921384439232022,0.6078615560767978
1,6,stroop:s06:r3,always_nn,1441,1,0.5751482068541928,0.4248517931458072
1,6,stroop:s06:r0,always_fuse,1494,0,0.4063565930457512,0.5936434069542488
1,6,stroop:s06:r0,always_nn,1494,0,0.5734463460004777,0.4265536539995222
1,6,stroop:s06:r1,always_fuse,1494,0,0.5205492468201812,0.4794507531798188
1,6,stroop:s06:r1,always_nn,1494,0,0.9593201379743598,0.0406798620256401
1,6,stroop:s06:r2,always_fuse,1494,1,0.3839243408567357,0.6160756591432643
1,6,stroop:s06:r2,always_nn,1494,1,0.1155034306913655,0.8844965693086344
1,6,stroop:s06:r3,always_fuse,1494,1,0.355394784994641,0.644605215005359
1,6,stroop:s06:r3,always_nn,1494,1,0.2441686642611003,0.7558313357388996
1,6,stroop:s06:r0,always_fuse,1547,0,0.4119792458341141,0.588020754165886
1,6,stroop:s06:r0,always_nn,1547,0,0.4309661846846603,0.5690338153153398
1,6,stroop:s06:r1,always_fuse,1547,0,0.4702672949233111,0.529732705076689
1,6,stroop:s06:r1,always_nn,1547,0,0.7744441044806925,0.2255558955193076
1,6,stroop:s06:r2,always_fuse,1547,1,0.3895995926631306,0.6104004073368693
1,6,stroop:s06:r2,always_nn,1547,1,0.0813776071022697,0.9186223928977302
1,6,stroop:s06:r3,always_fuse,1547,1,0.3762209867554631,0.6237790132445369
1,6,stroop:s06:r3,always_nn,1547,1,0.3168555974309452,0.6831444025690548
1,7,stroop:s07:r0,always_fuse,1335,0,0.8194508019445861,0.1805491980554138
1,7,stroop:s07:r0,always_nn,1335,0,0.9998771374282716,0.0001228625717284
1,7,stroop:s07:r1,always_fuse,1335,0,0.4912990753290822,0.5087009246709178
1,7,stroop:s07:r1,always_nn,1335,0,0.576138968331863,0.4238610316681371
1,7,stroop:s07:r2,always_fuse,1335,1,0.4550516720982265,0.5449483279017735
1,7,stroop:s07:r2,always_nn,1335,1,0.395685251393623,0.604314748606377
1,7,stroop:s07:r3,always_fuse,1335,1,0.4400550601976194,0.5599449398023806
1,7,stroop:s07:r3,always_nn,1335,1,0.2792229806478683,0.7207770193521317
1,7,stroop:s07:r0,always_fuse,1388,0,0.8405010105553031,0.1594989894446968
1,7,stroop:s07:r0,always_nn,1388,0,0.99999291643577,7.083564230049517e-06
1,7,stroop:s07:r1,always_fuse,1388,0,0.5130896797513089,0.4869103202486911
1,7,stroop:s07:r1,always_nn,1388,0,0.7404589428145371,0.2595410571854629
1,7,stroop:s07:r2,always_fuse,1388,1,0.4583381686674827,0.5416618313325172
1,7,stroop:s07:r2,always_nn,1388,1,0.4038805209167406,0.5961194790832592
1,7,stroop:s07:r3,always_fuse,1388,1,0.4723561202142172,0.5276438797857828
1,7,stroop:s07:r3,always_nn,1388,1,0.5036392710985425,0.4963607289014576
1,7,stroop:s07:r0,always_fuse,1441,0,0.7181792141831653,0.2818207858168346
1,7,stroop:s07:r0,always_nn,1441,0,0.9951393747589916,0.0048606252410082
1,7,stroop:s07:r1,always_fuse,1441,0,0.503922443861887,0.496077556138113
1,7,stroop:s07:r1,always_nn,1441,0,0.7324783966553948,0.2675216033446051
1,7,stroop:s07:r2,always_fuse,1441,1,0.4765532781892537,0.5234467218107464
1,7,stroop:s07:r2,always_nn,1441,1,0.6213066420235757,0.3786933579764243
1,7,stroop:s07:r3,always_fuse,1441,1,0.4753481740284397,0.5246518259715602
1,7,stroop:s07:r3,always_nn,1441,1,0.5882202400172061,0.4117797599827939
1,7,stroop:s07:r0,always_fuse,1494,0,0.7140781154553026,0.2859218845446973
1,7,stroop:s07:r0,always_nn,1494,0,0.9944258104149782,0.0055741895850217
1,7,stroop:s07:r1,always_fuse,1494,0,0.4768474686301203,0.5231525313698797
1,7,stroop:s07:r1,always_nn,1494,0,0.5242438753641946,0.4757561246358054
1,7,stroop:s07:r2,always_fuse,1494,1,0.4609921526683473,0.5390078473316526
1,7,stroop:s07:r2,always_nn,1494,1,0.4628621406810905,0.5371378593189096
1,7,stroop:s07:r3,always_fuse,1494,1,0.4513697403348435,0.5486302596651565
1,7,stroop:s07:r3,always_nn,1494,1,0.3667204420372464,0.6332795579627536
1,7,stroop:s07:r0,always_fuse,1547,0,0.8027990012834214,0.1972009987165785
1,7,stroop:s07:r0,always_nn,1547,0,0.999948818959124,5.118104087593644e-05
1,7,stroop:s07:r1,always_fuse,1547,0,0.4567359476738681,0.543264052326132
1,7,stroop:s07:r1,always_nn,1547,0,0.3842566653810572,0.6157433346189428
1,7,stroop:s07:r2,always_fuse,1547,1,0.4360557133391819,0.5639442866608182
1,7,stroop:s07:r2,always_nn,1547,1,0.2917951615148558,0.7082048384851442
1,7,stroop:s07:r3,always_fuse,1547,1,0.4178278764119082,0.5821721235880918
1,7,stroop:s07:r3,always_nn,1547,1,0.1828278422107665,0.8171721577892335
1,8,stroop:s08:r0,always_fuse,1335,0,0.7484180893683305,0.2515819106316694
1,8,stroop:s08:r0,always_nn,1335,0,0.9998156095905932,0.0001843904094069
1,8,stroop:s08:r1,always_fuse,1335,0,0.5126467153859404,0.4873532846140596
1,8,stroop:s08:r1,always_nn,1335,0,0.7747453617567701,0.2252546382432298
1,8,stroop:s08:r2,always_fuse,1335,1,0.394923036275888,0.6050769637241119
1,8,stroop:s08:r2,always_nn,1335,1,0.1284437312213606,0.8715562687786392
1,8,stroop:s08:r3,always_fuse,1335,1,0.3050228741118272,0.6949771258881727
1,8,stroop:s08:r3,always_nn,1335,1,0.0125780908342328,0.9874219091657672
1,8,stroop:s08:r0,always_fuse,1388,0,0.716536517341597,0.2834634826584031
1,8,stroop:s08:r0,always_nn,1388,0,0.9993549154198508,0.0006450845801491
1,8,stroop:s08:r1,always_fuse,1388,0,0.5778969738359689,0.4221030261640311
1,8,stroop:s08:r1,always_nn,1388,0,0.9638977814958196,0.0361022185041803
1,8,stroop:s08:r2,always_fuse,1388,1,0.4300011697556279,0.5699988302443721
1,8,stroop:s08:r2,always_nn,1388,1,0.3203456306917456,0.6796543693082544
1,8,stroop:s08:r3,always_fuse,1388,1,0.3237850062094338,0.6762149937905663
1,8,stroop:s08:r3,always_nn,1388,1,0.0244199709467121,0.975580029053288
1,8,stroop:s08:r0,always_fuse,1441,0,0.641371073130005,0.358628926869995
1,8,stroop:s08:r0,always_nn,1441,0,0.995474512767616,0.0045254872323841
1,8,stroop:s08:r1,always_fuse,1441,0,0.4966758314192002,0.5033241685807998
1,8,stroop:s08:r1,always_nn,1441,0,0.753122129733446,0.2468778702665539
1,8,stroop:s08:r2,always_fuse,1441,1,0.4177600584725201,0.5822399415274799
1,8,stroop:s08:r2,always_nn,1441,1,0.2319527111305193,0.7680472888694806
1,8,stroop:s08:r3,always_fuse,1441,1,0.3417102614299129,0.6582897385700871
1,8,stroop:s08:r3,always_nn,1441,1,0.0304837343283944,0.9695162656716056
1,8,stroop:s08:r0,always_fuse,1494,0,0.6476887685744519,0.352311231425548
1,8,stroop:s08:r0,always_nn,1494,0,0.998428433152892,0.001571566847108
1,8,stroop:s08:r1,always_fuse,1494,0,0.5277236887134487,0.4722763112865514
1,8,stroop:s08:r1,always_nn,1494,0,0.9007701688874,0.0992298311126
1,8,stroop:s08:r2,always_fuse,1494,1,0.4417381035581668,0.5582618964418331
1,8,stroop:s08:r2,always_nn,1494,1,0.3460765912755268,0.6539234087244732
1,8,stroop:s08:r3,always_fuse,1494,1,0.3798880016242451,0.6201119983757549
1,8,stroop:s08:r3,always_nn,1494,1,0.0815253888052734,0.9184746111947266
1,8,stroop:s08:r0,always_fuse,1547,0,0.7400817181070761,0.2599182818929237
1,8,stroop:s08:r0,always_nn,1547,0,0.9999098003706504,9.01996293496167e-05
1,8,stroop:s08:r1,always_fuse,1547,0,0.5460148605442197,0.4539851394557803
1,8,stroop:s08:r1,always_nn,1547,0,0.9122718880872996,0.0877281119127003
1,8,stroop:s08:r2,always_fuse,1547,1,0.3799684905280851,0.6200315094719149
1,8,stroop:s08:r2,always_nn,1547,1,0.0888951087183083,0.9111048912816916
1,8,stroop:s08:r3,always_fuse,1547,1,0.2943046036535716,0.7056953963464284
1,8,stroop:s08:r3,always_nn,1547,1,0.006472182776561,0.993527817223439
1,9,stroop:s09:r0,always_fuse,1335,0,0.8990657160861827,0.1009342839138173
1,9,stroop:s09:r0,always_nn,1335,0,0.9999999583489804,4.1651019655920526e-08
1,9,stroop:s09:r1,always_fuse,1335,0,0.4847123368496281,0.5152876631503719
1,9,stroop:s09:r1,always_nn,1335,0,0.4069132187306318,0.5930867812693682
1,9,stroop:s09:r2,always_fuse,1335,1,0.3516569672276482,0.6483430327723518
1,9,stroop:s09:r2,always_nn,1335,1,0.0221957955807085,0.9778042044192916
1,9,stroop:s09:r3,always_fuse,1335,1,0.3958660452610101,0.6041339547389898
1,9,stroop:s09:r3,always_nn,1335,1,0.0651393789368002,0.9348606210631996
1,9,stroop:s09:r0,always_fuse,1388,0,0.8751699733054931,0.1248300266945069
1,9,stroop:s09:r0,always_nn,1388,0,0.999995497481827,4.502518172909616e-06
1,9,stroop:s09:r1,always_fuse,1388,0,0.5404239204772339,0.4595760795227661
1,9,stroop:s09:r1,always_nn,1388,0,0.7409276751238796,0.2590723248761205
1,9,stroop:s09:r2,always_fuse,1388,1,0.4499225491805869,0.5500774508194131
1,9,stroop:s09:r2,always_nn,1388,1,0.2301720205097544,0.7698279794902456
1,9,stroop:s09:r3,always_fuse,1388,1,0.5067383230204618,0.4932616769795381
1,9,stroop:s09:r3,always_nn,1388,1,0.5828731579347545,0.4171268420652455
1,9,stroop:s09:r0,always_fuse,1441,0,0.8579393391828125,0.1420606608171874
1,9,stroop:s09:r0,always_nn,1441,0,0.999985878218944,1.4121781055934722e-05
1,9,stroop:s09:r1,always_fuse,1441,0,0.4729696364803794,0.5270303635196206
1,9,stroop:s09:r1,always_nn,1441,0,0.2313507588298947,0.7686492411701052
1,9,stroop:s09:r2,always_fuse,1441,1,0.4160248249459761,0.5839751750540239
1,9,stroop:s09:r2,always_nn,1441,1,0.0767787063006087,0.9232212936993912
1,9,stroop:s09:r3,always_fuse,1441,1,0.4700728779044973,0.5299271220955026
1,9,stroop:s09:r3,always_nn,1441,1,0.2938850889596068,0.7061149110403933
1,9,stroop:s09:r0,always_fuse,1494,0,0.7471525843826506,0.2528474156173493
1,9,stroop:s09:r0,always_nn,1494,0,0.9977717915145062,0.0022282084854938
1,9,stroop:s09:r1,always_fuse,1494,0,0.472017671061111,0.527982328938889
1,9,stroop:s09:r1,always_nn,1494,0,0.2746989233041184,0.7253010766958816
1,9,stroop:s09:r2,always_fuse,1494,1,0.4479582163272328,0.5520417836727671
1,9,stroop:s09:r2,always_nn,1494,1,0.223070858225831,0.7769291417741689
1,9,stroop:s09:r3,always_fuse,1494,1,0.4818237490117683,0.5181762509882317
1,9,stroop:s09:r3,always_nn,1494,1,0.4354465883663054,0.5645534116336947
1,9,stroop:s09:r0,always_fuse,1547,0,0.8964351759246981,0.1035648240753019
1,9,stroop:s09:r0,always_nn,1547,0,0.9999999998813178,1.1868224342456912e-10
1,9,stroop:s09:r1,always_fuse,1547,0,0.6081322872409958,0.3918677127590043
1,9,stroop:s09:r1,always_nn,1547,0,0.964235026201335,0.035764973798665
1,9,stroop:s09:r2,always_fuse,1547,1,0.4245225416074881,0.5754774583925119
1,9,stroop:s09:r2,always_nn,1547,1,0.0751094430404853,0.9248905569595148
1,9,stroop:s09:r3,always_fuse,1547,1,0.5118839367567986,0.4881160632432015
1,9,stroop:s09:r3,always_nn,1547,1,0.5388100285074017,0.4611899714925984
1,10,stroop:s10:r0,always_fuse,1335,0,0.6593738353169614,0.3406261646830386
1,10,stroop:s10:r0,always_nn,1335,0,0.9822151425070916,0.0177848574929083
1,10,stroop:s10:r1,always_fuse,1335,0,0.4782440028785512,0.5217559971214488
1,10,stroop:s10:r1,always_nn,1335,0,0.4921815000354297,0.5078184999645703
1,10,stroop:s10:r2,always_fuse,1335,1,0.4787324705159719,0.5212675294840281
1,10,stroop:s10:r2,always_nn,1335,1,0.4896296496815447,0.5103703503184553
1,10,stroop:s10:r3,always_fuse,1335,1,0.3695716198327367,0.6304283801672633
1,10,stroop:s10:r3,always_nn,1335,1,0.1089250737789881,0.8910749262210119
1,10,stroop:s10:r0,always_fuse,1388,0,0.6993347207498003,0.3006652792501997
1,10,stroop:s10:r0,always_nn,1388,0,0.996048388553522,0.0039516114464779
1,10,stroop:s10:r1,always_fuse,1388,0,0.4767001688677684,0.5232998311322316
1,10,stroop:s10:r1,always_nn,1388,0,0.5264114257346059,0.4735885742653941
1,10,stroop:s10:r2,always_fuse,1388,1,0.4729551018370154,0.5270448981629846
1,10,stroop:s10:r2,always_nn,1388,1,0.4811323477654787,0.5188676522345212
1,10,stroop:s10:r3,always_fuse,1388,1,0.3384962205911809,0.661503779408819
1,10,stroop:s10:r3,always_nn,1388,1,0.0485993582616137,0.9514006417383862
1,10,stroop:s10:r0,always_fuse,1441,0,0.683842441255608,0.316157558744392
1,10,stroop:s10:r0,always_nn,1441,0,0.9963101096294076,0.0036898903705922
1,10,stroop:s10:r1,always_fuse,1441,0,0.4956521403084952,0.5043478596915048
1,10,stroop:s10:r1,always_nn,1441,0,0.6119174645294859,0.3880825354705141
1,10,stroop:s10:r2,always_fuse,1441,1,0.4988723266550695,0.5011276733449306
1,10,stroop:s10:r2,always_nn,1441,1,0.6307410231005656,0.3692589768994344
1,10,stroop:s10:r3,always_fuse,1441,1,0.3905793684159852,0.6094206315840147
1,10,stroop:s10:r3,always_nn,1441,1,0.1808990179018077,0.8191009820981923
1,10,stroop:s10:r0,always_fuse,1494,0,0.6771866345189375,0.3228133654810624
1,10,stroop:s10:r0,always_nn,1494,0,0.9953492755657756,0.0046507244342244
1,10,stroop:s10:r1,always_fuse,1494,0,0.4889339967456383,0.5110660032543616
1,10,stroop:s10:r1,always_nn,1494,0,0.5877876828484094,0.4122123171515906
1,10,stroop:s10:r2,always_fuse,1494,1,0.4891756435392789,0.510824356460721
1,10,stroop:s10:r2,always_nn,1494,1,0.5855224752362568,0.4144775247637431
1,10,stroop:s10:r3,always_fuse,1494,1,0.3851640695622304,0.6148359304377696
1,10,stroop:s10:r3,always_nn,1494,1,0.1506388235576866,0.8493611764423135
1,10,stroop:s10:r0,always_fuse,1547,0,0.6545519730451884,0.3454480269548115
1,10,stroop:s10:r0,always_nn,1547,0,0.987051515297202,0.0129484847027977
1,10,stroop:s10:r1,always_fuse,1547,0,0.474444746228102,0.5255552537718979
1,10,stroop:s10:r1,always_nn,1547,0,0.4433578696821317,0.5566421303178682
1,10,stroop:s10:r2,always_fuse,1547,1,0.4724824999115397,0.5275175000884603
1,10,stroop:s10:r2,always_nn,1547,1,0.4330661001312854,0.5669338998687147
1,10,stroop:s10:r3,always_fuse,1547,1,0.3046562450542944,0.6953437549457055
1,10,stroop:s10:r3,always_nn,1547,1,0.0099761041897226,0.9900238958102772
1,11,stroop:s11:r0,always_fuse,1335,0,0.6201124555535112,0.3798875444464886
1,11,stroop:s11:r0,always_nn,1335,0,0.9727978994157226,0.0272021005842775
1,11,stroop:s11:r1,always_fuse,1335,0,0.4288532668196561,0.5711467331803438
1,11,stroop:s11:r1,always_nn,1335,0,0.3913426405646118,0.6086573594353882
1,11,stroop:s11:r2,always_fuse,1335,1,0.4193037199867201,0.5806962800132799
1,11,stroop:s11:r2,always_nn,1335,1,0.2857552375867001,0.7142447624132998
1,11,stroop:s11:r3,always_fuse,1335,1,0.4381172783908849,0.5618827216091152
1,11,stroop:s11:r3,always_nn,1335,1,0.3541319220489545,0.6458680779510456
1,11,stroop:s11:r0,always_fuse,1388,0,0.564790686902215,0.435209313097785
1,11,stroop:s11:r0,always_nn,1388,0,0.866232051516557,0.1337679484834429
1,11,stroop:s11:r1,always_fuse,1388,0,0.4057371784971312,0.5942628215028688
1,11,stroop:s11:r1,always_nn,1388,0,0.2619432160023466,0.7380567839976534
1,11,stroop:s11:r2,always_fuse,1388,1,0.4065538707952942,0.5934461292047057
1,11,stroop:s11:r2,always_nn,1388,1,0.2024605905048074,0.7975394094951926
1,11,stroop:s11:r3,always_fuse,1388,1,0.4214898834605222,0.5785101165394779
1,11,stroop:s11:r3,always_nn,1388,1,0.2585855989503654,0.7414144010496346
1,11,stroop:s11:r0,always_fuse,1441,0,0.743625569613843,0.2563744303861571
1,11,stroop:s11:r0,always_nn,1441,0,0.9999209504097956,7.904959020444563e-05
1,11,stroop:s11:r1,always_fuse,1441,0,0.4293375452749043,0.5706624547250957
1,11,stroop:s11:r1,always_nn,1441,0,0.4297206714882231,0.5702793285117769
1,11,stroop:s11:r2,always_fuse,1441,1,0.4198071800039371,0.5801928199960629
1,11,stroop:s11:r2,always_nn,1441,1,0.2703075202458534,0.7296924797541466
1,11,stroop:s11:r3,always_fuse,1441,1,0.4600886024048959,0.5399113975951041
1,11,stroop:s11:r3,always_nn,1441,1,0.5487031854457195,0.4512968145542805
1,11,stroop:s11:r0,always_fuse,1494,0,0.6870007107538659,0.312999289246134
1,11,stroop:s11:r0,always_nn,1494,0,0.9999228878790666,7.711212093338618e-05
1,11,stroop:s11:r1,always_fuse,1494,0,0.4539371184611508,0.5460628815388492
1,11,stroop:s11:r1,always_nn,1494,0,0.6499469220956456,0.3500530779043544
1,11,stroop:s11:r2,always_fuse,1494,1,0.4043530041911486,0.5956469958088514
1,11,stroop:s11:r2,always_nn,1494,1,0.1941518808056483,0.8058481191943517
1,11,stroop:s11:r3,always_fuse,1494,1,0.4450351974645773,0.5549648025354226
1,11,stroop:s11:r3,always_nn,1494,1,0.4594686442215874,0.5405313557784126
1,11,stroop:s11:r0,always_fuse,1547,0,0.7556565608355246,0.2443434391644755
1,11,stroop:s11:r0,always_nn,1547,0,0.9999961313647896,3.8686352104480696e-06
1,11,stroop:s11:r1,always_fuse,1547,0,0.4793160197943967,0.5206839802056034
1,11,stroop:s11:r1,always_nn,1547,0,0.7415533537895128,0.2584466462104872
1,11,stroop:s11:r2,always_fuse,1547,1,0.3901287326012585,0.6098712673987414
1,11,stroop:s11:r2,always_nn,1547,1,0.1140309764534565,0.8859690235465435
1,11,stroop:s11:r3,always_fuse,1547,1,0.4566252468842065,0.5433747531157934
1,11,stroop:s11:r3,always_nn,1547,1,0.4887363122426585,0.5112636877573414
1,12,stroop:s12:r0,always_fuse,1335,0,0.4715223689168067,0.5284776310831932
1,12,stroop:s12:r0,always_nn,1335,0,0.3795271350028645,0.6204728649971355
1,12,stroop:s12:r1,always_fuse,1335,0,0.4372360474280389,0.5627639525719611
1,12,stroop:s12:r1,always_nn,1335,0,0.3988703584440561,0.6011296415559441
1,12,stroop:s12:r2,always_fuse,1335,1,0.3930187764453075,0.6069812235546924
1,12,stroop:s12:r2,always_nn,1335,1,0.2080333434108537,0.7919666565891463
1,12,stroop:s12:r3,always_fuse,1335,1,0.4234118118274865,0.5765881881725136
1,12,stroop:s12:r3,always_nn,1335,1,0.3334473312947644,0.6665526687052356
1,12,stroop:s12:r0,always_fuse,1388,0,0.4930097484380533,0.5069902515619468
1,12,stroop:s12:r0,always_nn,1388,0,0.5284834594669092,0.4715165405330906
1,12,stroop:s12:r1,always_fuse,1388,0,0.4282307465851657,0.5717692534148343
1,12,stroop:s12:r1,always_nn,1388,0,0.347742166841583,0.6522578331584171
1,12,stroop:s12:r2,always_fuse,1388,1,0.399675025567037,0.6003249744329631
1,12,stroop:s12:r2,always_nn,1388,1,0.2401803880797475,0.7598196119202525
1,12,stroop:s12:r3,always_fuse,1388,1,0.4107399733055069,0.5892600266944931
1,12,stroop:s12:r3,always_nn,1388,1,0.2723631015523297,0.7276368984476702
1,12,stroop:s12:r0,always_fuse,1441,0,0.5016502729391493,0.4983497270608507
1,12,stroop:s12:r0,always_nn,1441,0,0.6261059992747362,0.3738940007252637
1,12,stroop:s12:r1,always_fuse,1441,0,0.4416796605532308,0.5583203394467692
1,12,stroop:s12:r1,always_nn,1441,0,0.4253084309329997,0.5746915690670001
1,12,stroop:s12:r2,always_fuse,1441,1,0.4190233859593496,0.5809766140406504
1,12,stroop:s12:r2,always_nn,1441,1,0.3461008763714768,0.6538991236285231
1,12,stroop:s12:r3,always_fuse,1441,1,0.4461973315154071,0.5538026684845929
1,12,stroop:s12:r3,always_nn,1441,1,0.5078645631534248,0.4921354368465752
1,12,stroop:s12:r0,always_fuse,1494,0,0.5113183041267263,0.4886816958732737
1,12,stroop:s12:r0,always_nn,1494,0,0.6782390508997593,0.3217609491002406
1,12,stroop:s12:r1,always_fuse,1494,0,0.403762640833941,0.596237359166059
1,12,stroop:s12:r1,always_nn,1494,0,0.1903023177691012,0.8096976822308988
1,12,stroop:s12:r2,always_fuse,1494,1,0.3929945766416605,0.6070054233583395
1,12,stroop:s12:r2,always_nn,1494,1,0.1930219732064947,0.8069780267935052
1,12,stroop:s12:r3,always_fuse,1494,1,0.3976293294901951,0.6023706705098049
1,12,stroop:s12:r3,always_nn,1494,1,0.1792850510832035,0.8207149489167964
1,12,stroop:s12:r0,always_fuse,1547,0,0.5414910616065028,0.4585089383934972
1,12,stroop:s12:r0,always_nn,1547,0,0.8030140936392327,0.1969859063607673
1,12,stroop:s12:r1,always_fuse,1547,0,0.4652253804931751,0.5347746195068248
1,12,stroop:s12:r1,always_nn,1547,0,0.5482906926772678,0.4517093073227323
1,12,stroop:s12:r2,always_fuse,1547,1,0.4445121989479145,0.5554878010520855
1,12,stroop:s12:r2,always_nn,1547,1,0.4534733834003989,0.5465266165996011
1,12,stroop:s12:r3,always_fuse,1547,1,0.4608181993574559,0.5391818006425441
1,12,stroop:s12:r3,always_nn,1547,1,0.5203063510070837,0.4796936489929163
1,13,stroop:s13:r0,always_fuse,1335,0,0.8161448566857313,0.1838551433142687
1,13,stroop:s13:r0,always_nn,1335,0,0.9998410189613964,0.0001589810386035
1,13,stroop:s13:r1,always_fuse,1335,0,0.4987192446736713,0.5012807553263288
1,13,stroop:s13:r1,always_nn,1335,0,0.5332546023082172,0.4667453976917827
1,13,stroop:s13:r2,always_fuse,1335,1,0.516545780803984,0.483454219196016
1,13,stroop:s13:r2,always_nn,1335,1,0.5121308381376065,0.4878691618623935
1,13,stroop:s13:r3,always_fuse,1335,1,0.4619750110107398,0.5380249889892601
1,13,stroop:s13:r3,always_nn,1335,1,0.2502372345271748,0.7497627654728253
1,13,stroop:s13:r0,always_fuse,1388,0,0.751367604774768,0.248632395225232
1,13,stroop:s13:r0,always_nn,1388,0,0.9973419917658142,0.0026580082341858
1,13,stroop:s13:r1,always_fuse,1388,0,0.5007070732844169,0.4992929267155832
1,13,stroop:s13:r1,always_nn,1388,0,0.6160534203548085,0.3839465796451915
1,13,stroop:s13:r2,always_fuse,1388,1,0.5541588754487776,0.4458411245512225
1,13,stroop:s13:r2,always_nn,1388,1,0.8068428442932047,0.1931571557067952
1,13,stroop:s13:r3,always_fuse,1388,1,0.4331482486266776,0.5668517513733222
1,13,stroop:s13:r3,always_nn,1388,1,0.1589289818538143,0.8410710181461857
1,13,stroop:s13:r0,always_fuse,1441,0,0.8294843617388346,0.1705156382611653
1,13,stroop:s13:r0,always_nn,1441,0,0.999999083198933,9.168010669316028e-07
1,13,stroop:s13:r1,always_fuse,1441,0,0.4889088433157372,0.5110911566842627
1,13,stroop:s13:r1,always_nn,1441,0,0.4630318532386892,0.5369681467613109
1,13,stroop:s13:r2,always_fuse,1441,1,0.5411504820509759,0.458849517949024
1,13,stroop:s13:r2,always_nn,1441,1,0.6881125809014604,0.3118874190985394
1,13,stroop:s13:r3,always_fuse,1441,1,0.4805888157935238,0.5194111842064761
1,13,stroop:s13:r3,always_nn,1441,1,0.3335736720283609,0.6664263279716391
1,13,stroop:s13:r0,always_fuse,1494,0,0.7816213248369093,0.2183786751630906
1,13,stroop:s13:r0,always_nn,1494,0,0.9999856909996476,1.4309000352187903e-05
1,13,stroop:s13:r1,always_fuse,1494,0,0.4799155374395699,0.5200844625604301
1,13,stroop:s13:r1,always_nn,1494,0,0.5690625645660229,0.430937435433977
1,13,stroop:s13:r2,always_fuse,1494,1,0.5056471375763071,0.494352862423693
1,13,stroop:s13:r2,always_nn,1494,1,0.5567453097725429,0.443254690227457
1,13,stroop:s13:r3,always_fuse,1494,1,0.4303252603444791,0.5696747396555208
1,13,stroop:s13:r3,always_nn,1494,1,0.1198046479967925,0.8801953520032075
1,13,stroop:s13:r0,always_fuse,1547,0,0.8207107918980129,0.1792892081019871
1,13,stroop:s13:r0,always_nn,1547,0,0.9999992442809066,7.557190933911482e-07
1,13,stroop:s13:r1,always_fuse,1547,0,0.4745452969147758,0.5254547030852241
1,13,stroop:s13:r1,always_nn,1547,0,0.343258930769575,0.6567410692304251
1,13,stroop:s13:r2,always_fuse,1547,1,0.5191806379980722,0.4808193620019277
1,13,stroop:s13:r2,always_nn,1547,1,0.513227501854157,0.4867724981458429
1,13,stroop:s13:r3,always_fuse,1547,1,0.4394749847962405,0.5605250152037594
1,13,stroop:s13:r3,always_nn,1547,1,0.1107051451464133,0.8892948548535866
1,14,stroop:s14:r0,always_fuse,1335,0,0.8532679649658655,0.1467320350341344
1,14,stroop:s14:r0,always_nn,1335,0,0.9995892050212464,0.0004107949787535
1,14,stroop:s14:r1,always_fuse,1335,0,0.1273550272357981,0.8726449727642018
1,14,stroop:s14:r1,always_nn,1335,0,0.0280691708177132,0.9719308291822868
1,14,stroop:s14:r2,always_fuse,1335,1,0.1624523675178324,0.8375476324821676
1,14,stroop:s14:r2,always_nn,1335,1,0.0339805477129454,0.9660194522870544
1,14,stroop:s14:r3,always_fuse,1335,1,0.0679539342199897,0.93204606578001
1,14,stroop:s14:r3,always_nn,1335,1,0.0265418657931512,0.9734581342068488
1,14,stroop:s14:r0,always_fuse,1388,0,0.8435145148144298,0.15648548518557
1,14,stroop:s14:r0,always_nn,1388,0,0.9996751643653276,0.0003248356346724
1,14,stroop:s14:r1,always_fuse,1388,0,0.1558060044833729,0.8441939955166271
1,14,stroop:s14:r1,always_nn,1388,0,0.0685553637631193,0.9314446362368808
1,14,stroop:s14:r2,always_fuse,1388,1,0.1949135199689672,0.8050864800310328
1,14,stroop:s14:r2,always_nn,1388,1,0.0728859227407886,0.9271140772592114
1,14,stroop:s14:r3,always_fuse,1388,1,0.0825327043091159,0.917467295690884
1,14,stroop:s14:r3,always_nn,1388,1,0.0645664144876103,0.9354335855123896
1,14,stroop:s14:r0,always_fuse,1441,0,0.8351768401999644,0.1648231598000356
1,14,stroop:s14:r0,always_nn,1441,0,0.9991772263180366,0.0008227736819633
1,14,stroop:s14:r1,always_fuse,1441,0,0.1085822711104164,0.8914177288895835
1,14,stroop:s14:r1,always_nn,1441,0,0.0171600870699434,0.9828399129300566
1,14,stroop:s14:r2,always_fuse,1441,1,0.1456713535122301,0.8543286464877698
1,14,stroop:s14:r2,always_nn,1441,1,0.0198737139077271,0.9801262860922728
1,14,stroop:s14:r3,always_fuse,1441,1,0.0527258655781335,0.9472741344218664
1,14,stroop:s14:r3,always_nn,1441,1,0.0149904328063948,0.9850095671936052
1,14,stroop:s14:r0,always_fuse,1494,0,0.8801826467834899,0.1198173532165101
1,14,stroop:s14:r0,always_nn,1494,0,0.9999902209579185,9.779042081615892e-06
1,14,stroop:s14:r1,always_fuse,1494,0,0.1279705909293403,0.8720294090706597
1,14,stroop:s14:r1,always_nn,1494,0,0.0558739024091021,0.944126097590898
1,14,stroop:s14:r2,always_fuse,1494,1,0.1656873478259702,0.8343126521740298
1,14,stroop:s14:r2,always_nn,1494,1,0.0704563471143575,0.9295436528856424
1,14,stroop:s14:r3,always_fuse,1494,1,0.0631566871329076,0.9368433128670924
1,14,stroop:s14:r3,always_nn,1494,1,0.0345575149898874,0.9654424850101124
1,14,stroop:s14:r0,always_fuse,1547,0,0.8402868686432851,0.1597131313567149
1,14,stroop:s14:r0,always_nn,1547,0,0.9996553098855576,0.0003446901144423
1,14,stroop:s14:r1,always_fuse,1547,0,0.1419860793740249,0.858013920625975
1,14,stroop:s14:r1,always_nn,1547,0,0.0253025912294962,0.9746974087705036
1,14,stroop:s14:r2,always_fuse,1547,1,0.1728891955022968,0.8271108044977031
1,14,stroop:s14:r2,always_nn,1547,1,0.0248931256022661,0.9751068743977338
1,14,stroop:s14:r3,always_fuse,1547,1,0.0734022889511018,0.9265977110488982
1,14,stroop:s14:r3,always_nn,1547,1,0.0237938203696618,0.9762061796303382
1,15,stroop:s15:r0,always_fuse,1335,0,0.8113707883277991,0.188629211672201
1,15,stroop:s15:r0,always_nn,1335,0,0.999911148280176,8.885171982406162e-05
1,15,stroop:s15:r1,always_fuse,1335,0,0.4017847554645576,0.5982152445354424
1,15,stroop:s15:r1,always_nn,1335,0,0.2002354910473682,0.7997645089526317
1,15,stroop:s15:r2,always_fuse,1335,1,0.4310870905007412,0.5689129094992589
1,15,stroop:s15:r2,always_nn,1335,1,0.3354515940451078,0.6645484059548923
1,15,stroop:s15:r3,always_fuse,1335,1,0.2434706558063734,0.7565293441936265
1,15,stroop:s15:r3,always_nn,1335,1,0.0414918644268341,0.958508135573166
1,15,stroop:s15:r0,always_fuse,1388,0,0.8067651857196501,0.1932348142803498
1,15,stroop:s15:r0,always_nn,1388,0,0.9998958372370303,0.0001041627629695
1,15,stroop:s15:r1,always_fuse,1388,0,0.4516799893034464,0.5483200106965537
1,15,stroop:s15:r1,always_nn,1388,0,0.4666566545194949,0.5333433454805051
1,15,stroop:s15:r2,always_fuse,1388,1,0.4342074596343629,0.5657925403656371
1,15,stroop:s15:r2,always_nn,1388,1,0.3349549505613857,0.6650450494386143
1,15,stroop:s15:r3,always_fuse,1388,1,0.2510563510842192,0.7489436489157808
1,15,stroop:s15:r3,always_nn,1388,1,0.0493784834758249,0.950621516524175
1,15,stroop:s15:r0,always_fuse,1441,0,0.7267184288822348,0.2732815711177651
1,15,stroop:s15:r0,always_nn,1441,0,0.9986916138010712,0.0013083861989286
1,15,stroop:s15:r1,always_fuse,1441,0,0.4227096973458714,0.5772903026541286
1,15,stroop:s15:r1,always_nn,1441,0,0.3251639550886078,0.6748360449113922
1,15,stroop:s15:r2,always_fuse,1441,1,0.4354694811372713,0.5645305188627288
1,15,stroop:s15:r2,always_nn,1441,1,0.4002389480775914,0.5997610519224086
1,15,stroop:s15:r3,always_fuse,1441,1,0.2659795847288275,0.7340204152711725
1,15,stroop:s15:r3,always_nn,1441,1,0.100063405158233,0.8999365948417669
1,15,stroop:s15:r0,always_fuse,1494,0,0.8244721024767934,0.1755278975232067
1,15,stroop:s15:r0,always_nn,1494,0,0.9999944310516818,5.568948318114155e-06
1,15,stroop:s15:r1,always_fuse,1494,0,0.4433456044312497,0.5566543955687503
1,15,stroop:s15:r1,always_nn,1494,0,0.4153684836332176,0.5846315163667825
1,15,stroop:s15:r2,always_fuse,1494,1,0.4512595281235548,0.5487404718764451
1,15,stroop:s15:r2,always_nn,1494,1,0.4271202119138216,0.5728797880861783
1,15,stroop:s15:r3,always_fuse,1494,1,0.2874581527136347,0.7125418472863653
1,15,stroop:s15:r3,always_nn,1494,1,0.2024623015105844,0.7975376984894156
1,15,stroop:s15:r0,always_fuse,1547,0,0.7451166289944297,0.2548833710055703
1,15,stroop:s15:r0,always_nn,1547,0,0.9991715874119168,0.0008284125880831
1,15,stroop:s15:r1,always_fuse,1547,0,0.4500326483842989,0.5499673516157011
1,15,stroop:s15:r1,always_nn,1547,0,0.4243049706202803,0.5756950293797196
1,15,stroop:s15:r2,always_fuse,1547,1,0.4809150203463042,0.5190849796536957
1,15,stroop:s15:r2,always_nn,1547,1,0.6082135593534849,0.3917864406465151
1,15,stroop:s15:r3,always_fuse,1547,1,0.3063225958691722,0.6936774041308278
1,15,stroop:s15:r3,always_nn,1547,1,0.1742972996448455,0.8257027003551545
2,1,stroop:s01:r0,always_fuse,1335,0,0.4818519649916689,0.5181480350083311
2,1,stroop:s01:r0,always_nn,1335,0,0.5154162158629615,0.4845837841370385
2,1,stroop:s01:r1,always_fuse,1335,0,0.5978368258245805,0.4021631741754193
2,1,stroop:s01:r1,always_nn,1335,0,0.9657547797261244,0.0342452202738754
2,1,stroop:s01:r2,always_fuse,1335,1,0.5894030909273852,0.4105969090726147
2,1,stroop:s01:r2,always_nn,1335,1,0.9583488249526902,0.0416511750473096
2,1,stroop:s01:r3,always_fuse,1335,1,0.607323300635455,0.3926766993645449
2,1,stroop:s01:r3,always_nn,1335,1,0.9699224195600537,0.0300775804399463
2,1,stroop:s01:r0,always_fuse,1388,0,0.4928316427806686,0.5071683572193314
2,1,stroop:s01:r0,always_nn,1388,0,0.5990157285680283,0.4009842714319716
2,1,stroop:s01:r1,always_fuse,1388,0,0.648689648740842,0.3513103512591579
2,1,stroop:s01:r1,always_nn,1388,0,0.9941979498650446,0.0058020501349554
2,1,stroop:s01:r2,always_fuse,1388,1,0.6500840323275888,0.3499159676724112
2,1,stroop:s01:r2,always_nn,1388,1,0.9949759108157902,0.0050240891842098
2,1,stroop:s01:r3,always_fuse,1388,1,0.6424997283102899,0.35750027168971
2,1,stroop:s01:r3,always_nn,1388,1,0.9920592340116644,0.0079407659883355
2,1,stroop:s01:r0,always_fuse,1441,0,0.5078742008897604,0.4921257991102395
2,1,stroop:s01:r0,always_nn,1441,0,0.6170671687691515,0.3829328312308486
2,1,stroop:s01:r1,always_fuse,1441,0,0.6138738362579306,0.3861261637420694
2,1,stroop:s01:r1,always_nn,1441,0,0.9672517690443768,0.0327482309556232
2,1,stroop:s01:r2,always_fuse,1441,1,0.6061694665658747,0.3938305334341254
2,1,stroop:s01:r2,always_nn,1441,1,0.962260499610998,0.0377395003890019
2,1,stroop:s01:r3,always_fuse,1441,1,0.6023692458767792,0.3976307541232208
2,1,stroop:s01:r3,always_nn,1441,1,0.9514019663483572,0.0485980336516428
2,1,stroop:s01:r0,always_fuse,1494,0,0.4981522499122165,0.5018477500877836
2,1,stroop:s01:r0,always_nn,1494,0,0.56333430899027,0.43666569100973
2,1,stroop:s01:r1,always_fuse,1494,0,0.6174060066885143,0.3825939933114857
2,1,stroop:s01:r1,always_nn,1494,0,0.9661741269991054,0.0338258730008945
2,1,stroop:s01:r2,always_fuse,1494,1,0.616142671494201,0.383857328505799
2,1,stroop:s01:r2,always_nn,1494,1,0.9683450985159716,0.0316549014840282
2,1,stroop:s01:r3,always_fuse,1494,1,0.6060916857924025,0.3939083142075976
2,1,stroop:s01:r3,always_nn,1494,1,0.9507100609433023,0.0492899390566975
2,1,stroop:s01:r0,always_fuse,1547,0,0.4836224709261365,0.5163775290738636
2,1,stroop:s01:r0,always_nn,1547,0,0.5491805723660637,0.4508194276339363
2,1,stroop:s01:r1,always_fuse,1547,0,0.5963908645673975,0.4036091354326024
2,1,stroop:s01:r1,always_nn,1547,0,0.9761700560386366,0.0238299439613633
2,1,stroop:s01:r2,always_fuse,1547,1,0.5930257235349812,0.4069742764650187
2,1,stroop:s01:r2,always_nn,1547,1,0.9769214148024368,0.0230785851975633
2,1,stroop:s01:r3,always_fuse,1547,1,0.615550481217342,0.384449518782658
2,1,stroop:s01:r3,always_nn,1547,1,0.9870744464250648,0.0129255535749353
2,3,stroop:s03:r0,always_fuse,1335,0,0.8306875764119109,0.1693124235880889
2,3,stroop:s03:r0,always_nn,1335,0,0.9999999963439083,3.656091440844851e-09
2,3,stroop:s03:r1,always_fuse,1335,0,0.668608665597868,0.331391334402132
2,3,stroop:s03:r1,always_nn,1335,0,0.9993498841737942,0.0006501158262057
2,3,stroop:s03:r2,always_fuse,1335,1,0.4481788665432917,0.5518211334567084
2,3,stroop:s03:r2,always_nn,1335,1,0.0719312703958953,0.9280687296041048
2,3,stroop:s03:r3,always_fuse,1335,1,0.3587244696016134,0.6412755303983866
2,3,stroop:s03:r3,always_nn,1335,1,0.013520907407877,0.986479092592123
2,3,stroop:s03:r0,always_fuse,1388,0,0.8122680407161468,0.1877319592838532
2,3,stroop:s03:r0,always_nn,1388,0,0.999999993959616,6.040383961036645e-09
2,3,stroop:s03:r1,always_fuse,1388,0,0.6117927148703451,0.3882072851296549
2,3,stroop:s03:r1,always_nn,1388,0,0.9967337824822958,0.0032662175177041
2,3,stroop:s03:r2,always_fuse,1388,1,0.464589352744613,0.5354106472553869
2,3,stroop:s03:r2,always_nn,1388,1,0.2645804188958736,0.7354195811041265
2,3,stroop:s03:r3,always_fuse,1388,1,0.3342453480217948,0.6657546519782053
2,3,stroop:s03:r3,always_nn,1388,1,0.0060296842224183,0.9939703157775815
2,3,stroop:s03:r0,always_fuse,1441,0,0.8318841838729233,0.1681158161270767
2,3,stroop:s03:r0,always_nn,1441,0,0.9999890544664538,1.0945533546212016e-05
2,3,stroop:s03:r1,always_fuse,1441,0,0.6130855379335929,0.3869144620664071
2,3,stroop:s03:r1,always_nn,1441,0,0.9877356579436848,0.0122643420563152
2,3,stroop:s03:r2,always_fuse,1441,1,0.5354130667826774,0.4645869332173227
2,3,stroop:s03:r2,always_nn,1441,1,0.3973177322293765,0.6026822677706235
2,3,stroop:s03:r3,always_fuse,1441,1,0.4836290145226645,0.5163709854773354
2,3,stroop:s03:r3,always_nn,1441,1,0.2823236568002251,0.7176763431997749
2,3,stroop:s03:r0,always_fuse,1494,0,0.851165783629805,0.148834216370195
2,3,stroop:s03:r0,always_nn,1494,0,0.9999999932995975,6.700402465174197e-09
2,3,stroop:s03:r1,always_fuse,1494,0,0.5917365666440344,0.4082634333559655
2,3,stroop:s03:r1,always_nn,1494,0,0.9759392087172576,0.0240607912827423
2,3,stroop:s03:r2,always_fuse,1494,1,0.4712949653361679,0.5287050346638321
2,3,stroop:s03:r2,always_nn,1494,1,0.2064168210725155,0.7935831789274844
2,3,stroop:s03:r3,always_fuse,1494,1,0.3721489041754733,0.6278510958245266
2,3,stroop:s03:r3,always_nn,1494,1,0.038663910227094,0.961336089772906
2,3,stroop:s03:r0,always_fuse,1547,0,0.8116567917242292,0.1883432082757708
2,3,stroop:s03:r0,always_nn,1547,0,0.999999942246342,5.775365783571832e-08
2,3,stroop:s03:r1,always_fuse,1547,0,0.5247688451250183,0.4752311548749817
2,3,stroop:s03:r1,always_nn,1547,0,0.8255500848526165,0.1744499151473835
2,3,stroop:s03:r2,always_fuse,1547,1,0.44757558841821,0.5524244115817899
2,3,stroop:s03:r2,always_nn,1547,1,0.0281576731428131,0.9718423268571867
2,3,stroop:s03:r3,always_fuse,1547,1,0.408065289254541,0.5919347107454589
2,3,stroop:s03:r3,always_nn,1547,1,0.0251939739506691,0.974806026049331
2,4,stroop:s04:r0,always_fuse,1335,0,0.7852151308653399,0.21478486913466
2,4,stroop:s04:r0,always_nn,1335,0,0.9999969699143167,3.0300856831502004e-06
2,4,stroop:s04:r1,always_fuse,1335,0,0.4581992560431814,0.5418007439568185
2,4,stroop:s04:r1,always_nn,1335,0,0.7075457987494039,0.2924542012505961
2,4,stroop:s04:r2,always_fuse,1335,1,0.3865449796420733,0.6134550203579267
2,4,stroop:s04:r2,always_nn,1335,1,0.1402464967918035,0.8597535032081964
2,4,stroop:s04:r3,always_fuse,1335,1,0.312370925383751,0.6876290746162489
2,4,stroop:s04:r3,always_nn,1335,1,0.0132271385243541,0.986772861475646
2,4,stroop:s04:r0,always_fuse,1388,0,0.6262046709619807,0.3737953290380192
2,4,stroop:s04:r0,always_nn,1388,0,0.9930582903815806,0.0069417096184195
2,4,stroop:s04:r1,always_fuse,1388,0,0.5008884139989608,0.4991115860010393
2,4,stroop:s04:r1,always_nn,1388,0,0.7845196927500045,0.2154803072499954
2,4,stroop:s04:r2,always_fuse,1388,1,0.472047370262968,0.5279526297370319
2,4,stroop:s04:r2,always_nn,1388,1,0.4128900234710795,0.5871099765289205
2,4,stroop:s04:r3,always_fuse,1388,1,0.4469288824728379,0.553071117527162
2,4,stroop:s04:r3,always_nn,1388,1,0.2283506015311266,0.7716493984688734
2,4,stroop:s04:r0,always_fuse,1441,0,0.6693319460702295,0.3306680539297705
2,4,stroop:s04:r0,always_nn,1441,0,0.9981431871289904,0.0018568128710096
2,4,stroop:s04:r1,always_fuse,1441,0,0.4570910660889505,0.5429089339110494
2,4,stroop:s04:r1,always_nn,1441,0,0.5505427235850469,0.4494572764149532
2,4,stroop:s04:r2,always_fuse,1441,1,0.3514238174406184,0.6485761825593817
2,4,stroop:s04:r2,always_nn,1441,1,0.0096725987929936,0.9903274012070064
2,4,stroop:s04:r3,always_fuse,1441,1,0.297638628603139,0.702361371396861
2,4,stroop:s04:r3,always_nn,1441,1,0.0014724470050972,0.9985275529949028
2,4,stroop:s04:r0,always_fuse,1494,0,0.6640571248637684,0.3359428751362315
2,4,stroop:s04:r0,always_nn,1494,0,0.9965991901434088,0.0034008098565911
2,4,stroop:s04:r1,always_fuse,1494,0,0.5338799441786304,0.4661200558213696
2,4,stroop:s04:r1,always_nn,1494,0,0.8807452794652992,0.1192547205347008
2,4,stroop:s04:r2,always_fuse,1494,1,0.4560351169466626,0.5439648830533375
2,4,stroop:s04:r2,always_nn,1494,1,0.2653459588311652,0.7346540411688347
2,4,stroop:s04:r3,always_fuse,1494,1,0.4036224338756832,0.5963775661243168
2,4,stroop:s04:r3,always_nn,1494,1,0.0622685356878498,0.93773146431215
2,4,stroop:s04:r0,always_fuse,1547,0,0.566198623412952,0.4338013765870479
2,4,stroop:s04:r0,always_nn,1547,0,0.939806428358533,0.0601935716414669
2,4,stroop:s04:r1,always_fuse,1547,0,0.4801280154786809,0.519871984521319
2,4,stroop:s04:r1,always_nn,1547,0,0.6459250276230211,0.354074972376979
2,4,stroop:s04:r2,always_fuse,1547,1,0.4576183510438084,0.5423816489561916
2,4,stroop:s04:r2,always_nn,1547,1,0.2843579847492855,0.7156420152507146
2,4,stroop:s04:r3,always_fuse,1547,1,0.4282171917295388,0.5717828082704611
2,4,stroop:s04:r3,always_nn,1547,1,0.114059631376458,0.885940368623542
2,5,stroop:s05:r0,always_fuse,1335,0,0.8067522630082231,0.1932477369917768
2,5,stroop:s05:r0,always_nn,1335,0,0.9999977010792976,2.2989207023966207e-06
2,5,stroop:s05:r1,always_fuse,1335,0,0.4509570442029722,0.5490429557970278
2,5,stroop:s05:r1,always_nn,1335,0,0.588188294229839,0.4118117057701609
2,5,stroop:s05:r2,always_fuse,1335,1,0.3268081915068909,0.6731918084931091
2,5,stroop:s05:r2,always_nn,1335,1,0.0124327671962338,0.987567232803766
2,5,stroop:s05:r3,always_fuse,1335,1,0.3242588448566609,0.675741155143339
2,5,stroop:s05:r3,always_nn,1335,1,0.0172971532090955,0.9827028467909044
2,5,stroop:s05:r0,always_fuse,1388,0,0.7950085008830198,0.2049914991169801
2,5,stroop:s05:r0,always_nn,1388,0,0.9999999103019088,8.969809109110048e-08
2,5,stroop:s05:r1,always_fuse,1388,0,0.5004485293434698,0.4995514706565301
2,5,stroop:s05:r1,always_nn,1388,0,0.8918166879565538,0.1081833120434461
2,5,stroop:s05:r2,always_fuse,1388,1,0.3499246894221841,0.6500753105778159
2,5,stroop:s05:r2,always_nn,1388,1,0.0129789690184754,0.9870210309815244
2,5,stroop:s05:r3,always_fuse,1388,1,0.3715363209489202,0.6284636790510799
2,5,stroop:s05:r3,always_nn,1388,1,0.0513929389457631,0.9486070610542368
2,5,stroop:s05:r0,always_fuse,1441,0,0.7973294380730505,0.2026705619269495
2,5,stroop:s05:r0,always_nn,1441,0,0.9999999314895396,6.851046051265667e-08
2,5,stroop:s05:r1,always_fuse,1441,0,0.4776400243159902,0.5223599756840099
2,5,stroop:s05:r1,always_nn,1441,0,0.865330559405154,0.134669440594846
2,5,stroop:s05:r2,always_fuse,1441,1,0.3233529353670848,0.6766470646329151
2,5,stroop:s05:r2,always_nn,1441,1,0.0079557166463157,0.992044283353684
2,5,stroop:s05:r3,always_fuse,1441,1,0.3086002126301987,0.6913997873698012
2,5,stroop:s05:r3,always_nn,1441,1,0.0071371322030566,0.9928628677969432
2,5,stroop:s05:r0,always_fuse,1494,0,0.7910719984818095,0.2089280015181905
2,5,stroop:s05:r0,always_nn,1494,0,0.999999798772256,2.012277442075186e-07
2,5,stroop:s05:r1,always_fuse,1494,0,0.4516492750551279,0.5483507249448721
2,5,stroop:s05:r1,always_nn,1494,0,0.7070046948342578,0.2929953051657422
2,5,stroop:s05:r2,always_fuse,1494,1,0.3098123861523328,0.6901876138476672
2,5,stroop:s05:r2,always_nn,1494,1,0.0062873316019584,0.9937126683980416
2,5,stroop:s05:r3,always_fuse,1494,1,0.3321749007499928,0.6678250992500072
2,5,stroop:s05:r3,always_nn,1494,1,0.0198456994533876,0.9801543005466123
2,5,stroop:s05:r0,always_fuse,1547,0,0.7885674114282881,0.2114325885717119
2,5,stroop:s05:r0,always_nn,1547,0,0.9999966099315564,3.390068443739732e-06
2,5,stroop:s05:r1,always_fuse,1547,0,0.4946982256477775,0.5053017743522226
2,5,stroop:s05:r1,always_nn,1547,0,0.8670825776287887,0.1329174223712113
2,5,stroop:s05:r2,always_fuse,1547,1,0.412439680063229,0.587560319936771
2,5,stroop:s05:r2,always_nn,1547,1,0.1313987660290502,0.8686012339709498
2,5,stroop:s05:r3,always_fuse,1547,1,0.3742567757853819,0.625743224214618
2,5,stroop:s05:r3,always_nn,1547,1,0.0520456714770909,0.9479543285229092
2,6,stroop:s06:r0,always_fuse,1335,0,0.4570934593425466,0.5429065406574534
2,6,stroop:s06:r0,always_nn,1335,0,0.8576983375282251,0.1423016624717749
2,6,stroop:s06:r1,always_fuse,1335,0,0.4612247315370923,0.5387752684629076
2,6,stroop:s06:r1,always_nn,1335,0,0.742853539455654,0.257146460544346
2,6,stroop:s06:r2,always_fuse,1335,1,0.4100280174729838,0.5899719825270162
2,6,stroop:s06:r2,always_nn,1335,1,0.2101745377821872,0.7898254622178129
2,6,stroop:s06:r3,always_fuse,1335,1,0.4081376903612769,0.5918623096387232
2,6,stroop:s06:r3,always_nn,1335,1,0.5902452386665676,0.4097547613334322
2,6,stroop:s06:r0,always_fuse,1388,0,0.4387143423258837,0.5612856576741163
2,6,stroop:s06:r0,always_nn,1388,0,0.7757022941498838,0.2242977058501161
2,6,stroop:s06:r1,always_fuse,1388,0,0.4777476628372715,0.5222523371627285
2,6,stroop:s06:r1,always_nn,1388,0,0.8412612555374759,0.1587387444625242
2,6,stroop:s06:r2,always_fuse,1388,1,0.4125932109525539,0.5874067890474461
2,6,stroop:s06:r2,always_nn,1388,1,0.1573527473206554,0.8426472526793446
2,6,stroop:s06:r3,always_fuse,1388,1,0.3803355336616551,0.6196644663383448
2,6,stroop:s06:r3,always_nn,1388,1,0.3314497599595843,0.6685502400404159
2,6,stroop:s06:r0,always_fuse,1441,0,0.3872710907171672,0.6127289092828327
2,6,stroop:s06:r0,always_nn,1441,0,0.2568845345271099,0.74311546547289
2,6,stroop:s06:r1,always_fuse,1441,0,0.4599815897976544,0.5400184102023456
2,6,stroop:s06:r1,always_nn,1441,0,0.644649317112955,0.3553506828870449
2,6,stroop:s06:r2,always_fuse,1441,1,0.469673800833665,0.5303261991663349
2,6,stroop:s06:r2,always_nn,1441,1,0.574169681288384,0.4258303187116161
2,6,stroop:s06:r3,always_fuse,1441,1,0.3820982964438517,0.6179017035561483
2,6,stroop:s06:r3,always_nn,1441,1,0.2749227583061994,0.7250772416938006
2,6,stroop:s06:r0,always_fuse,1494,0,0.4354573856386879,0.5645426143613121
2,6,stroop:s06:r0,always_nn,1494,0,0.6032052259186413,0.3967947740813586
2,6,stroop:s06:r1,always_fuse,1494,0,0.4429353728335808,0.5570646271664191
2,6,stroop:s06:r1,always_nn,1494,0,0.5239936019731721,0.4760063980268277
2,6,stroop:s06:r2,always_fuse,1494,1,0.4057656012111408,0.5942343987888593
2,6,stroop:s06:r2,always_nn,1494,1,0.1543622316953116,0.8456377683046883
2,6,stroop:s06:r3,always_fuse,1494,1,0.4133230453610802,0.5866769546389197
2,6,stroop:s06:r3,always_nn,1494,1,0.5222082861707367,0.4777917138292633
2,6,stroop:s06:r0,always_fuse,1547,0,0.380141162387338,0.619858837612662
2,6,stroop:s06:r0,always_nn,1547,0,0.321550958337939,0.678449041662061
2,6,stroop:s06:r1,always_fuse,1547,0,0.4228318350431481,0.5771681649568519
2,6,stroop:s06:r1,always_nn,1547,0,0.4210315219522072,0.5789684780477927
2,6,stroop:s06:r2,always_fuse,1547,1,0.4713554289914116,0.5286445710085884
2,6,stroop:s06:r2,always_nn,1547,1,0.7256784929220155,0.2743215070779846
2,6,stroop:s06:r3,always_fuse,1547,1,0.3677646287086614,0.6322353712913386
2,6,stroop:s06:r3,always_nn,1547,1,0.3415022810280049,0.658497718971995
2,7,stroop:s07:r0,always_fuse,1335,0,0.8526141896150283,0.1473858103849717
2,7,stroop:s07:r0,always_nn,1335,0,0.9999999982981068,1.7018930535023494e-09
2,7,stroop:s07:r1,always_fuse,1335,0,0.5275317459550078,0.4724682540449921
2,7,stroop:s07:r1,always_nn,1335,0,0.8606944481776543,0.1393055518223457
2,7,stroop:s07:r2,always_fuse,1335,1,0.4756592509124097,0.5243407490875903
2,7,stroop:s07:r2,always_nn,1335,1,0.6110912960452604,0.3889087039547397
2,7,stroop:s07:r3,always_fuse,1335,1,0.4923982160548973,0.5076017839451028
2,7,stroop:s07:r3,always_nn,1335,1,0.6996374733079549,0.3003625266920451
2,7,stroop:s07:r0,always_fuse,1388,0,0.7876953733610497,0.2123046266389504
2,7,stroop:s07:r0,always_nn,1388,0,0.9999217012022302,7.82987977697787e-05
2,7,stroop:s07:r1,always_fuse,1388,0,0.4893906786742622,0.5106093213257379
2,7,stroop:s07:r1,always_nn,1388,0,0.6699508894712117,0.3300491105287882
2,7,stroop:s07:r2,always_fuse,1388,1,0.4648480446202797,0.5351519553797203
2,7,stroop:s07:r2,always_nn,1388,1,0.4935026071005619,0.5064973928994382
2,7,stroop:s07:r3,always_fuse,1388,1,0.4740634038728751,0.5259365961271248
2,7,stroop:s07:r3,always_nn,1388,1,0.5616997980542208,0.4383002019457792
2,7,stroop:s07:r0,always_fuse,1441,0,0.763259297694308,0.2367407023056919
2,7,stroop:s07:r0,always_nn,1441,0,0.9990334879442838,0.0009665120557162
2,7,stroop:s07:r1,always_fuse,1441,0,0.4753900555659396,0.5246099444340604
2,7,stroop:s07:r1,always_nn,1441,0,0.4504779347121422,0.5495220652878577
2,7,stroop:s07:r2,always_fuse,1441,1,0.4650643907908169,0.534935609209183
2,7,stroop:s07:r2,always_nn,1441,1,0.4247950078228847,0.5752049921771152
2,7,stroop:s07:r3,always_fuse,1441,1,0.4628097172629734,0.5371902827370266
2,7,stroop:s07:r3,always_nn,1441,1,0.4001254278361355,0.5998745721638644
2,7,stroop:s07:r0,always_fuse,1494,0,0.8454562334917475,0.1545437665082525
2,7,stroop:s07:r0,always_nn,1494,0,0.9999997739614204,2.260385797842345e-07
2,7,stroop:s07:r1,always_fuse,1494,0,0.4903710999061313,0.5096289000938686
2,7,stroop:s07:r1,always_nn,1494,0,0.5701572952935572,0.4298427047064428
2,7,stroop:s07:r2,always_fuse,1494,1,0.4278989438519333,0.5721010561480667
2,7,stroop:s07:r2,always_nn,1494,1,0.1697394700798354,0.8302605299201646
2,7,stroop:s07:r3,always_fuse,1494,1,0.4558903926106568,0.5441096073893431
2,7,stroop:s07:r3,always_nn,1494,1,0.338971013357061,0.6610289866429391
2,7,stroop:s07:r0,always_fuse,1547,0,0.8138281921177343,0.1861718078822658
2,7,stroop:s07:r0,always_nn,1547,0,0.9999999852048322,1.4795167684261876e-08
2,7,stroop:s07:r1,always_fuse,1547,0,0.5153263426602613,0.4846736573397386
2,7,stroop:s07:r1,always_nn,1547,0,0.8225935050347662,0.1774064949652337
2,7,stroop:s07:r2,always_fuse,1547,1,0.4710045847142961,0.5289954152857039
2,7,stroop:s07:r2,always_nn,1547,1,0.5053185246146581,0.4946814753853419
2,7,stroop:s07:r3,always_fuse,1547,1,0.4895097997927804,0.5104902002072196
2,7,stroop:s07:r3,always_nn,1547,1,0.671296811026208,0.3287031889737921
2,8,stroop:s08:r0,always_fuse,1335,0,0.703162873523199,0.2968371264768011
2,8,stroop:s08:r0,always_nn,1335,0,0.9998064930711562,0.0001935069288437
2,8,stroop:s08:r1,always_fuse,1335,0,0.5497843079550492,0.4502156920449507
2,8,stroop:s08:r1,always_nn,1335,0,0.9299806533039308,0.070019346696069
2,8,stroop:s08:r2,always_fuse,1335,1,0.4120765502462744,0.5879234497537256
2,8,stroop:s08:r2,always_nn,1335,1,0.1460009597538388,0.8539990402461611
2,8,stroop:s08:r3,always_fuse,1335,1,0.3553231852264281,0.644676814773572
2,8,stroop:s08:r3,always_nn,1335,1,0.0389290830114374,0.9610709169885624
2,8,stroop:s08:r0,always_fuse,1388,0,0.7121044818245971,0.2878955181754029
2,8,stroop:s08:r0,always_nn,1388,0,0.9999943705827848,5.629417215229409e-06
2,8,stroop:s08:r1,always_fuse,1388,0,0.5369472745337747,0.4630527254662253
2,8,stroop:s08:r1,always_nn,1388,0,0.937912013070811,0.062087986929189
2,8,stroop:s08:r2,always_fuse,1388,1,0.4030271544448049,0.596972845555195
2,8,stroop:s08:r2,always_nn,1388,1,0.1198617792494419,0.8801382207505581
2,8,stroop:s08:r3,always_fuse,1388,1,0.3461423482423932,0.6538576517576067
2,8,stroop:s08:r3,always_nn,1388,1,0.0228476436211155,0.9771523563788844
2,8,stroop:s08:r0,always_fuse,1441,0,0.68256899471278,0.3174310052872201
2,8,stroop:s08:r0,always_nn,1441,0,0.9983089234794612,0.0016910765205387
2,8,stroop:s08:r1,always_fuse,1441,0,0.5774948945311967,0.4225051054688032
2,8,stroop:s08:r1,always_nn,1441,0,0.9552791323763248,0.044720867623675
2,8,stroop:s08:r2,always_fuse,1441,1,0.3860015778642037,0.6139984221357964
2,8,stroop:s08:r2,always_nn,1441,1,0.0594520827956116,0.9405479172043884
2,8,stroop:s08:r3,always_fuse,1441,1,0.3532701474226477,0.6467298525773524
2,8,stroop:s08:r3,always_nn,1441,1,0.036074440376042,0.963925559623958
2,8,stroop:s08:r0,always_fuse,1494,0,0.7064176079252961,0.2935823920747039
2,8,stroop:s08:r0,always_nn,1494,0,0.9995330686157168,0.0004669313842832
2,8,stroop:s08:r1,always_fuse,1494,0,0.5254968169463237,0.4745031830536763
2,8,stroop:s08:r1,always_nn,1494,0,0.8387075364852917,0.1612924635147082
2,8,stroop:s08:r2,always_fuse,1494,1,0.3777738924046975,0.6222261075953025
2,8,stroop:s08:r2,always_nn,1494,1,0.0592947378109517,0.9407052621890484
2,8,stroop:s08:r3,always_fuse,1494,1,0.2980944709303926,0.7019055290696073
2,8,stroop:s08:r3,always_nn,1494,1,0.0058218782756508,0.994178121724349
2,8,stroop:s08:r0,always_fuse,1547,0,0.6972554345841163,0.3027445654158837
2,8,stroop:s08:r0,always_nn,1547,0,0.9999923839813056,7.6160186944033315e-06
2,8,stroop:s08:r1,always_fuse,1547,0,0.5300012560745727,0.4699987439254273
2,8,stroop:s08:r1,always_nn,1547,0,0.9354395144142966,0.0645604855857034
2,8,stroop:s08:r2,always_fuse,1547,1,0.3934437362726944,0.6065562637273055
2,8,stroop:s08:r2,always_nn,1547,1,0.0775926942459291,0.9224073057540708
2,8,stroop:s08:r3,always_fuse,1547,1,0.3325254111475514,0.6674745888524485
2,8,stroop:s08:r3,always_nn,1547,1,0.0056084496827074,0.9943915503172924
2,9,stroop:s09:r0,always_fuse,1335,0,0.8283545846828364,0.1716454153171635
2,9,stroop:s09:r0,always_nn,1335,0,0.9999169022744486,8.309772555142735e-05
2,9,stroop:s09:r1,always_fuse,1335,0,0.5183044066431455,0.4816955933568544
2,9,stroop:s09:r1,always_nn,1335,0,0.5795780537308151,0.4204219462691849
2,9,stroop:s09:r2,always_fuse,1335,1,0.4827411328698213,0.5172588671301788
2,9,stroop:s09:r2,always_nn,1335,1,0.4082268166004725,0.5917731833995274
2,9,stroop:s09:r3,always_fuse,1335,1,0.4877371390399229,0.5122628609600771
2,9,stroop:s09:r3,always_nn,1335,1,0.3656830077073128,0.6343169922926872
2,9,stroop:s09:r0,always_fuse,1388,0,0.8742220558516856,0.1257779441483145
2,9,stroop:s09:r0,always_nn,1388,0,0.9999999999891104,1.0889669473984128e-11
2,9,stroop:s09:r1,always_fuse,1388,0,0.549994991020989,0.450005008979011
2,9,stroop:s09:r1,always_nn,1388,0,0.9502310390393875,0.0497689609606125
2,9,stroop:s09:r2,always_fuse,1388,1,0.362654584087729,0.6373454159122709
2,9,stroop:s09:r2,always_nn,1388,1,0.0043455126162944,0.9956544873837057
2,9,stroop:s09:r3,always_fuse,1388,1,0.4614973103481605,0.5385026896518396
2,9,stroop:s09:r3,always_nn,1388,1,0.2097392483522248,0.7902607516477752
2,9,stroop:s09:r0,always_fuse,1441,0,0.8551642263633478,0.1448357736366522
2,9,stroop:s09:r0,always_nn,1441,0,0.9999400353709482,5.9964629051876585e-05
2,9,stroop:s09:r1,always_fuse,1441,0,0.5413014155671421,0.4586985844328579
2,9,stroop:s09:r1,always_nn,1441,0,0.6429240629955004,0.3570759370044994
2,9,stroop:s09:r2,always_fuse,1441,1,0.4946785172478602,0.5053214827521397
2,9,stroop:s09:r2,always_nn,1441,1,0.4012248947275227,0.5987751052724773
2,9,stroop:s09:r3,always_fuse,1441,1,0.5197166286224832,0.4802833713775167
2,9,stroop:s09:r3,always_nn,1441,1,0.5339701960796505,0.4660298039203496
2,9,stroop:s09:r0,always_fuse,1494,0,0.8931308220871599,0.10686917791284
2,9,stroop:s09:r0,always_nn,1494,0,0.9999999999845344,1.5465606382160105e-11
2,9,stroop:s09:r1,always_fuse,1494,0,0.4674649045246517,0.5325350954753483
2,9,stroop:s09:r1,always_nn,1494,0,0.3851581446298612,0.6148418553701388
2,9,stroop:s09:r2,always_fuse,1494,1,0.2968183496369599,0.70318165036304
2,9,stroop:s09:r2,always_nn,1494,1,0.0019321423176389,0.9980678576823612
2,9,stroop:s09:r3,always_fuse,1494,1,0.3979007039226083,0.6020992960773915
2,9,stroop:s09:r3,always_nn,1494,1,0.0599246422002925,0.9400753577997074
2,9,stroop:s09:r0,always_fuse,1547,0,0.857141234166953,0.142858765833047
2,9,stroop:s09:r0,always_nn,1547,0,0.9999999992944576,7.055422470324748e-10
2,9,stroop:s09:r1,always_fuse,1547,0,0.5731627988351464,0.4268372011648536
2,9,stroop:s09:r1,always_nn,1547,0,0.9211661654425096,0.0788338345574904
2,9,stroop:s09:r2,always_fuse,1547,1,0.4775104649691361,0.5224895350308639
2,9,stroop:s09:r2,always_nn,1547,1,0.2539905029753557,0.7460094970246443
2,9,stroop:s09:r3,always_fuse,1547,1,0.5274703220830669,0.4725296779169331
2,9,stroop:s09:r3,always_nn,1547,1,0.647924321514211,0.352075678485789
2,10,stroop:s10:r0,always_fuse,1335,0,0.6909638683854795,0.3090361316145205
2,10,stroop:s10:r0,always_nn,1335,0,0.998521415066944,0.001478584933056
2,10,stroop:s10:r1,always_fuse,1335,0,0.4585987210974471,0.5414012789025529
2,10,stroop:s10:r1,always_nn,1335,0,0.4958810196853808,0.5041189803146191
2,10,stroop:s10:r2,always_fuse,1335,1,0.4631356393909704,0.5368643606090296
2,10,stroop:s10:r2,always_nn,1335,1,0.5264418819979365,0.4735581180020635
2,10,stroop:s10:r3,always_fuse,1335,1,0.3683179361374927,0.6316820638625072
2,10,stroop:s10:r3,always_nn,1335,1,0.0810010992583767,0.9189989007416232
2,10,stroop:s10:r0,always_fuse,1388,0,0.664495284548878,0.3355047154511221
2,10,stroop:s10:r0,always_nn,1388,0,0.997930056672832,0.002069943327168
2,10,stroop:s10:r1,always_fuse,1388,0,0.4743486999804615,0.5256513000195385
2,10,stroop:s10:r1,always_nn,1388,0,0.6053796247107455,0.3946203752892546
2,10,stroop:s10:r2,always_fuse,1388,1,0.4621509108847014,0.5378490891152986
2,10,stroop:s10:r2,always_nn,1388,1,0.485494027075663,0.514505972924337
2,10,stroop:s10:r3,always_fuse,1388,1,0.3746456656130543,0.6253543343869457
2,10,stroop:s10:r3,always_nn,1388,1,0.0733335153867361,0.926666484613264
2,10,stroop:s10:r0,always_fuse,1441,0,0.667570570490927,0.3324294295090729
2,10,stroop:s10:r0,always_nn,1441,0,0.9939528298502798,0.0060471701497202
2,10,stroop:s10:r1,always_fuse,1441,0,0.4595232628295514,0.5404767371704486
2,10,stroop:s10:r1,always_nn,1441,0,0.3766983319421438,0.6233016680578561
2,10,stroop:s10:r2,always_fuse,1441,1,0.4617206896714519,0.538279310328548
2,10,stroop:s10:r2,always_nn,1441,1,0.4013775557199623,0.5986224442800376
2,10,stroop:s10:r3,always_fuse,1441,1,0.3828660137586132,0.6171339862413868
2,10,stroop:s10:r3,always_nn,1441,1,0.09438475929875,0.90561524070125
2,10,stroop:s10:r0,always_fuse,1494,0,0.6936549106361657,0.3063450893638342
2,10,stroop:s10:r0,always_nn,1494,0,0.998547894972727,0.0014521050272729
2,10,stroop:s10:r1,always_fuse,1494,0,0.4701982797786869,0.529801720221313
2,10,stroop:s10:r1,always_nn,1494,0,0.4923471362881182,0.5076528637118818
2,10,stroop:s10:r2,always_fuse,1494,1,0.4438794167334126,0.5561205832665874
2,10,stroop:s10:r2,always_nn,1494,1,0.2911472430103827,0.7088527569896171
2,10,stroop:s10:r3,always_fuse,1494,1,0.3911076408399494,0.6088923591600506
2,10,stroop:s10:r3,always_nn,1494,1,0.12838344980389,0.87161655019611
2,10,stroop:s10:r0,always_fuse,1547,0,0.6139320076107582,0.3860679923892418
2,10,stroop:s10:r0,always_nn,1547,0,0.9836364269567482,0.0163635730432517
2,10,stroop:s10:r1,always_fuse,1547,0,0.4393107549248108,0.5606892450751891
2,10,stroop:s10:r1,always_nn,1547,0,0.2471944139253243,0.7528055860746756
2,10,stroop:s10:r2,always_fuse,1547,1,0.4385528527397022,0.5614471472602977
2,10,stroop:s10:r2,always_nn,1547,1,0.2535312466023487,0.7464687533976512
2,10,stroop:s10:r3,always_fuse,1547,1,0.3620249302740052,0.6379750697259948
2,10,stroop:s10:r3,always_nn,1547,1,0.048154969097883,0.951845030902117
2,11,stroop:s11:r0,always_fuse,1335,0,0.5948038441763699,0.4051961558236301
2,11,stroop:s11:r0,always_nn,1335,0,0.9691787631762973,0.0308212368237026
2,11,stroop:s11:r1,always_fuse,1335,0,0.4686464842140864,0.5313535157859135
2,11,stroop:s11:r1,always_nn,1335,0,0.5871305717470653,0.4128694282529347
2,11,stroop:s11:r2,always_fuse,1335,1,0.4068112203592447,0.5931887796407553
2,11,stroop:s11:r2,always_nn,1335,1,0.1437707382192148,0.8562292617807852
2,11,stroop:s11:r3,always_fuse,1335,1,0.4321034640896907,0.5678965359103093
2,11,stroop:s11:r3,always_nn,1335,1,0.2478614253095729,0.7521385746904271
2,11,stroop:s11:r0,always_fuse,1388,0,0.6127956573800766,0.3872043426199234
2,11,stroop:s11:r0,always_nn,1388,0,0.9871039540658147,0.0128960459341852
2,11,stroop:s11:r1,always_fuse,1388,0,0.4797438499552961,0.5202561500447038
2,11,stroop:s11:r1,always_nn,1388,0,0.6640376276210724,0.3359623723789276
2,11,stroop:s11:r2,always_fuse,1388,1,0.4788118785604069,0.521188121439593
2,11,stroop:s11:r2,always_nn,1388,1,0.6190048364153483,0.3809951635846518
2,11,stroop:s11:r3,always_fuse,1388,1,0.4546343585857683,0.5453656414142317
2,11,stroop:s11:r3,always_nn,1388,1,0.3810661106469756,0.6189338893530244
2,11,stroop:s11:r0,always_fuse,1441,0,0.6274307737460421,0.3725692262539579
2,11,stroop:s11:r0,always_nn,1441,0,0.9965357403256956,0.0034642596743045
2,11,stroop:s11:r1,always_fuse,1441,0,0.4656356134468277,0.5343643865531722
2,11,stroop:s11:r1,always_nn,1441,0,0.4602809773406485,0.5397190226593515
2,11,stroop:s11:r2,always_fuse,1441,1,0.439152190492924,0.560847809507076
2,11,stroop:s11:r2,always_nn,1441,1,0.238408216885395,0.761591783114605
2,11,stroop:s11:r3,always_fuse,1441,1,0.4262592565545585,0.5737407434454415
2,11,stroop:s11:r3,always_nn,1441,1,0.1518893885925275,0.8481106114074725
2,11,stroop:s11:r0,always_fuse,1494,0,0.6743636518747262,0.3256363481252737
2,11,stroop:s11:r0,always_nn,1494,0,0.998164219421923,0.0018357805780769
2,11,stroop:s11:r1,always_fuse,1494,0,0.4792446732989048,0.5207553267010951
2,11,stroop:s11:r1,always_nn,1494,0,0.5805852881652368,0.4194147118347632
2,11,stroop:s11:r2,always_fuse,1494,1,0.4325408609575361,0.5674591390424639
2,11,stroop:s11:r2,always_nn,1494,1,0.2154949759069913,0.7845050240930087
2,11,stroop:s11:r3,always_fuse,1494,1,0.471745420043004,0.528254579956996
2,11,stroop:s11:r3,always_nn,1494,1,0.4523070643273848,0.5476929356726152
2,11,stroop:s11:r0,always_fuse,1547,0,0.6336286761971742,0.3663713238028259
2,11,stroop:s11:r0,always_nn,1547,0,0.999951727427852,4.827257214789992e-05
2,11,stroop:s11:r1,always_fuse,1547,0,0.4668333779966779,0.5331666220033221
2,11,stroop:s11:r1,always_nn,1547,0,0.5497073481504879,0.4502926518495122
2,11,stroop:s11:r2,always_fuse,1547,1,0.4383302635968645,0.5616697364031356
2,11,stroop:s11:r2,always_nn,1547,1,0.2457106971372017,0.7542893028627983
2,11,stroop:s11:r3,always_fuse,1547,1,0.4318856307768163,0.5681143692231837
2,11,stroop:s11:r3,always_nn,1547,1,0.1818920128926617,0.8181079871073382
2,12,stroop:s12:r0,always_fuse,1335,0,0.5193188417215535,0.4806811582784465
2,12,stroop:s12:r0,always_nn,1335,0,0.649573431626225,0.3504265683737749
2,12,stroop:s12:r1,always_fuse,1335,0,0.4132903826135434,0.5867096173864564
2,12,stroop:s12:r1,always_nn,1335,0,0.2329777037133236,0.7670222962866764
2,12,stroop:s12:r2,always_fuse,1335,1,0.4087258138013239,0.5912741861986761
2,12,stroop:s12:r2,always_nn,1335,1,0.2248729796060225,0.7751270203939775
2,12,stroop:s12:r3,always_fuse,1335,1,0.4192632277274992,0.5807367722725008
2,12,stroop:s12:r3,always_nn,1335,1,0.2631919153120631,0.7368080846879369
2,12,stroop:s12:r0,always_fuse,1388,0,0.4916287895797497,0.5083712104202504
2,12,stroop:s12:r0,always_nn,1388,0,0.4617608447581872,0.5382391552418129
2,12,stroop:s12:r1,always_fuse,1388,0,0.4214501588968019,0.5785498411031982
2,12,stroop:s12:r1,always_nn,1388,0,0.2382750238498372,0.7617249761501628
2,12,stroop:s12:r2,always_fuse,1388,1,0.4096510705238489,0.5903489294761511
2,12,stroop:s12:r2,always_nn,1388,1,0.1904576768253518,0.8095423231746481
2,12,stroop:s12:r3,always_fuse,1388,1,0.4200218758607612,0.5799781241392389
2,12,stroop:s12:r3,always_nn,1388,1,0.2274174816201065,0.7725825183798934
2,12,stroop:s12:r0,always_fuse,1441,0,0.5395344647023934,0.4604655352976065
2,12,stroop:s12:r0,always_nn,1441,0,0.6942574029275177,0.3057425970724823
2,12,stroop:s12:r1,always_fuse,1441,0,0.4284552001216162,0.5715447998783838
2,12,stroop:s12:r1,always_nn,1441,0,0.2420376715712011,0.7579623284287988
2,12,stroop:s12:r2,always_fuse,1441,1,0.4238665355115646,0.5761334644884354
2,12,stroop:s12:r2,always_nn,1441,1,0.2454589627482117,0.7545410372517883
2,12,stroop:s12:r3,always_fuse,1441,1,0.45079694272399,0.5492030572760099
2,12,stroop:s12:r3,always_nn,1441,1,0.3811876998547728,0.618812300145227
2,12,stroop:s12:r0,always_fuse,1494,0,0.5525064650420806,0.4474935349579194
2,12,stroop:s12:r0,always_nn,1494,0,0.8068942304886456,0.1931057695113544
2,12,stroop:s12:r1,always_fuse,1494,0,0.443321992699611,0.556678007300389
2,12,stroop:s12:r1,always_nn,1494,0,0.3346651811179691,0.6653348188820308
2,12,stroop:s12:r2,always_fuse,1494,1,0.4328356383165274,0.5671643616834726
2,12,stroop:s12:r2,always_nn,1494,1,0.3042558170977384,0.6957441829022616
2,12,stroop:s12:r3,always_fuse,1494,1,0.4430162736461706,0.5569837263538294
2,12,stroop:s12:r3,always_nn,1494,1,0.341166819706646,0.658833180293354
2,12,stroop:s12:r0,always_fuse,1547,0,0.5994809887915175,0.4005190112084825
2,12,stroop:s12:r0,always_nn,1547,0,0.9742291730657028,0.0257708269342972
2,12,stroop:s12:r1,always_fuse,1547,0,0.4519042933409719,0.5480957066590282
2,12,stroop:s12:r1,always_nn,1547,0,0.477569256268358,0.522430743731642
2,12,stroop:s12:r2,always_fuse,1547,1,0.4282421249445742,0.5717578750554257
2,12,stroop:s12:r2,always_nn,1547,1,0.3281396625968171,0.6718603374031829
2,12,stroop:s12:r3,always_fuse,1547,1,0.4500135952468753,0.5499864047531248
2,12,stroop:s12:r3,always_nn,1547,1,0.440266833922998,0.559733166077002
2,13,stroop:s13:r0,always_fuse,1335,0,0.8093823142421858,0.1906176857578141
2,13,stroop:s13:r0,always_nn,1335,0,0.9999895021130554,1.0497886944719968e-05
2,13,stroop:s13:r1,always_fuse,1335,0,0.4403982369108426,0.5596017630891574
2,13,stroop:s13:r1,always_nn,1335,0,0.1354214915224014,0.8645785084775985
2,13,stroop:s13:r2,always_fuse,1335,1,0.526360209761703,0.4736397902382971
2,13,stroop:s13:r2,always_nn,1335,1,0.4955613293932157,0.5044386706067844
2,13,stroop:s13:r3,always_fuse,1335,1,0.5112623519106549,0.4887376480893451
2,13,stroop:s13:r3,always_nn,1335,1,0.4963503026190914,0.5036496973809086
2,13,stroop:s13:r0,always_fuse,1388,0,0.7809353345478702,0.2190646654521298
2,13,stroop:s13:r0,always_nn,1388,0,0.9999875362667764,1.2463733223534816e-05
2,13,stroop:s13:r1,always_fuse,1388,0,0.4619539287609283,0.5380460712390717
2,13,stroop:s13:r1,always_nn,1388,0,0.1917174313651892,0.8082825686348107
2,13,stroop:s13:r2,always_fuse,1388,1,0.5286679219857217,0.4713320780142783
2,13,stroop:s13:r2,always_nn,1388,1,0.4737684719326426,0.5262315280673574
2,13,stroop:s13:r3,always_fuse,1388,1,0.4981894170515081,0.5018105829484918
2,13,stroop:s13:r3,always_nn,1388,1,0.4054411709547385,0.5945588290452616
2,13,stroop:s13:r0,always_fuse,1441,0,0.7808849074504828,0.2191150925495172
2,13,stroop:s13:r0,always_nn,1441,0,0.9998466765525416,0.0001533234474584
2,13,stroop:s13:r1,always_fuse,1441,0,0.4798766478893815,0.5201233521106186
2,13,stroop:s13:r1,always_nn,1441,0,0.2687898217824392,0.7312101782175606
2,13,stroop:s13:r2,always_fuse,1441,1,0.5596338162327776,0.4403661837672223
2,13,stroop:s13:r2,always_nn,1441,1,0.6376979769228177,0.3623020230771823
2,13,stroop:s13:r3,always_fuse,1441,1,0.567650419663934,0.4323495803360659
2,13,stroop:s13:r3,always_nn,1441,1,0.8236986121415426,0.1763013878584573
2,13,stroop:s13:r0,always_fuse,1494,0,0.7393272867704308,0.2606727132295692
2,13,stroop:s13:r0,always_nn,1494,0,0.9990733750864504,0.0009266249135496
2,13,stroop:s13:r1,always_fuse,1494,0,0.4876396789808905,0.5123603210191094
2,13,stroop:s13:r1,always_nn,1494,0,0.3488846558355551,0.6511153441644448
2,13,stroop:s13:r2,always_fuse,1494,1,0.556119630595934,0.4438803694040659
2,13,stroop:s13:r2,always_nn,1494,1,0.6558897860145324,0.3441102139854677
2,13,stroop:s13:r3,always_fuse,1494,1,0.5432017156665822,0.4567982843334179
2,13,stroop:s13:r3,always_nn,1494,1,0.683461113264575,0.316538886735425
2,13,stroop:s13:r0,always_fuse,1547,0,0.7397740555555987,0.2602259444444013
2,13,stroop:s13:r0,always_nn,1547,0,0.9998604207615134,0.0001395792384866
2,13,stroop:s13:r1,always_fuse,1547,0,0.5103132127509454,0.4896867872490546
2,13,stroop:s13:r1,always_nn,1547,0,0.4584209755984426,0.5415790244015574
2,13,stroop:s13:r2,always_fuse,1547,1,0.5880993020159594,0.4119006979840406
2,13,stroop:s13:r2,always_nn,1547,1,0.800112153044239,0.1998878469557609
2,13,stroop:s13:r3,always_fuse,1547,1,0.5379800225488112,0.4620199774511888
2,13,stroop:s13:r3,always_nn,1547,1,0.6083065252347156,0.3916934747652844
2,14,stroop:s14:r0,always_fuse,1335,0,0.7664949312469663,0.2335050687530337
2,14,stroop:s14:r0,always_nn,1335,0,0.9965083112640528,0.0034916887359473
2,14,stroop:s14:r1,always_fuse,1335,0,0.1716532225988677,0.8283467774011323
2,14,stroop:s14:r1,always_nn,1335,0,0.0481490335124207,0.9518509664875792
2,14,stroop:s14:r2,always_fuse,1335,1,0.2148812326067946,0.7851187673932054
2,14,stroop:s14:r2,always_nn,1335,1,0.0679009612040598,0.93209903879594
2,14,stroop:s14:r3,always_fuse,1335,1,0.1038672823635525,0.8961327176364475
2,14,stroop:s14:r3,always_nn,1335,1,0.0422165270837303,0.9577834729162696
2,14,stroop:s14:r0,always_fuse,1388,0,0.7441727673931325,0.2558272326068675
2,14,stroop:s14:r0,always_nn,1388,0,0.9962330696792836,0.0037669303207163
2,14,stroop:s14:r1,always_fuse,1388,0,0.1548866587609826,0.8451133412390174
2,14,stroop:s14:r1,always_nn,1388,0,0.0065687123663582,0.9934312876336416
2,14,stroop:s14:r2,always_fuse,1388,1,0.1850406947573889,0.8149593052426111
2,14,stroop:s14:r2,always_nn,1388,1,0.0072493463350768,0.9927506536649232
2,14,stroop:s14:r3,always_fuse,1388,1,0.0984975292244025,0.9015024707755972
2,14,stroop:s14:r3,always_nn,1388,1,0.0074963001287059,0.992503699871294
2,14,stroop:s14:r0,always_fuse,1441,0,0.7918872444774487,0.2081127555225512
2,14,stroop:s14:r0,always_nn,1441,0,0.9990843663295196,0.0009156336704804
2,14,stroop:s14:r1,always_fuse,1441,0,0.1753342087202111,0.8246657912797889
2,14,stroop:s14:r1,always_nn,1441,0,0.040004545336798,0.959995454663202
2,14,stroop:s14:r2,always_fuse,1441,1,0.2139123654861752,0.7860876345138248
2,14,stroop:s14:r2,always_nn,1441,1,0.0455773967085356,0.9544226032914644
2,14,stroop:s14:r3,always_fuse,1441,1,0.1109912324629557,0.8890087675370442
2,14,stroop:s14:r3,always_nn,1441,1,0.0333300774023872,0.9666699225976128
2,14,stroop:s14:r0,always_fuse,1494,0,0.7944489160634663,0.2055510839365337
2,14,stroop:s14:r0,always_nn,1494,0,0.9994564973828024,0.0005435026171976
2,14,stroop:s14:r1,always_fuse,1494,0,0.1843041972605283,0.8156958027394717
2,14,stroop:s14:r1,always_nn,1494,0,0.0249638021576269,0.975036197842373
2,14,stroop:s14:r2,always_fuse,1494,1,0.2199733864144621,0.7800266135855378
2,14,stroop:s14:r2,always_nn,1494,1,0.0312995642584935,0.9687004357415064
2,14,stroop:s14:r3,always_fuse,1494,1,0.1171934772407945,0.8828065227592055
2,14,stroop:s14:r3,always_nn,1494,1,0.0271836167909935,0.9728163832090064
2,14,stroop:s14:r0,always_fuse,1547,0,0.7674260818530975,0.2325739181469026
2,14,stroop:s14:r0,always_nn,1547,0,0.998410443575318,0.001589556424682
2,14,stroop:s14:r1,always_fuse,1547,0,0.1575252915567719,0.842474708443228
2,14,stroop:s14:r1,always_nn,1547,0,0.0475063324991387,0.9524936675008612
2,14,stroop:s14:r2,always_fuse,1547,1,0.1912959200554558,0.8087040799445442
2,14,stroop:s14:r2,always_nn,1547,1,0.0407344528358034,0.9592655471641968
2,14,stroop:s14:r3,always_fuse,1547,1,0.0830764361939992,0.9169235638060008
2,14,stroop:s14:r3,always_nn,1547,1,0.0531410995214028,0.9468589004785972
2,15,stroop:s15:r0,always_fuse,1335,0,0.7233393568006584,0.2766606431993416
2,15,stroop:s15:r0,always_nn,1335,0,0.9981245239279748,0.0018754760720251
2,15,stroop:s15:r1,always_fuse,1335,0,0.4805862058483778,0.5194137941516221
2,15,stroop:s15:r1,always_nn,1335,0,0.6936338136490733,0.3063661863509267
2,15,stroop:s15:r2,always_fuse,1335,1,0.5046821353265616,0.4953178646734384
2,15,stroop:s15:r2,always_nn,1335,1,0.8100155083476126,0.1899844916523874
2,15,stroop:s15:r3,always_fuse,1335,1,0.3157350121281944,0.6842649878718056
2,15,stroop:s15:r3,always_nn,1335,1,0.1604604935371494,0.8395395064628506
2,15,stroop:s15:r0,always_fuse,1388,0,0.7359440509071399,0.2640559490928601
2,15,stroop:s15:r0,always_nn,1388,0,0.999363818531674,0.0006361814683261
2,15,stroop:s15:r1,always_fuse,1388,0,0.4626699583974279,0.537330041602572
2,15,stroop:s15:r1,always_nn,1388,0,0.5167629814472146,0.4832370185527855
2,15,stroop:s15:r2,always_fuse,1388,1,0.4796615399278591,0.5203384600721409
2,15,stroop:s15:r2,always_nn,1388,1,0.6303999183761583,0.3696000816238416
2,15,stroop:s15:r3,always_fuse,1388,1,0.3074137122072011,0.692586287792799
2,15,stroop:s15:r3,always_nn,1388,1,0.0656974450291155,0.9343025549708844
2,15,stroop:s15:r0,always_fuse,1441,0,0.7555044716766506,0.2444955283233494
2,15,stroop:s15:r0,always_nn,1441,0,0.9989773678148922,0.0010226321851077
2,15,stroop:s15:r1,always_fuse,1441,0,0.416131839259487,0.583868160740513
2,15,stroop:s15:r1,always_nn,1441,0,0.1825967390496018,0.8174032609503982
2,15,stroop:s15:r2,always_fuse,1441,1,0.4404013488999574,0.5595986511000425
2,15,stroop:s15:r2,always_nn,1441,1,0.3022031900793777,0.6977968099206223
2,15,stroop:s15:r3,always_fuse,1441,1,0.320382600644549,0.6796173993554511
2,15,stroop:s15:r3,always_nn,1441,1,0.13861243954226,0.8613875604577399
2,15,stroop:s15:r0,always_fuse,1494,0,0.7599838968435337,0.2400161031564662
2,15,stroop:s15:r0,always_nn,1494,0,0.9994546177495643,0.0005453822504356
2,15,stroop:s15:r1,always_fuse,1494,0,0.4507075327391081,0.549292467260892
2,15,stroop:s15:r1,always_nn,1494,0,0.3800280010576521,0.6199719989423479
2,15,stroop:s15:r2,always_fuse,1494,1,0.4729876791195184,0.5270123208804817
2,15,stroop:s15:r2,always_nn,1494,1,0.5112067635615586,0.4887932364384413
2,15,stroop:s15:r3,always_fuse,1494,1,0.3588208515121202,0.6411791484878798
2,15,stroop:s15:r3,always_nn,1494,1,0.2212511046176224,0.7787488953823776
2,15,stroop:s15:r0,always_fuse,1547,0,0.7178271391659609,0.282172860834039
2,15,stroop:s15:r0,always_nn,1547,0,0.9973639560460982,0.0026360439539018
2,15,stroop:s15:r1,always_fuse,1547,0,0.4529129002723044,0.5470870997276956
2,15,stroop:s15:r1,always_nn,1547,0,0.5533508358590623,0.4466491641409376
2,15,stroop:s15:r2,always_fuse,1547,1,0.4805246979081654,0.5194753020918346
2,15,stroop:s15:r2,always_nn,1547,1,0.733299887221148,0.266700112778852
2,15,stroop:s15:r3,always_fuse,1547,1,0.3083882402516568,0.6916117597483432
2,15,stroop:s15:r3,always_nn,1547,1,0.2723714360256721,0.727628563974328
3,1,stroop:s01:r0,always_fuse,1335,0,0.6111201762033383,0.3888798237966618
3,1,stroop:s01:r0,always_nn,1335,0,0.9537504561231798,0.0462495438768202
3,1,stroop:s01:r1,always_fuse,1335,0,0.5309960190713159,0.4690039809286841
3,1,stroop:s01:r1,always_nn,1335,0,0.7716521898312289,0.2283478101687711
3,1,stroop:s01:r2,always_fuse,1335,1,0.5201133722088853,0.4798866277911148
3,1,stroop:s01:r2,always_nn,1335,1,0.7550109165547163,0.2449890834452837
3,1,stroop:s01:r3,always_fuse,1335,1,0.543133491340448,0.4568665086595521
3,1,stroop:s01:r3,always_nn,1335,1,0.7967305590600245,0.2032694409399754
3,1,stroop:s01:r0,always_fuse,1388,0,0.6459747431343523,0.3540252568656477
3,1,stroop:s01:r0,always_nn,1388,0,0.9879418258046996,0.0120581741953003
3,1,stroop:s01:r1,always_fuse,1388,0,0.5512111736926808,0.4487888263073192
3,1,stroop:s01:r1,always_nn,1388,0,0.8540524623451737,0.1459475376548262
3,1,stroop:s01:r2,always_fuse,1388,1,0.5565076754630482,0.4434923245369517
3,1,stroop:s01:r2,always_nn,1388,1,0.8859412427547061,0.1140587572452939
3,1,stroop:s01:r3,always_fuse,1388,1,0.5547632218961572,0.4452367781038427
3,1,stroop:s01:r3,always_nn,1388,1,0.8169620215516179,0.1830379784483821
3,1,stroop:s01:r0,always_fuse,1441,0,0.5592559492933011,0.4407440507066988
3,1,stroop:s01:r0,always_nn,1441,0,0.9112503704609716,0.0887496295390283
3,1,stroop:s01:r1,always_fuse,1441,0,0.5015606043114684,0.4984393956885316
3,1,stroop:s01:r1,always_nn,1441,0,0.5965776055457129,0.4034223944542871
3,1,stroop:s01:r2,always_fuse,1441,1,0.4937233686283954,0.5062766313716045
3,1,stroop:s01:r2,always_nn,1441,1,0.5855485233039555,0.4144514766960445
3,1,stroop:s01:r3,always_fuse,1441,1,0.5224633987628606,0.4775366012371394
3,1,stroop:s01:r3,always_nn,1441,1,0.6661673494691838,0.3338326505308163
3,1,stroop:s01:r0,always_fuse,1494,0,0.6348083385460942,0.3651916614539058
3,1,stroop:s01:r0,always_nn,1494,0,0.9883084953089666,0.0116915046910334
3,1,stroop:s01:r1,always_fuse,1494,0,0.5213384138661545,0.4786615861338455
3,1,stroop:s01:r1,always_nn,1494,0,0.7383656383366428,0.2616343616633572
3,1,stroop:s01:r2,always_fuse,1494,1,0.5164120714816905,0.4835879285183093
3,1,stroop:s01:r2,always_nn,1494,1,0.7537653447317009,0.2462346552682991
3,1,stroop:s01:r3,always_fuse,1494,1,0.5147789572923732,0.4852210427076268
3,1,stroop:s01:r3,always_nn,1494,1,0.6744167681489134,0.3255832318510866
3,1,stroop:s01:r0,always_fuse,1547,0,0.6287008251949985,0.3712991748050015
3,1,stroop:s01:r0,always_nn,1547,0,0.979618982994622,0.0203810170053781
3,1,stroop:s01:r1,always_fuse,1547,0,0.4808773615611236,0.5191226384388764
3,1,stroop:s01:r1,always_nn,1547,0,0.6025650247617352,0.3974349752382647
3,1,stroop:s01:r2,always_fuse,1547,1,0.4860636421104293,0.5139363578895706
3,1,stroop:s01:r2,always_nn,1547,1,0.6623259543016166,0.3376740456983834
3,1,stroop:s01:r3,always_fuse,1547,1,0.4891593000052593,0.5108406999947407
3,1,stroop:s01:r3,always_nn,1547,1,0.606538307724568,0.3934616922754321
3,2,stroop:s02:r0,always_fuse,1335,0,0.6354028218271892,0.3645971781728107
3,2,stroop:s02:r0,always_nn,1335,0,0.9146924381264786,0.0853075618735214
3,2,stroop:s02:r1,always_fuse,1335,0,0.600560353621693,0.399439646378307
3,2,stroop:s02:r1,always_nn,1335,0,0.8570323882239007,0.1429676117760991
3,2,stroop:s02:r2,always_fuse,1335,1,0.5242628064394962,0.4757371935605038
3,2,stroop:s02:r2,always_nn,1335,1,0.6265233832173721,0.3734766167826279
3,2,stroop:s02:r3,always_fuse,1335,1,0.5582095098355508,0.4417904901644491
3,2,stroop:s02:r3,always_nn,1335,1,0.7793906603392593,0.2206093396607406
3,2,stroop:s02:r0,always_fuse,1388,0,0.6768399150356881,0.3231600849643119
3,2,stroop:s02:r0,always_nn,1388,0,0.9510321792539992,0.0489678207460008
3,2,stroop:s02:r1,always_fuse,1388,0,0.6379313151973562,0.3620686848026437
3,2,stroop:s02:r1,always_nn,1388,0,0.9166367414279402,0.0833632585720598
3,2,stroop:s02:r2,always_fuse,1388,1,0.5580464594739328,0.4419535405260671
3,2,stroop:s02:r2,always_nn,1388,1,0.6874059308991779,0.3125940691008221
3,2,stroop:s02:r3,always_fuse,1388,1,0.5760437498868626,0.4239562501131374
3,2,stroop:s02:r3,always_nn,1388,1,0.7972404815681204,0.2027595184318796
3,2,stroop:s02:r0,always_fuse,1441,0,0.6560010438865931,0.3439989561134068
3,2,stroop:s02:r0,always_nn,1441,0,0.9352172042942252,0.0647827957057747
3,2,stroop:s02:r1,always_fuse,1441,0,0.6185659763240523,0.3814340236759476
3,2,stroop:s02:r1,always_nn,1441,0,0.8604083114277451,0.1395916885722549
3,2,stroop:s02:r2,always_fuse,1441,1,0.5517654666699534,0.4482345333300466
3,2,stroop:s02:r2,always_nn,1441,1,0.6887099133150071,0.311290086684993
3,2,stroop:s02:r3,always_fuse,1441,1,0.5642132241706163,0.4357867758293837
3,2,stroop:s02:r3,always_nn,1441,1,0.7265104503240317,0.2734895496759682
3,2,stroop:s02:r0,always_fuse,1494,0,0.6609846274369471,0.3390153725630529
3,2,stroop:s02:r0,always_nn,1494,0,0.9580536400648768,0.041946359935123
3,2,stroop:s02:r1,always_fuse,1494,0,0.6344462744758624,0.3655537255241376
3,2,stroop:s02:r1,always_nn,1494,0,0.9486858053945182,0.0513141946054817
3,2,stroop:s02:r2,always_fuse,1494,1,0.5468865962471812,0.4531134037528187
3,2,stroop:s02:r2,always_nn,1494,1,0.7201227104138695,0.2798772895861304
3,2,stroop:s02:r3,always_fuse,1494,1,0.570547805291193,0.4294521947088069
3,2,stroop:s02:r3,always_nn,1494,1,0.8485783865108012,0.1514216134891988
3,2,stroop:s02:r0,always_fuse,1547,0,0.7192442824019358,0.2807557175980642
3,2,stroop:s02:r0,always_nn,1547,0,0.9817579420712588,0.0182420579287414
3,2,stroop:s02:r1,always_fuse,1547,0,0.6903337864974384,0.3096662135025616
3,2,stroop:s02:r1,always_nn,1547,0,0.9808910900562028,0.0191089099437971
3,2,stroop:s02:r2,always_fuse,1547,1,0.5906833401452845,0.4093166598547156
3,2,stroop:s02:r2,always_nn,1547,1,0.8858394758842797,0.1141605241157202
3,2,stroop:s02:r3,always_fuse,1547,1,0.6323196751244964,0.3676803248755035
3,2,stroop:s02:r3,always_nn,1547,1,0.9537304746675324,0.0462695253324674
3,4,stroop:s04:r0,always_fuse,1335,0,0.6794668339912672,0.3205331660087328
3,4,stroop:s04:r0,always_nn,1335,0,0.9829406808794764,0.0170593191205235
3,4,stroop:s04:r1,always_fuse,1335,0,0.534365353170904,0.4656346468290961
3,4,stroop:s04:r1,always_nn,1335,0,0.8186285955906129,0.1813714044093871
3,4,stroop:s04:r2,always_fuse,1335,1,0.3725448481813573,0.6274551518186425
3,4,stroop:s04:r2,always_nn,1335,1,0.1431057855325408,0.8568942144674593
3,4,stroop:s04:r3,always_fuse,1335,1,0.3142380728091602,0.6857619271908397
3,4,stroop:s04:r3,always_nn,1335,1,0.0472331881581582,0.952766811841842
3,4,stroop:s04:r0,always_fuse,1388,0,0.7592527540862923,0.2407472459137077
3,4,stroop:s04:r0,always_nn,1388,0,0.9998920275769332,0.0001079724230666
3,4,stroop:s04:r1,always_fuse,1388,0,0.4790865352177641,0.5209134647822359
3,4,stroop:s04:r1,always_nn,1388,0,0.667577960055383,0.332422039944617
3,4,stroop:s04:r2,always_fuse,1388,1,0.4444456114192526,0.5555543885807472
3,4,stroop:s04:r2,always_nn,1388,1,0.3200413678450897,0.6799586321549103
3,4,stroop:s04:r3,always_fuse,1388,1,0.398884793645451,0.601115206354549
3,4,stroop:s04:r3,always_nn,1388,1,0.1152414149275031,0.8847585850724968
3,4,stroop:s04:r0,always_fuse,1441,0,0.603086438398587,0.3969135616014129
3,4,stroop:s04:r0,always_nn,1441,0,0.955263399266255,0.0447366007337449
3,4,stroop:s04:r1,always_fuse,1441,0,0.5249093749401985,0.4750906250598015
3,4,stroop:s04:r1,always_nn,1441,0,0.9017961434816444,0.0982038565183555
3,4,stroop:s04:r2,always_fuse,1441,1,0.4364451471095537,0.5635548528904464
3,4,stroop:s04:r2,always_nn,1441,1,0.277731710644668,0.7222682893553319
3,4,stroop:s04:r3,always_fuse,1441,1,0.3750498177723066,0.6249501822276934
3,4,stroop:s04:r3,always_nn,1441,1,0.0592886592106839,0.940711340789316
3,4,stroop:s04:r0,always_fuse,1494,0,0.7862778237380535,0.2137221762619464
3,4,stroop:s04:r0,always_nn,1494,0,0.9999704808355055,2.9519164494534808e-05
3,4,stroop:s04:r1,always_fuse,1494,0,0.5224598127680131,0.4775401872319869
3,4,stroop:s04:r1,always_nn,1494,0,0.8368946891880014,0.1631053108119985
3,4,stroop:s04:r2,always_fuse,1494,1,0.4271822988009306,0.5728177011990694
3,4,stroop:s04:r2,always_nn,1494,1,0.2202363798675797,0.7797636201324203
3,4,stroop:s04:r3,always_fuse,1494,1,0.3930549220673303,0.6069450779326697
3,4,stroop:s04:r3,always_nn,1494,1,0.086982254677143,0.9130177453228572
3,4,stroop:s04:r0,always_fuse,1547,0,0.7311987502269741,0.268801249773026
3,4,stroop:s04:r0,always_nn,1547,0,0.9987781522362882,0.0012218477637117
3,4,stroop:s04:r1,always_fuse,1547,0,0.4980960754260666,0.5019039245739334
3,4,stroop:s04:r1,always_nn,1547,0,0.7719027311724587,0.2280972688275412
3,4,stroop:s04:r2,always_fuse,1547,1,0.4300110003780985,0.5699889996219014
3,4,stroop:s04:r2,always_nn,1547,1,0.3536716930924444,0.6463283069075556
3,4,stroop:s04:r3,always_fuse,1547,1,0.3999904549873086,0.6000095450126913
3,4,stroop:s04:r3,always_nn,1547,1,0.1841949115245677,0.8158050884754323
3,5,stroop:s05:r0,always_fuse,1335,0,0.8315781596832346,0.1684218403167654
3,5,stroop:s05:r0,always_nn,1335,0,0.9998506210350728,0.000149378964927
3,5,stroop:s05:r1,always_fuse,1335,0,0.3950825078751769,0.6049174921248232
3,5,stroop:s05:r1,always_nn,1335,0,0.2134728841416695,0.7865271158583305
3,5,stroop:s05:r2,always_fuse,1335,1,0.3827766433041729,0.6172233566958271
3,5,stroop:s05:r2,always_nn,1335,1,0.1348268191934908,0.8651731808065092
3,5,stroop:s05:r3,always_fuse,1335,1,0.3435553630089962,0.6564446369910037
3,5,stroop:s05:r3,always_nn,1335,1,0.071353389800735,0.9286466101992652
3,5,stroop:s05:r0,always_fuse,1388,0,0.8413162280568921,0.1586837719431079
3,5,stroop:s05:r0,always_nn,1388,0,0.999991931583866,8.06841613392908e-06
3,5,stroop:s05:r1,always_fuse,1388,0,0.4536697973408672,0.5463302026591327
3,5,stroop:s05:r1,always_nn,1388,0,0.4989924954490796,0.5010075045509205
3,5,stroop:s05:r2,always_fuse,1388,1,0.4570501035653273,0.5429498964346727
3,5,stroop:s05:r2,always_nn,1388,1,0.4782497953706308,0.5217502046293693
3,5,stroop:s05:r3,always_fuse,1388,1,0.3711925813337458,0.6288074186662541
3,5,stroop:s05:r3,always_nn,1388,1,0.1045931537856232,0.8954068462143767
3,5,stroop:s05:r0,always_fuse,1441,0,0.8383201821185883,0.1616798178814117
3,5,stroop:s05:r0,always_nn,1441,0,0.999999992216727,7.783272998622708e-09
3,5,stroop:s05:r1,always_fuse,1441,0,0.4301001045750339,0.5698998954249661
3,5,stroop:s05:r1,always_nn,1441,0,0.3156070575627866,0.6843929424372135
3,5,stroop:s05:r2,always_fuse,1441,1,0.4168847050385864,0.5831152949614137
3,5,stroop:s05:r2,always_nn,1441,1,0.1698768087526128,0.8301231912473871
3,5,stroop:s05:r3,always_fuse,1441,1,0.3371080303715371,0.6628919696284629
3,5,stroop:s05:r3,always_nn,1441,1,0.022539379057962,0.977460620942038
3,5,stroop:s05:r0,always_fuse,1494,0,0.8460235898466252,0.1539764101533747
3,5,stroop:s05:r0,always_nn,1494,0,0.9999998574392718,1.4256072815584606e-07
3,5,stroop:s05:r1,always_fuse,1494,0,0.4179395764067645,0.5820604235932355
3,5,stroop:s05:r1,always_nn,1494,0,0.2548960712813203,0.7451039287186797
3,5,stroop:s05:r2,always_fuse,1494,1,0.3560973442457472,0.6439026557542529
3,5,stroop:s05:r2,always_nn,1494,1,0.0446479054101043,0.9553520945898956
3,5,stroop:s05:r3,always_fuse,1494,1,0.364684074061385,0.635315925938615
3,5,stroop:s05:r3,always_nn,1494,1,0.0751469719369967,0.9248530280630032
3,5,stroop:s05:r0,always_fuse,1547,0,0.8931279218072697,0.1068720781927302
3,5,stroop:s05:r0,always_nn,1547,0,0.9999999920878064,7.912193501911223e-09
3,5,stroop:s05:r1,always_fuse,1547,0,0.4378890403794255,0.5621109596205744
3,5,stroop:s05:r1,always_nn,1547,0,0.4842420955950549,0.5157579044049452
3,5,stroop:s05:r2,always_fuse,1547,1,0.3890343234111866,0.6109656765888134
3,5,stroop:s05:r2,always_nn,1547,1,0.181413114085973,0.818586885914027
3,5,stroop:s05:r3,always_fuse,1547,1,0.3359853253007726,0.6640146746992273
3,5,stroop:s05:r3,always_nn,1547,1,0.0763755193943227,0.9236244806056771
3,6,stroop:s06:r0,always_fuse,1335,0,0.4030655989749334,0.5969344010250667
3,6,stroop:s06:r0,always_nn,1335,0,0.3929505267746361,0.6070494732253638
3,6,stroop:s06:r1,always_fuse,1335,0,0.5635282785533772,0.4364717214466228
3,6,stroop:s06:r1,always_nn,1335,0,0.940051166004348,0.059948833995652
3,6,stroop:s06:r2,always_fuse,1335,1,0.5357724726599185,0.4642275273400816
3,6,stroop:s06:r2,always_nn,1335,1,0.8506220350672318,0.1493779649327682
3,6,stroop:s06:r3,always_fuse,1335,1,0.3832919169727189,0.6167080830272811
3,6,stroop:s06:r3,always_nn,1335,1,0.3610777523951935,0.6389222476048064
3,6,stroop:s06:r0,always_fuse,1388,0,0.540489001552623,0.459510998447377
3,6,stroop:s06:r0,always_nn,1388,0,0.9599304170939112,0.0400695829060887
3,6,stroop:s06:r1,always_fuse,1388,0,0.5375636769846448,0.4624363230153551
3,6,stroop:s06:r1,always_nn,1388,0,0.9608119284739364,0.0391880715260638
3,6,stroop:s06:r2,always_fuse,1388,1,0.3349821636382628,0.6650178363617372
3,6,stroop:s06:r2,always_nn,1388,1,0.0571592875871368,0.9428407124128632
3,6,stroop:s06:r3,always_fuse,1388,1,0.2850990307867948,0.7149009692132051
3,6,stroop:s06:r3,always_nn,1388,1,0.0479353094088768,0.9520646905911232
3,6,stroop:s06:r0,always_fuse,1441,0,0.49360522273427,0.5063947772657301
3,6,stroop:s06:r0,always_nn,1441,0,0.9602509386294328,0.0397490613705673
3,6,stroop:s06:r1,always_fuse,1441,0,0.5624027499777533,0.4375972500222467
3,6,stroop:s06:r1,always_nn,1441,0,0.991083257533354,0.0089167424666458
3,6,stroop:s06:r2,always_fuse,1441,1,0.4197632238521704,0.5802367761478295
3,6,stroop:s06:r2,always_nn,1441,1,0.1625776188976539,0.837422381102346
3,6,stroop:s06:r3,always_fuse,1441,1,0.3279681982324949,0.6720318017675051
3,6,stroop:s06:r3,always_nn,1441,1,0.0743890712774543,0.9256109287225456
3,6,stroop:s06:r0,always_fuse,1494,0,0.4992250743301154,0.5007749256698847
3,6,stroop:s06:r0,always_nn,1494,0,0.8902871031600547,0.1097128968399452
3,6,stroop:s06:r1,always_fuse,1494,0,0.5797136807378686,0.4202863192621314
3,6,stroop:s06:r1,always_nn,1494,0,0.9878692006275072,0.0121307993724928
3,6,stroop:s06:r2,always_fuse,1494,1,0.3444672939072396,0.6555327060927604
3,6,stroop:s06:r2,always_nn,1494,1,0.0247792877234503,0.9752207122765496
3,6,stroop:s06:r3,always_fuse,1494,1,0.4010399784902479,0.598960021509752
3,6,stroop:s06:r3,always_nn,1494,1,0.3982326357220585,0.6017673642779414
3,6,stroop:s06:r0,always_fuse,1547,0,0.4169850410177171,0.5830149589822828
3,6,stroop:s06:r0,always_nn,1547,0,0.5180983376079693,0.4819016623920306
3,6,stroop:s06:r1,always_fuse,1547,0,0.4220113987766157,0.5779886012233842
3,6,stroop:s06:r1,always_nn,1547,0,0.4993042321680083,0.5006957678319918
3,6,stroop:s06:r2,always_fuse,1547,1,0.4846108346926385,0.5153891653073616
3,6,stroop:s06:r2,always_nn,1547,1,0.7142915975103356,0.2857084024896643
3,6,stroop:s06:r3,always_fuse,1547,1,0.4034604027803348,0.5965395972196651
3,6,stroop:s06:r3,always_nn,1547,1,0.604499954411057,0.395500045588943
3,7,stroop:s07:r0,always_fuse,1335,0,0.8463796598366403,0.1536203401633596
3,7,stroop:s07:r0,always_nn,1335,0,0.9999944295598804,5.570440119726479e-06
3,7,stroop:s07:r1,always_fuse,1335,0,0.4977868978900817,0.5022131021099183
3,7,stroop:s07:r1,always_nn,1335,0,0.6161339473188968,0.3838660526811033
3,7,stroop:s07:r2,always_fuse,1335,1,0.4384711160359665,0.5615288839640334
3,7,stroop:s07:r2,always_nn,1335,1,0.3285643761252474,0.6714356238747525
3,7,stroop:s07:r3,always_fuse,1335,1,0.4416603227468362,0.5583396772531638
3,7,stroop:s07:r3,always_nn,1335,1,0.3282944636999265,0.6717055363000735
3,7,stroop:s07:r0,always_fuse,1388,0,0.8356228901857162,0.1643771098142837
3,7,stroop:s07:r0,always_nn,1388,0,0.99996453089391,3.546910608999373e-05
3,7,stroop:s07:r1,always_fuse,1388,0,0.4963990034520756,0.5036009965479243
3,7,stroop:s07:r1,always_nn,1388,0,0.6740665447934753,0.3259334552065247
3,7,stroop:s07:r2,always_fuse,1388,1,0.4500036785075197,0.5499963214924802
3,7,stroop:s07:r2,always_nn,1388,1,0.41416514354267,0.58583485645733
3,7,stroop:s07:r3,always_fuse,1388,1,0.4399821395182985,0.5600178604817015
3,7,stroop:s07:r3,always_nn,1388,1,0.3303799501669195,0.6696200498330804
3,7,stroop:s07:r0,always_fuse,1441,0,0.7720073393986315,0.2279926606013685
3,7,stroop:s07:r0,always_nn,1441,0,0.9996241466806204,0.0003758533193797
3,7,stroop:s07:r1,always_fuse,1441,0,0.5199161883981918,0.4800838116018082
3,7,stroop:s07:r1,always_nn,1441,0,0.7584109084817111,0.2415890915182888
3,7,stroop:s07:r2,always_fuse,1441,1,0.4864684186320167,0.5135315813679833
3,7,stroop:s07:r2,always_nn,1441,1,0.6118517327798844,0.3881482672201155
3,7,stroop:s07:r3,always_fuse,1441,1,0.465322500175964,0.5346774998240359
3,7,stroop:s07:r3,always_nn,1441,1,0.3956910890646439,0.604308910935356
3,7,stroop:s07:r0,always_fuse,1494,0,0.7893326610994691,0.2106673389005308
3,7,stroop:s07:r0,always_nn,1494,0,0.99977763730973,0.00022236269027
3,7,stroop:s07:r1,always_fuse,1494,0,0.4563262825007171,0.543673717499283
3,7,stroop:s07:r1,always_nn,1494,0,0.3610531178274482,0.6389468821725518
3,7,stroop:s07:r2,always_fuse,1494,1,0.4381545412056925,0.5618454587943075
3,7,stroop:s07:r2,always_nn,1494,1,0.3094034428015244,0.6905965571984755
3,7,stroop:s07:r3,always_fuse,1494,1,0.4356781269927496,0.5643218730072503
3,7,stroop:s07:r3,always_nn,1494,1,0.2919638444747787,0.7080361555252214
3,7,stroop:s07:r0,always_fuse,1547,0,0.8160567136040475,0.1839432863959523
3,7,stroop:s07:r0,always_nn,1547,0,0.9997810140947424,0.0002189859052574
3,7,stroop:s07:r1,always_fuse,1547,0,0.5366957255365619,0.4633042744634381
3,7,stroop:s07:r1,always_nn,1547,0,0.8285509647129746,0.1714490352870253
3,7,stroop:s07:r2,always_fuse,1547,1,0.4218149191340844,0.5781850808659155
3,7,stroop:s07:r2,always_nn,1547,1,0.3007760465565147,0.6992239534434853
3,7,stroop:s07:r3,always_fuse,1547,1,0.4763732008478744,0.5236267991521256
3,7,stroop:s07:r3,always_nn,1547,1,0.5798248362906306,0.4201751637093694
3,8,stroop:s08:r0,always_fuse,1335,0,0.7827802414942426,0.2172197585057572
3,8,stroop:s08:r0,always_nn,1335,0,0.9996809200757848,0.000319079924215
3,8,stroop:s08:r1,always_fuse,1335,0,0.6306838969612415,0.3693161030387585
3,8,stroop:s08:r1,always_nn,1335,0,0.9727133534880535,0.0272866465119465
3,8,stroop:s08:r2,always_fuse,1335,1,0.4049391815756556,0.5950608184243443
3,8,stroop:s08:r2,always_nn,1335,1,0.2447265564792882,0.7552734435207118
3,8,stroop:s08:r3,always_fuse,1335,1,0.3378829468394367,0.6621170531605632
3,8,stroop:s08:r3,always_nn,1335,1,0.075927928507614,0.924072071492386
3,8,stroop:s08:r0,always_fuse,1388,0,0.7072908634585185,0.2927091365414814
3,8,stroop:s08:r0,always_nn,1388,0,0.9997560546841172,0.0002439453158828
3,8,stroop:s08:r1,always_fuse,1388,0,0.5235806853275163,0.4764193146724836
3,8,stroop:s08:r1,always_nn,1388,0,0.8202112873666582,0.1797887126333418
3,8,stroop:s08:r2,always_fuse,1388,1,0.331403150796183,0.668596849203817
3,8,stroop:s08:r2,always_nn,1388,1,0.0860924079074248,0.9139075920925752
3,8,stroop:s08:r3,always_fuse,1388,1,0.2507142076144292,0.7492857923855708
3,8,stroop:s08:r3,always_nn,1388,1,0.0061418551154126,0.9938581448845876
3,8,stroop:s08:r0,always_fuse,1441,0,0.7072127404603102,0.2927872595396897
3,8,stroop:s08:r0,always_nn,1441,0,0.999967868579571,3.213142042900428e-05
3,8,stroop:s08:r1,always_fuse,1441,0,0.5773718036497928,0.4226281963502072
3,8,stroop:s08:r1,always_nn,1441,0,0.9606748333746422,0.0393251666253578
3,8,stroop:s08:r2,always_fuse,1441,1,0.4203921476168896,0.5796078523831104
3,8,stroop:s08:r2,always_nn,1441,1,0.2083084909154602,0.7916915090845398
3,8,stroop:s08:r3,always_fuse,1441,1,0.3540757094386699,0.64592429056133
3,8,stroop:s08:r3,always_nn,1441,1,0.0359846092887415,0.9640153907112584
3,8,stroop:s08:r0,always_fuse,1494,0,0.7213307420678233,0.2786692579321765
3,8,stroop:s08:r0,always_nn,1494,0,0.9998380576080952,0.0001619423919048
3,8,stroop:s08:r1,always_fuse,1494,0,0.5236866604320717,0.4763133395679282
3,8,stroop:s08:r1,always_nn,1494,0,0.8248764833752125,0.1751235166247875
3,8,stroop:s08:r2,always_fuse,1494,1,0.3806413052497546,0.6193586947502453
3,8,stroop:s08:r2,always_nn,1494,1,0.1159595314108875,0.8840404685891124
3,8,stroop:s08:r3,always_fuse,1494,1,0.3113165106173302,0.6886834893826699
3,8,stroop:s08:r3,always_nn,1494,1,0.0191394633578984,0.9808605366421016
3,8,stroop:s08:r0,always_fuse,1547,0,0.7192921090335147,0.2807078909664853
3,8,stroop:s08:r0,always_nn,1547,0,0.9991623771689038,0.0008376228310962
3,8,stroop:s08:r1,always_fuse,1547,0,0.5183620323318546,0.4816379676681453
3,8,stroop:s08:r1,always_nn,1547,0,0.8235260894066807,0.1764739105933192
3,8,stroop:s08:r2,always_fuse,1547,1,0.3576769406909859,0.6423230593090142
3,8,stroop:s08:r2,always_nn,1547,1,0.1425935611849373,0.8574064388150626
3,8,stroop:s08:r3,always_fuse,1547,1,0.288924563878065,0.711075436121935
3,8,stroop:s08:r3,always_nn,1547,1,0.0315298017591276,0.9684701982408724
3,9,stroop:s09:r0,always_fuse,1335,0,0.7713309863493522,0.2286690136506478
3,9,stroop:s09:r0,always_nn,1335,0,0.995574481330072,0.0044255186699281
3,9,stroop:s09:r1,always_fuse,1335,0,0.4902897320333411,0.509710267966659
3,9,stroop:s09:r1,always_nn,1335,0,0.4897905661690491,0.5102094338309507
3,9,stroop:s09:r2,always_fuse,1335,1,0.4715065179965163,0.5284934820034838
3,9,stroop:s09:r2,always_nn,1335,1,0.4382514160868492,0.5617485839131507
3,9,stroop:s09:r3,always_fuse,1335,1,0.4944520549922828,0.505547945007717
3,9,stroop:s09:r3,always_nn,1335,1,0.5544746157479583,0.4455253842520417
3,9,stroop:s09:r0,always_fuse,1388,0,0.785964055007891,0.2140359449921089
3,9,stroop:s09:r0,always_nn,1388,0,0.998071022937604,0.0019289770623959
3,9,stroop:s09:r1,always_fuse,1388,0,0.4848564948653647,0.5151435051346352
3,9,stroop:s09:r1,always_nn,1388,0,0.3617731347468166,0.6382268652531834
3,9,stroop:s09:r2,always_fuse,1388,1,0.4622736690452998,0.5377263309547002
3,9,stroop:s09:r2,always_nn,1388,1,0.2906635454729638,0.7093364545270362
3,9,stroop:s09:r3,always_fuse,1388,1,0.4853770006842081,0.5146229993157919
3,9,stroop:s09:r3,always_nn,1388,1,0.4677958850185098,0.5322041149814902
3,9,stroop:s09:r0,always_fuse,1441,0,0.8470001840138156,0.1529998159861843
3,9,stroop:s09:r0,always_nn,1441,0,0.9999731472526796,2.685274732034102e-05
3,9,stroop:s09:r1,always_fuse,1441,0,0.5230309214702512,0.4769690785297487
3,9,stroop:s09:r1,always_nn,1441,0,0.4860190734443634,0.5139809265556365
3,9,stroop:s09:r2,always_fuse,1441,1,0.4684123478648656,0.5315876521351344
3,9,stroop:s09:r2,always_nn,1441,1,0.2050320868658443,0.7949679131341557
3,9,stroop:s09:r3,always_fuse,1441,1,0.5161619189894409,0.4838380810105591
3,9,stroop:s09:r3,always_nn,1441,1,0.5414561386361316,0.4585438613638682
3,9,stroop:s09:r0,always_fuse,1494,0,0.866207214493279,0.133792785506721
3,9,stroop:s09:r0,always_nn,1494,0,0.9999960538299372,3.946170062851735e-06
3,9,stroop:s09:r1,always_fuse,1494,0,0.5130594440864129,0.4869405559135871
3,9,stroop:s09:r1,always_nn,1494,0,0.6105744880942793,0.3894255119057206
3,9,stroop:s09:r2,always_fuse,1494,1,0.4622369377362981,0.5377630622637019
3,9,stroop:s09:r2,always_nn,1494,1,0.3359087959390027,0.6640912040609973
3,9,stroop:s09:r3,always_fuse,1494,1,0.4881113119569267,0.5118886880430732
3,9,stroop:s09:r3,always_nn,1494,1,0.4817897067400858,0.5182102932599142
3,9,stroop:s09:r0,always_fuse,1547,0,0.814590877407078,0.185409122592922
3,9,stroop:s09:r0,always_nn,1547,0,0.9993375942875788,0.0006624057124212
3,9,stroop:s09:r1,always_fuse,1547,0,0.4546705996166889,0.5453294003833111
3,9,stroop:s09:r1,always_nn,1547,0,0.3789114065454367,0.6210885934545634
3,9,stroop:s09:r2,always_fuse,1547,1,0.4170650022222243,0.5829349977777756
3,9,stroop:s09:r2,always_nn,1547,1,0.2417909456840941,0.7582090543159059
3,9,stroop:s09:r3,always_fuse,1547,1,0.4766702577383807,0.5233297422616193
3,9,stroop:s09:r3,always_nn,1547,1,0.5357209939214571,0.4642790060785429
3,10,stroop:s10:r0,always_fuse,1335,0,0.6757193665097118,0.3242806334902882
3,10,stroop:s10:r0,always_nn,1335,0,0.975959291681178,0.0240407083188221
3,10,stroop:s10:r1,always_fuse,1335,0,0.4975660097230885,0.5024339902769114
3,10,stroop:s10:r1,always_nn,1335,0,0.5857769973238142,0.4142230026761858
3,10,stroop:s10:r2,always_fuse,1335,1,0.5044953163110557,0.4955046836889443
3,10,stroop:s10:r2,always_nn,1335,1,0.6312401117480083,0.3687598882519917
3,10,stroop:s10:r3,always_fuse,1335,1,0.3938748968397772,0.6061251031602228
3,10,stroop:s10:r3,always_nn,1335,1,0.235617680420222,0.7643823195797779
3,10,stroop:s10:r0,always_fuse,1388,0,0.7267894095605542,0.2732105904394458
3,10,stroop:s10:r0,always_nn,1388,0,0.9951278453763142,0.0048721546236857
3,10,stroop:s10:r1,always_fuse,1388,0,0.513702547579549,0.486297452420451
3,10,stroop:s10:r1,always_nn,1388,0,0.6025756770814967,0.3974243229185033
3,10,stroop:s10:r2,always_fuse,1388,1,0.4994488536881933,0.5005511463118066
3,10,stroop:s10:r2,always_nn,1388,1,0.4800698882258231,0.5199301117741768
3,10,stroop:s10:r3,always_fuse,1388,1,0.3813202241527677,0.6186797758472323
3,10,stroop:s10:r3,always_nn,1388,1,0.1543903139393153,0.8456096860606847
3,10,stroop:s10:r0,always_fuse,1441,0,0.7029206491765156,0.2970793508234844
3,10,stroop:s10:r0,always_nn,1441,0,0.9961859010862067,0.003814098913793
3,10,stroop:s10:r1,always_fuse,1441,0,0.5271337609278816,0.4728662390721185
3,10,stroop:s10:r1,always_nn,1441,0,0.7139882115160371,0.2860117884839628
3,10,stroop:s10:r2,always_fuse,1441,1,0.5256077974844072,0.4743922025155926
3,10,stroop:s10:r2,always_nn,1441,1,0.6968949198366509,0.3031050801633491
3,10,stroop:s10:r3,always_fuse,1441,1,0.381871332203593,0.6181286677964068
3,10,stroop:s10:r3,always_nn,1441,1,0.0910526737440919,0.908947326255908
3,10,stroop:s10:r0,always_fuse,1494,0,0.7089336689263814,0.2910663310736185
3,10,stroop:s10:r0,always_nn,1494,0,0.9959881876946706,0.0040118123053294
3,10,stroop:s10:r1,always_fuse,1494,0,0.5136092375272875,0.4863907624727125
3,10,stroop:s10:r1,always_nn,1494,0,0.6243395817677044,0.3756604182322955
3,10,stroop:s10:r2,always_fuse,1494,1,0.4826884582268154,0.5173115417731845
3,10,stroop:s10:r2,always_nn,1494,1,0.3936538834712302,0.6063461165287697
3,10,stroop:s10:r3,always_fuse,1494,1,0.3911447444602954,0.6088552555397045
3,10,stroop:s10:r3,always_nn,1494,1,0.1641032132964072,0.8358967867035927
3,10,stroop:s10:r0,always_fuse,1547,0,0.6712686966440313,0.3287313033559688
3,10,stroop:s10:r0,always_nn,1547,0,0.9805821258828248,0.0194178741171749
3,10,stroop:s10:r1,always_fuse,1547,0,0.5040124560831075,0.4959875439168924
3,10,stroop:s10:r1,always_nn,1547,0,0.616890051031545,0.383109948968455
3,10,stroop:s10:r2,always_fuse,1547,1,0.4992303224627344,0.5007696775372655
3,10,stroop:s10:r2,always_nn,1547,1,0.5978455439571458,0.4021544560428542
3,10,stroop:s10:r3,always_fuse,1547,1,0.33891316323034,0.66108683676966
3,10,stroop:s10:r3,always_nn,1547,1,0.0838430784367654,0.9161569215632344
3,11,stroop:s11:r0,always_fuse,1335,0,0.6376141321564609,0.3623858678435391
3,11,stroop:s11:r0,always_nn,1335,0,0.9693773351299249,0.0306226648700752
3,11,stroop:s11:r1,always_fuse,1335,0,0.3950585139505863,0.6049414860494137
3,11,stroop:s11:r1,always_nn,1335,0,0.3179655397971174,0.6820344602028825
3,11,stroop:s11:r2,always_fuse,1335,1,0.4156163277416091,0.5843836722583909
3,11,stroop:s11:r2,always_nn,1335,1,0.3539553162683177,0.6460446837316823
3,11,stroop:s11:r3,always_fuse,1335,1,0.3971598642768395,0.6028401357231604
3,11,stroop:s11:r3,always_nn,1335,1,0.2938621427187008,0.7061378572812991
3,11,stroop:s11:r0,always_fuse,1388,0,0.6499202462996011,0.3500797537003989
3,11,stroop:s11:r0,always_nn,1388,0,0.9806583539189966,0.0193416460810033
3,11,stroop:s11:r1,always_fuse,1388,0,0.3509906792473954,0.6490093207526044
3,11,stroop:s11:r1,always_nn,1388,0,0.1588863018792035,0.8411136981207965
3,11,stroop:s11:r2,always_fuse,1388,1,0.3757490421838251,0.6242509578161748
3,11,stroop:s11:r2,always_nn,1388,1,0.1694809323497746,0.8305190676502253
3,11,stroop:s11:r3,always_fuse,1388,1,0.3654740645062504,0.6345259354937495
3,11,stroop:s11:r3,always_nn,1388,1,0.1573863522275021,0.8426136477724979
3,11,stroop:s11:r0,always_fuse,1441,0,0.5863049531126141,0.4136950468873859
3,11,stroop:s11:r0,always_nn,1441,0,0.9208682566714362,0.0791317433285637
3,11,stroop:s11:r1,always_fuse,1441,0,0.4014906222907958,0.5985093777092042
3,11,stroop:s11:r1,always_nn,1441,0,0.3375963507412342,0.6624036492587657
3,11,stroop:s11:r2,always_fuse,1441,1,0.4108740442551012,0.5891259557448988
3,11,stroop:s11:r2,always_nn,1441,1,0.2368648725631893,0.7631351274368107
3,11,stroop:s11:r3,always_fuse,1441,1,0.4116834174304234,0.5883165825695765
3,11,stroop:s11:r3,always_nn,1441,1,0.3154098726092163,0.6845901273907836
3,11,stroop:s11:r0,always_fuse,1494,0,0.7163211647990959,0.283678835200904
3,11,stroop:s11:r0,always_nn,1494,0,0.9992419845121416,0.0007580154878583
3,11,stroop:s11:r1,always_fuse,1494,0,0.395234428669733,0.604765571330267
3,11,stroop:s11:r1,always_nn,1494,0,0.2872261106254955,0.7127738893745044
3,11,stroop:s11:r2,always_fuse,1494,1,0.3972106693924395,0.6027893306075606
3,11,stroop:s11:r2,always_nn,1494,1,0.1973653377026366,0.8026346622973632
3,11,stroop:s11:r3,always_fuse,1494,1,0.4092809264502824,0.5907190735497176
3,11,stroop:s11:r3,always_nn,1494,1,0.3233412200087981,0.6766587799912017
3,11,stroop:s11:r0,always_fuse,1547,0,0.6703115833671592,0.3296884166328407
3,11,stroop:s11:r0,always_nn,1547,0,0.9876720219812642,0.0123279780187358
3,11,stroop:s11:r1,always_fuse,1547,0,0.4271373370405192,0.5728626629594809
3,11,stroop:s11:r1,always_nn,1547,0,0.5567989382461008,0.4432010617538992
3,11,stroop:s11:r2,always_fuse,1547,1,0.4411645181742806,0.5588354818257194
3,11,stroop:s11:r2,always_nn,1547,1,0.5483854021968295,0.4516145978031706
3,11,stroop:s11:r3,always_fuse,1547,1,0.4340389329891909,0.5659610670108091
3,11,stroop:s11:r3,always_nn,1547,1,0.5408067397559742,0.4591932602440259
3,12,stroop:s12:r0,always_fuse,1335,0,0.5394047912268481,0.4605952087731518
3,12,stroop:s12:r0,always_nn,1335,0,0.8041315194496148,0.1958684805503852
3,12,stroop:s12:r1,always_fuse,1335,0,0.4424387627507195,0.5575612372492805
3,12,stroop:s12:r1,always_nn,1335,0,0.4012796184882911,0.5987203815117088
3,12,stroop:s12:r2,always_fuse,1335,1,0.4438193180161432,0.5561806819838567
3,12,stroop:s12:r2,always_nn,1335,1,0.4562361699247229,0.543763830075277
3,12,stroop:s12:r3,always_fuse,1335,1,0.4508847204917407,0.5491152795082592
3,12,stroop:s12:r3,always_nn,1335,1,0.4919241216883793,0.5080758783116207
3,12,stroop:s12:r0,always_fuse,1388,0,0.5480859498500501,0.4519140501499499
3,12,stroop:s12:r0,always_nn,1388,0,0.7908870400419428,0.2091129599580572
3,12,stroop:s12:r1,always_fuse,1388,0,0.4253647566674527,0.5746352433325472
3,12,stroop:s12:r1,always_nn,1388,0,0.2897417898790365,0.7102582101209635
3,12,stroop:s12:r2,always_fuse,1388,1,0.4031808884600975,0.5968191115399025
3,12,stroop:s12:r2,always_nn,1388,1,0.2541475582557386,0.7458524417442614
3,12,stroop:s12:r3,always_fuse,1388,1,0.4091797209251172,0.5908202790748828
3,12,stroop:s12:r3,always_nn,1388,1,0.2574323492696927,0.7425676507303073
3,12,stroop:s12:r0,always_fuse,1441,0,0.507979971402501,0.492020028597499
3,12,stroop:s12:r0,always_nn,1441,0,0.5368318627619179,0.4631681372380821
3,12,stroop:s12:r1,always_fuse,1441,0,0.4674532070103445,0.5325467929896555
3,12,stroop:s12:r1,always_nn,1441,0,0.4778733281935409,0.522126671806459
3,12,stroop:s12:r2,always_fuse,1441,1,0.43843346082003,0.5615665391799699
3,12,stroop:s12:r2,always_nn,1441,1,0.3498422987557903,0.6501577012442096
3,12,stroop:s12:r3,always_fuse,1441,1,0.4589453549306437,0.5410546450693563
3,12,stroop:s12:r3,always_nn,1441,1,0.4847645910641269,0.5152354089358729
3,12,stroop:s12:r0,always_fuse,1494,0,0.4757679307942009,0.524232069205799
3,12,stroop:s12:r0,always_nn,1494,0,0.4477082479922152,0.5522917520077848
3,12,stroop:s12:r1,always_fuse,1494,0,0.4462868688434394,0.5537131311565605
3,12,stroop:s12:r1,always_nn,1494,0,0.372108274172767,0.6278917258272331
3,12,stroop:s12:r2,always_fuse,1494,1,0.4126419394996675,0.5873580605003325
3,12,stroop:s12:r2,always_nn,1494,1,0.2432310421053886,0.7567689578946114
3,12,stroop:s12:r3,always_fuse,1494,1,0.4332967426032923,0.5667032573967078
3,12,stroop:s12:r3,always_nn,1494,1,0.3368876967604202,0.6631123032395798
3,12,stroop:s12:r0,always_fuse,1547,0,0.4306461600680545,0.5693538399319455
3,12,stroop:s12:r0,always_nn,1547,0,0.3347038259064741,0.6652961740935258
3,12,stroop:s12:r1,always_fuse,1547,0,0.4240840334374808,0.5759159665625191
3,12,stroop:s12:r1,always_nn,1547,0,0.3694472358146323,0.6305527641853677
3,12,stroop:s12:r2,always_fuse,1547,1,0.4278001559811558,0.5721998440188443
3,12,stroop:s12:r2,always_nn,1547,1,0.4340935666939928,0.5659064333060071
3,12,stroop:s12:r3,always_fuse,1547,1,0.4504730513627357,0.5495269486372643
3,12,stroop:s12:r3,always_nn,1547,1,0.5508884518688613,0.4491115481311387
3,13,stroop:s13:r0,always_fuse,1335,0,0.8671383578209051,0.1328616421790948
3,13,stroop:s13:r0,always_nn,1335,0,0.9999112283419732,8.877165802678704e-05
3,13,stroop:s13:r1,always_fuse,1335,0,0.4808694697817803,0.5191305302182198
3,13,stroop:s13:r1,always_nn,1335,0,0.4264014514565094,0.5735985485434905
3,13,stroop:s13:r2,always_fuse,1335,1,0.4970719630909059,0.502928036909094
3,13,stroop:s13:r2,always_nn,1335,1,0.4146558358961934,0.5853441641038065
3,13,stroop:s13:r3,always_fuse,1335,1,0.4686860446740681,0.531313955325932
3,13,stroop:s13:r3,always_nn,1335,1,0.3538409159307398,0.6461590840692603
3,13,stroop:s13:r0,always_fuse,1388,0,0.7308013139079786,0.2691986860920214
3,13,stroop:s13:r0,always_nn,1388,0,0.9883237464354694,0.0116762535645306
3,13,stroop:s13:r1,always_fuse,1388,0,0.4860053130332549,0.5139946869667451
3,13,stroop:s13:r1,always_nn,1388,0,0.3739071685982214,0.6260928314017786
3,13,stroop:s13:r2,always_fuse,1388,1,0.5334986524621377,0.4665013475378623
3,13,stroop:s13:r2,always_nn,1388,1,0.5556062211517238,0.4443937788482762
3,13,stroop:s13:r3,always_fuse,1388,1,0.5221725085867441,0.4778274914132558
3,13,stroop:s13:r3,always_nn,1388,1,0.6128067417236375,0.3871932582763625
3,13,stroop:s13:r0,always_fuse,1441,0,0.7405467590525663,0.2594532409474337
3,13,stroop:s13:r0,always_nn,1441,0,0.9977951544300078,0.0022048455699922
3,13,stroop:s13:r1,always_fuse,1441,0,0.4869273151009707,0.5130726848990291
3,13,stroop:s13:r1,always_nn,1441,0,0.3219428180237681,0.678057181976232
3,13,stroop:s13:r2,always_fuse,1441,1,0.525092377895539,0.4749076221044611
3,13,stroop:s13:r2,always_nn,1441,1,0.4509498179172243,0.5490501820827757
3,13,stroop:s13:r3,always_fuse,1441,1,0.4822939341474339,0.5177060658525662
3,13,stroop:s13:r3,always_nn,1441,1,0.2788745984488784,0.7211254015511216
3,13,stroop:s13:r0,always_fuse,1494,0,0.8576090287542399,0.14239097124576
3,13,stroop:s13:r0,always_nn,1494,0,0.9999864011547526,1.35988452473628e-05
3,13,stroop:s13:r1,always_fuse,1494,0,0.4651131356340434,0.5348868643659564
3,13,stroop:s13:r1,always_nn,1494,0,0.4777406420888209,0.5222593579111792
3,13,stroop:s13:r2,always_fuse,1494,1,0.4864133756144806,0.5135866243855194
3,13,stroop:s13:r2,always_nn,1494,1,0.3710224986854417,0.6289775013145583
3,13,stroop:s13:r3,always_fuse,1494,1,0.2574379466698783,0.7425620533301217
3,13,stroop:s13:r3,always_nn,1494,1,0.0008270447482285,0.9991729552517716
3,13,stroop:s13:r0,always_fuse,1547,0,0.8874003908662718,0.1125996091337282
3,13,stroop:s13:r0,always_nn,1547,0,0.9999964140515056,3.585948494373501e-06
3,13,stroop:s13:r1,always_fuse,1547,0,0.5240332894998158,0.4759667105001843
3,13,stroop:s13:r1,always_nn,1547,0,0.662289665017209,0.3377103349827909
3,13,stroop:s13:r2,always_fuse,1547,1,0.5541781210291822,0.4458218789708179
3,13,stroop:s13:r2,always_nn,1547,1,0.7129288989153927,0.2870711010846072
3,13,stroop:s13:r3,always_fuse,1547,1,0.4802711517431403,0.5197288482568597
3,13,stroop:s13:r3,always_nn,1547,1,0.3861858052546936,0.6138141947453064
3,14,stroop:s14:r0,always_fuse,1335,0,0.872757939394137,0.1272420606058629
3,14,stroop:s14:r0,always_nn,1335,0,0.9996468896490388,0.0003531103509611
3,14,stroop:s14:r1,always_fuse,1335,0,0.1322722217933224,0.8677277782066776
3,14,stroop:s14:r1,always_nn,1335,0,0.0413009014280457,0.9586990985719542
3,14,stroop:s14:r2,always_fuse,1335,1,0.1659676706190685,0.8340323293809315
3,14,stroop:s14:r2,always_nn,1335,1,0.0539561873660607,0.9460438126339392
3,14,stroop:s14:r3,always_fuse,1335,1,0.0666335184047891,0.9333664815952109
3,14,stroop:s14:r3,always_nn,1335,1,0.0397582295098114,0.9602417704901888
3,14,stroop:s14:r0,always_fuse,1388,0,0.8599299875987139,0.1400700124012862
3,14,stroop:s14:r0,always_nn,1388,0,0.999785546496046,0.0002144535039538
3,14,stroop:s14:r1,always_fuse,1388,0,0.1681820735102401,0.8318179264897598
3,14,stroop:s14:r1,always_nn,1388,0,0.1552183172522647,0.8447816827477352
3,14,stroop:s14:r2,always_fuse,1388,1,0.2002208484943241,0.7997791515056759
3,14,stroop:s14:r2,always_nn,1388,1,0.1429517230617308,0.8570482769382691
3,14,stroop:s14:r3,always_fuse,1388,1,0.0782103148536407,0.9217896851463592
3,14,stroop:s14:r3,always_nn,1388,1,0.1522908113123476,0.8477091886876523
3,14,stroop:s14:r0,always_fuse,1441,0,0.8706301411699063,0.1293698588300936
3,14,stroop:s14:r0,always_nn,1441,0,0.9998971002755184,0.0001028997244817
3,14,stroop:s14:r1,always_fuse,1441,0,0.1072749323380962,0.8927250676619037
3,14,stroop:s14:r1,always_nn,1441,0,0.0254308852195683,0.9745691147804316
3,14,stroop:s14:r2,always_fuse,1441,1,0.1465475831570542,0.8534524168429457
3,14,stroop:s14:r2,always_nn,1441,1,0.0312329150177336,0.9687670849822664
3,14,stroop:s14:r3,always_fuse,1441,1,0.0499275272135706,0.9500724727864294
3,14,stroop:s14:r3,always_nn,1441,1,0.0247196000785718,0.975280399921428
3,14,stroop:s14:r0,always_fuse,1494,0,0.8712545463314889,0.1287454536685111
3,14,stroop:s14:r0,always_nn,1494,0,0.9998755543518324,0.0001244456481676
3,14,stroop:s14:r1,always_fuse,1494,0,0.1451369486313562,0.8548630513686437
3,14,stroop:s14:r1,always_nn,1494,0,0.0257816769365901,0.9742183230634098
3,14,stroop:s14:r2,always_fuse,1494,1,0.1772302548953393,0.8227697451046607
3,14,stroop:s14:r2,always_nn,1494,1,0.02637288890731,0.97362711109269
3,14,stroop:s14:r3,always_fuse,1494,1,0.0818472441872861,0.9181527558127138
3,14,stroop:s14:r3,always_nn,1494,1,0.0243699598689152,0.9756300401310848
3,14,stroop:s14:r0,always_fuse,1547,0,0.8448737909444826,0.1551262090555174
3,14,stroop:s14:r0,always_nn,1547,0,0.9997864980331655,0.0002135019668344
3,14,stroop:s14:r1,always_fuse,1547,0,0.1645211256283782,0.8354788743716217
3,14,stroop:s14:r1,always_nn,1547,0,0.138810930999254,0.861189069000746
3,14,stroop:s14:r2,always_fuse,1547,1,0.1964138565149413,0.8035861434850586
3,14,stroop:s14:r2,always_nn,1547,1,0.1459115731363783,0.8540884268636216
3,14,stroop:s14:r3,always_fuse,1547,1,0.0907660392144039,0.9092339607855962
3,14,stroop:s14:r3,always_nn,1547,1,0.1370463183655537,0.8629536816344462
3,15,stroop:s15:r0,always_fuse,1335,0,0.7487050563694351,0.2512949436305649
3,15,stroop:s15:r0,always_nn,1335,0,0.9992932010000388,0.0007067989999612
3,15,stroop:s15:r1,always_fuse,1335,0,0.4071731336347176,0.5928268663652824
3,15,stroop:s15:r1,always_nn,1335,0,0.2573710993975245,0.7426289006024754
3,15,stroop:s15:r2,always_fuse,1335,1,0.4363325734344641,0.5636674265655359
3,15,stroop:s15:r2,always_nn,1335,1,0.3682366033672598,0.6317633966327403
3,15,stroop:s15:r3,always_fuse,1335,1,0.2525836062830259,0.7474163937169741
3,15,stroop:s15:r3,always_nn,1335,1,0.0607284028870536,0.9392715971129464
3,15,stroop:s15:r0,always_fuse,1388,0,0.7610057251617584,0.2389942748382416
3,15,stroop:s15:r0,always_nn,1388,0,0.9989886121131646,0.0010113878868354
3,15,stroop:s15:r1,always_fuse,1388,0,0.4417318837600245,0.5582681162399754
3,15,stroop:s15:r1,always_nn,1388,0,0.4272791930021384,0.5727208069978617
3,15,stroop:s15:r2,always_fuse,1388,1,0.4769211353279307,0.5230788646720693
3,15,stroop:s15:r2,always_nn,1388,1,0.5521541301011555,0.4478458698988444
3,15,stroop:s15:r3,always_fuse,1388,1,0.2414042756656139,0.7585957243343859
3,15,stroop:s15:r3,always_nn,1388,1,0.1041917991967812,0.8958082008032188
3,15,stroop:s15:r0,always_fuse,1441,0,0.7296178759981716,0.2703821240018284
3,15,stroop:s15:r0,always_nn,1441,0,0.99859833539903,0.0014016646009701
3,15,stroop:s15:r1,always_fuse,1441,0,0.4069911859396476,0.5930088140603523
3,15,stroop:s15:r1,always_nn,1441,0,0.1720204124699384,0.8279795875300616
3,15,stroop:s15:r2,always_fuse,1441,1,0.4318492949064985,0.5681507050935015
3,15,stroop:s15:r2,always_nn,1441,1,0.2615626489950692,0.7384373510049308
3,15,stroop:s15:r3,always_fuse,1441,1,0.277727290311204,0.722272709688796
3,15,stroop:s15:r3,always_nn,1441,1,0.1638031554834175,0.8361968445165824
3,15,stroop:s15:r0,always_fuse,1494,0,0.7381388145358362,0.2618611854641638
3,15,stroop:s15:r0,always_nn,1494,0,0.9998291956117392,0.0001708043882605
3,15,stroop:s15:r1,always_fuse,1494,0,0.4410420016267093,0.5589579983732906
3,15,stroop:s15:r1,always_nn,1494,0,0.3504070986908166,0.6495929013091832
3,15,stroop:s15:r2,always_fuse,1494,1,0.4680821924970723,0.5319178075029277
3,15,stroop:s15:r2,always_nn,1494,1,0.4912844309110616,0.5087155690889383
3,15,stroop:s15:r3,always_fuse,1494,1,0.3303091500536024,0.6696908499463976
3,15,stroop:s15:r3,always_nn,1494,1,0.2112172185976189,0.7887827814023811
3,15,stroop:s15:r0,always_fuse,1547,0,0.7692276639303802,0.2307723360696198
3,15,stroop:s15:r0,always_nn,1547,0,0.9992614357043824,0.0007385642956176
3,15,stroop:s15:r1,always_fuse,1547,0,0.4129750415781896,0.5870249584218104
3,15,stroop:s15:r1,always_nn,1547,0,0.3577779973473865,0.6422220026526135
3,15,stroop:s15:r2,always_fuse,1547,1,0.4335098425619413,0.5664901574380586
3,15,stroop:s15:r2,always_nn,1547,1,0.4170388137459655,0.5829611862540344
3,15,stroop:s15:r3,always_fuse,1547,1,0.2367219716078945,0.7632780283921056
3,15,stroop:s15:r3,always_nn,1547,1,0.0738055324639326,0.9261944675360674
4,1,stroop:s01:r0,always_fuse,1335,0,0.41659449986266,0.5834055001373399
4,1,stroop:s01:r0,always_nn,1335,0,0.156216177734755,0.8437838222652451
4,1,stroop:s01:r1,always_fuse,1335,0,0.4770636301150242,0.5229363698849758
4,1,stroop:s01:r1,always_nn,1335,0,0.4969729521190392,0.5030270478809609
4,1,stroop:s01:r2,always_fuse,1335,1,0.4981317784628074,0.5018682215371927
4,1,stroop:s01:r2,always_nn,1335,1,0.645786121830485,0.3542138781695149
4,1,stroop:s01:r3,always_fuse,1335,1,0.4923693924568952,0.5076306075431049
4,1,stroop:s01:r3,always_nn,1335,1,0.5571956360095432,0.4428043639904566
4,1,stroop:s01:r0,always_fuse,1388,0,0.5022080570400306,0.4977919429599693
4,1,stroop:s01:r0,always_nn,1388,0,0.7305231723247982,0.2694768276752017
4,1,stroop:s01:r1,always_fuse,1388,0,0.5447849149812671,0.4552150850187328
4,1,stroop:s01:r1,always_nn,1388,0,0.905135477522033,0.0948645224779669
4,1,stroop:s01:r2,always_fuse,1388,1,0.5666355315265937,0.4333644684734062
4,1,stroop:s01:r2,always_nn,1388,1,0.948759212446146,0.0512407875538541
4,1,stroop:s01:r3,always_fuse,1388,1,0.5332114728469632,0.4667885271530367
4,1,stroop:s01:r3,always_nn,1388,1,0.8416527601726057,0.1583472398273943
4,1,stroop:s01:r0,always_fuse,1441,0,0.4517234179533956,0.5482765820466043
4,1,stroop:s01:r0,always_nn,1441,0,0.3499743510494096,0.6500256489505903
4,1,stroop:s01:r1,always_fuse,1441,0,0.535892067892261,0.4641079321077391
4,1,stroop:s01:r1,always_nn,1441,0,0.857912775755415,0.1420872242445849
4,1,stroop:s01:r2,always_fuse,1441,1,0.540125115185315,0.4598748848146849
4,1,stroop:s01:r2,always_nn,1441,1,0.8778670594796095,0.1221329405203904
4,1,stroop:s01:r3,always_fuse,1441,1,0.5221478495812123,0.4778521504187877
4,1,stroop:s01:r3,always_nn,1441,1,0.7637860329661167,0.2362139670338834
4,1,stroop:s01:r0,always_fuse,1494,0,0.4814773374390051,0.5185226625609949
4,1,stroop:s01:r0,always_nn,1494,0,0.5708238902658083,0.4291761097341917
4,1,stroop:s01:r1,always_fuse,1494,0,0.5094336332228925,0.4905663667771074
4,1,stroop:s01:r1,always_nn,1494,0,0.7552164549117115,0.2447835450882884
4,1,stroop:s01:r2,always_fuse,1494,1,0.5084968180414561,0.4915031819585438
4,1,stroop:s01:r2,always_nn,1494,1,0.7508188057705901,0.2491811942294099
4,1,stroop:s01:r3,always_fuse,1494,1,0.5020505521482963,0.4979494478517037
4,1,stroop:s01:r3,always_nn,1494,1,0.6586635180587003,0.3413364819412998
4,1,stroop:s01:r0,always_fuse,1547,0,0.469002632997392,0.530997367002608
4,1,stroop:s01:r0,always_nn,1547,0,0.389582223117186,0.6104177768828138
4,1,stroop:s01:r1,always_fuse,1547,0,0.5286693996181834,0.4713306003818165
4,1,stroop:s01:r1,always_nn,1547,0,0.8027075830530829,0.1972924169469171
4,1,stroop:s01:r2,always_fuse,1547,1,0.5391901604428663,0.4608098395571338
4,1,stroop:s01:r2,always_nn,1547,1,0.8568162353384984,0.1431837646615016
4,1,stroop:s01:r3,always_fuse,1547,1,0.5283008290044374,0.4716991709955626
4,1,stroop:s01:r3,always_nn,1547,1,0.7573730617481861,0.2426269382518139
4,2,stroop:s02:r0,always_fuse,1335,0,0.6745954777465148,0.3254045222534851
4,2,stroop:s02:r0,always_nn,1335,0,0.9796536132492972,0.0203463867507026
4,2,stroop:s02:r1,always_fuse,1335,0,0.6182559219724436,0.3817440780275564
4,2,stroop:s02:r1,always_nn,1335,0,0.902614809043205,0.0973851909567949
4,2,stroop:s02:r2,always_fuse,1335,1,0.5693966100255541,0.4306033899744458
4,2,stroop:s02:r2,always_nn,1335,1,0.8176751066056281,0.1823248933943718
4,2,stroop:s02:r3,always_fuse,1335,1,0.5698495776301075,0.4301504223698926
4,2,stroop:s02:r3,always_nn,1335,1,0.7811457826755078,0.2188542173244921
4,2,stroop:s02:r0,always_fuse,1388,0,0.7115519918374434,0.2884480081625566
4,2,stroop:s02:r0,always_nn,1388,0,0.9966464206748992,0.0033535793251007
4,2,stroop:s02:r1,always_fuse,1388,0,0.6857146113336909,0.314285388666309
4,2,stroop:s02:r1,always_nn,1388,0,0.9932260947385724,0.0067739052614276
4,2,stroop:s02:r2,always_fuse,1388,1,0.6077653246084957,0.3922346753915043
4,2,stroop:s02:r2,always_nn,1388,1,0.9550071443037178,0.0449928556962821
4,2,stroop:s02:r3,always_fuse,1388,1,0.6210277824336903,0.3789722175663098
4,2,stroop:s02:r3,always_nn,1388,1,0.962554412713244,0.037445587286756
4,2,stroop:s02:r0,always_fuse,1441,0,0.6800364236471025,0.3199635763528975
4,2,stroop:s02:r0,always_nn,1441,0,0.9885555970087896,0.0114444029912103
4,2,stroop:s02:r1,always_fuse,1441,0,0.6755990994636172,0.3244009005363827
4,2,stroop:s02:r1,always_nn,1441,0,0.9890000628216952,0.010999937178305
4,2,stroop:s02:r2,always_fuse,1441,1,0.6135431661810693,0.3864568338189307
4,2,stroop:s02:r2,always_nn,1441,1,0.957803323196366,0.042196676803634
4,2,stroop:s02:r3,always_fuse,1441,1,0.6320960829736583,0.3679039170263417
4,2,stroop:s02:r3,always_nn,1441,1,0.9722960831209456,0.0277039168790543
4,2,stroop:s02:r0,always_fuse,1494,0,0.6517280301790713,0.3482719698209288
4,2,stroop:s02:r0,always_nn,1494,0,0.9513657125172802,0.0486342874827198
4,2,stroop:s02:r1,always_fuse,1494,0,0.6346219282047959,0.365378071795204
4,2,stroop:s02:r1,always_nn,1494,0,0.9427844727785584,0.0572155272214415
4,2,stroop:s02:r2,always_fuse,1494,1,0.5533250717090766,0.4466749282909234
4,2,stroop:s02:r2,always_nn,1494,1,0.7408474723575286,0.2591525276424714
4,2,stroop:s02:r3,always_fuse,1494,1,0.5807206896064063,0.4192793103935936
4,2,stroop:s02:r3,always_nn,1494,1,0.8378780787595457,0.1621219212404542
4,2,stroop:s02:r0,always_fuse,1547,0,0.6828644420306138,0.3171355579693862
4,2,stroop:s02:r0,always_nn,1547,0,0.9864748382706268,0.0135251617293731
4,2,stroop:s02:r1,always_fuse,1547,0,0.689774629988823,0.310225370011177
4,2,stroop:s02:r1,always_nn,1547,0,0.99173020652138,0.0082697934786199
4,2,stroop:s02:r2,always_fuse,1547,1,0.6163571417744126,0.3836428582255875
4,2,stroop:s02:r2,always_nn,1547,1,0.949746989527437,0.0502530104725631
4,2,stroop:s02:r3,always_fuse,1547,1,0.6564717541402655,0.3435282458597345
4,2,stroop:s02:r3,always_nn,1547,1,0.9842563141423658,0.0157436858576342
4,3,stroop:s03:r0,always_fuse,1335,0,0.7903390325022469,0.209660967497753
4,3,stroop:s03:r0,always_nn,1335,0,0.9999941140293396,5.885970660514838e-06
4,3,stroop:s03:r1,always_fuse,1335,0,0.4573485204001967,0.5426514795998032
4,3,stroop:s03:r1,always_nn,1335,0,0.3364387317254952,0.6635612682745048
4,3,stroop:s03:r2,always_fuse,1335,1,0.390856671551643,0.6091433284483571
4,3,stroop:s03:r2,always_nn,1335,1,0.0121257525157409,0.9878742474842592
4,3,stroop:s03:r3,always_fuse,1335,1,0.3498242470514067,0.6501757529485933
4,3,stroop:s03:r3,always_nn,1335,1,0.0079500636536932,0.9920499363463068
4,3,stroop:s03:r0,always_fuse,1388,0,0.7529193900137415,0.2470806099862585
4,3,stroop:s03:r0,always_nn,1388,0,0.9998651727890056,0.0001348272109943
4,3,stroop:s03:r1,always_fuse,1388,0,0.5514598288144432,0.4485401711855568
4,3,stroop:s03:r1,always_nn,1388,0,0.9544525294294188,0.0455474705705811
4,3,stroop:s03:r2,always_fuse,1388,1,0.4265221198549551,0.5734778801450449
4,3,stroop:s03:r2,always_nn,1388,1,0.0474647519725947,0.9525352480274052
4,3,stroop:s03:r3,always_fuse,1388,1,0.3505321544395873,0.6494678455604127
4,3,stroop:s03:r3,always_nn,1388,1,0.0097887340201533,0.9902112659798464
4,3,stroop:s03:r0,always_fuse,1441,0,0.8032394247681041,0.1967605752318959
4,3,stroop:s03:r0,always_nn,1441,0,0.9999987411241658,1.2588758342644294e-06
4,3,stroop:s03:r1,always_fuse,1441,0,0.5188036534034312,0.4811963465965689
4,3,stroop:s03:r1,always_nn,1441,0,0.8101195688951981,0.1898804311048018
4,3,stroop:s03:r2,always_fuse,1441,1,0.4919183578953792,0.5080816421046207
4,3,stroop:s03:r2,always_nn,1441,1,0.2826133946761896,0.7173866053238104
4,3,stroop:s03:r3,always_fuse,1441,1,0.3851813258093971,0.6148186741906028
4,3,stroop:s03:r3,always_nn,1441,1,0.0454879737588803,0.9545120262411196
4,3,stroop:s03:r0,always_fuse,1494,0,0.8795097269603843,0.1204902730396157
4,3,stroop:s03:r0,always_nn,1494,0,0.9999999981338752,1.8661249043674467e-09
4,3,stroop:s03:r1,always_fuse,1494,0,0.6028379661665115,0.3971620338334884
4,3,stroop:s03:r1,always_nn,1494,0,0.9826959970577503,0.0173040029422494
4,3,stroop:s03:r2,always_fuse,1494,1,0.4881164240322719,0.511883575967728
4,3,stroop:s03:r2,always_nn,1494,1,0.2808553280768553,0.7191446719231448
4,3,stroop:s03:r3,always_fuse,1494,1,0.2944763777754347,0.7055236222245652
4,3,stroop:s03:r3,always_nn,1494,1,0.0037771960541451,0.9962228039458548
4,3,stroop:s03:r0,always_fuse,1547,0,0.8065447994641187,0.1934552005358812
4,3,stroop:s03:r0,always_nn,1547,0,0.9999989360641416,1.0639358584202e-06
4,3,stroop:s03:r1,always_fuse,1547,0,0.5243018132182984,0.4756981867817016
4,3,stroop:s03:r1,always_nn,1547,0,0.8092574736363058,0.1907425263636942
4,3,stroop:s03:r2,always_fuse,1547,1,0.5096296784928716,0.4903703215071284
4,3,stroop:s03:r2,always_nn,1547,1,0.5279303864538711,0.4720696135461288
4,3,stroop:s03:r3,always_fuse,1547,1,0.3656433126707704,0.6343566873292295
4,3,stroop:s03:r3,always_nn,1547,1,0.0288990435118183,0.9711009564881816
4,5,stroop:s05:r0,always_fuse,1335,0,0.8132475131125602,0.1867524868874399
4,5,stroop:s05:r0,always_nn,1335,0,0.9999987703723416,1.2296276584700211e-06
4,5,stroop:s05:r1,always_fuse,1335,0,0.4394691947750521,0.560530805224948
4,5,stroop:s05:r1,always_nn,1335,0,0.3675265894099921,0.6324734105900078
4,5,stroop:s05:r2,always_fuse,1335,1,0.4038131776113693,0.5961868223886306
4,5,stroop:s05:r2,always_nn,1335,1,0.128762285357355,0.871237714642645
4,5,stroop:s05:r3,always_fuse,1335,1,0.3609778114112956,0.6390221885887044
4,5,stroop:s05:r3,always_nn,1335,1,0.0494441175796533,0.9505558824203466
4,5,stroop:s05:r0,always_fuse,1388,0,0.8291052196429981,0.1708947803570019
4,5,stroop:s05:r0,always_nn,1388,0,0.99999963449964,3.65500359981367e-07
4,5,stroop:s05:r1,always_fuse,1388,0,0.4505817237274652,0.5494182762725348
4,5,stroop:s05:r1,always_nn,1388,0,0.5024389612767659,0.497561038723234
4,5,stroop:s05:r2,always_fuse,1388,1,0.4319488178054711,0.5680511821945289
4,5,stroop:s05:r2,always_nn,1388,1,0.3040609909039578,0.6959390090960422
4,5,stroop:s05:r3,always_fuse,1388,1,0.4028574877304668,0.5971425122695333
4,5,stroop:s05:r3,always_nn,1388,1,0.1873025294909181,0.8126974705090818
4,5,stroop:s05:r0,always_fuse,1441,0,0.811936926741491,0.188063073258509
4,5,stroop:s05:r0,always_nn,1441,0,0.9999989176379932,1.0823620069245685e-06
4,5,stroop:s05:r1,always_fuse,1441,0,0.4287178311467678,0.5712821688532322
4,5,stroop:s05:r1,always_nn,1441,0,0.2999109075664535,0.7000890924335463
4,5,stroop:s05:r2,always_fuse,1441,1,0.4210772576666906,0.5789227423333094
4,5,stroop:s05:r2,always_nn,1441,1,0.1969528645671158,0.8030471354328842
4,5,stroop:s05:r3,always_fuse,1441,1,0.3695728448047373,0.6304271551952627
4,5,stroop:s05:r3,always_nn,1441,1,0.0590612639272565,0.9409387360727436
4,5,stroop:s05:r0,always_fuse,1494,0,0.8216975430202811,0.1783024569797189
4,5,stroop:s05:r0,always_nn,1494,0,0.9999981049477092,1.895052290743345e-06
4,5,stroop:s05:r1,always_fuse,1494,0,0.4431458526287599,0.5568541473712402
4,5,stroop:s05:r1,always_nn,1494,0,0.4350852503341576,0.5649147496658424
4,5,stroop:s05:r2,always_fuse,1494,1,0.4155777586710991,0.5844222413289009
4,5,stroop:s05:r2,always_nn,1494,1,0.1932756979947491,0.8067243020052508
4,5,stroop:s05:r3,always_fuse,1494,1,0.370446853441471,0.629553146558529
4,5,stroop:s05:r3,always_nn,1494,1,0.0758419022466208,0.9241580977533792
4,5,stroop:s05:r0,always_fuse,1547,0,0.8069534014952663,0.1930465985047337
4,5,stroop:s05:r0,always_nn,1547,0,0.9999993112610648,6.887389351277448e-07
4,5,stroop:s05:r1,always_fuse,1547,0,0.4461808031068138,0.5538191968931861
4,5,stroop:s05:r1,always_nn,1547,0,0.3611794796214344,0.6388205203785655
4,5,stroop:s05:r2,always_fuse,1547,1,0.4246391562660404,0.5753608437339596
4,5,stroop:s05:r2,always_nn,1547,1,0.1688396702757612,0.8311603297242387
4,5,stroop:s05:r3,always_fuse,1547,1,0.3995378403353695,0.6004621596646305
4,5,stroop:s05:r3,always_nn,1547,1,0.1165217700667188,0.8834782299332812
4,6,stroop:s06:r0,always_fuse,1335,0,0.4097781222258591,0.5902218777741408
4,6,stroop:s06:r0,always_nn,1335,0,0.4274399924416634,0.5725600075583366
4,6,stroop:s06:r1,always_fuse,1335,0,0.3373796318544504,0.6626203681455496
4,6,stroop:s06:r1,always_nn,1335,0,0.1451424100505891,0.8548575899494109
4,6,stroop:s06:r2,always_fuse,1335,1,0.4683594100142132,0.5316405899857868
4,6,stroop:s06:r2,always_nn,1335,1,0.8033295559482223,0.1966704440517776
4,6,stroop:s06:r3,always_fuse,1335,1,0.3682418646450347,0.6317581353549653
4,6,stroop:s06:r3,always_nn,1335,1,0.2757322174213814,0.7242677825786187
4,6,stroop:s06:r0,always_fuse,1388,0,0.4156908879937108,0.5843091120062892
4,6,stroop:s06:r0,always_nn,1388,0,0.5204807359833701,0.4795192640166298
4,6,stroop:s06:r1,always_fuse,1388,0,0.3430141679070083,0.6569858320929917
4,6,stroop:s06:r1,always_nn,1388,0,0.1408800116962648,0.859119988303735
4,6,stroop:s06:r2,always_fuse,1388,1,0.4473582334987446,0.5526417665012553
4,6,stroop:s06:r2,always_nn,1388,1,0.7147792068653146,0.2852207931346854
4,6,stroop:s06:r3,always_fuse,1388,1,0.3852960421979355,0.6147039578020644
4,6,stroop:s06:r3,always_nn,1388,1,0.3691311427860207,0.6308688572139792
4,6,stroop:s06:r0,always_fuse,1441,0,0.4028544837670095,0.5971455162329904
4,6,stroop:s06:r0,always_nn,1441,0,0.3557858155167681,0.6442141844832319
4,6,stroop:s06:r1,always_fuse,1441,0,0.3349506544804332,0.6650493455195667
4,6,stroop:s06:r1,always_nn,1441,0,0.1038550936026993,0.8961449063973007
4,6,stroop:s06:r2,always_fuse,1441,1,0.4446489199869739,0.5553510800130261
4,6,stroop:s06:r2,always_nn,1441,1,0.6456496516897813,0.3543503483102186
4,6,stroop:s06:r3,always_fuse,1441,1,0.3638456462683131,0.6361543537316869
4,6,stroop:s06:r3,always_nn,1441,1,0.2039161557033017,0.7960838442966983
4,6,stroop:s06:r0,always_fuse,1494,0,0.3936824370601757,0.6063175629398243
4,6,stroop:s06:r0,always_nn,1494,0,0.3866808262926007,0.6133191737073993
4,6,stroop:s06:r1,always_fuse,1494,0,0.3538615869689778,0.6461384130310223
4,6,stroop:s06:r1,always_nn,1494,0,0.2605780837314266,0.7394219162685733
4,6,stroop:s06:r2,always_fuse,1494,1,0.3213231654485706,0.6786768345514294
4,6,stroop:s06:r2,always_nn,1494,1,0.0451352601482162,0.954864739851784
4,6,stroop:s06:r3,always_fuse,1494,1,0.3789835515530056,0.6210164484469943
4,6,stroop:s06:r3,always_nn,1494,1,0.4015119687804821,0.5984880312195179
4,6,stroop:s06:r0,always_fuse,1547,0,0.4042766448335977,0.5957233551664022
4,6,stroop:s06:r0,always_nn,1547,0,0.3261828608846657,0.6738171391153343
4,6,stroop:s06:r1,always_fuse,1547,0,0.3489175371205675,0.6510824628794325
4,6,stroop:s06:r1,always_nn,1547,0,0.1255077498891667,0.8744922501108333
4,6,stroop:s06:r2,always_fuse,1547,1,0.4222375777540724,0.5777624222459277
4,6,stroop:s06:r2,always_nn,1547,1,0.4127092244037811,0.5872907755962189
4,6,stroop:s06:r3,always_fuse,1547,1,0.3758770218778094,0.6241229781221906
4,6,stroop:s06:r3,always_nn,1547,1,0.2576856159221642,0.7423143840778358
4,7,stroop:s07:r0,always_fuse,1335,0,0.8374874518542365,0.1625125481457634
4,7,stroop:s07:r0,always_nn,1335,0,0.999990746985916,9.253014084101596e-06
4,7,stroop:s07:r1,always_fuse,1335,0,0.4797534696921,0.5202465303078999
4,7,stroop:s07:r1,always_nn,1335,0,0.5061312555364055,0.4938687444635945
4,7,stroop:s07:r2,always_fuse,1335,1,0.464255075644103,0.5357449243558969
4,7,stroop:s07:r2,always_nn,1335,1,0.4813339824914642,0.5186660175085358
4,7,stroop:s07:r3,always_fuse,1335,1,0.4550070385439836,0.5449929614560164
4,7,stroop:s07:r3,always_nn,1335,1,0.3641067172894797,0.6358932827105203
4,7,stroop:s07:r0,always_fuse,1388,0,0.7946249643650123,0.2053750356349876
4,7,stroop:s07:r0,always_nn,1388,0,0.9999774898645734,2.2510135426653964e-05
4,7,stroop:s07:r1,always_fuse,1388,0,0.4672946847030821,0.5327053152969178
4,7,stroop:s07:r1,always_nn,1388,0,0.5138120745390008,0.4861879254609991
4,7,stroop:s07:r2,always_fuse,1388,1,0.4064075761175677,0.5935924238824324
4,7,stroop:s07:r2,always_nn,1388,1,0.157620792144051,0.8423792078559489
4,7,stroop:s07:r3,always_fuse,1388,1,0.4244125094771729,0.5755874905228272
4,7,stroop:s07:r3,always_nn,1388,1,0.2272192290257441,0.7727807709742559
4,7,stroop:s07:r0,always_fuse,1441,0,0.7999387351778502,0.2000612648221498
4,7,stroop:s07:r0,always_nn,1441,0,0.9999995612952112,4.387047889009243e-07
4,7,stroop:s07:r1,always_fuse,1441,0,0.4915587356430289,0.508441264356971
4,7,stroop:s07:r1,always_nn,1441,0,0.6500071064914884,0.3499928935085116
4,7,stroop:s07:r2,always_fuse,1441,1,0.4881841293272098,0.5118158706727901
4,7,stroop:s07:r2,always_nn,1441,1,0.7033489639076889,0.2966510360923112
4,7,stroop:s07:r3,always_fuse,1441,1,0.425023699711112,0.574976300288888
4,7,stroop:s07:r3,always_nn,1441,1,0.2136410530203836,0.7863589469796164
4,7,stroop:s07:r0,always_fuse,1494,0,0.721326339268506,0.278673660731494
4,7,stroop:s07:r0,always_nn,1494,0,0.9954932359714326,0.0045067640285674
4,7,stroop:s07:r1,always_fuse,1494,0,0.4967275076286493,0.5032724923713507
4,7,stroop:s07:r1,always_nn,1494,0,0.6727195005628331,0.3272804994371668
4,7,stroop:s07:r2,always_fuse,1494,1,0.4486440621133353,0.5513559378866647
4,7,stroop:s07:r2,always_nn,1494,1,0.4131686736733404,0.5868313263266596
4,7,stroop:s07:r3,always_fuse,1494,1,0.4625325444695136,0.5374674555304864
4,7,stroop:s07:r3,always_nn,1494,1,0.4865849567206319,0.5134150432793682
4,7,stroop:s07:r0,always_fuse,1547,0,0.806740209201066,0.1932597907989339
4,7,stroop:s07:r0,always_nn,1547,0,0.9999994416605538,5.583394463193124e-07
4,7,stroop:s07:r1,always_fuse,1547,0,0.4977494387834401,0.5022505612165599
4,7,stroop:s07:r1,always_nn,1547,0,0.6399956158797987,0.3600043841202012
4,7,stroop:s07:r2,always_fuse,1547,1,0.3999316585054639,0.6000683414945361
4,7,stroop:s07:r2,always_nn,1547,1,0.071355316535362,0.928644683464638
4,7,stroop:s07:r3,always_fuse,1547,1,0.4291185241372365,0.5708814758627635
4,7,stroop:s07:r3,always_nn,1547,1,0.154135699198226,0.8458643008017739
4,8,stroop:s08:r0,always_fuse,1335,0,0.7398389637396812,0.2601610362603188
4,8,stroop:s08:r0,always_nn,1335,0,0.9999873013342953,1.269866570483977e-05
4,8,stroop:s08:r1,always_fuse,1335,0,0.5967995278142973,0.4032004721857026
4,8,stroop:s08:r1,always_nn,1335,0,0.9738789801037706,0.0261210198962294
4,8,stroop:s08:r2,always_fuse,1335,1,0.4091779869057608,0.5908220130942391
4,8,stroop:s08:r2,always_nn,1335,1,0.1757459970066389,0.824254002993361
4,8,stroop:s08:r3,always_fuse,1335,1,0.309013211684452,0.690986788315548
4,8,stroop:s08:r3,always_nn,1335,1,0.008224057031014,0.991775942968986
4,8,stroop:s08:r0,always_fuse,1388,0,0.6845032927301117,0.3154967072698883
4,8,stroop:s08:r0,always_nn,1388,0,0.9995448211849204,0.0004551788150798
4,8,stroop:s08:r1,always_fuse,1388,0,0.5371791833117529,0.4628208166882471
4,8,stroop:s08:r1,always_nn,1388,0,0.9095604491043352,0.0904395508956649
4,8,stroop:s08:r2,always_fuse,1388,1,0.4083149742078406,0.5916850257921594
4,8,stroop:s08:r2,always_nn,1388,1,0.1827590525058582,0.8172409474941418
4,8,stroop:s08:r3,always_fuse,1388,1,0.3213009444223598,0.6786990555776401
4,8,stroop:s08:r3,always_nn,1388,1,0.0122310672332917,0.9877689327667084
4,8,stroop:s08:r0,always_fuse,1441,0,0.6922150644901245,0.3077849355098754
4,8,stroop:s08:r0,always_nn,1441,0,0.9997926334626148,0.0002073665373852
4,8,stroop:s08:r1,always_fuse,1441,0,0.5357012312961593,0.4642987687038407
4,8,stroop:s08:r1,always_nn,1441,0,0.8950055547713426,0.1049944452286574
4,8,stroop:s08:r2,always_fuse,1441,1,0.4449650486772304,0.5550349513227696
4,8,stroop:s08:r2,always_nn,1441,1,0.4299489768328987,0.5700510231671014
4,8,stroop:s08:r3,always_fuse,1441,1,0.3820634950072504,0.6179365049927495
4,8,stroop:s08:r3,always_nn,1441,1,0.0864231869384941,0.9135768130615058
4,8,stroop:s08:r0,always_fuse,1494,0,0.7478103708811358,0.2521896291188642
4,8,stroop:s08:r0,always_nn,1494,0,0.9999977134759996,2.286524000254513e-06
4,8,stroop:s08:r1,always_fuse,1494,0,0.5545448140797756,0.4454551859202244
4,8,stroop:s08:r1,always_nn,1494,0,0.9572272499436332,0.0427727500563668
4,8,stroop:s08:r2,always_fuse,1494,1,0.3493609940136142,0.6506390059863858
4,8,stroop:s08:r2,always_nn,1494,1,0.0565106114035935,0.9434893885964064
4,8,stroop:s08:r3,always_fuse,1494,1,0.2479951995537068,0.7520048004462933
4,8,stroop:s08:r3,always_nn,1494,1,0.0011101685587144,0.9988898314412856
4,8,stroop:s08:r0,always_fuse,1547,0,0.6871744265926512,0.3128255734073488
4,8,stroop:s08:r0,always_nn,1547,0,0.9995532357882106,0.0004467642117893
4,8,stroop:s08:r1,always_fuse,1547,0,0.5319964773140655,0.4680035226859344
4,8,stroop:s08:r1,always_nn,1547,0,0.8677205779552682,0.1322794220447317
4,8,stroop:s08:r2,always_fuse,1547,1,0.4145274958082138,0.5854725041917863
4,8,stroop:s08:r2,always_nn,1547,1,0.1183563316951126,0.8816436683048874
4,8,stroop:s08:r3,always_fuse,1547,1,0.3986221901346659,0.6013778098653342
4,8,stroop:s08:r3,always_nn,1547,1,0.1030162946919635,0.8969837053080365
4,9,stroop:s09:r0,always_fuse,1335,0,0.8422855840466608,0.1577144159533391
4,9,stroop:s09:r0,always_nn,1335,0,0.9999559541335428,4.404586645703904e-05
4,9,stroop:s09:r1,always_fuse,1335,0,0.5191931659439757,0.4808068340560244
4,9,stroop:s09:r1,always_nn,1335,0,0.4969472954041108,0.503052704595889
4,9,stroop:s09:r2,always_fuse,1335,1,0.4827974232363696,0.5172025767636304
4,9,stroop:s09:r2,always_nn,1335,1,0.34171393148731,0.6582860685126899
4,9,stroop:s09:r3,always_fuse,1335,1,0.5090103712320649,0.490989628767935
4,9,stroop:s09:r3,always_nn,1335,1,0.511575990244688,0.488424009755312
4,9,stroop:s09:r0,always_fuse,1388,0,0.8763081296238812,0.1236918703761187
4,9,stroop:s09:r0,always_nn,1388,0,0.9999999999810274,1.897258879802383e-11
4,9,stroop:s09:r1,always_fuse,1388,0,0.5313899840300851,0.468610015969915
4,9,stroop:s09:r1,always_nn,1388,0,0.8046602337952669,0.1953397662047331
4,9,stroop:s09:r2,always_fuse,1388,1,0.3277519118109748,0.672248088189025
4,9,stroop:s09:r2,always_nn,1388,1,0.0025268130145075,0.9974731869854924
4,9,stroop:s09:r3,always_fuse,1388,1,0.4184191349866748,0.5815808650133253
4,9,stroop:s09:r3,always_nn,1388,1,0.0604660538244082,0.9395339461755916
4,9,stroop:s09:r0,always_fuse,1441,0,0.7530899535039247,0.2469100464960752
4,9,stroop:s09:r0,always_nn,1441,0,0.9985101021106976,0.0014898978893025
4,9,stroop:s09:r1,always_fuse,1441,0,0.515482487370361,0.484517512629639
4,9,stroop:s09:r1,always_nn,1441,0,0.5711843865290048,0.4288156134709951
4,9,stroop:s09:r2,always_fuse,1441,1,0.4729519908068561,0.5270480091931438
4,9,stroop:s09:r2,always_nn,1441,1,0.3227535287231124,0.6772464712768874
4,9,stroop:s09:r3,always_fuse,1441,1,0.4931284380565225,0.5068715619434775
4,9,stroop:s09:r3,always_nn,1441,1,0.4398979168670887,0.5601020831329112
4,9,stroop:s09:r0,always_fuse,1494,0,0.7696485042221745,0.2303514957778255
4,9,stroop:s09:r0,always_nn,1494,0,0.9973999573034216,0.0026000426965784
4,9,stroop:s09:r1,always_fuse,1494,0,0.5147436139825012,0.4852563860174987
4,9,stroop:s09:r1,always_nn,1494,0,0.5092600273502861,0.4907399726497139
4,9,stroop:s09:r2,always_fuse,1494,1,0.4923289626122097,0.5076710373877902
4,9,stroop:s09:r2,always_nn,1494,1,0.4456878679208255,0.5543121320791745
4,9,stroop:s09:r3,always_fuse,1494,1,0.5233139702465973,0.4766860297534027
4,9,stroop:s09:r3,always_nn,1494,1,0.6409570048664772,0.3590429951335228
4,9,stroop:s09:r0,always_fuse,1547,0,0.8738580867312109,0.1261419132687891
4,9,stroop:s09:r0,always_nn,1547,0,0.9999999999715348,2.8465328226954376e-11
4,9,stroop:s09:r1,always_fuse,1547,0,0.5284916569427576,0.4715083430572424
4,9,stroop:s09:r1,always_nn,1547,0,0.9001035269201783,0.0998964730798217
4,9,stroop:s09:r2,always_fuse,1547,1,0.3182588930694402,0.6817411069305599
4,9,stroop:s09:r2,always_nn,1547,1,0.0008426950705009,0.9991573049294992
4,9,stroop:s09:r3,always_fuse,1547,1,0.3775621014490056,0.6224378985509943
4,9,stroop:s09:r3,always_nn,1547,1,0.0125929149933783,0.9874070850066216
4,10,stroop:s10:r0,always_fuse,1335,0,0.6091991147821216,0.3908008852178783
4,10,stroop:s10:r0,always_nn,1335,0,0.9581472067463276,0.0418527932536725
4,10,stroop:s10:r1,always_fuse,1335,0,0.4766139397962328,0.5233860602037672
4,10,stroop:s10:r1,always_nn,1335,0,0.5780434265798635,0.4219565734201365
4,10,stroop:s10:r2,always_fuse,1335,1,0.4784918395163084,0.5215081604836916
4,10,stroop:s10:r2,always_nn,1335,1,0.5885191900228707,0.4114808099771292
4,10,stroop:s10:r3,always_fuse,1335,1,0.3794914294259287,0.6205085705740714
4,10,stroop:s10:r3,always_nn,1335,1,0.1164244642612236,0.8835755357387763
4,10,stroop:s10:r0,always_fuse,1388,0,0.6968957083682468,0.3031042916317532
4,10,stroop:s10:r0,always_nn,1388,0,0.9993169009881974,0.0006830990118025
4,10,stroop:s10:r1,always_fuse,1388,0,0.4737802124040192,0.5262197875959808
4,10,stroop:s10:r1,always_nn,1388,0,0.6677322732116542,0.3322677267883459
4,10,stroop:s10:r2,always_fuse,1388,1,0.4601442318537461,0.5398557681462539
4,10,stroop:s10:r2,always_nn,1388,1,0.5781224668084675,0.4218775331915325
4,10,stroop:s10:r3,always_fuse,1388,1,0.3996807171815651,0.6003192828184348
4,10,stroop:s10:r3,always_nn,1388,1,0.1974145279382236,0.8025854720617763
4,10,stroop:s10:r0,always_fuse,1441,0,0.6477408544173695,0.3522591455826305
4,10,stroop:s10:r0,always_nn,1441,0,0.9957295908667568,0.0042704091332432
4,10,stroop:s10:r1,always_fuse,1441,0,0.4855958088926717,0.5144041911073284
4,10,stroop:s10:r1,always_nn,1441,0,0.7158125939396254,0.2841874060603745
4,10,stroop:s10:r2,always_fuse,1441,1,0.4553473973421472,0.5446526026578529
4,10,stroop:s10:r2,always_nn,1441,1,0.4956082147978692,0.5043917852021307
4,10,stroop:s10:r3,always_fuse,1441,1,0.3567934716688267,0.6432065283311732
4,10,stroop:s10:r3,always_nn,1441,1,0.0524543197192166,0.9475456802807832
4,10,stroop:s10:r0,always_fuse,1494,0,0.6410174464563179,0.3589825535436821
4,10,stroop:s10:r0,always_nn,1494,0,0.987787120349394,0.012212879650606
4,10,stroop:s10:r1,always_fuse,1494,0,0.450252018946107,0.5497479810538929
4,10,stroop:s10:r1,always_nn,1494,0,0.4399667376702554,0.5600332623297446
4,10,stroop:s10:r2,always_fuse,1494,1,0.4572810053087218,0.5427189946912782
4,10,stroop:s10:r2,always_nn,1494,1,0.5005120617733625,0.4994879382266375
4,10,stroop:s10:r3,always_fuse,1494,1,0.3675400224091678,0.6324599775908322
4,10,stroop:s10:r3,always_nn,1494,1,0.1119524510351863,0.8880475489648137
4,10,stroop:s10:r0,always_fuse,1547,0,0.6791765232359567,0.3208234767640433
4,10,stroop:s10:r0,always_nn,1547,0,0.9980529692626948,0.0019470307373053
4,10,stroop:s10:r1,always_fuse,1547,0,0.5068961682596503,0.4931038317403496
4,10,stroop:s10:r1,always_nn,1547,0,0.7689018084998709,0.2310981915001291
4,10,stroop:s10:r2,always_fuse,1547,1,0.4879181758936298,0.5120818241063703
4,10,stroop:s10:r2,always_nn,1547,1,0.640508991848072,0.3594910081519281
4,10,stroop:s10:r3,always_fuse,1547,1,0.332507082325512,0.6674929176744879
4,10,stroop:s10:r3,always_nn,1547,1,0.0122799375100994,0.9877200624899004
4,11,stroop:s11:r0,always_fuse,1335,0,0.7119329415097114,0.2880670584902885
4,11,stroop:s11:r0,always_nn,1335,0,0.9996406569770012,0.0003593430229988
4,11,stroop:s11:r1,always_fuse,1335,0,0.456101159821914,0.5438988401780859
4,11,stroop:s11:r1,always_nn,1335,0,0.4218954613164324,0.5781045386835676
4,11,stroop:s11:r2,always_fuse,1335,1,0.4534425414143297,0.5465574585856703
4,11,stroop:s11:r2,always_nn,1335,1,0.3457584714081151,0.6542415285918848
4,11,stroop:s11:r3,always_fuse,1335,1,0.470437365127575,0.5295626348724249
4,11,stroop:s11:r3,always_nn,1335,1,0.4522457092039871,0.5477542907960129
4,11,stroop:s11:r0,always_fuse,1388,0,0.6739784763651924,0.3260215236348076
4,11,stroop:s11:r0,always_nn,1388,0,0.9996109943216503,0.0003890056783494
4,11,stroop:s11:r1,always_fuse,1388,0,0.4613131450708802,0.5386868549291197
4,11,stroop:s11:r1,always_nn,1388,0,0.5139738469354023,0.4860261530645978
4,11,stroop:s11:r2,always_fuse,1388,1,0.4426152337300504,0.5573847662699496
4,11,stroop:s11:r2,always_nn,1388,1,0.3207540729407507,0.6792459270592494
4,11,stroop:s11:r3,always_fuse,1388,1,0.4460227642388056,0.5539772357611943
4,11,stroop:s11:r3,always_nn,1388,1,0.3137566653310096,0.6862433346689903
4,11,stroop:s11:r0,always_fuse,1441,0,0.7042929865513167,0.2957070134486833
4,11,stroop:s11:r0,always_nn,1441,0,0.9998778222613998,0.0001221777386002
4,11,stroop:s11:r1,always_fuse,1441,0,0.4668180502364926,0.5331819497635074
4,11,stroop:s11:r1,always_nn,1441,0,0.5342278024777659,0.4657721975222341
4,11,stroop:s11:r2,always_fuse,1441,1,0.4289761714529726,0.5710238285470274
4,11,stroop:s11:r2,always_nn,1441,1,0.2210300207002189,0.7789699792997811
4,11,stroop:s11:r3,always_fuse,1441,1,0.46622541462452,0.53377458537548
4,11,stroop:s11:r3,always_nn,1441,1,0.4569000273315267,0.5430999726684732
4,11,stroop:s11:r0,always_fuse,1494,0,0.6353813102302414,0.3646186897697586
4,11,stroop:s11:r0,always_nn,1494,0,0.9809247214359208,0.0190752785640791
4,11,stroop:s11:r1,always_fuse,1494,0,0.4736835051811255,0.5263164948188744
4,11,stroop:s11:r1,always_nn,1494,0,0.6246790075241685,0.3753209924758314
4,11,stroop:s11:r2,always_fuse,1494,1,0.4600345915823295,0.5399654084176704
4,11,stroop:s11:r2,always_nn,1494,1,0.4733726439222497,0.5266273560777502
4,11,stroop:s11:r3,always_fuse,1494,1,0.4777507190925396,0.5222492809074605
4,11,stroop:s11:r3,always_nn,1494,1,0.5694303534689593,0.4305696465310406
4,11,stroop:s11:r0,always_fuse,1547,0,0.5815904486043967,0.4184095513956033
4,11,stroop:s11:r0,always_nn,1547,0,0.9102320756333816,0.0897679243666182
4,11,stroop:s11:r1,always_fuse,1547,0,0.4237800408888045,0.5762199591111955
4,11,stroop:s11:r1,always_nn,1547,0,0.1770497743340739,0.822950225665926
4,11,stroop:s11:r2,always_fuse,1547,1,0.4305600594368061,0.569439940563194
4,11,stroop:s11:r2,always_nn,1547,1,0.1819902867898355,0.8180097132101645
4,11,stroop:s11:r3,always_fuse,1547,1,0.435214888442173,0.5647851115578271
4,11,stroop:s11:r3,always_nn,1547,1,0.1883872976342862,0.8116127023657137
4,12,stroop:s12:r0,always_fuse,1335,0,0.5234208595318187,0.4765791404681812
4,12,stroop:s12:r0,always_nn,1335,0,0.7234965398826172,0.2765034601173828
4,12,stroop:s12:r1,always_fuse,1335,0,0.440124705392051,0.5598752946079489
4,12,stroop:s12:r1,always_nn,1335,0,0.3349845803791056,0.6650154196208944
4,12,stroop:s12:r2,always_fuse,1335,1,0.4419617742639394,0.5580382257360605
4,12,stroop:s12:r2,always_nn,1335,1,0.3974547815843988,0.6025452184156012
4,12,stroop:s12:r3,always_fuse,1335,1,0.4554409331662908,0.5445590668337092
4,12,stroop:s12:r3,always_nn,1335,1,0.4469095859578705,0.5530904140421293
4,12,stroop:s12:r0,always_fuse,1388,0,0.4842907943480046,0.5157092056519953
4,12,stroop:s12:r0,always_nn,1388,0,0.5219753530719496,0.4780246469280503
4,12,stroop:s12:r1,always_fuse,1388,0,0.4381268026722559,0.5618731973277441
4,12,stroop:s12:r1,always_nn,1388,0,0.407062111409412,0.592937888590588
4,12,stroop:s12:r2,always_fuse,1388,1,0.4277481948350837,0.5722518051649162
4,12,stroop:s12:r2,always_nn,1388,1,0.3556386202605211,0.6443613797394789
4,12,stroop:s12:r3,always_fuse,1388,1,0.4357503889899073,0.5642496110100927
4,12,stroop:s12:r3,always_nn,1388,1,0.3870370314758797,0.6129629685241202
4,12,stroop:s12:r0,always_fuse,1441,0,0.4825060116578173,0.5174939883421827
4,12,stroop:s12:r0,always_nn,1441,0,0.4897294899032915,0.5102705100967085
4,12,stroop:s12:r1,always_fuse,1441,0,0.4093882844569578,0.5906117155430421
4,12,stroop:s12:r1,always_nn,1441,0,0.1949476968658038,0.8050523031341962
4,12,stroop:s12:r2,always_fuse,1441,1,0.3846704751457194,0.6153295248542805
4,12,stroop:s12:r2,always_nn,1441,1,0.1092939085503503,0.8907060914496496
4,12,stroop:s12:r3,always_fuse,1441,1,0.397141900952997,0.6028580990470029
4,12,stroop:s12:r3,always_nn,1441,1,0.1412893341787369,0.8587106658212631
4,12,stroop:s12:r0,always_fuse,1494,0,0.4950370737529559,0.504962926247044
4,12,stroop:s12:r0,always_nn,1494,0,0.52660797389334,0.47339202610666
4,12,stroop:s12:r1,always_fuse,1494,0,0.428249050500317,0.571750949499683
4,12,stroop:s12:r1,always_nn,1494,0,0.3165919440676774,0.6834080559323227
4,12,stroop:s12:r2,always_fuse,1494,1,0.4113993153962377,0.5886006846037622
4,12,stroop:s12:r2,always_nn,1494,1,0.2562910848856909,0.7437089151143091
4,12,stroop:s12:r3,always_fuse,1494,1,0.4250615719252633,0.5749384280747367
4,12,stroop:s12:r3,always_nn,1494,1,0.3006161727838741,0.6993838272161258
4,12,stroop:s12:r0,always_fuse,1547,0,0.5097560948562315,0.4902439051437685
4,12,stroop:s12:r0,always_nn,1547,0,0.5975754701995881,0.4024245298004118
4,12,stroop:s12:r1,always_fuse,1547,0,0.4303175566330182,0.5696824433669817
4,12,stroop:s12:r1,always_nn,1547,0,0.2431129054455659,0.756887094554434
4,12,stroop:s12:r2,always_fuse,1547,1,0.4075080588148679,0.592491941185132
4,12,stroop:s12:r2,always_nn,1547,1,0.1515491589480699,0.8484508410519301
4,12,stroop:s12:r3,always_fuse,1547,1,0.4168596550201109,0.5831403449798891
4,12,stroop:s12:r3,always_nn,1547,1,0.1800015171123855,0.8199984828876145
4,13,stroop:s13:r0,always_fuse,1335,0,0.8267588434155944,0.1732411565844057
4,13,stroop:s13:r0,always_nn,1335,0,0.9999879219158808,1.20780841194023e-05
4,13,stroop:s13:r1,always_fuse,1335,0,0.4578233526792879,0.5421766473207121
4,13,stroop:s13:r1,always_nn,1335,0,0.2310531986943972,0.7689468013056028
4,13,stroop:s13:r2,always_fuse,1335,1,0.4879005526867072,0.5120994473132927
4,13,stroop:s13:r2,always_nn,1335,1,0.3141522847380526,0.6858477152619474
4,13,stroop:s13:r3,always_fuse,1335,1,0.4565103841694111,0.5434896158305889
4,13,stroop:s13:r3,always_nn,1335,1,0.1963462820244062,0.8036537179755938
4,13,stroop:s13:r0,always_fuse,1388,0,0.7070736872553317,0.2929263127446683
4,13,stroop:s13:r0,always_nn,1388,0,0.9984771187665512,0.0015228812334487
4,13,stroop:s13:r1,always_fuse,1388,0,0.4535862027624949,0.546413797237505
4,13,stroop:s13:r1,always_nn,1388,0,0.2920514920988898,0.7079485079011102
4,13,stroop:s13:r2,always_fuse,1388,1,0.4823063358764417,0.5176936641235583
4,13,stroop:s13:r2,always_nn,1388,1,0.3846055979294787,0.6153944020705213
4,13,stroop:s13:r3,always_fuse,1388,1,0.4886342944128094,0.5113657055871905
4,13,stroop:s13:r3,always_nn,1388,1,0.5591643489851194,0.4408356510148806
4,13,stroop:s13:r0,always_fuse,1441,0,0.758983496957927,0.2410165030420729
4,13,stroop:s13:r0,always_nn,1441,0,0.999725160317478,0.0002748396825221
4,13,stroop:s13:r1,always_fuse,1441,0,0.4659750223657024,0.5340249776342976
4,13,stroop:s13:r1,always_nn,1441,0,0.3186734590700695,0.6813265409299305
4,13,stroop:s13:r2,always_fuse,1441,1,0.5045044147244191,0.495495585275581
4,13,stroop:s13:r2,always_nn,1441,1,0.4720579362476676,0.5279420637523323
4,13,stroop:s13:r3,always_fuse,1441,1,0.4888997492984812,0.5111002507015188
4,13,stroop:s13:r3,always_nn,1441,1,0.4598940871609024,0.5401059128390977
4,13,stroop:s13:r0,always_fuse,1494,0,0.8002104698778236,0.1997895301221763
4,13,stroop:s13:r0,always_nn,1494,0,0.9998912953142984,0.0001087046857015
4,13,stroop:s13:r1,always_fuse,1494,0,0.5082986686712465,0.4917013313287535
4,13,stroop:s13:r1,always_nn,1494,0,0.6227430823379813,0.3772569176620186
4,13,stroop:s13:r2,always_fuse,1494,1,0.5416294430899822,0.4583705569100177
4,13,stroop:s13:r2,always_nn,1494,1,0.7006542810895311,0.2993457189104688
4,13,stroop:s13:r3,always_fuse,1494,1,0.492017556316908,0.507982443683092
4,13,stroop:s13:r3,always_nn,1494,1,0.4718302610045625,0.5281697389954375
4,13,stroop:s13:r0,always_fuse,1547,0,0.7906830024115934,0.2093169975884066
4,13,stroop:s13:r0,always_nn,1547,0,0.9999645737340376,3.542626596224298e-05
4,13,stroop:s13:r1,always_fuse,1547,0,0.4985448068489659,0.501455193151034
4,13,stroop:s13:r1,always_nn,1547,0,0.5276249524686999,0.4723750475313001
4,13,stroop:s13:r2,always_fuse,1547,1,0.5138432939947795,0.4861567060052206
4,13,stroop:s13:r2,always_nn,1547,1,0.4596074784406934,0.5403925215593065
4,13,stroop:s13:r3,always_fuse,1547,1,0.4483548090153612,0.5516451909846388
4,13,stroop:s13:r3,always_nn,1547,1,0.1240667645124469,0.8759332354875531
4,14,stroop:s14:r0,always_fuse,1335,0,0.8507424393703525,0.1492575606296474
4,14,stroop:s14:r0,always_nn,1335,0,0.9999010224284012,9.897757159877336e-05
4,14,stroop:s14:r1,always_fuse,1335,0,0.1505720123708432,0.8494279876291567
4,14,stroop:s14:r1,always_nn,1335,0,0.0419829095273672,0.9580170904726328
4,14,stroop:s14:r2,always_fuse,1335,1,0.1843355457768299,0.81566445422317
4,14,stroop:s14:r2,always_nn,1335,1,0.0512029211741375,0.9487970788258624
4,14,stroop:s14:r3,always_fuse,1335,1,0.0871177793364827,0.9128822206635172
4,14,stroop:s14:r3,always_nn,1335,1,0.0419976053329595,0.9580023946670404
4,14,stroop:s14:r0,always_fuse,1388,0,0.8170985150363874,0.1829014849636127
4,14,stroop:s14:r0,always_nn,1388,0,0.9997673463475644,0.0002326536524357
4,14,stroop:s14:r1,always_fuse,1388,0,0.1740101709256594,0.8259898290743405
4,14,stroop:s14:r1,always_nn,1388,0,0.0369048108326723,0.9630951891673276
4,14,stroop:s14:r2,always_fuse,1388,1,0.2099494150659824,0.7900505849340175
4,14,stroop:s14:r2,always_nn,1388,1,0.0430447694287782,0.9569552305712216
4,14,stroop:s14:r3,always_fuse,1388,1,0.1126040852013935,0.8873959147986065
4,14,stroop:s14:r3,always_nn,1388,1,0.0363638171812416,0.9636361828187584
4,14,stroop:s14:r0,always_fuse,1441,0,0.8771231871057338,0.1228768128942661
4,14,stroop:s14:r0,always_nn,1441,0,0.9999966110563704,3.3889436294426963e-06
4,14,stroop:s14:r1,always_fuse,1441,0,0.1527766826778903,0.8472233173221098
4,14,stroop:s14:r1,always_nn,1441,0,0.026454873735538,0.973545126264462
4,14,stroop:s14:r2,always_fuse,1441,1,0.1832138784099435,0.8167861215900565
4,14,stroop:s14:r2,always_nn,1441,1,0.0224217146344671,0.9775782853655328
4,14,stroop:s14:r3,always_fuse,1441,1,0.0914310884688398,0.9085689115311602
4,14,stroop:s14:r3,always_nn,1441,1,0.0244925798427641,0.975507420157236
4,14,stroop:s14:r0,always_fuse,1494,0,0.8701360308194795,0.1298639691805204
4,14,stroop:s14:r0,always_nn,1494,0,0.9999710982528058,2.890174719412731e-05
4,14,stroop:s14:r1,always_fuse,1494,0,0.1824566438186516,0.8175433561813483
4,14,stroop:s14:r1,always_nn,1494,0,0.2061375640105012,0.7938624359894988
4,14,stroop:s14:r2,always_fuse,1494,1,0.2193542362291911,0.780645763770809
4,14,stroop:s14:r2,always_nn,1494,1,0.1958316346082237,0.8041683653917763
4,14,stroop:s14:r3,always_fuse,1494,1,0.1026210108099935,0.8973789891900066
4,14,stroop:s14:r3,always_nn,1494,1,0.212989048218108,0.7870109517818918
4,14,stroop:s14:r0,always_fuse,1547,0,0.8188446611151418,0.1811553388848582
4,14,stroop:s14:r0,always_nn,1547,0,0.999721383421119,0.0002786165788808
4,14,stroop:s14:r1,always_fuse,1547,0,0.1702639646147963,0.8297360353852037
4,14,stroop:s14:r1,always_nn,1547,0,0.0306332675910699,0.96936673240893
4,14,stroop:s14:r2,always_fuse,1547,1,0.200208978122987,0.7997910218770129
4,14,stroop:s14:r2,always_nn,1547,1,0.0273096734302935,0.9726903265697064
4,14,stroop:s14:r3,always_fuse,1547,1,0.1002226865539614,0.8997773134460386
4,14,stroop:s14:r3,always_nn,1547,1,0.0307385951651704,0.9692614048348296
4,15,stroop:s15:r0,always_fuse,1335,0,0.7445816919704729,0.255418308029527
4,15,stroop:s15:r0,always_nn,1335,0,0.99879492755917,0.0012050724408301
4,15,stroop:s15:r1,always_fuse,1335,0,0.5007638874214899,0.4992361125785101
4,15,stroop:s15:r1,always_nn,1335,0,0.7065674982791014,0.2934325017208987
4,15,stroop:s15:r2,always_fuse,1335,1,0.5202064244585851,0.4797935755414148
4,15,stroop:s15:r2,always_nn,1335,1,0.7959104954736717,0.2040895045263284
4,15,stroop:s15:r3,always_fuse,1335,1,0.3442635742413437,0.6557364257586562
4,15,stroop:s15:r3,always_nn,1335,1,0.2832485519053563,0.7167514480946438
4,15,stroop:s15:r0,always_fuse,1388,0,0.7739004601752792,0.2260995398247207
4,15,stroop:s15:r0,always_nn,1388,0,0.9998055275149832,0.0001944724850167
4,15,stroop:s15:r1,always_fuse,1388,0,0.4459472372121688,0.5540527627878312
4,15,stroop:s15:r1,always_nn,1388,0,0.420823763399788,0.579176236600212
4,15,stroop:s15:r2,always_fuse,1388,1,0.4683533767865367,0.5316466232134631
4,15,stroop:s15:r2,always_nn,1388,1,0.5811079164738221,0.4188920835261779
4,15,stroop:s15:r3,always_fuse,1388,1,0.3175538740370609,0.6824461259629392
4,15,stroop:s15:r3,always_nn,1388,1,0.1149695211443645,0.8850304788556355
4,15,stroop:s15:r0,always_fuse,1441,0,0.7514711897691065,0.2485288102308935
4,15,stroop:s15:r0,always_nn,1441,0,0.9995749799454696,0.0004250200545305
4,15,stroop:s15:r1,always_fuse,1441,0,0.4386639751128801,0.56133602488712
4,15,stroop:s15:r1,always_nn,1441,0,0.3028367373781047,0.6971632626218952
4,15,stroop:s15:r2,always_fuse,1441,1,0.4646790365119377,0.5353209634880621
4,15,stroop:s15:r2,always_nn,1441,1,0.4755438903130761,0.5244561096869239
4,15,stroop:s15:r3,always_fuse,1441,1,0.3085749202658058,0.6914250797341941
4,15,stroop:s15:r3,always_nn,1441,1,0.0690324975059116,0.9309675024940884
4,15,stroop:s15:r0,always_fuse,1494,0,0.7829040550731637,0.2170959449268361
4,15,stroop:s15:r0,always_nn,1494,0,0.999650355236232,0.0003496447637678
4,15,stroop:s15:r1,always_fuse,1494,0,0.4489441701549544,0.5510558298450456
4,15,stroop:s15:r1,always_nn,1494,0,0.3828515312794682,0.6171484687205318
4,15,stroop:s15:r2,always_fuse,1494,1,0.4669618622922653,0.5330381377077347
4,15,stroop:s15:r2,always_nn,1494,1,0.4946697368831669,0.5053302631168332
4,15,stroop:s15:r3,always_fuse,1494,1,0.3050364897978874,0.6949635102021126
4,15,stroop:s15:r3,always_nn,1494,1,0.2054157835785237,0.7945842164214763
4,15,stroop:s15:r0,always_fuse,1547,0,0.7662018191488917,0.2337981808511082
4,15,stroop:s15:r0,always_nn,1547,0,0.99979208199172,0.0002079180082799
4,15,stroop:s15:r1,always_fuse,1547,0,0.4521367790386911,0.5478632209613089
4,15,stroop:s15:r1,always_nn,1547,0,0.3415312884203912,0.6584687115796088
4,15,stroop:s15:r2,always_fuse,1547,1,0.4777601598927296,0.5222398401072704
4,15,stroop:s15:r2,always_nn,1547,1,0.5001839010432366,0.4998160989567632
4,15,stroop:s15:r3,always_fuse,1547,1,0.3389613039087419,0.6610386960912581
4,15,stroop:s15:r3,always_nn,1547,1,0.166859420815193,0.833140579184807
5,1,stroop:s01:r0,always_fuse,1335,0,0.482793528818266,0.5172064711817339
5,1,stroop:s01:r0,always_nn,1335,0,0.5730168278897843,0.4269831721102157
5,1,stroop:s01:r1,always_fuse,1335,0,0.4863890631409328,0.5136109368590673
5,1,stroop:s01:r1,always_nn,1335,0,0.4816516793170888,0.5183483206829113
5,1,stroop:s01:r2,always_fuse,1335,1,0.5253034321211918,0.4746965678788081
5,1,stroop:s01:r2,always_nn,1335,1,0.72130635366168,0.27869364633832
5,1,stroop:s01:r3,always_fuse,1335,1,0.5232954156177221,0.4767045843822778
5,1,stroop:s01:r3,always_nn,1335,1,0.5081592320683246,0.4918407679316753
5,1,stroop:s01:r0,always_fuse,1388,0,0.448091837972059,0.5519081620279409
5,1,stroop:s01:r0,always_nn,1388,0,0.2904740465446985,0.7095259534553013
5,1,stroop:s01:r1,always_fuse,1388,0,0.5166653139921303,0.4833346860078696
5,1,stroop:s01:r1,always_nn,1388,0,0.7398542570964491,0.2601457429035508
5,1,stroop:s01:r2,always_fuse,1388,1,0.548317730984332,0.4516822690156679
5,1,stroop:s01:r2,always_nn,1388,1,0.8741829968142498,0.1258170031857502
5,1,stroop:s01:r3,always_fuse,1388,1,0.5721097596855698,0.4278902403144303
5,1,stroop:s01:r3,always_nn,1388,1,0.8263488994211866,0.1736511005788134
5,1,stroop:s01:r0,always_fuse,1441,0,0.4549525844035697,0.5450474155964303
5,1,stroop:s01:r0,always_nn,1441,0,0.320789477530973,0.679210522469027
5,1,stroop:s01:r1,always_fuse,1441,0,0.5260677028563085,0.4739322971436915
5,1,stroop:s01:r1,always_nn,1441,0,0.7423578031260892,0.2576421968739107
5,1,stroop:s01:r2,always_fuse,1441,1,0.5510133410252049,0.448986658974795
5,1,stroop:s01:r2,always_nn,1441,1,0.8314755800600283,0.1685244199399717
5,1,stroop:s01:r3,always_fuse,1441,1,0.5787656270439242,0.4212343729560757
5,1,stroop:s01:r3,always_nn,1441,1,0.8380212466126783,0.1619787533873217
5,1,stroop:s01:r0,always_fuse,1494,0,0.512943636228635,0.4870563637713649
5,1,stroop:s01:r0,always_nn,1494,0,0.7781709637603843,0.2218290362396157
5,1,stroop:s01:r1,always_fuse,1494,0,0.5069725483585688,0.4930274516414312
5,1,stroop:s01:r1,always_nn,1494,0,0.5551929821679785,0.4448070178320214
5,1,stroop:s01:r2,always_fuse,1494,1,0.5291239334037726,0.4708760665962272
5,1,stroop:s01:r2,always_nn,1494,1,0.6897730706962545,0.3102269293037455
5,1,stroop:s01:r3,always_fuse,1494,1,0.5439247184948091,0.4560752815051909
5,1,stroop:s01:r3,always_nn,1494,1,0.5624887576957069,0.4375112423042931
5,1,stroop:s01:r0,always_fuse,1547,0,0.4780298210143891,0.5219701789856108
5,1,stroop:s01:r0,always_nn,1547,0,0.5576428306661706,0.4423571693338293
5,1,stroop:s01:r1,always_fuse,1547,0,0.5063209646593929,0.493679035340607
5,1,stroop:s01:r1,always_nn,1547,0,0.659816884799353,0.340183115200647
5,1,stroop:s01:r2,always_fuse,1547,1,0.5252832523775615,0.4747167476224385
5,1,stroop:s01:r2,always_nn,1547,1,0.7134854112856366,0.2865145887143633
5,1,stroop:s01:r3,always_fuse,1547,1,0.5414732835944094,0.4585267164055907
5,1,stroop:s01:r3,always_nn,1547,1,0.7022692095486871,0.2977307904513128
5,2,stroop:s02:r0,always_fuse,1335,0,0.6476897829287457,0.3523102170712543
5,2,stroop:s02:r0,always_nn,1335,0,0.9832448739029293,0.0167551260970707
5,2,stroop:s02:r1,always_fuse,1335,0,0.6370398316498743,0.3629601683501256
5,2,stroop:s02:r1,always_nn,1335,0,0.981049114847043,0.018950885152957
5,2,stroop:s02:r2,always_fuse,1335,1,0.5797034313472446,0.4202965686527555
5,2,stroop:s02:r2,always_nn,1335,1,0.9289526281212106,0.0710473718787894
5,2,stroop:s02:r3,always_fuse,1335,1,0.5859704944739136,0.4140295055260864
5,2,stroop:s02:r3,always_nn,1335,1,0.9359796068699812,0.0640203931300187
5,2,stroop:s02:r0,always_fuse,1388,0,0.6521197121666011,0.3478802878333988
5,2,stroop:s02:r0,always_nn,1388,0,0.9869724809308584,0.0130275190691414
5,2,stroop:s02:r1,always_fuse,1388,0,0.6227838156565587,0.3772161843434413
5,2,stroop:s02:r1,always_nn,1388,0,0.9768839968051214,0.0231160031948786
5,2,stroop:s02:r2,always_fuse,1388,1,0.554209328529076,0.445790671470924
5,2,stroop:s02:r2,always_nn,1388,1,0.876691494839857,0.1233085051601431
5,2,stroop:s02:r3,always_fuse,1388,1,0.5690229490836309,0.4309770509163691
5,2,stroop:s02:r3,always_nn,1388,1,0.916024415360016,0.0839755846399838
5,2,stroop:s02:r0,always_fuse,1441,0,0.6438063604219973,0.3561936395780025
5,2,stroop:s02:r0,always_nn,1441,0,0.9721043357464232,0.0278956642535766
5,2,stroop:s02:r1,always_fuse,1441,0,0.6306167567494027,0.3693832432505973
5,2,stroop:s02:r1,always_nn,1441,0,0.9724522357159044,0.0275477642840957
5,2,stroop:s02:r2,always_fuse,1441,1,0.5570980210255676,0.4429019789744325
5,2,stroop:s02:r2,always_nn,1441,1,0.849330186761499,0.150669813238501
5,2,stroop:s02:r3,always_fuse,1441,1,0.5799195801257272,0.4200804198742727
5,2,stroop:s02:r3,always_nn,1441,1,0.9182474816123636,0.0817525183876364
5,2,stroop:s02:r0,always_fuse,1494,0,0.6538928903240444,0.3461071096759556
5,2,stroop:s02:r0,always_nn,1494,0,0.9866294147057176,0.0133705852942823
5,2,stroop:s02:r1,always_fuse,1494,0,0.6423954436439919,0.3576045563560079
5,2,stroop:s02:r1,always_nn,1494,0,0.9830959936210892,0.0169040063789108
5,2,stroop:s02:r2,always_fuse,1494,1,0.5894376495478331,0.4105623504521668
5,2,stroop:s02:r2,always_nn,1494,1,0.9426834791311076,0.0573165208688922
5,2,stroop:s02:r3,always_fuse,1494,1,0.5998905195493632,0.4001094804506368
5,2,stroop:s02:r3,always_nn,1494,1,0.953386510854948,0.0466134891450519
5,2,stroop:s02:r0,always_fuse,1547,0,0.6675567863927157,0.3324432136072843
5,2,stroop:s02:r0,always_nn,1547,0,0.965954304390406,0.0340456956095939
5,2,stroop:s02:r1,always_fuse,1547,0,0.6781842597260278,0.3218157402739723
5,2,stroop:s02:r1,always_nn,1547,0,0.9774768345701432,0.0225231654298567
5,2,stroop:s02:r2,always_fuse,1547,1,0.597985489457229,0.402014510542771
5,2,stroop:s02:r2,always_nn,1547,1,0.9039178666967104,0.0960821333032894
5,2,stroop:s02:r3,always_fuse,1547,1,0.6339484677350659,0.3660515322649341
5,2,stroop:s02:r3,always_nn,1547,1,0.9537958505594654,0.0462041494405347
5,3,stroop:s03:r0,always_fuse,1335,0,0.6349103495713687,0.3650896504286313
5,3,stroop:s03:r0,always_nn,1335,0,0.9623805025833638,0.0376194974166362
5,3,stroop:s03:r1,always_fuse,1335,0,0.5056235035084401,0.4943764964915599
5,3,stroop:s03:r1,always_nn,1335,0,0.70437529280384,0.2956247071961599
5,3,stroop:s03:r2,always_fuse,1335,1,0.5524290541911258,0.4475709458088742
5,3,stroop:s03:r2,always_nn,1335,1,0.825464797568783,0.1745352024312169
5,3,stroop:s03:r3,always_fuse,1335,1,0.5154274784927209,0.4845725215072791
5,3,stroop:s03:r3,always_nn,1335,1,0.749549274056828,0.2504507259431719
5,3,stroop:s03:r0,always_fuse,1388,0,0.7318537008839405,0.2681462991160595
5,3,stroop:s03:r0,always_nn,1388,0,0.999967462535216,3.253746478399799e-05
5,3,stroop:s03:r1,always_fuse,1388,0,0.5521579988744763,0.4478420011255238
5,3,stroop:s03:r1,always_nn,1388,0,0.9271893141697176,0.0728106858302822
5,3,stroop:s03:r2,always_fuse,1388,1,0.504292041637627,0.4957079583623729
5,3,stroop:s03:r2,always_nn,1388,1,0.3174262528172505,0.6825737471827495
5,3,stroop:s03:r3,always_fuse,1388,1,0.4395540781638417,0.5604459218361583
5,3,stroop:s03:r3,always_nn,1388,1,0.1237393893291817,0.8762606106708182
5,3,stroop:s03:r0,always_fuse,1441,0,0.7042764610442092,0.2957235389557909
5,3,stroop:s03:r0,always_nn,1441,0,0.9980187565106416,0.0019812434893584
5,3,stroop:s03:r1,always_fuse,1441,0,0.5350778375477445,0.4649221624522555
5,3,stroop:s03:r1,always_nn,1441,0,0.8563432849233638,0.1436567150766362
5,3,stroop:s03:r2,always_fuse,1441,1,0.4913104769516045,0.5086895230483954
5,3,stroop:s03:r2,always_nn,1441,1,0.2553908371655654,0.7446091628344347
5,3,stroop:s03:r3,always_fuse,1441,1,0.4416579491102147,0.5583420508897853
5,3,stroop:s03:r3,always_nn,1441,1,0.1648039049917745,0.8351960950082254
5,3,stroop:s03:r0,always_fuse,1494,0,0.7563221426740421,0.2436778573259578
5,3,stroop:s03:r0,always_nn,1494,0,0.9999982295752642,1.770424735813885e-06
5,3,stroop:s03:r1,always_fuse,1494,0,0.5684953000638565,0.4315046999361434
5,3,stroop:s03:r1,always_nn,1494,0,0.9539258767327636,0.0460741232672362
5,3,stroop:s03:r2,always_fuse,1494,1,0.5353426634798006,0.4646573365201993
5,3,stroop:s03:r2,always_nn,1494,1,0.5107946050814481,0.4892053949185518
5,3,stroop:s03:r3,always_fuse,1494,1,0.4555919918807057,0.5444080081192944
5,3,stroop:s03:r3,always_nn,1494,1,0.2076059043998579,0.7923940956001421
5,3,stroop:s03:r0,always_fuse,1547,0,0.7433625600406824,0.2566374399593176
5,3,stroop:s03:r0,always_nn,1547,0,0.9983065305118928,0.0016934694881071
5,3,stroop:s03:r1,always_fuse,1547,0,0.64146738824803,0.35853261175197
5,3,stroop:s03:r1,always_nn,1547,0,0.9798734711846392,0.0201265288153607
5,3,stroop:s03:r2,always_fuse,1547,1,0.4506708955848514,0.5493291044151486
5,3,stroop:s03:r2,always_nn,1547,1,0.2052566484211682,0.7947433515788318
5,3,stroop:s03:r3,always_fuse,1547,1,0.408802314023014,0.5911976859769861
5,3,stroop:s03:r3,always_nn,1547,1,0.1315078234431071,0.8684921765568928
5,4,stroop:s04:r0,always_fuse,1335,0,0.6167581861249056,0.3832418138750944
5,4,stroop:s04:r0,always_nn,1335,0,0.99376719665196,0.0062328033480399
5,4,stroop:s04:r1,always_fuse,1335,0,0.5097094619171065,0.4902905380828935
5,4,stroop:s04:r1,always_nn,1335,0,0.8609826386381589,0.139017361361841
5,4,stroop:s04:r2,always_fuse,1335,1,0.4225389856849881,0.5774610143150118
5,4,stroop:s04:r2,always_nn,1335,1,0.1068397324484217,0.8931602675515783
5,4,stroop:s04:r3,always_fuse,1335,1,0.3845838258766386,0.6154161741233615
5,4,stroop:s04:r3,always_nn,1335,1,0.0297284088021846,0.9702715911978156
5,4,stroop:s04:r0,always_fuse,1388,0,0.5358212810354352,0.4641787189645647
5,4,stroop:s04:r0,always_nn,1388,0,0.8533633833740878,0.1466366166259122
5,4,stroop:s04:r1,always_fuse,1388,0,0.5391060815056409,0.4608939184943592
5,4,stroop:s04:r1,always_nn,1388,0,0.9726003009923352,0.0273996990076649
5,4,stroop:s04:r2,always_fuse,1388,1,0.4319102084197379,0.5680897915802621
5,4,stroop:s04:r2,always_nn,1388,1,0.1897301191586046,0.8102698808413953
5,4,stroop:s04:r3,always_fuse,1388,1,0.3490961439566626,0.6509038560433373
5,4,stroop:s04:r3,always_nn,1388,1,0.006037327326457,0.993962672673543
5,4,stroop:s04:r0,always_fuse,1441,0,0.6629212017884021,0.3370787982115979
5,4,stroop:s04:r0,always_nn,1441,0,0.9965739874849924,0.0034260125150074
5,4,stroop:s04:r1,always_fuse,1441,0,0.5326828708261129,0.467317129173887
5,4,stroop:s04:r1,always_nn,1441,0,0.8745231155466568,0.1254768844533431
5,4,stroop:s04:r2,always_fuse,1441,1,0.5730451345967991,0.4269548654032009
5,4,stroop:s04:r2,always_nn,1441,1,0.9572366261833484,0.0427633738166517
5,4,stroop:s04:r3,always_fuse,1441,1,0.5330492556031472,0.4669507443968528
5,4,stroop:s04:r3,always_nn,1441,1,0.8604432479391533,0.1395567520608467
5,4,stroop:s04:r0,always_fuse,1494,0,0.6394471058161332,0.3605528941838668
5,4,stroop:s04:r0,always_nn,1494,0,0.9959839680032906,0.0040160319967095
5,4,stroop:s04:r1,always_fuse,1494,0,0.522116950212316,0.4778830497876841
5,4,stroop:s04:r1,always_nn,1494,0,0.8887357948539255,0.1112642051460745
5,4,stroop:s04:r2,always_fuse,1494,1,0.477522730058478,0.522477269941522
5,4,stroop:s04:r2,always_nn,1494,1,0.575365126145805,0.4246348738541949
5,4,stroop:s04:r3,always_fuse,1494,1,0.4043308541349666,0.5956691458650334
5,4,stroop:s04:r3,always_nn,1494,1,0.0746729013004351,0.9253270986995648
5,4,stroop:s04:r0,always_fuse,1547,0,0.8071200646297629,0.1928799353702371
5,4,stroop:s04:r0,always_nn,1547,0,0.999838791040886,0.0001612089591139
5,4,stroop:s04:r1,always_fuse,1547,0,0.5269275191469376,0.4730724808530624
5,4,stroop:s04:r1,always_nn,1547,0,0.8461491581070022,0.1538508418929978
5,4,stroop:s04:r2,always_fuse,1547,1,0.3625298963295131,0.637470103670487
5,4,stroop:s04:r2,always_nn,1547,1,0.0852983411954389,0.9147016588045612
5,4,stroop:s04:r3,always_fuse,1547,1,0.3359159127719028,0.6640840872280972
5,4,stroop:s04:r3,always_nn,1547,1,0.0467819603054877,0.9532180396945122
5,6,stroop:s06:r0,always_fuse,1335,0,0.5147661096681649,0.4852338903318351
5,6,stroop:s06:r0,always_nn,1335,0,0.969152069031168,0.0308479309688319
5,6,stroop:s06:r1,always_fuse,1335,0,0.4723359889536367,0.5276640110463633
5,6,stroop:s06:r1,always_nn,1335,0,0.8164345873007703,0.1835654126992297
5,6,stroop:s06:r2,always_fuse,1335,1,0.389848418859717,0.6101515811402829
5,6,stroop:s06:r2,always_nn,1335,1,0.1020921458755666,0.8979078541244334
5,6,stroop:s06:r3,always_fuse,1335,1,0.3573288890989986,0.6426711109010014
5,6,stroop:s06:r3,always_nn,1335,1,0.1217686075014733,0.8782313924985268
5,6,stroop:s06:r0,always_fuse,1388,0,0.4955597876229259,0.504440212377074
5,6,stroop:s06:r0,always_nn,1388,0,0.9548892737146126,0.0451107262853872
5,6,stroop:s06:r1,always_fuse,1388,0,0.4879239626762987,0.5120760373237013
5,6,stroop:s06:r1,always_nn,1388,0,0.8873513735017913,0.1126486264982086
5,6,stroop:s06:r2,always_fuse,1388,1,0.4188016932883223,0.5811983067116776
5,6,stroop:s06:r2,always_nn,1388,1,0.1373373236629803,0.8626626763370197
5,6,stroop:s06:r3,always_fuse,1388,1,0.4403582678917316,0.5596417321082684
5,6,stroop:s06:r3,always_nn,1388,1,0.8039612363496221,0.1960387636503778
5,6,stroop:s06:r0,always_fuse,1441,0,0.4816879586386748,0.5183120413613251
5,6,stroop:s06:r0,always_nn,1441,0,0.8806807515415664,0.1193192484584335
5,6,stroop:s06:r1,always_fuse,1441,0,0.4593062694377087,0.5406937305622913
5,6,stroop:s06:r1,always_nn,1441,0,0.7006811952763289,0.2993188047236711
5,6,stroop:s06:r2,always_fuse,1441,1,0.3759791489251086,0.6240208510748914
5,6,stroop:s06:r2,always_nn,1441,1,0.0625008779888026,0.9374991220111974
5,6,stroop:s06:r3,always_fuse,1441,1,0.3354210858098078,0.6645789141901922
5,6,stroop:s06:r3,always_nn,1441,1,0.071271099168659,0.928728900831341
5,6,stroop:s06:r0,always_fuse,1494,0,0.4299649389952738,0.5700350610047262
5,6,stroop:s06:r0,always_nn,1494,0,0.6828902656912523,0.3171097343087476
5,6,stroop:s06:r1,always_fuse,1494,0,0.4527325761702145,0.5472674238297854
5,6,stroop:s06:r1,always_nn,1494,0,0.6175575616680644,0.3824424383319356
5,6,stroop:s06:r2,always_fuse,1494,1,0.4297419212603045,0.5702580787396955
5,6,stroop:s06:r2,always_nn,1494,1,0.2969125327250296,0.7030874672749703
5,6,stroop:s06:r3,always_fuse,1494,1,0.3965147463187282,0.6034852536812717
5,6,stroop:s06:r3,always_nn,1494,1,0.4000942181216237,0.5999057818783762
5,6,stroop:s06:r0,always_fuse,1547,0,0.426766423294623,0.573233576705377
5,6,stroop:s06:r0,always_nn,1547,0,0.464652294048073,0.535347705951927
5,6,stroop:s06:r1,always_fuse,1547,0,0.4869815030353421,0.513018496964658
5,6,stroop:s06:r1,always_nn,1547,0,0.710438721601598,0.2895612783984019
5,6,stroop:s06:r2,always_fuse,1547,1,0.4384784181989983,0.5615215818010016
5,6,stroop:s06:r2,always_nn,1547,1,0.3961744368724423,0.6038255631275576
5,6,stroop:s06:r3,always_fuse,1547,1,0.4345301045011215,0.5654698954988784
5,6,stroop:s06:r3,always_nn,1547,1,0.5408641117070802,0.4591358882929198
5,7,stroop:s07:r0,always_fuse,1335,0,0.7424854623861469,0.257514537613853
5,7,stroop:s07:r0,always_nn,1335,0,0.9998978162345508,0.0001021837654492
5,7,stroop:s07:r1,always_fuse,1335,0,0.5031263453817505,0.4968736546182495
5,7,stroop:s07:r1,always_nn,1335,0,0.7605026447134307,0.2394973552865693
5,7,stroop:s07:r2,always_fuse,1335,1,0.4628719202794242,0.5371280797205757
5,7,stroop:s07:r2,always_nn,1335,1,0.4994094235383222,0.5005905764616777
5,7,stroop:s07:r3,always_fuse,1335,1,0.4635912074318716,0.5364087925681285
5,7,stroop:s07:r3,always_nn,1335,1,0.4786727138251088,0.5213272861748912
5,7,stroop:s07:r0,always_fuse,1388,0,0.7443793442806728,0.2556206557193272
5,7,stroop:s07:r0,always_nn,1388,0,0.9999750614097264,2.4938590273576105e-05
5,7,stroop:s07:r1,always_fuse,1388,0,0.4871288082596001,0.5128711917403999
5,7,stroop:s07:r1,always_nn,1388,0,0.5921171655251375,0.4078828344748625
5,7,stroop:s07:r2,always_fuse,1388,1,0.4495950567356741,0.5504049432643259
5,7,stroop:s07:r2,always_nn,1388,1,0.3033233791569641,0.6966766208430359
5,7,stroop:s07:r3,always_fuse,1388,1,0.4607332157013061,0.5392667842986938
5,7,stroop:s07:r3,always_nn,1388,1,0.4183291766761868,0.5816708233238131
5,7,stroop:s07:r0,always_fuse,1441,0,0.7910778705603699,0.2089221294396301
5,7,stroop:s07:r0,always_nn,1441,0,0.9999998536093712,1.463906286839005e-07
5,7,stroop:s07:r1,always_fuse,1441,0,0.4753211848689317,0.5246788151310682
5,7,stroop:s07:r1,always_nn,1441,0,0.5207264909494786,0.4792735090505214
5,7,stroop:s07:r2,always_fuse,1441,1,0.4451504052886791,0.5548495947113209
5,7,stroop:s07:r2,always_nn,1441,1,0.3015376077394983,0.6984623922605016
5,7,stroop:s07:r3,always_fuse,1441,1,0.428797382459803,0.5712026175401971
5,7,stroop:s07:r3,always_nn,1441,1,0.2047768764648612,0.7952231235351388
5,7,stroop:s07:r0,always_fuse,1494,0,0.7505306226230115,0.2494693773769885
5,7,stroop:s07:r0,always_nn,1494,0,0.9999698334274004,3.0166572599725937e-05
5,7,stroop:s07:r1,always_fuse,1494,0,0.4899821986467607,0.5100178013532393
5,7,stroop:s07:r1,always_nn,1494,0,0.6450628997430938,0.354937100256906
5,7,stroop:s07:r2,always_fuse,1494,1,0.452681392188096,0.5473186078119041
5,7,stroop:s07:r2,always_nn,1494,1,0.3709213373427648,0.629078662657235
5,7,stroop:s07:r3,always_fuse,1494,1,0.467926649744825,0.5320733502551749
5,7,stroop:s07:r3,always_nn,1494,1,0.4818144215075796,0.5181855784924203
5,7,stroop:s07:r0,always_fuse,1547,0,0.8904787059668181,0.1095212940331819
5,7,stroop:s07:r0,always_nn,1547,0,0.999999988864152,1.113584816546632e-08
5,7,stroop:s07:r1,always_fuse,1547,0,0.4975448747421499,0.5024551252578501
5,7,stroop:s07:r1,always_nn,1547,0,0.6747198757665226,0.3252801242334773
5,7,stroop:s07:r2,always_fuse,1547,1,0.2381638381538832,0.7618361618461167
5,7,stroop:s07:r2,always_nn,1547,1,0.0045263144465872,0.9954736855534128
5,7,stroop:s07:r3,always_fuse,1547,1,0.3419497634953407,0.6580502365046593
5,7,stroop:s07:r3,always_nn,1547,1,0.067675615574755,0.9323243844252448
5,8,stroop:s08:r0,always_fuse,1335,0,0.6873232705267156,0.3126767294732843
5,8,stroop:s08:r0,always_nn,1335,0,0.9999417627114952,5.8237288504908696e-05
5,8,stroop:s08:r1,always_fuse,1335,0,0.4808738135032509,0.519126186496749
5,8,stroop:s08:r1,always_nn,1335,0,0.6626945506921791,0.3373054493078209
5,8,stroop:s08:r2,always_fuse,1335,1,0.3685833607725529,0.6314166392274471
5,8,stroop:s08:r2,always_nn,1335,1,0.0684066112077229,0.9315933887922772
5,8,stroop:s08:r3,always_fuse,1335,1,0.3620899624660878,0.6379100375339122
5,8,stroop:s08:r3,always_nn,1335,1,0.0598449809191263,0.9401550190808736
5,8,stroop:s08:r0,always_fuse,1388,0,0.6461564629139283,0.3538435370860718
5,8,stroop:s08:r0,always_nn,1388,0,0.9998901292204236,0.0001098707795764
5,8,stroop:s08:r1,always_fuse,1388,0,0.5119054588473493,0.4880945411526506
5,8,stroop:s08:r1,always_nn,1388,0,0.9309324208905888,0.0690675791094113
5,8,stroop:s08:r2,always_fuse,1388,1,0.3530440582126413,0.6469559417873586
5,8,stroop:s08:r2,always_nn,1388,1,0.0324191298119818,0.9675808701880182
5,8,stroop:s08:r3,always_fuse,1388,1,0.3249504530385937,0.6750495469614064
5,8,stroop:s08:r3,always_nn,1388,1,0.0152043507137769,0.9847956492862232
5,8,stroop:s08:r0,always_fuse,1441,0,0.6528490283393784,0.3471509716606216
5,8,stroop:s08:r0,always_nn,1441,0,0.9994321474869768,0.0005678525130231
5,8,stroop:s08:r1,always_fuse,1441,0,0.5182702164363377,0.4817297835636623
5,8,stroop:s08:r1,always_nn,1441,0,0.8878285781256454,0.1121714218743545
5,8,stroop:s08:r2,always_fuse,1441,1,0.4054477511778915,0.5945522488221086
5,8,stroop:s08:r2,always_nn,1441,1,0.1774961466313054,0.8225038533686946
5,8,stroop:s08:r3,always_fuse,1441,1,0.3825576300258422,0.6174423699741578
5,8,stroop:s08:r3,always_nn,1441,1,0.118901498218677,0.8810985017813229
5,8,stroop:s08:r0,always_fuse,1494,0,0.6552007555600936,0.3447992444399063
5,8,stroop:s08:r0,always_nn,1494,0,0.9997728548820516,0.0002271451179485
5,8,stroop:s08:r1,always_fuse,1494,0,0.4832066160880875,0.5167933839119125
5,8,stroop:s08:r1,always_nn,1494,0,0.6884821428648833,0.3115178571351167
5,8,stroop:s08:r2,always_fuse,1494,1,0.3730843772417688,0.6269156227582311
5,8,stroop:s08:r2,always_nn,1494,1,0.0402325302332286,0.9597674697667712
5,8,stroop:s08:r3,always_fuse,1494,1,0.3493601320183797,0.6506398679816203
5,8,stroop:s08:r3,always_nn,1494,1,0.0239547256537142,0.9760452743462856
5,8,stroop:s08:r0,always_fuse,1547,0,0.723734701546026,0.2762652984539739
5,8,stroop:s08:r0,always_nn,1547,0,0.9976611105088884,0.0023388894911116
5,8,stroop:s08:r1,always_fuse,1547,0,0.5025666374703466,0.4974333625296534
5,8,stroop:s08:r1,always_nn,1547,0,0.7387317691764929,0.2612682308235071
5,8,stroop:s08:r2,always_fuse,1547,1,0.3308039140301953,0.6691960859698047
5,8,stroop:s08:r2,always_nn,1547,1,0.0646195425944865,0.9353804574055136
5,8,stroop:s08:r3,always_fuse,1547,1,0.3236215452756987,0.6763784547243011
5,8,stroop:s08:r3,always_nn,1547,1,0.0620443360222409,0.937955663977759
5,9,stroop:s09:r0,always_fuse,1335,0,0.852881074946212,0.147118925053788
5,9,stroop:s09:r0,always_nn,1335,0,0.9999999993929812,6.070186499278594e-10
5,9,stroop:s09:r1,always_fuse,1335,0,0.5309993001718625,0.4690006998281376
5,9,stroop:s09:r1,always_nn,1335,0,0.7731414720639117,0.2268585279360883
5,9,stroop:s09:r2,always_fuse,1335,1,0.3887137677866921,0.6112862322133079
5,9,stroop:s09:r2,always_nn,1335,1,0.0259809924231102,0.9740190075768898
5,9,stroop:s09:r3,always_fuse,1335,1,0.4798668416366475,0.5201331583633525
5,9,stroop:s09:r3,always_nn,1335,1,0.4127984881386463,0.5872015118613536
5,9,stroop:s09:r0,always_fuse,1388,0,0.8349595106642331,0.1650404893357668
5,9,stroop:s09:r0,always_nn,1388,0,0.999999999752356,2.4764394816217725e-10
5,9,stroop:s09:r1,always_fuse,1388,0,0.4987314429075319,0.5012685570924681
5,9,stroop:s09:r1,always_nn,1388,0,0.5673824220938881,0.4326175779061118
5,9,stroop:s09:r2,always_fuse,1388,1,0.3684504283259787,0.6315495716740213
5,9,stroop:s09:r2,always_nn,1388,1,0.0104852496081967,0.9895147503918033
5,9,stroop:s09:r3,always_fuse,1388,1,0.4676576718318376,0.5323423281681624
5,9,stroop:s09:r3,always_nn,1388,1,0.3900792637332343,0.6099207362667658
5,9,stroop:s09:r0,always_fuse,1441,0,0.8560095018659615,0.1439904981340385
5,9,stroop:s09:r0,always_nn,1441,0,0.9999999997693688,2.306311386397701e-10
5,9,stroop:s09:r1,always_fuse,1441,0,0.5625526765461151,0.4374473234538849
5,9,stroop:s09:r1,always_nn,1441,0,0.9283379210034792,0.0716620789965206
5,9,stroop:s09:r2,always_fuse,1441,1,0.3663586071555552,0.6336413928444448
5,9,stroop:s09:r2,always_nn,1441,1,0.0115886265361141,0.988411373463886
5,9,stroop:s09:r3,always_fuse,1441,1,0.4915326461258978,0.508467353874102
5,9,stroop:s09:r3,always_nn,1441,1,0.4762171679883005,0.5237828320116995
5,9,stroop:s09:r0,always_fuse,1494,0,0.708255156902549,0.291744843097451
5,9,stroop:s09:r0,always_nn,1494,0,0.9952455480890589,0.0047544519109413
5,9,stroop:s09:r1,always_fuse,1494,0,0.5083923376560778,0.4916076623439222
5,9,stroop:s09:r1,always_nn,1494,0,0.5375645713266003,0.4624354286733997
5,9,stroop:s09:r2,always_fuse,1494,1,0.4862982264662456,0.5137017735337545
5,9,stroop:s09:r2,always_nn,1494,1,0.4422331461378356,0.5577668538621643
5,9,stroop:s09:r3,always_fuse,1494,1,0.5113172137185197,0.4886827862814802
5,9,stroop:s09:r3,always_nn,1494,1,0.6158185472987586,0.3841814527012414
5,9,stroop:s09:r0,always_fuse,1547,0,0.7642119099066254,0.2357880900933746
5,9,stroop:s09:r0,always_nn,1547,0,0.997979225117226,0.002020774882774
5,9,stroop:s09:r1,always_fuse,1547,0,0.4831988266094664,0.5168011733905336
5,9,stroop:s09:r1,always_nn,1547,0,0.5064954436776322,0.4935045563223679
5,9,stroop:s09:r2,always_fuse,1547,1,0.4350768252160056,0.5649231747839945
5,9,stroop:s09:r2,always_nn,1547,1,0.2995299444225467,0.7004700555774532
5,9,stroop:s09:r3,always_fuse,1547,1,0.4682741851543225,0.5317258148456775
5,9,stroop:s09:r3,always_nn,1547,1,0.4522879490676749,0.5477120509323251
5,10,stroop:s10:r0,always_fuse,1335,0,0.6859895410174045,0.3140104589825954
5,10,stroop:s10:r0,always_nn,1335,0,0.9991964437150692,0.0008035562849307
5,10,stroop:s10:r1,always_fuse,1335,0,0.5121692735236034,0.4878307264763966
5,10,stroop:s10:r1,always_nn,1335,0,0.8200824881432511,0.1799175118567489
5,10,stroop:s10:r2,always_fuse,1335,1,0.5015387374574578,0.4984612625425422
5,10,stroop:s10:r2,always_nn,1335,1,0.7693235063038273,0.2306764936961726
5,10,stroop:s10:r3,always_fuse,1335,1,0.3426033764718162,0.6573966235281837
5,10,stroop:s10:r3,always_nn,1335,1,0.0195766802801412,0.9804233197198589
5,10,stroop:s10:r0,always_fuse,1388,0,0.6240787758802896,0.3759212241197103
5,10,stroop:s10:r0,always_nn,1388,0,0.985783354176199,0.0142166458238009
5,10,stroop:s10:r1,always_fuse,1388,0,0.4860665528186061,0.5139334471813938
5,10,stroop:s10:r1,always_nn,1388,0,0.6200767699993155,0.3799232300006845
5,10,stroop:s10:r2,always_fuse,1388,1,0.4770439780322318,0.5229560219677681
5,10,stroop:s10:r2,always_nn,1388,1,0.5428180183816506,0.4571819816183494
5,10,stroop:s10:r3,always_fuse,1388,1,0.4012157834020554,0.5987842165979445
5,10,stroop:s10:r3,always_nn,1388,1,0.187949163720149,0.8120508362798509
5,10,stroop:s10:r0,always_fuse,1441,0,0.6286031419718547,0.3713968580281453
5,10,stroop:s10:r0,always_nn,1441,0,0.9874780464326616,0.0125219535673382
5,10,stroop:s10:r1,always_fuse,1441,0,0.5004578693827554,0.4995421306172447
5,10,stroop:s10:r1,always_nn,1441,0,0.7025112852968031,0.297488714703197
5,10,stroop:s10:r2,always_fuse,1441,1,0.4917515381759921,0.5082484618240078
5,10,stroop:s10:r2,always_nn,1441,1,0.6410402423817725,0.3589597576182275
5,10,stroop:s10:r3,always_fuse,1441,1,0.4013635185147392,0.5986364814852608
5,10,stroop:s10:r3,always_nn,1441,1,0.1655736246694563,0.8344263753305438
5,10,stroop:s10:r0,always_fuse,1494,0,0.6205438342068217,0.3794561657931783
5,10,stroop:s10:r0,always_nn,1494,0,0.991079372416676,0.008920627583324
5,10,stroop:s10:r1,always_fuse,1494,0,0.4798624298459974,0.5201375701540026
5,10,stroop:s10:r1,always_nn,1494,0,0.5747523570046783,0.4252476429953216
5,10,stroop:s10:r2,always_fuse,1494,1,0.4673031974609786,0.5326968025390213
5,10,stroop:s10:r2,always_nn,1494,1,0.4670331414824885,0.5329668585175115
5,10,stroop:s10:r3,always_fuse,1494,1,0.3983479475113234,0.6016520524886766
5,10,stroop:s10:r3,always_nn,1494,1,0.1181205525676971,0.881879447432303
5,10,stroop:s10:r0,always_fuse,1547,0,0.7218947346809372,0.2781052653190627
5,10,stroop:s10:r0,always_nn,1547,0,0.9959164739487572,0.0040835260512428
5,10,stroop:s10:r1,always_fuse,1547,0,0.4977124273522268,0.5022875726477732
5,10,stroop:s10:r1,always_nn,1547,0,0.6363917875244662,0.3636082124755337
5,10,stroop:s10:r2,always_fuse,1547,1,0.502676765402443,0.497323234597557
5,10,stroop:s10:r2,always_nn,1547,1,0.6617893516087167,0.3382106483912833
5,10,stroop:s10:r3,always_fuse,1547,1,0.4337322358822151,0.5662677641177848
5,10,stroop:s10:r3,always_nn,1547,1,0.389309238442535,0.6106907615574649
5,11,stroop:s11:r0,always_fuse,1335,0,0.6784088675504227,0.3215911324495772
5,11,stroop:s11:r0,always_nn,1335,0,0.999983250672669,1.674932733097609e-05
5,11,stroop:s11:r1,always_fuse,1335,0,0.4385823473867682,0.5614176526132318
5,11,stroop:s11:r1,always_nn,1335,0,0.3706808490935117,0.6293191509064884
5,11,stroop:s11:r2,always_fuse,1335,1,0.4277227615327355,0.5722772384672646
5,11,stroop:s11:r2,always_nn,1335,1,0.25087904473709,0.74912095526291
5,11,stroop:s11:r3,always_fuse,1335,1,0.4361594268596531,0.5638405731403469
5,11,stroop:s11:r3,always_nn,1335,1,0.2762707457906329,0.7237292542093671
5,11,stroop:s11:r0,always_fuse,1388,0,0.6509307285509388,0.3490692714490612
5,11,stroop:s11:r0,always_nn,1388,0,0.9995382595215436,0.0004617404784563
5,11,stroop:s11:r1,always_fuse,1388,0,0.4471990879642494,0.5528009120357505
5,11,stroop:s11:r1,always_nn,1388,0,0.5390390401100171,0.4609609598899828
5,11,stroop:s11:r2,always_fuse,1388,1,0.3775159216479682,0.6224840783520318
5,11,stroop:s11:r2,always_nn,1388,1,0.0527687423926184,0.9472312576073816
5,11,stroop:s11:r3,always_fuse,1388,1,0.43773175557736,0.56226824442264
5,11,stroop:s11:r3,always_nn,1388,1,0.3166756216262748,0.6833243783737252
5,11,stroop:s11:r0,always_fuse,1441,0,0.5792170558851082,0.4207829441148918
5,11,stroop:s11:r0,always_nn,1441,0,0.9526570092224425,0.0473429907775575
5,11,stroop:s11:r1,always_fuse,1441,0,0.4206523312081139,0.579347668791886
5,11,stroop:s11:r1,always_nn,1441,0,0.268152376067478,0.731847623932522
5,11,stroop:s11:r2,always_fuse,1441,1,0.4290307594378791,0.5709692405621208
5,11,stroop:s11:r2,always_nn,1441,1,0.2628939784881324,0.7371060215118677
5,11,stroop:s11:r3,always_fuse,1441,1,0.434545044193684,0.5654549558063159
5,11,stroop:s11:r3,always_nn,1441,1,0.2642111984090955,0.7357888015909045
5,11,stroop:s11:r0,always_fuse,1494,0,0.6657700682629064,0.3342299317370936
5,11,stroop:s11:r0,always_nn,1494,0,0.9996627170947658,0.0003372829052342
5,11,stroop:s11:r1,always_fuse,1494,0,0.4771748676121661,0.5228251323878338
5,11,stroop:s11:r1,always_nn,1494,0,0.6141307837040042,0.3858692162959958
5,11,stroop:s11:r2,always_fuse,1494,1,0.4362371087426153,0.5637628912573848
5,11,stroop:s11:r2,always_nn,1494,1,0.2585188704138345,0.7414811295861654
5,11,stroop:s11:r3,always_fuse,1494,1,0.4554216889861119,0.5445783110138881
5,11,stroop:s11:r3,always_nn,1494,1,0.3678326843540785,0.6321673156459215
5,11,stroop:s11:r0,always_fuse,1547,0,0.6127153480274542,0.3872846519725458
5,11,stroop:s11:r0,always_nn,1547,0,0.9573109847348996,0.0426890152651004
5,11,stroop:s11:r1,always_fuse,1547,0,0.4196500195203905,0.5803499804796095
5,11,stroop:s11:r1,always_nn,1547,0,0.3776274286006936,0.6223725713993064
5,11,stroop:s11:r2,always_fuse,1547,1,0.4084535731487079,0.5915464268512921
5,11,stroop:s11:r2,always_nn,1547,1,0.2765214150499546,0.7234785849500455
5,11,stroop:s11:r3,always_fuse,1547,1,0.4125804142554767,0.5874195857445232
5,11,stroop:s11:r3,always_nn,1547,1,0.2864139375827477,0.7135860624172522
5,12,stroop:s12:r0,always_fuse,1335,0,0.5312429932636933,0.4687570067363067
5,12,stroop:s12:r0,always_nn,1335,0,0.8262787987142483,0.1737212012857517
5,12,stroop:s12:r1,always_fuse,1335,0,0.4388590835504999,0.5611409164495001
5,12,stroop:s12:r1,always_nn,1335,0,0.3970320206307813,0.6029679793692186
5,12,stroop:s12:r2,always_fuse,1335,1,0.4553786732977813,0.5446213267022187
5,12,stroop:s12:r2,always_nn,1335,1,0.5639074887596703,0.4360925112403297
5,12,stroop:s12:r3,always_fuse,1335,1,0.4543629650692999,0.5456370349307001
5,12,stroop:s12:r3,always_nn,1335,1,0.5265826613642955,0.4734173386357044
5,12,stroop:s12:r0,always_fuse,1388,0,0.5047356449495427,0.4952643550504574
5,12,stroop:s12:r0,always_nn,1388,0,0.6420156712784866,0.3579843287215135
5,12,stroop:s12:r1,always_fuse,1388,0,0.4581077615101981,0.5418922384898017
5,12,stroop:s12:r1,always_nn,1388,0,0.4693711270761051,0.5306288729238948
5,12,stroop:s12:r2,always_fuse,1388,1,0.4480268780812859,0.5519731219187141
5,12,stroop:s12:r2,always_nn,1388,1,0.4531568033510031,0.5468431966489969
5,12,stroop:s12:r3,always_fuse,1388,1,0.4574207741304219,0.5425792258695781
5,12,stroop:s12:r3,always_nn,1388,1,0.5137217322640406,0.4862782677359594
5,12,stroop:s12:r0,always_fuse,1441,0,0.4889844911368352,0.5110155088631647
5,12,stroop:s12:r0,always_nn,1441,0,0.5072155744447925,0.4927844255552076
5,12,stroop:s12:r1,always_fuse,1441,0,0.4365239882396266,0.5634760117603733
5,12,stroop:s12:r1,always_nn,1441,0,0.3371413876012632,0.6628586123987368
5,12,stroop:s12:r2,always_fuse,1441,1,0.416014012403159,0.583985987596841
5,12,stroop:s12:r2,always_nn,1441,1,0.2440384315794006,0.7559615684205994
5,12,stroop:s12:r3,always_fuse,1441,1,0.4300883970409813,0.5699116029590187
5,12,stroop:s12:r3,always_nn,1441,1,0.3027777331871999,0.6972222668128001
5,12,stroop:s12:r0,always_fuse,1494,0,0.5003067149645388,0.4996932850354613
5,12,stroop:s12:r0,always_nn,1494,0,0.5943509427628016,0.4056490572371983
5,12,stroop:s12:r1,always_fuse,1494,0,0.4269526325708599,0.5730473674291401
5,12,stroop:s12:r1,always_nn,1494,0,0.2869298192059142,0.7130701807940857
5,12,stroop:s12:r2,always_fuse,1494,1,0.4079911539651898,0.5920088460348102
5,12,stroop:s12:r2,always_nn,1494,1,0.1969373267064867,0.8030626732935133
5,12,stroop:s12:r3,always_fuse,1494,1,0.4207769810017994,0.5792230189982006
5,12,stroop:s12:r3,always_nn,1494,1,0.2496887335253461,0.7503112664746538
5,12,stroop:s12:r0,always_fuse,1547,0,0.4858723087326322,0.5141276912673679
5,12,stroop:s12:r0,always_nn,1547,0,0.5930094418290028,0.4069905581709971
5,12,stroop:s12:r1,always_fuse,1547,0,0.4184916719771599,0.5815083280228401
5,12,stroop:s12:r1,always_nn,1547,0,0.3187342453964463,0.6812657546035535
5,12,stroop:s12:r2,always_fuse,1547,1,0.3977886013377822,0.6022113986622177
5,12,stroop:s12:r2,always_nn,1547,1,0.2485290100828909,0.7514709899171091
5,12,stroop:s12:r3,always_fuse,1547,1,0.4110395231044053,0.5889604768955947
5,12,stroop:s12:r3,always_nn,1547,1,0.2885505826159785,0.7114494173840216
5,13,stroop:s13:r0,always_fuse,1335,0,0.6733708612479713,0.3266291387520287
5,13,stroop:s13:r0,always_nn,1335,0,0.9958675389854676,0.0041324610145323
5,13,stroop:s13:r1,always_fuse,1335,0,0.4894154693775415,0.5105845306224586
5,13,stroop:s13:r1,always_nn,1335,0,0.5492735856241433,0.4507264143758566
5,13,stroop:s13:r2,always_fuse,1335,1,0.5241037915851849,0.475896208414815
5,13,stroop:s13:r2,always_nn,1335,1,0.712449808490355,0.287550191509645
5,13,stroop:s13:r3,always_fuse,1335,1,0.5056885955838587,0.4943114044161413
5,13,stroop:s13:r3,always_nn,1335,1,0.6748980349382149,0.325101965061785
5,13,stroop:s13:r0,always_fuse,1388,0,0.7202898260083292,0.2797101739916707
5,13,stroop:s13:r0,always_nn,1388,0,0.999110478132475,0.0008895218675249
5,13,stroop:s13:r1,always_fuse,1388,0,0.5132778953022761,0.4867221046977238
5,13,stroop:s13:r1,always_nn,1388,0,0.6677947000587596,0.3322052999412404
5,13,stroop:s13:r2,always_fuse,1388,1,0.5414437556793136,0.4585562443206865
5,13,stroop:s13:r2,always_nn,1388,1,0.7764766369346089,0.2235233630653912
5,13,stroop:s13:r3,always_fuse,1388,1,0.5203081607846837,0.4796918392153164
5,13,stroop:s13:r3,always_nn,1388,1,0.7442135472282908,0.2557864527717092
5,13,stroop:s13:r0,always_fuse,1441,0,0.7571938581950314,0.2428061418049686
5,13,stroop:s13:r0,always_nn,1441,0,0.999716631826914,0.0002833681730859
5,13,stroop:s13:r1,always_fuse,1441,0,0.4616037488738417,0.5383962511261583
5,13,stroop:s13:r1,always_nn,1441,0,0.2699490291350223,0.7300509708649777
5,13,stroop:s13:r2,always_fuse,1441,1,0.4878530695451274,0.5121469304548726
5,13,stroop:s13:r2,always_nn,1441,1,0.3297635524336332,0.6702364475663667
5,13,stroop:s13:r3,always_fuse,1441,1,0.5172621022931597,0.4827378977068402
5,13,stroop:s13:r3,always_nn,1441,1,0.6917568038350133,0.3082431961649867
5,13,stroop:s13:r0,always_fuse,1494,0,0.725903384101272,0.2740966158987279
5,13,stroop:s13:r0,always_nn,1494,0,0.9996521186931508,0.000347881306849
5,13,stroop:s13:r1,always_fuse,1494,0,0.4941433406348972,0.5058566593651027
5,13,stroop:s13:r1,always_nn,1494,0,0.5494995262521677,0.4505004737478322
5,13,stroop:s13:r2,always_fuse,1494,1,0.5189950561673338,0.4810049438326663
5,13,stroop:s13:r2,always_nn,1494,1,0.5961669756200471,0.403833024379953
5,13,stroop:s13:r3,always_fuse,1494,1,0.5159903426293144,0.4840096573706855
5,13,stroop:s13:r3,always_nn,1494,1,0.6876749239603401,0.3123250760396598
5,13,stroop:s13:r0,always_fuse,1547,0,0.7086310122284449,0.2913689877715551
5,13,stroop:s13:r0,always_nn,1547,0,0.9893309496372272,0.0106690503627726
5,13,stroop:s13:r1,always_fuse,1547,0,0.4566025020687144,0.5433974979312854
5,13,stroop:s13:r1,always_nn,1547,0,0.3944136641227732,0.6055863358772268
5,13,stroop:s13:r2,always_fuse,1547,1,0.4966168609054255,0.5033831390945744
5,13,stroop:s13:r2,always_nn,1547,1,0.5640171461222054,0.4359828538777945
5,13,stroop:s13:r3,always_fuse,1547,1,0.5240339815968523,0.4759660184031477
5,13,stroop:s13:r3,always_nn,1547,1,0.7267425489665763,0.2732574510334236
5,14,stroop:s14:r0,always_fuse,1335,0,0.8301693551519489,0.169830644848051
5,14,stroop:s14:r0,always_nn,1335,0,0.9999758940184732,2.410598152671973e-05
5,14,stroop:s14:r1,always_fuse,1335,0,0.1750175169556783,0.8249824830443216
5,14,stroop:s14:r1,always_nn,1335,0,0.0215482682970011,0.9784517317029988
5,14,stroop:s14:r2,always_fuse,1335,1,0.2145250471171012,0.7854749528828988
5,14,stroop:s14:r2,always_nn,1335,1,0.0218519059219077,0.9781480940780924
5,14,stroop:s14:r3,always_fuse,1335,1,0.1146152085731519,0.8853847914268481
5,14,stroop:s14:r3,always_nn,1335,1,0.0188938691236907,0.9811061308763092
5,14,stroop:s14:r0,always_fuse,1388,0,0.741651032391641,0.2583489676083589
5,14,stroop:s14:r0,always_nn,1388,0,0.9991395373574214,0.0008604626425785
5,14,stroop:s14:r1,always_fuse,1388,0,0.2236358542354256,0.7763641457645744
5,14,stroop:s14:r1,always_nn,1388,0,0.0745573966673484,0.9254426033326516
5,14,stroop:s14:r2,always_fuse,1388,1,0.2535310076769965,0.7464689923230036
5,14,stroop:s14:r2,always_nn,1388,1,0.0711546816582518,0.9288453183417482
5,14,stroop:s14:r3,always_fuse,1388,1,0.1417905301720174,0.8582094698279825
5,14,stroop:s14:r3,always_nn,1388,1,0.0760369187637708,0.9239630812362292
5,14,stroop:s14:r0,always_fuse,1441,0,0.7993890270731229,0.2006109729268772
5,14,stroop:s14:r0,always_nn,1441,0,0.9998645568387308,0.0001354431612692
5,14,stroop:s14:r1,always_fuse,1441,0,0.1923567279144727,0.8076432720855273
5,14,stroop:s14:r1,always_nn,1441,0,0.0298288295620891,0.9701711704379108
5,14,stroop:s14:r2,always_fuse,1441,1,0.2302657137080076,0.7697342862919924
5,14,stroop:s14:r2,always_nn,1441,1,0.0368840824309693,0.9631159175690308
5,14,stroop:s14:r3,always_fuse,1441,1,0.1244929111037566,0.8755070888962434
5,14,stroop:s14:r3,always_nn,1441,1,0.0258240570636782,0.9741759429363216
5,14,stroop:s14:r0,always_fuse,1494,0,0.7590559854803551,0.2409440145196448
5,14,stroop:s14:r0,always_nn,1494,0,0.998446664798573,0.001553335201427
5,14,stroop:s14:r1,always_fuse,1494,0,0.1838418660701973,0.8161581339298026
5,14,stroop:s14:r1,always_nn,1494,0,0.0181443882952735,0.9818556117047263
5,14,stroop:s14:r2,always_fuse,1494,1,0.2187134957869399,0.7812865042130601
5,14,stroop:s14:r2,always_nn,1494,1,0.0205535214921641,0.9794464785078358
5,14,stroop:s14:r3,always_fuse,1494,1,0.1213625224847803,0.8786374775152196
5,14,stroop:s14:r3,always_nn,1494,1,0.0170349431477418,0.982965056852258
5,14,stroop:s14:r0,always_fuse,1547,0,0.8120170235329727,0.1879829764670273
5,14,stroop:s14:r0,always_nn,1547,0,0.9993587707382692,0.000641229261731
5,14,stroop:s14:r1,always_fuse,1547,0,0.235242862066846,0.764757137933154
5,14,stroop:s14:r1,always_nn,1547,0,0.0572951920443144,0.9427048079556856
5,14,stroop:s14:r2,always_fuse,1547,1,0.2664662013613078,0.7335337986386922
5,14,stroop:s14:r2,always_nn,1547,1,0.0716000883166004,0.9283999116833996
5,14,stroop:s14:r3,always_fuse,1547,1,0.1806218056016598,0.8193781943983403
5,14,stroop:s14:r3,always_nn,1547,1,0.0515590191560622,0.9484409808439378
5,15,stroop:s15:r0,always_fuse,1335,0,0.665836920493359,0.334163079506641
5,15,stroop:s15:r0,always_nn,1335,0,0.9951503629491238,0.0048496370508761
5,15,stroop:s15:r1,always_fuse,1335,0,0.4350769454491466,0.5649230545508533
5,15,stroop:s15:r1,always_nn,1335,0,0.3291715874112663,0.6708284125887337
5,15,stroop:s15:r2,always_fuse,1335,1,0.4484644987129628,0.5515355012870373
5,15,stroop:s15:r2,always_nn,1335,1,0.4042750512965304,0.5957249487034696
5,15,stroop:s15:r3,always_fuse,1335,1,0.3354070222422988,0.6645929777577012
5,15,stroop:s15:r3,always_nn,1335,1,0.1132646502493852,0.8867353497506149
5,15,stroop:s15:r0,always_fuse,1388,0,0.7769479012239916,0.2230520987760084
5,15,stroop:s15:r0,always_nn,1388,0,0.9999999953360498,4.66395019174002e-09
5,15,stroop:s15:r1,always_fuse,1388,0,0.5273925806800118,0.4726074193199881
5,15,stroop:s15:r1,always_nn,1388,0,0.958820171470366,0.0411798285296339
5,15,stroop:s15:r2,always_fuse,1388,1,0.484709129771405,0.5152908702285949
5,15,stroop:s15:r2,always_nn,1388,1,0.7281966615140778,0.2718033384859222
5,15,stroop:s15:r3,always_fuse,1388,1,0.2462814997281434,0.7537185002718566
5,15,stroop:s15:r3,always_nn,1388,1,0.0117234904453766,0.9882765095546232
5,15,stroop:s15:r0,always_fuse,1441,0,0.6104468991414846,0.3895531008585153
5,15,stroop:s15:r0,always_nn,1441,0,0.978138665202408,0.0218613347975921
5,15,stroop:s15:r1,always_fuse,1441,0,0.4136573853471994,0.5863426146528005
5,15,stroop:s15:r1,always_nn,1441,0,0.2104744148095434,0.7895255851904566
5,15,stroop:s15:r2,always_fuse,1441,1,0.4247317589740182,0.5752682410259817
5,15,stroop:s15:r2,always_nn,1441,1,0.2517492310583044,0.7482507689416957
5,15,stroop:s15:r3,always_fuse,1441,1,0.3348201991105595,0.6651798008894405
5,15,stroop:s15:r3,always_nn,1441,1,0.1238260803840323,0.8761739196159676
5,15,stroop:s15:r0,always_fuse,1494,0,0.6737456086868914,0.3262543913131086
5,15,stroop:s15:r0,always_nn,1494,0,0.9954726492716588,0.0045273507283412
5,15,stroop:s15:r1,always_fuse,1494,0,0.4264179855342328,0.5735820144657672
5,15,stroop:s15:r1,always_nn,1494,0,0.2262132612668267,0.7737867387331733
5,15,stroop:s15:r2,always_fuse,1494,1,0.4466117902204884,0.5533882097795115
5,15,stroop:s15:r2,always_nn,1494,1,0.3468019929044338,0.6531980070955662
5,15,stroop:s15:r3,always_fuse,1494,1,0.3581854381731144,0.6418145618268856
5,15,stroop:s15:r3,always_nn,1494,1,0.2274842405740829,0.7725157594259171
5,15,stroop:s15:r0,always_fuse,1547,0,0.7831158189681784,0.2168841810318215
5,15,stroop:s15:r0,always_nn,1547,0,0.999462939821578,0.000537060178422
5,15,stroop:s15:r1,always_fuse,1547,0,0.4567560378873594,0.5432439621126406
5,15,stroop:s15:r1,always_nn,1547,0,0.5102391132056018,0.4897608867943983
5,15,stroop:s15:r2,always_fuse,1547,1,0.485380235213574,0.5146197647864259
5,15,stroop:s15:r2,always_nn,1547,1,0.6376726428847131,0.3623273571152869
5,15,stroop:s15:r3,always_fuse,1547,1,0.3283610850940813,0.6716389149059186
5,15,stroop:s15:r3,always_nn,1547,1,0.0962120805443166,0.9037879194556834
6,1,stroop:s01:r0,always_fuse,1335,0,0.4867511785964432,0.5132488214035569
6,1,stroop:s01:r0,always_nn,1335,0,0.6509904059721455,0.3490095940278544
6,1,stroop:s01:r1,always_fuse,1335,0,0.5304930994469378,0.4695069005530622
6,1,stroop:s01:r1,always_nn,1335,0,0.8412851489065714,0.1587148510934286
6,1,stroop:s01:r2,always_fuse,1335,1,0.5324967091234081,0.4675032908765918
6,1,stroop:s01:r2,always_nn,1335,1,0.8503824739492102,0.1496175260507898
6,1,stroop:s01:r3,always_fuse,1335,1,0.5381832231851663,0.4618167768148337
6,1,stroop:s01:r3,always_nn,1335,1,0.8545512117932477,0.1454487882067523
6,1,stroop:s01:r0,always_fuse,1388,0,0.4867074978183476,0.5132925021816523
6,1,stroop:s01:r0,always_nn,1388,0,0.5639573018763154,0.4360426981236845
6,1,stroop:s01:r1,always_fuse,1388,0,0.5454609461051038,0.4545390538948963
6,1,stroop:s01:r1,always_nn,1388,0,0.8459630048100127,0.1540369951899872
6,1,stroop:s01:r2,always_fuse,1388,1,0.5544367434776076,0.4455632565223923
6,1,stroop:s01:r2,always_nn,1388,1,0.8887829635298822,0.1112170364701178
6,1,stroop:s01:r3,always_fuse,1388,1,0.5318567854414373,0.4681432145585627
6,1,stroop:s01:r3,always_nn,1388,1,0.7461917512517167,0.2538082487482833
6,1,stroop:s01:r0,always_fuse,1441,0,0.6153629129375965,0.3846370870624035
6,1,stroop:s01:r0,always_nn,1441,0,0.990902318173835,0.009097681826165
6,1,stroop:s01:r1,always_fuse,1441,0,0.5701750762305672,0.4298249237694327
6,1,stroop:s01:r1,always_nn,1441,0,0.9474903972581308,0.0525096027418692
6,1,stroop:s01:r2,always_fuse,1441,1,0.5617273432810885,0.4382726567189114
6,1,stroop:s01:r2,always_nn,1441,1,0.9370009742604528,0.0629990257395471
6,1,stroop:s01:r3,always_fuse,1441,1,0.5592448843383249,0.4407551156616752
6,1,stroop:s01:r3,always_nn,1441,1,0.916443487013012,0.0835565129869878
6,1,stroop:s01:r0,always_fuse,1494,0,0.4819295558288909,0.5180704441711091
6,1,stroop:s01:r0,always_nn,1494,0,0.555753842607501,0.444246157392499
6,1,stroop:s01:r1,always_fuse,1494,0,0.5380715419763004,0.4619284580236996
6,1,stroop:s01:r1,always_nn,1494,0,0.8503695614765246,0.1496304385234754
6,1,stroop:s01:r2,always_fuse,1494,1,0.5532276411780547,0.4467723588219453
6,1,stroop:s01:r2,always_nn,1494,1,0.8967290209547217,0.1032709790452782
6,1,stroop:s01:r3,always_fuse,1494,1,0.5246332355808109,0.4753667644191892
6,1,stroop:s01:r3,always_nn,1494,1,0.768501952206796,0.2314980477932041
6,1,stroop:s01:r0,always_fuse,1547,0,0.4970036587860378,0.5029963412139622
6,1,stroop:s01:r0,always_nn,1547,0,0.6478309652035195,0.3521690347964805
6,1,stroop:s01:r1,always_fuse,1547,0,0.5285591962787627,0.4714408037212373
6,1,stroop:s01:r1,always_nn,1547,0,0.8248815368031622,0.1751184631968377
6,1,stroop:s01:r2,always_fuse,1547,1,0.5490180028994185,0.4509819971005815
6,1,stroop:s01:r2,always_nn,1547,1,0.9139359435463904,0.0860640564536097
6,1,stroop:s01:r3,always_fuse,1547,1,0.5479270433111424,0.4520729566888575
6,1,stroop:s01:r3,always_nn,1547,1,0.887548620934848,0.112451379065152
6,2,stroop:s02:r0,always_fuse,1335,0,0.6695069022061149,0.3304930977938851
6,2,stroop:s02:r0,always_nn,1335,0,0.9871594566286358,0.0128405433713642
6,2,stroop:s02:r1,always_fuse,1335,0,0.6595937421935892,0.3404062578064107
6,2,stroop:s02:r1,always_nn,1335,0,0.9858183741116676,0.0141816258883325
6,2,stroop:s02:r2,always_fuse,1335,1,0.5736253750694601,0.4263746249305399
6,2,stroop:s02:r2,always_nn,1335,1,0.9035820283924836,0.0964179716075164
6,2,stroop:s02:r3,always_fuse,1335,1,0.6145356347040322,0.3854643652959679
6,2,stroop:s02:r3,always_nn,1335,1,0.9647430841014996,0.0352569158985004
6,2,stroop:s02:r0,always_fuse,1388,0,0.656864149805848,0.343135850194152
6,2,stroop:s02:r0,always_nn,1388,0,0.9664367370201952,0.0335632629798047
6,2,stroop:s02:r1,always_fuse,1388,0,0.6364391445046486,0.3635608554953514
6,2,stroop:s02:r1,always_nn,1388,0,0.9509859892610468,0.0490140107389531
6,2,stroop:s02:r2,always_fuse,1388,1,0.5557664704711739,0.444233529528826
6,2,stroop:s02:r2,always_nn,1388,1,0.7649685509408157,0.2350314490591842
6,2,stroop:s02:r3,always_fuse,1388,1,0.5706230331392298,0.4293769668607701
6,2,stroop:s02:r3,always_nn,1388,1,0.8245301309262584,0.1754698690737417
6,2,stroop:s02:r0,always_fuse,1441,0,0.7015817296110654,0.2984182703889346
6,2,stroop:s02:r0,always_nn,1441,0,0.9963153708053214,0.0036846291946786
6,2,stroop:s02:r1,always_fuse,1441,0,0.610403648223923,0.389596351776077
6,2,stroop:s02:r1,always_nn,1441,0,0.9311375796822824,0.0688624203177177
6,2,stroop:s02:r2,always_fuse,1441,1,0.5672751062064777,0.4327248937935223
6,2,stroop:s02:r2,always_nn,1441,1,0.8604974492172295,0.1395025507827706
6,2,stroop:s02:r3,always_fuse,1441,1,0.5666270524586633,0.4333729475413367
6,2,stroop:s02:r3,always_nn,1441,1,0.8489551982760127,0.1510448017239872
6,2,stroop:s02:r0,always_fuse,1494,0,0.6557042115023629,0.344295788497637
6,2,stroop:s02:r0,always_nn,1494,0,0.9697939825665736,0.0302060174334264
6,2,stroop:s02:r1,always_fuse,1494,0,0.6470229899231567,0.3529770100768433
6,2,stroop:s02:r1,always_nn,1494,0,0.9707527569141966,0.0292472430858033
6,2,stroop:s02:r2,always_fuse,1494,1,0.5681732213031075,0.4318267786968923
6,2,stroop:s02:r2,always_nn,1494,1,0.8318822101529121,0.1681177898470879
6,2,stroop:s02:r3,always_fuse,1494,1,0.5942123000101908,0.4057876999898093
6,2,stroop:s02:r3,always_nn,1494,1,0.911919791774937,0.0880802082250629
6,2,stroop:s02:r0,always_fuse,1547,0,0.7276163169983962,0.2723836830016036
6,2,stroop:s02:r0,always_nn,1547,0,0.9986811901610492,0.0013188098389508
6,2,stroop:s02:r1,always_fuse,1547,0,0.6870667334719378,0.3129332665280623
6,2,stroop:s02:r1,always_nn,1547,0,0.9952022502479144,0.0047977497520856
6,2,stroop:s02:r2,always_fuse,1547,1,0.6106806385687995,0.3893193614312005
6,2,stroop:s02:r2,always_nn,1547,1,0.9588561047797431,0.0411438952202569
6,2,stroop:s02:r3,always_fuse,1547,1,0.624769621587855,0.375230378412145
6,2,stroop:s02:r3,always_nn,1547,1,0.9694488285721112,0.0305511714278889
6,3,stroop:s03:r0,always_fuse,1335,0,0.8385449810687151,0.1614550189312848
6,3,stroop:s03:r0,always_nn,1335,0,0.999999944932586,5.5067414072847976e-08
6,3,stroop:s03:r1,always_fuse,1335,0,0.6219083948165594,0.3780916051834407
6,3,stroop:s03:r1,always_nn,1335,0,0.9947463715661656,0.0052536284338343
6,3,stroop:s03:r2,always_fuse,1335,1,0.3864709541494818,0.6135290458505183
6,3,stroop:s03:r2,always_nn,1335,1,0.0484410529251184,0.9515589470748814
6,3,stroop:s03:r3,always_fuse,1335,1,0.2363897689182841,0.7636102310817159
6,3,stroop:s03:r3,always_nn,1335,1,0.0005841042420048,0.9994158957579952
6,3,stroop:s03:r0,always_fuse,1388,0,0.7980857597014487,0.2019142402985514
6,3,stroop:s03:r0,always_nn,1388,0,0.9999763463439336,2.365365606622812e-05
6,3,stroop:s03:r1,always_fuse,1388,0,0.4944967599201952,0.5055032400798048
6,3,stroop:s03:r1,always_nn,1388,0,0.6043882742832778,0.3956117257167222
6,3,stroop:s03:r2,always_fuse,1388,1,0.530085798997362,0.4699142010026381
6,3,stroop:s03:r2,always_nn,1388,1,0.589849324157663,0.410150675842337
6,3,stroop:s03:r3,always_fuse,1388,1,0.3693694335489663,0.6306305664510337
6,3,stroop:s03:r3,always_nn,1388,1,0.0285564147412353,0.9714435852587646
6,3,stroop:s03:r0,always_fuse,1441,0,0.7906199290292656,0.2093800709707344
6,3,stroop:s03:r0,always_nn,1441,0,0.9999919803083368,8.019691663152019e-06
6,3,stroop:s03:r1,always_fuse,1441,0,0.522155643570957,0.4778443564290429
6,3,stroop:s03:r1,always_nn,1441,0,0.8478238737009318,0.1521761262990682
6,3,stroop:s03:r2,always_fuse,1441,1,0.4472521146067124,0.5527478853932876
6,3,stroop:s03:r2,always_nn,1441,1,0.0679726711562236,0.9320273288437764
6,3,stroop:s03:r3,always_fuse,1441,1,0.302114442435294,0.6978855575647059
6,3,stroop:s03:r3,always_nn,1441,1,0.0019947781349628,0.9980052218650372
6,3,stroop:s03:r0,always_fuse,1494,0,0.8216662801401134,0.1783337198598865
6,3,stroop:s03:r0,always_nn,1494,0,0.9999996878448322,3.121551679178401e-07
6,3,stroop:s03:r1,always_fuse,1494,0,0.543102766248947,0.4568972337510529
6,3,stroop:s03:r1,always_nn,1494,0,0.8811584488223181,0.1188415511776819
6,3,stroop:s03:r2,always_fuse,1494,1,0.3912988499766172,0.6087011500233829
6,3,stroop:s03:r2,always_nn,1494,1,0.0300768759529292,0.9699231240470708
6,3,stroop:s03:r3,always_fuse,1494,1,0.284042759750194,0.715957240249806
6,3,stroop:s03:r3,always_nn,1494,1,0.0018543650893875,0.9981456349106124
6,3,stroop:s03:r0,always_fuse,1547,0,0.8348563809910369,0.1651436190089631
6,3,stroop:s03:r0,always_nn,1547,0,0.9999999996123942,3.876058043718751e-10
6,3,stroop:s03:r1,always_fuse,1547,0,0.523320959219685,0.4766790407803149
6,3,stroop:s03:r1,always_nn,1547,0,0.9632698177558332,0.0367301822441668
6,3,stroop:s03:r2,always_fuse,1547,1,0.4212760229412377,0.5787239770587623
6,3,stroop:s03:r2,always_nn,1547,1,0.0289837898826692,0.9710162101173307
6,3,stroop:s03:r3,always_fuse,1547,1,0.3001423078569395,0.6998576921430604
6,3,stroop:s03:r3,always_nn,1547,1,0.0002264113066227,0.9997735886933772
6,4,stroop:s04:r0,always_fuse,1335,0,0.4091879721744615,0.5908120278255384
6,4,stroop:s04:r0,always_nn,1335,0,0.3378875477574204,0.6621124522425794
6,4,stroop:s04:r1,always_fuse,1335,0,0.4195525943773829,0.5804474056226172
6,4,stroop:s04:r1,always_nn,1335,0,0.424363518466792,0.5756364815332079
6,4,stroop:s04:r2,always_fuse,1335,1,0.4334284153612914,0.5665715846387086
6,4,stroop:s04:r2,always_nn,1335,1,0.4949427415538771,0.5050572584461228
6,4,stroop:s04:r3,always_fuse,1335,1,0.4297779470663049,0.570222052933695
6,4,stroop:s04:r3,always_nn,1335,1,0.4773017777241978,0.5226982222758023
6,4,stroop:s04:r0,always_fuse,1388,0,0.4020818299187043,0.5979181700812957
6,4,stroop:s04:r0,always_nn,1388,0,0.3337263950455743,0.6662736049544256
6,4,stroop:s04:r1,always_fuse,1388,0,0.3813957274165202,0.6186042725834798
6,4,stroop:s04:r1,always_nn,1388,0,0.2730221739687681,0.7269778260312317
6,4,stroop:s04:r2,always_fuse,1388,1,0.3527180734983525,0.6472819265016475
6,4,stroop:s04:r2,always_nn,1388,1,0.1066015945165369,0.893398405483463
6,4,stroop:s04:r3,always_fuse,1388,1,0.3349687830194815,0.6650312169805186
6,4,stroop:s04:r3,always_nn,1388,1,0.0567367783758158,0.9432632216241842
6,4,stroop:s04:r0,always_fuse,1441,0,0.3609826159750708,0.6390173840249292
6,4,stroop:s04:r0,always_nn,1441,0,0.14653613901697,0.85346386098303
6,4,stroop:s04:r1,always_fuse,1441,0,0.375838831421012,0.624161168578988
6,4,stroop:s04:r1,always_nn,1441,0,0.2741467623162217,0.7258532376837782
6,4,stroop:s04:r2,always_fuse,1441,1,0.3454741575781185,0.6545258424218814
6,4,stroop:s04:r2,always_nn,1441,1,0.0871471045053806,0.9128528954946192
6,4,stroop:s04:r3,always_fuse,1441,1,0.3312471092530112,0.6687528907469887
6,4,stroop:s04:r3,always_nn,1441,1,0.0534798324343421,0.9465201675656578
6,4,stroop:s04:r0,always_fuse,1494,0,0.3724208503984815,0.6275791496015185
6,4,stroop:s04:r0,always_nn,1494,0,0.1738866935060554,0.8261133064939444
6,4,stroop:s04:r1,always_fuse,1494,0,0.367665309364352,0.632334690635648
6,4,stroop:s04:r1,always_nn,1494,0,0.1627698947982825,0.8372301052017175
6,4,stroop:s04:r2,always_fuse,1494,1,0.3792787798437283,0.6207212201562717
6,4,stroop:s04:r2,always_nn,1494,1,0.1798018898445444,0.8201981101554555
6,4,stroop:s04:r3,always_fuse,1494,1,0.3727992767924928,0.6272007232075072
6,4,stroop:s04:r3,always_nn,1494,1,0.1621076616454198,0.8378923383545801
6,4,stroop:s04:r0,always_fuse,1547,0,0.3867958496853206,0.6132041503146793
6,4,stroop:s04:r0,always_nn,1547,0,0.1807651799103383,0.8192348200896616
6,4,stroop:s04:r1,always_fuse,1547,0,0.3888765622476847,0.6111234377523153
6,4,stroop:s04:r1,always_nn,1547,0,0.2396598442917935,0.7603401557082063
6,4,stroop:s04:r2,always_fuse,1547,1,0.3997903465245271,0.6002096534754728
6,4,stroop:s04:r2,always_nn,1547,1,0.266510708282904,0.733489291717096
6,4,stroop:s04:r3,always_fuse,1547,1,0.3973144070628519,0.6026855929371482
6,4,stroop:s04:r3,always_nn,1547,1,0.2445842350263547,0.7554157649736453
6,5,stroop:s05:r0,always_fuse,1335,0,0.8327509839976938,0.1672490160023062
6,5,stroop:s05:r0,always_nn,1335,0,0.9999984973342502,1.5026657498390088e-06
6,5,stroop:s05:r1,always_fuse,1335,0,0.442837178598241,0.5571628214017589
6,5,stroop:s05:r1,always_nn,1335,0,0.4174773825221076,0.5825226174778924
6,5,stroop:s05:r2,always_fuse,1335,1,0.40881989324834,0.5911801067516599
6,5,stroop:s05:r2,always_nn,1335,1,0.1961592735245887,0.8038407264754112
6,5,stroop:s05:r3,always_fuse,1335,1,0.3836991520139559,0.6163008479860441
6,5,stroop:s05:r3,always_nn,1335,1,0.1254124678104365,0.8745875321895634
6,5,stroop:s05:r0,always_fuse,1388,0,0.821089892570183,0.1789101074298169
6,5,stroop:s05:r0,always_nn,1388,0,0.9999999980149108,1.9850890738133332e-09
6,5,stroop:s05:r1,always_fuse,1388,0,0.430879479832801,0.5691205201671989
6,5,stroop:s05:r1,always_nn,1388,0,0.2494591918788123,0.7505408081211876
6,5,stroop:s05:r2,always_fuse,1388,1,0.3373590567081443,0.6626409432918556
6,5,stroop:s05:r2,always_nn,1388,1,0.0067542419976728,0.9932457580023272
6,5,stroop:s05:r3,always_fuse,1388,1,0.3593461542842798,0.6406538457157201
6,5,stroop:s05:r3,always_nn,1388,1,0.0226146372234172,0.9773853627765828
6,5,stroop:s05:r0,always_fuse,1441,0,0.750325575034818,0.249674424965182
6,5,stroop:s05:r0,always_nn,1441,0,0.999806492338972,0.0001935076610281
6,5,stroop:s05:r1,always_fuse,1441,0,0.4315729862818966,0.5684270137181033
6,5,stroop:s05:r1,always_nn,1441,0,0.3008165295136173,0.6991834704863826
6,5,stroop:s05:r2,always_fuse,1441,1,0.4383793841091882,0.5616206158908118
6,5,stroop:s05:r2,always_nn,1441,1,0.2881272117774265,0.7118727882225734
6,5,stroop:s05:r3,always_fuse,1441,1,0.3996691050851886,0.6003308949148113
6,5,stroop:s05:r3,always_nn,1441,1,0.1419624234566596,0.8580375765433403
6,5,stroop:s05:r0,always_fuse,1494,0,0.8342194664685929,0.1657805335314071
6,5,stroop:s05:r0,always_nn,1494,0,0.999999999664663,3.3533696766050725e-10
6,5,stroop:s05:r1,always_fuse,1494,0,0.4315322694731784,0.5684677305268215
6,5,stroop:s05:r1,always_nn,1494,0,0.3658210159199556,0.6341789840800443
6,5,stroop:s05:r2,always_fuse,1494,1,0.3391089406242215,0.6608910593757784
6,5,stroop:s05:r2,always_nn,1494,1,0.0190759538731773,0.9809240461268226
6,5,stroop:s05:r3,always_fuse,1494,1,0.3324100714245644,0.6675899285754356
6,5,stroop:s05:r3,always_nn,1494,1,0.0194029691733994,0.9805970308266004
6,5,stroop:s05:r0,always_fuse,1547,0,0.776510889517792,0.2234891104822079
6,5,stroop:s05:r0,always_nn,1547,0,0.9999899924945068,1.0007505493183532e-05
6,5,stroop:s05:r1,always_fuse,1547,0,0.4573970928870212,0.5426029071129789
6,5,stroop:s05:r1,always_nn,1547,0,0.4407924203530587,0.5592075796469412
6,5,stroop:s05:r2,always_fuse,1547,1,0.4526118685519676,0.5473881314480323
6,5,stroop:s05:r2,always_nn,1547,1,0.3265037854760843,0.6734962145239157
6,5,stroop:s05:r3,always_fuse,1547,1,0.4164681037748734,0.5835318962251266
6,5,stroop:s05:r3,always_nn,1547,1,0.1606240846514019,0.8393759153485981
6,7,stroop:s07:r0,always_fuse,1335,0,0.8148970392084597,0.1851029607915403
6,7,stroop:s07:r0,always_nn,1335,0,0.9999905827898125,9.417210187606604e-06
6,7,stroop:s07:r1,always_fuse,1335,0,0.475410473637424,0.5245895263625759
6,7,stroop:s07:r1,always_nn,1335,0,0.6408566712683106,0.3591433287316893
6,7,stroop:s07:r2,always_fuse,1335,1,0.4580344589669055,0.5419655410330946
6,7,stroop:s07:r2,always_nn,1335,1,0.5460048475889369,0.4539951524110631
6,7,stroop:s07:r3,always_fuse,1335,1,0.4329058868004607,0.5670941131995394
6,7,stroop:s07:r3,always_nn,1335,1,0.3908228702799267,0.6091771297200733
6,7,stroop:s07:r0,always_fuse,1388,0,0.8246408106827101,0.1753591893172899
6,7,stroop:s07:r0,always_nn,1388,0,0.9999996428891952,3.571108048257208e-07
6,7,stroop:s07:r1,always_fuse,1388,0,0.4758282559380187,0.5241717440619813
6,7,stroop:s07:r1,always_nn,1388,0,0.7514074683413176,0.2485925316586825
6,7,stroop:s07:r2,always_fuse,1388,1,0.4308818089695326,0.5691181910304675
6,7,stroop:s07:r2,always_nn,1388,1,0.455761100722699,0.544238899277301
6,7,stroop:s07:r3,always_fuse,1388,1,0.4162281499370631,0.5837718500629369
6,7,stroop:s07:r3,always_nn,1388,1,0.3994043787025029,0.6005956212974972
6,7,stroop:s07:r0,always_fuse,1441,0,0.8127019931632256,0.1872980068367744
6,7,stroop:s07:r0,always_nn,1441,0,0.999999233778252,7.662217479838717e-07
6,7,stroop:s07:r1,always_fuse,1441,0,0.444420576071857,0.5555794239281431
6,7,stroop:s07:r1,always_nn,1441,0,0.4455874105840091,0.5544125894159908
6,7,stroop:s07:r2,always_fuse,1441,1,0.4448918699343626,0.5551081300656373
6,7,stroop:s07:r2,always_nn,1441,1,0.4714692219007766,0.5285307780992234
6,7,stroop:s07:r3,always_fuse,1441,1,0.4011167945514037,0.5988832054485963
6,7,stroop:s07:r3,always_nn,1441,1,0.2096920904710187,0.7903079095289812
6,7,stroop:s07:r0,always_fuse,1494,0,0.7793580429903966,0.2206419570096034
6,7,stroop:s07:r0,always_nn,1494,0,0.9998033406831652,0.0001966593168349
6,7,stroop:s07:r1,always_fuse,1494,0,0.4646592200149932,0.5353407799850068
6,7,stroop:s07:r1,always_nn,1494,0,0.5494178107815539,0.4505821892184461
6,7,stroop:s07:r2,always_fuse,1494,1,0.4610327810577654,0.5389672189422345
6,7,stroop:s07:r2,always_nn,1494,1,0.5535175048221789,0.4464824951778211
6,7,stroop:s07:r3,always_fuse,1494,1,0.4408462067020959,0.559153793297904
6,7,stroop:s07:r3,always_nn,1494,1,0.4413174263731412,0.5586825736268588
6,7,stroop:s07:r0,always_fuse,1547,0,0.7735937449718495,0.2264062550281504
6,7,stroop:s07:r0,always_nn,1547,0,0.999993607388154,6.392611845937428e-06
6,7,stroop:s07:r1,always_fuse,1547,0,0.447398753012032,0.552601246987968
6,7,stroop:s07:r1,always_nn,1547,0,0.4064828575969386,0.5935171424030614
6,7,stroop:s07:r2,always_fuse,1547,1,0.4563558242092916,0.5436441757907085
6,7,stroop:s07:r2,always_nn,1547,1,0.5312863562073487,0.4687136437926513
6,7,stroop:s07:r3,always_fuse,1547,1,0.4160517082856041,0.5839482917143959
6,7,stroop:s07:r3,always_nn,1547,1,0.2386638815860151,0.7613361184139847
6,8,stroop:s08:r0,always_fuse,1335,0,0.7175031461303911,0.2824968538696089
6,8,stroop:s08:r0,always_nn,1335,0,0.999713057137865,0.000286942862135
6,8,stroop:s08:r1,always_fuse,1335,0,0.5584096458367623,0.4415903541632378
6,8,stroop:s08:r1,always_nn,1335,0,0.937979099163938,0.062020900836062
6,8,stroop:s08:r2,always_fuse,1335,1,0.2988349399909893,0.7011650600090106
6,8,stroop:s08:r2,always_nn,1335,1,0.0108713681328323,0.9891286318671676
6,8,stroop:s08:r3,always_fuse,1335,1,0.2342307589339073,0.7657692410660926
6,8,stroop:s08:r3,always_nn,1335,1,0.0010542910094043,0.9989457089905956
6,8,stroop:s08:r0,always_fuse,1388,0,0.6922650066743353,0.3077349933256647
6,8,stroop:s08:r0,always_nn,1388,0,0.9997201340651282,0.0002798659348717
6,8,stroop:s08:r1,always_fuse,1388,0,0.5548136175514357,0.4451863824485643
6,8,stroop:s08:r1,always_nn,1388,0,0.9529656568575364,0.0470343431424635
6,8,stroop:s08:r2,always_fuse,1388,1,0.4617924921451565,0.5382075078548435
6,8,stroop:s08:r2,always_nn,1388,1,0.5319444026356511,0.4680555973643488
6,8,stroop:s08:r3,always_fuse,1388,1,0.3882300519670705,0.6117699480329296
6,8,stroop:s08:r3,always_nn,1388,1,0.1061890907312976,0.8938109092687023
6,8,stroop:s08:r0,always_fuse,1441,0,0.7565823631466955,0.2434176368533045
6,8,stroop:s08:r0,always_nn,1441,0,0.999998749788769,1.2502112309452256e-06
6,8,stroop:s08:r1,always_fuse,1441,0,0.5308410307800017,0.4691589692199984
6,8,stroop:s08:r1,always_nn,1441,0,0.879084674441306,0.120915325558694
6,8,stroop:s08:r2,always_fuse,1441,1,0.4228401695883037,0.5771598304116963
6,8,stroop:s08:r2,always_nn,1441,1,0.271280080983532,0.7287199190164679
6,8,stroop:s08:r3,always_fuse,1441,1,0.3412618868655402,0.6587381131344598
6,8,stroop:s08:r3,always_nn,1441,1,0.0210342949332834,0.9789657050667168
6,8,stroop:s08:r0,always_fuse,1494,0,0.699026165782174,0.300973834217826
6,8,stroop:s08:r0,always_nn,1494,0,0.9996775959286563,0.0003224040713434
6,8,stroop:s08:r1,always_fuse,1494,0,0.5917077262391351,0.4082922737608648
6,8,stroop:s08:r1,always_nn,1494,0,0.97830524768986,0.0216947523101398
6,8,stroop:s08:r2,always_fuse,1494,1,0.4051459269191972,0.5948540730808027
6,8,stroop:s08:r2,always_nn,1494,1,0.1730399551333455,0.8269600448666544
6,8,stroop:s08:r3,always_fuse,1494,1,0.3171774171428922,0.6828225828571077
6,8,stroop:s08:r3,always_nn,1494,1,0.0122818819350778,0.9877181180649222
6,8,stroop:s08:r0,always_fuse,1547,0,0.708259451787615,0.291740548212385
6,8,stroop:s08:r0,always_nn,1547,0,0.9999863230599962,1.3676940003705316e-05
6,8,stroop:s08:r1,always_fuse,1547,0,0.5627216847887299,0.4372783152112701
6,8,stroop:s08:r1,always_nn,1547,0,0.9690566418999652,0.0309433581000348
6,8,stroop:s08:r2,always_fuse,1547,1,0.4383093755931264,0.5616906244068736
6,8,stroop:s08:r2,always_nn,1547,1,0.2713009401686029,0.7286990598313972
6,8,stroop:s08:r3,always_fuse,1547,1,0.3671303472498653,0.6328696527501347
6,8,stroop:s08:r3,always_nn,1547,1,0.0302800413739055,0.9697199586260944
6,9,stroop:s09:r0,always_fuse,1335,0,0.8507854108405726,0.1492145891594274
6,9,stroop:s09:r0,always_nn,1335,0,0.999991363991532,8.636008468019122e-06
6,9,stroop:s09:r1,always_fuse,1335,0,0.5161192340673756,0.4838807659326244
6,9,stroop:s09:r1,always_nn,1335,0,0.7058283747798462,0.2941716252201538
6,9,stroop:s09:r2,always_fuse,1335,1,0.4237440574345524,0.5762559425654477
6,9,stroop:s09:r2,always_nn,1335,1,0.1811215984696101,0.8188784015303898
6,9,stroop:s09:r3,always_fuse,1335,1,0.4912359373898174,0.5087640626101826
6,9,stroop:s09:r3,always_nn,1335,1,0.5729670476409902,0.4270329523590099
6,9,stroop:s09:r0,always_fuse,1388,0,0.8729352738478194,0.1270647261521805
6,9,stroop:s09:r0,always_nn,1388,0,0.9999999999769836,2.3016547300101555e-11
6,9,stroop:s09:r1,always_fuse,1388,0,0.5972333166331318,0.4027666833668681
6,9,stroop:s09:r1,always_nn,1388,0,0.9925997488896278,0.0074002511103722
6,9,stroop:s09:r2,always_fuse,1388,1,0.3424461811164019,0.657553818883598
6,9,stroop:s09:r2,always_nn,1388,1,0.0023095102248398,0.99769048977516
6,9,stroop:s09:r3,always_fuse,1388,1,0.4318625513147888,0.5681374486852111
6,9,stroop:s09:r3,always_nn,1388,1,0.0967028751388652,0.9032971248611348
6,9,stroop:s09:r0,always_fuse,1441,0,0.8563677847030051,0.1436322152969948
6,9,stroop:s09:r0,always_nn,1441,0,0.9999999078079684,9.2192031427685e-08
6,9,stroop:s09:r1,always_fuse,1441,0,0.5660905764338255,0.4339094235661744
6,9,stroop:s09:r1,always_nn,1441,0,0.8985638353072742,0.1014361646927258
6,9,stroop:s09:r2,always_fuse,1441,1,0.4037729982744535,0.5962270017255464
6,9,stroop:s09:r2,always_nn,1441,1,0.0425139818779473,0.9574860181220526
6,9,stroop:s09:r3,always_fuse,1441,1,0.4897215733984575,0.5102784266015423
6,9,stroop:s09:r3,always_nn,1441,1,0.4366706129897629,0.5633293870102372
6,9,stroop:s09:r0,always_fuse,1494,0,0.8528280520702877,0.1471719479297123
6,9,stroop:s09:r0,always_nn,1494,0,0.999999998949438,1.050562017756128e-09
6,9,stroop:s09:r1,always_fuse,1494,0,0.5223942208675326,0.4776057791324675
6,9,stroop:s09:r1,always_nn,1494,0,0.7971194043679813,0.2028805956320186
6,9,stroop:s09:r2,always_fuse,1494,1,0.2755460395649348,0.7244539604350653
6,9,stroop:s09:r2,always_nn,1494,1,0.0010591011993436,0.9989408988006564
6,9,stroop:s09:r3,always_fuse,1494,1,0.3847887637408608,0.6152112362591392
6,9,stroop:s09:r3,always_nn,1494,1,0.041742748614177,0.958257251385823
6,9,stroop:s09:r0,always_fuse,1547,0,0.8237905623483571,0.1762094376516428
6,9,stroop:s09:r0,always_nn,1547,0,0.999999997000473,2.999526981129284e-09
6,9,stroop:s09:r1,always_fuse,1547,0,0.5291837331178489,0.470816266882151
6,9,stroop:s09:r1,always_nn,1547,0,0.7662910083201318,0.2337089916798683
6,9,stroop:s09:r2,always_fuse,1547,1,0.3396606686910371,0.6603393313089629
6,9,stroop:s09:r2,always_nn,1547,1,0.0021626014839024,0.9978373985160977
6,9,stroop:s09:r3,always_fuse,1547,1,0.4199502371600944,0.5800497628399056
6,9,stroop:s09:r3,always_nn,1547,1,0.0389048097797848,0.9610951902202152
6,10,stroop:s10:r0,always_fuse,1335,0,0.5732735426311717,0.4267264573688283
6,10,stroop:s10:r0,always_nn,1335,0,0.931045767284975,0.0689542327150249
6,10,stroop:s10:r1,always_fuse,1335,0,0.4856474561527311,0.5143525438472688
6,10,stroop:s10:r1,always_nn,1335,0,0.6553642625863187,0.3446357374136811
6,10,stroop:s10:r2,always_fuse,1335,1,0.4919415141332554,0.5080584858667446
6,10,stroop:s10:r2,always_nn,1335,1,0.6954254419849559,0.3045745580150439
6,10,stroop:s10:r3,always_fuse,1335,1,0.4338041206312065,0.5661958793687935
6,10,stroop:s10:r3,always_nn,1335,1,0.4072260486442436,0.5927739513557565
6,10,stroop:s10:r0,always_fuse,1388,0,0.6359970192897975,0.3640029807102025
6,10,stroop:s10:r0,always_nn,1388,0,0.9755157180592592,0.0244842819407407
6,10,stroop:s10:r1,always_fuse,1388,0,0.484907961068675,0.5150920389313249
6,10,stroop:s10:r1,always_nn,1388,0,0.5723997016077996,0.4276002983922004
6,10,stroop:s10:r2,always_fuse,1388,1,0.4943540628915399,0.5056459371084601
6,10,stroop:s10:r2,always_nn,1388,1,0.6369246693563994,0.3630753306436006
6,10,stroop:s10:r3,always_fuse,1388,1,0.3983942828513412,0.6016057171486587
6,10,stroop:s10:r3,always_nn,1388,1,0.2046673102149544,0.7953326897850457
6,10,stroop:s10:r0,always_fuse,1441,0,0.6395676118622474,0.3604323881377526
6,10,stroop:s10:r0,always_nn,1441,0,0.9893858974327144,0.0106141025672855
6,10,stroop:s10:r1,always_fuse,1441,0,0.4846869017712494,0.5153130982287506
6,10,stroop:s10:r1,always_nn,1441,0,0.5773230066629405,0.4226769933370594
6,10,stroop:s10:r2,always_fuse,1441,1,0.4860348907869562,0.5139651092130438
6,10,stroop:s10:r2,always_nn,1441,1,0.6012926739742022,0.3987073260257978
6,10,stroop:s10:r3,always_fuse,1441,1,0.37616199483996,0.6238380051600401
6,10,stroop:s10:r3,always_nn,1441,1,0.0935868794942717,0.9064131205057282
6,10,stroop:s10:r0,always_fuse,1494,0,0.7286101430859632,0.2713898569140369
6,10,stroop:s10:r0,always_nn,1494,0,0.9993908816130492,0.0006091183869508
6,10,stroop:s10:r1,always_fuse,1494,0,0.5511779848112873,0.4488220151887127
6,10,stroop:s10:r1,always_nn,1494,0,0.906770178830556,0.093229821169444
6,10,stroop:s10:r2,always_fuse,1494,1,0.5439624645362047,0.4560375354637954
6,10,stroop:s10:r2,always_nn,1494,1,0.8816485505073113,0.1183514494926888
6,10,stroop:s10:r3,always_fuse,1494,1,0.3783986484340734,0.6216013515659266
6,10,stroop:s10:r3,always_nn,1494,1,0.0960660047778752,0.9039339952221248
6,10,stroop:s10:r0,always_fuse,1547,0,0.6669835899292242,0.3330164100707758
6,10,stroop:s10:r0,always_nn,1547,0,0.996967353621125,0.0030326463788749
6,10,stroop:s10:r1,always_fuse,1547,0,0.5213000830701725,0.4786999169298274
6,10,stroop:s10:r1,always_nn,1547,0,0.8054078797400307,0.1945921202599693
6,10,stroop:s10:r2,always_fuse,1547,1,0.5277588513496085,0.4722411486503915
6,10,stroop:s10:r2,always_nn,1547,1,0.8458709264337599,0.15412907356624
6,10,stroop:s10:r3,always_fuse,1547,1,0.4258974092711116,0.5741025907288884
6,10,stroop:s10:r3,always_nn,1547,1,0.2622524704840451,0.7377475295159549
6,11,stroop:s11:r0,always_fuse,1335,0,0.7653446346398799,0.2346553653601201
6,11,stroop:s11:r0,always_nn,1335,0,0.999975815984501,2.4184015498940897e-05
6,11,stroop:s11:r1,always_fuse,1335,0,0.4859958594182632,0.5140041405817368
6,11,stroop:s11:r1,always_nn,1335,0,0.6953478394562982,0.3046521605437018
6,11,stroop:s11:r2,always_fuse,1335,1,0.3871032465213404,0.6128967534786596
6,11,stroop:s11:r2,always_nn,1335,1,0.1155316921917024,0.8844683078082975
6,11,stroop:s11:r3,always_fuse,1335,1,0.4857214354639658,0.5142785645360342
6,11,stroop:s11:r3,always_nn,1335,1,0.6581188925373211,0.3418811074626788
6,11,stroop:s11:r0,always_fuse,1388,0,0.6671888015340345,0.3328111984659656
6,11,stroop:s11:r0,always_nn,1388,0,0.9962150111451754,0.0037849888548245
6,11,stroop:s11:r1,always_fuse,1388,0,0.4642504176515323,0.5357495823484677
6,11,stroop:s11:r1,always_nn,1388,0,0.5760526339283012,0.4239473660716988
6,11,stroop:s11:r2,always_fuse,1388,1,0.4335776869097717,0.5664223130902284
6,11,stroop:s11:r2,always_nn,1388,1,0.2638473872064526,0.7361526127935475
6,11,stroop:s11:r3,always_fuse,1388,1,0.4673660094710038,0.5326339905289962
6,11,stroop:s11:r3,always_nn,1388,1,0.5002683435456774,0.4997316564543225
6,11,stroop:s11:r0,always_fuse,1441,0,0.6884932490254412,0.3115067509745588
6,11,stroop:s11:r0,always_nn,1441,0,0.9992284763070164,0.0007715236929834
6,11,stroop:s11:r1,always_fuse,1441,0,0.4564109556697203,0.5435890443302797
6,11,stroop:s11:r1,always_nn,1441,0,0.5038733022137862,0.4961266977862136
6,11,stroop:s11:r2,always_fuse,1441,1,0.4603018862938687,0.5396981137061313
6,11,stroop:s11:r2,always_nn,1441,1,0.4638548268577937,0.5361451731422063
6,11,stroop:s11:r3,always_fuse,1441,1,0.4714584533000487,0.5285415466999512
6,11,stroop:s11:r3,always_nn,1441,1,0.5254403247822392,0.4745596752177608
6,11,stroop:s11:r0,always_fuse,1494,0,0.6359440408755217,0.3640559591244783
6,11,stroop:s11:r0,always_nn,1494,0,0.9843915626769052,0.0156084373230949
6,11,stroop:s11:r1,always_fuse,1494,0,0.4569293892365408,0.5430706107634592
6,11,stroop:s11:r1,always_nn,1494,0,0.4615207393219754,0.5384792606780245
6,11,stroop:s11:r2,always_fuse,1494,1,0.459438518035458,0.5405614819645419
6,11,stroop:s11:r2,always_nn,1494,1,0.4117953715742092,0.5882046284257907
6,11,stroop:s11:r3,always_fuse,1494,1,0.4626082085062318,0.5373917914937683
6,11,stroop:s11:r3,always_nn,1494,1,0.4129870502715109,0.587012949728489
6,11,stroop:s11:r0,always_fuse,1547,0,0.7093452514135383,0.2906547485864618
6,11,stroop:s11:r0,always_nn,1547,0,0.9999983692435468,1.6307564531312251e-06
6,11,stroop:s11:r1,always_fuse,1547,0,0.4478855685264925,0.5521144314735076
6,11,stroop:s11:r1,always_nn,1547,0,0.3296888427341096,0.6703111572658904
6,11,stroop:s11:r2,always_fuse,1547,1,0.4241034423917231,0.5758965576082768
6,11,stroop:s11:r2,always_nn,1547,1,0.1343739856422444,0.8656260143577554
6,11,stroop:s11:r3,always_fuse,1547,1,0.4643016272606098,0.53569837273939
6,11,stroop:s11:r3,always_nn,1547,1,0.4062102582651951,0.593789741734805
6,12,stroop:s12:r0,always_fuse,1335,0,0.4822328247139383,0.5177671752860616
6,12,stroop:s12:r0,always_nn,1335,0,0.5951502297330562,0.4048497702669438
6,12,stroop:s12:r1,always_fuse,1335,0,0.4698557274815257,0.5301442725184743
6,12,stroop:s12:r1,always_nn,1335,0,0.6015205352162823,0.3984794647837176
6,12,stroop:s12:r2,always_fuse,1335,1,0.4446251840106355,0.5553748159893646
6,12,stroop:s12:r2,always_nn,1335,1,0.4575278952142345,0.5424721047857655
6,12,stroop:s12:r3,always_fuse,1335,1,0.4577573406871565,0.5422426593128435
6,12,stroop:s12:r3,always_nn,1335,1,0.5372267342375481,0.4627732657624518
6,12,stroop:s12:r0,always_fuse,1388,0,0.5345161795790575,0.4654838204209424
6,12,stroop:s12:r0,always_nn,1388,0,0.7791253873417766,0.2208746126582234
6,12,stroop:s12:r1,always_fuse,1388,0,0.4651593519584777,0.5348406480415222
6,12,stroop:s12:r1,always_nn,1388,0,0.4359745487479809,0.5640254512520191
6,12,stroop:s12:r2,always_fuse,1388,1,0.4522402797843722,0.5477597202156278
6,12,stroop:s12:r2,always_nn,1388,1,0.4039635471734599,0.5960364528265402
6,12,stroop:s12:r3,always_fuse,1388,1,0.4616868635557118,0.5383131364442882
6,12,stroop:s12:r3,always_nn,1388,1,0.4402004030183422,0.5597995969816578
6,12,stroop:s12:r0,always_fuse,1441,0,0.5250448788731485,0.4749551211268514
6,12,stroop:s12:r0,always_nn,1441,0,0.7801546743560279,0.219845325643972
6,12,stroop:s12:r1,always_fuse,1441,0,0.4468091675666822,0.5531908324333178
6,12,stroop:s12:r1,always_nn,1441,0,0.4119902417791148,0.5880097582208852
6,12,stroop:s12:r2,always_fuse,1441,1,0.4344136386638481,0.5655863613361518
6,12,stroop:s12:r2,always_nn,1441,1,0.3720093604785383,0.6279906395214617
6,12,stroop:s12:r3,always_fuse,1441,1,0.4376231578681214,0.5623768421318784
6,12,stroop:s12:r3,always_nn,1441,1,0.3710335462143426,0.6289664537856573
6,12,stroop:s12:r0,always_fuse,1494,0,0.5529413969452969,0.4470586030547031
6,12,stroop:s12:r0,always_nn,1494,0,0.8742907861154697,0.1257092138845302
6,12,stroop:s12:r1,always_fuse,1494,0,0.4798951834527187,0.5201048165472812
6,12,stroop:s12:r1,always_nn,1494,0,0.6368616040303808,0.3631383959696192
6,12,stroop:s12:r2,always_fuse,1494,1,0.4392008175731353,0.5607991824268647
6,12,stroop:s12:r2,always_nn,1494,1,0.3798690614729256,0.6201309385270745
6,12,stroop:s12:r3,always_fuse,1494,1,0.4508685781560607,0.5491314218439393
6,12,stroop:s12:r3,always_nn,1494,1,0.4309220944404235,0.5690779055595764
6,12,stroop:s12:r0,always_fuse,1547,0,0.5399830575868066,0.4600169424131933
6,12,stroop:s12:r0,always_nn,1547,0,0.8373573094069938,0.162642690593006
6,12,stroop:s12:r1,always_fuse,1547,0,0.4428476501357599,0.5571523498642401
6,12,stroop:s12:r1,always_nn,1547,0,0.2908336553918624,0.7091663446081375
6,12,stroop:s12:r2,always_fuse,1547,1,0.4188929431336318,0.5811070568663682
6,12,stroop:s12:r2,always_nn,1547,1,0.1684511192946806,0.8315488807053193
6,12,stroop:s12:r3,always_fuse,1547,1,0.4237938936369173,0.5762061063630828
6,12,stroop:s12:r3,always_nn,1547,1,0.1677422378405675,0.8322577621594325
6,13,stroop:s13:r0,always_fuse,1335,0,0.8182276837867941,0.1817723162132058
6,13,stroop:s13:r0,always_nn,1335,0,0.9999996694636528,3.305363471799083e-07
6,13,stroop:s13:r1,always_fuse,1335,0,0.4702385529430888,0.5297614470569112
6,13,stroop:s13:r1,always_nn,1335,0,0.5223725079387558,0.4776274920612443
6,13,stroop:s13:r2,always_fuse,1335,1,0.4181460514035841,0.581853948596416
6,13,stroop:s13:r2,always_nn,1335,1,0.1500043098085736,0.8499956901914264
6,13,stroop:s13:r3,always_fuse,1335,1,0.369530321440164,0.6304696785598359
6,13,stroop:s13:r3,always_nn,1335,1,0.048686317161695,0.9513136828383048
6,13,stroop:s13:r0,always_fuse,1388,0,0.8347703681510847,0.1652296318489152
6,13,stroop:s13:r0,always_nn,1388,0,0.99999992475552,7.524448004448088e-08
6,13,stroop:s13:r1,always_fuse,1388,0,0.4585995452827578,0.5414004547172422
6,13,stroop:s13:r1,always_nn,1388,0,0.3048630282313193,0.6951369717686807
6,13,stroop:s13:r2,always_fuse,1388,1,0.4792780139748414,0.5207219860251586
6,13,stroop:s13:r2,always_nn,1388,1,0.2349376984271581,0.7650623015728418
6,13,stroop:s13:r3,always_fuse,1388,1,0.4122252188361427,0.5877747811638574
6,13,stroop:s13:r3,always_nn,1388,1,0.044433451161796,0.955566548838204
6,13,stroop:s13:r0,always_fuse,1441,0,0.7979251705520448,0.2020748294479552
6,13,stroop:s13:r0,always_nn,1441,0,0.9999973400353912,2.6599646087998967e-06
6,13,stroop:s13:r1,always_fuse,1441,0,0.483923103016932,0.516076896983068
6,13,stroop:s13:r1,always_nn,1441,0,0.5278590407537214,0.4721409592462787
6,13,stroop:s13:r2,always_fuse,1441,1,0.4985711809171303,0.5014288190828697
6,13,stroop:s13:r2,always_nn,1441,1,0.4420709168170204,0.5579290831829795
6,13,stroop:s13:r3,always_fuse,1441,1,0.4042428098239159,0.595757190176084
6,13,stroop:s13:r3,always_nn,1441,1,0.0460448046399313,0.9539551953600688
6,13,stroop:s13:r0,always_fuse,1494,0,0.8577649767354348,0.1422350232645651
6,13,stroop:s13:r0,always_nn,1494,0,0.9999999996555682,3.4443178351533235e-10
6,13,stroop:s13:r1,always_fuse,1494,0,0.469797069584123,0.530202930415877
6,13,stroop:s13:r1,always_nn,1494,0,0.6162979959599684,0.3837020040400316
6,13,stroop:s13:r2,always_fuse,1494,1,0.4484723490088926,0.5515276509911073
6,13,stroop:s13:r2,always_nn,1494,1,0.3085367628211847,0.6914632371788153
6,13,stroop:s13:r3,always_fuse,1494,1,0.4174638380587147,0.5825361619412853
6,13,stroop:s13:r3,always_nn,1494,1,0.1724804838281038,0.8275195161718962
6,13,stroop:s13:r0,always_fuse,1547,0,0.7326635968100712,0.2673364031899287
6,13,stroop:s13:r0,always_nn,1547,0,0.9996872307676452,0.0003127692323547
6,13,stroop:s13:r1,always_fuse,1547,0,0.4801694574033038,0.5198305425966963
6,13,stroop:s13:r1,always_nn,1547,0,0.5615540889085299,0.4384459110914701
6,13,stroop:s13:r2,always_fuse,1547,1,0.4775616149826087,0.5224383850173913
6,13,stroop:s13:r2,always_nn,1547,1,0.2600900633747344,0.7399099366252656
6,13,stroop:s13:r3,always_fuse,1547,1,0.3977859059629331,0.6022140940370669
6,13,stroop:s13:r3,always_nn,1547,1,0.0248196419121874,0.9751803580878126
6,14,stroop:s14:r0,always_fuse,1335,0,0.8266245960406617,0.1733754039593382
6,14,stroop:s14:r0,always_nn,1335,0,0.9998956896134908,0.0001043103865091
6,14,stroop:s14:r1,always_fuse,1335,0,0.1149604573148217,0.8850395426851783
6,14,stroop:s14:r1,always_nn,1335,0,0.0113637367009215,0.9886362632990784
6,14,stroop:s14:r2,always_fuse,1335,1,0.1446419073068305,0.8553580926931694
6,14,stroop:s14:r2,always_nn,1335,1,0.0128633934690741,0.987136606530926
6,14,stroop:s14:r3,always_fuse,1335,1,0.0868022872150617,0.9131977127849382
6,14,stroop:s14:r3,always_nn,1335,1,0.0115570584309645,0.9884429415690354
6,14,stroop:s14:r0,always_fuse,1388,0,0.8311509345067163,0.1688490654932837
6,14,stroop:s14:r0,always_nn,1388,0,0.9998418525488052,0.0001581474511946
6,14,stroop:s14:r1,always_fuse,1388,0,0.1651599720376431,0.8348400279623568
6,14,stroop:s14:r1,always_nn,1388,0,0.170146342771004,0.829853657228996
6,14,stroop:s14:r2,always_fuse,1388,1,0.1725923314903192,0.8274076685096807
6,14,stroop:s14:r2,always_nn,1388,1,0.146473244106044,0.853526755893956
6,14,stroop:s14:r3,always_fuse,1388,1,0.1001636678136889,0.899836332186311
6,14,stroop:s14:r3,always_nn,1388,1,0.1626860955600693,0.8373139044399306
6,14,stroop:s14:r0,always_fuse,1441,0,0.7531991187552449,0.2468008812447551
6,14,stroop:s14:r0,always_nn,1441,0,0.9974541051773788,0.0025458948226211
6,14,stroop:s14:r1,always_fuse,1441,0,0.1503801080236798,0.8496198919763202
6,14,stroop:s14:r1,always_nn,1441,0,0.0573596196703632,0.9426403803296368
6,14,stroop:s14:r2,always_fuse,1441,1,0.1727930347687179,0.827206965231282
6,14,stroop:s14:r2,always_nn,1441,1,0.0641463922923,0.9358536077077
6,14,stroop:s14:r3,always_fuse,1441,1,0.0980415114468646,0.9019584885531354
6,14,stroop:s14:r3,always_nn,1441,1,0.0526138852685341,0.947386114731466
6,14,stroop:s14:r0,always_fuse,1494,0,0.822351548869891,0.1776484511301089
6,14,stroop:s14:r0,always_nn,1494,0,0.9998522659710144,0.0001477340289855
6,14,stroop:s14:r1,always_fuse,1494,0,0.1784548285656778,0.8215451714343222
6,14,stroop:s14:r1,always_nn,1494,0,0.1075008842867811,0.8924991157132188
6,14,stroop:s14:r2,always_fuse,1494,1,0.2003431847485333,0.7996568152514667
6,14,stroop:s14:r2,always_nn,1494,1,0.1111646229453379,0.8888353770546621
6,14,stroop:s14:r3,always_fuse,1494,1,0.1165858844303183,0.8834141155696816
6,14,stroop:s14:r3,always_nn,1494,1,0.1112527497831928,0.8887472502168071
6,14,stroop:s14:r0,always_fuse,1547,0,0.7558725553871668,0.2441274446128331
6,14,stroop:s14:r0,always_nn,1547,0,0.9992385243672932,0.0007614756327068
6,14,stroop:s14:r1,always_fuse,1547,0,0.1311976026022919,0.868802397397708
6,14,stroop:s14:r1,always_nn,1547,0,0.0165499952765533,0.9834500047234468
6,14,stroop:s14:r2,always_fuse,1547,1,0.1551831559017254,0.8448168440982746
6,14,stroop:s14:r2,always_nn,1547,1,0.0179815961024859,0.982018403897514
6,14,stroop:s14:r3,always_fuse,1547,1,0.0869957844858583,0.9130042155141416
6,14,stroop:s14:r3,always_nn,1547,1,0.0166127943799543,0.9833872056200458
6,15,stroop:s15:r0,always_fuse,1335,0,0.7221141892286719,0.2778858107713282
6,15,stroop:s15:r0,always_nn,1335,0,0.9995195448103872,0.0004804551896127
6,15,stroop:s15:r1,always_fuse,1335,0,0.4392687605986391,0.5607312394013609
6,15,stroop:s15:r1,always_nn,1335,0,0.3981775523385542,0.6018224476614458
6,15,stroop:s15:r2,always_fuse,1335,1,0.4315714505575578,0.5684285494424423
6,15,stroop:s15:r2,always_nn,1335,1,0.3387301394254169,0.6612698605745831
6,15,stroop:s15:r3,always_fuse,1335,1,0.3729442220383786,0.6270557779616214
6,15,stroop:s15:r3,always_nn,1335,1,0.1625203388894024,0.8374796611105976
6,15,stroop:s15:r0,always_fuse,1388,0,0.7408604649829301,0.2591395350170699
6,15,stroop:s15:r0,always_nn,1388,0,0.9994800575229223,0.0005199424770776
6,15,stroop:s15:r1,always_fuse,1388,0,0.4505538880435217,0.5494461119564782
6,15,stroop:s15:r1,always_nn,1388,0,0.3738480187865194,0.6261519812134806
6,15,stroop:s15:r2,always_fuse,1388,1,0.4633566300457016,0.5366433699542983
6,15,stroop:s15:r2,always_nn,1388,1,0.4279105471756466,0.5720894528243533
6,15,stroop:s15:r3,always_fuse,1388,1,0.3008350798905659,0.6991649201094341
6,15,stroop:s15:r3,always_nn,1388,1,0.1588256935275012,0.8411743064724988
6,15,stroop:s15:r0,always_fuse,1441,0,0.708202149203836,0.291797850796164
6,15,stroop:s15:r0,always_nn,1441,0,0.9990945983181032,0.0009054016818967
6,15,stroop:s15:r1,always_fuse,1441,0,0.4978777133201062,0.5021222866798938
6,15,stroop:s15:r1,always_nn,1441,0,0.7540341208856538,0.2459658791143461
6,15,stroop:s15:r2,always_fuse,1441,1,0.4993094212875395,0.5006905787124605
6,15,stroop:s15:r2,always_nn,1441,1,0.7559918831087775,0.2440081168912224
6,15,stroop:s15:r3,always_fuse,1441,1,0.3463177643409133,0.6536822356590867
6,15,stroop:s15:r3,always_nn,1441,1,0.244919028005537,0.755080971994463
6,15,stroop:s15:r0,always_fuse,1494,0,0.8063578820646148,0.1936421179353852
6,15,stroop:s15:r0,always_nn,1494,0,0.9999976296568592,2.370343140750785e-06
6,15,stroop:s15:r1,always_fuse,1494,0,0.493197314051465,0.5068026859485351
6,15,stroop:s15:r1,always_nn,1494,0,0.7580784191794327,0.2419215808205672
6,15,stroop:s15:r2,always_fuse,1494,1,0.4698734149943457,0.5301265850056543
6,15,stroop:s15:r2,always_nn,1494,1,0.5730598496610012,0.4269401503389988
6,15,stroop:s15:r3,always_fuse,1494,1,0.2856793166708663,0.7143206833291336
6,15,stroop:s15:r3,always_nn,1494,1,0.0412015975671652,0.9587984024328348
6,15,stroop:s15:r0,always_fuse,1547,0,0.7660862712645233,0.2339137287354767
6,15,stroop:s15:r0,always_nn,1547,0,0.999997296603897,2.7033961030276e-06
6,15,stroop:s15:r1,always_fuse,1547,0,0.4487440885085239,0.5512559114914761
6,15,stroop:s15:r1,always_nn,1547,0,0.3651392130877747,0.6348607869122253
6,15,stroop:s15:r2,always_fuse,1547,1,0.4388058320870371,0.5611941679129628
6,15,stroop:s15:r2,always_nn,1547,1,0.2471677465970653,0.7528322534029346
6,15,stroop:s15:r3,always_fuse,1547,1,0.3116252143520576,0.6883747856479424
6,15,stroop:s15:r3,always_nn,1547,1,0.0710899531849761,0.928910046815024
7,1,stroop:s01:r0,always_fuse,1335,0,0.4905563278738342,0.5094436721261658
7,1,stroop:s01:r0,always_nn,1335,0,0.6510633739527932,0.3489366260472068
7,1,stroop:s01:r1,always_fuse,1335,0,0.5502993824645699,0.4497006175354302
7,1,stroop:s01:r1,always_nn,1335,0,0.9313760518611752,0.0686239481388246
7,1,stroop:s01:r2,always_fuse,1335,1,0.5512519371049971,0.4487480628950029
7,1,stroop:s01:r2,always_nn,1335,1,0.9340963962078144,0.0659036037921855
7,1,stroop:s01:r3,always_fuse,1335,1,0.5636553786589578,0.4363446213410422
7,1,stroop:s01:r3,always_nn,1335,1,0.9477461673016032,0.0522538326983969
7,1,stroop:s01:r0,always_fuse,1388,0,0.4261700675730908,0.5738299324269092
7,1,stroop:s01:r0,always_nn,1388,0,0.3344778351773667,0.6655221648226332
7,1,stroop:s01:r1,always_fuse,1388,0,0.6354157003248122,0.3645842996751879
7,1,stroop:s01:r1,always_nn,1388,0,0.937900993756764,0.0620990062432359
7,1,stroop:s01:r2,always_fuse,1388,1,0.6561501246549596,0.3438498753450404
7,1,stroop:s01:r2,always_nn,1388,1,0.957178985242795,0.0428210147572049
7,1,stroop:s01:r3,always_fuse,1388,1,0.6010735347326261,0.3989264652673739
7,1,stroop:s01:r3,always_nn,1388,1,0.8969794129222496,0.1030205870777504
7,1,stroop:s01:r0,always_fuse,1441,0,0.4554853706761202,0.5445146293238797
7,1,stroop:s01:r0,always_nn,1441,0,0.3574794029038781,0.6425205970961219
7,1,stroop:s01:r1,always_fuse,1441,0,0.5355878984029981,0.4644121015970019
7,1,stroop:s01:r1,always_nn,1441,0,0.880289007667328,0.119710992332672
7,1,stroop:s01:r2,always_fuse,1441,1,0.5351268749845425,0.4648731250154576
7,1,stroop:s01:r2,always_nn,1441,1,0.8809162951949501,0.1190837048050499
7,1,stroop:s01:r3,always_fuse,1441,1,0.5411177185649196,0.4588822814350804
7,1,stroop:s01:r3,always_nn,1441,1,0.8785439535102978,0.1214560464897022
7,1,stroop:s01:r0,always_fuse,1494,0,0.4812865978164407,0.5187134021835594
7,1,stroop:s01:r0,always_nn,1494,0,0.5870671687905643,0.4129328312094358
7,1,stroop:s01:r1,always_fuse,1494,0,0.5037336469248567,0.4962663530751433
7,1,stroop:s01:r1,always_nn,1494,0,0.7284732019002589,0.2715267980997412
7,1,stroop:s01:r2,always_fuse,1494,1,0.5116532383699983,0.4883467616300017
7,1,stroop:s01:r2,always_nn,1494,1,0.7769548522533464,0.2230451477466536
7,1,stroop:s01:r3,always_fuse,1494,1,0.4884134444240971,0.5115865555759028
7,1,stroop:s01:r3,always_nn,1494,1,0.5788686351654767,0.4211313648345233
7,1,stroop:s01:r0,always_fuse,1547,0,0.4509349992603196,0.5490650007396803
7,1,stroop:s01:r0,always_nn,1547,0,0.3822544343673276,0.6177455656326724
7,1,stroop:s01:r1,always_fuse,1547,0,0.5135831714670248,0.4864168285329751
7,1,stroop:s01:r1,always_nn,1547,0,0.7726910548358505,0.2273089451641495
7,1,stroop:s01:r2,always_fuse,1547,1,0.5201387597873698,0.4798612402126303
7,1,stroop:s01:r2,always_nn,1547,1,0.8110442835140231,0.1889557164859768
7,1,stroop:s01:r3,always_fuse,1547,1,0.5276994239139485,0.4723005760860514
7,1,stroop:s01:r3,always_nn,1547,1,0.8182914513252861,0.1817085486747138
7,2,stroop:s02:r0,always_fuse,1335,0,0.6319105434007516,0.3680894565992484
7,2,stroop:s02:r0,always_nn,1335,0,0.9794830842726834,0.0205169157273166
7,2,stroop:s02:r1,always_fuse,1335,0,0.617499914901195,0.382500085098805
7,2,stroop:s02:r1,always_nn,1335,0,0.9707655955244096,0.0292344044755902
7,2,stroop:s02:r2,always_fuse,1335,1,0.5561477029995883,0.4438522970004117
7,2,stroop:s02:r2,always_nn,1335,1,0.8762141621019349,0.123785837898065
7,2,stroop:s02:r3,always_fuse,1335,1,0.5665019779299085,0.4334980220700914
7,2,stroop:s02:r3,always_nn,1335,1,0.8983468334892686,0.1016531665107314
7,2,stroop:s02:r0,always_fuse,1388,0,0.6347578712367135,0.3652421287632866
7,2,stroop:s02:r0,always_nn,1388,0,0.941719847335215,0.0582801526647851
7,2,stroop:s02:r1,always_fuse,1388,0,0.6179069515721946,0.3820930484278053
7,2,stroop:s02:r1,always_nn,1388,0,0.9278564515862116,0.0721435484137882
7,2,stroop:s02:r2,always_fuse,1388,1,0.5320716528242626,0.4679283471757374
7,2,stroop:s02:r2,always_nn,1388,1,0.7132967421288335,0.2867032578711665
7,2,stroop:s02:r3,always_fuse,1388,1,0.5547020557683436,0.4452979442316563
7,2,stroop:s02:r3,always_nn,1388,1,0.8026170246380625,0.1973829753619375
7,2,stroop:s02:r0,always_fuse,1441,0,0.6519041117448702,0.3480958882551297
7,2,stroop:s02:r0,always_nn,1441,0,0.9769900784729548,0.0230099215270452
7,2,stroop:s02:r1,always_fuse,1441,0,0.6167797234216957,0.3832202765783043
7,2,stroop:s02:r1,always_nn,1441,0,0.962266933338932,0.0377330666610679
7,2,stroop:s02:r2,always_fuse,1441,1,0.5630422689309136,0.4369577310690863
7,2,stroop:s02:r2,always_nn,1441,1,0.8600099089663256,0.1399900910336744
7,2,stroop:s02:r3,always_fuse,1441,1,0.5725304900296736,0.4274695099703264
7,2,stroop:s02:r3,always_nn,1441,1,0.8880593620435011,0.1119406379564988
7,2,stroop:s02:r0,always_fuse,1494,0,0.6241548755230003,0.3758451244769997
7,2,stroop:s02:r0,always_nn,1494,0,0.9589271406814064,0.0410728593185934
7,2,stroop:s02:r1,always_fuse,1494,0,0.6188696965467163,0.3811303034532837
7,2,stroop:s02:r1,always_nn,1494,0,0.9671659581362152,0.0328340418637847
7,2,stroop:s02:r2,always_fuse,1494,1,0.5567860170063214,0.4432139829936786
7,2,stroop:s02:r2,always_nn,1494,1,0.8566474088344338,0.1433525911655662
7,2,stroop:s02:r3,always_fuse,1494,1,0.5821070103038493,0.4178929896961507
7,2,stroop:s02:r3,always_nn,1494,1,0.9252168296069356,0.0747831703930644
7,2,stroop:s02:r0,always_fuse,1547,0,0.6784245100564508,0.3215754899435492
7,2,stroop:s02:r0,always_nn,1547,0,0.9892190754279764,0.0107809245720236
7,2,stroop:s02:r1,always_fuse,1547,0,0.6537751628791524,0.3462248371208477
7,2,stroop:s02:r1,always_nn,1547,0,0.9844395477520326,0.0155604522479673
7,2,stroop:s02:r2,always_fuse,1547,1,0.5883941072085925,0.4116058927914074
7,2,stroop:s02:r2,always_nn,1547,1,0.9301998025765962,0.0698001974234039
7,2,stroop:s02:r3,always_fuse,1547,1,0.594756642254554,0.405243357745446
7,2,stroop:s02:r3,always_nn,1547,1,0.9337484994041834,0.0662515005958166
7,3,stroop:s03:r0,always_fuse,1335,0,0.798648633827637,0.201351366172363
7,3,stroop:s03:r0,always_nn,1335,0,0.9999998813258126,1.1867418742071938e-07
7,3,stroop:s03:r1,always_fuse,1335,0,0.5997192703564925,0.4002807296435074
7,3,stroop:s03:r1,always_nn,1335,0,0.9938933096269144,0.0061066903730856
7,3,stroop:s03:r2,always_fuse,1335,1,0.5253321856718295,0.4746678143281705
7,3,stroop:s03:r2,always_nn,1335,1,0.7424821924646572,0.2575178075353428
7,3,stroop:s03:r3,always_fuse,1335,1,0.3888798172650854,0.6111201827349145
7,3,stroop:s03:r3,always_nn,1335,1,0.0978066142271776,0.9021933857728224
7,3,stroop:s03:r0,always_fuse,1388,0,0.6558384393347946,0.3441615606652053
7,3,stroop:s03:r0,always_nn,1388,0,0.969273468504041,0.0307265314959591
7,3,stroop:s03:r1,always_fuse,1388,0,0.466377401386891,0.533622598613109
7,3,stroop:s03:r1,always_nn,1388,0,0.4741390502409541,0.5258609497590458
7,3,stroop:s03:r2,always_fuse,1388,1,0.5391618831038949,0.460838116896105
7,3,stroop:s03:r2,always_nn,1388,1,0.6951920284313459,0.3048079715686541
7,3,stroop:s03:r3,always_fuse,1388,1,0.5139595208947031,0.4860404791052969
7,3,stroop:s03:r3,always_nn,1388,1,0.6378758876582215,0.3621241123417785
7,3,stroop:s03:r0,always_fuse,1441,0,0.7914860719664746,0.2085139280335254
7,3,stroop:s03:r0,always_nn,1441,0,0.9999982745142248,1.7254857752236106e-06
7,3,stroop:s03:r1,always_fuse,1441,0,0.5284700335418531,0.471529966458147
7,3,stroop:s03:r1,always_nn,1441,0,0.9307446265630082,0.0692553734369918
7,3,stroop:s03:r2,always_fuse,1441,1,0.5155725535959047,0.4844274464040954
7,3,stroop:s03:r2,always_nn,1441,1,0.3746108440999229,0.6253891559000772
7,3,stroop:s03:r3,always_fuse,1441,1,0.2986104904958785,0.7013895095041214
7,3,stroop:s03:r3,always_nn,1441,1,0.0010987361945011,0.9989012638054988
7,3,stroop:s03:r0,always_fuse,1494,0,0.8230087953197902,0.1769912046802097
7,3,stroop:s03:r0,always_nn,1494,0,0.9999945201507132,5.47984928682644e-06
7,3,stroop:s03:r1,always_fuse,1494,0,0.5083562667432535,0.4916437332567464
7,3,stroop:s03:r1,always_nn,1494,0,0.7268824519061952,0.2731175480938048
7,3,stroop:s03:r2,always_fuse,1494,1,0.5333910036125219,0.466608996387478
7,3,stroop:s03:r2,always_nn,1494,1,0.8078569827066094,0.1921430172933906
7,3,stroop:s03:r3,always_fuse,1494,1,0.3414780420090186,0.6585219579909813
7,3,stroop:s03:r3,always_nn,1494,1,0.0351352255370431,0.9648647744629568
7,3,stroop:s03:r0,always_fuse,1547,0,0.7079155175612246,0.2920844824387754
7,3,stroop:s03:r0,always_nn,1547,0,0.9964655484431658,0.0035344515568342
7,3,stroop:s03:r1,always_fuse,1547,0,0.5102503112556532,0.4897496887443467
7,3,stroop:s03:r1,always_nn,1547,0,0.7042471128540615,0.2957528871459385
7,3,stroop:s03:r2,always_fuse,1547,1,0.5686226051217786,0.4313773948782213
7,3,stroop:s03:r2,always_nn,1547,1,0.8617180715926742,0.1382819284073258
7,3,stroop:s03:r3,always_fuse,1547,1,0.5075927285555105,0.4924072714444896
7,3,stroop:s03:r3,always_nn,1547,1,0.6737593183121999,0.3262406816878001
7,4,stroop:s04:r0,always_fuse,1335,0,0.568222253848801,0.431777746151199
7,4,stroop:s04:r0,always_nn,1335,0,0.9428224492807898,0.0571775507192101
7,4,stroop:s04:r1,always_fuse,1335,0,0.5527425719974486,0.4472574280025514
7,4,stroop:s04:r1,always_nn,1335,0,0.9616526266076222,0.0383473733923778
7,4,stroop:s04:r2,always_fuse,1335,1,0.4290281752249653,0.5709718247750346
7,4,stroop:s04:r2,always_nn,1335,1,0.1499499478676343,0.8500500521323656
7,4,stroop:s04:r3,always_fuse,1335,1,0.3875106451064383,0.6124893548935617
7,4,stroop:s04:r3,always_nn,1335,1,0.0404041341208503,0.9595958658791496
7,4,stroop:s04:r0,always_fuse,1388,0,0.5783673766984183,0.4216326233015817
7,4,stroop:s04:r0,always_nn,1388,0,0.9083189146008954,0.0916810853991045
7,4,stroop:s04:r1,always_fuse,1388,0,0.4881445948177756,0.5118554051822243
7,4,stroop:s04:r1,always_nn,1388,0,0.6295201890992238,0.3704798109007761
7,4,stroop:s04:r2,always_fuse,1388,1,0.3468746591112969,0.6531253408887031
7,4,stroop:s04:r2,always_nn,1388,1,0.0666778709230394,0.9333221290769604
7,4,stroop:s04:r3,always_fuse,1388,1,0.3124269394090456,0.6875730605909544
7,4,stroop:s04:r3,always_nn,1388,1,0.030640144811551,0.9693598551884488
7,4,stroop:s04:r0,always_fuse,1441,0,0.5702602126293916,0.4297397873706083
7,4,stroop:s04:r0,always_nn,1441,0,0.9274499035672578,0.0725500964327422
7,4,stroop:s04:r1,always_fuse,1441,0,0.4971593819456046,0.5028406180543954
7,4,stroop:s04:r1,always_nn,1441,0,0.7224457683157739,0.2775542316842261
7,4,stroop:s04:r2,always_fuse,1441,1,0.445097445632911,0.554902554367089
7,4,stroop:s04:r2,always_nn,1441,1,0.1895330691830246,0.8104669308169754
7,4,stroop:s04:r3,always_fuse,1441,1,0.4352609596452801,0.5647390403547198
7,4,stroop:s04:r3,always_nn,1441,1,0.1620540834857777,0.8379459165142223
7,4,stroop:s04:r0,always_fuse,1494,0,0.644175709085525,0.3558242909144748
7,4,stroop:s04:r0,always_nn,1494,0,0.99572721028609,0.0042727897139099
7,4,stroop:s04:r1,always_fuse,1494,0,0.4244259859405474,0.5755740140594526
7,4,stroop:s04:r1,always_nn,1494,0,0.1810630467901348,0.8189369532098651
7,4,stroop:s04:r2,always_fuse,1494,1,0.3898875580997338,0.6101124419002661
7,4,stroop:s04:r2,always_nn,1494,1,0.044003466329713,0.9559965336702868
7,4,stroop:s04:r3,always_fuse,1494,1,0.3835746165577444,0.6164253834422556
7,4,stroop:s04:r3,always_nn,1494,1,0.0395141185767054,0.9604858814232946
7,4,stroop:s04:r0,always_fuse,1547,0,0.6212382767712253,0.3787617232287747
7,4,stroop:s04:r0,always_nn,1547,0,0.9859608517968316,0.0140391482031684
7,4,stroop:s04:r1,always_fuse,1547,0,0.4422211490512825,0.5577788509487174
7,4,stroop:s04:r1,always_nn,1547,0,0.322886197024855,0.677113802975145
7,4,stroop:s04:r2,always_fuse,1547,1,0.409558127544999,0.590441872455001
7,4,stroop:s04:r2,always_nn,1547,1,0.1113193570937655,0.8886806429062345
7,4,stroop:s04:r3,always_fuse,1547,1,0.3982228944385387,0.6017771055614612
7,4,stroop:s04:r3,always_nn,1547,1,0.084511133704645,0.9154888662953552
7,5,stroop:s05:r0,always_fuse,1335,0,0.7779619883514491,0.2220380116485508
7,5,stroop:s05:r0,always_nn,1335,0,0.9999999906613408,9.338659194684773e-09
7,5,stroop:s05:r1,always_fuse,1335,0,0.4342984497258905,0.5657015502741094
7,5,stroop:s05:r1,always_nn,1335,0,0.3246750249926293,0.6753249750073708
7,5,stroop:s05:r2,always_fuse,1335,1,0.353375619238038,0.646624380761962
7,5,stroop:s05:r2,always_nn,1335,1,0.0161883375525492,0.9838116624474508
7,5,stroop:s05:r3,always_fuse,1335,1,0.3455821437465312,0.6544178562534688
7,5,stroop:s05:r3,always_nn,1335,1,0.0173703789713871,0.982629621028613
7,5,stroop:s05:r0,always_fuse,1388,0,0.8767772656653506,0.1232227343346493
7,5,stroop:s05:r0,always_nn,1388,0,0.9999986164302134,1.3835697866987593e-06
7,5,stroop:s05:r1,always_fuse,1388,0,0.4343245864338472,0.5656754135661528
7,5,stroop:s05:r1,always_nn,1388,0,0.3429334326074505,0.6570665673925495
7,5,stroop:s05:r2,always_fuse,1388,1,0.3659869775768502,0.6340130224231498
7,5,stroop:s05:r2,always_nn,1388,1,0.0981748453243725,0.9018251546756274
7,5,stroop:s05:r3,always_fuse,1388,1,0.3275166522865817,0.6724833477134182
7,5,stroop:s05:r3,always_nn,1388,1,0.0457253954294674,0.9542746045705324
7,5,stroop:s05:r0,always_fuse,1441,0,0.699965093705311,0.3000349062946889
7,5,stroop:s05:r0,always_nn,1441,0,0.9990956131341052,0.0009043868658949
7,5,stroop:s05:r1,always_fuse,1441,0,0.4346407079500964,0.5653592920499035
7,5,stroop:s05:r1,always_nn,1441,0,0.2995343881529214,0.7004656118470786
7,5,stroop:s05:r2,always_fuse,1441,1,0.4317209242715124,0.5682790757284876
7,5,stroop:s05:r2,always_nn,1441,1,0.2544485633089681,0.7455514366910319
7,5,stroop:s05:r3,always_fuse,1441,1,0.4042847274928828,0.5957152725071172
7,5,stroop:s05:r3,always_nn,1441,1,0.1510215368655587,0.8489784631344414
7,5,stroop:s05:r0,always_fuse,1494,0,0.7837791167161461,0.2162208832838538
7,5,stroop:s05:r0,always_nn,1494,0,0.9999985585783638,1.441421636196185e-06
7,5,stroop:s05:r1,always_fuse,1494,0,0.4537173820415023,0.5462826179584978
7,5,stroop:s05:r1,always_nn,1494,0,0.4817588392947962,0.5182411607052039
7,5,stroop:s05:r2,always_fuse,1494,1,0.4047982649630753,0.5952017350369248
7,5,stroop:s05:r2,always_nn,1494,1,0.1201473700176753,0.8798526299823247
7,5,stroop:s05:r3,always_fuse,1494,1,0.3835230844256111,0.6164769155743888
7,5,stroop:s05:r3,always_nn,1494,1,0.0770637952870927,0.9229362047129072
7,5,stroop:s05:r0,always_fuse,1547,0,0.8059081422334924,0.1940918577665075
7,5,stroop:s05:r0,always_nn,1547,0,0.9999999566776666,4.332233341112792e-08
7,5,stroop:s05:r1,always_fuse,1547,0,0.4378195525111695,0.5621804474888304
7,5,stroop:s05:r1,always_nn,1547,0,0.3851925550426834,0.6148074449573165
7,5,stroop:s05:r2,always_fuse,1547,1,0.298238903104463,0.701761096895537
7,5,stroop:s05:r2,always_nn,1547,1,0.0034748529743564,0.9965251470256437
7,5,stroop:s05:r3,always_fuse,1547,1,0.2783662704679681,0.7216337295320319
7,5,stroop:s05:r3,always_nn,1547,1,0.0019680779459052,0.9980319220540949
7,6,stroop:s06:r0,always_fuse,1335,0,0.5708565073277754,0.4291434926722247
7,6,stroop:s06:r0,always_nn,1335,0,0.9967830758315692,0.0032169241684308
7,6,stroop:s06:r1,always_fuse,1335,0,0.4924378774717777,0.5075621225282222
7,6,stroop:s06:r1,always_nn,1335,0,0.8110029271540178,0.1889970728459822
7,6,stroop:s06:r2,always_fuse,1335,1,0.2997161756676806,0.7002838243323194
7,6,stroop:s06:r2,always_nn,1335,1,0.0020225230964261,0.997977476903574
7,6,stroop:s06:r3,always_fuse,1335,1,0.4026128807376855,0.5973871192623145
7,6,stroop:s06:r3,always_nn,1335,1,0.3181594158059639,0.6818405841940361
7,6,stroop:s06:r0,always_fuse,1388,0,0.4599543472971015,0.5400456527028985
7,6,stroop:s06:r0,always_nn,1388,0,0.5628671542256666,0.4371328457743333
7,6,stroop:s06:r1,always_fuse,1388,0,0.4578577834585249,0.5421422165414751
7,6,stroop:s06:r1,always_nn,1388,0,0.4948708675217612,0.5051291324782387
7,6,stroop:s06:r2,always_fuse,1388,1,0.3955334854683152,0.6044665145316848
7,6,stroop:s06:r2,always_nn,1388,1,0.1838621734606949,0.816137826539305
7,6,stroop:s06:r3,always_fuse,1388,1,0.4363517461212981,0.5636482538787019
7,6,stroop:s06:r3,always_nn,1388,1,0.464194924069285,0.535805075930715
7,6,stroop:s06:r0,always_fuse,1441,0,0.4225287541684729,0.5774712458315272
7,6,stroop:s06:r0,always_nn,1441,0,0.4766122607369942,0.5233877392630057
7,6,stroop:s06:r1,always_fuse,1441,0,0.474560761797324,0.5254392382026759
7,6,stroop:s06:r1,always_nn,1441,0,0.6654030818527914,0.3345969181472087
7,6,stroop:s06:r2,always_fuse,1441,1,0.4828760717767003,0.5171239282232998
7,6,stroop:s06:r2,always_nn,1441,1,0.6933413571924738,0.3066586428075262
7,6,stroop:s06:r3,always_fuse,1441,1,0.4103603361096073,0.5896396638903927
7,6,stroop:s06:r3,always_nn,1441,1,0.4322145929689526,0.5677854070310473
7,6,stroop:s06:r0,always_fuse,1494,0,0.4375890702487197,0.5624109297512803
7,6,stroop:s06:r0,always_nn,1494,0,0.6052089727396072,0.3947910272603928
7,6,stroop:s06:r1,always_fuse,1494,0,0.4766740147276648,0.5233259852723352
7,6,stroop:s06:r1,always_nn,1494,0,0.7063245165036524,0.2936754834963476
7,6,stroop:s06:r2,always_fuse,1494,1,0.4441405707588827,0.5558594292411172
7,6,stroop:s06:r2,always_nn,1494,1,0.3736485633903906,0.6263514366096095
7,6,stroop:s06:r3,always_fuse,1494,1,0.442557686375375,0.5574423136246249
7,6,stroop:s06:r3,always_nn,1494,1,0.6774144415199221,0.3225855584800779
7,6,stroop:s06:r0,always_fuse,1547,0,0.491148391374131,0.5088516086258689
7,6,stroop:s06:r0,always_nn,1547,0,0.8639722013248913,0.1360277986751087
7,6,stroop:s06:r1,always_fuse,1547,0,0.5585101670968933,0.4414898329031068
7,6,stroop:s06:r1,always_nn,1547,0,0.961027147380158,0.0389728526198419
7,6,stroop:s06:r2,always_fuse,1547,1,0.4704789541967024,0.5295210458032976
7,6,stroop:s06:r2,always_nn,1547,1,0.5169699834443083,0.4830300165556917
7,6,stroop:s06:r3,always_fuse,1547,1,0.490151267914437,0.5098487320855629
7,6,stroop:s06:r3,always_nn,1547,1,0.8843174313157294,0.1156825686842705
7,8,stroop:s08:r0,always_fuse,1335,0,0.6641270199319528,0.3358729800680473
7,8,stroop:s08:r0,always_nn,1335,0,0.9998696161858563,0.0001303838141436
7,8,stroop:s08:r1,always_fuse,1335,0,0.5302141299162181,0.469785870083782
7,8,stroop:s08:r1,always_nn,1335,0,0.8801292099438216,0.1198707900561784
7,8,stroop:s08:r2,always_fuse,1335,1,0.3659782372188377,0.6340217627811623
7,8,stroop:s08:r2,always_nn,1335,1,0.0213327061699794,0.9786672938300204
7,8,stroop:s08:r3,always_fuse,1335,1,0.3252650200420166,0.6747349799579835
7,8,stroop:s08:r3,always_nn,1335,1,0.0042177619260374,0.9957822380739624
7,8,stroop:s08:r0,always_fuse,1388,0,0.7049472878975163,0.2950527121024837
7,8,stroop:s08:r0,always_nn,1388,0,0.9950871794511044,0.0049128205488957
7,8,stroop:s08:r1,always_fuse,1388,0,0.5266542858845538,0.4733457141154463
7,8,stroop:s08:r1,always_nn,1388,0,0.7885506788433155,0.2114493211566845
7,8,stroop:s08:r2,always_fuse,1388,1,0.4033538030930781,0.596646196906922
7,8,stroop:s08:r2,always_nn,1388,1,0.2308753173779464,0.7691246826220536
7,8,stroop:s08:r3,always_fuse,1388,1,0.348459875031825,0.651540124968175
7,8,stroop:s08:r3,always_nn,1388,1,0.0881909452779636,0.9118090547220364
7,8,stroop:s08:r0,always_fuse,1441,0,0.6682112266169167,0.3317887733830832
7,8,stroop:s08:r0,always_nn,1441,0,0.9997039167462975,0.0002960832537023
7,8,stroop:s08:r1,always_fuse,1441,0,0.5146770634560708,0.4853229365439293
7,8,stroop:s08:r1,always_nn,1441,0,0.8308179553687431,0.1691820446312569
7,8,stroop:s08:r2,always_fuse,1441,1,0.4195699088524349,0.580430091147565
7,8,stroop:s08:r2,always_nn,1441,1,0.1599807564873989,0.840019243512601
7,8,stroop:s08:r3,always_fuse,1441,1,0.3362816774771946,0.6637183225228054
7,8,stroop:s08:r3,always_nn,1441,1,0.0093390312698809,0.990660968730119
7,8,stroop:s08:r0,always_fuse,1494,0,0.696620062482345,0.3033799375176549
7,8,stroop:s08:r0,always_nn,1494,0,0.999781001717834,0.0002189982821659
7,8,stroop:s08:r1,always_fuse,1494,0,0.5671511600736817,0.4328488399263183
7,8,stroop:s08:r1,always_nn,1494,0,0.9569723398760922,0.0430276601239078
7,8,stroop:s08:r2,always_fuse,1494,1,0.4325828401831437,0.5674171598168563
7,8,stroop:s08:r2,always_nn,1494,1,0.2838670251343227,0.7161329748656773
7,8,stroop:s08:r3,always_fuse,1494,1,0.3610905188490227,0.6389094811509772
7,8,stroop:s08:r3,always_nn,1494,1,0.0356594071083081,0.964340592891692
7,8,stroop:s08:r0,always_fuse,1547,0,0.7374299799090326,0.2625700200909674
7,8,stroop:s08:r0,always_nn,1547,0,0.9999403116298252,5.968837017470445e-05
7,8,stroop:s08:r1,always_fuse,1547,0,0.6041993716591793,0.3958006283408207
7,8,stroop:s08:r1,always_nn,1547,0,0.979476725968953,0.020523274031047
7,8,stroop:s08:r2,always_fuse,1547,1,0.409122601183855,0.590877398816145
7,8,stroop:s08:r2,always_nn,1547,1,0.1870728907285448,0.8129271092714552
7,8,stroop:s08:r3,always_fuse,1547,1,0.3379720846129213,0.6620279153870786
7,8,stroop:s08:r3,always_nn,1547,1,0.0241372883659722,0.9758627116340276
7,9,stroop:s09:r0,always_fuse,1335,0,0.857662977426095,0.142337022573905
7,9,stroop:s09:r0,always_nn,1335,0,0.9999999998301056,1.6989437403819072e-10
7,9,stroop:s09:r1,always_fuse,1335,0,0.5185786942799422,0.4814213057200579
7,9,stroop:s09:r1,always_nn,1335,0,0.6443745698050073,0.3556254301949926
7,9,stroop:s09:r2,always_fuse,1335,1,0.418853015081147,0.5811469849188531
7,9,stroop:s09:r2,always_nn,1335,1,0.0742086174590892,0.9257913825409108
7,9,stroop:s09:r3,always_fuse,1335,1,0.5314660738395937,0.4685339261604064
7,9,stroop:s09:r3,always_nn,1335,1,0.7660391463849766,0.2339608536150233
7,9,stroop:s09:r0,always_fuse,1388,0,0.912204645859134,0.0877953541408659
7,9,stroop:s09:r0,always_nn,1388,0,0.9999964240034268,3.5759965732688964e-06
7,9,stroop:s09:r1,always_fuse,1388,0,0.4476187820260131,0.552381217973987
7,9,stroop:s09:r1,always_nn,1388,0,0.3430007826546865,0.6569992173453134
7,9,stroop:s09:r2,always_fuse,1388,1,0.3899448224288058,0.6100551775711942
7,9,stroop:s09:r2,always_nn,1388,1,0.1424761324913855,0.8575238675086144
7,9,stroop:s09:r3,always_fuse,1388,1,0.4415018196508114,0.5584981803491885
7,9,stroop:s09:r3,always_nn,1388,1,0.3373885620161811,0.6626114379838189
7,9,stroop:s09:r0,always_fuse,1441,0,0.8252131697696745,0.1747868302303254
7,9,stroop:s09:r0,always_nn,1441,0,0.9999890203513256,1.097964867435176e-05
7,9,stroop:s09:r1,always_fuse,1441,0,0.5307500797071298,0.4692499202928701
7,9,stroop:s09:r1,always_nn,1441,0,0.6318015740204085,0.3681984259795915
7,9,stroop:s09:r2,always_fuse,1441,1,0.4796768515829204,0.5203231484170796
7,9,stroop:s09:r2,always_nn,1441,1,0.2707885601417835,0.7292114398582163
7,9,stroop:s09:r3,always_fuse,1441,1,0.5117844622491513,0.4882155377508487
7,9,stroop:s09:r3,always_nn,1441,1,0.5675111551006246,0.4324888448993753
7,9,stroop:s09:r0,always_fuse,1494,0,0.8685374210274953,0.1314625789725046
7,9,stroop:s09:r0,always_nn,1494,0,0.999999999588144,4.1185604542493656e-10
7,9,stroop:s09:r1,always_fuse,1494,0,0.5464297132990915,0.4535702867009085
7,9,stroop:s09:r1,always_nn,1494,0,0.8240965077974374,0.1759034922025626
7,9,stroop:s09:r2,always_fuse,1494,1,0.3812288248339766,0.6187711751660234
7,9,stroop:s09:r2,always_nn,1494,1,0.0195705172291773,0.9804294827708226
7,9,stroop:s09:r3,always_fuse,1494,1,0.5197058859508578,0.4802941140491421
7,9,stroop:s09:r3,always_nn,1494,1,0.6749159318279948,0.3250840681720051
7,9,stroop:s09:r0,always_fuse,1547,0,0.8701177639243347,0.1298822360756652
7,9,stroop:s09:r0,always_nn,1547,0,0.9999999103403908,8.965960910251136e-08
7,9,stroop:s09:r1,always_fuse,1547,0,0.5465774389980912,0.4534225610019088
7,9,stroop:s09:r1,always_nn,1547,0,0.798290726504767,0.201709273495233
7,9,stroop:s09:r2,always_fuse,1547,1,0.4366235638648478,0.5633764361351521
7,9,stroop:s09:r2,always_nn,1547,1,0.1264554292223084,0.8735445707776915
7,9,stroop:s09:r3,always_fuse,1547,1,0.4852682769561799,0.5147317230438201
7,9,stroop:s09:r3,always_nn,1547,1,0.4038966260997956,0.5961033739002043
7,10,stroop:s10:r0,always_fuse,1335,0,0.714271564188412,0.2857284358115879
7,10,stroop:s10:r0,always_nn,1335,0,0.9998097424483444,0.0001902575516557
7,10,stroop:s10:r1,always_fuse,1335,0,0.477224068294829,0.5227759317051711
7,10,stroop:s10:r1,always_nn,1335,0,0.5765421387110332,0.4234578612889668
7,10,stroop:s10:r2,always_fuse,1335,1,0.4686087745875846,0.5313912254124153
7,10,stroop:s10:r2,always_nn,1335,1,0.5021252576279653,0.4978747423720346
7,10,stroop:s10:r3,always_fuse,1335,1,0.383461325602647,0.616538674397353
7,10,stroop:s10:r3,always_nn,1335,1,0.0624532882885331,0.9375467117114668
7,10,stroop:s10:r0,always_fuse,1388,0,0.7726263216218671,0.2273736783781329
7,10,stroop:s10:r0,always_nn,1388,0,0.9987788418589856,0.0012211581410142
7,10,stroop:s10:r1,always_fuse,1388,0,0.5215479825045538,0.4784520174954462
7,10,stroop:s10:r1,always_nn,1388,0,0.7262828295883587,0.2737171704116413
7,10,stroop:s10:r2,always_fuse,1388,1,0.474330196769138,0.525669803230862
7,10,stroop:s10:r2,always_nn,1388,1,0.4963234669432034,0.5036765330567966
7,10,stroop:s10:r3,always_fuse,1388,1,0.3822638188677574,0.6177361811322426
7,10,stroop:s10:r3,always_nn,1388,1,0.1490669887382935,0.8509330112617064
7,10,stroop:s10:r0,always_fuse,1441,0,0.7345282775879304,0.2654717224120695
7,10,stroop:s10:r0,always_nn,1441,0,0.9999792599463466,2.0740053653375415e-05
7,10,stroop:s10:r1,always_fuse,1441,0,0.493239712918952,0.5067602870810479
7,10,stroop:s10:r1,always_nn,1441,0,0.668228543331212,0.331771456668788
7,10,stroop:s10:r2,always_fuse,1441,1,0.4559756625259474,0.5440243374740525
7,10,stroop:s10:r2,always_nn,1441,1,0.4005543515717557,0.5994456484282443
7,10,stroop:s10:r3,always_fuse,1441,1,0.2525534817067142,0.7474465182932857
7,10,stroop:s10:r3,always_nn,1441,1,0.0002047653990423,0.9997952346009578
7,10,stroop:s10:r0,always_fuse,1494,0,0.745594899695596,0.254405100304404
7,10,stroop:s10:r0,always_nn,1494,0,0.9999692495077782,3.075049222183378e-05
7,10,stroop:s10:r1,always_fuse,1494,0,0.5051458187990069,0.494854181200993
7,10,stroop:s10:r1,always_nn,1494,0,0.7602064842426154,0.2397935157573845
7,10,stroop:s10:r2,always_fuse,1494,1,0.4661167658417206,0.5338832341582794
7,10,stroop:s10:r2,always_nn,1494,1,0.4582472230523102,0.5417527769476898
7,10,stroop:s10:r3,always_fuse,1494,1,0.3906520586797821,0.609347941320218
7,10,stroop:s10:r3,always_nn,1494,1,0.0826101067977425,0.9173898932022576
7,10,stroop:s10:r0,always_fuse,1547,0,0.6895719242171393,0.3104280757828606
7,10,stroop:s10:r0,always_nn,1547,0,0.9983961684101528,0.0016038315898474
7,10,stroop:s10:r1,always_fuse,1547,0,0.4578561255569974,0.5421438744430026
7,10,stroop:s10:r1,always_nn,1547,0,0.4035778717445553,0.5964221282554447
7,10,stroop:s10:r2,always_fuse,1547,1,0.4435251564934129,0.556474843506587
7,10,stroop:s10:r2,always_nn,1547,1,0.3003511351735783,0.6996488648264215
7,10,stroop:s10:r3,always_fuse,1547,1,0.3357230788227642,0.6642769211772358
7,10,stroop:s10:r3,always_nn,1547,1,0.0207890848161419,0.979210915183858
7,11,stroop:s11:r0,always_fuse,1335,0,0.6717519363506087,0.3282480636493913
7,11,stroop:s11:r0,always_nn,1335,0,0.9985880750347133,0.0014119249652868
7,11,stroop:s11:r1,always_fuse,1335,0,0.487614462288362,0.512385537711638
7,11,stroop:s11:r1,always_nn,1335,0,0.7114782083767516,0.2885217916232485
7,11,stroop:s11:r2,always_fuse,1335,1,0.421676499298491,0.578323500701509
7,11,stroop:s11:r2,always_nn,1335,1,0.1656499611326725,0.8343500388673274
7,11,stroop:s11:r3,always_fuse,1335,1,0.4735126352030102,0.5264873647969898
7,11,stroop:s11:r3,always_nn,1335,1,0.5230966764864917,0.4769033235135083
7,11,stroop:s11:r0,always_fuse,1388,0,0.615735010181112,0.384264989818888
7,11,stroop:s11:r0,always_nn,1388,0,0.9492953259436406,0.0507046740563593
7,11,stroop:s11:r1,always_fuse,1388,0,0.4373840884126289,0.5626159115873711
7,11,stroop:s11:r1,always_nn,1388,0,0.4104140877313999,0.5895859122686
7,11,stroop:s11:r2,always_fuse,1388,1,0.4341433614162679,0.565856638583732
7,11,stroop:s11:r2,always_nn,1388,1,0.3722004836216175,0.6277995163783824
7,11,stroop:s11:r3,always_fuse,1388,1,0.4333813931272636,0.5666186068727364
7,11,stroop:s11:r3,always_nn,1388,1,0.3633735405872199,0.6366264594127801
7,11,stroop:s11:r0,always_fuse,1441,0,0.5789064917914056,0.4210935082085944
7,11,stroop:s11:r0,always_nn,1441,0,0.9281050721277792,0.0718949278722207
7,11,stroop:s11:r1,always_fuse,1441,0,0.4379413311646277,0.5620586688353724
7,11,stroop:s11:r1,always_nn,1441,0,0.3056883984276543,0.6943116015723457
7,11,stroop:s11:r2,always_fuse,1441,1,0.4481126451220449,0.5518873548779551
7,11,stroop:s11:r2,always_nn,1441,1,0.334128652632337,0.665871347367663
7,11,stroop:s11:r3,always_fuse,1441,1,0.4594927816528696,0.5405072183471303
7,11,stroop:s11:r3,always_nn,1441,1,0.3841969424772019,0.6158030575227982
7,11,stroop:s11:r0,always_fuse,1494,0,0.6152484171158642,0.3847515828841358
7,11,stroop:s11:r0,always_nn,1494,0,0.9803841272049336,0.0196158727950663
7,11,stroop:s11:r1,always_fuse,1494,0,0.4546319291793619,0.5453680708206381
7,11,stroop:s11:r1,always_nn,1494,0,0.4185206853286932,0.5814793146713068
7,11,stroop:s11:r2,always_fuse,1494,1,0.450072558927586,0.5499274410724139
7,11,stroop:s11:r2,always_nn,1494,1,0.3415599531465596,0.6584400468534404
7,11,stroop:s11:r3,always_fuse,1494,1,0.4562262033657813,0.5437737966342187
7,11,stroop:s11:r3,always_nn,1494,1,0.3603928418459314,0.6396071581540687
7,11,stroop:s11:r0,always_fuse,1547,0,0.7397870578083743,0.2602129421916256
7,11,stroop:s11:r0,always_nn,1547,0,0.9999978374140264,2.162585973653082e-06
7,11,stroop:s11:r1,always_fuse,1547,0,0.4933402152888467,0.5066597847111532
7,11,stroop:s11:r1,always_nn,1547,0,0.7002677099313176,0.2997322900686823
7,11,stroop:s11:r2,always_fuse,1547,1,0.491028558427735,0.508971441572265
7,11,stroop:s11:r2,always_nn,1547,1,0.6493352066896291,0.350664793310371
7,11,stroop:s11:r3,always_fuse,1547,1,0.4599348288469214,0.5400651711530785
7,11,stroop:s11:r3,always_nn,1547,1,0.405030332215077,0.594969667784923
7,12,stroop:s12:r0,always_fuse,1335,0,0.4942034076485505,0.5057965923514495
7,12,stroop:s12:r0,always_nn,1335,0,0.6075030325869806,0.3924969674130193
7,12,stroop:s12:r1,always_fuse,1335,0,0.4443981685023321,0.5556018314976678
7,12,stroop:s12:r1,always_nn,1335,0,0.3994761292819365,0.6005238707180636
7,12,stroop:s12:r2,always_fuse,1335,1,0.4357678019776149,0.5642321980223851
7,12,stroop:s12:r2,always_nn,1335,1,0.3611833900708849,0.6388166099291152
7,12,stroop:s12:r3,always_fuse,1335,1,0.4479255189454738,0.5520744810545262
7,12,stroop:s12:r3,always_nn,1335,1,0.4323559361505379,0.5676440638494621
7,12,stroop:s12:r0,always_fuse,1388,0,0.5027147619273771,0.497285238072623
7,12,stroop:s12:r0,always_nn,1388,0,0.6635608752391245,0.3364391247608755
7,12,stroop:s12:r1,always_fuse,1388,0,0.4537087244910624,0.5462912755089376
7,12,stroop:s12:r1,always_nn,1388,0,0.4441380451736014,0.5558619548263987
7,12,stroop:s12:r2,always_fuse,1388,1,0.4479614672451192,0.5520385327548807
7,12,stroop:s12:r2,always_nn,1388,1,0.4334959484963275,0.5665040515036724
7,12,stroop:s12:r3,always_fuse,1388,1,0.4598345911058695,0.5401654088941306
7,12,stroop:s12:r3,always_nn,1388,1,0.484840414580762,0.515159585419238
7,12,stroop:s12:r0,always_fuse,1441,0,0.5389594672220517,0.4610405327779482
7,12,stroop:s12:r0,always_nn,1441,0,0.807490206523178,0.1925097934768219
7,12,stroop:s12:r1,always_fuse,1441,0,0.4614860126631721,0.5385139873368279
7,12,stroop:s12:r1,always_nn,1441,0,0.4583159971847351,0.541684002815265
7,12,stroop:s12:r2,always_fuse,1441,1,0.4509203099095666,0.5490796900904333
7,12,stroop:s12:r2,always_nn,1441,1,0.4232497678680842,0.5767502321319157
7,12,stroop:s12:r3,always_fuse,1441,1,0.4617536255144523,0.5382463744855477
7,12,stroop:s12:r3,always_nn,1441,1,0.4866249808544092,0.5133750191455908
7,12,stroop:s12:r0,always_fuse,1494,0,0.5056563839601689,0.4943436160398311
7,12,stroop:s12:r0,always_nn,1494,0,0.6620316178487226,0.3379683821512774
7,12,stroop:s12:r1,always_fuse,1494,0,0.4623735694325045,0.5376264305674955
7,12,stroop:s12:r1,always_nn,1494,0,0.5345666036014793,0.4654333963985205
7,12,stroop:s12:r2,always_fuse,1494,1,0.4283170165349325,0.5716829834650674
7,12,stroop:s12:r2,always_nn,1494,1,0.3090022700989798,0.6909977299010203
7,12,stroop:s12:r3,always_fuse,1494,1,0.446613554272137,0.553386445727863
7,12,stroop:s12:r3,always_nn,1494,1,0.4164566658911264,0.5835433341088736
7,12,stroop:s12:r0,always_fuse,1547,0,0.4934522133552166,0.5065477866447834
7,12,stroop:s12:r0,always_nn,1547,0,0.5750020374984778,0.4249979625015222
7,12,stroop:s12:r1,always_fuse,1547,0,0.4585998042064835,0.5414001957935165
7,12,stroop:s12:r1,always_nn,1547,0,0.4830262762201883,0.5169737237798117
7,12,stroop:s12:r2,always_fuse,1547,1,0.4253756818740254,0.5746243181259746
7,12,stroop:s12:r2,always_nn,1547,1,0.2912478886350452,0.7087521113649549
7,12,stroop:s12:r3,always_fuse,1547,1,0.4441221899043281,0.5558778100956718
7,12,stroop:s12:r3,always_nn,1547,1,0.3871863534668385,0.6128136465331614
7,13,stroop:s13:r0,always_fuse,1335,0,0.8065886123114278,0.1934113876885721
7,13,stroop:s13:r0,always_nn,1335,0,0.9999999768205908,2.317940932148558e-08
7,13,stroop:s13:r1,always_fuse,1335,0,0.4834410161162018,0.5165589838837982
7,13,stroop:s13:r1,always_nn,1335,0,0.5842676757495266,0.4157323242504733
7,13,stroop:s13:r2,always_fuse,1335,1,0.4872744062386316,0.5127255937613684
7,13,stroop:s13:r2,always_nn,1335,1,0.4861097403144881,0.5138902596855118
7,13,stroop:s13:r3,always_fuse,1335,1,0.4208964451523936,0.5791035548476063
7,13,stroop:s13:r3,always_nn,1335,1,0.1108661839298924,0.8891338160701076
7,13,stroop:s13:r0,always_fuse,1388,0,0.7897303613962303,0.2102696386037696
7,13,stroop:s13:r0,always_nn,1388,0,0.9988302007724597,0.0011697992275405
7,13,stroop:s13:r1,always_fuse,1388,0,0.4730118848596523,0.5269881151403478
7,13,stroop:s13:r1,always_nn,1388,0,0.4485594124421723,0.5514405875578275
7,13,stroop:s13:r2,always_fuse,1388,1,0.4823507298492835,0.5176492701507165
7,13,stroop:s13:r2,always_nn,1388,1,0.4690721733021114,0.5309278266978886
7,13,stroop:s13:r3,always_fuse,1388,1,0.4553431407737679,0.5446568592262321
7,13,stroop:s13:r3,always_nn,1388,1,0.3462493198117276,0.6537506801882723
7,13,stroop:s13:r0,always_fuse,1441,0,0.7462281167100784,0.2537718832899217
7,13,stroop:s13:r0,always_nn,1441,0,0.99988913114047,0.0001108688595299
7,13,stroop:s13:r1,always_fuse,1441,0,0.4806809789639905,0.5193190210360095
7,13,stroop:s13:r1,always_nn,1441,0,0.3219652236868267,0.6780347763131733
7,13,stroop:s13:r2,always_fuse,1441,1,0.5062931954994285,0.4937068045005714
7,13,stroop:s13:r2,always_nn,1441,1,0.3894580417151776,0.6105419582848223
7,13,stroop:s13:r3,always_fuse,1441,1,0.4846316203846688,0.5153683796153311
7,13,stroop:s13:r3,always_nn,1441,1,0.3155766598406073,0.6844233401593927
7,13,stroop:s13:r0,always_fuse,1494,0,0.808256783854562,0.191743216145438
7,13,stroop:s13:r0,always_nn,1494,0,0.9999995150620724,4.849379277953143e-07
7,13,stroop:s13:r1,always_fuse,1494,0,0.4664654637846793,0.5335345362153207
7,13,stroop:s13:r1,always_nn,1494,0,0.4544436581048132,0.5455563418951868
7,13,stroop:s13:r2,always_fuse,1494,1,0.505776068562677,0.494223931437323
7,13,stroop:s13:r2,always_nn,1494,1,0.6127493897263445,0.3872506102736556
7,13,stroop:s13:r3,always_fuse,1494,1,0.4261266969290454,0.5738733030709545
7,13,stroop:s13:r3,always_nn,1494,1,0.1547410295907852,0.8452589704092148
7,13,stroop:s13:r0,always_fuse,1547,0,0.7582764647309961,0.241723535269004
7,13,stroop:s13:r0,always_nn,1547,0,0.9997616806282532,0.0002383193717466
7,13,stroop:s13:r1,always_fuse,1547,0,0.4526203071119694,0.5473796928880307
7,13,stroop:s13:r1,always_nn,1547,0,0.2630252439133476,0.7369747560866524
7,13,stroop:s13:r2,always_fuse,1547,1,0.4636430599988395,0.5363569400011605
7,13,stroop:s13:r2,always_nn,1547,1,0.2557643440139757,0.7442356559860244
7,13,stroop:s13:r3,always_fuse,1547,1,0.4475534996667115,0.5524465003332885
7,13,stroop:s13:r3,always_nn,1547,1,0.2117149757423699,0.7882850242576301
7,14,stroop:s14:r0,always_fuse,1335,0,0.754483232576125,0.2455167674238749
7,14,stroop:s14:r0,always_nn,1335,0,0.9993338859456748,0.0006661140543251
7,14,stroop:s14:r1,always_fuse,1335,0,0.1698786625196602,0.8301213374803398
7,14,stroop:s14:r1,always_nn,1335,0,0.0060144001846351,0.9939855998153648
7,14,stroop:s14:r2,always_fuse,1335,1,0.206796723997415,0.793203276002585
7,14,stroop:s14:r2,always_nn,1335,1,0.006362641807012,0.993637358192988
7,14,stroop:s14:r3,always_fuse,1335,1,0.1241135420559681,0.8758864579440319
7,14,stroop:s14:r3,always_nn,1335,1,0.0056361667208691,0.9943638332791308
7,14,stroop:s14:r0,always_fuse,1388,0,0.8964033501853832,0.1035966498146168
7,14,stroop:s14:r0,always_nn,1388,0,0.999977985065172,2.20149348278846e-05
7,14,stroop:s14:r1,always_fuse,1388,0,0.1902753110815708,0.8097246889184292
7,14,stroop:s14:r1,always_nn,1388,0,0.0157198792279823,0.9842801207720177
7,14,stroop:s14:r2,always_fuse,1388,1,0.2156425962843053,0.7843574037156946
7,14,stroop:s14:r2,always_nn,1388,1,0.0199111573375551,0.9800888426624448
7,14,stroop:s14:r3,always_fuse,1388,1,0.150862842546232,0.8491371574537679
7,14,stroop:s14:r3,always_nn,1388,1,0.0137722039070321,0.9862277960929678
7,14,stroop:s14:r0,always_fuse,1441,0,0.7192602431186191,0.2807397568813808
7,14,stroop:s14:r0,always_nn,1441,0,0.9977687547401516,0.0022312452598484
7,14,stroop:s14:r1,always_fuse,1441,0,0.1857884666969828,0.8142115333030172
7,14,stroop:s14:r1,always_nn,1441,0,0.0499236973137908,0.9500763026862092
7,14,stroop:s14:r2,always_fuse,1441,1,0.2354047234121622,0.7645952765878377
7,14,stroop:s14:r2,always_nn,1441,1,0.0564960891679125,0.9435039108320876
7,14,stroop:s14:r3,always_fuse,1441,1,0.121665235057807,0.878334764942193
7,14,stroop:s14:r3,always_nn,1441,1,0.0388136638054862,0.9611863361945138
7,14,stroop:s14:r0,always_fuse,1494,0,0.7714113225860907,0.2285886774139093
7,14,stroop:s14:r0,always_nn,1494,0,0.9995254429874206,0.0004745570125793
7,14,stroop:s14:r1,always_fuse,1494,0,0.2200643244051735,0.7799356755948266
7,14,stroop:s14:r1,always_nn,1494,0,0.039905918641829,0.960094081358171
7,14,stroop:s14:r2,always_fuse,1494,1,0.2536055851676699,0.7463944148323302
7,14,stroop:s14:r2,always_nn,1494,1,0.0458895121431164,0.9541104878568836
7,14,stroop:s14:r3,always_fuse,1494,1,0.1537142376352557,0.8462857623647442
7,14,stroop:s14:r3,always_nn,1494,1,0.0382721415529598,0.9617278584470402
7,14,stroop:s14:r0,always_fuse,1547,0,0.7595002141983147,0.2404997858016852
7,14,stroop:s14:r0,always_nn,1547,0,0.9989840415739786,0.0010159584260215
7,14,stroop:s14:r1,always_fuse,1547,0,0.2149426213375504,0.7850573786624495
7,14,stroop:s14:r1,always_nn,1547,0,0.0306445235665648,0.9693554764334352
7,14,stroop:s14:r2,always_fuse,1547,1,0.2421774630838938,0.7578225369161062
7,14,stroop:s14:r2,always_nn,1547,1,0.0326703034933417,0.9673296965066582
7,14,stroop:s14:r3,always_fuse,1547,1,0.147588970418034,0.8524110295819659
7,14,stroop:s14:r3,always_nn,1547,1,0.0295610688276095,0.9704389311723904
7,15,stroop:s15:r0,always_fuse,1335,0,0.6705552615112546,0.3294447384887455
7,15,stroop:s15:r0,always_nn,1335,0,0.998212525976755,0.0017874740232449
7,15,stroop:s15:r1,always_fuse,1335,0,0.4633656407318974,0.5366343592681025
7,15,stroop:s15:r1,always_nn,1335,0,0.4946217569348757,0.5053782430651244
7,15,stroop:s15:r2,always_fuse,1335,1,0.4763546674273263,0.5236453325726736
7,15,stroop:s15:r2,always_nn,1335,1,0.585072672806458,0.4149273271935419
7,15,stroop:s15:r3,always_fuse,1335,1,0.3947698074353252,0.6052301925646748
7,15,stroop:s15:r3,always_nn,1335,1,0.2256981940549758,0.7743018059450241
7,15,stroop:s15:r0,always_fuse,1388,0,0.8370433274685495,0.1629566725314505
7,15,stroop:s15:r0,always_nn,1388,0,0.9999671170259224,3.288297407750205e-05
7,15,stroop:s15:r1,always_fuse,1388,0,0.456633613754074,0.543366386245926
7,15,stroop:s15:r1,always_nn,1388,0,0.4129421372553093,0.5870578627446906
7,15,stroop:s15:r2,always_fuse,1388,1,0.4853776943066997,0.5146223056933004
7,15,stroop:s15:r2,always_nn,1388,1,0.5539761519370052,0.4460238480629947
7,15,stroop:s15:r3,always_fuse,1388,1,0.400825665519256,0.5991743344807439
7,15,stroop:s15:r3,always_nn,1388,1,0.1454870152112322,0.8545129847887678
7,15,stroop:s15:r0,always_fuse,1441,0,0.7970684144535684,0.2029315855464316
7,15,stroop:s15:r0,always_nn,1441,0,0.9999740478496776,2.5952150322546387e-05
7,15,stroop:s15:r1,always_fuse,1441,0,0.4877740577417774,0.5122259422582226
7,15,stroop:s15:r1,always_nn,1441,0,0.6673102147005974,0.3326897852994027
7,15,stroop:s15:r2,always_fuse,1441,1,0.5321375040846652,0.4678624959153348
7,15,stroop:s15:r2,always_nn,1441,1,0.8842999197380588,0.1157000802619412
7,15,stroop:s15:r3,always_fuse,1441,1,0.3588097545290906,0.6411902454709094
7,15,stroop:s15:r3,always_nn,1441,1,0.2447907481601152,0.7552092518398847
7,15,stroop:s15:r0,always_fuse,1494,0,0.6912668695500642,0.3087331304499358
7,15,stroop:s15:r0,always_nn,1494,0,0.997861016010676,0.0021389839893239
7,15,stroop:s15:r1,always_fuse,1494,0,0.4490273984720734,0.5509726015279266
7,15,stroop:s15:r1,always_nn,1494,0,0.3871317801725628,0.6128682198274372
7,15,stroop:s15:r2,always_fuse,1494,1,0.4752973614081337,0.5247026385918663
7,15,stroop:s15:r2,always_nn,1494,1,0.5728946040732311,0.4271053959267688
7,15,stroop:s15:r3,always_fuse,1494,1,0.3503122380573824,0.6496877619426176
7,15,stroop:s15:r3,always_nn,1494,1,0.1109197521354169,0.889080247864583
7,15,stroop:s15:r0,always_fuse,1547,0,0.6880993521463306,0.3119006478536695
7,15,stroop:s15:r0,always_nn,1547,0,0.9989572632177596,0.0010427367822402
7,15,stroop:s15:r1,always_fuse,1547,0,0.4075987534187156,0.5924012465812845
7,15,stroop:s15:r1,always_nn,1547,0,0.1651844141751337,0.8348155858248664
7,15,stroop:s15:r2,always_fuse,1547,1,0.4416532287968628,0.558346771203137
7,15,stroop:s15:r2,always_nn,1547,1,0.3351923197004669,0.6648076802995331
7,15,stroop:s15:r3,always_fuse,1547,1,0.296314207958939,0.7036857920410611
7,15,stroop:s15:r3,always_nn,1547,1,0.0322835803251666,0.9677164196748334
8,1,stroop:s01:r0,always_fuse,1335,0,0.5185344941714445,0.4814655058285555
8,1,stroop:s01:r0,always_nn,1335,0,0.7743304212139602,0.2256695787860397
8,1,stroop:s01:r1,always_fuse,1335,0,0.5789803133248934,0.4210196866751066
8,1,stroop:s01:r1,always_nn,1335,0,0.9346784861767382,0.0653215138232617
8,1,stroop:s01:r2,always_fuse,1335,1,0.6166773202618878,0.3833226797381122
8,1,stroop:s01:r2,always_nn,1335,1,0.97223873871408,0.02776126128592
8,1,stroop:s01:r3,always_fuse,1335,1,0.5583497493795239,0.4416502506204761
8,1,stroop:s01:r3,always_nn,1335,1,0.8994896265682883,0.1005103734317116
8,1,stroop:s01:r0,always_fuse,1388,0,0.4760690072222813,0.5239309927777186
8,1,stroop:s01:r0,always_nn,1388,0,0.5833779811206756,0.4166220188793244
8,1,stroop:s01:r1,always_fuse,1388,0,0.5152118267810262,0.4847881732189738
8,1,stroop:s01:r1,always_nn,1388,0,0.7919331358920366,0.2080668641079633
8,1,stroop:s01:r2,always_fuse,1388,1,0.5333244192324283,0.4666755807675717
8,1,stroop:s01:r2,always_nn,1388,1,0.8597659003041673,0.1402340996958326
8,1,stroop:s01:r3,always_fuse,1388,1,0.5027647316107046,0.4972352683892953
8,1,stroop:s01:r3,always_nn,1388,1,0.7507946286916553,0.2492053713083448
8,1,stroop:s01:r0,always_fuse,1441,0,0.5100964598927845,0.4899035401072155
8,1,stroop:s01:r0,always_nn,1441,0,0.7700963527616554,0.2299036472383445
8,1,stroop:s01:r1,always_fuse,1441,0,0.4933844361257249,0.5066155638742751
8,1,stroop:s01:r1,always_nn,1441,0,0.6370806699490121,0.3629193300509878
8,1,stroop:s01:r2,always_fuse,1441,1,0.5288822449215322,0.4711177550784677
8,1,stroop:s01:r2,always_nn,1441,1,0.8049661566154909,0.1950338433845091
8,1,stroop:s01:r3,always_fuse,1441,1,0.4454603283973365,0.5545396716026635
8,1,stroop:s01:r3,always_nn,1441,1,0.3939843585099955,0.6060156414900045
8,1,stroop:s01:r0,always_fuse,1494,0,0.4534163513430145,0.5465836486569855
8,1,stroop:s01:r0,always_nn,1494,0,0.5713011287836693,0.4286988712163307
8,1,stroop:s01:r1,always_fuse,1494,0,0.4712119527470128,0.5287880472529873
8,1,stroop:s01:r1,always_nn,1494,0,0.6568577116694726,0.3431422883305273
8,1,stroop:s01:r2,always_fuse,1494,1,0.4884812128876278,0.5115187871123721
8,1,stroop:s01:r2,always_nn,1494,1,0.7450537784607844,0.2549462215392157
8,1,stroop:s01:r3,always_fuse,1494,1,0.4555553220861079,0.5444446779138921
8,1,stroop:s01:r3,always_nn,1494,1,0.5797734964316921,0.4202265035683079
8,1,stroop:s01:r0,always_fuse,1547,0,0.4817427840994692,0.5182572159005308
8,1,stroop:s01:r0,always_nn,1547,0,0.598963756748428,0.401036243251572
8,1,stroop:s01:r1,always_fuse,1547,0,0.5515959883989954,0.4484040116010046
8,1,stroop:s01:r1,always_nn,1547,0,0.8776940497727113,0.1223059502272887
8,1,stroop:s01:r2,always_fuse,1547,1,0.5602754781223709,0.4397245218776291
8,1,stroop:s01:r2,always_nn,1547,1,0.8992472257926882,0.1007527742073118
8,1,stroop:s01:r3,always_fuse,1547,1,0.5357977757130733,0.4642022242869267
8,1,stroop:s01:r3,always_nn,1547,1,0.8424041846789468,0.1575958153210531
8,2,stroop:s02:r0,always_fuse,1335,0,0.7059761462902733,0.2940238537097268
8,2,stroop:s02:r0,always_nn,1335,0,0.9739797358993284,0.0260202641006716
8,2,stroop:s02:r1,always_fuse,1335,0,0.6803181314594827,0.3196818685405171
8,2,stroop:s02:r1,always_nn,1335,0,0.9690902590654582,0.0309097409345418
8,2,stroop:s02:r2,always_fuse,1335,1,0.5885143318583509,0.4114856681416491
8,2,stroop:s02:r2,always_nn,1335,1,0.8573610006535091,0.1426389993464909
8,2,stroop:s02:r3,always_fuse,1335,1,0.5981263957651832,0.4018736042348167
8,2,stroop:s02:r3,always_nn,1335,1,0.8940448927494037,0.1059551072505963
8,2,stroop:s02:r0,always_fuse,1388,0,0.7110109804397936,0.2889890195602064
8,2,stroop:s02:r0,always_nn,1388,0,0.9846604048318728,0.0153395951681273
8,2,stroop:s02:r1,always_fuse,1388,0,0.644047517922789,0.355952482077211
8,2,stroop:s02:r1,always_nn,1388,0,0.9485457240787736,0.0514542759212264
8,2,stroop:s02:r2,always_fuse,1388,1,0.551388159596159,0.4486118404038409
8,2,stroop:s02:r2,always_nn,1388,1,0.7178596913253165,0.2821403086746835
8,2,stroop:s02:r3,always_fuse,1388,1,0.5536699302343825,0.4463300697656175
8,2,stroop:s02:r3,always_nn,1388,1,0.7466227731715233,0.2533772268284767
8,2,stroop:s02:r0,always_fuse,1441,0,0.7945183643619569,0.2054816356380431
8,2,stroop:s02:r0,always_nn,1441,0,0.9985537331109302,0.0014462668890697
8,2,stroop:s02:r1,always_fuse,1441,0,0.6625676567906796,0.3374323432093202
8,2,stroop:s02:r1,always_nn,1441,0,0.9565950151982424,0.0434049848017575
8,2,stroop:s02:r2,always_fuse,1441,1,0.5860269674198847,0.4139730325801153
8,2,stroop:s02:r2,always_nn,1441,1,0.8642420776803833,0.1357579223196166
8,2,stroop:s02:r3,always_fuse,1441,1,0.5637998237372168,0.4362001762627832
8,2,stroop:s02:r3,always_nn,1441,1,0.7959426532322889,0.2040573467677111
8,2,stroop:s02:r0,always_fuse,1494,0,0.7628489653742725,0.2371510346257275
8,2,stroop:s02:r0,always_nn,1494,0,0.99840678965039,0.0015932103496098
8,2,stroop:s02:r1,always_fuse,1494,0,0.7367018642380463,0.2632981357619536
8,2,stroop:s02:r1,always_nn,1494,0,0.9976960854149036,0.0023039145850963
8,2,stroop:s02:r2,always_fuse,1494,1,0.6348598948226241,0.365140105177376
8,2,stroop:s02:r2,always_nn,1494,1,0.976160753957859,0.0238392460421409
8,2,stroop:s02:r3,always_fuse,1494,1,0.6306374868000694,0.3693625131999306
8,2,stroop:s02:r3,always_nn,1494,1,0.9748907763047562,0.0251092236952436
8,2,stroop:s02:r0,always_fuse,1547,0,0.7241665898144497,0.2758334101855503
8,2,stroop:s02:r0,always_nn,1547,0,0.989338138359416,0.010661861640584
8,2,stroop:s02:r1,always_fuse,1547,0,0.7133276785650469,0.2866723214349532
8,2,stroop:s02:r1,always_nn,1547,0,0.9923172421311016,0.0076827578688983
8,2,stroop:s02:r2,always_fuse,1547,1,0.5664404757918462,0.4335595242081537
8,2,stroop:s02:r2,always_nn,1547,1,0.7993817824124888,0.2006182175875111
8,2,stroop:s02:r3,always_fuse,1547,1,0.6080558578628429,0.391944142137157
8,2,stroop:s02:r3,always_nn,1547,1,0.9274561530621556,0.0725438469378446
8,3,stroop:s03:r0,always_fuse,1335,0,0.8539568604580676,0.1460431395419324
8,3,stroop:s03:r0,always_nn,1335,0,0.9999999934709156,6.5290842965409884e-09
8,3,stroop:s03:r1,always_fuse,1335,0,0.6511980323860236,0.3488019676139763
8,3,stroop:s03:r1,always_nn,1335,0,0.9921060765812704,0.0078939234187295
8,3,stroop:s03:r2,always_fuse,1335,1,0.3785705930953751,0.6214294069046249
8,3,stroop:s03:r2,always_nn,1335,1,0.0204499327111126,0.9795500672888874
8,3,stroop:s03:r3,always_fuse,1335,1,0.2802250271959235,0.7197749728040764
8,3,stroop:s03:r3,always_nn,1335,1,0.0032481376539699,0.99675186234603
8,3,stroop:s03:r0,always_fuse,1388,0,0.7784018009214946,0.2215981990785053
8,3,stroop:s03:r0,always_nn,1388,0,0.9999503170223012,4.968297769883329e-05
8,3,stroop:s03:r1,always_fuse,1388,0,0.5278999263502493,0.4721000736497506
8,3,stroop:s03:r1,always_nn,1388,0,0.8042369260246262,0.1957630739753738
8,3,stroop:s03:r2,always_fuse,1388,1,0.4649575394562445,0.5350424605437556
8,3,stroop:s03:r2,always_nn,1388,1,0.2563135978052306,0.7436864021947692
8,3,stroop:s03:r3,always_fuse,1388,1,0.2862169892705462,0.7137830107294538
8,3,stroop:s03:r3,always_nn,1388,1,0.0019046121674588,0.9980953878325411
8,3,stroop:s03:r0,always_fuse,1441,0,0.7366312691617023,0.2633687308382976
8,3,stroop:s03:r0,always_nn,1441,0,0.9978249856415824,0.0021750143584174
8,3,stroop:s03:r1,always_fuse,1441,0,0.5357151209149009,0.464284879085099
8,3,stroop:s03:r1,always_nn,1441,0,0.8022941509636725,0.1977058490363276
8,3,stroop:s03:r2,always_fuse,1441,1,0.532028644937484,0.4679713550625159
8,3,stroop:s03:r2,always_nn,1441,1,0.5476805592064701,0.4523194407935299
8,3,stroop:s03:r3,always_fuse,1441,1,0.4817472046675776,0.5182527953324224
8,3,stroop:s03:r3,always_nn,1441,1,0.445376979703623,0.554623020296377
8,3,stroop:s03:r0,always_fuse,1494,0,0.7892798423427089,0.2107201576572911
8,3,stroop:s03:r0,always_nn,1494,0,0.99999768021773,2.319782269940243e-06
8,3,stroop:s03:r1,always_fuse,1494,0,0.6531743307940628,0.3468256692059371
8,3,stroop:s03:r1,always_nn,1494,0,0.9963163104522724,0.0036836895477274
8,3,stroop:s03:r2,always_fuse,1494,1,0.4252752133053162,0.5747247866946836
8,3,stroop:s03:r2,always_nn,1494,1,0.1051129336450553,0.8948870663549446
8,3,stroop:s03:r3,always_fuse,1494,1,0.3404253161373894,0.6595746838626106
8,3,stroop:s03:r3,always_nn,1494,1,0.0167313546033909,0.9832686453966092
8,3,stroop:s03:r0,always_fuse,1547,0,0.8393404377690155,0.1606595622309845
8,3,stroop:s03:r0,always_nn,1547,0,0.9999998497030632,1.502969367001049e-07
8,3,stroop:s03:r1,always_fuse,1547,0,0.6497934438746336,0.3502065561253664
8,3,stroop:s03:r1,always_nn,1547,0,0.9915968616845776,0.0084031383154225
8,3,stroop:s03:r2,always_fuse,1547,1,0.4338793537331442,0.5661206462668558
8,3,stroop:s03:r2,always_nn,1547,1,0.0992286670133025,0.9007713329866976
8,3,stroop:s03:r3,always_fuse,1547,1,0.3193598000132829,0.680640199986717
8,3,stroop:s03:r3,always_nn,1547,1,0.0120803265192615,0.9879196734807384
8,4,stroop:s04:r0,always_fuse,1335,0,0.6475526171856135,0.3524473828143865
8,4,stroop:s04:r0,always_nn,1335,0,0.9909611155995088,0.0090388844004913
8,4,stroop:s04:r1,always_fuse,1335,0,0.5063140937793373,0.4936859062206626
8,4,stroop:s04:r1,always_nn,1335,0,0.8143738695551914,0.1856261304448085
8,4,stroop:s04:r2,always_fuse,1335,1,0.3784039859832463,0.6215960140167536
8,4,stroop:s04:r2,always_nn,1335,1,0.0808577769817776,0.9191422230182223
8,4,stroop:s04:r3,always_fuse,1335,1,0.3375355176943947,0.6624644823056052
8,4,stroop:s04:r3,always_nn,1335,1,0.0270511408331655,0.9729488591668344
8,4,stroop:s04:r0,always_fuse,1388,0,0.685927900569872,0.314072099430128
8,4,stroop:s04:r0,always_nn,1388,0,0.9984738562795124,0.0015261437204875
8,4,stroop:s04:r1,always_fuse,1388,0,0.4870288946751898,0.5129711053248102
8,4,stroop:s04:r1,always_nn,1388,0,0.7803122398203773,0.2196877601796226
8,4,stroop:s04:r2,always_fuse,1388,1,0.4035091803434559,0.5964908196565439
8,4,stroop:s04:r2,always_nn,1388,1,0.1086634393316696,0.8913365606683303
8,4,stroop:s04:r3,always_fuse,1388,1,0.3403293303479373,0.6596706696520627
8,4,stroop:s04:r3,always_nn,1388,1,0.0165033848505182,0.9834966151494818
8,4,stroop:s04:r0,always_fuse,1441,0,0.5296036949210313,0.4703963050789687
8,4,stroop:s04:r0,always_nn,1441,0,0.7483744354485719,0.251625564551428
8,4,stroop:s04:r1,always_fuse,1441,0,0.4431114615963988,0.5568885384036012
8,4,stroop:s04:r1,always_nn,1441,0,0.4153970649501415,0.5846029350498585
8,4,stroop:s04:r2,always_fuse,1441,1,0.4217393690531091,0.5782606309468908
8,4,stroop:s04:r2,always_nn,1441,1,0.2851772567658354,0.7148227432341646
8,4,stroop:s04:r3,always_fuse,1441,1,0.3948209291319857,0.6051790708680143
8,4,stroop:s04:r3,always_nn,1441,1,0.1886508932819924,0.8113491067180074
8,4,stroop:s04:r0,always_fuse,1494,0,0.7457214624597196,0.2542785375402804
8,4,stroop:s04:r0,always_nn,1494,0,0.9997850066230528,0.000214993376947
8,4,stroop:s04:r1,always_fuse,1494,0,0.5033476217172284,0.4966523782827716
8,4,stroop:s04:r1,always_nn,1494,0,0.8193468188421477,0.1806531811578523
8,4,stroop:s04:r2,always_fuse,1494,1,0.4709475646029321,0.5290524353970679
8,4,stroop:s04:r2,always_nn,1494,1,0.5987454244984263,0.4012545755015738
8,4,stroop:s04:r3,always_fuse,1494,1,0.4212020561620648,0.5787979438379351
8,4,stroop:s04:r3,always_nn,1494,1,0.2759022897236692,0.7240977102763306
8,4,stroop:s04:r0,always_fuse,1547,0,0.6916819226793736,0.3083180773206265
8,4,stroop:s04:r0,always_nn,1547,0,0.9976811965221678,0.0023188034778321
8,4,stroop:s04:r1,always_fuse,1547,0,0.5373657305509406,0.4626342694490595
8,4,stroop:s04:r1,always_nn,1547,0,0.8979886779562567,0.1020113220437434
8,4,stroop:s04:r2,always_fuse,1547,1,0.3775309136099198,0.6224690863900801
8,4,stroop:s04:r2,always_nn,1547,1,0.0656298511930711,0.9343701488069288
8,4,stroop:s04:r3,always_fuse,1547,1,0.3604667837971209,0.6395332162028791
8,4,stroop:s04:r3,always_nn,1547,1,0.0460529957884112,0.9539470042115886
8,5,stroop:s05:r0,always_fuse,1335,0,0.7998069950702207,0.2001930049297793
8,5,stroop:s05:r0,always_nn,1335,0,0.9999014045856236,9.859541437643936e-05
8,5,stroop:s05:r1,always_fuse,1335,0,0.4294662669223276,0.5705337330776723
8,5,stroop:s05:r1,always_nn,1335,0,0.3061919417206037,0.6938080582793962
8,5,stroop:s05:r2,always_fuse,1335,1,0.4243322735659741,0.575667726434026
8,5,stroop:s05:r2,always_nn,1335,1,0.2461038985709214,0.7538961014290786
8,5,stroop:s05:r3,always_fuse,1335,1,0.3968466670914561,0.6031533329085439
8,5,stroop:s05:r3,always_nn,1335,1,0.1634993262624469,0.8365006737375531
8,5,stroop:s05:r0,always_fuse,1388,0,0.7975935376062983,0.2024064623937017
8,5,stroop:s05:r0,always_nn,1388,0,0.9999933236654938,6.676334506306436e-06
8,5,stroop:s05:r1,always_fuse,1388,0,0.4385230619403366,0.5614769380596635
8,5,stroop:s05:r1,always_nn,1388,0,0.3693894308142782,0.6306105691857219
8,5,stroop:s05:r2,always_fuse,1388,1,0.4194228230163068,0.5805771769836932
8,5,stroop:s05:r2,always_nn,1388,1,0.1904464457656672,0.8095535542343327
8,5,stroop:s05:r3,always_fuse,1388,1,0.3875657930406722,0.6124342069593278
8,5,stroop:s05:r3,always_nn,1388,1,0.1136812716663688,0.8863187283336311
8,5,stroop:s05:r0,always_fuse,1441,0,0.7517593112281654,0.2482406887718346
8,5,stroop:s05:r0,always_nn,1441,0,0.9989146334429908,0.0010853665570093
8,5,stroop:s05:r1,always_fuse,1441,0,0.4116995322088096,0.5883004677911904
8,5,stroop:s05:r1,always_nn,1441,0,0.2620812290592903,0.7379187709407097
8,5,stroop:s05:r2,always_fuse,1441,1,0.4171116062602342,0.5828883937397658
8,5,stroop:s05:r2,always_nn,1441,1,0.2354899162752648,0.7645100837247353
8,5,stroop:s05:r3,always_fuse,1441,1,0.3793424536550898,0.6206575463449102
8,5,stroop:s05:r3,always_nn,1441,1,0.1353855207836026,0.8646144792163973
8,5,stroop:s05:r0,always_fuse,1494,0,0.8125325924219857,0.1874674075780143
8,5,stroop:s05:r0,always_nn,1494,0,0.9999799682010532,2.0031798946791105e-05
8,5,stroop:s05:r1,always_fuse,1494,0,0.4085326607950028,0.5914673392049973
8,5,stroop:s05:r1,always_nn,1494,0,0.3125542478801454,0.6874457521198546
8,5,stroop:s05:r2,always_fuse,1494,1,0.4089445643895543,0.5910554356104456
8,5,stroop:s05:r2,always_nn,1494,1,0.2751473594741361,0.7248526405258638
8,5,stroop:s05:r3,always_fuse,1494,1,0.3258813109302,0.6741186890697999
8,5,stroop:s05:r3,always_nn,1494,1,0.0436206490826382,0.9563793509173616
8,5,stroop:s05:r0,always_fuse,1547,0,0.7637395872903001,0.2362604127096999
8,5,stroop:s05:r0,always_nn,1547,0,0.9994058991321608,0.000594100867839
8,5,stroop:s05:r1,always_fuse,1547,0,0.429892549229337,0.570107450770663
8,5,stroop:s05:r1,always_nn,1547,0,0.3371544914723966,0.6628455085276034
8,5,stroop:s05:r2,always_fuse,1547,1,0.4283032887299897,0.5716967112700103
8,5,stroop:s05:r2,always_nn,1547,1,0.2862496922388347,0.7137503077611652
8,5,stroop:s05:r3,always_fuse,1547,1,0.3865657449638129,0.6134342550361871
8,5,stroop:s05:r3,always_nn,1547,1,0.1411407683330716,0.8588592316669285
8,6,stroop:s06:r0,always_fuse,1335,0,0.3890647389429336,0.6109352610570664
8,6,stroop:s06:r0,always_nn,1335,0,0.2687070941492464,0.7312929058507536
8,6,stroop:s06:r1,always_fuse,1335,0,0.4867842698868589,0.5132157301131411
8,6,stroop:s06:r1,always_nn,1335,0,0.7888030944378581,0.2111969055621419
8,6,stroop:s06:r2,always_fuse,1335,1,0.4034915099355594,0.5965084900644406
8,6,stroop:s06:r2,always_nn,1335,1,0.1619793975310434,0.8380206024689565
8,6,stroop:s06:r3,always_fuse,1335,1,0.384188274265659,0.615811725734341
8,6,stroop:s06:r3,always_nn,1335,1,0.3272937595389568,0.6727062404610431
8,6,stroop:s06:r0,always_fuse,1388,0,0.4211740335693181,0.5788259664306817
8,6,stroop:s06:r0,always_nn,1388,0,0.4595757026018306,0.5404242973981693
8,6,stroop:s06:r1,always_fuse,1388,0,0.4945305731309815,0.5054694268690184
8,6,stroop:s06:r1,always_nn,1388,0,0.8480236873569588,0.1519763126430413
8,6,stroop:s06:r2,always_fuse,1388,1,0.4940254166528143,0.5059745833471856
8,6,stroop:s06:r2,always_nn,1388,1,0.7648401421741094,0.2351598578258905
8,6,stroop:s06:r3,always_fuse,1388,1,0.4343476019567439,0.5656523980432561
8,6,stroop:s06:r3,always_nn,1388,1,0.6691859389132836,0.3308140610867163
8,6,stroop:s06:r0,always_fuse,1441,0,0.3695521005173152,0.6304478994826849
8,6,stroop:s06:r0,always_nn,1441,0,0.2298764642007185,0.7701235357992815
8,6,stroop:s06:r1,always_fuse,1441,0,0.4723558570590295,0.5276441429409705
8,6,stroop:s06:r1,always_nn,1441,0,0.7576306139713828,0.2423693860286171
8,6,stroop:s06:r2,always_fuse,1441,1,0.3405019738428687,0.6594980261571313
8,6,stroop:s06:r2,always_nn,1441,1,0.0451134024024338,0.9548865975975662
8,6,stroop:s06:r3,always_fuse,1441,1,0.37430589406168,0.62569410593832
8,6,stroop:s06:r3,always_nn,1441,1,0.3217919131709403,0.6782080868290598
8,6,stroop:s06:r0,always_fuse,1494,0,0.381548423039434,0.618451576960566
8,6,stroop:s06:r0,always_nn,1494,0,0.3578498697556723,0.6421501302443277
8,6,stroop:s06:r1,always_fuse,1494,0,0.4114418705548024,0.5885581294451976
8,6,stroop:s06:r1,always_nn,1494,0,0.4433112921025177,0.5566887078974824
8,6,stroop:s06:r2,always_fuse,1494,1,0.4034097323740125,0.5965902676259874
8,6,stroop:s06:r2,always_nn,1494,1,0.3207131517018742,0.6792868482981258
8,6,stroop:s06:r3,always_fuse,1494,1,0.3625362416443233,0.6374637583556768
8,6,stroop:s06:r3,always_nn,1494,1,0.2613705014783149,0.738629498521685
8,6,stroop:s06:r0,always_fuse,1547,0,0.357119855749924,0.642880144250076
8,6,stroop:s06:r0,always_nn,1547,0,0.1802744037948493,0.8197255962051507
8,6,stroop:s06:r1,always_fuse,1547,0,0.4462626012900638,0.5537373987099362
8,6,stroop:s06:r1,always_nn,1547,0,0.5413278972397645,0.4586721027602355
8,6,stroop:s06:r2,always_fuse,1547,1,0.2893862954180588,0.7106137045819411
8,6,stroop:s06:r2,always_nn,1547,1,0.0299229903636247,0.9700770096363752
8,6,stroop:s06:r3,always_fuse,1547,1,0.3426400256189985,0.6573599743810014
8,6,stroop:s06:r3,always_nn,1547,1,0.1496607793006118,0.850339220699388
8,7,stroop:s07:r0,always_fuse,1335,0,0.8700067273467477,0.1299932726532523
8,7,stroop:s07:r0,always_nn,1335,0,0.999999972218857,2.778114300292029e-08
8,7,stroop:s07:r1,always_fuse,1335,0,0.4568595399091203,0.5431404600908797
8,7,stroop:s07:r1,always_nn,1335,0,0.4042177295051267,0.5957822704948733
8,7,stroop:s07:r2,always_fuse,1335,1,0.4472637429034963,0.5527362570965036
8,7,stroop:s07:r2,always_nn,1335,1,0.3371293174572423,0.6628706825427576
8,7,stroop:s07:r3,always_fuse,1335,1,0.4235679931650811,0.5764320068349189
8,7,stroop:s07:r3,always_nn,1335,1,0.225490238516687,0.774509761483313
8,7,stroop:s07:r0,always_fuse,1388,0,0.7267598057149707,0.2732401942850292
8,7,stroop:s07:r0,always_nn,1388,0,0.9970392594492282,0.0029607405507717
8,7,stroop:s07:r1,always_fuse,1388,0,0.4693301899206868,0.5306698100793131
8,7,stroop:s07:r1,always_nn,1388,0,0.4644601937552305,0.5355398062447695
8,7,stroop:s07:r2,always_fuse,1388,1,0.4549008801112421,0.5450991198887579
8,7,stroop:s07:r2,always_nn,1388,1,0.4264112552646685,0.5735887447353316
8,7,stroop:s07:r3,always_fuse,1388,1,0.4497579539886958,0.5502420460113042
8,7,stroop:s07:r3,always_nn,1388,1,0.3799599680520535,0.6200400319479464
8,7,stroop:s07:r0,always_fuse,1441,0,0.8383470594830897,0.1616529405169103
8,7,stroop:s07:r0,always_nn,1441,0,0.9999977730461692,2.2269538306433038e-06
8,7,stroop:s07:r1,always_fuse,1441,0,0.516771414713281,0.4832285852867189
8,7,stroop:s07:r1,always_nn,1441,0,0.7913160013697894,0.2086839986302106
8,7,stroop:s07:r2,always_fuse,1441,1,0.4758309299640677,0.5241690700359324
8,7,stroop:s07:r2,always_nn,1441,1,0.5956350822896285,0.4043649177103716
8,7,stroop:s07:r3,always_fuse,1441,1,0.4436610613279045,0.5563389386720954
8,7,stroop:s07:r3,always_nn,1441,1,0.3612092659807117,0.6387907340192882
8,7,stroop:s07:r0,always_fuse,1494,0,0.7986860758616244,0.2013139241383756
8,7,stroop:s07:r0,always_nn,1494,0,0.9999986278009378,1.3721990622396277e-06
8,7,stroop:s07:r1,always_fuse,1494,0,0.514310258600283,0.485689741399717
8,7,stroop:s07:r1,always_nn,1494,0,0.8437216621698611,0.156278337830139
8,7,stroop:s07:r2,always_fuse,1494,1,0.4428052634677686,0.5571947365322314
8,7,stroop:s07:r2,always_nn,1494,1,0.4743339988725386,0.5256660011274613
8,7,stroop:s07:r3,always_fuse,1494,1,0.4479102499865804,0.5520897500134195
8,7,stroop:s07:r3,always_nn,1494,1,0.508824092839418,0.491175907160582
8,7,stroop:s07:r0,always_fuse,1547,0,0.8269082387156023,0.1730917612843976
8,7,stroop:s07:r0,always_nn,1547,0,0.9999742970530568,2.5702946943216527e-05
8,7,stroop:s07:r1,always_fuse,1547,0,0.502448987362562,0.4975510126374379
8,7,stroop:s07:r1,always_nn,1547,0,0.6871445050115814,0.3128554949884187
8,7,stroop:s07:r2,always_fuse,1547,1,0.4413602594738436,0.5586397405261564
8,7,stroop:s07:r2,always_nn,1547,1,0.3416887481845518,0.6583112518154481
8,7,stroop:s07:r3,always_fuse,1547,1,0.443381266884806,0.5566187331151938
8,7,stroop:s07:r3,always_nn,1547,1,0.3459265958524788,0.6540734041475212
8,9,stroop:s09:r0,always_fuse,1335,0,0.8526572712962234,0.1473427287037765
8,9,stroop:s09:r0,always_nn,1335,0,0.9999300174460882,6.998255391172933e-05
8,9,stroop:s09:r1,always_fuse,1335,0,0.5556803788876347,0.4443196211123654
8,9,stroop:s09:r1,always_nn,1335,0,0.8132191125182818,0.1867808874817181
8,9,stroop:s09:r2,always_fuse,1335,1,0.4986657196246557,0.5013342803753443
8,9,stroop:s09:r2,always_nn,1335,1,0.6253641877500704,0.3746358122499296
8,9,stroop:s09:r3,always_fuse,1335,1,0.5839859140924412,0.4160140859075589
8,9,stroop:s09:r3,always_nn,1335,1,0.9184914490296616,0.0815085509703384
8,9,stroop:s09:r0,always_fuse,1388,0,0.7881822176369245,0.2118177823630755
8,9,stroop:s09:r0,always_nn,1388,0,0.9996339385506248,0.0003660614493753
8,9,stroop:s09:r1,always_fuse,1388,0,0.5490711289927164,0.4509288710072835
8,9,stroop:s09:r1,always_nn,1388,0,0.7402723963128228,0.2597276036871772
8,9,stroop:s09:r2,always_fuse,1388,1,0.4936978751236887,0.5063021248763113
8,9,stroop:s09:r2,always_nn,1388,1,0.5207995814740763,0.4792004185259237
8,9,stroop:s09:r3,always_fuse,1388,1,0.5581825847310452,0.4418174152689547
8,9,stroop:s09:r3,always_nn,1388,1,0.8491548931446784,0.1508451068553216
8,9,stroop:s09:r0,always_fuse,1441,0,0.7942523912174226,0.2057476087825774
8,9,stroop:s09:r0,always_nn,1441,0,0.9986779573105212,0.0013220426894788
8,9,stroop:s09:r1,always_fuse,1441,0,0.5238173908332523,0.4761826091667476
8,9,stroop:s09:r1,always_nn,1441,0,0.6017786059346193,0.3982213940653806
8,9,stroop:s09:r2,always_fuse,1441,1,0.4950117381867435,0.5049882618132565
8,9,stroop:s09:r2,always_nn,1441,1,0.5477946601727153,0.4522053398272848
8,9,stroop:s09:r3,always_fuse,1441,1,0.5515906844421069,0.4484093155578931
8,9,stroop:s09:r3,always_nn,1441,1,0.8028525410767569,0.1971474589232431
8,9,stroop:s09:r0,always_fuse,1494,0,0.8034482583245096,0.1965517416754904
8,9,stroop:s09:r0,always_nn,1494,0,0.9997969898555612,0.0002030101444388
8,9,stroop:s09:r1,always_fuse,1494,0,0.4891466894673253,0.5108533105326747
8,9,stroop:s09:r1,always_nn,1494,0,0.5914393748578425,0.4085606251421576
8,9,stroop:s09:r2,always_fuse,1494,1,0.4175130552282711,0.5824869447717289
8,9,stroop:s09:r2,always_nn,1494,1,0.2232279164965139,0.776772083503486
8,9,stroop:s09:r3,always_fuse,1494,1,0.5058973107766345,0.4941026892233656
8,9,stroop:s09:r3,always_nn,1494,1,0.7240769459103524,0.2759230540896474
8,9,stroop:s09:r0,always_fuse,1547,0,0.7576954328120807,0.2423045671879192
8,9,stroop:s09:r0,always_nn,1547,0,0.997152606478633,0.002847393521367
8,9,stroop:s09:r1,always_fuse,1547,0,0.5136768970013553,0.4863231029986447
8,9,stroop:s09:r1,always_nn,1547,0,0.6204769390836185,0.3795230609163816
8,9,stroop:s09:r2,always_fuse,1547,1,0.4743602548125725,0.5256397451874275
8,9,stroop:s09:r2,always_nn,1547,1,0.4648385781422791,0.5351614218577209
8,9,stroop:s09:r3,always_fuse,1547,1,0.5590129329993178,0.4409870670006823
8,9,stroop:s09:r3,always_nn,1547,1,0.8538007171572649,0.1461992828427351
8,10,stroop:s10:r0,always_fuse,1335,0,0.6292967026157473,0.3707032973842527
8,10,stroop:s10:r0,always_nn,1335,0,0.9575119240545076,0.0424880759454923
8,10,stroop:s10:r1,always_fuse,1335,0,0.4871312912070822,0.5128687087929177
8,10,stroop:s10:r1,always_nn,1335,0,0.5383941944535949,0.461605805546405
8,10,stroop:s10:r2,always_fuse,1335,1,0.4745117660497771,0.5254882339502228
8,10,stroop:s10:r2,always_nn,1335,1,0.457579365533294,0.542420634466706
8,10,stroop:s10:r3,always_fuse,1335,1,0.3490803337814241,0.6509196662185758
8,10,stroop:s10:r3,always_nn,1335,1,0.0634430078005927,0.9365569921994072
8,10,stroop:s10:r0,always_fuse,1388,0,0.6643745460463361,0.335625453953664
8,10,stroop:s10:r0,always_nn,1388,0,0.9905221691610432,0.0094778308389569
8,10,stroop:s10:r1,always_fuse,1388,0,0.5133780992958439,0.4866219007041561
8,10,stroop:s10:r1,always_nn,1388,0,0.7290117370568149,0.2709882629431852
8,10,stroop:s10:r2,always_fuse,1388,1,0.4860859636507902,0.5139140363492098
8,10,stroop:s10:r2,always_nn,1388,1,0.5378519485092123,0.4621480514907876
8,10,stroop:s10:r3,always_fuse,1388,1,0.3741477612131897,0.6258522387868103
8,10,stroop:s10:r3,always_nn,1388,1,0.1145506214024821,0.8854493785975178
8,10,stroop:s10:r0,always_fuse,1441,0,0.6621929402944856,0.3378070597055144
8,10,stroop:s10:r0,always_nn,1441,0,0.9856520387632576,0.0143479612367423
8,10,stroop:s10:r1,always_fuse,1441,0,0.5061120779879339,0.493887922012066
8,10,stroop:s10:r1,always_nn,1441,0,0.7091462462408865,0.2908537537591136
8,10,stroop:s10:r2,always_fuse,1441,1,0.489933078308616,0.510066921691384
8,10,stroop:s10:r2,always_nn,1441,1,0.6064511980147519,0.3935488019852482
8,10,stroop:s10:r3,always_fuse,1441,1,0.3499385864199348,0.6500614135800652
8,10,stroop:s10:r3,always_nn,1441,1,0.077875532843853,0.9221244671561468
8,10,stroop:s10:r0,always_fuse,1494,0,0.6749558866169724,0.3250441133830277
8,10,stroop:s10:r0,always_nn,1494,0,0.9970883808057738,0.0029116191942262
8,10,stroop:s10:r1,always_fuse,1494,0,0.4519911581343894,0.5480088418656105
8,10,stroop:s10:r1,always_nn,1494,0,0.5690871102156733,0.4309128897843267
8,10,stroop:s10:r2,always_fuse,1494,1,0.4362859651895813,0.5637140348104187
8,10,stroop:s10:r2,always_nn,1494,1,0.4652597280845524,0.5347402719154475
8,10,stroop:s10:r3,always_fuse,1494,1,0.3256859358074729,0.6743140641925272
8,10,stroop:s10:r3,always_nn,1494,1,0.0505408155203348,0.9494591844796652
8,10,stroop:s10:r0,always_fuse,1547,0,0.7073392400560631,0.2926607599439369
8,10,stroop:s10:r0,always_nn,1547,0,0.997045014354504,0.0029549856454959
8,10,stroop:s10:r1,always_fuse,1547,0,0.4550275977924694,0.5449724022075306
8,10,stroop:s10:r1,always_nn,1547,0,0.4141270048172417,0.5858729951827584
8,10,stroop:s10:r2,always_fuse,1547,1,0.4484787379593874,0.5515212620406126
8,10,stroop:s10:r2,always_nn,1547,1,0.3722556785313511,0.6277443214686489
8,10,stroop:s10:r3,always_fuse,1547,1,0.3610000964232154,0.6389999035767845
8,10,stroop:s10:r3,always_nn,1547,1,0.0945823792992662,0.9054176207007336
8,11,stroop:s11:r0,always_fuse,1335,0,0.7199277581256551,0.2800722418743449
8,11,stroop:s11:r0,always_nn,1335,0,0.9987208735986824,0.0012791264013176
8,11,stroop:s11:r1,always_fuse,1335,0,0.4040049519927572,0.5959950480072427
8,11,stroop:s11:r1,always_nn,1335,0,0.2726935055565058,0.7273064944434942
8,11,stroop:s11:r2,always_fuse,1335,1,0.4025211713213701,0.5974788286786298
8,11,stroop:s11:r2,always_nn,1335,1,0.2231419678984808,0.7768580321015193
8,11,stroop:s11:r3,always_fuse,1335,1,0.4019304220294698,0.5980695779705302
8,11,stroop:s11:r3,always_nn,1335,1,0.216335673743619,0.7836643262563809
8,11,stroop:s11:r0,always_fuse,1388,0,0.5982624799802495,0.4017375200197505
8,11,stroop:s11:r0,always_nn,1388,0,0.9408048011298794,0.0591951988701205
8,11,stroop:s11:r1,always_fuse,1388,0,0.4087819922717288,0.5912180077282713
8,11,stroop:s11:r1,always_nn,1388,0,0.2082234625958386,0.7917765374041613
8,11,stroop:s11:r2,always_fuse,1388,1,0.424185717579123,0.575814282420877
8,11,stroop:s11:r2,always_nn,1388,1,0.2255964470304035,0.7744035529695965
8,11,stroop:s11:r3,always_fuse,1388,1,0.4296496272657185,0.5703503727342815
8,11,stroop:s11:r3,always_nn,1388,1,0.2534761841142603,0.7465238158857397
8,11,stroop:s11:r0,always_fuse,1441,0,0.6906848720965777,0.3093151279034223
8,11,stroop:s11:r0,always_nn,1441,0,0.995453186819521,0.004546813180479
8,11,stroop:s11:r1,always_fuse,1441,0,0.4409191746110641,0.5590808253889359
8,11,stroop:s11:r1,always_nn,1441,0,0.4193033144585911,0.5806966855414087
8,11,stroop:s11:r2,always_fuse,1441,1,0.4235956035739737,0.5764043964260263
8,11,stroop:s11:r2,always_nn,1441,1,0.2680119171057149,0.7319880828942851
8,11,stroop:s11:r3,always_fuse,1441,1,0.4409617593745672,0.5590382406254327
8,11,stroop:s11:r3,always_nn,1441,1,0.3652647021837809,0.6347352978162191
8,11,stroop:s11:r0,always_fuse,1494,0,0.6812981203724436,0.3187018796275563
8,11,stroop:s11:r0,always_nn,1494,0,0.9958874800885236,0.0041125199114762
8,11,stroop:s11:r1,always_fuse,1494,0,0.4346016508250084,0.5653983491749915
8,11,stroop:s11:r1,always_nn,1494,0,0.4975707276077593,0.5024292723922406
8,11,stroop:s11:r2,always_fuse,1494,1,0.4323148703460596,0.5676851296539404
8,11,stroop:s11:r2,always_nn,1494,1,0.4757171098036485,0.5242828901963514
8,11,stroop:s11:r3,always_fuse,1494,1,0.3535565227639034,0.6464434772360966
8,11,stroop:s11:r3,always_nn,1494,1,0.1341246587613294,0.8658753412386706
8,11,stroop:s11:r0,always_fuse,1547,0,0.6081496576642563,0.3918503423357436
8,11,stroop:s11:r0,always_nn,1547,0,0.9534940417473896,0.0465059582526104
8,11,stroop:s11:r1,always_fuse,1547,0,0.4252039705750747,0.5747960294249252
8,11,stroop:s11:r1,always_nn,1547,0,0.3382507411482152,0.6617492588517848
8,11,stroop:s11:r2,always_fuse,1547,1,0.4388964224178637,0.5611035775821362
8,11,stroop:s11:r2,always_nn,1547,1,0.3793649708338807,0.6206350291661192
8,11,stroop:s11:r3,always_fuse,1547,1,0.4390680983162373,0.5609319016837627
8,11,stroop:s11:r3,always_nn,1547,1,0.3701544794134114,0.6298455205865885
8,12,stroop:s12:r0,always_fuse,1335,0,0.4678246921755962,0.5321753078244037
8,12,stroop:s12:r0,always_nn,1335,0,0.4467771306215857,0.5532228693784141
8,12,stroop:s12:r1,always_fuse,1335,0,0.4259518157679357,0.5740481842320643
8,12,stroop:s12:r1,always_nn,1335,0,0.3578615792529295,0.6421384207470705
8,12,stroop:s12:r2,always_fuse,1335,1,0.4066183315119595,0.5933816684880405
8,12,stroop:s12:r2,always_nn,1335,1,0.2871175217293974,0.7128824782706026
8,12,stroop:s12:r3,always_fuse,1335,1,0.4244737220301687,0.5755262779698312
8,12,stroop:s12:r3,always_nn,1335,1,0.3595327731458305,0.6404672268541695
8,12,stroop:s12:r0,always_fuse,1388,0,0.4801751635985456,0.5198248364014544
8,12,stroop:s12:r0,always_nn,1388,0,0.4765941881665408,0.5234058118334592
8,12,stroop:s12:r1,always_fuse,1388,0,0.417273987112723,0.5827260128872769
8,12,stroop:s12:r1,always_nn,1388,0,0.2860133711225426,0.7139866288774573
8,12,stroop:s12:r2,always_fuse,1388,1,0.3801126187889109,0.6198873812110891
8,12,stroop:s12:r2,always_nn,1388,1,0.1373160036078377,0.8626839963921622
8,12,stroop:s12:r3,always_fuse,1388,1,0.4074613915954005,0.5925386084045994
8,12,stroop:s12:r3,always_nn,1388,1,0.2367128414650338,0.7632871585349662
8,12,stroop:s12:r0,always_fuse,1441,0,0.4823727930901148,0.5176272069098852
8,12,stroop:s12:r0,always_nn,1441,0,0.5508774356716564,0.4491225643283436
8,12,stroop:s12:r1,always_fuse,1441,0,0.4159383192630427,0.5840616807369572
8,12,stroop:s12:r1,always_nn,1441,0,0.3257584056555866,0.6742415943444133
8,12,stroop:s12:r2,always_fuse,1441,1,0.4106044579021527,0.5893955420978473
8,12,stroop:s12:r2,always_nn,1441,1,0.3149065603032782,0.6850934396967218
8,12,stroop:s12:r3,always_fuse,1441,1,0.4411296360807663,0.5588703639192337
8,12,stroop:s12:r3,always_nn,1441,1,0.4535215967108698,0.5464784032891301
8,12,stroop:s12:r0,always_fuse,1494,0,0.4726968313040917,0.5273031686959083
8,12,stroop:s12:r0,always_nn,1494,0,0.6345329723033653,0.3654670276966346
8,12,stroop:s12:r1,always_fuse,1494,0,0.4281109093721552,0.5718890906278449
8,12,stroop:s12:r1,always_nn,1494,0,0.488273111933918,0.511726888066082
8,12,stroop:s12:r2,always_fuse,1494,1,0.3968533318729127,0.6031466681270872
8,12,stroop:s12:r2,always_nn,1494,1,0.3102033369839507,0.6897966630160494
8,12,stroop:s12:r3,always_fuse,1494,1,0.4374495768912312,0.5625504231087687
8,12,stroop:s12:r3,always_nn,1494,1,0.5411626426793689,0.4588373573206311
8,12,stroop:s12:r0,always_fuse,1547,0,0.5091333086658514,0.4908666913341487
8,12,stroop:s12:r0,always_nn,1547,0,0.6981714085964528,0.3018285914035473
8,12,stroop:s12:r1,always_fuse,1547,0,0.42947907411337,0.57052092588663
8,12,stroop:s12:r1,always_nn,1547,0,0.3738905263524233,0.6261094736475766
8,12,stroop:s12:r2,always_fuse,1547,1,0.4076296076056186,0.5923703923943814
8,12,stroop:s12:r2,always_nn,1547,1,0.2757257516687099,0.7242742483312902
8,12,stroop:s12:r3,always_fuse,1547,1,0.4137299306001737,0.5862700693998263
8,12,stroop:s12:r3,always_nn,1547,1,0.2868733325814105,0.7131266674185894
8,13,stroop:s13:r0,always_fuse,1335,0,0.7516939233079483,0.2483060766920517
8,13,stroop:s13:r0,always_nn,1335,0,0.9972207355458632,0.0027792644541368
8,13,stroop:s13:r1,always_fuse,1335,0,0.4238115546597995,0.5761884453402005
8,13,stroop:s13:r1,always_nn,1335,0,0.1865809441385781,0.8134190558614219
8,13,stroop:s13:r2,always_fuse,1335,1,0.4395260856235098,0.5604739143764901
8,13,stroop:s13:r2,always_nn,1335,1,0.2122471447778882,0.7877528552221117
8,13,stroop:s13:r3,always_fuse,1335,1,0.4456937451788722,0.5543062548211278
8,13,stroop:s13:r3,always_nn,1335,1,0.2523811187692114,0.7476188812307886
8,13,stroop:s13:r0,always_fuse,1388,0,0.8291031763215192,0.1708968236784808
8,13,stroop:s13:r0,always_nn,1388,0,0.9999307857665466,6.921423345342581e-05
8,13,stroop:s13:r1,always_fuse,1388,0,0.5151672395562537,0.4848327604437464
8,13,stroop:s13:r1,always_nn,1388,0,0.6766116230865417,0.3233883769134583
8,13,stroop:s13:r2,always_fuse,1388,1,0.5549623932418825,0.4450376067581176
8,13,stroop:s13:r2,always_nn,1388,1,0.8243897267704744,0.1756102732295256
8,13,stroop:s13:r3,always_fuse,1388,1,0.5227904037761921,0.4772095962238078
8,13,stroop:s13:r3,always_nn,1388,1,0.685245165620937,0.3147548343790631
8,13,stroop:s13:r0,always_fuse,1441,0,0.7600901741116952,0.2399098258883048
8,13,stroop:s13:r0,always_nn,1441,0,0.9976093024036542,0.0023906975963458
8,13,stroop:s13:r1,always_fuse,1441,0,0.4778242193780656,0.5221757806219344
8,13,stroop:s13:r1,always_nn,1441,0,0.4719871771718908,0.5280128228281092
8,13,stroop:s13:r2,always_fuse,1441,1,0.5128732729421203,0.4871267270578797
8,13,stroop:s13:r2,always_nn,1441,1,0.5905279473993994,0.4094720526006005
8,13,stroop:s13:r3,always_fuse,1441,1,0.4958572270385429,0.5041427729614569
8,13,stroop:s13:r3,always_nn,1441,1,0.5180795524931536,0.4819204475068463
8,13,stroop:s13:r0,always_fuse,1494,0,0.8524728366196908,0.1475271633803092
8,13,stroop:s13:r0,always_nn,1494,0,0.9999955875320368,4.412467963091744e-06
8,13,stroop:s13:r1,always_fuse,1494,0,0.5369361099493237,0.4630638900506763
8,13,stroop:s13:r1,always_nn,1494,0,0.8866061942352825,0.1133938057647175
8,13,stroop:s13:r2,always_fuse,1494,1,0.5202772450177452,0.4797227549822548
8,13,stroop:s13:r2,always_nn,1494,1,0.7853879412312931,0.2146120587687069
8,13,stroop:s13:r3,always_fuse,1494,1,0.4734033690168181,0.5265966309831819
8,13,stroop:s13:r3,always_nn,1494,1,0.5400522582677169,0.4599477417322832
8,13,stroop:s13:r0,always_fuse,1547,0,0.8074195731552994,0.1925804268447005
8,13,stroop:s13:r0,always_nn,1547,0,0.99963073788642,0.00036926211358
8,13,stroop:s13:r1,always_fuse,1547,0,0.482739823235736,0.517260176764264
8,13,stroop:s13:r1,always_nn,1547,0,0.4642692252350376,0.5357307747649623
8,13,stroop:s13:r2,always_fuse,1547,1,0.5049824500606224,0.4950175499393775
8,13,stroop:s13:r2,always_nn,1547,1,0.5334419945356997,0.4665580054643002
8,13,stroop:s13:r3,always_fuse,1547,1,0.5188561416219792,0.4811438583780208
8,13,stroop:s13:r3,always_nn,1547,1,0.6118142050967791,0.3881857949032209
8,14,stroop:s14:r0,always_fuse,1335,0,0.8295769044558923,0.1704230955441077
8,14,stroop:s14:r0,always_nn,1335,0,0.9997463932002796,0.0002536067997205
8,14,stroop:s14:r1,always_fuse,1335,0,0.1636639386512883,0.8363360613487116
8,14,stroop:s14:r1,always_nn,1335,0,0.0150776006343229,0.984922399365677
8,14,stroop:s14:r2,always_fuse,1335,1,0.1911736551229988,0.8088263448770011
8,14,stroop:s14:r2,always_nn,1335,1,0.0169402607315733,0.9830597392684268
8,14,stroop:s14:r3,always_fuse,1335,1,0.1007505167150318,0.8992494832849681
8,14,stroop:s14:r3,always_nn,1335,1,0.013417442429287,0.9865825575707128
8,14,stroop:s14:r0,always_fuse,1388,0,0.8561693898710457,0.1438306101289542
8,14,stroop:s14:r0,always_nn,1388,0,0.9999824608760564,1.7539123943590677e-05
8,14,stroop:s14:r1,always_fuse,1388,0,0.164400213064835,0.8355997869351649
8,14,stroop:s14:r1,always_nn,1388,0,0.03109718583325,0.96890281416675
8,14,stroop:s14:r2,always_fuse,1388,1,0.1982336259988578,0.8017663740011421
8,14,stroop:s14:r2,always_nn,1388,1,0.0340675731568073,0.9659324268431926
8,14,stroop:s14:r3,always_fuse,1388,1,0.0878369676335411,0.9121630323664588
8,14,stroop:s14:r3,always_nn,1388,1,0.0296054780657576,0.9703945219342424
8,14,stroop:s14:r0,always_fuse,1441,0,0.9024730707617196,0.0975269292382803
8,14,stroop:s14:r0,always_nn,1441,0,0.9999985416018928,1.458398107109599e-06
8,14,stroop:s14:r1,always_fuse,1441,0,0.1620161433418515,0.8379838566581485
8,14,stroop:s14:r1,always_nn,1441,0,0.0761750071937593,0.9238249928062406
8,14,stroop:s14:r2,always_fuse,1441,1,0.2117630992705824,0.7882369007294177
8,14,stroop:s14:r2,always_nn,1441,1,0.1262177934035087,0.8737822065964913
8,14,stroop:s14:r3,always_fuse,1441,1,0.0935795085722206,0.9064204914277794
8,14,stroop:s14:r3,always_nn,1441,1,0.0672552328238458,0.932744767176154
8,14,stroop:s14:r0,always_fuse,1494,0,0.8328759542195742,0.1671240457804258
8,14,stroop:s14:r0,always_nn,1494,0,0.9998593263736122,0.0001406736263878
8,14,stroop:s14:r1,always_fuse,1494,0,0.1770925150268463,0.8229074849731536
8,14,stroop:s14:r1,always_nn,1494,0,0.0310960139137685,0.9689039860862314
8,14,stroop:s14:r2,always_fuse,1494,1,0.2076420614045758,0.7923579385954242
8,14,stroop:s14:r2,always_nn,1494,1,0.03531606261411,0.96468393738589
8,14,stroop:s14:r3,always_fuse,1494,1,0.1289451820303201,0.8710548179696799
8,14,stroop:s14:r3,always_nn,1494,1,0.0301121815832928,0.9698878184167072
8,14,stroop:s14:r0,always_fuse,1547,0,0.8462695798816914,0.1537304201183086
8,14,stroop:s14:r0,always_nn,1547,0,0.9998433226608028,0.0001566773391973
8,14,stroop:s14:r1,always_fuse,1547,0,0.1704772753187922,0.8295227246812077
8,14,stroop:s14:r1,always_nn,1547,0,0.0258298742867336,0.9741701257132664
8,14,stroop:s14:r2,always_fuse,1547,1,0.2042107834902991,0.7957892165097009
8,14,stroop:s14:r2,always_nn,1547,1,0.032420014573066,0.967579985426934
8,14,stroop:s14:r3,always_fuse,1547,1,0.1175044019862616,0.8824955980137383
8,14,stroop:s14:r3,always_nn,1547,1,0.0281897439225487,0.9718102560774512
8,15,stroop:s15:r0,always_fuse,1335,0,0.7180453488529935,0.2819546511470064
8,15,stroop:s15:r0,always_nn,1335,0,0.9976459726402404,0.0023540273597595
8,15,stroop:s15:r1,always_fuse,1335,0,0.4182912506321244,0.5817087493678755
8,15,stroop:s15:r1,always_nn,1335,0,0.27992530618259,0.7200746938174101
8,15,stroop:s15:r2,always_fuse,1335,1,0.459979407161051,0.540020592838949
8,15,stroop:s15:r2,always_nn,1335,1,0.4842751346383402,0.5157248653616596
8,15,stroop:s15:r3,always_fuse,1335,1,0.2949764514310453,0.7050235485689546
8,15,stroop:s15:r3,always_nn,1335,1,0.0631187598351215,0.9368812401648784
8,15,stroop:s15:r0,always_fuse,1388,0,0.783363095747754,0.216636904252246
8,15,stroop:s15:r0,always_nn,1388,0,0.9997846420170516,0.0002153579829483
8,15,stroop:s15:r1,always_fuse,1388,0,0.4201163370307155,0.5798836629692845
8,15,stroop:s15:r1,always_nn,1388,0,0.2332488185477183,0.7667511814522817
8,15,stroop:s15:r2,always_fuse,1388,1,0.4365377905451578,0.5634622094548423
8,15,stroop:s15:r2,always_nn,1388,1,0.3146323571103721,0.6853676428896279
8,15,stroop:s15:r3,always_fuse,1388,1,0.2640953013764124,0.7359046986235875
8,15,stroop:s15:r3,always_nn,1388,1,0.0453821400129855,0.9546178599870144
8,15,stroop:s15:r0,always_fuse,1441,0,0.7138878238609819,0.286112176139018
8,15,stroop:s15:r0,always_nn,1441,0,0.9964546252449872,0.0035453747550129
8,15,stroop:s15:r1,always_fuse,1441,0,0.4321119982003617,0.5678880017996384
8,15,stroop:s15:r1,always_nn,1441,0,0.3550169723786832,0.6449830276213169
8,15,stroop:s15:r2,always_fuse,1441,1,0.4633910825604517,0.5366089174395482
8,15,stroop:s15:r2,always_nn,1441,1,0.5213092526070306,0.4786907473929692
8,15,stroop:s15:r3,always_fuse,1441,1,0.3028328039063828,0.6971671960936171
8,15,stroop:s15:r3,always_nn,1441,1,0.1294176179545812,0.8705823820454188
8,15,stroop:s15:r0,always_fuse,1494,0,0.7322613413580374,0.2677386586419624
8,15,stroop:s15:r0,always_nn,1494,0,0.9992524665516856,0.0007475334483142
8,15,stroop:s15:r1,always_fuse,1494,0,0.4234617015864094,0.5765382984135907
8,15,stroop:s15:r1,always_nn,1494,0,0.4022547440089521,0.5977452559910479
8,15,stroop:s15:r2,always_fuse,1494,1,0.4482997501255175,0.5517002498744825
8,15,stroop:s15:r2,always_nn,1494,1,0.5411984867070366,0.4588015132929633
8,15,stroop:s15:r3,always_fuse,1494,1,0.3597345050063421,0.6402654949936579
8,15,stroop:s15:r3,always_nn,1494,1,0.1940494412238191,0.8059505587761809
8,15,stroop:s15:r0,always_fuse,1547,0,0.7095846622126167,0.2904153377873832
8,15,stroop:s15:r0,always_nn,1547,0,0.9972616165612396,0.0027383834387604
8,15,stroop:s15:r1,always_fuse,1547,0,0.4250847086668328,0.5749152913331671
8,15,stroop:s15:r1,always_nn,1547,0,0.3337201937580538,0.666279806241946
8,15,stroop:s15:r2,always_fuse,1547,1,0.4559205011317493,0.5440794988682507
8,15,stroop:s15:r2,always_nn,1547,1,0.4878686239912421,0.5121313760087579
8,15,stroop:s15:r3,always_fuse,1547,1,0.3251669742899079,0.6748330257100921
8,15,stroop:s15:r3,always_nn,1547,1,0.1175992507829554,0.8824007492170446
9,1,stroop:s01:r0,always_fuse,1335,0,0.4806073023678592,0.5193926976321408
9,1,stroop:s01:r0,always_nn,1335,0,0.6053121391910236,0.3946878608089763
9,1,stroop:s01:r1,always_fuse,1335,0,0.5395403722514391,0.4604596277485608
9,1,stroop:s01:r1,always_nn,1335,0,0.8612881825328448,0.1387118174671552
9,1,stroop:s01:r2,always_fuse,1335,1,0.5483012599397086,0.4516987400602913
9,1,stroop:s01:r2,always_nn,1335,1,0.882157614959995,0.117842385040005
9,1,stroop:s01:r3,always_fuse,1335,1,0.5326053979172105,0.4673946020827895
9,1,stroop:s01:r3,always_nn,1335,1,0.8264483466378146,0.1735516533621853
9,1,stroop:s01:r0,always_fuse,1388,0,0.4806019061447278,0.519398093855272
9,1,stroop:s01:r0,always_nn,1388,0,0.611047629705522,0.3889523702944781
9,1,stroop:s01:r1,always_fuse,1388,0,0.5786882756424689,0.421311724357531
9,1,stroop:s01:r1,always_nn,1388,0,0.9183091362213384,0.0816908637786617
9,1,stroop:s01:r2,always_fuse,1388,1,0.5899813200095192,0.4100186799904808
9,1,stroop:s01:r2,always_nn,1388,1,0.9368815969143292,0.0631184030856707
9,1,stroop:s01:r3,always_fuse,1388,1,0.5743252527689596,0.4256747472310404
9,1,stroop:s01:r3,always_nn,1388,1,0.9047510518247972,0.0952489481752027
9,1,stroop:s01:r0,always_fuse,1441,0,0.4125889483375393,0.5874110516624607
9,1,stroop:s01:r0,always_nn,1441,0,0.2849152509757623,0.7150847490242376
9,1,stroop:s01:r1,always_fuse,1441,0,0.4855079391032555,0.5144920608967444
9,1,stroop:s01:r1,always_nn,1441,0,0.6940714399463844,0.3059285600536156
9,1,stroop:s01:r2,always_fuse,1441,1,0.4853700126760254,0.5146299873239746
9,1,stroop:s01:r2,always_nn,1441,1,0.6883264798245851,0.3116735201754149
9,1,stroop:s01:r3,always_fuse,1441,1,0.5104857129327947,0.4895142870672054
9,1,stroop:s01:r3,always_nn,1441,1,0.7884337443345814,0.2115662556654186
9,1,stroop:s01:r0,always_fuse,1494,0,0.4759754060177382,0.5240245939822618
9,1,stroop:s01:r0,always_nn,1494,0,0.6177252024839727,0.3822747975160273
9,1,stroop:s01:r1,always_fuse,1494,0,0.5115497693088179,0.4884502306911821
9,1,stroop:s01:r1,always_nn,1494,0,0.7890426059569412,0.2109573940430587
9,1,stroop:s01:r2,always_fuse,1494,1,0.5197478701852205,0.4802521298147795
9,1,stroop:s01:r2,always_nn,1494,1,0.8259248870447564,0.1740751129552435
9,1,stroop:s01:r3,always_fuse,1494,1,0.5110019411354019,0.4889980588645981
9,1,stroop:s01:r3,always_nn,1494,1,0.7548834090463237,0.2451165909536763
9,1,stroop:s01:r0,always_fuse,1547,0,0.4132716425480614,0.5867283574519386
9,1,stroop:s01:r0,always_nn,1547,0,0.2579687450203879,0.7420312549796121
9,1,stroop:s01:r1,always_fuse,1547,0,0.5412742183905218,0.4587257816094783
9,1,stroop:s01:r1,always_nn,1547,0,0.8325217653254761,0.167478234674524
9,1,stroop:s01:r2,always_fuse,1547,1,0.5376705861220991,0.462329413877901
9,1,stroop:s01:r2,always_nn,1547,1,0.8378941988038016,0.1621058011961984
9,1,stroop:s01:r3,always_fuse,1547,1,0.5530306020207141,0.4469693979792859
9,1,stroop:s01:r3,always_nn,1547,1,0.8592361176986952,0.1407638823013048
9,2,stroop:s02:r0,always_fuse,1335,0,0.6517562363975568,0.3482437636024432
9,2,stroop:s02:r0,always_nn,1335,0,0.9714928295226548,0.0285071704773451
9,2,stroop:s02:r1,always_fuse,1335,0,0.6504479115371168,0.3495520884628831
9,2,stroop:s02:r1,always_nn,1335,0,0.9742458755614078,0.0257541244385921
9,2,stroop:s02:r2,always_fuse,1335,1,0.5739071466905146,0.4260928533094854
9,2,stroop:s02:r2,always_nn,1335,1,0.8663202709681741,0.1336797290318258
9,2,stroop:s02:r3,always_fuse,1335,1,0.6042837684231712,0.3957162315768288
9,2,stroop:s02:r3,always_nn,1335,1,0.927291642193978,0.0727083578060219
9,2,stroop:s02:r0,always_fuse,1388,0,0.6556342925400058,0.3443657074599942
9,2,stroop:s02:r0,always_nn,1388,0,0.954820916209272,0.045179083790728
9,2,stroop:s02:r1,always_fuse,1388,0,0.6600506906574026,0.3399493093425973
9,2,stroop:s02:r1,always_nn,1388,0,0.9682881830361248,0.0317118169638751
9,2,stroop:s02:r2,always_fuse,1388,1,0.5779947688009155,0.4220052311990845
9,2,stroop:s02:r2,always_nn,1388,1,0.860462612877912,0.1395373871220879
9,2,stroop:s02:r3,always_fuse,1388,1,0.6253551359628662,0.3746448640371339
9,2,stroop:s02:r3,always_nn,1388,1,0.9443358880828716,0.0556641119171283
9,2,stroop:s02:r0,always_fuse,1441,0,0.6480357427929162,0.3519642572070837
9,2,stroop:s02:r0,always_nn,1441,0,0.9759052476349952,0.0240947523650048
9,2,stroop:s02:r1,always_fuse,1441,0,0.6499822634501613,0.3500177365498387
9,2,stroop:s02:r1,always_nn,1441,0,0.9800203888680442,0.0199796111319558
9,2,stroop:s02:r2,always_fuse,1441,1,0.5824543154989891,0.4175456845010109
9,2,stroop:s02:r2,always_nn,1441,1,0.9182962288706192,0.0817037711293808
9,2,stroop:s02:r3,always_fuse,1441,1,0.6190304667207636,0.3809695332792364
9,2,stroop:s02:r3,always_nn,1441,1,0.964229311310726,0.035770688689274
9,2,stroop:s02:r0,always_fuse,1494,0,0.6310237622701717,0.3689762377298283
9,2,stroop:s02:r0,always_nn,1494,0,0.9657140479944832,0.0342859520055167
9,2,stroop:s02:r1,always_fuse,1494,0,0.633290519447389,0.3667094805526109
9,2,stroop:s02:r1,always_nn,1494,0,0.9725537329757123,0.0274462670242875
9,2,stroop:s02:r2,always_fuse,1494,1,0.5911596195284882,0.4088403804715118
9,2,stroop:s02:r2,always_nn,1494,1,0.93802047452157,0.0619795254784299
9,2,stroop:s02:r3,always_fuse,1494,1,0.624337197963774,0.3756628020362261
9,2,stroop:s02:r3,always_nn,1494,1,0.9730662211183794,0.0269337788816206
9,2,stroop:s02:r0,always_fuse,1547,0,0.6951582431618513,0.3048417568381487
9,2,stroop:s02:r0,always_nn,1547,0,0.9859282729593852,0.0140717270406149
9,2,stroop:s02:r1,always_fuse,1547,0,0.6901481485292877,0.3098518514707122
9,2,stroop:s02:r1,always_nn,1547,0,0.9858711158945116,0.0141288841054883
9,2,stroop:s02:r2,always_fuse,1547,1,0.6154536261280263,0.3845463738719736
9,2,stroop:s02:r2,always_nn,1547,1,0.9331355794925684,0.0668644205074315
9,2,stroop:s02:r3,always_fuse,1547,1,0.6389579273369103,0.3610420726630898
9,2,stroop:s02:r3,always_nn,1547,1,0.965040122985796,0.0349598770142038
9,3,stroop:s03:r0,always_fuse,1335,0,0.8727324439499877,0.1272675560500123
9,3,stroop:s03:r0,always_nn,1335,0,0.9999991978692736,8.021307263971538e-07
9,3,stroop:s03:r1,always_fuse,1335,0,0.5569247995737232,0.4430752004262767
9,3,stroop:s03:r1,always_nn,1335,0,0.8945712261711973,0.1054287738288027
9,3,stroop:s03:r2,always_fuse,1335,1,0.5557277901909736,0.4442722098090264
9,3,stroop:s03:r2,always_nn,1335,1,0.7069248430088654,0.2930751569911347
9,3,stroop:s03:r3,always_fuse,1335,1,0.4363879613925425,0.5636120386074576
9,3,stroop:s03:r3,always_nn,1335,1,0.2242492574913087,0.7757507425086911
9,3,stroop:s03:r0,always_fuse,1388,0,0.7431999745777784,0.2568000254222215
9,3,stroop:s03:r0,always_nn,1388,0,0.9958504815812204,0.0041495184187796
9,3,stroop:s03:r1,always_fuse,1388,0,0.5362634320422724,0.4637365679577275
9,3,stroop:s03:r1,always_nn,1388,0,0.7560137067468976,0.2439862932531023
9,3,stroop:s03:r2,always_fuse,1388,1,0.5778809240060944,0.4221190759939057
9,3,stroop:s03:r2,always_nn,1388,1,0.7832600045459828,0.2167399954540172
9,3,stroop:s03:r3,always_fuse,1388,1,0.531195107279244,0.468804892720756
9,3,stroop:s03:r3,always_nn,1388,1,0.7149071613415675,0.2850928386584324
9,3,stroop:s03:r0,always_fuse,1441,0,0.9057245310948046,0.0942754689051954
9,3,stroop:s03:r0,always_nn,1441,0,0.9999999984791156,1.5208842968855163e-09
9,3,stroop:s03:r1,always_fuse,1441,0,0.6258270215174411,0.3741729784825589
9,3,stroop:s03:r1,always_nn,1441,0,0.9927367409902076,0.0072632590097921
9,3,stroop:s03:r2,always_fuse,1441,1,0.5394652551870825,0.4605347448129174
9,3,stroop:s03:r2,always_nn,1441,1,0.8354776450894872,0.1645223549105129
9,3,stroop:s03:r3,always_fuse,1441,1,0.2793108848825033,0.7206891151174967
9,3,stroop:s03:r3,always_nn,1441,1,0.018335890482438,0.981664109517562
9,3,stroop:s03:r0,always_fuse,1494,0,0.8808495958845065,0.1191504041154934
9,3,stroop:s03:r0,always_nn,1494,0,0.9999998808436792,1.1915632091547545e-07
9,3,stroop:s03:r1,always_fuse,1494,0,0.5015843120081972,0.4984156879918027
9,3,stroop:s03:r1,always_nn,1494,0,0.7638019815778723,0.2361980184221276
9,3,stroop:s03:r2,always_fuse,1494,1,0.5341446191777575,0.4658553808222425
9,3,stroop:s03:r2,always_nn,1494,1,0.7010025527176187,0.2989974472823812
9,3,stroop:s03:r3,always_fuse,1494,1,0.2961682769810862,0.7038317230189138
9,3,stroop:s03:r3,always_nn,1494,1,0.0025182761681761,0.997481723831824
9,3,stroop:s03:r0,always_fuse,1547,0,0.6715409092860001,0.3284590907139998
9,3,stroop:s03:r0,always_nn,1547,0,0.9824791099746608,0.0175208900253393
9,3,stroop:s03:r1,always_fuse,1547,0,0.5262556833096406,0.4737443166903595
9,3,stroop:s03:r1,always_nn,1547,0,0.765924816085935,0.2340751839140651
9,3,stroop:s03:r2,always_fuse,1547,1,0.5574145461777295,0.4425854538222705
9,3,stroop:s03:r2,always_nn,1547,1,0.6616003966622999,0.3383996033377002
9,3,stroop:s03:r3,always_fuse,1547,1,0.5055723485096417,0.4944276514903583
9,3,stroop:s03:r3,always_nn,1547,1,0.5313345375657149,0.468665462434285
9,4,stroop:s04:r0,always_fuse,1335,0,0.5440195408807238,0.4559804591192762
9,4,stroop:s04:r0,always_nn,1335,0,0.8733622294017743,0.1266377705982257
9,4,stroop:s04:r1,always_fuse,1335,0,0.4504980787658916,0.5495019212341083
9,4,stroop:s04:r1,always_nn,1335,0,0.462616681658853,0.5373833183411468
9,4,stroop:s04:r2,always_fuse,1335,1,0.3869180727659086,0.6130819272340913
9,4,stroop:s04:r2,always_nn,1335,1,0.0867828807950337,0.9132171192049662
9,4,stroop:s04:r3,always_fuse,1335,1,0.3388297276995771,0.6611702723004228
9,4,stroop:s04:r3,always_nn,1335,1,0.0219083935322215,0.9780916064677784
9,4,stroop:s04:r0,always_fuse,1388,0,0.5360900502337649,0.4639099497662352
9,4,stroop:s04:r0,always_nn,1388,0,0.8411447983732007,0.1588552016267992
9,4,stroop:s04:r1,always_fuse,1388,0,0.5752631686161583,0.4247368313838417
9,4,stroop:s04:r1,always_nn,1388,0,0.9615947736500566,0.0384052263499433
9,4,stroop:s04:r2,always_fuse,1388,1,0.3967876422886257,0.6032123577113744
9,4,stroop:s04:r2,always_nn,1388,1,0.2819940203612709,0.7180059796387291
9,4,stroop:s04:r3,always_fuse,1388,1,0.2635746576307431,0.7364253423692568
9,4,stroop:s04:r3,always_nn,1388,1,0.0168143002603274,0.9831856997396724
9,4,stroop:s04:r0,always_fuse,1441,0,0.6424117725120589,0.357588227487941
9,4,stroop:s04:r0,always_nn,1441,0,0.9932253707725728,0.0067746292274272
9,4,stroop:s04:r1,always_fuse,1441,0,0.5045902304243437,0.4954097695756563
9,4,stroop:s04:r1,always_nn,1441,0,0.842627638433781,0.157372361566219
9,4,stroop:s04:r2,always_fuse,1441,1,0.3989089259412103,0.6010910740587897
9,4,stroop:s04:r2,always_nn,1441,1,0.180513542657756,0.8194864573422439
9,4,stroop:s04:r3,always_fuse,1441,1,0.3345879598906059,0.6654120401093941
9,4,stroop:s04:r3,always_nn,1441,1,0.031794576316572,0.968205423683428
9,4,stroop:s04:r0,always_fuse,1494,0,0.6530401852896507,0.3469598147103493
9,4,stroop:s04:r0,always_nn,1494,0,0.9960258497897528,0.0039741502102471
9,4,stroop:s04:r1,always_fuse,1494,0,0.4512261933168762,0.5487738066831238
9,4,stroop:s04:r1,always_nn,1494,0,0.5907494050515885,0.4092505949484114
9,4,stroop:s04:r2,always_fuse,1494,1,0.4473384854052009,0.5526615145947991
9,4,stroop:s04:r2,always_nn,1494,1,0.4883740423828984,0.5116259576171015
9,4,stroop:s04:r3,always_fuse,1494,1,0.3433750435120707,0.6566249564879293
9,4,stroop:s04:r3,always_nn,1494,1,0.0434014682855457,0.9565985317144544
9,4,stroop:s04:r0,always_fuse,1547,0,0.6905323300741091,0.309467669925891
9,4,stroop:s04:r0,always_nn,1547,0,0.9967703881065704,0.0032296118934295
9,4,stroop:s04:r1,always_fuse,1547,0,0.4589404790323718,0.5410595209676282
9,4,stroop:s04:r1,always_nn,1547,0,0.5628659785171246,0.4371340214828754
9,4,stroop:s04:r2,always_fuse,1547,1,0.414438775534271,0.585561224465729
9,4,stroop:s04:r2,always_nn,1547,1,0.2317475510127069,0.768252448987293
9,4,stroop:s04:r3,always_fuse,1547,1,0.3514314839825149,0.6485685160174851
9,4,stroop:s04:r3,always_nn,1547,1,0.049638186611006,0.950361813388994
9,5,stroop:s05:r0,always_fuse,1335,0,0.8608256174292978,0.1391743825707023
9,5,stroop:s05:r0,always_nn,1335,0,0.9999999909157602,9.084239811333057e-09
9,5,stroop:s05:r1,always_fuse,1335,0,0.4305104280247054,0.5694895719752946
9,5,stroop:s05:r1,always_nn,1335,0,0.3796819234718915,0.6203180765281084
9,5,stroop:s05:r2,always_fuse,1335,1,0.3603915690808646,0.6396084309191354
9,5,stroop:s05:r2,always_nn,1335,1,0.0568723224081193,0.9431276775918808
9,5,stroop:s05:r3,always_fuse,1335,1,0.3513423122954804,0.6486576877045196
9,5,stroop:s05:r3,always_nn,1335,1,0.0635606565874598,0.9364393434125402
9,5,stroop:s05:r0,always_fuse,1388,0,0.8613151979629791,0.1386848020370208
9,5,stroop:s05:r0,always_nn,1388,0,0.9999996315999896,3.684000103181168e-07
9,5,stroop:s05:r1,always_fuse,1388,0,0.4492208385838209,0.5507791614161791
9,5,stroop:s05:r1,always_nn,1388,0,0.5242798996713147,0.4757201003286853
9,5,stroop:s05:r2,always_fuse,1388,1,0.3189162935231442,0.6810837064768557
9,5,stroop:s05:r2,always_nn,1388,1,0.0221943965243194,0.9778056034756806
9,5,stroop:s05:r3,always_fuse,1388,1,0.3204219359783727,0.6795780640216271
9,5,stroop:s05:r3,always_nn,1388,1,0.0317474998873365,0.9682525001126636
9,5,stroop:s05:r0,always_fuse,1441,0,0.8411391869663865,0.1588608130336136
9,5,stroop:s05:r0,always_nn,1441,0,0.9999997136973472,2.863026529452517e-07
9,5,stroop:s05:r1,always_fuse,1441,0,0.4193936201663078,0.5806063798336921
9,5,stroop:s05:r1,always_nn,1441,0,0.3658660208724367,0.6341339791275633
9,5,stroop:s05:r2,always_fuse,1441,1,0.3600414025385102,0.6399585974614899
9,5,stroop:s05:r2,always_nn,1441,1,0.0691425424833461,0.9308574575166538
9,5,stroop:s05:r3,always_fuse,1441,1,0.3315039955976311,0.6684960044023689
9,5,stroop:s05:r3,always_nn,1441,1,0.0428370910731525,0.9571629089268476
9,5,stroop:s05:r0,always_fuse,1494,0,0.8103550896089751,0.1896449103910249
9,5,stroop:s05:r0,always_nn,1494,0,0.999999781406896,2.1859310393953562e-07
9,5,stroop:s05:r1,always_fuse,1494,0,0.4505799684801815,0.5494200315198184
9,5,stroop:s05:r1,always_nn,1494,0,0.5590797675153822,0.4409202324846178
9,5,stroop:s05:r2,always_fuse,1494,1,0.3871409844399454,0.6128590155600546
9,5,stroop:s05:r2,always_nn,1494,1,0.0939545867539472,0.9060454132460528
9,5,stroop:s05:r3,always_fuse,1494,1,0.3657855601661445,0.6342144398338555
9,5,stroop:s05:r3,always_nn,1494,1,0.0672577732526665,0.9327422267473334
9,5,stroop:s05:r0,always_fuse,1547,0,0.8589909659774463,0.1410090340225536
9,5,stroop:s05:r0,always_nn,1547,0,0.9999999692747942,3.072520583724701e-08
9,5,stroop:s05:r1,always_fuse,1547,0,0.4441109471608737,0.5558890528391264
9,5,stroop:s05:r1,always_nn,1547,0,0.4867803975582248,0.5132196024417751
9,5,stroop:s05:r2,always_fuse,1547,1,0.3086244341016066,0.6913755658983933
9,5,stroop:s05:r2,always_nn,1547,1,0.0180167090095942,0.9819832909904056
9,5,stroop:s05:r3,always_fuse,1547,1,0.2858691943343968,0.714130805665603
9,5,stroop:s05:r3,always_nn,1547,1,0.0119962678673568,0.9880037321326433
9,6,stroop:s06:r0,always_fuse,1335,0,0.5151436062911265,0.4848563937088734
9,6,stroop:s06:r0,always_nn,1335,0,0.9377541762147662,0.0622458237852338
9,6,stroop:s06:r1,always_fuse,1335,0,0.4731340445647847,0.5268659554352152
9,6,stroop:s06:r1,always_nn,1335,0,0.8902996485464116,0.1097003514535883
9,6,stroop:s06:r2,always_fuse,1335,1,0.2526053286065617,0.7473946713934383
9,6,stroop:s06:r2,always_nn,1335,1,0.0057755819698233,0.9942244180301766
9,6,stroop:s06:r3,always_fuse,1335,1,0.3287006656981808,0.6712993343018191
9,6,stroop:s06:r3,always_nn,1335,1,0.1136784406766233,0.8863215593233768
9,6,stroop:s06:r0,always_fuse,1388,0,0.3964772956972885,0.6035227043027115
9,6,stroop:s06:r0,always_nn,1388,0,0.3727022733386511,0.6272977266613489
9,6,stroop:s06:r1,always_fuse,1388,0,0.452209148156256,0.547790851843744
9,6,stroop:s06:r1,always_nn,1388,0,0.6550930699698053,0.3449069300301946
9,6,stroop:s06:r2,always_fuse,1388,1,0.4147669556381464,0.5852330443618536
9,6,stroop:s06:r2,always_nn,1388,1,0.3260185347200259,0.673981465279974
9,6,stroop:s06:r3,always_fuse,1388,1,0.3904357284724888,0.6095642715275111
9,6,stroop:s06:r3,always_nn,1388,1,0.4296266326806945,0.5703733673193054
9,6,stroop:s06:r0,always_fuse,1441,0,0.4567897808821691,0.543210219117831
9,6,stroop:s06:r0,always_nn,1441,0,0.8070958407475796,0.1929041592524204
9,6,stroop:s06:r1,always_fuse,1441,0,0.473876598065805,0.526123401934195
9,6,stroop:s06:r1,always_nn,1441,0,0.82107831664242,0.17892168335758
9,6,stroop:s06:r2,always_fuse,1441,1,0.428173745641046,0.5718262543589541
9,6,stroop:s06:r2,always_nn,1441,1,0.4417864206372839,0.5582135793627161
9,6,stroop:s06:r3,always_fuse,1441,1,0.4362187192557751,0.5637812807442248
9,6,stroop:s06:r3,always_nn,1441,1,0.7521807904290143,0.2478192095709856
9,6,stroop:s06:r0,always_fuse,1494,0,0.4111483600585516,0.5888516399414484
9,6,stroop:s06:r0,always_nn,1494,0,0.5359947260244968,0.4640052739755032
9,6,stroop:s06:r1,always_fuse,1494,0,0.4510058463532939,0.548994153646706
9,6,stroop:s06:r1,always_nn,1494,0,0.6865226596583219,0.313477340341678
9,6,stroop:s06:r2,always_fuse,1494,1,0.4507735864679214,0.5492264135320785
9,6,stroop:s06:r2,always_nn,1494,1,0.5693786394434995,0.4306213605565006
9,6,stroop:s06:r3,always_fuse,1494,1,0.4097405146629399,0.5902594853370601
9,6,stroop:s06:r3,always_nn,1494,1,0.5844797330218716,0.4155202669781283
9,6,stroop:s06:r0,always_fuse,1547,0,0.4405046353451069,0.559495364654893
9,6,stroop:s06:r0,always_nn,1547,0,0.5838576222624955,0.4161423777375045
9,6,stroop:s06:r1,always_fuse,1547,0,0.4348986359548696,0.5651013640451304
9,6,stroop:s06:r1,always_nn,1547,0,0.5054833996249884,0.4945166003750115
9,6,stroop:s06:r2,always_fuse,1547,1,0.4620757115985835,0.5379242884014164
9,6,stroop:s06:r2,always_nn,1547,1,0.5713563852485979,0.428643614751402
9,6,stroop:s06:r3,always_fuse,1547,1,0.4266274295164725,0.5733725704835275
9,6,stroop:s06:r3,always_nn,1547,1,0.6081939118501694,0.3918060881498306
9,7,stroop:s07:r0,always_fuse,1335,0,0.6978398106090933,0.3021601893909067
9,7,stroop:s07:r0,always_nn,1335,0,0.9933010900863416,0.0066989099136584
9,7,stroop:s07:r1,always_fuse,1335,0,0.4361659581710265,0.5638340418289735
9,7,stroop:s07:r1,always_nn,1335,0,0.3336540285307612,0.6663459714692387
9,7,stroop:s07:r2,always_fuse,1335,1,0.417313772143827,0.582686227856173
9,7,stroop:s07:r2,always_nn,1335,1,0.2632502013090408,0.7367497986909591
9,7,stroop:s07:r3,always_fuse,1335,1,0.4165712902795405,0.5834287097204595
9,7,stroop:s07:r3,always_nn,1335,1,0.2391433672109944,0.7608566327890055
9,7,stroop:s07:r0,always_fuse,1388,0,0.868366094131817,0.1316339058681829
9,7,stroop:s07:r0,always_nn,1388,0,0.9999893152354116,1.0684764588518823e-05
9,7,stroop:s07:r1,always_fuse,1388,0,0.4542352895995962,0.5457647104004038
9,7,stroop:s07:r1,always_nn,1388,0,0.4567022246195906,0.5432977753804094
9,7,stroop:s07:r2,always_fuse,1388,1,0.4270799088711675,0.5729200911288324
9,7,stroop:s07:r2,always_nn,1388,1,0.3380360834953578,0.6619639165046421
9,7,stroop:s07:r3,always_fuse,1388,1,0.4273720788963434,0.5726279211036566
9,7,stroop:s07:r3,always_nn,1388,1,0.3365901399664963,0.6634098600335036
9,7,stroop:s07:r0,always_fuse,1441,0,0.8179870803010277,0.1820129196989723
9,7,stroop:s07:r0,always_nn,1441,0,0.9999920231370548,7.97686294525584e-06
9,7,stroop:s07:r1,always_fuse,1441,0,0.4694613887942191,0.5305386112057808
9,7,stroop:s07:r1,always_nn,1441,0,0.6017816463012888,0.3982183536987111
9,7,stroop:s07:r2,always_fuse,1441,1,0.4263386208529597,0.5736613791470403
9,7,stroop:s07:r2,always_nn,1441,1,0.3609558798696694,0.6390441201303305
9,7,stroop:s07:r3,always_fuse,1441,1,0.4366705310645009,0.5633294689354991
9,7,stroop:s07:r3,always_nn,1441,1,0.4049899384460992,0.5950100615539008
9,7,stroop:s07:r0,always_fuse,1494,0,0.8198666297456019,0.180133370254398
9,7,stroop:s07:r0,always_nn,1494,0,0.9999953577523466,4.642247653334712e-06
9,7,stroop:s07:r1,always_fuse,1494,0,0.5216188687401173,0.4783811312598827
9,7,stroop:s07:r1,always_nn,1494,0,0.8694857023547914,0.1305142976452085
9,7,stroop:s07:r2,always_fuse,1494,1,0.417710114685258,0.582289885314742
9,7,stroop:s07:r2,always_nn,1494,1,0.2262943024371142,0.7737056975628857
9,7,stroop:s07:r3,always_fuse,1494,1,0.4350031901264049,0.564996809873595
9,7,stroop:s07:r3,always_nn,1494,1,0.3248610910783089,0.675138908921691
9,7,stroop:s07:r0,always_fuse,1547,0,0.8031748344510354,0.1968251655489645
9,7,stroop:s07:r0,always_nn,1547,0,0.9996045065615716,0.0003954934384284
9,7,stroop:s07:r1,always_fuse,1547,0,0.4828202130127338,0.5171797869872662
9,7,stroop:s07:r1,always_nn,1547,0,0.6028102525283364,0.3971897474716636
9,7,stroop:s07:r2,always_fuse,1547,1,0.444442592659753,0.555557407340247
9,7,stroop:s07:r2,always_nn,1547,1,0.4106143994879509,0.5893856005120491
9,7,stroop:s07:r3,always_fuse,1547,1,0.4576805330327951,0.5423194669672049
9,7,stroop:s07:r3,always_nn,1547,1,0.4573314715386931,0.5426685284613068
9,8,stroop:s08:r0,always_fuse,1335,0,0.6124652369083491,0.3875347630916509
9,8,stroop:s08:r0,always_nn,1335,0,0.9756155335344604,0.0243844664655397
9,8,stroop:s08:r1,always_fuse,1335,0,0.6346537986656245,0.3653462013343755
9,8,stroop:s08:r1,always_nn,1335,0,0.9866728343733316,0.0133271656266684
9,8,stroop:s08:r2,always_fuse,1335,1,0.5651089730757423,0.4348910269242577
9,8,stroop:s08:r2,always_nn,1335,1,0.9228234149343588,0.0771765850656413
9,8,stroop:s08:r3,always_fuse,1335,1,0.4990613016482452,0.5009386983517548
9,8,stroop:s08:r3,always_nn,1335,1,0.7119218575941707,0.2880781424058292
9,8,stroop:s08:r0,always_fuse,1388,0,0.6170766549131332,0.3829233450868668
9,8,stroop:s08:r0,always_nn,1388,0,0.9682683885000848,0.0317316114999154
9,8,stroop:s08:r1,always_fuse,1388,0,0.5950506547737822,0.4049493452262179
9,8,stroop:s08:r1,always_nn,1388,0,0.9435810084404176,0.0564189915595823
9,8,stroop:s08:r2,always_fuse,1388,1,0.5504168089956581,0.4495831910043418
9,8,stroop:s08:r2,always_nn,1388,1,0.8800654251966118,0.1199345748033881
9,8,stroop:s08:r3,always_fuse,1388,1,0.4927409654818468,0.5072590345181531
9,8,stroop:s08:r3,always_nn,1388,1,0.7028050176939729,0.2971949823060271
9,8,stroop:s08:r0,always_fuse,1441,0,0.5494710864965664,0.4505289135034336
9,8,stroop:s08:r0,always_nn,1441,0,0.9059424704354414,0.0940575295645586
9,8,stroop:s08:r1,always_fuse,1441,0,0.5418589087884539,0.4581410912115461
9,8,stroop:s08:r1,always_nn,1441,0,0.8875578376407135,0.1124421623592865
9,8,stroop:s08:r2,always_fuse,1441,1,0.527355043331603,0.472644956668397
9,8,stroop:s08:r2,always_nn,1441,1,0.8599008439996163,0.1400991560003837
9,8,stroop:s08:r3,always_fuse,1441,1,0.4876296433413446,0.5123703566586554
9,8,stroop:s08:r3,always_nn,1441,1,0.7291920353094734,0.2708079646905266
9,8,stroop:s08:r0,always_fuse,1494,0,0.5392650799745748,0.4607349200254251
9,8,stroop:s08:r0,always_nn,1494,0,0.8919640400554777,0.1080359599445223
9,8,stroop:s08:r1,always_fuse,1494,0,0.537112626587987,0.4628873734120129
9,8,stroop:s08:r1,always_nn,1494,0,0.8777777998868183,0.1222222001131817
9,8,stroop:s08:r2,always_fuse,1494,1,0.4792787550147666,0.5207212449852334
9,8,stroop:s08:r2,always_nn,1494,1,0.605953794755063,0.394046205244937
9,8,stroop:s08:r3,always_fuse,1494,1,0.421536361907415,0.578463638092585
9,8,stroop:s08:r3,always_nn,1494,1,0.2619969312631758,0.7380030687368242
9,8,stroop:s08:r0,always_fuse,1547,0,0.623690925110014,0.376309074889986
9,8,stroop:s08:r0,always_nn,1547,0,0.9770757683232316,0.0229242316767682
9,8,stroop:s08:r1,always_fuse,1547,0,0.6105855867289811,0.3894144132710189
9,8,stroop:s08:r1,always_nn,1547,0,0.9643307021877382,0.0356692978122617
9,8,stroop:s08:r2,always_fuse,1547,1,0.5649291175653258,0.4350708824346742
9,8,stroop:s08:r2,always_nn,1547,1,0.9204927833130584,0.0795072166869415
9,8,stroop:s08:r3,always_fuse,1547,1,0.4978346490022567,0.5021653509977433
9,8,stroop:s08:r3,always_nn,1547,1,0.746371032704571,0.253628967295429
9,10,stroop:s10:r0,always_fuse,1335,0,0.7035322652919651,0.2964677347080349
9,10,stroop:s10:r0,always_nn,1335,0,0.998119951644638,0.001880048355362
9,10,stroop:s10:r1,always_fuse,1335,0,0.4636567447830164,0.5363432552169837
9,10,stroop:s10:r1,always_nn,1335,0,0.4892748152333639,0.5107251847666361
9,10,stroop:s10:r2,always_fuse,1335,1,0.4826676049468503,0.5173323950531498
9,10,stroop:s10:r2,always_nn,1335,1,0.6232612073987821,0.3767387926012179
9,10,stroop:s10:r3,always_fuse,1335,1,0.3492697024710131,0.650730297528987
9,10,stroop:s10:r3,always_nn,1335,1,0.0657702990649784,0.9342297009350216
9,10,stroop:s10:r0,always_fuse,1388,0,0.6513644511441327,0.3486355488558674
9,10,stroop:s10:r0,always_nn,1388,0,0.9808094866110556,0.0191905133889443
9,10,stroop:s10:r1,always_fuse,1388,0,0.4828235743795783,0.5171764256204217
9,10,stroop:s10:r1,always_nn,1388,0,0.5964709208147712,0.4035290791852289
9,10,stroop:s10:r2,always_fuse,1388,1,0.4715555242844557,0.5284444757155442
9,10,stroop:s10:r2,always_nn,1388,1,0.539117197092416,0.460882802907584
9,10,stroop:s10:r3,always_fuse,1388,1,0.3795600688155252,0.6204399311844747
9,10,stroop:s10:r3,always_nn,1388,1,0.2066231684851514,0.7933768315148485
9,10,stroop:s10:r0,always_fuse,1441,0,0.6820112374901167,0.3179887625098833
9,10,stroop:s10:r0,always_nn,1441,0,0.9971822151604316,0.0028177848395683
9,10,stroop:s10:r1,always_fuse,1441,0,0.4783927944267198,0.5216072055732802
9,10,stroop:s10:r1,always_nn,1441,0,0.664960844298895,0.3350391557011049
9,10,stroop:s10:r2,always_fuse,1441,1,0.4774572275238657,0.5225427724761341
9,10,stroop:s10:r2,always_nn,1441,1,0.6698945851412355,0.3301054148587644
9,10,stroop:s10:r3,always_fuse,1441,1,0.3561122050401089,0.6438877949598911
9,10,stroop:s10:r3,always_nn,1441,1,0.1093223208391721,0.890677679160828
9,10,stroop:s10:r0,always_fuse,1494,0,0.6286141749031625,0.3713858250968374
9,10,stroop:s10:r0,always_nn,1494,0,0.9867843146563255,0.0132156853436745
9,10,stroop:s10:r1,always_fuse,1494,0,0.4715795808133419,0.5284204191866582
9,10,stroop:s10:r1,always_nn,1494,0,0.5303783723728193,0.4696216276271807
9,10,stroop:s10:r2,always_fuse,1494,1,0.4651976367124686,0.5348023632875314
9,10,stroop:s10:r2,always_nn,1494,1,0.4870458459656659,0.512954154034334
9,10,stroop:s10:r3,always_fuse,1494,1,0.3878100607123242,0.6121899392876757
9,10,stroop:s10:r3,always_nn,1494,1,0.1793383284186355,0.8206616715813645
9,10,stroop:s10:r0,always_fuse,1547,0,0.6717463437646616,0.3282536562353383
9,10,stroop:s10:r0,always_nn,1547,0,0.989643916032648,0.010356083967352
9,10,stroop:s10:r1,always_fuse,1547,0,0.4644004403779569,0.5355995596220431
9,10,stroop:s10:r1,always_nn,1547,0,0.4794279954038083,0.5205720045961917
9,10,stroop:s10:r2,always_fuse,1547,1,0.4561473219489753,0.5438526780510247
9,10,stroop:s10:r2,always_nn,1547,1,0.4296634204079455,0.5703365795920544
9,10,stroop:s10:r3,always_fuse,1547,1,0.2700276071004686,0.7299723928995314
9,10,stroop:s10:r3,always_nn,1547,1,0.0110267093689837,0.9889732906310162
9,11,stroop:s11:r0,always_fuse,1335,0,0.6795582363302457,0.3204417636697543
9,11,stroop:s11:r0,always_nn,1335,0,0.9934976638901796,0.0065023361098204
9,11,stroop:s11:r1,always_fuse,1335,0,0.4702606182567277,0.5297393817432723
9,11,stroop:s11:r1,always_nn,1335,0,0.5951962332295153,0.4048037667704848
9,11,stroop:s11:r2,always_fuse,1335,1,0.4398965311173876,0.5601034688826124
9,11,stroop:s11:r2,always_nn,1335,1,0.3299865387220928,0.6700134612779071
9,11,stroop:s11:r3,always_fuse,1335,1,0.4448727950044455,0.5551272049955545
9,11,stroop:s11:r3,always_nn,1335,1,0.3503809949150099,0.6496190050849902
9,11,stroop:s11:r0,always_fuse,1388,0,0.6688244140442279,0.331175585955772
9,11,stroop:s11:r0,always_nn,1388,0,0.9856543932783852,0.0143456067216149
9,11,stroop:s11:r1,always_fuse,1388,0,0.4593768311917611,0.5406231688082389
9,11,stroop:s11:r1,always_nn,1388,0,0.5573789401207397,0.4426210598792602
9,11,stroop:s11:r2,always_fuse,1388,1,0.4318164525278062,0.5681835474721937
9,11,stroop:s11:r2,always_nn,1388,1,0.3550464171768721,0.6449535828231279
9,11,stroop:s11:r3,always_fuse,1388,1,0.4292476563067893,0.5707523436932106
9,11,stroop:s11:r3,always_nn,1388,1,0.327307672926683,0.672692327073317
9,11,stroop:s11:r0,always_fuse,1441,0,0.7841098587762781,0.2158901412237218
9,11,stroop:s11:r0,always_nn,1441,0,0.9999582146900852,4.178530991477493e-05
9,11,stroop:s11:r1,always_fuse,1441,0,0.4553733825898803,0.5446266174101198
9,11,stroop:s11:r1,always_nn,1441,0,0.5563017281934783,0.4436982718065216
9,11,stroop:s11:r2,always_fuse,1441,1,0.41148769914195,0.5885123008580501
9,11,stroop:s11:r2,always_nn,1441,1,0.2467940795980991,0.7532059204019008
9,11,stroop:s11:r3,always_fuse,1441,1,0.3935911583283435,0.6064088416716564
9,11,stroop:s11:r3,always_nn,1441,1,0.1638533782621369,0.8361466217378631
9,11,stroop:s11:r0,always_fuse,1494,0,0.7649177722442451,0.2350822277557549
9,11,stroop:s11:r0,always_nn,1494,0,0.9999989630912118,1.0369087880653838e-06
9,11,stroop:s11:r1,always_fuse,1494,0,0.488255146779575,0.511744853220425
9,11,stroop:s11:r1,always_nn,1494,0,0.6926501806929972,0.3073498193070028
9,11,stroop:s11:r2,always_fuse,1494,1,0.3898813125637253,0.6101186874362747
9,11,stroop:s11:r2,always_nn,1494,1,0.0944581710056551,0.9055418289943448
9,11,stroop:s11:r3,always_fuse,1494,1,0.4012093356873873,0.5987906643126126
9,11,stroop:s11:r3,always_nn,1494,1,0.118949003139686,0.881050996860314
9,11,stroop:s11:r0,always_fuse,1547,0,0.7732132678920466,0.2267867321079534
9,11,stroop:s11:r0,always_nn,1547,0,0.9994356677331452,0.0005643322668547
9,11,stroop:s11:r1,always_fuse,1547,0,0.4558421455566762,0.5441578544433238
9,11,stroop:s11:r1,always_nn,1547,0,0.5522640983559146,0.4477359016440853
9,11,stroop:s11:r2,always_fuse,1547,1,0.4389435907696556,0.5610564092303444
9,11,stroop:s11:r2,always_nn,1547,1,0.4030390033545348,0.5969609966454651
9,11,stroop:s11:r3,always_fuse,1547,1,0.4387507059671893,0.5612492940328108
9,11,stroop:s11:r3,always_nn,1547,1,0.4049607868939177,0.5950392131060822
9,12,stroop:s12:r0,always_fuse,1335,0,0.501979853459819,0.4980201465401809
9,12,stroop:s12:r0,always_nn,1335,0,0.6471706089873346,0.3528293910126654
9,12,stroop:s12:r1,always_fuse,1335,0,0.4464323399573942,0.5535676600426058
9,12,stroop:s12:r1,always_nn,1335,0,0.4479754646515939,0.5520245353484061
9,12,stroop:s12:r2,always_fuse,1335,1,0.4145712182966609,0.5854287817033391
9,12,stroop:s12:r2,always_nn,1335,1,0.2783262548108258,0.7216737451891742
9,12,stroop:s12:r3,always_fuse,1335,1,0.4418722654215129,0.5581277345784871
9,12,stroop:s12:r3,always_nn,1335,1,0.4267314372618071,0.5732685627381928
9,12,stroop:s12:r0,always_fuse,1388,0,0.481381694394963,0.518618305605037
9,12,stroop:s12:r0,always_nn,1388,0,0.5543590239588603,0.4456409760411396
9,12,stroop:s12:r1,always_fuse,1388,0,0.4203695364242821,0.5796304635757178
9,12,stroop:s12:r1,always_nn,1388,0,0.3345977740102753,0.6654022259897246
9,12,stroop:s12:r2,always_fuse,1388,1,0.3987130917113516,0.6012869082886483
9,12,stroop:s12:r2,always_nn,1388,1,0.2589199739470963,0.7410800260529036
9,12,stroop:s12:r3,always_fuse,1388,1,0.4167633642741847,0.5832366357258152
9,12,stroop:s12:r3,always_nn,1388,1,0.3306809892730801,0.6693190107269198
9,12,stroop:s12:r0,always_fuse,1441,0,0.5431173059965795,0.4568826940034206
9,12,stroop:s12:r0,always_nn,1441,0,0.8820155822704442,0.1179844177295557
9,12,stroop:s12:r1,always_fuse,1441,0,0.4365791525463472,0.5634208474536527
9,12,stroop:s12:r1,always_nn,1441,0,0.4522822247002653,0.5477177752997346
9,12,stroop:s12:r2,always_fuse,1441,1,0.4160022627342343,0.5839977372657658
9,12,stroop:s12:r2,always_nn,1441,1,0.357288727052777,0.642711272947223
9,12,stroop:s12:r3,always_fuse,1441,1,0.4297151469714336,0.5702848530285664
9,12,stroop:s12:r3,always_nn,1441,1,0.4246879840972539,0.5753120159027462
9,12,stroop:s12:r0,always_fuse,1494,0,0.5253777714169641,0.4746222285830359
9,12,stroop:s12:r0,always_nn,1494,0,0.7758754674910431,0.224124532508957
9,12,stroop:s12:r1,always_fuse,1494,0,0.4523517827502155,0.5476482172497846
9,12,stroop:s12:r1,always_nn,1494,0,0.4918865930182607,0.5081134069817392
9,12,stroop:s12:r2,always_fuse,1494,1,0.4281793055256809,0.571820694474319
9,12,stroop:s12:r2,always_nn,1494,1,0.3619731878287315,0.6380268121712683
9,12,stroop:s12:r3,always_fuse,1494,1,0.4503127048350576,0.5496872951649424
9,12,stroop:s12:r3,always_nn,1494,1,0.4870789838952113,0.5129210161047887
9,12,stroop:s12:r0,always_fuse,1547,0,0.5080449735169218,0.4919550264830782
9,12,stroop:s12:r0,always_nn,1547,0,0.6955070863161538,0.3044929136838462
9,12,stroop:s12:r1,always_fuse,1547,0,0.3991470491918608,0.6008529508081392
9,12,stroop:s12:r1,always_nn,1547,0,0.2170728253908695,0.7829271746091304
9,12,stroop:s12:r2,always_fuse,1547,1,0.3766450407561947,0.6233549592438052
9,12,stroop:s12:r2,always_nn,1547,1,0.1549124642498877,0.8450875357501121
9,12,stroop:s12:r3,always_fuse,1547,1,0.4010633546350564,0.5989366453649436
9,12,stroop:s12:r3,always_nn,1547,1,0.2369464646314565,0.7630535353685435
9,13,stroop:s13:r0,always_fuse,1335,0,0.793701742406933,0.206298257593067
9,13,stroop:s13:r0,always_nn,1335,0,0.9998754985061789,0.0001245014938211
9,13,stroop:s13:r1,always_fuse,1335,0,0.4698660956925178,0.5301339043074822
9,13,stroop:s13:r1,always_nn,1335,0,0.414598258732372,0.585401741267628
9,13,stroop:s13:r2,always_fuse,1335,1,0.4917047294847205,0.5082952705152796
9,13,stroop:s13:r2,always_nn,1335,1,0.4683326449422769,0.531667355057723
9,13,stroop:s13:r3,always_fuse,1335,1,0.4705793217779179,0.529420678222082
9,13,stroop:s13:r3,always_nn,1335,1,0.414933831312501,0.5850661686874989
9,13,stroop:s13:r0,always_fuse,1388,0,0.875280649115467,0.124719350884533
9,13,stroop:s13:r0,always_nn,1388,0,0.9999779520235452,2.2047976454753853e-05
9,13,stroop:s13:r1,always_fuse,1388,0,0.4608923128247246,0.5391076871752754
9,13,stroop:s13:r1,always_nn,1388,0,0.3787781567656639,0.6212218432343362
9,13,stroop:s13:r2,always_fuse,1388,1,0.4816554587317731,0.5183445412682268
9,13,stroop:s13:r2,always_nn,1388,1,0.4066699219436946,0.5933300780563054
9,13,stroop:s13:r3,always_fuse,1388,1,0.4573240350260042,0.5426759649739957
9,13,stroop:s13:r3,always_nn,1388,1,0.3312423127257856,0.6687576872742144
9,13,stroop:s13:r0,always_fuse,1441,0,0.7355598546839366,0.2644401453160633
9,13,stroop:s13:r0,always_nn,1441,0,0.998832049103781,0.001167950896219
9,13,stroop:s13:r1,always_fuse,1441,0,0.4711760543922499,0.52882394560775
9,13,stroop:s13:r1,always_nn,1441,0,0.5186027609105194,0.4813972390894806
9,13,stroop:s13:r2,always_fuse,1441,1,0.4888082713120713,0.5111917286879286
9,13,stroop:s13:r2,always_nn,1441,1,0.5506698172574807,0.4493301827425193
9,13,stroop:s13:r3,always_fuse,1441,1,0.4954606195391529,0.504539380460847
9,13,stroop:s13:r3,always_nn,1441,1,0.6773503608320703,0.3226496391679296
9,13,stroop:s13:r0,always_fuse,1494,0,0.7937365476496357,0.2062634523503642
9,13,stroop:s13:r0,always_nn,1494,0,0.9999375093836776,6.249061632245178e-05
9,13,stroop:s13:r1,always_fuse,1494,0,0.4841725642289123,0.5158274357710877
9,13,stroop:s13:r1,always_nn,1494,0,0.4919483763301435,0.5080516236698566
9,13,stroop:s13:r2,always_fuse,1494,1,0.5176323144095282,0.4823676855904717
9,13,stroop:s13:r2,always_nn,1494,1,0.6497228602845472,0.3502771397154529
9,13,stroop:s13:r3,always_fuse,1494,1,0.4976933046567713,0.5023066953432287
9,13,stroop:s13:r3,always_nn,1494,1,0.5930520312742767,0.4069479687257232
9,13,stroop:s13:r0,always_fuse,1547,0,0.7331777715729715,0.2668222284270286
9,13,stroop:s13:r0,always_nn,1547,0,0.9947261281634068,0.0052738718365932
9,13,stroop:s13:r1,always_fuse,1547,0,0.4928463018321085,0.5071536981678915
9,13,stroop:s13:r1,always_nn,1547,0,0.5398489057907464,0.4601510942092535
9,13,stroop:s13:r2,always_fuse,1547,1,0.5222650871045449,0.477734912895455
9,13,stroop:s13:r2,always_nn,1547,1,0.6602807959852175,0.3397192040147825
9,13,stroop:s13:r3,always_fuse,1547,1,0.4591478980258496,0.5408521019741503
9,13,stroop:s13:r3,always_nn,1547,1,0.3359042162135196,0.6640957837864803
9,14,stroop:s14:r0,always_fuse,1335,0,0.8781943544547703,0.1218056455452296
9,14,stroop:s14:r0,always_nn,1335,0,0.9999458731332952,5.4126866704932666e-05
9,14,stroop:s14:r1,always_fuse,1335,0,0.1531391413671461,0.846860858632854
9,14,stroop:s14:r1,always_nn,1335,0,0.0535487135725825,0.9464512864274176
9,14,stroop:s14:r2,always_fuse,1335,1,0.1918318148148113,0.8081681851851887
9,14,stroop:s14:r2,always_nn,1335,1,0.0532585635348467,0.9467414364651532
9,14,stroop:s14:r3,always_fuse,1335,1,0.0928003523458464,0.9071996476541536
9,14,stroop:s14:r3,always_nn,1335,1,0.0543649913358188,0.9456350086641812
9,14,stroop:s14:r0,always_fuse,1388,0,0.8190016811691366,0.1809983188308633
9,14,stroop:s14:r0,always_nn,1388,0,0.9986599648677608,0.0013400351322393
9,14,stroop:s14:r1,always_fuse,1388,0,0.1735571483459319,0.8264428516540681
9,14,stroop:s14:r1,always_nn,1388,0,0.0504866921039412,0.9495133078960588
9,14,stroop:s14:r2,always_fuse,1388,1,0.2054629526941887,0.7945370473058112
9,14,stroop:s14:r2,always_nn,1388,1,0.0565201409551014,0.9434798590448986
9,14,stroop:s14:r3,always_fuse,1388,1,0.1062075769620259,0.893792423037974
9,14,stroop:s14:r3,always_nn,1388,1,0.047493100206508,0.952506899793492
9,14,stroop:s14:r0,always_fuse,1441,0,0.8852090006462002,0.1147909993537998
9,14,stroop:s14:r0,always_nn,1441,0,0.9999861430454802,1.3856954519753173e-05
9,14,stroop:s14:r1,always_fuse,1441,0,0.1520592837195647,0.8479407162804352
9,14,stroop:s14:r1,always_nn,1441,0,0.0414351628604171,0.9585648371395828
9,14,stroop:s14:r2,always_fuse,1441,1,0.1872726527074881,0.8127273472925118
9,14,stroop:s14:r2,always_nn,1441,1,0.0514223511301278,0.9485776488698722
9,14,stroop:s14:r3,always_fuse,1441,1,0.0866872512930587,0.9133127487069412
9,14,stroop:s14:r3,always_nn,1441,1,0.0194347829145761,0.980565217085424
9,14,stroop:s14:r0,always_fuse,1494,0,0.8019076024105953,0.1980923975894047
9,14,stroop:s14:r0,always_nn,1494,0,0.9993944560098404,0.0006055439901595
9,14,stroop:s14:r1,always_fuse,1494,0,0.1884221289853471,0.8115778710146528
9,14,stroop:s14:r1,always_nn,1494,0,0.0734078127924737,0.9265921872075265
9,14,stroop:s14:r2,always_fuse,1494,1,0.2253413536591505,0.7746586463408495
9,14,stroop:s14:r2,always_nn,1494,1,0.0971564686175514,0.9028435313824484
9,14,stroop:s14:r3,always_fuse,1494,1,0.1210038084427216,0.8789961915572785
9,14,stroop:s14:r3,always_nn,1494,1,0.0816192989931813,0.9183807010068188
9,14,stroop:s14:r0,always_fuse,1547,0,0.8693906705640025,0.1306093294359974
9,14,stroop:s14:r0,always_nn,1547,0,0.9999291777148996,7.082228510035964e-05
9,14,stroop:s14:r1,always_fuse,1547,0,0.1590543346905554,0.8409456653094446
9,14,stroop:s14:r1,always_nn,1547,0,0.0234452527173459,0.976554747282654
9,14,stroop:s14:r2,always_fuse,1547,1,0.1894840830709982,0.8105159169290018
9,14,stroop:s14:r2,always_nn,1547,1,0.0302483474473396,0.9697516525526604
9,14,stroop:s14:r3,always_fuse,1547,1,0.1006340328111127,0.8993659671888873
9,14,stroop:s14:r3,always_nn,1547,1,0.0250776616476052,0.9749223383523948
9,15,stroop:s15:r0,always_fuse,1335,0,0.7237187002818725,0.2762812997181276
9,15,stroop:s15:r0,always_nn,1335,0,0.9979485055217868,0.0020514944782133
9,15,stroop:s15:r1,always_fuse,1335,0,0.5038910265876024,0.4961089734123976
9,15,stroop:s15:r1,always_nn,1335,0,0.7926421575380959,0.2073578424619041
9,15,stroop:s15:r2,always_fuse,1335,1,0.5387265820370527,0.4612734179629473
9,15,stroop:s15:r2,always_nn,1335,1,0.8966360006609773,0.1033639993390227
9,15,stroop:s15:r3,always_fuse,1335,1,0.3243032813980849,0.675696718601915
9,15,stroop:s15:r3,always_nn,1335,1,0.1206844062291902,0.8793155937708097
9,15,stroop:s15:r0,always_fuse,1388,0,0.8394074188175722,0.1605925811824279
9,15,stroop:s15:r0,always_nn,1388,0,0.999982565156665,1.7434843335069705e-05
9,15,stroop:s15:r1,always_fuse,1388,0,0.3898069765432744,0.6101930234567255
9,15,stroop:s15:r1,always_nn,1388,0,0.2609565611685586,0.7390434388314414
9,15,stroop:s15:r2,always_fuse,1388,1,0.4124096228338764,0.5875903771661236
9,15,stroop:s15:r2,always_nn,1388,1,0.3393443001364533,0.6606556998635468
9,15,stroop:s15:r3,always_fuse,1388,1,0.2681214327472997,0.7318785672527003
9,15,stroop:s15:r3,always_nn,1388,1,0.0802956776589506,0.9197043223410494
9,15,stroop:s15:r0,always_fuse,1441,0,0.6612877416211169,0.3387122583788832
9,15,stroop:s15:r0,always_nn,1441,0,0.9976689802941768,0.0023310197058231
9,15,stroop:s15:r1,always_fuse,1441,0,0.459705339947304,0.540294660052696
9,15,stroop:s15:r1,always_nn,1441,0,0.6380826004068298,0.3619173995931701
9,15,stroop:s15:r2,always_fuse,1441,1,0.4829086378147298,0.5170913621852702
9,15,stroop:s15:r2,always_nn,1441,1,0.7372406920841972,0.2627593079158028
9,15,stroop:s15:r3,always_fuse,1441,1,0.3186553617845821,0.6813446382154179
9,15,stroop:s15:r3,always_nn,1441,1,0.1271630634452313,0.8728369365547686
9,15,stroop:s15:r0,always_fuse,1494,0,0.7785046453676779,0.221495354632322
9,15,stroop:s15:r0,always_nn,1494,0,0.9998825225361812,0.0001174774638188
9,15,stroop:s15:r1,always_fuse,1494,0,0.4438379858590973,0.5561620141409027
9,15,stroop:s15:r1,always_nn,1494,0,0.4756035476195616,0.5243964523804384
9,15,stroop:s15:r2,always_fuse,1494,1,0.461535867709477,0.5384641322905229
9,15,stroop:s15:r2,always_nn,1494,1,0.5830115583170095,0.4169884416829906
9,15,stroop:s15:r3,always_fuse,1494,1,0.2928513901918603,0.7071486098081396
9,15,stroop:s15:r3,always_nn,1494,1,0.0825211580490013,0.9174788419509986
9,15,stroop:s15:r0,always_fuse,1547,0,0.7194512909462967,0.2805487090537033
9,15,stroop:s15:r0,always_nn,1547,0,0.9977792806798226,0.0022207193201774
9,15,stroop:s15:r1,always_fuse,1547,0,0.4117631449287399,0.58823685507126
9,15,stroop:s15:r1,always_nn,1547,0,0.308346813430998,0.691653186569002
9,15,stroop:s15:r2,always_fuse,1547,1,0.4324404478684859,0.567559552131514
9,15,stroop:s15:r2,always_nn,1547,1,0.4157130026627031,0.5842869973372969
9,15,stroop:s15:r3,always_fuse,1547,1,0.3319161193952045,0.6680838806047955
9,15,stroop:s15:r3,always_nn,1547,1,0.1468141601680869,0.8531858398319131
10,1,stroop:s01:r0,always_fuse,1335,0,0.4489769623951498,0.5510230376048503
10,1,stroop:s01:r0,always_nn,1335,0,0.3169571871681629,0.683042812831837
10,1,stroop:s01:r1,always_fuse,1335,0,0.5234032200957643,0.4765967799042357
10,1,stroop:s01:r1,always_nn,1335,0,0.8273689816234846,0.1726310183765153
10,1,stroop:s01:r2,always_fuse,1335,1,0.5577988660374071,0.4422011339625928
10,1,stroop:s01:r2,always_nn,1335,1,0.9352067553839538,0.0647932446160461
10,1,stroop:s01:r3,always_fuse,1335,1,0.4765143287803888,0.5234856712196111
10,1,stroop:s01:r3,always_nn,1335,1,0.4788858455603491,0.5211141544396508
10,1,stroop:s01:r0,always_fuse,1388,0,0.4298296843437968,0.5701703156562031
10,1,stroop:s01:r0,always_nn,1388,0,0.2883722888167658,0.7116277111832342
10,1,stroop:s01:r1,always_fuse,1388,0,0.5014753187368886,0.4985246812631115
10,1,stroop:s01:r1,always_nn,1388,0,0.7263289887297434,0.2736710112702566
10,1,stroop:s01:r2,always_fuse,1388,1,0.5197058572501234,0.4802941427498765
10,1,stroop:s01:r2,always_nn,1388,1,0.8129367967331517,0.1870632032668484
10,1,stroop:s01:r3,always_fuse,1388,1,0.5068961389279345,0.4931038610720655
10,1,stroop:s01:r3,always_nn,1388,1,0.7312648104543799,0.2687351895456202
10,1,stroop:s01:r0,always_fuse,1441,0,0.4885435295382124,0.5114564704617875
10,1,stroop:s01:r0,always_nn,1441,0,0.5979224671806418,0.4020775328193581
10,1,stroop:s01:r1,always_fuse,1441,0,0.5016978636084575,0.4983021363915426
10,1,stroop:s01:r1,always_nn,1441,0,0.7865250387617182,0.2134749612382817
10,1,stroop:s01:r2,always_fuse,1441,1,0.5409812003128266,0.4590187996871734
10,1,stroop:s01:r2,always_nn,1441,1,0.9383969342035062,0.0616030657964938
10,1,stroop:s01:r3,always_fuse,1441,1,0.4916529419138871,0.508347058086113
10,1,stroop:s01:r3,always_nn,1441,1,0.6498708259434156,0.3501291740565844
10,1,stroop:s01:r0,always_fuse,1494,0,0.4341995095413823,0.5658004904586177
10,1,stroop:s01:r0,always_nn,1494,0,0.2898225778976989,0.7101774221023011
10,1,stroop:s01:r1,always_fuse,1494,0,0.5569954293804364,0.4430045706195636
10,1,stroop:s01:r1,always_nn,1494,0,0.939074282445114,0.0609257175548859
10,1,stroop:s01:r2,always_fuse,1494,1,0.5508599433060225,0.4491400566939775
10,1,stroop:s01:r2,always_nn,1494,1,0.9260596570112296,0.0739403429887705
10,1,stroop:s01:r3,always_fuse,1494,1,0.5509207040115078,0.4490792959884921
10,1,stroop:s01:r3,always_nn,1494,1,0.9170497592224,0.0829502407775999
10,1,stroop:s01:r0,always_fuse,1547,0,0.4156087257326445,0.5843912742673554
10,1,stroop:s01:r0,always_nn,1547,0,0.2069720669937429,0.7930279330062572
10,1,stroop:s01:r1,always_fuse,1547,0,0.5018386845106461,0.498161315489354
10,1,stroop:s01:r1,always_nn,1547,0,0.7969639993527167,0.2030360006472834
10,1,stroop:s01:r2,always_fuse,1547,1,0.5267823858771992,0.4732176141228009
10,1,stroop:s01:r2,always_nn,1547,1,0.8925468299251909,0.1074531700748091
10,1,stroop:s01:r3,always_fuse,1547,1,0.5161433981987985,0.4838566018012014
10,1,stroop:s01:r3,always_nn,1547,1,0.8380130286776651,0.1619869713223349
10,2,stroop:s02:r0,always_fuse,1335,0,0.6866408293178728,0.3133591706821271
10,2,stroop:s02:r0,always_nn,1335,0,0.994676668802062,0.005323331197938
10,2,stroop:s02:r1,always_fuse,1335,0,0.6551220418910835,0.3448779581089164
10,2,stroop:s02:r1,always_nn,1335,0,0.9838079758500256,0.0161920241499743
10,2,stroop:s02:r2,always_fuse,1335,1,0.5858196912832533,0.4141803087167468
10,2,stroop:s02:r2,always_nn,1335,1,0.9185274937025784,0.0814725062974214
10,2,stroop:s02:r3,always_fuse,1335,1,0.6086573591332538,0.3913426408667461
10,2,stroop:s02:r3,always_nn,1335,1,0.9475763788154582,0.0524236211845418
10,2,stroop:s02:r0,always_fuse,1388,0,0.6479745986445926,0.3520254013554073
10,2,stroop:s02:r0,always_nn,1388,0,0.9764124318279994,0.0235875681720006
10,2,stroop:s02:r1,always_fuse,1388,0,0.6568005281869538,0.3431994718130463
10,2,stroop:s02:r1,always_nn,1388,0,0.9820289135064856,0.0179710864935144
10,2,stroop:s02:r2,always_fuse,1388,1,0.57181311097745,0.42818688902255
10,2,stroop:s02:r2,always_nn,1388,1,0.8726211775216492,0.1273788224783506
10,2,stroop:s02:r3,always_fuse,1388,1,0.6162335170027802,0.3837664829972197
10,2,stroop:s02:r3,always_nn,1388,1,0.952863312678614,0.0471366873213859
10,2,stroop:s02:r0,always_fuse,1441,0,0.6340310444818434,0.3659689555181565
10,2,stroop:s02:r0,always_nn,1441,0,0.9829145387059692,0.0170854612940307
10,2,stroop:s02:r1,always_fuse,1441,0,0.6372677072993489,0.3627322927006511
10,2,stroop:s02:r1,always_nn,1441,0,0.98874185475848,0.01125814524152
10,2,stroop:s02:r2,always_fuse,1441,1,0.559398586002872,0.440601413997128
10,2,stroop:s02:r2,always_nn,1441,1,0.8651084271417138,0.1348915728582862
10,2,stroop:s02:r3,always_fuse,1441,1,0.6028583206264873,0.3971416793735127
10,2,stroop:s02:r3,always_nn,1441,1,0.9613022734486654,0.0386977265513346
10,2,stroop:s02:r0,always_fuse,1494,0,0.6626662158865713,0.3373337841134287
10,2,stroop:s02:r0,always_nn,1494,0,0.9892286398979374,0.0107713601020626
10,2,stroop:s02:r1,always_fuse,1494,0,0.653636695635927,0.3463633043640729
10,2,stroop:s02:r1,always_nn,1494,0,0.98673636947739,0.0132636305226101
10,2,stroop:s02:r2,always_fuse,1494,1,0.5946273999007272,0.4053726000992728
10,2,stroop:s02:r2,always_nn,1494,1,0.9472108122678456,0.0527891877321542
10,2,stroop:s02:r3,always_fuse,1494,1,0.6098879526570198,0.3901120473429802
10,2,stroop:s02:r3,always_nn,1494,1,0.9555413870791428,0.0444586129208573
10,2,stroop:s02:r0,always_fuse,1547,0,0.664040123370229,0.335959876629771
10,2,stroop:s02:r0,always_nn,1547,0,0.99264753533766,0.0073524646623399
10,2,stroop:s02:r1,always_fuse,1547,0,0.6833493521128678,0.3166506478871322
10,2,stroop:s02:r1,always_nn,1547,0,0.9963769656441906,0.0036230343558093
10,2,stroop:s02:r2,always_fuse,1547,1,0.6128303028111658,0.3871696971888341
10,2,stroop:s02:r2,always_nn,1547,1,0.9759433423860274,0.0240566576139725
10,2,stroop:s02:r3,always_fuse,1547,1,0.6428676340640206,0.3571323659359794
10,2,stroop:s02:r3,always_nn,1547,1,0.9882917322303316,0.0117082677696684
10,3,stroop:s03:r0,always_fuse,1335,0,0.7743975825237722,0.2256024174762277
10,3,stroop:s03:r0,always_nn,1335,0,0.9999997331298373,2.668701626801612e-07
10,3,stroop:s03:r1,always_fuse,1335,0,0.5891124196163774,0.4108875803836225
10,3,stroop:s03:r1,always_nn,1335,0,0.9900505205808686,0.0099494794191314
10,3,stroop:s03:r2,always_fuse,1335,1,0.3941401439171427,0.6058598560828573
10,3,stroop:s03:r2,always_nn,1335,1,0.0109022989688692,0.9890977010311308
10,3,stroop:s03:r3,always_fuse,1335,1,0.299501302367371,0.700498697632629
10,3,stroop:s03:r3,always_nn,1335,1,0.0002849208648837,0.9997150791351164
10,3,stroop:s03:r0,always_fuse,1388,0,0.8042205385815354,0.1957794614184646
10,3,stroop:s03:r0,always_nn,1388,0,0.999990809746336,9.190253663845935e-06
10,3,stroop:s03:r1,always_fuse,1388,0,0.5250907489594762,0.4749092510405238
10,3,stroop:s03:r1,always_nn,1388,0,0.8530804688369865,0.1469195311630135
10,3,stroop:s03:r2,always_fuse,1388,1,0.5183653339793556,0.4816346660206445
10,3,stroop:s03:r2,always_nn,1388,1,0.5416389065501575,0.4583610934498425
10,3,stroop:s03:r3,always_fuse,1388,1,0.3907751343258386,0.6092248656741615
10,3,stroop:s03:r3,always_nn,1388,1,0.0916656209705751,0.9083343790294248
10,3,stroop:s03:r0,always_fuse,1441,0,0.774218487993358,0.225781512006642
10,3,stroop:s03:r0,always_nn,1441,0,0.9999990022847596,9.977152405584192e-07
10,3,stroop:s03:r1,always_fuse,1441,0,0.5111009648802306,0.4888990351197694
10,3,stroop:s03:r1,always_nn,1441,0,0.7652998504595998,0.2347001495404002
10,3,stroop:s03:r2,always_fuse,1441,1,0.5043303105944973,0.4956696894055027
10,3,stroop:s03:r2,always_nn,1441,1,0.2100541779907399,0.7899458220092601
10,3,stroop:s03:r3,always_fuse,1441,1,0.3686347801115663,0.6313652198884336
10,3,stroop:s03:r3,always_nn,1441,1,0.004127892046446,0.995872107953554
10,3,stroop:s03:r0,always_fuse,1494,0,0.8142603462642749,0.185739653735725
10,3,stroop:s03:r0,always_nn,1494,0,0.9999998574646636,1.425353365124129e-07
10,3,stroop:s03:r1,always_fuse,1494,0,0.5528138521099811,0.4471861478900189
10,3,stroop:s03:r1,always_nn,1494,0,0.940038558797395,0.0599614412026051
10,3,stroop:s03:r2,always_fuse,1494,1,0.5130088636494194,0.4869911363505805
10,3,stroop:s03:r2,always_nn,1494,1,0.5269359816489279,0.473064018351072
10,3,stroop:s03:r3,always_fuse,1494,1,0.3582056915254967,0.6417943084745033
10,3,stroop:s03:r3,always_nn,1494,1,0.0193338223529342,0.9806661776470657
10,3,stroop:s03:r0,always_fuse,1547,0,0.8065958485329245,0.1934041514670754
10,3,stroop:s03:r0,always_nn,1547,0,0.9999999041687292,9.583127082532345e-08
10,3,stroop:s03:r1,always_fuse,1547,0,0.5617407342746534,0.4382592657253465
10,3,stroop:s03:r1,always_nn,1547,0,0.9848771849561956,0.0151228150438043
10,3,stroop:s03:r2,always_fuse,1547,1,0.5173232868530054,0.4826767131469945
10,3,stroop:s03:r2,always_nn,1547,1,0.8110562030360198,0.1889437969639802
10,3,stroop:s03:r3,always_fuse,1547,1,0.36813400626094,0.6318659937390598
10,3,stroop:s03:r3,always_nn,1547,1,0.0763862223124416,0.9236137776875584
10,4,stroop:s04:r0,always_fuse,1335,0,0.6111749655503532,0.3888250344496467
10,4,stroop:s04:r0,always_nn,1335,0,0.9868379024808304,0.0131620975191695
10,4,stroop:s04:r1,always_fuse,1335,0,0.4733732327460092,0.5266267672539908
10,4,stroop:s04:r1,always_nn,1335,0,0.4590267788412117,0.5409732211587882
10,4,stroop:s04:r2,always_fuse,1335,1,0.4892844855423306,0.5107155144576694
10,4,stroop:s04:r2,always_nn,1335,1,0.4990301916472216,0.5009698083527785
10,4,stroop:s04:r3,always_fuse,1335,1,0.4774092131455041,0.5225907868544959
10,4,stroop:s04:r3,always_nn,1335,1,0.4292640060229314,0.5707359939770685
10,4,stroop:s04:r0,always_fuse,1388,0,0.5049106601885796,0.4950893398114203
10,4,stroop:s04:r0,always_nn,1388,0,0.665771067921576,0.3342289320784239
10,4,stroop:s04:r1,always_fuse,1388,0,0.437885662953104,0.5621143370468961
10,4,stroop:s04:r1,always_nn,1388,0,0.2969536792641811,0.7030463207358189
10,4,stroop:s04:r2,always_fuse,1388,1,0.4718568209103421,0.528143179089658
10,4,stroop:s04:r2,always_nn,1388,1,0.4648829922387943,0.5351170077612056
10,4,stroop:s04:r3,always_fuse,1388,1,0.4655588459247853,0.5344411540752146
10,4,stroop:s04:r3,always_nn,1388,1,0.4549844368503491,0.5450155631496508
10,4,stroop:s04:r0,always_fuse,1441,0,0.5544960695863065,0.4455039304136935
10,4,stroop:s04:r0,always_nn,1441,0,0.9476734553359244,0.0523265446640754
10,4,stroop:s04:r1,always_fuse,1441,0,0.5156180692295064,0.4843819307704936
10,4,stroop:s04:r1,always_nn,1441,0,0.8508151718778527,0.1491848281221472
10,4,stroop:s04:r2,always_fuse,1441,1,0.5026343768350242,0.4973656231649757
10,4,stroop:s04:r2,always_nn,1441,1,0.6290760615946552,0.3709239384053447
10,4,stroop:s04:r3,always_fuse,1441,1,0.4793845233428057,0.5206154766571943
10,4,stroop:s04:r3,always_nn,1441,1,0.3918820079519294,0.6081179920480706
10,4,stroop:s04:r0,always_fuse,1494,0,0.7179562776234757,0.2820437223765243
10,4,stroop:s04:r0,always_nn,1494,0,0.9998724428526472,0.0001275571473528
10,4,stroop:s04:r1,always_fuse,1494,0,0.4567489792389857,0.5432510207610143
10,4,stroop:s04:r1,always_nn,1494,0,0.4956901940627014,0.5043098059372986
10,4,stroop:s04:r2,always_fuse,1494,1,0.4274294502188409,0.5725705497811592
10,4,stroop:s04:r2,always_nn,1494,1,0.1798754218883728,0.8201245781116271
10,4,stroop:s04:r3,always_fuse,1494,1,0.3788862731306384,0.6211137268693616
10,4,stroop:s04:r3,always_nn,1494,1,0.04284002907395,0.95715997092605
10,4,stroop:s04:r0,always_fuse,1547,0,0.7432924104030649,0.256707589596935
10,4,stroop:s04:r0,always_nn,1547,0,0.9999718594606466,2.814053935342079e-05
10,4,stroop:s04:r1,always_fuse,1547,0,0.5287815225843878,0.4712184774156122
10,4,stroop:s04:r1,always_nn,1547,0,0.9262562014890532,0.073743798510947
10,4,stroop:s04:r2,always_fuse,1547,1,0.4650872956365967,0.5349127043634033
10,4,stroop:s04:r2,always_nn,1547,1,0.3611933776171746,0.6388066223828253
10,4,stroop:s04:r3,always_fuse,1547,1,0.414921716405516,0.585078283594484
10,4,stroop:s04:r3,always_nn,1547,1,0.0968511456978195,0.9031488543021804
10,5,stroop:s05:r0,always_fuse,1335,0,0.7817215236390014,0.2182784763609986
10,5,stroop:s05:r0,always_nn,1335,0,0.9999999909627888,9.037211203947337e-09
10,5,stroop:s05:r1,always_fuse,1335,0,0.4443225984898973,0.5556774015101027
10,5,stroop:s05:r1,always_nn,1335,0,0.4611491260526943,0.5388508739473057
10,5,stroop:s05:r2,always_fuse,1335,1,0.3200736048424869,0.679926395157513
10,5,stroop:s05:r2,always_nn,1335,1,0.0043388077326735,0.9956611922673264
10,5,stroop:s05:r3,always_fuse,1335,1,0.329369405745519,0.6706305942544811
10,5,stroop:s05:r3,always_nn,1335,1,0.010395330049073,0.9896046699509268
10,5,stroop:s05:r0,always_fuse,1388,0,0.7808536782501804,0.2191463217498196
10,5,stroop:s05:r0,always_nn,1388,0,0.9999838246296902,1.6175370309883862e-05
10,5,stroop:s05:r1,always_fuse,1388,0,0.4412179577244917,0.5587820422755083
10,5,stroop:s05:r1,always_nn,1388,0,0.4271760039514092,0.5728239960485908
10,5,stroop:s05:r2,always_fuse,1388,1,0.3823188050474693,0.6176811949525306
10,5,stroop:s05:r2,always_nn,1388,1,0.0727519635553696,0.9272480364446304
10,5,stroop:s05:r3,always_fuse,1388,1,0.3839973637329055,0.6160026362670945
10,5,stroop:s05:r3,always_nn,1388,1,0.1085892313840569,0.8914107686159429
10,5,stroop:s05:r0,always_fuse,1441,0,0.6926787738205894,0.3073212261794105
10,5,stroop:s05:r0,always_nn,1441,0,0.9997660960194492,0.0002339039805507
10,5,stroop:s05:r1,always_fuse,1441,0,0.433624567099379,0.566375432900621
10,5,stroop:s05:r1,always_nn,1441,0,0.2923391634976415,0.7076608365023583
10,5,stroop:s05:r2,always_fuse,1441,1,0.3970286607578231,0.6029713392421767
10,5,stroop:s05:r2,always_nn,1441,1,0.0632872348193675,0.9367127651806324
10,5,stroop:s05:r3,always_fuse,1441,1,0.3545054267528345,0.6454945732471655
10,5,stroop:s05:r3,always_nn,1441,1,0.014608576951586,0.985391423048414
10,5,stroop:s05:r0,always_fuse,1494,0,0.80396558279111,0.1960344172088899
10,5,stroop:s05:r0,always_nn,1494,0,0.9999999713512044,2.8648795702535385e-08
10,5,stroop:s05:r1,always_fuse,1494,0,0.4278950207423643,0.5721049792576356
10,5,stroop:s05:r1,always_nn,1494,0,0.3634964721793013,0.6365035278206987
10,5,stroop:s05:r2,always_fuse,1494,1,0.3332647891926819,0.6667352108073181
10,5,stroop:s05:r2,always_nn,1494,1,0.0158368252869757,0.9841631747130244
10,5,stroop:s05:r3,always_fuse,1494,1,0.3092017061882235,0.6907982938117765
10,5,stroop:s05:r3,always_nn,1494,1,0.0084468571033698,0.99155314289663
10,5,stroop:s05:r0,always_fuse,1547,0,0.7427912717314074,0.2572087282685927
10,5,stroop:s05:r0,always_nn,1547,0,0.9999734356658544,2.656433414561369e-05
10,5,stroop:s05:r1,always_fuse,1547,0,0.4504830500042278,0.5495169499957722
10,5,stroop:s05:r1,always_nn,1547,0,0.5511207340854936,0.4488792659145064
10,5,stroop:s05:r2,always_fuse,1547,1,0.404222061466936,0.5957779385330639
10,5,stroop:s05:r2,always_nn,1547,1,0.1573689627826647,0.8426310372173353
10,5,stroop:s05:r3,always_fuse,1547,1,0.3613202913231595,0.6386797086768405
10,5,stroop:s05:r3,always_nn,1547,1,0.0473520538850313,0.9526479461149686
10,6,stroop:s06:r0,always_fuse,1335,0,0.3967522582083679,0.603247741791632
10,6,stroop:s06:r0,always_nn,1335,0,0.3246732601957511,0.6753267398042488
10,6,stroop:s06:r1,always_fuse,1335,0,0.4790372238122506,0.5209627761877494
10,6,stroop:s06:r1,always_nn,1335,0,0.8201236563582578,0.1798763436417421
10,6,stroop:s06:r2,always_fuse,1335,1,0.4087869994807671,0.5912130005192329
10,6,stroop:s06:r2,always_nn,1335,1,0.1892360001779531,0.8107639998220468
10,6,stroop:s06:r3,always_fuse,1335,1,0.4020261183726671,0.5979738816273329
10,6,stroop:s06:r3,always_nn,1335,1,0.4424559267736082,0.5575440732263918
10,6,stroop:s06:r0,always_fuse,1388,0,0.3950753071979277,0.6049246928020723
10,6,stroop:s06:r0,always_nn,1388,0,0.3145980524676096,0.6854019475323904
10,6,stroop:s06:r1,always_fuse,1388,0,0.4266868234701748,0.5733131765298252
10,6,stroop:s06:r1,always_nn,1388,0,0.4404960594667193,0.5595039405332806
10,6,stroop:s06:r2,always_fuse,1388,1,0.5425801145742064,0.4574198854257936
10,6,stroop:s06:r2,always_nn,1388,1,0.9244714060829504,0.0755285939170494
10,6,stroop:s06:r3,always_fuse,1388,1,0.381960474722673,0.6180395252773269
10,6,stroop:s06:r3,always_nn,1388,1,0.2963943244545646,0.7036056755454354
10,6,stroop:s06:r0,always_fuse,1441,0,0.3839913597953203,0.6160086402046797
10,6,stroop:s06:r0,always_nn,1441,0,0.341756845382728,0.6582431546172721
10,6,stroop:s06:r1,always_fuse,1441,0,0.4308539831767046,0.5691460168232955
10,6,stroop:s06:r1,always_nn,1441,0,0.6577642175794427,0.3422357824205572
10,6,stroop:s06:r2,always_fuse,1441,1,0.450673080760589,0.5493269192394109
10,6,stroop:s06:r2,always_nn,1441,1,0.5492974847863922,0.4507025152136079
10,6,stroop:s06:r3,always_fuse,1441,1,0.3437215374547234,0.6562784625452767
10,6,stroop:s06:r3,always_nn,1441,1,0.1175076285623435,0.8824923714376565
10,6,stroop:s06:r0,always_fuse,1494,0,0.3708937874303365,0.6291062125696635
10,6,stroop:s06:r0,always_nn,1494,0,0.1903857538832583,0.8096142461167416
10,6,stroop:s06:r1,always_fuse,1494,0,0.4486746334996416,0.5513253665003585
10,6,stroop:s06:r1,always_nn,1494,0,0.657092174605142,0.3429078253948579
10,6,stroop:s06:r2,always_fuse,1494,1,0.5077367431795238,0.4922632568204762
10,6,stroop:s06:r2,always_nn,1494,1,0.8589323207464925,0.1410676792535075
10,6,stroop:s06:r3,always_fuse,1494,1,0.3560375143875767,0.6439624856124233
10,6,stroop:s06:r3,always_nn,1494,1,0.173258909619518,0.8267410903804819
10,6,stroop:s06:r0,always_fuse,1547,0,0.3760546829112769,0.6239453170887231
10,6,stroop:s06:r0,always_nn,1547,0,0.2542295474712004,0.7457704525287995
10,6,stroop:s06:r1,always_fuse,1547,0,0.4468776164565162,0.5531223835434838
10,6,stroop:s06:r1,always_nn,1547,0,0.728872178497974,0.2711278215020261
10,6,stroop:s06:r2,always_fuse,1547,1,0.4349361923483342,0.5650638076516656
10,6,stroop:s06:r2,always_nn,1547,1,0.4430506519688454,0.5569493480311545
10,6,stroop:s06:r3,always_fuse,1547,1,0.3779280009199866,0.6220719990800134
10,6,stroop:s06:r3,always_nn,1547,1,0.3520754384040849,0.647924561595915
10,7,stroop:s07:r0,always_fuse,1335,0,0.6643444351392738,0.3356555648607262
10,7,stroop:s07:r0,always_nn,1335,0,0.9897185442702386,0.0102814557297613
10,7,stroop:s07:r1,always_fuse,1335,0,0.4891964499689096,0.5108035500310903
10,7,stroop:s07:r1,always_nn,1335,0,0.5524724569727427,0.4475275430272571
10,7,stroop:s07:r2,always_fuse,1335,1,0.4670838537734668,0.5329161462265332
10,7,stroop:s07:r2,always_nn,1335,1,0.4186403304124892,0.5813596695875107
10,7,stroop:s07:r3,always_fuse,1335,1,0.4710498212632152,0.5289501787367848
10,7,stroop:s07:r3,always_nn,1335,1,0.4215547826954802,0.5784452173045197
10,7,stroop:s07:r0,always_fuse,1388,0,0.750036215162318,0.2499637848376819
10,7,stroop:s07:r0,always_nn,1388,0,0.9998095608962728,0.0001904391037272
10,7,stroop:s07:r1,always_fuse,1388,0,0.4842932551281404,0.5157067448718596
10,7,stroop:s07:r1,always_nn,1388,0,0.5916927018286532,0.4083072981713468
10,7,stroop:s07:r2,always_fuse,1388,1,0.4291592390274312,0.5708407609725688
10,7,stroop:s07:r2,always_nn,1388,1,0.2445323466345872,0.7554676533654127
10,7,stroop:s07:r3,always_fuse,1388,1,0.4563977074527569,0.543602292547243
10,7,stroop:s07:r3,always_nn,1388,1,0.4001452936216365,0.5998547063783635
10,7,stroop:s07:r0,always_fuse,1441,0,0.7265410352570594,0.2734589647429406
10,7,stroop:s07:r0,always_nn,1441,0,0.999988551894724,1.144810527583143e-05
10,7,stroop:s07:r1,always_fuse,1441,0,0.5269801444240726,0.4730198555759274
10,7,stroop:s07:r1,always_nn,1441,0,0.8633220443227815,0.1366779556772184
10,7,stroop:s07:r2,always_fuse,1441,1,0.4598710821906507,0.5401289178093494
10,7,stroop:s07:r2,always_nn,1441,1,0.3966742797246411,0.6033257202753589
10,7,stroop:s07:r3,always_fuse,1441,1,0.4752308401700336,0.5247691598299664
10,7,stroop:s07:r3,always_nn,1441,1,0.462377123534233,0.5376228764657669
10,7,stroop:s07:r0,always_fuse,1494,0,0.7196196483724325,0.2803803516275674
10,7,stroop:s07:r0,always_nn,1494,0,0.9992917167014578,0.0007082832985421
10,7,stroop:s07:r1,always_fuse,1494,0,0.4880400759220907,0.5119599240779092
10,7,stroop:s07:r1,always_nn,1494,0,0.64405294391174,0.3559470560882601
10,7,stroop:s07:r2,always_fuse,1494,1,0.4579965302694984,0.5420034697305016
10,7,stroop:s07:r2,always_nn,1494,1,0.4722731881069246,0.5277268118930755
10,7,stroop:s07:r3,always_fuse,1494,1,0.4532022262176262,0.5467977737823737
10,7,stroop:s07:r3,always_nn,1494,1,0.3926896747380121,0.6073103252619879
10,7,stroop:s07:r0,always_fuse,1547,0,0.6739850263391732,0.3260149736608267
10,7,stroop:s07:r0,always_nn,1547,0,0.996269470255172,0.0037305297448281
10,7,stroop:s07:r1,always_fuse,1547,0,0.4681739903536727,0.5318260096463273
10,7,stroop:s07:r1,always_nn,1547,0,0.4889137219094428,0.5110862780905572
10,7,stroop:s07:r2,always_fuse,1547,1,0.453616215730458,0.546383784269542
10,7,stroop:s07:r2,always_nn,1547,1,0.4359421629072849,0.5640578370927151
10,7,stroop:s07:r3,always_fuse,1547,1,0.4548886692769774,0.5451113307230225
10,7,stroop:s07:r3,always_nn,1547,1,0.3968407719583876,0.6031592280416124
10,8,stroop:s08:r0,always_fuse,1335,0,0.6901727433993787,0.3098272566006212
10,8,stroop:s08:r0,always_nn,1335,0,0.9998933160540212,0.0001066839459788
10,8,stroop:s08:r1,always_fuse,1335,0,0.5332911586684678,0.4667088413315323
10,8,stroop:s08:r1,always_nn,1335,0,0.9051436005700576,0.0948563994299424
10,8,stroop:s08:r2,always_fuse,1335,1,0.4146263666515936,0.5853736333484064
10,8,stroop:s08:r2,always_nn,1335,1,0.1167931086688553,0.8832068913311446
10,8,stroop:s08:r3,always_fuse,1335,1,0.3560660011045848,0.6439339988954151
10,8,stroop:s08:r3,always_nn,1335,1,0.01991639219038,0.98008360780962
10,8,stroop:s08:r0,always_fuse,1388,0,0.6944315478619023,0.3055684521380976
10,8,stroop:s08:r0,always_nn,1388,0,0.9997931811607814,0.0002068188392185
10,8,stroop:s08:r1,always_fuse,1388,0,0.5544473135635928,0.4455526864364071
10,8,stroop:s08:r1,always_nn,1388,0,0.9450039308731804,0.0549960691268195
10,8,stroop:s08:r2,always_fuse,1388,1,0.3918281897585427,0.6081718102414574
10,8,stroop:s08:r2,always_nn,1388,1,0.0889221223978893,0.9110778776021108
10,8,stroop:s08:r3,always_fuse,1388,1,0.3226868368352678,0.6773131631647322
10,8,stroop:s08:r3,always_nn,1388,1,0.0110513800485403,0.9889486199514596
10,8,stroop:s08:r0,always_fuse,1441,0,0.6545791431061544,0.3454208568938455
10,8,stroop:s08:r0,always_nn,1441,0,0.9997504378792186,0.0002495621207815
10,8,stroop:s08:r1,always_fuse,1441,0,0.5750368296658166,0.4249631703341833
10,8,stroop:s08:r1,always_nn,1441,0,0.9831172134740908,0.0168827865259091
10,8,stroop:s08:r2,always_fuse,1441,1,0.4355102051978231,0.564489794802177
10,8,stroop:s08:r2,always_nn,1441,1,0.0591716010267935,0.9408283989732064
10,8,stroop:s08:r3,always_fuse,1441,1,0.3592956392357054,0.6407043607642946
10,8,stroop:s08:r3,always_nn,1441,1,0.0025236962599772,0.9974763037400228
10,8,stroop:s08:r0,always_fuse,1494,0,0.7060155089920976,0.2939844910079023
10,8,stroop:s08:r0,always_nn,1494,0,0.9999514254078112,4.857459218863381e-05
10,8,stroop:s08:r1,always_fuse,1494,0,0.5737444193444281,0.4262555806555719
10,8,stroop:s08:r1,always_nn,1494,0,0.9709755715236884,0.0290244284763115
10,8,stroop:s08:r2,always_fuse,1494,1,0.3961451052422042,0.6038548947577957
10,8,stroop:s08:r2,always_nn,1494,1,0.1173123602171429,0.8826876397828571
10,8,stroop:s08:r3,always_fuse,1494,1,0.3511860299097002,0.6488139700902997
10,8,stroop:s08:r3,always_nn,1494,1,0.0333203953044544,0.9666796046955456
10,8,stroop:s08:r0,always_fuse,1547,0,0.7059272791228948,0.2940727208771052
10,8,stroop:s08:r0,always_nn,1547,0,0.9998758055255644,0.0001241944744355
10,8,stroop:s08:r1,always_fuse,1547,0,0.5862171587727557,0.4137828412272443
10,8,stroop:s08:r1,always_nn,1547,0,0.9854219239558858,0.0145780760441142
10,8,stroop:s08:r2,always_fuse,1547,1,0.4177354267642418,0.5822645732357581
10,8,stroop:s08:r2,always_nn,1547,1,0.1580192425805799,0.84198075741942
10,8,stroop:s08:r3,always_fuse,1547,1,0.3331880373595181,0.6668119626404818
10,8,stroop:s08:r3,always_nn,1547,1,0.0092235514358158,0.990776448564184
10,9,stroop:s09:r0,always_fuse,1335,0,0.8580704593609559,0.141929540639044
10,9,stroop:s09:r0,always_nn,1335,0,0.9999999999413832,5.861687178564215e-11
10,9,stroop:s09:r1,always_fuse,1335,0,0.5790637787421281,0.4209362212578719
10,9,stroop:s09:r1,always_nn,1335,0,0.9278586260079302,0.0721413739920698
10,9,stroop:s09:r2,always_fuse,1335,1,0.3895674498884652,0.6104325501115346
10,9,stroop:s09:r2,always_nn,1335,1,0.0193784375075659,0.980621562492434
10,9,stroop:s09:r3,always_fuse,1335,1,0.49420949384135,0.5057905061586501
10,9,stroop:s09:r3,always_nn,1335,1,0.4069043615549579,0.5930956384450421
10,9,stroop:s09:r0,always_fuse,1388,0,0.8652572021230289,0.1347427978769711
10,9,stroop:s09:r0,always_nn,1388,0,0.9999999356852626,6.431473745754326e-08
10,9,stroop:s09:r1,always_fuse,1388,0,0.5567289297619143,0.4432710702380856
10,9,stroop:s09:r1,always_nn,1388,0,0.8144216750212411,0.1855783249787588
10,9,stroop:s09:r2,always_fuse,1388,1,0.4631294018620921,0.5368705981379078
10,9,stroop:s09:r2,always_nn,1388,1,0.2366898281408884,0.7633101718591117
10,9,stroop:s09:r3,always_fuse,1388,1,0.5190344378081541,0.480965562191846
10,9,stroop:s09:r3,always_nn,1388,1,0.6113683179472645,0.3886316820527355
10,9,stroop:s09:r0,always_fuse,1441,0,0.8153609936268228,0.1846390063731772
10,9,stroop:s09:r0,always_nn,1441,0,0.9999987962796774,1.2037203227071309e-06
10,9,stroop:s09:r1,always_fuse,1441,0,0.5593875837181742,0.4406124162818258
10,9,stroop:s09:r1,always_nn,1441,0,0.6656654743331194,0.3343345256668807
10,9,stroop:s09:r2,always_fuse,1441,1,0.506508309785791,0.493491690214209
10,9,stroop:s09:r2,always_nn,1441,1,0.2483793504368098,0.7516206495631902
10,9,stroop:s09:r3,always_fuse,1441,1,0.5286932153907048,0.4713067846092952
10,9,stroop:s09:r3,always_nn,1441,1,0.4232078910802506,0.5767921089197494
10,9,stroop:s09:r0,always_fuse,1494,0,0.8643355916159619,0.1356644083840382
10,9,stroop:s09:r0,always_nn,1494,0,0.999999998822646,1.1773538928682922e-09
10,9,stroop:s09:r1,always_fuse,1494,0,0.465310800949458,0.5346891990505419
10,9,stroop:s09:r1,always_nn,1494,0,0.3380212557274772,0.6619787442725227
10,9,stroop:s09:r2,always_fuse,1494,1,0.3362635193422887,0.6637364806577113
10,9,stroop:s09:r2,always_nn,1494,1,0.0083092921239287,0.9916907078760712
10,9,stroop:s09:r3,always_fuse,1494,1,0.4489590239453291,0.551040976054671
10,9,stroop:s09:r3,always_nn,1494,1,0.2437155039774985,0.7562844960225015
10,9,stroop:s09:r0,always_fuse,1547,0,0.751997973599017,0.2480020264009829
10,9,stroop:s09:r0,always_nn,1547,0,0.9997466189616884,0.0002533810383117
10,9,stroop:s09:r1,always_fuse,1547,0,0.4897639227360834,0.5102360772639165
10,9,stroop:s09:r1,always_nn,1547,0,0.4228515466904131,0.5771484533095868
10,9,stroop:s09:r2,always_fuse,1547,1,0.4438129447931756,0.5561870552068243
10,9,stroop:s09:r2,always_nn,1547,1,0.1622586675790426,0.8377413324209573
10,9,stroop:s09:r3,always_fuse,1547,1,0.4691972326589558,0.5308027673410441
10,9,stroop:s09:r3,always_nn,1547,1,0.2820679057358925,0.7179320942641075
10,11,stroop:s11:r0,always_fuse,1335,0,0.6367696273873711,0.3632303726126289
10,11,stroop:s11:r0,always_nn,1335,0,0.991953093549139,0.008046906450861
10,11,stroop:s11:r1,always_fuse,1335,0,0.442588514754817,0.557411485245183
10,11,stroop:s11:r1,always_nn,1335,0,0.3667108994100345,0.6332891005899655
10,11,stroop:s11:r2,always_fuse,1335,1,0.4222370877826827,0.5777629122173172
10,11,stroop:s11:r2,always_nn,1335,1,0.1760988490133661,0.8239011509866339
10,11,stroop:s11:r3,always_fuse,1335,1,0.4353305136872623,0.5646694863127378
10,11,stroop:s11:r3,always_nn,1335,1,0.2328635185719286,0.7671364814280713
10,11,stroop:s11:r0,always_fuse,1388,0,0.6306967577162973,0.3693032422837027
10,11,stroop:s11:r0,always_nn,1388,0,0.9869688476626568,0.0130311523373432
10,11,stroop:s11:r1,always_fuse,1388,0,0.4395107789433566,0.5604892210566433
10,11,stroop:s11:r1,always_nn,1388,0,0.3548477958768154,0.6451522041231846
10,11,stroop:s11:r2,always_fuse,1388,1,0.4437934848928985,0.5562065151071016
10,11,stroop:s11:r2,always_nn,1388,1,0.3594036546507317,0.6405963453492683
10,11,stroop:s11:r3,always_fuse,1388,1,0.4481083947649218,0.5518916052350782
10,11,stroop:s11:r3,always_nn,1388,1,0.3612414494526977,0.6387585505473022
10,11,stroop:s11:r0,always_fuse,1441,0,0.618912810001655,0.381087189998345
10,11,stroop:s11:r0,always_nn,1441,0,0.9854272411268106,0.0145727588731894
10,11,stroop:s11:r1,always_fuse,1441,0,0.4540447401896413,0.5459552598103586
10,11,stroop:s11:r1,always_nn,1441,0,0.4603331157596103,0.5396668842403897
10,11,stroop:s11:r2,always_fuse,1441,1,0.4589463046065589,0.5410536953934411
10,11,stroop:s11:r2,always_nn,1441,1,0.42700619051825,0.5729938094817498
10,11,stroop:s11:r3,always_fuse,1441,1,0.4629133310083884,0.5370866689916116
10,11,stroop:s11:r3,always_nn,1441,1,0.4497315948400035,0.5502684051599964
10,11,stroop:s11:r0,always_fuse,1494,0,0.6185781249585026,0.3814218750414974
10,11,stroop:s11:r0,always_nn,1494,0,0.9846841875985084,0.0153158124014916
10,11,stroop:s11:r1,always_fuse,1494,0,0.443767851922246,0.556232148077754
10,11,stroop:s11:r1,always_nn,1494,0,0.4357428885471729,0.564257111452827
10,11,stroop:s11:r2,always_fuse,1494,1,0.4481465845305449,0.551853415469455
10,11,stroop:s11:r2,always_nn,1494,1,0.4315343441543655,0.5684656558456345
10,11,stroop:s11:r3,always_fuse,1494,1,0.45639790808899,0.54360209191101
10,11,stroop:s11:r3,always_nn,1494,1,0.4783436975016916,0.5216563024983083
10,11,stroop:s11:r0,always_fuse,1547,0,0.6170791595348121,0.3829208404651879
10,11,stroop:s11:r0,always_nn,1547,0,0.9884053925173164,0.0115946074826837
10,11,stroop:s11:r1,always_fuse,1547,0,0.4364631661745312,0.5635368338254688
10,11,stroop:s11:r1,always_nn,1547,0,0.3957364490213679,0.6042635509786322
10,11,stroop:s11:r2,always_fuse,1547,1,0.4584930630050163,0.5415069369949836
10,11,stroop:s11:r2,always_nn,1547,1,0.5368381244654206,0.4631618755345795
10,11,stroop:s11:r3,always_fuse,1547,1,0.4444231856105677,0.5555768143894322
10,11,stroop:s11:r3,always_nn,1547,1,0.3875118273568893,0.6124881726431107
10,12,stroop:s12:r0,always_fuse,1335,0,0.5378473033334575,0.4621526966665424
10,12,stroop:s12:r0,always_nn,1335,0,0.8110428915050469,0.188957108494953
10,12,stroop:s12:r1,always_fuse,1335,0,0.4695706413106064,0.5304293586893936
10,12,stroop:s12:r1,always_nn,1335,0,0.5718368726424884,0.4281631273575117
10,12,stroop:s12:r2,always_fuse,1335,1,0.4529585056839717,0.5470414943160283
10,12,stroop:s12:r2,always_nn,1335,1,0.4718653473146301,0.5281346526853697
10,12,stroop:s12:r3,always_fuse,1335,1,0.4721367601044875,0.5278632398955124
10,12,stroop:s12:r3,always_nn,1335,1,0.6020048409864222,0.3979951590135779
10,12,stroop:s12:r0,always_fuse,1388,0,0.4676510151473914,0.5323489848526086
10,12,stroop:s12:r0,always_nn,1388,0,0.4162199697962805,0.5837800302037196
10,12,stroop:s12:r1,always_fuse,1388,0,0.4348380371702062,0.5651619628297938
10,12,stroop:s12:r1,always_nn,1388,0,0.3754374812497188,0.6245625187502812
10,12,stroop:s12:r2,always_fuse,1388,1,0.4131369734611052,0.5868630265388947
10,12,stroop:s12:r2,always_nn,1388,1,0.2636922562968476,0.7363077437031523
10,12,stroop:s12:r3,always_fuse,1388,1,0.422219916127971,0.577780083872029
10,12,stroop:s12:r3,always_nn,1388,1,0.2979215189140654,0.7020784810859345
10,12,stroop:s12:r0,always_fuse,1441,0,0.5028168789641991,0.4971831210358009
10,12,stroop:s12:r0,always_nn,1441,0,0.4444433177904712,0.5555566822095287
10,12,stroop:s12:r1,always_fuse,1441,0,0.4161008674850215,0.5838991325149785
10,12,stroop:s12:r1,always_nn,1441,0,0.1803564967446481,0.8196435032553518
10,12,stroop:s12:r2,always_fuse,1441,1,0.4161771610632386,0.5838228389367613
10,12,stroop:s12:r2,always_nn,1441,1,0.1874518850869264,0.8125481149130735
10,12,stroop:s12:r3,always_fuse,1441,1,0.4267095915193714,0.5732904084806285
10,12,stroop:s12:r3,always_nn,1441,1,0.2372623694179088,0.7627376305820912
10,12,stroop:s12:r0,always_fuse,1494,0,0.5083465223011197,0.4916534776988804
10,12,stroop:s12:r0,always_nn,1494,0,0.7080604777403411,0.291939522259659
10,12,stroop:s12:r1,always_fuse,1494,0,0.4278316184048019,0.5721683815951981
10,12,stroop:s12:r1,always_nn,1494,0,0.3433968946480804,0.6566031053519196
10,12,stroop:s12:r2,always_fuse,1494,1,0.4331258261570415,0.5668741738429586
10,12,stroop:s12:r2,always_nn,1494,1,0.4040573248306766,0.5959426751693233
10,12,stroop:s12:r3,always_fuse,1494,1,0.4389897258224667,0.5610102741775334
10,12,stroop:s12:r3,always_nn,1494,1,0.426731931120174,0.5732680688798261
10,12,stroop:s12:r0,always_fuse,1547,0,0.5036934406756051,0.4963065593243949
10,12,stroop:s12:r0,always_nn,1547,0,0.6929468890523651,0.3070531109476349
10,12,stroop:s12:r1,always_fuse,1547,0,0.4330585300007977,0.5669414699992023
10,12,stroop:s12:r1,always_nn,1547,0,0.4093952370490731,0.5906047629509269
10,12,stroop:s12:r2,always_fuse,1547,1,0.4169531990836915,0.5830468009163084
10,12,stroop:s12:r2,always_nn,1547,1,0.3081672901998927,0.6918327098001072
10,12,stroop:s12:r3,always_fuse,1547,1,0.4177377267094444,0.5822622732905556
10,12,stroop:s12:r3,always_nn,1547,1,0.2905600301617407,0.7094399698382593
10,13,stroop:s13:r0,always_fuse,1335,0,0.755238411111748,0.2447615888882519
10,13,stroop:s13:r0,always_nn,1335,0,0.9999863413292324,1.365867076764882e-05
10,13,stroop:s13:r1,always_fuse,1335,0,0.5641876796326282,0.4358123203673718
10,13,stroop:s13:r1,always_nn,1335,0,0.9300976428433652,0.0699023571566347
10,13,stroop:s13:r2,always_fuse,1335,1,0.5438993585216535,0.4561006414783464
10,13,stroop:s13:r2,always_nn,1335,1,0.8003088224480712,0.1996911775519287
10,13,stroop:s13:r3,always_fuse,1335,1,0.4128803799199775,0.5871196200800226
10,13,stroop:s13:r3,always_nn,1335,1,0.0504665224398457,0.9495334775601544
10,13,stroop:s13:r0,always_fuse,1388,0,0.6933836025296656,0.3066163974703343
10,13,stroop:s13:r0,always_nn,1388,0,0.997399780873598,0.0026002191264019
10,13,stroop:s13:r1,always_fuse,1388,0,0.4849012356452955,0.5150987643547045
10,13,stroop:s13:r1,always_nn,1388,0,0.5129450599631312,0.4870549400368688
10,13,stroop:s13:r2,always_fuse,1388,1,0.525010332512492,0.474989667487508
10,13,stroop:s13:r2,always_nn,1388,1,0.712966289571186,0.2870337104288139
10,13,stroop:s13:r3,always_fuse,1388,1,0.5113355987449769,0.4886644012550231
10,13,stroop:s13:r3,always_nn,1388,1,0.6819319288905842,0.3180680711094158
10,13,stroop:s13:r0,always_fuse,1441,0,0.7455499168760688,0.2544500831239312
10,13,stroop:s13:r0,always_nn,1441,0,0.9999999884826484,1.151735155295836e-08
10,13,stroop:s13:r1,always_fuse,1441,0,0.461032856790891,0.5389671432091089
10,13,stroop:s13:r1,always_nn,1441,0,0.3371928749712349,0.6628071250287652
10,13,stroop:s13:r2,always_fuse,1441,1,0.5054644937942164,0.4945355062057836
10,13,stroop:s13:r2,always_nn,1441,1,0.6623282587374941,0.3376717412625059
10,13,stroop:s13:r3,always_fuse,1441,1,0.4306777874251814,0.5693222125748185
10,13,stroop:s13:r3,always_nn,1441,1,0.1577496035675178,0.8422503964324821
10,13,stroop:s13:r0,always_fuse,1494,0,0.7945364117999117,0.2054635882000882
10,13,stroop:s13:r0,always_nn,1494,0,0.999999864829433,1.3517056701594085e-07
10,13,stroop:s13:r1,always_fuse,1494,0,0.4940352664671676,0.5059647335328322
10,13,stroop:s13:r1,always_nn,1494,0,0.6139971723878209,0.386002827612179
10,13,stroop:s13:r2,always_fuse,1494,1,0.4657884497932231,0.5342115502067769
10,13,stroop:s13:r2,always_nn,1494,1,0.291342926095638,0.7086570739043621
10,13,stroop:s13:r3,always_fuse,1494,1,0.4065822898293839,0.593417710170616
10,13,stroop:s13:r3,always_nn,1494,1,0.0651260018264432,0.9348739981735568
10,13,stroop:s13:r0,always_fuse,1547,0,0.7094484839241083,0.2905515160758916
10,13,stroop:s13:r0,always_nn,1547,0,0.9996178154041736,0.0003821845958263
10,13,stroop:s13:r1,always_fuse,1547,0,0.4710735596772327,0.5289264403227671
10,13,stroop:s13:r1,always_nn,1547,0,0.4787832210349432,0.5212167789650568
10,13,stroop:s13:r2,always_fuse,1547,1,0.51312388756163,0.48687611243837
10,13,stroop:s13:r2,always_nn,1547,1,0.7169377406998861,0.2830622593001139
10,13,stroop:s13:r3,always_fuse,1547,1,0.4442953184416331,0.5557046815583668
10,13,stroop:s13:r3,always_nn,1547,1,0.2415285471141606,0.7584714528858393
10,14,stroop:s14:r0,always_fuse,1335,0,0.7676920025234376,0.2323079974765624
10,14,stroop:s14:r0,always_nn,1335,0,0.999406642472636,0.0005933575273641
10,14,stroop:s14:r1,always_fuse,1335,0,0.2130599660857408,0.7869400339142592
10,14,stroop:s14:r1,always_nn,1335,0,0.0316758387916682,0.9683241612083318
10,14,stroop:s14:r2,always_fuse,1335,1,0.2429894022130619,0.757010597786938
10,14,stroop:s14:r2,always_nn,1335,1,0.0378226027803213,0.9621773972196788
10,14,stroop:s14:r3,always_fuse,1335,1,0.1427885575351543,0.8572114424648457
10,14,stroop:s14:r3,always_nn,1335,1,0.0317321311853627,0.9682678688146372
10,14,stroop:s14:r0,always_fuse,1388,0,0.7655452068569857,0.2344547931430143
10,14,stroop:s14:r0,always_nn,1388,0,0.9994716856580116,0.0005283143419883
10,14,stroop:s14:r1,always_fuse,1388,0,0.2510951572203306,0.7489048427796693
10,14,stroop:s14:r1,always_nn,1388,0,0.1242055126405146,0.8757944873594854
10,14,stroop:s14:r2,always_fuse,1388,1,0.2839630385552329,0.716036961444767
10,14,stroop:s14:r2,always_nn,1388,1,0.1541895573059845,0.8458104426940154
10,14,stroop:s14:r3,always_fuse,1388,1,0.19411583316116,0.8058841668388401
10,14,stroop:s14:r3,always_nn,1388,1,0.1292089999398586,0.8707910000601414
10,14,stroop:s14:r0,always_fuse,1441,0,0.748448464912951,0.2515515350870489
10,14,stroop:s14:r0,always_nn,1441,0,0.999238026652154,0.000761973347846
10,14,stroop:s14:r1,always_fuse,1441,0,0.2024185800302284,0.7975814199697716
10,14,stroop:s14:r1,always_nn,1441,0,0.0256879862517074,0.9743120137482923
10,14,stroop:s14:r2,always_fuse,1441,1,0.2288155179458654,0.7711844820541345
10,14,stroop:s14:r2,always_nn,1441,1,0.0252695672205494,0.9747304327794506
10,14,stroop:s14:r3,always_fuse,1441,1,0.1346234317053049,0.8653765682946951
10,14,stroop:s14:r3,always_nn,1441,1,0.025021609848283,0.9749783901517172
10,14,stroop:s14:r0,always_fuse,1494,0,0.8581387306529266,0.1418612693470734
10,14,stroop:s14:r0,always_nn,1494,0,0.9999995455491998,4.5445080015397094e-07
10,14,stroop:s14:r1,always_fuse,1494,0,0.2470679437983703,0.7529320562016297
10,14,stroop:s14:r1,always_nn,1494,0,0.0918377442400815,0.9081622557599184
10,14,stroop:s14:r2,always_fuse,1494,1,0.2917236920383087,0.7082763079616913
10,14,stroop:s14:r2,always_nn,1494,1,0.189048835928442,0.810951164071558
10,14,stroop:s14:r3,always_fuse,1494,1,0.1848821275552724,0.8151178724447277
10,14,stroop:s14:r3,always_nn,1494,1,0.0798062845562928,0.9201937154437072
10,14,stroop:s14:r0,always_fuse,1547,0,0.7906461395801087,0.2093538604198914
10,14,stroop:s14:r0,always_nn,1547,0,0.9999059680162972,9.403198370275138e-05
10,14,stroop:s14:r1,always_fuse,1547,0,0.202551577707857,0.797448422292143
10,14,stroop:s14:r1,always_nn,1547,0,0.0292737670797219,0.970726232920278
10,14,stroop:s14:r2,always_fuse,1547,1,0.2314306183786785,0.7685693816213214
10,14,stroop:s14:r2,always_nn,1547,1,0.0339145479162391,0.9660854520837608
10,14,stroop:s14:r3,always_fuse,1547,1,0.1390215034718573,0.8609784965281427
10,14,stroop:s14:r3,always_nn,1547,1,0.0290506507065525,0.9709493492934476
10,15,stroop:s15:r0,always_fuse,1335,0,0.7539854780020994,0.2460145219979006
10,15,stroop:s15:r0,always_nn,1335,0,0.999796834707226,0.0002031652927739
10,15,stroop:s15:r1,always_fuse,1335,0,0.4312383984953733,0.5687616015046267
10,15,stroop:s15:r1,always_nn,1335,0,0.1953558575716049,0.804644142428395
10,15,stroop:s15:r2,always_fuse,1335,1,0.4475840500952321,0.5524159499047678
10,15,stroop:s15:r2,always_nn,1335,1,0.2797892813175444,0.7202107186824556
10,15,stroop:s15:r3,always_fuse,1335,1,0.3432827602467945,0.6567172397532055
10,15,stroop:s15:r3,always_nn,1335,1,0.1299445122366331,0.8700554877633669
10,15,stroop:s15:r0,always_fuse,1388,0,0.8053599676420672,0.1946400323579328
10,15,stroop:s15:r0,always_nn,1388,0,0.9999349120341496,6.508796585049448e-05
10,15,stroop:s15:r1,always_fuse,1388,0,0.4250281019578034,0.5749718980421966
10,15,stroop:s15:r1,always_nn,1388,0,0.2411872667546385,0.7588127332453615
10,15,stroop:s15:r2,always_fuse,1388,1,0.4453362093462569,0.554663790653743
10,15,stroop:s15:r2,always_nn,1388,1,0.3515171156677578,0.6484828843322422
10,15,stroop:s15:r3,always_fuse,1388,1,0.3229391356416249,0.6770608643583751
10,15,stroop:s15:r3,always_nn,1388,1,0.0801479487441015,0.9198520512558984
10,15,stroop:s15:r0,always_fuse,1441,0,0.7741518562615354,0.2258481437384646
10,15,stroop:s15:r0,always_nn,1441,0,0.9991753792396656,0.0008246207603344
10,15,stroop:s15:r1,always_fuse,1441,0,0.4763774304837963,0.5236225695162038
10,15,stroop:s15:r1,always_nn,1441,0,0.6181577910258417,0.3818422089741584
10,15,stroop:s15:r2,always_fuse,1441,1,0.4907376285022479,0.509262371497752
10,15,stroop:s15:r2,always_nn,1441,1,0.714806930432293,0.2851930695677068
10,15,stroop:s15:r3,always_fuse,1441,1,0.3728286976524348,0.627171302347565
10,15,stroop:s15:r3,always_nn,1441,1,0.2195642809193656,0.7804357190806342
10,15,stroop:s15:r0,always_fuse,1494,0,0.7184491834882372,0.2815508165117628
10,15,stroop:s15:r0,always_nn,1494,0,0.9991664958339233,0.0008335041660769
10,15,stroop:s15:r1,always_fuse,1494,0,0.414587212211818,0.5854127877881818
10,15,stroop:s15:r1,always_nn,1494,0,0.2019509415880067,0.7980490584119931
10,15,stroop:s15:r2,always_fuse,1494,1,0.4324949628849893,0.5675050371150107
10,15,stroop:s15:r2,always_nn,1494,1,0.2958022463082292,0.7041977536917707
10,15,stroop:s15:r3,always_fuse,1494,1,0.3154542292006387,0.6845457707993613
10,15,stroop:s15:r3,always_nn,1494,1,0.0511158721235645,0.9488841278764354
10,15,stroop:s15:r0,always_fuse,1547,0,0.7235521560848067,0.2764478439151933
10,15,stroop:s15:r0,always_nn,1547,0,0.9993519284770508,0.0006480715229492
10,15,stroop:s15:r1,always_fuse,1547,0,0.463925447914937,0.5360745520850629
10,15,stroop:s15:r1,always_nn,1547,0,0.5470409131939821,0.4529590868060179
10,15,stroop:s15:r2,always_fuse,1547,1,0.4891535677914971,0.5108464322085029
10,15,stroop:s15:r2,always_nn,1547,1,0.7208521966137894,0.2791478033862105
10,15,stroop:s15:r3,always_fuse,1547,1,0.3516939718033494,0.6483060281966506
10,15,stroop:s15:r3,always_nn,1547,1,0.1399550107026038,0.860044989297396
11,1,stroop:s01:r0,always_fuse,1335,0,0.5061377309554971,0.493862269044503
11,1,stroop:s01:r0,always_nn,1335,0,0.7296093450799328,0.2703906549200672
11,1,stroop:s01:r1,always_fuse,1335,0,0.5378621937739528,0.4621378062260471
11,1,stroop:s01:r1,always_nn,1335,0,0.8907285860537685,0.1092714139462315
11,1,stroop:s01:r2,always_fuse,1335,1,0.5515892886298576,0.4484107113701424
11,1,stroop:s01:r2,always_nn,1335,1,0.92370194963824,0.0762980503617598
11,1,stroop:s01:r3,always_fuse,1335,1,0.5492387462657405,0.4507612537342594
11,1,stroop:s01:r3,always_nn,1335,1,0.8992237738545351,0.1007762261454648
11,1,stroop:s01:r0,always_fuse,1388,0,0.5215652049185792,0.4784347950814208
11,1,stroop:s01:r0,always_nn,1388,0,0.8632240059232195,0.1367759940767805
11,1,stroop:s01:r1,always_fuse,1388,0,0.5134965859561057,0.4865034140438942
11,1,stroop:s01:r1,always_nn,1388,0,0.830004701783377,0.169995298216623
11,1,stroop:s01:r2,always_fuse,1388,1,0.5151042060524582,0.4848957939475418
11,1,stroop:s01:r2,always_nn,1388,1,0.8404678318197583,0.1595321681802417
11,1,stroop:s01:r3,always_fuse,1388,1,0.5324153866793369,0.4675846133206631
11,1,stroop:s01:r3,always_nn,1388,1,0.8738536341805363,0.1261463658194637
11,1,stroop:s01:r0,always_fuse,1441,0,0.462493722007128,0.5375062779928719
11,1,stroop:s01:r0,always_nn,1441,0,0.4982677546752803,0.5017322453247196
11,1,stroop:s01:r1,always_fuse,1441,0,0.5427223014065139,0.4572776985934861
11,1,stroop:s01:r1,always_nn,1441,0,0.8602889637912339,0.139711036208766
11,1,stroop:s01:r2,always_fuse,1441,1,0.550668487252173,0.449331512747827
11,1,stroop:s01:r2,always_nn,1441,1,0.8776923290327165,0.1223076709672834
11,1,stroop:s01:r3,always_fuse,1441,1,0.5016123163389397,0.4983876836610602
11,1,stroop:s01:r3,always_nn,1441,1,0.6632589485760625,0.3367410514239375
11,1,stroop:s01:r0,always_fuse,1494,0,0.4587445472245817,0.5412554527754183
11,1,stroop:s01:r0,always_nn,1494,0,0.351048165259502,0.6489518347404979
11,1,stroop:s01:r1,always_fuse,1494,0,0.5010912353958729,0.4989087646041271
11,1,stroop:s01:r1,always_nn,1494,0,0.7397876380961347,0.2602123619038653
11,1,stroop:s01:r2,always_fuse,1494,1,0.4939945336115143,0.5060054663884856
11,1,stroop:s01:r2,always_nn,1494,1,0.6914666591159674,0.3085333408840325
11,1,stroop:s01:r3,always_fuse,1494,1,0.5155588809505688,0.4844411190494312
11,1,stroop:s01:r3,always_nn,1494,1,0.7712639931577027,0.2287360068422972
11,1,stroop:s01:r0,always_fuse,1547,0,0.5295831004322523,0.4704168995677477
11,1,stroop:s01:r0,always_nn,1547,0,0.8629091191193651,0.1370908808806348
11,1,stroop:s01:r1,always_fuse,1547,0,0.5059389768793547,0.4940610231206453
11,1,stroop:s01:r1,always_nn,1547,0,0.7636831418443167,0.2363168581556833
11,1,stroop:s01:r2,always_fuse,1547,1,0.5243591942341205,0.4756408057658796
11,1,stroop:s01:r2,always_nn,1547,1,0.8505060660280921,0.1494939339719078
11,1,stroop:s01:r3,always_fuse,1547,1,0.5012010320597577,0.4987989679402422
11,1,stroop:s01:r3,always_nn,1547,1,0.7015228519109797,0.2984771480890202
11,2,stroop:s02:r0,always_fuse,1335,0,0.6727605770406626,0.3272394229593373
11,2,stroop:s02:r0,always_nn,1335,0,0.9860449781854628,0.0139550218145371
11,2,stroop:s02:r1,always_fuse,1335,0,0.6694337338835981,0.3305662661164019
11,2,stroop:s02:r1,always_nn,1335,0,0.9857779177762528,0.014222082223747
11,2,stroop:s02:r2,always_fuse,1335,1,0.6043431791528723,0.3956568208471276
11,2,stroop:s02:r2,always_nn,1335,1,0.9468965792052704,0.0531034207947297
11,2,stroop:s02:r3,always_fuse,1335,1,0.6336697387525148,0.3663302612474853
11,2,stroop:s02:r3,always_nn,1335,1,0.9763332887427364,0.0236667112572634
11,2,stroop:s02:r0,always_fuse,1388,0,0.6309976385189613,0.3690023614810388
11,2,stroop:s02:r0,always_nn,1388,0,0.965858548101945,0.0341414518980549
11,2,stroop:s02:r1,always_fuse,1388,0,0.6401046753229239,0.3598953246770761
11,2,stroop:s02:r1,always_nn,1388,0,0.979743281441884,0.020256718558116
11,2,stroop:s02:r2,always_fuse,1388,1,0.5651893382375353,0.4348106617624647
11,2,stroop:s02:r2,always_nn,1388,1,0.8698890342503761,0.1301109657496238
11,2,stroop:s02:r3,always_fuse,1388,1,0.5878402707001059,0.4121597292998941
11,2,stroop:s02:r3,always_nn,1388,1,0.930206072776746,0.069793927223254
11,2,stroop:s02:r0,always_fuse,1441,0,0.6634979475486336,0.3365020524513665
11,2,stroop:s02:r0,always_nn,1441,0,0.9683145703133108,0.0316854296866892
11,2,stroop:s02:r1,always_fuse,1441,0,0.6507767108861331,0.3492232891138669
11,2,stroop:s02:r1,always_nn,1441,0,0.9596309681468884,0.0403690318531114
11,2,stroop:s02:r2,always_fuse,1441,1,0.5858249993236074,0.4141750006763925
11,2,stroop:s02:r2,always_nn,1441,1,0.8877226827828302,0.1122773172171698
11,2,stroop:s02:r3,always_fuse,1441,1,0.6047706788516354,0.3952293211483646
11,2,stroop:s02:r3,always_nn,1441,1,0.9263330402606204,0.0736669597393796
11,2,stroop:s02:r0,always_fuse,1494,0,0.6436743814657584,0.3563256185342416
11,2,stroop:s02:r0,always_nn,1494,0,0.9658117978286974,0.0341882021713026
11,2,stroop:s02:r1,always_fuse,1494,0,0.6354581053303706,0.3645418946696294
11,2,stroop:s02:r1,always_nn,1494,0,0.9627611231071558,0.0372388768928441
11,2,stroop:s02:r2,always_fuse,1494,1,0.5954834417671506,0.4045165582328493
11,2,stroop:s02:r2,always_nn,1494,1,0.9368302296225702,0.0631697703774297
11,2,stroop:s02:r3,always_fuse,1494,1,0.6085833760996288,0.3914166239003713
11,2,stroop:s02:r3,always_nn,1494,1,0.9528521133390984,0.0471478866609015
11,2,stroop:s02:r0,always_fuse,1547,0,0.6942769728430008,0.3057230271569992
11,2,stroop:s02:r0,always_nn,1547,0,0.9939794239743897,0.0060205760256104
11,2,stroop:s02:r1,always_fuse,1547,0,0.6558340215569196,0.3441659784430804
11,2,stroop:s02:r1,always_nn,1547,0,0.9830669138615928,0.0169330861384071
11,2,stroop:s02:r2,always_fuse,1547,1,0.5915685045443929,0.408431495455607
11,2,stroop:s02:r2,always_nn,1547,1,0.9318705399886495,0.0681294600113504
11,2,stroop:s02:r3,always_fuse,1547,1,0.586720096446201,0.413279903553799
11,2,stroop:s02:r3,always_nn,1547,1,0.9168899368925462,0.0831100631074537
11,3,stroop:s03:r0,always_fuse,1335,0,0.7617785625948217,0.2382214374051783
11,3,stroop:s03:r0,always_nn,1335,0,0.999706597069304,0.0002934029306961
11,3,stroop:s03:r1,always_fuse,1335,0,0.583121845646075,0.4168781543539249
11,3,stroop:s03:r1,always_nn,1335,0,0.942541922119485,0.057458077880515
11,3,stroop:s03:r2,always_fuse,1335,1,0.5674693179116509,0.4325306820883491
11,3,stroop:s03:r2,always_nn,1335,1,0.7162472239177388,0.2837527760822612
11,3,stroop:s03:r3,always_fuse,1335,1,0.4407772635810701,0.5592227364189298
11,3,stroop:s03:r3,always_nn,1335,1,0.125687296590487,0.874312703409513
11,3,stroop:s03:r0,always_fuse,1388,0,0.7554960958819584,0.2445039041180415
11,3,stroop:s03:r0,always_nn,1388,0,0.9999631230991262,3.687690087387376e-05
11,3,stroop:s03:r1,always_fuse,1388,0,0.5397598800313148,0.4602401199686852
11,3,stroop:s03:r1,always_nn,1388,0,0.8456826526325169,0.1543173473674831
11,3,stroop:s03:r2,always_fuse,1388,1,0.5909415984626448,0.4090584015373551
11,3,stroop:s03:r2,always_nn,1388,1,0.8504894562497575,0.1495105437502425
11,3,stroop:s03:r3,always_fuse,1388,1,0.4684020101157264,0.5315979898842735
11,3,stroop:s03:r3,always_nn,1388,1,0.2710717109794748,0.7289282890205251
11,3,stroop:s03:r0,always_fuse,1441,0,0.7731148056518748,0.2268851943481251
11,3,stroop:s03:r0,always_nn,1441,0,0.999928084228493,7.191577150704295e-05
11,3,stroop:s03:r1,always_fuse,1441,0,0.5925754762058899,0.40742452379411
11,3,stroop:s03:r1,always_nn,1441,0,0.9550155726402888,0.0449844273597111
11,3,stroop:s03:r2,always_fuse,1441,1,0.5697861888697768,0.4302138111302231
11,3,stroop:s03:r2,always_nn,1441,1,0.7018984828622573,0.2981015171377427
11,3,stroop:s03:r3,always_fuse,1441,1,0.4254018907518571,0.5745981092481428
11,3,stroop:s03:r3,always_nn,1441,1,0.1140464726035571,0.885953527396443
11,3,stroop:s03:r0,always_fuse,1494,0,0.7592764984787231,0.2407235015212769
11,3,stroop:s03:r0,always_nn,1494,0,0.999972685572918,2.731442708191307e-05
11,3,stroop:s03:r1,always_fuse,1494,0,0.529244646640367,0.470755353359633
11,3,stroop:s03:r1,always_nn,1494,0,0.7391996681583628,0.2608003318416371
11,3,stroop:s03:r2,always_fuse,1494,1,0.5599936384237922,0.4400063615762078
11,3,stroop:s03:r2,always_nn,1494,1,0.5853000722699779,0.414699927730022
11,3,stroop:s03:r3,always_fuse,1494,1,0.4436470963840005,0.5563529036159994
11,3,stroop:s03:r3,always_nn,1494,1,0.1034391934228032,0.8965608065771967
11,3,stroop:s03:r0,always_fuse,1547,0,0.7466986546969713,0.2533013453030287
11,3,stroop:s03:r0,always_nn,1547,0,0.9996514338691818,0.0003485661308182
11,3,stroop:s03:r1,always_fuse,1547,0,0.5419887056167,0.4580112943832999
11,3,stroop:s03:r1,always_nn,1547,0,0.8470741796554708,0.1529258203445292
11,3,stroop:s03:r2,always_fuse,1547,1,0.5840930639675278,0.4159069360324721
11,3,stroop:s03:r2,always_nn,1547,1,0.8500143878749306,0.1499856121250694
11,3,stroop:s03:r3,always_fuse,1547,1,0.4998945265452454,0.5001054734547545
11,3,stroop:s03:r3,always_nn,1547,1,0.5615154187714835,0.4384845812285167
11,4,stroop:s04:r0,always_fuse,1335,0,0.5176387973887686,0.4823612026112313
11,4,stroop:s04:r0,always_nn,1335,0,0.7010837501719573,0.2989162498280427
11,4,stroop:s04:r1,always_fuse,1335,0,0.4887405110139888,0.5112594889860113
11,4,stroop:s04:r1,always_nn,1335,0,0.6819489612914107,0.3180510387085892
11,4,stroop:s04:r2,always_fuse,1335,1,0.4111644156034257,0.5888355843965742
11,4,stroop:s04:r2,always_nn,1335,1,0.1035421604355419,0.8964578395644581
11,4,stroop:s04:r3,always_fuse,1335,1,0.3707808693430856,0.6292191306569145
11,4,stroop:s04:r3,always_nn,1335,1,0.0306269099988104,0.9693730900011897
11,4,stroop:s04:r0,always_fuse,1388,0,0.6581607524338707,0.3418392475661292
11,4,stroop:s04:r0,always_nn,1388,0,0.9992110586503116,0.0007889413496883
11,4,stroop:s04:r1,always_fuse,1388,0,0.5061534343247305,0.4938465656752694
11,4,stroop:s04:r1,always_nn,1388,0,0.836473690015581,0.163526309984419
11,4,stroop:s04:r2,always_fuse,1388,1,0.4694708264249766,0.5305291735750234
11,4,stroop:s04:r2,always_nn,1388,1,0.322148096794677,0.6778519032053231
11,4,stroop:s04:r3,always_fuse,1388,1,0.4206328105285928,0.5793671894714071
11,4,stroop:s04:r3,always_nn,1388,1,0.0602985210307712,0.9397014789692288
11,4,stroop:s04:r0,always_fuse,1441,0,0.6521888456787395,0.3478111543212605
11,4,stroop:s04:r0,always_nn,1441,0,0.9923443443442136,0.0076556556557864
11,4,stroop:s04:r1,always_fuse,1441,0,0.4685147705207604,0.5314852294792396
11,4,stroop:s04:r1,always_nn,1441,0,0.5660637113652972,0.4339362886347028
11,4,stroop:s04:r2,always_fuse,1441,1,0.4419026533013987,0.5580973466986013
11,4,stroop:s04:r2,always_nn,1441,1,0.2826067872751996,0.7173932127248004
11,4,stroop:s04:r3,always_fuse,1441,1,0.3829516268395349,0.6170483731604651
11,4,stroop:s04:r3,always_nn,1441,1,0.0638484666528036,0.9361515333471964
11,4,stroop:s04:r0,always_fuse,1494,0,0.645329255325682,0.3546707446743181
11,4,stroop:s04:r0,always_nn,1494,0,0.9973112281778358,0.0026887718221642
11,4,stroop:s04:r1,always_fuse,1494,0,0.4399457189766853,0.5600542810233147
11,4,stroop:s04:r1,always_nn,1494,0,0.3689549716934994,0.6310450283065006
11,4,stroop:s04:r2,always_fuse,1494,1,0.3865383977561217,0.6134616022438784
11,4,stroop:s04:r2,always_nn,1494,1,0.0487209621049081,0.9512790378950918
11,4,stroop:s04:r3,always_fuse,1494,1,0.3413177567712249,0.658682243228775
11,4,stroop:s04:r3,always_nn,1494,1,0.0098003009410306,0.9901996990589694
11,4,stroop:s04:r0,always_fuse,1547,0,0.664392494823737,0.335607505176263
11,4,stroop:s04:r0,always_nn,1547,0,0.9979084841683746,0.0020915158316253
11,4,stroop:s04:r1,always_fuse,1547,0,0.5136059304342676,0.4863940695657323
11,4,stroop:s04:r1,always_nn,1547,0,0.8571254368323091,0.1428745631676909
11,4,stroop:s04:r2,always_fuse,1547,1,0.4034712466739813,0.5965287533260186
11,4,stroop:s04:r2,always_nn,1547,1,0.0840115197502177,0.9159884802497824
11,4,stroop:s04:r3,always_fuse,1547,1,0.3849088676662296,0.6150911323337703
11,4,stroop:s04:r3,always_nn,1547,1,0.0491197396674746,0.9508802603325254
11,5,stroop:s05:r0,always_fuse,1335,0,0.7929818972687972,0.2070181027312028
11,5,stroop:s05:r0,always_nn,1335,0,0.999999107889373,8.921106269702265e-07
11,5,stroop:s05:r1,always_fuse,1335,0,0.4213069230410717,0.5786930769589282
11,5,stroop:s05:r1,always_nn,1335,0,0.2837934071935027,0.7162065928064972
11,5,stroop:s05:r2,always_fuse,1335,1,0.4081383708925593,0.5918616291074407
11,5,stroop:s05:r2,always_nn,1335,1,0.17225403602267,0.8277459639773299
11,5,stroop:s05:r3,always_fuse,1335,1,0.3630376995060286,0.6369623004939714
11,5,stroop:s05:r3,always_nn,1335,1,0.05830224155751,0.94169775844249
11,5,stroop:s05:r0,always_fuse,1388,0,0.7016322052390066,0.2983677947609934
11,5,stroop:s05:r0,always_nn,1388,0,0.9992508113745626,0.0007491886254374
11,5,stroop:s05:r1,always_fuse,1388,0,0.4305117401884887,0.5694882598115114
11,5,stroop:s05:r1,always_nn,1388,0,0.3408267560044374,0.6591732439955625
11,5,stroop:s05:r2,always_fuse,1388,1,0.4121070070640487,0.5878929929359512
11,5,stroop:s05:r2,always_nn,1388,1,0.1670746655672587,0.8329253344327412
11,5,stroop:s05:r3,always_fuse,1388,1,0.3864013798365603,0.6135986201634397
11,5,stroop:s05:r3,always_nn,1388,1,0.0905622856587161,0.9094377143412838
11,5,stroop:s05:r0,always_fuse,1441,0,0.8010099824793134,0.1989900175206865
11,5,stroop:s05:r0,always_nn,1441,0,0.9999948595043172,5.140495682694897e-06
11,5,stroop:s05:r1,always_fuse,1441,0,0.411560161108836,0.588439838891164
11,5,stroop:s05:r1,always_nn,1441,0,0.2831754148157594,0.7168245851842405
11,5,stroop:s05:r2,always_fuse,1441,1,0.3260864453579861,0.673913554642014
11,5,stroop:s05:r2,always_nn,1441,1,0.0234939086709265,0.9765060913290734
11,5,stroop:s05:r3,always_fuse,1441,1,0.316450065577132,0.683549934422868
11,5,stroop:s05:r3,always_nn,1441,1,0.0231950989159085,0.9768049010840916
11,5,stroop:s05:r0,always_fuse,1494,0,0.785516570320284,0.2144834296797159
11,5,stroop:s05:r0,always_nn,1494,0,0.9999999958393452,4.160654844523491e-09
11,5,stroop:s05:r1,always_fuse,1494,0,0.4288644721513029,0.5711355278486971
11,5,stroop:s05:r1,always_nn,1494,0,0.3560902792359142,0.6439097207640857
11,5,stroop:s05:r2,always_fuse,1494,1,0.3523503572141176,0.6476496427858823
11,5,stroop:s05:r2,always_nn,1494,1,0.0196698997593253,0.9803301002406748
11,5,stroop:s05:r3,always_fuse,1494,1,0.3480033874979946,0.6519966125020054
11,5,stroop:s05:r3,always_nn,1494,1,0.0234799634177478,0.9765200365822522
11,5,stroop:s05:r0,always_fuse,1547,0,0.7346143015690485,0.2653856984309514
11,5,stroop:s05:r0,always_nn,1547,0,0.9998270245034688,0.000172975496531
11,5,stroop:s05:r1,always_fuse,1547,0,0.4105462708611074,0.5894537291388926
11,5,stroop:s05:r1,always_nn,1547,0,0.2505297663753021,0.7494702336246978
11,5,stroop:s05:r2,always_fuse,1547,1,0.328670679448681,0.671329320551319
11,5,stroop:s05:r2,always_nn,1547,1,0.0175688487682457,0.9824311512317542
11,5,stroop:s05:r3,always_fuse,1547,1,0.3276963790740337,0.6723036209259662
11,5,stroop:s05:r3,always_nn,1547,1,0.0228462947079321,0.977153705292068
11,6,stroop:s06:r0,always_fuse,1335,0,0.4232920954914653,0.5767079045085347
11,6,stroop:s06:r0,always_nn,1335,0,0.6002708463410898,0.3997291536589102
11,6,stroop:s06:r1,always_fuse,1335,0,0.5073620817291598,0.4926379182708402
11,6,stroop:s06:r1,always_nn,1335,0,0.9202098263831322,0.0797901736168677
11,6,stroop:s06:r2,always_fuse,1335,1,0.3836322878129752,0.6163677121870247
11,6,stroop:s06:r2,always_nn,1335,1,0.0957971149512158,0.904202885048784
11,6,stroop:s06:r3,always_fuse,1335,1,0.3388085412042437,0.6611914587957562
11,6,stroop:s06:r3,always_nn,1335,1,0.0987128564312363,0.9012871435687636
11,6,stroop:s06:r0,always_fuse,1388,0,0.4282099188155093,0.5717900811844908
11,6,stroop:s06:r0,always_nn,1388,0,0.7088279264954991,0.291172073504501
11,6,stroop:s06:r1,always_fuse,1388,0,0.4218248479316767,0.5781751520683233
11,6,stroop:s06:r1,always_nn,1388,0,0.3637499945283107,0.6362500054716892
11,6,stroop:s06:r2,always_fuse,1388,1,0.4536984539586229,0.546301546041377
11,6,stroop:s06:r2,always_nn,1388,1,0.531440436729807,0.4685595632701931
11,6,stroop:s06:r3,always_fuse,1388,1,0.3800565426048343,0.6199434573951658
11,6,stroop:s06:r3,always_nn,1388,1,0.3274983344092336,0.6725016655907664
11,6,stroop:s06:r0,always_fuse,1441,0,0.3986245353973011,0.6013754646026988
11,6,stroop:s06:r0,always_nn,1441,0,0.3879330666678603,0.6120669333321397
11,6,stroop:s06:r1,always_fuse,1441,0,0.6090148141939273,0.3909851858060726
11,6,stroop:s06:r1,always_nn,1441,0,0.9922767863941836,0.0077232136058163
11,6,stroop:s06:r2,always_fuse,1441,1,0.4454883476068242,0.5545116523931757
11,6,stroop:s06:r2,always_nn,1441,1,0.4083219950498867,0.5916780049501134
11,6,stroop:s06:r3,always_fuse,1441,1,0.4274351325839018,0.5725648674160981
11,6,stroop:s06:r3,always_nn,1441,1,0.6469852058197105,0.3530147941802896
11,6,stroop:s06:r0,always_fuse,1494,0,0.3802482298485272,0.6197517701514726
11,6,stroop:s06:r0,always_nn,1494,0,0.2638873783843073,0.7361126216156927
11,6,stroop:s06:r1,always_fuse,1494,0,0.5207817155216207,0.4792182844783792
11,6,stroop:s06:r1,always_nn,1494,0,0.9527656023699717,0.0472343976300284
11,6,stroop:s06:r2,always_fuse,1494,1,0.3977164278475203,0.6022835721524796
11,6,stroop:s06:r2,always_nn,1494,1,0.1088468807842905,0.8911531192157094
11,6,stroop:s06:r3,always_fuse,1494,1,0.4088548355431002,0.5911451644568997
11,6,stroop:s06:r3,always_nn,1494,1,0.5590081583077725,0.4409918416922275
11,6,stroop:s06:r0,always_fuse,1547,0,0.416498769808176,0.583501230191824
11,6,stroop:s06:r0,always_nn,1547,0,0.4992317669364952,0.5007682330635047
11,6,stroop:s06:r1,always_fuse,1547,0,0.4953676244939209,0.5046323755060791
11,6,stroop:s06:r1,always_nn,1547,0,0.8625834286302222,0.1374165713697778
11,6,stroop:s06:r2,always_fuse,1547,1,0.4719767820486464,0.5280232179513537
11,6,stroop:s06:r2,always_nn,1547,1,0.6407987879367875,0.3592012120632126
11,6,stroop:s06:r3,always_fuse,1547,1,0.430173730240569,0.569826269759431
11,6,stroop:s06:r3,always_nn,1547,1,0.652119122530422,0.347880877469578
11,7,stroop:s07:r0,always_fuse,1335,0,0.8423749614053313,0.1576250385946687
11,7,stroop:s07:r0,always_nn,1335,0,0.9999999712685366,2.873146341782361e-08
11,7,stroop:s07:r1,always_fuse,1335,0,0.4898092304755995,0.5101907695244006
11,7,stroop:s07:r1,always_nn,1335,0,0.6305156567406854,0.3694843432593145
11,7,stroop:s07:r2,always_fuse,1335,1,0.404178216870057,0.5958217831299429
11,7,stroop:s07:r2,always_nn,1335,1,0.1142105259684203,0.8857894740315797
11,7,stroop:s07:r3,always_fuse,1335,1,0.4275513239831919,0.572448676016808
11,7,stroop:s07:r3,always_nn,1335,1,0.2159811268356773,0.7840188731643226
11,7,stroop:s07:r0,always_fuse,1388,0,0.7471268454056841,0.2528731545943159
11,7,stroop:s07:r0,always_nn,1388,0,0.999649762841488,0.0003502371585118
11,7,stroop:s07:r1,always_fuse,1388,0,0.5027284967257489,0.497271503274251
11,7,stroop:s07:r1,always_nn,1388,0,0.7634709119554332,0.2365290880445668
11,7,stroop:s07:r2,always_fuse,1388,1,0.4718125388686565,0.5281874611313435
11,7,stroop:s07:r2,always_nn,1388,1,0.5525300935636028,0.4474699064363971
11,7,stroop:s07:r3,always_fuse,1388,1,0.4780282679720216,0.5219717320279783
11,7,stroop:s07:r3,always_nn,1388,1,0.5773525911592209,0.422647408840779
11,7,stroop:s07:r0,always_fuse,1441,0,0.7625519325200476,0.2374480674799524
11,7,stroop:s07:r0,always_nn,1441,0,0.9986550495368702,0.0013449504631296
11,7,stroop:s07:r1,always_fuse,1441,0,0.4912601508466416,0.5087398491533583
11,7,stroop:s07:r1,always_nn,1441,0,0.6409026399654546,0.3590973600345453
11,7,stroop:s07:r2,always_fuse,1441,1,0.4516734788328583,0.5483265211671418
11,7,stroop:s07:r2,always_nn,1441,1,0.4173686773635526,0.5826313226364475
11,7,stroop:s07:r3,always_fuse,1441,1,0.4504818578901828,0.5495181421098172
11,7,stroop:s07:r3,always_nn,1441,1,0.4056889854630979,0.5943110145369019
11,7,stroop:s07:r0,always_fuse,1494,0,0.812894587001475,0.187105412998525
11,7,stroop:s07:r0,always_nn,1494,0,0.9999999395881604,6.041183960183648e-08
11,7,stroop:s07:r1,always_fuse,1494,0,0.5507218081367622,0.4492781918632378
11,7,stroop:s07:r1,always_nn,1494,0,0.9274264180108116,0.0725735819891884
11,7,stroop:s07:r2,always_fuse,1494,1,0.4510015765959019,0.5489984234040981
11,7,stroop:s07:r2,always_nn,1494,1,0.2721223811314682,0.7278776188685318
11,7,stroop:s07:r3,always_fuse,1494,1,0.4835122276913391,0.5164877723086607
11,7,stroop:s07:r3,always_nn,1494,1,0.5542651724403812,0.4457348275596187
11,7,stroop:s07:r0,always_fuse,1547,0,0.7608591599035254,0.2391408400964746
11,7,stroop:s07:r0,always_nn,1547,0,0.9997000834476404,0.0002999165523596
11,7,stroop:s07:r1,always_fuse,1547,0,0.5202052357472581,0.479794764252742
11,7,stroop:s07:r1,always_nn,1547,0,0.8343829438023802,0.1656170561976197
11,7,stroop:s07:r2,always_fuse,1547,1,0.4856097014428947,0.5143902985571052
11,7,stroop:s07:r2,always_nn,1547,1,0.6607270876279155,0.3392729123720845
11,7,stroop:s07:r3,always_fuse,1547,1,0.4500743574043329,0.549925642595667
11,7,stroop:s07:r3,always_nn,1547,1,0.3864661396928077,0.6135338603071924
11,8,stroop:s08:r0,always_fuse,1335,0,0.6625001723802245,0.3374998276197755
11,8,stroop:s08:r0,always_nn,1335,0,0.9982495249919872,0.0017504750080126
11,8,stroop:s08:r1,always_fuse,1335,0,0.6042398333227238,0.3957601666772761
11,8,stroop:s08:r1,always_nn,1335,0,0.987969936689091,0.0120300633109089
11,8,stroop:s08:r2,always_fuse,1335,1,0.4335317398320852,0.5664682601679148
11,8,stroop:s08:r2,always_nn,1335,1,0.2367378848038801,0.76326211519612
11,8,stroop:s08:r3,always_fuse,1335,1,0.3695765554060933,0.6304234445939066
11,8,stroop:s08:r3,always_nn,1335,1,0.0476215856649575,0.9523784143350424
11,8,stroop:s08:r0,always_fuse,1388,0,0.5733145711912757,0.4266854288087242
11,8,stroop:s08:r0,always_nn,1388,0,0.9779404220826204,0.0220595779173794
11,8,stroop:s08:r1,always_fuse,1388,0,0.5073415320974605,0.4926584679025396
11,8,stroop:s08:r1,always_nn,1388,0,0.7758581581371182,0.2241418418628818
11,8,stroop:s08:r2,always_fuse,1388,1,0.450479296280577,0.5495207037194231
11,8,stroop:s08:r2,always_nn,1388,1,0.3027191197240694,0.6972808802759305
11,8,stroop:s08:r3,always_fuse,1388,1,0.3751541653532346,0.6248458346467655
11,8,stroop:s08:r3,always_nn,1388,1,0.0309609005992006,0.9690390994007994
11,8,stroop:s08:r0,always_fuse,1441,0,0.7245973209866577,0.2754026790133422
11,8,stroop:s08:r0,always_nn,1441,0,0.9994286602447876,0.0005713397552125
11,8,stroop:s08:r1,always_fuse,1441,0,0.567643175517857,0.432356824482143
11,8,stroop:s08:r1,always_nn,1441,0,0.9223422460285498,0.0776577539714502
11,8,stroop:s08:r2,always_fuse,1441,1,0.3556787855228595,0.6443212144771404
11,8,stroop:s08:r2,always_nn,1441,1,0.0879546103108198,0.91204538968918
11,8,stroop:s08:r3,always_fuse,1441,1,0.2805414067567801,0.7194585932432199
11,8,stroop:s08:r3,always_nn,1441,1,0.013308609629503,0.9866913903704968
11,8,stroop:s08:r0,always_fuse,1494,0,0.5443536441510762,0.4556463558489237
11,8,stroop:s08:r0,always_nn,1494,0,0.9083769487708562,0.0916230512291437
11,8,stroop:s08:r1,always_fuse,1494,0,0.4748594412914542,0.5251405587085458
11,8,stroop:s08:r1,always_nn,1494,0,0.4510999498673231,0.548900050132677
11,8,stroop:s08:r2,always_fuse,1494,1,0.4410713142473427,0.5589286857526573
11,8,stroop:s08:r2,always_nn,1494,1,0.1836208090828294,0.8163791909171706
11,8,stroop:s08:r3,always_fuse,1494,1,0.4079553455433952,0.5920446544566049
11,8,stroop:s08:r3,always_nn,1494,1,0.0892757609654065,0.9107242390345937
11,8,stroop:s08:r0,always_fuse,1547,0,0.7305559914647469,0.269444008535253
11,8,stroop:s08:r0,always_nn,1547,0,0.9998402117042998,0.0001597882957001
11,8,stroop:s08:r1,always_fuse,1547,0,0.6049551928644662,0.3950448071355337
11,8,stroop:s08:r1,always_nn,1547,0,0.9809960538585608,0.019003946141439
11,8,stroop:s08:r2,always_fuse,1547,1,0.4521993896790212,0.5478006103209787
11,8,stroop:s08:r2,always_nn,1547,1,0.3706215297042626,0.6293784702957373
11,8,stroop:s08:r3,always_fuse,1547,1,0.369939830219878,0.630060169780122
11,8,stroop:s08:r3,always_nn,1547,1,0.0506826255268469,0.949317374473153
11,9,stroop:s09:r0,always_fuse,1335,0,0.8770059671610198,0.1229940328389803
11,9,stroop:s09:r0,always_nn,1335,0,0.9999999999355742,6.442577358278257e-11
11,9,stroop:s09:r1,always_fuse,1335,0,0.4910913832047271,0.5089086167952728
11,9,stroop:s09:r1,always_nn,1335,0,0.6330320926426709,0.366967907357329
11,9,stroop:s09:r2,always_fuse,1335,1,0.2724282510764111,0.7275717489235888
11,9,stroop:s09:r2,always_nn,1335,1,0.0004287833997924,0.9995712166002076
11,9,stroop:s09:r3,always_fuse,1335,1,0.4078423059745204,0.5921576940254796
11,9,stroop:s09:r3,always_nn,1335,1,0.1243443996340377,0.8756556003659623
11,9,stroop:s09:r0,always_fuse,1388,0,0.8687132295273423,0.1312867704726576
11,9,stroop:s09:r0,always_nn,1388,0,0.9999999999954206,4.579331163168062e-12
11,9,stroop:s09:r1,always_fuse,1388,0,0.5699509263094797,0.4300490736905203
11,9,stroop:s09:r1,always_nn,1388,0,0.990637754594804,0.0093622454051958
11,9,stroop:s09:r2,always_fuse,1388,1,0.3064313796830973,0.6935686203169027
11,9,stroop:s09:r2,always_nn,1388,1,0.0001403714490383,0.9998596285509616
11,9,stroop:s09:r3,always_fuse,1388,1,0.4055775253499821,0.5944224746500179
11,9,stroop:s09:r3,always_nn,1388,1,0.1280140146888079,0.8719859853111921
11,9,stroop:s09:r0,always_fuse,1441,0,0.85088937706766,0.14911062293234
11,9,stroop:s09:r0,always_nn,1441,0,0.9999361117005796,6.388829942028015e-05
11,9,stroop:s09:r1,always_fuse,1441,0,0.4838985167359196,0.5161014832640803
11,9,stroop:s09:r1,always_nn,1441,0,0.3583751736517752,0.6416248263482248
11,9,stroop:s09:r2,always_fuse,1441,1,0.4017924025761653,0.5982075974238347
11,9,stroop:s09:r2,always_nn,1441,1,0.0734852351541512,0.9265147648458488
11,9,stroop:s09:r3,always_fuse,1441,1,0.4313956421727922,0.5686043578272079
11,9,stroop:s09:r3,always_nn,1441,1,0.1741206283275261,0.8258793716724738
11,9,stroop:s09:r0,always_fuse,1494,0,0.8618816598019536,0.1381183401980462
11,9,stroop:s09:r0,always_nn,1494,0,0.9999999994077516,5.92248293365242e-10
11,9,stroop:s09:r1,always_fuse,1494,0,0.5342241051406436,0.4657758948593564
11,9,stroop:s09:r1,always_nn,1494,0,0.6909539038803899,0.3090460961196101
11,9,stroop:s09:r2,always_fuse,1494,1,0.3604624590035351,0.6395375409964649
11,9,stroop:s09:r2,always_nn,1494,1,0.0044604133347021,0.9955395866652978
11,9,stroop:s09:r3,always_fuse,1494,1,0.4400268677389055,0.5599731322610945
11,9,stroop:s09:r3,always_nn,1494,1,0.1003738538575973,0.8996261461424027
11,9,stroop:s09:r0,always_fuse,1547,0,0.8896693747779614,0.1103306252220387
11,9,stroop:s09:r0,always_nn,1547,0,0.9999999999750432,2.495672219830436e-11
11,9,stroop:s09:r1,always_fuse,1547,0,0.4974296252727708,0.5025703747272292
11,9,stroop:s09:r1,always_nn,1547,0,0.8169335511388199,0.18306644886118
11,9,stroop:s09:r2,always_fuse,1547,1,0.2873059635945948,0.7126940364054051
11,9,stroop:s09:r2,always_nn,1547,1,0.0030185012633309,0.9969814987366692
11,9,stroop:s09:r3,always_fuse,1547,1,0.3789412824749739,0.6210587175250261
11,9,stroop:s09:r3,always_nn,1547,1,0.0805886759979307,0.9194113240020692
11,10,stroop:s10:r0,always_fuse,1335,0,0.6734535526516896,0.3265464473483103
11,10,stroop:s10:r0,always_nn,1335,0,0.9972963569921914,0.0027036430078085
11,10,stroop:s10:r1,always_fuse,1335,0,0.4423883610303508,0.5576116389696492
11,10,stroop:s10:r1,always_nn,1335,0,0.3387524258518877,0.6612475741481123
11,10,stroop:s10:r2,always_fuse,1335,1,0.4465770497332957,0.5534229502667043
11,10,stroop:s10:r2,always_nn,1335,1,0.3634378331717632,0.6365621668282366
11,10,stroop:s10:r3,always_fuse,1335,1,0.3807326948623365,0.6192673051376635
11,10,stroop:s10:r3,always_nn,1335,1,0.1133143712105541,0.8866856287894459
11,10,stroop:s10:r0,always_fuse,1388,0,0.5823174879076414,0.4176825120923587
11,10,stroop:s10:r0,always_nn,1388,0,0.9497317960641042,0.0502682039358957
11,10,stroop:s10:r1,always_fuse,1388,0,0.4541986901543542,0.5458013098456458
11,10,stroop:s10:r1,always_nn,1388,0,0.4025308960942702,0.5974691039057297
11,10,stroop:s10:r2,always_fuse,1388,1,0.4562428751603992,0.5437571248396008
11,10,stroop:s10:r2,always_nn,1388,1,0.4039622064124706,0.5960377935875294
11,10,stroop:s10:r3,always_fuse,1388,1,0.4004190949247097,0.5995809050752903
11,10,stroop:s10:r3,always_nn,1388,1,0.1769826501665456,0.8230173498334543
11,10,stroop:s10:r0,always_fuse,1441,0,0.6670526898930572,0.3329473101069428
11,10,stroop:s10:r0,always_nn,1441,0,0.988667996383508,0.0113320036164919
11,10,stroop:s10:r1,always_fuse,1441,0,0.4748892086417123,0.5251107913582876
11,10,stroop:s10:r1,always_nn,1441,0,0.5286187965553399,0.47138120344466
11,10,stroop:s10:r2,always_fuse,1441,1,0.4845352783393964,0.5154647216606035
11,10,stroop:s10:r2,always_nn,1441,1,0.583420764889006,0.416579235110994
11,10,stroop:s10:r3,always_fuse,1441,1,0.3904120363793886,0.6095879636206114
11,10,stroop:s10:r3,always_nn,1441,1,0.1770069442748274,0.8229930557251726
11,10,stroop:s10:r0,always_fuse,1494,0,0.6602838135451868,0.3397161864548131
11,10,stroop:s10:r0,always_nn,1494,0,0.9971703558686008,0.0028296441313992
11,10,stroop:s10:r1,always_fuse,1494,0,0.4552580782200003,0.5447419217799997
11,10,stroop:s10:r1,always_nn,1494,0,0.4562931891224076,0.5437068108775923
11,10,stroop:s10:r2,always_fuse,1494,1,0.4638538883791221,0.536146111620878
11,10,stroop:s10:r2,always_nn,1494,1,0.5226089368112244,0.4773910631887755
11,10,stroop:s10:r3,always_fuse,1494,1,0.3474479643535852,0.6525520356464148
11,10,stroop:s10:r3,always_nn,1494,1,0.0298127790036623,0.9701872209963376
11,10,stroop:s10:r0,always_fuse,1547,0,0.6271378600182739,0.3728621399817261
11,10,stroop:s10:r0,always_nn,1547,0,0.9834378630218076,0.0165621369781923
11,10,stroop:s10:r1,always_fuse,1547,0,0.473066467202393,0.526933532797607
11,10,stroop:s10:r1,always_nn,1547,0,0.5861503717570296,0.4138496282429704
11,10,stroop:s10:r2,always_fuse,1547,1,0.4791349082310095,0.5208650917689904
11,10,stroop:s10:r2,always_nn,1547,1,0.6261286776610353,0.3738713223389647
11,10,stroop:s10:r3,always_fuse,1547,1,0.3833278622057466,0.6166721377942534
11,10,stroop:s10:r3,always_nn,1547,1,0.1386109382723851,0.8613890617276149
11,12,stroop:s12:r0,always_fuse,1335,0,0.4724707480036929,0.5275292519963072
11,12,stroop:s12:r0,always_nn,1335,0,0.4211566012304639,0.578843398769536
11,12,stroop:s12:r1,always_fuse,1335,0,0.4412129339291435,0.5587870660708564
11,12,stroop:s12:r1,always_nn,1335,0,0.3868301114470091,0.6131698885529909
11,12,stroop:s12:r2,always_fuse,1335,1,0.4247947225565274,0.5752052774434725
11,12,stroop:s12:r2,always_nn,1335,1,0.3095327193804249,0.6904672806195751
11,12,stroop:s12:r3,always_fuse,1335,1,0.4240429863069344,0.5759570136930656
11,12,stroop:s12:r3,always_nn,1335,1,0.2935083219090538,0.7064916780909462
11,12,stroop:s12:r0,always_fuse,1388,0,0.5094895620242332,0.4905104379757667
11,12,stroop:s12:r0,always_nn,1388,0,0.6830669636971615,0.3169330363028385
11,12,stroop:s12:r1,always_fuse,1388,0,0.4552653264650021,0.5447346735349978
11,12,stroop:s12:r1,always_nn,1388,0,0.4395186500338872,0.5604813499661128
11,12,stroop:s12:r2,always_fuse,1388,1,0.4407446518334429,0.5592553481665571
11,12,stroop:s12:r2,always_nn,1388,1,0.3971174106711006,0.6028825893288994
11,12,stroop:s12:r3,always_fuse,1388,1,0.4468100538372314,0.5531899461627686
11,12,stroop:s12:r3,always_nn,1388,1,0.4203529178675049,0.579647082132495
11,12,stroop:s12:r0,always_fuse,1441,0,0.4575231199884786,0.5424768800115213
11,12,stroop:s12:r0,always_nn,1441,0,0.3694503868068476,0.6305496131931524
11,12,stroop:s12:r1,always_fuse,1441,0,0.4424640393944534,0.5575359606055467
11,12,stroop:s12:r1,always_nn,1441,0,0.4151455365733791,0.5848544634266208
11,12,stroop:s12:r2,always_fuse,1441,1,0.4031489539776033,0.5968510460223967
11,12,stroop:s12:r2,always_nn,1441,1,0.2162883976080518,0.7837116023919481
11,12,stroop:s12:r3,always_fuse,1441,1,0.4195567393988136,0.5804432606011865
11,12,stroop:s12:r3,always_nn,1441,1,0.304200179811353,0.695799820188647
11,12,stroop:s12:r0,always_fuse,1494,0,0.5232590944434908,0.4767409055565093
11,12,stroop:s12:r0,always_nn,1494,0,0.7246621086284452,0.2753378913715548
11,12,stroop:s12:r1,always_fuse,1494,0,0.4668217867273933,0.5331782132726067
11,12,stroop:s12:r1,always_nn,1494,0,0.5221273271592498,0.4778726728407502
11,12,stroop:s12:r2,always_fuse,1494,1,0.4630358604687182,0.5369641395312817
11,12,stroop:s12:r2,always_nn,1494,1,0.5541533282542268,0.4458466717457732
11,12,stroop:s12:r3,always_fuse,1494,1,0.4648144289780194,0.5351855710219806
11,12,stroop:s12:r3,always_nn,1494,1,0.545280493045613,0.454719506954387
11,12,stroop:s12:r0,always_fuse,1547,0,0.4629155526719812,0.5370844473280187
11,12,stroop:s12:r0,always_nn,1547,0,0.4497829310351937,0.5502170689648063
11,12,stroop:s12:r1,always_fuse,1547,0,0.4323972635463767,0.5676027364536232
11,12,stroop:s12:r1,always_nn,1547,0,0.3318022084963986,0.6681977915036014
11,12,stroop:s12:r2,always_fuse,1547,1,0.4197033778490968,0.5802966221509032
11,12,stroop:s12:r2,always_nn,1547,1,0.2845321359644249,0.715467864035575
11,12,stroop:s12:r3,always_fuse,1547,1,0.4255235331344592,0.5744764668655409
11,12,stroop:s12:r3,always_nn,1547,1,0.3214800185898181,0.6785199814101819
11,13,stroop:s13:r0,always_fuse,1335,0,0.6796563405957344,0.3203436594042655
11,13,stroop:s13:r0,always_nn,1335,0,0.9943160820696096,0.0056839179303904
11,13,stroop:s13:r1,always_fuse,1335,0,0.4720900541306579,0.5279099458693421
11,13,stroop:s13:r1,always_nn,1335,0,0.4060643541600327,0.5939356458399672
11,13,stroop:s13:r2,always_fuse,1335,1,0.4945919136091171,0.5054080863908829
11,13,stroop:s13:r2,always_nn,1335,1,0.5006035733907885,0.4993964266092115
11,13,stroop:s13:r3,always_fuse,1335,1,0.5162354814804124,0.4837645185195876
11,13,stroop:s13:r3,always_nn,1335,1,0.6935837442114988,0.3064162557885012
11,13,stroop:s13:r0,always_fuse,1388,0,0.6493619304194667,0.3506380695805333
11,13,stroop:s13:r0,always_nn,1388,0,0.9853209918176212,0.0146790081823786
11,13,stroop:s13:r1,always_fuse,1388,0,0.5134017907068642,0.4865982092931358
11,13,stroop:s13:r1,always_nn,1388,0,0.7206566455580002,0.2793433544419997
11,13,stroop:s13:r2,always_fuse,1388,1,0.5462307850833696,0.4537692149166303
11,13,stroop:s13:r2,always_nn,1388,1,0.8417474031947554,0.1582525968052446
11,13,stroop:s13:r3,always_fuse,1388,1,0.568112246027489,0.431887753972511
11,13,stroop:s13:r3,always_nn,1388,1,0.9332610002033308,0.066738999796669
11,13,stroop:s13:r0,always_fuse,1441,0,0.6625660982096339,0.3374339017903661
11,13,stroop:s13:r0,always_nn,1441,0,0.9772188022669562,0.0227811977330438
11,13,stroop:s13:r1,always_fuse,1441,0,0.4896497036555773,0.5103502963444226
11,13,stroop:s13:r1,always_nn,1441,0,0.5503125643975325,0.4496874356024674
11,13,stroop:s13:r2,always_fuse,1441,1,0.5005765298031944,0.4994234701968055
11,13,stroop:s13:r2,always_nn,1441,1,0.5541346664192693,0.4458653335807306
11,13,stroop:s13:r3,always_fuse,1441,1,0.5605308223156792,0.4394691776843207
11,13,stroop:s13:r3,always_nn,1441,1,0.8714979750663817,0.1285020249336183
11,13,stroop:s13:r0,always_fuse,1494,0,0.7872790435088712,0.2127209564911288
11,13,stroop:s13:r0,always_nn,1494,0,0.9999693475125926,3.0652487407387126e-05
11,13,stroop:s13:r1,always_fuse,1494,0,0.5275775251700916,0.4724224748299085
11,13,stroop:s13:r1,always_nn,1494,0,0.7506459482711544,0.2493540517288456
11,13,stroop:s13:r2,always_fuse,1494,1,0.5561412905781558,0.4438587094218442
11,13,stroop:s13:r2,always_nn,1494,1,0.8332538193365892,0.1667461806634107
11,13,stroop:s13:r3,always_fuse,1494,1,0.5797318834927991,0.420268116507201
11,13,stroop:s13:r3,always_nn,1494,1,0.9339813513939808,0.0660186486060193
11,13,stroop:s13:r0,always_fuse,1547,0,0.6659412861249261,0.3340587138750738
11,13,stroop:s13:r0,always_nn,1547,0,0.9905479593170488,0.0094520406829511
11,13,stroop:s13:r1,always_fuse,1547,0,0.493647030069383,0.5063529699306171
11,13,stroop:s13:r1,always_nn,1547,0,0.5881724566890788,0.4118275433109212
11,13,stroop:s13:r2,always_fuse,1547,1,0.5015197469844813,0.4984802530155187
11,13,stroop:s13:r2,always_nn,1547,1,0.5579583354474147,0.4420416645525852
11,13,stroop:s13:r3,always_fuse,1547,1,0.5169826304857388,0.4830173695142612
11,13,stroop:s13:r3,always_nn,1547,1,0.6985057920035717,0.3014942079964284
11,14,stroop:s14:r0,always_fuse,1335,0,0.8161103980249972,0.1838896019750028
11,14,stroop:s14:r0,always_nn,1335,0,0.9996819885873172,0.0003180114126827
11,14,stroop:s14:r1,always_fuse,1335,0,0.1633880163131882,0.8366119836868118
11,14,stroop:s14:r1,always_nn,1335,0,0.0370607507857315,0.9629392492142684
11,14,stroop:s14:r2,always_fuse,1335,1,0.1999155423004522,0.8000844576995478
11,14,stroop:s14:r2,always_nn,1335,1,0.0340012978951276,0.9659987021048724
11,14,stroop:s14:r3,always_fuse,1335,1,0.1042153423760565,0.8957846576239434
11,14,stroop:s14:r3,always_nn,1335,1,0.0347977907165923,0.9652022092834076
11,14,stroop:s14:r0,always_fuse,1388,0,0.8564357076341825,0.1435642923658175
11,14,stroop:s14:r0,always_nn,1388,0,0.9999890074893364,1.0992510663594626e-05
11,14,stroop:s14:r1,always_fuse,1388,0,0.1298081743051123,0.8701918256948876
11,14,stroop:s14:r1,always_nn,1388,0,0.0136721866261343,0.9863278133738655
11,14,stroop:s14:r2,always_fuse,1388,1,0.1690980307812864,0.8309019692187136
11,14,stroop:s14:r2,always_nn,1388,1,0.0165041351853668,0.9834958648146332
11,14,stroop:s14:r3,always_fuse,1388,1,0.0672006368354773,0.9327993631645226
11,14,stroop:s14:r3,always_nn,1388,1,0.0125377619101288,0.9874622380898712
11,14,stroop:s14:r0,always_fuse,1441,0,0.855536699395422,0.144463300604578
11,14,stroop:s14:r0,always_nn,1441,0,0.9998470441575928,0.0001529558424072
11,14,stroop:s14:r1,always_fuse,1441,0,0.1452533079590098,0.8547466920409902
11,14,stroop:s14:r1,always_nn,1441,0,0.0391008443731197,0.9608991556268802
11,14,stroop:s14:r2,always_fuse,1441,1,0.1804753596434228,0.8195246403565771
11,14,stroop:s14:r2,always_nn,1441,1,0.0412941275060578,0.958705872493942
11,14,stroop:s14:r3,always_fuse,1441,1,0.0835086077396663,0.9164913922603336
11,14,stroop:s14:r3,always_nn,1441,1,0.0329366775207298,0.96706332247927
11,14,stroop:s14:r0,always_fuse,1494,0,0.8447174499211781,0.1552825500788218
11,14,stroop:s14:r0,always_nn,1494,0,0.999938758825954,6.124117404590013e-05
11,14,stroop:s14:r1,always_fuse,1494,0,0.1638147541598128,0.8361852458401872
11,14,stroop:s14:r1,always_nn,1494,0,0.0508755936322676,0.9491244063677324
11,14,stroop:s14:r2,always_fuse,1494,1,0.2115805762021914,0.7884194237978085
11,14,stroop:s14:r2,always_nn,1494,1,0.0677752407422253,0.9322247592577746
11,14,stroop:s14:r3,always_fuse,1494,1,0.09560173063466,0.90439826936534
11,14,stroop:s14:r3,always_nn,1494,1,0.0468450505332793,0.9531549494667206
11,14,stroop:s14:r0,always_fuse,1547,0,0.8562073244480187,0.1437926755519813
11,14,stroop:s14:r0,always_nn,1547,0,0.9999712167025696,2.878329743044191e-05
11,14,stroop:s14:r1,always_fuse,1547,0,0.1625912169600952,0.8374087830399048
11,14,stroop:s14:r1,always_nn,1547,0,0.0278420539617782,0.9721579460382218
11,14,stroop:s14:r2,always_fuse,1547,1,0.2025170982042535,0.7974829017957464
11,14,stroop:s14:r2,always_nn,1547,1,0.0323456397863758,0.9676543602136242
11,14,stroop:s14:r3,always_fuse,1547,1,0.1038252778448452,0.8961747221551547
11,14,stroop:s14:r3,always_nn,1547,1,0.0268901028360821,0.973109897163918
11,15,stroop:s15:r0,always_fuse,1335,0,0.7854991426511976,0.2145008573488024
11,15,stroop:s15:r0,always_nn,1335,0,0.9999204161775496,7.958382245041466e-05
11,15,stroop:s15:r1,always_fuse,1335,0,0.4746978283367466,0.5253021716632534
11,15,stroop:s15:r1,always_nn,1335,0,0.6235514875532104,0.3764485124467895
11,15,stroop:s15:r2,always_fuse,1335,1,0.4972631550306096,0.5027368449693904
11,15,stroop:s15:r2,always_nn,1335,1,0.7427078258631649,0.2572921741368351
11,15,stroop:s15:r3,always_fuse,1335,1,0.292658927814574,0.707341072185426
11,15,stroop:s15:r3,always_nn,1335,1,0.0595641025026862,0.9404358974973136
11,15,stroop:s15:r0,always_fuse,1388,0,0.7710347376277121,0.2289652623722879
11,15,stroop:s15:r0,always_nn,1388,0,0.9999580289984956,4.197100150452359e-05
11,15,stroop:s15:r1,always_fuse,1388,0,0.444748770385552,0.555251229614448
11,15,stroop:s15:r1,always_nn,1388,0,0.3528061158618568,0.6471938841381433
11,15,stroop:s15:r2,always_fuse,1388,1,0.4538321020755335,0.5461678979244665
11,15,stroop:s15:r2,always_nn,1388,1,0.3891271011960667,0.6108728988039334
11,15,stroop:s15:r3,always_fuse,1388,1,0.303457379255749,0.696542620744251
11,15,stroop:s15:r3,always_nn,1388,1,0.1250655246659736,0.8749344753340264
11,15,stroop:s15:r0,always_fuse,1441,0,0.7174697381506201,0.2825302618493799
11,15,stroop:s15:r0,always_nn,1441,0,0.9964489008384302,0.0035510991615698
11,15,stroop:s15:r1,always_fuse,1441,0,0.4583413233603308,0.5416586766396692
11,15,stroop:s15:r1,always_nn,1441,0,0.5192464493210333,0.4807535506789668
11,15,stroop:s15:r2,always_fuse,1441,1,0.4945986901678734,0.5054013098321265
11,15,stroop:s15:r2,always_nn,1441,1,0.7100852513682111,0.2899147486317889
11,15,stroop:s15:r3,always_fuse,1441,1,0.2992326916386904,0.7007673083613095
11,15,stroop:s15:r3,always_nn,1441,1,0.10491397177909,0.8950860282209101
11,15,stroop:s15:r0,always_fuse,1494,0,0.6884243815417466,0.3115756184582534
11,15,stroop:s15:r0,always_nn,1494,0,0.9951925187474122,0.0048074812525876
11,15,stroop:s15:r1,always_fuse,1494,0,0.4454875154917902,0.5545124845082099
11,15,stroop:s15:r1,always_nn,1494,0,0.3817817884828738,0.6182182115171262
11,15,stroop:s15:r2,always_fuse,1494,1,0.4644926659511941,0.5355073340488059
11,15,stroop:s15:r2,always_nn,1494,1,0.5018219407471015,0.4981780592528986
11,15,stroop:s15:r3,always_fuse,1494,1,0.2969523863659576,0.7030476136340422
11,15,stroop:s15:r3,always_nn,1494,1,0.0674800417293936,0.9325199582706064
11,15,stroop:s15:r0,always_fuse,1547,0,0.7468580718027764,0.2531419281972236
11,15,stroop:s15:r0,always_nn,1547,0,0.9995448476337178,0.0004551523662822
11,15,stroop:s15:r1,always_fuse,1547,0,0.3865129136868326,0.6134870863131673
11,15,stroop:s15:r1,always_nn,1547,0,0.1223595780162289,0.877640421983771
11,15,stroop:s15:r2,always_fuse,1547,1,0.4270409013114373,0.5729590986885628
11,15,stroop:s15:r2,always_nn,1547,1,0.2959288907627448,0.7040711092372551
11,15,stroop:s15:r3,always_fuse,1547,1,0.2805923218920283,0.7194076781079718
11,15,stroop:s15:r3,always_nn,1547,1,0.0363461470222274,0.9636538529777724
12,1,stroop:s01:r0,always_fuse,1335,0,0.4282827061616184,0.5717172938383817
12,1,stroop:s01:r0,always_nn,1335,0,0.1919539462334702,0.8080460537665296
12,1,stroop:s01:r1,always_fuse,1335,0,0.4757359823511202,0.5242640176488799
12,1,stroop:s01:r1,always_nn,1335,0,0.5167636543797428,0.4832363456202571
12,1,stroop:s01:r2,always_fuse,1335,1,0.4745872494857308,0.5254127505142693
12,1,stroop:s01:r2,always_nn,1335,1,0.5373105435890339,0.4626894564109661
12,1,stroop:s01:r3,always_fuse,1335,1,0.4601535518590423,0.5398464481409576
12,1,stroop:s01:r3,always_nn,1335,1,0.350423148398957,0.649576851601043
12,1,stroop:s01:r0,always_fuse,1388,0,0.4249075087419191,0.5750924912580808
12,1,stroop:s01:r0,always_nn,1388,0,0.2110300833484905,0.7889699166515095
12,1,stroop:s01:r1,always_fuse,1388,0,0.5139653243106359,0.4860346756893641
12,1,stroop:s01:r1,always_nn,1388,0,0.8292992851878971,0.1707007148121028
12,1,stroop:s01:r2,always_fuse,1388,1,0.522207644053986,0.477792355946014
12,1,stroop:s01:r2,always_nn,1388,1,0.8697219860957599,0.13027801390424
12,1,stroop:s01:r3,always_fuse,1388,1,0.5094358619448275,0.4905641380551725
12,1,stroop:s01:r3,always_nn,1388,1,0.7608527694269488,0.2391472305730512
12,1,stroop:s01:r0,always_fuse,1441,0,0.4442475209388944,0.5557524790611056
12,1,stroop:s01:r0,always_nn,1441,0,0.43928510170322,0.56071489829678
12,1,stroop:s01:r1,always_fuse,1441,0,0.5788258935358399,0.4211741064641601
12,1,stroop:s01:r1,always_nn,1441,0,0.9731132054836724,0.0268867945163276
12,1,stroop:s01:r2,always_fuse,1441,1,0.5838801203975472,0.4161198796024529
12,1,stroop:s01:r2,always_nn,1441,1,0.9787210151404712,0.0212789848595287
12,1,stroop:s01:r3,always_fuse,1441,1,0.5315046049095875,0.4684953950904124
12,1,stroop:s01:r3,always_nn,1441,1,0.890724175486169,0.1092758245138308
12,1,stroop:s01:r0,always_fuse,1494,0,0.4302529366732204,0.5697470633267796
12,1,stroop:s01:r0,always_nn,1494,0,0.3032089254903141,0.6967910745096859
12,1,stroop:s01:r1,always_fuse,1494,0,0.4673942282057423,0.5326057717942577
12,1,stroop:s01:r1,always_nn,1494,0,0.5377255499007041,0.4622744500992958
12,1,stroop:s01:r2,always_fuse,1494,1,0.4701758976819647,0.5298241023180353
12,1,stroop:s01:r2,always_nn,1494,1,0.5705514458536416,0.4294485541463584
12,1,stroop:s01:r3,always_fuse,1494,1,0.4551307840766335,0.5448692159233666
12,1,stroop:s01:r3,always_nn,1494,1,0.3915797678607363,0.6084202321392637
12,1,stroop:s01:r0,always_fuse,1547,0,0.4500977534400894,0.5499022465599106
12,1,stroop:s01:r0,always_nn,1547,0,0.4471374557790612,0.5528625442209387
12,1,stroop:s01:r1,always_fuse,1547,0,0.5078899471733692,0.4921100528266308
12,1,stroop:s01:r1,always_nn,1547,0,0.7842238180962985,0.2157761819037015
12,1,stroop:s01:r2,always_fuse,1547,1,0.5242292164707409,0.475770783529259
12,1,stroop:s01:r2,always_nn,1547,1,0.855420227243278,0.1445797727567219
12,1,stroop:s01:r3,always_fuse,1547,1,0.5080794074845879,0.4919205925154121
12,1,stroop:s01:r3,always_nn,1547,1,0.7561789952370099,0.2438210047629901
12,2,stroop:s02:r0,always_fuse,1335,0,0.6882061706501386,0.3117938293498613
12,2,stroop:s02:r0,always_nn,1335,0,0.9855016275681128,0.0144983724318873
12,2,stroop:s02:r1,always_fuse,1335,0,0.660529033460138,0.3394709665398621
12,2,stroop:s02:r1,always_nn,1335,0,0.9748920452980192,0.0251079547019808
12,2,stroop:s02:r2,always_fuse,1335,1,0.586483505656538,0.413516494343462
12,2,stroop:s02:r2,always_nn,1335,1,0.8840530141583202,0.1159469858416798
12,2,stroop:s02:r3,always_fuse,1335,1,0.587638433182118,0.4123615668178821
12,2,stroop:s02:r3,always_nn,1335,1,0.9021903749711184,0.0978096250288815
12,2,stroop:s02:r0,always_fuse,1388,0,0.6357665194338603,0.3642334805661397
12,2,stroop:s02:r0,always_nn,1388,0,0.9545555591809556,0.0454444408190442
12,2,stroop:s02:r1,always_fuse,1388,0,0.5519704473606896,0.4480295526393104
12,2,stroop:s02:r1,always_nn,1388,0,0.6037769627705484,0.3962230372294515
12,2,stroop:s02:r2,always_fuse,1388,1,0.5034361826188033,0.4965638173811966
12,2,stroop:s02:r2,always_nn,1388,1,0.486955238121032,0.5130447618789681
12,2,stroop:s02:r3,always_fuse,1388,1,0.497488943904826,0.502511056095174
12,2,stroop:s02:r3,always_nn,1388,1,0.3959461658267049,0.6040538341732952
12,2,stroop:s02:r0,always_fuse,1441,0,0.637288191349489,0.362711808650511
12,2,stroop:s02:r0,always_nn,1441,0,0.9611966286740335,0.0388033713259664
12,2,stroop:s02:r1,always_fuse,1441,0,0.6183383286319166,0.3816616713680835
12,2,stroop:s02:r1,always_nn,1441,0,0.9559908503776648,0.0440091496223351
12,2,stroop:s02:r2,always_fuse,1441,1,0.5528746473502202,0.4471253526497797
12,2,stroop:s02:r2,always_nn,1441,1,0.862150226610964,0.137849773389036
12,2,stroop:s02:r3,always_fuse,1441,1,0.5613419389000937,0.4386580610999063
12,2,stroop:s02:r3,always_nn,1441,1,0.891459851495753,0.108540148504247
12,2,stroop:s02:r0,always_fuse,1494,0,0.5922434478979014,0.4077565521020986
12,2,stroop:s02:r0,always_nn,1494,0,0.8413787160937927,0.1586212839062073
12,2,stroop:s02:r1,always_fuse,1494,0,0.5453987584445884,0.4546012415554116
12,2,stroop:s02:r1,always_nn,1494,0,0.6758204960129888,0.3241795039870112
12,2,stroop:s02:r2,always_fuse,1494,1,0.5053046097673369,0.494695390232663
12,2,stroop:s02:r2,always_nn,1494,1,0.5643124509882536,0.4356875490117465
12,2,stroop:s02:r3,always_fuse,1494,1,0.4919182033863483,0.5080817966136516
12,2,stroop:s02:r3,always_nn,1494,1,0.4626085239416592,0.5373914760583407
12,2,stroop:s02:r0,always_fuse,1547,0,0.6893844644626033,0.3106155355373967
12,2,stroop:s02:r0,always_nn,1547,0,0.9889762939185496,0.0110237060814504
12,2,stroop:s02:r1,always_fuse,1547,0,0.6798890664957801,0.3201109335042198
12,2,stroop:s02:r1,always_nn,1547,0,0.9907666795287736,0.0092333204712263
12,2,stroop:s02:r2,always_fuse,1547,1,0.6161082236137089,0.3838917763862911
12,2,stroop:s02:r2,always_nn,1547,1,0.9644078380900314,0.0355921619099687
12,2,stroop:s02:r3,always_fuse,1547,1,0.6357163467901978,0.3642836532098022
12,2,stroop:s02:r3,always_nn,1547,1,0.9782832403203016,0.0217167596796985
12,3,stroop:s03:r0,always_fuse,1335,0,0.7102764790378826,0.2897235209621174
12,3,stroop:s03:r0,always_nn,1335,0,0.9997699677671604,0.0002300322328396
12,3,stroop:s03:r1,always_fuse,1335,0,0.5258593957353054,0.4741406042646947
12,3,stroop:s03:r1,always_nn,1335,0,0.7999147278680839,0.2000852721319159
12,3,stroop:s03:r2,always_fuse,1335,1,0.4843126155388557,0.5156873844611444
12,3,stroop:s03:r2,always_nn,1335,1,0.2635520300952786,0.7364479699047214
12,3,stroop:s03:r3,always_fuse,1335,1,0.2833024479797579,0.7166975520202421
12,3,stroop:s03:r3,always_nn,1335,1,0.0004307578380392,0.9995692421619607
12,3,stroop:s03:r0,always_fuse,1388,0,0.7827466421251479,0.2172533578748521
12,3,stroop:s03:r0,always_nn,1388,0,0.9999980839209116,1.916079088576525e-06
12,3,stroop:s03:r1,always_fuse,1388,0,0.4884396151272396,0.5115603848727605
12,3,stroop:s03:r1,always_nn,1388,0,0.6059959249669078,0.3940040750330921
12,3,stroop:s03:r2,always_fuse,1388,1,0.4970772703106784,0.5029227296893216
12,3,stroop:s03:r2,always_nn,1388,1,0.3967670935566911,0.6032329064433087
12,3,stroop:s03:r3,always_fuse,1388,1,0.395883126962952,0.604116873037048
12,3,stroop:s03:r3,always_nn,1388,1,0.0792518373914501,0.9207481626085496
12,3,stroop:s03:r0,always_fuse,1441,0,0.7699165046731135,0.2300834953268865
12,3,stroop:s03:r0,always_nn,1441,0,0.9999931581058372,6.84189416269838e-06
12,3,stroop:s03:r1,always_fuse,1441,0,0.6192133057544134,0.3807866942455866
12,3,stroop:s03:r1,always_nn,1441,0,0.9954186033070432,0.0045813966929568
12,3,stroop:s03:r2,always_fuse,1441,1,0.5057414899901044,0.4942585100098955
12,3,stroop:s03:r2,always_nn,1441,1,0.3206693420620092,0.6793306579379907
12,3,stroop:s03:r3,always_fuse,1441,1,0.3568724366890772,0.6431275633109227
12,3,stroop:s03:r3,always_nn,1441,1,0.0143721262998573,0.9856278737001428
12,3,stroop:s03:r0,always_fuse,1494,0,0.8176048425836826,0.1823951574163174
12,3,stroop:s03:r0,always_nn,1494,0,0.999994401967256,5.598032743913282e-06
12,3,stroop:s03:r1,always_fuse,1494,0,0.5725942657702581,0.4274057342297419
12,3,stroop:s03:r1,always_nn,1494,0,0.931433249591596,0.0685667504084041
12,3,stroop:s03:r2,always_fuse,1494,1,0.553053094832959,0.4469469051670411
12,3,stroop:s03:r2,always_nn,1494,1,0.6848501908356921,0.315149809164308
12,3,stroop:s03:r3,always_fuse,1494,1,0.3934590734407087,0.6065409265592913
12,3,stroop:s03:r3,always_nn,1494,1,0.0873984124858619,0.912601587514138
12,3,stroop:s03:r0,always_fuse,1547,0,0.8141769580694215,0.1858230419305785
12,3,stroop:s03:r0,always_nn,1547,0,0.999997039204504,2.960795496144899e-06
12,3,stroop:s03:r1,always_fuse,1547,0,0.5295904916651508,0.4704095083348492
12,3,stroop:s03:r1,always_nn,1547,0,0.8327775196471773,0.1672224803528227
12,3,stroop:s03:r2,always_fuse,1547,1,0.4624102844162298,0.5375897155837702
12,3,stroop:s03:r2,always_nn,1547,1,0.1919869977480615,0.8080130022519385
12,3,stroop:s03:r3,always_fuse,1547,1,0.2738274736454819,0.7261725263545181
12,3,stroop:s03:r3,always_nn,1547,1,0.0029162937549977,0.9970837062450022
12,4,stroop:s04:r0,always_fuse,1335,0,0.6290810665533314,0.3709189334466686
12,4,stroop:s04:r0,always_nn,1335,0,0.9892953960444852,0.0107046039555148
12,4,stroop:s04:r1,always_fuse,1335,0,0.4629477841213633,0.5370522158786366
12,4,stroop:s04:r1,always_nn,1335,0,0.4423463360692062,0.5576536639307939
12,4,stroop:s04:r2,always_fuse,1335,1,0.3951572460271884,0.6048427539728116
12,4,stroop:s04:r2,always_nn,1335,1,0.0449108874574292,0.9550891125425708
12,4,stroop:s04:r3,always_fuse,1335,1,0.3388513282133424,0.6611486717866576
12,4,stroop:s04:r3,always_nn,1335,1,0.006274644750991,0.993725355249009
12,4,stroop:s04:r0,always_fuse,1388,0,0.6930955613018221,0.3069044386981778
12,4,stroop:s04:r0,always_nn,1388,0,0.9994776443340933,0.0005223556659068
12,4,stroop:s04:r1,always_fuse,1388,0,0.4716120163565219,0.5283879836434782
12,4,stroop:s04:r1,always_nn,1388,0,0.6527645221835198,0.3472354778164803
12,4,stroop:s04:r2,always_fuse,1388,1,0.4604259426762873,0.5395740573237128
12,4,stroop:s04:r2,always_nn,1388,1,0.4801290963060798,0.5198709036939202
12,4,stroop:s04:r3,always_fuse,1388,1,0.3923732970586257,0.6076267029413743
12,4,stroop:s04:r3,always_nn,1388,1,0.0611799532954601,0.93882004670454
12,4,stroop:s04:r0,always_fuse,1441,0,0.6849489259904598,0.3150510740095402
12,4,stroop:s04:r0,always_nn,1441,0,0.9991656917451056,0.0008343082548942
12,4,stroop:s04:r1,always_fuse,1441,0,0.4531793076549513,0.5468206923450486
12,4,stroop:s04:r1,always_nn,1441,0,0.7060364419096633,0.2939635580903367
12,4,stroop:s04:r2,always_fuse,1441,1,0.3708427618376252,0.6291572381623748
12,4,stroop:s04:r2,always_nn,1441,1,0.0949513990237743,0.9050486009762256
12,4,stroop:s04:r3,always_fuse,1441,1,0.2944241411620472,0.7055758588379527
12,4,stroop:s04:r3,always_nn,1441,1,0.0058525458780439,0.994147454121956
12,4,stroop:s04:r0,always_fuse,1494,0,0.6307434432074415,0.3692565567925585
12,4,stroop:s04:r0,always_nn,1494,0,0.9860370842700708,0.0139629157299292
12,4,stroop:s04:r1,always_fuse,1494,0,0.4427796660289009,0.557220333971099
12,4,stroop:s04:r1,always_nn,1494,0,0.4046013998283627,0.5953986001716373
12,4,stroop:s04:r2,always_fuse,1494,1,0.4469236732505483,0.5530763267494517
12,4,stroop:s04:r2,always_nn,1494,1,0.3461800515939184,0.6538199484060816
12,4,stroop:s04:r3,always_fuse,1494,1,0.4263246418734834,0.5736753581265166
12,4,stroop:s04:r3,always_nn,1494,1,0.2507292920786795,0.7492707079213204
12,4,stroop:s04:r0,always_fuse,1547,0,0.5447989025152473,0.4552010974847527
12,4,stroop:s04:r0,always_nn,1547,0,0.8910404715196212,0.1089595284803789
12,4,stroop:s04:r1,always_fuse,1547,0,0.410046785882563,0.5899532141174371
12,4,stroop:s04:r1,always_nn,1547,0,0.2406429961928137,0.7593570038071862
12,4,stroop:s04:r2,always_fuse,1547,1,0.3999965264833991,0.6000034735166009
12,4,stroop:s04:r2,always_nn,1547,1,0.1601424331964717,0.8398575668035283
12,4,stroop:s04:r3,always_fuse,1547,1,0.3862197636612427,0.6137802363387573
12,4,stroop:s04:r3,always_nn,1547,1,0.1182883957588791,0.8817116042411208
12,5,stroop:s05:r0,always_fuse,1335,0,0.8016765535385694,0.1983234464614306
12,5,stroop:s05:r0,always_nn,1335,0,0.999999976955612,2.304438816028527e-08
12,5,stroop:s05:r1,always_fuse,1335,0,0.4931452316388562,0.5068547683611438
12,5,stroop:s05:r1,always_nn,1335,0,0.7350164081675203,0.2649835918324797
12,5,stroop:s05:r2,always_fuse,1335,1,0.4159751541488169,0.5840248458511832
12,5,stroop:s05:r2,always_nn,1335,1,0.1202521985603394,0.8797478014396606
12,5,stroop:s05:r3,always_fuse,1335,1,0.3633405521544052,0.6366594478455948
12,5,stroop:s05:r3,always_nn,1335,1,0.0243551320131062,0.9756448679868936
12,5,stroop:s05:r0,always_fuse,1388,0,0.7698812929725289,0.230118707027471
12,5,stroop:s05:r0,always_nn,1388,0,0.999974225277686,2.577472231395562e-05
12,5,stroop:s05:r1,always_fuse,1388,0,0.4544138423840464,0.5455861576159535
12,5,stroop:s05:r1,always_nn,1388,0,0.4912780252223407,0.5087219747776592
12,5,stroop:s05:r2,always_fuse,1388,1,0.4232254718559644,0.5767745281440356
12,5,stroop:s05:r2,always_nn,1388,1,0.1664683329206779,0.8335316670793221
12,5,stroop:s05:r3,always_fuse,1388,1,0.4062987699906336,0.5937012300093665
12,5,stroop:s05:r3,always_nn,1388,1,0.1474855019829815,0.8525144980170184
12,5,stroop:s05:r0,always_fuse,1441,0,0.7926219270076282,0.2073780729923717
12,5,stroop:s05:r0,always_nn,1441,0,0.9999963065853144,3.693414685557878e-06
12,5,stroop:s05:r1,always_fuse,1441,0,0.4738331177977364,0.5261668822022635
12,5,stroop:s05:r1,always_nn,1441,0,0.7524350368245645,0.2475649631754355
12,5,stroop:s05:r2,always_fuse,1441,1,0.4347374419296118,0.5652625580703882
12,5,stroop:s05:r2,always_nn,1441,1,0.3763793200759255,0.6236206799240744
12,5,stroop:s05:r3,always_fuse,1441,1,0.3738302309443814,0.6261697690556186
12,5,stroop:s05:r3,always_nn,1441,1,0.0827806209877532,0.9172193790122468
12,5,stroop:s05:r0,always_fuse,1494,0,0.8697614021152332,0.1302385978847668
12,5,stroop:s05:r0,always_nn,1494,0,0.999999999393608,6.063920075837803e-10
12,5,stroop:s05:r1,always_fuse,1494,0,0.471423112208586,0.528576887791414
12,5,stroop:s05:r1,always_nn,1494,0,0.6693082650874181,0.3306917349125819
12,5,stroop:s05:r2,always_fuse,1494,1,0.3144727024130322,0.6855272975869677
12,5,stroop:s05:r2,always_nn,1494,1,0.0137576926825352,0.9862423073174648
12,5,stroop:s05:r3,always_fuse,1494,1,0.2582222456567823,0.7417777543432177
12,5,stroop:s05:r3,always_nn,1494,1,0.0041093722327013,0.9958906277672988
12,5,stroop:s05:r0,always_fuse,1547,0,0.8283208356742262,0.1716791643257737
12,5,stroop:s05:r0,always_nn,1547,0,0.9999999954844278,4.515572188201206e-09
12,5,stroop:s05:r1,always_fuse,1547,0,0.4442596842700395,0.5557403157299605
12,5,stroop:s05:r1,always_nn,1547,0,0.4810672389219468,0.5189327610780531
12,5,stroop:s05:r2,always_fuse,1547,1,0.3791493714261911,0.6208506285738089
12,5,stroop:s05:r2,always_nn,1547,1,0.080499241987056,0.919500758012944
12,5,stroop:s05:r3,always_fuse,1547,1,0.2912317649449272,0.7087682350550728
12,5,stroop:s05:r3,always_nn,1547,1,0.0054694391013811,0.9945305608986188
12,6,stroop:s06:r0,always_fuse,1335,0,0.4535898681532558,0.546410131846744
12,6,stroop:s06:r0,always_nn,1335,0,0.5829913554651556,0.4170086445348444
12,6,stroop:s06:r1,always_fuse,1335,0,0.5407321422063981,0.4592678577936019
12,6,stroop:s06:r1,always_nn,1335,0,0.9630865453669688,0.0369134546330313
12,6,stroop:s06:r2,always_fuse,1335,1,0.3982681991437412,0.6017318008562588
12,6,stroop:s06:r2,always_nn,1335,1,0.0510970144017233,0.9489029855982766
12,6,stroop:s06:r3,always_fuse,1335,1,0.4092530291947198,0.5907469708052803
12,6,stroop:s06:r3,always_nn,1335,1,0.4349940390361316,0.5650059609638682
12,6,stroop:s06:r0,always_fuse,1388,0,0.4284420240640357,0.5715579759359644
12,6,stroop:s06:r0,always_nn,1388,0,0.497286831901565,0.502713168098435
12,6,stroop:s06:r1,always_fuse,1388,0,0.4839974585549245,0.5160025414450755
12,6,stroop:s06:r1,always_nn,1388,0,0.8396023342937203,0.1603976657062797
12,6,stroop:s06:r2,always_fuse,1388,1,0.4563054427966578,0.5436945572033421
12,6,stroop:s06:r2,always_nn,1388,1,0.4428981849032898,0.5571018150967102
12,6,stroop:s06:r3,always_fuse,1388,1,0.3974200289722324,0.6025799710277676
12,6,stroop:s06:r3,always_nn,1388,1,0.4861798225988498,0.5138201774011503
12,6,stroop:s06:r0,always_fuse,1441,0,0.412101589685215,0.5878984103147851
12,6,stroop:s06:r0,always_nn,1441,0,0.4022788134194441,0.5977211865805558
12,6,stroop:s06:r1,always_fuse,1441,0,0.4828641813101931,0.5171358186898068
12,6,stroop:s06:r1,always_nn,1441,0,0.8522009746899681,0.1477990253100318
12,6,stroop:s06:r2,always_fuse,1441,1,0.4584777702049711,0.5415222297950288
12,6,stroop:s06:r2,always_nn,1441,1,0.5939174454357322,0.4060825545642678
12,6,stroop:s06:r3,always_fuse,1441,1,0.3996490447458526,0.6003509552541473
12,6,stroop:s06:r3,always_nn,1441,1,0.5050464249242002,0.4949535750757998
12,6,stroop:s06:r0,always_fuse,1494,0,0.4247713972121035,0.5752286027878964
12,6,stroop:s06:r0,always_nn,1494,0,0.4670049366987334,0.5329950633012666
12,6,stroop:s06:r1,always_fuse,1494,0,0.4406223656994664,0.5593776343005337
12,6,stroop:s06:r1,always_nn,1494,0,0.5368748237280845,0.4631251762719155
12,6,stroop:s06:r2,always_fuse,1494,1,0.374699042197903,0.6253009578020968
12,6,stroop:s06:r2,always_nn,1494,1,0.1133383013183129,0.886661698681687
12,6,stroop:s06:r3,always_fuse,1494,1,0.4228280409480834,0.5771719590519164
12,6,stroop:s06:r3,always_nn,1494,1,0.560038681826924,0.4399613181730761
12,6,stroop:s06:r0,always_fuse,1547,0,0.3780817409491154,0.6219182590508846
12,6,stroop:s06:r0,always_nn,1547,0,0.234983820833522,0.765016179166478
12,6,stroop:s06:r1,always_fuse,1547,0,0.4357248519190016,0.5642751480809984
12,6,stroop:s06:r1,always_nn,1547,0,0.5486423889926813,0.4513576110073188
12,6,stroop:s06:r2,always_fuse,1547,1,0.460724825066461,0.5392751749335389
12,6,stroop:s06:r2,always_nn,1547,1,0.5909035513035872,0.4090964486964127
12,6,stroop:s06:r3,always_fuse,1547,1,0.3763893812664684,0.6236106187335315
12,6,stroop:s06:r3,always_nn,1547,1,0.3096777193330691,0.6903222806669308
12,7,stroop:s07:r0,always_fuse,1335,0,0.7977867619278499,0.2022132380721501
12,7,stroop:s07:r0,always_nn,1335,0,0.9999998464416332,1.535583668534131e-07
12,7,stroop:s07:r1,always_fuse,1335,0,0.5124002644160196,0.4875997355839804
12,7,stroop:s07:r1,always_nn,1335,0,0.7435779238971858,0.2564220761028141
12,7,stroop:s07:r2,always_fuse,1335,1,0.4468123165414523,0.5531876834585476
12,7,stroop:s07:r2,always_nn,1335,1,0.232979299721339,0.767020700278661
12,7,stroop:s07:r3,always_fuse,1335,1,0.4195302570301548,0.5804697429698451
12,7,stroop:s07:r3,always_nn,1335,1,0.1036342685953158,0.8963657314046841
12,7,stroop:s07:r0,always_fuse,1388,0,0.7798606241717103,0.2201393758282897
12,7,stroop:s07:r0,always_nn,1388,0,0.999984201426485,1.5798573514956734e-05
12,7,stroop:s07:r1,always_fuse,1388,0,0.5149175977381478,0.4850824022618522
12,7,stroop:s07:r1,always_nn,1388,0,0.7922191308424735,0.2077808691575265
12,7,stroop:s07:r2,always_fuse,1388,1,0.4695526728054215,0.5304473271945785
12,7,stroop:s07:r2,always_nn,1388,1,0.4005297482476435,0.5994702517523565
12,7,stroop:s07:r3,always_fuse,1388,1,0.4708690575333751,0.529130942466625
12,7,stroop:s07:r3,always_nn,1388,1,0.4751266648299067,0.5248733351700933
12,7,stroop:s07:r0,always_fuse,1441,0,0.793356494337129,0.2066435056628711
12,7,stroop:s07:r0,always_nn,1441,0,0.9999967427593398,3.2572406600755604e-06
12,7,stroop:s07:r1,always_fuse,1441,0,0.4941157205279416,0.5058842794720585
12,7,stroop:s07:r1,always_nn,1441,0,0.7520834249220845,0.2479165750779156
12,7,stroop:s07:r2,always_fuse,1441,1,0.4559697578774606,0.5440302421225394
12,7,stroop:s07:r2,always_nn,1441,1,0.4550297525735414,0.5449702474264587
12,7,stroop:s07:r3,always_fuse,1441,1,0.4355234662979579,0.5644765337020421
12,7,stroop:s07:r3,always_nn,1441,1,0.3007321824466736,0.6992678175533263
12,7,stroop:s07:r0,always_fuse,1494,0,0.8510118536769515,0.1489881463230485
12,7,stroop:s07:r0,always_nn,1494,0,0.999999868279834,1.317201659327318e-07
12,7,stroop:s07:r1,always_fuse,1494,0,0.5549583964733232,0.4450416035266767
12,7,stroop:s07:r1,always_nn,1494,0,0.9181194612452176,0.0818805387547822
12,7,stroop:s07:r2,always_fuse,1494,1,0.4341314172006463,0.5658685827993536
12,7,stroop:s07:r2,always_nn,1494,1,0.2840287924153024,0.7159712075846977
12,7,stroop:s07:r3,always_fuse,1494,1,0.4143597322830379,0.5856402677169621
12,7,stroop:s07:r3,always_nn,1494,1,0.1711807959249604,0.8288192040750395
12,7,stroop:s07:r0,always_fuse,1547,0,0.8055076045147395,0.1944923954852604
12,7,stroop:s07:r0,always_nn,1547,0,0.9999994058507082,5.941492918101488e-07
12,7,stroop:s07:r1,always_fuse,1547,0,0.4853125918087313,0.5146874081912688
12,7,stroop:s07:r1,always_nn,1547,0,0.6719716074189052,0.3280283925810949
12,7,stroop:s07:r2,always_fuse,1547,1,0.4472214534957022,0.5527785465042977
12,7,stroop:s07:r2,always_nn,1547,1,0.3916838389352038,0.6083161610647961
12,7,stroop:s07:r3,always_fuse,1547,1,0.4414445825978204,0.5585554174021796
12,7,stroop:s07:r3,always_nn,1547,1,0.3393345838550191,0.6606654161449809
12,8,stroop:s08:r0,always_fuse,1335,0,0.6203898042909485,0.3796101957090516
12,8,stroop:s08:r0,always_nn,1335,0,0.9961107300853712,0.0038892699146287
12,8,stroop:s08:r1,always_fuse,1335,0,0.4935462617532787,0.5064537382467211
12,8,stroop:s08:r1,always_nn,1335,0,0.7503493711361281,0.2496506288638719
12,8,stroop:s08:r2,always_fuse,1335,1,0.3560071093875963,0.6439928906124036
12,8,stroop:s08:r2,always_nn,1335,1,0.067317485272254,0.932682514727746
12,8,stroop:s08:r3,always_fuse,1335,1,0.265729768888464,0.734270231111536
12,8,stroop:s08:r3,always_nn,1335,1,0.0025286449287452,0.9974713550712548
12,8,stroop:s08:r0,always_fuse,1388,0,0.6386324710675403,0.3613675289324598
12,8,stroop:s08:r0,always_nn,1388,0,0.99866425356241,0.00133574643759
12,8,stroop:s08:r1,always_fuse,1388,0,0.5707193488183806,0.4292806511816194
12,8,stroop:s08:r1,always_nn,1388,0,0.9797363018402244,0.0202636981597757
12,8,stroop:s08:r2,always_fuse,1388,1,0.4012557794664328,0.5987442205335671
12,8,stroop:s08:r2,always_nn,1388,1,0.2158810348671823,0.7841189651328176
12,8,stroop:s08:r3,always_fuse,1388,1,0.3042608595819584,0.6957391404180415
12,8,stroop:s08:r3,always_nn,1388,1,0.00879720971888,0.9912027902811198
12,8,stroop:s08:r0,always_fuse,1441,0,0.7232601177046365,0.2767398822953636
12,8,stroop:s08:r0,always_nn,1441,0,0.9999979882659388,2.0117340613591703e-06
12,8,stroop:s08:r1,always_fuse,1441,0,0.5547493265868354,0.4452506734131646
12,8,stroop:s08:r1,always_nn,1441,0,0.97652192860652,0.0234780713934801
12,8,stroop:s08:r2,always_fuse,1441,1,0.3533198937772532,0.6466801062227467
12,8,stroop:s08:r2,always_nn,1441,1,0.0317810382362295,0.9682189617637704
12,8,stroop:s08:r3,always_fuse,1441,1,0.2557286135819906,0.7442713864180094
12,8,stroop:s08:r3,always_nn,1441,1,0.0009438879178006,0.9990561120821996
12,8,stroop:s08:r0,always_fuse,1494,0,0.6903806135414051,0.3096193864585948
12,8,stroop:s08:r0,always_nn,1494,0,0.9991969680348356,0.0008030319651644
12,8,stroop:s08:r1,always_fuse,1494,0,0.5331722989526959,0.4668277010473041
12,8,stroop:s08:r1,always_nn,1494,0,0.9063590352535156,0.0936409647464844
12,8,stroop:s08:r2,always_fuse,1494,1,0.394503116120307,0.605496883879693
12,8,stroop:s08:r2,always_nn,1494,1,0.1934506460586854,0.8065493539413146
12,8,stroop:s08:r3,always_fuse,1494,1,0.3275704610680797,0.6724295389319201
12,8,stroop:s08:r3,always_nn,1494,1,0.0381187272449706,0.9618812727550294
12,8,stroop:s08:r0,always_fuse,1547,0,0.7282312419254683,0.2717687580745316
12,8,stroop:s08:r0,always_nn,1547,0,0.999969490154455,3.0509845545007e-05
12,8,stroop:s08:r1,always_fuse,1547,0,0.5261055049196681,0.4738944950803319
12,8,stroop:s08:r1,always_nn,1547,0,0.9095476048867668,0.0904523951132332
12,8,stroop:s08:r2,always_fuse,1547,1,0.3958329573490618,0.6041670426509382
12,8,stroop:s08:r2,always_nn,1547,1,0.3392844770857599,0.6607155229142401
12,8,stroop:s08:r3,always_fuse,1547,1,0.2958761919286123,0.7041238080713876
12,8,stroop:s08:r3,always_nn,1547,1,0.0130925636214879,0.986907436378512
12,9,stroop:s09:r0,always_fuse,1335,0,0.837703415873343,0.162296584126657
12,9,stroop:s09:r0,always_nn,1335,0,0.9999970185155748,2.981484425351769e-06
12,9,stroop:s09:r1,always_fuse,1335,0,0.5295669112630671,0.470433088736933
12,9,stroop:s09:r1,always_nn,1335,0,0.7220242596732492,0.2779757403267507
12,9,stroop:s09:r2,always_fuse,1335,1,0.4327550100483118,0.5672449899516881
12,9,stroop:s09:r2,always_nn,1335,1,0.1157341320661799,0.8842658679338201
12,9,stroop:s09:r3,always_fuse,1335,1,0.5142592727425052,0.4857407272574948
12,9,stroop:s09:r3,always_nn,1335,1,0.7212679419235004,0.2787320580764996
12,9,stroop:s09:r0,always_fuse,1388,0,0.866944892771053,0.1330551072289469
12,9,stroop:s09:r0,always_nn,1388,0,0.9999999999117514,8.824863147612234e-11
12,9,stroop:s09:r1,always_fuse,1388,0,0.5209976076271458,0.4790023923728542
12,9,stroop:s09:r1,always_nn,1388,0,0.8988286162416644,0.1011713837583355
12,9,stroop:s09:r2,always_fuse,1388,1,0.3108999117546307,0.6891000882453693
12,9,stroop:s09:r2,always_nn,1388,1,0.0015913950774987,0.9984086049225012
12,9,stroop:s09:r3,always_fuse,1388,1,0.4320428269199696,0.5679571730800304
12,9,stroop:s09:r3,always_nn,1388,1,0.2627526021602047,0.7372473978397953
12,9,stroop:s09:r0,always_fuse,1441,0,0.852074494824955,0.1479255051750449
12,9,stroop:s09:r0,always_nn,1441,0,0.9999998796028956,1.2039710449200374e-07
12,9,stroop:s09:r1,always_fuse,1441,0,0.5117150680721527,0.4882849319278472
12,9,stroop:s09:r1,always_nn,1441,0,0.7582716214022499,0.2417283785977501
12,9,stroop:s09:r2,always_fuse,1441,1,0.3404440557597466,0.6595559442402533
12,9,stroop:s09:r2,always_nn,1441,1,0.0097872203602554,0.9902127796397444
12,9,stroop:s09:r3,always_fuse,1441,1,0.4925014453309163,0.5074985546690836
12,9,stroop:s09:r3,always_nn,1441,1,0.6900471362034512,0.3099528637965489
12,9,stroop:s09:r0,always_fuse,1494,0,0.8207301229208571,0.1792698770791429
12,9,stroop:s09:r0,always_nn,1494,0,0.9998549682971644,0.0001450317028354
12,9,stroop:s09:r1,always_fuse,1494,0,0.4767196205070083,0.5232803794929916
12,9,stroop:s09:r1,always_nn,1494,0,0.3836201166233998,0.6163798833766002
12,9,stroop:s09:r2,always_fuse,1494,1,0.4028364617933747,0.5971635382066253
12,9,stroop:s09:r2,always_nn,1494,1,0.0876317648259928,0.9123682351740072
12,9,stroop:s09:r3,always_fuse,1494,1,0.4750139099781185,0.5249860900218815
12,9,stroop:s09:r3,always_nn,1494,1,0.4241966859022319,0.575803314097768
12,9,stroop:s09:r0,always_fuse,1547,0,0.8436182101718348,0.1563817898281651
12,9,stroop:s09:r0,always_nn,1547,0,0.9999978026051022,2.1973948978403303e-06
12,9,stroop:s09:r1,always_fuse,1547,0,0.4839284718763364,0.5160715281236636
12,9,stroop:s09:r1,always_nn,1547,0,0.5014454018871339,0.4985545981128662
12,9,stroop:s09:r2,always_fuse,1547,1,0.3881105591624824,0.6118894408375175
12,9,stroop:s09:r2,always_nn,1547,1,0.0712495881250883,0.9287504118749116
12,9,stroop:s09:r3,always_fuse,1547,1,0.456847261991506,0.543152738008494
12,9,stroop:s09:r3,always_nn,1547,1,0.3767513489700593,0.6232486510299406
12,10,stroop:s10:r0,always_fuse,1335,0,0.7252733028616005,0.2747266971383995
12,10,stroop:s10:r0,always_nn,1335,0,0.9991872078326282,0.0008127921673717
12,10,stroop:s10:r1,always_fuse,1335,0,0.5294188262035622,0.4705811737964378
12,10,stroop:s10:r1,always_nn,1335,0,0.7112617667328267,0.2887382332671732
12,10,stroop:s10:r2,always_fuse,1335,1,0.5264786524294387,0.4735213475705613
12,10,stroop:s10:r2,always_nn,1335,1,0.683070372032864,0.316929627967136
12,10,stroop:s10:r3,always_fuse,1335,1,0.3990604447219047,0.6009395552780953
12,10,stroop:s10:r3,always_nn,1335,1,0.1401527000077811,0.8598472999922188
12,10,stroop:s10:r0,always_fuse,1388,0,0.6655778796356974,0.3344221203643026
12,10,stroop:s10:r0,always_nn,1388,0,0.9916076508328432,0.0083923491671568
12,10,stroop:s10:r1,always_fuse,1388,0,0.5132138878649775,0.4867861121350225
12,10,stroop:s10:r1,always_nn,1388,0,0.6136966035053141,0.3863033964946858
12,10,stroop:s10:r2,always_fuse,1388,1,0.52354620643811,0.47645379356189
12,10,stroop:s10:r2,always_nn,1388,1,0.7221288985038588,0.2778711014961412
12,10,stroop:s10:r3,always_fuse,1388,1,0.3998699938623713,0.6001300061376287
12,10,stroop:s10:r3,always_nn,1388,1,0.1626039593900022,0.8373960406099978
12,10,stroop:s10:r0,always_fuse,1441,0,0.6220062136788884,0.3779937863211116
12,10,stroop:s10:r0,always_nn,1441,0,0.9717348822397552,0.0282651177602445
12,10,stroop:s10:r1,always_fuse,1441,0,0.4629777343239668,0.5370222656760332
12,10,stroop:s10:r1,always_nn,1441,0,0.3824568190658409,0.617543180934159
12,10,stroop:s10:r2,always_fuse,1441,1,0.4637712136355739,0.5362287863644262
12,10,stroop:s10:r2,always_nn,1441,1,0.3890819906862953,0.6109180093137047
12,10,stroop:s10:r3,always_fuse,1441,1,0.3768627658995087,0.6231372341004913
12,10,stroop:s10:r3,always_nn,1441,1,0.1392752663430546,0.8607247336569454
12,10,stroop:s10:r0,always_fuse,1494,0,0.7200313544572227,0.2799686455427774
12,10,stroop:s10:r0,always_nn,1494,0,0.9980193346242816,0.0019806653757185
12,10,stroop:s10:r1,always_fuse,1494,0,0.5053355214789126,0.4946644785210874
12,10,stroop:s10:r1,always_nn,1494,0,0.5918483072684636,0.4081516927315364
12,10,stroop:s10:r2,always_fuse,1494,1,0.5075991164999558,0.4924008835000442
12,10,stroop:s10:r2,always_nn,1494,1,0.6014341556151247,0.3985658443848754
12,10,stroop:s10:r3,always_fuse,1494,1,0.3355838769396191,0.6644161230603808
12,10,stroop:s10:r3,always_nn,1494,1,0.0320609266537747,0.9679390733462252
12,10,stroop:s10:r0,always_fuse,1547,0,0.6585721335332869,0.341427866466713
12,10,stroop:s10:r0,always_nn,1547,0,0.9897649805429156,0.0102350194570844
12,10,stroop:s10:r1,always_fuse,1547,0,0.5225119673502256,0.4774880326497743
12,10,stroop:s10:r1,always_nn,1547,0,0.7878806442684859,0.212119355731514
12,10,stroop:s10:r2,always_fuse,1547,1,0.5260859372214045,0.4739140627785955
12,10,stroop:s10:r2,always_nn,1547,1,0.8079469247914884,0.1920530752085116
12,10,stroop:s10:r3,always_fuse,1547,1,0.4421154784249322,0.5578845215750678
12,10,stroop:s10:r3,always_nn,1547,1,0.4641980865598766,0.5358019134401233
12,11,stroop:s11:r0,always_fuse,1335,0,0.62752854379527,0.37247145620473
12,11,stroop:s11:r0,always_nn,1335,0,0.9872974339172644,0.0127025660827355
12,11,stroop:s11:r1,always_fuse,1335,0,0.4776432555387376,0.5223567444612623
12,11,stroop:s11:r1,always_nn,1335,0,0.5661578263908603,0.4338421736091397
12,11,stroop:s11:r2,always_fuse,1335,1,0.4806443736892188,0.5193556263107811
12,11,stroop:s11:r2,always_nn,1335,1,0.5316590775300317,0.4683409224699683
12,11,stroop:s11:r3,always_fuse,1335,1,0.5020179002518498,0.4979820997481503
12,11,stroop:s11:r3,always_nn,1335,1,0.6613406108893167,0.3386593891106833
12,11,stroop:s11:r0,always_fuse,1388,0,0.5809451351405301,0.4190548648594699
12,11,stroop:s11:r0,always_nn,1388,0,0.954315869178616,0.045684130821384
12,11,stroop:s11:r1,always_fuse,1388,0,0.4707976322848633,0.5292023677151367
12,11,stroop:s11:r1,always_nn,1388,0,0.5167782306751553,0.4832217693248448
12,11,stroop:s11:r2,always_fuse,1388,1,0.4728208494255266,0.5271791505744733
12,11,stroop:s11:r2,always_nn,1388,1,0.5108998283833799,0.48910017161662
12,11,stroop:s11:r3,always_fuse,1388,1,0.4733728961730433,0.5266271038269565
12,11,stroop:s11:r3,always_nn,1388,1,0.4550497683520475,0.5449502316479525
12,11,stroop:s11:r0,always_fuse,1441,0,0.6032772376928858,0.3967227623071142
12,11,stroop:s11:r0,always_nn,1441,0,0.9861670435877689,0.0138329564122311
12,11,stroop:s11:r1,always_fuse,1441,0,0.4642558891869335,0.5357441108130665
12,11,stroop:s11:r1,always_nn,1441,0,0.6415151772875851,0.3584848227124148
12,11,stroop:s11:r2,always_fuse,1441,1,0.4603955990885027,0.5396044009114973
12,11,stroop:s11:r2,always_nn,1441,1,0.5652840870140032,0.4347159129859969
12,11,stroop:s11:r3,always_fuse,1441,1,0.4588736474642942,0.5411263525357058
12,11,stroop:s11:r3,always_nn,1441,1,0.4868369165787,0.5131630834212999
12,11,stroop:s11:r0,always_fuse,1494,0,0.5937122324052221,0.4062877675947778
12,11,stroop:s11:r0,always_nn,1494,0,0.9458112550615146,0.0541887449384854
12,11,stroop:s11:r1,always_fuse,1494,0,0.5184579177684846,0.4815420822315154
12,11,stroop:s11:r1,always_nn,1494,0,0.8098198663827035,0.1901801336172964
12,11,stroop:s11:r2,always_fuse,1494,1,0.5083398674973942,0.4916601325026057
12,11,stroop:s11:r2,always_nn,1494,1,0.7626609043818287,0.2373390956181714
12,11,stroop:s11:r3,always_fuse,1494,1,0.520242148969718,0.479757851030282
12,11,stroop:s11:r3,always_nn,1494,1,0.7909034709696188,0.2090965290303811
12,11,stroop:s11:r0,always_fuse,1547,0,0.558955612758005,0.441044387241995
12,11,stroop:s11:r0,always_nn,1547,0,0.9087187317608846,0.0912812682391153
12,11,stroop:s11:r1,always_fuse,1547,0,0.436339602714885,0.5636603972851151
12,11,stroop:s11:r1,always_nn,1547,0,0.3648242123960872,0.6351757876039127
12,11,stroop:s11:r2,always_fuse,1547,1,0.451343723438416,0.548656276561584
12,11,stroop:s11:r2,always_nn,1547,1,0.4399123792288384,0.5600876207711615
12,11,stroop:s11:r3,always_fuse,1547,1,0.4498115235956231,0.550188476404377
12,11,stroop:s11:r3,always_nn,1547,1,0.3977260480802723,0.6022739519197278
12,13,stroop:s13:r0,always_fuse,1335,0,0.8020937039226177,0.1979062960773823
12,13,stroop:s13:r0,always_nn,1335,0,0.99999973825955,2.617404497871888e-07
12,13,stroop:s13:r1,always_fuse,1335,0,0.5072892772702098,0.4927107227297903
12,13,stroop:s13:r1,always_nn,1335,0,0.4660547433613251,0.5339452566386748
12,13,stroop:s13:r2,always_fuse,1335,1,0.5315813499708734,0.4684186500291266
12,13,stroop:s13:r2,always_nn,1335,1,0.4873058439819087,0.5126941560180912
12,13,stroop:s13:r3,always_fuse,1335,1,0.4168982437721846,0.5831017562278155
12,13,stroop:s13:r3,always_nn,1335,1,0.029222453845372,0.970777546154628
12,13,stroop:s13:r0,always_fuse,1388,0,0.7973701890936202,0.2026298109063797
12,13,stroop:s13:r0,always_nn,1388,0,0.999999860244892,1.3975510792554333e-07
12,13,stroop:s13:r1,always_fuse,1388,0,0.508109872721557,0.4918901272784429
12,13,stroop:s13:r1,always_nn,1388,0,0.5514618486954349,0.4485381513045651
12,13,stroop:s13:r2,always_fuse,1388,1,0.5577786128321411,0.4422213871678588
12,13,stroop:s13:r2,always_nn,1388,1,0.6952220584475359,0.3047779415524639
12,13,stroop:s13:r3,always_fuse,1388,1,0.4526341670401052,0.5473658329598948
12,13,stroop:s13:r3,always_nn,1388,1,0.1142731917301697,0.8857268082698303
12,13,stroop:s13:r0,always_fuse,1441,0,0.7258167779017997,0.2741832220982003
12,13,stroop:s13:r0,always_nn,1441,0,0.9987441800489492,0.0012558199510507
12,13,stroop:s13:r1,always_fuse,1441,0,0.4595328942312875,0.5404671057687124
12,13,stroop:s13:r1,always_nn,1441,0,0.2340182471258491,0.7659817528741508
12,13,stroop:s13:r2,always_fuse,1441,1,0.4807155026176389,0.519284497382361
12,13,stroop:s13:r2,always_nn,1441,1,0.2727119820689369,0.7272880179310631
12,13,stroop:s13:r3,always_fuse,1441,1,0.4235550352729158,0.5764449647270841
12,13,stroop:s13:r3,always_nn,1441,1,0.0820142904992814,0.9179857095007184
12,13,stroop:s13:r0,always_fuse,1494,0,0.8314878083621023,0.1685121916378976
12,13,stroop:s13:r0,always_nn,1494,0,0.9999716579021356,2.8342097864243585e-05
12,13,stroop:s13:r1,always_fuse,1494,0,0.4660299476716534,0.5339700523283466
12,13,stroop:s13:r1,always_nn,1494,0,0.3408650414159451,0.6591349585840548
12,13,stroop:s13:r2,always_fuse,1494,1,0.5037059551327953,0.4962940448672047
12,13,stroop:s13:r2,always_nn,1494,1,0.4506868943872644,0.5493131056127356
12,13,stroop:s13:r3,always_fuse,1494,1,0.3318739907141881,0.6681260092858118
12,13,stroop:s13:r3,always_nn,1494,1,0.0109126899271378,0.989087310072862
12,13,stroop:s13:r0,always_fuse,1547,0,0.754718416951897,0.2452815830481029
12,13,stroop:s13:r0,always_nn,1547,0,0.9994461777137716,0.0005538222862283
12,13,stroop:s13:r1,always_fuse,1547,0,0.4911651979811731,0.508834802018827
12,13,stroop:s13:r1,always_nn,1547,0,0.4826302346492865,0.5173697653507134
12,13,stroop:s13:r2,always_fuse,1547,1,0.5189850871171849,0.481014912882815
12,13,stroop:s13:r2,always_nn,1547,1,0.5880972524991928,0.4119027475008072
12,13,stroop:s13:r3,always_fuse,1547,1,0.4173522806383103,0.5826477193616897
12,13,stroop:s13:r3,always_nn,1547,1,0.0851946675794117,0.9148053324205884
12,14,stroop:s14:r0,always_fuse,1335,0,0.8066204338594067,0.1933795661405933
12,14,stroop:s14:r0,always_nn,1335,0,0.9998613516271,0.0001386483728998
12,14,stroop:s14:r1,always_fuse,1335,0,0.2311183348294098,0.7688816651705902
12,14,stroop:s14:r1,always_nn,1335,0,0.0637145071496815,0.9362854928503184
12,14,stroop:s14:r2,always_fuse,1335,1,0.2608616087705416,0.7391383912294582
12,14,stroop:s14:r2,always_nn,1335,1,0.0703999628798244,0.9296000371201756
12,14,stroop:s14:r3,always_fuse,1335,1,0.1352085016026712,0.8647914983973287
12,14,stroop:s14:r3,always_nn,1335,1,0.061534605460293,0.9384653945397068
12,14,stroop:s14:r0,always_fuse,1388,0,0.8736204649100865,0.1263795350899134
12,14,stroop:s14:r0,always_nn,1388,0,0.9999991691756666,8.308243334740401e-07
12,14,stroop:s14:r1,always_fuse,1388,0,0.1493843010195412,0.8506156989804587
12,14,stroop:s14:r1,always_nn,1388,0,0.0201605516444229,0.9798394483555772
12,14,stroop:s14:r2,always_fuse,1388,1,0.2060206622224375,0.7939793377775625
12,14,stroop:s14:r2,always_nn,1388,1,0.0453726199962619,0.954627380003738
12,14,stroop:s14:r3,always_fuse,1388,1,0.0812972450846471,0.9187027549153528
12,14,stroop:s14:r3,always_nn,1388,1,0.0184895366007949,0.9815104633992052
12,14,stroop:s14:r0,always_fuse,1441,0,0.8412495263863085,0.1587504736136915
12,14,stroop:s14:r0,always_nn,1441,0,0.9999780768412456,2.192315875439922e-05
12,14,stroop:s14:r1,always_fuse,1441,0,0.1768682126768521,0.8231317873231478
12,14,stroop:s14:r1,always_nn,1441,0,0.0355507297927913,0.9644492702072086
12,14,stroop:s14:r2,always_fuse,1441,1,0.2025376958348298,0.7974623041651703
12,14,stroop:s14:r2,always_nn,1441,1,0.0408263855278035,0.9591736144721964
12,14,stroop:s14:r3,always_fuse,1441,1,0.1041489208092207,0.8958510791907793
12,14,stroop:s14:r3,always_nn,1441,1,0.0347558794698178,0.9652441205301822
12,14,stroop:s14:r0,always_fuse,1494,0,0.8130829878394852,0.1869170121605148
12,14,stroop:s14:r0,always_nn,1494,0,0.9997220753168636,0.0002779246831364
12,14,stroop:s14:r1,always_fuse,1494,0,0.2201073420019205,0.7798926579980796
12,14,stroop:s14:r1,always_nn,1494,0,0.0830323400591695,0.9169676599408304
12,14,stroop:s14:r2,always_fuse,1494,1,0.2483470481344093,0.7516529518655906
12,14,stroop:s14:r2,always_nn,1494,1,0.1059577350974862,0.8940422649025138
12,14,stroop:s14:r3,always_fuse,1494,1,0.1634215124531724,0.8365784875468275
12,14,stroop:s14:r3,always_nn,1494,1,0.0800710980150989,0.9199289019849012
12,14,stroop:s14:r0,always_fuse,1547,0,0.8047266831768305,0.1952733168231694
12,14,stroop:s14:r0,always_nn,1547,0,0.9998292450607807,0.0001707549392192
12,14,stroop:s14:r1,always_fuse,1547,0,0.2435989465703569,0.7564010534296431
12,14,stroop:s14:r1,always_nn,1547,0,0.1454760256021054,0.8545239743978945
12,14,stroop:s14:r2,always_fuse,1547,1,0.2722894863488215,0.7277105136511784
12,14,stroop:s14:r2,always_nn,1547,1,0.1426488282691222,0.8573511717308778
12,14,stroop:s14:r3,always_fuse,1547,1,0.1793147162874165,0.8206852837125834
12,14,stroop:s14:r3,always_nn,1547,1,0.1459786381982574,0.8540213618017426
12,15,stroop:s15:r0,always_fuse,1335,0,0.6185605272429725,0.3814394727570274
12,15,stroop:s15:r0,always_nn,1335,0,0.9597914225988768,0.0402085774011233
12,15,stroop:s15:r1,always_fuse,1335,0,0.446450820796745,0.553549179203255
12,15,stroop:s15:r1,always_nn,1335,0,0.4469370121313186,0.5530629878686815
12,15,stroop:s15:r2,always_fuse,1335,1,0.4640645806174202,0.5359354193825798
12,15,stroop:s15:r2,always_nn,1335,1,0.5081004312377151,0.491899568762285
12,15,stroop:s15:r3,always_fuse,1335,1,0.3190791740445337,0.6809208259554662
12,15,stroop:s15:r3,always_nn,1335,1,0.137433722321091,0.862566277678909
12,15,stroop:s15:r0,always_fuse,1388,0,0.6592422103195721,0.3407577896804279
12,15,stroop:s15:r0,always_nn,1388,0,0.99511495497457,0.0048850450254298
12,15,stroop:s15:r1,always_fuse,1388,0,0.4228795740828623,0.5771204259171376
12,15,stroop:s15:r1,always_nn,1388,0,0.1985928018156736,0.8014071981843263
12,15,stroop:s15:r2,always_fuse,1388,1,0.4355427623886712,0.5644572376113288
12,15,stroop:s15:r2,always_nn,1388,1,0.2550305717220069,0.7449694282779932
12,15,stroop:s15:r3,always_fuse,1388,1,0.2866114841116943,0.7133885158883057
12,15,stroop:s15:r3,always_nn,1388,1,0.0828741420109448,0.9171258579890552
12,15,stroop:s15:r0,always_fuse,1441,0,0.6932218507376172,0.3067781492623828
12,15,stroop:s15:r0,always_nn,1441,0,0.999266164109236,0.0007338358907641
12,15,stroop:s15:r1,always_fuse,1441,0,0.4452168979229471,0.5547831020770528
12,15,stroop:s15:r1,always_nn,1441,0,0.5505833891873924,0.4494166108126076
12,15,stroop:s15:r2,always_fuse,1441,1,0.4729971601930962,0.5270028398069038
12,15,stroop:s15:r2,always_nn,1441,1,0.7154961784259152,0.2845038215740848
12,15,stroop:s15:r3,always_fuse,1441,1,0.314079254896884,0.685920745103116
12,15,stroop:s15:r3,always_nn,1441,1,0.2538413138677806,0.7461586861322194
12,15,stroop:s15:r0,always_fuse,1494,0,0.7935013961442425,0.2064986038557574
12,15,stroop:s15:r0,always_nn,1494,0,0.9998813337498872,0.0001186662501129
12,15,stroop:s15:r1,always_fuse,1494,0,0.4611758345274039,0.538824165472596
12,15,stroop:s15:r1,always_nn,1494,0,0.5832709244853226,0.4167290755146774
12,15,stroop:s15:r2,always_fuse,1494,1,0.4873649323962737,0.5126350676037262
12,15,stroop:s15:r2,always_nn,1494,1,0.695614353507868,0.304385646492132
12,15,stroop:s15:r3,always_fuse,1494,1,0.320103133347769,0.6798968666522309
12,15,stroop:s15:r3,always_nn,1494,1,0.1873023348484949,0.8126976651515051
12,15,stroop:s15:r0,always_fuse,1547,0,0.7679292754467419,0.232070724553258
12,15,stroop:s15:r0,always_nn,1547,0,0.9998058866491552,0.0001941133508447
12,15,stroop:s15:r1,always_fuse,1547,0,0.4715211691732422,0.5284788308267577
12,15,stroop:s15:r1,always_nn,1547,0,0.6435434559791143,0.3564565440208856
12,15,stroop:s15:r2,always_fuse,1547,1,0.4801318717727493,0.5198681282272506
12,15,stroop:s15:r2,always_nn,1547,1,0.675744309426557,0.324255690573443
12,15,stroop:s15:r3,always_fuse,1547,1,0.3375483987881813,0.6624516012118187
12,15,stroop:s15:r3,always_nn,1547,1,0.1986933531612664,0.8013066468387336
13,1,stroop:s01:r0,always_fuse,1335,0,0.4753042204497691,0.5246957795502308
13,1,stroop:s01:r0,always_nn,1335,0,0.5451428265103789,0.4548571734896212
13,1,stroop:s01:r1,always_fuse,1335,0,0.5344891678179122,0.4655108321820879
13,1,stroop:s01:r1,always_nn,1335,0,0.8722346536509812,0.1277653463490188
13,1,stroop:s01:r2,always_fuse,1335,1,0.5369840729916122,0.4630159270083878
13,1,stroop:s01:r2,always_nn,1335,1,0.8813748058902426,0.1186251941097573
13,1,stroop:s01:r3,always_fuse,1335,1,0.5421700248553483,0.4578299751446517
13,1,stroop:s01:r3,always_nn,1335,1,0.8773466460642672,0.1226533539357328
13,1,stroop:s01:r0,always_fuse,1388,0,0.4325219103346762,0.5674780896653238
13,1,stroop:s01:r0,always_nn,1388,0,0.3023090902126691,0.6976909097873308
13,1,stroop:s01:r1,always_fuse,1388,0,0.5040386740064378,0.4959613259935622
13,1,stroop:s01:r1,always_nn,1388,0,0.7799914110192789,0.220008588980721
13,1,stroop:s01:r2,always_fuse,1388,1,0.504432269604422,0.495567730395578
13,1,stroop:s01:r2,always_nn,1388,1,0.7841621289992383,0.2158378710007616
13,1,stroop:s01:r3,always_fuse,1388,1,0.5120114562632305,0.4879885437367695
13,1,stroop:s01:r3,always_nn,1388,1,0.7817210597612139,0.2182789402387861
13,1,stroop:s01:r0,always_fuse,1441,0,0.4635143741320171,0.5364856258679829
13,1,stroop:s01:r0,always_nn,1441,0,0.4327981596575093,0.5672018403424908
13,1,stroop:s01:r1,always_fuse,1441,0,0.5215700120576351,0.4784299879423649
13,1,stroop:s01:r1,always_nn,1441,0,0.8360351803081872,0.1639648196918127
13,1,stroop:s01:r2,always_fuse,1441,1,0.5206551642858318,0.4793448357141683
13,1,stroop:s01:r2,always_nn,1441,1,0.8442424506687012,0.1557575493312988
13,1,stroop:s01:r3,always_fuse,1441,1,0.5243766657195855,0.4756233342804145
13,1,stroop:s01:r3,always_nn,1441,1,0.8240841609976602,0.1759158390023397
13,1,stroop:s01:r0,always_fuse,1494,0,0.482677976374769,0.517322023625231
13,1,stroop:s01:r0,always_nn,1494,0,0.5966393975125971,0.4033606024874028
13,1,stroop:s01:r1,always_fuse,1494,0,0.5147448077319838,0.485255192268016
13,1,stroop:s01:r1,always_nn,1494,0,0.8101846936017669,0.189815306398233
13,1,stroop:s01:r2,always_fuse,1494,1,0.5216361601620885,0.4783638398379115
13,1,stroop:s01:r2,always_nn,1494,1,0.8529319408585124,0.1470680591414875
13,1,stroop:s01:r3,always_fuse,1494,1,0.51135124050105,0.4886487594989501
13,1,stroop:s01:r3,always_nn,1494,1,0.7523626702608829,0.2476373297391171
13,1,stroop:s01:r0,always_fuse,1547,0,0.4441902630707902,0.5558097369292098
13,1,stroop:s01:r0,always_nn,1547,0,0.5274228568189657,0.4725771431810342
13,1,stroop:s01:r1,always_fuse,1547,0,0.3795371962247709,0.6204628037752291
13,1,stroop:s01:r1,always_nn,1547,0,0.1938114423390765,0.8061885576609235
13,1,stroop:s01:r2,always_fuse,1547,1,0.4023127296218004,0.5976872703781996
13,1,stroop:s01:r2,always_nn,1547,1,0.2963193810223318,0.7036806189776681
13,1,stroop:s01:r3,always_fuse,1547,1,0.3707503129614353,0.6292496870385647
13,1,stroop:s01:r3,always_nn,1547,1,0.1571121312151702,0.8428878687848297
13,2,stroop:s02:r0,always_fuse,1335,0,0.7032487756302577,0.2967512243697423
13,2,stroop:s02:r0,always_nn,1335,0,0.9931746287226652,0.0068253712773348
13,2,stroop:s02:r1,always_fuse,1335,0,0.7109504894839133,0.2890495105160867
13,2,stroop:s02:r1,always_nn,1335,0,0.9946963309621104,0.0053036690378896
13,2,stroop:s02:r2,always_fuse,1335,1,0.6201802047947435,0.3798197952052565
13,2,stroop:s02:r2,always_nn,1335,1,0.9513263474672148,0.0486736525327851
13,2,stroop:s02:r3,always_fuse,1335,1,0.6467560270147201,0.3532439729852799
13,2,stroop:s02:r3,always_nn,1335,1,0.9697953702507828,0.030204629749217
13,2,stroop:s02:r0,always_fuse,1388,0,0.6720057677692772,0.3279942322307228
13,2,stroop:s02:r0,always_nn,1388,0,0.9796108424167144,0.0203891575832857
13,2,stroop:s02:r1,always_fuse,1388,0,0.7089894141671926,0.2910105858328074
13,2,stroop:s02:r1,always_nn,1388,0,0.992631275628064,0.0073687243719361
13,2,stroop:s02:r2,always_fuse,1388,1,0.607800822918353,0.3921991770816469
13,2,stroop:s02:r2,always_nn,1388,1,0.9358687131150945,0.0641312868849055
13,2,stroop:s02:r3,always_fuse,1388,1,0.6450853219515076,0.3549146780484924
13,2,stroop:s02:r3,always_nn,1388,1,0.9698803126261653,0.0301196873738347
13,2,stroop:s02:r0,always_fuse,1441,0,0.6822813862863998,0.3177186137136002
13,2,stroop:s02:r0,always_nn,1441,0,0.9915815010795356,0.0084184989204644
13,2,stroop:s02:r1,always_fuse,1441,0,0.6805068163076631,0.3194931836923368
13,2,stroop:s02:r1,always_nn,1441,0,0.996348506700622,0.0036514932993778
13,2,stroop:s02:r2,always_fuse,1441,1,0.6192847666666175,0.3807152333333825
13,2,stroop:s02:r2,always_nn,1441,1,0.9657329538615778,0.0342670461384222
13,2,stroop:s02:r3,always_fuse,1441,1,0.6570826766459341,0.3429173233540659
13,2,stroop:s02:r3,always_nn,1441,1,0.989468731002456,0.0105312689975439
13,2,stroop:s02:r0,always_fuse,1494,0,0.6625079419235522,0.3374920580764478
13,2,stroop:s02:r0,always_nn,1494,0,0.972126238301172,0.027873761698828
13,2,stroop:s02:r1,always_fuse,1494,0,0.6853468751223287,0.3146531248776713
13,2,stroop:s02:r1,always_nn,1494,0,0.9885109023340192,0.0114890976659806
13,2,stroop:s02:r2,always_fuse,1494,1,0.5910788911359094,0.4089211088640906
13,2,stroop:s02:r2,always_nn,1494,1,0.8910686564043552,0.1089313435956447
13,2,stroop:s02:r3,always_fuse,1494,1,0.6274325566228176,0.3725674433771823
13,2,stroop:s02:r3,always_nn,1494,1,0.9517394902353984,0.0482605097646016
13,2,stroop:s02:r0,always_fuse,1547,0,0.7062135818988717,0.2937864181011282
13,2,stroop:s02:r0,always_nn,1547,0,0.9864305619443628,0.0135694380556371
13,2,stroop:s02:r1,always_fuse,1547,0,0.7030717256908329,0.2969282743091671
13,2,stroop:s02:r1,always_nn,1547,0,0.9911347899335354,0.0088652100664644
13,2,stroop:s02:r2,always_fuse,1547,1,0.6364715877518661,0.3635284122481338
13,2,stroop:s02:r2,always_nn,1547,1,0.9580865692274106,0.0419134307725894
13,2,stroop:s02:r3,always_fuse,1547,1,0.6534480875989792,0.3465519124010209
13,2,stroop:s02:r3,always_nn,1547,1,0.9749178557105436,0.0250821442894563
13,3,stroop:s03:r0,always_fuse,1335,0,0.8455888725904374,0.1544111274095625
13,3,stroop:s03:r0,always_nn,1335,0,0.9999999916871558,8.312844242324092e-09
13,3,stroop:s03:r1,always_fuse,1335,0,0.5264179018128428,0.4735820981871571
13,3,stroop:s03:r1,always_nn,1335,0,0.8881604817112572,0.1118395182887428
13,3,stroop:s03:r2,always_fuse,1335,1,0.4414175864905235,0.5585824135094766
13,3,stroop:s03:r2,always_nn,1335,1,0.1530509852396832,0.8469490147603167
13,3,stroop:s03:r3,always_fuse,1335,1,0.2766387538142967,0.7233612461857033
13,3,stroop:s03:r3,always_nn,1335,1,0.0011529529261628,0.9988470470738372
13,3,stroop:s03:r0,always_fuse,1388,0,0.8098875347345413,0.1901124652654586
13,3,stroop:s03:r0,always_nn,1388,0,0.9999906773756853,9.32262431480135e-06
13,3,stroop:s03:r1,always_fuse,1388,0,0.5060924622460393,0.4939075377539607
13,3,stroop:s03:r1,always_nn,1388,0,0.7630212854977334,0.2369787145022666
13,3,stroop:s03:r2,always_fuse,1388,1,0.4796619310399805,0.5203380689600196
13,3,stroop:s03:r2,always_nn,1388,1,0.4141238506580579,0.585876149341942
13,3,stroop:s03:r3,always_fuse,1388,1,0.3694529600178822,0.6305470399821178
13,3,stroop:s03:r3,always_nn,1388,1,0.0741514452567552,0.9258485547432448
13,3,stroop:s03:r0,always_fuse,1441,0,0.7901565785013207,0.2098434214986791
13,3,stroop:s03:r0,always_nn,1441,0,0.999985245311836,1.4754688163987273e-05
13,3,stroop:s03:r1,always_fuse,1441,0,0.4898964679620154,0.5101035320379846
13,3,stroop:s03:r1,always_nn,1441,0,0.636826948778952,0.3631730512210481
13,3,stroop:s03:r2,always_fuse,1441,1,0.4757233676516765,0.5242766323483234
13,3,stroop:s03:r2,always_nn,1441,1,0.2030795616815041,0.7969204383184959
13,3,stroop:s03:r3,always_fuse,1441,1,0.318736003653121,0.6812639963468791
13,3,stroop:s03:r3,always_nn,1441,1,0.0013126979602583,0.9986873020397417
13,3,stroop:s03:r0,always_fuse,1494,0,0.729472609739871,0.2705273902601289
13,3,stroop:s03:r0,always_nn,1494,0,0.9993083941655116,0.0006916058344882
13,3,stroop:s03:r1,always_fuse,1494,0,0.4572847452974913,0.5427152547025087
13,3,stroop:s03:r1,always_nn,1494,0,0.3056214426036341,0.6943785573963658
13,3,stroop:s03:r2,always_fuse,1494,1,0.4472317634893402,0.5527682365106599
13,3,stroop:s03:r2,always_nn,1494,1,0.0954922722413724,0.9045077277586276
13,3,stroop:s03:r3,always_fuse,1494,1,0.4026915263144134,0.5973084736855866
13,3,stroop:s03:r3,always_nn,1494,1,0.0590593113665849,0.9409406886334152
13,3,stroop:s03:r0,always_fuse,1547,0,0.8944683319313991,0.1055316680686009
13,3,stroop:s03:r0,always_nn,1547,0,0.9999999559475702,4.405242975427386e-08
13,3,stroop:s03:r1,always_fuse,1547,0,0.5612577396512798,0.4387422603487202
13,3,stroop:s03:r1,always_nn,1547,0,0.911798798125984,0.0882012018740159
13,3,stroop:s03:r2,always_fuse,1547,1,0.3885230041129563,0.6114769958870437
13,3,stroop:s03:r2,always_nn,1547,1,0.2495249914502234,0.7504750085497766
13,3,stroop:s03:r3,always_fuse,1547,1,0.232493609828674,0.767506390171326
13,3,stroop:s03:r3,always_nn,1547,1,0.0178138211446718,0.9821861788553282
13,4,stroop:s04:r0,always_fuse,1335,0,0.6423310348094888,0.357668965190511
13,4,stroop:s04:r0,always_nn,1335,0,0.995255763601106,0.0047442363988938
13,4,stroop:s04:r1,always_fuse,1335,0,0.5821825031699307,0.4178174968300693
13,4,stroop:s04:r1,always_nn,1335,0,0.9808359275225982,0.0191640724774018
13,4,stroop:s04:r2,always_fuse,1335,1,0.4810368598135342,0.5189631401864657
13,4,stroop:s04:r2,always_nn,1335,1,0.5484377233953626,0.4515622766046374
13,4,stroop:s04:r3,always_fuse,1335,1,0.4177184654829429,0.5822815345170571
13,4,stroop:s04:r3,always_nn,1335,1,0.1497369583507701,0.8502630416492298
13,4,stroop:s04:r0,always_fuse,1388,0,0.6839447017407414,0.3160552982592586
13,4,stroop:s04:r0,always_nn,1388,0,0.999510244528526,0.0004897554714739
13,4,stroop:s04:r1,always_fuse,1388,0,0.543469905725292,0.4565300942747081
13,4,stroop:s04:r1,always_nn,1388,0,0.952220039387317,0.0477799606126829
13,4,stroop:s04:r2,always_fuse,1388,1,0.4254994924635045,0.5745005075364955
13,4,stroop:s04:r2,always_nn,1388,1,0.164548747167911,0.835451252832089
13,4,stroop:s04:r3,always_fuse,1388,1,0.3787278499486259,0.621272150051374
13,4,stroop:s04:r3,always_nn,1388,1,0.0429901922138501,0.95700980778615
13,4,stroop:s04:r0,always_fuse,1441,0,0.5889906558598885,0.4110093441401115
13,4,stroop:s04:r0,always_nn,1441,0,0.9908350979761352,0.0091649020238648
13,4,stroop:s04:r1,always_fuse,1441,0,0.4556999950522755,0.5443000049477246
13,4,stroop:s04:r1,always_nn,1441,0,0.6630246892279089,0.336975310772091
13,4,stroop:s04:r2,always_fuse,1441,1,0.3745236734112267,0.6254763265887732
13,4,stroop:s04:r2,always_nn,1441,1,0.0521807696099584,0.9478192303900416
13,4,stroop:s04:r3,always_fuse,1441,1,0.2663792645234421,0.7336207354765578
13,4,stroop:s04:r3,always_nn,1441,1,0.0004138461477906,0.9995861538522092
13,4,stroop:s04:r0,always_fuse,1494,0,0.6142517759938224,0.3857482240061775
13,4,stroop:s04:r0,always_nn,1494,0,0.9885503676612278,0.0114496323387722
13,4,stroop:s04:r1,always_fuse,1494,0,0.5381284005828556,0.4618715994171443
13,4,stroop:s04:r1,always_nn,1494,0,0.9182575966131554,0.0817424033868445
13,4,stroop:s04:r2,always_fuse,1494,1,0.4765075742673389,0.5234924257326611
13,4,stroop:s04:r2,always_nn,1494,1,0.3949768005324114,0.6050231994675884
13,4,stroop:s04:r3,always_fuse,1494,1,0.4190435152431207,0.5809564847568792
13,4,stroop:s04:r3,always_nn,1494,1,0.0904582820112968,0.9095417179887032
13,4,stroop:s04:r0,always_fuse,1547,0,0.6961866373590105,0.3038133626409894
13,4,stroop:s04:r0,always_nn,1547,0,0.9972783234774204,0.0027216765225795
13,4,stroop:s04:r1,always_fuse,1547,0,0.5559327455007923,0.4440672544992076
13,4,stroop:s04:r1,always_nn,1547,0,0.9364751684744798,0.0635248315255203
13,4,stroop:s04:r2,always_fuse,1547,1,0.3323354235187404,0.6676645764812595
13,4,stroop:s04:r2,always_nn,1547,1,0.0571679663521413,0.9428320336478586
13,4,stroop:s04:r3,always_fuse,1547,1,0.3353685370412771,0.6646314629587228
13,4,stroop:s04:r3,always_nn,1547,1,0.0619599400306656,0.9380400599693344
13,5,stroop:s05:r0,always_fuse,1335,0,0.8122442089355305,0.1877557910644694
13,5,stroop:s05:r0,always_nn,1335,0,0.9999999897582555,1.0241744410938204e-08
13,5,stroop:s05:r1,always_fuse,1335,0,0.4039959846277871,0.5960040153722128
13,5,stroop:s05:r1,always_nn,1335,0,0.22204985425318,0.77795014574682
13,5,stroop:s05:r2,always_fuse,1335,1,0.3299747013803299,0.6700252986196701
13,5,stroop:s05:r2,always_nn,1335,1,0.0144476054273706,0.9855523945726292
13,5,stroop:s05:r3,always_fuse,1335,1,0.2803507485068195,0.7196492514931805
13,5,stroop:s05:r3,always_nn,1335,1,0.0031583325376194,0.9968416674623808
13,5,stroop:s05:r0,always_fuse,1388,0,0.7016035478107838,0.2983964521892162
13,5,stroop:s05:r0,always_nn,1388,0,0.998393238580486,0.0016067614195139
13,5,stroop:s05:r1,always_fuse,1388,0,0.398403271122913,0.601596728877087
13,5,stroop:s05:r1,always_nn,1388,0,0.218308967221933,0.7816910327780671
13,5,stroop:s05:r2,always_fuse,1388,1,0.3365584323318908,0.6634415676681092
13,5,stroop:s05:r2,always_nn,1388,1,0.0226669032601423,0.9773330967398576
13,5,stroop:s05:r3,always_fuse,1388,1,0.3337879308401197,0.6662120691598804
13,5,stroop:s05:r3,always_nn,1388,1,0.0317571809270171,0.9682428190729828
13,5,stroop:s05:r0,always_fuse,1441,0,0.7267335107917521,0.273266489208248
13,5,stroop:s05:r0,always_nn,1441,0,0.999751298124412,0.0002487018755881
13,5,stroop:s05:r1,always_fuse,1441,0,0.4141054328204531,0.5858945671795469
13,5,stroop:s05:r1,always_nn,1441,0,0.2248411399258983,0.7751588600741016
13,5,stroop:s05:r2,always_fuse,1441,1,0.4023072499564789,0.5976927500435211
13,5,stroop:s05:r2,always_nn,1441,1,0.1189098254097078,0.8810901745902922
13,5,stroop:s05:r3,always_fuse,1441,1,0.3719269331568505,0.6280730668431493
13,5,stroop:s05:r3,always_nn,1441,1,0.0586080577721962,0.9413919422278036
13,5,stroop:s05:r0,always_fuse,1494,0,0.8027129172821198,0.1972870827178802
13,5,stroop:s05:r0,always_nn,1494,0,0.9999999791131746,2.0886825366266143e-08
13,5,stroop:s05:r1,always_fuse,1494,0,0.421568695932477,0.578431304067523
13,5,stroop:s05:r1,always_nn,1494,0,0.3535206479051277,0.6464793520948723
13,5,stroop:s05:r2,always_fuse,1494,1,0.3781898096890541,0.621810190310946
13,5,stroop:s05:r2,always_nn,1494,1,0.0586565931165726,0.9413434068834274
13,5,stroop:s05:r3,always_fuse,1494,1,0.3225457333317248,0.6774542666682752
13,5,stroop:s05:r3,always_nn,1494,1,0.0103058436979054,0.9896941563020946
13,5,stroop:s05:r0,always_fuse,1547,0,0.8045433632712936,0.1954566367287064
13,5,stroop:s05:r0,always_nn,1547,0,0.9998047649087988,0.0001952350912011
13,5,stroop:s05:r1,always_fuse,1547,0,0.4231503952611348,0.5768496047388652
13,5,stroop:s05:r1,always_nn,1547,0,0.4045622746343076,0.5954377253656924
13,5,stroop:s05:r2,always_fuse,1547,1,0.3841268795720815,0.6158731204279184
13,5,stroop:s05:r2,always_nn,1547,1,0.1914519409977636,0.8085480590022364
13,5,stroop:s05:r3,always_fuse,1547,1,0.3546476067315111,0.6453523932684888
13,5,stroop:s05:r3,always_nn,1547,1,0.1146519018140748,0.8853480981859251
13,6,stroop:s06:r0,always_fuse,1335,0,0.4487120619955586,0.5512879380044414
13,6,stroop:s06:r0,always_nn,1335,0,0.7699538824506056,0.2300461175493943
13,6,stroop:s06:r1,always_fuse,1335,0,0.4905084929571195,0.5094915070428805
13,6,stroop:s06:r1,always_nn,1335,0,0.8762367595779603,0.1237632404220396
13,6,stroop:s06:r2,always_fuse,1335,1,0.2809418420807006,0.7190581579192994
13,6,stroop:s06:r2,always_nn,1335,1,0.0026645639916895,0.9973354360083104
13,6,stroop:s06:r3,always_fuse,1335,1,0.3973151609856083,0.6026848390143917
13,6,stroop:s06:r3,always_nn,1335,1,0.4668377803162336,0.5331622196837664
13,6,stroop:s06:r0,always_fuse,1388,0,0.4680720372058571,0.5319279627941429
13,6,stroop:s06:r0,always_nn,1388,0,0.8809979177598916,0.1190020822401084
13,6,stroop:s06:r1,always_fuse,1388,0,0.5165365584734736,0.4834634415265263
13,6,stroop:s06:r1,always_nn,1388,0,0.9924525108942708,0.0075474891057292
13,6,stroop:s06:r2,always_fuse,1388,1,0.3010261437047163,0.6989738562952836
13,6,stroop:s06:r2,always_nn,1388,1,0.0099243813406308,0.9900756186593692
13,6,stroop:s06:r3,always_fuse,1388,1,0.3493904166969834,0.6506095833030165
13,6,stroop:s06:r3,always_nn,1388,1,0.1950411634357629,0.8049588365642371
13,6,stroop:s06:r0,always_fuse,1441,0,0.489321198277904,0.510678801722096
13,6,stroop:s06:r0,always_nn,1441,0,0.9459173437792718,0.054082656220728
13,6,stroop:s06:r1,always_fuse,1441,0,0.578962734728812,0.421037265271188
13,6,stroop:s06:r1,always_nn,1441,0,0.9988561514896424,0.0011438485103575
13,6,stroop:s06:r2,always_fuse,1441,1,0.487661326573129,0.512338673426871
13,6,stroop:s06:r2,always_nn,1441,1,0.7483649971132759,0.2516350028867242
13,6,stroop:s06:r3,always_fuse,1441,1,0.4012518306893082,0.5987481693106916
13,6,stroop:s06:r3,always_nn,1441,1,0.5164928375138276,0.4835071624861724
13,6,stroop:s06:r0,always_fuse,1494,0,0.4271096206041211,0.5728903793958788
13,6,stroop:s06:r0,always_nn,1494,0,0.6466046582654186,0.3533953417345813
13,6,stroop:s06:r1,always_fuse,1494,0,0.5035359671341448,0.4964640328658551
13,6,stroop:s06:r1,always_nn,1494,0,0.9532291042532504,0.0467708957467497
13,6,stroop:s06:r2,always_fuse,1494,1,0.3983271544770943,0.6016728455229057
13,6,stroop:s06:r2,always_nn,1494,1,0.1363286514446852,0.8636713485553148
13,6,stroop:s06:r3,always_fuse,1494,1,0.3962510857585112,0.6037489142414888
13,6,stroop:s06:r3,always_nn,1494,1,0.5134288238379418,0.4865711761620583
13,6,stroop:s06:r0,always_fuse,1547,0,0.4830558219552377,0.5169441780447622
13,6,stroop:s06:r0,always_nn,1547,0,0.7584906090166833,0.2415093909833166
13,6,stroop:s06:r1,always_fuse,1547,0,0.5739604927069577,0.4260395072930423
13,6,stroop:s06:r1,always_nn,1547,0,0.9547208841655884,0.0452791158344117
13,6,stroop:s06:r2,always_fuse,1547,1,0.4888687311864144,0.5111312688135855
13,6,stroop:s06:r2,always_nn,1547,1,0.6941366407797857,0.3058633592202143
13,6,stroop:s06:r3,always_fuse,1547,1,0.4819792164626917,0.5180207835373083
13,6,stroop:s06:r3,always_nn,1547,1,0.8180954602004573,0.1819045397995426
13,7,stroop:s07:r0,always_fuse,1335,0,0.750140032210482,0.249859967789518
13,7,stroop:s07:r0,always_nn,1335,0,0.9996102426787992,0.0003897573212008
13,7,stroop:s07:r1,always_fuse,1335,0,0.4625130136867763,0.5374869863132237
13,7,stroop:s07:r1,always_nn,1335,0,0.4585824019722007,0.5414175980277993
13,7,stroop:s07:r2,always_fuse,1335,1,0.4385597816158225,0.5614402183841773
13,7,stroop:s07:r2,always_nn,1335,1,0.3093799369557017,0.6906200630442983
13,7,stroop:s07:r3,always_fuse,1335,1,0.4380355669391937,0.5619644330608062
13,7,stroop:s07:r3,always_nn,1335,1,0.3140259727898984,0.6859740272101016
13,7,stroop:s07:r0,always_fuse,1388,0,0.813380207493436,0.186619792506564
13,7,stroop:s07:r0,always_nn,1388,0,0.999999935252483,6.47475170341074e-08
13,7,stroop:s07:r1,always_fuse,1388,0,0.5287829478778684,0.4712170521221316
13,7,stroop:s07:r1,always_nn,1388,0,0.8826090462708558,0.1173909537291442
13,7,stroop:s07:r2,always_fuse,1388,1,0.441677677305985,0.5583223226940149
13,7,stroop:s07:r2,always_nn,1388,1,0.3378129696780666,0.6621870303219333
13,7,stroop:s07:r3,always_fuse,1388,1,0.4439323889029414,0.5560676110970586
13,7,stroop:s07:r3,always_nn,1388,1,0.3778585392371831,0.622141460762817
13,7,stroop:s07:r0,always_fuse,1441,0,0.7172553333597571,0.2827446666402429
13,7,stroop:s07:r0,always_nn,1441,0,0.9990493512091642,0.0009506487908358
13,7,stroop:s07:r1,always_fuse,1441,0,0.4740548110103959,0.5259451889896041
13,7,stroop:s07:r1,always_nn,1441,0,0.5872025755801695,0.4127974244198303
13,7,stroop:s07:r2,always_fuse,1441,1,0.4556632703672367,0.5443367296327632
13,7,stroop:s07:r2,always_nn,1441,1,0.45932959995908,0.54067040004092
13,7,stroop:s07:r3,always_fuse,1441,1,0.443019171634366,0.556980828365634
13,7,stroop:s07:r3,always_nn,1441,1,0.3477683588266419,0.6522316411733582
13,7,stroop:s07:r0,always_fuse,1494,0,0.8026148077861277,0.1973851922138723
13,7,stroop:s07:r0,always_nn,1494,0,0.9999990601678438,9.398321562153712e-07
13,7,stroop:s07:r1,always_fuse,1494,0,0.4994560754748859,0.500543924525114
13,7,stroop:s07:r1,always_nn,1494,0,0.73252328241186,0.26747671758814
13,7,stroop:s07:r2,always_fuse,1494,1,0.438205280327581,0.561794719672419
13,7,stroop:s07:r2,always_nn,1494,1,0.2674167109280457,0.7325832890719542
13,7,stroop:s07:r3,always_fuse,1494,1,0.4621283038901726,0.5378716961098274
13,7,stroop:s07:r3,always_nn,1494,1,0.4721580989485008,0.5278419010514991
13,7,stroop:s07:r0,always_fuse,1547,0,0.8737687164152483,0.1262312835847516
13,7,stroop:s07:r0,always_nn,1547,0,0.999999491128506,5.088714941057351e-07
13,7,stroop:s07:r1,always_fuse,1547,0,0.5288122789640024,0.4711877210359976
13,7,stroop:s07:r1,always_nn,1547,0,0.8301276963186232,0.1698723036813769
13,7,stroop:s07:r2,always_fuse,1547,1,0.4132447249569174,0.5867552750430826
13,7,stroop:s07:r2,always_nn,1547,1,0.2697032152913531,0.7302967847086469
13,7,stroop:s07:r3,always_fuse,1547,1,0.4002285159163795,0.5997714840836206
13,7,stroop:s07:r3,always_nn,1547,1,0.2337580047778524,0.7662419952221476
13,8,stroop:s08:r0,always_fuse,1335,0,0.6524964436465455,0.3475035563534546
13,8,stroop:s08:r0,always_nn,1335,0,0.9999121200943244,8.787990567544717e-05
13,8,stroop:s08:r1,always_fuse,1335,0,0.5551003860165535,0.4448996139834465
13,8,stroop:s08:r1,always_nn,1335,0,0.9696300837586128,0.0303699162413872
13,8,stroop:s08:r2,always_fuse,1335,1,0.3551267577885933,0.6448732422114066
13,8,stroop:s08:r2,always_nn,1335,1,0.0616824161804374,0.9383175838195628
13,8,stroop:s08:r3,always_fuse,1335,1,0.3179317312403913,0.6820682687596086
13,8,stroop:s08:r3,always_nn,1335,1,0.0170357568203422,0.9829642431796576
13,8,stroop:s08:r0,always_fuse,1388,0,0.5994052689139518,0.4005947310860481
13,8,stroop:s08:r0,always_nn,1388,0,0.99956507544127,0.00043492455873
13,8,stroop:s08:r1,always_fuse,1388,0,0.5975624813901946,0.4024375186098053
13,8,stroop:s08:r1,always_nn,1388,0,0.9959389232787174,0.0040610767212826
13,8,stroop:s08:r2,always_fuse,1388,1,0.3570002282442869,0.642999771755713
13,8,stroop:s08:r2,always_nn,1388,1,0.0839798879660984,0.9160201120339015
13,8,stroop:s08:r3,always_fuse,1388,1,0.3246556474008936,0.6753443525991064
13,8,stroop:s08:r3,always_nn,1388,1,0.0410315095155927,0.9589684904844072
13,8,stroop:s08:r0,always_fuse,1441,0,0.6279076529494949,0.3720923470505051
13,8,stroop:s08:r0,always_nn,1441,0,0.9997289692426358,0.0002710307573643
13,8,stroop:s08:r1,always_fuse,1441,0,0.5350725481830358,0.4649274518169642
13,8,stroop:s08:r1,always_nn,1441,0,0.95961733889977,0.0403826611002299
13,8,stroop:s08:r2,always_fuse,1441,1,0.3503924186221636,0.6496075813778365
13,8,stroop:s08:r2,always_nn,1441,1,0.0398525807879702,0.9601474192120298
13,8,stroop:s08:r3,always_fuse,1441,1,0.3042110618492076,0.6957889381507923
13,8,stroop:s08:r3,always_nn,1441,1,0.0065646562370777,0.9934353437629222
13,8,stroop:s08:r0,always_fuse,1494,0,0.6434622148275039,0.356537785172496
13,8,stroop:s08:r0,always_nn,1494,0,0.9999324640008812,6.753599911872743e-05
13,8,stroop:s08:r1,always_fuse,1494,0,0.5823048458159369,0.4176951541840631
13,8,stroop:s08:r1,always_nn,1494,0,0.9952697727098953,0.0047302272901048
13,8,stroop:s08:r2,always_fuse,1494,1,0.3811951973225592,0.6188048026774408
13,8,stroop:s08:r2,always_nn,1494,1,0.1617520251013783,0.8382479748986217
13,8,stroop:s08:r3,always_fuse,1494,1,0.3440032168168425,0.6559967831831575
13,8,stroop:s08:r3,always_nn,1494,1,0.0523837093662637,0.9476162906337364
13,8,stroop:s08:r0,always_fuse,1547,0,0.730302732768129,0.269697267231871
13,8,stroop:s08:r0,always_nn,1547,0,0.999335209318788,0.0006647906812121
13,8,stroop:s08:r1,always_fuse,1547,0,0.5222019423356753,0.4777980576643246
13,8,stroop:s08:r1,always_nn,1547,0,0.8723391674997492,0.1276608325002508
13,8,stroop:s08:r2,always_fuse,1547,1,0.3028364268240227,0.6971635731759772
13,8,stroop:s08:r2,always_nn,1547,1,0.0543494226344911,0.9456505773655088
13,8,stroop:s08:r3,always_fuse,1547,1,0.2483781111419748,0.7516218888580252
13,8,stroop:s08:r3,always_nn,1547,1,0.01492648712707,0.98507351287293
13,9,stroop:s09:r0,always_fuse,1335,0,0.8599517724667084,0.1400482275332916
13,9,stroop:s09:r0,always_nn,1335,0,0.9999997413300664,2.586699336874169e-07
13,9,stroop:s09:r1,always_fuse,1335,0,0.5650285310057004,0.4349714689942997
13,9,stroop:s09:r1,always_nn,1335,0,0.8898533694769247,0.1101466305230752
13,9,stroop:s09:r2,always_fuse,1335,1,0.3911038077827689,0.6088961922172311
13,9,stroop:s09:r2,always_nn,1335,1,0.044786899003864,0.955213100996136
13,9,stroop:s09:r3,always_fuse,1335,1,0.4870383650557926,0.5129616349442074
13,9,stroop:s09:r3,always_nn,1335,1,0.5028398720064914,0.4971601279935087
13,9,stroop:s09:r0,always_fuse,1388,0,0.8723564012803078,0.1276435987196921
13,9,stroop:s09:r0,always_nn,1388,0,0.999999902748581,9.72514191274145e-08
13,9,stroop:s09:r1,always_fuse,1388,0,0.5115424785184376,0.4884575214815624
13,9,stroop:s09:r1,always_nn,1388,0,0.657966359465583,0.3420336405344169
13,9,stroop:s09:r2,always_fuse,1388,1,0.3577780966591966,0.6422219033408034
13,9,stroop:s09:r2,always_nn,1388,1,0.0220508306153452,0.9779491693846548
13,9,stroop:s09:r3,always_fuse,1388,1,0.4520293949361411,0.547970605063859
13,9,stroop:s09:r3,always_nn,1388,1,0.3025303552383676,0.6974696447616323
13,9,stroop:s09:r0,always_fuse,1441,0,0.8006174277184159,0.199382572281584
13,9,stroop:s09:r0,always_nn,1441,0,0.9999393768358094,6.0623164190595824e-05
13,9,stroop:s09:r1,always_fuse,1441,0,0.517333229438251,0.4826667705617491
13,9,stroop:s09:r1,always_nn,1441,0,0.5901282250667121,0.4098717749332878
13,9,stroop:s09:r2,always_fuse,1441,1,0.4636023865145303,0.5363976134854697
13,9,stroop:s09:r2,always_nn,1441,1,0.2602551247495911,0.7397448752504089
13,9,stroop:s09:r3,always_fuse,1441,1,0.5061773311017245,0.4938226688982755
13,9,stroop:s09:r3,always_nn,1441,1,0.6356239745438504,0.3643760254561495
13,9,stroop:s09:r0,always_fuse,1494,0,0.870745458587503,0.1292545414124969
13,9,stroop:s09:r0,always_nn,1494,0,0.999999999922128,7.787195640886067e-11
13,9,stroop:s09:r1,always_fuse,1494,0,0.5918077475684413,0.4081922524315587
13,9,stroop:s09:r1,always_nn,1494,0,0.9959047433704222,0.0040952566295777
13,9,stroop:s09:r2,always_fuse,1494,1,0.3900564919988611,0.6099435080011388
13,9,stroop:s09:r2,always_nn,1494,1,0.0365181842118536,0.9634818157881464
13,9,stroop:s09:r3,always_fuse,1494,1,0.4157175042284972,0.5842824957715028
13,9,stroop:s09:r3,always_nn,1494,1,0.1294494672058947,0.8705505327941052
13,9,stroop:s09:r0,always_fuse,1547,0,0.7696070022635811,0.2303929977364188
13,9,stroop:s09:r0,always_nn,1547,0,0.998348489182092,0.001651510817908
13,9,stroop:s09:r1,always_fuse,1547,0,0.4478974635565123,0.5521025364434877
13,9,stroop:s09:r1,always_nn,1547,0,0.42814965622628,0.57185034377372
13,9,stroop:s09:r2,always_fuse,1547,1,0.4008585115693645,0.5991414884306355
13,9,stroop:s09:r2,always_nn,1547,1,0.2456808127215916,0.7543191872784084
13,9,stroop:s09:r3,always_fuse,1547,1,0.4215806431213659,0.5784193568786341
13,9,stroop:s09:r3,always_nn,1547,1,0.3157350745967141,0.6842649254032859
13,10,stroop:s10:r0,always_fuse,1335,0,0.7088532619781626,0.2911467380218374
13,10,stroop:s10:r0,always_nn,1335,0,0.998650487964087,0.001349512035913
13,10,stroop:s10:r1,always_fuse,1335,0,0.4998989521233773,0.5001010478766228
13,10,stroop:s10:r1,always_nn,1335,0,0.7113967391610548,0.2886032608389451
13,10,stroop:s10:r2,always_fuse,1335,1,0.4988416883713753,0.5011583116286247
13,10,stroop:s10:r2,always_nn,1335,1,0.6943721463231662,0.3056278536768337
13,10,stroop:s10:r3,always_fuse,1335,1,0.3611577121518484,0.6388422878481516
13,10,stroop:s10:r3,always_nn,1335,1,0.0596506868347718,0.9403493131652282
13,10,stroop:s10:r0,always_fuse,1388,0,0.6974074302378753,0.3025925697621245
13,10,stroop:s10:r0,always_nn,1388,0,0.9975397699824716,0.0024602300175282
13,10,stroop:s10:r1,always_fuse,1388,0,0.5197852914755597,0.4802147085244401
13,10,stroop:s10:r1,always_nn,1388,0,0.8244609418928859,0.175539058107114
13,10,stroop:s10:r2,always_fuse,1388,1,0.5041333045622299,0.49586669543777
13,10,stroop:s10:r2,always_nn,1388,1,0.7179848202050707,0.2820151797949292
13,10,stroop:s10:r3,always_fuse,1388,1,0.3210053335418747,0.6789946664581253
13,10,stroop:s10:r3,always_nn,1388,1,0.0218549904376145,0.9781450095623854
13,10,stroop:s10:r0,always_fuse,1441,0,0.679160594042706,0.320839405957294
13,10,stroop:s10:r0,always_nn,1441,0,0.9961922956204712,0.0038077043795285
13,10,stroop:s10:r1,always_fuse,1441,0,0.5101316984606522,0.4898683015393478
13,10,stroop:s10:r1,always_nn,1441,0,0.7132089632268955,0.2867910367731045
13,10,stroop:s10:r2,always_fuse,1441,1,0.5012514794751931,0.4987485205248068
13,10,stroop:s10:r2,always_nn,1441,1,0.6312209263085701,0.3687790736914299
13,10,stroop:s10:r3,always_fuse,1441,1,0.3965191110694552,0.6034808889305447
13,10,stroop:s10:r3,always_nn,1441,1,0.1529717707079898,0.8470282292920102
13,10,stroop:s10:r0,always_fuse,1494,0,0.7054522493436844,0.2945477506563155
13,10,stroop:s10:r0,always_nn,1494,0,0.9985660504345424,0.0014339495654576
13,10,stroop:s10:r1,always_fuse,1494,0,0.4941175665727311,0.5058824334272689
13,10,stroop:s10:r1,always_nn,1494,0,0.6624552086173756,0.3375447913826243
13,10,stroop:s10:r2,always_fuse,1494,1,0.4665089642105312,0.5334910357894688
13,10,stroop:s10:r2,always_nn,1494,1,0.403701558010719,0.596298441989281
13,10,stroop:s10:r3,always_fuse,1494,1,0.337251861452605,0.6627481385473949
13,10,stroop:s10:r3,always_nn,1494,1,0.0227909644189301,0.97720903558107
13,10,stroop:s10:r0,always_fuse,1547,0,0.7381353490467253,0.2618646509532747
13,10,stroop:s10:r0,always_nn,1547,0,0.9966718046920632,0.0033281953079367
13,10,stroop:s10:r1,always_fuse,1547,0,0.52613171859231,0.4738682814076899
13,10,stroop:s10:r1,always_nn,1547,0,0.7842908127935524,0.2157091872064476
13,10,stroop:s10:r2,always_fuse,1547,1,0.5109189753955538,0.4890810246044462
13,10,stroop:s10:r2,always_nn,1547,1,0.726913802762276,0.273086197237724
13,10,stroop:s10:r3,always_fuse,1547,1,0.3627234193539775,0.6372765806460224
13,10,stroop:s10:r3,always_nn,1547,1,0.1484138420885731,0.8515861579114269
13,11,stroop:s11:r0,always_fuse,1335,0,0.7208294351414085,0.2791705648585914
13,11,stroop:s11:r0,always_nn,1335,0,0.9990567017715544,0.0009432982284455
13,11,stroop:s11:r1,always_fuse,1335,0,0.4763473487211957,0.5236526512788043
13,11,stroop:s11:r1,always_nn,1335,0,0.5468962599429557,0.4531037400570443
13,11,stroop:s11:r2,always_fuse,1335,1,0.4653482724054955,0.5346517275945044
13,11,stroop:s11:r2,always_nn,1335,1,0.380472840978721,0.619527159021279
13,11,stroop:s11:r3,always_fuse,1335,1,0.4936376437983068,0.5063623562016931
13,11,stroop:s11:r3,always_nn,1335,1,0.5863516073348196,0.4136483926651804
13,11,stroop:s11:r0,always_fuse,1388,0,0.672575283433006,0.3274247165669939
13,11,stroop:s11:r0,always_nn,1388,0,0.9878458978690806,0.0121541021309195
13,11,stroop:s11:r1,always_fuse,1388,0,0.4015559402409709,0.598444059759029
13,11,stroop:s11:r1,always_nn,1388,0,0.1437500588063492,0.8562499411936507
13,11,stroop:s11:r2,always_fuse,1388,1,0.4411414507961959,0.5588585492038042
13,11,stroop:s11:r2,always_nn,1388,1,0.3170505302704803,0.6829494697295198
13,11,stroop:s11:r3,always_fuse,1388,1,0.4401810652372223,0.5598189347627777
13,11,stroop:s11:r3,always_nn,1388,1,0.2892148761978733,0.7107851238021268
13,11,stroop:s11:r0,always_fuse,1441,0,0.7320982660106536,0.2679017339893463
13,11,stroop:s11:r0,always_nn,1441,0,0.9968237374473554,0.0031762625526445
13,11,stroop:s11:r1,always_fuse,1441,0,0.4488889646800406,0.5511110353199594
13,11,stroop:s11:r1,always_nn,1441,0,0.2840393155590152,0.7159606844409847
13,11,stroop:s11:r2,always_fuse,1441,1,0.4777445807708536,0.5222554192291463
13,11,stroop:s11:r2,always_nn,1441,1,0.4535155272577414,0.5464844727422585
13,11,stroop:s11:r3,always_fuse,1441,1,0.4911712699434959,0.5088287300565041
13,11,stroop:s11:r3,always_nn,1441,1,0.5634624367579205,0.4365375632420794
13,11,stroop:s11:r0,always_fuse,1494,0,0.7187132762933724,0.2812867237066275
13,11,stroop:s11:r0,always_nn,1494,0,0.9986042846708836,0.0013957153291161
13,11,stroop:s11:r1,always_fuse,1494,0,0.4583813508960387,0.5416186491039613
13,11,stroop:s11:r1,always_nn,1494,0,0.4222984506087636,0.5777015493912363
13,11,stroop:s11:r2,always_fuse,1494,1,0.4679990067303821,0.5320009932696179
13,11,stroop:s11:r2,always_nn,1494,1,0.4077684757178585,0.5922315242821414
13,11,stroop:s11:r3,always_fuse,1494,1,0.4584430725405264,0.5415569274594735
13,11,stroop:s11:r3,always_nn,1494,1,0.3379924353740788,0.6620075646259211
13,11,stroop:s11:r0,always_fuse,1547,0,0.6751592814044372,0.3248407185955629
13,11,stroop:s11:r0,always_nn,1547,0,0.9829641095630736,0.0170358904369264
13,11,stroop:s11:r1,always_fuse,1547,0,0.4612178327567108,0.5387821672432892
13,11,stroop:s11:r1,always_nn,1547,0,0.6079758748732581,0.3920241251267419
13,11,stroop:s11:r2,always_fuse,1547,1,0.4936223468153092,0.5063776531846909
13,11,stroop:s11:r2,always_nn,1547,1,0.7372029603456344,0.2627970396543656
13,11,stroop:s11:r3,always_fuse,1547,1,0.4710461588558619,0.5289538411441381
13,11,stroop:s11:r3,always_nn,1547,1,0.6380395041290833,0.3619604958709168
13,12,stroop:s12:r0,always_fuse,1335,0,0.5324108066437304,0.4675891933562695
13,12,stroop:s12:r0,always_nn,1335,0,0.707376049455721,0.2926239505442791
13,12,stroop:s12:r1,always_fuse,1335,0,0.4719833122358182,0.5280166877641818
13,12,stroop:s12:r1,always_nn,1335,0,0.5540892652491493,0.4459107347508508
13,12,stroop:s12:r2,always_fuse,1335,1,0.4404230081767081,0.5595769918232919
13,12,stroop:s12:r2,always_nn,1335,1,0.3335442327148121,0.6664557672851879
13,12,stroop:s12:r3,always_fuse,1335,1,0.4551689993433709,0.544831000656629
13,12,stroop:s12:r3,always_nn,1335,1,0.4395791450015195,0.5604208549984804
13,12,stroop:s12:r0,always_fuse,1388,0,0.6124902883465073,0.3875097116534927
13,12,stroop:s12:r0,always_nn,1388,0,0.9611852283753598,0.0388147716246402
13,12,stroop:s12:r1,always_fuse,1388,0,0.4809046600933417,0.5190953399066582
13,12,stroop:s12:r1,always_nn,1388,0,0.6231117644175828,0.3768882355824172
13,12,stroop:s12:r2,always_fuse,1388,1,0.4647663510352637,0.5352336489647364
13,12,stroop:s12:r2,always_nn,1388,1,0.5309045303069553,0.4690954696930448
13,12,stroop:s12:r3,always_fuse,1388,1,0.4796586322551747,0.5203413677448252
13,12,stroop:s12:r3,always_nn,1388,1,0.6224593067641545,0.3775406932358455
13,12,stroop:s12:r0,always_fuse,1441,0,0.5697480871645705,0.4302519128354295
13,12,stroop:s12:r0,always_nn,1441,0,0.8747045855874548,0.1252954144125452
13,12,stroop:s12:r1,always_fuse,1441,0,0.4747173530639659,0.5252826469360341
13,12,stroop:s12:r1,always_nn,1441,0,0.5462608436798637,0.4537391563201363
13,12,stroop:s12:r2,always_fuse,1441,1,0.4484735365716454,0.5515264634283547
13,12,stroop:s12:r2,always_nn,1441,1,0.3633340652520115,0.6366659347479885
13,12,stroop:s12:r3,always_fuse,1441,1,0.461193582787779,0.5388064172122209
13,12,stroop:s12:r3,always_nn,1441,1,0.4470861045526067,0.5529138954473932
13,12,stroop:s12:r0,always_fuse,1494,0,0.6072168430754203,0.3927831569245796
13,12,stroop:s12:r0,always_nn,1494,0,0.9513198606848186,0.0486801393151815
13,12,stroop:s12:r1,always_fuse,1494,0,0.4499491982877434,0.5500508017122566
13,12,stroop:s12:r1,always_nn,1494,0,0.3434579839450566,0.6565420160549433
13,12,stroop:s12:r2,always_fuse,1494,1,0.4446680334187833,0.5553319665812168
13,12,stroop:s12:r2,always_nn,1494,1,0.3380356708237505,0.6619643291762495
13,12,stroop:s12:r3,always_fuse,1494,1,0.4473588100686954,0.5526411899313045
13,12,stroop:s12:r3,always_nn,1494,1,0.3392928634697843,0.6607071365302157
13,12,stroop:s12:r0,always_fuse,1547,0,0.6716785547307619,0.328321445269238
13,12,stroop:s12:r0,always_nn,1547,0,0.9867003796898592,0.0132996203101406
13,12,stroop:s12:r1,always_fuse,1547,0,0.4586533634922279,0.541346636507772
13,12,stroop:s12:r1,always_nn,1547,0,0.5510319825302864,0.4489680174697135
13,12,stroop:s12:r2,always_fuse,1547,1,0.4243179808958303,0.5756820191041697
13,12,stroop:s12:r2,always_nn,1547,1,0.3795595429897781,0.6204404570102218
13,12,stroop:s12:r3,always_fuse,1547,1,0.4360597237176047,0.5639402762823952
13,12,stroop:s12:r3,always_nn,1547,1,0.4306786263319839,0.569321373668016
13,14,stroop:s14:r0,always_fuse,1335,0,0.7766293187163134,0.2233706812836865
13,14,stroop:s14:r0,always_nn,1335,0,0.9992956617849638,0.0007043382150362
13,14,stroop:s14:r1,always_fuse,1335,0,0.186359910488374,0.813640089511626
13,14,stroop:s14:r1,always_nn,1335,0,0.0324623378226941,0.967537662177306
13,14,stroop:s14:r2,always_fuse,1335,1,0.2195733580084461,0.7804266419915539
13,14,stroop:s14:r2,always_nn,1335,1,0.0342833323233119,0.9657166676766882
13,14,stroop:s14:r3,always_fuse,1335,1,0.1172881192018727,0.8827118807981272
13,14,stroop:s14:r3,always_nn,1335,1,0.0316459492345695,0.9683540507654304
13,14,stroop:s14:r0,always_fuse,1388,0,0.8304284339342117,0.1695715660657882
13,14,stroop:s14:r0,always_nn,1388,0,0.9999741138967294,2.5886103270619137e-05
13,14,stroop:s14:r1,always_fuse,1388,0,0.2158893425101746,0.7841106574898253
13,14,stroop:s14:r1,always_nn,1388,0,0.1886428369795609,0.811357163020439
13,14,stroop:s14:r2,always_fuse,1388,1,0.2665374220709231,0.733462577929077
13,14,stroop:s14:r2,always_nn,1388,1,0.2609808298339273,0.7390191701660727
13,14,stroop:s14:r3,always_fuse,1388,1,0.1348336756576649,0.8651663243423351
13,14,stroop:s14:r3,always_nn,1388,1,0.1849570602328596,0.8150429397671404
13,14,stroop:s14:r0,always_fuse,1441,0,0.8549126197090237,0.1450873802909763
13,14,stroop:s14:r0,always_nn,1441,0,0.9999991596674912,8.403325088293707e-07
13,14,stroop:s14:r1,always_fuse,1441,0,0.1515103302660143,0.8484896697339857
13,14,stroop:s14:r1,always_nn,1441,0,0.0423193997646074,0.9576806002353926
13,14,stroop:s14:r2,always_fuse,1441,1,0.211870676400869,0.7881293235991309
13,14,stroop:s14:r2,always_nn,1441,1,0.1096997731317969,0.890300226868203
13,14,stroop:s14:r3,always_fuse,1441,1,0.0862115955500544,0.9137884044499456
13,14,stroop:s14:r3,always_nn,1441,1,0.0395468239405227,0.9604531760594772
13,14,stroop:s14:r0,always_fuse,1494,0,0.7799292255274436,0.2200707744725563
13,14,stroop:s14:r0,always_nn,1494,0,0.9992717169313255,0.0007282830686743
13,14,stroop:s14:r1,always_fuse,1494,0,0.2094052972323908,0.7905947027676091
13,14,stroop:s14:r1,always_nn,1494,0,0.1174970745956374,0.8825029254043626
13,14,stroop:s14:r2,always_fuse,1494,1,0.2391048616009751,0.7608951383990249
13,14,stroop:s14:r2,always_nn,1494,1,0.134282600379191,0.865717399620809
13,14,stroop:s14:r3,always_fuse,1494,1,0.1343819052951451,0.865618094704855
13,14,stroop:s14:r3,always_nn,1494,1,0.105006537358679,0.8949934626413208
13,14,stroop:s14:r0,always_fuse,1547,0,0.8907082023334545,0.1092917976665455
13,14,stroop:s14:r0,always_nn,1547,0,0.9999834279889018,1.657201109809003e-05
13,14,stroop:s14:r1,always_fuse,1547,0,0.1899510511931167,0.8100489488068833
13,14,stroop:s14:r1,always_nn,1547,0,0.0260529428967451,0.9739470571032548
13,14,stroop:s14:r2,always_fuse,1547,1,0.1988671251983791,0.8011328748016209
13,14,stroop:s14:r2,always_nn,1547,1,0.0219941063759737,0.9780058936240263
13,14,stroop:s14:r3,always_fuse,1547,1,0.1408043874358812,0.8591956125641187
13,14,stroop:s14:r3,always_nn,1547,1,0.0252106798946823,0.9747893201053176
13,15,stroop:s15:r0,always_fuse,1335,0,0.6714243285377697,0.3285756714622303
13,15,stroop:s15:r0,always_nn,1335,0,0.9981183258384831,0.0018816741615167
13,15,stroop:s15:r1,always_fuse,1335,0,0.4202661403579895,0.5797338596420105
13,15,stroop:s15:r1,always_nn,1335,0,0.2599371617838735,0.7400628382161265
13,15,stroop:s15:r2,always_fuse,1335,1,0.4314853895721154,0.5685146104278846
13,15,stroop:s15:r2,always_nn,1335,1,0.3233567984768062,0.6766432015231938
13,15,stroop:s15:r3,always_fuse,1335,1,0.3336972475224893,0.6663027524775107
13,15,stroop:s15:r3,always_nn,1335,1,0.1633691825837545,0.8366308174162455
13,15,stroop:s15:r0,always_fuse,1388,0,0.7617947848433249,0.2382052151566751
13,15,stroop:s15:r0,always_nn,1388,0,0.9999659405610876,3.405943891260323e-05
13,15,stroop:s15:r1,always_fuse,1388,0,0.4976097983192773,0.5023902016807227
13,15,stroop:s15:r1,always_nn,1388,0,0.8353531916147412,0.1646468083852588
13,15,stroop:s15:r2,always_fuse,1388,1,0.4917624236137838,0.5082375763862161
13,15,stroop:s15:r2,always_nn,1388,1,0.772425588904657,0.227574411095343
13,15,stroop:s15:r3,always_fuse,1388,1,0.3046393446830702,0.6953606553169298
13,15,stroop:s15:r3,always_nn,1388,1,0.1850279702961442,0.8149720297038557
13,15,stroop:s15:r0,always_fuse,1441,0,0.7280550314957345,0.2719449685042656
13,15,stroop:s15:r0,always_nn,1441,0,0.9979275631937126,0.0020724368062874
13,15,stroop:s15:r1,always_fuse,1441,0,0.4410130368810218,0.5589869631189782
13,15,stroop:s15:r1,always_nn,1441,0,0.4036314201833876,0.5963685798166124
13,15,stroop:s15:r2,always_fuse,1441,1,0.4481975278006956,0.5518024721993045
13,15,stroop:s15:r2,always_nn,1441,1,0.434533051486152,0.5654669485138479
13,15,stroop:s15:r3,always_fuse,1441,1,0.3010994310787458,0.6989005689212541
13,15,stroop:s15:r3,always_nn,1441,1,0.1319709847316595,0.8680290152683404
13,15,stroop:s15:r0,always_fuse,1494,0,0.8257221795471238,0.1742778204528762
13,15,stroop:s15:r0,always_nn,1494,0,0.9999836746634352,1.6325336564850588e-05
13,15,stroop:s15:r1,always_fuse,1494,0,0.4103376975203769,0.5896623024796231
13,15,stroop:s15:r1,always_nn,1494,0,0.2207071837514079,0.779292816248592
13,15,stroop:s15:r2,always_fuse,1494,1,0.4262156687811451,0.5737843312188549
13,15,stroop:s15:r2,always_nn,1494,1,0.2922587991276366,0.7077412008723634
13,15,stroop:s15:r3,always_fuse,1494,1,0.2911220992011025,0.7088779007988976
13,15,stroop:s15:r3,always_nn,1494,1,0.1463876181178599,0.8536123818821401
13,15,stroop:s15:r0,always_fuse,1547,0,0.7659197069114125,0.2340802930885874
13,15,stroop:s15:r0,always_nn,1547,0,0.9997789142777016,0.0002210857222983
13,15,stroop:s15:r1,always_fuse,1547,0,0.5202894453031851,0.4797105546968148
13,15,stroop:s15:r1,always_nn,1547,0,0.8281383165505477,0.1718616834494523
13,15,stroop:s15:r2,always_fuse,1547,1,0.501192521643282,0.4988074783567179
13,15,stroop:s15:r2,always_nn,1547,1,0.7534178203974685,0.2465821796025313
13,15,stroop:s15:r3,always_fuse,1547,1,0.3241747797366328,0.6758252202633671
13,15,stroop:s15:r3,always_nn,1547,1,0.1113040926002164,0.8886959073997837
14,1,stroop:s01:r0,always_fuse,1335,0,0.4628087222377484,0.5371912777622516
14,1,stroop:s01:r0,always_nn,1335,0,0.4799562248444984,0.5200437751555016
14,1,stroop:s01:r1,always_fuse,1335,0,0.4992410986938437,0.5007589013061563
14,1,stroop:s01:r1,always_nn,1335,0,0.7181825151601404,0.2818174848398596
14,1,stroop:s01:r2,always_fuse,1335,1,0.5049298249431102,0.4950701750568897
14,1,stroop:s01:r2,always_nn,1335,1,0.7748036995867028,0.2251963004132972
14,1,stroop:s01:r3,always_fuse,1335,1,0.4930977595386612,0.5069022404613388
14,1,stroop:s01:r3,always_nn,1335,1,0.5980539806218425,0.4019460193781575
14,1,stroop:s01:r0,always_fuse,1388,0,0.4993706174052083,0.5006293825947916
14,1,stroop:s01:r0,always_nn,1388,0,0.7810025082949965,0.2189974917050034
14,1,stroop:s01:r1,always_fuse,1388,0,0.5215697420420405,0.4784302579579594
14,1,stroop:s01:r1,always_nn,1388,0,0.8283400221955323,0.1716599778044677
14,1,stroop:s01:r2,always_fuse,1388,1,0.5253269741272136,0.4746730258727863
14,1,stroop:s01:r2,always_nn,1388,1,0.8537054879479183,0.1462945120520817
14,1,stroop:s01:r3,always_fuse,1388,1,0.5259586826728331,0.4740413173271669
14,1,stroop:s01:r3,always_nn,1388,1,0.8183127240697942,0.1816872759302058
14,1,stroop:s01:r0,always_fuse,1441,0,0.4527463984069131,0.5472536015930869
14,1,stroop:s01:r0,always_nn,1441,0,0.5146029937835713,0.4853970062164287
14,1,stroop:s01:r1,always_fuse,1441,0,0.4478069266230063,0.5521930733769936
14,1,stroop:s01:r1,always_nn,1441,0,0.4725229488490574,0.5274770511509425
14,1,stroop:s01:r2,always_fuse,1441,1,0.4530211525992752,0.5469788474007248
14,1,stroop:s01:r2,always_nn,1441,1,0.505802125444913,0.4941978745550869
14,1,stroop:s01:r3,always_fuse,1441,1,0.4411550653515567,0.5588449346484432
14,1,stroop:s01:r3,always_nn,1441,1,0.3775893688388512,0.6224106311611488
14,1,stroop:s01:r0,always_fuse,1494,0,0.4870876865532611,0.5129123134467388
14,1,stroop:s01:r0,always_nn,1494,0,0.6965382292082063,0.3034617707917936
14,1,stroop:s01:r1,always_fuse,1494,0,0.5040694149324412,0.4959305850675588
14,1,stroop:s01:r1,always_nn,1494,0,0.7624213098426935,0.2375786901573064
14,1,stroop:s01:r2,always_fuse,1494,1,0.5080589020447481,0.4919410979552518
14,1,stroop:s01:r2,always_nn,1494,1,0.7800875667583337,0.2199124332416663
14,1,stroop:s01:r3,always_fuse,1494,1,0.4944712184167888,0.5055287815832111
14,1,stroop:s01:r3,always_nn,1494,1,0.7025423005507021,0.2974576994492979
14,1,stroop:s01:r0,always_fuse,1547,0,0.5125937266030132,0.4874062733969869
14,1,stroop:s01:r0,always_nn,1547,0,0.9035392997374446,0.0964607002625552
14,1,stroop:s01:r1,always_fuse,1547,0,0.4556466689318202,0.5443533310681797
14,1,stroop:s01:r1,always_nn,1547,0,0.5544592350180451,0.445540764981955
14,1,stroop:s01:r2,always_fuse,1547,1,0.5273404397356282,0.4726595602643719
14,1,stroop:s01:r2,always_nn,1547,1,0.8653011324045647,0.1346988675954352
14,1,stroop:s01:r3,always_fuse,1547,1,0.437927499565693,0.5620725004343069
14,1,stroop:s01:r3,always_nn,1547,1,0.3212917819431842,0.6787082180568158
14,2,stroop:s02:r0,always_fuse,1335,0,0.7545321406152657,0.2454678593847343
14,2,stroop:s02:r0,always_nn,1335,0,0.99979471284166,0.0002052871583401
14,2,stroop:s02:r1,always_fuse,1335,0,0.6452649590928594,0.3547350409071406
14,2,stroop:s02:r1,always_nn,1335,0,0.9804975575706026,0.0195024424293974
14,2,stroop:s02:r2,always_fuse,1335,1,0.5857966480351771,0.4142033519648229
14,2,stroop:s02:r2,always_nn,1335,1,0.9171961748146786,0.0828038251853212
14,2,stroop:s02:r3,always_fuse,1335,1,0.5818449830798388,0.4181550169201613
14,2,stroop:s02:r3,always_nn,1335,1,0.8969501412258148,0.1030498587741851
14,2,stroop:s02:r0,always_fuse,1388,0,0.6609649374202926,0.3390350625797075
14,2,stroop:s02:r0,always_nn,1388,0,0.9840249804070278,0.0159750195929722
14,2,stroop:s02:r1,always_fuse,1388,0,0.6573732131155142,0.3426267868844858
14,2,stroop:s02:r1,always_nn,1388,0,0.9882765327971034,0.0117234672028966
14,2,stroop:s02:r2,always_fuse,1388,1,0.5776246989630843,0.4223753010369157
14,2,stroop:s02:r2,always_nn,1388,1,0.910921190544821,0.089078809455179
14,2,stroop:s02:r3,always_fuse,1388,1,0.6063560984453747,0.3936439015546253
14,2,stroop:s02:r3,always_nn,1388,1,0.9615189201816348,0.0384810798183654
14,2,stroop:s02:r0,always_fuse,1441,0,0.618431101057626,0.381568898942374
14,2,stroop:s02:r0,always_nn,1441,0,0.9399326486903872,0.0600673513096128
14,2,stroop:s02:r1,always_fuse,1441,0,0.5968676053381088,0.4031323946618911
14,2,stroop:s02:r1,always_nn,1441,0,0.9075994406340048,0.092400559365995
14,2,stroop:s02:r2,always_fuse,1441,1,0.5230798196508379,0.476920180349162
14,2,stroop:s02:r2,always_nn,1441,1,0.702848521736433,0.2971514782635671
14,2,stroop:s02:r3,always_fuse,1441,1,0.5428198446584707,0.4571801553415293
14,2,stroop:s02:r3,always_nn,1441,1,0.773128833499286,0.2268711665007139
14,2,stroop:s02:r0,always_fuse,1494,0,0.6553654095777136,0.3446345904222864
14,2,stroop:s02:r0,always_nn,1494,0,0.9827603426674963,0.0172396573325035
14,2,stroop:s02:r1,always_fuse,1494,0,0.6237590297060256,0.3762409702939745
14,2,stroop:s02:r1,always_nn,1494,0,0.9657541425706664,0.0342458574293335
14,2,stroop:s02:r2,always_fuse,1494,1,0.5765881841208534,0.4234118158791465
14,2,stroop:s02:r2,always_nn,1494,1,0.916454142571152,0.083545857428848
14,2,stroop:s02:r3,always_fuse,1494,1,0.5827019759257516,0.4172980240742485
14,2,stroop:s02:r3,always_nn,1494,1,0.9220026496203432,0.0779973503796566
14,2,stroop:s02:r0,always_fuse,1547,0,0.6391071132776556,0.3608928867223445
14,2,stroop:s02:r0,always_nn,1547,0,0.9707917431254108,0.0292082568745889
14,2,stroop:s02:r1,always_fuse,1547,0,0.6353945389780922,0.3646054610219077
14,2,stroop:s02:r1,always_nn,1547,0,0.9786446443411158,0.0213553556588842
14,2,stroop:s02:r2,always_fuse,1547,1,0.5614919506631337,0.4385080493368663
14,2,stroop:s02:r2,always_nn,1547,1,0.8842646802674833,0.1157353197325167
14,2,stroop:s02:r3,always_fuse,1547,1,0.5881707233372478,0.4118292766627521
14,2,stroop:s02:r3,always_nn,1547,1,0.9429228803984564,0.0570771196015435
14,3,stroop:s03:r0,always_fuse,1335,0,0.773735371780826,0.226264628219174
14,3,stroop:s03:r0,always_nn,1335,0,0.9999998320713168,1.6792868305133209e-07
14,3,stroop:s03:r1,always_fuse,1335,0,0.4934453913830502,0.5065546086169498
14,3,stroop:s03:r1,always_nn,1335,0,0.6633181561958316,0.3366818438041684
14,3,stroop:s03:r2,always_fuse,1335,1,0.5200274386535559,0.479972561346444
14,3,stroop:s03:r2,always_nn,1335,1,0.1978485158401383,0.8021514841598617
14,3,stroop:s03:r3,always_fuse,1335,1,0.3531739364900141,0.646826063509986
14,3,stroop:s03:r3,always_nn,1335,1,0.0041636241822301,0.9958363758177698
14,3,stroop:s03:r0,always_fuse,1388,0,0.8070100004041919,0.1929899995958081
14,3,stroop:s03:r0,always_nn,1388,0,0.9999999872036376,1.279636221701658e-08
14,3,stroop:s03:r1,always_fuse,1388,0,0.603604860213017,0.396395139786983
14,3,stroop:s03:r1,always_nn,1388,0,0.9899330937837808,0.010066906216219
14,3,stroop:s03:r2,always_fuse,1388,1,0.5282038339935257,0.4717961660064743
14,3,stroop:s03:r2,always_nn,1388,1,0.6274690561403709,0.3725309438596291
14,3,stroop:s03:r3,always_fuse,1388,1,0.3888637139116834,0.6111362860883165
14,3,stroop:s03:r3,always_nn,1388,1,0.0493982270422054,0.9506017729577946
14,3,stroop:s03:r0,always_fuse,1441,0,0.777729655053829,0.222270344946171
14,3,stroop:s03:r0,always_nn,1441,0,0.9993639317448402,0.0006360682551598
14,3,stroop:s03:r1,always_fuse,1441,0,0.4633079554282739,0.536692044571726
14,3,stroop:s03:r1,always_nn,1441,0,0.4887803404287151,0.5112196595712848
14,3,stroop:s03:r2,always_fuse,1441,1,0.4888512596466418,0.5111487403533582
14,3,stroop:s03:r2,always_nn,1441,1,0.3150276712262527,0.6849723287737474
14,3,stroop:s03:r3,always_fuse,1441,1,0.4469467259137636,0.5530532740862365
14,3,stroop:s03:r3,always_nn,1441,1,0.3231198505160848,0.6768801494839153
14,3,stroop:s03:r0,always_fuse,1494,0,0.820739289481545,0.1792607105184551
14,3,stroop:s03:r0,always_nn,1494,0,0.9999319478765768,6.805212342322779e-05
14,3,stroop:s03:r1,always_fuse,1494,0,0.4977493915791663,0.5022506084208337
14,3,stroop:s03:r1,always_nn,1494,0,0.700534374641688,0.299465625358312
14,3,stroop:s03:r2,always_fuse,1494,1,0.5007361318123321,0.4992638681876679
14,3,stroop:s03:r2,always_nn,1494,1,0.592223343090008,0.407776656909992
14,3,stroop:s03:r3,always_fuse,1494,1,0.3930572865094779,0.606942713490522
14,3,stroop:s03:r3,always_nn,1494,1,0.1805039762199584,0.8194960237800416
14,3,stroop:s03:r0,always_fuse,1547,0,0.7657652416703543,0.2342347583296457
14,3,stroop:s03:r0,always_nn,1547,0,0.9999553741359808,4.4625864019088034e-05
14,3,stroop:s03:r1,always_fuse,1547,0,0.542488778579753,0.457511221420247
14,3,stroop:s03:r1,always_nn,1547,0,0.9296287371119888,0.070371262888011
14,3,stroop:s03:r2,always_fuse,1547,1,0.5050458115468935,0.4949541884531065
14,3,stroop:s03:r2,always_nn,1547,1,0.4269655903584463,0.5730344096415536
14,3,stroop:s03:r3,always_fuse,1547,1,0.4153908261945581,0.5846091738054419
14,3,stroop:s03:r3,always_nn,1547,1,0.1101517808151574,0.8898482191848426
14,4,stroop:s04:r0,always_fuse,1335,0,0.6252910222466747,0.3747089777533253
14,4,stroop:s04:r0,always_nn,1335,0,0.995366702329006,0.0046332976709939
14,4,stroop:s04:r1,always_fuse,1335,0,0.4579231287153331,0.5420768712846668
14,4,stroop:s04:r1,always_nn,1335,0,0.5065624595667501,0.4934375404332499
14,4,stroop:s04:r2,always_fuse,1335,1,0.4510592546529434,0.5489407453470566
14,4,stroop:s04:r2,always_nn,1335,1,0.2693446414824397,0.7306553585175604
14,4,stroop:s04:r3,always_fuse,1335,1,0.4088122493761831,0.5911877506238169
14,4,stroop:s04:r3,always_nn,1335,1,0.0626251063913138,0.937374893608686
14,4,stroop:s04:r0,always_fuse,1388,0,0.5898078250976568,0.4101921749023432
14,4,stroop:s04:r0,always_nn,1388,0,0.975672514865484,0.0243274851345159
14,4,stroop:s04:r1,always_fuse,1388,0,0.4676311099892307,0.5323688900107691
14,4,stroop:s04:r1,always_nn,1388,0,0.5530787155832514,0.4469212844167485
14,4,stroop:s04:r2,always_fuse,1388,1,0.4252295414268461,0.5747704585731539
14,4,stroop:s04:r2,always_nn,1388,1,0.1534065381356715,0.8465934618643286
14,4,stroop:s04:r3,always_fuse,1388,1,0.3736671111666156,0.6263328888333843
14,4,stroop:s04:r3,always_nn,1388,1,0.0288751283033547,0.9711248716966452
14,4,stroop:s04:r0,always_fuse,1441,0,0.7224196111300442,0.2775803888699558
14,4,stroop:s04:r0,always_nn,1441,0,0.9992839113721704,0.0007160886278295
14,4,stroop:s04:r1,always_fuse,1441,0,0.5070708747804098,0.4929291252195902
14,4,stroop:s04:r1,always_nn,1441,0,0.8470317408279949,0.1529682591720051
14,4,stroop:s04:r2,always_fuse,1441,1,0.4791214894783173,0.5208785105216827
14,4,stroop:s04:r2,always_nn,1441,1,0.6331510431894132,0.3668489568105869
14,4,stroop:s04:r3,always_fuse,1441,1,0.3971711949942565,0.6028288050057435
14,4,stroop:s04:r3,always_nn,1441,1,0.1752329472433678,0.8247670527566321
14,4,stroop:s04:r0,always_fuse,1494,0,0.5959405969593651,0.4040594030406349
14,4,stroop:s04:r0,always_nn,1494,0,0.9662664193686256,0.0337335806313744
14,4,stroop:s04:r1,always_fuse,1494,0,0.4510485495063342,0.5489514504936658
14,4,stroop:s04:r1,always_nn,1494,0,0.4973375815548108,0.5026624184451891
14,4,stroop:s04:r2,always_fuse,1494,1,0.4622354958638777,0.5377645041361223
14,4,stroop:s04:r2,always_nn,1494,1,0.5377741820517536,0.4622258179482462
14,4,stroop:s04:r3,always_fuse,1494,1,0.4392848269911709,0.560715173008829
14,4,stroop:s04:r3,always_nn,1494,1,0.4078825393385671,0.5921174606614329
14,4,stroop:s04:r0,always_fuse,1547,0,0.6393710175008943,0.3606289824991056
14,4,stroop:s04:r0,always_nn,1547,0,0.9961422120559158,0.0038577879440842
14,4,stroop:s04:r1,always_fuse,1547,0,0.4743721632289875,0.5256278367710124
14,4,stroop:s04:r1,always_nn,1547,0,0.6286112930333984,0.3713887069666016
14,4,stroop:s04:r2,always_fuse,1547,1,0.421927783601727,0.5780722163982729
14,4,stroop:s04:r2,always_nn,1547,1,0.1975706109272632,0.8024293890727368
14,4,stroop:s04:r3,always_fuse,1547,1,0.3815990877608836,0.6184009122391164
14,4,stroop:s04:r3,always_nn,1547,1,0.0549791959965759,0.945020804003424
14,5,stroop:s05:r0,always_fuse,1335,0,0.7337824193744368,0.2662175806255632
14,5,stroop:s05:r0,always_nn,1335,0,0.999860067262046,0.0001399327379538
14,5,stroop:s05:r1,always_fuse,1335,0,0.430367998910813,0.569632001089187
14,5,stroop:s05:r1,always_nn,1335,0,0.3550381741476555,0.6449618258523444
14,5,stroop:s05:r2,always_fuse,1335,1,0.4136955900078455,0.5863044099921544
14,5,stroop:s05:r2,always_nn,1335,1,0.1844172139831965,0.8155827860168035
14,5,stroop:s05:r3,always_fuse,1335,1,0.3822693661575807,0.6177306338424192
14,5,stroop:s05:r3,always_nn,1335,1,0.0947265496614673,0.9052734503385328
14,5,stroop:s05:r0,always_fuse,1388,0,0.7398661239870385,0.2601338760129614
14,5,stroop:s05:r0,always_nn,1388,0,0.9998855516334396,0.0001144483665604
14,5,stroop:s05:r1,always_fuse,1388,0,0.4301467466940131,0.5698532533059869
14,5,stroop:s05:r1,always_nn,1388,0,0.2825277961154644,0.7174722038845356
14,5,stroop:s05:r2,always_fuse,1388,1,0.4117363181688467,0.5882636818311532
14,5,stroop:s05:r2,always_nn,1388,1,0.161078866080662,0.838921133919338
14,5,stroop:s05:r3,always_fuse,1388,1,0.3888838100089272,0.6111161899910729
14,5,stroop:s05:r3,always_nn,1388,1,0.0945144569984111,0.9054855430015888
14,5,stroop:s05:r0,always_fuse,1441,0,0.8456386638239567,0.1543613361760433
14,5,stroop:s05:r0,always_nn,1441,0,0.9999999804937546,1.9506245310572185e-08
14,5,stroop:s05:r1,always_fuse,1441,0,0.3980996787272456,0.6019003212727544
14,5,stroop:s05:r1,always_nn,1441,0,0.2861343841713917,0.7138656158286083
14,5,stroop:s05:r2,always_fuse,1441,1,0.3516534988411713,0.6483465011588286
14,5,stroop:s05:r2,always_nn,1441,1,0.0771213093200975,0.9228786906799024
14,5,stroop:s05:r3,always_fuse,1441,1,0.2890520359606093,0.7109479640393908
14,5,stroop:s05:r3,always_nn,1441,1,0.0143719572213136,0.9856280427786864
14,5,stroop:s05:r0,always_fuse,1494,0,0.7444232618656461,0.2555767381343539
14,5,stroop:s05:r0,always_nn,1494,0,0.9994105301527704,0.0005894698472295
14,5,stroop:s05:r1,always_fuse,1494,0,0.4254252429160898,0.5745747570839101
14,5,stroop:s05:r1,always_nn,1494,0,0.3708323704486411,0.6291676295513589
14,5,stroop:s05:r2,always_fuse,1494,1,0.381981064687675,0.618018935312325
14,5,stroop:s05:r2,always_nn,1494,1,0.1495775867808572,0.8504224132191427
14,5,stroop:s05:r3,always_fuse,1494,1,0.3406013689738668,0.6593986310261332
14,5,stroop:s05:r3,always_nn,1494,1,0.0584106574080551,0.9415893425919448
14,5,stroop:s05:r0,always_fuse,1547,0,0.8072081304844484,0.1927918695155517
14,5,stroop:s05:r0,always_nn,1547,0,0.9999998898065244,1.1019347560016509e-07
14,5,stroop:s05:r1,always_fuse,1547,0,0.4557633141662472,0.5442366858337528
14,5,stroop:s05:r1,always_nn,1547,0,0.5815977947462787,0.4184022052537212
14,5,stroop:s05:r2,always_fuse,1547,1,0.3594905359398491,0.6405094640601509
14,5,stroop:s05:r2,always_nn,1547,1,0.0474803734608221,0.952519626539178
14,5,stroop:s05:r3,always_fuse,1547,1,0.3489676054746894,0.6510323945253106
14,5,stroop:s05:r3,always_nn,1547,1,0.0426632895700664,0.9573367104299336
14,6,stroop:s06:r0,always_fuse,1335,0,0.3883863380412017,0.6116136619587982
14,6,stroop:s06:r0,always_nn,1335,0,0.7424518950605555,0.2575481049394444
14,6,stroop:s06:r1,always_fuse,1335,0,0.506098986929006,0.493901013070994
14,6,stroop:s06:r1,always_nn,1335,0,0.9793988602115652,0.0206011397884347
14,6,stroop:s06:r2,always_fuse,1335,1,0.450138692284285,0.5498613077157151
14,6,stroop:s06:r2,always_nn,1335,1,0.6393736163408443,0.3606263836591557
14,6,stroop:s06:r3,always_fuse,1335,1,0.3394897151794315,0.6605102848205684
14,6,stroop:s06:r3,always_nn,1335,1,0.4525207555448581,0.547479244455142
14,6,stroop:s06:r0,always_fuse,1388,0,0.3843074504842951,0.615692549515705
14,6,stroop:s06:r0,always_nn,1388,0,0.3774306900577084,0.6225693099422915
14,6,stroop:s06:r1,always_fuse,1388,0,0.4573712305967757,0.5426287694032242
14,6,stroop:s06:r1,always_nn,1388,0,0.763314105871401,0.2366858941285989
14,6,stroop:s06:r2,always_fuse,1388,1,0.421598000627307,0.578401999372693
14,6,stroop:s06:r2,always_nn,1388,1,0.3408013468852966,0.6591986531147034
14,6,stroop:s06:r3,always_fuse,1388,1,0.3717264588591431,0.6282735411408569
14,6,stroop:s06:r3,always_nn,1388,1,0.4091269632508849,0.590873036749115
14,6,stroop:s06:r0,always_fuse,1441,0,0.4159170665435824,0.5840829334564176
14,6,stroop:s06:r0,always_nn,1441,0,0.7130086770473003,0.2869913229526997
14,6,stroop:s06:r1,always_fuse,1441,0,0.7136817844287987,0.2863182155712013
14,6,stroop:s06:r1,always_nn,1441,0,0.999898721125868,0.0001012788741318
14,6,stroop:s06:r2,always_fuse,1441,1,0.4234768538392364,0.5765231461607635
14,6,stroop:s06:r2,always_nn,1441,1,0.4627204447722413,0.5372795552277587
14,6,stroop:s06:r3,always_fuse,1441,1,0.4174037101015879,0.5825962898984121
14,6,stroop:s06:r3,always_nn,1441,1,0.7183835685808515,0.2816164314191484
14,6,stroop:s06:r0,always_fuse,1494,0,0.3696444213313242,0.6303555786686759
14,6,stroop:s06:r0,always_nn,1494,0,0.3458606213771844,0.6541393786228157
14,6,stroop:s06:r1,always_fuse,1494,0,0.5553284509780914,0.4446715490219087
14,6,stroop:s06:r1,always_nn,1494,0,0.9724472889552312,0.0275527110447689
14,6,stroop:s06:r2,always_fuse,1494,1,0.340218844195964,0.659781155804036
14,6,stroop:s06:r2,always_nn,1494,1,0.0790704800163593,0.9209295199836408
14,6,stroop:s06:r3,always_fuse,1494,1,0.3683554692030187,0.6316445307969812
14,6,stroop:s06:r3,always_nn,1494,1,0.3571958655627102,0.6428041344372898
14,6,stroop:s06:r0,always_fuse,1547,0,0.3925243668476054,0.6074756331523945
14,6,stroop:s06:r0,always_nn,1547,0,0.5721343993163366,0.4278656006836634
14,6,stroop:s06:r1,always_fuse,1547,0,0.4946607222589957,0.5053392777410042
14,6,stroop:s06:r1,always_nn,1547,0,0.9176903460523284,0.0823096539476715
14,6,stroop:s06:r2,always_fuse,1547,1,0.4387855800594135,0.5612144199405865
14,6,stroop:s06:r2,always_nn,1547,1,0.4263254985824088,0.5736745014175912
14,6,stroop:s06:r3,always_fuse,1547,1,0.352682366459105,0.6473176335408951
14,6,stroop:s06:r3,always_nn,1547,1,0.3767717407291444,0.6232282592708557
14,7,stroop:s07:r0,always_fuse,1335,0,0.787762699844998,0.212237300155002
14,7,stroop:s07:r0,always_nn,1335,0,0.9999998801403088,1.1985969118231885e-07
14,7,stroop:s07:r1,always_fuse,1335,0,0.5006798182732702,0.4993201817267297
14,7,stroop:s07:r1,always_nn,1335,0,0.8383772461613255,0.1616227538386744
14,7,stroop:s07:r2,always_fuse,1335,1,0.4177979038413886,0.5822020961586114
14,7,stroop:s07:r2,always_nn,1335,1,0.1896082335227134,0.8103917664772865
14,7,stroop:s07:r3,always_fuse,1335,1,0.3996608661164398,0.6003391338835601
14,7,stroop:s07:r3,always_nn,1335,1,0.0911374957167995,0.9088625042832004
14,7,stroop:s07:r0,always_fuse,1388,0,0.813937277579626,0.186062722420374
14,7,stroop:s07:r0,always_nn,1388,0,0.9999999881836849,1.181631505078934e-08
14,7,stroop:s07:r1,always_fuse,1388,0,0.4913329141987769,0.508667085801223
14,7,stroop:s07:r1,always_nn,1388,0,0.7046345875825591,0.2953654124174408
14,7,stroop:s07:r2,always_fuse,1388,1,0.3815021775271769,0.618497822472823
14,7,stroop:s07:r2,always_nn,1388,1,0.0586187718366238,0.941381228163376
14,7,stroop:s07:r3,always_fuse,1388,1,0.4173155642162416,0.5826844357837583
14,7,stroop:s07:r3,always_nn,1388,1,0.1879186160088208,0.8120813839911791
14,7,stroop:s07:r0,always_fuse,1441,0,0.8247038715885302,0.1752961284114698
14,7,stroop:s07:r0,always_nn,1441,0,0.9999998660210022,1.339789978520913e-07
14,7,stroop:s07:r1,always_fuse,1441,0,0.5393128181677345,0.4606871818322655
14,7,stroop:s07:r1,always_nn,1441,0,0.9291798037150822,0.0708201962849177
14,7,stroop:s07:r2,always_fuse,1441,1,0.3095505892236554,0.6904494107763446
14,7,stroop:s07:r2,always_nn,1441,1,0.025812281574372,0.974187718425628
14,7,stroop:s07:r3,always_fuse,1441,1,0.3415558807728967,0.6584441192271032
14,7,stroop:s07:r3,always_nn,1441,1,0.056506507702263,0.9434934922977368
14,7,stroop:s07:r0,always_fuse,1494,0,0.8817051272042783,0.1182948727957217
14,7,stroop:s07:r0,always_nn,1494,0,0.99999998592553,1.4074469942868974e-08
14,7,stroop:s07:r1,always_fuse,1494,0,0.5948597977409968,0.4051402022590032
14,7,stroop:s07:r1,always_nn,1494,0,0.9522777006707,0.0477222993292998
14,7,stroop:s07:r2,always_fuse,1494,1,0.3606088866881478,0.6393911133118522
14,7,stroop:s07:r2,always_nn,1494,1,0.1059436444470692,0.8940563555529307
14,7,stroop:s07:r3,always_fuse,1494,1,0.3573675990693255,0.6426324009306744
14,7,stroop:s07:r3,always_nn,1494,1,0.09184981519017,0.90815018480983
14,7,stroop:s07:r0,always_fuse,1547,0,0.7789684045498123,0.2210315954501877
14,7,stroop:s07:r0,always_nn,1547,0,0.9999983405444824,1.6594555174403272e-06
14,7,stroop:s07:r1,always_fuse,1547,0,0.5031065285309372,0.4968934714690628
14,7,stroop:s07:r1,always_nn,1547,0,0.828357994137376,0.171642005862624
14,7,stroop:s07:r2,always_fuse,1547,1,0.4219200598111876,0.5780799401888124
14,7,stroop:s07:r2,always_nn,1547,1,0.2724032223854653,0.7275967776145347
14,7,stroop:s07:r3,always_fuse,1547,1,0.3865100277695621,0.6134899722304379
14,7,stroop:s07:r3,always_nn,1547,1,0.1063696436530664,0.8936303563469336
14,8,stroop:s08:r0,always_fuse,1335,0,0.5561074403801259,0.443892559619874
14,8,stroop:s08:r0,always_nn,1335,0,0.9812976049252266,0.0187023950747734
14,8,stroop:s08:r1,always_fuse,1335,0,0.4626420612142439,0.5373579387857561
14,8,stroop:s08:r1,always_nn,1335,0,0.5778289286585414,0.4221710713414586
14,8,stroop:s08:r2,always_fuse,1335,1,0.4025233580414395,0.5974766419585604
14,8,stroop:s08:r2,always_nn,1335,1,0.1665526718454241,0.8334473281545759
14,8,stroop:s08:r3,always_fuse,1335,1,0.3678234559562468,0.6321765440437531
14,8,stroop:s08:r3,always_nn,1335,1,0.0801519187999622,0.9198480812000378
14,8,stroop:s08:r0,always_fuse,1388,0,0.6608689429803353,0.3391310570196647
14,8,stroop:s08:r0,always_nn,1388,0,0.9996812635522764,0.0003187364477235
14,8,stroop:s08:r1,always_fuse,1388,0,0.5402683098984057,0.4597316901015942
14,8,stroop:s08:r1,always_nn,1388,0,0.9411789374805882,0.0588210625194117
14,8,stroop:s08:r2,always_fuse,1388,1,0.3755794242482764,0.6244205757517236
14,8,stroop:s08:r2,always_nn,1388,1,0.0316469220310595,0.9683530779689404
14,8,stroop:s08:r3,always_fuse,1388,1,0.2812425867802076,0.7187574132197924
14,8,stroop:s08:r3,always_nn,1388,1,0.001129431962002,0.998870568037998
14,8,stroop:s08:r0,always_fuse,1441,0,0.7309799850110219,0.2690200149889781
14,8,stroop:s08:r0,always_nn,1441,0,0.9998711846757462,0.0001288153242537
14,8,stroop:s08:r1,always_fuse,1441,0,0.56438261777582,0.43561738222418
14,8,stroop:s08:r1,always_nn,1441,0,0.9355356413924044,0.0644643586075956
14,8,stroop:s08:r2,always_fuse,1441,1,0.4078100208564604,0.5921899791435395
14,8,stroop:s08:r2,always_nn,1441,1,0.2341286266388919,0.7658713733611081
14,8,stroop:s08:r3,always_fuse,1441,1,0.3374340875104419,0.6625659124895581
14,8,stroop:s08:r3,always_nn,1441,1,0.0483195309215705,0.9516804690784294
14,8,stroop:s08:r0,always_fuse,1494,0,0.7659908539118437,0.2340091460881563
14,8,stroop:s08:r0,always_nn,1494,0,0.9998868928157536,0.0001131071842463
14,8,stroop:s08:r1,always_fuse,1494,0,0.6960151548871367,0.3039848451128632
14,8,stroop:s08:r1,always_nn,1494,0,0.9962858950419192,0.0037141049580806
14,8,stroop:s08:r2,always_fuse,1494,1,0.4070369153416851,0.5929630846583149
14,8,stroop:s08:r2,always_nn,1494,1,0.2357818251164012,0.7642181748835988
14,8,stroop:s08:r3,always_fuse,1494,1,0.3101980003574414,0.6898019996425586
14,8,stroop:s08:r3,always_nn,1494,1,0.0258806011687248,0.9741193988312752
14,8,stroop:s08:r0,always_fuse,1547,0,0.7238721558500592,0.2761278441499408
14,8,stroop:s08:r0,always_nn,1547,0,0.9999860009695798,1.3999030420272767e-05
14,8,stroop:s08:r1,always_fuse,1547,0,0.5224661190016154,0.4775338809983846
14,8,stroop:s08:r1,always_nn,1547,0,0.9143391985642844,0.0856608014357156
14,8,stroop:s08:r2,always_fuse,1547,1,0.3610764155535396,0.6389235844464604
14,8,stroop:s08:r2,always_nn,1547,1,0.1208809902434104,0.8791190097565895
14,8,stroop:s08:r3,always_fuse,1547,1,0.3015924509364605,0.6984075490635394
14,8,stroop:s08:r3,always_nn,1547,1,0.0125261619156332,0.9874738380843668
14,9,stroop:s09:r0,always_fuse,1335,0,0.8596400487767224,0.1403599512232775
14,9,stroop:s09:r0,always_nn,1335,0,0.9999999992888592,7.111406729861865e-10
14,9,stroop:s09:r1,always_fuse,1335,0,0.5079942107694204,0.4920057892305796
14,9,stroop:s09:r1,always_nn,1335,0,0.6524509822229668,0.3475490177770331
14,9,stroop:s09:r2,always_fuse,1335,1,0.3868337630567524,0.6131662369432476
14,9,stroop:s09:r2,always_nn,1335,1,0.0188704147811815,0.9811295852188184
14,9,stroop:s09:r3,always_fuse,1335,1,0.5053708067329415,0.4946291932670585
14,9,stroop:s09:r3,always_nn,1335,1,0.6752010034181315,0.3247989965818685
14,9,stroop:s09:r0,always_fuse,1388,0,0.8407191559205239,0.159280844079476
14,9,stroop:s09:r0,always_nn,1388,0,0.9999999994761796,5.238202236013471e-10
14,9,stroop:s09:r1,always_fuse,1388,0,0.4820282904410529,0.5179717095589471
14,9,stroop:s09:r1,always_nn,1388,0,0.5181522366720007,0.4818477633279993
14,9,stroop:s09:r2,always_fuse,1388,1,0.311447497555312,0.6885525024446879
14,9,stroop:s09:r2,always_nn,1388,1,0.0025736093512609,0.9974263906487392
14,9,stroop:s09:r3,always_fuse,1388,1,0.413769971081111,0.586230028918889
14,9,stroop:s09:r3,always_nn,1388,1,0.0968325826002094,0.9031674173997905
14,9,stroop:s09:r0,always_fuse,1441,0,0.8944837369986226,0.1055162630013773
14,9,stroop:s09:r0,always_nn,1441,0,0.9999992964687984,7.035312017750298e-07
14,9,stroop:s09:r1,always_fuse,1441,0,0.5722321329923037,0.4277678670076964
14,9,stroop:s09:r1,always_nn,1441,0,0.8686901655506973,0.1313098344493026
14,9,stroop:s09:r2,always_fuse,1441,1,0.4353135953262929,0.5646864046737071
14,9,stroop:s09:r2,always_nn,1441,1,0.1811031199577364,0.8188968800422636
14,9,stroop:s09:r3,always_fuse,1441,1,0.5193488558270579,0.4806511441729422
14,9,stroop:s09:r3,always_nn,1441,1,0.6145336394909896,0.3854663605090105
14,9,stroop:s09:r0,always_fuse,1494,0,0.8147950654640536,0.1852049345359464
14,9,stroop:s09:r0,always_nn,1494,0,0.9999118723424189,8.812765758133913e-05
14,9,stroop:s09:r1,always_fuse,1494,0,0.4767398894361112,0.5232601105638888
14,9,stroop:s09:r1,always_nn,1494,0,0.5413756021089308,0.4586243978910692
14,9,stroop:s09:r2,always_fuse,1494,1,0.421249609916042,0.578750390083958
14,9,stroop:s09:r2,always_nn,1494,1,0.2432196781286045,0.7567803218713954
14,9,stroop:s09:r3,always_fuse,1494,1,0.4572002931228237,0.5427997068771763
14,9,stroop:s09:r3,always_nn,1494,1,0.4306165987622849,0.5693834012377151
14,9,stroop:s09:r0,always_fuse,1547,0,0.8307522869750745,0.1692477130249255
14,9,stroop:s09:r0,always_nn,1547,0,0.9999899172812234,1.0082718776544671e-05
14,9,stroop:s09:r1,always_fuse,1547,0,0.4897027693278291,0.5102972306721709
14,9,stroop:s09:r1,always_nn,1547,0,0.5698457785808034,0.4301542214191965
14,9,stroop:s09:r2,always_fuse,1547,1,0.4284626576988354,0.5715373423011646
14,9,stroop:s09:r2,always_nn,1547,1,0.2052195836925367,0.7947804163074632
14,9,stroop:s09:r3,always_fuse,1547,1,0.4768921644704065,0.5231078355295935
14,9,stroop:s09:r3,always_nn,1547,1,0.5480612659489196,0.4519387340510803
14,10,stroop:s10:r0,always_fuse,1335,0,0.6381562807940334,0.3618437192059666
14,10,stroop:s10:r0,always_nn,1335,0,0.9945032105098716,0.0054967894901284
14,10,stroop:s10:r1,always_fuse,1335,0,0.4607104851253825,0.5392895148746175
14,10,stroop:s10:r1,always_nn,1335,0,0.5099776171379455,0.4900223828620544
14,10,stroop:s10:r2,always_fuse,1335,1,0.4569586369359799,0.5430413630640201
14,10,stroop:s10:r2,always_nn,1335,1,0.4442609287419883,0.5557390712580116
14,10,stroop:s10:r3,always_fuse,1335,1,0.297482835419807,0.702517164580193
14,10,stroop:s10:r3,always_nn,1335,1,0.0098832395881297,0.9901167604118702
14,10,stroop:s10:r0,always_fuse,1388,0,0.7204277951927149,0.2795722048072851
14,10,stroop:s10:r0,always_nn,1388,0,0.9999528086665188,4.719133348127238e-05
14,10,stroop:s10:r1,always_fuse,1388,0,0.4514208589311121,0.5485791410688878
14,10,stroop:s10:r1,always_nn,1388,0,0.5343181553016524,0.4656818446983475
14,10,stroop:s10:r2,always_fuse,1388,1,0.4386394048817914,0.5613605951182086
14,10,stroop:s10:r2,always_nn,1388,1,0.3981078823873248,0.6018921176126752
14,10,stroop:s10:r3,always_fuse,1388,1,0.1547377560406244,0.8452622439593754
14,10,stroop:s10:r3,always_nn,1388,1,4.30099931794029e-06,0.999995699000682
14,10,stroop:s10:r0,always_fuse,1441,0,0.6413427106870242,0.3586572893129759
14,10,stroop:s10:r0,always_nn,1441,0,0.9911806966319848,0.0088193033680152
14,10,stroop:s10:r1,always_fuse,1441,0,0.4346962012803324,0.5653037987196676
14,10,stroop:s10:r1,always_nn,1441,0,0.4755655921396777,0.5244344078603222
14,10,stroop:s10:r2,always_fuse,1441,1,0.4500757901949896,0.5499242098050103
14,10,stroop:s10:r2,always_nn,1441,1,0.569919899426389,0.4300801005736111
14,10,stroop:s10:r3,always_fuse,1441,1,0.3485987940039026,0.6514012059960974
14,10,stroop:s10:r3,always_nn,1441,1,0.1243220384345974,0.8756779615654026
14,10,stroop:s10:r0,always_fuse,1494,0,0.7200121540548408,0.2799878459451592
14,10,stroop:s10:r0,always_nn,1494,0,0.9990590991440896,0.0009409008559102
14,10,stroop:s10:r1,always_fuse,1494,0,0.4640118023137037,0.5359881976862962
14,10,stroop:s10:r1,always_nn,1494,0,0.631664939472617,0.368335060527383
14,10,stroop:s10:r2,always_fuse,1494,1,0.4701476469160558,0.5298523530839442
14,10,stroop:s10:r2,always_nn,1494,1,0.6602207329210642,0.3397792670789359
14,10,stroop:s10:r3,always_fuse,1494,1,0.3007133869383342,0.6992866130616657
14,10,stroop:s10:r3,always_nn,1494,1,0.0208824735775815,0.9791175264224184
14,10,stroop:s10:r0,always_fuse,1547,0,0.7642023926808869,0.2357976073191131
14,10,stroop:s10:r0,always_nn,1547,0,0.9999933973606482,6.602639351816578e-06
14,10,stroop:s10:r1,always_fuse,1547,0,0.4170583300252664,0.5829416699747336
14,10,stroop:s10:r1,always_nn,1547,0,0.4064351240281116,0.5935648759718883
14,10,stroop:s10:r2,always_fuse,1547,1,0.4170273417828739,0.5829726582171262
14,10,stroop:s10:r2,always_nn,1547,1,0.3902100268109293,0.6097899731890706
14,10,stroop:s10:r3,always_fuse,1547,1,0.2139237917338663,0.7860762082661337
14,10,stroop:s10:r3,always_nn,1547,1,0.0009096808198338,0.9990903191801662
14,11,stroop:s11:r0,always_fuse,1335,0,0.592855051093014,0.4071449489069861
14,11,stroop:s11:r0,always_nn,1335,0,0.973180459141248,0.0268195408587518
14,11,stroop:s11:r1,always_fuse,1335,0,0.4309687745152396,0.5690312254847604
14,11,stroop:s11:r1,always_nn,1335,0,0.4251052185642837,0.5748947814357163
14,11,stroop:s11:r2,always_fuse,1335,1,0.4328178906191187,0.5671821093808813
14,11,stroop:s11:r2,always_nn,1335,1,0.3009423517427021,0.6990576482572979
14,11,stroop:s11:r3,always_fuse,1335,1,0.4492871475276154,0.5507128524723846
14,11,stroop:s11:r3,always_nn,1335,1,0.3977756057981296,0.6022243942018705
14,11,stroop:s11:r0,always_fuse,1388,0,0.6233504613781293,0.3766495386218706
14,11,stroop:s11:r0,always_nn,1388,0,0.9912578655952824,0.0087421344047175
14,11,stroop:s11:r1,always_fuse,1388,0,0.4553378952488582,0.5446621047511419
14,11,stroop:s11:r1,always_nn,1388,0,0.5090445019612644,0.4909554980387356
14,11,stroop:s11:r2,always_fuse,1388,1,0.469375567373693,0.5306244326263069
14,11,stroop:s11:r2,always_nn,1388,1,0.5689098347344208,0.4310901652655792
14,11,stroop:s11:r3,always_fuse,1388,1,0.4650736897226281,0.5349263102773718
14,11,stroop:s11:r3,always_nn,1388,1,0.4897231711663088,0.5102768288336913
14,11,stroop:s11:r0,always_fuse,1441,0,0.5939641098799894,0.4060358901200106
14,11,stroop:s11:r0,always_nn,1441,0,0.9550025719620904,0.0449974280379094
14,11,stroop:s11:r1,always_fuse,1441,0,0.4117171336132161,0.588282866386784
14,11,stroop:s11:r1,always_nn,1441,0,0.3154026015233793,0.6845973984766206
14,11,stroop:s11:r2,always_fuse,1441,1,0.4134012621109846,0.5865987378890154
14,11,stroop:s11:r2,always_nn,1441,1,0.2941752593155736,0.7058247406844265
14,11,stroop:s11:r3,always_fuse,1441,1,0.4172329331035143,0.5827670668964856
14,11,stroop:s11:r3,always_nn,1441,1,0.2974197675115919,0.7025802324884082
14,11,stroop:s11:r0,always_fuse,1494,0,0.5569277076282705,0.4430722923717295
14,11,stroop:s11:r0,always_nn,1494,0,0.9087563789848636,0.0912436210151365
14,11,stroop:s11:r1,always_fuse,1494,0,0.4244103860818457,0.5755896139181543
14,11,stroop:s11:r1,always_nn,1494,0,0.3735732522714783,0.6264267477285216
14,11,stroop:s11:r2,always_fuse,1494,1,0.4236953460543735,0.5763046539456266
14,11,stroop:s11:r2,always_nn,1494,1,0.3567892546268643,0.6432107453731356
14,11,stroop:s11:r3,always_fuse,1494,1,0.4209498601728011,0.5790501398271988
14,11,stroop:s11:r3,always_nn,1494,1,0.3305829951371428,0.6694170048628572
14,11,stroop:s11:r0,always_fuse,1547,0,0.6445877868964476,0.3554122131035524
14,11,stroop:s11:r0,always_nn,1547,0,0.995174398482962,0.0048256015170381
14,11,stroop:s11:r1,always_fuse,1547,0,0.4576882255669352,0.5423117744330648
14,11,stroop:s11:r1,always_nn,1547,0,0.6258792825722348,0.3741207174277653
14,11,stroop:s11:r2,always_fuse,1547,1,0.4363587453886853,0.5636412546113146
14,11,stroop:s11:r2,always_nn,1547,1,0.3869696400856317,0.6130303599143682
14,11,stroop:s11:r3,always_fuse,1547,1,0.4491706641608718,0.5508293358391281
14,11,stroop:s11:r3,always_nn,1547,1,0.466930459650859,0.5330695403491409
14,12,stroop:s12:r0,always_fuse,1335,0,0.5295524854890741,0.470447514510926
14,12,stroop:s12:r0,always_nn,1335,0,0.7923586583240751,0.2076413416759248
14,12,stroop:s12:r1,always_fuse,1335,0,0.4450940771298399,0.5549059228701602
14,12,stroop:s12:r1,always_nn,1335,0,0.4086085218157407,0.5913914781842594
14,12,stroop:s12:r2,always_fuse,1335,1,0.4268240153915082,0.5731759846084917
14,12,stroop:s12:r2,always_nn,1335,1,0.3293962679817377,0.6706037320182624
14,12,stroop:s12:r3,always_fuse,1335,1,0.4483388992878645,0.5516611007121355
14,12,stroop:s12:r3,always_nn,1335,1,0.4807233917669103,0.5192766082330896
14,12,stroop:s12:r0,always_fuse,1388,0,0.4578904110054995,0.5421095889945005
14,12,stroop:s12:r0,always_nn,1388,0,0.3606833032369454,0.6393166967630545
14,12,stroop:s12:r1,always_fuse,1388,0,0.4249504070848191,0.5750495929151809
14,12,stroop:s12:r1,always_nn,1388,0,0.2490537655995458,0.7509462344004542
14,12,stroop:s12:r2,always_fuse,1388,1,0.4073070913070835,0.5926929086929165
14,12,stroop:s12:r2,always_nn,1388,1,0.1717498992307801,0.8282501007692199
14,12,stroop:s12:r3,always_fuse,1388,1,0.4231018028272516,0.5768981971727484
14,12,stroop:s12:r3,always_nn,1388,1,0.2529743726897601,0.7470256273102399
14,12,stroop:s12:r0,always_fuse,1441,0,0.4660702549143659,0.5339297450856341
14,12,stroop:s12:r0,always_nn,1441,0,0.5090585001933371,0.4909414998066629
14,12,stroop:s12:r1,always_fuse,1441,0,0.4093208448346288,0.5906791551653712
14,12,stroop:s12:r1,always_nn,1441,0,0.3454371926226577,0.6545628073773423
14,12,stroop:s12:r2,always_fuse,1441,1,0.3884838358225766,0.6115161641774234
14,12,stroop:s12:r2,always_nn,1441,1,0.2475578208656712,0.7524421791343288
14,12,stroop:s12:r3,always_fuse,1441,1,0.4028553564418677,0.5971446435581322
14,12,stroop:s12:r3,always_nn,1441,1,0.310279298592469,0.689720701407531
14,12,stroop:s12:r0,always_fuse,1494,0,0.4276859066901985,0.5723140933098014
14,12,stroop:s12:r0,always_nn,1494,0,0.3944740705506356,0.6055259294493645
14,12,stroop:s12:r1,always_fuse,1494,0,0.4264815046761701,0.5735184953238299
14,12,stroop:s12:r1,always_nn,1494,0,0.3921023331073069,0.6078976668926931
14,12,stroop:s12:r2,always_fuse,1494,1,0.3966943457829553,0.6033056542170447
14,12,stroop:s12:r2,always_nn,1494,1,0.2416743856929458,0.7583256143070541
14,12,stroop:s12:r3,always_fuse,1494,1,0.4093633357797302,0.5906366642202697
14,12,stroop:s12:r3,always_nn,1494,1,0.3007326226407752,0.6992673773592247
14,12,stroop:s12:r0,always_fuse,1547,0,0.502653640440935,0.497346359559065
14,12,stroop:s12:r0,always_nn,1547,0,0.7169619604983839,0.2830380395016161
14,12,stroop:s12:r1,always_fuse,1547,0,0.4308251452813132,0.5691748547186868
14,12,stroop:s12:r1,always_nn,1547,0,0.3471250466848182,0.6528749533151819
14,12,stroop:s12:r2,always_fuse,1547,1,0.4164693571025772,0.5835306428974228
14,12,stroop:s12:r2,always_nn,1547,1,0.2781120455473279,0.7218879544526721
14,12,stroop:s12:r3,always_fuse,1547,1,0.4253735891682351,0.5746264108317648
14,12,stroop:s12:r3,always_nn,1547,1,0.3226427409541125,0.6773572590458874
14,13,stroop:s13:r0,always_fuse,1335,0,0.7079480610824189,0.2920519389175811
14,13,stroop:s13:r0,always_nn,1335,0,0.9977423551877048,0.0022576448122952
14,13,stroop:s13:r1,always_fuse,1335,0,0.4846991406989452,0.5153008593010547
14,13,stroop:s13:r1,always_nn,1335,0,0.3768165359827754,0.6231834640172246
14,13,stroop:s13:r2,always_fuse,1335,1,0.5361881914591599,0.4638118085408401
14,13,stroop:s13:r2,always_nn,1335,1,0.6738703097246107,0.3261296902753892
14,13,stroop:s13:r3,always_fuse,1335,1,0.5119855025759618,0.4880144974240383
14,13,stroop:s13:r3,always_nn,1335,1,0.5797978959621488,0.4202021040378512
14,13,stroop:s13:r0,always_fuse,1388,0,0.7873674275296616,0.2126325724703383
14,13,stroop:s13:r0,always_nn,1388,0,0.9999998747631752,1.2523682477608173e-07
14,13,stroop:s13:r1,always_fuse,1388,0,0.4612724960885015,0.5387275039114985
14,13,stroop:s13:r1,always_nn,1388,0,0.3824502545164608,0.6175497454835392
14,13,stroop:s13:r2,always_fuse,1388,1,0.4942913790758977,0.5057086209241022
14,13,stroop:s13:r2,always_nn,1388,1,0.5027266951104884,0.4972733048895117
14,13,stroop:s13:r3,always_fuse,1388,1,0.4337946215484969,0.566205378451503
14,13,stroop:s13:r3,always_nn,1388,1,0.1540801625013539,0.8459198374986461
14,13,stroop:s13:r0,always_fuse,1441,0,0.8057207576948047,0.1942792423051953
14,13,stroop:s13:r0,always_nn,1441,0,0.9999162746715694,8.372532843070055e-05
14,13,stroop:s13:r1,always_fuse,1441,0,0.4492217124961658,0.5507782875038342
14,13,stroop:s13:r1,always_nn,1441,0,0.3766452279324913,0.6233547720675088
14,13,stroop:s13:r2,always_fuse,1441,1,0.4810965135690472,0.5189034864309527
14,13,stroop:s13:r2,always_nn,1441,1,0.4760667455194591,0.5239332544805408
14,13,stroop:s13:r3,always_fuse,1441,1,0.4688537234860988,0.5311462765139012
14,13,stroop:s13:r3,always_nn,1441,1,0.4833395724463987,0.5166604275536013
14,13,stroop:s13:r0,always_fuse,1494,0,0.8020902006247137,0.1979097993752864
14,13,stroop:s13:r0,always_nn,1494,0,0.999891078042812,0.0001089219571881
14,13,stroop:s13:r1,always_fuse,1494,0,0.409754990524808,0.590245009475192
14,13,stroop:s13:r1,always_nn,1494,0,0.2094496944440177,0.7905503055559823
14,13,stroop:s13:r2,always_fuse,1494,1,0.4292394966546536,0.5707605033453463
14,13,stroop:s13:r2,always_nn,1494,1,0.2536195393125994,0.7463804606874005
14,13,stroop:s13:r3,always_fuse,1494,1,0.414061208915662,0.585938791084338
14,13,stroop:s13:r3,always_nn,1494,1,0.2191062892284333,0.7808937107715667
14,13,stroop:s13:r0,always_fuse,1547,0,0.7965352439445954,0.2034647560554046
14,13,stroop:s13:r0,always_nn,1547,0,0.9999852861138692,1.4713886130819746e-05
14,13,stroop:s13:r1,always_fuse,1547,0,0.4751056264516247,0.5248943735483753
14,13,stroop:s13:r1,always_nn,1547,0,0.4439901601350466,0.5560098398649534
14,13,stroop:s13:r2,always_fuse,1547,1,0.5045514116833801,0.4954485883166198
14,13,stroop:s13:r2,always_nn,1547,1,0.5815556151356394,0.4184443848643605
14,13,stroop:s13:r3,always_fuse,1547,1,0.3938339974418543,0.6061660025581457
14,13,stroop:s13:r3,always_nn,1547,1,0.0506429309786953,0.9493570690213048
14,15,stroop:s15:r0,always_fuse,1335,0,0.6921812441883493,0.3078187558116508
14,15,stroop:s15:r0,always_nn,1335,0,0.9976220590282509,0.0023779409717492
14,15,stroop:s15:r1,always_fuse,1335,0,0.4065308573280431,0.5934691426719569
14,15,stroop:s15:r1,always_nn,1335,0,0.182842967681455,0.817157032318545
14,15,stroop:s15:r2,always_fuse,1335,1,0.4407013092018961,0.5592986907981039
14,15,stroop:s15:r2,always_nn,1335,1,0.4076995249197609,0.5923004750802391
14,15,stroop:s15:r3,always_fuse,1335,1,0.3685770978821057,0.6314229021178943
14,15,stroop:s15:r3,always_nn,1335,1,0.0529338072184307,0.9470661927815692
14,15,stroop:s15:r0,always_fuse,1388,0,0.6606992377149483,0.3393007622850517
14,15,stroop:s15:r0,always_nn,1388,0,0.9996090049179231,0.0003909950820767
14,15,stroop:s15:r1,always_fuse,1388,0,0.4540062519854521,0.5459937480145478
14,15,stroop:s15:r1,always_nn,1388,0,0.3521329075966216,0.6478670924033785
14,15,stroop:s15:r2,always_fuse,1388,1,0.4729186029279844,0.5270813970720155
14,15,stroop:s15:r2,always_nn,1388,1,0.4808819274081325,0.5191180725918676
14,15,stroop:s15:r3,always_fuse,1388,1,0.3616281899605582,0.6383718100394419
14,15,stroop:s15:r3,always_nn,1388,1,0.0230048810621478,0.976995118937852
14,15,stroop:s15:r0,always_fuse,1441,0,0.6793953718661506,0.3206046281338494
14,15,stroop:s15:r0,always_nn,1441,0,0.9937962228360137,0.0062037771639863
14,15,stroop:s15:r1,always_fuse,1441,0,0.4539580672307516,0.5460419327692483
14,15,stroop:s15:r1,always_nn,1441,0,0.5982893080426046,0.4017106919573954
14,15,stroop:s15:r2,always_fuse,1441,1,0.4698444741761086,0.5301555258238914
14,15,stroop:s15:r2,always_nn,1441,1,0.6756993632590927,0.3243006367409072
14,15,stroop:s15:r3,always_fuse,1441,1,0.3701426544459338,0.629857345554066
14,15,stroop:s15:r3,always_nn,1441,1,0.1257478971933495,0.8742521028066504
14,15,stroop:s15:r0,always_fuse,1494,0,0.729542733156413,0.270457266843587
14,15,stroop:s15:r0,always_nn,1494,0,0.9996726668289752,0.0003273331710247
14,15,stroop:s15:r1,always_fuse,1494,0,0.4740795023728317,0.5259204976271683
14,15,stroop:s15:r1,always_nn,1494,0,0.6074318772670253,0.3925681227329747
14,15,stroop:s15:r2,always_fuse,1494,1,0.4717122531788724,0.5282877468211276
14,15,stroop:s15:r2,always_nn,1494,1,0.5854545977229242,0.4145454022770757
14,15,stroop:s15:r3,always_fuse,1494,1,0.3094646387292862,0.6905353612707138
14,15,stroop:s15:r3,always_nn,1494,1,0.0215989439164205,0.9784010560835794
14,15,stroop:s15:r0,always_fuse,1547,0,0.5981856045289816,0.4018143954710184
14,15,stroop:s15:r0,always_nn,1547,0,0.997663615134304,0.0023363848656959
14,15,stroop:s15:r1,always_fuse,1547,0,0.4522596852950501,0.5477403147049498
14,15,stroop:s15:r1,always_nn,1547,0,0.5515615058565226,0.4484384941434773
14,15,stroop:s15:r2,always_fuse,1547,1,0.4714831338200201,0.5285168661799798
14,15,stroop:s15:r2,always_nn,1547,1,0.6201002623742223,0.3798997376257778
14,15,stroop:s15:r3,always_fuse,1547,1,0.38807880043995,0.61192119956005
14,15,stroop:s15:r3,always_nn,1547,1,0.0965395579415168,0.9034604420584832
15,1,stroop:s01:r0,always_fuse,1335,0,0.4981149707401096,0.5018850292598903
15,1,stroop:s01:r0,always_nn,1335,0,0.7831447571831167,0.2168552428168833
15,1,stroop:s01:r1,always_fuse,1335,0,0.4689829543701157,0.5310170456298844
15,1,stroop:s01:r1,always_nn,1335,0,0.5635934851856225,0.4364065148143776
15,1,stroop:s01:r2,always_fuse,1335,1,0.4774865584756966,0.5225134415243033
15,1,stroop:s01:r2,always_nn,1335,1,0.6361713981803533,0.3638286018196467
15,1,stroop:s01:r3,always_fuse,1335,1,0.4377398326087335,0.5622601673912665
15,1,stroop:s01:r3,always_nn,1335,1,0.3349674222741756,0.6650325777258244
15,1,stroop:s01:r0,always_fuse,1388,0,0.387575350639849,0.6124246493601511
15,1,stroop:s01:r0,always_nn,1388,0,0.1603285070580366,0.8396714929419634
15,1,stroop:s01:r1,always_fuse,1388,0,0.4540271044273316,0.5459728955726684
15,1,stroop:s01:r1,always_nn,1388,0,0.5043918442517019,0.4956081557482981
15,1,stroop:s01:r2,always_fuse,1388,1,0.4514198657175191,0.548580134282481
15,1,stroop:s01:r2,always_nn,1388,1,0.4930206437263973,0.5069793562736028
15,1,stroop:s01:r3,always_fuse,1388,1,0.4504979237350425,0.5495020762649575
15,1,stroop:s01:r3,always_nn,1388,1,0.4786020293750891,0.5213979706249109
15,1,stroop:s01:r0,always_fuse,1441,0,0.4252366547378672,0.5747633452621328
15,1,stroop:s01:r0,always_nn,1441,0,0.3141614711784976,0.6858385288215023
15,1,stroop:s01:r1,always_fuse,1441,0,0.5406969234935619,0.4593030765064381
15,1,stroop:s01:r1,always_nn,1441,0,0.8766803075813615,0.1233196924186385
15,1,stroop:s01:r2,always_fuse,1441,1,0.5379071330810575,0.4620928669189425
15,1,stroop:s01:r2,always_nn,1441,1,0.8741716462146386,0.1258283537853614
15,1,stroop:s01:r3,always_fuse,1441,1,0.535279806885206,0.4647201931147939
15,1,stroop:s01:r3,always_nn,1441,1,0.8680899227100203,0.1319100772899797
15,1,stroop:s01:r0,always_fuse,1494,0,0.5295491396341142,0.4704508603658857
15,1,stroop:s01:r0,always_nn,1494,0,0.931043892964296,0.0689561070357038
15,1,stroop:s01:r1,always_fuse,1494,0,0.5121657511466511,0.4878342488533489
15,1,stroop:s01:r1,always_nn,1494,0,0.7774667314358544,0.2225332685641455
15,1,stroop:s01:r2,always_fuse,1494,1,0.5165463840435062,0.4834536159564939
15,1,stroop:s01:r2,always_nn,1494,1,0.8550013199797164,0.1449986800202836
15,1,stroop:s01:r3,always_fuse,1494,1,0.4881326155435021,0.5118673844564979
15,1,stroop:s01:r3,always_nn,1494,1,0.6113296442240943,0.3886703557759056
15,1,stroop:s01:r0,always_fuse,1547,0,0.4276687362538401,0.5723312637461598
15,1,stroop:s01:r0,always_nn,1547,0,0.3473813030874985,0.6526186969125015
15,1,stroop:s01:r1,always_fuse,1547,0,0.4998646487188432,0.5001353512811567
15,1,stroop:s01:r1,always_nn,1547,0,0.7254948384868858,0.2745051615131142
15,1,stroop:s01:r2,always_fuse,1547,1,0.5121319493938916,0.4878680506061084
15,1,stroop:s01:r2,always_nn,1547,1,0.8097292016456829,0.1902707983543172
15,1,stroop:s01:r3,always_fuse,1547,1,0.4998771117694598,0.5001228882305402
15,1,stroop:s01:r3,always_nn,1547,1,0.730174744377784,0.269825255622216
15,2,stroop:s02:r0,always_fuse,1335,0,0.6237676864315078,0.3762323135684922
15,2,stroop:s02:r0,always_nn,1335,0,0.9828324773610408,0.017167522638959
15,2,stroop:s02:r1,always_fuse,1335,0,0.5786229629069032,0.4213770370930969
15,2,stroop:s02:r1,always_nn,1335,0,0.9453986710423952,0.0546013289576046
15,2,stroop:s02:r2,always_fuse,1335,1,0.5273984099913035,0.4726015900086964
15,2,stroop:s02:r2,always_nn,1335,1,0.8179138258255285,0.1820861741744714
15,2,stroop:s02:r3,always_fuse,1335,1,0.5300147740347638,0.4699852259652362
15,2,stroop:s02:r3,always_nn,1335,1,0.8444397011418641,0.155560298858136
15,2,stroop:s02:r0,always_fuse,1388,0,0.7083904465433911,0.291609553456609
15,2,stroop:s02:r0,always_nn,1388,0,0.9980430543544714,0.0019569456455286
15,2,stroop:s02:r1,always_fuse,1388,0,0.660672346501575,0.339327653498425
15,2,stroop:s02:r1,always_nn,1388,0,0.9928271485741288,0.007172851425871
15,2,stroop:s02:r2,always_fuse,1388,1,0.6013506767478106,0.3986493232521893
15,2,stroop:s02:r2,always_nn,1388,1,0.9667558926380118,0.0332441073619882
15,2,stroop:s02:r3,always_fuse,1388,1,0.5945594066662785,0.4054405933337215
15,2,stroop:s02:r3,always_nn,1388,1,0.960396706185904,0.0396032938140961
15,2,stroop:s02:r0,always_fuse,1441,0,0.6914734812444789,0.3085265187555211
15,2,stroop:s02:r0,always_nn,1441,0,0.9965098897298164,0.0034901102701837
15,2,stroop:s02:r1,always_fuse,1441,0,0.6186153433506321,0.3813846566493678
15,2,stroop:s02:r1,always_nn,1441,0,0.979102993763493,0.020897006236507
15,2,stroop:s02:r2,always_fuse,1441,1,0.5463794219254442,0.4536205780745557
15,2,stroop:s02:r2,always_nn,1441,1,0.8755719813337725,0.1244280186662275
15,2,stroop:s02:r3,always_fuse,1441,1,0.539195421497992,0.4608045785020079
15,2,stroop:s02:r3,always_nn,1441,1,0.8640464545321958,0.1359535454678043
15,2,stroop:s02:r0,always_fuse,1494,0,0.6683732569352723,0.3316267430647277
15,2,stroop:s02:r0,always_nn,1494,0,0.9840715788572414,0.0159284211427586
15,2,stroop:s02:r1,always_fuse,1494,0,0.6656195103864416,0.3343804896135584
15,2,stroop:s02:r1,always_nn,1494,0,0.9920790024652356,0.0079209975347643
15,2,stroop:s02:r2,always_fuse,1494,1,0.5707359315250288,0.4292640684749711
15,2,stroop:s02:r2,always_nn,1494,1,0.9298338881284064,0.0701661118715935
15,2,stroop:s02:r3,always_fuse,1494,1,0.6025653420427358,0.3974346579572642
15,2,stroop:s02:r3,always_nn,1494,1,0.9777626456097837,0.0222373543902163
15,2,stroop:s02:r0,always_fuse,1547,0,0.6124256541519567,0.3875743458480433
15,2,stroop:s02:r0,always_nn,1547,0,0.9604472570113324,0.0395527429886674
15,2,stroop:s02:r1,always_fuse,1547,0,0.6067681294683568,0.3932318705316431
15,2,stroop:s02:r1,always_nn,1547,0,0.9648838840344596,0.0351161159655403
15,2,stroop:s02:r2,always_fuse,1547,1,0.5315594227327232,0.4684405772672768
15,2,stroop:s02:r2,always_nn,1547,1,0.8190726053273305,0.1809273946726695
15,2,stroop:s02:r3,always_fuse,1547,1,0.5730184507847682,0.4269815492152317
15,2,stroop:s02:r3,always_nn,1547,1,0.931696509040592,0.0683034909594079
15,3,stroop:s03:r0,always_fuse,1335,0,0.7842865688274536,0.2157134311725463
15,3,stroop:s03:r0,always_nn,1335,0,0.9999958823542636,4.117645736517323e-06
15,3,stroop:s03:r1,always_fuse,1335,0,0.5867937500517693,0.4132062499482307
15,3,stroop:s03:r1,always_nn,1335,0,0.9831253301699876,0.0168746698300123
15,3,stroop:s03:r2,always_fuse,1335,1,0.4645686857812227,0.5354313142187772
15,3,stroop:s03:r2,always_nn,1335,1,0.404990115519737,0.595009884480263
15,3,stroop:s03:r3,always_fuse,1335,1,0.3129992982435596,0.6870007017564403
15,3,stroop:s03:r3,always_nn,1335,1,0.0106444063740319,0.989355593625968
15,3,stroop:s03:r0,always_fuse,1388,0,0.8188954930691252,0.1811045069308748
15,3,stroop:s03:r0,always_nn,1388,0,0.9999999925045918,7.495408183410881e-09
15,3,stroop:s03:r1,always_fuse,1388,0,0.5871227498469874,0.4128772501530126
15,3,stroop:s03:r1,always_nn,1388,0,0.9922787467101524,0.0077212532898477
15,3,stroop:s03:r2,always_fuse,1388,1,0.386240778421299,0.6137592215787009
15,3,stroop:s03:r2,always_nn,1388,1,0.0435430546440631,0.956456945355937
15,3,stroop:s03:r3,always_fuse,1388,1,0.2696795459121472,0.7303204540878528
15,3,stroop:s03:r3,always_nn,1388,1,0.0021483742352134,0.9978516257647866
15,3,stroop:s03:r0,always_fuse,1441,0,0.7617030448699339,0.2382969551300661
15,3,stroop:s03:r0,always_nn,1441,0,0.999944859777704,5.514022229596302e-05
15,3,stroop:s03:r1,always_fuse,1441,0,0.5263575181842549,0.4736424818157451
15,3,stroop:s03:r1,always_nn,1441,0,0.8731188786252643,0.1268811213747358
15,3,stroop:s03:r2,always_fuse,1441,1,0.5135546481249522,0.4864453518750478
15,3,stroop:s03:r2,always_nn,1441,1,0.5942722999377923,0.4057277000622077
15,3,stroop:s03:r3,always_fuse,1441,1,0.4333248752826339,0.5666751247173661
15,3,stroop:s03:r3,always_nn,1441,1,0.2849021736118873,0.7150978263881126
15,3,stroop:s03:r0,always_fuse,1494,0,0.7345786846653867,0.2654213153346133
15,3,stroop:s03:r0,always_nn,1494,0,0.9999616207031148,3.8379296885041934e-05
15,3,stroop:s03:r1,always_fuse,1494,0,0.4827992205921408,0.5172007794078592
15,3,stroop:s03:r1,always_nn,1494,0,0.693589366957216,0.306410633042784
15,3,stroop:s03:r2,always_fuse,1494,1,0.4524696351436931,0.5475303648563069
15,3,stroop:s03:r2,always_nn,1494,1,0.2508692269197748,0.7491307730802251
15,3,stroop:s03:r3,always_fuse,1494,1,0.3435884848245363,0.6564115151754636
15,3,stroop:s03:r3,always_nn,1494,1,0.0311979233786031,0.9688020766213968
15,3,stroop:s03:r0,always_fuse,1547,0,0.7539095221712506,0.2460904778287493
15,3,stroop:s03:r0,always_nn,1547,0,0.9999907423304204,9.25766957958467e-06
15,3,stroop:s03:r1,always_fuse,1547,0,0.5105128703696872,0.4894871296303129
15,3,stroop:s03:r1,always_nn,1547,0,0.8528833710904139,0.1471166289095861
15,3,stroop:s03:r2,always_fuse,1547,1,0.4632970735712784,0.5367029264287215
15,3,stroop:s03:r2,always_nn,1547,1,0.1426636419346106,0.8573363580653893
15,3,stroop:s03:r3,always_fuse,1547,1,0.3350944612965256,0.6649055387034745
15,3,stroop:s03:r3,always_nn,1547,1,0.0120719041561797,0.9879280958438202
15,4,stroop:s04:r0,always_fuse,1335,0,0.6655106560836787,0.3344893439163213
15,4,stroop:s04:r0,always_nn,1335,0,0.9983412872932536,0.0016587127067463
15,4,stroop:s04:r1,always_fuse,1335,0,0.464577117951417,0.535422882048583
15,4,stroop:s04:r1,always_nn,1335,0,0.5608892072524297,0.4391107927475703
15,4,stroop:s04:r2,always_fuse,1335,1,0.4745873775670641,0.5254126224329358
15,4,stroop:s04:r2,always_nn,1335,1,0.5942169439104873,0.4057830560895126
15,4,stroop:s04:r3,always_fuse,1335,1,0.4357029932066857,0.5642970067933144
15,4,stroop:s04:r3,always_nn,1335,1,0.3254190634473102,0.6745809365526898
15,4,stroop:s04:r0,always_fuse,1388,0,0.8006619584849528,0.1993380415150473
15,4,stroop:s04:r0,always_nn,1388,0,0.999981738605231,1.826139476902486e-05
15,4,stroop:s04:r1,always_fuse,1388,0,0.4815836991751979,0.5184163008248021
15,4,stroop:s04:r1,always_nn,1388,0,0.6501039377159944,0.3498960622840056
15,4,stroop:s04:r2,always_fuse,1388,1,0.5007917395476357,0.4992082604523642
15,4,stroop:s04:r2,always_nn,1388,1,0.8005439983481623,0.1994560016518377
15,4,stroop:s04:r3,always_fuse,1388,1,0.4004567347793957,0.5995432652206043
15,4,stroop:s04:r3,always_nn,1388,1,0.1773449262306196,0.8226550737693804
15,4,stroop:s04:r0,always_fuse,1441,0,0.8537764291367014,0.1462235708632985
15,4,stroop:s04:r0,always_nn,1441,0,0.9999999996093456,3.906544390443308e-10
15,4,stroop:s04:r1,always_fuse,1441,0,0.5675724655094725,0.4324275344905275
15,4,stroop:s04:r1,always_nn,1441,0,0.9852918343550054,0.0147081656449945
15,4,stroop:s04:r2,always_fuse,1441,1,0.4303943171361359,0.569605682863864
15,4,stroop:s04:r2,always_nn,1441,1,0.3390001777976644,0.6609998222023357
15,4,stroop:s04:r3,always_fuse,1441,1,0.3735743589056512,0.6264256410943488
15,4,stroop:s04:r3,always_nn,1441,1,0.0876571353496515,0.9123428646503484
15,4,stroop:s04:r0,always_fuse,1494,0,0.6077482713909932,0.3922517286090068
15,4,stroop:s04:r0,always_nn,1494,0,0.9848851231048162,0.0151148768951837
15,4,stroop:s04:r1,always_fuse,1494,0,0.427704855147322,0.5722951448526781
15,4,stroop:s04:r1,always_nn,1494,0,0.3622011992603504,0.6377988007396495
15,4,stroop:s04:r2,always_fuse,1494,1,0.4215898112631946,0.5784101887368054
15,4,stroop:s04:r2,always_nn,1494,1,0.4307422812137546,0.5692577187862454
15,4,stroop:s04:r3,always_fuse,1494,1,0.4162769623258029,0.5837230376741971
15,4,stroop:s04:r3,always_nn,1494,1,0.4286563692956312,0.5713436307043687
15,4,stroop:s04:r0,always_fuse,1547,0,0.7260894849312128,0.2739105150687871
15,4,stroop:s04:r0,always_nn,1547,0,0.999715265286544,0.0002847347134559
15,4,stroop:s04:r1,always_fuse,1547,0,0.5014167440490567,0.4985832559509433
15,4,stroop:s04:r1,always_nn,1547,0,0.7546059646013649,0.2453940353986351
15,4,stroop:s04:r2,always_fuse,1547,1,0.4517087289133903,0.5482912710866097
15,4,stroop:s04:r2,always_nn,1547,1,0.4799107969271341,0.5200892030728659
15,4,stroop:s04:r3,always_fuse,1547,1,0.3958114922157209,0.6041885077842791
15,4,stroop:s04:r3,always_nn,1547,1,0.1506741919188303,0.8493258080811698
15,5,stroop:s05:r0,always_fuse,1335,0,0.8193159536617814,0.1806840463382186
15,5,stroop:s05:r0,always_nn,1335,0,0.9999998572475708,1.4275242925156722e-07
15,5,stroop:s05:r1,always_fuse,1335,0,0.4780789580661024,0.5219210419338975
15,5,stroop:s05:r1,always_nn,1335,0,0.6550341723845643,0.3449658276154356
15,5,stroop:s05:r2,always_fuse,1335,1,0.4043028196285744,0.5956971803714256
15,5,stroop:s05:r2,always_nn,1335,1,0.1576714828196214,0.8423285171803785
15,5,stroop:s05:r3,always_fuse,1335,1,0.3612523196497733,0.6387476803502267
15,5,stroop:s05:r3,always_nn,1335,1,0.0430419991079225,0.9569580008920774
15,5,stroop:s05:r0,always_fuse,1388,0,0.8087995143010025,0.1912004856989974
15,5,stroop:s05:r0,always_nn,1388,0,0.9999999764600382,2.353996180614708e-08
15,5,stroop:s05:r1,always_fuse,1388,0,0.4365873481883101,0.5634126518116899
15,5,stroop:s05:r1,always_nn,1388,0,0.369133663061916,0.630866336938084
15,5,stroop:s05:r2,always_fuse,1388,1,0.3290208723570254,0.6709791276429746
15,5,stroop:s05:r2,always_nn,1388,1,0.0205206216194515,0.9794793783805484
15,5,stroop:s05:r3,always_fuse,1388,1,0.3329604210670913,0.6670395789329087
15,5,stroop:s05:r3,always_nn,1388,1,0.0239326539113801,0.97606734608862
15,5,stroop:s05:r0,always_fuse,1441,0,0.8253103995798935,0.1746896004201066
15,5,stroop:s05:r0,always_nn,1441,0,0.9999999989757656,1.024234373195028e-09
15,5,stroop:s05:r1,always_fuse,1441,0,0.4658816767624107,0.5341183232375892
15,5,stroop:s05:r1,always_nn,1441,0,0.5697050719658228,0.4302949280341772
15,5,stroop:s05:r2,always_fuse,1441,1,0.370366750067291,0.6296332499327091
15,5,stroop:s05:r2,always_nn,1441,1,0.0848493327441436,0.9151506672558564
15,5,stroop:s05:r3,always_fuse,1441,1,0.3110630823255463,0.6889369176744536
15,5,stroop:s05:r3,always_nn,1441,1,0.0138089224970529,0.986191077502947
15,5,stroop:s05:r0,always_fuse,1494,0,0.8035711772311025,0.1964288227688974
15,5,stroop:s05:r0,always_nn,1494,0,0.999999995809124,4.190876082305152e-09
15,5,stroop:s05:r1,always_fuse,1494,0,0.4472989945268062,0.5527010054731938
15,5,stroop:s05:r1,always_nn,1494,0,0.5819041964605279,0.4180958035394722
15,5,stroop:s05:r2,always_fuse,1494,1,0.2972182067927312,0.7027817932072689
15,5,stroop:s05:r2,always_nn,1494,1,0.0099712971310312,0.9900287028689688
15,5,stroop:s05:r3,always_fuse,1494,1,0.2862337077457449,0.7137662922542549
15,5,stroop:s05:r3,always_nn,1494,1,0.0081888877594345,0.9918111122405656
15,5,stroop:s05:r0,always_fuse,1547,0,0.8038972233601804,0.1961027766398195
15,5,stroop:s05:r0,always_nn,1547,0,0.9999999822452325,1.7754767642055147e-08
15,5,stroop:s05:r1,always_fuse,1547,0,0.4539306537945112,0.5460693462054887
15,5,stroop:s05:r1,always_nn,1547,0,0.5131338881743142,0.4868661118256858
15,5,stroop:s05:r2,always_fuse,1547,1,0.3201958695927419,0.6798041304072581
15,5,stroop:s05:r2,always_nn,1547,1,0.0202607006727213,0.9797392993272788
15,5,stroop:s05:r3,always_fuse,1547,1,0.2692638313962672,0.7307361686037328
15,5,stroop:s05:r3,always_nn,1547,1,0.0036821549275887,0.9963178450724112
15,6,stroop:s06:r0,always_fuse,1335,0,0.4070028477614749,0.5929971522385251
15,6,stroop:s06:r0,always_nn,1335,0,0.3220899066870961,0.677910093312904
15,6,stroop:s06:r1,always_fuse,1335,0,0.4575989313936996,0.5424010686063003
15,6,stroop:s06:r1,always_nn,1335,0,0.546968914973072,0.453031085026928
15,6,stroop:s06:r2,always_fuse,1335,1,0.417899221360654,0.5821007786393461
15,6,stroop:s06:r2,always_nn,1335,1,0.2017859275850965,0.7982140724149034
15,6,stroop:s06:r3,always_fuse,1335,1,0.4031526661397474,0.5968473338602526
15,6,stroop:s06:r3,always_nn,1335,1,0.3650264418217963,0.6349735581782037
15,6,stroop:s06:r0,always_fuse,1388,0,0.4493635521248201,0.5506364478751798
15,6,stroop:s06:r0,always_nn,1388,0,0.5654430333741024,0.4345569666258976
15,6,stroop:s06:r1,always_fuse,1388,0,0.5499156747192122,0.4500843252807877
15,6,stroop:s06:r1,always_nn,1388,0,0.9480727002717472,0.0519272997282529
15,6,stroop:s06:r2,always_fuse,1388,1,0.326097452100905,0.673902547899095
15,6,stroop:s06:r2,always_nn,1388,1,0.0189367216229398,0.9810632783770602
15,6,stroop:s06:r3,always_fuse,1388,1,0.4732841864973806,0.5267158135026194
15,6,stroop:s06:r3,always_nn,1388,1,0.7463887682802421,0.2536112317197578
15,6,stroop:s06:r0,always_fuse,1441,0,0.4547122029447569,0.5452877970552431
15,6,stroop:s06:r0,always_nn,1441,0,0.6938163678031442,0.3061836321968558
15,6,stroop:s06:r1,always_fuse,1441,0,0.4517601444044024,0.5482398555955976
15,6,stroop:s06:r1,always_nn,1441,0,0.4906196154991765,0.5093803845008236
15,6,stroop:s06:r2,always_fuse,1441,1,0.3124849155201697,0.6875150844798302
15,6,stroop:s06:r2,always_nn,1441,1,0.0107674834416316,0.9892325165583684
15,6,stroop:s06:r3,always_fuse,1441,1,0.3980282677354179,0.601971732264582
15,6,stroop:s06:r3,always_nn,1441,1,0.3323777038884823,0.6676222961115177
15,6,stroop:s06:r0,always_fuse,1494,0,0.4126741155281783,0.5873258844718217
15,6,stroop:s06:r0,always_nn,1494,0,0.4202067789351744,0.5797932210648256
15,6,stroop:s06:r1,always_fuse,1494,0,0.4717814580275161,0.5282185419724839
15,6,stroop:s06:r1,always_nn,1494,0,0.5340324364386058,0.4659675635613943
15,6,stroop:s06:r2,always_fuse,1494,1,0.4394950799585899,0.5605049200414101
15,6,stroop:s06:r2,always_nn,1494,1,0.3520014363005597,0.6479985636994403
15,6,stroop:s06:r3,always_fuse,1494,1,0.3701721397940007,0.6298278602059993
15,6,stroop:s06:r3,always_nn,1494,1,0.2312919354307056,0.7687080645692944
15,6,stroop:s06:r0,always_fuse,1547,0,0.4160281440853521,0.583971855914648
15,6,stroop:s06:r0,always_nn,1547,0,0.3567134805546595,0.6432865194453404
15,6,stroop:s06:r1,always_fuse,1547,0,0.5035172514505238,0.4964827485494761
15,6,stroop:s06:r1,always_nn,1547,0,0.7919993492248333,0.2080006507751667
15,6,stroop:s06:r2,always_fuse,1547,1,0.4691171350798228,0.5308828649201771
15,6,stroop:s06:r2,always_nn,1547,1,0.5631176209849392,0.4368823790150607
15,6,stroop:s06:r3,always_fuse,1547,1,0.4113881069376648,0.5886118930623352
15,6,stroop:s06:r3,always_nn,1547,1,0.3502070416861121,0.649792958313888
15,7,stroop:s07:r0,always_fuse,1335,0,0.7295669095994904,0.2704330904005095
15,7,stroop:s07:r0,always_nn,1335,0,0.9995817490594312,0.0004182509405688
15,7,stroop:s07:r1,always_fuse,1335,0,0.4798487700116962,0.5201512299883038
15,7,stroop:s07:r1,always_nn,1335,0,0.6030364237816225,0.3969635762183774
15,7,stroop:s07:r2,always_fuse,1335,1,0.4682072567511935,0.5317927432488064
15,7,stroop:s07:r2,always_nn,1335,1,0.5025926082529352,0.4974073917470649
15,7,stroop:s07:r3,always_fuse,1335,1,0.4576820471295534,0.5423179528704466
15,7,stroop:s07:r3,always_nn,1335,1,0.4581955644201678,0.5418044355798322
15,7,stroop:s07:r0,always_fuse,1388,0,0.7180926185399366,0.2819073814600634
15,7,stroop:s07:r0,always_nn,1388,0,0.9995471939645968,0.0004528060354033
15,7,stroop:s07:r1,always_fuse,1388,0,0.4955239291593729,0.5044760708406272
15,7,stroop:s07:r1,always_nn,1388,0,0.7090250800080244,0.2909749199919755
15,7,stroop:s07:r2,always_fuse,1388,1,0.4702536390683788,0.5297463609316212
15,7,stroop:s07:r2,always_nn,1388,1,0.5415576122966314,0.4584423877033685
15,7,stroop:s07:r3,always_fuse,1388,1,0.4762579288067315,0.5237420711932684
15,7,stroop:s07:r3,always_nn,1388,1,0.5903566294073312,0.4096433705926687
15,7,stroop:s07:r0,always_fuse,1441,0,0.7064079341246531,0.2935920658753469
15,7,stroop:s07:r0,always_nn,1441,0,0.9989645632561536,0.0010354367438463
15,7,stroop:s07:r1,always_fuse,1441,0,0.4418886123053062,0.5581113876946938
15,7,stroop:s07:r1,always_nn,1441,0,0.3920299343785376,0.6079700656214624
15,7,stroop:s07:r2,always_fuse,1441,1,0.4431174599167323,0.5568825400832677
15,7,stroop:s07:r2,always_nn,1441,1,0.377713142414912,0.6222868575850881
15,7,stroop:s07:r3,always_fuse,1441,1,0.4280172481248392,0.5719827518751608
15,7,stroop:s07:r3,always_nn,1441,1,0.3153522934877656,0.6846477065122344
15,7,stroop:s07:r0,always_fuse,1494,0,0.768382827749384,0.2316171722506159
15,7,stroop:s07:r0,always_nn,1494,0,0.9995503314321504,0.0004496685678496
15,7,stroop:s07:r1,always_fuse,1494,0,0.4938241733445174,0.5061758266554827
15,7,stroop:s07:r1,always_nn,1494,0,0.6884379656124411,0.3115620343875589
15,7,stroop:s07:r2,always_fuse,1494,1,0.4927727483997194,0.5072272516002806
15,7,stroop:s07:r2,always_nn,1494,1,0.6764794309450657,0.3235205690549342
15,7,stroop:s07:r3,always_fuse,1494,1,0.4719158796210377,0.5280841203789622
15,7,stroop:s07:r3,always_nn,1494,1,0.5973098015770191,0.4026901984229808
15,7,stroop:s07:r0,always_fuse,1547,0,0.6689281666551674,0.3310718333448326
15,7,stroop:s07:r0,always_nn,1547,0,0.9958572128164016,0.0041427871835983
15,7,stroop:s07:r1,always_fuse,1547,0,0.4324926943055977,0.5675073056944022
15,7,stroop:s07:r1,always_nn,1547,0,0.3205521668937905,0.6794478331062094
15,7,stroop:s07:r2,always_fuse,1547,1,0.4297832046509039,0.5702167953490961
15,7,stroop:s07:r2,always_nn,1547,1,0.291836795955894,0.708163204044106
15,7,stroop:s07:r3,always_fuse,1547,1,0.4084770551438417,0.5915229448561582
15,7,stroop:s07:r3,always_nn,1547,1,0.2028786839617276,0.7971213160382723
15,8,stroop:s08:r0,always_fuse,1335,0,0.6530544077430597,0.3469455922569404
15,8,stroop:s08:r0,always_nn,1335,0,0.9991958744700212,0.0008041255299785
15,8,stroop:s08:r1,always_fuse,1335,0,0.5049311895721316,0.4950688104278684
15,8,stroop:s08:r1,always_nn,1335,0,0.8377737180097884,0.1622262819902116
15,8,stroop:s08:r2,always_fuse,1335,1,0.373491405904992,0.626508594095008
15,8,stroop:s08:r2,always_nn,1335,1,0.1256693266224088,0.8743306733775912
15,8,stroop:s08:r3,always_fuse,1335,1,0.3129184386598422,0.6870815613401579
15,8,stroop:s08:r3,always_nn,1335,1,0.0214748874378216,0.9785251125621784
15,8,stroop:s08:r0,always_fuse,1388,0,0.7467094525212336,0.2532905474787664
15,8,stroop:s08:r0,always_nn,1388,0,0.9999259008370696,7.409916293040159e-05
15,8,stroop:s08:r1,always_fuse,1388,0,0.6264619765567632,0.3735380234432368
15,8,stroop:s08:r1,always_nn,1388,0,0.9874813868626724,0.0125186131373274
15,8,stroop:s08:r2,always_fuse,1388,1,0.3644905228067213,0.6355094771932788
15,8,stroop:s08:r2,always_nn,1388,1,0.0961950635457706,0.9038049364542292
15,8,stroop:s08:r3,always_fuse,1388,1,0.3062290263135915,0.6937709736864084
15,8,stroop:s08:r3,always_nn,1388,1,0.0133309150957584,0.9866690849042414
15,8,stroop:s08:r0,always_fuse,1441,0,0.6122397074679152,0.3877602925320847
15,8,stroop:s08:r0,always_nn,1441,0,0.9870046836243788,0.0129953163756211
15,8,stroop:s08:r1,always_fuse,1441,0,0.5172821228179935,0.4827178771820064
15,8,stroop:s08:r1,always_nn,1441,0,0.8446900896964465,0.1553099103035535
15,8,stroop:s08:r2,always_fuse,1441,1,0.3740599380518125,0.6259400619481876
15,8,stroop:s08:r2,always_nn,1441,1,0.1447019230332261,0.8552980769667738
15,8,stroop:s08:r3,always_fuse,1441,1,0.314569786134972,0.685430213865028
15,8,stroop:s08:r3,always_nn,1441,1,0.0334004170229417,0.9665995829770584
15,8,stroop:s08:r0,always_fuse,1494,0,0.6748290975654412,0.3251709024345588
15,8,stroop:s08:r0,always_nn,1494,0,0.9997978977475545,0.0002021022524456
15,8,stroop:s08:r1,always_fuse,1494,0,0.5556001919418566,0.4443998080581434
15,8,stroop:s08:r1,always_nn,1494,0,0.9795609313362368,0.0204390686637632
15,8,stroop:s08:r2,always_fuse,1494,1,0.3782126546389635,0.6217873453610366
15,8,stroop:s08:r2,always_nn,1494,1,0.3256146129066058,0.674385387093394
15,8,stroop:s08:r3,always_fuse,1494,1,0.3116589699834004,0.6883410300165996
15,8,stroop:s08:r3,always_nn,1494,1,0.0697610493811549,0.9302389506188452
15,8,stroop:s08:r0,always_fuse,1547,0,0.7178408062359818,0.2821591937640182
15,8,stroop:s08:r0,always_nn,1547,0,0.9997816579127542,0.0002183420872458
15,8,stroop:s08:r1,always_fuse,1547,0,0.5472769369326073,0.4527230630673927
15,8,stroop:s08:r1,always_nn,1547,0,0.941647852939208,0.058352147060792
15,8,stroop:s08:r2,always_fuse,1547,1,0.3567896903125563,0.6432103096874436
15,8,stroop:s08:r2,always_nn,1547,1,0.0811213151307055,0.9188786848692944
15,8,stroop:s08:r3,always_fuse,1547,1,0.2572530133098191,0.7427469866901809
15,8,stroop:s08:r3,always_nn,1547,1,0.0033327649821291,0.9966672350178708
15,9,stroop:s09:r0,always_fuse,1335,0,0.8274491619071773,0.1725508380928226
15,9,stroop:s09:r0,always_nn,1335,0,0.9999999207577928,7.924220707645609e-08
15,9,stroop:s09:r1,always_fuse,1335,0,0.4522485398210116,0.5477514601789883
15,9,stroop:s09:r1,always_nn,1335,0,0.5298043330210301,0.4701956669789699
15,9,stroop:s09:r2,always_fuse,1335,1,0.3429314952349354,0.6570685047650645
15,9,stroop:s09:r2,always_nn,1335,1,0.0447773624957958,0.955222637504204
15,9,stroop:s09:r3,always_fuse,1335,1,0.3991108991349657,0.6008891008650342
15,9,stroop:s09:r3,always_nn,1335,1,0.232444464424599,0.7675555355754009
15,9,stroop:s09:r0,always_fuse,1388,0,0.8354290340495019,0.1645709659504981
15,9,stroop:s09:r0,always_nn,1388,0,0.9999997758481892,2.241518108063754e-07
15,9,stroop:s09:r1,always_fuse,1388,0,0.4655341938409375,0.5344658061590625
15,9,stroop:s09:r1,always_nn,1388,0,0.57815488021169,0.4218451197883099
15,9,stroop:s09:r2,always_fuse,1388,1,0.3679613139679691,0.6320386860320308
15,9,stroop:s09:r2,always_nn,1388,1,0.0801670706224853,0.9198329293775148
15,9,stroop:s09:r3,always_fuse,1388,1,0.4597060154294452,0.5402939845705548
15,9,stroop:s09:r3,always_nn,1388,1,0.5362080181168233,0.4637919818831767
15,9,stroop:s09:r0,always_fuse,1441,0,0.820268278146899,0.179731721853101
15,9,stroop:s09:r0,always_nn,1441,0,0.9999839808137424,1.601918625776147e-05
15,9,stroop:s09:r1,always_fuse,1441,0,0.4892981787259555,0.5107018212740445
15,9,stroop:s09:r1,always_nn,1441,0,0.7088314518594162,0.2911685481405837
15,9,stroop:s09:r2,always_fuse,1441,1,0.364722585193468,0.6352774148065319
15,9,stroop:s09:r2,always_nn,1441,1,0.0687404667275366,0.9312595332724632
15,9,stroop:s09:r3,always_fuse,1441,1,0.4750526021755787,0.5249473978244212
15,9,stroop:s09:r3,always_nn,1441,1,0.6512799957181672,0.3487200042818328
15,9,stroop:s09:r0,always_fuse,1494,0,0.8043131532197518,0.1956868467802481
15,9,stroop:s09:r0,always_nn,1494,0,0.9998768404343285,0.0001231595656716
15,9,stroop:s09:r1,always_fuse,1494,0,0.4482361815394036,0.5517638184605964
15,9,stroop:s09:r1,always_nn,1494,0,0.5697160497061378,0.4302839502938623
15,9,stroop:s09:r2,always_fuse,1494,1,0.3830598329575036,0.6169401670424963
15,9,stroop:s09:r2,always_nn,1494,1,0.1788790035657405,0.8211209964342594
15,9,stroop:s09:r3,always_fuse,1494,1,0.4093440166854885,0.5906559833145115
15,9,stroop:s09:r3,always_nn,1494,1,0.4422966950515937,0.5577033049484063
15,9,stroop:s09:r0,always_fuse,1547,0,0.7864462365263856,0.2135537634736144
15,9,stroop:s09:r0,always_nn,1547,0,0.9999488698471534,5.113015284660018e-05
15,9,stroop:s09:r1,always_fuse,1547,0,0.4438990393229311,0.5561009606770688
15,9,stroop:s09:r1,always_nn,1547,0,0.3840259467556668,0.6159740532443333
15,9,stroop:s09:r2,always_fuse,1547,1,0.3904640070174628,0.6095359929825371
15,9,stroop:s09:r2,always_nn,1547,1,0.1270227041366886,0.8729772958633113
15,9,stroop:s09:r3,always_fuse,1547,1,0.4365753282515353,0.5634246717484647
15,9,stroop:s09:r3,always_nn,1547,1,0.3887311632396318,0.6112688367603681
15,10,stroop:s10:r0,always_fuse,1335,0,0.7880865261093348,0.2119134738906652
15,10,stroop:s10:r0,always_nn,1335,0,0.999999525127246,4.748727542271082e-07
15,10,stroop:s10:r1,always_fuse,1335,0,0.4902421602104107,0.5097578397895892
15,10,stroop:s10:r1,always_nn,1335,0,0.683066746154291,0.316933253845709
15,10,stroop:s10:r2,always_fuse,1335,1,0.4837745693766854,0.5162254306233147
15,10,stroop:s10:r2,always_nn,1335,1,0.6401460678871003,0.3598539321128997
15,10,stroop:s10:r3,always_fuse,1335,1,0.3555373552549344,0.6444626447450655
15,10,stroop:s10:r3,always_nn,1335,1,0.0486316984941345,0.9513683015058656
15,10,stroop:s10:r0,always_fuse,1388,0,0.6428923524510662,0.3571076475489337
15,10,stroop:s10:r0,always_nn,1388,0,0.9950058600687172,0.0049941399312827
15,10,stroop:s10:r1,always_fuse,1388,0,0.45966146148828,0.54033853851172
15,10,stroop:s10:r1,always_nn,1388,0,0.5107634268941977,0.4892365731058021
15,10,stroop:s10:r2,always_fuse,1388,1,0.4552932888980231,0.5447067111019769
15,10,stroop:s10:r2,always_nn,1388,1,0.480905527891471,0.5190944721085289
15,10,stroop:s10:r3,always_fuse,1388,1,0.4232174398353138,0.5767825601646863
15,10,stroop:s10:r3,always_nn,1388,1,0.2468757544566687,0.7531242455433312
15,10,stroop:s10:r0,always_fuse,1441,0,0.6163646156371736,0.3836353843628264
15,10,stroop:s10:r0,always_nn,1441,0,0.9843577883742272,0.0156422116257729
15,10,stroop:s10:r1,always_fuse,1441,0,0.4378857381001844,0.5621142618998156
15,10,stroop:s10:r1,always_nn,1441,0,0.3389120296039072,0.6610879703960928
15,10,stroop:s10:r2,always_fuse,1441,1,0.4295454071452819,0.5704545928547181
15,10,stroop:s10:r2,always_nn,1441,1,0.2832062824810213,0.7167937175189787
15,10,stroop:s10:r3,always_fuse,1441,1,0.3505653032951838,0.6494346967048161
15,10,stroop:s10:r3,always_nn,1441,1,0.0466652204528424,0.9533347795471576
15,10,stroop:s10:r0,always_fuse,1494,0,0.7422461639600993,0.2577538360399006
15,10,stroop:s10:r0,always_nn,1494,0,0.9996156347630676,0.0003843652369324
15,10,stroop:s10:r1,always_fuse,1494,0,0.501734226999996,0.4982657730000039
15,10,stroop:s10:r1,always_nn,1494,0,0.6915942792768714,0.3084057207231286
15,10,stroop:s10:r2,always_fuse,1494,1,0.4897726553265427,0.5102273446734572
15,10,stroop:s10:r2,always_nn,1494,1,0.5944949020099911,0.4055050979900088
15,10,stroop:s10:r3,always_fuse,1494,1,0.4033124095829738,0.5966875904170262
15,10,stroop:s10:r3,always_nn,1494,1,0.2985825659434444,0.7014174340565557
15,10,stroop:s10:r0,always_fuse,1547,0,0.6859710774742183,0.3140289225257817
15,10,stroop:s10:r0,always_nn,1547,0,0.9972070428131872,0.0027929571868127
15,10,stroop:s10:r1,always_fuse,1547,0,0.5384054569653778,0.4615945430346221
15,10,stroop:s10:r1,always_nn,1547,0,0.8570410807859276,0.1429589192140724
15,10,stroop:s10:r2,always_fuse,1547,1,0.5507732199295555,0.4492267800704445
15,10,stroop:s10:r2,always_nn,1547,1,0.8918056875425616,0.1081943124574384
15,10,stroop:s10:r3,always_fuse,1547,1,0.4457142825246448,0.5542857174753553
15,10,stroop:s10:r3,always_nn,1547,1,0.3924602185613903,0.6075397814386098
15,11,stroop:s11:r0,always_fuse,1335,0,0.5923539106682806,0.4076460893317195
15,11,stroop:s11:r0,always_nn,1335,0,0.9996287797539214,0.0003712202460785
15,11,stroop:s11:r1,always_fuse,1335,0,0.4308852673475308,0.5691147326524693
15,11,stroop:s11:r1,always_nn,1335,0,0.3800518599671573,0.6199481400328427
15,11,stroop:s11:r2,always_fuse,1335,1,0.3875529808348889,0.612447019165111
15,11,stroop:s11:r2,always_nn,1335,1,0.1656583740280084,0.8343416259719915
15,11,stroop:s11:r3,always_fuse,1335,1,0.3523095098291618,0.647690490170838
15,11,stroop:s11:r3,always_nn,1335,1,0.0730816097562305,0.9269183902437694
15,11,stroop:s11:r0,always_fuse,1388,0,0.5770690763356768,0.4229309236643231
15,11,stroop:s11:r0,always_nn,1388,0,0.9686659292658432,0.0313340707341569
15,11,stroop:s11:r1,always_fuse,1388,0,0.4207554610622809,0.5792445389377191
15,11,stroop:s11:r1,always_nn,1388,0,0.3040342712270319,0.695965728772968
15,11,stroop:s11:r2,always_fuse,1388,1,0.431607730598518,0.568392269401482
15,11,stroop:s11:r2,always_nn,1388,1,0.357306448046961,0.642693551953039
15,11,stroop:s11:r3,always_fuse,1388,1,0.4250277740773233,0.5749722259226766
15,11,stroop:s11:r3,always_nn,1388,1,0.3123068367204174,0.6876931632795825
15,11,stroop:s11:r0,always_fuse,1441,0,0.5804214850502084,0.4195785149497916
15,11,stroop:s11:r0,always_nn,1441,0,0.9684389552017092,0.0315610447982907
15,11,stroop:s11:r1,always_fuse,1441,0,0.4430140316960963,0.5569859683039037
15,11,stroop:s11:r1,always_nn,1441,0,0.4647369548722125,0.5352630451277876
15,11,stroop:s11:r2,always_fuse,1441,1,0.4450319564647422,0.5549680435352577
15,11,stroop:s11:r2,always_nn,1441,1,0.4346076624677789,0.5653923375322212
15,11,stroop:s11:r3,always_fuse,1441,1,0.4396685119076056,0.5603314880923943
15,11,stroop:s11:r3,always_nn,1441,1,0.3818805791261437,0.6181194208738563
15,11,stroop:s11:r0,always_fuse,1494,0,0.6211272025895218,0.3788727974104782
15,11,stroop:s11:r0,always_nn,1494,0,0.9941863059092544,0.0058136940907456
15,11,stroop:s11:r1,always_fuse,1494,0,0.415086543624695,0.584913456375305
15,11,stroop:s11:r1,always_nn,1494,0,0.4442642782611158,0.5557357217388841
15,11,stroop:s11:r2,always_fuse,1494,1,0.4113001243688703,0.5886998756311297
15,11,stroop:s11:r2,always_nn,1494,1,0.3098490523816959,0.6901509476183041
15,11,stroop:s11:r3,always_fuse,1494,1,0.4206911767667159,0.5793088232332841
15,11,stroop:s11:r3,always_nn,1494,1,0.355381162944223,0.6446188370557769
15,11,stroop:s11:r0,always_fuse,1547,0,0.6049799007082054,0.3950200992917945
15,11,stroop:s11:r0,always_nn,1547,0,0.9839672543106875,0.0160327456893124
15,11,stroop:s11:r1,always_fuse,1547,0,0.4165495358320621,0.5834504641679379
15,11,stroop:s11:r1,always_nn,1547,0,0.2748977468473392,0.7251022531526607
15,11,stroop:s11:r2,always_fuse,1547,1,0.4268479705444075,0.5731520294555925
15,11,stroop:s11:r2,always_nn,1547,1,0.3031545489832169,0.6968454510167831
15,11,stroop:s11:r3,always_fuse,1547,1,0.4267756023093622,0.5732243976906379
15,11,stroop:s11:r3,always_nn,1547,1,0.269003593480404,0.730996406519596
15,12,stroop:s12:r0,always_fuse,1335,0,0.461504433534887,0.538495566465113
15,12,stroop:s12:r0,always_nn,1335,0,0.5416082575289077,0.4583917424710922
15,12,stroop:s12:r1,always_fuse,1335,0,0.4257981063550612,0.5742018936449388
15,12,stroop:s12:r1,always_nn,1335,0,0.2722817861762067,0.7277182138237933
15,12,stroop:s12:r2,always_fuse,1335,1,0.4136862883952244,0.5863137116047756
15,12,stroop:s12:r2,always_nn,1335,1,0.22475954065842,0.77524045934158
15,12,stroop:s12:r3,always_fuse,1335,1,0.4182513855776366,0.5817486144223634
15,12,stroop:s12:r3,always_nn,1335,1,0.2463128342110945,0.7536871657889055
15,12,stroop:s12:r0,always_fuse,1388,0,0.4492824716403051,0.5507175283596949
15,12,stroop:s12:r0,always_nn,1388,0,0.4902343215990881,0.5097656784009119
15,12,stroop:s12:r1,always_fuse,1388,0,0.4182903629578018,0.5817096370421981
15,12,stroop:s12:r1,always_nn,1388,0,0.2727183251794264,0.7272816748205736
15,12,stroop:s12:r2,always_fuse,1388,1,0.3992069018749792,0.6007930981250208
15,12,stroop:s12:r2,always_nn,1388,1,0.1807523010282,0.8192476989717999
15,12,stroop:s12:r3,always_fuse,1388,1,0.4143027394629968,0.5856972605370032
15,12,stroop:s12:r3,always_nn,1388,1,0.2523777927878786,0.7476222072121214
15,12,stroop:s12:r0,always_fuse,1441,0,0.4731532307645044,0.5268467692354957
15,12,stroop:s12:r0,always_nn,1441,0,0.6068506160286345,0.3931493839713654
15,12,stroop:s12:r1,always_fuse,1441,0,0.445385148494478,0.5546148515055219
15,12,stroop:s12:r1,always_nn,1441,0,0.4165539602020334,0.5834460397979667
15,12,stroop:s12:r2,always_fuse,1441,1,0.4260543312775942,0.5739456687224059
15,12,stroop:s12:r2,always_nn,1441,1,0.3107444970591221,0.6892555029408779
15,12,stroop:s12:r3,always_fuse,1441,1,0.4396659477147396,0.5603340522852603
15,12,stroop:s12:r3,always_nn,1441,1,0.4020208191368298,0.5979791808631703
15,12,stroop:s12:r0,always_fuse,1494,0,0.4337923107935968,0.5662076892064031
15,12,stroop:s12:r0,always_nn,1494,0,0.2415013484211681,0.7584986515788319
15,12,stroop:s12:r1,always_fuse,1494,0,0.3977485629082787,0.6022514370917214
15,12,stroop:s12:r1,always_nn,1494,0,0.2160599723337974,0.7839400276662026
15,12,stroop:s12:r2,always_fuse,1494,1,0.3582962450820011,0.6417037549179989
15,12,stroop:s12:r2,always_nn,1494,1,0.099315280510564,0.900684719489436
15,12,stroop:s12:r3,always_fuse,1494,1,0.3835636063314434,0.6164363936685565
15,12,stroop:s12:r3,always_nn,1494,1,0.1491460800368524,0.8508539199631474
15,12,stroop:s12:r0,always_fuse,1547,0,0.4999702734678552,0.5000297265321448
15,12,stroop:s12:r0,always_nn,1547,0,0.7262768835436381,0.273723116456362
15,12,stroop:s12:r1,always_fuse,1547,0,0.459904200028808,0.540095799971192
15,12,stroop:s12:r1,always_nn,1547,0,0.4879423488352979,0.512057651164702
15,12,stroop:s12:r2,always_fuse,1547,1,0.4360039648436659,0.5639960351563341
15,12,stroop:s12:r2,always_nn,1547,1,0.3618309583859094,0.6381690416140906
15,12,stroop:s12:r3,always_fuse,1547,1,0.4553668190371427,0.5446331809628573
15,12,stroop:s12:r3,always_nn,1547,1,0.4742455391186088,0.5257544608813912
15,13,stroop:s13:r0,always_fuse,1335,0,0.7801795758967659,0.219820424103234
15,13,stroop:s13:r0,always_nn,1335,0,0.9998860924392736,0.0001139075607262
15,13,stroop:s13:r1,always_fuse,1335,0,0.4522474666039842,0.5477525333960157
15,13,stroop:s13:r1,always_nn,1335,0,0.2977762556661163,0.7022237443338837
15,13,stroop:s13:r2,always_fuse,1335,1,0.4864334442419208,0.5135665557580792
15,13,stroop:s13:r2,always_nn,1335,1,0.4778138504229964,0.5221861495770036
15,13,stroop:s13:r3,always_fuse,1335,1,0.4696669968066624,0.5303330031933375
15,13,stroop:s13:r3,always_nn,1335,1,0.3759591103881383,0.6240408896118618
15,13,stroop:s13:r0,always_fuse,1388,0,0.814055862236518,0.1859441377634818
15,13,stroop:s13:r0,always_nn,1388,0,0.9999990948323794,9.05167620547162e-07
15,13,stroop:s13:r1,always_fuse,1388,0,0.468250960471998,0.531749039528002
15,13,stroop:s13:r1,always_nn,1388,0,0.5146927457761309,0.4853072542238691
15,13,stroop:s13:r2,always_fuse,1388,1,0.4782226328818173,0.5217773671181827
15,13,stroop:s13:r2,always_nn,1388,1,0.5572275590449194,0.4427724409550806
15,13,stroop:s13:r3,always_fuse,1388,1,0.4069194245373733,0.5930805754626266
15,13,stroop:s13:r3,always_nn,1388,1,0.1527735815011402,0.8472264184988599
15,13,stroop:s13:r0,always_fuse,1441,0,0.8101060620197164,0.1898939379802836
15,13,stroop:s13:r0,always_nn,1441,0,0.9999973341704208,2.665829579151987e-06
15,13,stroop:s13:r1,always_fuse,1441,0,0.4303838146317788,0.5696161853682212
15,13,stroop:s13:r1,always_nn,1441,0,0.3266477092765932,0.673352290723407
15,13,stroop:s13:r2,always_fuse,1441,1,0.4394107726020734,0.5605892273979266
15,13,stroop:s13:r2,always_nn,1441,1,0.2947120841178401,0.7052879158821599
15,13,stroop:s13:r3,always_fuse,1441,1,0.3766599567888288,0.6233400432111712
15,13,stroop:s13:r3,always_nn,1441,1,0.0780600398633474,0.9219399601366524
15,13,stroop:s13:r0,always_fuse,1494,0,0.8304030319737928,0.1695969680262071
15,13,stroop:s13:r0,always_nn,1494,0,0.9999134205236272,8.657947637261061e-05
15,13,stroop:s13:r1,always_fuse,1494,0,0.5116787734976161,0.4883212265023838
15,13,stroop:s13:r1,always_nn,1494,0,0.614795168548425,0.385204831451575
15,13,stroop:s13:r2,always_fuse,1494,1,0.5273075259292931,0.4726924740707069
15,13,stroop:s13:r2,always_nn,1494,1,0.688502931722788,0.311497068277212
15,13,stroop:s13:r3,always_fuse,1494,1,0.4843547895855676,0.5156452104144325
15,13,stroop:s13:r3,always_nn,1494,1,0.4359347726656001,0.5640652273343999
15,13,stroop:s13:r0,always_fuse,1547,0,0.8326018256643074,0.1673981743356925
15,13,stroop:s13:r0,always_nn,1547,0,0.9999999734102284,2.6589771569723964e-08
15,13,stroop:s13:r1,always_fuse,1547,0,0.4280632937289927,0.5719367062710073
15,13,stroop:s13:r1,always_nn,1547,0,0.3739850756612923,0.6260149243387076
15,13,stroop:s13:r2,always_fuse,1547,1,0.4560857817234133,0.5439142182765866
15,13,stroop:s13:r2,always_nn,1547,1,0.3915627430047126,0.6084372569952874
15,13,stroop:s13:r3,always_fuse,1547,1,0.3956410080422604,0.6043589919577395
15,13,stroop:s13:r3,always_nn,1547,1,0.1267957876233449,0.873204212376655
15,14,stroop:s14:r0,always_fuse,1335,0,0.848163898835885,0.151836101164115
15,14,stroop:s14:r0,always_nn,1335,0,0.9999999963705448,3.629455321483178e-09
15,14,stroop:s14:r1,always_fuse,1335,0,0.4297720304623558,0.5702279695376442
15,14,stroop:s14:r1,always_nn,1335,0,0.2160455449343416,0.7839544550656584
15,14,stroop:s14:r2,always_fuse,1335,1,0.4243563939973975,0.5756436060026024
15,14,stroop:s14:r2,always_nn,1335,1,0.2068282106950331,0.7931717893049669
15,14,stroop:s14:r3,always_fuse,1335,1,0.4334349138673851,0.5665650861326148
15,14,stroop:s14:r3,always_nn,1335,1,0.2525072219830599,0.74749277801694
15,14,stroop:s14:r0,always_fuse,1388,0,0.7562681944542806,0.2437318055457193
15,14,stroop:s14:r0,always_nn,1388,0,0.9999322966573686,6.770334263134223e-05
15,14,stroop:s14:r1,always_fuse,1388,0,0.3560011637421625,0.6439988362578374
15,14,stroop:s14:r1,always_nn,1388,0,0.0417824967692083,0.9582175032307916
15,14,stroop:s14:r2,always_fuse,1388,1,0.3554104856978729,0.6445895143021271
15,14,stroop:s14:r2,always_nn,1388,1,0.0433702643121694,0.9566297356878306
15,14,stroop:s14:r3,always_fuse,1388,1,0.3561239196568804,0.6438760803431195
15,14,stroop:s14:r3,always_nn,1388,1,0.0430905287987475,0.9569094712012524
15,14,stroop:s14:r0,always_fuse,1441,0,0.8476655350979144,0.1523344649020855
15,14,stroop:s14:r0,always_nn,1441,0,0.9999999989394248,1.060575278688216e-09
15,14,stroop:s14:r1,always_fuse,1441,0,0.3986874538684055,0.6013125461315945
15,14,stroop:s14:r1,always_nn,1441,0,0.1127105121027964,0.8872894878972036
15,14,stroop:s14:r2,always_fuse,1441,1,0.3769559277274434,0.6230440722725566
15,14,stroop:s14:r2,always_nn,1441,1,0.0668040454742387,0.9331959545257612
15,14,stroop:s14:r3,always_fuse,1441,1,0.3783586121230812,0.6216413878769189
15,14,stroop:s14:r3,always_nn,1441,1,0.0684424889018694,0.9315575110981305
15,14,stroop:s14:r0,always_fuse,1494,0,0.8554229346460207,0.1445770653539793
15,14,stroop:s14:r0,always_nn,1494,0,0.9999999995511412,4.4885878192884445e-10
15,14,stroop:s14:r1,always_fuse,1494,0,0.4060958926156119,0.5939041073843881
15,14,stroop:s14:r1,always_nn,1494,0,0.1433530830762213,0.8566469169237786
15,14,stroop:s14:r2,always_fuse,1494,1,0.4397629856888397,0.5602370143111602
15,14,stroop:s14:r2,always_nn,1494,1,0.3891048319866133,0.6108951680133866
15,14,stroop:s14:r3,always_fuse,1494,1,0.3764271490642042,0.6235728509357956
15,14,stroop:s14:r3,always_nn,1494,1,0.0882236271746514,0.9117763728253486
15,14,stroop:s14:r0,always_fuse,1547,0,0.864331293196385,0.1356687068036149
15,14,stroop:s14:r0,always_nn,1547,0,0.9999999989214376,1.078562469461765e-09
15,14,stroop:s14:r1,always_fuse,1547,0,0.3992476819753829,0.6007523180246171
15,14,stroop:s14:r1,always_nn,1547,0,0.1407724564070721,0.8592275435929277
15,14,stroop:s14:r2,always_fuse,1547,1,0.3800667447889833,0.6199332552110166
15,14,stroop:s14:r2,always_nn,1547,1,0.090414420061978,0.909585579938022
15,14,stroop:s14:r3,always_fuse,1547,1,0.3982272174388565,0.6017727825611435
15,14,stroop:s14:r3,always_nn,1547,1,0.1436353864338438,0.8563646135661562
