dataset,protocol,subject,direction,recording_id,method,true_label,p0,p1,pred_label,correct,n_windows,ensemble_size
openbci,cross_task,1,arithmetic_to_stroop,stroop:s01:r1,always_fuse,0.0,0.4659149702507813,0.5340850297492187,1.0,0.0,148.0,5.0
openbci,cross_task,1,arithmetic_to_stroop,stroop:s01:r1,always_nn,0.0,0.10656608926397206,0.8934339107360278,1.0,0.0,148.0,5.0
openbci,cross_task,1,arithmetic_to_stroop,stroop:s01:r1,cbsf,0.0,0.44466642078745977,0.5553335792125402,1.0,0.0,148.0,5.0
openbci,cross_task,1,arithmetic_to_stroop,stroop:s01:r1,extra_trees,0.0,0.3212738250500092,0.6787261749499909,1.0,0.0,148.0,5.0
openbci,cross_task,1,arithmetic_to_stroop,stroop:s01:r1,rf,0.0,0.376552032797234,0.623447967202766,1.0,0.0,148.0,5.0
openbci,cross_task,1,arithmetic_to_stroop,stroop:s01:r2,always_fuse,1.0,0.5745304481201234,0.42546955187987656,0.0,0.0,139.0,5.0
openbci,cross_task,1,arithmetic_to_stroop,stroop:s01:r2,always_nn,1.0,0.9576358926989837,0.04236410730101633,0.0,0.0,139.0,5.0
openbci,cross_task,1,arithmetic_to_stroop,stroop:s01:r2,cbsf,1.0,0.5919568200967388,0.4080431799032613,0.0,0.0,139.0,5.0
openbci,cross_task,1,arithmetic_to_stroop,stroop:s01:r2,extra_trees,1.0,0.4127498961107865,0.5872501038892135,1.0,1.0,139.0,5.0
openbci,cross_task,1,arithmetic_to_stroop,stroop:s01:r2,rf,1.0,0.45344576242655354,0.5465542375734465,1.0,1.0,139.0,5.0
openbci,cross_task,1,arithmetic_to_stroop,stroop:s01:r3,always_fuse,1.0,0.3521745397834067,0.6478254602165934,1.0,1.0,209.0,5.0
openbci,cross_task,1,arithmetic_to_stroop,stroop:s01:r3,always_nn,1.0,0.001785946555133165,0.9982140534448668,1.0,1.0,209.0,5.0
openbci,cross_task,1,arithmetic_to_stroop,stroop:s01:r3,cbsf,1.0,0.3071828938369482,0.6928171061630518,1.0,1.0,209.0,5.0
openbci,cross_task,1,arithmetic_to_stroop,stroop:s01:r3,extra_trees,1.0,0.1749966782151002,0.8250033217848998,1.0,1.0,209.0,5.0
openbci,cross_task,1,arithmetic_to_stroop,stroop:s01:r3,rf,1.0,0.27460775442073454,0.7253922455792654,1.0,1.0,209.0,5.0
openbci,cross_task,1,stroop_to_arithmetic,arithmetic:s01:r1,always_fuse,0.0,0.43394109840376077,0.5660589015962392,1.0,0.0,152.0,5.0
openbci,cross_task,1,stroop_to_arithmetic,arithmetic:s01:r1,always_nn,0.0,0.5624152387456582,0.43758476125434176,0.0,1.0,152.0,5.0
openbci,cross_task,1,stroop_to_arithmetic,arithmetic:s01:r1,cbsf,0.0,0.4557411555968048,0.5442588444031952,1.0,0.0,152.0,5.0
openbci,cross_task,1,stroop_to_arithmetic,arithmetic:s01:r1,extra_trees,0.0,0.5456501241017696,0.4543498758982304,0.0,1.0,152.0,5.0
openbci,cross_task,1,stroop_to_arithmetic,arithmetic:s01:r1,rf,0.0,0.5939977675436562,0.40600223245634376,0.0,1.0,152.0,5.0
openbci,cross_task,1,stroop_to_arithmetic,arithmetic:s01:r2,always_fuse,1.0,0.44160390003568006,0.5583960999643199,1.0,1.0,169.0,5.0
openbci,cross_task,1,stroop_to_arithmetic,arithmetic:s01:r2,always_nn,1.0,0.5299310566610859,0.47006894333891414,0.0,0.0,169.0,5.0
openbci,cross_task,1,stroop_to_arithmetic,arithmetic:s01:r2,cbsf,1.0,0.4555550955928886,0.5444449044071114,1.0,1.0,169.0,5.0
openbci,cross_task,1,stroop_to_arithmetic,arithmetic:s01:r2,extra_trees,1.0,0.4828455189003279,0.5171544810996722,1.0,1.0,169.0,5.0
openbci,cross_task,1,stroop_to_arithmetic,arithmetic:s01:r2,rf,1.0,0.5028580122464813,0.49714198775351864,0.0,0.0,169.0,5.0
openbci,cross_task,1,stroop_to_arithmetic,arithmetic:s01:r3,always_fuse,1.0,0.45913782641730505,0.540862173582695,1.0,1.0,218.0,5.0
openbci,cross_task,1,stroop_to_arithmetic,arithmetic:s01:r3,always_nn,1.0,0.4110274393674556,0.5889725606325444,1.0,1.0,218.0,5.0
openbci,cross_task,1,stroop_to_arithmetic,arithmetic:s01:r3,cbsf,1.0,0.4515581666649556,0.5484418333350444,1.0,1.0,218.0,5.0
openbci,cross_task,1,stroop_to_arithmetic,arithmetic:s01:r3,extra_trees,1.0,0.35883926445147574,0.6411607355485243,1.0,1.0,218.0,5.0
openbci,cross_task,1,stroop_to_arithmetic,arithmetic:s01:r3,rf,1.0,0.38075885560876277,0.6192411443912371,1.0,1.0,218.0,5.0
openbci,cross_task,2,arithmetic_to_stroop,stroop:s02:r1,always_fuse,0.0,0.45362190912531186,0.5463780908746882,1.0,0.0,95.0,5.0
openbci,cross_task,2,arithmetic_to_stroop,stroop:s02:r1,always_nn,0.0,0.10283246761958936,0.8971675323804107,1.0,0.0,95.0,5.0
openbci,cross_task,2,arithmetic_to_stroop,stroop:s02:r1,cbsf,0.0,0.41233776648853043,0.5876622335114695,1.0,0.0,95.0,5.0
openbci,cross_task,2,arithmetic_to_stroop,stroop:s02:r1,extra_trees,0.0,0.5345666046907834,0.46543339530921657,0.0,1.0,95.0,5.0
openbci,cross_task,2,arithmetic_to_stroop,stroop:s02:r1,rf,0.0,0.5150211434079582,0.4849788565920417,0.0,1.0,95.0,5.0
openbci,cross_task,2,arithmetic_to_stroop,stroop:s02:r2,always_fuse,1.0,0.4393742486479372,0.5606257513520628,1.0,1.0,106.0,5.0
openbci,cross_task,2,arithmetic_to_stroop,stroop:s02:r2,always_nn,1.0,0.07943283587867363,0.9205671641213263,1.0,1.0,106.0,5.0
openbci,cross_task,2,arithmetic_to_stroop,stroop:s02:r2,cbsf,1.0,0.3864665660140218,0.6135334339859781,1.0,1.0,106.0,5.0
openbci,cross_task,2,arithmetic_to_stroop,stroop:s02:r2,extra_trees,1.0,0.5174073947456505,0.4825926052543496,0.0,0.0,106.0,5.0
openbci,cross_task,2,arithmetic_to_stroop,stroop:s02:r2,rf,1.0,0.5340619753170891,0.46593802468291096,0.0,0.0,106.0,5.0
openbci,cross_task,2,arithmetic_to_stroop,stroop:s02:r3,always_fuse,1.0,0.43845697041402515,0.5615430295859748,1.0,1.0,208.0,5.0
openbci,cross_task,2,arithmetic_to_stroop,stroop:s02:r3,always_nn,1.0,0.04048104279082998,0.95951895720917,1.0,1.0,208.0,5.0
openbci,cross_task,2,arithmetic_to_stroop,stroop:s02:r3,cbsf,1.0,0.383128215481631,0.616871784518369,1.0,1.0,208.0,5.0
openbci,cross_task,2,arithmetic_to_stroop,stroop:s02:r3,extra_trees,1.0,0.44652606672526995,0.55347393327473,1.0,1.0,208.0,5.0
openbci,cross_task,2,arithmetic_to_stroop,stroop:s02:r3,rf,1.0,0.46225109009130444,0.5377489099086956,1.0,1.0,208.0,5.0
openbci,cross_task,2,stroop_to_arithmetic,arithmetic:s02:r1,always_fuse,0.0,0.6653599289378282,0.3346400710621717,0.0,1.0,132.0,5.0
openbci,cross_task,2,stroop_to_arithmetic,arithmetic:s02:r1,always_nn,0.0,0.27796091211448953,0.7220390878855105,1.0,0.0,132.0,5.0
openbci,cross_task,2,stroop_to_arithmetic,arithmetic:s02:r1,cbsf,0.0,0.5998918251566149,0.40010817484338507,0.0,1.0,132.0,5.0
openbci,cross_task,2,stroop_to_arithmetic,arithmetic:s02:r1,extra_trees,0.0,0.6390962355968722,0.36090376440312777,0.0,1.0,132.0,5.0
openbci,cross_task,2,stroop_to_arithmetic,arithmetic:s02:r1,rf,0.0,0.8579840217704743,0.14201597822952564,0.0,1.0,132.0,5.0
openbci,cross_task,2,stroop_to_arithmetic,arithmetic:s02:r2,always_fuse,1.0,0.6388670239434006,0.36113297605659944,0.0,0.0,136.0,5.0
openbci,cross_task,2,stroop_to_arithmetic,arithmetic:s02:r2,always_nn,1.0,0.19544578733531015,0.8045542126646898,1.0,1.0,136.0,5.0
openbci,cross_task,2,stroop_to_arithmetic,arithmetic:s02:r2,cbsf,1.0,0.5775797589956561,0.422420241004344,0.0,0.0,136.0,5.0
openbci,cross_task,2,stroop_to_arithmetic,arithmetic:s02:r2,extra_trees,1.0,0.5215784329221116,0.47842156707788835,0.0,0.0,136.0,5.0
openbci,cross_task,2,stroop_to_arithmetic,arithmetic:s02:r2,rf,1.0,0.761935107186348,0.23806489281365198,0.0,0.0,136.0,5.0
openbci,cross_task,2,stroop_to_arithmetic,arithmetic:s02:r3,always_fuse,1.0,0.7154621434392486,0.2845378565607514,0.0,0.0,270.0,5.0
openbci,cross_task,2,stroop_to_arithmetic,arithmetic:s02:r3,always_nn,1.0,0.9209442835336963,0.07905571646630358,0.0,0.0,270.0,5.0
openbci,cross_task,2,stroop_to_arithmetic,arithmetic:s02:r3,cbsf,1.0,0.715900697745118,0.284099302254882,0.0,0.0,270.0,5.0
openbci,cross_task,2,stroop_to_arithmetic,arithmetic:s02:r3,extra_trees,1.0,0.6097860771659455,0.3902139228340545,0.0,0.0,270.0,5.0
openbci,cross_task,2,stroop_to_arithmetic,arithmetic:s02:r3,rf,1.0,0.801416847245862,0.19858315275413796,0.0,0.0,270.0,5.0
openbci,cross_task,3,arithmetic_to_stroop,stroop:s03:r1,always_fuse,0.0,0.6676393923249803,0.33236060767501985,0.0,1.0,127.0,5.0
openbci,cross_task,3,arithmetic_to_stroop,stroop:s03:r1,always_nn,0.0,0.9310245133912696,0.0689754866087304,0.0,1.0,127.0,5.0
openbci,cross_task,3,arithmetic_to_stroop,stroop:s03:r1,cbsf,0.0,0.7160552737681173,0.2839447262318827,0.0,1.0,127.0,5.0
openbci,cross_task,3,arithmetic_to_stroop,stroop:s03:r1,extra_trees,0.0,0.5600130040017633,0.43998699599823676,0.0,1.0,127.0,5.0
openbci,cross_task,3,arithmetic_to_stroop,stroop:s03:r1,rf,0.0,0.6135856131639876,0.3864143868360124,0.0,1.0,127.0,5.0
openbci,cross_task,3,arithmetic_to_stroop,stroop:s03:r2,always_fuse,1.0,0.5915815180003088,0.4084184819996912,0.0,0.0,102.0,5.0
openbci,cross_task,3,arithmetic_to_stroop,stroop:s03:r2,always_nn,1.0,0.4834057215852752,0.5165942784147247,1.0,1.0,102.0,5.0
openbci,cross_task,3,arithmetic_to_stroop,stroop:s03:r2,cbsf,1.0,0.5743362365733429,0.4256637634266571,0.0,0.0,102.0,5.0
openbci,cross_task,3,arithmetic_to_stroop,stroop:s03:r2,extra_trees,1.0,0.29422926634761837,0.7057707336523816,1.0,1.0,102.0,5.0
openbci,cross_task,3,arithmetic_to_stroop,stroop:s03:r2,rf,1.0,0.24680889579169576,0.7531911042083043,1.0,1.0,102.0,5.0
openbci,cross_task,3,arithmetic_to_stroop,stroop:s03:r3,always_fuse,1.0,0.5119844448937942,0.4880155551062058,0.0,0.0,160.0,5.0
openbci,cross_task,3,arithmetic_to_stroop,stroop:s03:r3,always_nn,1.0,0.2811179215068214,0.7188820784931786,1.0,1.0,160.0,5.0
openbci,cross_task,3,arithmetic_to_stroop,stroop:s03:r3,cbsf,1.0,0.4851895546938954,0.5148104453061046,1.0,1.0,160.0,5.0
openbci,cross_task,3,arithmetic_to_stroop,stroop:s03:r3,extra_trees,1.0,0.2496763025727004,0.7503236974272997,1.0,1.0,160.0,5.0
openbci,cross_task,3,arithmetic_to_stroop,stroop:s03:r3,rf,1.0,0.15517274164886527,0.8448272583511347,1.0,1.0,160.0,5.0
openbci,cross_task,3,stroop_to_arithmetic,arithmetic:s03:r1,always_fuse,0.0,0.008176700950860072,0.9918232990491399,1.0,0.0,91.0,5.0
openbci,cross_task,3,stroop_to_arithmetic,arithmetic:s03:r1,always_nn,0.0,2.608966405584537e-11,0.9999999999739103,1.0,0.0,91.0,5.0
openbci,cross_task,3,stroop_to_arithmetic,arithmetic:s03:r1,cbsf,0.0,0.005586603751634821,0.9944133962483651,1.0,0.0,91.0,5.0
openbci,cross_task,3,stroop_to_arithmetic,arithmetic:s03:r1,extra_trees,0.0,0.0650599461099729,0.9349400538900271,1.0,0.0,91.0,5.0
openbci,cross_task,3,stroop_to_arithmetic,arithmetic:s03:r1,rf,0.0,0.05106407288088262,0.9489359271191175,1.0,0.0,91.0,5.0
openbci,cross_task,3,stroop_to_arithmetic,arithmetic:s03:r2,always_fuse,1.0,0.056997263790718955,0.943002736209281,1.0,1.0,137.0,5.0
openbci,cross_task,3,stroop_to_arithmetic,arithmetic:s03:r2,always_nn,1.0,1.3838539533994122e-09,0.9999999986161461,1.0,1.0,137.0,5.0
openbci,cross_task,3,stroop_to_arithmetic,arithmetic:s03:r2,cbsf,1.0,0.02626510340815638,0.9737348965918436,1.0,1.0,137.0,5.0
openbci,cross_task,3,stroop_to_arithmetic,arithmetic:s03:r2,extra_trees,1.0,0.1306772940043942,0.8693227059956058,1.0,1.0,137.0,5.0
openbci,cross_task,3,stroop_to_arithmetic,arithmetic:s03:r2,rf,1.0,0.08786790116634376,0.9121320988336562,1.0,1.0,137.0,5.0
openbci,cross_task,3,stroop_to_arithmetic,arithmetic:s03:r3,always_fuse,1.0,0.00040055913479265434,0.9995994408652072,1.0,1.0,160.0,5.0
openbci,cross_task,3,stroop_to_arithmetic,arithmetic:s03:r3,always_nn,1.0,1.3361966359832509e-11,0.999999999986638,1.0,1.0,160.0,5.0
openbci,cross_task,3,stroop_to_arithmetic,arithmetic:s03:r3,cbsf,1.0,0.00024904400292726837,0.9997509559970728,1.0,1.0,160.0,5.0
openbci,cross_task,3,stroop_to_arithmetic,arithmetic:s03:r3,extra_trees,1.0,0.022605392979436173,0.9773946070205638,1.0,1.0,160.0,5.0
openbci,cross_task,3,stroop_to_arithmetic,arithmetic:s03:r3,rf,1.0,0.002445543718513149,0.9975544562814869,1.0,1.0,160.0,5.0
openbci,cross_task,4,arithmetic_to_stroop,stroop:s04:r1,always_fuse,0.0,0.0007821559807149736,0.999217844019285,1.0,0.0,89.0,5.0
openbci,cross_task,4,arithmetic_to_stroop,stroop:s04:r1,always_nn,0.0,1.1176357175592174e-05,0.9999888236428244,1.0,0.0,89.0,5.0
openbci,cross_task,4,arithmetic_to_stroop,stroop:s04:r1,cbsf,0.0,0.0006157093778376477,0.9993842906221623,1.0,0.0,89.0,5.0
openbci,cross_task,4,arithmetic_to_stroop,stroop:s04:r1,extra_trees,0.0,0.0013716675685636634,0.9986283324314363,1.0,0.0,89.0,5.0
openbci,cross_task,4,arithmetic_to_stroop,stroop:s04:r1,rf,0.0,0.00016143416570074331,0.9998385658342992,1.0,0.0,89.0,5.0
openbci,cross_task,4,arithmetic_to_stroop,stroop:s04:r2,always_fuse,1.0,0.0011526009982605837,0.9988473990017394,1.0,1.0,62.0,5.0
openbci,cross_task,4,arithmetic_to_stroop,stroop:s04:r2,always_nn,1.0,1.9018950567056458e-05,0.9999809810494329,1.0,1.0,62.0,5.0
openbci,cross_task,4,arithmetic_to_stroop,stroop:s04:r2,cbsf,1.0,0.0009120827770199263,0.9990879172229801,1.0,1.0,62.0,5.0
openbci,cross_task,4,arithmetic_to_stroop,stroop:s04:r2,extra_trees,1.0,0.0010050060948605481,0.9989949939051395,1.0,1.0,62.0,5.0
openbci,cross_task,4,arithmetic_to_stroop,stroop:s04:r2,rf,1.0,0.0035090556650772572,0.9964909443349228,1.0,1.0,62.0,5.0
openbci,cross_task,4,arithmetic_to_stroop,stroop:s04:r3,always_fuse,1.0,0.0002890162419196951,0.9997109837580803,1.0,1.0,192.0,5.0
openbci,cross_task,4,arithmetic_to_stroop,stroop:s04:r3,always_nn,1.0,6.951203180284245e-06,0.9999930487968197,1.0,1.0,192.0,5.0
openbci,cross_task,4,arithmetic_to_stroop,stroop:s04:r3,cbsf,1.0,0.00023585669255284827,0.9997641433074471,1.0,1.0,192.0,5.0
openbci,cross_task,4,arithmetic_to_stroop,stroop:s04:r3,extra_trees,1.0,8.30974063590604e-05,0.999916902593641,1.0,1.0,192.0,5.0
openbci,cross_task,4,arithmetic_to_stroop,stroop:s04:r3,rf,1.0,2.2380414535374955e-05,0.9999776195854646,1.0,1.0,192.0,5.0
openbci,cross_task,4,stroop_to_arithmetic,arithmetic:s04:r1,always_fuse,0.0,0.715197783436386,0.2848022165636141,0.0,1.0,119.0,5.0
openbci,cross_task,4,stroop_to_arithmetic,arithmetic:s04:r1,always_nn,0.0,0.9996184830328868,0.00038151696711315105,0.0,1.0,119.0,5.0
openbci,cross_task,4,stroop_to_arithmetic,arithmetic:s04:r1,cbsf,0.0,0.9750689542073085,0.024931045792691432,0.0,1.0,119.0,5.0
openbci,cross_task,4,stroop_to_arithmetic,arithmetic:s04:r1,extra_trees,0.0,0.5503898270701547,0.4496101729298452,0.0,1.0,119.0,5.0
openbci,cross_task,4,stroop_to_arithmetic,arithmetic:s04:r1,rf,0.0,0.5892320871887867,0.41076791281121333,0.0,1.0,119.0,5.0
openbci,cross_task,4,stroop_to_arithmetic,arithmetic:s04:r2,always_fuse,1.0,0.4324506306021088,0.5675493693978912,1.0,1.0,210.0,5.0
openbci,cross_task,4,stroop_to_arithmetic,arithmetic:s04:r2,always_nn,1.0,0.001488799261643532,0.9985112007383564,1.0,1.0,210.0,5.0
openbci,cross_task,4,stroop_to_arithmetic,arithmetic:s04:r2,cbsf,1.0,0.1967286618896104,0.8032713381103896,1.0,1.0,210.0,5.0
openbci,cross_task,4,stroop_to_arithmetic,arithmetic:s04:r2,extra_trees,1.0,0.2934995547917154,0.7065004452082847,1.0,1.0,210.0,5.0
openbci,cross_task,4,stroop_to_arithmetic,arithmetic:s04:r2,rf,1.0,0.3193068499862854,0.6806931500137147,1.0,1.0,210.0,5.0
openbci,cross_task,4,stroop_to_arithmetic,arithmetic:s04:r3,always_fuse,1.0,0.38926321885990023,0.6107367811400998,1.0,1.0,221.0,5.0
openbci,cross_task,4,stroop_to_arithmetic,arithmetic:s04:r3,always_nn,1.0,8.812054804110457e-05,0.9999118794519589,1.0,1.0,221.0,5.0
openbci,cross_task,4,stroop_to_arithmetic,arithmetic:s04:r3,cbsf,1.0,0.11821224804097674,0.8817877519590234,1.0,1.0,221.0,5.0
openbci,cross_task,4,stroop_to_arithmetic,arithmetic:s04:r3,extra_trees,1.0,0.31359674858798403,0.6864032514120159,1.0,1.0,221.0,5.0
openbci,cross_task,4,stroop_to_arithmetic,arithmetic:s04:r3,rf,1.0,0.2799406894429074,0.7200593105570926,1.0,1.0,221.0,5.0
openbci,cross_task,5,arithmetic_to_stroop,stroop:s05:r1,always_fuse,0.0,0.5516165231813664,0.4483834768186336,0.0,1.0,137.0,5.0
openbci,cross_task,5,arithmetic_to_stroop,stroop:s05:r1,always_nn,0.0,0.009616901942863075,0.990383098057137,1.0,0.0,137.0,5.0
openbci,cross_task,5,arithmetic_to_stroop,stroop:s05:r1,cbsf,0.0,0.4523014186777898,0.5476985813222103,1.0,0.0,137.0,5.0
openbci,cross_task,5,arithmetic_to_stroop,stroop:s05:r1,extra_trees,0.0,0.11889627503548691,0.8811037249645131,1.0,0.0,137.0,5.0
openbci,cross_task,5,arithmetic_to_stroop,stroop:s05:r1,rf,0.0,0.0627280157926915,0.9372719842073085,1.0,0.0,137.0,5.0
openbci,cross_task,5,arithmetic_to_stroop,stroop:s05:r2,always_fuse,1.0,0.4642987305821649,0.535701269417835,1.0,1.0,108.0,5.0
openbci,cross_task,5,arithmetic_to_stroop,stroop:s05:r2,always_nn,1.0,0.2133215692419959,0.7866784307580041,1.0,1.0,108.0,5.0
openbci,cross_task,5,arithmetic_to_stroop,stroop:s05:r2,cbsf,1.0,0.4452184830202196,0.5547815169797804,1.0,1.0,108.0,5.0
openbci,cross_task,5,arithmetic_to_stroop,stroop:s05:r2,extra_trees,1.0,0.24671319166619712,0.7532868083338029,1.0,1.0,108.0,5.0
openbci,cross_task,5,arithmetic_to_stroop,stroop:s05:r2,rf,1.0,0.1969753300351854,0.8030246699648146,1.0,1.0,108.0,5.0
openbci,cross_task,5,arithmetic_to_stroop,stroop:s05:r3,always_fuse,1.0,0.4566338834974952,0.5433661165025048,1.0,1.0,171.0,5.0
openbci,cross_task,5,arithmetic_to_stroop,stroop:s05:r3,always_nn,1.0,0.31810239383484645,0.6818976061651536,1.0,1.0,171.0,5.0
openbci,cross_task,5,arithmetic_to_stroop,stroop:s05:r3,cbsf,1.0,0.445463999049639,0.554536000950361,1.0,1.0,171.0,5.0
openbci,cross_task,5,arithmetic_to_stroop,stroop:s05:r3,extra_trees,1.0,0.4255722390575691,0.5744277609424309,1.0,1.0,171.0,5.0
openbci,cross_task,5,arithmetic_to_stroop,stroop:s05:r3,rf,1.0,0.5518037935111049,0.4481962064888951,0.0,0.0,171.0,5.0
openbci,cross_task,5,stroop_to_arithmetic,arithmetic:s05:r1,always_fuse,0.0,0.3841501150519846,0.6158498849480155,1.0,0.0,153.0,5.0
openbci,cross_task,5,stroop_to_arithmetic,arithmetic:s05:r1,always_nn,0.0,0.0002032167777884584,0.9997967832222115,1.0,0.0,153.0,5.0
openbci,cross_task,5,stroop_to_arithmetic,arithmetic:s05:r1,cbsf,0.0,0.3194392332877362,0.6805607667122637,1.0,0.0,153.0,5.0
openbci,cross_task,5,stroop_to_arithmetic,arithmetic:s05:r1,extra_trees,0.0,0.21001842944245713,0.7899815705575428,1.0,0.0,153.0,5.0
openbci,cross_task,5,stroop_to_arithmetic,arithmetic:s05:r1,rf,0.0,0.12253422540960868,0.8774657745903913,1.0,0.0,153.0,5.0
openbci,cross_task,5,stroop_to_arithmetic,arithmetic:s05:r2,always_fuse,1.0,0.6717780103246258,0.32822198967537414,0.0,0.0,198.0,5.0
openbci,cross_task,5,stroop_to_arithmetic,arithmetic:s05:r2,always_nn,1.0,0.7939065422366778,0.20609345776332216,0.0,0.0,198.0,5.0
openbci,cross_task,5,stroop_to_arithmetic,arithmetic:s05:r2,cbsf,1.0,0.6794976580279399,0.3205023419720601,0.0,0.0,198.0,5.0
openbci,cross_task,5,stroop_to_arithmetic,arithmetic:s05:r2,extra_trees,1.0,0.4897255552375916,0.5102744447624084,1.0,1.0,198.0,5.0
openbci,cross_task,5,stroop_to_arithmetic,arithmetic:s05:r2,rf,1.0,0.5903337657349119,0.409666234265088,0.0,0.0,198.0,5.0
openbci,cross_task,5,stroop_to_arithmetic,arithmetic:s05:r3,always_fuse,1.0,0.8026912184564365,0.19730878154356346,0.0,0.0,232.0,5.0
openbci,cross_task,5,stroop_to_arithmetic,arithmetic:s05:r3,always_nn,1.0,0.9994522958368627,0.0005477041631373347,0.0,0.0,232.0,5.0
openbci,cross_task,5,stroop_to_arithmetic,arithmetic:s05:r3,cbsf,1.0,0.8185274933771884,0.1814725066228115,0.0,0.0,232.0,5.0
openbci,cross_task,5,stroop_to_arithmetic,arithmetic:s05:r3,extra_trees,1.0,0.7579777052349017,0.24202229476509826,0.0,0.0,232.0,5.0
openbci,cross_task,5,stroop_to_arithmetic,arithmetic:s05:r3,rf,1.0,0.8799824027537579,0.12001759724624202,0.0,0.0,232.0,5.0
openbci,cross_task,6,arithmetic_to_stroop,stroop:s06:r1,always_fuse,0.0,0.37260263742424404,0.6273973625757561,1.0,0.0,119.0,5.0
openbci,cross_task,6,arithmetic_to_stroop,stroop:s06:r1,always_nn,0.0,0.6683402471563855,0.3316597528436145,0.0,1.0,119.0,5.0
openbci,cross_task,6,arithmetic_to_stroop,stroop:s06:r1,cbsf,0.0,0.4277065796836909,0.5722934203163091,1.0,0.0,119.0,5.0
openbci,cross_task,6,arithmetic_to_stroop,stroop:s06:r1,extra_trees,0.0,0.6093476216004561,0.39065237839954386,0.0,1.0,119.0,5.0
openbci,cross_task,6,arithmetic_to_stroop,stroop:s06:r1,rf,0.0,0.5229204353602643,0.4770795646397356,0.0,1.0,119.0,5.0
openbci,cross_task,6,arithmetic_to_stroop,stroop:s06:r2,always_fuse,1.0,0.4359170804310415,0.5640829195689585,1.0,1.0,111.0,5.0
openbci,cross_task,6,arithmetic_to_stroop,stroop:s06:r2,always_nn,1.0,0.5428407514715134,0.45715924852848655,0.0,0.0,111.0,5.0
openbci,cross_task,6,arithmetic_to_stroop,stroop:s06:r2,cbsf,1.0,0.45889286029179943,0.5411071397082006,1.0,1.0,111.0,5.0
openbci,cross_task,6,arithmetic_to_stroop,stroop:s06:r2,extra_trees,1.0,0.6238093839148139,0.37619061608518617,0.0,0.0,111.0,5.0
openbci,cross_task,6,arithmetic_to_stroop,stroop:s06:r2,rf,1.0,0.5290454943167024,0.4709545056832975,0.0,0.0,111.0,5.0
openbci,cross_task,6,arithmetic_to_stroop,stroop:s06:r3,always_fuse,1.0,0.41214170774364967,0.5878582922563503,1.0,1.0,161.0,5.0
openbci,cross_task,6,arithmetic_to_stroop,stroop:s06:r3,always_nn,1.0,0.2619559601217397,0.7380440398782603,1.0,1.0,161.0,5.0
openbci,cross_task,6,arithmetic_to_stroop,stroop:s06:r3,cbsf,1.0,0.40642071315901485,0.5935792868409852,1.0,1.0,161.0,5.0
openbci,cross_task,6,arithmetic_to_stroop,stroop:s06:r3,extra_trees,1.0,0.344092342166892,0.655907657833108,1.0,1.0,161.0,5.0
openbci,cross_task,6,arithmetic_to_stroop,stroop:s06:r3,rf,1.0,0.34694160445153066,0.6530583955484693,1.0,1.0,161.0,5.0
openbci,cross_task,6,stroop_to_arithmetic,arithmetic:s06:r1,always_fuse,0.0,0.6385341083926005,0.36146589160739945,0.0,1.0,119.0,5.0
openbci,cross_task,6,stroop_to_arithmetic,arithmetic:s06:r1,always_nn,0.0,0.2911034047024142,0.7088965952975859,1.0,0.0,119.0,5.0
openbci,cross_task,6,stroop_to_arithmetic,arithmetic:s06:r1,cbsf,0.0,0.564159522308814,0.435840477691186,0.0,1.0,119.0,5.0
openbci,cross_task,6,stroop_to_arithmetic,arithmetic:s06:r1,extra_trees,0.0,0.4511585180723499,0.54884148192765,1.0,0.0,119.0,5.0
openbci,cross_task,6,stroop_to_arithmetic,arithmetic:s06:r1,rf,0.0,0.3754347819361239,0.6245652180638761,1.0,0.0,119.0,5.0
openbci,cross_task,6,stroop_to_arithmetic,arithmetic:s06:r2,always_fuse,1.0,0.7558358409720646,0.2441641590279355,0.0,0.0,130.0,5.0
openbci,cross_task,6,stroop_to_arithmetic,arithmetic:s06:r2,always_nn,1.0,0.10843381486025667,0.8915661851397433,1.0,1.0,130.0,5.0
openbci,cross_task,6,stroop_to_arithmetic,arithmetic:s06:r2,cbsf,1.0,0.6141900083591157,0.38580999164088425,0.0,0.0,130.0,5.0
openbci,cross_task,6,stroop_to_arithmetic,arithmetic:s06:r2,extra_trees,1.0,0.4895729037715207,0.5104270962284794,1.0,1.0,130.0,5.0
openbci,cross_task,6,stroop_to_arithmetic,arithmetic:s06:r2,rf,1.0,0.5866514932699217,0.4133485067300783,0.0,0.0,130.0,5.0
openbci,cross_task,6,stroop_to_arithmetic,arithmetic:s06:r3,always_fuse,1.0,0.7984136473887924,0.20158635261120755,0.0,0.0,191.0,5.0
openbci,cross_task,6,stroop_to_arithmetic,arithmetic:s06:r3,always_nn,1.0,0.0820095985032755,0.9179904014967245,1.0,1.0,191.0,5.0
openbci,cross_task,6,stroop_to_arithmetic,arithmetic:s06:r3,cbsf,1.0,0.6405354149608505,0.3594645850391494,0.0,0.0,191.0,5.0
openbci,cross_task,6,stroop_to_arithmetic,arithmetic:s06:r3,extra_trees,1.0,0.39608117711110086,0.6039188228888992,1.0,1.0,191.0,5.0
openbci,cross_task,6,stroop_to_arithmetic,arithmetic:s06:r3,rf,1.0,0.4090918271840676,0.5909081728159323,1.0,1.0,191.0,5.0
openbci,cross_task,7,arithmetic_to_stroop,stroop:s07:r1,always_fuse,0.0,0.5185852334598878,0.48141476654011206,0.0,1.0,97.0,5.0
openbci,cross_task,7,arithmetic_to_stroop,stroop:s07:r1,always_nn,0.0,0.05321979580953808,0.9467802041904619,1.0,0.0,97.0,5.0
openbci,cross_task,7,arithmetic_to_stroop,stroop:s07:r1,cbsf,0.0,0.3055524638782402,0.6944475361217598,1.0,0.0,97.0,5.0
openbci,cross_task,7,arithmetic_to_stroop,stroop:s07:r1,extra_trees,0.0,0.5362476717328436,0.46375232826715646,0.0,1.0,97.0,5.0
openbci,cross_task,7,arithmetic_to_stroop,stroop:s07:r1,rf,0.0,0.6683577340800301,0.33164226591996987,0.0,1.0,97.0,5.0
openbci,cross_task,7,arithmetic_to_stroop,stroop:s07:r2,always_fuse,1.0,0.49507271221307986,0.5049272877869202,1.0,1.0,96.0,5.0
openbci,cross_task,7,arithmetic_to_stroop,stroop:s07:r2,always_nn,1.0,0.022492234562698166,0.9775077654373019,1.0,1.0,96.0,5.0
openbci,cross_task,7,arithmetic_to_stroop,stroop:s07:r2,cbsf,1.0,0.2596698432680918,0.7403301567319083,1.0,1.0,96.0,5.0
openbci,cross_task,7,arithmetic_to_stroop,stroop:s07:r2,extra_trees,1.0,0.34518226982099814,0.6548177301790018,1.0,1.0,96.0,5.0
openbci,cross_task,7,arithmetic_to_stroop,stroop:s07:r2,rf,1.0,0.4301165793349201,0.5698834206650799,1.0,1.0,96.0,5.0
openbci,cross_task,7,arithmetic_to_stroop,stroop:s07:r3,always_fuse,1.0,0.4932429867613906,0.5067570132386094,1.0,1.0,179.0,5.0
openbci,cross_task,7,arithmetic_to_stroop,stroop:s07:r3,always_nn,1.0,0.0189584495672896,0.9810415504327104,1.0,1.0,179.0,5.0
openbci,cross_task,7,arithmetic_to_stroop,stroop:s07:r3,cbsf,1.0,0.25255866960167334,0.7474413303983267,1.0,1.0,179.0,5.0
openbci,cross_task,7,arithmetic_to_stroop,stroop:s07:r3,extra_trees,1.0,0.46472025498613767,0.5352797450138622,1.0,1.0,179.0,5.0
openbci,cross_task,7,arithmetic_to_stroop,stroop:s07:r3,rf,1.0,0.5788527027953891,0.42114729720461075,0.0,0.0,179.0,5.0
openbci,cross_task,7,stroop_to_arithmetic,arithmetic:s07:r1,always_fuse,0.0,0.34572224981820254,0.6542777501817973,1.0,0.0,36.0,5.0
openbci,cross_task,7,stroop_to_arithmetic,arithmetic:s07:r1,always_nn,0.0,0.01801492357441926,0.9819850764255807,1.0,0.0,36.0,5.0
openbci,cross_task,7,stroop_to_arithmetic,arithmetic:s07:r1,cbsf,0.0,0.039248034747792676,0.9607519652522073,1.0,0.0,36.0,5.0
openbci,cross_task,7,stroop_to_arithmetic,arithmetic:s07:r1,extra_trees,0.0,0.41313923123348006,0.5868607687665199,1.0,0.0,36.0,5.0
openbci,cross_task,7,stroop_to_arithmetic,arithmetic:s07:r1,rf,0.0,0.4592969322249213,0.5407030677750787,1.0,0.0,36.0,5.0
openbci,cross_task,7,stroop_to_arithmetic,arithmetic:s07:r2,always_fuse,1.0,0.4225002431201161,0.577499756879884,1.0,1.0,46.0,5.0
openbci,cross_task,7,stroop_to_arithmetic,arithmetic:s07:r2,always_nn,1.0,0.10111272112818641,0.8988872788718136,1.0,1.0,46.0,5.0
openbci,cross_task,7,stroop_to_arithmetic,arithmetic:s07:r2,cbsf,1.0,0.13785822665289751,0.8621417733471024,1.0,1.0,46.0,5.0
openbci,cross_task,7,stroop_to_arithmetic,arithmetic:s07:r2,extra_trees,1.0,0.37148876222579486,0.6285112377742051,1.0,1.0,46.0,5.0
openbci,cross_task,7,stroop_to_arithmetic,arithmetic:s07:r2,rf,1.0,0.4274456617057016,0.5725543382942984,1.0,1.0,46.0,5.0
openbci,cross_task,7,stroop_to_arithmetic,arithmetic:s07:r3,always_fuse,1.0,0.36641506023000614,0.6335849397699939,1.0,1.0,102.0,5.0
openbci,cross_task,7,stroop_to_arithmetic,arithmetic:s07:r3,always_nn,1.0,0.013483673507470447,0.9865163264925295,1.0,1.0,102.0,5.0
openbci,cross_task,7,stroop_to_arithmetic,arithmetic:s07:r3,cbsf,1.0,0.03261765194788605,0.967382348052114,1.0,1.0,102.0,5.0
openbci,cross_task,7,stroop_to_arithmetic,arithmetic:s07:r3,extra_trees,1.0,0.37482809646477183,0.6251719035352281,1.0,1.0,102.0,5.0
openbci,cross_task,7,stroop_to_arithmetic,arithmetic:s07:r3,rf,1.0,0.41797005071046656,0.5820299492895334,1.0,1.0,102.0,5.0
openbci,cross_task,8,arithmetic_to_stroop,stroop:s08:r1,always_fuse,0.0,0.4887510442655748,0.5112489557344251,1.0,0.0,162.0,5.0
openbci,cross_task,8,arithmetic_to_stroop,stroop:s08:r1,always_nn,0.0,0.008591708743194032,0.991408291256806,1.0,0.0,162.0,5.0
openbci,cross_task,8,arithmetic_to_stroop,stroop:s08:r1,cbsf,0.0,0.4285247790593543,0.5714752209406457,1.0,0.0,162.0,5.0
openbci,cross_task,8,arithmetic_to_stroop,stroop:s08:r1,extra_trees,0.0,0.34608504270567847,0.6539149572943216,1.0,0.0,162.0,5.0
openbci,cross_task,8,arithmetic_to_stroop,stroop:s08:r1,rf,0.0,0.3298428057388677,0.6701571942611324,1.0,0.0,162.0,5.0
openbci,cross_task,8,arithmetic_to_stroop,stroop:s08:r2,always_fuse,1.0,0.47938703918526865,0.5206129608147313,1.0,1.0,160.0,5.0
openbci,cross_task,8,arithmetic_to_stroop,stroop:s08:r2,always_nn,1.0,0.023451715250876807,0.9765482847491231,1.0,1.0,160.0,5.0
openbci,cross_task,8,arithmetic_to_stroop,stroop:s08:r2,cbsf,1.0,0.45037131710735384,0.5496286828926462,1.0,1.0,160.0,5.0
openbci,cross_task,8,arithmetic_to_stroop,stroop:s08:r2,extra_trees,1.0,0.315298365666774,0.684701634333226,1.0,1.0,160.0,5.0
openbci,cross_task,8,arithmetic_to_stroop,stroop:s08:r2,rf,1.0,0.3630449812073431,0.636955018792657,1.0,1.0,160.0,5.0
openbci,cross_task,8,arithmetic_to_stroop,stroop:s08:r3,always_fuse,1.0,0.47885462633646514,0.5211453736635349,1.0,1.0,234.0,5.0
openbci,cross_task,8,arithmetic_to_stroop,stroop:s08:r3,always_nn,1.0,0.0161733066739414,0.9838266933260587,1.0,1.0,234.0,5.0
openbci,cross_task,8,arithmetic_to_stroop,stroop:s08:r3,cbsf,1.0,0.4392840699774112,0.5607159300225888,1.0,1.0,234.0,5.0
openbci,cross_task,8,arithmetic_to_stroop,stroop:s08:r3,extra_trees,1.0,0.30914095233249667,0.6908590476675033,1.0,1.0,234.0,5.0
openbci,cross_task,8,arithmetic_to_stroop,stroop:s08:r3,rf,1.0,0.3325102375684363,0.6674897624315637,1.0,1.0,234.0,5.0
openbci,cross_task,8,stroop_to_arithmetic,arithmetic:s08:r1,always_fuse,0.0,0.6256747814930639,0.37432521850693623,0.0,1.0,278.0,5.0
openbci,cross_task,8,stroop_to_arithmetic,arithmetic:s08:r1,always_nn,0.0,0.2515146817805638,0.7484853182194362,1.0,0.0,278.0,5.0
openbci,cross_task,8,stroop_to_arithmetic,arithmetic:s08:r1,cbsf,0.0,0.6020127910702137,0.3979872089297864,0.0,1.0,278.0,5.0
openbci,cross_task,8,stroop_to_arithmetic,arithmetic:s08:r1,extra_trees,0.0,0.5312267466913452,0.4687732533086548,0.0,1.0,278.0,5.0
openbci,cross_task,8,stroop_to_arithmetic,arithmetic:s08:r1,rf,0.0,0.535345587138848,0.464654412861152,0.0,1.0,278.0,5.0
openbci,cross_task,8,stroop_to_arithmetic,arithmetic:s08:r2,always_fuse,1.0,0.6464182951815933,0.3535817048184066,0.0,0.0,259.0,5.0
openbci,cross_task,8,stroop_to_arithmetic,arithmetic:s08:r2,always_nn,1.0,0.4942640717175332,0.5057359282824668,1.0,1.0,259.0,5.0
openbci,cross_task,8,stroop_to_arithmetic,arithmetic:s08:r2,cbsf,1.0,0.6293037331307026,0.3706962668692973,0.0,0.0,259.0,5.0
openbci,cross_task,8,stroop_to_arithmetic,arithmetic:s08:r2,extra_trees,1.0,0.5469124718839924,0.4530875281160075,0.0,0.0,259.0,5.0
openbci,cross_task,8,stroop_to_arithmetic,arithmetic:s08:r2,rf,1.0,0.5435194836873873,0.4564805163126126,0.0,0.0,259.0,5.0
openbci,cross_task,8,stroop_to_arithmetic,arithmetic:s08:r3,always_fuse,1.0,0.5112761016858046,0.4887238983141955,0.0,0.0,311.0,5.0
openbci,cross_task,8,stroop_to_arithmetic,arithmetic:s08:r3,always_nn,1.0,0.005468087106933393,0.9945319128930666,1.0,1.0,311.0,5.0
openbci,cross_task,8,stroop_to_arithmetic,arithmetic:s08:r3,cbsf,1.0,0.4666262640263452,0.5333737359736547,1.0,1.0,311.0,5.0
openbci,cross_task,8,stroop_to_arithmetic,arithmetic:s08:r3,extra_trees,1.0,0.3103798515406893,0.6896201484593107,1.0,1.0,311.0,5.0
openbci,cross_task,8,stroop_to_arithmetic,arithmetic:s08:r3,rf,1.0,0.2575850250918707,0.7424149749081294,1.0,1.0,311.0,5.0
openbci,cross_task,9,arithmetic_to_stroop,stroop:s09:r1,always_fuse,0.0,0.4954880123499206,0.5045119876500793,1.0,0.0,160.0,5.0
openbci,cross_task,9,arithmetic_to_stroop,stroop:s09:r1,always_nn,0.0,0.0273584109678776,0.9726415890321225,1.0,0.0,160.0,5.0
openbci,cross_task,9,arithmetic_to_stroop,stroop:s09:r1,cbsf,0.0,0.3680849592791118,0.6319150407208882,1.0,0.0,160.0,5.0
openbci,cross_task,9,arithmetic_to_stroop,stroop:s09:r1,extra_trees,0.0,0.13483583495662604,0.8651641650433739,1.0,0.0,160.0,5.0
openbci,cross_task,9,arithmetic_to_stroop,stroop:s09:r1,rf,0.0,0.1082229651348085,0.8917770348651914,1.0,0.0,160.0,5.0
openbci,cross_task,9,arithmetic_to_stroop,stroop:s09:r2,always_fuse,1.0,0.4862727495143378,0.5137272504856621,1.0,1.0,110.0,5.0
openbci,cross_task,9,arithmetic_to_stroop,stroop:s09:r2,always_nn,1.0,0.33264895764661745,0.6673510423533825,1.0,1.0,110.0,5.0
openbci,cross_task,9,arithmetic_to_stroop,stroop:s09:r2,cbsf,1.0,0.4623757784259129,0.5376242215740872,1.0,1.0,110.0,5.0
openbci,cross_task,9,arithmetic_to_stroop,stroop:s09:r2,extra_trees,1.0,0.19608682907691677,0.8039131709230832,1.0,1.0,110.0,5.0
openbci,cross_task,9,arithmetic_to_stroop,stroop:s09:r2,rf,1.0,0.15314143272970376,0.8468585672702962,1.0,1.0,110.0,5.0
openbci,cross_task,9,arithmetic_to_stroop,stroop:s09:r3,always_fuse,1.0,0.4852295893741142,0.5147704106258857,1.0,1.0,193.0,5.0
openbci,cross_task,9,arithmetic_to_stroop,stroop:s09:r3,always_nn,1.0,0.018508737695920843,0.9814912623040791,1.0,1.0,193.0,5.0
openbci,cross_task,9,arithmetic_to_stroop,stroop:s09:r3,cbsf,1.0,0.34344258370499686,0.6565574162950032,1.0,1.0,193.0,5.0
openbci,cross_task,9,arithmetic_to_stroop,stroop:s09:r3,extra_trees,1.0,0.14761808724831116,0.8523819127516887,1.0,1.0,193.0,5.0
openbci,cross_task,9,arithmetic_to_stroop,stroop:s09:r3,rf,1.0,0.11833079056873966,0.8816692094312604,1.0,1.0,193.0,5.0
openbci,cross_task,9,stroop_to_arithmetic,arithmetic:s09:r1,always_fuse,0.0,0.45009947126435673,0.5499005287356432,1.0,0.0,121.0,5.0
openbci,cross_task,9,stroop_to_arithmetic,arithmetic:s09:r1,always_nn,0.0,0.41556543566762194,0.584434564332378,1.0,0.0,121.0,5.0
openbci,cross_task,9,stroop_to_arithmetic,arithmetic:s09:r1,cbsf,0.0,0.4397377221014033,0.5602622778985967,1.0,0.0,121.0,5.0
openbci,cross_task,9,stroop_to_arithmetic,arithmetic:s09:r1,extra_trees,0.0,0.2992008686602654,0.7007991313397346,1.0,0.0,121.0,5.0
openbci,cross_task,9,stroop_to_arithmetic,arithmetic:s09:r1,rf,0.0,0.29090020780393167,0.7090997921960683,1.0,0.0,121.0,5.0
openbci,cross_task,9,stroop_to_arithmetic,arithmetic:s09:r2,always_fuse,1.0,0.4037934919076336,0.5962065080923664,1.0,1.0,122.0,5.0
openbci,cross_task,9,stroop_to_arithmetic,arithmetic:s09:r2,always_nn,1.0,0.3616179975947415,0.6383820024052584,1.0,1.0,122.0,5.0
openbci,cross_task,9,stroop_to_arithmetic,arithmetic:s09:r2,cbsf,1.0,0.39936468698046773,0.6006353130195322,1.0,1.0,122.0,5.0
openbci,cross_task,9,stroop_to_arithmetic,arithmetic:s09:r2,extra_trees,1.0,0.15860567316713123,0.8413943268328687,1.0,1.0,122.0,5.0
openbci,cross_task,9,stroop_to_arithmetic,arithmetic:s09:r2,rf,1.0,0.1339410241142468,0.8660589758857532,1.0,1.0,122.0,5.0
openbci,cross_task,9,stroop_to_arithmetic,arithmetic:s09:r3,always_fuse,1.0,0.4578127807048797,0.5421872192951204,1.0,1.0,426.0,5.0
openbci,cross_task,9,stroop_to_arithmetic,arithmetic:s09:r3,always_nn,1.0,0.7388112701661642,0.2611887298338358,0.0,0.0,426.0,5.0
openbci,cross_task,9,stroop_to_arithmetic,arithmetic:s09:r3,cbsf,1.0,0.4696362222425085,0.5303637777574914,1.0,1.0,426.0,5.0
openbci,cross_task,9,stroop_to_arithmetic,arithmetic:s09:r3,extra_trees,1.0,0.4746372486235989,0.5253627513764012,1.0,1.0,426.0,5.0
openbci,cross_task,9,stroop_to_arithmetic,arithmetic:s09:r3,rf,1.0,0.5386676787495391,0.4613323212504608,0.0,0.0,426.0,5.0
openbci,cross_task,10,arithmetic_to_stroop,stroop:s10:r1,always_fuse,0.0,0.4734031147887093,0.5265968852112907,1.0,0.0,118.0,5.0
openbci,cross_task,10,arithmetic_to_stroop,stroop:s10:r1,always_nn,0.0,0.3282692332377095,0.6717307667622905,1.0,0.0,118.0,5.0
openbci,cross_task,10,arithmetic_to_stroop,stroop:s10:r1,cbsf,0.0,0.4530389971560299,0.5469610028439701,1.0,0.0,118.0,5.0
openbci,cross_task,10,arithmetic_to_stroop,stroop:s10:r1,extra_trees,0.0,0.32565072819229374,0.6743492718077062,1.0,0.0,118.0,5.0
openbci,cross_task,10,arithmetic_to_stroop,stroop:s10:r1,rf,0.0,0.38434547875455644,0.6156545212454435,1.0,0.0,118.0,5.0
openbci,cross_task,10,arithmetic_to_stroop,stroop:s10:r2,always_fuse,1.0,0.5499161215562377,0.4500838784437623,0.0,0.0,83.0,5.0
openbci,cross_task,10,arithmetic_to_stroop,stroop:s10:r2,always_nn,1.0,0.17970786508658942,0.8202921349134106,1.0,1.0,83.0,5.0
openbci,cross_task,10,arithmetic_to_stroop,stroop:s10:r2,cbsf,1.0,0.48112777503945764,0.5188722249605423,1.0,1.0,83.0,5.0
openbci,cross_task,10,arithmetic_to_stroop,stroop:s10:r2,extra_trees,1.0,0.26425440634424535,0.7357455936557546,1.0,1.0,83.0,5.0
openbci,cross_task,10,arithmetic_to_stroop,stroop:s10:r2,rf,1.0,0.23425939858382722,0.7657406014161727,1.0,1.0,83.0,5.0
openbci,cross_task,10,arithmetic_to_stroop,stroop:s10:r3,always_fuse,1.0,0.49988192595995284,0.5001180740400472,1.0,1.0,207.0,5.0
openbci,cross_task,10,arithmetic_to_stroop,stroop:s10:r3,always_nn,1.0,0.39711517784469097,0.6028848221553089,1.0,1.0,207.0,5.0
openbci,cross_task,10,arithmetic_to_stroop,stroop:s10:r3,cbsf,1.0,0.4806181918718228,0.5193818081281771,1.0,1.0,207.0,5.0
openbci,cross_task,10,arithmetic_to_stroop,stroop:s10:r3,extra_trees,1.0,0.5321065529686321,0.4678934470313679,0.0,0.0,207.0,5.0
openbci,cross_task,10,arithmetic_to_stroop,stroop:s10:r3,rf,1.0,0.4663708868702872,0.5336291131297127,1.0,1.0,207.0,5.0
openbci,cross_task,10,stroop_to_arithmetic,arithmetic:s10:r1,always_fuse,0.0,0.6176797401183179,0.382320259881682,0.0,1.0,96.0,5.0
openbci,cross_task,10,stroop_to_arithmetic,arithmetic:s10:r1,always_nn,0.0,0.5434515782403251,0.4565484217596748,0.0,1.0,96.0,5.0
openbci,cross_task,10,stroop_to_arithmetic,arithmetic:s10:r1,cbsf,0.0,0.6012528220042053,0.3987471779957947,0.0,1.0,96.0,5.0
openbci,cross_task,10,stroop_to_arithmetic,arithmetic:s10:r1,extra_trees,0.0,0.6483191685394992,0.35168083146050066,0.0,1.0,96.0,5.0
openbci,cross_task,10,stroop_to_arithmetic,arithmetic:s10:r1,rf,0.0,0.8025333673794851,0.19746663262051492,0.0,1.0,96.0,5.0
openbci,cross_task,10,stroop_to_arithmetic,arithmetic:s10:r2,always_fuse,1.0,0.5904813053875724,0.4095186946124277,0.0,0.0,112.0,5.0
openbci,cross_task,10,stroop_to_arithmetic,arithmetic:s10:r2,always_nn,1.0,0.6440392805562634,0.3559607194437367,0.0,0.0,112.0,5.0
openbci,cross_task,10,stroop_to_arithmetic,arithmetic:s10:r2,cbsf,1.0,0.5966759016809957,0.40332409831900423,0.0,0.0,112.0,5.0
openbci,cross_task,10,stroop_to_arithmetic,arithmetic:s10:r2,extra_trees,1.0,0.6656096187859163,0.3343903812140838,0.0,0.0,112.0,5.0
openbci,cross_task,10,stroop_to_arithmetic,arithmetic:s10:r2,rf,1.0,0.7557557566856659,0.2442442433143341,0.0,0.0,112.0,5.0
openbci,cross_task,10,stroop_to_arithmetic,arithmetic:s10:r3,always_fuse,1.0,0.5371510307949692,0.4628489692050308,0.0,0.0,145.0,5.0
openbci,cross_task,10,stroop_to_arithmetic,arithmetic:s10:r3,always_nn,1.0,0.4647444737997865,0.5352555262002134,1.0,1.0,145.0,5.0
openbci,cross_task,10,stroop_to_arithmetic,arithmetic:s10:r3,cbsf,1.0,0.5241279748437355,0.4758720251562644,0.0,0.0,145.0,5.0
openbci,cross_task,10,stroop_to_arithmetic,arithmetic:s10:r3,extra_trees,1.0,0.5902749102401968,0.4097250897598032,0.0,0.0,145.0,5.0
openbci,cross_task,10,stroop_to_arithmetic,arithmetic:s10:r3,rf,1.0,0.5571447216472379,0.44285527835276206,0.0,0.0,145.0,5.0
openbci,cross_task,11,arithmetic_to_stroop,stroop:s11:r1,always_fuse,0.0,0.5107200990446729,0.48927990095532714,0.0,1.0,113.0,5.0
openbci,cross_task,11,arithmetic_to_stroop,stroop:s11:r1,always_nn,0.0,0.5018868382302264,0.4981131617697736,0.0,1.0,113.0,5.0
openbci,cross_task,11,arithmetic_to_stroop,stroop:s11:r1,cbsf,0.0,0.5086213643272505,0.4913786356727496,0.0,1.0,113.0,5.0
openbci,cross_task,11,arithmetic_to_stroop,stroop:s11:r1,extra_trees,0.0,0.3465510015486252,0.6534489984513747,1.0,0.0,113.0,5.0
openbci,cross_task,11,arithmetic_to_stroop,stroop:s11:r1,rf,0.0,0.5915408468172003,0.40845915318279963,0.0,1.0,113.0,5.0
openbci,cross_task,11,arithmetic_to_stroop,stroop:s11:r2,always_fuse,1.0,0.5076950429586741,0.4923049570413259,0.0,0.0,130.0,5.0
openbci,cross_task,11,arithmetic_to_stroop,stroop:s11:r2,always_nn,1.0,0.8145676839540027,0.1854323160459973,0.0,0.0,130.0,5.0
openbci,cross_task,11,arithmetic_to_stroop,stroop:s11:r2,cbsf,1.0,0.5564737357264398,0.44352626427356023,0.0,0.0,130.0,5.0
openbci,cross_task,11,arithmetic_to_stroop,stroop:s11:r2,extra_trees,1.0,0.5039696859186642,0.4960303140813358,0.0,0.0,130.0,5.0
openbci,cross_task,11,arithmetic_to_stroop,stroop:s11:r2,rf,1.0,0.8137441405538757,0.18625585944612436,0.0,0.0,130.0,5.0
openbci,cross_task,11,arithmetic_to_stroop,stroop:s11:r3,always_fuse,1.0,0.4854670016860845,0.5145329983139155,1.0,1.0,185.0,5.0
openbci,cross_task,11,arithmetic_to_stroop,stroop:s11:r3,always_nn,1.0,0.8656674799634184,0.1343325200365817,0.0,0.0,185.0,5.0
openbci,cross_task,11,arithmetic_to_stroop,stroop:s11:r3,cbsf,1.0,0.5497999462558748,0.4502000537441252,0.0,0.0,185.0,5.0
openbci,cross_task,11,arithmetic_to_stroop,stroop:s11:r3,extra_trees,1.0,0.5427117897449634,0.4572882102550366,0.0,0.0,185.0,5.0
openbci,cross_task,11,arithmetic_to_stroop,stroop:s11:r3,rf,1.0,0.7578768015358429,0.24212319846415703,0.0,0.0,185.0,5.0
openbci,cross_task,11,stroop_to_arithmetic,arithmetic:s11:r1,always_fuse,0.0,0.6691386515220166,0.3308613484779833,0.0,1.0,155.0,5.0
openbci,cross_task,11,stroop_to_arithmetic,arithmetic:s11:r1,always_nn,0.0,0.9922803543309626,0.007719645669037312,0.0,1.0,155.0,5.0
openbci,cross_task,11,stroop_to_arithmetic,arithmetic:s11:r1,cbsf,0.0,0.7861237702867915,0.2138762297132086,0.0,1.0,155.0,5.0
openbci,cross_task,11,stroop_to_arithmetic,arithmetic:s11:r1,extra_trees,0.0,0.5955904680890087,0.4044095319109912,0.0,1.0,155.0,5.0
openbci,cross_task,11,stroop_to_arithmetic,arithmetic:s11:r1,rf,0.0,0.64672557836516,0.35327442163484,0.0,1.0,155.0,5.0
openbci,cross_task,11,stroop_to_arithmetic,arithmetic:s11:r2,always_fuse,1.0,0.7272612129388566,0.2727387870611434,0.0,0.0,162.0,5.0
openbci,cross_task,11,stroop_to_arithmetic,arithmetic:s11:r2,always_nn,1.0,0.999431225178568,0.0005687748214319603,0.0,0.0,162.0,5.0
openbci,cross_task,11,stroop_to_arithmetic,arithmetic:s11:r2,cbsf,1.0,0.8674041098065436,0.13259589019345638,0.0,0.0,162.0,5.0
openbci,cross_task,11,stroop_to_arithmetic,arithmetic:s11:r2,extra_trees,1.0,0.5774429428216561,0.4225570571783439,0.0,0.0,162.0,5.0
openbci,cross_task,11,stroop_to_arithmetic,arithmetic:s11:r2,rf,1.0,0.6643756248638343,0.3356243751361656,0.0,0.0,162.0,5.0
openbci,cross_task,11,stroop_to_arithmetic,arithmetic:s11:r3,always_fuse,1.0,0.8545348587818682,0.1454651412181319,0.0,0.0,211.0,5.0
openbci,cross_task,11,stroop_to_arithmetic,arithmetic:s11:r3,always_nn,1.0,0.9999995620312231,4.379687769248713e-07,0.0,0.0,211.0,5.0
openbci,cross_task,11,stroop_to_arithmetic,arithmetic:s11:r3,cbsf,1.0,0.9742183654180557,0.02578163458194421,0.0,0.0,211.0,5.0
openbci,cross_task,11,stroop_to_arithmetic,arithmetic:s11:r3,extra_trees,1.0,0.7424379259214174,0.25756207407858256,0.0,0.0,211.0,5.0
openbci,cross_task,11,stroop_to_arithmetic,arithmetic:s11:r3,rf,1.0,0.7559487578141136,0.2440512421858864,0.0,0.0,211.0,5.0
openbci,cross_task,12,arithmetic_to_stroop,stroop:s12:r1,always_fuse,0.0,0.5056154060767978,0.4943845939232022,0.0,1.0,123.0,5.0
openbci,cross_task,12,arithmetic_to_stroop,stroop:s12:r1,always_nn,0.0,0.04449861053173444,0.9555013894682656,1.0,0.0,123.0,5.0
openbci,cross_task,12,arithmetic_to_stroop,stroop:s12:r1,cbsf,0.0,0.43078057358889715,0.5692194264111028,1.0,0.0,123.0,5.0
openbci,cross_task,12,arithmetic_to_stroop,stroop:s12:r1,extra_trees,0.0,0.23286328188169675,0.7671367181183032,1.0,0.0,123.0,5.0
openbci,cross_task,12,arithmetic_to_stroop,stroop:s12:r1,rf,0.0,0.202041958885919,0.797958041114081,1.0,0.0,123.0,5.0
openbci,cross_task,12,arithmetic_to_stroop,stroop:s12:r2,always_fuse,1.0,0.5179114460181974,0.4820885539818026,0.0,0.0,126.0,5.0
openbci,cross_task,12,arithmetic_to_stroop,stroop:s12:r2,always_nn,1.0,0.03718613257714122,0.9628138674228588,1.0,1.0,126.0,5.0
openbci,cross_task,12,arithmetic_to_stroop,stroop:s12:r2,cbsf,1.0,0.4295003652045913,0.5704996347954088,1.0,1.0,126.0,5.0
openbci,cross_task,12,arithmetic_to_stroop,stroop:s12:r2,extra_trees,1.0,0.20613543640680473,0.7938645635931952,1.0,1.0,126.0,5.0
openbci,cross_task,12,arithmetic_to_stroop,stroop:s12:r2,rf,1.0,0.19369750743174274,0.8063024925682573,1.0,1.0,126.0,5.0
openbci,cross_task,12,arithmetic_to_stroop,stroop:s12:r3,always_fuse,1.0,0.6024168329851587,0.3975831670148413,0.0,0.0,189.0,5.0
openbci,cross_task,12,arithmetic_to_stroop,stroop:s12:r3,always_nn,1.0,0.041704264755961604,0.9582957352440383,1.0,1.0,189.0,5.0
openbci,cross_task,12,arithmetic_to_stroop,stroop:s12:r3,cbsf,1.0,0.4953454567511508,0.5046545432488492,1.0,1.0,189.0,5.0
openbci,cross_task,12,arithmetic_to_stroop,stroop:s12:r3,extra_trees,1.0,0.18309343473044165,0.8169065652695583,1.0,1.0,189.0,5.0
openbci,cross_task,12,arithmetic_to_stroop,stroop:s12:r3,rf,1.0,0.13340120811233291,0.8665987918876671,1.0,1.0,189.0,5.0
openbci,cross_task,12,stroop_to_arithmetic,arithmetic:s12:r1,always_fuse,0.0,0.49885032528598927,0.5011496747140106,1.0,0.0,116.0,5.0
openbci,cross_task,12,stroop_to_arithmetic,arithmetic:s12:r1,always_nn,0.0,0.309964292935781,0.690035707064219,1.0,0.0,116.0,5.0
openbci,cross_task,12,stroop_to_arithmetic,arithmetic:s12:r1,cbsf,0.0,0.4694934601701739,0.5305065398298261,1.0,0.0,116.0,5.0
openbci,cross_task,12,stroop_to_arithmetic,arithmetic:s12:r1,extra_trees,0.0,0.39960285290041847,0.6003971470995815,1.0,0.0,116.0,5.0
openbci,cross_task,12,stroop_to_arithmetic,arithmetic:s12:r1,rf,0.0,0.4197165173289245,0.5802834826710754,1.0,0.0,116.0,5.0
openbci,cross_task,12,stroop_to_arithmetic,arithmetic:s12:r2,always_fuse,1.0,0.49775685469465797,0.5022431453053421,1.0,1.0,135.0,5.0
openbci,cross_task,12,stroop_to_arithmetic,arithmetic:s12:r2,always_nn,1.0,0.405647745526684,0.5943522544733161,1.0,1.0,135.0,5.0
openbci,cross_task,12,stroop_to_arithmetic,arithmetic:s12:r2,cbsf,1.0,0.48211624884887117,0.5178837511511287,1.0,1.0,135.0,5.0
openbci,cross_task,12,stroop_to_arithmetic,arithmetic:s12:r2,extra_trees,1.0,0.4251256234835987,0.5748743765164013,1.0,1.0,135.0,5.0
openbci,cross_task,12,stroop_to_arithmetic,arithmetic:s12:r2,rf,1.0,0.4473890050639811,0.5526109949360188,1.0,1.0,135.0,5.0
openbci,cross_task,12,stroop_to_arithmetic,arithmetic:s12:r3,always_fuse,1.0,0.5058966472408992,0.4941033527591007,0.0,0.0,219.0,5.0
openbci,cross_task,12,stroop_to_arithmetic,arithmetic:s12:r3,always_nn,1.0,0.33866544270183196,0.661334557298168,1.0,1.0,219.0,5.0
openbci,cross_task,12,stroop_to_arithmetic,arithmetic:s12:r3,cbsf,1.0,0.4806786394134326,0.5193213605865674,1.0,1.0,219.0,5.0
openbci,cross_task,12,stroop_to_arithmetic,arithmetic:s12:r3,extra_trees,1.0,0.27653332414091847,0.7234666758590816,1.0,1.0,219.0,5.0
openbci,cross_task,12,stroop_to_arithmetic,arithmetic:s12:r3,rf,1.0,0.3460798682476145,0.6539201317523855,1.0,1.0,219.0,5.0
openbci,cross_task,13,arithmetic_to_stroop,stroop:s13:r1,always_fuse,0.0,0.3862577410452001,0.6137422589547998,1.0,0.0,91.0,5.0
openbci,cross_task,13,arithmetic_to_stroop,stroop:s13:r1,always_nn,0.0,0.28942954199498044,0.7105704580050195,1.0,0.0,91.0,5.0
openbci,cross_task,13,arithmetic_to_stroop,stroop:s13:r1,cbsf,0.0,0.3902913236687147,0.6097086763312853,1.0,0.0,91.0,5.0
openbci,cross_task,13,arithmetic_to_stroop,stroop:s13:r1,extra_trees,0.0,0.4489735307817106,0.5510264692182895,1.0,0.0,91.0,5.0
openbci,cross_task,13,arithmetic_to_stroop,stroop:s13:r1,rf,0.0,0.5501372478939693,0.4498627521060306,0.0,1.0,91.0,5.0
openbci,cross_task,13,arithmetic_to_stroop,stroop:s13:r2,always_fuse,1.0,0.49718406227234474,0.5028159377276553,1.0,1.0,122.0,5.0
openbci,cross_task,13,arithmetic_to_stroop,stroop:s13:r2,always_nn,1.0,0.023087184009742252,0.9769128159902577,1.0,1.0,122.0,5.0
openbci,cross_task,13,arithmetic_to_stroop,stroop:s13:r2,cbsf,1.0,0.4289064010949063,0.5710935989050936,1.0,1.0,122.0,5.0
openbci,cross_task,13,arithmetic_to_stroop,stroop:s13:r2,extra_trees,1.0,0.09954707592415984,0.9004529240758402,1.0,1.0,122.0,5.0
openbci,cross_task,13,arithmetic_to_stroop,stroop:s13:r2,rf,1.0,0.06178649609275336,0.9382135039072467,1.0,1.0,122.0,5.0
openbci,cross_task,13,arithmetic_to_stroop,stroop:s13:r3,always_fuse,1.0,0.6997555119534412,0.3002444880465589,0.0,0.0,180.0,5.0
openbci,cross_task,13,arithmetic_to_stroop,stroop:s13:r3,always_nn,1.0,0.014973677233690646,0.9850263227663093,1.0,1.0,180.0,5.0
openbci,cross_task,13,arithmetic_to_stroop,stroop:s13:r3,cbsf,1.0,0.5696359544576697,0.4303640455423303,0.0,0.0,180.0,5.0
openbci,cross_task,13,arithmetic_to_stroop,stroop:s13:r3,extra_trees,1.0,0.27807529703362244,0.7219247029663776,1.0,1.0,180.0,5.0
openbci,cross_task,13,arithmetic_to_stroop,stroop:s13:r3,rf,1.0,0.37344902327206064,0.6265509767279394,1.0,1.0,180.0,5.0
openbci,cross_task,13,stroop_to_arithmetic,arithmetic:s13:r1,always_fuse,0.0,0.4506324922670408,0.5493675077329593,1.0,0.0,142.0,5.0
openbci,cross_task,13,stroop_to_arithmetic,arithmetic:s13:r1,always_nn,0.0,0.7287460561689119,0.27125394383108814,0.0,1.0,142.0,5.0
openbci,cross_task,13,stroop_to_arithmetic,arithmetic:s13:r1,cbsf,0.0,0.49506299474660515,0.5049370052533948,1.0,0.0,142.0,5.0
openbci,cross_task,13,stroop_to_arithmetic,arithmetic:s13:r1,extra_trees,0.0,0.504129926221047,0.495870073778953,0.0,1.0,142.0,5.0
openbci,cross_task,13,stroop_to_arithmetic,arithmetic:s13:r1,rf,0.0,0.5766109800721656,0.42338901992783445,0.0,1.0,142.0,5.0
openbci,cross_task,13,stroop_to_arithmetic,arithmetic:s13:r2,always_fuse,1.0,0.48168247291114513,0.5183175270888548,1.0,1.0,145.0,5.0
openbci,cross_task,13,stroop_to_arithmetic,arithmetic:s13:r2,always_nn,1.0,0.6819601237759237,0.31803987622407626,0.0,0.0,145.0,5.0
openbci,cross_task,13,stroop_to_arithmetic,arithmetic:s13:r2,cbsf,1.0,0.49976083012107925,0.5002391698789207,1.0,1.0,145.0,5.0
openbci,cross_task,13,stroop_to_arithmetic,arithmetic:s13:r2,extra_trees,1.0,0.5843858301651593,0.4156141698348407,0.0,0.0,145.0,5.0
openbci,cross_task,13,stroop_to_arithmetic,arithmetic:s13:r2,rf,1.0,0.6841492155650054,0.31585078443499454,0.0,0.0,145.0,5.0
openbci,cross_task,13,stroop_to_arithmetic,arithmetic:s13:r3,always_fuse,1.0,0.4992375327093593,0.5007624672906408,1.0,1.0,203.0,5.0
openbci,cross_task,13,stroop_to_arithmetic,arithmetic:s13:r3,always_nn,1.0,0.2877090412010139,0.712290958798986,1.0,1.0,203.0,5.0
openbci,cross_task,13,stroop_to_arithmetic,arithmetic:s13:r3,cbsf,1.0,0.4679005036320846,0.5320994963679154,1.0,1.0,203.0,5.0
openbci,cross_task,13,stroop_to_arithmetic,arithmetic:s13:r3,extra_trees,1.0,0.3954709571954306,0.6045290428045695,1.0,1.0,203.0,5.0
openbci,cross_task,13,stroop_to_arithmetic,arithmetic:s13:r3,rf,1.0,0.46374710081387427,0.5362528991861257,1.0,1.0,203.0,5.0
openbci,loso,1,arithmetic,arithmetic:s01:r0,always_fuse,0.0,0.4063393637156334,0.5936606362843666,1.0,0.0,157.0,5.0
openbci,loso,1,arithmetic,arithmetic:s01:r0,always_nn,0.0,0.21318910935690308,0.7868108906430968,1.0,0.0,157.0,5.0
openbci,loso,1,arithmetic,arithmetic:s01:r0,cbsf,0.0,0.3476785812186051,0.6523214187813948,1.0,0.0,157.0,5.0
openbci,loso,1,arithmetic,arithmetic:s01:r0,extra_trees,0.0,0.47911648650884253,0.5208835134911574,1.0,0.0,157.0,5.0
openbci,loso,1,arithmetic,arithmetic:s01:r0,rf,0.0,0.4734316903329083,0.5265683096670917,1.0,0.0,157.0,5.0
openbci,loso,1,arithmetic,arithmetic:s01:r1,always_fuse,0.0,0.360511887928841,0.6394881120711591,1.0,0.0,152.0,5.0
openbci,loso,1,arithmetic,arithmetic:s01:r1,always_nn,0.0,0.11038241474056813,0.8896175852594319,1.0,0.0,152.0,5.0
openbci,loso,1,arithmetic,arithmetic:s01:r1,cbsf,0.0,0.27634755877710515,0.7236524412228948,1.0,0.0,152.0,5.0
openbci,loso,1,arithmetic,arithmetic:s01:r1,extra_trees,0.0,0.5190290073497366,0.4809709926502634,0.0,1.0,152.0,5.0
openbci,loso,1,arithmetic,arithmetic:s01:r1,rf,0.0,0.4614367227874362,0.5385632772125637,1.0,0.0,152.0,5.0
openbci,loso,1,arithmetic,arithmetic:s01:r2,always_fuse,1.0,0.36105368219432543,0.6389463178056746,1.0,1.0,169.0,5.0
openbci,loso,1,arithmetic,arithmetic:s01:r2,always_nn,1.0,0.08590697708477658,0.9140930229152234,1.0,1.0,169.0,5.0
openbci,loso,1,arithmetic,arithmetic:s01:r2,cbsf,1.0,0.27439864943498493,0.7256013505650152,1.0,1.0,169.0,5.0
openbci,loso,1,arithmetic,arithmetic:s01:r2,extra_trees,1.0,0.5412708480191716,0.45872915198082836,0.0,0.0,169.0,5.0
openbci,loso,1,arithmetic,arithmetic:s01:r2,rf,1.0,0.5231705490526304,0.4768294509473696,0.0,0.0,169.0,5.0
openbci,loso,1,arithmetic,arithmetic:s01:r3,always_fuse,1.0,0.41344905464037207,0.5865509453596279,1.0,1.0,218.0,5.0
openbci,loso,1,arithmetic,arithmetic:s01:r3,always_nn,1.0,0.2888452639020885,0.7111547360979116,1.0,1.0,218.0,5.0
openbci,loso,1,arithmetic,arithmetic:s01:r3,cbsf,1.0,0.3958380803641459,0.6041619196358541,1.0,1.0,218.0,5.0
openbci,loso,1,arithmetic,arithmetic:s01:r3,extra_trees,1.0,0.5837039283819552,0.41629607161804477,0.0,0.0,218.0,5.0
openbci,loso,1,arithmetic,arithmetic:s01:r3,rf,1.0,0.570211957665371,0.429788042334629,0.0,0.0,218.0,5.0
openbci,loso,1,stroop,stroop:s01:r0,always_fuse,0.0,0.5803104011618323,0.4196895988381677,0.0,1.0,157.0,5.0
openbci,loso,1,stroop,stroop:s01:r0,always_nn,0.0,0.9850742740219258,0.014925725978074225,0.0,1.0,157.0,5.0
openbci,loso,1,stroop,stroop:s01:r0,cbsf,0.0,0.8250654436404716,0.17493455635952831,0.0,1.0,157.0,5.0
openbci,loso,1,stroop,stroop:s01:r0,extra_trees,0.0,0.5932982620090376,0.4067017379909625,0.0,1.0,157.0,5.0
openbci,loso,1,stroop,stroop:s01:r0,rf,0.0,0.6222460686394145,0.3777539313605855,0.0,1.0,157.0,5.0
openbci,loso,1,stroop,stroop:s01:r1,always_fuse,0.0,0.6478517780992049,0.3521482219007951,0.0,1.0,148.0,5.0
openbci,loso,1,stroop,stroop:s01:r1,always_nn,0.0,0.9978108912213316,0.00218910877866848,0.0,1.0,148.0,5.0
openbci,loso,1,stroop,stroop:s01:r1,cbsf,0.0,0.9589734675003744,0.0410265324996256,0.0,1.0,148.0,5.0
openbci,loso,1,stroop,stroop:s01:r1,extra_trees,0.0,0.4900093128565915,0.5099906871434084,1.0,0.0,148.0,5.0
openbci,loso,1,stroop,stroop:s01:r1,rf,0.0,0.42769849196714416,0.5723015080328557,1.0,0.0,148.0,5.0
openbci,loso,1,stroop,stroop:s01:r2,always_fuse,1.0,0.6758489317400888,0.32415106825991125,0.0,0.0,139.0,5.0
openbci,loso,1,stroop,stroop:s01:r2,always_nn,1.0,0.9991957014612068,0.0008042985387932091,0.0,0.0,139.0,5.0
openbci,loso,1,stroop,stroop:s01:r2,cbsf,1.0,0.9652585017975657,0.0347414982024343,0.0,0.0,139.0,5.0
openbci,loso,1,stroop,stroop:s01:r2,extra_trees,1.0,0.5056814358518564,0.4943185641481436,0.0,0.0,139.0,5.0
openbci,loso,1,stroop,stroop:s01:r2,rf,1.0,0.4782620960189054,0.5217379039810947,1.0,1.0,139.0,5.0
openbci,loso,1,stroop,stroop:s01:r3,always_fuse,1.0,0.6384013130600896,0.3615986869399104,0.0,0.0,209.0,5.0
openbci,loso,1,stroop,stroop:s01:r3,always_nn,1.0,0.9975536040869188,0.0024463959130811225,0.0,0.0,209.0,5.0
openbci,loso,1,stroop,stroop:s01:r3,cbsf,1.0,0.9607743384810882,0.03922566151891186,0.0,0.0,209.0,5.0
openbci,loso,1,stroop,stroop:s01:r3,extra_trees,1.0,0.5008539683074139,0.49914603169258615,0.0,0.0,209.0,5.0
openbci,loso,1,stroop,stroop:s01:r3,rf,1.0,0.4831388203858962,0.5168611796141038,1.0,1.0,209.0,5.0
openbci,loso,2,arithmetic,arithmetic:s02:r0,always_fuse,0.0,0.5746922126479849,0.42530778735201524,0.0,1.0,450.0,5.0
openbci,loso,2,arithmetic,arithmetic:s02:r0,always_nn,0.0,0.9239189996463855,0.07608100035361465,0.0,1.0,450.0,5.0
openbci,loso,2,arithmetic,arithmetic:s02:r0,cbsf,0.0,0.6006567912752899,0.39934320872471013,0.0,1.0,450.0,5.0
openbci,loso,2,arithmetic,arithmetic:s02:r0,extra_trees,0.0,0.6681057008857478,0.33189429911425217,0.0,1.0,450.0,5.0
openbci,loso,2,arithmetic,arithmetic:s02:r0,rf,0.0,0.6840191910810606,0.31598080891893954,0.0,1.0,450.0,5.0
openbci,loso,2,arithmetic,arithmetic:s02:r1,always_fuse,0.0,0.553804608805128,0.4461953911948719,0.0,1.0,132.0,5.0
openbci,loso,2,arithmetic,arithmetic:s02:r1,always_nn,0.0,0.718704461023616,0.2812955389763841,0.0,1.0,132.0,5.0
openbci,loso,2,arithmetic,arithmetic:s02:r1,cbsf,0.0,0.5614713982125727,0.43852860178742725,0.0,1.0,132.0,5.0
openbci,loso,2,arithmetic,arithmetic:s02:r1,extra_trees,0.0,0.584151976724022,0.415848023275978,0.0,1.0,132.0,5.0
openbci,loso,2,arithmetic,arithmetic:s02:r1,rf,0.0,0.6506492686123913,0.34935073138760886,0.0,1.0,132.0,5.0
openbci,loso,2,arithmetic,arithmetic:s02:r2,always_fuse,1.0,0.4893344105098497,0.5106655894901503,1.0,1.0,136.0,5.0
openbci,loso,2,arithmetic,arithmetic:s02:r2,always_nn,1.0,0.4417467090575825,0.5582532909424176,1.0,1.0,136.0,5.0
openbci,loso,2,arithmetic,arithmetic:s02:r2,cbsf,1.0,0.48030313713898853,0.5196968628610115,1.0,1.0,136.0,5.0
openbci,loso,2,arithmetic,arithmetic:s02:r2,extra_trees,1.0,0.58168174367544,0.41831825632455993,0.0,0.0,136.0,5.0
openbci,loso,2,arithmetic,arithmetic:s02:r2,rf,1.0,0.6266494254532079,0.3733505745467921,0.0,0.0,136.0,5.0
openbci,loso,2,arithmetic,arithmetic:s02:r3,always_fuse,1.0,0.44929792365058374,0.5507020763494163,1.0,1.0,270.0,5.0
openbci,loso,2,arithmetic,arithmetic:s02:r3,always_nn,1.0,0.3074793607442109,0.6925206392557892,1.0,1.0,270.0,5.0
openbci,loso,2,arithmetic,arithmetic:s02:r3,cbsf,1.0,0.4262448202557918,0.5737551797442082,1.0,1.0,270.0,5.0
openbci,loso,2,arithmetic,arithmetic:s02:r3,extra_trees,1.0,0.5586046610898047,0.44139533891019533,0.0,0.0,270.0,5.0
openbci,loso,2,arithmetic,arithmetic:s02:r3,rf,1.0,0.5802479813244572,0.41975201867554274,0.0,0.0,270.0,5.0
openbci,loso,2,stroop,stroop:s02:r0,always_fuse,0.0,0.7479946405594118,0.25200535944058833,0.0,1.0,450.0,5.0
openbci,loso,2,stroop,stroop:s02:r0,always_nn,0.0,0.9997370937736084,0.0002629062263915819,0.0,1.0,450.0,5.0
openbci,loso,2,stroop,stroop:s02:r0,cbsf,0.0,0.9993355590970039,0.000664440902996186,0.0,1.0,450.0,5.0
openbci,loso,2,stroop,stroop:s02:r0,extra_trees,0.0,0.853340316325505,0.14665968367449503,0.0,1.0,450.0,5.0
openbci,loso,2,stroop,stroop:s02:r0,rf,0.0,0.853456813564863,0.14654318643513695,0.0,1.0,450.0,5.0
openbci,loso,2,stroop,stroop:s02:r1,always_fuse,0.0,0.736553413020052,0.26344658697994794,0.0,1.0,95.0,5.0
openbci,loso,2,stroop,stroop:s02:r1,always_nn,0.0,0.9999381676846955,6.183231530458466e-05,0.0,1.0,95.0,5.0
openbci,loso,2,stroop,stroop:s02:r1,cbsf,0.0,0.9997392293439995,0.0002607706560005032,0.0,1.0,95.0,5.0
openbci,loso,2,stroop,stroop:s02:r1,extra_trees,0.0,0.8031344570960502,0.19686554290394978,0.0,1.0,95.0,5.0
openbci,loso,2,stroop,stroop:s02:r1,rf,0.0,0.8313778807785476,0.16862211922145237,0.0,1.0,95.0,5.0
openbci,loso,2,stroop,stroop:s02:r2,always_fuse,1.0,0.6342464492123018,0.3657535507876982,0.0,0.0,106.0,5.0
openbci,loso,2,stroop,stroop:s02:r2,always_nn,1.0,0.9967173445932995,0.0032826554067004595,0.0,0.0,106.0,5.0
openbci,loso,2,stroop,stroop:s02:r2,cbsf,1.0,0.9950886766958253,0.004911323304174581,0.0,0.0,106.0,5.0
openbci,loso,2,stroop,stroop:s02:r2,extra_trees,1.0,0.7183765920219259,0.2816234079780741,0.0,0.0,106.0,5.0
openbci,loso,2,stroop,stroop:s02:r2,rf,1.0,0.7401495254908174,0.2598504745091827,0.0,0.0,106.0,5.0
openbci,loso,2,stroop,stroop:s02:r3,always_fuse,1.0,0.6980871635893833,0.30191283641061667,0.0,0.0,208.0,5.0
openbci,loso,2,stroop,stroop:s02:r3,always_nn,1.0,0.9997732456381403,0.00022675436185960645,0.0,0.0,208.0,5.0
openbci,loso,2,stroop,stroop:s02:r3,cbsf,1.0,0.9992346648499546,0.0007653351500454543,0.0,0.0,208.0,5.0
openbci,loso,2,stroop,stroop:s02:r3,extra_trees,1.0,0.7687372978291275,0.23126270217087253,0.0,0.0,208.0,5.0
openbci,loso,2,stroop,stroop:s02:r3,rf,1.0,0.8014996684115258,0.19850033158847424,0.0,0.0,208.0,5.0
openbci,loso,3,arithmetic,arithmetic:s03:r0,always_fuse,0.0,0.6654477169957366,0.33455228300426343,0.0,1.0,181.0,5.0
openbci,loso,3,arithmetic,arithmetic:s03:r0,always_nn,0.0,0.9884189936939989,0.011581006306001111,0.0,1.0,181.0,5.0
openbci,loso,3,arithmetic,arithmetic:s03:r0,cbsf,0.0,0.7121096104482889,0.28789038955171103,0.0,1.0,181.0,5.0
openbci,loso,3,arithmetic,arithmetic:s03:r0,extra_trees,0.0,0.6449783688735375,0.3550216311264624,0.0,1.0,181.0,5.0
openbci,loso,3,arithmetic,arithmetic:s03:r0,rf,0.0,0.7539050367794322,0.24609496322056776,0.0,1.0,181.0,5.0
openbci,loso,3,arithmetic,arithmetic:s03:r1,always_fuse,0.0,0.4735348654102321,0.526465134589768,1.0,0.0,91.0,5.0
openbci,loso,3,arithmetic,arithmetic:s03:r1,always_nn,0.0,0.4674293938351524,0.5325706061648476,1.0,0.0,91.0,5.0
openbci,loso,3,arithmetic,arithmetic:s03:r1,cbsf,0.0,0.4701478186237483,0.5298521813762517,1.0,0.0,91.0,5.0
openbci,loso,3,arithmetic,arithmetic:s03:r1,extra_trees,0.0,0.40811748951895016,0.5918825104810498,1.0,0.0,91.0,5.0
openbci,loso,3,arithmetic,arithmetic:s03:r1,rf,0.0,0.406667640049556,0.593332359950444,1.0,0.0,91.0,5.0
openbci,loso,3,arithmetic,arithmetic:s03:r2,always_fuse,1.0,0.4497117102945245,0.5502882897054755,1.0,1.0,137.0,5.0
openbci,loso,3,arithmetic,arithmetic:s03:r2,always_nn,1.0,0.3994468609463013,0.6005531390536988,1.0,1.0,137.0,5.0
openbci,loso,3,arithmetic,arithmetic:s03:r2,cbsf,1.0,0.44836426883831576,0.5516357311616843,1.0,1.0,137.0,5.0
openbci,loso,3,arithmetic,arithmetic:s03:r2,extra_trees,1.0,0.44747280938850414,0.5525271906114958,1.0,1.0,137.0,5.0
openbci,loso,3,arithmetic,arithmetic:s03:r2,rf,1.0,0.4240451448084231,0.5759548551915769,1.0,1.0,137.0,5.0
openbci,loso,3,arithmetic,arithmetic:s03:r3,always_fuse,1.0,0.47405606471385636,0.5259439352861436,1.0,1.0,160.0,5.0
openbci,loso,3,arithmetic,arithmetic:s03:r3,always_nn,1.0,0.506236913270168,0.49376308672983205,0.0,0.0,160.0,5.0
openbci,loso,3,arithmetic,arithmetic:s03:r3,cbsf,1.0,0.48055088135147284,0.5194491186485273,1.0,1.0,160.0,5.0
openbci,loso,3,arithmetic,arithmetic:s03:r3,extra_trees,1.0,0.4271346785053894,0.5728653214946107,1.0,1.0,160.0,5.0
openbci,loso,3,arithmetic,arithmetic:s03:r3,rf,1.0,0.4237424851397435,0.5762575148602566,1.0,1.0,160.0,5.0
openbci,loso,3,stroop,stroop:s03:r0,always_fuse,0.0,0.621344980263044,0.37865501973695603,0.0,1.0,181.0,5.0
openbci,loso,3,stroop,stroop:s03:r0,always_nn,0.0,0.9978266795575856,0.0021733204424143854,0.0,1.0,181.0,5.0
openbci,loso,3,stroop,stroop:s03:r0,cbsf,0.0,0.9813428660863555,0.01865713391364462,0.0,1.0,181.0,5.0
openbci,loso,3,stroop,stroop:s03:r0,extra_trees,0.0,0.8632955322185006,0.1367044677814994,0.0,1.0,181.0,5.0
openbci,loso,3,stroop,stroop:s03:r0,rf,0.0,0.9530675559077054,0.046932444092294544,0.0,1.0,181.0,5.0
openbci,loso,3,stroop,stroop:s03:r1,always_fuse,0.0,0.4425399686499191,0.5574600313500809,1.0,0.0,127.0,5.0
openbci,loso,3,stroop,stroop:s03:r1,always_nn,0.0,0.39077719910114783,0.6092228008988521,1.0,0.0,127.0,5.0
openbci,loso,3,stroop,stroop:s03:r1,cbsf,0.0,0.3902229675456459,0.609777032454354,1.0,0.0,127.0,5.0
openbci,loso,3,stroop,stroop:s03:r1,extra_trees,0.0,0.5058909138462062,0.49410908615379384,0.0,1.0,127.0,5.0
openbci,loso,3,stroop,stroop:s03:r1,rf,0.0,0.4693325042201652,0.5306674957798347,1.0,0.0,127.0,5.0
openbci,loso,3,stroop,stroop:s03:r2,always_fuse,1.0,0.3510080848427541,0.648991915157246,1.0,1.0,102.0,5.0
openbci,loso,3,stroop,stroop:s03:r2,always_nn,1.0,0.10770042704884882,0.8922995729511511,1.0,1.0,102.0,5.0
openbci,loso,3,stroop,stroop:s03:r2,cbsf,1.0,0.11489412796240167,0.8851058720375983,1.0,1.0,102.0,5.0
openbci,loso,3,stroop,stroop:s03:r2,extra_trees,1.0,0.38682473377733373,0.6131752662226663,1.0,1.0,102.0,5.0
openbci,loso,3,stroop,stroop:s03:r2,rf,1.0,0.38679326831621064,0.6132067316837895,1.0,1.0,102.0,5.0
openbci,loso,3,stroop,stroop:s03:r3,always_fuse,1.0,0.32178334286985816,0.6782166571301418,1.0,1.0,160.0,5.0
openbci,loso,3,stroop,stroop:s03:r3,always_nn,1.0,0.051741870100885844,0.9482581298991142,1.0,1.0,160.0,5.0
openbci,loso,3,stroop,stroop:s03:r3,cbsf,1.0,0.058337854040188826,0.9416621459598111,1.0,1.0,160.0,5.0
openbci,loso,3,stroop,stroop:s03:r3,extra_trees,1.0,0.3439097744395664,0.6560902255604335,1.0,1.0,160.0,5.0
openbci,loso,3,stroop,stroop:s03:r3,rf,1.0,0.3412493163097873,0.6587506836902127,1.0,1.0,160.0,5.0
openbci,loso,4,arithmetic,arithmetic:s04:r0,always_fuse,0.0,0.3710833927138965,0.6289166072861034,1.0,0.0,116.0,5.0
openbci,loso,4,arithmetic,arithmetic:s04:r0,always_nn,0.0,0.23670245129137504,0.7632975487086249,1.0,0.0,116.0,5.0
openbci,loso,4,arithmetic,arithmetic:s04:r0,cbsf,0.0,0.3438235100037713,0.6561764899962288,1.0,0.0,116.0,5.0
openbci,loso,4,arithmetic,arithmetic:s04:r0,extra_trees,0.0,0.21014634582715694,0.789853654172843,1.0,0.0,116.0,5.0
openbci,loso,4,arithmetic,arithmetic:s04:r0,rf,0.0,0.35472368080874417,0.6452763191912558,1.0,0.0,116.0,5.0
openbci,loso,4,arithmetic,arithmetic:s04:r1,always_fuse,0.0,0.5828209012020655,0.4171790987979344,0.0,1.0,119.0,5.0
openbci,loso,4,arithmetic,arithmetic:s04:r1,always_nn,0.0,0.980447126441663,0.019552873558336965,0.0,1.0,119.0,5.0
openbci,loso,4,arithmetic,arithmetic:s04:r1,cbsf,0.0,0.6628413392360771,0.33715866076392287,0.0,1.0,119.0,5.0
openbci,loso,4,arithmetic,arithmetic:s04:r1,extra_trees,0.0,0.5169615704565905,0.4830384295434095,0.0,1.0,119.0,5.0
openbci,loso,4,arithmetic,arithmetic:s04:r1,rf,0.0,0.5212461267451631,0.4787538732548368,0.0,1.0,119.0,5.0
openbci,loso,4,arithmetic,arithmetic:s04:r2,always_fuse,1.0,0.5141332919543611,0.4858667080456389,0.0,0.0,210.0,5.0
openbci,loso,4,arithmetic,arithmetic:s04:r2,always_nn,1.0,0.773778624213135,0.22622137578686485,0.0,0.0,210.0,5.0
openbci,loso,4,arithmetic,arithmetic:s04:r2,cbsf,1.0,0.5580952275006785,0.4419047724993214,0.0,0.0,210.0,5.0
openbci,loso,4,arithmetic,arithmetic:s04:r2,extra_trees,1.0,0.5506936145416044,0.44930638545839563,0.0,0.0,210.0,5.0
openbci,loso,4,arithmetic,arithmetic:s04:r2,rf,1.0,0.5848062851076506,0.41519371489234935,0.0,0.0,210.0,5.0
openbci,loso,4,arithmetic,arithmetic:s04:r3,always_fuse,1.0,0.493113091722243,0.506886908277757,1.0,1.0,221.0,5.0
openbci,loso,4,arithmetic,arithmetic:s04:r3,always_nn,1.0,0.6815351431507372,0.31846485684926296,0.0,0.0,221.0,5.0
openbci,loso,4,arithmetic,arithmetic:s04:r3,cbsf,1.0,0.5283164475791917,0.4716835524208084,0.0,0.0,221.0,5.0
openbci,loso,4,arithmetic,arithmetic:s04:r3,extra_trees,1.0,0.5182502941195869,0.4817497058804131,0.0,0.0,221.0,5.0
openbci,loso,4,arithmetic,arithmetic:s04:r3,rf,1.0,0.5525159723210646,0.44748402767893536,0.0,0.0,221.0,5.0
openbci,loso,4,stroop,stroop:s04:r0,always_fuse,0.0,0.6145348384439014,0.3854651615560985,0.0,1.0,116.0,5.0
openbci,loso,4,stroop,stroop:s04:r0,always_nn,0.0,0.9890187101810732,0.01098128981892674,0.0,1.0,116.0,5.0
openbci,loso,4,stroop,stroop:s04:r0,cbsf,0.0,0.8276511371725533,0.1723488628274466,0.0,1.0,116.0,5.0
openbci,loso,4,stroop,stroop:s04:r0,extra_trees,0.0,0.7127966238297323,0.28720337617026775,0.0,1.0,116.0,5.0
openbci,loso,4,stroop,stroop:s04:r0,rf,0.0,0.7420485825196371,0.257951417480363,0.0,1.0,116.0,5.0
openbci,loso,4,stroop,stroop:s04:r1,always_fuse,0.0,0.4853989896120398,0.5146010103879602,1.0,0.0,89.0,5.0
openbci,loso,4,stroop,stroop:s04:r1,always_nn,0.0,0.6990347666733026,0.30096523332669745,0.0,1.0,89.0,5.0
openbci,loso,4,stroop,stroop:s04:r1,cbsf,0.0,0.58118443169107,0.41881556830892996,0.0,1.0,89.0,5.0
openbci,loso,4,stroop,stroop:s04:r1,extra_trees,0.0,0.6352006983799449,0.3647993016200552,0.0,1.0,89.0,5.0
openbci,loso,4,stroop,stroop:s04:r1,rf,0.0,0.694144714929499,0.305855285070501,0.0,1.0,89.0,5.0
openbci,loso,4,stroop,stroop:s04:r2,always_fuse,1.0,0.5743250412898707,0.4256749587101292,0.0,0.0,62.0,5.0
openbci,loso,4,stroop,stroop:s04:r2,always_nn,1.0,0.9639265567798485,0.03607344322015141,0.0,0.0,62.0,5.0
openbci,loso,4,stroop,stroop:s04:r2,cbsf,1.0,0.721769434923298,0.2782305650767021,0.0,0.0,62.0,5.0
openbci,loso,4,stroop,stroop:s04:r2,extra_trees,1.0,0.6527250246379898,0.34727497536201024,0.0,0.0,62.0,5.0
openbci,loso,4,stroop,stroop:s04:r2,rf,1.0,0.7094721019685994,0.29052789803140056,0.0,0.0,62.0,5.0
openbci,loso,4,stroop,stroop:s04:r3,always_fuse,1.0,0.5853181414292582,0.4146818585707418,0.0,0.0,192.0,5.0
openbci,loso,4,stroop,stroop:s04:r3,always_nn,1.0,0.9701098015831319,0.029890198416868168,0.0,0.0,192.0,5.0
openbci,loso,4,stroop,stroop:s04:r3,cbsf,1.0,0.7612649273916539,0.23873507260834623,0.0,0.0,192.0,5.0
openbci,loso,4,stroop,stroop:s04:r3,extra_trees,1.0,0.6322485522640665,0.3677514477359335,0.0,0.0,192.0,5.0
openbci,loso,4,stroop,stroop:s04:r3,rf,1.0,0.6647554447982006,0.33524455520179947,0.0,0.0,192.0,5.0
openbci,loso,5,arithmetic,arithmetic:s05:r0,always_fuse,0.0,0.7503145694914567,0.24968543050854328,0.0,1.0,244.0,5.0
openbci,loso,5,arithmetic,arithmetic:s05:r0,always_nn,0.0,0.9994720224542516,0.0005279775457483428,0.0,1.0,244.0,5.0
openbci,loso,5,arithmetic,arithmetic:s05:r0,cbsf,0.0,0.8503330060294028,0.14966699397059727,0.0,1.0,244.0,5.0
openbci,loso,5,arithmetic,arithmetic:s05:r0,extra_trees,0.0,0.7465352890664214,0.25346471093357853,0.0,1.0,244.0,5.0
openbci,loso,5,arithmetic,arithmetic:s05:r0,rf,0.0,0.7772872152628525,0.22271278473714753,0.0,1.0,244.0,5.0
openbci,loso,5,arithmetic,arithmetic:s05:r1,always_fuse,0.0,0.527698489122171,0.47230151087782907,0.0,1.0,153.0,5.0
openbci,loso,5,arithmetic,arithmetic:s05:r1,always_nn,0.0,0.8493502248983078,0.1506497751016922,0.0,1.0,153.0,5.0
openbci,loso,5,arithmetic,arithmetic:s05:r1,cbsf,0.0,0.5971022307938725,0.40289776920612747,0.0,1.0,153.0,5.0
openbci,loso,5,arithmetic,arithmetic:s05:r1,extra_trees,0.0,0.6260685259085662,0.37393147409143374,0.0,1.0,153.0,5.0
openbci,loso,5,arithmetic,arithmetic:s05:r1,rf,0.0,0.6390017432269097,0.36099825677309033,0.0,1.0,153.0,5.0
openbci,loso,5,arithmetic,arithmetic:s05:r2,always_fuse,1.0,0.5521851611094717,0.44781483889052837,0.0,0.0,198.0,5.0
openbci,loso,5,arithmetic,arithmetic:s05:r2,always_nn,1.0,0.9301549560185098,0.06984504398149011,0.0,0.0,198.0,5.0
openbci,loso,5,arithmetic,arithmetic:s05:r2,cbsf,1.0,0.6399851858198742,0.36001481418012576,0.0,0.0,198.0,5.0
openbci,loso,5,arithmetic,arithmetic:s05:r2,extra_trees,1.0,0.6307882375147297,0.3692117624852704,0.0,0.0,198.0,5.0
openbci,loso,5,arithmetic,arithmetic:s05:r2,rf,1.0,0.6220689514157507,0.3779310485842494,0.0,0.0,198.0,5.0
openbci,loso,5,arithmetic,arithmetic:s05:r3,always_fuse,1.0,0.47733682660289795,0.522663173397102,1.0,1.0,232.0,5.0
openbci,loso,5,arithmetic,arithmetic:s05:r3,always_nn,1.0,0.4419781395946397,0.5580218604053603,1.0,1.0,232.0,5.0
openbci,loso,5,arithmetic,arithmetic:s05:r3,cbsf,1.0,0.44875647620434894,0.551243523795651,1.0,1.0,232.0,5.0
openbci,loso,5,arithmetic,arithmetic:s05:r3,extra_trees,1.0,0.5377892479629346,0.4622107520370654,0.0,0.0,232.0,5.0
openbci,loso,5,arithmetic,arithmetic:s05:r3,rf,1.0,0.5844594838999948,0.41554051610000525,0.0,0.0,232.0,5.0
openbci,loso,5,stroop,stroop:s05:r0,always_fuse,0.0,0.727240830248675,0.27275916975132497,0.0,1.0,244.0,5.0
openbci,loso,5,stroop,stroop:s05:r0,always_nn,0.0,0.9999413124939789,5.868750602106016e-05,0.0,1.0,244.0,5.0
openbci,loso,5,stroop,stroop:s05:r0,cbsf,0.0,0.9258416915663041,0.0741583084336959,0.0,1.0,244.0,5.0
openbci,loso,5,stroop,stroop:s05:r0,extra_trees,0.0,0.8197047419293337,0.18029525807066626,0.0,1.0,244.0,5.0
openbci,loso,5,stroop,stroop:s05:r0,rf,0.0,0.8586250142347068,0.14137498576529306,0.0,1.0,244.0,5.0
openbci,loso,5,stroop,stroop:s05:r1,always_fuse,0.0,0.40683803263468066,0.5931619673653193,1.0,0.0,137.0,5.0
openbci,loso,5,stroop,stroop:s05:r1,always_nn,0.0,0.24554910472630886,0.7544508952736912,1.0,0.0,137.0,5.0
openbci,loso,5,stroop,stroop:s05:r1,cbsf,0.0,0.2957345622684638,0.7042654377315362,1.0,0.0,137.0,5.0
openbci,loso,5,stroop,stroop:s05:r1,extra_trees,0.0,0.48822408590423705,0.5117759140957631,1.0,0.0,137.0,5.0
openbci,loso,5,stroop,stroop:s05:r1,rf,0.0,0.5114932987031001,0.4885067012968998,0.0,1.0,137.0,5.0
openbci,loso,5,stroop,stroop:s05:r2,always_fuse,1.0,0.37853039710680336,0.6214696028931967,1.0,1.0,108.0,5.0
openbci,loso,5,stroop,stroop:s05:r2,always_nn,1.0,0.10153352996311478,0.8984664700368853,1.0,1.0,108.0,5.0
openbci,loso,5,stroop,stroop:s05:r2,cbsf,1.0,0.1773128439748938,0.8226871560251062,1.0,1.0,108.0,5.0
openbci,loso,5,stroop,stroop:s05:r2,extra_trees,1.0,0.48607884196077084,0.5139211580392292,1.0,1.0,108.0,5.0
openbci,loso,5,stroop,stroop:s05:r2,rf,1.0,0.5272921380529701,0.47270786194702974,0.0,0.0,108.0,5.0
openbci,loso,5,stroop,stroop:s05:r3,always_fuse,1.0,0.36116818742292806,0.638831812577072,1.0,1.0,171.0,5.0
openbci,loso,5,stroop,stroop:s05:r3,always_nn,1.0,0.07359182576606194,0.9264081742339381,1.0,1.0,171.0,5.0
openbci,loso,5,stroop,stroop:s05:r3,cbsf,1.0,0.14890150973943814,0.8510984902605618,1.0,1.0,171.0,5.0
openbci,loso,5,stroop,stroop:s05:r3,extra_trees,1.0,0.44015770409217936,0.5598422959078205,1.0,1.0,171.0,5.0
openbci,loso,5,stroop,stroop:s05:r3,rf,1.0,0.4660577464558136,0.5339422535441865,1.0,1.0,171.0,5.0
openbci,loso,6,arithmetic,arithmetic:s06:r0,always_fuse,0.0,0.6115855322477112,0.3884144677522888,0.0,1.0,150.0,5.0
openbci,loso,6,arithmetic,arithmetic:s06:r0,always_nn,0.0,0.9989926469320962,0.0010073530679036724,0.0,1.0,150.0,5.0
openbci,loso,6,arithmetic,arithmetic:s06:r0,cbsf,0.0,0.6884793346109498,0.31152066538905016,0.0,1.0,150.0,5.0
openbci,loso,6,arithmetic,arithmetic:s06:r0,extra_trees,0.0,0.3654850122903758,0.6345149877096241,1.0,0.0,150.0,5.0
openbci,loso,6,arithmetic,arithmetic:s06:r0,rf,0.0,0.32489150882232654,0.6751084911776735,1.0,0.0,150.0,5.0
openbci,loso,6,arithmetic,arithmetic:s06:r1,always_fuse,0.0,0.43218787259468167,0.5678121274053183,1.0,0.0,119.0,5.0
openbci,loso,6,arithmetic,arithmetic:s06:r1,always_nn,0.0,0.969553211974814,0.03044678802518596,0.0,1.0,119.0,5.0
openbci,loso,6,arithmetic,arithmetic:s06:r1,cbsf,0.0,0.5335669632351162,0.46643303676488385,0.0,1.0,119.0,5.0
openbci,loso,6,arithmetic,arithmetic:s06:r1,extra_trees,0.0,0.23445439739362647,0.7655456026063735,1.0,0.0,119.0,5.0
openbci,loso,6,arithmetic,arithmetic:s06:r1,rf,0.0,0.14429785048944516,0.8557021495105548,1.0,0.0,119.0,5.0
openbci,loso,6,arithmetic,arithmetic:s06:r2,always_fuse,1.0,0.49303189484354454,0.5069681051564555,1.0,1.0,130.0,5.0
openbci,loso,6,arithmetic,arithmetic:s06:r2,always_nn,1.0,0.9830774567747508,0.016922543225249217,0.0,0.0,130.0,5.0
openbci,loso,6,arithmetic,arithmetic:s06:r2,cbsf,1.0,0.5863714857752123,0.41362851422478764,0.0,0.0,130.0,5.0
openbci,loso,6,arithmetic,arithmetic:s06:r2,extra_trees,1.0,0.30788543241114474,0.6921145675888553,1.0,1.0,130.0,5.0
openbci,loso,6,arithmetic,arithmetic:s06:r2,rf,1.0,0.22261855700390565,0.7773814429960944,1.0,1.0,130.0,5.0
openbci,loso,6,arithmetic,arithmetic:s06:r3,always_fuse,1.0,0.47276755601559334,0.5272324439844066,1.0,1.0,191.0,5.0
openbci,loso,6,arithmetic,arithmetic:s06:r3,always_nn,1.0,0.9763572272114928,0.023642772788507224,0.0,0.0,191.0,5.0
openbci,loso,6,arithmetic,arithmetic:s06:r3,cbsf,1.0,0.5630430406101444,0.4369569593898557,0.0,0.0,191.0,5.0
openbci,loso,6,arithmetic,arithmetic:s06:r3,extra_trees,1.0,0.28486581734898575,0.7151341826510142,1.0,1.0,191.0,5.0
openbci,loso,6,arithmetic,arithmetic:s06:r3,rf,1.0,0.20477922173473848,0.7952207782652616,1.0,1.0,191.0,5.0
openbci,loso,6,stroop,stroop:s06:r0,always_fuse,0.0,0.3428426536691336,0.6571573463308664,1.0,0.0,150.0,5.0
openbci,loso,6,stroop,stroop:s06:r0,always_nn,0.0,0.05563669232440292,0.9443633076755971,1.0,0.0,150.0,5.0
openbci,loso,6,stroop,stroop:s06:r0,cbsf,0.0,0.17721830972620012,0.8227816902737999,1.0,0.0,150.0,5.0
openbci,loso,6,stroop,stroop:s06:r0,extra_trees,0.0,0.23952526275937008,0.76047473724063,1.0,0.0,150.0,5.0
openbci,loso,6,stroop,stroop:s06:r0,rf,0.0,0.17318598226090498,0.826814017739095,1.0,0.0,150.0,5.0
openbci,loso,6,stroop,stroop:s06:r1,always_fuse,0.0,0.5218817500498669,0.47811824995013297,0.0,1.0,119.0,5.0
openbci,loso,6,stroop,stroop:s06:r1,always_nn,0.0,0.8687665943754267,0.13123340562457325,0.0,1.0,119.0,5.0
openbci,loso,6,stroop,stroop:s06:r1,cbsf,0.0,0.6345138470500656,0.36548615294993436,0.0,1.0,119.0,5.0
openbci,loso,6,stroop,stroop:s06:r1,extra_trees,0.0,0.5018707951022074,0.49812920489779267,0.0,1.0,119.0,5.0
openbci,loso,6,stroop,stroop:s06:r1,rf,0.0,0.3590108807066285,0.6409891192933715,1.0,0.0,119.0,5.0
openbci,loso,6,stroop,stroop:s06:r2,always_fuse,1.0,0.5549382939752955,0.4450617060247046,0.0,0.0,111.0,5.0
openbci,loso,6,stroop,stroop:s06:r2,always_nn,1.0,0.9644331169834782,0.03556688301652172,0.0,0.0,111.0,5.0
openbci,loso,6,stroop,stroop:s06:r2,cbsf,1.0,0.78153283994428,0.21846716005571995,0.0,0.0,111.0,5.0
openbci,loso,6,stroop,stroop:s06:r2,extra_trees,1.0,0.522900724233972,0.47709927576602795,0.0,0.0,111.0,5.0
openbci,loso,6,stroop,stroop:s06:r2,rf,1.0,0.4435295840235495,0.5564704159764505,1.0,1.0,111.0,5.0
openbci,loso,6,stroop,stroop:s06:r3,always_fuse,1.0,0.3835059770708934,0.6164940229291067,1.0,1.0,161.0,5.0
openbci,loso,6,stroop,stroop:s06:r3,always_nn,1.0,0.16670243617525446,0.8332975638247455,1.0,1.0,161.0,5.0
openbci,loso,6,stroop,stroop:s06:r3,cbsf,1.0,0.2679675029626133,0.7320324970373867,1.0,1.0,161.0,5.0
openbci,loso,6,stroop,stroop:s06:r3,extra_trees,1.0,0.2667639396963757,0.7332360603036243,1.0,1.0,161.0,5.0
openbci,loso,6,stroop,stroop:s06:r3,rf,1.0,0.16604120744991882,0.8339587925500812,1.0,1.0,161.0,5.0
openbci,loso,7,arithmetic,arithmetic:s07:r0,always_fuse,0.0,0.7443101849944636,0.2556898150055364,0.0,1.0,169.0,5.0
openbci,loso,7,arithmetic,arithmetic:s07:r0,always_nn,0.0,0.9997625275648326,0.00023747243516740205,0.0,1.0,169.0,5.0
openbci,loso,7,arithmetic,arithmetic:s07:r0,cbsf,0.0,0.9729008763032698,0.027099123696730176,0.0,1.0,169.0,5.0
openbci,loso,7,arithmetic,arithmetic:s07:r0,extra_trees,0.0,0.8307748863939408,0.1692251136060592,0.0,1.0,169.0,5.0
openbci,loso,7,arithmetic,arithmetic:s07:r0,rf,0.0,0.8608765668348052,0.1391234331651948,0.0,1.0,169.0,5.0
openbci,loso,7,arithmetic,arithmetic:s07:r1,always_fuse,0.0,0.576601173632208,0.423398826367792,0.0,1.0,36.0,5.0
openbci,loso,7,arithmetic,arithmetic:s07:r1,always_nn,0.0,0.9838340649334284,0.016165935066571668,0.0,1.0,36.0,5.0
openbci,loso,7,arithmetic,arithmetic:s07:r1,cbsf,0.0,0.9488631392105572,0.05113686078944285,0.0,1.0,36.0,5.0
openbci,loso,7,arithmetic,arithmetic:s07:r1,extra_trees,0.0,0.7167128534292135,0.28328714657078646,0.0,1.0,36.0,5.0
openbci,loso,7,arithmetic,arithmetic:s07:r1,rf,0.0,0.584770475148482,0.415229524851518,0.0,1.0,36.0,5.0
openbci,loso,7,arithmetic,arithmetic:s07:r2,always_fuse,1.0,0.5584867439336666,0.44151325606633346,0.0,0.0,46.0,5.0
openbci,loso,7,arithmetic,arithmetic:s07:r2,always_nn,1.0,0.952383770149901,0.04761622985009895,0.0,0.0,46.0,5.0
openbci,loso,7,arithmetic,arithmetic:s07:r2,cbsf,1.0,0.9044792551729446,0.0955207448270554,0.0,0.0,46.0,5.0
openbci,loso,7,arithmetic,arithmetic:s07:r2,extra_trees,1.0,0.6638662174017628,0.33613378259823723,0.0,0.0,46.0,5.0
openbci,loso,7,arithmetic,arithmetic:s07:r2,rf,1.0,0.5936426198845225,0.40635738011547745,0.0,0.0,46.0,5.0
openbci,loso,7,arithmetic,arithmetic:s07:r3,always_fuse,1.0,0.5506252972121016,0.44937470278789843,0.0,0.0,102.0,5.0
openbci,loso,7,arithmetic,arithmetic:s07:r3,always_nn,1.0,0.9720188591910882,0.027981140808911842,0.0,0.0,102.0,5.0
openbci,loso,7,arithmetic,arithmetic:s07:r3,cbsf,1.0,0.9301656540695722,0.06983434593042784,0.0,0.0,102.0,5.0
openbci,loso,7,arithmetic,arithmetic:s07:r3,extra_trees,1.0,0.7267928438991611,0.2732071561008389,0.0,0.0,102.0,5.0
openbci,loso,7,arithmetic,arithmetic:s07:r3,rf,1.0,0.552865115274579,0.447134884725421,0.0,0.0,102.0,5.0
openbci,loso,7,stroop,stroop:s07:r0,always_fuse,0.0,0.7662224438736437,0.23377755612635637,0.0,1.0,169.0,5.0
openbci,loso,7,stroop,stroop:s07:r0,always_nn,0.0,0.9999750714468563,2.4928553143736736e-05,0.0,1.0,169.0,5.0
openbci,loso,7,stroop,stroop:s07:r0,cbsf,0.0,0.9997393886233163,0.0002606113766835641,0.0,1.0,169.0,5.0
openbci,loso,7,stroop,stroop:s07:r0,extra_trees,0.0,0.865408344496441,0.13459165550355895,0.0,1.0,169.0,5.0
openbci,loso,7,stroop,stroop:s07:r0,rf,0.0,0.8841084838565393,0.11589151614346077,0.0,1.0,169.0,5.0
openbci,loso,7,stroop,stroop:s07:r1,always_fuse,0.0,0.6706083747080269,0.3293916252919731,0.0,1.0,97.0,5.0
openbci,loso,7,stroop,stroop:s07:r1,always_nn,0.0,0.9997414484254781,0.00025855157452192356,0.0,1.0,97.0,5.0
openbci,loso,7,stroop,stroop:s07:r1,cbsf,0.0,0.9994250682715149,0.0005749317284851463,0.0,1.0,97.0,5.0
openbci,loso,7,stroop,stroop:s07:r1,extra_trees,0.0,0.6608709692618362,0.33912903073816375,0.0,1.0,97.0,5.0
openbci,loso,7,stroop,stroop:s07:r1,rf,0.0,0.6838332444722222,0.31616675552777784,0.0,1.0,97.0,5.0
openbci,loso,7,stroop,stroop:s07:r2,always_fuse,1.0,0.5925152704174053,0.40748472958259485,0.0,0.0,96.0,5.0
openbci,loso,7,stroop,stroop:s07:r2,always_nn,1.0,0.995145337475821,0.004854662524179003,0.0,0.0,96.0,5.0
openbci,loso,7,stroop,stroop:s07:r2,cbsf,1.0,0.9934075568581364,0.006592443141863557,0.0,0.0,96.0,5.0
openbci,loso,7,stroop,stroop:s07:r2,extra_trees,1.0,0.6184942703587635,0.3815057296412365,0.0,0.0,96.0,5.0
openbci,loso,7,stroop,stroop:s07:r2,rf,1.0,0.6158406760440877,0.38415932395591235,0.0,0.0,96.0,5.0
openbci,loso,7,stroop,stroop:s07:r3,always_fuse,1.0,0.6434733608765856,0.35652663912341437,0.0,0.0,179.0,5.0
openbci,loso,7,stroop,stroop:s07:r3,always_nn,1.0,0.9992997452444985,0.0007002547555015083,0.0,0.0,179.0,5.0
openbci,loso,7,stroop,stroop:s07:r3,cbsf,1.0,0.9984840237261401,0.0015159762738598558,0.0,0.0,179.0,5.0
openbci,loso,7,stroop,stroop:s07:r3,extra_trees,1.0,0.6393985891868113,0.3606014108131888,0.0,0.0,179.0,5.0
openbci,loso,7,stroop,stroop:s07:r3,rf,1.0,0.6499767858635849,0.350023214136415,0.0,0.0,179.0,5.0
openbci,loso,8,arithmetic,arithmetic:s08:r0,always_fuse,0.0,0.5438156367722257,0.4561843632277743,0.0,1.0,190.0,5.0
openbci,loso,8,arithmetic,arithmetic:s08:r0,always_nn,0.0,0.9322720035565449,0.06772799644345502,0.0,1.0,190.0,5.0
openbci,loso,8,arithmetic,arithmetic:s08:r0,cbsf,0.0,0.616481497399907,0.38351850260009296,0.0,1.0,190.0,5.0
openbci,loso,8,arithmetic,arithmetic:s08:r0,extra_trees,0.0,0.4322013087003146,0.5677986912996854,1.0,0.0,190.0,5.0
openbci,loso,8,arithmetic,arithmetic:s08:r0,rf,0.0,0.412109547585664,0.587890452414336,1.0,0.0,190.0,5.0
openbci,loso,8,arithmetic,arithmetic:s08:r1,always_fuse,0.0,0.385678825889751,0.6143211741102489,1.0,0.0,278.0,5.0
openbci,loso,8,arithmetic,arithmetic:s08:r1,always_nn,0.0,0.2685818751554921,0.731418124844508,1.0,0.0,278.0,5.0
openbci,loso,8,arithmetic,arithmetic:s08:r1,cbsf,0.0,0.3506563677456699,0.6493436322543301,1.0,0.0,278.0,5.0
openbci,loso,8,arithmetic,arithmetic:s08:r1,extra_trees,0.0,0.3106352002201293,0.6893647997798708,1.0,0.0,278.0,5.0
openbci,loso,8,arithmetic,arithmetic:s08:r1,rf,0.0,0.2381233132606557,0.7618766867393443,1.0,0.0,278.0,5.0
openbci,loso,8,arithmetic,arithmetic:s08:r2,always_fuse,1.0,0.37558225867779454,0.6244177413222055,1.0,1.0,259.0,5.0
openbci,loso,8,arithmetic,arithmetic:s08:r2,always_nn,1.0,0.23932591111206958,0.7606740888879304,1.0,1.0,259.0,5.0
openbci,loso,8,arithmetic,arithmetic:s08:r2,cbsf,1.0,0.34174660941650203,0.6582533905834981,1.0,1.0,259.0,5.0
openbci,loso,8,arithmetic,arithmetic:s08:r2,extra_trees,1.0,0.3048564590346396,0.6951435409653605,1.0,1.0,259.0,5.0
openbci,loso,8,arithmetic,arithmetic:s08:r2,rf,1.0,0.2230600758581561,0.7769399241418439,1.0,1.0,259.0,5.0
openbci,loso,8,arithmetic,arithmetic:s08:r3,always_fuse,1.0,0.3413858662698341,0.658614133730166,1.0,1.0,311.0,5.0
openbci,loso,8,arithmetic,arithmetic:s08:r3,always_nn,1.0,0.11918636187173112,0.880813638128269,1.0,1.0,311.0,5.0
openbci,loso,8,arithmetic,arithmetic:s08:r3,cbsf,1.0,0.28140616118169165,0.7185938388183083,1.0,1.0,311.0,5.0
openbci,loso,8,arithmetic,arithmetic:s08:r3,extra_trees,1.0,0.2574427981185327,0.7425572018814673,1.0,1.0,311.0,5.0
openbci,loso,8,arithmetic,arithmetic:s08:r3,rf,1.0,0.17198083727730004,0.8280191627226999,1.0,1.0,311.0,5.0
openbci,loso,8,stroop,stroop:s08:r0,always_fuse,0.0,0.5666081129476412,0.4333918870523588,0.0,1.0,190.0,5.0
openbci,loso,8,stroop,stroop:s08:r0,always_nn,0.0,0.9791542112517546,0.020845788748245372,0.0,1.0,190.0,5.0
openbci,loso,8,stroop,stroop:s08:r0,cbsf,0.0,0.9725746607991539,0.02742533920084615,0.0,1.0,190.0,5.0
openbci,loso,8,stroop,stroop:s08:r0,extra_trees,0.0,0.6756202052071004,0.32437979479289963,0.0,1.0,190.0,5.0
openbci,loso,8,stroop,stroop:s08:r0,rf,0.0,0.7624845926171582,0.2375154073828418,0.0,1.0,190.0,5.0
openbci,loso,8,stroop,stroop:s08:r1,always_fuse,0.0,0.46605669753872403,0.533943302461276,1.0,0.0,162.0,5.0
openbci,loso,8,stroop,stroop:s08:r1,always_nn,0.0,0.7043054676669666,0.29569453233303344,0.0,1.0,162.0,5.0
openbci,loso,8,stroop,stroop:s08:r1,cbsf,0.0,0.7002599330101266,0.29974006698987354,0.0,1.0,162.0,5.0
openbci,loso,8,stroop,stroop:s08:r1,extra_trees,0.0,0.5951735929486597,0.4048264070513403,0.0,1.0,162.0,5.0
openbci,loso,8,stroop,stroop:s08:r1,rf,0.0,0.6660162116885922,0.33398378831140785,0.0,1.0,162.0,5.0
openbci,loso,8,stroop,stroop:s08:r2,always_fuse,1.0,0.42807061209407904,0.571929387905921,1.0,1.0,160.0,5.0
openbci,loso,8,stroop,stroop:s08:r2,always_nn,1.0,0.434377120072421,0.5656228799275791,1.0,1.0,160.0,5.0
openbci,loso,8,stroop,stroop:s08:r2,cbsf,1.0,0.4327321027492408,0.5672678972507591,1.0,1.0,160.0,5.0
openbci,loso,8,stroop,stroop:s08:r2,extra_trees,1.0,0.6148928664915918,0.38510713350840825,0.0,0.0,160.0,5.0
openbci,loso,8,stroop,stroop:s08:r2,rf,1.0,0.790308370977457,0.20969162902254299,0.0,0.0,160.0,5.0
openbci,loso,8,stroop,stroop:s08:r3,always_fuse,1.0,0.4045028300182856,0.5954971699817144,1.0,1.0,234.0,5.0
openbci,loso,8,stroop,stroop:s08:r3,always_nn,1.0,0.32415284883232454,0.6758471511676756,1.0,1.0,234.0,5.0
openbci,loso,8,stroop,stroop:s08:r3,cbsf,1.0,0.32446664326868946,0.6755333567313105,1.0,1.0,234.0,5.0
openbci,loso,8,stroop,stroop:s08:r3,extra_trees,1.0,0.5826383966814106,0.41736160331858946,0.0,0.0,234.0,5.0
openbci,loso,8,stroop,stroop:s08:r3,rf,1.0,0.7704435406035532,0.22955645939644675,0.0,0.0,234.0,5.0
openbci,loso,9,arithmetic,arithmetic:s09:r0,always_fuse,0.0,0.8476293837413666,0.1523706162586333,0.0,1.0,410.0,5.0
openbci,loso,9,arithmetic,arithmetic:s09:r0,always_nn,0.0,0.9999927678813629,7.232118637060581e-06,0.0,1.0,410.0,5.0
openbci,loso,9,arithmetic,arithmetic:s09:r0,cbsf,0.0,0.9372549975697818,0.06274500243021822,0.0,1.0,410.0,5.0
openbci,loso,9,arithmetic,arithmetic:s09:r0,extra_trees,0.0,0.9422398960357792,0.05776010396422077,0.0,1.0,410.0,5.0
openbci,loso,9,arithmetic,arithmetic:s09:r0,rf,0.0,0.9718571962353854,0.02814280376461459,0.0,1.0,410.0,5.0
openbci,loso,9,arithmetic,arithmetic:s09:r1,always_fuse,0.0,0.6524492083306662,0.3475507916693338,0.0,1.0,121.0,5.0
openbci,loso,9,arithmetic,arithmetic:s09:r1,always_nn,0.0,0.9901366927558692,0.009863307244130754,0.0,1.0,121.0,5.0
openbci,loso,9,arithmetic,arithmetic:s09:r1,cbsf,0.0,0.8312520878305949,0.16874791216940507,0.0,1.0,121.0,5.0
openbci,loso,9,arithmetic,arithmetic:s09:r1,extra_trees,0.0,0.7290584817616614,0.2709415182383385,0.0,1.0,121.0,5.0
openbci,loso,9,arithmetic,arithmetic:s09:r1,rf,0.0,0.7602697401634999,0.23973025983650004,0.0,1.0,121.0,5.0
openbci,loso,9,arithmetic,arithmetic:s09:r2,always_fuse,1.0,0.6917987513176862,0.3082012486823139,0.0,0.0,122.0,5.0
openbci,loso,9,arithmetic,arithmetic:s09:r2,always_nn,1.0,0.9953919559548181,0.004608044045181856,0.0,0.0,122.0,5.0
openbci,loso,9,arithmetic,arithmetic:s09:r2,cbsf,1.0,0.8618275802199735,0.13817241978002648,0.0,0.0,122.0,5.0
openbci,loso,9,arithmetic,arithmetic:s09:r2,extra_trees,1.0,0.7264044583365686,0.27359554166343136,0.0,0.0,122.0,5.0
openbci,loso,9,arithmetic,arithmetic:s09:r2,rf,1.0,0.7726817688401812,0.22731823115981878,0.0,0.0,122.0,5.0
openbci,loso,9,arithmetic,arithmetic:s09:r3,always_fuse,1.0,0.7005770091928181,0.29942299080718193,0.0,0.0,426.0,5.0
openbci,loso,9,arithmetic,arithmetic:s09:r3,always_nn,1.0,0.9968249371281662,0.0031750628718337512,0.0,0.0,426.0,5.0
openbci,loso,9,arithmetic,arithmetic:s09:r3,cbsf,1.0,0.8634221024569484,0.13657789754305164,0.0,0.0,426.0,5.0
openbci,loso,9,arithmetic,arithmetic:s09:r3,extra_trees,1.0,0.8016121691240482,0.19838783087595177,0.0,0.0,426.0,5.0
openbci,loso,9,arithmetic,arithmetic:s09:r3,rf,1.0,0.848818330574916,0.15118166942508401,0.0,0.0,426.0,5.0
openbci,loso,9,stroop,stroop:s09:r0,always_fuse,0.0,0.8114502558294523,0.1885497441705478,0.0,1.0,410.0,5.0
openbci,loso,9,stroop,stroop:s09:r0,always_nn,0.0,0.999930266651001,6.973334899894981e-05,0.0,1.0,410.0,5.0
openbci,loso,9,stroop,stroop:s09:r0,cbsf,0.0,0.9822568747975783,0.017743125202421748,0.0,1.0,410.0,5.0
openbci,loso,9,stroop,stroop:s09:r0,extra_trees,0.0,0.9425327657406719,0.057467234259328086,0.0,1.0,410.0,5.0
openbci,loso,9,stroop,stroop:s09:r0,rf,0.0,0.9651314234683569,0.03486857653164306,0.0,1.0,410.0,5.0
openbci,loso,9,stroop,stroop:s09:r1,always_fuse,0.0,0.4335620293600403,0.5664379706399597,1.0,0.0,160.0,5.0
openbci,loso,9,stroop,stroop:s09:r1,always_nn,0.0,0.5155013361477384,0.4844986638522616,0.0,1.0,160.0,5.0
openbci,loso,9,stroop,stroop:s09:r1,cbsf,0.0,0.44482399864211125,0.5551760013578886,1.0,0.0,160.0,5.0
openbci,loso,9,stroop,stroop:s09:r1,extra_trees,0.0,0.6930236514805482,0.3069763485194517,0.0,1.0,160.0,5.0
openbci,loso,9,stroop,stroop:s09:r1,rf,0.0,0.759504654680733,0.24049534531926695,0.0,1.0,160.0,5.0
openbci,loso,9,stroop,stroop:s09:r2,always_fuse,1.0,0.3650108062281562,0.6349891937718439,1.0,1.0,110.0,5.0
openbci,loso,9,stroop,stroop:s09:r2,always_nn,1.0,0.17931166550133587,0.8206883344986642,1.0,1.0,110.0,5.0
openbci,loso,9,stroop,stroop:s09:r2,cbsf,1.0,0.20580042133659218,0.7941995786634078,1.0,1.0,110.0,5.0
openbci,loso,9,stroop,stroop:s09:r2,extra_trees,1.0,0.6328316509503246,0.3671683490496754,0.0,0.0,110.0,5.0
openbci,loso,9,stroop,stroop:s09:r2,rf,1.0,0.7086143427529198,0.2913856572470802,0.0,0.0,110.0,5.0
openbci,loso,9,stroop,stroop:s09:r3,always_fuse,1.0,0.4279001494290054,0.5720998505709947,1.0,1.0,193.0,5.0
openbci,loso,9,stroop,stroop:s09:r3,always_nn,1.0,0.553515239752059,0.4464847602479411,0.0,0.0,193.0,5.0
openbci,loso,9,stroop,stroop:s09:r3,cbsf,1.0,0.5307170238578054,0.4692829761421947,0.0,0.0,193.0,5.0
openbci,loso,9,stroop,stroop:s09:r3,extra_trees,1.0,0.658752465163121,0.34124753483687886,0.0,0.0,193.0,5.0
openbci,loso,9,stroop,stroop:s09:r3,rf,1.0,0.7342061414554107,0.2657938585445893,0.0,0.0,193.0,5.0
openbci,loso,10,arithmetic,arithmetic:s10:r0,always_fuse,0.0,0.6503676626622878,0.3496323373377122,0.0,1.0,185.0,5.0
openbci,loso,10,arithmetic,arithmetic:s10:r0,always_nn,0.0,0.9980121654209925,0.001987834579007604,0.0,1.0,185.0,5.0
openbci,loso,10,arithmetic,arithmetic:s10:r0,cbsf,0.0,0.8083142670991511,0.19168573290084892,0.0,1.0,185.0,5.0
openbci,loso,10,arithmetic,arithmetic:s10:r0,extra_trees,0.0,0.8002397481431476,0.19976025185685253,0.0,1.0,185.0,5.0
openbci,loso,10,arithmetic,arithmetic:s10:r0,rf,0.0,0.7636433658316596,0.23635663416834046,0.0,1.0,185.0,5.0
openbci,loso,10,arithmetic,arithmetic:s10:r1,always_fuse,0.0,0.35886122863322945,0.6411387713667706,1.0,0.0,96.0,5.0
openbci,loso,10,arithmetic,arithmetic:s10:r1,always_nn,0.0,0.1333728227936073,0.8666271772063927,1.0,0.0,96.0,5.0
openbci,loso,10,arithmetic,arithmetic:s10:r1,cbsf,0.0,0.22741258750008134,0.7725874124999186,1.0,0.0,96.0,5.0
openbci,loso,10,arithmetic,arithmetic:s10:r1,extra_trees,0.0,0.5533641660459322,0.44663583395406786,0.0,1.0,96.0,5.0
openbci,loso,10,arithmetic,arithmetic:s10:r1,rf,0.0,0.455349075923828,0.5446509240761721,1.0,0.0,96.0,5.0
openbci,loso,10,arithmetic,arithmetic:s10:r2,always_fuse,1.0,0.36267753141198467,0.6373224685880154,1.0,1.0,112.0,5.0
openbci,loso,10,arithmetic,arithmetic:s10:r2,always_nn,1.0,0.13573077175154563,0.8642692282484544,1.0,1.0,112.0,5.0
openbci,loso,10,arithmetic,arithmetic:s10:r2,cbsf,1.0,0.24223501300594275,0.7577649869940573,1.0,1.0,112.0,5.0
openbci,loso,10,arithmetic,arithmetic:s10:r2,extra_trees,1.0,0.5646210197696505,0.4353789802303495,0.0,0.0,112.0,5.0
openbci,loso,10,arithmetic,arithmetic:s10:r2,rf,1.0,0.4524278537943657,0.5475721462056343,1.0,1.0,112.0,5.0
openbci,loso,10,arithmetic,arithmetic:s10:r3,always_fuse,1.0,0.3676379070812411,0.632362092918759,1.0,1.0,145.0,5.0
openbci,loso,10,arithmetic,arithmetic:s10:r3,always_nn,1.0,0.1549539113759894,0.8450460886240105,1.0,1.0,145.0,5.0
openbci,loso,10,arithmetic,arithmetic:s10:r3,cbsf,1.0,0.2572887294871969,0.7427112705128031,1.0,1.0,145.0,5.0
openbci,loso,10,arithmetic,arithmetic:s10:r3,extra_trees,1.0,0.5779005918443213,0.42209940815567876,0.0,0.0,145.0,5.0
openbci,loso,10,arithmetic,arithmetic:s10:r3,rf,1.0,0.4693675919268017,0.5306324080731982,1.0,1.0,145.0,5.0
openbci,loso,10,stroop,stroop:s10:r0,always_fuse,0.0,0.7750417382724003,0.22495826172759978,0.0,1.0,185.0,5.0
openbci,loso,10,stroop,stroop:s10:r0,always_nn,0.0,0.9999863848251324,1.3615174867687871e-05,0.0,1.0,185.0,5.0
openbci,loso,10,stroop,stroop:s10:r0,cbsf,0.0,0.9999129535179154,8.704648208460953e-05,0.0,1.0,185.0,5.0
openbci,loso,10,stroop,stroop:s10:r0,extra_trees,0.0,0.7978084617737672,0.20219153822623281,0.0,1.0,185.0,5.0
openbci,loso,10,stroop,stroop:s10:r0,rf,0.0,0.7648983440629986,0.23510165593700133,0.0,1.0,185.0,5.0
openbci,loso,10,stroop,stroop:s10:r1,always_fuse,0.0,0.6312340676615257,0.3687659323384744,0.0,1.0,118.0,5.0
openbci,loso,10,stroop,stroop:s10:r1,always_nn,0.0,0.999573528838317,0.00042647116168304346,0.0,1.0,118.0,5.0
openbci,loso,10,stroop,stroop:s10:r1,cbsf,0.0,0.9993820968210605,0.0006179031789395095,0.0,1.0,118.0,5.0
openbci,loso,10,stroop,stroop:s10:r1,extra_trees,0.0,0.65016447449467,0.3498355255053301,0.0,1.0,118.0,5.0
openbci,loso,10,stroop,stroop:s10:r1,rf,0.0,0.6572821939123402,0.34271780608765984,0.0,1.0,118.0,5.0
openbci,loso,10,stroop,stroop:s10:r2,always_fuse,1.0,0.6232768760821026,0.3767231239178975,0.0,0.0,83.0,5.0
openbci,loso,10,stroop,stroop:s10:r2,always_nn,1.0,0.9990358158172967,0.0009641841827033264,0.0,0.0,83.0,5.0
openbci,loso,10,stroop,stroop:s10:r2,cbsf,1.0,0.9987050058795397,0.0012949941204602206,0.0,0.0,83.0,5.0
openbci,loso,10,stroop,stroop:s10:r2,extra_trees,1.0,0.6517718716279811,0.34822812837201894,0.0,0.0,83.0,5.0
openbci,loso,10,stroop,stroop:s10:r2,rf,1.0,0.6615318457477015,0.33846815425229837,0.0,0.0,83.0,5.0
openbci,loso,10,stroop,stroop:s10:r3,always_fuse,1.0,0.5176580931417292,0.4823419068582709,0.0,0.0,207.0,5.0
openbci,loso,10,stroop,stroop:s10:r3,always_nn,1.0,0.954916448665302,0.04508355133469799,0.0,0.0,207.0,5.0
openbci,loso,10,stroop,stroop:s10:r3,cbsf,1.0,0.9516730979184266,0.0483269020815735,0.0,0.0,207.0,5.0
openbci,loso,10,stroop,stroop:s10:r3,extra_trees,1.0,0.5576869599622232,0.4423130400377768,0.0,0.0,207.0,5.0
openbci,loso,10,stroop,stroop:s10:r3,rf,1.0,0.5583515505917819,0.4416484494082181,0.0,0.0,207.0,5.0
openbci,loso,11,arithmetic,arithmetic:s11:r0,always_fuse,0.0,0.7060233814729727,0.29397661852702733,0.0,1.0,244.0,5.0
openbci,loso,11,arithmetic,arithmetic:s11:r0,always_nn,0.0,0.9978188201772112,0.0021811798227888003,0.0,1.0,244.0,5.0
openbci,loso,11,arithmetic,arithmetic:s11:r0,cbsf,0.0,0.7827680627381303,0.21723193726186968,0.0,1.0,244.0,5.0
openbci,loso,11,arithmetic,arithmetic:s11:r0,extra_trees,0.0,0.6778478620057662,0.3221521379942339,0.0,1.0,244.0,5.0
openbci,loso,11,arithmetic,arithmetic:s11:r0,rf,0.0,0.7476633206493314,0.2523366793506686,0.0,1.0,244.0,5.0
openbci,loso,11,arithmetic,arithmetic:s11:r1,always_fuse,0.0,0.5722279302053348,0.42777206979466526,0.0,1.0,155.0,5.0
openbci,loso,11,arithmetic,arithmetic:s11:r1,always_nn,0.0,0.8179945907571419,0.18200540924285816,0.0,1.0,155.0,5.0
openbci,loso,11,arithmetic,arithmetic:s11:r1,cbsf,0.0,0.6412869409050236,0.3587130590949764,0.0,1.0,155.0,5.0
openbci,loso,11,arithmetic,arithmetic:s11:r1,extra_trees,0.0,0.36055168933076165,0.6394483106692382,1.0,0.0,155.0,5.0
openbci,loso,11,arithmetic,arithmetic:s11:r1,rf,0.0,0.4218556068036875,0.5781443931963125,1.0,0.0,155.0,5.0
openbci,loso,11,arithmetic,arithmetic:s11:r2,always_fuse,1.0,0.5469858054770294,0.45301419452297065,0.0,0.0,162.0,5.0
openbci,loso,11,arithmetic,arithmetic:s11:r2,always_nn,1.0,0.7003945474569827,0.2996054525430173,0.0,0.0,162.0,5.0
openbci,loso,11,arithmetic,arithmetic:s11:r2,cbsf,1.0,0.586256749159931,0.413743250840069,0.0,0.0,162.0,5.0
openbci,loso,11,arithmetic,arithmetic:s11:r2,extra_trees,1.0,0.3216205009838875,0.6783794990161125,1.0,1.0,162.0,5.0
openbci,loso,11,arithmetic,arithmetic:s11:r2,rf,1.0,0.35675013511041925,0.6432498648895808,1.0,1.0,162.0,5.0
openbci,loso,11,arithmetic,arithmetic:s11:r3,always_fuse,1.0,0.5614016290740518,0.43859837092594817,0.0,0.0,211.0,5.0
openbci,loso,11,arithmetic,arithmetic:s11:r3,always_nn,1.0,0.7409794474063937,0.2590205525936063,0.0,0.0,211.0,5.0
openbci,loso,11,arithmetic,arithmetic:s11:r3,cbsf,1.0,0.6024685363506715,0.39753146364932845,0.0,0.0,211.0,5.0
openbci,loso,11,arithmetic,arithmetic:s11:r3,extra_trees,1.0,0.36789416730934643,0.6321058326906536,1.0,1.0,211.0,5.0
openbci,loso,11,arithmetic,arithmetic:s11:r3,rf,1.0,0.4384222071401534,0.5615777928598467,1.0,1.0,211.0,5.0
openbci,loso,11,stroop,stroop:s11:r0,always_fuse,0.0,0.5441399608876021,0.4558600391123978,0.0,1.0,244.0,5.0
openbci,loso,11,stroop,stroop:s11:r0,always_nn,0.0,0.9259120476479775,0.07408795235202255,0.0,1.0,244.0,5.0
openbci,loso,11,stroop,stroop:s11:r0,cbsf,0.0,0.6077175483458148,0.3922824516541851,0.0,1.0,244.0,5.0
openbci,loso,11,stroop,stroop:s11:r0,extra_trees,0.0,0.6343264699456016,0.36567353005439845,0.0,1.0,244.0,5.0
openbci,loso,11,stroop,stroop:s11:r0,rf,0.0,0.6661489779920453,0.33385102200795475,0.0,1.0,244.0,5.0
openbci,loso,11,stroop,stroop:s11:r1,always_fuse,0.0,0.4128449867950075,0.5871550132049925,1.0,0.0,113.0,5.0
openbci,loso,11,stroop,stroop:s11:r1,always_nn,0.0,0.3785289856365204,0.6214710143634796,1.0,0.0,113.0,5.0
openbci,loso,11,stroop,stroop:s11:r1,cbsf,0.0,0.4008867454320969,0.5991132545679031,1.0,0.0,113.0,5.0
openbci,loso,11,stroop,stroop:s11:r1,extra_trees,0.0,0.49698988127003674,0.5030101187299633,1.0,0.0,113.0,5.0
openbci,loso,11,stroop,stroop:s11:r1,rf,0.0,0.48976181809641284,0.5102381819035873,1.0,0.0,113.0,5.0
openbci,loso,11,stroop,stroop:s11:r2,always_fuse,1.0,0.4171669846210113,0.5828330153789887,1.0,1.0,130.0,5.0
openbci,loso,11,stroop,stroop:s11:r2,always_nn,1.0,0.3438182488992806,0.6561817511007194,1.0,1.0,130.0,5.0
openbci,loso,11,stroop,stroop:s11:r2,cbsf,1.0,0.39432385331345016,0.6056761466865499,1.0,1.0,130.0,5.0
openbci,loso,11,stroop,stroop:s11:r2,extra_trees,1.0,0.5107148461360249,0.4892851538639751,0.0,0.0,130.0,5.0
openbci,loso,11,stroop,stroop:s11:r2,rf,1.0,0.49752160856720845,0.5024783914327916,1.0,1.0,130.0,5.0
openbci,loso,11,stroop,stroop:s11:r3,always_fuse,1.0,0.4286639620849167,0.5713360379150834,1.0,1.0,185.0,5.0
openbci,loso,11,stroop,stroop:s11:r3,always_nn,1.0,0.3521960879519888,0.6478039120480112,1.0,1.0,185.0,5.0
openbci,loso,11,stroop,stroop:s11:r3,cbsf,1.0,0.4055906665418824,0.5944093334581175,1.0,1.0,185.0,5.0
openbci,loso,11,stroop,stroop:s11:r3,extra_trees,1.0,0.5372481471675169,0.4627518528324832,0.0,0.0,185.0,5.0
openbci,loso,11,stroop,stroop:s11:r3,rf,1.0,0.5261283367974984,0.4738716632025016,0.0,0.0,185.0,5.0
openbci,loso,12,arithmetic,arithmetic:s12:r0,always_fuse,0.0,0.3122078227796039,0.6877921772203961,1.0,0.0,185.0,5.0
openbci,loso,12,arithmetic,arithmetic:s12:r0,always_nn,0.0,0.011812549757315358,0.9881874502426847,1.0,0.0,185.0,5.0
openbci,loso,12,arithmetic,arithmetic:s12:r0,cbsf,0.0,0.26017020610375374,0.7398297938962463,1.0,0.0,185.0,5.0
openbci,loso,12,arithmetic,arithmetic:s12:r0,extra_trees,0.0,0.6239509514501869,0.3760490485498132,0.0,1.0,185.0,5.0
openbci,loso,12,arithmetic,arithmetic:s12:r0,rf,0.0,0.6951217922919936,0.30487820770800655,0.0,1.0,185.0,5.0
openbci,loso,12,arithmetic,arithmetic:s12:r1,always_fuse,0.0,0.36129580785812543,0.6387041921418747,1.0,0.0,116.0,5.0
openbci,loso,12,arithmetic,arithmetic:s12:r1,always_nn,0.0,0.04902568429541289,0.9509743157045871,1.0,0.0,116.0,5.0
openbci,loso,12,arithmetic,arithmetic:s12:r1,cbsf,0.0,0.30227484634564616,0.6977251536543537,1.0,0.0,116.0,5.0
openbci,loso,12,arithmetic,arithmetic:s12:r1,extra_trees,0.0,0.3981485408257585,0.6018514591742414,1.0,0.0,116.0,5.0
openbci,loso,12,arithmetic,arithmetic:s12:r1,rf,0.0,0.40446604379187806,0.595533956208122,1.0,0.0,116.0,5.0
openbci,loso,12,arithmetic,arithmetic:s12:r2,always_fuse,1.0,0.3384220861151892,0.6615779138848109,1.0,1.0,135.0,5.0
openbci,loso,12,arithmetic,arithmetic:s12:r2,always_nn,1.0,0.023943843806910187,0.9760561561930898,1.0,1.0,135.0,5.0
openbci,loso,12,arithmetic,arithmetic:s12:r2,cbsf,1.0,0.2802512009391643,0.7197487990608357,1.0,1.0,135.0,5.0
openbci,loso,12,arithmetic,arithmetic:s12:r2,extra_trees,1.0,0.40051263420587147,0.5994873657941284,1.0,1.0,135.0,5.0
openbci,loso,12,arithmetic,arithmetic:s12:r2,rf,1.0,0.41144021062471225,0.5885597893752877,1.0,1.0,135.0,5.0
openbci,loso,12,arithmetic,arithmetic:s12:r3,always_fuse,1.0,0.37342734180645626,0.6265726581935438,1.0,1.0,219.0,5.0
openbci,loso,12,arithmetic,arithmetic:s12:r3,always_nn,1.0,0.04229084248399759,0.9577091575160024,1.0,1.0,219.0,5.0
openbci,loso,12,arithmetic,arithmetic:s12:r3,cbsf,1.0,0.30847008717350244,0.6915299128264976,1.0,1.0,219.0,5.0
openbci,loso,12,arithmetic,arithmetic:s12:r3,extra_trees,1.0,0.31721753063820507,0.682782469361795,1.0,1.0,219.0,5.0
openbci,loso,12,arithmetic,arithmetic:s12:r3,rf,1.0,0.3486040315733771,0.651395968426623,1.0,1.0,219.0,5.0
openbci,loso,12,stroop,stroop:s12:r0,always_fuse,0.0,0.393483570762922,0.6065164292370779,1.0,0.0,185.0,5.0
openbci,loso,12,stroop,stroop:s12:r0,always_nn,0.0,0.09588288226234018,0.9041171177376597,1.0,0.0,185.0,5.0
openbci,loso,12,stroop,stroop:s12:r0,cbsf,0.0,0.15997338306548303,0.840026616934517,1.0,0.0,185.0,5.0
openbci,loso,12,stroop,stroop:s12:r0,extra_trees,0.0,0.6371517121982968,0.36284828780170314,0.0,1.0,185.0,5.0
openbci,loso,12,stroop,stroop:s12:r0,rf,0.0,0.6413514173406392,0.35864858265936095,0.0,1.0,185.0,5.0
openbci,loso,12,stroop,stroop:s12:r1,always_fuse,0.0,0.33817618563968044,0.6618238143603196,1.0,0.0,123.0,5.0
openbci,loso,12,stroop,stroop:s12:r1,always_nn,0.0,0.050519290807143666,0.9494807091928564,1.0,0.0,123.0,5.0
openbci,loso,12,stroop,stroop:s12:r1,cbsf,0.0,0.08385960718557099,0.9161403928144289,1.0,0.0,123.0,5.0
openbci,loso,12,stroop,stroop:s12:r1,extra_trees,0.0,0.46309592282126344,0.5369040771787364,1.0,0.0,123.0,5.0
openbci,loso,12,stroop,stroop:s12:r1,rf,0.0,0.45273219200645337,0.5472678079935466,1.0,0.0,123.0,5.0
openbci,loso,12,stroop,stroop:s12:r2,always_fuse,1.0,0.318059078318188,0.681940921681812,1.0,1.0,126.0,5.0
openbci,loso,12,stroop,stroop:s12:r2,always_nn,1.0,0.043635693331968976,0.9563643066680311,1.0,1.0,126.0,5.0
openbci,loso,12,stroop,stroop:s12:r2,cbsf,1.0,0.07757431427472772,0.9224256857252723,1.0,1.0,126.0,5.0
openbci,loso,12,stroop,stroop:s12:r2,extra_trees,1.0,0.4233291600912127,0.5766708399087872,1.0,1.0,126.0,5.0
openbci,loso,12,stroop,stroop:s12:r2,rf,1.0,0.43776529753010357,0.5622347024698965,1.0,1.0,126.0,5.0
openbci,loso,12,stroop,stroop:s12:r3,always_fuse,1.0,0.3443027257328621,0.6556972742671379,1.0,1.0,189.0,5.0
openbci,loso,12,stroop,stroop:s12:r3,always_nn,1.0,0.07891179815334001,0.92108820184666,1.0,1.0,189.0,5.0
openbci,loso,12,stroop,stroop:s12:r3,cbsf,1.0,0.11615197378915354,0.8838480262108465,1.0,1.0,189.0,5.0
openbci,loso,12,stroop,stroop:s12:r3,extra_trees,1.0,0.45276109678294807,0.5472389032170519,1.0,1.0,189.0,5.0
openbci,loso,12,stroop,stroop:s12:r3,rf,1.0,0.4606092604467539,0.5393907395532461,1.0,1.0,189.0,5.0
openbci,loso,13,arithmetic,arithmetic:s13:r0,always_fuse,0.0,0.757663605488862,0.24233639451113798,0.0,1.0,180.0,5.0
openbci,loso,13,arithmetic,arithmetic:s13:r0,always_nn,0.0,0.9999808961873414,1.910381265860474e-05,0.0,1.0,180.0,5.0
openbci,loso,13,arithmetic,arithmetic:s13:r0,cbsf,0.0,0.8568846231251609,0.14311537687483908,0.0,1.0,180.0,5.0
openbci,loso,13,arithmetic,arithmetic:s13:r0,extra_trees,0.0,0.8321860749807775,0.16781392501922257,0.0,1.0,180.0,5.0
openbci,loso,13,arithmetic,arithmetic:s13:r0,rf,0.0,0.7917580329364864,0.20824196706351358,0.0,1.0,180.0,5.0
openbci,loso,13,arithmetic,arithmetic:s13:r1,always_fuse,0.0,0.4531331824961763,0.5468668175038237,1.0,0.0,142.0,5.0
openbci,loso,13,arithmetic,arithmetic:s13:r1,always_nn,0.0,0.41187841176804,0.5881215882319599,1.0,0.0,142.0,5.0
openbci,loso,13,arithmetic,arithmetic:s13:r1,cbsf,0.0,0.44420667163918454,0.5557933283608155,1.0,0.0,142.0,5.0
openbci,loso,13,arithmetic,arithmetic:s13:r1,extra_trees,0.0,0.5581897286200062,0.4418102713799938,0.0,1.0,142.0,5.0
openbci,loso,13,arithmetic,arithmetic:s13:r1,rf,0.0,0.5487805713851103,0.4512194286148898,0.0,1.0,142.0,5.0
openbci,loso,13,arithmetic,arithmetic:s13:r2,always_fuse,1.0,0.5276000593726139,0.4723999406273861,0.0,0.0,145.0,5.0
openbci,loso,13,arithmetic,arithmetic:s13:r2,always_nn,1.0,0.8649491407911675,0.13505085920883253,0.0,0.0,145.0,5.0
openbci,loso,13,arithmetic,arithmetic:s13:r2,cbsf,1.0,0.5780970345214389,0.42190296547856104,0.0,0.0,145.0,5.0
openbci,loso,13,arithmetic,arithmetic:s13:r2,extra_trees,1.0,0.631248151533599,0.368751848466401,0.0,0.0,145.0,5.0
openbci,loso,13,arithmetic,arithmetic:s13:r2,rf,1.0,0.6382366430986418,0.36176335690135825,0.0,0.0,145.0,5.0
openbci,loso,13,arithmetic,arithmetic:s13:r3,always_fuse,1.0,0.439237940669022,0.560762059330978,1.0,1.0,203.0,5.0
openbci,loso,13,arithmetic,arithmetic:s13:r3,always_nn,1.0,0.4184486060784185,0.5815513939215815,1.0,1.0,203.0,5.0
openbci,loso,13,arithmetic,arithmetic:s13:r3,cbsf,1.0,0.39261112782236685,0.6073888721776332,1.0,1.0,203.0,5.0
openbci,loso,13,arithmetic,arithmetic:s13:r3,extra_trees,1.0,0.582476719663439,0.417523280336561,0.0,0.0,203.0,5.0
openbci,loso,13,arithmetic,arithmetic:s13:r3,rf,1.0,0.5632033548925389,0.43679664510746113,0.0,0.0,203.0,5.0
openbci,loso,13,stroop,stroop:s13:r0,always_fuse,0.0,0.7143883370225468,0.2856116629774532,0.0,1.0,180.0,5.0
openbci,loso,13,stroop,stroop:s13:r0,always_nn,0.0,0.9983626776008653,0.0016373223991346549,0.0,1.0,180.0,5.0
openbci,loso,13,stroop,stroop:s13:r0,cbsf,0.0,0.8253677983655184,0.1746322016344815,0.0,1.0,180.0,5.0
openbci,loso,13,stroop,stroop:s13:r0,extra_trees,0.0,0.8280037877055364,0.17199621229446363,0.0,1.0,180.0,5.0
openbci,loso,13,stroop,stroop:s13:r0,rf,0.0,0.6912232366209586,0.30877676337904136,0.0,1.0,180.0,5.0
openbci,loso,13,stroop,stroop:s13:r1,always_fuse,0.0,0.4718972154870469,0.5281027845129531,1.0,0.0,91.0,5.0
openbci,loso,13,stroop,stroop:s13:r1,always_nn,0.0,0.6694544956445667,0.33054550435543334,0.0,1.0,91.0,5.0
openbci,loso,13,stroop,stroop:s13:r1,cbsf,0.0,0.5235231251235892,0.47647687487641077,0.0,1.0,91.0,5.0
openbci,loso,13,stroop,stroop:s13:r1,extra_trees,0.0,0.6285273753504261,0.3714726246495738,0.0,1.0,91.0,5.0
openbci,loso,13,stroop,stroop:s13:r1,rf,0.0,0.6129874711986723,0.38701252880132775,0.0,1.0,91.0,5.0
openbci,loso,13,stroop,stroop:s13:r2,always_fuse,1.0,0.517848246493713,0.4821517535062869,0.0,0.0,122.0,5.0
openbci,loso,13,stroop,stroop:s13:r2,always_nn,1.0,0.8243949160840321,0.17560508391596777,0.0,0.0,122.0,5.0
openbci,loso,13,stroop,stroop:s13:r2,cbsf,1.0,0.6114511734569081,0.38854882654309186,0.0,0.0,122.0,5.0
openbci,loso,13,stroop,stroop:s13:r2,extra_trees,1.0,0.7006647386541424,0.2993352613458576,0.0,0.0,122.0,5.0
openbci,loso,13,stroop,stroop:s13:r2,rf,1.0,0.6923843305987561,0.3076156694012439,0.0,0.0,122.0,5.0
openbci,loso,13,stroop,stroop:s13:r3,always_fuse,1.0,0.4881848161663233,0.5118151838336766,1.0,1.0,180.0,5.0
openbci,loso,13,stroop,stroop:s13:r3,always_nn,1.0,0.7677356205827299,0.23226437941727016,0.0,0.0,180.0,5.0
openbci,loso,13,stroop,stroop:s13:r3,cbsf,1.0,0.5567633212405195,0.4432366787594805,0.0,0.0,180.0,5.0
openbci,loso,13,stroop,stroop:s13:r3,extra_trees,1.0,0.6357641463866764,0.36423585361332356,0.0,0.0,180.0,5.0
openbci,loso,13,stroop,stroop:s13:r3,rf,1.0,0.6284708900718856,0.3715291099281145,0.0,0.0,180.0,5.0
openbci,loso,14,arithmetic,arithmetic:s14:r0,always_fuse,0.0,0.7830762922985969,0.21692370770140312,0.0,1.0,155.0,5.0
openbci,loso,14,arithmetic,arithmetic:s14:r0,always_nn,0.0,0.9999971434243493,2.856575650666101e-06,0.0,1.0,155.0,5.0
openbci,loso,14,arithmetic,arithmetic:s14:r0,cbsf,0.0,0.8259483377093411,0.17405166229065894,0.0,1.0,155.0,5.0
openbci,loso,14,arithmetic,arithmetic:s14:r0,extra_trees,0.0,0.8944362439208509,0.10556375607914915,0.0,1.0,155.0,5.0
openbci,loso,14,arithmetic,arithmetic:s14:r0,rf,0.0,0.9154658602945164,0.08453413970548368,0.0,1.0,155.0,5.0
openbci,loso,14,arithmetic,arithmetic:s14:r1,always_fuse,0.0,0.4432761329479151,0.5567238670520849,1.0,0.0,114.0,5.0
openbci,loso,14,arithmetic,arithmetic:s14:r1,always_nn,0.0,0.24662191274115317,0.7533780872588468,1.0,0.0,114.0,5.0
openbci,loso,14,arithmetic,arithmetic:s14:r1,cbsf,0.0,0.4068978431686555,0.5931021568313445,1.0,0.0,114.0,5.0
openbci,loso,14,arithmetic,arithmetic:s14:r1,extra_trees,0.0,0.565350365048414,0.4346496349515861,0.0,1.0,114.0,5.0
openbci,loso,14,arithmetic,arithmetic:s14:r1,rf,0.0,0.5797236348401095,0.4202763651598905,0.0,1.0,114.0,5.0
openbci,loso,14,arithmetic,arithmetic:s14:r2,always_fuse,1.0,0.4124228588071654,0.5875771411928346,1.0,1.0,155.0,5.0
openbci,loso,14,arithmetic,arithmetic:s14:r2,always_nn,1.0,0.16901298513476182,0.8309870148652383,1.0,1.0,155.0,5.0
openbci,loso,14,arithmetic,arithmetic:s14:r2,cbsf,1.0,0.36623898664060206,0.6337610133593979,1.0,1.0,155.0,5.0
openbci,loso,14,arithmetic,arithmetic:s14:r2,extra_trees,1.0,0.5480430632136464,0.4519569367863536,0.0,0.0,155.0,5.0
openbci,loso,14,arithmetic,arithmetic:s14:r2,rf,1.0,0.5271169999212858,0.4728830000787142,0.0,0.0,155.0,5.0
openbci,loso,14,arithmetic,arithmetic:s14:r3,always_fuse,1.0,0.4228767856044606,0.5771232143955394,1.0,1.0,170.0,5.0
openbci,loso,14,arithmetic,arithmetic:s14:r3,always_nn,1.0,0.14689548429976598,0.853104515700234,1.0,1.0,170.0,5.0
openbci,loso,14,arithmetic,arithmetic:s14:r3,cbsf,1.0,0.3719046978266304,0.6280953021733696,1.0,1.0,170.0,5.0
openbci,loso,14,arithmetic,arithmetic:s14:r3,extra_trees,1.0,0.5516106584829326,0.44838934151706744,0.0,0.0,170.0,5.0
openbci,loso,14,arithmetic,arithmetic:s14:r3,rf,1.0,0.5524306010908585,0.44756939890914155,0.0,0.0,170.0,5.0
openbci,loso,15,arithmetic,arithmetic:s15:r0,always_fuse,0.0,0.7510673190358796,0.24893268096412044,0.0,1.0,165.0,5.0
openbci,loso,15,arithmetic,arithmetic:s15:r0,always_nn,0.0,0.9995225049807578,0.0004774950192423088,0.0,1.0,165.0,5.0
openbci,loso,15,arithmetic,arithmetic:s15:r0,cbsf,0.0,0.8039120701347062,0.19608792986529375,0.0,1.0,165.0,5.0
openbci,loso,15,arithmetic,arithmetic:s15:r0,extra_trees,0.0,0.8547199756699755,0.1452800243300245,0.0,1.0,165.0,5.0
openbci,loso,15,arithmetic,arithmetic:s15:r0,rf,0.0,0.916780458944978,0.08321954105502205,0.0,1.0,165.0,5.0
openbci,loso,15,arithmetic,arithmetic:s15:r1,always_fuse,0.0,0.5356944259096381,0.46430557409036183,0.0,1.0,184.0,5.0
openbci,loso,15,arithmetic,arithmetic:s15:r1,always_nn,0.0,0.8026658876308933,0.1973341123691067,0.0,1.0,184.0,5.0
openbci,loso,15,arithmetic,arithmetic:s15:r1,cbsf,0.0,0.5885142002963449,0.4114857997036551,0.0,1.0,184.0,5.0
openbci,loso,15,arithmetic,arithmetic:s15:r1,extra_trees,0.0,0.571174026924503,0.4288259730754969,0.0,1.0,184.0,5.0
openbci,loso,15,arithmetic,arithmetic:s15:r1,rf,0.0,0.6192103912533803,0.38078960874661977,0.0,1.0,184.0,5.0
openbci,loso,15,arithmetic,arithmetic:s15:r2,always_fuse,1.0,0.5525571852707405,0.4474428147292596,0.0,0.0,130.0,5.0
openbci,loso,15,arithmetic,arithmetic:s15:r2,always_nn,1.0,0.8733708055747468,0.12662919442525322,0.0,0.0,130.0,5.0
openbci,loso,15,arithmetic,arithmetic:s15:r2,cbsf,1.0,0.6227437984249495,0.37725620157505046,0.0,0.0,130.0,5.0
openbci,loso,15,arithmetic,arithmetic:s15:r2,extra_trees,1.0,0.5656443303394014,0.43435566966059863,0.0,0.0,130.0,5.0
openbci,loso,15,arithmetic,arithmetic:s15:r2,rf,1.0,0.6162695471565953,0.3837304528434046,0.0,0.0,130.0,5.0
openbci,loso,15,arithmetic,arithmetic:s15:r3,always_fuse,1.0,0.5398532314117847,0.46014676858821535,0.0,0.0,248.0,5.0
openbci,loso,15,arithmetic,arithmetic:s15:r3,always_nn,1.0,0.816973718450797,0.18302628154920297,0.0,0.0,248.0,5.0
openbci,loso,15,arithmetic,arithmetic:s15:r3,cbsf,1.0,0.596939815813703,0.403060184186297,0.0,0.0,248.0,5.0
openbci,loso,15,arithmetic,arithmetic:s15:r3,extra_trees,1.0,0.5665659378661299,0.43343406213387015,0.0,0.0,248.0,5.0
openbci,loso,15,arithmetic,arithmetic:s15:r3,rf,1.0,0.6174287024704609,0.3825712975295391,0.0,0.0,248.0,5.0
